E_GeV,rate_acc,rate_acc_2,rate_sync,rate_bremss,rate_ic_0,rate_ic_1,t_ad_val,Shear,ESC
0.0001,26538.43183291127,2653843.1832911265,7.941672196270736e-06,1.3777821148810875e-11,9.3571689776078e-06,4.654404733045822e-06,2.5644281045607416e-06,5.481009647937757e-16,6.5681329376139816e+16
0.00010423606739764012,26538.43183291127,2653843.1832911265,7.941672196270736e-06,1.3777821148810875e-11,9.3571689776078e-06,4.654404733045822e-06,2.5644281045607416e-06,5.481009647937757e-16,6.5681329376139816e+16
0.00010865157746525384,26538.43183291127,2653843.1832911265,7.941672196270736e-06,1.3777821148810875e-11,9.3571689776078e-06,4.654404733045822e-06,2.5644281045607416e-06,5.481009647937757e-16,6.5681329376139816e+16
0.00011325413151528115,26538.43183291127,2653843.1832911265,7.941672196270736e-06,1.3777821148810875e-11,9.3571689776078e-06,4.654404733045822e-06,2.5644281045607416e-06,5.481009647937757e-16,6.5681329376139816e+16
0.00011805165285688056,26538.43183291127,2653843.1832911265,7.941672196270736e-06,1.3777821148810875e-11,9.3571689776078e-06,4.654404733045822e-06,2.5644281045607416e-06,5.481009647937757e-16,6.5681329376139816e+16
0.00012305240043592616,26538.43183291127,2653843.1832911265,7.941672196270736e-06,1.3777821148810875e-11,9.3571689776078e-06,4.654404733045822e-06,2.5644281045607416e-06,5.481009647937757e-16,6.5681329376139816e+16
0.000128264983052806,26538.43183291127,2653843.1832911265,7.941672196270736e-06,1.3777821148810875e-11,9.3571689776078e-06,4.654404733045822e-06,2.5644281045607416e-06,5.481009647937757e-16,6.5681329376139816e+16
0.00013369837418249466,26538.43183291127,2653843.1832911265,7.941672196270736e-06,1.3777821148810875e-11,9.3571689776078e-06,4.654404733045822e-06,2.5644281045607416e-06,5.481009647937757e-16,6.5681329376139816e+16
0.0001393619274224142,26538.43183291127,2653843.1832911265,7.941672196270736e-06,1.3777821148810875e-11,9.3571689776078e-06,4.654404733045822e-06,2.5644281045607416e-06,5.481009647937757e-16,6.5681329376139816e+16
0.00014526539259467812,26538.43183291127,2653843.1832911265,7.941672196270736e-06,1.3777821148810875e-11,9.3571689776078e-06,4.654404733045822e-06,2.5644281045607416e-06,5.481009647937757e-16,6.5681329376139816e+16
0.0001514189325304352,26538.43183291127,2653843.1832911265,7.941672196270736e-06,1.3777821148810875e-11,9.3571689776078e-06,4.654404733045822e-06,2.5644281045607416e-06,5.481009647937757e-16,6.5681329376139816e+16
0.0001578331405652118,26538.43183291127,2653843.1832911265,7.941672196270736e-06,1.3777821148810875e-11,9.3571689776078e-06,4.654404733045822e-06,2.5644281045607416e-06,5.481009647937757e-16,6.5681329376139816e+16
0.00016451905877536624,26538.43183291127,2653843.1832911265,7.941672196270736e-06,1.3777821148810875e-11,9.3571689776078e-06,4.654404733045822e-06,2.5644281045607416e-06,5.481009647937757e-16,6.5681329376139816e+16
0.00017148819698705392,26538.43183291127,2653843.1832911265,7.941672196270736e-06,1.3777821148810875e-11,9.3571689776078e-06,4.654404733045822e-06,2.5644281045607416e-06,5.481009647937757e-16,6.5681329376139816e+16
0.00017875255259042355,26538.43183291127,2653843.1832911265,7.941672196270736e-06,1.3777821148810875e-11,9.3571689776078e-06,4.654404733045822e-06,2.5644281045607416e-06,5.481009647937757e-16,6.5681329376139816e+16
0.00018632463119315598,26538.43183291127,2653843.1832911265,7.941672196270736e-06,1.3777821148810875e-11,9.3571689776078e-06,4.654404733045822e-06,2.5644281045607416e-06,5.481009647937757e-16,6.5681329376139816e+16
0.00019421746814890265,26538.43183291127,2653843.1832911265,7.941672196270736e-06,1.3777821148810875e-11,9.3571689776078e-06,4.654404733045822e-06,2.5644281045607416e-06,5.481009647937757e-16,6.5681329376139816e+16
0.00020244465099768038,26538.43183291127,2653843.1832911265,7.941672196270736e-06,1.3777821148810875e-11,9.3571689776078e-06,4.654404733045822e-06,2.5644281045607416e-06,5.481009647937757e-16,6.5681329376139816e+16
0.00021102034285685965,26538.43183291127,2653843.1832911265,7.941672196270736e-06,1.3777821148810875e-11,9.3571689776078e-06,4.654404733045822e-06,2.5644281045607416e-06,5.481009647937757e-16,6.5681329376139816e+16
0.0002199593068030075,26538.43183291127,2653843.1832911265,7.941672196270736e-06,1.3777821148810875e-11,9.3571689776078e-06,4.654404733045822e-06,2.5644281045607416e-06,5.481009647937757e-16,6.5681329376139816e+16
0.00022927693128656486,26538.43183291127,2653843.1832911265,7.941672196270736e-06,1.3777821148810875e-11,9.3571689776078e-06,4.654404733045822e-06,2.5644281045607416e-06,5.481009647937757e-16,6.5681329376139816e+16
0.00023898925662310503,26538.43183291127,2653843.1832911265,7.941672196270736e-06,1.3777821148810875e-11,9.3571689776078e-06,4.654404733045822e-06,2.5644281045607416e-06,5.481009647937757e-16,6.5681329376139816e+16
0.00024911300260677886,26538.43183291127,2653843.1832911265,7.941672196270736e-06,1.3777821148810875e-11,9.3571689776078e-06,4.654404733045822e-06,2.5644281045607416e-06,5.481009647937757e-16,6.5681329376139816e+16
0.00025966559729348725,26538.43183291127,2653843.1832911265,7.941672196270736e-06,1.3777821148810875e-11,9.3571689776078e-06,4.654404733045822e-06,2.5644281045607416e-06,5.481009647937757e-16,6.5681329376139816e+16
0.0002706652070033241,26538.43183291127,2653843.1832911265,7.941672196270736e-06,1.3777821148810875e-11,9.3571689776078e-06,4.654404733045822e-06,2.5644281045607416e-06,5.481009647937757e-16,6.5681329376139816e+16
0.0002821307675939471,26538.43183291127,2653843.1832911265,7.941672196270736e-06,1.3777821148810875e-11,9.3571689776078e-06,4.654404733045822e-06,2.5644281045607416e-06,5.481009647937757e-16,6.5681329376139816e+16
0.00029408201705870637,26538.43183291127,2653843.1832911265,7.941672196270736e-06,1.3777821148810875e-11,9.3571689776078e-06,4.654404733045822e-06,2.5644281045607416e-06,5.481009647937757e-16,6.5681329376139816e+16
0.0003065395295056527,26538.43183291127,2653843.1832911265,7.941672196270736e-06,1.3777821148810875e-11,9.3571689776078e-06,4.654404733045822e-06,2.5644281045607416e-06,5.481009647937757e-16,6.5681329376139816e+16
0.00031952475057592136,26538.43183291127,2653843.1832911265,7.941672196270736e-06,1.3777821148810875e-11,9.3571689776078e-06,4.654404733045822e-06,2.5644281045607416e-06,5.481009647937757e-16,6.5681329376139816e+16
0.0003330600343624589,26538.43183291127,2653843.1832911265,7.941672196270736e-06,1.3777821148810875e-11,9.3571689776078e-06,4.654404733045822e-06,2.5644281045607416e-06,5.481009647937757e-16,6.5681329376139816e+16
0.00034716868189265597,26538.43183291127,2653843.1832911265,7.941672196270736e-06,1.3777821148810875e-11,9.3571689776078e-06,4.654404733045822e-06,2.5644281045607416e-06,5.481009647937757e-16,6.5681329376139816e+16
0.00036187498124112805,26538.43183291127,2653843.1832911265,7.941672196270736e-06,1.3777821148810875e-11,9.3571689776078e-06,4.654404733045822e-06,2.5644281045607416e-06,5.481009647937757e-16,6.5681329376139816e+16
0.00037720424934169976,26538.43183291127,2653843.1832911265,7.941672196270736e-06,1.3777821148810875e-11,9.3571689776078e-06,4.654404733045822e-06,2.5644281045607416e-06,5.481009647937757e-16,6.5681329376139816e+16
0.00039318287557057704,26538.43183291127,2653843.1832911265,7.941672196270736e-06,1.3777821148810875e-11,9.3571689776078e-06,4.654404733045822e-06,2.5644281045607416e-06,5.481009647937757e-16,6.5681329376139816e+16
0.0004098383671757261,26538.43183291127,2653843.1832911265,7.941672196270736e-06,1.3777821148810875e-11,9.3571689776078e-06,4.654404733045822e-06,2.5644281045607416e-06,5.481009647937757e-16,6.5681329376139816e+16
0.00042719939663067764,26538.43183291127,2653843.1832911265,7.941672196270736e-06,1.3777821148810875e-11,9.3571689776078e-06,4.654404733045822e-06,2.5644281045607416e-06,5.481009647937757e-16,6.5681329376139816e+16
0.0004452958509942655,26538.43183291127,2653843.1832911265,7.941672196270736e-06,1.3777821148810875e-11,9.3571689776078e-06,4.654404733045822e-06,2.5644281045607416e-06,5.481009647937757e-16,6.5681329376139816e+16
0.00046415888336127773,26538.43183291127,2653843.1832911265,7.941672196270736e-06,1.3777821148810875e-11,9.3571689776078e-06,4.654404733045822e-06,2.5644281045607416e-06,5.481009647937757e-16,6.5681329376139816e+16
0.00048382096649259574,26538.43183291127,2653843.1832911265,7.941672196270736e-06,1.3777821148810875e-11,9.3571689776078e-06,4.654404733045822e-06,2.5644281045607416e-06,5.481009647937757e-16,6.5681329376139816e+16
0.0005043159487171359,26538.43183291127,2653843.1832911265,7.941672196270736e-06,1.3777821148810875e-11,9.3571689776078e-06,4.654404733045822e-06,2.5644281045607416e-06,5.481009647937757e-16,6.5681329376139816e+16
0.0005256791122018419,32567.990636893002,3256799.0636893,6.471370265665373e-06,1.1843670564392922e-11,7.35103416503629e-06,3.6605583238521734e-06,2.5644281045607416e-06,4.466268814034572e-16,8.060419446065461e+16
0.0005479472336900287,36385.35967376751,3638535.967376751,5.792426627350544e-06,1.0796592273744617e-11,6.393292502484685e-06,3.1854691039152154e-06,2.5644281045607416e-06,3.9976903408816526e-16,9.005199735420363e+16
0.0005711586478126435,39294.988294371,3929498.8294371,5.36352179675414e-06,1.0069826182337066e-11,5.775386783659832e-06,2.8786151568873104e-06,2.5644281045607416e-06,3.7016781841912877e-16,9.72531868214389e+16
0.000595353313081437,41764.44347920742,4176444.347920741,5.046386559059145e-06,9.494044155099338e-12,5.31105825192074e-06,2.6478407249887587e-06,2.5644281045607416e-06,3.482804720952206e-16,1.0336496842165046e+17
0.0006205728806776501,43942.38407193327,4394238.407193326,4.796269721621072e-06,9.01381312692053e-12,4.939942830068401e-06,2.4632598067541718e-06,2.5644281045607416e-06,3.3101845516440974e-16,1.0875526557007093e+17
0.0006468607661546328,45895.95471015743,4589595.471015742,4.592115526325756e-06,8.602888684607935e-12,4.633460286898046e-06,2.310763441863062e-06,2.5644281045607416e-06,3.1692858735790363e-16,1.135902579824572e+17
0.0006742622241778342,47660.37440480795,4766037.440480795,4.422112265211167e-06,8.246514430448328e-12,4.375485778465213e-06,2.1824113202745675e-06,2.5644281045607416e-06,3.0519567404542146e-16,1.1795711099968675e+17
0.0007028244264308353,49255.56210931098,4925556.210931097,4.278898000439567e-06,7.93549901146338e-12,4.156009281305087e-06,2.073255421866603e-06,2.5644281045607416e-06,2.953116251003636e-16,1.2190512306369642e+17
0.000732596542821523,50693.214210702004,5069321.421070199,4.157549082290457e-06,7.663709698364797e-12,3.968788213304969e-06,1.9800633853333667e-06,2.5644281045607416e-06,2.869366308333576e-16,1.2546324216411218e+17
0.0007636298261282241,51980.316798505075,5198031.6798505075,4.054602572682261e-06,7.426843267236509e-12,3.809066641150501e-06,1.900496271114796e-06,2.5644281045607416e-06,2.7983169375664225e-16,1.2864875853307622e+17
0.0007959777002314986,53121.09204235596,5312109.204235596,3.967529998291622e-06,7.221757885269586e-12,3.673147023128305e-06,1.8327940948246128e-06,2.5644281045607416e-06,2.7382230922765124e-16,1.314721218352965e+17
0.0008296958520834907,54118.17144241725,5411817.144241725,3.894431770376974e-06,7.046081035103867e-12,3.5584935110775736e-06,1.7756769252144931e-06,2.5644281045607416e-06,2.687773755846399e-16,1.3393984490582e+17
0.0008648423275731727,54973.35030508701,5497335.030508701,3.8338490386778346e-06,6.897965383243143e-12,3.463119828344297e-06,1.7281497526535283e-06,2.5644281045607416e-06,2.645962090905439e-16,1.3605637104075413e+17
0.0009014776314524918,55688.096489175245,5568809.648917524,3.784642311504137e-06,6.775929474158741e-12,3.3854062053911714e-06,1.6894170253723994e-06,2.5644281045607416e-06,2.612001667997387e-16,1.3782533311933558e+17
0.000939664831495469,56263.90388642062,5626390.3886420615,3.7459101068691532e-06,6.6787498284460945e-12,3.324076331912263e-06,1.6588467076179466e-06,2.5644281045607416e-06,2.585270321998249e-16,1.3925042845103448e+17
0.0009794696670695395,56702.54063402204,5670254.063402204,3.716932678208778e-06,6.605385687734034e-12,3.2781024170512372e-06,1.635928854453976e-06,2.5644281045607416e-06,2.5652713139638298e-16,1.4033603308951046e+17
0.0010209606623060466,57006.22112579747,5700622.112579747,3.6971320332734877e-06,6.5549253565858335e-12,3.2466420797204174e-06,1.6202452457365755e-06,2.5644281045607416e-06,2.5516057378428856e-16,1.4108762755187333e+17
0.0010642092440647246,57177.71965523931,5717771.96552393,3.6860428763312056e-06,6.526547355603522e-12,3.229013902130489e-06,1.6114549200938882e-06,2.5644281045607416e-06,2.543952466002142e-16,1.4151207807972341e+17
0.0011092898648952228,57220.43737217147,5722043.737217147,3.6832910739434194e-06,6.519492061443074e-12,3.22463768990236e-06,1.609272682078671e-06,2.5644281045607416e-06,2.5420532872065526e-16,1.416178023536249e+17
0.0011562801312073755,57138.430853608304,5713843.08536083,3.688577426286605e-06,6.533040982141986e-12,3.233044014733997e-06,1.613464558616388e-06,2.5644281045607416e-06,2.545701706264821e-16,1.4141484020459322e+17
0.0012052609368708425,56936.40875168242,5693640.875168242,3.701665258503504e-06,6.5665017245461046e-12,3.253847777593118e-06,1.6238375274957873e-06,2.5644281045607416e-06,2.554734380099571e-16,1.4091484531787957e+17
0.0012563166024741215,56619.70200079487,5661970.200079486,3.722370813910304e-06,6.619197286122136e-12,3.2867363811539376e-06,1.640232955488056e-06,2.5644281045607416e-06,2.569024487541159e-16,1.4013101149711493e+17
0.0013095350204826678,56194.21254173959,5619421.254173959,3.7505557367408786e-06,6.690458677157949e-12,3.331439748681017e-06,1.662517185845682e-06,2.5644281045607416e-06,2.588476541232484e-16,1.3907794575900952e+17
0.0013650078065460137,55666.345212155604,5566634.52121556,3.786121136870237e-06,6.77962012805932e-12,3.3877450257129632e-06,1.690582768660934e-06,2.5644281045607416e-06,2.613022291349609e-16,1.3777149976553104e+17
0.001422830457214352,55042.927215910655,5504292.721591065,3.829002868857885e-06,6.886016306399249e-12,3.455475905369492e-06,1.7243402082205122e-06,2.5644281045607416e-06,2.6426174673951463e-16,1.3622857051454197e+17
0.0014831025143361043,54331.11933562159,5433111.933562159,3.879167755004736e-06,7.008981088065429e-12,3.5344960728095254e-06,1.7637190651733512e-06,2.5644281045607416e-06,2.6772391715102704e-16,1.344668805951015e+17
0.0015459277364194785,53538.32274988242,5353832.2749882415,3.936610551000508e-06,7.147847514143429e-12,3.6247065564746653e-06,1.8086647535467283e-06,2.5644281045607416e-06,2.7168837842915916e-16,1.325047475646322e+17
0.0016114142772530198,52672.084945034374,5267208.494503438,4.001351502223511e-06,7.3019486313721e-12,3.726031782084033e-06,1.8591356317734932e-06,2.5644281045607416e-06,2.7615652782515887e-16,1.303608510851224e+17
0.0016796748720926532,51740.00777423082,5174000.777423081,4.073434374801674e-06,7.470618966284305e-12,3.838355888829852e-06,1.9150884467670556e-06,2.5644281045607416e-06,2.811313858939357e-16,1.2805400537377906e+17
0.0017508270317357234,50749.66022957054,5074966.022957053,4.152924872140394e-06,7.653196426024938e-12,3.961630344434247e-06,1.97649916918722e-06,2.5644281045607416e-06,2.866174872094431e-16,1.256029433182956e+17
0.0018249932448161524,49708.497977948486,4970849.797794848,4.239909367479864e-06,7.849024455130562e-12,4.095964808223347e-06,2.04338090981951e-06,2.5644281045607416e-06,2.9262079289109176e-16,1.2302611733199205e+17
0.0019023011886689458,48623.791191789074,4862379.119178907,4.334493898033353e-06,8.05745430897131e-12,4.241440759279452e-06,2.115742802315438e-06,2.5644281045607416e-06,2.9914862118338493e-16,1.2034152073838635e+17
0.001982883949127071,47502.561704648564,4750256.170464856,4.436803377688847e-06,8.277847332107123e-12,4.3978978530076195e-06,2.1935566292026236e-06,2.5644281045607416e-06,3.0620959311988185e-16,1.1756653223436376e+17
0.0020668802496290823,46351.53005819256,4635153.0058192555,4.5469809940568775e-06,8.509577154073636e-12,4.565235798586308e-06,2.276813473875287e-06,2.5644281045607416e-06,3.1381359090996354e-16,1.1471778483401883e+17
0.002154434690031882,45177.072596068465,4517707.259606846,4.665187762484614e-06,8.752031736420425e-12,4.743561850897625e-06,2.365546259760012e-06,2.5644281045607416e-06,3.2197172715875264e-16,1.1181105967807445e+17
0.002245697995539774,43985.1884114449,4398518.84114449,4.791602215013321e-06,9.004615223372885e-12,4.932971902761695e-06,2.459792115625605e-06,2.5644281045607416e-06,3.3069632340025926e-16,1.0886120423064787e+17
0.0023408272761782944,42781.47567325486,4278147.567325486,4.9264202064870674e-06,9.266749564422503e-12,5.1336513671208826e-06,2.5596098731386578e-06,2.5644281045607416e-06,3.4000089671581594e-16,1.0588207368785266e+17
0.00243998629725955,41571.11664179739,4157111.6641797386,5.0698548233883854e-06,9.537875890603072e-12,5.345647946835356e-06,2.665039230106433e-06,2.5644281045607416e-06,3.4990015344229667e-16,1.0288649389214086e+17
0.002543345761304648,40358.87053406913,4035887.0534069124,5.222136383676644e-06,9.817455637329013e-12,5.569172975623905e-06,2.776157406141719e-06,2.5644281045607416e-06,3.604099891609618e-16,9.988624367434536e+16
0.0026510836019085363,39149.07330707208,3914907.330707208,5.383512518085199e-06,1.0104971415627279e-11,5.80445605203044e-06,2.893050824209692e-06,2.5644281045607416e-06,3.715474943082472e-16,9.689205431737696e+16
0.00276338529005317,37945.64338568892,3794564.3385688914,5.554248325106669e-06,1.0399927640580834e-11,6.05153810079697e-06,3.0157801626124665e-06,2.5644281045607416e-06,3.833309648721992e-16,9.391362373243765e+16
0.002880444153396298,36752.09236196323,3675209.236196323,5.73462659334695e-06,1.0701850931029886e-11,6.310617520545288e-06,3.1444383744564593e-06,2.5644281045607416e-06,3.9577991773841714e-16,9.095964293921928e+16
0.003002461709085549,35571.53972599571,3557153.9725995706,5.924948086124999e-06,1.1010290298270346e-11,6.582232604643516e-06,3.2791938900045138e-06,2.5644281045607416e-06,4.0891511033193984e-16,8.803783252415576e+16
0.0031296480106707504,34406.73074677638,3440673.074677638,6.1255318841882125e-06,1.1324817143870932e-11,6.866380826210689e-06,3.4201200588562116e-06,2.5644281045607416e-06,4.227585642700253e-16,8.51549868946144e+16
0.00326222200971167,33260.05669647175,3326005.669647175,6.336715783242039e-06,1.164502508801779e-11,7.163075657283361e-06,3.5673066140692756e-06,2.5644281045607416e-06,4.3733359279798027e-16,8.231702433302365e+16
0.0034004119327037063,32133.57669731162,3213357.6697311616,6.558856743690484e-06,1.1970529650196932e-11,7.472704397904115e-06,3.720913927994886e-06,2.5644281045607416e-06,4.526648318283676e-16,7.952904106685662e+16
0.0035444556739704356,31029.04056073026,3102904.056073026,6.792331390574503e-06,1.2300967803725093e-11,7.795768466992132e-06,3.881134769126513e-06,2.5644281045607416e-06,4.687782744446607e-16,7.679536779439594e+16
0.0036946012051993025,29947.91207936307,2994791.2079363065,7.037536562199634e-06,1.263599742481031e-11,8.132736569227531e-06,4.048165708408312e-06,2.5644281045607416e-06,4.857013087652245e-16,7.41196273312936e+16
0.003851107002325569,28891.39232050624,2889139.2320506237,7.294889906377648e-06,1.2975296655609793e-11,8.484199184438012e-06,4.222232699937492e-06,2.5644281045607416e-06,5.0346275909342e-16,7.150479226075195e+16
0.004014242490499322,27860.442552287263,2786044.255228726,7.564830523582436e-06,1.3318563199278469e-11,8.850064449091273e-06,4.4034452852352e-06,2.5644281045607416e-06,5.220929303055293e-16,6.895324167468187e+16
0.004184288507901585,26855.806509455422,2685580.650945542,7.847819656648674e-06,1.3665513563372096e-11,9.231225650524218e-06,4.592105726980368e-06,2.5644281045607416e-06,5.4162365545087e-16,6.6466816280452344e+16
0.004361537789208006,25878.031773463394,2587803.1773463394,8.144341426931117e-06,1.401588226626549e-11,9.628291025914884e-06,4.788477002654829e-06,2.5644281045607416e-06,5.620883465584286e-16,6.4046871315553656e+16
0.0045462954695324,24927.490100988263,2492749.010098826,8.4549036170995e-06,1.4369421019535665e-11,1.0041354687930464e-05,4.992725727116008e-06,2.5644281045607416e-06,5.835220486620851e-16,6.169432685969924e+16
0.004738879609717651,24004.396586261402,2400439.65862614,8.780038500975403e-06,1.4725897897591526e-11,1.047082697621601e-05,5.205094450700894e-06,2.5644281045607416e-06,6.059614970724813e-16,5.940971526066104e+16
0.004939621743878321,23108.827585879837,2310882.7585879834,9.12030372102641e-06,1.5085096504240893e-11,1.0917199588125037e-05,5.425845285028555e-06,2.5644281045607416e-06,6.294451779379921e-16,5.719322549730682e+16
0.005148867450137497,22240.73737068712,2224073.737068712,9.476283214325205e-06,1.544681514439906e-11,1.1381731069503146e-05,5.655399714213329e-06,2.5644281045607416e-06,6.540133921505468e-16,5.504474439219616e+16
0.005366976945540476,21399.97349851085,2139997.349851085,9.84858818795844e-06,1.58108660077744e-11,1.1865003043482193e-05,5.894053376289868e-06,2.5644281045607416e-06,6.797083226642642e-16,5.296389465835903e+16
0.005594325706169377,20586.29092475214,2058629.0924752136,1.023785814503616e-05,1.6177074370125096e-11,1.2367473820413345e-05,6.1421022398339075e-06,2.5644281045607416e-06,7.065741053063278e-16,5.095006982231903e+16
0.005831305113526219,19799.364885788622,1979936.4885788618,1.0644761962608931e-05,1.6545277816569053e-11,1.2890342241350062e-05,6.399980717397043e-06,2.5644281045607416e-06,7.346569031703136e-16,4.900246610988997e+16
0.00607832312829723,19038.8026036079,1903880.2603607897,1.1069999022948965e-05,1.691532549044417e-11,1.3433520129497718e-05,6.6678954877645256e-06,2.5644281045607416e-06,7.640049846924756e-16,4.712011141457485e+16
0.006335804992658254,18304.153869722246,1830415.3869722246,1.1514300399795305e-05,1.7287077370354763e-11,1.3998070828192577e-05,6.94627147709325e-06,2.5644281045607416e-06,7.946688055214233e-16,4.530189149224063e+16
0.006604193962330305,17594.9205728678,1759492.0572867796,1.1978430101302009e-05,1.7660403577292675e-11,1.4584810563746804e-05,7.235510804998317e-06,2.5644281045607416e-06,8.267010943012005e-16,4.354657354171077e+16
0.0068839520696454964,16910.56523883147,1691056.523883147,1.2463186371564553e-05,1.8035183713082073e-11,1.5195049098713735e-05,7.536118544273644e-06,2.5644281045607416e-06,8.601569424971884e-16,4.185282734042186e+16
0.007175560918936921,16250.518652485103,1625051.8652485101,1.29694030527344e-05,1.8411306230855047e-11,1.5828748460120763e-05,7.84834696259819e-06,2.5644281045607416e-06,8.950938984035514e-16,4.021924410858789e+16
0.007479522515621821,15614.186632181045,1561418.6632181043,1.3497951009864293e-05,1.8788667837810226e-11,1.6488443719369867e-05,8.172949352584308e-06,2.5644281045607416e-06,9.315720654800908e-16,3.864435327550016e+16
0.0077963601304052365,15000.956025449846,1500095.6025449845,1.40497396207611e-05,1.91671729301322e-11,1.7174072897744693e-05,8.510208472748255e-06,2.5644281045607416e-06,9.696542051756546e-16,3.712663731858775e+16
0.008126619200091945,14410.199992764205,1441019.9992764203,1.4625718333256052e-05,1.9546733059642234e-11,1.788696364667925e-05,8.860671503430431e-06,2.5644281045607416e-06,1.009405844404406e-15,3.5664544840476516e+16
0.008470868266557402,13841.282643253595,1384128.2643253594,1.5226878292438045e-05,1.9927266431506257e-11,1.862670739169344e-05,9.224569707908275e-06,2.5644281045607416e-06,1.0508953878506544e-15,3.425650204215765e+16
0.008829699955494083,13293.5630828948,1329356.30828948,1.585425404053243e-05,2.0308697432132903e-11,1.939621046401064e-05,9.602772043330076e-06,2.5644281045607416e-06,1.0941942352873721e-15,3.2900922742062508e+16
0.00920373199661822,12766.39893203866,1276639.893203866,1.6508925292247745e-05,2.0690956186247535e-11,2.019623584768144e-05,9.995772630879279e-06,2.5644281045607416e-06,1.1393769041031929e-15,3.1596217081770424e+16
0.009593608287093146,12259.14936530682,1225914.9365306818,1.719201878855506e-05,2.107397814201929e-11,2.102774029460875e-05,1.0404096020366992e-05,2.5644281045607416e-06,1.186521157242501e-15,3.0340799049605424e+16
0.01,11771.177723013165,1177117.7723013163,1.7904710232011332e-05,2.14577036830427e-11,2.18926441289647e-05,1.0828482752626083e-05,2.5644281045607416e-06,1.235708136773346e-15,2.913309294377749e+16
0.01042360673976401,11301.853739420232,1130185.3739420231,1.864822630688807e-05,2.1842077765927034e-11,2.27919384653511e-05,1.1269485636736559e-05,2.5644281045607416e-06,1.2870225033082664e-15,2.797153888720881e+16
0.010865157746525383,10850.555429394486,1085055.5429394485,1.9423846787520542e-05,2.222704958222052e-11,2.3726875406856145e-05,1.1727729409062026e-05,2.5644281045607416e-06,1.3405525815137229e-15,2.6854597496913984e+16
0.011325413151528114,10416.67067142182,1041667.0671421819,2.023290673845313e-05,2.2612572243390355e-11,2.4697499654727628e-05,1.2203640426014119e-05,2.5644281045607416e-06,1.3963905119549203e-15,2.5780753801886464e+16
0.011805165285688056,9999.598521519942,999959.852151994,2.1076798810120846e-05,2.2998602487587637e-11,2.5706227330773974e-05,1.2698103616507096e-05,2.5644281045607416e-06,1.4546324095341341e-15,2.474852049496786e+16
0.012305240043592616,9598.750289358202,959875.0289358201,2.195697563397595e-05,2.3385100406946047e-11,2.6755679605810586e-05,1.3212052969246285e-05,2.5644281045607416e-06,1.515378528792323e-15,2.3756440596192228e+16
0.012826498305280598,9213.550404877458,921355.0404877457,2.2874952321147127e-05,2.3772029194194304e-11,2.784611794710325e-05,1.3745991834953399e-05,2.5644281045607416e-06,1.578733436356121e-15,2.280308959762815e+16
0.013369837418249465,8843.437100901716,884343.7100901714,2.3832309068898978e-05,2.4159354907398536e-11,2.8980723525263587e-05,1.4301014934935129e-05,2.5644281045607416e-06,1.6448061908247609e-15,2.1887077152809348e+16
0.013936192742241421,8487.862934644927,848786.2934644925,2.4830693879350958e-05,2.4547046251694303e-11,3.0159908152738547e-05,1.4877671961354727e-05,2.5644281045607416e-06,1.7137105304046727e-15,2.1007048367438708e+16
0.014526539259467812,8146.2951686388715,814629.5168638871,2.5871825395110563e-05,2.4935074376914174e-11,3.138653553684203e-05,1.5477020498191463e-05,2.5644281045607416e-06,1.785565068613012e-15,2.016168474216625e+16
0.01514189325304352,7818.216029432678,781821.6029432678,2.6957495856679623e-05,2.5323412690065886e-11,3.2661362397497995e-05,1.6099745193887455e-05,2.5644281045607416e-06,1.860493498385464e-15,1.934970481285787e+16
0.01578331405652118,7503.122860431317,750312.2860431317,2.8089574186706328e-05,2.5712036681667497e-11,3.398495789502276e-05,1.6746515512302976e-05,2.5644281045607416e-06,1.938624804938401e-15,1.8569864528863228e+16
0.016451905877536626,7200.528183440482,720052.8183440482,2.92700092063739e-05,2.6100923764996268e-11,3.5361082529475044e-05,1.741860690560445e-05,2.5644281045607416e-06,2.020093487750564e-15,1.7820957405336278e+16
0.01714881969870539,6909.959681854064,690995.9681854064,3.0500832989449098e-05,2.6490053127360393e-11,3.679129438854878e-05,1.8116902195783556e-05,2.5644281045607416e-06,2.105039792045449e-15,1.7101814481625122e+16
0.017875255259042353,6630.960116949065,663096.0116949065,3.1784164359750215e-05,2.6879405592552558e-11,3.828082751936303e-05,1.8843020979364526e-05,2.5644281045607416e-06,2.1936099501719032e-15,1.6411304114105992e+16
0.018632463119315597,6363.087187426912,636308.7187426911,3.3122212538043824e-05,2.726896349369428e-11,3.9826602139457966e-05,1.9597019888740925e-05,2.5644281045607416e-06,2.2859564332976686e-15,1.5748331628554802e+16
0.019421746814890263,6105.913341149052,610591.3341149052,3.451728094463841e-05,2.7658710555728257e-11,4.143379040149812e-05,2.0380531073232507e-05,2.5644281045607416e-06,2.382238213848479e-15,1.5111838854201908e+16
0.020244465099768037,5859.025546947323,585902.5546947322,3.5971771164211405e-05,2.8048631786862137e-11,4.310830174054085e-05,2.1195351953362822e-05,2.5644281045607416e-06,2.4826210391438145e-15,1.4500803558973858e+16
0.021102034285685942,5622.025033433955,562202.5033433954,3.748818707968735e-05,2.8438713378312337e-11,4.484677560129223e-05,2.204160373944692e-05,2.5644281045607416e-06,2.5872777166998707e-15,1.3914238803060844e+16
0.021995930680300747,5394.527000883354,539452.7000883354,3.9069139182275996e-05,2.882894261173857e-11,4.6652514696241444e-05,2.2920647264229035e-05,2.5644281045607416e-06,2.696388411690339e-15,1.33511922258381e+16
0.022927693128656487,5176.160311496946,517616.0311496945,4.0717349065084505e-05,2.921930777380128e-11,4.8528719400743824e-05,2.383384691437168e-05,2.5644281045607416e-06,2.8101409570767116e-15,1.2810745279286454e+16
0.023898925662310503,4966.5671626859385,496656.71626859385,4.243565410803346e-05,2.9609798077312004e-11,5.048039941570205e-05,2.478296152763296e-05,2.5644281045607416e-06,2.9287311769415645e-15,1.2292012419383034e+16
0.024911300260677883,4765.4027474053755,476540.27474053745,4.4227012362136687e-05,3.0000403588483636e-11,5.250968877593913e-05,2.5769206927320294e-05,2.5644281045607416e-06,3.0523632235811027e-15,1.1794140265444546e+16
0.025966559729348696,4572.334905039263,457233.49050392624,4.60945076415499e-05,3.039111515982216e-11,5.4617909212856e-05,2.6793703675685716e-05,2.5644281045607416e-06,3.1812499289370436e-15,1.1316306736084938e+16
0.027066520700332414,4387.043765864366,438704.3765864366,4.804135483214909e-05,3.0781924368233255e-11,5.6809114361741225e-05,2.7858129605221476e-05,2.5644281045607416e-06,3.315613170972461e-15,1.0857720169280572e+16
0.028213076759394707,4209.22139170203,420922.13917020295,5.0070905425774124e-05,3.11728234579482e-11,5.909160747637755e-05,2.896495407216637e-05,2.5644281045607416e-06,3.4556842556221164e-15,1.0417618433000914e+16
0.029408201705870638,4038.571414998219,403857.1414998219,5.218665328966346e-05,3.1563805287902136e-11,6.146316552978719e-05,3.0114746884197e-05,2.5644281045607416e-06,3.601704314974687e-15,9995268031949204.0
0.030653952950565267,3874.808678246866,387480.8678246866,5.4392240681006866e-05,3.1954863283223727e-11,6.392422539424898e-05,3.13086097576443e-05,2.5644281045607416e-06,3.7539247223720085e-15,9589963215152734.0
0.03195247505759213,3717.658875384444,371765.88753844437,5.66914645169705e-05,3.234599139052123e-11,6.648324217864103e-05,3.254916907037956e-05,2.5644281045607416e-06,3.912607525139955e-15,9201025088431856.0
0.03330600343624589,3566.8581965322564,356685.8196532256,5.9088282910983297e-05,3.273718403667236e-11,6.914313403420684e-05,3.383803433951722e-05,2.5644281045607416e-06,4.078025895695563e-15,8827800735154406.0
0.034716868189265594,3422.152977241196,342215.29772411956,6.15868219865389e-05,3.312843609084809e-11,7.190631614262788e-05,3.51767837027378e-05,2.5644281045607416e-06,4.250464601807111e-15,8469662348133515.0
0.0361874981241128,3283.2993532004893,328329.9353200489,6.419138298023717e-05,3.351974282951946e-11,7.478074840597052e-05,3.6568066823656444e-05,2.5644281045607416e-06,4.430220496816302e-15,8126006375048543.0
0.03772042493416997,3150.062921201913,315006.29212019127,6.69064496462953e-05,3.39110999042167e-11,7.776780654622011e-05,3.801337989424789e-05,2.5644281045607416e-06,4.6176030306666255e-15,7796252679347973.0
0.0393182875570577,3022.2184070032476,302221.84070032474,6.973669597527245e-05,3.430250331182632e-11,8.087586279774722e-05,3.95155457129089e-05,2.5644281045607416e-06,4.812934782617413e-15,7479843718227606.0
0.040983836717572615,2899.5493406057158,289954.93406057154,7.268699424029459e-05,3.469394936722862e-11,8.410624101082731e-05,4.107609123391981e-05,2.5644281045607416e-06,5.016552016560585e-15,7176243738957995.0
0.042719939663067766,2781.847739347913,278184.7739347913,7.576242338463188e-05,3.5085434678093236e-11,8.746107945555575e-05,4.269680571987288e-05,2.5644281045607416e-06,5.2288052598961275e-15,6884937994557318.0
0.044529585099426554,2668.9137991217503,266891.379912175,7.896827776506364e-05,3.547695612166366e-11,9.094609488337174e-05,4.4380162940209534e-05,2.5644281045607416e-06,5.450059906962535e-15,6605431979565847.0
0.046415888336127774,2560.555593931542,256055.55939315417,8.231007626608572e-05,3.586851082337546e-11,9.456859004829112e-05,4.6128974509160504e-05,2.5644281045607416e-06,5.680696848061252e-15,6337250686469272.0
0.04838209664925957,2456.5887839450847,245658.87839450847,8.579357180064737e-05,3.626009613716427e-11,9.833206786811222e-05,4.794540989706318e-05,2.5644281045607416e-06,5.9211131251577334e-15,6079937883139329.0
0.050431594871713586,2356.8363321231695,235683.63321231696,8.942476121377241e-05,3.665170962733097e-11,0.00010224379462956164,4.983237260389692e-05,2.5644281045607416e-06,6.171722615387935e-15,5833055411505585.0
0.05256791122018425,2261.128229460543,226112.82294605425,9.320989560611536e-05,3.704334905184177e-11,0.00010631515772546088,5.179363647603569e-05,2.5644281045607416e-06,6.432956743546925e-15,5596182507540189.0
0.05479472336900287,2169.3012288260084,216930.12288260082,9.71554910952212e-05,3.743501234695027e-11,0.00011054260719718481,5.383025486138946e-05,2.5644281045607416e-06,6.705265224785974e-15,5368915142525042.0
0.05711586478126429,2081.1985873506187,208119.85873506186,0.00010126834003301727,3.782669761303749e-11,0.00011494071407167373,5.5946654535899726e-05,2.5644281045607416e-06,6.989116838796893e-15,5150865385475090.0
0.0595353313081437,1996.6698172805725,199666.98172805723,0.00010555552269884474,3.8218403101573805e-11,0.00011950406971509176,5.814369422416424e-05,2.5644281045607416e-06,7.285000236816093e-15,4941660786511352.0
0.062057288067765004,1915.5704451841077,191557.04451841075,0.00011002441948815999,3.8610127203114276e-11,0.00012425077432025403,6.0426622424439125e-05,2.5644281045607416e-06,7.593424782837736e-15,4740943780909681.0
0.06468607661546327,1837.7617793791117,183776.17793791115,0.00011468272361789069,3.900186843624611e-11,0.00012917917847267988,6.279708322902738e-05,2.5644281045607416e-06,7.914921430484205e-15,4548371113495394.0
0.06742622241778341,1763.1106854297486,176311.06854297486,0.00011953845437031434,3.939362543741249e-11,0.00013429907447096455,6.525898855053153e-05,2.5644281045607416e-06,8.250043637043167e-15,4363613283008339.0
0.07028244264308345,1691.4893695452454,169148.93695452454,0.00012459997089826232,3.978539695154407e-11,0.00013962107424448313,6.781637389272939e-05,2.5644281045607416e-06,8.599368316244943e-15,4186354006025409.5
0.0732596542821523,1622.775169702115,162277.51697021147,0.00012987598661541374,4.017718182343397e-11,0.00014515694996021213,7.047364975682885e-05,2.5644281045607416e-06,8.963496831420344e-15,4016289699998196.5
0.07636298261282241,1556.8503543018135,155685.03543018133,0.00013537558419644968,4.0568978989797393e-11,0.0001509092628370235,7.323350711368849e-05,2.5644281045607416e-06,9.343056030748512e-15,3853128984940475.0
0.07959777002314986,1493.6019281687259,149360.1928168726,0.0001411082312128945,4.096078747196192e-11,0.00015688712081815323,7.609998036773115e-05,2.5644281045607416e-06,9.738699326377237e-15,3696592203282640.0
0.08296958520834907,1432.9214456884745,143292.14456884743,0.0001470837964315582,4.135260636913823e-11,0.00016309687835893986,7.907688510103824e-05,2.5644281045607416e-06,1.015110781927319e-14,3546410957398102.5
0.08648423275731718,1374.704830883159,137470.4830883159,0.0001533125668036376,4.1744434852225525e-11,0.00016954553149652835,8.216781537195863e-05,2.5644281045607416e-06,1.058099147173857e-14,3402327664298251.0
0.09014776314524918,1318.8522042183001,131885.22042183,0.00015980526517372535,4.2136272158109004e-11,0.00017624616558177149,8.537811246575253e-05,2.5644281045607416e-06,1.1029090329612754e-14,3264095126988048.5
0.0939664831495469,1265.2677159356795,126526.77159356793,0.00016657306873921036,4.252811758441067e-11,0.0001832092053253307,8.871210070770867e-05,2.5644281045607416e-06,1.1496175796262834e-14,3131476121972912.5
0.09794696670695395,1213.8593857067208,121385.93857067206,0.00017362762829184814,4.291997048465722e-11,0.00019044140500477775,9.217429223429292e-05,2.5644281045607416e-06,1.1983051960556244e-14,3004243002408620.5
0.10209606623060465,1164.5389484024056,116453.89484024055,0.00018098108827462747,4.331183026383217e-11,0.00019795811572723623,9.577004910338687e-05,2.5644281045607416e-06,1.2490556981101713e-14,2882177316389349.5
0.10642092440647247,1117.2217057778973,111722.17057778973,0.00018864610768845594,4.370369637428146e-11,0.00020576931352940306,9.950473265703517e-05,2.5644281045607416e-06,1.3019564529141182e-14,2765069439874322.0
0.11092898648952228,1071.826383872701,107182.6383872701,0.00019663588188466275,4.4095568311944784e-11,0.00021389303653286245,0.00010338433885858794,2.5644281045607416e-06,1.3570985292577095e-14,2652718223760133.0
0.11562801312073753,1028.2749959305816,102827.49959305814,0.00020496416528082722,4.4487445612886464e-11,0.00022233076662481427,0.00010741274818688229,2.5644281045607416e-06,1.414576854372378e-14,2544930654614206.0
0.12052609368708427,986.4927106470531,98649.2710647053,0.00021364529503904576,4.4879327850102385e-11,0.00023109579623046848,0.00011159600563707024,2.5644281045607416e-06,1.47449037734823e-14,2441521528593732.0
0.125631660247412,946.4077255564247,94640.77255564246,0.00022269421574738847,4.5271214630580685e-11,0.00024019005126414748,0.00011593730786241228,2.5644281045607416e-06,1.536942239475126e-14,2342313138084759.0
0.13095350204826678,907.9511453745604,90795.11453745603,0.00023212650514704982,4.566310559259651e-11,0.0002496423942544696,0.00012044694258174357,2.5644281045607416e-06,1.6020399518007007e-14,2247134970606433.5
0.1365007806546014,871.0568651182056,87105.68651182055,0.00024195840094946825,4.605500040322177e-11,0.0002594630139009171,0.00012512868347454021,2.5644281045607416e-06,1.669895580210898e-14,2155823419537011.5
0.1422830457214352,835.6614578263069,83566.14578263067,0.0002522068287895889,4.644689875603313e-11,0.0002696713693912817,0.0001299920152370388,2.5644281045607416e-06,1.7406259383516843e-14,2068221506229582.2
0.14831025143361043,801.7040667136109,80170.4066713611,0.000262889431363389,4.683880036900233e-11,0.0002802691467916537,0.00013504024415877873,2.5644281045607416e-06,1.8143527887240498e-14,1984178613097463.2
0.1545927736419477,769.1263015917009,76912.63015917008,0.0002740245987998232,4.7230704982554297e-11,0.0002912745289861461,0.0001402811946990253,2.5644281045607416e-06,1.8912030522984613e-14,1903550227261299.8
0.161141427725302,737.8721393975138,73787.21393975137,0.0002856315003194818,4.7622612357779934e-11,0.0003027278631378587,0.00014572715029002363,2.5644281045607416e-06,1.9713090270096635e-14,1826197694361977.0
0.16796748720926533,707.8878286743561,70788.7828674356,0.0002977301172344519,4.8014522274790986e-11,0.00031462722083910974,0.00015138140492645475,2.5644281045607416e-06,2.0548086155079062e-14,1751987982155775.5
0.17508270317357252,679.1217978552831,67912.17978552831,0.0003103412773462019,4.840643453120595e-11,0.00032697815141672834,0.00015725092770008805,2.5644281045607416e-06,2.14184556255874e-14,1680793453520190.5
0.18249932448161524,651.524567203636,65152.456720363596,0.0003234866908006926,4.8798348940756277e-11,0.0003397945590294631,0.00016334197527033214,2.5644281045607416e-06,2.232569702499983e-14,1612491648511040.2
0.1902301188668944,625.0486642702833,62504.866427028326,0.0003371889874624563,4.919026533200384e-11,0.0003531103628846075,0.00016966692337147185,2.5644281045607416e-06,2.3271372171819652e-14,1546965075123245.5
0.19828839491270714,599.6485427319327,59964.85427319327,0.00035147175587196534,4.958218354716013e-11,0.00036694090079088894,0.00017623316488893487,2.5644281045607416e-06,2.425710904834977e-14,1484101008419596.0
0.2066880249629082,575.2805044794779,57528.05044794778,0.0003663595838533689,4.997410344099967e-11,0.00038131942793476556,0.0001830527772318815,2.5644281045607416e-06,2.5284604603268643e-14,1423791297703193.2
0.21544346900318845,551.9026248299673,55190.262482996724,0.0003818781008424981,5.0366024879859864e-11,0.00039624848179152636,0.00019013166851348563,2.5644281045607416e-06,2.6355627672932045e-14,1365932181420706.2
0.2245697995539774,529.474680740242,52947.46807402419,0.0003980540220080049,5.07579477407203e-11,0.00041174764805082135,0.00019747932803025302,2.5644281045607416e-06,2.747202202642924e-14,1310424109494615.8
0.2340827276178292,507.9580819046469,50795.80819046469,0.000414915194241601,5.114987191035565e-11,0.00042786048898231483,0.00020511034301191455,2.5644281045607416e-06,2.863570953963681e-14,1257171572793393.5
0.243998629725955,487.31580462352105,48731.5804623521,0.00043249064409655517,5.1541797284555715e-11,0.00044460272850869174,0.0002130330949391382,2.5644281045607416e-06,2.984869350373301e-14,1206082939459232.2
0.25433457613046484,467.5123283332902,46751.23283332902,0.0004508106277569794,5.1933723767407713e-11,0.00046199223310176043,0.00022125841924273894,2.5644281045607416e-06,3.111306207386864e-14,1157070297823106.8
0.2651083601908539,448.51357469302286,44851.35746930228,0.000469906683123935,5.2325651270635646e-11,0.0004800357441168247,0.00022979387608988423,2.5644281045607416e-06,3.243099186393208e-14,1110049305646959.6
0.27633852900531697,430.28684912624914,43028.684912624914,0.0004898116841080107,5.27175797129923e-11,0.0004987707398994319,0.0002386534942617569,2.5644281045607416e-06,3.380475169359567e-14,1064939045442544.0
0.28804441533962977,412.80078472061683,41280.07847206168,0.0005105598972218511,5.3109509019699615e-11,0.0005182281924226736,0.00024785030059810986,2.5644281045607416e-06,3.523670649409511e-14,1021661885625797.6
0.30024617090855493,396.02528839166325,39602.52883916632,0.0005321870405700444,5.350143912193354e-11,0.0005384372486767821,0.0002573972316800579,2.5644281045607416e-06,3.672932137946452e-14,980143347274793.9
0.312964801067075,379.9314892205198,37993.14892205198,0.0005547303453379422,5.3893369956350094e-11,0.0005594297902078315,0.00026730804250020215,2.5644281045607416e-06,3.828516589023733e-14,940311976268070.8
0.326222200971167,364.4916888788489,36449.16888788489,0.0005782286198852416,5.428530146464901e-11,0.0005812400212237979,0.0002775972057418459,2.5644281045607416e-06,3.9906918416917e-14,902099220588758.5
0.34004119327037063,349.6793140576182,34967.93140576182,0.0006027223165546758,5.4677233593172003e-11,0.0006038863261024612,0.00028827672070841544,2.5644281045607416e-06,4.1597370810833125e-14,865439312588106.9
0.3544455673970435,335.46887081953986,33546.88708195398,0.0006282536013108423,5.506916629253345e-11,0.0006273953631676254,0.000299360028476254,2.5644281045607416e-06,4.335943319032175e-14,830269156009990.2
0.3694601205199302,321.8359007981419,32183.59007981419,0.0006548664263290121,5.5461099517279926e-11,0.0006518460342457901,0.0003108708582712126,2.5644281045607416e-06,4.5196138950501124e-14,796528217585737.8
0.3851107002325569,308.75693916939224,30875.693916939217,0.0006826066056589239,5.585303322557721e-11,0.0006772011082268858,0.0003228119239958152,2.5644281045607416e-06,4.711064998526994e-14,764158423015944.5
0.4014242490499322,296.2094743247283,29620.94743247283,0.0007115218940937938,5.6244967378922206e-11,0.0007035262795459525,0.0003352051122918598,2.5644281045607416e-06,4.91062621305162e-14,733104057163178.9
0.418428850790158,284.1719091771191,28417.19091771191,0.000741662069380317,5.663690194187756e-11,0.0007308671506607546,0.0003480689123745477,2.5644281045607416e-06,5.118641083790737e-14,703311668286366.9
0.43615377892080054,272.62352403447056,27262.352403447054,0.0007730790179111952,5.7028836881827656e-11,0.0007592504545104638,0.00036141861634863767,2.5644281045607416e-06,5.335467708902974e-14,674729976154273.5
0.4546295469532399,261.5444409772879,26154.444097728785,0.0008058268240476948,5.7420772168753834e-11,0.0007887189165916307,0.00037527304620215866,2.5644281045607416e-06,5.5614793560057534e-14,647309783881948.1
0.4738879609717651,250.91558967998324,25091.558967998324,0.0008399618632260335,5.781270777502779e-11,0.0008193211314357612,0.00038965238403524223,2.5644281045607416e-06,5.797065104756582e-14,621003893340122.0
0.4939621743878321,240.7186746176473,24071.867461764727,0.0008755428990078308,5.820464367522108e-11,0.0008511313859661183,0.00040458182415113064,2.5644281045607416e-06,6.042630516654629e-14,595767023993560.6
0.5148867450137492,230.93614360237657,23093.614360237654,0.0009126311842417407,5.859657984592997e-11,0.0008841324423615286,0.000420070760409173,2.5644281045607416e-06,6.298598333215963e-14,571555735030002.6
0.5366976945540476,221.5511575954987,22155.115759549866,0.0009512905665104035,5.898851626561437e-11,0.000918403389076673,0.0004361460632056864,2.5644281045607416e-06,6.565409203724264e-14,548328350646884.4
0.5594325706169377,212.54756174417042,21254.756174417038,0.0009915875980442209,5.938045291444924e-11,0.0009540242552864343,0.0004528352863595037,2.5644281045607416e-06,6.84352244380967e-14,526044888368327.25
0.5831305113526225,203.9098575928687,20390.98575928687,0.0010335916502912045,5.97723897741882e-11,0.0009909505544974959,0.00047014422936853575,2.5644281045607416e-06,7.133416826161926e-14,504666990269927.8
0.6078323128297229,195.6231764222863,19562.317642228627,0.0010773750333401037,6.016432682803767e-11,0.0010292891914847279,0.00048810634719030936,2.5644281045607416e-06,7.43559140473879e-14,484157856993820.0
0.6335804992658247,187.67325367003056,18767.325367003054,0.001123013120402429,6.055626406054136e-11,0.0010690981662078106,0.0005067468831963377,2.5644281045607416e-06,7.750566373888853e-14,464482184441147.75
0.6604193962330305,180.04640438936718,18004.640438936716,0.00117058447756763,6.09482014574737e-11,0.0011104316608899138,0.0005260908623800505,2.5644281045607416e-06,8.078883963867445e-14,445606103033647.5
0.6883952069645496,172.7294997039902,17272.94997039902,0.001220170999054824,6.134013900574173e-11,0.001153330574511759,0.0005461609384954749,2.5644281045607416e-06,8.421109374287442e-14,427497119440348.8
0.7175560918936928,165.7099442184934,16570.99442184934,0.0012718580481939276,6.173207669329516e-11,0.0011978770039347863,0.0005669887290711652,2.5644281045607416e-06,8.77783174711201e-14,410124060669587.9
0.7479522515621821,158.97565434584476,15897.565434584474,0.0013257346043788522,6.212401450904322e-11,0.0012441360221708572,0.0005886029068662442,2.5644281045607416e-06,9.149665180864033e-14,393457020430559.7
0.7796360130405229,152.515037514713,15251.503751471297,0.0013818934162457646,6.251595244277815e-11,0.0012921695349097891,0.0006110320651419869,2.5644281045607416e-06,9.537249787798337e-14,377467307672462.2
0.8126619200091946,146.31697222099442,14631.69722209944,0.001440431161340124,6.290789048510511e-11,0.00134201511800295,0.0006343008926571468,2.5644281045607416e-06,9.941252795856727e-14,362127397212994.4
0.8470868266557402,140.3707888893305,14037.078888933049,0.001501448612547317,6.329982862737725e-11,0.001393805548888906,0.0006584524332783547,2.5644281045607416e-06,1.036236969730255e-13,347410882371541.3
0.8829699955494091,134.6662515117721,13466.625151177208,0.0015650508115734828,6.36917668616363e-11,0.0014475144194185513,0.0006835016343165915,2.5644281045607416e-06,1.0801325446012714e-13,333292429525760.9
0.9203731996618221,129.19354003209267,12919.354003209266,0.0016313472497750533,6.408370518055763e-11,0.0015032474945053003,0.0007094876148646885,2.5644281045607416e-06,1.1258875705487475e-13,319747734513615.1
0.9593608287093147,123.94323344549906,12394.323344549905,0.0017004520566484484,6.447564357739989e-11,0.001561094868158448,0.0007364476009239449,2.5644281045607416e-06,1.1735808149727386e-13,306753480805974.6
1.0,118.90629358473258,11890.629358473258,0.001772484196304298,6.486758204595848e-11,0.0016211437024738937,0.00076441913893887,2.5644281045607416e-06,1.223294381921612e-13,294287299378007.44
1.042360673976401,114.07404956471224,11407.404956471222,0.0018475676722644744,6.525952058052289e-11,0.0016834918761679046,0.0007934425476968731,2.5644281045607416e-06,1.2751138534343843e-13,282327730210426.4
1.0865157746525373,109.43818285900102,10943.8182859001,0.0019258317409344959,6.565145917583726e-11,0.0017482133843091559,0.0008235541134640655,2.5644281045607416e-06,1.3291284368704379e-13,270854185354468.03
1.1325413151528125,104.99071298245904,10499.071298245903,0.0020074111341187822,6.604339782706433e-11,0.0018153618470540761,0.0008547875485924366,2.5644281045607416e-06,1.3854311184802314e-13,259846913497155.47
1.1805165285688055,100.72398375548411,10072.39837554841,0.0020924462909617833,6.64353365297519e-11,0.0018850787176560864,0.0008871936632520224,2.5644281045607416e-06,1.4441188234813584e-13,249286965965960.28
1.2305240043592616,96.63065012622896,9663.065012622894,0.0021810835997143944,6.682727527980237e-11,0.0019574925154513464,0.0009208215320456535,2.5644281045607416e-06,1.5052925829156035e-13,239156164114431.12
1.2826498305280598,92.70366552815487,9270.366552815485,0.0022734756497416837,6.721921407344436e-11,0.0020326342089323005,0.0009557034351688206,2.5644281045607416e-06,1.5690577075741257e-13,229437068032752.9
1.3369837418249453,88.93626975118246,8893.626975118246,0.0023697814942059167,6.761115290720685e-11,0.0021106058893333164,0.0009918855147265785,2.5644281045607416e-06,1.635523969290282e-13,220112946529434.3
1.3936192742241436,85.32197730559254,8532.197730559254,0.0024701669238769877,6.800309177789519e-11,0.0021914617481138023,0.001029406189841637,2.5644281045607416e-06,1.7048057899121262e-13,211167748332527.75
1.4526539259467812,81.85456625866868,8185.456625866868,0.002574804752541676,6.839503068256906e-11,0.0022753765263410623,0.0010683271261174038,2.5644281045607416e-06,1.7770224382799254e-13,202586074460862.22
1.514189325304352,78.52806752488596,7852.8067524885955,0.0026838751145030638,6.878696961852232e-11,0.00236245821645287,0.0011086985704621042,2.5644281045607416e-06,1.8522982355478053e-13,194353151717780.66
1.5783314056521165,75.33675459123054,7533.675459123054,0.002797565774682186,6.917890858326427e-11,0.0024528357438029728,0.0011505759902333012,2.5644281045607416e-06,1.9307627692029213e-13,186454807261805.2
1.6451905877536608,72.27513365997558,7227.513365997557,0.0029160724518558965,6.957084757450258e-11,0.0025466491547471337,0.001194018633342118,2.5644281045607416e-06,2.012551116150704e-13,178877444210486.53
1.7148819698705409,69.33793419196442,6933.7934191964405,0.0030395991555872254,6.996278659012747e-11,0.0026440046230843113,0.0012390788248721654,2.5644281045607416e-06,2.0978040752500854e-13,171608018235489.12
1.7875255259042355,66.52009983413097,6652.009983413097,0.003168358537428389,7.035472562819704e-11,0.002744995802106372,0.0012858070638376575,2.5644281045607416e-06,2.186668409699109e-13,164634015108645.06
1.8632463119315599,63.81677971565134,6381.677971565134,0.0033025722570010525,7.074666468692414e-11,0.0028498120986477195,0.001334276899547924,2.5644281045607416e-06,2.279297099688205e-13,157943429160352.1
1.9421746814890244,61.22332009775645,6122.332009775644,0.003442471363583907,7.113860376466387e-11,0.0029586814848007116,0.0013845679928767352,2.5644281045607416e-06,2.375849605755953e-13,151524742613265.88
2.024446509976802,58.73525636283573,5873.525636283573,0.003588296693864676,7.153054285990231e-11,0.003071614365807684,0.0014367207321337226,2.5644281045607416e-06,2.476492143300871e-13,145366905755720.5
2.1102034285685964,56.3483053290535,5634.830532905349,0.0037402992865410785,7.19224819712461e-11,0.00318873541073736,0.001490797721356202,2.5644281045607416e-06,2.5813979687216347e-13,139459317920777.61
2.1995930680300746,54.058357877251474,5405.8357877251465,0.0038987408144846416,7.231442109741281e-11,0.003310198005437828,0.0015468692398979157,2.5644281045607416e-06,2.690747677678454e-13,133791809238168.25
2.292769312865649,51.86147187745308,5186.147187745308,0.004063894035211252,7.270636023722217e-11,0.0034362260213381375,0.0016050197028198083,2.5644281045607416e-06,2.8047295159889817e-13,128354623127734.88
2.389892566231048,49.75386540279746,4975.3865402797455,0.004236043260433942,7.309829938958782e-11,0.0035669885549739475,0.0016653254447128681,2.5644281045607416e-06,2.9235397036939904e-13,123138399504247.52
2.491130026067791,47.73191021922568,4773.191021922568,0.004415484845506287,7.349023855351e-11,0.003702666087723197,0.0017278658152056904,2.5644281045607416e-06,3.0473827728507113e-13,118134158664693.64
2.5966559729348724,45.792125539717034,4579.212553971703,0.004602527699598895,7.388217772806842e-11,0.003843408199445108,0.0017927156816607602,2.5644281045607416e-06,3.1764719196352904e-13,113333285830316.34
2.7066520700332415,43.93117203232522,4393.117203232522,0.004797493817487446,7.42741169124162e-11,0.003989435098423141,0.0018599658118425323,2.5644281045607416e-06,3.311029371360623e-13,108727516316795.11
2.8213076759394706,42.14584607170526,4214.5846071705255,0.0050007188338675145,7.466605610577386e-11,0.0041409709165287885,0.0019297092291008717,2.5644281045607416e-06,3.4512867690412424e-13,104308921307054.11
2.940820170587061,40.43307422423631,4043.30742242363,0.0052125526011505855,7.505799530742393e-11,0.004298183590957302,0.002002028815964839,2.5644281045607416e-06,3.597485566163936e-13,100069894202209.27
3.06539529505653,38.7899079572492,3878.9907957249197,0.005433359791735988,7.544993451670616e-11,0.004461309015849778,0.002077022767912714,2.5644281045607416e-06,3.7498774443506146e-13,96003137527163.39
3.1952475057592133,37.21351856325461,3721.3518563254606,0.0056635205257953205,7.584187373301278e-11,0.004630594958602019,0.002154794371961276,2.5644281045607416e-06,3.908724746628845e-13,92101650368317.44
3.330600343624589,35.70119229043371,3570.119229043371,0.005903431025650411,7.623381295578447e-11,0.0048060778582425315,0.002235409741260992,2.5644281045607416e-06,4.074300929056118e-13,88358716321771.61
3.4716868189265595,34.25032567101211,3425.03256710121,0.006153504297871093,7.662575218450645e-11,0.0049880524793899355,0.002318984498996364,2.5644281045607416e-06,4.2468910314751726e-13,84767891931277.7
3.6187498124112767,32.858421039475544,3285.8421039475543,0.006414170844267129,7.701769141870492e-11,0.005176809553853833,0.002405634837695453,2.5644281045607416e-06,4.426792168210856e-13,81322995596040.94
3.7720424934170014,31.523082232913797,3152.3082232913794,0.006685879402998225,7.740963065794382e-11,0.005372609907165433,0.002495474421730838,2.5644281045607416e-06,4.614314039553231e-13,78018096929279.66
3.9318287557057703,30.24201046609212,3024.2010466092115,0.006969097721077935,7.780156990182175e-11,0.005575683216724612,0.00258861277489656,2.5644281045607416e-06,4.809779464907421e-13,74847506549227.89
4.0983836717572615,29.01300037414952,2901.300037414952,0.007264313359601498,7.819350914996934e-11,0.005786300136711347,0.002685168517077912,2.5644281045607416e-06,5.01352493852815e-13,71805766285005.72
4.271993966306777,27.833936216113855,2783.3936216113852,0.007572034533083502,7.858544840204662e-11,0.006004748833223801,0.00278526876821599,2.5644281045607416e-06,5.225901208795463e-13,68887639780503.57
4.4529585099426505,26.70278823269763,2670.2788232697626,0.007892790984350544,7.897738765774067e-11,0.006231322726166691,0.0028890426621889773,2.5644281045607416e-06,5.447273882029003e-13,66088103480103.89
4.641588833612782,25.61760915210577,2561.760915210577,0.008227134896494943,7.936932691676352e-11,0.0064664210585930314,0.0029966424652755914,2.5644281045607416e-06,5.678024051880289e-13,63402337980725.055
4.838209664925957,24.576530837840764,2457.653083784076,0.008575641843459405,7.976126617885008e-11,0.006710194323504086,0.003108174317009773,2.5644281045607416e-06,5.918548955386444e-13,60825719735301.95
5.0431594871713585,23.5777610727348,2357.7761072734797,0.008938911780889106,8.015320544375642e-11,0.0069631103400381415,0.003223805309320797,2.5644281045607416e-06,6.169262656814831e-13,58353813093421.89
5.256791122018419,22.61958047367324,2261.9580473673236,0.009317570078956994,8.054514471125798e-11,0.007225391613524962,0.0033436645105219247,2.5644281045607416e-06,6.430596760475815e-13,55982362665415.01
5.479472336900281,21.700339531698766,2170.0339531698764,0.009712268598940156,8.093708398114816e-11,0.00749716727130945,0.0034678662702139827,2.5644281045607416e-06,6.70300115373072e-13,53707285996755.82
5.711586478126435,20.818455772400718,2081.8455772400716,0.010123686815400792,8.132902325323671e-11,0.007779004860694648,0.0035966051014304423,2.5644281045607416e-06,6.98694478147413e-13,51524666540164.914
5.95353313081437,19.97241103170198,1997.241103170198,0.010552532985903477,8.172096252734861e-11,0.008071275950815925,0.003730046273143571,2.5644281045607416e-06,7.28291645342379e-13,49430746913313.76
6.2057288067765,19.160748842353716,1916.0748842353714,0.010999545370282504,8.211290180332275e-11,0.008374330229966333,0.0038683519237764576,2.5644281045607416e-06,7.591425685607865e-13,47421922430526.15
6.46860766154632,18.382071926639366,1838.2071926639364,0.011465493501558123,8.250484108101082e-11,0.008688539064026658,0.004011689961496803,2.5644281045607416e-06,7.913003577498127e-13,45494734897342.49
6.742622241778335,17.6350397909716,1763.5039790971598,0.011951179510689717,8.289678036027637e-11,0.00901434274230979,0.004160249959341124,2.5644281045607416e-06,8.24820372629912e-13,43645866657264.08
7.028244264308353,16.918366418241522,1691.8366418241521,0.012457439507446474,8.328871964099378e-11,0.009352141789360575,0.004314211711366661,2.5644281045607416e-06,8.597603179967293e-13,41872134880429.49
7.3259654282152304,16.230818053948198,1623.0818053948196,0.012985145019772415,8.368065892304744e-11,0.009702417185504632,0.00447377898010125,2.5644281045607416e-06,8.961803430600481e-13,40170486084392.766
7.636298261282241,15.571211082296475,1557.1211082296472,0.01353520449412432,8.407259820633095e-11,0.010065552019008689,0.0046391371500231725,2.5644281045607416e-06,9.341431449908316e-13,38537990877568.695
7.959777002314977,14.938409988608175,1493.8409988608175,0.014108564859364547,8.446453749074638e-11,0.010442131563531937,0.0048105183827163115,2.5644281045607416e-06,9.737140768545577e-13,36971838916299.516
8.296958520834915,14.331325404537973,1433.132540453797,0.014706213156901822,8.485647677620363e-11,0.010832731068394948,0.004988146855695293,2.5644281045607416e-06,1.0149612601167126e-12,35469334066859.14
8.648423275731727,13.74891223272995,1374.891223272995,0.015329178239885362,8.52484160626197e-11,0.011237523225112308,0.0051721856317739215,2.5644281045607416e-06,1.0579557019140525e-12,34027889764069.355
9.014776314524918,13.190167847685336,1319.0167847685334,0.015978532544378695,8.564035534991825e-11,0.01165694022735454,0.005362850084767558,2.5644281045607416e-06,1.1027714172936065e-12,32645024558534.79
9.39664831495469,12.654130369745541,1265.413036974554,0.01665539393556096,8.603229463802901e-11,0.012091704397028492,0.005560408523170126,2.5644281045607416e-06,1.1494855566297612e-12,31318357844834.82
9.794696670695386,12.13987700921827,1213.987700921827,0.017360927632134978,8.642423392688735e-11,0.012542379880650541,0.005765108559069896,2.5644281045607416e-06,1.1981785384388478e-12,30045605763316.18
10.209606623060475,11.646522477796848,1164.6522477796848,0.018096348212254226,8.681617321643369e-11,0.013009516740582133,0.005977196505005827,2.5644281045607416e-06,1.2489341878198228e-12,28824577268432.92
10.642092440647247,11.173217464537517,1117.3217464537515,0.018862921704422535,8.720811250661328e-11,0.01349377595305938,0.006196955440547856,2.5644281045607416e-06,1.3018398807594134e-12,27653170356864.324
11.092898648952227,10.719147173771697,1071.9147173771696,0.019661967766965428,8.760005179737565e-11,0.013995669825138888,0.006424621100254835,2.5644281045607416e-06,1.3569866945501015e-12,26529368448918.742
11.562801312073754,10.283529922435786,1028.3529922435785,0.020494861959825618,8.799199108867445e-11,0.014515862703819686,0.006660488717449035,2.5644281045607416e-06,1.4144695645799387e-12,25451236916993.03
12.052609368708413,9.86561579440426,986.5615794404258,0.021363038112593,8.838393038046692e-11,0.015055015347947294,0.0069048542144405116,2.5644281045607416e-06,1.4743874477640622e-12,24416919755112.344
12.563166024741214,9.46468534950916,946.4685349509159,0.022267990792846346,8.877586967271381e-11,0.015613717821152404,0.007157975924965913,2.5644281045607416e-06,1.5368434928993028e-12,23424636383816.08
13.095350204826676,9.080048385024053,908.0048385024053,0.023211277879054974,8.916780896537887e-11,0.01619281467599631,0.0074202250648560085,2.5644281045607416e-06,1.601945218235088e-12,22472678584890.87
13.650078065460137,8.711042747479652,871.1042747479651,0.02419452324247132,8.955974825842882e-11,0.016793252011323027,0.007691931628136619,2.5644281045607416e-06,1.6698046965664366e-12,21559407560671.97
14.22830457214352,8.357033192766538,835.7033192766538,0.025219419542629233,8.995168755183306e-11,0.017415479167053237,0.007973376450384229,2.5644281045607416e-06,1.7405387481675478e-12,20683251112852.883
14.831025143361028,8.01741029256206,801.7410292562059,0.026287731141261938,9.034362684556331e-11,0.018059921786848062,0.008264857953671937,2.5644281045607416e-06,1.8142691418982187e-12,19842700935945.043
15.459277364194785,7.691589385198921,769.158938519892,0.02740129713965574,9.073556613959366e-11,0.018727560026827014,0.00856671635838702,2.5644281045607416e-06,1.891122804829282e-12,19036310020728.58
16.114142772530197,7.379009569169718,737.9009569169717,0.028562034544667516,9.112750543390019e-11,0.01941951793392536,0.008879427678914668,2.5644281045607416e-06,1.9712320407478744e-12,18262690163224.926
16.79674872092653,7.079132737534316,707.9132737534316,0.029771941568857464,9.151944472846092e-11,0.02013627694503545,0.009203243966468476,2.5644281045607416e-06,2.0547347579187846e-12,17520509574901.994
17.508270317357233,6.791442651568189,679.1442651568187,0.031033101070417183,9.191138402325561e-11,0.02087903159101513,0.009538648204463146,2.5644281045607416e-06,2.141774706493886e-12,16808490589998.834
18.249932448161506,6.515444052056768,651.5444052056768,0.032347684138815676,9.230332331826562e-11,0.02164872364909657,0.009886063180587237,2.5644281045607416e-06,2.2325017259784123e-12,16125407466022.314
19.023011886689456,6.250661806705984,625.0661806705983,0.03371795383233589,9.26952626134738e-11,0.022445818839751264,0.010245719236254428,2.5644281045607416e-06,2.3270720031800806e-12,15470084273629.645
19.828839491270713,5.996640092201377,599.6640092201377,0.03514626907393528,9.308720190886439e-11,0.02327199248053033,0.010618324759346437,2.5644281045607416e-06,2.4256483410850744e-12,14841392872264.404
20.66880249629082,5.752941609507457,575.2941609507457,0.03663508871213835,9.347914120442286e-11,0.02412756285815587,0.011004064239435743,2.5644281045607416e-06,2.528400439123849e-12,14238250968060.604
21.54434690031882,5.519146831056726,551.9146831056725,0.038186975753950816,9.387108050013586e-11,0.02501374814985231,0.011403455916942603,2.5644281045607416e-06,2.6355051853091415e-12,13659620250672.072
22.456979955397717,5.2948532785322255,529.4853278532224,0.03980460177708302,9.426301979599102e-11,0.0259324259171881,0.011817253525773631,2.5644281045607416e-06,2.7471469607491583e-12,13104504605819.36
23.408272761782943,5.079674830000338,507.9674830000337,0.04149075152907841,9.465495909197709e-11,0.02688344311108304,0.012245452011657226,2.5644281045607416e-06,2.8635179570601666e-12,12571948400477.096
24.399862972595503,4.873241055201208,487.3241055201207,0.043248327721263476,9.504689838808361e-11,0.02786898225967984,0.012688965388221412,2.5644281045607416e-06,2.984818507224849e-12,12061034837750.049
25.433457613046482,4.675196577852273,467.5196577852273,0.045080356025773344,9.543883768430101e-11,0.02888966365486897,0.013148209545888828,2.5644281045607416e-06,3.1112574304660894e-12,11570884378605.385
26.510836019085364,4.485200463867274,448.5200463867274,0.04698999028425464,9.583077698062045e-11,0.029945916668756605,0.013623350555451521,2.5644281045607416e-06,3.243052391729832e-12,11100653227744.414
27.633852900531725,4.302925634437539,430.29256344375386,0.0489805179372121,9.62227162770338e-11,0.03104050930576772,0.014115495345477905,2.5644281045607416e-06,3.3804302763958597e-12,10649531881007.293
28.80444153396298,4.128058302965117,412.8058302965117,0.051055365683346204,9.661465557353358e-11,0.032173970635707615,0.0146249252255851,2.5644281045607416e-06,3.5236275808615753e-12,10216743731809.906
30.024617090855493,3.9602974348784663,396.0297434878466,0.05321810537862427,9.700659487011291e-11,0.0333473885617235,0.015152154551139255,2.5644281045607416e-06,3.672890819671199e-12,9801543734213.9
31.296480106707506,3.7993542294007434,379.93542294007426,0.05547246018524045,9.739853416676547e-11,0.03456312706408663,0.015698131513677445,2.5644281045607416e-06,3.828476949891234e-12,9403217120328.424
32.62222009711667,3.6449516223786693,364.4951622378669,0.057822310981048765,9.779047346348543e-11,0.035821506312420585,0.01626308429990123,2.5644281045607416e-06,3.990653813462707e-12,9021078169835.697
34.004119327037095,3.496823809315918,349.68238093159175,0.06027170304050533,9.81824127602674e-11,0.03712460279024799,0.016847909501684195,2.5644281045607416e-06,4.159700598291824e-12,8654469029521.827
35.44455673970435,3.3547157877900866,335.4715787790086,0.06282485299861874,9.857435205710646e-11,0.03847416292163392,0.01745329824380019,2.5644281045607416e-06,4.335908318872669e-12,8302758580781.052
36.94601205199302,3.2183829184654047,321.8382918465404,0.06548615610989894,9.896629135399805e-11,0.03987109858399157,0.018079737186111996,2.5644281045607416e-06,4.51958031726947e-12,7965341353143.516
38.51107002325569,3.0875905039455467,308.75905039455466,0.06826019381479956,9.935823065093799e-11,0.041317538183604494,0.018728161489510012,2.5644281045607416e-06,4.71103278532076e-12,7641636481956.444
40.14242490499318,2.9621133847415035,296.21133847415035,0.07115174162667988,9.975016994792245e-11,0.04281497760223714,0.019399147085537024,2.5644281045607416e-06,4.910595308964477e-12,7331086708424.26
41.84288507901584,2.8417355516589753,284.1735551658975,0.07416577735286398,1.0014210924494789e-10,0.044365438523794404,0.02009357925384732,2.5644281045607416e-06,5.118611435621047e-12,7033157420286.206
43.615377892080055,2.7262497739380303,272.624977393803,0.07730748966394901,1.00534048542011e-10,0.04597028179649828,0.02081219773668149,2.5644281045607416e-06,5.335439265611161e-12,6747335731480.076
45.462954695323994,2.6154572425048026,261.54572425048025,0.08058228702611667,1.0092598783910881e-10,0.04763103878989691,0.021555625582839754,2.5644281045607416e-06,5.5614520686265074e-12,6473129599207.495
47.38879609717651,2.509167227721228,250.91672277212277,0.0839958070118208,1.0131792713623856e-10,0.04935020028098662,0.022324935673120445,2.5644281045607416e-06,5.797038926314468e-12,6210066976881.144
49.396217438783154,2.4071967510434553,240.71967510434553,0.08755392600488475,1.017098664333977e-10,0.0511295395737634,0.023120908765107705,2.5644281045607416e-06,6.042605402083285e-12,5957695001495.284
51.48867450137497,2.3093702700238534,230.9370270023853,0.09126276931671107,1.0210180573058391e-10,0.05297101177289685,0.02394436748619702,2.5644281045607416e-06,6.298574239280511e-12,5715579214021.029
53.66976945540476,2.2155193761142287,221.55193761142286,0.09512872173102187,1.0249374502779501e-10,0.05487689964664981,0.02479634178669489,2.5644281045607416e-06,6.5653860889468285e-12,5483302811483.985
55.94325706169378,2.125482504750083,212.54825047500827,0.09915843849528136,1.0288568432502901e-10,0.05684910045012147,0.025677683568084073,2.5644281045607416e-06,6.843500268398033e-12,5260465929436.88
58.313051135262185,2.039104657216808,203.9104657216808,0.10335885677772184,1.032776236222841e-10,0.05889001893830373,0.02658941193010773,2.5644281045607416e-06,7.133395551940981e-12,5046684953591.908
60.78323128297224,1.9562371338189997,195.62371338189996,0.10773720760969777,1.0366956291955861e-10,0.06100193274776794,0.027532525210913327,2.5644281045607416e-06,7.435570995084872e-12,4841591859427.749
63.35804992658254,1.876737277893549,187.67372778935487,0.1123010283339255,1.04061502216851e-10,0.06318720755161521,0.028508053911490052,2.5644281045607416e-06,7.750546793666646e-12,4644833578634.396
66.04193962330305,1.8004682302258412,180.0468230225841,0.11705817558003845,1.044534415141598e-10,0.06544824110934493,0.029517069934659787,2.5644281045607416e-06,8.078865179369466e-12,4456071391305.196
68.83952069645497,1.7272986934462407,172.72986934462403,0.12201683878979742,1.0484538081148375e-10,0.06778736136881962,0.030560605204052876,2.5644281045607416e-06,8.421091353176102e-12,4274980342829.581
71.75560918936921,1.6571027060013404,165.710270600134,0.1271855543152358,1.0523732010882163e-10,0.07020744357151341,0.03163986800706462,2.5644281045607416e-06,8.777814458363904e-12,4101248684482.9062
74.79522515621814,1.5897594253108291,158.9759425310829,0.13257322011401193,1.0562925940617233e-10,0.07271106266612398,0.032756013295707605,2.5644281045607416e-06,9.149648594716487e-12,3934577336750.221
77.96360130405237,1.5251529197366545,152.51529197366543,0.13818911106726867,1.0602119870353484e-10,0.07530078305258488,0.033910186656394066,2.5644281045607416e-06,9.53723387569825e-12,3774679374460.063
81.26619200091946,1.4631719690064278,146.31719690064276,0.14404289494636416,1.064131380009082e-10,0.07797926963621828,0.0351036091397046,2.5644281045607416e-06,9.941237530411312e-12,3621279532842.0767
84.70868266557402,1.4037098727474109,140.37098727474105,0.1501446490559681,1.0680507729829156e-10,0.08074961865153303,0.036337586569911595,2.5644281045607416e-06,1.0362355052232318e-11,3474113733657.9365
88.29699955494083,1.3466642668015603,134.666426680156,0.15650487758216758,1.071970165956841e-10,0.08361476832140016,0.037613400792479414,2.5644281045607416e-06,1.0801311396106068e-11,3332928630590.0034
92.03731996618231,1.2919369470053461,129.1936947005346,0.1631345296754529,1.0758895589308514e-10,0.08657798302442027,0.03893247067788546,2.5644281045607416e-06,1.1258862226557507e-11,3197481173104.9404
95.93608287093147,1.2394337001310474,123.94337001310473,0.1700450182997071,1.0798089519049394e-10,0.08964221973675426,0.04029611049586478,2.5644281045607416e-06,1.173579521857004e-11,3067538188041.633
100.0,1.189064141698407,118.90641416984069,0.177248239879657,1.0837283448790993e-10,0.09281092506758026,0.04170580882169024,2.5644281045607416e-06,1.2232931413570357e-11,2942875978202.912
104.23606739764011,1.1407415603775262,114.0741560377526,0.184756594780598,1.087647737853325e-10,0.09608725472306748,0.04316295555641566,2.5644281045607416e-06,1.275112663285331e-11,2823279937260.2817
108.65157746525372,1.0943827687150756,109.43827687150754,0.19258300865565733,1.0915671308276115e-10,0.09947484889769366,0.04466913015319196,2.5644281045607416e-06,1.3291272950880611e-11,2708544180308.5405
113.25413151528126,1.0499079599268684,104.99079599268683,0.20074095469734143,1.095486523801954e-10,0.10297709714327419,0.04622584704847532,2.5644281045607416e-06,1.3854300230989491e-11,2598471189434.361
118.05165285688055,1.0072405705102874,100.72405705102874,0.20924447683166972,1.0994059167763482e-10,0.10659768936937465,0.04783470714037383,2.5644281045607416e-06,1.4441177726154703e-11,2492871473688.7207
123.05240043592616,0.9663071484399931,96.6307148439993,0.21810821389483454,1.1033253097507894e-10,0.11034067285067929,0.049497430315638774,2.5644281045607416e-06,1.5052915747560357e-11,2391563242877.683
128.26498305280597,0.9270372267200706,92.70372267200705,0.22734742483399634,1.1072447027252741e-10,0.11420975284532,0.05121567484141087,2.5644281045607416e-06,1.5690567403853318e-11,2294372094610.1064
133.69837418249452,0.8893632020749179,88.93632020749179,0.2369780149756002,1.111164095699799e-10,0.11820859133565897,0.05299111565998,2.5644281045607416e-06,1.6355230414072402e-11,2201130714063.484
139.36192742241434,0.8532202185700154,85.32202185700153,0.24701656340644101,1.1150834886743613e-10,0.12234175279701491,0.05482563998109939,2.5644281045607416e-06,1.7048048997374868e-11,2111678585951.0044
145.26539259467813,0.8185460559622773,81.85460559622771,0.2574803515146013,1.119002881648957e-10,0.12661308177400535,0.05672101267372792,2.5644281045607416e-06,1.7770215842812463e-11,2025861718194.0955
151.4189325304352,0.7852810225877161,78.52810225877161,0.26838739273941353,1.1229222746235843e-10,0.1310267430100091,0.0586790854723425,2.5644281045607416e-06,1.8522974162549245e-11,1943532376824.6006
157.83314056521164,0.7533678526021033,75.33678526021032,0.2797564635816387,1.1268416675982401e-10,0.13558736175255595,0.060701829196364035,2.5644281045607416e-06,1.9307619832054288e-11,1864548831660.401
164.51905877536606,0.7227516073976533,72.27516073976533,0.2916071359272662,1.1307610605729226e-10,0.1402995221430048,0.06279124020003571,2.5644281045607416e-06,2.0125503620954997e-11,1788775112316.505
171.4881969870541,0.6933795810260697,69.33795810260696,0.3039598107405668,1.1346804535476297e-10,0.14516794531204302,0.06494941472687757,2.5644281045607416e-06,2.0978033518390594e-11,1716080774131.677
178.75255259042353,0.6652012094651142,66.52012094651141,0.31683575318440654,1.1385998465223589e-10,0.15019750699423082,0.06717845706848477,2.5644281045607416e-06,2.1866677156869112e-11,1646340673607.6086
186.324631193156,0.6381679835725032,63.816798357250306,0.3302571292282841,1.142519239497109e-10,0.15539318429218457,0.06948054809055453,2.5644281045607416e-06,2.279296433880086e-11,1579434752974.0383
194.21746814890244,0.612233365577294,61.2233365577294,0.3442470438071043,1.1464386324718778e-10,0.16075980929705538,0.0718578111679307,2.5644281045607416e-06,2.3758489670057236e-11,1515247833508.992
202.44465099768018,0.5873527089649823,58.73527089649823,0.35882958059638914,1.1503580254466645e-10,0.16630275285554552,0.07431260287230859,2.5644281045607416e-06,2.4764915305089242e-11,1453669417258.2903
211.02034285685966,0.563483181618415,56.3483181618415,0.3740298434723857,1.1542774184214673e-10,0.1720271479996451,0.07684720601417164,2.5644281045607416e-06,2.5813973808330525e-11,1394593496813.044
219.95930680300748,0.5405836920821846,54.05836920821845,0.38987399972845643,1.1581968113962845e-10,0.17793870489304447,0.07946405497077282,2.5644281045607416e-06,2.6907471136811758e-11,1337918372817.61
229.27693128656486,0.5186148188235715,51.86148188235715,0.4063893251221506,1.1621162043711156e-10,0.1840430751936092,0.08216561100450716,2.5644281045607416e-06,2.8047289749120837e-11,1283546478893.8633
238.98925662310478,0.4975387423682772,49.75387423682772,0.42360425083048875,1.1660355973459592e-10,0.19034599705975577,0.08495447699147733,2.5644281045607416e-06,2.923539184606008e-11,1231384213680.432
249.1130026067786,0.47731918019409525,47.73191801940952,0.4415484123943127,1.1699549903208143e-10,0.19685342901093394,0.08783316526150224,2.5644281045607416e-06,3.047382274858029e-11,1181341779697.6968
259.6655972934872,0.457921324270453,45.7921324270453,0.4602527007359476,1.1738743832956802e-10,0.20357094645505902,0.0908041828822164,2.5644281045607416e-06,3.176471441880626e-11,1133333028761.1917
270.66520700332416,0.43931178113629493,43.931178113629485,0.47974931533800647,1.1777937762705559e-10,0.2105046749099959,0.09387028011858795,2.5644281045607416e-06,3.3110289130215135e-11,1087275313677.2771
282.1307675939471,0.42145851441314586,42.14585144131458,0.5000718196748898,1.1817131692454404e-10,0.21766229572398996,0.09703470520767396,2.5644281045607416e-06,3.4512863293286487e-11,1043089345965.7633
294.08201705870607,0.40433078965440217,40.43307896544021,0.5212551989923951,1.1856325622203331e-10,0.22504885590687412,0.10029976522562646,2.5644281045607416e-06,3.5974851443209035e-11,1000699059364.5859
306.539529505653,0.3878991214359002,38.78991214359002,0.5433359205349099,1.189551955195234e-10,0.2326704188722205,0.10366813362416302,2.5644281045607416e-06,3.749877039650934e-11,960031478881.5354
319.52475057592136,0.37213522259668014,37.21352225966801,0.5663519963238702,1.1934713481701414e-10,0.2405363007071787,0.10714375606171907,2.5644281045607416e-06,3.90872435837582e-11,921016595167.6102
333.06003436245885,0.3570119555425589,35.70119555425588,0.5903430485955625,1.1973907411450554e-10,0.24865258581652477,0.11072933131974445,2.5644281045607416e-06,4.074300556581372e-11,883587243995.7292
347.16868189265597,0.34250328552869175,34.25032855286917,0.6153503780109058,1.2013101341199753e-10,0.257023957980858,0.11442713207073782,2.5644281045607416e-06,4.246890674137493e-11,847678990637.3395
361.87498124112767,0.3285842358406883,32.85842358406883,0.6414170347546524,1.205229527094901e-10,0.2656609104530622,0.11824150262011715,2.5644281045607416e-06,4.426791825395091e-11,813230018937.8569
377.2042493417001,0.31523084479713387,31.523084479713383,0.6685878926463922,1.2091489200698314e-10,0.27456993631435295,0.12217536764876755,2.5644281045607416e-06,4.614313710669207e-11,780181024899.9948
393.18287557057704,0.30242012449948746,30.242012449948742,0.6969097263909593,1.2130683130447663e-10,0.2837577516999677,0.1262318255025103,2.5644281045607416e-06,4.809779149388972e-11,748475114591.7665
409.83836717572615,0.29013002125835385,29.013002125835385,0.7264312921012104,1.216987706019706e-10,0.29323309323856545,0.13041443233896824,2.5644281045607416e-06,5.013524635832113e-11,718057706203.4313
427.19939663067765,0.27833937762799943,27.83393776279994,0.7572034112318011,1.220907098994649e-10,0.30300388582476623,0.13472689813241284,2.5644281045607416e-06,5.2259009184007367e-11,688876436084.765
445.2958509942651,0.26702789598375015,26.70278959837501,0.7892790580684623,1.224826491969596e-10,0.3130778591661297,0.13917262509455813,2.5644281045607416e-06,5.447273603435684e-11,660881068600.8907
464.1588833612782,0.2561761035795791,25.617610357957904,0.8227134509233679,1.2287458849445465e-10,0.32346348746780934,0.14375521003044628,2.5644281045607416e-06,5.6780237846087775e-11,634023409651.5051
483.82096649259574,0.24576531902572019,24.576531902572018,0.8575641471936117,1.2326652779195e-10,0.3341693488148471,0.14847851833727463,2.5644281045607416e-06,5.918548698976627e-11,608257223704.6008
504.3159487171359,0.23577762012860579,23.57776201286058,0.8938911424464209,1.236584670894456e-10,0.34520365061542224,0.15334617537379028,2.5644281045607416e-06,6.169262410825289e-11,583538154201.8752
525.6791122018419,0.2261958130377609,22.619581303776087,0.9317569737016913,1.2405040638694148e-10,0.3565753882614907,0.15836218773070154,2.5644281045607416e-06,6.430596524483088e-11,559823647198.7922
547.9472336900282,0.21700340264654686,21.700340264654685,0.9712268270896232,1.2444234568443758e-10,0.3682937779858498,0.16353051645076214,2.5644281045607416e-06,6.703000927328538e-11,537072878107.8611
571.1586478126435,0.20818456419578787,20.818456419578784,1.012368650068831,1.2483428498193394e-10,0.38036765464636363,0.16885513376831185,2.5644281045607416e-06,6.986944564272751e-11,515246681418.99194
595.353313081437,0.19972411603140813,19.97241160314081,1.0552532683980642,1.2522622427943046e-10,0.3928065004299839,0.1743401911478589,2.5644281045607416e-06,7.28291624504929e-11,494307483275.971
620.57288067765,0.1916074934691707,19.16074934691707,1.0999545080629558,1.2561816357692718e-10,0.40561987957556495,0.17998990837028528,2.5644281045607416e-06,7.591425485701528e-11,474219236792.95935
646.8607661546321,0.1838207237215368,18.382072372153676,1.1465493223676426,1.2601010287442408e-10,0.4188173058408815,0.18580852156059025,2.5644281045607416e-06,7.913003385715813e-11,454947359999.68774
674.2622241778336,0.1763504018434735,17.63504018434735,1.1951179244100918,1.2640204217192112e-10,0.43240845609428946,0.19180031147399812,2.5644281045607416e-06,8.248203542310689e-11,436458676308.49945
702.8244264308353,0.16918366765580495,16.918366765580494,1.2457439251691633,1.2679398146941835e-10,0.446403173590036,0.1979696528639078,2.5644281045607416e-06,8.597603003456008e-11,418721357400.76575
732.596542821523,0.1623081836063809,16.23081836063809,1.2985144774411237,1.2718592076691567e-10,0.4608117272109792,0.20432106794983138,2.5644281045607416e-06,8.961803261262468e-11,401704868434.3536
763.6298261282242,0.1557121135309447,15.571211353094467,1.35352042587344,1.2757786006441312e-10,0.47564459437954154,0.21085918389366293,2.5644281045607416e-06,9.341431287452048e-11,385379915477.8058
795.9777002314978,0.14938410227714669,14.938410227714668,1.4108564633540688,1.2796979936191066e-10,0.4909120114122325,0.21758859997175287,2.5644281045607416e-06,9.737140612691406e-11,369718395080.76465
829.6958520834916,0.14331325615661838,14.331325615661838,1.4706212940255248,1.2836173865940837e-10,0.5066244646322999,0.2245139682764201,2.5644281045607416e-06,1.0149612451646734e-10,354693345893.80457
864.8423275731726,0.13748912419145987,13.748912419145986,1.532917803204313,1.2875367795690612e-10,0.5227928086929219,0.23164011251574967,2.5644281045607416e-06,1.0579556875696518e-10,340278902254.3999
901.4776314524918,0.13190168012285103,13.1901680122851,1.5978532344983,1.2914561725440398e-10,0.5394277531402878,0.23897184408391872,2.5644281045607416e-06,1.1027714035321504e-10,326450249659.11206
939.6648314954691,0.126541305150822,12.654130515082196,1.6655393744268538,1.295375565519019e-10,0.5565407140462706,0.24651413087385876,2.5644281045607416e-06,1.149485543427559e-10,313183582045.35986
979.4696670695386,0.12139877137546197,12.139877137546195,1.7360927448616497,1.299294958493999e-10,0.5741426955219981,0.25427191042594277,2.5644281045607416e-06,1.1981785257731702e-10,300456060809.21564
1020.9606623060475,0.11646522591106545,11.646522591106544,1.80963480361938,1.30321435146898e-10,0.5922436732474833,0.2622498818315116,2.5644281045607416e-06,1.2489341756688695e-10,288245775488.68915
1064.2092440647245,0.1117321756458659,11.17321756458659,1.886292153551704,1.3071337444439614e-10,0.6108564151788872,0.2704536225775483,2.5644281045607416e-06,1.301839869102263e-10,276531706044.8092
1109.2898648952228,0.10719147262112019,10.719147262112019,1.9661967604924124,1.3110531374189436e-10,0.6299929263520171,0.27888833909347704,2.5644281045607416e-06,1.3569866833666893e-10,265293686675.5675
1156.2801312073755,0.10283530000437646,10.283530000437645,2.049486180436953,1.3149725303939259e-10,0.6496612945820349,0.2875579865707885,2.5644281045607416e-06,1.4144695538510106e-10,254512371100.43845
1205.2609368708413,0.09865615863277549,9.865615863277547,2.1363037963454543,1.318891923368909e-10,0.6698775232977582,0.29646965896615946,2.5644281045607416e-06,1.4743874374711505e-10,244169199255.7039
1256.3166024741215,0.0946468541032222,9.464685410322218,2.2267990649768725,1.3228113163438926e-10,0.6906506683680146,0.30562731369868,2.5644281045607416e-06,1.5368434830246847e-10,234246365343.25446
1309.5350204826677,0.09080048438720147,9.080048438720144,2.3211277741791947,1.3267307093188766e-10,0.7119930669982186,0.3150364747567878,2.5644281045607416e-06,1.601945208761769e-10,224726787177.86093
1365.0078065460139,0.08711042794891698,8.711042794891696,2.4194523110786528,1.330650102293861e-10,0.7339169578550362,0.3247029693077577,2.5644281045607416e-06,1.6698046874781037e-10,215594076780.14484
1422.830457214352,0.08357033234629968,8.357033234629967,2.5219419416295965,1.3345694952688454e-10,0.7564332665983378,0.3346316842434935,2.5644281045607416e-06,1.7405387394485542e-10,206832512164.62836
1483.1025143361028,0.08017410329526206,8.017410329526205,2.628773102006276,1.3384888882438302e-10,0.7795550791984988,0.34482814711047616,2.5644281045607416e-06,1.814269133533559e-10,198427010274.2951
1545.9277364194786,0.07691589417837144,7.691589417837143,2.7401297023382027,1.3424082812188158e-10,0.8032939238139553,0.3552979651187157,2.5644281045607416e-06,1.8911227968045571e-10,190363101015.06595
1611.41427725302,0.07379009597988283,7.379009597988282,2.85620344331191,1.3463276741938014e-10,0.8276599113363977,0.3660463343778619,2.5644281045607416e-06,1.9712320330492698e-10,182626902345.49472
1679.6748720926532,0.07079132762980253,7.079132762980253,2.9771941461842246,1.3502470671687872e-10,0.8526707316230467,0.37708022376075967,2.5644281045607416e-06,2.0547347505330423e-10,175205096378.79453
1750.8270317357233,0.06791442674036192,6.791442674036192,3.1033100967750946,1.354166460143773e-10,0.8783309330953379,0.3884020571638121,2.5644281045607416e-06,2.1417746994082927e-10,168084906456.06052
1824.9932448161505,0.06515444071895334,6.515444071895332,3.2347684040321756,1.3580858531187594e-10,0.9046544569270453,0.4000192745275064,2.5644281045607416e-06,2.2325017191807745e-10,161254075151.218
1902.3011886689458,0.06250661824222842,6.250661824222841,3.371795373784469,1.362005246093746e-10,0.9316594989665683,0.4119392186283987,2.5644281045607416e-06,2.3270719966586934e-10,154700843169.83014
1982.8839491270714,0.05996640107668239,5.996640107668239,3.5146268983284097,1.3659246390687326e-10,0.9593467980093086,0.42416168916521935,2.5644281045607416e-06,2.425648334828709e-10,148413929105.44138
2066.880249629082,0.05752941623164226,5.752941623164226,3.6635088625171193,1.3698440320437194e-10,0.987736236776,0.43669751979536797,2.5644281045607416e-06,2.52840043312174e-10,142382510018.60443
2154.4346900318824,0.05519146843115251,5.519146843115251,3.818697567051788,1.3737634250187063e-10,1.016838043694749,0.4495516054715106,2.5644281045607416e-06,2.63550517955095e-10,136596202805.16336
2245.697995539772,0.05294853289179533,5.294853289179533,3.9804601697040787,1.3776828179936934e-10,1.046657297278264,0.4627239144336741,2.5644281045607416e-06,2.7471469552249784e-10,131045046321.70932
2340.827276178294,0.05079674839401592,5.079674839401592,4.149075145228903,1.3816022109686808e-10,1.0772193643362433,0.47622803016548704,2.5644281045607416e-06,2.863517951760485e-10,125719484237.4474
2439.98629725955,0.04873241063502239,4.873241063502238,4.324832764759469,1.385521603943668e-10,1.1085194820628999,0.4900638766469667,2.5644281045607416e-06,2.9848185021405383e-10,120610348582.94698
2543.345761304648,0.046751965851818275,4.675196585181827,4.508035595509848,1.3894409969186556e-10,1.1405701059096962,0.5042337508985676,2.5644281045607416e-06,3.1112574255884056e-10,115708843967.45674
2651.0836019085364,0.04485200470339057,4.4852004703390564,4.6989990216451885,1.393360389893643e-10,1.1734076183857642,0.5187544022326946,2.5644281045607416e-06,3.24305238705037e-10,111006532437.61758
2763.385290053173,0.043029256401519285,4.302925640151928,4.898051787216478,1.3972797828686308e-10,1.2069980582724453,0.5336162564130489,2.5644281045607416e-06,3.380430271906566e-10,106495318951.50131
2880.4441533962977,0.04128058308010751,4.1280583080107505,5.105536562094238,1.4011991758436187e-10,1.2413750482343693,0.5488300243118144,2.5644281045607416e-06,3.523627576554724e-10,102167437442.97601
3002.461709085549,0.039602974393336016,3.9602974393336012,5.321810531875659,1.4051185688186064e-10,1.276585714158703,0.5644141453159819,2.5644281045607416e-06,3.672890815539382e-10,98015437452.40144
3129.6480106707504,0.037993542333344954,3.7993542333344954,5.547246012780571,1.4090379617935943e-10,1.3125526642743754,0.5803445348767218,2.5644281045607416e-06,3.8284769459273297e-10,94032171300.6427
3262.2220097116665,0.036449516258520546,3.6449516258520545,5.782231092594812,1.4129573547685824e-10,1.3493436117673698,0.5966447486008546,2.5644281045607416e-06,3.9906538096598906e-10,90210781784.32158
3400.4119327037097,0.03496823812382816,3.496823812382816,6.027170298764387,1.4168767477435703e-10,1.3870152081246196,0.613336689240819,2.5644281045607416e-06,4.159700594643547e-10,86544690371.12253
3544.4556739704353,0.03354715790498065,3.3547157904980645,6.282485294790555,1.4207961407185585e-10,1.4254391580592713,0.6303761670722853,2.5644281045607416e-06,4.335908315372657e-10,83027585874.83167
3694.6012051993025,0.03218382920856472,3.218382920856471,6.548615606124662,1.4247155336935464e-10,1.4647210486010265,0.6478020927190908,2.5644281045607416e-06,4.519580313911691e-10,79653413590.6129
3851.107002325569,0.030875905060567848,3.0875905060567845,6.826019376812448,1.4286349266685348e-10,1.504919968254731,0.665637993145774,2.5644281045607416e-06,4.711032782099441e-10,76416364871.81656
4014.2424904993177,0.02962113386605666,2.9621133866056657,7.115174158190157,1.432554319643523e-10,1.5458797455987803,0.6838265845714776,2.5644281045607416e-06,4.910595305874066e-10,73310867130.3797
4184.288507901585,0.028417355533049762,2.841735553304976,7.416577730990539,1.4364737126185114e-10,1.5877157156750425,0.7024124983232257,2.5644281045607416e-06,5.118611432656226e-10,70331574243.5998
4361.537789208006,0.027262497753913942,2.726249775391394,7.73074896227364,1.4403931055934998e-10,1.6304939077906513,0.7214214226379977,2.5644281045607416e-06,5.335439262766838e-10,67473357350.770805
4546.2954695324,0.026154572437880833,2.615457243788083,8.058228698657878,1.444312498568488e-10,1.6740554581392966,0.7407958924675253,2.5644281045607416e-06,5.561452065897768e-10,64731296023.83552
4738.879609717651,0.025091672288543237,2.5091672288543236,8.399580697388975,1.4482318915434763e-10,1.7184928047606112,0.7605702932412179,2.5644281045607416e-06,5.797038923696627e-10,62100669796.85501
4939.621743878316,0.02407196752043947,2.4071967520439466,8.75539259684951,1.4521512845184647e-10,1.7638890331473311,0.7807775192431933,2.5644281045607416e-06,6.042605399571827e-10,59576950039.71453
5148.867450137497,0.02309370270907256,2.3093702709072557,9.126276928180033,1.4560706774934534e-10,1.8100974321442385,0.8013640336140723,2.5644281045607416e-06,6.298574236871118e-10,57155792162.07409
5366.976945540476,0.022155193768942472,2.2155193768942474,9.512872169752988,1.4599900704684416e-10,1.857167122863922,0.8223507129759815,2.5644281045607416e-06,6.565386086635351e-10,54833028134.144936
5594.325706169378,0.02125482505438816,2.1254825054388156,9.915843846315045,1.4639094634434302e-10,1.9051994021367784,0.8437734559990192,2.5644281045607416e-06,6.843500266180494e-10,52604659311.4146
5831.3051135262185,0.02039104657824939,2.0391046578249385,10.335885674689669,1.4678288564184187e-10,1.9540690546619548,0.8655869287374988,2.5644281045607416e-06,7.133395549813557e-10,50466849550.97004
6078.323128297224,0.01956237134355962,1.956237134355962,10.773720758012525,1.471748249393407e-10,2.003792740333318,0.8878051665462019,2.5644281045607416e-06,7.435570993043902e-10,48415918607.56705
6335.804992658254,0.01876737278367668,1.876737278367668,11.230102830555495,1.4756676423683957e-10,2.0544583131633236,0.9104529216343663,2.5644281045607416e-06,7.750546791708629e-10,46448335798.07818
6604.193962330305,0.018004682306444746,1.8004682306444744,11.705817555282087,1.4795870353433844e-10,2.105975944341981,0.9334992402066662,2.5644281045607416e-06,8.078865177491022e-10,44560713923.41293
6883.9520696454965,0.017272986938158794,1.7272986938158794,12.201683876368604,1.4835064283183728e-10,2.158351572827371,0.9569553691272163,2.5644281045607416e-06,8.421091351374005e-10,42749803437.4442
7175.560918936921,0.016571027063277233,1.657102706327723,12.71855542901853,1.4874258212933615e-10,2.2116290983170352,0.9808326934800518,2.5644281045607416e-06,8.777814456635026e-10,41012486852.906876
7479.522515621813,0.015897594255990136,1.5897594255990133,13.257322008997964,1.4913452142683502e-10,2.265755746912539,1.005107451014525,2.5644281045607416e-06,9.149648593057882e-10,39345773374.63463
7796.360130405236,0.015251529199911122,1.525152919991112,13.818911104421307,1.495264607243339e-10,2.320739921614966,1.0297931951332349,2.5644281045607416e-06,9.537233874107052e-10,37746793750.89833
8126.6192000919455,0.014631719692311074,1.4631719692311074,14.404289492424539,1.4991840002183273e-10,2.3765881620388902,1.0548933243718512,2.5644281045607416e-06,9.94123752888477e-10,36212795333.98148
8470.868266557402,0.014037098729457964,1.4037098729457964,15.014464903474824,1.503103393193316e-10,2.433259929931679,1.080383907688685,2.5644281045607416e-06,1.036235505076781e-09,34741137341.48931
8829.699955494083,0.013466642669767282,1.3466642669767281,15.650487756181015,1.5070227861683043e-10,2.4907740419538182,1.1062789866247058,2.5644281045607416e-06,1.0801311394701085e-09,33329286310.23536
9203.73199661823,0.012919369471600137,1.2919369471600137,16.313452965592283,1.5109421791432933e-10,2.549117063860531,1.1325787987048783,2.5644281045607416e-06,1.1258862225209622e-09,31974811734.877357
9593.608287093146,0.012394337002676148,1.2394337002676146,17.004501828097062,1.5148615721182822e-10,2.6082474085335727,1.1592623577514014,2.5644281045607416e-06,1.1735795217276926e-09,30675381883.79631
10000.0,0.011890641418189922,1.1890641418189922,17.724823986168186,1.518780965093271e-10,2.6681801818870508,1.1863343827981818,2.5644281045607416e-06,1.2232931412329792e-09,29428759785.01355
10423.606739764033,0.01140741560483996,1.1407415604839959,18.47565947633539,1.5227003580682598e-10,2.7288999908205103,1.2137963525128224,2.5644281045607416e-06,1.2751126631663198e-09,28232799375.237892
10865.157746525372,0.010943827688090876,1.0943827688090875,19.258300863911366,1.526619751043248e-10,2.790366657723699,1.2416321940263926,2.5644281045607416e-06,1.3291272949738836e-09,27085441805.41215
11325.413151528126,0.010499079600098798,1.0499079600098797,20.074095468146975,1.530539144018237e-10,2.8525735971968325,1.2698365639965155,2.5644281045607416e-06,1.3854300229894094e-09,25984711896.3981
11805.165285688032,0.010072405705835867,1.0072405705835867,20.924447681644253,1.5344585369932256e-10,2.9155244842408443,1.298412596547567,2.5644281045607416e-06,1.4441177725103781e-09,24928714738.701332
12305.240043592616,0.0096630714850471,0.9663071485047099,21.81082138802271,1.5383779299682145e-10,2.979158228158931,1.327341417082416,2.5644281045607416e-06,1.5052915746552212e-09,23915632430.378544
12826.498305280626,0.009270372267772125,0.9270372267772123,22.73474248199828,1.542297322943203e-10,3.0434755345009363,1.3566217635788107,2.5644281045607416e-06,1.5690567402886165e-09,22943720947.5153
13369.837418249452,0.00889363202125374,0.8893632021253739,23.697801496215583,1.5462167159181916e-10,3.108452259852752,1.3862430972190307,2.5644281045607416e-06,1.6355230413144523e-09,22011307141.883606
13936.192742241436,0.008532202186145678,0.8532202186145678,24.70165633935426,1.5501361088931805e-10,3.174059390848496,1.4161958578105407,2.5644281045607416e-06,1.7048048996484671e-09,21116785860.612694
14526.539259467783,0.008185460560016159,0.8185460560016158,25.7480351502227,1.554055501868169e-10,3.2402773124548263,1.446475451980068,2.5644281045607416e-06,1.777021584195844e-09,20258617182.914566
15141.89325304352,0.007852810226224497,0.7852810226224496,26.838739272754253,1.5579748948431579e-10,3.3070580669921847,1.4770624170239544,2.5644281045607416e-06,1.8522974161729962e-09,19435323769.105644
15783.314056521198,0.0075336785263276996,0.7533678526327698,27.97564635702509,1.5618942878181468e-10,3.374385393684471,1.5079486743175337,2.5644281045607416e-06,1.9307619831268347e-09,18645488317.36299
16451.905877536607,0.007227516074247324,0.7227516074247323,29.160713591634067,1.5658136807931352e-10,3.442235014246012,1.5391271868842606,2.5644281045607416e-06,2.0125503620200966e-09,17887751123.835243
17148.819698705407,0.006933795810499801,0.6933795810499801,30.395981073008507,1.5697330737681241e-10,3.510563528286211,1.5705825032946819,2.5644281045607416e-06,2.097803351766719e-09,17160807741.90854
17875.25525904232,0.006652012094862283,0.6652012094862282,31.683575317434993,1.5736524667431125e-10,3.5793379239311833,1.602300851397742,2.5644281045607416e-06,2.1866677156175045e-09,16463406736.598648
18632.4631193156,0.0063816798359114515,0.6381679835911451,33.025712921863665,1.5775718597181015e-10,3.6485248646314874,1.6342695409589596,2.5644281045607416e-06,2.279296433813504e-09,15794347530.201761
19421.746814890284,0.006122333655937517,0.6122333655937516,34.42470437978505,1.5814912526930904e-10,3.7180864006997956,1.6664751398821156,2.5644281045607416e-06,2.375848966941858e-09,15152478335.49724
20244.46509976802,0.005873527089795155,0.5873527089795154,35.88295805875105,1.5854106456680788e-10,3.787983151950603,1.6989019523308866,2.5644281045607416e-06,2.476491530447647e-09,14536694172.942595
21102.034285685964,0.005634831816312486,0.5634831816312486,37.402984346386695,1.589330038643068e-10,3.858180347303014,1.7315354666992253,2.5644281045607416e-06,2.5813973807742598e-09,13945934968.448067
21995.930680300702,0.005405836920935161,0.5405836920935161,38.987399972028406,1.5932494316180564e-10,3.928636222257394,1.7643596707822709,2.5644281045607416e-06,2.690747113624773e-09,13379183728.456554
22927.693128656487,0.0051861481883357635,0.5186148188335763,40.63893251143108,1.597168824593045e-10,3.999306945351708,1.797358026984976,2.5644281045607416e-06,2.8047289748579758e-09,12835464789.18625
23898.92566231053,0.0049753874237711045,0.49753874237711043,42.360425082296814,1.601088217568034e-10,4.070148845469697,1.8305138087312172,2.5644281045607416e-06,2.9235391845541037e-09,12313842137.02294
24911.30026067786,0.004773191802018957,0.4773191802018956,44.15484123870969,1.6050076105430227e-10,4.141117689129631,1.863806476925931,2.5644281045607416e-06,3.0473822748082287e-09,11813417797.170023
25966.559729348723,0.004579213242773408,0.4579213242773407,46.02527007290248,1.6089270035180116e-10,4.212154506167012,1.897215547646048,2.5644281045607416e-06,3.176471441832847e-09,11333330287.782387
27066.52070033236,0.00439311781142377,0.439311781142377,47.974931533136456,1.612846396493e-10,4.283219563492131,1.9307246625567374,2.5644281045607416e-06,3.3110289129756733e-09,10872753136.9233
28213.076759394706,0.0042145851441851515,0.4214585144185151,50.0071819668519,1.6167657894679887e-10,4.354275030197649,1.9643183008433598,2.5644281045607416e-06,3.4512863292846806e-09,10430893459.790518
29408.201705870666,0.004043307896591425,0.40433078965914243,52.1255198986284,1.6206851824429776e-10,4.425253940530962,1.9979703580401758,2.5644281045607416e-06,3.5974851442787266e-09,10006990593.76318
30653.952950565235,0.003878991214400876,0.38789912144008754,54.33359205290446,1.6246045754179663e-10,4.496129852818284,2.031665064232793,2.5644281045607416e-06,3.7498770396104545e-09,9600314788.91899
31952.475057592135,0.003721352226003765,0.37213522260037646,56.635199631824484,1.6285239683929552e-10,4.566822939355414,2.065376329500991,2.5644281045607416e-06,3.908724358336996e-09,9210165951.767586
33306.00343624582,0.003570119555458231,0.3570119555458231,59.034304859016494,1.632443361367944e-10,4.637303635827803,2.0990856891516305,2.5644281045607416e-06,4.07430055654412e-09,8835872440.03808
34716.868189265595,0.0034250328553157325,0.3425032855315732,61.53503780057287,1.6363627543429328e-10,4.707509792680435,2.1327750556411518,2.5644281045607416e-06,4.246890674101762e-09,8476789906.444712
36187.49812411284,0.003285842358432325,0.3285842358432325,64.1417034749686,1.6402821473179218e-10,4.77737569447125,2.16640706724847,2.5644281045607416e-06,4.426791825360815e-09,8132300189.441536
37720.42493416993,0.0031523084479938147,0.31523084479938146,66.85878926416251,1.64420154029291e-10,4.846860618087288,2.1999752123224114,2.5644281045607416e-06,4.614313710636307e-09,7801810249.055574
39318.2875570577,0.0030242012450147106,0.30242012450147104,69.69097263863881,1.6481209332678989e-10,4.915914967333336,2.2334493711188657,2.5644281045607416e-06,4.809779149357423e-09,7484751145.966759
40983.83671757253,0.0029013002126010625,0.29013002126010623,72.64312920968227,1.6520403262428875e-10,4.984468931678382,2.266803445409714,2.5644281045607416e-06,5.013524635801831e-09,7180577062.0776825
42719.939663067766,0.0027833937762954553,0.2783393776295455,75.7203411227595,1.6559597192178765e-10,5.05244839908134,2.30001105702894,2.5644281045607416e-06,5.2259009183717085e-09,6888764360.885915
44529.5850994266,0.0026702789598511576,0.2670278959851157,78.92790580644258,1.6598791121928654e-10,5.119893615372597,2.333074614976868,2.5644281045607416e-06,5.4472736034078256e-09,6608810686.0427065
46415.888336127726,0.0025617610358078594,0.2561761035807859,82.2713450919492,1.6637985051678535e-10,5.1865628575689735,2.3659128239984937,2.5644281045607416e-06,5.678023784582028e-09,6340234096.54492
48382.09664925957,0.002457653190267855,0.2457653190267855,85.75641471898943,1.6677178981428425e-10,5.252596647106969,2.3985625069172456,2.5644281045607416e-06,5.91854869895097e-09,6082572237.072375
50431.59487171348,0.0023577762012954593,0.2357776201295459,89.38911424428564,1.6716372911178314e-10,5.317841231404374,2.4309705374922084,2.5644281045607416e-06,6.16926241080069e-09,5835381542.04202
52567.91122018419,0.0022619581303859075,0.22619581303859074,93.17569736982729,1.6755566840928203e-10,5.382175538182653,2.4630826162316044,2.5644281045607416e-06,6.430596524459495e-09,5598236472.00846
54794.723369002924,0.0021700340264727974,0.21700340264727971,97.12268270863431,1.679476077067809e-10,5.445778210295039,2.494964819871512,2.5644281045607416e-06,6.703000927305901e-09,5370728781.096748
57115.86478126423,0.0020818456419643555,0.20818456419643555,101.23686500656814,1.6833954700427977e-10,5.508230353521669,2.5264548854144966,2.5644281045607416e-06,6.986944564251013e-09,5152466814.20595
59535.3313081437,0.0019972411603197955,0.19972411603197954,105.5253268395045,1.6873148630177866e-10,5.569797951415116,2.5576503886177626,2.5644281045607416e-06,7.282916245028455e-09,4943074832.773852
62057.288067765134,0.00191607493469675,0.19160749346967498,109.99545080600606,1.6912342559927755e-10,5.63029484500375,2.588469038608022,2.5644281045607416e-06,7.591425485681548e-09,4742192367.942075
64686.07661546321,0.0018382072372198225,0.18382072372198224,114.6549322364864,1.695153648967764e-10,5.689609720720966,2.6188771701255753,2.5644281045607416e-06,7.913003385696638e-09,4549473600.007902
67426.22241778349,0.001763504018438666,0.17635040184386658,119.51179244074277,1.6990730419427526e-10,5.747833113341947,2.6488860820887354,2.5644281045607416e-06,8.248203542292305e-09,4364586763.094723
70282.44264308338,0.001691836676561528,0.16918366765615278,124.57439251666017,1.7029924349177413e-10,5.804761709021209,2.6784375146465798,2.5644281045607416e-06,8.597603003438331e-09,4187213574.0162663
73259.6542821523,0.0016230818360668765,0.16230818360668764,129.85144774386694,1.7069118278927302e-10,5.860449175084454,2.7075209569176266,2.5644281045607416e-06,8.96180326124553e-09,4017048684.351127
76362.98261282257,0.001557121135312152,0.1557121135312152,135.35204258710883,1.7108312208677192e-10,5.914781165550907,2.7361104406069803,2.5644281045607416e-06,9.341431287435817e-09,3853799154.784753
79597.77002314977,0.0014938410227738584,0.14938410227738583,141.085646335181,1.7147506138427078e-10,5.967737009107523,2.764178050472151,2.5644281045607416e-06,9.737140612675817e-09,3697183950.8135657
82969.58520834915,0.0014331325615682961,0.1433132561568296,147.06212940233573,1.7186700068176968e-10,6.019252422209651,2.7917001608758625,2.5644281045607416e-06,1.0149612451631772e-08,3546933458.9432735
86484.23275731709,0.0013748912419164656,0.13748912419164655,153.29178032022315,1.7225893997926852e-10,6.069266382085405,2.818647210265624,2.5644281045607416e-06,1.0579556875682153e-08,3402789022.5486193
90147.76314524918,0.0013190168012301566,0.13190168012301565,159.7853234496306,1.726508792767674e-10,6.117772977649098,2.8450068376970292,2.5644281045607416e-06,1.102771403530774e-08,3264502496.5951953
93966.4831495471,0.0012654130515096706,0.12654130515096704,166.55393744249443,1.7304281857426628e-10,6.164665429041814,2.870740758834189,2.5644281045607416e-06,1.149485543426241e-08,3131835820.4571896
97946.96670695386,0.0012139877137559024,0.12139877137559023,173.60927448598153,1.7343475787176515e-10,6.209945230122372,2.8958373469184964,2.5644281045607416e-06,1.1981785257719044e-08,3004560608.0953307
102096.06623060476,0.0011646522591117871,0.11646522591117871,180.96348036176198,1.7382669716926404e-10,6.253543537415173,2.9202679121124615,2.5644281045607416e-06,1.2489341756676546e-08,2882457754.8896947
106420.92440647224,0.0011173217564596617,0.11173217564596616,188.62921535500112,1.7421863646676288e-10,6.295426634779843,2.944004664620788,2.5644281045607416e-06,1.3018398691010951e-08,2765317060.4505734
110928.98648952227,0.0010719147262120863,0.10719147262120864,196.619676049079,1.7461057576426177e-10,6.335563961779985,2.9670392609280274,2.5644281045607416e-06,1.3569866833655693e-08,2652936866.7578645
115628.01312073777,0.001028353000044543,0.10283530000445427,204.94861804354016,1.7500251506176067e-10,6.373911788109131,2.9893457305944913,2.5644281045607416e-06,1.4144695538499395e-08,2545123711.006311
120526.09368708414,0.0009865615863284443,0.09865615863284442,213.63037963439612,1.753944543592595e-10,6.410440479088368,3.0109061739246945,2.5644281045607416e-06,1.4743874374701205e-08,2441691992.558745
125631.66024741215,0.0009464685410328301,0.09464685410328301,222.67990649754415,1.757863936567584e-10,6.445069220749488,3.031679621327019,2.5644281045607416e-06,1.536843483023697e-08,2342463653.43405
130953.5020482665,0.0009080048438725537,0.09080048438725535,232.11277741778164,1.7617833295425727e-10,6.4777676363394905,3.0516553738636056,2.5644281045607416e-06,1.601945208760818e-08,2247267871.7799435
136500.78065460137,0.0008711042794896433,0.08711042794896431,241.9452311077338,1.7657027225175616e-10,6.508544093656237,3.0708259615546174,2.5644281045607416e-06,1.669804687477196e-08,2155940767.80262
142283.04572143548,0.0008357033234634134,0.08357033234634134,252.19419416283387,1.7696221154925505e-10,6.537373691622566,3.0891710256286475,2.5644281045607416e-06,1.7405387394476863e-08,2068325121.647315
148310.25143361028,0.0008017410329529901,0.080174103295299,262.87731020050643,1.773541508467539e-10,6.564217918620989,3.1066715495394384,2.5644281045607416e-06,1.814269133532723e-08,1984270102.7438653
154592.77364194786,0.0007691589417840409,0.07691589417840408,274.012970233704,1.777460901442528e-10,6.5890324932476005,3.123308751899629,2.5644281045607416e-06,1.891122796803755e-08,1903631010.1514673
161141.42772530165,0.0007379009597991188,0.07379009597991186,285.62034433107857,1.7813802944175166e-10,6.611804009689388,3.1390651778996723,2.5644281045607416e-06,1.9712320330484937e-08,1826269023.455666
167967.48720926532,0.0007079132762982798,0.07079132762982798,297.71941461831534,1.7852996873925052e-10,6.6325163112232595,3.153924274629998,2.5644281045607416e-06,2.0547347505323035e-08,1752050963.7885752
175082.7031735727,0.0006791442674038426,0.06791442674038425,310.33100967740745,1.7892190803674942e-10,6.651135777440927,3.167876612928821,2.5644281045607416e-06,2.141774699407588e-08,1680849064.561158
182499.32448161504,0.0006515444071897318,0.06515444071897318,323.476840403119,1.7931384733424826e-10,6.667654162643051,3.1809153012887035,2.5644281045607416e-06,2.232501719180094e-08,1612540751.5126715
190230.11886689457,0.0006250661824224588,0.06250661824224588,337.1795373783527,1.7970578663174715e-10,6.682089289479345,3.193022170733692,2.5644281045607416e-06,2.3270719966580428e-08,1547008431.698734
198288.39491270675,0.0005996640107669798,0.05996640107669798,351.4626898327496,1.8009772592924602e-10,6.694412446462408,3.204179783977847,2.5644281045607416e-06,2.4256483348280788e-08,1484139291.0547996
206688.0249629082,0.0005752941623165597,0.057529416231655965,366.3508862516247,1.804896652267449e-10,6.7045327367108785,3.214371416465403,2.5644281045607416e-06,2.528400433121138e-08,1423825100.1863837
215443.46900318866,0.0005519146843116446,0.05519146843116445,381.86975670509617,1.808816045242438e-10,6.712499957688873,3.2236075010579213,2.5644281045607416e-06,2.635505179550379e-08,1365962028.0519292
224569.79955397718,0.0005294853289180599,0.05294853289180598,398.0460169703278,1.8127354382174267e-10,6.718390309329818,3.231874430228909,2.5644281045607416e-06,2.7471469552244255e-08,1310450463.2173567
234082.72761782943,0.0005079674839402531,0.05079674839402531,414.9075145228135,1.8166548311924154e-10,6.722098475601652,3.239143056696504,2.5644281045607416e-06,2.8635179517599555e-08,1257194842.3747065
243998.62972595452,0.00048732410635030803,0.0487324106350308,432.48327647587223,1.8205742241674038e-10,6.723599615969254,3.2454310935197914,2.5644281045607416e-06,2.984818502140023e-08,1206103485.829678
254334.57613046482,0.0004675196585182564,0.04675196585182564,450.80355955091375,1.8244936171423927e-10,6.722998173058758,3.2507517066148917,2.5644281045607416e-06,3.111257425587915e-08,1157088439.6747499
265108.3601908542,0.0004485200470339696,0.04485200470339695,469.8999021644518,1.8284130101173816e-10,6.720283704659674,3.2550495923554226,2.5644281045607416e-06,3.2430523870499066e-08,1110065324.3763342
276338.5290053167,0.0004302925640152505,0.043029256401525044,489.80517872158225,1.8323324030923703e-10,6.71537860815202,3.258334101212394,2.5644281045607416e-06,3.380430271906113e-08,1064953189.5151557
288044.4153396298,0.000412805830801126,0.0412805830801126,510.55365620936084,1.8362517960673593e-10,6.708270940859855,3.2606332875789983,2.5644281045607416e-06,3.5236275765542895e-08,1021674374.4298863
300246.17090855434,0.0003960297439334062,0.039602974393340616,532.1810531875042,1.8401711890423477e-10,6.699135280460055,3.2619500852179355,2.5644281045607416e-06,3.672890815538955e-08,980154374.5241282
312964.80106707505,0.0003799354233334891,0.03799354233334891,554.7246012779992,1.8440905820173369e-10,6.687926455408965,3.262229765803825,2.5644281045607416e-06,3.82847694592693e-08,940321713.006525
326222.2009711673,0.00036449516258523965,0.03644951625852397,578.223109259427,1.8480099749923258e-10,6.674503462774411,3.261495999363867,2.5644281045607416e-06,3.990653809659517e-08,902107817.8433003
340041.19327037025,0.0003496823812383128,0.03496823812383128,602.717029876385,1.851929367967314e-10,6.6589873506915085,3.2597948108961514,2.5644281045607416e-06,4.1597005946431764e-08,865446903.7113023
354445.5673970436,0.00033547157904983364,0.03354715790498336,628.2485294790047,1.8558487609423029e-10,6.641517777551639,3.2570936014639393,2.5644281045607416e-06,4.335908315372306e-08,830275858.7483839
369460.1205199295,0.00032183829208567137,0.03218382920856713,654.8615606124171,1.8597681539172915e-10,6.622034291912683,3.2533712928231644,2.5644281045607416e-06,4.5195803139113505e-08,796534135.906189
385110.7002325569,0.00030875905060569957,0.03087590506056995,682.6019376811981,1.8636875468922805e-10,6.600352919212032,3.2486452502187144,2.5644281045607416e-06,4.711032782099121e-08,764163648.7182177
401424.2490499326,0.0002962113386605845,0.029621133866058448,711.5174158189727,1.8676069398672694e-10,6.576678361862857,3.2429566477300504,2.5644281045607416e-06,4.9105953058737696e-08,733108671.3038415
418428.8507901576,0.0002841735553305144,0.028417355533051438,741.6577730990101,1.871526332842258e-10,6.55133116073486,3.236341114049325,2.5644281045607416e-06,5.118611432655924e-08,703315742.4360394
436153.77892080054,0.00027262497753915407,0.027262497753915402,773.0748962273224,1.8754457258172465e-10,6.523872411904439,3.2286834512230604,2.5644281045607416e-06,5.335439262766551e-08,674733573.5077443
454629.546953239,0.00026154572437882175,0.026154572437882172,805.8228698657464,1.8793651187922352e-10,6.4942278247393785,3.220011034661911,2.5644281045607416e-06,5.561452065897483e-08,647312960.2383883
473887.9609717651,0.000250916722885444,0.0250916722885444,839.9580697388585,1.883284511767224e-10,6.4629722630842315,3.2104957451054217,2.5644281045607416e-06,5.797038923696357e-08,621006697.9685788
493962.1743878326,0.0002407196752044044,0.024071967520440437,875.539259684916,1.887203904742213e-10,6.430203510488448,3.2000920966432576,2.5644281045607416e-06,6.042605399571584e-08,595769500.3971694
514886.7450137487,0.00023093702709073486,0.023093702709073485,912.6276928179668,1.8911232977172017e-10,6.395036385118568,3.1885661863473165,2.5644281045607416e-06,6.298574236870866e-08,571557921.6207637
536697.6945540477,0.00022155193768943254,0.022155193768943253,951.2872169752651,1.8950426906921906e-10,6.358095818817286,3.1761428534893845,2.5644281045607416e-06,6.565386086635121e-08,548330281.3414687
559432.5706169389,0.00021254825054388798,0.021254825054388794,991.5843846314747,1.8989620836671796e-10,6.31992251658116,3.1630168932394627,2.5644281045607416e-06,6.843500266180287e-08,526046593.11416185
583130.5113526218,0.00020391046578249985,0.020391046578249982,1033.5885674689366,1.9028814766421677e-10,6.280047610029085,3.14893304039191,2.5644281045607416e-06,7.13339554981335e-08,504668495.5097151
607832.3128297236,0.00019562371343560104,0.019562371343560103,1077.372075801226,1.9068008696171566e-10,6.2377878333103824,3.1337253256712345,2.5644281045607416e-06,7.435570993043718e-08,484159186.07568234
633580.4992658241,0.0001876737278367721,0.018767372783677207,1123.0102830555177,1.9107202625921453e-10,6.194380913239915,3.117844498438262,2.5644281045607416e-06,7.750546791708414e-08,464483357.98079485
660419.3962330305,0.00018004682306445167,0.018004682306445165,1170.581755528181,1.9146396555671342e-10,6.149908579591542,3.1013280369814598,2.5644281045607416e-06,8.078865177490832e-08,445607139.2341397
688395.206964551,0.00017272986938159131,0.017272986938159127,1220.1683876368365,1.9185590485421232e-10,6.103167390192084,3.0836521760420057,2.5644281045607416e-06,8.421091351373841e-08,427498034.37445027
717556.0918936922,0.00016571027063277553,0.016571027063277552,1271.8555429018286,1.9224784415171118e-10,6.054910695982018,3.0651545941375304,2.5644281045607416e-06,8.777814456634858e-08,410124868.5290767
747952.2515621829,0.00015897594255990407,0.015897594255990403,1325.732200899774,1.9263978344921008e-10,6.00570436767698,3.046060486304123,2.5644281045607416e-06,9.149648593057724e-08,393457733.74635303
779636.0130405221,0.0001525152919991143,0.015251529199911427,1381.8911104421031,1.930317227467089e-10,5.9553689307856015,3.026309012657757,2.5644281045607416e-06,9.537233874106859e-08,377467937.508991
812661.9200091945,0.00014631719692311294,0.014631719692311293,1440.4289492424323,1.9342366204420784e-10,5.902736744878867,3.00541002995057,2.5644281045607416e-06,9.941237528884622e-08,362127953.3398202
847086.826655742,0.00014037098729458136,0.014037098729458136,1501.4464903474639,1.9381560134170668e-10,5.849239484252746,2.9839187263287434,2.5644281045607416e-06,1.0362355050767683e-07,347411373.41489744
882969.9955494083,0.00013466642669767456,0.013466642669767456,1565.0487756180812,1.9420754063920555e-10,5.794938468162367,2.9618911136792954,2.5644281045607416e-06,1.0801311394700941e-07,333292863.1023579
920373.199661823,0.00012919369471600295,0.012919369471600294,1631.3452965592082,1.9459947993670444e-10,5.7391655303089255,2.9391059620034192,2.5644281045607416e-06,1.1258862225209484e-07,319748117.3487775
959360.8287093127,0.0001239433700267631,0.01239433700267631,1700.4501828096838,1.949914192342033e-10,5.68184250831467,2.9154416719581135,2.5644281045607416e-06,1.1735795217276769e-07,306753818.83796716
1000000.0,0.00011890641418190049,0.011890641418190047,1772.4823986167999,1.953833585317022e-10,5.623858084442372,2.89126443440786,2.5644281045607416e-06,1.2232931412329661e-07,294287597.8501386
1042360.6739764033,0.0001140741560484007,0.01140741560484007,1847.5659476335213,1.957752978292011e-10,5.5650257925343345,2.866544842344171,2.5644281045607416e-06,1.2751126631663076e-07,282327993.7523816
1086515.7746525372,0.00010943827688090962,0.01094382768809096,1925.8300863911215,1.9616723712669993e-10,5.504858948589918,2.8411448436936624,2.5644281045607416e-06,1.3291272949738732e-07,270854418.05412364
1132541.3151528127,0.00010499079600098864,0.010499079600098864,2007.4095468146847,1.9655917642419883e-10,5.443670752607594,2.815071399292239,2.5644281045607416e-06,1.3854300229894006e-07,259847118.9639826
1180516.528568803,0.00010072405705835937,0.010072405705835936,2092.4447681644106,1.9695111572169767e-10,5.381906221640853,2.788515772364908,2.5644281045607416e-06,1.4441177725103684e-07,249287147.387015
1230524.0043592616,9.663071485047167e-05,0.009663071485047166,2181.0821388022555,1.9734305501919656e-10,5.3193397358484,2.761460284235314,2.5644281045607416e-06,1.505291574655211e-07,239156324.30378708
1282649.8305280625,9.27037226777218e-05,0.00927037226777218,2273.474248199814,1.9773499431669545e-10,5.255776630646775,2.7338611288386043,2.5644281045607416e-06,1.5690567402886069e-07,229437209.4751544
1336983.7418249452,8.893632021253789e-05,0.008893632021253787,2369.7801496215448,1.9812693361419432e-10,5.191494915367443,2.705720186912847,2.5644281045607416e-06,1.6355230413144434e-07,220113071.41883725
1393619.2742241435,8.532202186145711e-05,0.00853220218614571,2470.165633935416,1.9851887291169321e-10,5.126715029014999,2.6771340215805983,2.5644281045607416e-06,1.7048048996484607e-07,211167858.60612774
1452653.9259467782,8.185460560016196e-05,0.008185460560016195,2574.8035150222586,1.9891081220919206e-10,5.061319563141944,2.6481426796860497,2.5644281045607416e-06,1.7770215841958365e-07,202586171.8291466
1514189.325304352,7.852810226224531e-05,0.00785281022622453,2683.873927275414,1.9930275150669095e-10,4.995223216119579,2.618726067865676,2.5644281045607416e-06,1.852297416172988e-07,194353237.69105726
1578331.4056521198,7.533678526327732e-05,0.007533678526327732,2797.5646357024966,1.9969469080418982e-10,4.928618818232363,2.5888749357555967,2.5644281045607416e-06,1.9307619831268264e-07,186454883.17363074
1645190.5877536607,7.227516074247354e-05,0.007227516074247353,2916.071359163395,2.0008663010168868e-10,4.861650475674692,2.5586467002144806,2.5644281045607416e-06,2.012550362020088e-07,178877511.23835316
1714881.9698705408,6.933795810499823e-05,0.006933795810499822,3039.5981073008415,2.0047856939918758e-10,4.7942947055473475,2.5281165538041743,2.5644281045607416e-06,2.097803351766712e-07,171608077.41908595
1787525.5259042317,6.652012094862302e-05,0.006652012094862301,3168.35753174349,2.0087050869668642e-10,4.7264780022348125,2.49726099450578,2.5644281045607416e-06,2.1866677156174976e-07,164634067.36598697
1863246.3119315598,6.381679835911467e-05,0.006381679835911467,3302.5712921863587,2.012624479941853e-10,4.65834407133713,2.4660777422157194,2.5644281045607416e-06,2.2792964338134978e-07,157943475.30201802
1942174.6814890285,6.122333655937539e-05,0.006122333655937538,3442.4704379784926,2.016543872916842e-10,4.590024712230793,2.434605212779482,2.5644281045607416e-06,2.375848966941849e-07,151524783.35497296
2024446.5099768017,5.873527089795176e-05,0.0058735270897951756,3588.2958058750924,2.0204632658918305e-10,4.521496685384334,2.402910813730663,2.5644281045607416e-06,2.476491530447638e-07,145366941.72942647
2110203.4285685965,5.634831816312495e-05,0.005634831816312495,3740.2984346386634,2.0243826588668194e-10,4.452747284093151,2.370996301911387,2.5644281045607416e-06,2.5813973807742554e-07,139459349.68448088
2199593.06803007,5.40583692093518e-05,0.00540583692093518,3898.7399972028275,2.028302051841808e-10,4.383855625939649,2.3388537131928677,2.5644281045607416e-06,2.6907471136247637e-07,133791837.28456597
2292769.312865649,5.186148188335773e-05,0.005186148188335772,4063.8932511431,2.032221444816797e-10,4.314951254990357,2.3065218292158445,2.5644281045607416e-06,2.804728974857971e-07,128354647.89186274
2389892.566231053,4.975387423771107e-05,0.004975387423771106,4236.04250822968,2.036140837791786e-10,4.2460302147691795,2.274049122415608,2.5644281045607416e-06,2.923539184554102e-07,123138421.37022944
2491130.026067786,4.773191802018963e-05,0.004773191802018963,4415.484123870963,2.0400602307667743e-10,4.177079466972815,2.241447777223108,2.5644281045607416e-06,3.047382274808224e-07,118134177.97170039
2596655.9729348724,4.5792132427734094e-05,0.0045792132427734085,4602.527007290247,2.0439796237417633e-10,4.108179440515179,2.2087213003913773,2.5644281045607416e-06,3.1764714418328465e-07,113333302.87782389
2706652.070033236,4.393117811423774e-05,0.004393117811423774,4797.493153313641,2.047899016716752e-10,4.039413648603487,2.1758940164966347,2.5644281045607416e-06,3.3110289129756707e-07,108727531.3692331
2821307.6759394705,4.2145851441851564e-05,0.004214585144185156,5000.718196685185,2.0518184096917406e-10,3.970787092136743,2.143001895018284,2.5644281045607416e-06,3.4512863292846763e-07,104308934.59790532
2940820.1705870666,4.0433078965914276e-05,0.004043307896591427,5212.551989862836,2.0557378026667298e-10,3.902310013875466,2.110067013518626,2.5644281045607416e-06,3.5974851442787243e-07,100069905.93763188
3065395.2950565238,3.878991214400877e-05,0.003878991214400877,5433.359205290444,2.0596571956417182e-10,3.8340517948545325,2.077101799310559,2.5644281045607416e-06,3.7498770396104525e-07,96003147.88918993
3195247.5057592136,3.721352226003767e-05,0.003721352226003767,5663.519963182444,2.0635765886167071e-10,3.7660812805418415,2.0441276262430916,2.5644281045607416e-06,3.908724358336993e-07,92101659.5176759
3330600.3436245816,3.570119555458234e-05,0.0035701195554582337,5903.430485901644,2.0674959815916955e-10,3.6984094382628694,2.011169319483293,2.5644281045607416e-06,4.074300556544116e-07,88358724.40038086
3471686.8189265593,3.4250328553157356e-05,0.0034250328553157355,6153.503780057282,2.0714153745666845e-10,3.631016300850321,1.9782345332290607,2.5644281045607416e-06,4.246890674101759e-07,84767899.06444718
3618749.812411284,3.28584235843233e-05,0.0032858423584323296,6414.170347496848,2.0753347675416734e-10,3.5639892795605332,1.9453525809558265,2.5644281045607416e-06,4.4267918253608084e-07,81323001.89441548
3772042.4934169934,3.1523084479938164e-05,0.003152308447993816,6685.878926416247,2.0792541605166618e-10,3.497383635895122,1.9125470398629605,2.5644281045607416e-06,4.614313710636304e-07,78018102.4905558
3931828.75570577,3.024201245014714e-05,0.0030242012450147136,6969.097263863873,2.0831735534916508e-10,3.4312336840198987,1.8798374728199656,2.5644281045607416e-06,4.809779149357418e-07,74847511.45966767
4098383.671757253,2.9013002126010612e-05,0.0029013002126010608,7264.312920968231,2.0870929464666392e-10,3.3654934059714887,1.8472165205635895,2.5644281045607416e-06,5.013524635801834e-07,71805770.6207768
4271993.966306777,2.7833937762954616e-05,0.0027833937762954614,7572.034112275934,2.091012339441628e-10,3.30022145096359,1.8147183982558732,2.5644281045607416e-06,5.225900918371697e-07,68887643.6088593
4452958.50994266,2.6702789598511567e-05,0.0026702789598511563,7892.79058064426,2.094931732416617e-10,3.235480150650876,1.782371080641639,2.5644281045607416e-06,5.447273603407828e-07,66088106.86042704
4641588.833612773,2.5617610358078565e-05,0.0025617610358078563,8227.13450919493,2.0988511253916057e-10,3.1713009097013405,1.7501761819186612,2.5644281045607416e-06,5.678023784582034e-07,63402340.96544913
4838209.664925957,2.4576531902678545e-05,0.002457653190267854,8575.641471898945,2.1027705183665946e-10,3.1076687693471015,1.7181512116653703,2.5644281045607416e-06,5.918548698950973e-07,60825722.370723724
5043159.487171348,2.357776201295465e-05,0.002357776201295465,8938.911424428541,2.106689911341583e-10,3.044618691807251,1.6863110013123677,2.5644281045607416e-06,6.169262410800675e-07,58353815.42042034
5256791.122018419,2.2619581303859115e-05,0.0022619581303859114,9317.569736982712,2.110609304316572e-10,2.9821816439947013,1.654685404431382,2.5644281045607416e-06,6.430596524459484e-07,55982364.72008471
5479472.336900293,2.1700340264727953e-05,0.002170034026472795,9712.26827086344,2.1145286972915612e-10,2.920377033684509,1.623255007984629,2.5644281045607416e-06,6.703000927305907e-07,53707287.810967445
5711586.478126423,2.081845641964357e-05,0.002081845641964357,10123.686500656808,2.1184480902665493e-10,2.8592301519074423,1.5920679268926097,2.5644281045607416e-06,6.986944564251008e-07,51524668.142059535
5953533.13081437,1.9972411603197968e-05,0.001997241160319797,10552.532683950443,2.1223674832415382e-10,2.7987553293216845,1.5611131583778706,2.5644281045607416e-06,7.282916245028447e-07,49430748.32773857
6205728.806776513,1.9160749346967486e-05,0.0019160749346967484,10999.545080600614,2.1262868762165272e-10,2.7389572579491896,1.5304291317716257,2.5644281045607416e-06,7.591425485681554e-07,47421923.67942071
6468607.661546321,1.8382072372198235e-05,0.0018382072372198233,11465.493223648635,2.1302062691915158e-10,2.679874254325168,1.4999858712306673,2.5644281045607416e-06,7.913003385696633e-07,45494736.00007904
6742622.241778349,1.7635040184386664e-05,0.0017635040184386661,11951.179244074272,2.1341256621665048e-10,2.6215047691441544,1.4698389525120985,2.5644281045607416e-06,8.2482035422923e-07,43645867.63094725
7028244.264308338,1.6918366765615277e-05,0.0016918366765615277,12457.43925166602,2.1380450551414935e-10,2.5638815796110688,1.4399654489922338,2.5644281045607416e-06,8.597603003438332e-07,41872135.74016266
7325965.42821523,1.623081836066878e-05,0.0016230818360668778,12985.144774386683,2.141964448116482e-10,2.506997420930807,1.410406332483152,2.5644281045607416e-06,8.961803261245522e-07,40170486.84351131
7636298.261282257,1.557121135312152e-05,0.0015571211353121522,13535.204258710879,2.145883841091471e-10,2.4508769743409586,1.381135881543253,2.5644281045607416e-06,9.341431287435814e-07,38537991.54784754
7959777.002314977,1.4938410227738586e-05,0.0014938410227738584,14108.564633518097,2.1498032340664595e-10,2.3955359949681077,1.352202665119586,2.5644281045607416e-06,9.737140612675815e-07,36971839.50813566
8296958.520834915,1.4331325615682958e-05,0.0014331325615682957,14706.212940233578,2.1537226270414484e-10,2.3409558749568857,1.323567008324195,2.5644281045607416e-06,1.0149612451631775e-06,35469334.589432724
8648423.275731709,1.3748912419164668e-05,0.0013748912419164667,15329.178032022302,2.157642020016437e-10,2.2871993953225283,1.2952904460888204,2.5644281045607416e-06,1.0579556875682144e-06,34027890.22548622
9014776.314524917,1.3190168012301573e-05,0.0013190168012301572,15978.532344963049,2.161561412991426e-10,2.2341938350264128,1.2673250938135947,2.5644281045607416e-06,1.1027714035307733e-06,32645024.965951975
9396648.31495471,1.2654130515096709e-05,0.0012654130515096708,16655.39374424944,2.165480805966415e-10,2.1820524949289566,1.2397359551678824,2.5644281045607416e-06,1.1494855434262409e-06,31318358.2045719
9794696.670695385,1.2139877137559022e-05,0.0012139877137559022,17360.92744859816,2.1694001989414036e-10,2.1306527844499334,1.2124685381655895,2.5644281045607416e-06,1.1981785257719047e-06,30045606.0809533
10209606.623060476,1.1646522591117864e-05,0.0011646522591117862,18096.348036176212,2.173319591916392e-10,2.080222696086104,1.1856673329444491,2.5644281045607416e-06,1.2489341756676555e-06,28824577.548896927
10642092.440647224,1.117321756459662e-05,0.001117321756459662,18862.921535500107,2.1772389848913807e-10,2.030456897825546,1.1591254007523675,2.5644281045607416e-06,1.3018398691010947e-06,27653170.60450574
11092898.648952227,1.0719147262120862e-05,0.0010719147262120861,19661.967604907906,2.1811583778663696e-10,1.9815868584680576,1.1329756532930135,2.5644281045607416e-06,1.3569866833655699e-06,26529368.667578634
11562801.312073776,1.0283530000445429e-05,0.0010283530000445428,20494.86180435402,2.1850777708413585e-10,1.933472422057714,1.1071798046517487,2.5644281045607416e-06,1.4144695538499397e-06,25451237.110063113
12052609.368708413,9.865615863284447e-06,0.0009865615863284445,21363.03796343961,2.1889971638163472e-10,1.8862431808561695,1.0817713106665507,2.5644281045607416e-06,1.4743874374701199e-06,24416919.925587457
12563166.024741214,9.464685410328298e-06,0.0009464685410328297,22267.990649754425,2.1929165567913362e-10,1.8397951143547082,1.056736172371126,2.5644281045607416e-06,1.5368434830236978e-06,23424636.534340493
13095350.20482665,9.080048438725542e-06,0.0009080048438725541,23211.277741778154,2.1968359497663243e-10,1.7942063033076687,1.032085497410498,2.5644281045607416e-06,1.6019452087608168e-06,22472678.717799447
13650078.065460138,8.711042794896435e-06,0.0008711042794896434,24194.523110773367,2.2007553427413138e-10,1.7494172389533618,1.00782465256084,2.5644281045607416e-06,1.6698046874771955e-06,21559407.67802621
14228304.57214355,8.357033234634134e-06,0.0008357033234634132,25219.419416283392,2.2046747357163022e-10,1.7054790991713975,0.9839409832224043,2.5644281045607416e-06,1.740538739447687e-06,20683251.216473144
14831025.143361028,8.017410329529907e-06,0.0008017410329529906,26287.731020050625,2.2085941286912908e-10,1.6623378838016567,0.9604497831625809,2.5644281045607416e-06,1.8142691335327216e-06,19842701.02743867
15459277.364194784,7.691589417840414e-06,0.0007691589417840412,27401.297023370378,2.2125135216662798e-10,1.6200272189498657,0.9373456926516233,2.5644281045607416e-06,1.8911227968037539e-06,19036310.101514686
16114142.772530166,7.379009597991185e-06,0.0007379009597991184,28562.034433107863,2.2164329146412684e-10,1.5785269543762013,0.9146401372805746,2.5644281045607416e-06,1.9712320330484947e-06,18262690.234556656
16796748.72092653,7.079132762982796e-06,0.0007079132762982795,29771.94146183155,2.2203523076162574e-10,1.5378453996048376,0.892317711859681,2.5644281045607416e-06,2.0547347505323044e-06,17520509.637885746
17508270.31735727,6.791442674038428e-06,0.0006791442674038427,31033.10096774074,2.2242717005912463e-10,1.4979698824369905,0.8703922617760564,2.5644281045607416e-06,2.141774699407588e-06,16808490.645611584
18249932.448161505,6.515444071897317e-06,0.0006515444071897317,32347.684040311902,2.2281910935662347e-10,1.4588867627628481,0.8488524328506781,2.5644281045607416e-06,2.2325017191800947e-06,16125407.51512671
19023011.886689458,6.250661824224591e-06,0.000625066182422459,33717.953737835254,2.2321104865412234e-10,1.420597247226076,0.8277032181571827,2.5644281045607416e-06,2.3270719966580415e-06,15470084.316987345
19828839.491270673,5.996640107669793e-06,0.0005996640107669793,35146.26898327499,2.236029879516212e-10,1.3831082604307547,0.8069465896444713,2.5644281045607416e-06,2.4256483348280805e-06,14841392.910547985
20668802.49629082,5.752941623165597e-06,0.0005752941623165597,36635.08862516247,2.239949272491201e-10,1.3464138838228439,0.7865817520121223,2.5644281045607416e-06,2.528400433121138e-06,14238251.001863835
21544346.900318865,5.5191468431164425e-06,0.0005519146843116442,38186.97567050964,2.24386866546619e-10,1.3104656868039097,0.7665914576297236,2.5644281045607416e-06,2.635505179550381e-06,13659620.280519284
22456979.955397718,5.294853289180602e-06,0.0005294853289180601,39804.601697032755,2.2477880584411786e-10,1.2752906599669116,0.7469923307925654,2.5644281045607416e-06,2.747146955224424e-06,13104504.632173577
23408272.761782944,5.0796748394025276e-06,0.0005079674839402527,41490.75145228139,2.2517074514161675e-10,1.2408865736054842,0.7277820346278228,2.5644281045607416e-06,2.8635179517599573e-06,12571948.423747057
24399862.972595453,4.873241063503075e-06,0.00048732410635030744,43248.32764758727,2.255626844391156e-10,1.2072446791594844,0.7089468617074045,2.5644281045607416e-06,2.984818502140026e-06,12061034.858296767
25433457.613046482,4.6751965851825665e-06,0.0004675196585182566,45080.35595509135,2.2595462373661446e-10,1.1743286698562463,0.6904839318292603,2.5644281045607416e-06,3.111257425587914e-06,11570884.396747503
26510836.019085415,4.485200470339693e-06,0.00044852004703396927,46989.990216445214,2.2634656303411335e-10,1.142143240975331,0.672402219616394,2.5644281045607416e-06,3.2430523870499094e-06,11100653.243763335
27633852.90053167,4.302925640152504e-06,0.0004302925640152504,48980.517872158234,2.2673850233161222e-10,1.11069145527824,0.6546957421796566,2.5644281045607416e-06,3.380430271906113e-06,10649531.895151556
28804441.53396298,4.128058308011258e-06,0.0004128058308011258,51055.36562093611,2.2713044162911111e-10,1.0799631483863243,0.6373498646177973,2.5644281045607416e-06,3.5236275765542913e-06,10216743.744298857
30024617.09085543,3.960297439334063e-06,0.0003960297439334062,53218.1053187504,2.2752238092660998e-10,1.0499351339674876,0.6203693079152283,2.5644281045607416e-06,3.6728908155389546e-06,9801543.745241284
31296480.106707502,3.7993542333348955e-06,0.0003799354233334895,55472.46012779987,2.2791432022410887e-10,1.0205964527184241,0.6037555280565955,2.5644281045607416e-06,3.8284769459269255e-06,9403217.13006526
32622220.09711673,3.644951625852399e-06,0.00036449516258523987,57822.310925942664,2.2830625952160777e-10,0.9919503506654059,0.5875026163920253,2.5644281045607416e-06,3.9906538096595145e-06,9021078.178433008
34004119.32703703,3.4968238123831267e-06,0.0003496823812383126,60271.702987638535,2.286981988191066e-10,0.9639926809473386,0.5716009796048935,2.5644281045607416e-06,4.159700594643179e-06,8654469.037113018
35444556.739704356,3.354715790498338e-06,0.00033547157904983374,62824.85294790044,2.2909013811660548e-10,0.9366983405037196,0.556045990870205,2.5644281045607416e-06,4.335908315372305e-06,8302758.587483842
36946012.051992945,3.2183829208567152e-06,0.0003218382920856715,65486.15606124167,2.2948207741410434e-10,0.9100475712484998,0.5408398343120042,2.5644281045607416e-06,4.519580313911349e-06,7965341.359061892
38511070.02325569,3.087590506056996e-06,0.00030875905060569957,68260.1937681198,2.2987401671160324e-10,0.8840467376303145,0.5259822174158316,2.5644281045607416e-06,4.711032782099119e-06,7641636.4871821795
40142424.90499326,2.9621133866058467e-06,0.00029621133866058466,71151.74158189722,2.3026595600910213e-10,0.8586957717781084,0.5114594984829871,2.5644281045607416e-06,4.9105953058737664e-06,7331086.713038419
41842885.07901576,2.8417355533051453e-06,0.0002841735553305145,74165.77730990098,2.3065789530660097e-10,0.8339670172850241,0.4972626465657498,2.5644281045607416e-06,5.1186114326559215e-06,7033157.424360396
43615377.89208005,2.72624977539154e-06,0.00027262497753915396,77307.48962273226,2.3104983460409986e-10,0.8098380966127591,0.4833962732743903,2.5644281045607416e-06,5.335439262766553e-06,6747335.735077442
45462954.6953239,2.615457243788216e-06,0.00026154572437882154,80582.28698657468,2.3144177390159873e-10,0.7863126086313779,0.4698624293984958,2.5644281045607416e-06,5.561452065897486e-06,6473129.602383879
47388796.09717651,2.5091672288544375e-06,0.00025091672288544373,83995.80697388596,2.3183371319909762e-10,0.7634003274561778,0.45664827959352905,2.5644281045607416e-06,5.797038923696364e-06,6210066.9796857815
49396217.43878326,2.4071967520440454e-06,0.00024071967520440454,87553.92596849153,2.322256524965965e-10,0.7410679639054533,0.44373696579642385,2.5644281045607416e-06,6.042605399571579e-06,5957695.003971698
51488674.50137487,2.30937027090735e-06,0.00023093702709073497,91262.76928179663,2.3261759179409536e-10,0.7192893653320607,0.4311355115892485,2.5644281045607416e-06,6.298574236870861e-06,5715579.21620764
53669769.45540476,2.2155193768943234e-06,0.00022155193768943232,95128.72169752662,2.3300953109159425e-10,0.6980666953366842,0.4188469299192284,2.5644281045607416e-06,6.565386086635128e-06,5483302.813414681
55943257.06169366,2.125482505438887e-06,0.00021254825054388868,99158.43846314713,2.334014703890931e-10,0.6774177279970327,0.4068644807954485,2.5644281045607416e-06,6.8435002661802635e-06,5260465.931141636
58313051.135262184,2.039104657824998e-06,0.0002039104657824998,103358.85674689367,2.33793409686592e-10,0.6573138594487985,0.3951658331194514,2.5644281045607416e-06,7.133395549813351e-06,5046684.95509715
60783231.28297236,1.95623713435601e-06,0.00019562371343560098,107737.2075801226,2.341853489840909e-10,0.6377111727230941,0.38375098012955766,2.5644281045607416e-06,7.4355709930437185e-06,4841591.860756823
63358049.92658241,1.8767372783677208e-06,0.00018767372783677207,112301.0283055518,2.345772882815897e-10,0.6186205642821093,0.3726274150639088,2.5644281045607416e-06,7.750546791708413e-06,4644833.579807949
66041939.623303056,1.8004682306445172e-06,0.0001800468230644517,117058.17555281807,2.349692275790886e-10,0.6000604526680484,0.3617953527190437,2.5644281045607416e-06,8.07886517749083e-06,4456071.392341399
68839520.6964551,1.727298693815913e-06,0.0001727298693815913,122016.83876368366,2.353611668765875e-10,0.5820150332844883,0.3512292686753992,2.5644281045607416e-06,8.42109135137384e-06,4274980.343744502
71755609.18936922,1.6571027063277548e-06,0.00016571027063277548,127185.55429018287,2.3575310617408637e-10,0.5644177221457785,0.3409202623771326,2.5644281045607416e-06,8.777814456634858e-06,4101248.6852907664
74795225.15621829,1.5897594255990394e-06,0.0001589759425599039,132573.2200899775,2.3614504547158524e-10,0.5472890410872271,0.33088068610261373,2.5644281045607416e-06,9.14964859305773e-06,3934577.337463527
77963601.3040522,1.525152919991142e-06,0.0001525152919991142,138189.11104421038,2.365369847690841e-10,0.5306518770715111,0.3211145995247871,2.5644281045607416e-06,9.537233874106864e-06,3774679.375089907
81266192.00091945,1.4631719692311308e-06,0.00014631719692311307,144042.89492424313,2.3692892406658303e-10,0.5144962190571358,0.3116044447477045,2.5644281045607416e-06,9.941237528884611e-06,3621279.533398206
84708682.6655742,1.4037098729458137e-06,0.00014037098729458136,150144.6490347464,2.373208633640819e-10,0.4987404398730304,0.30232127199840336,2.5644281045607416e-06,1.0362355050767683e-05,3474113.7341489736
88296999.55494083,1.346664266976746e-06,0.0001346664266976746,156504.87756180807,2.377128026615807e-10,0.4834096052332921,0.29328508199508063,2.5644281045607416e-06,1.0801311394700939e-05,3332928.63102358
92037319.9661823,1.2919369471600292e-06,0.00012919369471600293,163134.52965592087,2.3810474195907963e-10,0.46853349020920265,0.2845031951943961,2.5644281045607416e-06,1.1258862225209487e-05,3197481.173487774
95936082.87093127,1.23943370026763e-06,0.00012394337002676298,170045.01828096856,2.384966812565785e-10,0.4541023391494454,0.27596763316478756,2.5644281045607416e-06,1.1735795217276782e-05,3067538.1883796686
100000000.0,1.1890641418190049e-06,0.00011890641418190049,177248.23986167996,2.3888862055407736e-10,0.4400290778969976,0.26763118264153185,2.5644281045607416e-06,1.2232931412329661e-05,2942875.9785013865
104236067.39764033,1.1407415604840079e-06,0.00011407415604840077,184756.594763352,2.392805598515763e-10,0.4263425321526406,0.2595209835787823,2.5644281045607416e-06,1.2751126631663065e-05,2823279.9375238186
108651577.46525373,1.0943827688090965e-06,0.00010943827688090963,192583.00863911211,2.3967249914907515e-10,0.41307175992044387,0.2516450043134491,2.5644281045607416e-06,1.3291272949738729e-05,2708544.1805412374
113254131.51528126,1.0499079600098867e-06,0.00010499079600098866,200740.95468146843,2.40064438446574e-10,0.40020488933755877,0.24399715385511708,2.5644281045607416e-06,1.3854300229894004e-05,2598471.189639827
118051652.8568803,1.007240570583593e-06,0.00010072405705835929,209244.47681644122,2.404563777440729e-10,0.38766673374634875,0.23653639047765235,2.5644281045607416e-06,1.4441177725103693e-05,2492871.473870149
123052400.43592615,9.663071485047176e-07,9.663071485047173e-05,218108.2138802254,2.4084831704157175e-10,0.3754767418588749,0.22927604273300206,2.5644281045607416e-06,1.5052915746552096e-05,2391563.243037873
128264983.05280624,9.27037226777218e-07,9.270372267772179e-05,227347.42481998142,2.4124025633907067e-10,0.36366285239894763,0.22222940407509176,2.5644281045607416e-06,1.569056740288607e-05,2294372.0947515434
133698374.18249452,8.893632021253784e-07,8.893632021253783e-05,236978.0149621546,2.416321956365695e-10,0.3522139398859331,0.21539068649042753,2.5644281045607416e-06,1.635523041314444e-05,2201130.714188372
139361927.42241433,8.532202186145716e-07,8.532202186145715e-05,247016.56339354144,2.420241349340684e-10,0.34106896116110236,0.20873288467032414,2.5644281045607416e-06,1.7048048996484597e-05,2111678.586061279
145265392.59467784,8.185460560016199e-07,8.185460560016198e-05,257480.35150222573,2.4241607423156727e-10,0.33023370031464505,0.20224841655873038,2.5644281045607416e-06,1.7770215841958355e-05,2025861.718291467
151418932.5304352,7.85281022622453e-07,7.85281022622453e-05,268387.39272754145,2.4280801352906614e-10,0.3197375999236527,0.1959582614180972,2.5644281045607416e-06,1.8522974161729883e-05,1943532.3769105724
157833140.56521198,7.533678526327737e-07,7.533678526327736e-05,279756.46357024956,2.4319995282656506e-10,0.3095683258046437,0.18985615638231876,2.5644281045607416e-06,1.930761983126825e-05,1864548.8317363085
164519058.77536607,7.227516074247356e-07,7.227516074247355e-05,291607.1359163394,2.4359189212406387e-10,0.2996837990956535,0.18392609080384384,2.5644281045607416e-06,2.0125503620200875e-05,1788775.112383532
171488196.98705408,6.933795810499828e-07,6.933795810499827e-05,303959.81073008396,2.4398383142156274e-10,0.2900719183317284,0.17815099653914487,2.5644281045607416e-06,2.0978033517667108e-05,1716080.7741908606
178752552.59042317,6.652012094862303e-07,6.652012094862302e-05,316835.75317434897,2.443757707190616e-10,0.2807640460120852,0.1725482723274939,2.5644281045607416e-06,2.1866677156174978e-05,1646340.67365987
186324631.19315597,6.381679835911464e-07,6.381679835911463e-05,330257.129218636,2.447677100165605e-10,0.2717473587258392,0.16711484809833319,2.5644281045607416e-06,2.279296433813499e-05,1579434.7530201797
194217468.14890283,6.122333655937531e-07,6.12233365593753e-05,344247.0437978497,2.451596493140594e-10,0.26299453078912216,0.16184027573377036,2.5644281045607416e-06,2.3758489669418523e-05,1515247.8335497275
202444650.9976802,5.873527089795172e-07,5.873527089795172e-05,358829.58058750944,2.4555158861155826e-10,0.2545969180560536,0.1568217916177774,2.5644281045607416e-06,2.4764915304476393e-05,1453669.4172942638
211020342.85685965,5.6348318163125e-07,5.634831816312499e-05,374029.84346386604,2.4594352790905713e-10,0.24635633858413916,0.15184119669887014,2.5644281045607416e-06,2.5813973807742535e-05,1394593.4968448102
219959306.80300704,5.405836920935177e-07,5.405836920935176e-05,389873.99972028297,2.46335467206556e-10,0.23837506111633552,0.1470121336897639,2.5644281045607416e-06,2.6907471136247655e-05,1337918.372845659
229276931.2865649,5.186148188335774e-07,5.186148188335773e-05,406389.32511431,2.467274065040549e-10,0.23063557345454916,0.1423281501586027,2.5644281045607416e-06,2.8047289748579707e-05,1283546.4789186271
238989256.62310526,4.975387423771108e-07,4.975387423771107e-05,423604.2508229679,2.471193458015538e-10,0.22312091774836948,0.13778087466604194,2.5644281045607416e-06,2.9235391845541017e-05,1231384.2137022945
249113002.6067786,4.773191802018965e-07,4.7731918020189646e-05,441548.4123870961,2.4751128509905265e-10,0.21583688839507767,0.1333638360202608,2.5644281045607416e-06,3.047382274808223e-05,1181341.7797170044
259665597.29348725,4.5792132427734124e-07,4.579213242773412e-05,460252.70072902436,2.479032243965515e-10,0.20878437363778213,0.1290805771299303,2.5644281045607416e-06,3.176471441832844e-05,1133333.0287782399
270665207.00332355,4.393117811423779e-07,4.3931178114237785e-05,479749.3153313635,2.482951636940504e-10,0.20195153777347752,0.12492883522824184,2.5644281045607416e-06,3.3110289129756676e-05,1087275.313692332
282130767.59394705,4.2145851441851556e-07,4.214585144185155e-05,500071.8196685186,2.4868710299154925e-10,0.19532308221381023,0.12090186222469608,2.5644281045607416e-06,3.451286329284677e-05,1043089.3459790528
294082017.05870664,4.043307896591428e-07,4.0433078965914276e-05,521255.19898628356,2.4907904228904817e-10,0.18889753348710916,0.11699401471353647,2.5644281045607416e-06,3.597485144278724e-05,1000699.0593763189
306539529.50565237,3.87899121440088e-07,3.878991214400879e-05,543335.920529044,2.49470981586547e-10,0.18267565505196764,0.11320297435704102,2.5644281045607416e-06,3.749877039610451e-05,960031.4788918998
319524750.57592136,3.72135222600377e-07,3.721352226003769e-05,566351.9963182441,2.498629208840459e-10,0.17665139424912,0.10952921272191744,2.5644281045607416e-06,3.908724358336991e-05,921016.5951767596
333060034.36245817,3.5701195554582373e-07,3.570119555458237e-05,590343.0485901639,2.502548601815447e-10,0.17081407313333843,0.10596914066676152,2.5644281045607416e-06,4.0743005565441126e-05,883587.2440038096
347168681.89265597,3.4250328553157375e-07,3.425032855315737e-05,615350.3780057279,2.5064679947904364e-10,0.16515442207987402,0.10251650003051108,2.5644281045607416e-06,4.246890674101757e-05,847678.9906444723
361874981.2411284,3.2858423584323295e-07,3.285842358432329e-05,641417.0347496851,2.5103873877654256e-10,0.15967404278179642,0.09916803970568362,2.5644281045607416e-06,4.426791825360809e-05,813230.0189441547
377204249.34169936,3.1523084479938135e-07,3.152308447993814e-05,668587.8926416253,2.5143067807404137e-10,0.15436977320672526,0.09592268397401763,2.5644281045607416e-06,4.614313710636308e-05,780181.0249055572
393182875.570577,3.024201245014713e-07,3.024201245014713e-05,696909.7263863876,2.518226173715403e-10,0.14923294789127728,0.09277877575361837,2.5644281045607416e-06,4.80977914935742e-05,748475.1145966764
409838367.1757253,2.901300212601061e-07,2.9013002126010612e-05,726431.292096823,2.5221455666903916e-10,0.1442561540626067,0.08973231901926536,2.5644281045607416e-06,5.0135246358018336e-05,718057.7062077681
427199396.63067764,2.783393776295461e-07,2.7833937762954603e-05,757203.4112275938,2.52606495966538e-10,0.13943675652321308,0.08677941243295473,2.5644281045607416e-06,5.2259009183716974e-05,688876.4360885929
445295850.994266,2.670278959851157e-07,2.670278959851157e-05,789279.058064426,2.529984352640369e-10,0.13477248900296226,0.08391786385113566,2.5644281045607416e-06,5.4472736034078266e-05,660881.0686042705
464158883.3612773,2.561761035807857e-07,2.5617610358078568e-05,822713.4509194928,2.5339037456153576e-10,0.13025796579705945,0.08114598036913122,2.5644281045607416e-06,5.678023784582033e-05,634023.4096544915
483820966.49259573,2.457653190267855e-07,2.4576531902678542e-05,857564.1471898946,2.5378231385903463e-10,0.1258870882344246,0.0784615012478286,2.5644281045607416e-06,5.918548698950973e-05,608257.2237072373
504315948.71713483,2.357776201295465e-07,2.357776201295465e-05,893891.1424428542,2.541742531565335e-10,0.12165549607335563,0.07586154421322522,2.5644281045607416e-06,6.169262410800675e-05,583538.1542042034
525679112.2018419,2.2619581303859117e-07,2.2619581303859115e-05,931756.9736982711,2.545661924540324e-10,0.1175597155977216,0.07334281141565903,2.5644281045607416e-06,6.430596524459484e-05,559823.6472008472
547947233.6900293,2.1700340264727947e-07,2.1700340264727946e-05,971226.8270863442,2.549581317515313e-10,0.11359727730619319,0.07090281937092466,2.5644281045607416e-06,6.703000927305907e-05,537072.8781096743
571158647.8126423,2.0818456419643572e-07,2.081845641964357e-05,1012368.6500656805,2.5535007104903015e-10,0.10976329070173083,0.06854094641794914,2.5644281045607416e-06,6.98694456425101e-05,515246.6814205953
595353313.081437,1.9972411603197954e-07,1.997241160319795e-05,1055253.268395045,2.5574201034652907e-10,0.10605140191133912,0.06625393354952647,2.5644281045607416e-06,7.282916245028452e-05,494307.4832773853
620572880.6776488,1.916074934696756e-07,1.9160749346967557e-05,1099954.5080600572,2.561339496440279e-10,0.10245957117777922,0.06403911121877662,2.5644281045607416e-06,7.591425485681525e-05,474219.23679420893
646860766.1546321,1.8382072372198237e-07,1.8382072372198235e-05,1146549.3223648635,2.5652588894152675e-10,0.09898581939862888,0.061895252120303626,2.5644281045607416e-06,7.913003385696633e-05,454947.36000079045
674262224.1778349,1.7635040184386662e-07,1.763504018438666e-05,1195117.9244074272,2.5691782823902567e-10,0.09562564458716363,0.0598196207191399,2.5644281045607416e-06,8.248203542292302e-05,436458.6763094724
702824426.4308338,1.6918366765615285e-07,1.6918366765615284e-05,1245743.9251666015,2.5730976753652453e-10,0.09237338911774319,0.057810212129750106,2.5644281045607416e-06,8.597603003438328e-05,418721.3574016267
732596542.8215231,1.6230818360668775e-07,1.6230818360668773e-05,1298514.477438669,2.577017068340234e-10,0.08922824014506277,0.05586585508435638,2.5644281045607416e-06,8.961803261245524e-05,401704.868435113
763629826.1282257,1.5571211353121518e-07,1.5571211353121515e-05,1353520.4258710886,2.580936461315223e-10,0.08618620701844594,0.05398408572991804,2.5644281045607416e-06,9.34143128743582e-05,385379.9154784752
795977700.2314978,1.4938410227738575e-07,1.4938410227738574e-05,1410856.463351811,2.584855854290212e-10,0.0832439448882934,0.0521623840850958,2.5644281045607416e-06,9.737140612675823e-05,369718.39508135634
829695852.0834914,1.433132561568296e-07,1.4331325615682958e-05,1470621.2940233576,2.5887752472652e-10,0.08039825459010849,0.0503997535217248,2.5644281045607416e-06,0.00010149612451631773,354693.34589432727
864842327.5731709,1.3748912419164655e-07,1.3748912419164653e-05,1532917.8032022319,2.5926946402401887e-10,0.07764696980776079,0.04869454165701369,2.5644281045607416e-06,0.00010579556875682152,340278.90225486195
901477631.4524918,1.3190168012301575e-07,1.3190168012301573e-05,1597853.2344963048,2.596614033215178e-10,0.07498566636340333,0.04704413529094178,2.5644281045607416e-06,0.00011027714035307735,326450.24965951976
939664831.495471,1.2654130515096707e-07,1.2654130515096707e-05,1665539.3744249442,2.6005334261901666e-10,0.07241217117792396,0.04544788674258719,2.5644281045607416e-06,0.00011494855434262409,313183.58204571897
979469667.0695386,1.2139877137559027e-07,1.2139877137559027e-05,1736092.744859815,2.604452819165155e-10,0.06992464545516065,0.04390301991556372,2.5644281045607416e-06,0.00011981785257719039,300456.06080953317
1020960662.3060476,1.1646522591117865e-07,1.1646522591117864e-05,1809634.8036176208,2.6083722121401444e-10,0.06751916864159875,0.04240905868175118,2.5644281045607416e-06,0.00012489341756676553,288245.77548896935
1064209244.0647224,1.1173217564596609e-07,1.1173217564596607e-05,1886292.1535500127,2.612291605115133e-10,0.06519427238834781,0.040963917263762625,2.5644281045607416e-06,0.00013018398691010962,276531.70604505716
1109289864.8952227,1.0719147262120855e-07,1.0719147262120855e-05,1966196.7604907916,2.616210998090122e-10,0.06294571559185999,0.03956613624845269,2.5644281045607416e-06,0.00013569866833655706,265293.68667578616
1156280131.2073777,1.028353000044543e-07,1.0283530000445429e-05,2049486.1804354012,2.6201303910651104e-10,0.06077379675108841,0.03821455073002889,2.5644281045607416e-06,0.00014144695538499395,254512.37110063114
1205260936.8708413,9.865615863284445e-08,9.865615863284445e-06,2136303.796343961,2.624049784040099e-10,0.058672560732723304,0.03690681360465402,2.5644281045607416e-06,0.00014743874374701198,244169.19925587456
1256316602.4741216,9.464685410328302e-08,9.4646854103283e-06,2226799.0649754414,2.627969177015088e-10,0.05664359197348077,0.035643082370798544,2.5644281045607416e-06,0.00015368434830236974,234246.365343405
1309535020.482665,9.08004843872554e-08,9.08004843872554e-06,2321127.7741778153,2.6318885699900765e-10,0.05468055213471449,0.03442004191535449,2.5644281045607416e-06,0.00016019452087608172,224726.78717799444
1365007806.5460138,8.71104279489644e-08,8.711042794896438e-06,2419452.3110773363,2.6358079629650656e-10,0.05278510914834438,0.03323862825709834,2.5644281045607416e-06,0.00016698046874771946,215594.07678026217
1422830457.2143548,8.357033234634134e-08,8.357033234634134e-06,2521941.941628339,2.6397273559400543e-10,0.050952080851702476,0.03209516828384691,2.5644281045607416e-06,0.0001740538739447686,206832.5121647315
1483102514.336103,8.017410329529898e-08,8.017410329529897e-06,2628773.1020050654,2.643646748915043e-10,0.04918185093632193,0.03099054294609118,2.5644281045607416e-06,0.00018142691335327238,198427.01027438647
1545927736.4194784,7.691589417840409e-08,7.691589417840409e-06,2740129.7023370396,2.647566141890032e-10,0.047470628329274955,0.029922204882097025,2.5644281045607416e-06,0.00018911227968037545,190363.10101514676
1611414277.2530165,7.379009597991189e-08,7.379009597991188e-06,2856203.443310785,2.6514855348650203e-10,0.04581747749581391,0.02888970494608129,2.5644281045607416e-06,0.00019712320330484933,182626.90234556663
1679674872.092653,7.0791327629828e-08,7.0791327629827985e-06,2977194.146183154,2.655404927840009e-10,0.04422036958640412,0.027891800626493157,2.5644281045607416e-06,0.00020547347505323033,175205.09637885753
1750827031.7357268,6.791442674038421e-08,6.791442674038421e-06,3103310.096774076,2.659324320814998e-10,0.04267707123615692,0.02692690809761179,2.5644281045607416e-06,0.00021417746994075896,168084.90645611568
1824993244.8161504,6.515444071897324e-08,6.515444071897323e-06,3234768.4040311873,2.663243713789987e-10,0.0411868258162996,0.025994970915342103,2.5644281045607416e-06,0.0002232501719180093,161254.07515126726
1902301188.6689458,6.250661824224589e-08,6.250661824224588e-06,3371795.373783526,2.6671631067649755e-10,0.03974614446061887,0.025093494567828514,2.5644281045607416e-06,0.0002327071996658043,154700.84316987338
1982883949.1270673,5.996640107669795e-08,5.996640107669795e-06,3514626.898327498,2.6710824997399637e-10,0.03835555332651039,0.024223037532029312,2.5644281045607416e-06,0.00024256483348280802,148413.92910547988
2066880249.629082,5.752941623165593e-08,5.752941623165593e-06,3663508.8625162486,2.675001892714953e-10,0.037011294819971355,0.023381226544905254,2.5644281045607416e-06,0.00025284004331211393,142382.51001863828
2154434690.0318866,5.5191468431164425e-08,5.519146843116442e-06,3818697.567050964,2.678921285689942e-10,0.03571387115626018,0.02256823065108432,2.5644281045607416e-06,0.0002635505179550381,136596.20280519282
2245697995.5397716,5.2948532891806e-08,5.2948532891805995e-06,3980460.1697032764,2.68284067866493e-10,0.034459867328805634,0.02178250636406079,2.5644281045607416e-06,0.0002747146955224425,131045.04632173572
2340827276.178294,5.07967483940253e-08,5.079674839402529e-06,4149075.145228137,2.6867600716399194e-10,0.03324944108487981,0.021023310593241876,2.5644281045607416e-06,0.00028635179517599564,125719.48423747062
2439986297.2595453,4.873241063503075e-08,4.873241063503075e-06,4324832.7647587275,2.690679464614908e-10,0.032080001546946124,0.020289931145459388,2.5644281045607416e-06,0.0002984818502140026,120610.34858296768
2543345761.3046484,4.675196585182564e-08,4.675196585182564e-06,4508035.595509137,2.694598857589897e-10,0.030950862605549908,0.01958113878432249,2.5644281045607416e-06,0.0003111257425587915,115708.84396747498
2651083601.9085417,4.485200470339695e-08,4.485200470339694e-06,4698999.021644519,2.698518250564886e-10,0.029860450769911714,0.018896652833303895,2.5644281045607416e-06,0.0003243052387049908,111006.53243763337
2763385290.053167,4.302925640152505e-08,4.302925640152505e-06,4898051.787215822,2.702437643539874e-10,0.02880733447110192,0.01823534626112559,2.5644281045607416e-06,0.00033804302719061126,106495.31895151558
2880444153.396298,4.128058308011259e-08,4.128058308011258e-06,5105536.56209361,2.706357036514863e-10,0.027790667338263502,0.017596589727934157,2.5644281045607416e-06,0.0003523627576554291,102167.4374429886
3002461709.085543,3.96029743933406e-08,3.960297439334059e-06,5321810.531875042,2.7102764294898514e-10,0.02680906649463587,0.016979570414868698,2.5644281045607416e-06,0.00036728908155389566,98015.43745241279
3129648010.6707506,3.799354233334893e-08,3.799354233334893e-06,5547246.01277999,2.7141958224648406e-10,0.025861379154572962,0.016383648953507433,2.5644281045607416e-06,0.00037993542333348933,94032.17130065254
3262222009.7116733,3.6449516258524e-08,3.6449516258523998e-06,5782231.092594265,2.7181152154398293e-10,0.024945974172619213,0.015808060431976446,2.5644281045607416e-06,0.00036449516258524003,90210.7817843301
3400411932.7037024,3.4968238123831276e-08,3.4968238123831275e-06,6027170.298763852,2.722034608414818e-10,0.02406259775742388,0.015252247796929219,2.5644281045607416e-06,0.00034968238123831276,86544.6903711302
3544455673.9704356,3.354715790498335e-08,3.354715790498335e-06,6282485.294790048,2.725954001389807e-10,0.023209938665992014,0.014715590764477551,2.5644281045607416e-06,0.00033547157904983353,83027.58587483835
3694601205.199295,3.218382920856714e-08,3.2183829208567135e-06,6548615.606124169,2.7298733943647953e-10,0.022386487456965035,0.014197007446172324,2.5644281045607416e-06,0.0003218382920856714,79653.41359061889
3851107002.3255687,3.087590506056994e-08,3.0875905060569934e-06,6826019.376811985,2.7337927873397845e-10,0.021591753902820462,0.013696438669333209,2.5644281045607416e-06,0.0003087590506056994,76416.36487182173
4014242490.499326,2.9621133866058456e-08,2.9621133866058454e-06,7115174.158189725,2.737712180314773e-10,0.02082465807994664,0.01321322311282699,2.5644281045607416e-06,0.0002962113386605846,73310.86713038415
4184288507.901576,2.841735553305146e-08,2.8417355533051453e-06,7416577.730990097,2.741631573289762e-10,0.020084043187403797,0.012746442490223412,2.5644281045607416e-06,0.0002841735553305146,70331.57424360399
4361537789.208006,2.7262497753915395e-08,2.7262497753915394e-06,7730748.962273227,2.7455509662647505e-10,0.019369418973052582,0.012295808175137634,2.5644281045607416e-06,0.00027262497753915396,67473.35735077441
4546295469.532391,2.6154572437882173e-08,2.6154572437882173e-06,8058228.698657465,2.749470359239739e-10,0.018679829543155096,0.011860726233973254,2.5644281045607416e-06,0.00026154572437882175,64731.29602383883
4738879609.717651,2.509167228854439e-08,2.5091672288544387e-06,8399580.69738859,2.753389752214728e-10,0.018013808152454517,0.01144063185757294,2.5644281045607416e-06,0.0002509167228854439,62100.66979685786
4939621743.878325,2.4071967520440447e-08,2.4071967520440445e-06,8755392.596849158,2.757309145189717e-10,0.017371179635531336,0.011035268068474003,2.5644281045607416e-06,0.00024071967520440443,59576.95003971695
5148867450.137487,2.309370270907349e-08,2.3093702709073487e-06,9126276.928179666,2.7612285381647057e-10,0.016751279604680095,0.01064382657593175,2.5644281045607416e-06,0.00023093702709073494,57155.79216207639
5366976945.540476,2.2155193768943257e-08,2.2155193768943255e-06,9512872.16975265,2.7651479311396944e-10,0.016153026520310493,0.010265895704398592,2.5644281045607416e-06,0.0002215519376894326,54833.02813414687
5594325706.169366,2.125482505438888e-08,2.1254825054388878e-06,9915843.84631471,2.769067324114683e-10,0.015575595483824898,0.009901141491925563,2.5644281045607416e-06,0.00021254825054388882,52604.659311416384
5831305113.526218,2.0391046578249976e-08,2.0391046578249973e-06,10335885.674689371,2.772986717089672e-10,0.015036370125900218,0.009567321283226883,2.5644281045607416e-06,0.00020391046578249977,50466.84955097149
6078323128.297236,1.95623713435601e-08,1.95623713435601e-06,10773720.758012261,2.776906110064661e-10,0.014498386030813513,0.00922723152915079,2.5644281045607416e-06,0.00019562371343560098,48415.91860756822
6335804992.658241,1.8767372783677204e-08,1.8767372783677202e-06,11230102.830555182,2.780825503039649e-10,0.013979503912317904,0.008898884236884863,2.5644281045607416e-06,0.00018767372783677207,46448.33579807948
6604193962.330305,1.800468230644517e-08,1.800468230644517e-06,11705817.555281807,2.7847448960146383e-10,0.013478683672165852,0.008581859281643322,2.5644281045607416e-06,0.00018004682306445172,44560.71392341398
6883952069.645511,1.7272986938159145e-08,1.7272986938159142e-06,12201683.876368355,2.788664288989627e-10,0.012995199792082976,0.008275929117423123,2.5644281045607416e-06,0.00017272986938159145,42749.80343744506
7175560918.936921,1.657102706327755e-08,1.6571027063277548e-06,12718555.429018289,2.7925836819646156e-10,0.01252879305489702,0.007980803024111834,2.5644281045607416e-06,0.0001657102706327755,41012.48685290766
7479522515.621829,1.5897594255990394e-08,1.5897594255990394e-06,13257322.00899775,2.796503074939605e-10,0.012079094297981216,0.007696002302595551,2.5644281045607416e-06,0.00015897594255990396,39345.773374635275
7796360130.405221,1.5251529199911408e-08,1.5251529199911408e-06,13818911.104421047,2.800422467914593e-10,0.011645301081102932,0.007421031191128321,2.5644281045607416e-06,0.00015251529199911408,37746.79375089904
8126619200.091946,1.46317196923113e-08,1.4631719692311298e-06,14404289.49242432,2.8043418608895816e-10,0.011226546495398126,0.007155640450413855,2.5644281045607416e-06,0.000146317196923113,36212.79533398204
8470868266.55742,1.4037098729458137e-08,1.4037098729458135e-06,15014464.90347464,2.808261253864571e-10,0.010822440289691095,0.006899642534959221,2.5644281045607416e-06,0.00014037098729458136,34741.13734148974
8829699955.494083,1.346664266976746e-08,1.3466642669767458e-06,15650487.756180806,2.8121806468395595e-10,0.010432839105752085,0.006652755875636341,2.5644281045607416e-06,0.0001346664266976746,33329.286310235795
9203731996.61823,1.2919369471600292e-08,1.291936947160029e-06,16313452.965592086,2.816100039814548e-10,0.010057320230460586,0.006414486624028778,2.5644281045607416e-06,0.00012919369471600293,31974.81173487774
9593608287.093126,1.2394337002676308e-08,1.2394337002676307e-06,17004501.828096844,2.820019432789537e-10,0.009694814466324246,0.006184386706279072,2.5644281045607416e-06,0.00012394337002676308,30675.381883796705
10000000000.0,1.1890641418190046e-08,1.1890641418190044e-06,17724823.986168,2.8239388257645255e-10,0.009344910657721854,0.005962414217687996,2.5644281045607416e-06,0.00011890641418190048,29428.759785013855
10423606739.764032,1.1407415604840073e-08,1.140741560484007e-06,18475659.47633521,2.8278582187395147e-10,0.009007481157899434,0.005748384291747936,2.5644281045607416e-06,0.00011407415604840074,28232.79937523817
10865157746.525372,1.094382768809097e-08,1.094382768809097e-06,19258300.863911197,2.831777611714503e-10,0.008682370120543738,0.005542041644813057,2.5644281045607416e-06,0.0001094382768809097,27085.441805412385
11325413151.528126,1.0499079600098874e-08,1.0499079600098874e-06,20074095.468146835,2.835697004689492e-10,0.00836892524731204,0.005342803149544936,2.5644281045607416e-06,0.00010499079600098875,25984.711896398287
11805165285.68803,1.0072405705835939e-08,1.0072405705835937e-06,20924447.681644104,2.8396163976644807e-10,0.008066167545657449,0.005150471436256924,2.5644281045607416e-06,0.0001007240570583594,24928.714738701503
12305240043.592615,9.663071485047177e-09,9.663071485047176e-07,21810821.38802254,2.8435357906394694e-10,0.00777408933354774,0.004965004064406106,2.5644281045607416e-06,9.663071485047179e-05,23915.63243037874
12826498305.280624,9.270372267772184e-09,9.270372267772184e-07,22734742.48199813,2.8474551836144586e-10,0.007492688491147324,0.004786264757176294,2.5644281045607416e-06,9.270372267772187e-05,22943.720947515452
13369837418.249453,8.893632021253786e-09,8.893632021253785e-07,23697801.49621545,2.851374576589447e-10,0.007221668579316104,0.004613951241286142,2.5644281045607416e-06,8.893632021253787e-05,22011.30714188372
13936192742.241434,8.532202186145714e-09,8.532202186145713e-07,24701656.339354157,2.855293969564436e-10,0.00696001783636023,0.00444745686264706,2.5644281045607416e-06,8.532202186145714e-05,21116.785860612785
14526539259.467783,8.1854605600162e-09,8.185460560016198e-07,25748035.150222573,2.859213362539424e-10,0.006707287649203921,0.004286799502069192,2.5644281045607416e-06,8.1854605600162e-05,20258.61718291467
15141893253.04352,7.852810226224529e-09,7.852810226224528e-07,26838739.27275415,2.8631327555144133e-10,0.00646381282681887,0.004131987581310014,2.5644281045607416e-06,7.85281022622453e-05,19435.323769105722
15783314056.521196,7.533678526327731e-09,7.533678526327731e-07,27975646.35702497,2.867052148489402e-10,0.006229369791175334,0.0039828476860620235,2.5644281045607416e-06,7.533678526327732e-05,18645.488317363073
16451905877.536608,7.227516074247359e-09,7.227516074247359e-07,29160713.591633927,2.8709715414643906e-10,0.006003499737473613,0.0038389978880908095,2.5644281045607416e-06,7.22751607424736e-05,17887.75112383533
17148819698.705408,6.9337958104998226e-09,6.933795810499822e-07,30395981.073008414,2.87489093443938e-10,0.005784968864651442,0.003699914897084801,2.5644281045607416e-06,6.933795810499823e-05,17160.807741908593
17875255259.042316,6.6520120948623e-09,6.652012094862299e-07,31683575.31743491,2.8788103274143685e-10,0.005574399317183894,0.003565889292156954,2.5644281045607416e-06,6.6520120948623e-05,16463.406736598692
18632463119.315598,6.381679835911467e-09,6.381679835911466e-07,33025712.921863593,2.882729720389357e-10,0.005371667007959329,0.0034367935288632375,2.5644281045607416e-06,6.381679835911466e-05,15794.3475302018
19421746814.890285,6.122333655937537e-09,6.122333655937536e-07,34424704.379784934,2.886649113364346e-10,0.005176473805183719,0.003312443614942667,2.5644281045607416e-06,6.122333655937537e-05,15152.478335497288
20244465099.768017,5.873527089795176e-09,5.873527089795175e-07,35882958.05875091,2.8905685063393345e-10,0.004987922594618283,0.003192306395366371,2.5644281045607416e-06,5.873527089795176e-05,14536.694172942647
21102034285.685966,5.634831816312496e-09,5.634831816312496e-07,37402984.346386634,2.894487899314323e-10,0.004805883015878448,0.0030763316180341207,2.5644281045607416e-06,5.6348318163124966e-05,13945.934968448093
21995930680.3007,5.405836920935182e-09,5.405836920935181e-07,38987399.972028255,2.898407292289312e-10,0.004630637537879158,0.0029646362407068725,2.5644281045607416e-06,5.4058369209351815e-05,13379.183728456603
22927693128.656487,5.186148188335775e-09,5.186148188335775e-07,40638932.51143099,2.902326685264301e-10,0.004461927076879018,0.002857060127886313,2.5644281045607416e-06,5.186148188335775e-05,12835.464789186277
23898925662.310528,4.9753874237711104e-09,4.97538742377111e-07,42360425.08229677,2.9062460782392897e-10,0.004299378425216605,0.002753407588465878,2.5644281045607416e-06,4.97538742377111e-05,12313.842137022952
24911300260.67786,4.773191802018961e-09,4.773191802018961e-07,44154841.23870965,2.9101654712142784e-10,0.004142083561268061,0.0026531441638581563,2.5644281045607416e-06,4.7731918020189605e-05,11813.417797170034
25966559729.348724,4.579213242773413e-09,4.5792132427734124e-07,46025270.072902426,2.914084864189267e-10,0.003990641949809502,0.0025565312664335977,2.5644281045607416e-06,4.579213242773413e-05,11333.330287782397
27066520700.332355,4.393117811423776e-09,4.3931178114237754e-07,47974931.5331364,2.9180042571642557e-10,0.003844867868111679,0.00246349770963277,2.5644281045607416e-06,4.393117811423776e-05,10872.753136923313
28213076759.394707,4.214585144185159e-09,4.2145851441851583e-07,50007181.96685182,2.9219236501392444e-10,0.003704493971379953,0.002373886767212587,2.5644281045607416e-06,4.2145851441851584e-05,10430.893459790537
29408201705.870667,4.043307896591429e-09,4.043307896591429e-07,52125519.89862834,2.9258430431142336e-10,0.0035689432030730503,0.0022874440022122924,2.5644281045607416e-06,4.0433078965914297e-05,10006.990593763194
30653952950.565235,3.878991214400876e-09,3.878991214400876e-07,54333592.05290445,2.929762436089222e-10,0.0034381282868700975,0.0022039457042463723,2.5644281045607416e-06,3.8789912144008766e-05,9600.31478891899
31952475057.592136,3.7213522260037693e-09,3.721352226003769e-07,56635199.63182442,2.933681829064211e-10,0.003312212534305899,0.002123514924283422,2.5644281045607416e-06,3.721352226003769e-05,9210.165951767594
33306003436.24582,3.570119555458236e-09,3.570119555458236e-07,59034304.85901641,2.9376012220391996e-10,0.0031909831890973793,0.002046055390779663,2.5644281045607416e-06,3.570119555458236e-05,8835.87244003809
34716868189.265594,3.425032855315736e-09,3.425032855315736e-07,61535037.800572805,2.941520615014189e-10,0.003074118381581479,0.0019714096758298365,2.5644281045607416e-06,3.425032855315737e-05,8476.789906444721
36187498124.11284,3.2858423584323274e-09,3.285842358432327e-07,64141703.474968545,2.9454400079891774e-10,0.002961288247885483,0.0018993947986767387,2.5644281045607416e-06,3.285842358432327e-05,8132.300189441541
37720424934.16994,3.1523084479938142e-09,3.152308447993814e-07,66858789.26416252,2.9493594009641656e-10,0.002852561339367007,0.001829910450632381,2.5644281045607416e-06,3.1523084479938144e-05,7801.810249055574
39318287557.0577,3.024201245014715e-09,3.0242012450147146e-07,69690972.63863872,2.953278793939155e-10,0.0027478950685359154,0.0017629776786279167,2.5644281045607416e-06,3.0242012450147155e-05,7484.7511459667685
40983836717.57253,2.9013002126010626e-09,2.9013002126010623e-07,72643129.20968229,2.9571981869141435e-10,0.0026470718198270617,0.0016985038619146662,2.5644281045607416e-06,2.9013002126010625e-05,7180.577062077683
42719939663.067764,2.7833937762954614e-09,2.7833937762954613e-07,75720341.12275934,2.961117579889132e-10,0.0025498468589937096,0.0016363684405741672,2.5644281045607416e-06,2.783393776295462e-05,6888.76436088593
44529585099.4266,2.6702789598511562e-09,2.670278959851156e-07,78927905.80644263,2.9650369728641213e-10,0.0024560544696444098,0.0015764392741514487,2.5644281045607416e-06,2.6702789598511564e-05,6608.810686042702
46415888336.12772,2.5617610358078587e-09,2.5617610358078583e-07,82271345.09194924,2.9689563658391095e-10,0.0023657140931172636,0.001518644380135614,2.5644281045607416e-06,2.5617610358078585e-05,6340.2340965449175
48382096649.259575,2.457653190267853e-09,2.4576531902678527e-07,85756414.7189895,2.9728757588140987e-10,0.0022787246017663344,0.0014629635908727312,2.5644281045607416e-06,2.4576531902678535e-05,6082.57223707237
50431594871.713486,2.357776201295464e-09,2.357776201295464e-07,89389114.24428546,2.976795151789087e-10,0.0021949052634015237,0.0014093272784388088,2.5644281045607416e-06,2.3577762012954643e-05,5835.381542042032
52567911220.18419,2.261958130385911e-09,2.2619581303859107e-07,93175697.36982715,2.980714544764076e-10,0.002114090595894636,0.0013576415150879225,2.5644281045607416e-06,2.261958130385911e-05,5598.236472008469
54794723369.00292,2.170034026472797e-09,2.1700340264727969e-07,97122682.70863432,2.9846339377390647e-10,0.0020361803642649358,0.0013078064117707242,2.5644281045607416e-06,2.170034026472797e-05,5370.728781096749
57115864781.26423,2.0818456419643565e-09,2.0818456419643564e-07,101236865.00656809,2.9885533307140534e-10,0.0019611452531910246,0.0012597592059401352,2.5644281045607416e-06,2.0818456419643568e-05,5152.466814205952
59535331308.1437,1.9972411603197965e-09,1.9972411603197964e-07,105525326.83950447,2.992472723689042e-10,0.001888886146083477,0.001213472665076025,2.5644281045607416e-06,1.9972411603197968e-05,4943.074832773855
62057288067.76488,1.9160749346967574e-09,1.9160749346967574e-07,109995450.80600564,2.9963921166640307e-10,0.0018192592440707343,0.0011688858024391515,2.5644281045607416e-06,1.9160749346967577e-05,4742.192367942093
64686076615.46321,1.8382072372198237e-09,1.8382072372198234e-07,114654932.23648633,3.00031150963902e-10,0.0017521267326857826,0.0011259185794191273,2.5644281045607416e-06,1.838207237219824e-05,4549.473600007905
67426222417.78349,1.7635040184386665e-09,1.7635040184386665e-07,119511792.44074273,3.0042309026140086e-10,0.001687424125651613,0.0010844931504074133,2.5644281045607416e-06,1.7635040184386664e-05,4364.586763094724
70282442643.08339,1.6918366765615274e-09,1.6918366765615272e-07,124574392.51666021,3.008150295588997e-10,0.00162511604999823,0.001044562590053217,2.5644281045607416e-06,1.6918366765615274e-05,4187.213574016265
73259654282.1523,1.6230818360668772e-09,1.623081836066877e-07,129851447.7438669,3.012069688563986e-10,0.0015651036939903903,0.0010060953713961671,2.5644281045607416e-06,1.6230818360668773e-05,4017.0486843511285
76362982612.82257,1.5571211353121524e-09,1.5571211353121523e-07,135352042.5871088,3.015989081538975e-10,0.0015072803069396527,0.0009690398896252809,2.5644281045607416e-06,1.5571211353121525e-05,3853.799154784754
79597770023.14978,1.4938410227738584e-09,1.4938410227738583e-07,141085646.33518097,3.019908474513963e-10,0.0014515564708229504,0.0009333394461517365,2.5644281045607416e-06,1.4938410227738586e-05,3697.1839508135654
82969585208.34915,1.4331325615682966e-09,1.4331325615682964e-07,147062129.40233567,3.023827867488952e-10,0.001397857327778735,0.0008989309618737339,2.5644281045607416e-06,1.4331325615682967e-05,3546.933458943274
86484232757.3171,1.3748912419164666e-09,1.3748912419164665e-07,153291780.32022306,3.0277472604639406e-10,0.0013461490874322882,0.0008657669314964111,2.5644281045607416e-06,1.3748912419164667e-05,3402.789022548622
90147763145.24918,1.3190168012301566e-09,1.3190168012301564e-07,159785323.4496306,3.03166665343893e-10,0.0012963392986695666,0.0008338204253385152,2.5644281045607416e-06,1.3190168012301567e-05,3264.5024965951957
93966483149.5471,1.2654130515096706e-09,1.2654130515096704e-07,166553937.44249442,3.0355860464139185e-10,0.0012483433844934365,0.0008030433817588905,2.5644281045607416e-06,1.2654130515096707e-05,3131.8358204571896
97946966706.95386,1.2139877137559035e-09,1.2139877137559035e-07,173609274.48598137,3.0395054393889066e-10,0.001202108029660912,0.0007733949598443607,2.5644281045607416e-06,1.2139877137559034e-05,3004.5606080953335
102096066230.60475,1.1646522591117863e-09,1.1646522591117862e-07,180963480.36176214,3.043424832363896e-10,0.0011575565267298135,0.0007448273410923106,2.5644281045607416e-06,1.1646522591117863e-05,2882.4577548896928
106420924406.47224,1.117321756459662e-09,1.117321756459662e-07,188629215.35500106,3.047344225338884e-10,0.0011146479241804193,0.0007172900387520398,2.5644281045607416e-06,1.1173217564596623e-05,2765.317060450575
110928986489.52228,1.0719147262120863e-09,1.0719147262120862e-07,196619676.04907903,3.051263618313873e-10,0.0010733313186648886,0.0006907709317052825,2.5644281045607416e-06,1.0719147262120863e-05,2652.9368667578638
115628013120.73778,1.028353000044542e-09,1.0283530000445419e-07,204948618.04354033,3.055183011288862e-10,0.001033515275880865,0.0006652196444434078,2.5644281045607416e-06,1.028353000044542e-05,2545.123711006309
120526093687.08414,9.865615863284447e-10,9.865615863284445e-08,213630379.6343961,3.059102404263851e-10,0.0009951568082126915,0.0006406040308302334,2.5644281045607416e-06,9.865615863284447e-06,2441.691992558746
125631660247.41214,9.464685410328306e-10,9.464685410328304e-08,222679906.49754405,3.0630217972388397e-10,0.0009582168838593703,0.0006168979622737054,2.5644281045607416e-06,9.464685410328306e-06,2342.4636534340507
130953502048.2665,9.080048438725539e-10,9.080048438725538e-08,232112777.41778162,3.066941190213828e-10,0.0009226339183246406,0.000594045903314755,2.5644281045607416e-06,9.080048438725539e-06,2247.267871779944
136500780654.60138,8.711042794896433e-10,8.711042794896433e-08,241945231.1077338,3.070860583188817e-10,0.0008883605410729363,0.0005720389608129492,2.5644281045607416e-06,8.711042794896433e-06,2155.9407678026205
142283045721.4355,8.357033234634134e-10,8.357033234634133e-08,252194194.1628339,3.0747799761638057e-10,0.0008553587343184255,0.0005508425887834794,2.5644281045607416e-06,8.357033234634134e-06,2068.3251216473145
148310251433.6103,8.017410329529905e-10,8.017410329529905e-08,262877310.2005063,3.0786993691387944e-10,0.0008235562269095677,0.0005304197348207773,2.5644281045607416e-06,8.017410329529906e-06,1984.2701027438666
154592773641.94785,7.691589417840409e-10,7.691589417840408e-08,274012970.233704,3.082618762113783e-10,0.0007929316324135809,0.0005107562540066622,2.5644281045607416e-06,7.69158941784041e-06,1903.6310101514675
161141427725.30167,7.379009597991186e-10,7.379009597991185e-08,285620344.3310786,3.086538155088772e-10,0.0007634440586685011,0.0004918041597638965,2.5644281045607416e-06,7.379009597991186e-06,1826.2690234556658
167967487209.26532,7.079132762982796e-10,7.079132762982795e-08,297719414.6183155,3.090457548063761e-10,0.0007350302098195097,0.0004735520498839963,2.5644281045607416e-06,7.079132762982797e-06,1752.0509637885746
175082703173.5727,6.791442674038426e-10,6.791442674038425e-08,310331009.67740744,3.09437694103875e-10,0.0007076803881483359,0.00045597300644060264,2.5644281045607416e-06,6.791442674038426e-06,1680.849064561158
182499324481.61505,6.515444071897319e-10,6.51544407189732e-08,323476840.40311885,3.098296334013738e-10,0.0006813210136029741,0.00043903486279495585,2.5644281045607416e-06,6.515444071897319e-06,1612.5407515126715
190230118866.8946,6.250661824224587e-10,6.250661824224587e-08,337179537.3783527,3.102215726988727e-10,0.000655945514736048,0.00042272997567052077,2.5644281045607416e-06,6.250661824224587e-06,1547.0084316987336
198288394912.70673,5.996640107669793e-10,5.996640107669793e-08,351462689.83274996,3.1061351199637156e-10,0.0006315056400952953,0.0004070137812949096,2.5644281045607416e-06,5.996640107669793e-06,1484.1392910547982
206688024962.9082,5.752941623165594e-10,5.752941623165594e-08,366350886.2516248,3.110054512938704e-10,0.0006079645208575752,0.0003918816669492048,2.5644281045607416e-06,5.752941623165595e-06,1423.825100186383
215443469003.18866,5.519146843116442e-10,5.519146843116441e-08,381869756.7050964,3.1139739059136934e-10,0.0005853066404067187,0.0003773086633179938,2.5644281045607416e-06,5.519146843116442e-06,1365.9620280519282
224569799553.97717,5.2948532891806e-10,5.2948532891806007e-08,398046016.9703276,3.117893298888682e-10,0.000563466225483742,0.0003632670368643694,2.5644281045607416e-06,5.294853289180601e-06,1310.4504632173573
234082727617.82944,5.079674839402528e-10,5.0796748394025275e-08,414907514.52281386,3.1218126918636713e-10,0.0005424541821848412,0.000349754440498929,2.5644281045607416e-06,5.0796748394025276e-06,1257.1948423747056
243998629725.95453,4.873241063503079e-10,4.873241063503079e-08,432483276.47587234,3.1257320848386595e-10,0.0005222004340894251,0.00033672565208238815,2.5644281045607416e-06,4.87324106350308e-06,1206.1034858296778
254334576130.4648,4.675196585182566e-10,4.675196585182565e-08,450803559.5509136,3.129651477813648e-10,0.0005035848957396607,0.0003250685950847759,2.5644281045607416e-06,4.675196585182566e-06,1157.0884396747504
265108360190.85416,4.4852004703396957e-10,4.485200470339695e-08,469899902.16445184,3.1335708707886373e-10,0.000484785063902687,0.0003129629459005229,2.5644281045607416e-06,4.485200470339696e-06,1110.065324376334
276338529005.3167,4.3029256401525055e-10,4.3029256401525046e-08,489805178.7215822,3.1374902637636255e-10,0.00046667689404385,0.0003013026134438559,2.5644281045607416e-06,4.3029256401525055e-06,1064.9531895151558
288044415339.62976,4.1280583080112564e-10,4.128058308011256e-08,510553656.2093612,3.141409656738615e-10,0.0004492525523771586,0.00029008091791476635,2.5644281045607416e-06,4.1280583080112565e-06,1021.6743744298853
300246170908.5543,3.96029743933406e-10,3.960297439334059e-08,532181053.18750435,3.1453290497136033e-10,0.00043245629794334427,0.00027926217338643375,2.5644281045607416e-06,3.96029743933406e-06,980.1543745241279
312964801067.075,3.799354233334894e-10,3.799354233334894e-08,554724601.2779989,3.149248442688592e-10,0.0004163014634174502,0.0002688536783154098,2.5644281045607416e-06,3.7993542333348943e-06,940.3217130065256
326222200971.1673,3.644951625852397e-10,3.644951625852397e-08,578223109.259427,3.153167835663581e-10,0.0004007285477295431,0.00025882353803416457,2.5644281045607416e-06,3.644951625852397e-06,902.1078178433004
340041193270.37024,3.496823812383127e-10,3.496823812383127e-08,602717029.8763852,3.1570872286385694e-10,0.0003857445977510249,0.00024916723488147685,2.5644281045607416e-06,3.4968238123831275e-06,865.4469037113021
354445567397.0436,3.354715790498336e-10,3.354715790498336e-08,628248529.4790047,3.1610066216135585e-10,0.000371314294340965,0.00023987049317207188,2.5644281045607416e-06,3.354715790498336e-06,830.2758587483837
369460120519.9295,3.2183829208567137e-10,3.2183829208567133e-08,654861560.612417,3.1649260145885467e-10,0.0003574168548237545,0.0002309123812648796,2.5644281045607416e-06,3.218382920856714e-06,796.5341359061889
385110700232.5569,3.087590506056995e-10,3.087590506056995e-08,682601937.6811984,3.1688454075635354e-10,0.0003440432356120231,0.00022229170772632644,2.5644281045607416e-06,3.087590506056995e-06,764.1636487182176
401424249049.9326,2.9621133866058456e-10,2.9621133866058452e-08,711517415.8189725,3.1727648005385246e-10,0.0003311549927651607,0.0002139867728005997,2.5644281045607416e-06,2.962113386605845e-06,733.1086713038414
418428850790.1576,2.841735553305144e-10,2.8417355533051435e-08,741657773.0990101,3.176684193513513e-10,0.00031875532962710815,0.0002059904751396724,2.5644281045607416e-06,2.841735553305144e-06,703.3157424360393
436153778920.80054,2.7262497753915426e-10,2.726249775391542e-08,773074896.227322,3.1806035864885024e-10,0.00030681211240135374,0.00019829169381931986,2.5644281045607416e-06,2.7262497753915428e-06,674.7335735077448
454629546953.239,2.615457243788217e-10,2.615457243788217e-08,805822869.8657465,3.1845229794634906e-10,0.00029531322239772844,0.00019087529742772561,2.5644281045607416e-06,2.6154572437882177e-06,647.3129602383884
473887960971.7651,2.5091672288544376e-10,2.5091672288544373e-08,839958069.7388595,3.18844237243848e-10,0.0002842444222777364,0.00018373694426475492,2.5644281045607416e-06,2.5091672288544375e-06,621.0066979685782
493962174387.8326,2.4071967520440447e-10,2.4071967520440444e-08,875539259.6849157,3.1923617654134684e-10,0.00027358254772849675,0.00017686325858528147,2.5644281045607416e-06,2.407196752044045e-06,595.7695003971695
514886745013.7487,2.3093702709073481e-10,2.3093702709073478e-08,912627692.8179669,3.1962811583884576e-10,0.00026332192660670067,0.00017024324243971573,2.5644281045607416e-06,2.3093702709073483e-06,571.5579216207636
536697694554.0476,2.215519376894326e-10,2.2155193768943257e-08,951287216.9752649,3.200200551363446e-10,0.0002534440264632,0.00016387096833646493,2.5644281045607416e-06,2.2155193768943264e-06,548.3302813414689
559432570616.9366,2.1254825054388877e-10,2.1254825054388873e-08,991584384.6314709,3.2041199443384344e-10,0.000243931396330432,0.00015773260449788466,2.5644281045607416e-06,2.1254825054388878e-06,526.0465931141638
583130511352.6218,2.0391046578249975e-10,2.0391046578249973e-08,1033588567.468937,3.2080393373134236e-10,0.000234774835959288,0.0001518244727544136,2.5644281045607416e-06,2.0391046578249977e-06,504.6684955097149
607832312829.7236,1.9562371343560102e-10,1.9562371343560103e-08,1077372075.801226,3.2119587302884123e-10,0.00022595829159403546,0.00014613727151393011,2.5644281045607416e-06,1.9562371343560107e-06,484.1591860756824
633580499265.8241,1.8767372783677205e-10,1.8767372783677204e-08,1123010283.0555182,3.215878123263401e-10,0.00021747041635289573,0.00014065888148572035,2.5644281045607416e-06,1.8767372783677208e-06,464.48335798079484
660419396233.0305,1.800468230644517e-10,1.800468230644517e-08,1170581755.5281808,3.2197975162383897e-10,0.00020930256323786956,0.00013538619648276998,2.5644281045607416e-06,1.8004682306445172e-06,445.6071392341398
688395206964.5482,1.72729869381592e-10,1.7272986938159198e-08,1220168387.6368318,3.223716909213379e-10,0.00020143718108500016,0.0001303078700900653,2.5644281045607416e-06,1.72729869381592e-06,427.49803437445195
717556091893.6921,1.657102706327755e-10,1.657102706327755e-08,1271855542.9018288,3.227636302188367e-10,0.00019386341768608473,0.0001254193429346346,2.5644281045607416e-06,1.6571027063277548e-06,410.12486852907654
747952251562.1829,1.5897594255990398e-10,1.5897594255990394e-08,1325732200.8997746,3.2315556951633557e-10,0.00018657385002560412,0.0001207145060105025,2.5644281045607416e-06,1.5897594255990396e-06,393.4577337463528
779636013040.5221,1.5251529199911422e-10,1.525152919991142e-08,1381891110.4421034,3.235475088138345e-10,0.00017955680063736247,0.00011618348079224709,2.5644281045607416e-06,1.5251529199911423e-06,377.4679375089908
812661920009.1946,1.4631719692311296e-10,1.4631719692311295e-08,1440428949.242432,3.2393944811133335e-10,0.00017280367625356304,0.00011182162103088083,2.5644281045607416e-06,1.4631719692311298e-06,362.1279533398203
847086826655.742,1.4037098729458144e-10,1.4037098729458142e-08,1501446490.3474634,3.2433138740883227e-10,0.0001663021748674909,0.00010762150115520888,2.5644281045607416e-06,1.4037098729458146e-06,347.4113734148975
882969995549.4083,1.3466642669767458e-10,1.3466642669767458e-08,1565048775.6180809,3.247233267063311e-10,0.00016004046666000151,0.00010357841729048872,2.5644281045607416e-06,1.346664266976746e-06,333.2928631023579
920373199661.823,1.2919369471600293e-10,1.2919369471600292e-08,1631345296.5592084,3.2511526600383e-10,0.00015401415115324184,9.968735835944998e-05,2.5644281045607416e-06,1.2919369471600295e-06,319.7481173487774
959360828709.3127,1.2394337002676318e-10,1.2394337002676316e-08,1700450182.8096833,3.255072053013288e-10,0.00014821513272319538,9.594125460291844e-05,2.5644281045607416e-06,1.2394337002676317e-06,306.75381883796723
1000000000000.0,1.189064141819004e-10,1.1890641418190038e-08,1772482398.6168013,3.258991445988277e-10,0.00014263442054931227,9.233440252129874e-05,2.5644281045607416e-06,1.1890641418190038e-06,294.28759785013835
1042360673976.4033,1.140741560484008e-10,1.140741560484008e-08,1847565947.6335196,3.262910838963266e-10,0.0001372612269384143,8.886154506821841e-05,2.5644281045607416e-06,1.140741560484008e-06,282.3279937523819
1086515774652.5417,1.0943827688090916e-10,1.0943827688090915e-08,1925830086.3911297,3.266830231938255e-10,0.00013208656309177122,8.551874871063833e-05,2.5644281045607416e-06,1.0943827688090916e-06,270.8544180541225
1132541315152.808,1.0499079600098907e-10,1.0499079600098907e-08,2007409546.8146768,3.270749624913243e-10,0.00012710609261155573,8.230184135701163e-05,2.5644281045607416e-06,1.0499079600098908e-06,259.8471189639837
1180516528568.8032,1.0072405705835935e-10,1.0072405705835934e-08,2092444768.1644113,3.274669017888232e-10,0.00012231458319230548,7.92053627428269e-05,2.5644281045607416e-06,1.0072405705835935e-06,249.28714738701493
1230524004359.2615,9.663071485047168e-11,9.663071485047168e-09,2181082138.8022556,3.2785884108632213e-10,0.00011770359805622444,7.622345593749164e-05,2.5644281045607416e-06,9.66307148504717e-07,239.15632430378716
1282649830528.0625,9.270372267772182e-11,9.27037226777218e-09,2273474248.199814,3.28250780383821e-10,0.00011326309031882905,7.335226013227013e-05,2.5644281045607416e-06,9.270372267772182e-07,229.43720947515445
1336983741824.9507,8.893632021253749e-11,8.893632021253748e-09,2369780149.6215553,3.286427196813199e-10,0.00010898739684948748,7.058912563048662e-05,2.5644281045607416e-06,8.89363202125375e-07,220.11307141883628
1393619274224.1377,8.532202186145755e-11,8.532202186145755e-09,2470165633.9354033,3.2903465897881873e-10,0.00010487319968691647,6.793074152734141e-05,2.5644281045607416e-06,8.532202186145756e-07,211.16785860612885
1452653925946.7783,8.185460560016194e-11,8.185460560016193e-09,2574803515.022259,3.294265982763176e-10,0.00010091584908483297,6.537221920291892e-05,2.5644281045607416e-06,8.185460560016195e-07,202.58617182914656
1514189325304.352,7.852810226224539e-11,7.852810226224539e-09,2683873927.275411,3.298185375738165e-10,9.710752251272484e-05,6.290790272795078e-05,2.5644281045607416e-06,7.85281022622454e-07,194.35323769105747
1578331405652.1196,7.53367852632773e-11,7.53367852632773e-09,2797564635.7024975,3.302104768713154e-10,9.343924487564244e-05,6.053511833639068e-05,2.5644281045607416e-06,7.53367852632773e-07,186.4548831736307
1645190587753.6675,7.227516074247334e-11,7.227516074247334e-09,2916071359.163403,3.306024161688143e-10,8.99072540570251e-05,5.8251776477350464e-05,2.5644281045607416e-06,7.227516074247334e-07,178.87751123835264
1714881969870.534,6.933795810499856e-11,6.933795810499856e-09,3039598107.3008265,3.3099435546631307e-10,8.650924836993574e-05,5.605524811492532e-05,2.5644281045607416e-06,6.933795810499857e-07,171.60807741908675
1787525525904.2317,6.652012094862302e-11,6.6520120948623005e-09,3168357531.74349,3.3138629476381193e-10,8.324177863594839e-05,5.3941946755754066e-05,2.5644281045607416e-06,6.652012094862301e-07,164.63406736598694
1863246311931.5598,6.38167983591147e-11,6.38167983591147e-09,3302571292.186357,3.3177823406131085e-10,8.009734079243362e-05,5.1905952665561366e-05,2.5644281045607416e-06,6.38167983591147e-07,157.94347530201807
1942174681489.0283,6.122333655937538e-11,6.122333655937537e-09,3442470437.9784927,3.321701733588097e-10,7.706726784820176e-05,4.9945412480125634e-05,2.5644281045607416e-06,6.122333655937538e-07,151.52478335497293
2024446509976.81,5.873527089795148e-11,5.873527089795147e-09,3588295805.8751097,3.3256211265630864e-10,7.415017713188368e-05,4.805892455082339e-05,2.5644281045607416e-06,5.873527089795148e-07,145.36694172942578
2110203428568.588,5.634831816312521e-11,5.63483181631252e-09,3740298434.6386466,3.3295405195380745e-10,7.13448324060594e-05,4.624454553645257e-05,2.5644281045607416e-06,5.634831816312521e-07,139.4593496844815
2199593068030.0703,5.4058369209351775e-11,5.405836920935177e-09,3898739997.202829,3.333459912513063e-10,6.864796376070168e-05,4.4499548495631925e-05,2.5644281045607416e-06,5.405836920935178e-07,133.79183728456593
2292769312865.649,5.186148188335776e-11,5.186148188335776e-09,4063893251.143098,3.3373793054880524e-10,6.6052509520493e-05,4.281824404672044e-05,2.5644281045607416e-06,5.186148188335777e-07,128.3546478918628
2389892566231.0527,4.9753874237711116e-11,4.975387423771111e-09,4236042508.229676,3.341298698463041e-10,6.354951742733119e-05,4.119852341290304e-05,2.5644281045607416e-06,4.975387423771112e-07,123.13842137022954
2491130026067.796,4.7731918020189445e-11,4.773191802018944e-09,4415484123.87098,3.34521809143803e-10,6.114119269964902e-05,3.964038742563222e-05,2.5644281045607416e-06,4.773191802018944e-07,118.13417797169993
2596655972934.862,4.579213242773427e-11,4.579213242773427e-09,4602527007.290228,3.3491374844130184e-10,5.882605102606928e-05,3.8142165623221486e-05,2.5644281045607416e-06,4.579213242773428e-07,113.33330287782434
2706652070033.236,4.3931178114237764e-11,4.3931178114237766e-09,4797493153.313638,3.3530568773880076e-10,5.660060403117634e-05,3.6701602464291555e-05,2.5644281045607416e-06,4.393117811423777e-07,108.72753136923315
2821307675939.4707,4.214585144185158e-11,4.214585144185157e-09,5000718196.685184,3.3569762703629963e-10,5.445812222733867e-05,3.531341510104229e-05,2.5644281045607416e-06,4.214585144185158e-07,104.30893459790533
2940820170587.067,4.04330789659143e-11,4.043307896591429e-09,5212551989.862834,3.3608956633379855e-10,5.239109696662406e-05,3.3975571750411195e-05,2.5644281045607416e-06,4.0433078965914306e-07,100.06990593763194
3065395295056.536,3.87899121440086e-11,3.87899121440086e-09,5433359205.290468,3.364815056312974e-10,5.0403876330315705e-05,3.2689160852782874e-05,2.5644281045607416e-06,3.87899121440086e-07,96.00314788918949
3195247505759.2007,3.7213522260037865e-11,3.7213522260037862e-09,5663519963.182416,3.368734449287962e-10,4.8493761079044505e-05,3.1452338652026794e-05,2.5644281045607416e-06,3.721352226003787e-07,92.10165951767638
3330600343624.5815,3.570119555458236e-11,3.5701195554582356e-09,5903430485.901641,3.3726538422629515e-10,4.665768946738331e-05,3.0263158240284213e-05,2.5644281045607416e-06,3.5701195554582363e-07,88.35872440038092
3471686818926.5596,3.4250328553157376e-11,3.4250328553157374e-09,6153503780.057278,3.3765732352379396e-10,4.488850911932967e-05,2.9117170219762824e-05,2.5644281045607416e-06,3.425032855315738e-07,84.76789906444723
3618749812411.284,3.285842358432331e-11,3.2858423584323307e-09,6414170347.496848,3.380492628212929e-10,4.3182905426954814e-05,2.8012696041625706e-05,2.5644281045607416e-06,3.285842358432331e-07,81.3230018944155
3772042493417.009,3.1523084479938e-11,3.1523084479937993e-09,6685878926.416284,3.3844120211879175e-10,4.154358583100092e-05,2.6950870348115496e-05,2.5644281045607416e-06,3.1523084479938e-07,78.01810249055538
3931828755705.754,3.0242012450147245e-11,3.0242012450147247e-09,6969097263.86385,3.3883314141629056e-10,3.996791499340553e-05,2.5930016569359685e-05,2.5644281045607416e-06,3.024201245014725e-07,74.84751145966793
4098383671757.253,2.9013002126010642e-11,2.901300212601064e-09,7264312920.968224,3.392250807137895e-10,3.845332473180369e-05,2.494850946692475e-05,2.5644281045607416e-06,2.9013002126010644e-07,71.80577062077688
4271993966306.7764,2.783393776295461e-11,2.783393776295461e-09,7572034112.275935,3.3961702001128835e-10,3.6992676984002745e-05,2.4002743828954412e-05,2.5644281045607416e-06,2.7833937762954613e-07,68.88764360885929
4452958509942.66,2.6702789598511576e-11,2.6702789598511575e-09,7892790580.6442585,3.4000895930878727e-10,3.558592470798224e-05,2.3091279806858767e-05,2.5644281045607416e-06,2.6702789598511575e-07,66.08810686042706
4641588833612.792,2.5617610358078478e-11,2.5617610358078476e-09,8227134509.194959,3.4040089860628614e-10,3.423390758090662e-05,2.2215076030819115e-05,2.5644281045607416e-06,2.5617610358078477e-07,63.4023409654489
4838209664925.9375,2.4576531902678633e-11,2.457653190267863e-09,8575641471.898917,3.40792837903785e-10,3.2934411580423856e-05,2.1372710974961814e-05,2.5644281045607416e-06,2.4576531902678633e-07,60.825722370723945
5043159487171.349,2.357776201295463e-11,2.3577762012954626e-09,8938911424.428553,3.4118477720128387e-10,3.1684686182241565e-05,2.0562617230525368e-05,2.5644281045607416e-06,2.3577762012954626e-07,58.35381542042029
5256791122018.419,2.261958130385912e-11,2.2619581303859117e-09,9317569736.98271,3.415767164987828e-10,3.047981693636201e-05,1.9782438341684166e-05,2.5644281045607416e-06,2.2619581303859117e-07,55.98236472008471
5479472336900.293,2.170034026472795e-11,2.1700340264727945e-09,9712268270.863441,3.4196865579628166e-10,2.931982173960057e-05,1.9030636153996572e-05,2.5644281045607416e-06,2.170034026472795e-07,53.70728781096743
5711586478126.446,2.0818456419643474e-11,2.081845641964347e-09,10123686500.656853,3.423605950937806e-10,2.8204964492386564e-05,1.8307761223740407e-05,2.5644281045607416e-06,2.0818456419643474e-07,51.52466814205929
5953533130814.346,1.997241160319805e-11,1.997241160319805e-09,10552532683.9504,3.427525343912794e-10,2.713327062630654e-05,1.7612757835323802e-05,2.5644281045607416e-06,1.9972411603198052e-07,49.430748327738755
6205728806776.487,1.9160749346967575e-11,1.9160749346967574e-09,10999545080.600563,3.431444736887782e-10,2.6102217574401887e-05,1.6944270606087745e-05,2.5644281045607416e-06,1.9160749346967576e-07,47.421923679420935
6468607661546.32,1.8382072372198223e-11,1.838207237219822e-09,11465493223.648642,3.435364129862772e-10,2.5108911697101766e-05,1.6300861283080876e-05,2.5644281045607416e-06,1.8382072372198223e-07,45.494736000079016
6742622241778.349,1.7635040184386646e-11,1.7635040184386644e-09,11951179244.074286,3.4392835228377605e-10,2.4152570236021774e-05,1.5680980386009607e-05,2.5644281045607416e-06,1.7635040184386646e-07,43.6458676309472
7028244264308.367,1.6918366765615212e-11,1.6918366765615212e-09,12457439251.666067,3.4432029158127486e-10,2.3233350578223257e-05,1.5084682388612642e-05,2.5644281045607416e-06,1.6918366765615216e-07,41.872135740162506
7325965428215.2,1.623081836066884e-11,1.623081836066884e-09,12985144774.386635,3.4471223087877373e-10,2.234960414647922e-05,1.451134972801716e-05,2.5644281045607416e-06,1.6230818360668844e-07,40.17048684351146
7636298261282.226,1.5571211353121586e-11,1.5571211353121584e-09,13535204258.710825,3.451041701762726e-10,2.1499252115554144e-05,1.3959890723964867e-05,2.5644281045607416e-06,1.5571211353121584e-07,38.53799154784769
7959777002314.978,1.493841022773858e-11,1.4938410227738578e-09,14108564633.518103,3.454961094737715e-10,2.0680490676909977e-05,1.342927521697554e-05,2.5644281045607416e-06,1.493841022773858e-07,36.971839508135645
8296958520834.915,1.433132561568296e-11,1.4331325615682958e-09,14706212940.233576,3.458880487712704e-10,1.989233999174144e-05,1.2918400041440668e-05,2.5644281045607416e-06,1.433132561568296e-07,35.46933458943273
8648423275731.744,1.374891241916461e-11,1.374891241916461e-09,15329178032.022367,3.462799880687693e-10,1.9134523868313384e-05,1.2426661769191794e-05,2.5644281045607416e-06,1.3748912419164612e-07,34.02789022548608
9014776314524.88,1.319016801230162e-11,1.3190168012301618e-09,15978532344.962992,3.466719273662681e-10,1.8405849057991806e-05,1.1953783679369654e-05,2.5644281045607416e-06,1.319016801230162e-07,32.645024965952096
9396648314954.672,1.2654130515096756e-11,1.2654130515096756e-09,16655393744.249376,3.47063866663767e-10,1.7704851650912067e-05,1.1499009275690736e-05,2.5644281045607416e-06,1.2654130515096757e-07,31.31835820457202
9794696670695.385,1.2139877137559024e-11,1.2139877137559023e-09,17360927448.598152,3.474558059612659e-10,1.7030061797304034e-05,1.1061485092965391e-05,2.5644281045607416e-06,1.2139877137559024e-07,30.045606080953313
10209606623060.475,1.1646522591117871e-11,1.164652259111787e-09,18096348036.1762,3.4784774525876477e-10,1.638058993336741e-05,1.0640359680342372e-05,2.5644281045607416e-06,1.1646522591117871e-07,28.824577548896947
10642092440647.268,1.1173217564596574e-11,1.1173217564596573e-09,18862921535.500187,3.482396845562637e-10,1.5755956449616668e-05,1.0235049554716922e-05,2.5644281045607416e-06,1.1173217564596576e-07,27.653170604505632
11092898648952.182,1.07191472621209e-11,1.07191472621209e-09,19661967604.907833,3.486316238537625e-10,1.5155321539488445e-05,9.845152933835726e-06,2.5644281045607416e-06,1.07191472621209e-07,26.529368667578733
11562801312073.73,1.0283530000445467e-11,1.0283530000445466e-09,20494861804.35394,3.490235631512614e-10,1.4577527472293438e-05,9.470164853874303e-06,2.5644281045607416e-06,1.0283530000445468e-07,25.451237110063204
12052609368708.414,9.865615863284443e-12,9.86561586328444e-10,21363037963.439617,3.4941550244876024e-10,1.4021441769698161e-05,9.109431240624152e-06,2.5644281045607416e-06,9.865615863284444e-08,24.41691992558745
12563166024741.215,9.464685410328297e-12,9.464685410328296e-10,22267990649.75442,3.498074417462592e-10,1.3486325529919133e-05,8.762322162457937e-06,2.5644281045607416e-06,9.464685410328299e-08,23.42463653434049
13095350204826.703,9.080048438725502e-12,9.080048438725502e-10,23211277741.778255,3.50199381043758e-10,1.2971559507976278e-05,8.428315715215857e-06,2.5644281045607416e-06,9.080048438725502e-08,22.47267871779935
13650078065460.082,8.711042794896474e-12,8.711042794896473e-10,24194523110.773262,3.5059132034125684e-10,1.2476596504177113e-05,8.106903584299761e-06,2.5644281045607416e-06,8.711042794896475e-08,21.559407678026304
14228304572143.49,8.357033234634166e-12,8.357033234634165e-10,25219419416.283295,3.5098325963875576e-10,1.200043380998756e-05,7.79777053569445e-06,2.5644281045607416e-06,8.357033234634167e-08,20.683251216473227
14831025143361.03,8.017410329529902e-12,8.0174103295299e-10,26287731020.050648,3.513751989362546e-10,1.1542259768443346e-05,7.500420706850613e-06,2.5644281045607416e-06,8.017410329529901e-08,19.84270102743865
15459277364194.785,7.691589417840415e-12,7.691589417840413e-10,27401297023.370377,3.5176713823375354e-10,1.110147061252645e-05,7.214391215385599e-06,2.5644281045607416e-06,7.691589417840414e-08,19.03631010151469
16114142772530.232,7.379009597991155e-12,7.379009597991154e-10,28562034433.10798,3.521590775312524e-10,1.0677333369103147e-05,6.9391621855182376e-06,2.5644281045607416e-06,7.379009597991155e-08,18.26269023455658
16796748720926.463,7.079132762982824e-12,7.079132762982823e-10,29771941461.831432,3.5255101682875123e-10,1.0269505367190076e-05,6.674318517811607e-06,2.5644281045607416e-06,7.079132762982825e-08,17.520509637885816
17508270317357.197,6.791442674038452e-12,6.79144267403845e-10,31033100967.74062,3.5294295612625015e-10,9.877247660965392e-06,6.419582701980667e-06,2.5644281045607416e-06,6.791442674038452e-08,16.80849064561164
18249932448161.504,6.515444071897319e-12,6.515444071897318e-10,32347684040.311893,3.53334895423749e-10,9.499802444800096e-06,6.174527723261992e-06,2.5644281045607416e-06,6.51544407189732e-08,16.125407515126714
19023011886689.457,6.250661824224593e-12,6.250661824224592e-10,33717953737.835243,3.5372683472124793e-10,9.156436936059904e-06,5.958620766782981e-06,2.5644281045607416e-06,6.250661824224593e-08,15.470084316987347
19828839491270.754,5.9966401076697675e-12,5.996640107669767e-10,35146268983.27515,3.541187740187468e-10,8.806381816420764e-06,5.731175201631653e-06,2.5644281045607416e-06,5.996640107669768e-08,14.841392910547917
20668802496290.734,5.752941623165618e-12,5.752941623165617e-10,36635088625.16233,3.5451071331624567e-10,8.469808948595914e-06,5.512414961896408e-06,2.5644281045607416e-06,5.752941623165619e-08,14.238251001863889
21544346900318.777,5.519146843116468e-12,5.519146843116468e-10,38186975670.50945,3.549026526137445e-10,8.14614663039157e-06,5.30193241264828e-06,2.5644281045607416e-06,5.519146843116468e-08,13.659620280519349
22456979955397.72,5.2948532891805984e-12,5.294853289180598e-10,39804601697.032776,3.5529459191124345e-10,7.834670074562966e-06,5.0994527929765145e-06,2.5644281045607416e-06,5.2948532891805993e-08,13.104504632173569
23408272761782.94,5.079674839402531e-12,5.07967483940253e-10,41490751452.28136,3.5568653120874227e-10,7.535196146410983e-06,4.904756082757408e-06,2.5644281045607416e-06,5.0796748394025315e-08,12.571948423747065
24399862972595.55,4.8732410635030604e-12,4.87324106350306e-10,43248327647.58741,3.5607847050624113e-10,7.2469132116340336e-06,4.717365771315337e-06,2.5644281045607416e-06,4.87324106350306e-08,12.06103485829673
25433457613046.38,4.675196585182584e-12,4.675196585182583e-10,45080355955.09118,3.5647040980373995e-10,6.969691609407742e-06,4.537190004439111e-06,2.5644281045607416e-06,4.675196585182584e-08,11.570884396747548
26510836019085.31,4.48520047033971e-12,4.48520047033971e-10,46989990216.44502,3.5686234910123887e-10,6.703106721989158e-06,4.363762671289999e-06,2.5644281045607416e-06,4.485200470339711e-08,11.100653243763377
27633852900531.668,4.302925640152506e-12,4.302925640152505e-10,48980517872.15822,3.5725428839873774e-10,6.446600042186101e-06,4.196969213796462e-06,2.5644281045607416e-06,4.302925640152505e-08,10.649531895151558
28804441533962.977,4.128058308011257e-12,4.128058308011257e-10,51055365620.93611,3.5764622769623666e-10,6.19996037236748e-06,4.036563278470504e-06,2.5644281045607416e-06,4.128058308011258e-08,10.216743744298856
30024617090855.555,3.960297439334041e-12,3.960297439334041e-10,53218105318.750694,3.580381669937356e-10,5.9626306175294836e-06,3.882221975141624e-06,2.5644281045607416e-06,3.9602974393340414e-08,9.801543745241231
31296480106707.633,3.79935423333488e-12,3.7993542333348793e-10,55472460127.8001,3.5843010629123444e-10,5.734322670976333e-06,3.7337918215242677e-06,2.5644281045607416e-06,3.7993542333348806e-08,9.403217130065222
32622220097116.598,3.644951625852412e-12,3.644951625852412e-10,57822310925.942444,3.5882204558873326e-10,5.514841224555905e-06,3.5910111898832146e-06,2.5644281045607416e-06,3.6449516258524134e-08,9.021078178433042
34004119327037.027,3.4968238123831274e-12,3.4968238123831267e-10,60271702987.63851,3.592139848862322e-10,5.303623213063224e-06,3.4536220508864352e-06,2.5644281045607416e-06,3.4968238123831276e-08,8.65446903711302
35444556739704.36,3.3547157904983375e-12,3.354715790498337e-10,62824852947.900444,3.5960592418373104e-10,5.100546047932912e-06,3.3215297937662724e-06,2.5644281045607416e-06,3.354715790498337e-08,8.30275858748384
36946012051993.1,3.2183829208567015e-12,3.2183829208567013e-10,65486156061.24194,3.5999786348122996e-10,4.905195198986641e-06,3.194434579534157e-06,2.5644281045607416e-06,3.218382920856702e-08,7.965341359061858
38511070023255.84,3.087590506056982e-12,3.087590506056982e-10,68260193768.12011,3.6038980277872883e-10,4.717210993684697e-06,3.0721821204390175e-06,2.5644281045607416e-06,3.087590506056982e-08,7.6416364871821445
40142424904993.09,2.9621133866058567e-12,2.9621133866058565e-10,71151741581.89699,3.6078174207622764e-10,4.536562558516301e-06,2.954659500109706e-06,2.5644281045607416e-06,2.9621133866058568e-08,7.3310867130384425
41842885079015.76,2.8417355533051458e-12,2.841735553305145e-10,74165777309.90097,3.611736813737265e-10,4.3626419728292755e-06,2.841498937721713e-06,2.5644281045607416e-06,2.841735553305146e-08,7.033157424360398
43615377892080.055,2.726249775391541e-12,2.7262497753915406e-10,77307489622.73224,3.615656206712254e-10,4.195471503553236e-06,2.7327269614550655e-06,2.5644281045607416e-06,2.7262497753915412e-08,6.747335735077445
45462954695324.086,2.615457243788206e-12,2.615457243788206e-10,80582286986.575,3.619575599687243e-10,4.034675356580259e-06,2.6280948107456434e-06,2.5644281045607416e-06,2.6154572437882057e-08,6.473129602383855
47388796097176.7,2.5091672288544293e-12,2.5091672288544293e-10,83995806973.88622,3.6234949926622317e-10,3.8799306364548496e-06,2.5274189938679215e-06,2.5644281045607416e-06,2.5091672288544297e-08,6.210066979685763
49396217438783.055,2.4071967520440524e-12,2.407196752044052e-10,87553925968.4913,3.62741438563722e-10,3.73124701684935e-06,2.4306660267013675e-06,2.5644281045607416e-06,2.4071967520440526e-08,5.957695003971714
51488674501374.87,2.3093702709073495e-12,2.3093702709073492e-10,91262769281.79665,3.631333778612209e-10,3.588078992187828e-06,2.337505381659156e-06,2.5644281045607416e-06,2.3093702709073494e-08,5.715579216207639
53669769455404.76,2.215519376894323e-12,2.215519376894323e-10,95128721697.52661,3.6352531715871977e-10,3.45048679454017e-06,2.247943320758575e-06,2.5644281045607416e-06,2.2155193768943234e-08,5.4833028134146815
55943257061693.89,2.125482505438881e-12,2.125482505438881e-10,99158438463.14738,3.639172564562187e-10,3.318149820907134e-06,2.1618222174848707e-06,2.5644281045607416e-06,2.1254825054388814e-08,5.260465931141622
58313051135262.42,2.0391046578249904e-12,2.03910465782499e-10,103358856746.89407,3.6430919575371755e-10,3.1907934945837238e-06,2.078934603798125e-06,2.5644281045607416e-06,2.0391046578249907e-08,5.046684955097131
60783231282972.11,1.9562371343560187e-12,1.9562371343560185e-10,107737207580.12213,3.647011350512164e-10,3.0684070362963593e-06,1.9992671222925207e-06,2.5644281045607416e-06,1.9562371343560186e-08,4.841591860756844
63358049926582.414,1.8767372783677204e-12,1.8767372783677203e-10,112301028305.5518,3.650930743487153e-10,2.950614942963859e-06,1.9226146505605986e-06,2.5644281045607416e-06,1.8767372783677204e-08,4.644833579807948
66041939623303.055,1.8004682306445166e-12,1.8004682306445163e-10,117058175552.81812,3.654850136462142e-10,2.837376920626203e-06,1.8488818518554829e-06,2.5644281045607416e-06,1.8004682306445167e-08,4.456071392341397
68839520696455.1,1.7272986938159133e-12,1.7272986938159132e-10,122016838763.68364,3.6587695294371307e-10,2.728491846791444e-06,1.7779966601391878e-06,2.5644281045607416e-06,1.727298693815913e-08,4.274980343744503
71755609189369.5,1.6571027063277477e-12,1.6571027063277477e-10,127185554290.18343,3.66268892241212e-10,2.62369283117301e-06,1.709793332429262e-06,2.5644281045607416e-06,1.657102706327748e-08,4.101248685290749
74795225156217.98,1.589759425599046e-12,1.5897594255990457e-10,132573220089.97693,3.666608315387108e-10,2.5229732295241766e-06,1.6442085838544733e-06,2.5644281045607416e-06,1.589759425599046e-08,3.934577337463544
77963601304052.2,1.525152919991142e-12,1.5251529199911417e-10,138189111044.2104,3.670527708362097e-10,2.426076293513642e-06,1.5811451162947295e-06,2.5644281045607416e-06,1.525152919991142e-08,3.7746793750899075
81266192000919.45,1.46317196923113e-12,1.46317196923113e-10,144042894924.24316,3.6744471013370854e-10,2.3328890146462085e-06,1.5204508976905747e-06,2.5644281045607416e-06,1.4631719692311302e-08,3.6212795333982037
84708682665574.2,1.4037098729458133e-12,1.403709872945813e-10,150144649034.74643,3.678366494312074e-10,2.243297039003211e-06,1.462104439599888e-06,2.5644281045607416e-06,1.4037098729458134e-08,3.474113734148973
88296999554941.19,1.3466642669767401e-12,1.3466642669767401e-10,156504877561.80875,3.6822858872870633e-10,2.1570739260848326e-06,1.4059784290154772e-06,2.5644281045607416e-06,1.3466642669767403e-08,3.3329286310235653
92037319966181.92,1.291936947160035e-12,1.2919369471600348e-10,163134529655.92014,3.6862052802620514e-10,2.0741989088662193e-06,1.352007598298419e-06,2.5644281045607416e-06,1.2919369471600349e-08,3.1974811734877875
95936082870931.27,1.239433700267631e-12,1.2394337002676307e-10,170045018280.96844,3.69012467323704e-10,1.994473691761617e-06,1.3000990733283822e-06,2.5644281045607416e-06,1.2394337002676308e-08,3.0675381883796704
100000000000000.0,1.1890641418190044e-12,1.1890641418190042e-10,177248239861.68005,3.6940440662120293e-10,1.9178212670915e-06,1.2501707636711733e-06,2.5644281045607416e-06,1.1890641418190043e-08,2.9428759785013847
