E_prime_GeV_total,rate_acc,rate_acc_2,rate_sync,rate_Op,rate_pg,rate_photodisintegration,t_ad_val,Shear,ESC
45.03864132239823,8.20039821769023,820.039821769023,1.651847421656815e-15,9.44262831297584e-10,8.766308401418634e-13,1.1971703209861453e-12,3.2298809671366305e-06,2.8137976301045084e-12,12794097064707.139
45.03864132239823,8.20039821769023,820.039821769023,1.651847421656815e-15,9.44262831297584e-10,8.766308401418634e-13,1.1971703209861453e-12,3.2298809671366305e-06,2.8137976301045084e-12,12794097064707.139
45.03864132239823,8.20039821769023,820.039821769023,1.651847421656815e-15,9.44262831297584e-10,8.766308401418634e-13,1.1971703209861453e-12,3.2298809671366305e-06,2.8137976301045084e-12,12794097064707.139
45.03864132239823,8.20039821769023,820.039821769023,1.651847421656815e-15,9.44262831297584e-10,8.766308401418634e-13,1.1971703209861453e-12,3.2298809671366305e-06,2.8137976301045084e-12,12794097064707.139
45.03864132239823,8.20039821769023,820.039821769023,1.651847421656815e-15,9.44262831297584e-10,8.766308401418634e-13,1.1971703209861453e-12,3.2298809671366305e-06,2.8137976301045084e-12,12794097064707.139
45.03864132239823,8.20039821769023,820.039821769023,1.651847421656815e-15,9.44262831297584e-10,8.766308401418634e-13,1.1971703209861453e-12,3.2298809671366305e-06,2.8137976301045084e-12,12794097064707.139
45.03864132239823,8.20039821769023,820.039821769023,1.651847421656815e-15,9.44262831297584e-10,8.766308401418634e-13,1.1971703209861453e-12,3.2298809671366305e-06,2.8137976301045084e-12,12794097064707.139
45.03864132239823,8.20039821769023,820.039821769023,1.651847421656815e-15,9.44262831297584e-10,8.766308401418634e-13,1.1971703209861453e-12,3.2298809671366305e-06,2.8137976301045084e-12,12794097064707.139
45.03864132239823,8.20039821769023,820.039821769023,1.651847421656815e-15,9.44262831297584e-10,8.766308401418634e-13,1.1971703209861453e-12,3.2298809671366305e-06,2.8137976301045084e-12,12794097064707.139
45.03864132239823,8.20039821769023,820.039821769023,1.651847421656815e-15,9.44262831297584e-10,8.766308401418634e-13,1.1971703209861453e-12,3.2298809671366305e-06,2.8137976301045084e-12,12794097064707.139
45.03864132239823,8.20039821769023,820.039821769023,1.651847421656815e-15,9.44262831297584e-10,8.766308401418634e-13,1.1971703209861453e-12,3.2298809671366305e-06,2.8137976301045084e-12,12794097064707.139
45.03864132239823,8.20039821769023,820.039821769023,1.651847421656815e-15,9.44262831297584e-10,8.766308401418634e-13,1.1971703209861453e-12,3.2298809671366305e-06,2.8137976301045084e-12,12794097064707.139
45.03864132239823,8.20039821769023,820.039821769023,1.651847421656815e-15,9.44262831297584e-10,8.766308401418634e-13,1.1971703209861453e-12,3.2298809671366305e-06,2.8137976301045084e-12,12794097064707.139
45.03864132239823,8.20039821769023,820.039821769023,1.651847421656815e-15,9.44262831297584e-10,8.766308401418634e-13,1.1971703209861453e-12,3.2298809671366305e-06,2.8137976301045084e-12,12794097064707.139
45.03864132239823,8.20039821769023,820.039821769023,1.651847421656815e-15,9.44262831297584e-10,8.766308401418634e-13,1.1971703209861453e-12,3.2298809671366305e-06,2.8137976301045084e-12,12794097064707.139
45.03864132239823,8.20039821769023,820.039821769023,1.651847421656815e-15,9.44262831297584e-10,8.766308401418634e-13,1.1971703209861453e-12,3.2298809671366305e-06,2.8137976301045084e-12,12794097064707.139
45.03864132239823,8.20039821769023,820.039821769023,1.651847421656815e-15,9.44262831297584e-10,8.766308401418634e-13,1.1971703209861453e-12,3.2298809671366305e-06,2.8137976301045084e-12,12794097064707.139
45.03864132239823,8.20039821769023,820.039821769023,1.651847421656815e-15,9.44262831297584e-10,8.766308401418634e-13,1.1971703209861453e-12,3.2298809671366305e-06,2.8137976301045084e-12,12794097064707.139
45.03864132239823,8.20039821769023,820.039821769023,1.651847421656815e-15,9.44262831297584e-10,8.766308401418634e-13,1.1971703209861453e-12,3.2298809671366305e-06,2.8137976301045084e-12,12794097064707.139
45.03864132239823,8.20039821769023,820.039821769023,1.651847421656815e-15,9.44262831297584e-10,8.766308401418634e-13,1.1971703209861453e-12,3.2298809671366305e-06,2.8137976301045084e-12,12794097064707.139
45.03864132239823,8.20039821769023,820.039821769023,1.651847421656815e-15,9.44262831297584e-10,8.766308401418634e-13,1.1971703209861453e-12,3.2298809671366305e-06,2.8137976301045084e-12,12794097064707.139
45.03864132239823,8.20039821769023,820.039821769023,1.651847421656815e-15,9.44262831297584e-10,8.766308401418634e-13,1.1971703209861453e-12,3.2298809671366305e-06,2.8137976301045084e-12,12794097064707.139
45.03864132239823,8.20039821769023,820.039821769023,1.651847421656815e-15,9.44262831297584e-10,8.766308401418634e-13,1.1971703209861453e-12,3.2298809671366305e-06,2.8137976301045084e-12,12794097064707.139
45.03864132239823,8.20039821769023,820.039821769023,1.651847421656815e-15,9.44262831297584e-10,8.766308401418634e-13,1.1971703209861453e-12,3.2298809671366305e-06,2.8137976301045084e-12,12794097064707.139
45.03864132239823,8.20039821769023,820.039821769023,1.651847421656815e-15,9.44262831297584e-10,8.766308401418634e-13,1.1971703209861453e-12,3.2298809671366305e-06,2.8137976301045084e-12,12794097064707.139
45.03864132239823,8.20039821769023,820.039821769023,1.651847421656815e-15,9.44262831297584e-10,8.766308401418634e-13,1.1971703209861453e-12,3.2298809671366305e-06,2.8137976301045084e-12,12794097064707.139
45.03864132239823,8.20039821769023,820.039821769023,1.651847421656815e-15,9.44262831297584e-10,8.766308401418634e-13,1.1971703209861453e-12,3.2298809671366305e-06,2.8137976301045084e-12,12794097064707.139
45.03864132239823,8.20039821769023,820.039821769023,1.651847421656815e-15,9.44262831297584e-10,8.766308401418634e-13,1.1971703209861453e-12,3.2298809671366305e-06,2.8137976301045084e-12,12794097064707.139
41.501954506388216,8.899214468815773,889.9214468815774,1.5221350940487336e-15,9.202582507042824e-10,7.633454863367799e-13,1.0988802596680781e-12,3.2298809671366305e-06,2.5928424527474637e-12,13884376184080.594
30.93263247252127,11.939972918744607,1193.9972918744606,1.1344922425397748e-15,7.280583616992372e-10,4.631085540667069e-13,7.613927531992838e-13,3.2298809671366305e-06,1.9325220608017997e-12,18628506618477.445
27.082069872337517,13.637613216729575,1363.7613216729576,9.932681354999712e-16,5.510502194283777e-10,3.6955679421788793e-13,6.498898012177786e-13,3.2298809671366305e-06,1.6919574344977229e-12,21277131011683.53
24.712993713358536,14.944963702545722,1494.4963702545722,9.06379361104996e-16,3.870688181265837e-10,3.1634321815902997e-13,5.74941834112219e-13,3.2298809671366305e-06,1.5439489536478127e-12,23316833056523.383
23.12291603405349,15.97267375288907,1597.267375288907,8.480613115885271e-16,2.5201678160631356e-10,2.8274624479804655e-13,5.335934733955388e-13,3.2298809671366305e-06,1.4446085500667308e-12,24920245694473.46
22.04826738374193,16.75119353367993,1675.1193533679932,8.086472540130088e-16,1.5506589455381537e-10,2.6100926380558266e-13,5.139531057746964e-13,3.2298809671366305e-06,1.377469672501659e-12,26134876664558.03
21.36045108459102,17.290589630563296,1729.0589630563295,7.834207474629338e-16,9.56096988819172e-11,2.4751125394579737e-13,4.942922608282704e-13,3.2298809671366305e-06,1.3344982191968365e-12,26976431652090.535
20.988245012781046,17.597221387613548,1759.7221387613545,7.697696331754662e-16,6.62531397598763e-11,2.4034011542768105e-13,4.813015624607637e-13,3.2298809671366305e-06,1.3112445745037722e-12,27454832378333.27
20.88966858925478,17.680261055810252,1768.0261055810254,7.661542219140027e-16,5.899221738591717e-11,2.384603415835915e-13,4.776797869866266e-13,3.2298809671366305e-06,1.305085993810432e-12,27584389205566.105
21.039608597524854,17.55426163540102,1755.426163540102,7.716534556562281e-16,7.013166525429208e-11,2.4131262866270154e-13,4.831903266877647e-13,3.2298809671366305e-06,1.31445352416971e-12,27387807433313.26
21.423658248388204,17.23957644139374,1723.957644139374,7.857389477345902e-16,1.0084456850144286e-10,2.4873694957272205e-13,4.962263735090574e-13,3.2298809671366305e-06,1.338447098702882e-12,26896841896021.426
22.034779925450874,16.76144691605431,1676.144691605431,8.081525849344433e-16,1.538615458908477e-10,2.6074062286600323e-13,5.136118415920126e-13,3.2298809671366305e-06,1.376627040995441e-12,26150873786387.594
22.87139127017328,16.148330884839336,1614.8330884839336,8.388363323151908e-16,2.2939923216946364e-10,2.775812889194893e-13,5.296526526981537e-13,3.2298809671366305e-06,1.4288944928985197e-12,25194302433746.4
23.936228957316654,15.42994908203735,1542.9949082037351,8.778905607809157e-16,3.2319264724642727e-10,2.997114927341885e-13,5.501418429900805e-13,3.2298809671366305e-06,1.4954204286851288e-12,24073497532498.97
25.23566656653641,14.635428513591869,1463.542851359187,9.255490291842709e-16,4.2733277178473853e-10,3.277784759626269e-13,5.946608616030614e-13,3.2298809671366305e-06,1.5766030389490152e-12,22833902453973.504
26.779313445526835,13.79179472911681,1379.1794729116812,9.821641721402118e-16,5.327129297269577e-10,3.62558230663788e-13,6.442940904243264e-13,3.2298809671366305e-06,1.6730426695037983e-12,21517681919419.97
28.579797085776836,12.922932689791173,1292.2932689791173,1.0481991183898705e-15,6.31434272615906e-10,4.0487956748639714e-13,6.75965217385598e-13,3.2298809671366305e-06,1.785528225267176e-12,20162100766910.684
30.652671889797972,12.049024481624667,1204.9024481624665,1.1242243447267243e-15,7.181815205475555e-10,4.560151988136296e-13,7.494285302817008e-13,3.2298809671366305e-06,1.915031470476249e-12,18798646682838.67
33.01641987400159,11.186397417916668,1118.6397417916667,1.210917701775474e-15,7.904523079630946e-10,5.174541015129398e-13,8.27737815853325e-13,3.2298809671366305e-06,2.0627070725999033e-12,17452793214416.25
35.69252216232466,10.347679896301537,1034.7679896301538,1.309067036108479e-15,8.480326089213177e-10,5.908786226318682e-13,8.829076626512518e-13,3.2298809671366305e-06,2.229897068916598e-12,16144242934715.684
38.70558826619202,9.542156845345897,954.2156845345896,1.4195749317469662e-15,8.921952317159833e-10,6.783574861739208e-13,1.0186342612153743e-12,3.2298809671366305e-06,2.4181389433044457e-12,14887482003331.506
42.0835353193283,8.776230210339634,877.6230210339634,1.5434652838176333e-15,9.249524652614506e-10,7.81562764890386e-13,1.1098334236678235e-12,3.2298809671366305e-06,2.629176823969964e-12,13692498607089.223
45.857812850763096,8.053912104995607,805.3912104995607,1.681891542378353e-15,9.485092503395672e-10,9.03805906074019e-13,1.2381311754916516e-12,3.2298809671366305e-06,2.8649755261840663e-12,12565552365450.508
50.06367102526384,7.377301473577618,737.7301473577618,1.8361465504651147e-15,9.649333936047184e-10,1.048337392133402e-12,1.4459210892935517e-12,3.2298809671366305e-06,3.1277373106538046e-12,11509918009218.863
54.7404719634318,6.74701515679496,674.7015156794961,2.007673962138455e-15,9.759978675735417e-10,1.2184363314767708e-12,1.5612399341016364e-12,3.2298809671366305e-06,3.4199213333042206e-12,10526557920915.078
59.93204502055483,6.162559510537537,616.2559510537536,2.198081272771222e-15,9.8313617742749e-10,1.4174010491238933e-12,1.8604774473518208e-12,3.2298809671366305e-06,3.744265841391822e-12,9614701926885.096
65.68708790841475,5.622639178986511,562.2639178986511,2.409154530682938e-15,9.8746065685776e-10,1.650826787181985e-12,2.103283697887647e-12,3.2298809671366305e-06,4.103813233665329e-12,8772329038923.276
72.05961638702567,5.125406053283996,512.5406053283996,2.6428748301359572e-15,9.898089477059066e-10,1.9244010691890033e-12,2.3675017883890123e-12,3.2298809671366305e-06,4.501938154942019e-12,7996555874602.78
79.10946599966309,4.668654874107694,466.8654874107694,2.9014367130831704e-15,9.907978828278757e-10,2.244576654084608e-12,2.8830153278948527e-12,3.2298809671366305e-06,4.942378842098522e-12,7283941832495.076
86.90285001968286,4.249973320135443,424.9973320135443,3.1872686325520404e-15,9.908740522174323e-10,2.61529069600907e-12,3.2108612300068295e-12,3.2298809671366305e-06,5.429271981903794e-12,6630723257186.401
95.51297845353461,3.8668545364969313,386.68545364969316,3.5030556553394924e-15,9.903566131497113e-10,3.047845624093763e-12,3.79859916916572e-12,3.2298809671366305e-06,5.967191383349395e-12,6032989003914.457
105.0207436246977,3.5167794597535833,351.67794597535834,3.851764606643798e-15,9.894713779902886e-10,3.550331800086627e-12,4.5820308805182904e-12,3.2298809671366305e-06,6.561190809635471e-12,5486808880353.245
115.51547856630418,3.197275366135381,319.7275366135381,4.2366718850443805e-15,9.883768822683247e-10,4.134239162379991e-12,5.152433630262872e-12,3.2298809671366305e-06,7.2168513588932396e-12,4988324992399.577
127.09579519084929,2.905956042627408,290.5956042627408,4.661394203404179e-15,9.87183765255707e-10,4.806284650512523e-12,6.242248212746346e-12,3.2298809671366305e-06,7.940333828996089e-12,4533814418297.77
139.87050999642412,2.640547989971769,264.05479899717693,5.129922540281334e-15,9.859688870107617e-10,5.583894240650757e-12,7.483256736699717e-12,3.2298809671366305e-06,8.738436551231435e-12,4119730090038.4546
153.95966592190626,2.398906179847932,239.89061798479318,5.646659617721868e-15,9.847854563627439e-10,6.4831842774776276e-12,8.576594882937563e-12,3.2298809671366305e-06,9.618659230896932e-12,3742725377395.7676
169.4956598895056,2.1790221311162403,217.90221311162404,6.2164612552657655e-15,9.836702141332181e-10,7.519656941241355e-12,1.0357510077117592e-11,3.2298809671366305e-06,1.058927339073414e-11,3399666688320.7334
186.6244865827951,1.9790264439041352,197.9026443904135,6.84468198703206e-15,9.826484833797373e-10,8.71003995044612e-12,1.2496218875606656e-11,3.2298809671366305e-06,1.1659400076196116e-11,3087637422571.8315
205.5071101129436,1.797187424923659,179.7187424923659,7.537225369260608e-15,9.817376962472684e-10,1.0073419643033963e-11,1.4495565522018634e-11,3.2298809671366305e-06,1.2839095550554585e-11,2803935826962.9023
226.32097643677693,1.6319070368210353,163.19070368210353,8.300599450099842e-15,9.809498442839141e-10,1.1639685136773699e-11,1.7302596664609262e-11,3.2298809671366305e-06,1.4139445783504192e-11,2546068675619.483
249.26168071974985,1.4817150913887756,148.17150913887755,9.141977922189206e-15,9.802931741335278e-10,1.3435082993360392e-11,2.090087489151742e-11,3.2298809671366305e-06,1.557267061997935e-11,2311742210344.6333
274.54480529802413,1.3452623648313553,134.52623648313553,1.0069267532173084e-14,9.79773357531735e-10,1.5492033241121168e-11,2.471738820615972e-11,3.2298809671366305e-06,1.7152238607182503e-11,2098851399194.3296
302.4079455007822,1.2213131285812353,122.13131285812352,1.1091182380219337e-14,9.793942968247886e-10,1.7834197904217288e-11,2.9075128543396425e-11,3.2298809671366305e-06,1.8892993558216078e-11,1905468283206.211
333.1129423620774,1.1087374492520774,110.87374492520775,1.2217325807465384e-14,9.791586787060865e-10,2.050293504107334e-11,3.469755546024507e-11,3.2298809671366305e-06,2.0811294041177414e-11,1729829962940.799
366.9483431978494,1.006503506212175,100.6503506212175,1.3458280640698769e-14,9.790683544963912e-10,2.355005694607285e-11,4.1580339455069325e-11,3.2298809671366305e-06,2.2925167104172865e-11,1570326612513.4255
404.2321131666152,0.9136700969503445,91.36700969503445,1.4825708642171887e-14,9.791246011677338e-10,2.7013170107655595e-11,4.911167324572448e-11,3.2298809671366305e-06,2.525447768058456e-11,1425489786616.1975
445.31462329209205,0.8293794425545483,82.93794425545482,1.6332460098997257e-14,9.793283004904631e-10,3.095935012553839e-11,5.747213287301711e-11,3.2298809671366305e-06,2.7821115266348562e-11,1293981195769.8303
490.58194302492313,0.7528503632850192,75.28503632850192,1.799269458188796e-14,9.796800620172488e-10,3.5427903457749575e-11,6.80730055468102e-11,3.2298809671366305e-06,3.06491996233711e-11,1174582058989.5183
540.4594682831897,0.6833718635749019,68.33718635749018,1.9822014007994113e-14,9.801803075600223e-10,4.0487835711884913e-11,8.156206484836749e-11,3.2298809671366305e-06,3.376530744204531e-11,1066183095231.409
595.415919064502,0.6202971438984546,62.02971438984545,2.183760925823037e-14,9.808293292672542e-10,4.622191631259739e-11,9.55240735545045e-11,3.2298809671366305e-06,3.719872209282229e-11,967775180829.301
655.9677441958592,0.5630380415734402,56.30380415734402,2.4058421726880584e-14,9.816273295972077e-10,5.272481321703925e-11,1.1092460527817305e-10,3.2298809671366305e-06,4.098170881379123e-11,878440676145.8718
722.6839746137712,0.5110598920154139,51.105989201541384,2.650532132160001e-14,9.825744488686854e-10,6.008201414934223e-11,1.307950161596056e-10,3.2298809671366305e-06,4.514981792027239e-11,797345408204.5345
796.1915707823578,0.46387679495836204,46.3876794958362,2.920130258653406e-14,9.836707842802214e-10,6.839982756967782e-11,1.5565963504683219e-10,3.2298809671366305e-06,4.974221888577369e-11,723731285141.6853
877.1813145009392,0.4210472657383407,42.10472657383407,3.217170079158945e-14,9.849164030631142e-10,7.772659088080613e-11,1.815670321282366e-10,3.2298809671366305e-06,5.480206843378358e-11,656909511426.5294
966.4143004685559,0.38217024918641607,38.217024918641606,3.544443001852647e-14,9.863113515952357e-10,8.825646656508965e-11,2.0946076216401387e-10,3.2298809671366305e-06,6.03769160994915e-11,596254368816.6807
1064.7290886091607,0.34688147245966605,34.688147245966604,3.905024548125959e-14,9.878556617289051e-10,1.0014223206923555e-10,2.449277366041114e-10,3.2298809671366305e-06,6.651915107265634e-11,541197526118.1336
1173.0495843706879,0.3148501128582071,31.485011285820708,4.302303254549288e-14,9.895493551936069e-10,1.1352537603349294e-10,2.872629096948591e-10,3.2298809671366305e-06,7.328649452078016e-11,491222840380.12366
1292.39372105237,0.2857757570399229,28.57757570399229,4.7400125163725476e-14,9.913924466655491e-10,1.2859860421692591e-10,3.357290987109545e-10,3.2298809671366305e-06,8.074254201914869e-11,445861612722.84845
1423.8830257516638,0.2593856288387265,25.938562883872653,5.222265671809011e-14,9.933849459119192e-10,1.45563002791202e-10,3.8655047583236716e-10,3.2298809671366305e-06,8.895736118517373e-11,404688263235.0387
1568.753158825964,0.23543206396077615,23.543206396077615,5.753594656804066e-14,9.955268592913451e-10,1.6445573552947337e-10,4.4608436947588373e-10,3.2298809671366305e-06,9.80081501332557e-11,367316391045.57117
1728.3655259127606,0.2136902110636209,21.36902110636209,6.338992593543663e-14,9.978181908053091e-10,1.8571253330593937e-10,5.166878190730492e-10,3.2298809671366305e-06,1.0797996293793834e-10,333395187593.1932
1904.2200716313093,0.1939559400353247,19.39559400353247,6.983960712924637e-14,1.0002589428355357e-09,2.0957516175550542e-10,5.996442114078624e-10,3.2298809671366305e-06,1.189665089228386e-10,302606173165.5042
2097.9693751935224,0.1760439396277248,17.60439396277248,7.694560051936856e-14,1.0028491166612378e-09,2.3634242554933564e-10,6.941922030315295e-10,3.2298809671366305e-06,1.3107103328660163e-10,274660228864.46564
2311.4341803864577,0.15978598792098567,15.978598792098568,8.477468411779112e-14,1.0055887128216616e-09,2.6636269166621807e-10,7.960042345032565e-10,3.2298809671366305e-06,1.4440728734149238e-10,249294898219.83633
2546.620505868223,0.1450293803793377,14.502938037933772,9.340043111968376e-14,1.008477731369693e-09,2.99989525328875e-10,9.137350619475358e-10,3.2298809671366305e-06,1.5910059748236632e-10,226271934673.21835
2805.7384965698543,0.1316355014834465,13.16355014834465,1.0290390130168773e-13,1.011516172048604e-09,3.3746828798798915e-10,1.0440254328858504e-09,3.2298809671366305e-06,1.7528904293156548e-10,205375073067.48627
3091.223193357808,0.11947852708305995,11.947852708305994,1.1337440277476702e-13,1.014704034414521e-09,3.7932286932114637e-10,1.1998719316355131e-09,3.2298809671366305e-06,1.9312475332750857e-10,186408005083.37625
3405.757416138226,0.10844424569914647,10.844424569914647,1.2491033125012888e-13,1.0180413179205298e-09,4.261255076160691e-10,1.384692163779235e-09,3.2298809671366305e-06,2.1277533835095518e-10,169192540258.68823
3752.2969754452433,0.09842898801568314,9.842898801568314,1.3762009470515367e-13,1.0215280219736823e-09,4.784890594875981e-10,1.5793201340618574e-09,3.2298809671366305e-06,2.3442546282375145e-10,153566935802.814
4134.098449437151,0.08933865473805254,8.933865473805254,1.5162313213880423e-13,1.0251641459728934e-09,5.369421737480852e-10,1.7943902470542102e-09,3.2298809671366305e-06,2.5827858208191547e-10,139384379880.87708
4554.749787332596,0.08108783385962416,8.108783385962417,1.6705103599019154e-13,1.0289496893334075e-09,6.023270496369868e-10,2.048055032965451e-09,3.2298809671366305e-06,2.845588539310989e-10,126511614390.73264
5018.2040268801775,0.07359899917361466,7.359899917361466,1.84048788768135e-13,1.0328846515018706e-09,6.75246851173849e-10,2.3152631204028497e-09,3.2298809671366305e-06,3.1351324515187374e-10,114827684497.22336
5528.816442718672,0.0668017825973929,6.680178259739291,2.027761255128453e-13,1.0369690319648906e-09,7.562870480826523e-10,2.647690069356675e-09,3.2298809671366305e-06,3.454138523505588e-10,104222803327.13402
6091.385474726706,0.06063231354504854,6.063231354504854,2.234090348933576e-13,1.0412028302531324e-09,8.4652704416391e-10,3.0372889628750406e-09,3.2298809671366305e-06,3.8056045896560274e-10,94597321271.50363
6711.197820982812,0.055032619195435555,5.503261919543555,2.4614141304715964e-13,1.045586045942411e-09,9.47149643277399e-10,3.4162846990519612e-09,3.2298809671366305e-06,4.1928335245878683e-10,85860790295.83841
7394.078119093414,0.04995008006118659,4.995008006118659,2.7118688570384167e-13,1.0501186786528152e-09,1.0592351408891226e-09,3.858131031108379e-09,3.2298809671366305e-06,4.619464281655821e-10,77931114529.79134
8146.44368276491,0.04533693577343082,4.533693577343082,2.9878081571602615e-13,1.0548007280465824e-09,1.18407968381982e-09,4.408814009981675e-09,3.2298809671366305e-06,5.089506089728368e-10,70733779202.37709
8975.364808002889,0.041149836461027905,4.11498364610279,3.291825148632044e-13,1.05963219382526e-09,1.3231909553763482e-09,4.9372253409022355e-09,3.2298809671366305e-06,5.60737612959972e-10,64201150712.83768
9888.63121566075,0.037349435525764564,3.734943552576456,3.626776807137157e-13,1.0646130757264789e-09,1.4781338460844696e-09,5.548490287883127e-09,3.2298809671366305e-06,6.177941044097659e-10,58271841286.65979
10894.82525472662,0.033900019999600406,3.3900019999600404,3.99581081445097e-13,1.0697433735206043e-09,1.6506711807464945e-09,6.353975994891957e-09,3.2298809671366305e-06,6.806562671975413e-10,52890132266.3529
12003.402554270655,0.030769175019959606,3.0769175019959607,4.402395138531904e-13,1.0750230870074107e-09,1.84159911158478e-09,7.15392799868459e-09,3.2298809671366305e-06,7.499148435368191e-10,48005450632.51903
13224.780881973062,0.027927479277243143,2.792747927724314,4.850350623476649e-13,1.0804522160128946e-09,2.053863687832737e-09,7.95700005108712e-09,3.2298809671366305e-06,8.262206854326517e-10,43571893847.16088
14570.438044273418,0.025348228577969395,2.5348228577969394,5.343886895600923e-13,1.086030760386279e-09,2.28984590582763e-09,9.041114211884334e-09,3.2298809671366305e-06,9.102908710119597e-10,39547798562.43008
16053.019748151042,0.023007184929796358,2.3007184929796356,5.887641923070615e-13,1.0917587199972536e-09,2.5521976898302627e-09,1.0228213990101647e-08,3.2298809671366305e-06,1.0029154432086467e-09,35895349148.104164
17686.458438158228,0.020882348793501277,2.0882348793501277,6.486725600841554e-13,1.0976360947334564e-09,2.844220972848601e-09,1.1306484319867202e-08,3.2298809671366305e-06,1.1049648341297156e-09,32580222363.686405
19486.104225468294,0.018953752363936566,1.8953752363936565,7.146767770494062e-13,1.103662884498203e-09,3.1680511840856638e-09,1.2667703399751185e-08,3.2298809671366305e-06,1.2173980448722945e-09,29571264839.493324
21468.869139333838,0.017203271939028836,1.7203271939028837,7.873971126224864e-13,1.1098390892084587e-09,3.5283390800549867e-09,1.443133710832196e-08,3.2298809671366305e-06,1.3412716576607579e-09,26840200338.524803
23653.38605654715,0.015614457614839197,1.5614457614839197,8.675169504176368e-13,1.1161647087930346e-09,3.928307914634133e-09,1.6134536897187323e-08,3.2298809671366305e-06,1.4777497649948077e-09,24361364050.107967
26060.183802428797,0.014172378707204749,1.417237870720475,9.557892102872277e-13,1.122639743190992e-09,4.372143383952614e-09,1.7790607135484304e-08,3.2298809671366305e-06,1.6281149091168338e-09,22111461419.83805
28711.880068843904,0.01286348344802958,1.286348344802958,1.0530434238266684e-12,1.1292641923502432e-09,4.862786787414182e-09,2.0114522545837846e-08,3.2298809671366305e-06,1.7937801346014483e-09,20069349250.541603
31633.393962176084,0.011675471638262908,1.1675471638262906,1.1601935298320944e-12,1.1360380562263276e-09,5.407463021739199e-09,2.2791039703728397e-08,3.2298809671366305e-06,1.976302267330335e-09,18215837018.003418
34852.180178663046,0.01059717906122543,1.0597179061225428,1.2782464629680749e-12,1.1429613347813396e-09,6.012044389652142e-09,2.5116358865842372e-08,3.2298809671366305e-06,2.177396544640604e-09,16533506534.953226
38398.48700773752,0.009618472570363537,0.9618472570363537,1.4083116163566472e-12,1.1500340279829997e-09,6.682720170719356e-09,2.7607706716053586e-08,3.2298809671366305e-06,2.3989527341322865e-09,15006548269.081003
42305.640587940616,0.008730154865747719,0.8730154865747719,1.5516112670116509e-12,1.1572561358038517e-09,7.4272710186588765e-09,3.1268279233119884e-08,3.2298809671366305e-06,2.6430528926102554e-09,13620612777.236828
46610.35808667747,0.00792387806462594,0.7923878064625941,1.7094920620904582e-12,1.1646276582205619e-09,8.252398841345324e-09,3.536634185624266e-08,3.2298809671366305e-06,2.9119909320486573e-09,12362675859.939272
51353.09274690114,0.007192065253940741,0.719206525394074,1.883437673904392e-12,1.1721485952133216e-09,9.168462861508748e-09,3.87718652923065e-08,3.2298809671366305e-06,3.208294176447711e-09,11220916169.183693
56578.414043269615,0.006527839287699491,0.6527839287699491,2.0750827426121414e-12,1.1798189467653274e-09,1.0184395841264207e-08,4.257858425130894e-08,3.2298809671366305e-06,3.5347471121614765e-09,10184604119.525318
62335.42652026719,0.0059249581601451265,0.5924958160145126,2.286228237621674e-12,1.18763871286234e-09,1.1310979860109334e-08,4.8363527491547043e-08,3.2298809671366305e-06,3.894417554888661e-09,9244001058.594551
68678.23124828521,0.0053777563474540655,0.5377756347454066,2.5188583820580857e-12,1.1956078934922983e-09,1.2553236667552065e-08,5.4727623609063376e-08,3.2298809671366305e-06,4.29068547922849e-09,8390267749.588854
75666.43423416169,0.004881091566762871,0.488109156676287,2.7751592993438346e-12,1.2037264886449977e-09,1.3928641236729326e-08,5.992202365882207e-08,3.2298809671366305e-06,4.7272747817252714e-09,7615381305.772415
83365.70656392607,0.004430296452224904,0.44302964522249033,3.0575395571210635e-12,1.2119944983118094e-09,1.545297005497648e-08,6.496518581985274e-08,3.2298809671366305e-06,5.208288275892254e-09,6912059796.4275875
91848.40154164682,0.004021134693998093,0.4021134693998093,3.3686528015759057e-12,1.220411922485439e-09,1.7142171439559943e-08,7.304177064879152e-08,3.2298809671366305e-06,5.7382462480777925e-09,6273693815.782015
101194.23462389657,0.003649761227999517,0.3649761227999517,3.711422694869107e-12,1.2289787611597294e-09,1.901351698717961e-08,8.332292319839637e-08,3.2298809671366305e-06,6.322128936499585e-09,5694284371.8610325
111491.03253946398,0.0033126861023253344,0.33126861023253346,4.08907039002044e-12,1.2376950143294816e-09,2.1086034148260374e-08,9.161090315446506e-08,3.2298809671366305e-06,6.96542333264026e-09,5168386511.599735
122835.55863410581,0.003006741680782625,0.30067416807826247,4.5051448014399795e-12,1.2465606819903111e-09,2.3380852499565737e-08,9.880216944260594e-08,3.2298809671366305e-06,7.67417474481679e-09,4691058152.450169
135334.4221964513,0.0027290528753376427,0.27290528753376425,4.9635559555711575e-12,1.2555757641385205e-09,2.5923771058519022e-08,1.094174042893344e-07,3.2298809671366305e-06,8.455043608488245e-09,4257813639.643281
149105.08031037904,0.002477010127747304,0.2477010127747304,5.468611735055709e-12,1.2647402607709959e-09,2.8739393953893108e-08,1.2541577384432047e-07,3.2298809671366305e-06,9.315368077172418e-09,3864581592.6714754
164276.94164869183,0.0022482448864747603,0.224824488647476,6.0250583617207846e-12,1.2740541718851133e-09,3.18554681552416e-08,1.408297446168131e-07,3.2298809671366305e-06,1.0263232982164309e-08,3507666644.863433
180992.5825809061,0.002040607348438085,0.20406073484380852,6.6381249988239706e-12,1.283517497478665e-09,3.52972577731772e-08,1.5281161910431833e-07,3.2298809671366305e-06,1.1307545809100133e-08,3183714716.506191
199409.08702343307,0.0018521462564240238,0.18521462564240238,7.31357289170236e-12,1.2931302375497914e-09,3.909434469527589e-08,1.6454886928250444e-07,3.2298809671366305e-06,1.245812040535068e-08,2889681495.174684
219699.5226232841,0.00168109056231623,0.168109056231623,8.057749508620848e-12,1.3028923920969311e-09,4.329403965368548e-08,1.8385441212834747e-07,3.2298809671366305e-06,1.372576920487732e-08,2622803827.067684
242054.5671476252,0.001525832783820735,0.1525832783820735,8.87764819060422e-12,1.3128039611187696e-09,4.794265119759166e-08,2.0964957549263033e-07,3.2298809671366305e-06,1.5122404837226858e-08,2380573750.5042
266684.300363045,0.0013849138982857177,0.1384913898285718,9.78097387080749e-12,1.3228649446142027e-09,5.308359261898436e-08,2.329468729683e-07,3.2298809671366305e-06,1.6661152075527527e-08,2160714927.563625
293820.17824358057,0.0012570096316570907,0.12570096316570908,1.0776215481017103e-11,1.333075342582303e-09,5.876524135247609e-08,2.501835943671201e-07,3.2298809671366305e-06,1.835647117550855e-08,1961161252.3888404
323717.20805996825,0.0011409180137219184,0.11409180137219184,1.1872725725717512e-11,1.343435155022292e-09,6.505073745717104e-08,2.69470359602789e-07,3.2298809671366305e-06,2.0224293764612264e-08,1780037435.1262386
356656.34479034046,0.0010355480826914675,0.10355480826914673,1.3080808973393275e-11,1.3539443819335149e-09,7.200455298634761e-08,3.03466175979699e-07,3.2298809671366305e-06,2.2282172558205372e-08,1615641379.0424156
392947.1313724641,0.0009399096329763033,0.09399096329763032,1.441181809101882e-11,1.3646030233154239e-09,7.969114381144696e-08,3.473487172775614e-07,3.2298809671366305e-06,2.454944630983663e-08,1466428185.2082055
432930.6076090635,0.0008531039098092446,0.08531039098092445,1.5878261131729678e-11,1.3754110791675589e-09,8.819015279368023e-08,3.8610388071139575e-07,3.2298809671366305e-06,2.7047421545646706e-08,1330995634.435779
476982.5150624534,0.0007743151632697172,0.07743151632697172,1.7493918878264737e-11,1.3863685494895336e-09,9.758767941555342e-08,4.165694896524335e-07,3.2298809671366305e-06,2.979957279076627e-08,1208071010.0365937
525516.8280562155,0.0007028029823392744,0.07028029823392744,1.9273974346784407e-11,1.3974754342810248e-09,1.0797222822860772e-07,4.49973857635812e-07,3.2298809671366305e-06,3.283176316931312e-08,1096499137.5683453
578989.64396623,0.0006378953369482472,0.06378953369482472,2.1235155468066583e-11,1.408731733541761e-09,1.1938610710546203e-07,5.005580857184949e-07,3.2298809671366305e-06,3.6172487451059756e-08,995231529.1755058
637903.469359773,0.0005789822626267639,0.05789822626267639,2.3395892286916118e-11,1.4201374472715152e-09,1.3200316714841618e-07,5.667956437827784e-07,3.2298809671366305e-06,3.985313982878373e-08,903316530.5083234
702811.9422613197,0.0005255101284122145,0.05255101284122145,2.5776490157056127e-11,1.4316925754700971e-09,1.4594001692471463e-07,6.334407787853111e-07,3.2298809671366305e-06,4.3908308942716255e-08,819890377.6268494
774325.0349221879,0.0004769764341462865,0.04769764341462865,2.8399320559087226e-11,1.443397118137348e-09,1.6132729039071035e-07,6.862921334481254e-07,3.2298809671366305e-06,4.8376102924559235e-08,744169079.8479713
853114.7859866213,0.00043292508826962936,0.043292508826962936,3.128903133471051e-11,1.4552510752731336e-09,1.7830882702944707e-07,7.348321115591336e-07,3.2298809671366305e-06,5.3298507515644745e-08,675441052.2552229
939921.6159219211,0.0003929421217375902,0.039294212173759016,3.447277831287516e-11,1.4672544468773428e-09,1.9706214638740454e-07,8.023740443769909e-07,3.2298809671366305e-06,5.872178062462639e-08,613060428.6359555
1035561.2850613391,0.0003566517977789284,0.03566517977789284,3.7980480504537244e-11,1.4794072329498816e-09,2.1779873398689017e-07,9.053394117432552e-07,3.2298809671366305e-06,6.469688703252423e-08,556440992.0047959
1140932.559647438,0.00032371308093925627,0.032371308093925626,4.1845101264204323e-11,1.4917094334906726e-09,2.406647014187638e-07,1.023073233642699e-06,3.2298809671366305e-06,7.127997733023281e-08,505050665.67594004
1257025.6579169163,0.0002938164322273486,0.02938164322273486,4.610295806045763e-11,1.5041610484996503e-09,2.659092215825064e-07,1.128639248545699e-06,3.2298809671366305e-06,7.853291558926716e-08,458406513.1146105
1384931.5555983365,0.0002666809002469577,0.02666809002469577,5.079406376649682e-11,1.5167620779767597e-09,2.9378788480037714e-07,1.223924118179076e-06,3.2298809671366305e-06,8.652386072449234e-08,416070199.57917184
1525852.2382704313,0.00024205148097828177,0.024205148097828175,5.5962502677957815e-11,1.5295125219219555e-09,3.2455257984549263e-07,1.3323580279153852e-06,3.2298809671366305e-06,9.532790701214656e-08,377643872.9050553
1681111.9969267198,0.00021969672139784475,0.021969672139784475,6.165684479160203e-11,1.5424123803351993e-09,3.5851760320866783e-07,1.476165442305809e-06,3.2298809671366305e-06,1.0502778978237573e-07,342766424.72048867
1852169.8728955921,0.0001994065444169999,0.01994065444169999,6.793060223802733e-11,1.5554616532164588e-09,3.9601346702557366e-07,1.6459544361840144e-06,3.2298809671366305e-06,1.1571466291796823e-07,311110096.95911145
2040633.3690660584,0.0001809902746990844,0.01809902746990844,7.484273215769242e-11,1.5686603405657085e-09,4.3720012891910975e-07,1.8293072267566886e-06,3.2298809671366305e-06,1.274889554657753e-07,282377401.7794371
2248273.556269261,0.00016427484680300674,0.016427484680300673,8.245819074599083e-11,1.5820084423829254e-09,4.826051767576211e-07,2.019035844661404e-06,3.2298809671366305e-06,1.4046131541075148e-07,256298325.94636524
2477041.716776834,0.00014910317881443202,0.014910317881443202,9.084854367397041e-11,1.5955059586680905e-09,5.326782457241261e-07,2.1979712986230455e-06,3.2298809671366305e-06,1.547536494816608e-07,232627793.4031288
2729087.6813220624,0.00013533269618089578,0.013533269618089577,1.000926386210795e-10,1.609152889421189e-09,5.878587553806407e-07,2.3843048783117288e-06,3.2298809671366305e-06,1.7050026875993977e-07,211143362.1884029
3006780.031964518,0.00012283399187870567,0.012283399187870565,1.102773462400112e-10,1.6229492346422076e-09,6.487155068869081e-07,2.606534560109823e-06,3.2298809671366305e-06,1.8784915085748453e-07,191643134.0555386
3312728.3606530237,0.00011148961032065383,0.011148961032065382,1.2149837651680574e-10,1.6368949943311353e-09,7.159023748089402e-07,2.886186168771704e-06,3.2298809671366305e-06,2.0696333052457913e-07,173943857.14973122
3649807.792660058,0.00010119294357640813,0.010119294357640814,1.338611781978915e-10,1.650990168487964e-09,7.898902331534327e-07,3.2218610137666643e-06,3.2298809671366305e-06,2.2802243175609613e-07,157879203.9131806
4021186.0053445506,9.184722953290442e-05,0.009184722953290442,1.4748192973635573e-10,1.6652347571126849e-09,8.715174589702744e-07,3.5542067654484337e-06,3.2298809671366305e-06,2.5122435579380886e-07,143298208.0349997
4430352.996149892,8.33646425800262e-05,0.00833646425800262,1.6248863106978956e-10,1.6796287602052923e-09,9.614898802233418e-07,3.882736931960548e-06,3.2298809671366305e-06,2.767871408876945e-07,130063845.75722353
4881153.879579472,7.566546827636654e-05,0.007566546827636653,1.7902230648959936e-10,1.6941721777657814e-09,1.0607208689762878e-06,4.263522566581523e-06,3.2298809671366305e-06,3.049510112931801e-07,118051748.2048603
5377825.021356706,6.867735423905797e-05,0.006867735423905797,1.9723832990565353e-10,1.7088650097941466e-09,1.1699990836020587e-06,4.723462927200513e-06,3.2298809671366305e-06,3.359806347596204e-07,107149032.63920684
5925033.849337638,6.23346302179644e-05,0.006233463021796441,2.1730788496034006e-10,1.723707256290386e-09,1.2905931293348704e-06,5.247540621323226e-06,3.2298809671366305e-06,3.701676097245887e-07,97253241.6512202
6527922.715295823,5.6577690964689515e-05,0.005657769096468952,2.3941957371333457e-10,1.738698917254495e-09,1.4235260345800331e-06,5.7761928676253055e-06,3.2298809671366305e-06,4.078332055871773e-07,88271380.32610425
7192157.21976725,5.135243609695955e-05,0.005135243609695955,2.6378118901457066e-10,1.7538399926864717e-09,1.5699096369559068e-06,6.296636608145827e-06,3.2298809671366305e-06,4.493313818118197e-07,80119042.33093789
7923979.454084281,4.660976169455066e-05,0.004660976169455065,2.9062166722114874e-10,1.7691304825863145e-09,1.731316850347485e-06,6.919131797878828e-06,3.2298809671366305e-06,4.950521142344247e-07,72719616.71282294
8730266.659936218,4.230509884907482e-05,0.004230509884907482,3.20193239608681e-10,1.7845703869540208e-09,1.9084589625741948e-06,7.689455202391459e-06,3.2298809671366305e-06,5.454250598295109e-07,66003567.95350197
9618595.857705383,3.8397994831180344e-05,0.0038397994831180344,3.5277380269479953e-10,1.8001597057895891e-09,2.103158757924121e-06,8.524849125218797e-06,3.2298809671366305e-06,6.0092359437772e-07,59907782.514812745
10597315.050918149,3.485173293922076e-05,0.003485173293922076,3.8866952974974833e-10,1.815898439093019e-09,2.3180710194463375e-06,9.328267138012436e-06,3.2298809671366305e-06,6.620692609773543e-07,54374975.73419491
11675621.67594922,3.163298745694904e-05,0.0031632987456949035,4.282177480355257e-10,1.8317865868643085e-09,2.5546205517981792e-06,1.0086308469939123e-05,3.2298809671366305e-06,7.294366712044812e-07,49353153.496594936
12863649.034204032,2.8711510477729495e-05,0.0028711510477729494,4.717901088122046e-10,1.8478241491034574e-09,2.8150393610821403e-06,1.0956126241317072e-05,3.2298809671366305e-06,8.036589049798651e-07,44795123.623873666
14172561.51901903,2.6059847652222284e-05,0.0026059847652222285,5.197960799013194e-10,1.864011125810465e-09,3.102123238393315e-06,1.2073975474090058e-05,3.2298809671366305e-06,8.854334598875646e-07,40658052.39003663
15614659.53216682,2.3653080188302513e-05,0.002365308018830251,5.726867936274002e-10,1.88034751698533e-09,3.4179724802824273e-06,1.3386798512532716e-05,3.2298809671366305e-06,9.755288058534228e-07,36903061.994674854
17203495.0759112,2.1468590678677643e-05,0.002146859067867764,6.309592862983917e-10,1.8968333226280536e-09,3.7657960986596473e-06,1.479519267779803e-05,3.2298809671366305e-06,1.0747916067805556e-06,33494865.21190359
18953999.106878612,1.9485850555587944e-05,0.0019485850555587942,6.951611690651207e-10,1.913468542738633e-09,4.149357612457167e-06,1.6262310688399976e-05,3.2298809671366305e-06,1.184154677006543e-06,30401433.781442627
20882621.84854504,1.7686227175210602e-05,0.00176862271752106,7.658957740538831e-10,1.9302531773170696e-09,4.5708835567939305e-06,1.7850645828407446e-05,3.2298809671366305e-06,1.304645747352572e-06,27593697.425567303
23007487.380912412,1.6052808718860513e-05,0.0016052808718860511,8.438278241324662e-10,1.947187226363363e-09,5.035891498160815e-06,1.9738554493690573e-05,3.2298809671366305e-06,1.437397123142691e-06,25045270.663468737
25348563.960120186,1.4570245265508635e-05,0.0014570245265508636,9.29689679590845e-10,1.9642706898775118e-09,5.546972701988797e-06,2.189442025882869e-05,3.2298809671366305e-06,1.5836563249537376e-06,22732204.855779957
27927851.668556552,1.3224604542110596e-05,0.0013224604542110595,1.0242882204392095e-09,1.9815035678595178e-09,6.110567011193483e-06,2.4066476778785248e-05,3.2298809671366305e-06,1.7447978120915095e-06,20632763.14912751
30769589.158896174,1.2003240996170436e-05,0.0012003240996170436,1.1285124289991728e-09,1.998885860309379e-09,6.730799608245509e-06,2.6277783647083334e-05,3.2298809671366305e-06,1.922335898963598e-06,18727216.205767643
33900481.4349258,1.0894676960158997e-05,0.0010894676960158996,1.2433417440449799e-09,2.016417567227095e-09,7.413655700505452e-06,2.872957629306573e-05,3.2298809671366305e-06,2.1179389857295282e-06,16997656.79869183
37349950.80971001,9.888494791039098e-06,0.0009888494791039097,1.3698552650020998e-09,2.0340986886126684e-09,8.165749517205405e-06,3.1892014371513256e-05,3.2298809671366305e-06,2.333445236959601e-06,15427831.529874155
41150413.39945534,8.975238971287526e-06,0.0008975238971287526,1.5092418926988817e-09,2.0519292244660964e-09,8.992862897169958e-06,3.574492670945195e-05,3.2298809671366305e-06,2.570879855641318e-06,14002988.090246493
45337583.75140455,8.146327251415156e-06,0.0008146327251415157,1.6628115019682777e-09,2.069909174787379e-09,9.90151386102702e-06,3.9646213818882284e-05,3.2298809671366305e-06,2.83247411486466e-06,12709736.626038022
49950810.468476236,7.393969998954666e-06,0.0007393969998954666,1.8320072510932297e-09,2.0880385395765173e-09,1.0897746770362239e-05,4.312430514140222e-05,3.2298809671366305e-06,3.120686326034886e-06,11535923.90868109
55033445.98465368,6.711096996004477e-06,0.0006711096996004477,2.0184191437726778e-09,2.1063173188335114e-09,1.1996930511192138e-05,4.6302851234050314e-05,3.2298809671366305e-06,3.438224940659852e-06,10470519.125805365
60633253.96606315,6.091290997413782e-06,0.0006091290997413783,2.2237989710558856e-09,2.124745512558361e-09,1.3205342217080093e-05,4.994888393393407e-05,3.2298809671366305e-06,3.788074002809386e-06,9503510.220048755
66802858.16625559,5.528727425227857e-06,0.0005528727425227856,2.4500767736605283e-09,2.1433231207510654e-09,1.4535584114800918e-05,5.5034825417166944e-05,3.2298809671366305e-06,4.173521191433857e-06,8625809.801538786
73600236.95377828,5.01811963267632e-06,0.000501811963267632,2.6993789793780473e-09,2.162050143411625e-09,1.599814929636379e-05,6.139609786695627e-05,3.2298809671366305e-06,4.598188716067693e-06,7829169.749863313
81089268.15931703,4.554669223327402e-06,0.00045546692233274026,2.97404838601098e-09,2.18092658054004e-09,1.760865350375839e-05,6.800315391574333e-05,3.2298809671366305e-06,5.066067356257577e-06,7106103.70300999
89340329.36256847,4.134020958536188e-06,0.0004134020958536187,3.276666177630404e-09,2.19995243213631e-09,1.9381794148996024e-05,7.441885584889652e-05,3.2298809671366305e-06,5.5815539645982724e-06,6449816.704870123
98430959.25999086,3.7522218294331626e-06,0.00037522218294331624,3.6100761810495284e-09,2.219127698200435e-09,2.13279952915525e-05,8.082528179029798e-05,3.2298809671366305e-06,6.149492785807861e-06,5854141.350174895
108446586.32858483,3.4056839088353404e-06,0.000340568390883534,3.977411590461746e-09,2.2384523787324157e-09,2.3475630610321043e-05,8.797479653593291e-05,3.2298809671366305e-06,6.775220980135186e-06,5313479.826791079
119481331.63326325,3.0911506339837467e-06,0.00030911506339837466,4.382124411385761e-09,2.25792647373225e-09,2.583432012818496e-05,9.739680300765039e-05,3.2298809671366305e-06,7.464618778902035e-06,4822751.310723361
131638893.32213077,2.8056662032518957e-06,0.00028056662032518954,4.8280179006150255e-09,2.2775499831999405e-09,2.843041008951986e-05,0.00010901894656608753,3.2298809671366305e-06,8.224164743512924e-06,4377344.219471791
145033521.12164643,2.5465477992332923e-06,0.00025465477992332925,5.31928230702329e-09,2.297322907135485e-09,3.1286855349985574e-05,0.00012145949201527553,3.2298809671366305e-06,9.060996647224586e-06,3973072.8750492283
159791089.9894116,2.311360377176585e-06,0.00023113603771765848,5.860534249097698e-09,2.3172452455388857e-09,3.4431581310898245e-05,0.00013360355385827732,3.2298809671366305e-06,9.982978551806838e-06,3606138.1694027884
176050283.0141474,2.0978937818447257e-06,0.00020978937818447256,6.456860099246594e-09,2.3373169984101417e-09,3.789082258397851e-05,0.0001452130337673609,3.2298809671366305e-06,1.099877470944229e-05,3273091.862595796
193963894.67907894,1.904141977755516e-06,0.0001904141977755516,7.113863782582904e-09,2.3575381657492524e-09,4.169708524620202e-05,0.00015816672740054272,3.2298809671366305e-06,1.2117930984352602e-05,2970804.178245062
213700266.73602933,1.7282841976215235e-06,0.00017282841976215234,7.837719439368006e-09,2.3779087475562183e-09,4.5880973199916434e-05,0.00017502663045537852,3.2298809671366305e-06,1.3350964559303939e-05,2696434.391694384
235444870.18374926,1.5686678318331693e-06,0.00015686678318331694,8.635229446007641e-09,2.3984287438310396e-09,5.049025569796449e-05,0.0001964260646642023,3.2298809671366305e-06,1.4709462770002155e-05,2447404.1345287506
259402048.2169873,1.4237928981903758e-06,0.00014237928981903757,9.513888339847256e-09,2.4190981545737147e-09,5.5557969181906764e-05,0.000220220947011941,3.2298809671366305e-06,1.62061919961654e-05,2221373.1645606863
285796936.52553666,1.2922979459382099e-06,0.000129229794593821,1.0481953248495241e-08,2.439916979784245e-09,6.113967364653441e-05,0.0002426661249116533,3.2298809671366305e-06,1.7855217632570068e-05,2016217.3735889765
314877578.9891112,1.1729472616408675e-06,0.00011729472616408675,1.1548521485527962e-08,2.4608852194626316e-09,6.723334116692818e-05,0.00026237834870765565,3.2298809671366305e-06,1.9672036267488108e-05,1830008.8262594885
346917258.65012807,1.06461925666219e-06,0.00010646192566621898,1.2723616041776066e-08,2.482002873608872e-09,7.394655851584814e-05,0.0002816076474052618,3.2298809671366305e-06,2.1673721310652203e-05,1660997.6424448495
382217065.86953235,9.66295927124966e-07,9.66295927124966e-05,1.4018279775589842e-08,2.503269942222968e-09,8.133702889788484e-05,0.0003044941379997539,3.2298809671366305e-06,2.3879083439276392e-05,1507595.552884039
421108727.79969686,8.77053287299855e-07,8.77053287299855e-05,1.5444679187228885e-08,2.524686425304918e-09,8.945837563745782e-05,0.00033572395025551106,3.2298809671366305e-06,2.6308847369910337e-05,1368360.9735473823
463957725.7641646,7.960526865223953e-07,7.960526865223953e-05,1.7016218752588388e-08,2.5462523228547243e-09,9.838697534684397e-05,0.00037524000132640176,3.2298809671366305e-06,2.898584661732796e-05,1241985.458464371
511166729.8395283,7.225329280396047e-07,7.225329280396047e-05,1.874766689070294e-08,2.5679676348723843e-09,0.0001082111945724144,0.00041526504719871,3.2298809671366305e-06,3.1935238070679624e-05,1127281.403705968
563179382.9157096,6.558031157235418e-07,6.558031157235417e-05,2.0655294748799386e-08,2.5898323613579015e-09,0.00011902037437965565,0.0004529680412824632,3.2298809671366305e-06,3.5184738403373365e-05,1023170.886970371
620484469.7949897,5.952361614294932e-07,5.952361614294931e-05,2.2757029109118188e-08,2.6118465023112716e-09,0.00013089791196885969,0.0004879730126452295,3.2298809671366305e-06,3.876488453832487e-05,928675.5378932866
683620510.5086261,5.402628919846073e-07,5.4026289198460726e-05,2.5072620854435218e-08,2.6340100577324985e-09,0.00014396877535348038,0.0005262971743541661,3.2298809671366305e-06,4.270932061628142e-05,842907.343889621
753180821.0163321,4.903667004279378e-07,4.9036670042793774e-05,2.7623830575423387e-08,2.6563230276215797e-09,0.00015832209115804625,0.0005760580025131049,3.2298809671366305e-06,4.70551141639784e-05,765060.3051253182
829819088.8461925,4.4507869123729017e-07,4.450786912372902e-05,3.043463306408644e-08,2.678785411978516e-09,0.0001741308427027762,0.0006408025378802375,3.2298809671366305e-06,5.1843104433297044e-05,694402.8601975163
914255516.0716082,4.0397327392056573e-07,4.039732739205657e-05,3.353144261497431e-08,2.7013972108033077e-09,0.00019148101910514595,0.0007204250451909453,3.2298809671366305e-06,5.7118286184910227e-05,630271.0113440106
1007283587.3534485,3.6666416356269594e-07,3.6666416356269595e-05,3.6943361251431786e-08,2.724158424095953e-09,0.00021055112389079528,0.0008065028390904003,3.2298809671366305e-06,6.293023252299521e-05,572062.0845766828
1109777526.6495228,3.3280075074364255e-07,3.328007507436425e-05,4.0702452209565845e-08,2.747069051856454e-09,0.00023149221742856468,0.0008898429932443024,3.2298809671366305e-06,6.933356075456748e-05,519229.06610026426
1222700512.6652236,3.0206480671404455e-07,3.0206480671404455e-05,4.4844041249976354e-08,2.77012909408481e-09,0.00025444852304389617,0.0009687650704612428,3.2298809671366305e-06,7.63884456513125e-05,471275.46179336944
1347113730.2494135,2.741674928656565e-07,2.741674928656565e-05,4.9407048628803944e-08,2.793338550781021e-09,0.00027964169921695356,0.001050719553822583,3.2298809671366305e-06,8.416118493725481e-05,427750.63144416624
1484186342.7952623,2.488466463933311e-07,2.488466463933311e-05,5.443435484776444e-08,2.8166974219450876e-09,0.0003071711932093179,0.0011472418973968608,3.2298809671366305e-06,9.272482231638536e-05,388245.5538945633
1635206479.3609757,2.2586431664074419e-07,2.258643166407442e-05,5.997320362028e-08,2.8402057075770087e-09,0.00033731308141193085,0.0012669679154816461,3.2298809671366305e-06,0.00010215983389510581,352388.98329615104
1801593339.760958,2.050045289778817e-07,2.0500452897788168e-05,6.607564584054741e-08,2.8638634076767857e-09,0.00037014793038947215,0.001426055167993845,3.2298809671366305e-06,0.0001125548844500871,319843.9603566413
1984910531.384053,1.860712551965007e-07,1.860712551965007e-05,7.279902872770804e-08,2.887670522244416e-09,0.0004059709329732718,0.0016131748910617272,3.2298809671366305e-06,0.00012400766064851024,290304.6457915137
2186880763.070584,1.688865713505128e-07,1.6888657135051277e-05,8.020653474181396e-08,2.9116270512799037e-09,0.00044487915693661417,0.0018047903315304716,3.2298809671366305e-06,0.00013662578905081164,263493.4462234759
2409402034.1327124,1.5328898572974336e-07,1.5328898572974335e-05,8.836777533600964e-08,2.9357329947832447e-09,0.0004870122770663017,0.00197849187195224,3.2298809671366305e-06,0.00015052784752279044,239158.40552060958
2654565470.6531796,1.391319212543309e-07,1.3913192125433088e-05,9.735944512466866e-08,2.9599883527544417e-09,0.0005326480864519314,0.0021326450630015214,3.2298809671366305e-06,0.00016584447956174365,217070.83705850612
2924674976.6776342,1.2628233802818666e-07,1.2628233802818667e-05,1.0726604261497974e-07,2.984393125193493e-09,0.0005816524236560754,0.0022857940511466133,3.2298809671366305e-06,0.0001827196220084217,197023.17465576157
3222268884.9710717,1.1461948310707154e-07,1.1461948310707153e-05,1.1818066427499907e-07,3.0089473121003996e-09,0.0006345691313364259,0.002466264949175281,3.2298809671366305e-06,0.0002013118576821293,178827.02198716914
3550143810.799645,1.0403375573233296e-07,1.0403375573233295e-05,1.3020587940036088e-07,3.033650913475161e-09,0.0006914262111819446,0.002722939568324852,3.2298809671366305e-06,0.00022179590565025311,162311.3821441226
3911380932.9019213,9.442567736642519e-08,9.442567736642518e-06,1.4345469400113842e-07,3.0585039293177767e-09,0.0007524334859260089,0.0030452329071035287,3.2298809671366305e-06,0.0002443642631369091,147321.0507046622
4309374948.622941,8.570495685120291e-08,8.57049568512029e-06,1.5805161276690645e-07,3.0835063596282482e-09,0.0008177743172652162,0.0033992015694669694,3.2298809671366305e-06,0.00026922901450041563,133715.1572121675
4747865975.31451,7.778964190389102e-08,7.778964190389101e-06,1.741338090897317e-07,3.1086582044065753e-09,0.000887512477149733,0.003735108791785279,3.2298809671366305e-06,0.00029662382427930734,121365.84135636264
5230974697.7929125,7.06053489769729e-08,7.0605348976972905e-06,1.918524141403019e-07,3.133959463652758e-09,0.000962147405694168,0.0040343753646309806,3.2298809671366305e-06,0.0003268061330363993,110157.05141613838
5763241092.1491995,6.40845642446746e-08,6.40845642446746e-06,2.1137393711117258e-07,3.1594101373667943e-09,0.0010414820922518522,0.0043159776312351236,3.2298809671366305e-06,0.00036005957663615487,99983.45367266398
6349667089.816237,5.816600914711462e-08,5.816600914711462e-06,2.32881829973764e-07,3.1850102255486855e-09,0.0011258906100228342,0.004626131941628985,3.2298809671366305e-06,0.0003966966516903391,90749.44254407662
6995763582.824563,5.279406452987421e-08,5.279406452987421e-06,2.5657821145378335e-07,3.210759728198432e-09,0.0012156534261055045,0.005039311365056035,3.2298809671366305e-06,0.00043706165222026297,82368.24213957191
7707602211.975292,4.791824796738329e-08,4.791824796738328e-06,2.826857664259976e-07,3.2366586453160346e-09,0.0013107574581945728,0.005581202380791954,3.2298809671366305e-06,0.00047918247967383286,74761.09078981877
8491872424.605372,4.34927393583103e-08,4.34927393583103e-06,3.114498385777696e-07,3.2627069769014914e-09,0.0014116696161587043,0.006248334479310879,3.2298809671366305e-06,0.000434927393583103,67856.50089038766
9355944338.14098,3.9475950334776206e-08,3.94759503347762e-06,3.4314073600699656e-07,3.288904722954803e-09,0.0015185282120663225,0.006970928103213034,3.2298809671366305e-06,0.000394759503347762,61589.587102630096
10307938000.194365,3.5830133438949655e-08,3.5830133438949653e-06,3.7805627142112695e-07,3.3152518834759703e-09,0.0016312677319578084,0.007690155817938169,3.2298809671366305e-06,0.00035830133438949656,55901.45659882972
11356799696.070377,3.252102739429131e-08,3.252102739429131e-06,4.165245608085726e-07,3.3417484584649924e-09,0.0017508699125173969,0.008429184690156109,3.2298809671366305e-06,0.0003252102739429131,50738.655621501945
12512386020.776596,2.951753513791135e-08,2.9517535137911352e-06,4.589071068828155e-07,3.3683944479218683e-09,0.0018769816512543937,0.009216599796407841,3.2298809671366305e-06,0.00029517535137911353,46052.66715592655
13785556505.5971,2.67914315883751e-08,2.67914315883751e-06,5.056021962756302e-07,3.3951898518466006e-09,0.0020101741205375565,0.010056099440630491,3.2298809671366305e-06,0.00026791431588375097,41799.4549953306
15188275669.680408,2.4317098402728393e-08,2.431709840272839e-06,5.570486424042641e-07,3.4221346702391875e-09,0.0021512470824452674,0.011061799827027421,3.2298809671366305e-06,0.00024317098402728394,37939.04991411167
16733725455.664097,2.2071283230141086e-08,2.2071283230141085e-06,6.137299091858993e-07,3.4492289030996295e-09,0.0022998671899226463,0.012211707921265944,3.2298809671366305e-06,0.00022071283230141087,34435.17406019403
18436429105.940273,2.003288119977546e-08,2.003288119977546e-06,6.761786543516555e-07,3.4764725504279267e-09,0.0024572660623968018,0.013513631534611352,3.2298809671366305e-06,0.00020032881199775457,31254.900036777195
20312387643.679817,1.8182736589428086e-08,1.8182736589428084e-06,7.449817350555818e-07,3.503865612224079e-09,0.0026236946045627716,0.01486073725876411,3.2298809671366305e-06,0.00018182736589428088,28368.341469723076
22379230241.18472,1.650346281114234e-08,1.6503462811142338e-06,8.207857228184424e-07,3.5314080884880858e-09,0.002799710305341682,0.0163183413523511,3.2298809671366305e-06,0.00016503462811142338,25748.372152713877
24656379888.643436,1.4979279022120237e-08,1.4979279022120237e-06,9.043029796325544e-07,3.5590999792199486e-09,0.002987138286441768,0.01792810056647693,3.2298809671366305e-06,0.00014979279022120238,23370.371130869047
27165235920.148323,1.3595861825497717e-08,1.3595861825497717e-06,9.9631835232739e-07,3.5869412844196652e-09,0.003185549352318933,0.01964301362278652,3.2298809671366305e-06,0.00013595861825497718,21211.99132726496
29929375112.24878,1.2340210667353073e-08,1.2340210667353073e-06,1.0976965481057117e-06,3.614932004087238e-09,0.0033962125018573396,0.021315074686977863,3.2298809671366305e-06,0.00012340210667353074,19252.949538043234
32974773244.848213,1.1200525665027482e-08,1.1200525665027481e-06,1.2093902605612672e-06,3.6430721382226655e-09,0.0036222256424004802,0.022908588286643383,3.2298809671366305e-06,0.00011200525665027484,17474.835822603254
36330049206.54543,1.0166096718659066e-08,1.0166096718659067e-06,1.3324491225416429e-06,3.671361686825947e-09,0.0038628886629447742,0.024349565344204262,3.2298809671366305e-06,0.00010166096718659066,15860.940497638414
40026733938.381966,9.227202863864587e-09,9.227202863864588e-07,1.4680295699901216e-06,3.6998006498970836e-09,0.0041199879392582964,0.025848947786956036,3.2298809671366305e-06,9.227202863864587e-05,14396.097109205863
44099566743.37146,8.375020919744028e-09,8.375020919744027e-07,1.6174057094611724e-06,3.728389027436076e-09,0.004397213626042618,0.027249231295629468,3.2298809671366305e-06,8.375020919744027e-05,13066.539907172784
48586821746.35832,7.601542573734334e-09,7.601542573734335e-07,1.7819812914362502e-06,3.757126819442924e-09,0.004694837512814002,0.02898174139335034,3.2298809671366305e-06,7.601542573734335e-05,11859.774482665815
53530667572.08507,6.899499124124187e-09,6.899499124124187e-07,1.9633029019581524e-06,3.786014025917625e-09,0.005015603898282239,0.030840759840656234,3.2298809671366305e-06,6.899499124124188e-05,10764.460352849812
58977563621.51554,6.262293173003291e-09,6.262293173003291e-07,2.1630744965513023e-06,3.815050646860184e-09,0.005363452490323997,0.032642996270708276,3.2298809671366305e-06,6.26229317300329e-05,9770.304389635376
64978696670.38832,5.683936627736254e-09,5.683936627736254e-07,2.3831734130092944e-06,3.844236682270596e-09,0.005738751018543066,0.03408482410118933,3.2298809671366305e-06,5.683936627736255e-05,8867.964090820064
71590461892.90251,5.158994428334591e-09,5.158994428334591e-07,2.6256680135286667e-06,3.873572132148864e-09,0.006145845697892144,0.03509985674766134,3.2298809671366305e-06,5.158994428334592e-05,8048.959784661205
78874992830.9157,4.682533471909492e-09,4.6825334719094917e-07,2.8928371219793754e-06,3.903056996494986e-09,0.006590153289609948,0.03584481102248183,3.2298809671366305e-06,4.682533471909492e-05,7305.594942830033
86900745289.00018,4.250076254226718e-09,4.2500762542267175e-07,3.1871914389722746e-06,3.9326912753089635e-09,0.007072054329569427,0.03651588772351235,3.2298809671366305e-06,4.250076254226717e-05,6630.883852894082
95743140642.46387,3.8575587927139406e-09,3.857558792713941e-07,3.5114971359699625e-06,3.962474968590797e-09,0.007596764554896595,0.037151290398823984,3.2298809671366305e-06,3.85755879271394e-05,6018.485970635943
105485274603.77194,3.5012924355052806e-09,3.5012924355052804e-07,3.8688018501647715e-06,3.992408076340484e-09,0.008171311736072696,0.03805733418414105,3.2298809671366305e-06,3.50129243550528e-05,5462.646335289419
116218698107.94592,3.1779291976265253e-09,3.177929197626525e-07,4.262463324408736e-06,4.022490598558026e-09,0.008798100282498878,0.038984467899419256,3.2298809671366305e-06,3.177929197626525e-05,4958.141487749946
128044277655.25256,2.8844302985704985e-09,2.8844302985704984e-07,4.69618096133713e-06,4.052722535243424e-09,0.009481990148743725,0.039898407137745985,3.2298809671366305e-06,2.8844302985704987e-05,4500.230383529795
141073143196.17606,2.6180376055971737e-09,2.6180376055971737e-07,5.174030588212637e-06,4.083103886396677e-09,0.010233494318198318,0.040282962338581786,3.2298809671366305e-06,2.6180376055971736e-05,4084.6098391668374
155427732466.3592,2.376247714398863e-09,2.376247714398863e-07,5.700502759190462e-06,4.1136346520177845e-09,0.01105294980745636,0.040171307209657885,3.2298809671366305e-06,2.376247714398863e-05,3707.3740933974696
171242941585.5598,2.1567884235558376e-09,2.1567884235558376e-07,6.280544954946554e-06,4.144314832106747e-09,0.011946860846508506,0.03975837431627599,3.2298809671366305e-06,2.1567884235558375e-05,3364.9781030734393
188667392733.29102,1.957597381702798e-09,1.9575973817027978e-07,6.919608076236827e-06,4.175144426663565e-09,0.012932947122865758,0.039201832375481624,3.2298809671366305e-06,1.957597381702798e-05,3054.204228898613
207864830814.022,1.7768027067447026e-09,1.7768027067447025e-07,7.623697668306772e-06,4.206123435688237e-09,0.014006584923099053,0.03866272651139673,3.2298809671366305e-06,1.7768027067447025e-05,2772.1319979176674
229015662236.9959,1.6127053949925022e-09,1.612705394992502e-07,8.399430357528956e-06,4.237251859180765e-09,0.01517456178422461,0.03826997779344584,3.2298809671366305e-06,1.6127053949925023e-05,2516.1106586019646
252318650271.2211,1.463763354910073e-09,1.463763354910073e-07,9.254096030627125e-06,4.268529697141148e-09,0.016456033023377448,0.03792552753982258,3.2298809671366305e-06,1.4637633549100728e-05,2283.7342706212794
277992782907.60596,1.3285769154307022e-09,1.3285769154307023e-07,1.0195726340811383e-05,4.299956949569387e-09,0.017853320757319033,0.03754863381364906,3.2298809671366305e-06,1.328576915430702e-05,2072.819095209421
306279330781.3193,1.2058756726587135e-09,1.2058756726587135e-07,1.123317018460532e-05,4.33153361646548e-09,0.019368015922490663,0.03678740792927353,3.2298809671366305e-06,1.2058756726587134e-05,1881.3830736515322
337444114493.54297,1.0945065513491162e-09,1.0945065513491161e-07,1.237617685865274e-05,4.3632596978294284e-09,0.021017572548706693,0.03556438257290082,3.2298809671366305e-06,1.0945065513491162e-05,1707.6272010437424
371780002639.58997,9.934229689740027e-10,9.934229689740026e-08,1.3635487677963317e-05,4.39513519366123e-09,0.022810418094729768,0.03384274288271193,3.2298809671366305e-06,9.934229689740027e-06,1549.9186202865762
409609664018.4221,9.016750005458202e-10,9.016750005458201e-08,1.5022936916572963e-05,4.427160103960888e-09,0.02474728007584751,0.031915830134591726,3.2298809671366305e-06,9.016750005458202e-06,1406.775277439199
451288599887.2127,8.184004517723008e-10,8.184004517723008e-08,1.655156301919971e-05,4.4593344287284015e-09,0.026840425834407294,0.029924411716706276,3.2298809671366305e-06,8.184004517723008e-06,1276.8519942345222
497208484756.3582,7.428167566536303e-10,7.428167566536303e-08,1.823573112899909e-05,4.49165816796377e-09,0.029114857146798567,0.028070299490906864,3.2298809671366305e-06,7.428167566536303e-06,1158.9278268725768
547800847119.77844,6.742136233802277e-10,6.742136233802276e-08,2.0091268082863242e-05,4.524131321666993e-09,0.03155931501492544,0.02641237430815175,3.2298809671366305e-06,6.7421362338022756e-06,1051.8945922975151
603541124709.8776,6.119463594215279e-10,6.119463594215279e-08,2.2135611142871377e-05,4.5567538898380705e-09,0.03418395281840705,0.02489061856961273,3.2298809671366305e-06,6.11946359421528e-06,954.7464541348135
664953132386.1162,5.554298130788014e-10,5.554298130788014e-08,2.4387971861584145e-05,4.589525872477004e-09,0.03702538326226663,0.02324658200837267,3.2298809671366305e-06,5.554298130788013e-06,866.5704704233139
732613984643.8054,5.041328745682535e-10,5.041328745682535e-08,2.6869516621092338e-05,4.622447269583794e-09,0.040079056443544446,0.0215899708257851,3.2298809671366305e-06,5.041328745682535e-06,786.5380143152104
807159519002.0353,4.57573484958743e-10,4.575734849587429e-08,2.9603565542422335e-05,4.655518081158436e-09,0.04335193439058484,0.019878465155490525,3.2298809671366305e-06,4.57573484958743e-06,713.8969871206338
889290271236.5731,4.153141060610252e-10,4.153141060610252e-08,3.2615811634532734e-05,4.688738307200934e-09,0.04686386928684842,0.018092503611989375,3.2298809671366305e-06,4.153141060610251e-06,647.9647505195768
979778058609.5328,3.7695760869714836e-10,3.7695760869714834e-08,3.593456224233847e-05,4.722107947711287e-09,0.05063275821102109,0.016356181122776814,3.2298809671366305e-06,3.7695760869714834e-06,588.1217115221551
1079473232961.1716,3.421435407103502e-10,3.421435407103502e-08,3.959100506275018e-05,4.755627002689495e-09,0.05468550267858886,0.014703134687852618,3.2298809671366305e-06,3.421435407103502e-06,533.8054998923902
1189312671824.2192,3.105447396443547e-10,3.105447396443547e-08,4.3619501228595335e-05,4.789295472135559e-09,0.05899050506218488,0.013229895618057649,3.2298809671366305e-06,3.105447396443547e-06,484.5056833182886
1310328582656.517,2.8186425826002114e-10,2.8186425826002113e-08,4.8057908214650876e-05,4.823113356049476e-09,0.06364623972530421,0.011909637475468334,3.2298809671366305e-06,2.8186425826002115e-06,439.7589706644921
1443658202929.167,2.558325739970913e-10,2.558325739970913e-08,5.2947935600275666e-05,4.857080654431251e-09,0.06859482656275213,0.010745151827084357,3.2298809671366305e-06,2.5583257399709132e-06,399.14485823038365
1590554487225.8972,2.3220505615720506e-10,2.3220505615720506e-08,5.8335537031890064e-05,4.891197367280878e-09,0.07388365866733469,0.009666738641983542,3.2298809671366305e-06,2.3220505615720508e-06,362.2816780997547
1752397881784.8777,2.1075966700621877e-10,2.1075966700621878e-08,6.427134206874155e-05,4.9254634945983625e-09,0.0795438850983471,0.008651785811544554,3.2298809671366305e-06,2.107596670062188e-06,328.82301144668355
1930709297133.2993,1.9129487519212195e-10,1.9129487519212193e-08,7.081113197019196e-05,4.959879036383703e-09,0.08552646291009089,0.007694051505774813,3.2298809671366305e-06,1.9129487519212193e-06,298.45443309195866
2127164400724.0125,1.7362776187006294e-10,1.7362776187006292e-08,7.801636389569985e-05,4.994443992636894e-09,0.09195937223393993,0.006814358171564721,3.2298809671366305e-06,1.7362776187006294e-06,270.89055671727334
2343609363888.1675,1.575923017369408e-10,1.5759230173694078e-08,8.595474844362599e-05,5.029158363357944e-09,0.09875735733442764,0.0060007979523071025,3.2298809671366305e-06,1.5759230173694082e-06,245.87235296982257
2582078211084.6016,1.43037802821722e-10,1.4303780282172201e-08,9.470088595623796e-05,5.064022148546847e-09,0.10597629562431579,0.005272161729933831,3.2298809671366305e-06,1.4303780282172201e-06,223.16471525440275
2844811934484.1484,1.2982749036953675e-10,1.2982749036953674e-08,0.00010433696757053842,5.0990353482036065e-09,0.11364865430650362,0.004617255942312521,3.2298809671366305e-06,1.2982749036953675e-06,202.55425033774011
3134279553516.6943,1.178372215117144e-10,1.1783722151171438e-08,0.00011495354760298841,5.1341979623282205e-09,0.12170861287469287,0.004035726859941652,3.2298809671366305e-06,1.1783722151171437e-06,183.84727300242193
3453201317286.412,1.069543186429727e-10,1.069543186429727e-08,0.0001266503945265492,5.169509990920686e-09,0.1303053029153479,0.003519139463822444,3.2298809671366305e-06,1.069543186429727e-06,166.86798590535224
3804574267898.0737,9.707651054251378e-11,9.707651054251376e-09,0.0001395374285370351,5.2049714339810115e-09,0.13933478741377683,0.003068053186979496,3.2298809671366305e-06,9.707651054251377e-07,151.45682753609222
4191700404923.5938,8.811097128830137e-11,8.811097128830136e-09,0.0001537357545194743,5.240582291509189e-09,0.14885764218502479,0.002667235726011003,3.2298809671366305e-06,8.811097128830136e-07,137.468972750164
4618217715682.493,7.997344793278171e-11,7.997344793278171e-09,0.00016937880012171167,5.276342563505224e-09,0.15890924698348544,0.00231484277764585,3.2298809671366305e-06,7.997344793278171e-07,124.77297178618097
5088134362940.568,7.258746874245977e-11,7.258746874245977e-09,0.00018661356963019677,5.312252249969112e-09,0.16941684401632542,0.001999184102023063,3.2298809671366305e-06,7.258746874245976e-07,113.2495149770917
5605866351303.152,6.588362456081878e-11,6.588362456081878e-09,0.00020560202543116432,5.348311350900857e-09,0.18053838227555585,0.0017227577155530473,3.2298809671366305e-06,6.588362456081878e-07,102.79031154699958
6176279026269.886,5.979891654124971e-11,5.979891654124971e-09,0.00022652261003937684,5.384519866300454e-09,0.19216882522673692,0.0014789270026567434,3.2298809671366305e-06,5.979891654124971e-07,93.29707195714269
6804732795935.053,5.427616412036248e-11,5.427616412036248e-09,0.00024957192299757315,5.420877796167909e-09,0.2043683210902179,0.001269156646655208,3.2298809671366305e-06,5.427616412036248e-07,84.68058423771099
7497133504999.561,4.9263467668154537e-11,4.926346766815454e-09,0.00027496656840515484,5.457385140503218e-09,0.21717458965941094,0.0010874769505640574,3.2298809671366305e-06,4.926346766815454e-07,76.85987562540099
8259987934480.462,4.471372076533359e-11,4.4713720765333595e-09,0.00030294519043811644,5.494041899306382e-09,0.23051792659988904,0.0009316611372315573,3.2298809671366305e-06,4.47137207653336e-07,69.76145162826278
9100464948671.975,4.058416752446047e-11,4.058416752446047e-09,0.0003337707159888535,5.530848072577401e-09,0.2445447029769621,0.0007862132465183001,3.2298809671366305e-06,4.058416752446047e-07,63.318605367012765
10026462863981.904,3.6836000794871193e-11,3.6836000794871194e-09,0.0003677328255008827,5.567803660316273e-09,0.2591636212506861,0.0006696486420078125,3.2298809671366305e-06,3.683600079487119e-07,57.470790702400265
11046683672736.834,3.343399747554106e-11,3.343399747554106e-09,0.0004051506752179515,5.604908662523003e-09,0.2744248658482164,0.0005700393302928995,3.2298809671366305e-06,3.343399747554106e-07,52.163053257641735
12170714819468.053,3.034618750877334e-11,3.034618750877334e-09,0.00044637589642964345,5.642163079197587e-09,0.2903632778755296,0.0004855164320932184,3.2298809671366305e-06,3.0346187508773336e-07,47.345513989003166
13409119298164.941,2.7543553444104865e-11,2.7543553444104864e-09,0.000491795899898673,5.679566910340026e-09,0.3069223784797422,0.0004132135174797207,3.2298809671366305e-06,2.754355344410486e-07,42.97290045142269
14773534917177.396,2.4999757749105344e-11,2.4999757749105344e-09,0.0005418375165229554,5.717120155950321e-09,0.3242179469006137,0.00035147471444143847,3.2298809671366305e-06,2.4999757749105347e-07,39.00412135428086
16276783664601.186,2.2690895304495246e-11,2.2690895304495245e-09,0.0005969710084452779,5.754822816028471e-09,0.34219114946617735,0.0002985411344752947,3.2298809671366305e-06,2.2690895304495246e-07,35.40188040924065
17932992201899.223,2.0595268757673857e-11,2.059526875767386e-09,0.0006577144883046764,5.7926748905744745e-09,0.3608819785623485,0.00025078618469336983,3.2298809671366305e-06,2.0595268757673856e-07,32.13232584132092
19757724618087.676,1.8693184623560736e-11,1.8693184623560735e-09,0.0007246387881590664,5.8306763795883345e-09,0.38032822169581504,0.00021245946926561028,3.2298809671366305e-06,1.8693184623560737e-07,29.16473226951299
21768128692034.184,1.696676821662388e-11,1.696676821662388e-09,0.0007983728238344585,5.868827283070048e-09,0.40050564406972755,0.00017990370316012897,3.2298809671366305e-06,1.696676821662388e-07,26.4712119674374
23983097037356.39,1.539979567493319e-11,1.539979567493319e-09,0.0008796095051117953,5.907127601019618e-09,0.4215021378572802,0.00015209810007195824,3.2298809671366305e-06,1.539979567493319e-07,24.02645279063631
26423444644267.324,1.3977541497698434e-11,1.3977541497698433e-09,0.0009691122472919307,5.945577333437041e-09,0.44331239696073205,0.0001284695652798651,3.2298809671366305e-06,1.3977541497698433e-07,21.807480307693645
29112104486803.24,1.2686640163537697e-11,1.2686640163537696e-09,0.0010677221453306727,5.984176480322322e-09,0.4659810211138582,0.00010835161380562569,3.2298809671366305e-06,1.2686640163537698e-07,19.793441899829062
32074343033636.855,1.151496052904519e-11,1.151496052904519e-09,0.0011763658779622367,6.022925041675455e-09,0.48956366824900815,9.14051223893431e-05,3.2298809671366305e-06,1.1514960529045192e-07,17.96541080005888
35337997687723.34,1.0451491827328217e-11,1.0451491827328216e-09,0.0012960644160895404,6.061823017496444e-09,0.5140796422346392,7.385756585484214e-05,3.2298809671366305e-06,1.0451491827328216e-07,16.306208230396667
38933738386096.734,9.486240195194656e-12,9.486240195194657e-10,0.0014279426172776545,6.100870407785288e-09,0.539609853414087,6.236069111390755e-05,3.2298809671366305e-06,9.486240195194657e-08,14.800241965643467
42895355818183.07,8.610134756612167e-12,8.610134756612166e-10,0.0015732397965140122,6.1400672125419885e-09,0.5661984605759562,5.265538918268846e-05,3.2298809671366305e-06,8.610134756612166e-08,13.433359806681755
47260078971137.26,7.814942379866624e-12,7.814942379866624e-10,0.0017333213725731823,6.179413431766542e-09,0.593905223290192,4.4436556561281626e-05,3.2298809671366305e-06,7.814942379866625e-08,12.192716586301266
52068924986311.836,7.093190307356581e-12,7.09319030735658e-10,0.0019096916994320518,6.218909065458953e-09,0.6228046647322565,3.7490904972152746e-05,3.2298809671366305e-06,7.09319030735658e-08,11.066653457753834
57367084614605.56,6.438095930943508e-12,6.438095930943507e-10,0.002104008203317592,6.2585541136192154e-09,0.6529466849321457,3.159419280339653e-05,3.2298809671366305e-06,6.438095930943508e-08,10.044588331661288
63204346892978.15,5.843503052927142e-12,5.843503052927143e-10,0.002318096958239005,6.2983485762473365e-09,0.6844154371963062,2.6607770222607175e-05,3.2298809671366305e-06,5.8435030529271425e-08,9.116916431665723
69635567032996.01,5.303824033663414e-12,5.303824033663414e-10,0.002553969846374126,6.33829245334331e-09,0.7172806007844938,2.072562292423294e-05,3.2298809671366305e-06,5.3038240336634146e-08,8.274920034301632
76721181918353.25,4.813987282161925e-12,4.813987282161925e-10,0.00281384346457339,6.378385744907141e-09,0.7516150847581378,1.7432605018463103e-05,3.2298809671366305e-06,4.813987282161925e-08,7.510686544877737
84527778055716.42,4.369389596209866e-12,4.369389596209866e-10,0.003100159954653796,6.418628450938827e-09,0.787506099632872,1.4656199144060695e-05,3.2298809671366305e-06,4.369389596209866e-08,6.817034139492843
93128717316165.83,3.9658529041425195e-12,3.9658529041425193e-10,0.003415609953233898,6.459020571438365e-09,0.8250229785305419,1.2313429795587187e-05,3.2298809671366305e-06,3.9658529041425195e-08,6.187444274412525
102604826347588.62,3.5995850017445493e-12,3.5995850017445493e-10,0.003763157876779055,6.499562106405759e-09,0.864258059690119,1.0335392454603647e-05,3.2298809671366305e-06,3.5995850017445496e-08,5.616000428568877
113045156136724.62,3.2671439153101345e-12,3.2671439153101346e-10,0.004146069779471257,6.5402530558410074e-09,0.9052984664641126,8.673125340361564e-06,3.2298809671366305e-06,3.2671439153101344e-08,5.097332503520646
124547818858783.98,2.965405555966795e-12,2.965405555966795e-10,0.004567944045695457,6.5810934197441125e-09,0.9482319246574622,7.272471381837341e-06,3.2298809671366305e-06,2.965405555966795e-08,4.626566358377083
137220909878871.6,2.691534361296724e-12,2.691534361296724e-10,0.005032745205572878,6.622083198115072e-09,0.9931607309950187,6.100520303718245e-06,3.2298809671366305e-06,2.6915343612967244e-08,4.19927800544352
151183523569649.6,2.442956648362763e-12,2.442956648362763e-10,0.005544841191319939,6.663222390953888e-09,1.040174526321952,4.4519842255429995e-06,3.2298809671366305e-06,2.4429566483627634e-08,3.8114520361461666
166566872491304.22,2.21733642772614e-12,2.2173364277261398e-10,0.006109044384546489,6.704510998260558e-09,1.0893805789795665,3.735838218163637e-06,3.2298809671366305e-06,2.21733642772614e-08,3.45944388654698
183515520451226.03,2.012553451170056e-12,2.0125534511700563e-10,0.006730656840232244,6.745949020035084e-09,1.1408863187962675,3.134503952034351e-06,3.2298809671366305e-06,2.0125534511700566e-08,3.1399455878416584
202188741030978.78,1.8266832868344313e-12,1.8266832868344314e-10,0.007415520112369937,6.787536456277463e-09,1.1947999332918413,2.6290795454926612e-06,3.2298809671366305e-06,1.8266832868344316e-08,2.849954679983911
222762014347212.34,1.6579792345193697e-12,1.6579792345193696e-10,0.008170070149507953,6.829273306987701e-09,1.251243872401933,2.20397763527628e-06,3.2298809671366305e-06,1.6579792345193696e-08,2.5867459963041215
245428676112210.38,1.50485591120788e-12,1.50485591120788e-10,0.0090013977760689,6.871159572165788e-09,1.3103335124853022,1.8473789685028117e-06,3.2298809671366305e-06,1.50485591120788e-08,2.347846053970646
270401734490986.25,1.3658743525541092e-12,1.3658743525541093e-10,0.009917315327812431,6.9131952518117354e-09,1.3721984409729413,1.5476015151006594e-06,3.2298809671366305e-06,1.3658743525541092e-08,2.1310098096301275
297915871828703.56,1.2397284903294615e-12,1.2397284903294613e-10,0.010926430067644013,6.955380345925531e-09,1.4369719075609768,1.2966215045966063e-06,3.2298809671366305e-06,1.2397284903294614e-08,1.9341995617897605
328229650059494.6,1.1252328787494935e-12,1.1252328787494934e-10,0.012038225071688828,6.997714854507187e-09,1.504790295620758,9.439354277870811e-07,3.2298809671366305e-06,1.1252328787494934e-08,1.7555658016783253
361627940521826.06,1.021311554340732e-12,1.021311554340732e-10,0.013263148345751085,7.0401987775566976e-09,1.5758024969397648,7.918706805338666e-07,3.2298809671366305e-06,1.021311554340732e-08,1.5934298326335063
398424601014421.56,9.269879246588374e-13,9.269879246588374e-11,0.014612711009624055,7.082832115074062e-09,1.6501562980606372,6.642447476464762e-07,3.2298809671366305e-06,9.269879246588376e-09,1.4462679946824755
438965425250154.3,8.413755908381856e-13,8.413755908381855e-11,0.016099595471929844,7.125614867059284e-09,1.7280119489809744,5.57056361275499e-07,3.2298809671366305e-06,8.413755908381856e-09,1.312697346067554
483631392425173.5,7.636700177284847e-13,7.636700177284847e-11,0.01773777461205348,7.1685470335123605e-09,1.809535624581536,4.6677140425753804e-07,3.2298809671366305e-06,7.636700177284847e-09,1.1914626671601882
532842247440830.6,6.931409733391995e-13,6.931409733391995e-11,0.019542643089174142,7.211628614433289e-09,1.894899933692858,3.9118291896180515e-07,3.2298809671366305e-06,6.931409733391996e-09,1.0814246646335604
587060445423263.4,6.291256665420511e-13,6.29125666542051e-11,0.0215311620123598,7.254859609822074e-09,1.9842886147309382,3.2767426670959257e-07,3.2298809671366305e-06,6.29125666542051e-09,0.981549265043464
646795497608944.1,5.710225185436984e-13,5.710225185436984e-11,0.023722018331251035,7.298240019678714e-09,2.077889790279967,2.7437217057653274e-07,3.2298809671366305e-06,5.710225185436983e-09,0.8908978972047261
712608759436314.5,5.182855095965056e-13,5.1828550959650563e-11,0.026135800445195537,7.341769844003209e-09,2.1759036803260274,1.9891267025560211e-07,3.2298809671366305e-06,5.182855095965057e-09,0.8086186720425658
785118705839211.5,4.70419047821059e-13,4.70419047821059e-11,0.028795191681105965,7.38544908279556e-09,2.278538664230499,1.6685923421147893e-07,3.2298809671366305e-06,4.70419047821059e-09,0.733938377032252
865006743316248.4,4.26973311920592e-13,4.26973311920592e-11,0.03172518345823446,7.429277736055766e-09,2.3860126793849576,1.3991303649697336e-07,3.2298809671366305e-06,4.26973311920592e-09,0.6661552099954235
953023613394602.6,3.875400240208525e-13,3.875400240208525e-11,0.034953310143062494,7.473255803783826e-09,2.4985549873609867,1.17297085226215e-07,3.2298809671366305e-06,3.875400240208525e-09,0.6046321839695102
1049996447664279.2,3.5174861291099653e-13,3.517486129109965e-11,0.03850990780133727,7.51738328597974e-09,2.616403763441109,9.830734313213365e-08,3.2298809671366305e-06,3.517486129109965e-09,0.548791141173016
1156836540681930.5,3.1926273162988866e-13,3.1926273162988864e-11,0.04242839927885469,7.56166018264351e-09,2.739810116595609,8.235755896709234e-08,3.2298809671366305e-06,3.1926273162988862e-09,0.4981073198134096
1274547913789541.2,2.8977709667207543e-13,2.8977709667207542e-11,0.046745608290015346,7.606086493775137e-09,2.869036140056194,6.898438831251636e-08,3.2298809671366305e-06,2.897770966720754e-09,0.45210442267958717
1404236750325747.8,2.6301461911013764e-13,2.6301461911013764e-11,0.051502105465774224,7.650662219374618e-09,3.0043565006871558,5.775152413148695e-08,3.2298809671366305e-06,2.6301461911013764e-09,0.41035014117642354
1547121790896452.0,2.387238006733649e-13,2.387238006733649e-11,0.05674258961294299,7.695387359441953e-09,3.1460589452717684,4.8342672489899074e-08,3.2298809671366305e-06,2.3872380067336488e-09,0.37245209273887053
1704545786393496.2,2.166763703126028e-13,2.166763703126028e-11,0.0625163077676997,7.740261913977143e-09,3.29444425203101,3.493361842061274e-08,3.2298809671366305e-06,2.166763703126028e-09,0.3380541334477652
1877988116390173.2,1.9666513904108777e-13,1.9666513904108776e-11,0.06887751799072395,7.78528588298019e-09,3.4498280428546213,2.9290300987581054e-08,3.2298809671366305e-06,1.9666513904108778e-09,0.3068330111954632
2069078691494026.5,1.785020528922934e-13,1.785020528922934e-11,0.07588599925304036,7.83045926645109e-09,3.6125402302778036,2.454982748357644e-08,3.2298809671366305e-06,1.785020528922934e-09,0.27849532794966503
2279613270303138.0,1.620164256976231e-13,1.620164256976231e-11,0.08360761320418066,7.875782064389847e-09,3.782926664143105,2.057429469972014e-08,3.2298809671366305e-06,1.620164256976231e-09,0.2527747825685658
2511570334905832.0,1.4705333507661122e-13,1.4705333507661122e-11,0.09211492310183723,7.921254276796456e-09,3.9613492799998355,1.7237996235814966e-08,3.2298809671366305e-06,1.4705333507661119e-09,0.22942966825689065
2767129683509943.5,1.334721665660802e-13,1.334721665660802e-11,0.10148787571935013,7.966875903670925e-09,4.148187080778386,1.4435599819272373e-08,3.2298809671366305e-06,1.3347216656608021e-09,0.20824060114536452
3048692914924437.5,1.2114529220682038e-13,1.2114529220682038e-11,0.11181455263919969,8.012646945013244e-09,4.343837178003588,1.2088494126349996e-08,3.2298809671366305e-06,1.2114529220682038e-09,0.18900845864811375
3358905997394718.0,1.0995687116991444e-13,1.0995687116991444e-11,0.12319199799272798,8.058567400823418e-09,4.548715024569713,1.0117679223942624e-08,3.2298809671366305e-06,1.0995687116991444e-09,0.1715525082238787
3700684133880319.0,9.980176115169314e-14,9.980176115169314e-12,0.1357271304247014,8.10463727110145e-09,4.76325602310261,8.466335135908726e-09,3.2298809671366305e-06,9.980176115169313e-10,0.1557087089562257
4077239157444699.5,9.058453030723238e-14,9.058453030723237e-12,0.14953774785283877,8.150856555847336e-09,4.987915838685419,6.092721924395429e-09,3.2298809671366305e-06,9.058453030723237e-10,0.1413281699919778
4492109714202875.5,8.221856043712467e-14,8.221856043712468e-12,0.16475363446444294,8.197225255061077e-09,5.223171761831904,5.1066543217543675e-09,3.2298809671366305e-06,8.221856043712469e-10,0.12827575135117655
4949194517469187.0,7.462523299978246e-14,7.462523299978245e-12,0.18151778035306418,8.243743368742676e-09,5.469523661409602,4.278803870217801e-09,3.2298809671366305e-06,7.462523299978245e-10,0.11642879395978004
5452788985607715.0,6.773319029990328e-14,6.7733190299903284e-12,0.1999877252566101,8.290410896892124e-09,5.727494756026339,3.5850294240947114e-09,3.2298809671366305e-06,6.773319029990328e-10,0.10567596697070278
6007625607887603.0,6.147766491015561e-14,6.147766491015561e-12,0.2203370390246083,8.337227839509429e-09,5.997633176140721,3.0030144755368916e-09,3.2298809671366305e-06,6.147766491015562e-10,0.09591622154096018
6618918417677365.0,5.579987102439415e-14,5.5799871024394145e-12,0.2427569527271649,8.38419419659459e-09,6.280512724587672,2.5138220773058004e-09,3.2298809671366305e-06,5.579987102439415e-10,0.08705784123314461
7292411990911785.0,5.064645202268739e-14,5.0646452022687394e-12,0.2674581557338473,8.431309968147606e-09,6.576734370018907,2.104750736623076e-09,3.2298809671366305e-06,5.064645202268739e-10,0.07901758011744558
8034435430291263.0,4.59689790566896e-14,4.59689790566896e-12,0.2946727756504199,8.478575154168478e-09,6.88692743840354,1.7614726187366851e-09,3.2298809671366305e-06,4.59689790566896e-10,0.07171988047458905
8851961842524483.0,4.172349594336409e-14,4.1723495943364085e-12,0.3246565597196833,8.525989754657203e-09,7.211750834134311,1.4733598215055845e-09,3.2298809671366305e-06,4.172349594336409e-10,0.06509616274813931
9752673867548824.0,3.7870106090219365e-14,3.7870106090219365e-12,0.3576912781860201,8.573553769613784e-09,7.551894649276706,1.2325634759285382e-09,3.2298809671366305e-06,3.7870106090219365e-10,0.059084181073525276
1.0745035875532346e+16,3.437259757023248e-14,3.437259757023248e-12,0.3940873722090108,8.62126719903822e-09,7.908081442701325,8.842448119026472e-10,3.2298809671366305e-06,3.437259757023248e-10,0.05362743832744481
1.1838373510124974e+16,3.119810282312042e-14,3.119810282312042e-12,0.43418687120975075,8.669130042930513e-09,8.281067899680117,7.40792377958474e-10,3.2298809671366305e-06,3.119810282312042e-10,0.048674655200603635
1.3042961325458048e+16,2.83167897850386e-14,2.8316789785038596e-12,0.47836660706531725,8.717142301290655e-09,8.671646395770294,6.203575655961571e-10,3.2298809671366305e-06,2.83167897850386e-10,0.044179288304456936
1.4370119340456582e+16,2.5701581544113262e-14,2.570158154411326e-12,0.5270417553566195,8.76530397411866e-09,9.080646639084806,5.19570540042202e-10,3.2298809671366305e-06,2.570158154411326e-10,0.04009909278338563
1.583231941782289e+16,2.332790188730107e-14,2.3327901887301067e-12,0.5806697369481236,8.813615061414514e-09,9.508937515419825,4.3506177609998374e-10,3.2298809671366305e-06,2.332790188730107e-10,0.036395725322002775
1.744330246738282e+16,2.1173444347364955e-14,2.1173444347364955e-12,0.6397545165643553,8.862075563178225e-09,9.957428858463837,3.640029276053722e-10,3.2298809671366305e-06,2.1173444347364955e-10,0.03303438381687076
1.9218207575201024e+16,1.9217962579609646e-14,1.9217962579609647e-12,0.7048513387586108,8.910685479409794e-09,10.427073433442606,3.0466360716002975e-10,3.2298809671366305e-06,1.921796257960965e-10,0.02998348032648229
2.1173714271946944e+16,1.7443080098455644e-14,1.7443080098455644e-12,0.7765719457798083,8.959444810109211e-09,10.918868943316765,2.548941760779028e-10,3.2298809671366305e-06,1.744308009845564e-10,0.027214344226073665
2.3328199277468972e+16,1.5832117585865185e-14,1.5832117585865183e-12,0.8555903263720298,9.008353555276492e-09,11.433860132592699,2.1314051938866471e-10,3.2298809671366305e-06,1.5832117585865185e-10,0.024700952777689564
2.570190919456756e+16,1.4369936148768582e-14,1.4369936148768582e-12,0.9426490495305049,9.05741171491162e-09,11.973141038470407,1.782667330246056e-10,3.2298809671366305e-06,1.4369936148768583e-10,0.0224196865835588
2.831715077484857e+16,1.3042795052510331e-14,1.304279505251033e-12,1.0385662427351876,9.106619289014608e-09,12.537857285704279,1.273320125737571e-10,3.2298809671366305e-06,1.304279505251033e-10,0.02034910762466618
3.119850054465928e+16,1.1838222593380649e-14,1.183822259338065e-12,1.144243280239121,9.15597627758545e-09,13.129208540796812,1.0664573582410739e-10,3.2298809671366305e-06,1.183822259338065e-10,0.018469757798662365
3.4373035761057044e+16,1.0744898896763203e-14,1.0744898896763202e-12,1.2606732536619114,9.205482680624148e-09,13.74845105226487,8.930130167423895e-11,3.2298809671366305e-06,1.0744898896763203e-10,0.0167639760638812
3.78705888681933e+16,9.7525495395077e-15,9.752549539507698e-13,1.388950304489766,9.255138498130696e-09,14.396900314475158,7.474756463408966e-11,3.2298809671366305e-06,9.7525495395077e-11,0.015215732471095929
4.1724027845355336e+16,8.851848996848415e-15,8.851848996848415e-13,1.5302799061838441,9.304943730105108e-09,15.075933873763644,6.256012431349872e-11,3.2298809671366305e-06,8.851848996848416e-11,0.013810477523335224
4.5969565081205064e+16,8.034333006521934e-15,8.034333006521934e-13,1.6859901925218723,9.354898376547366e-09,15.786994243865164,5.235021822764858e-11,3.2298809671366305e-06,8.034333006521933e-11,0.012535005448134802
5.064709767684589e+16,7.292319026529948e-15,7.292319026529947e-13,1.8575444386305908,9.405002437457482e-09,16.531591978607892,4.37859975978678e-11,3.2298809671366305e-06,7.292319026529948e-11,0.01137733009733201
5.580058237568046e+16,6.618834039057466e-15,6.618834039057466e-13,2.0465548119982317,9.455255912835454e-09,17.31130887687248,3.662958954307703e-11,3.2298809671366305e-06,6.618834039057466e-11,0.01032657230818491
6.147844864343637e+16,6.007549022088333e-15,6.007549022088333e-13,2.2547975226912054,9.505658802681279e-09,18.127801341578493,3.062680049161555e-11,3.2298809671366305e-06,6.007549022088333e-11,0.009372857667299204
6.7734053780251224e+16,5.452719472919964e-15,5.452719472919964e-13,2.4842295151481335,9.556211106994963e-09,18.982803902809785,2.5601089370518475e-11,3.2298809671366305e-06,5.452719472919965e-11,0.008507223716607082
7.462618434168539e+16,4.949131424653015e-15,4.949131424653015e-13,2.7370068584106044,9.6069128257765e-09,19.87813289828619,2.140331093895871e-11,3.2298809671366305e-06,4.949131424653015e-11,0.0077215357293755876
8.221960858074315e+16,4.492052448348516e-15,4.492052448348516e-13,3.0155050076120116,9.657763959025893e-09,20.815690335165293,1.523493940277258e-11,3.2298809671366305e-06,4.4920524483485165e-11,0.0070084102647534705
9.058568510241323e+16,4.077187180400811e-15,4.077187180400811e-13,3.322341127129493,9.708764506743137e-09,21.797467929071665,1.2754886492885482e-11,3.2298809671366305e-06,4.0771871804008104e-11,0.0063611457824691315
9.980303345053294e+16,3.700636957196732e-15,3.7006369571967325e-13,3.6603986851798145,9.759914468928241e-09,22.825551334745544,1.0675669667417792e-11,3.2298809671366305e-06,3.700636957196732e-11,0.005773659665634298
1.099582729287408e+17,3.3588631777322826e-15,3.3588631777322823e-13,4.032854550984158,9.811213845581195e-09,23.902124578348076,8.932108573606128e-12,3.2298809671366305e-06,3.3588631777322826e-11,0.005240431059832321
1.2114683659855213e+17,3.0486540498887284e-15,3.048654049888728e-13,4.443208849146117,9.862662636702009e-09,25.029474695503914,7.472395247383632e-12,3.2298809671366305e-06,3.0486540498887286e-11,0.004756448991324133
1.3347386810401629e+17,2.767094407869869e-15,2.767094407869869e-13,4.895317851796179,9.914260842290675e-09,26.20999659102611,6.2500623409006924e-12,3.2298809671366305e-06,2.7670944078698692e-11,0.00431716527681836
1.4705520975081942e+17,2.5115383171613606e-15,2.5115383171613605e-13,5.3934302176049425,9.966008462347196e-09,27.44619812599347,5.225331951046906e-12,3.2298809671366305e-06,2.5115383171613608e-11,0.003918451782277519
1.620184911252074e+17,2.279584209570025e-15,2.279584209570025e-13,5.94222691821758,1.0017905496871572e-08,28.740705445181312,4.369490080471232e-12,3.2298809671366305e-06,2.2795842095700253e-11,0.0035565616291043296
1.7850432848294528e+17,2.0690523146763418e-15,2.0690523146763418e-13,6.546865227315287,1.0069951945863803e-08,30.09626855656476,3.652222118900389e-12,3.2298809671366305e-06,2.0690523146763418e-11,0.0032280939831458885
1.9666764617949248e+17,1.877964175613835e-15,1.8779641756138349e-13,7.213027185688002,1.0122147809323894e-08,31.515767172726566,3.0515831943809827e-12,3.2298809671366305e-06,1.877964175613835e-11,0.0029299620956229205
2.1667913255939386e+17,1.7045240566769654e-15,1.7045240566769655e-13,7.946972997763854,1.0174493087251832e-08,33.002216828884436,2.5506579648822196e-12,3.2298809671366305e-06,1.7045240566769658e-11,0.0026593642956519725
2.3872684398654016e+17,1.5471020680364196e-15,1.5471020680364197e-13,8.755599861386697,1.0226987779647632e-08,34.55877528877417,1.8072031115635722e-12,3.2298809671366305e-06,1.5471020680364196e-11,0.0024137576617641776
2.6301797208899094e+17,1.4042188489782028e-15,1.4042188489782028e-13,9.64650678368797,1.0279631886511285e-08,36.18874925281196,1.51266523699676e-12,3.2298809671366305e-06,1.4042188489782028e-11,0.0021908341250016497
2.8978079082596243e+17,1.2745316657279756e-15,1.2745316657279756e-13,10.62806599215703,1.0332425407842792e-08,37.89560138297959,1.2657998338373032e-12,3.2298809671366305e-06,1.2745316657279755e-11,0.001988498779021437
3.1926680167432685e+17,1.1568217932164764e-15,1.1568217932164766e-13,11.709501611987626,1.0385368343642153e-08,39.682957658634024,1.0586298591563241e-12,3.2298809671366305e-06,1.1568217932164765e-11,0.001804850193378653
3.5175309709391034e+17,1.0499830622067834e-15,1.0499830622067833e-13,12.900976349067088,1.0438460693909375e-08,41.55461507943019,8.854932640045659e-13,3.2298809671366305e-06,1.0499830622067835e-11,0.001638162544983797
3.875449644819941e+17,9.530114641562936e-16,9.530114641562936e-14,14.21368699320205,1.0491702458644444e-08,43.51454973155241,7.40538994004973e-13,3.2298809671366305e-06,9.530114641562935e-12,0.001486869399816612
4.26978755087559e+17,8.649957161256087e-16,8.649957161256086e-14,15.659969639067807,1.0545093637847372e-08,45.56692523437939,6.188038604762156e-13,3.2298809671366305e-06,8.649957161256086e-12,0.0013495489924858855
4.704250448455792e+17,7.851086970690966e-16,7.851086970690965e-14,17.25341561368361,1.0598634231518154e-08,47.71610158553615,5.172448863519824e-13,3.2298809671366305e-06,7.851086970690965e-12,0.0012249108653014946
5.182921168351431e+17,7.125996750300969e-16,7.125996750300969e-14,19.008999199836342,1.065232423965679e-08,49.966644423127434,4.3229105577535506e-13,3.2298809671366305e-06,7.125996750300969e-12,0.00111178374130004
5.710297980874602e+17,6.467872521966285e-16,6.467872521966284e-14,20.943218355720955,1.070616366226328e-08,52.323334724825536,3.6111137737250864e-13,3.2298809671366305e-06,6.467872521966284e-12,0.0010091045172620507
6.291336867998717e+17,5.87052961519242e-16,5.87052961519242e-14,23.074249753200082,1.0760152499337628e-08,54.79117896441804,3.0167449186841925e-13,3.2298809671366305e-06,5.870529615192421e-12,0.0009159082732834047
6.931498096808233e+17,5.328354547157022e-16,5.328354547157022e-14,25.422119591644297,1.0814290750879833e-08,57.37541974739391,2.520245271634799e-13,3.2298809671366305e-06,5.3283545471570225e-12,0.0008313192050166334
7.636797531927293e+17,4.836252270448437e-16,4.8362522704484376e-14,28.008891792558877,1.0868578416889887e-08,60.081546948156976,1.778325167681824e-13,3.2298809671366305e-06,4.836252270448437e-12,0.0007545423933687428
8.41386316913314e+17,4.389598292759444e-16,4.389598292759444e-14,30.858875343546334,1.0923015497367803e-08,62.91530937253243,1.488086895880378e-13,3.2298809671366305e-06,4.389598292759444e-12,0.0006848563343117217
9.269997421422884e+17,3.9841952185860857e-16,3.9841952185860854e-14,33.99885274009715,1.0977601992313568e-08,65.88272697033521,1.2447201476649023e-13,3.2298809671366305e-06,3.9841952185860856e-12,0.0006216061586054309
1.0213245742863799e+18,3.616233304534415e-16,3.6162333045344145e-14,37.4583316719792,1.1032337901727194e-08,68.99010362395107,1.0406440774646066e-13,3.2298809671366305e-06,3.6162333045344144e-12,0.0005641974777155593
1.1252472235112403e+18,3.2822546575578785e-16,3.2822546575578786e-14,41.26982231942156,1.108722322560867e-08,72.2440405400908,8.701870827254134e-14,3.2298809671366305e-06,3.2822546575578785e-12,0.0005120907980943236
1.239744294711085e+18,2.9791207396800744e-16,2.979120739680074e-14,45.46914286496969,1.1142257963958003e-08,75.65145027317432,7.274064357042293e-14,3.2298809671366305e-06,2.979120739680075e-12,0.0004647964513323932
1.3658917650760328e+18,2.7039828738320626e-16,2.7039828738320626e-14,50.095756092026356,1.1197442116775188e-08,79.21957141012706,6.076969958755217e-14,3.2298809671366305e-06,2.703982873832063e-12,0.0004218699925386964
1.5048750955029005e+18,2.4542554736342376e-16,2.4542554736342377e-14,55.193140233246574,1.1252775684060229e-08,82.95598394779303,5.0774311181366816e-14,3.2298809671366305e-06,2.454255473634238e-12,0.00038290802370460404
1.658000370870395e+18,2.2275917455524786e-16,2.2275917455524786e-14,60.80919755379668,1.1308258665813129e-08,86.86862539562506,4.241747907261601e-14,3.2298809671366305e-06,2.227591745552479e-12,0.0003475444028029934
1.8267065738686403e+18,2.0218616350911707e-16,2.0218616350911708e-14,66.99670450910916,1.1363891062033882e-08,90.96580763786244,3.542264198832844e-14,3.2298809671366305e-06,2.0218616350911707e-12,0.0003154468029974527
2.0125791077255273e+18,1.835131809774075e-16,1.8351318097740748e-14,73.81380770746046,1.1419672872722492e-08,95.25623459102123,2.957540147837405e-14,3.2298809671366305e-06,1.8351318097740747e-12,0.0002863135896270459
2.2173646949083139e+18,1.665647490805096e-16,1.665647490805096e-14,81.32457033812922,1.1475604097878951e-08,99.74902069419977,2.4698870159727237e-14,3.2298809671366305e-06,1.6656474908050957e-12,0.00025987098561841196
2.442987791810272e+18,1.5118159626729206e-16,1.5118159626729207e-14,89.59957420016582,1.1531684737503271e-08,104.45371027149004,1.7335430000287657e-14,3.2298809671366305e-06,1.5118159626729207e-12,0.0002358704986873074
2.6915686736776356e+18,1.3721916057328082e-16,1.3721916057328082e-14,98.71658298927368,1.1587914791595442e-08,109.38029780761681,1.4500998671115673e-14,3.2298809671366305e-06,1.3721916057328083e-12,0.00021408658615199307
2.965443359729023e+18,1.2454623111099757e-16,1.2454623111099755e-14,108.76127307600751,1.1644294260155474e-08,114.5392491798885,1.2127482602484516e-14,3.2298809671366305e-06,1.2454623111099756e-12,0.00019431453541366833
3.267185565711527e+18,1.1304371502600905e-16,1.1304371502600903e-14,119.82803864269799,1.1700823143183356e-08,119.94152389155282,1.0140124045632891e-14,3.2298809671366305e-06,1.1304371502600905e-12,0.00017636854018599396
3.5996308901914957e+18,1.0260351833121863e-16,1.0260351833121863e-14,132.02087874533672,1.1757501440679093e-08,125.59859835380121,8.474526406254566e-15,3.2298809671366305e-06,1.0260351833121863e-12,0.00016007995439516808
3.96590346186806e+18,9.312753010216143e-17,9.312753010216143e-15,145.45437463648958,1.1814329152642686e-08,131.5224902658678,7.083433979631083e-15,3.2298809671366305e-06,9.312753010216143e-13,0.0001452957073417697
4.369445298326226e+18,8.45267004873279e-17,8.45267004873279e-15,160.25476653358203,1.1871306279074133e-08,137.72578414503045,5.919571540661708e-15,3.2298809671366305e-06,8.452670048732788e-13,0.000131876865230931
4.81404865212538e+18,7.672020386921608e-17,7.672020386921607e-15,176.56113995137588,1.192843281997344e-08,144.2216580607352,4.942280693958393e-15,3.2298809671366305e-06,7.672020386921609e-13,0.00011969732555297102
5.303891648193305e+18,6.963467931197136e-17,6.963467931197136e-15,194.52673274711267,1.198570877534059e-08,151.02391162964335,4.128030215550089e-15,3.2298809671366305e-06,6.963467931197135e-13,0.00010864263204501491
5.843577547425727e+18,6.320354115777707e-17,6.320354115777707e-15,214.32037516119405,1.2043134145175608e-08,158.14699533107859,3.447258246262024e-15,3.2298809671366305e-06,6.320354115777706e-13,9.860889909728997e-05
6.438178005466914e+18,5.73663532933956e-17,5.736635329339559e-15,236.1280763860274,1.2100708929478474e-08,165.60604120513509,2.877350674162085e-15,3.2298809671366305e-06,5.736635329339559e-13,8.950183549631494e-05
7.093280733193709e+18,5.2068261206559223e-17,5.206826120655922e-15,260.15477257274597,1.21584331282492e-08,173.4168949986813,2.4013958358273903e-15,3.2298809671366305e-06,5.206826120655923e-13,8.123585833065556e-05
7.815042006787088e+18,4.7259476495024565e-17,4.725947649502456e-15,286.6262527024996,1.2216306741487778e-08,181.5961498275279,2.0045258118774363e-15,3.2298809671366305e-06,4.725947649502456e-13,7.373328873227533e-05
8.610244520852159e+18,4.289480898398815e-17,4.289480898398815e-15,315.79128042060165,1.2274329769194215e-08,190.16118142629182,1.3998822588848027e-15,3.2298809671366305e-06,4.2894808983988157e-13,6.692362189549796e-05
9.486361128254863e+18,3.893324205498888e-17,3.8933242054988874e-15,347.9239317732338,1.2332502211368498e-08,199.1301850608183,1.1702735628679675e-15,3.2298809671366305e-06,3.893324205498888e-13,6.0742864513666e-05
1.0451625065667633e+19,3.5337547195469685e-17,3.533754719546969e-15,383.3261708154813,1.2390824068010643e-08,208.5222141815995,9.785164331371742e-16,3.2298809671366305e-06,3.5337547195469693e-13,5.5132933407086805e-05
1.15151073247605e+19,3.207393414677233e-17,3.2073934146772332e-15,422.3306872946826,1.244929533912064e-08,218.35722090027863,8.1794834710451495e-16,3.2298809671366305e-06,3.207393414677233e-13,5.004110969094052e-05
1.2686801896130204e+19,2.9111733362845405e-17,2.9111733362845402e-15,465.304023076102,1.2507916024698495e-08,228.6560983752546,6.834412320720869e-16,3.2298809671366305e-06,2.9111733362845405e-13,4.541954335371606e-05
1.3977719687037247e+19,2.6423107795608477e-17,2.6423107795608474e-15,512.6500166911503,1.2566686124744203e-08,239.4407251963988,5.710872349512013e-16,3.2298809671366305e-06,2.6423107795608475e-13,4.122480359050838e-05
1.5399991995538555e+19,2.398279129848781e-17,2.398279129848781e-15,564.8135983781359,1.2625605639257764e-08,250.73401186320427,4.770533086482203e-16,3.2298809671366305e-06,2.398279129848781e-13,3.7417470665454166e-05
1.6966984513403318e+19,2.1767851189798785e-17,2.1767851189798783e-15,622.2849712790581,1.2684674568239182e-08,262.5599494550801,3.984486800897115e-16,3.2298809671366305e-06,2.1767851189798784e-13,3.39617654678763e-05
1.869342292914603e+19,1.9757472744680274e-17,1.9757472744680272e-15,685.6042180849256,1.2743892911688456e-08,274.94366059719226,3.3256902949292526e-16,3.2298809671366305e-06,1.9757472744680276e-13,3.082521328091605e-05
2.059553131152305e+19,1.7932763590359227e-17,1.7932763590359225e-15,755.366376420256,1.2803260669605588e-08,287.9114528301326,2.776759020555491e-16,3.2298809671366305e-06,1.7932763590359226e-13,2.797833860294233e-05
2.2691184573937283e+19,1.6276576166569805e-17,1.6276576166569804e-15,832.2270306621524,1.2862777841990564e-08,301.4908744967689,2.3174959919378484e-16,3.2298809671366305e-06,1.6276576166569806e-13,2.5394388153853353e-05
2.500007645252716e+19,1.4773346582708123e-17,1.4773346582708122e-15,916.9084727427852,1.2922444428843407e-08,315.7107732650273,1.9333088522816864e-16,3.2298809671366305e-06,1.4773346582708125e-13,2.3049079463236764e-05
2.7543904576496484e+19,1.3408948357399605e-17,1.3408948357399603e-15,1010.206489830772,1.29822604301641e-08,330.60135741090204,1.6131447247471623e-16,3.2298809671366305e-06,1.3408948357399603e-13,2.092037267777188e-05
3.034657436987395e+19,1.2170559666004177e-17,1.2170559666004176e-15,1112.9978426783466,1.3042225845952652e-08,346.1942599919139,1.118902278626184e-16,3.2298809671366305e-06,1.2170559666004177e-13,1.8988263443446e-05
3.3434423700847067e+19,1.104654284853209e-17,1.1046542848532089e-15,1226.248504911269,1.3102340676209053e-08,362.52260604730634,9.353125554957507e-17,3.2298809671366305e-06,1.104654284853209e-13,1.7234594916217863e-05
3.6836470389801538e+19,1.0026335045651854e-17,1.0026335045651854e-15,1351.0227406897989,1.3162604920933316e-08,379.62108296777706,7.815330864180799e-17,3.2298809671366305e-06,1.0026335045651854e-13,1.5642887134507497e-05
4.058468490199627e+19,9.100348935054001e-18,9.100348935054e-16,1488.4931060470778,1.3223018580125424e-08,397.5260141841983,6.531756872952523e-17,3.2298809671366305e-06,9.100348935054002e-14,1.4198182150059008e-05
4.471429078748935e+19,8.259882635345756e-18,8.259882635345756e-16,1639.9514678919802,1.3283581653785392e-08,416.27543633190413,5.4572651761284716e-17,3.2298809671366305e-06,8.259882635345755e-14,1.2886903461801441e-05
4.926409569166874e+19,7.497037930807764e-18,7.497037930807765e-16,1806.8211442263917,1.334429414191322e-08,435.90918005443757,4.5591086338038393e-17,3.2298809671366305e-06,7.497037930807766e-14,1.1696728431751998e-05
5.427685604703615e+19,6.804646048535302e-18,6.804646048535301e-16,1990.670279663772,1.3405156044508898e-08,456.4689546184306,3.807869979215337e-17,3.2298809671366305e-06,6.804646048535302e-14,1.061647248399824e-05
5.9799678873409585e+19,6.176200290460284e-18,6.176200290460284e-16,2193.2265819444856,1.3466167361572431e-08,477.9984365193823,3.180165415425283e-17,3.2298809671366305e-06,6.176200290460284e-14,9.635983998528087e-06
6.588446446242074e+19,5.605794887170186e-18,5.605794887170185e-16,2416.3935579328145,1.3527328093103818e-08,500.5433622665257,2.6558651675472382e-17,3.2298809671366305e-06,5.605794887170185e-14,8.746048912182673e-06
7.2588394106413335e+19,5.088069498905645e-18,5.088069498905645e-16,2662.2684016726216,1.3588638239103065e-08,524.1516255439504,2.2159451569712437e-17,3.2298809671366305e-06,5.088069498905645e-14,7.938304130224335e-06
7.9974467455121e+19,4.618158842191007e-18,4.618158842191007e-16,2933.161702602713,1.3650097799570163e-08,548.8733789543228,1.8497232652625262e-17,3.2298809671366305e-06,4.618158842191007e-14,7.205158934814455e-06
8.811209454990772e+19,4.1916469687165185e-18,4.1916469687165186e-16,3231.6191591388883,1.3711706774505117e-08,574.7611405614076,1.5435932670081413e-17,3.2298809671366305e-06,4.1916469687165184e-14,6.539723651841124e-06
9.707774809914884e+19,3.804525766812902e-18,3.804525766812902e-16,3560.4455016737174,1.3773465163907924e-08,601.8699054576671,1.2875860735638229e-17,3.2298809671366305e-06,3.804525766812902e-14,5.9357449057509095e-06
1.06955682124478e+20,3.4531572955379952e-18,3.453157295537995e-16,3922.7308498092434,1.3835372967778588e-08,630.2572625940059,1.0737435090706234e-17,3.2298809671366305e-06,3.453157295537995e-14,5.387546853945186e-06
1.1783872373129947e+20,3.134239597414139e-18,3.1342395974141386e-16,4321.879751511828,1.3897430186117107e-08,659.9835171197891,8.955300855506901e-18,3.2298809671366305e-06,3.1342395974141385e-14,4.889977848497684e-06
1.2982914544419106e+20,2.844775668543146e-18,2.844775668543146e-16,4761.643177083191,1.3959636818923478e-08,691.1118184930968,6.18245223541789e-18,3.2298809671366305e-06,2.8447756685431466e-14,4.438362023949339e-06
1.4303962630487985e+20,2.5820452944988152e-18,2.582045294498815e-16,5246.153768607704,1.4021992866197712e-08,723.7082946333064,5.165264015255883e-18,3.2298809671366305e-06,2.582045294498815e-14,4.028455356231832e-06
1.5759431076464014e+20,2.3435794873265983e-18,2.3435794873265985e-16,5779.9646761300655,1.4084498327939791e-08,757.842192401018,4.3137792572281104e-18,3.2298809671366305e-06,2.3435794873265986e-14,3.656405779786454e-06
1.7362997532198443e+20,2.1271372834240103e-18,2.1271372834240105e-16,6368.092345523808,1.4147153204149732e-08,793.5860247037825,3.6032965899052726e-18,3.2298809671366305e-06,2.1271372834240106e-14,3.3187169880817966e-06
1.9129731386900398e+20,1.9306846842621953e-18,1.9306846842621952e-16,7016.063660145123,1.4209957494827528e-08,831.0157245400682,3.0090561166481933e-18,3.2298809671366305e-06,1.930684684262195e-14,3.012215577349304e-06
2.107623538253362e+20,1.7523755420451442e-18,1.7523755420451442e-16,7729.96787928337,1.427291119997318e-08,870.2108063087969,2.5126395604572887e-18,3.2298809671366305e-06,1.752375542045144e-14,2.734021224771609e-06
2.322080163677269e+20,1.590534210681606e-18,1.590534210681606e-16,8516.513861494272,1.4336014319586682e-08,911.2545347270451,2.0978391186683594e-18,3.2298809671366305e-06,1.5905342106816062e-14,2.481519620876358e-06
2.5583583541736417e+20,1.443639799033081e-18,1.4436397990330808e-16,9383.09311056916,1.4399266853668038e-08,954.2341017148394,1.7513701245034705e-18,3.2298809671366305e-06,1.443639799033081e-14,2.252337901769108e-06
2.8186785153898263e+20,1.3103118784594864e-18,1.3103118784594863e-16,10337.849236607963,1.4462668802217252e-08,999.2408116227186,1.4622084276299598e-18,3.2298809671366305e-06,1.3103118784594865e-14,2.0443223503323144e-06
3.105486985495627e+20,1.1892975103498595e-18,1.1892975103498594e-16,11389.754484952999,1.4526220165234323e-08,1046.3702751956664,1.219748544470325e-18,3.2298809671366305e-06,1.1892975103498596e-14,1.8555181568385428e-06
3.421479024453012e+20,1.0794594717307354e-18,1.0794594717307353e-16,12548.694052155824,1.458992094271925e-08,1095.7226126853388,1.0179208150787847e-18,3.2298809671366305e-06,1.0794594717307353e-14,1.6841510487804727e-06
