E_prime_GeV_total,rate_acc,rate_acc_2,rate_sync,rate_Op,rate_pg,rate_photodisintegration,t_ad_val,Shear,ESC
45.03864132239823,11.613909626792337,1161.3909626792338,3.313270770395699e-15,1.8939996500229792e-09,3.6303830494794775e-12,4.857944417334003e-12,6.459761934273261e-06,7.94711232042639e-12,4529947300162.04
45.03864132239823,11.613909626792337,1161.3909626792338,3.313270770395699e-15,1.8939996500229792e-09,3.6303830494794775e-12,4.857944417334003e-12,6.459761934273261e-06,7.94711232042639e-12,4529947300162.04
45.03864132239823,11.613909626792337,1161.3909626792338,3.313270770395699e-15,1.8939996500229792e-09,3.6303830494794775e-12,4.857944417334003e-12,6.459761934273261e-06,7.94711232042639e-12,4529947300162.04
45.03864132239823,11.613909626792337,1161.3909626792338,3.313270770395699e-15,1.8939996500229792e-09,3.6303830494794775e-12,4.857944417334003e-12,6.459761934273261e-06,7.94711232042639e-12,4529947300162.04
45.03864132239823,11.613909626792337,1161.3909626792338,3.313270770395699e-15,1.8939996500229792e-09,3.6303830494794775e-12,4.857944417334003e-12,6.459761934273261e-06,7.94711232042639e-12,4529947300162.04
45.03864132239823,11.613909626792337,1161.3909626792338,3.313270770395699e-15,1.8939996500229792e-09,3.6303830494794775e-12,4.857944417334003e-12,6.459761934273261e-06,7.94711232042639e-12,4529947300162.04
45.03864132239823,11.613909626792337,1161.3909626792338,3.313270770395699e-15,1.8939996500229792e-09,3.6303830494794775e-12,4.857944417334003e-12,6.459761934273261e-06,7.94711232042639e-12,4529947300162.04
45.03864132239823,11.613909626792337,1161.3909626792338,3.313270770395699e-15,1.8939996500229792e-09,3.6303830494794775e-12,4.857944417334003e-12,6.459761934273261e-06,7.94711232042639e-12,4529947300162.04
45.03864132239823,11.613909626792337,1161.3909626792338,3.313270770395699e-15,1.8939996500229792e-09,3.6303830494794775e-12,4.857944417334003e-12,6.459761934273261e-06,7.94711232042639e-12,4529947300162.04
45.03864132239823,11.613909626792337,1161.3909626792338,3.313270770395699e-15,1.8939996500229792e-09,3.6303830494794775e-12,4.857944417334003e-12,6.459761934273261e-06,7.94711232042639e-12,4529947300162.04
45.03864132239823,11.613909626792337,1161.3909626792338,3.313270770395699e-15,1.8939996500229792e-09,3.6303830494794775e-12,4.857944417334003e-12,6.459761934273261e-06,7.94711232042639e-12,4529947300162.04
45.03864132239823,11.613909626792337,1161.3909626792338,3.313270770395699e-15,1.8939996500229792e-09,3.6303830494794775e-12,4.857944417334003e-12,6.459761934273261e-06,7.94711232042639e-12,4529947300162.04
45.03864132239823,11.613909626792337,1161.3909626792338,3.313270770395699e-15,1.8939996500229792e-09,3.6303830494794775e-12,4.857944417334003e-12,6.459761934273261e-06,7.94711232042639e-12,4529947300162.04
45.03864132239823,11.613909626792337,1161.3909626792338,3.313270770395699e-15,1.8939996500229792e-09,3.6303830494794775e-12,4.857944417334003e-12,6.459761934273261e-06,7.94711232042639e-12,4529947300162.04
45.03864132239823,11.613909626792337,1161.3909626792338,3.313270770395699e-15,1.8939996500229792e-09,3.6303830494794775e-12,4.857944417334003e-12,6.459761934273261e-06,7.94711232042639e-12,4529947300162.04
45.03864132239823,11.613909626792337,1161.3909626792338,3.313270770395699e-15,1.8939996500229792e-09,3.6303830494794775e-12,4.857944417334003e-12,6.459761934273261e-06,7.94711232042639e-12,4529947300162.04
45.03864132239823,11.613909626792337,1161.3909626792338,3.313270770395699e-15,1.8939996500229792e-09,3.6303830494794775e-12,4.857944417334003e-12,6.459761934273261e-06,7.94711232042639e-12,4529947300162.04
45.03864132239823,11.613909626792337,1161.3909626792338,3.313270770395699e-15,1.8939996500229792e-09,3.6303830494794775e-12,4.857944417334003e-12,6.459761934273261e-06,7.94711232042639e-12,4529947300162.04
45.03864132239823,11.613909626792337,1161.3909626792338,3.313270770395699e-15,1.8939996500229792e-09,3.6303830494794775e-12,4.857944417334003e-12,6.459761934273261e-06,7.94711232042639e-12,4529947300162.04
45.03864132239823,11.613909626792337,1161.3909626792338,3.313270770395699e-15,1.8939996500229792e-09,3.6303830494794775e-12,4.857944417334003e-12,6.459761934273261e-06,7.94711232042639e-12,4529947300162.04
45.03864132239823,11.613909626792337,1161.3909626792338,3.313270770395699e-15,1.8939996500229792e-09,3.6303830494794775e-12,4.857944417334003e-12,6.459761934273261e-06,7.94711232042639e-12,4529947300162.04
45.03864132239823,11.613909626792337,1161.3909626792338,3.313270770395699e-15,1.8939996500229792e-09,3.6303830494794775e-12,4.857944417334003e-12,6.459761934273261e-06,7.94711232042639e-12,4529947300162.04
45.03864132239823,11.613909626792337,1161.3909626792338,3.313270770395699e-15,1.8939996500229792e-09,3.6303830494794775e-12,4.857944417334003e-12,6.459761934273261e-06,7.94711232042639e-12,4529947300162.04
45.03864132239823,11.613909626792337,1161.3909626792338,3.313270770395699e-15,1.8939996500229792e-09,3.6303830494794775e-12,4.857944417334003e-12,6.459761934273261e-06,7.94711232042639e-12,4529947300162.04
45.03864132239823,11.613909626792337,1161.3909626792338,3.313270770395699e-15,1.8939996500229792e-09,3.6303830494794775e-12,4.857944417334003e-12,6.459761934273261e-06,7.94711232042639e-12,4529947300162.04
45.03864132239823,11.613909626792337,1161.3909626792338,3.313270770395699e-15,1.8939996500229792e-09,3.6303830494794775e-12,4.857944417334003e-12,6.459761934273261e-06,7.94711232042639e-12,4529947300162.04
45.03864132239823,11.613909626792337,1161.3909626792338,3.313270770395699e-15,1.8939996500229792e-09,3.6303830494794775e-12,4.857944417334003e-12,6.459761934273261e-06,7.94711232042639e-12,4529947300162.04
45.03864132239823,11.613909626792337,1161.3909626792338,3.313270770395699e-15,1.8939996500229792e-09,3.6303830494794775e-12,4.857944417334003e-12,6.459761934273261e-06,7.94711232042639e-12,4529947300162.04
41.501954506388216,12.603616293573195,1260.3616293573193,3.0530941596571706e-15,1.8458513318474294e-09,3.175326273572353e-12,4.413972157184855e-12,6.459761934273261e-06,7.323060471974532e-12,4915977430170.428
30.93263247252127,16.91012591626389,1691.012591626389,2.275561251702969e-15,1.4603373515822376e-09,1.952379330512591e-12,2.9574300720313925e-12,6.459761934273261e-06,5.458093259650431e-12,6595709946206.681
27.082069872337517,19.314428789881124,1931.4428789881122,1.9922943471477684e-15,1.1052949328824267e-09,1.5648711481613001e-12,2.488865688678539e-12,6.459761934273261e-06,4.778657722031868e-12,7533496243939.593
24.712993713358536,21.16597916460042,2116.5979164600417,1.8180130953178474e-15,7.763815134596981e-10,1.342625864802408e-12,2.1842812605448665e-12,6.459761934273261e-06,4.360631916229256e-12,8255684197057.858
23.12291603405349,22.621485510802678,2262.1485510802677,1.7010389206355388e-15,5.054945300625186e-10,1.2015367360926644e-12,2.0150883561363678e-12,6.459761934273261e-06,4.080061154221036e-12,8823397159808.775
22.04826738374193,23.72407323114902,2372.407323114902,1.6219823181942094e-15,3.110307218296817e-10,1.1099035309712884e-12,1.9339770479516485e-12,6.459761934273261e-06,3.890438348597604e-12,9253455979575.412
21.36045108459102,24.487999244977697,2448.7999244977696,1.5713830644763777e-15,1.9177365688778748e-10,1.0528635219538707e-12,1.855878568024669e-12,6.459761934273261e-06,3.769072489755546e-12,9551421496362.592
20.988245012781046,24.922270047510654,2492.227004751065,1.5440016990070226e-15,1.3289035569227358e-10,1.0225156976570365e-12,1.8048556442749373e-12,6.459761934273261e-06,3.70339636427377e-12,9720806648536.941
20.88966858925478,25.039875946184562,2503.987594618456,1.5367499175782315e-15,1.1832641864073817e-10,1.0145558378895896e-12,1.7906700473489688e-12,6.459761934273261e-06,3.68600245791009e-12,9766678240472.873
21.039608597524854,24.861427797349027,2486.1427797349024,1.54778026467858e-15,1.4066989088686985e-10,1.0266325920375381e-12,1.8122605488355839e-12,6.459761934273261e-06,3.712459519048285e-12,9697075433492.902
21.423658248388204,24.415751220788874,2441.575122078887,1.576032903861845e-15,2.022737431970969e-10,1.0580474303172588e-12,1.8634993489498093e-12,6.459761934273261e-06,3.780225455640022e-12,9523241516266.896
22.034779925450874,23.738594703534115,2373.8594703534113,1.6209901123902467e-15,3.0861504277236685e-10,1.108769041614437e-12,1.9326056541849734e-12,6.459761934273261e-06,3.88805847338803e-12,9259120007171.555
22.87139127017328,22.870261972825098,2287.0261972825097,1.682535483948151e-15,4.6012831496019936e-10,1.179790382281759e-12,1.998457006645425e-12,6.459761934273261e-06,4.035679363580059e-12,8920431173219.947
23.936228957316654,21.8528453652662,2185.2845365266203,1.7608703422040402e-15,6.482588750566017e-10,1.2728626045661404e-12,2.083899465324699e-12,6.459761934273261e-06,4.223571015154883e-12,8523592919552.188
25.23566656653641,20.727596342767807,2072.7596342767806,1.8564635599870015e-15,8.571428350001129e-10,1.3905099970564464e-12,2.263552135578784e-12,6.459761934273261e-06,4.452858052477655e-12,8084695172344.18
26.779313445526835,19.53279015520173,1953.279015520173,1.9700220496261644e-15,1.0685140503508829e-09,1.5357177607779965e-12,2.4650948958878977e-12,6.459761934273261e-06,4.72523605434939e-12,7618667001167.793
28.579797085776836,18.302254157436405,1830.2254157436405,2.102474753408089e-15,1.2665290337687155e-09,1.7116279845309046e-12,2.602301011933851e-12,6.459761934273261e-06,5.042933153996156e-12,7138702596419.036
30.652671889797972,17.064571464190735,1706.4571464190733,2.2549659320315748e-15,1.4405264122287194e-09,1.9231240513632626e-12,2.9080756194117505e-12,6.459761934273261e-06,5.408693940957228e-12,6655950658881.013
33.01641987400159,15.84286582336982,1584.286582336982,2.428855216314864e-15,1.5854869481462646e-09,2.175874275660686e-12,3.2367383282927064e-12,6.459761934273261e-06,5.8257795851084355e-12,6179430490645.6455
35.69252216232466,14.65502235042333,1465.5022350423328,2.625722866629182e-15,1.7009813489088452e-09,2.4761962846007285e-12,3.4829961609119455e-12,6.459761934273261e-06,6.297980451782383e-12,5716118091444.964
38.70558826619202,13.514190933734897,1351.4190933734897,2.8473792833881184e-15,1.7895626097027833e-09,2.8318617791244294e-12,4.0599556839439844e-12,6.459761934273261e-06,6.829638913344259e-12,5271142509402.731
42.0835353193283,12.429438402994819,1242.9438402994817,3.0958781924689923e-15,1.8552669737997785e-09,3.2487030357910673e-12,4.46491776494892e-12,6.459761934273261e-06,7.425680975349735e-12,4848040216042.875
45.857812850763096,11.406446961046981,1140.6446961046981,3.373533180654552e-15,1.902517105028928e-09,3.739128947110205e-12,5.036561678394128e-12,6.459761934273261e-06,8.091655937961615e-12,4449027526134.389
50.06367102526384,10.448189262187476,1044.8189262187477,3.682937428759013e-15,1.9354606039839562e-09,4.3149551048281095e-12,5.945080596628854e-12,6.459761934273261e-06,8.83378372723661e-12,4075263908601.659
54.7404719634318,9.555538914265787,955.5538914265787,4.026986613912496e-15,1.957653693799683e-09,4.987848523277305e-12,6.4831607831192814e-12,6.459761934273261e-06,9.659009827860848e-12,3727090109812.3022
59.93204502055483,8.727796788053029,872.7796788053028,4.4089050456744526e-15,1.971971695013979e-09,5.7693230631885475e-12,7.810701899305174e-12,6.459761934273261e-06,1.0575067972450971e-11,3404233437911.0684
65.68708790841475,7.963128320761501,796.3128320761501,4.832275174587227e-15,1.9806457233204917e-09,6.67953580811738e-12,8.914026522604748e-12,6.459761934273261e-06,1.1590550919889461e-11,3105978330868.101
72.05961638702567,7.25891610666453,725.891610666453,5.301070673779951e-15,1.9853559182970637e-09,7.73842816562321e-12,1.0119173142812838e-11,6.459761934273261e-06,1.2714989803871765e-11,2831303882684.818
79.10946599966309,6.612036921524354,661.2036921524355,5.819693349140736e-15,1.987339521498231e-09,8.968562594651526e-12,1.2427139342677935e-11,6.459761934273261e-06,1.3958942664543022e-11,2578991895384.9746
86.90285001968286,6.019074287130691,601.9074287130691,6.39301418471308e-15,1.987492301839023e-09,1.0382498819044672e-11,1.3929016414613087e-11,6.459761934273261e-06,1.5334092898760064e-11,2347709788748.639
95.51297845353461,5.476477841033034,547.6477841033034,7.0264188796954465e-15,1.9864544240568115e-09,1.202032129330002e-11,1.656961393894781e-11,6.459761934273261e-06,1.6853358483778677e-11,2136072761678.3281
105.0207436246977,4.98067993025367,498.067993025367,7.725858283471038e-15,1.9846788219399403e-09,1.3909214377141352e-11,2.0075161996401876e-11,6.459761934273261e-06,1.853101294920978e-11,1942689268992.9912
115.51547856630418,4.528178530910996,452.8178530910996,8.497904186813659e-15,1.9824834855932763e-09,1.60885267305466e-11,2.2632640727993698e-11,6.459761934273261e-06,2.038281919613964e-11,1766193363811.9182
127.09579519084929,4.115594140989399,411.55941409893984,9.349810981900557e-15,1.980090334947678e-09,1.8579019104225127e-11,2.7467113779380056e-11,6.459761934273261e-06,2.242617739299522e-11,1605266888294.7725
139.87050999642412,3.7397068906463606,373.9706890646361,1.0289583761955605e-14,1.977653535685353e-09,2.1440601218905595e-11,3.2936351977033556e-11,6.459761934273261e-06,2.4680288317314532e-11,1458653948331.069
153.95966592190626,3.397478858502913,339.7478858502913,1.1326053494097196e-14,1.9752798139217927e-09,2.4727256340534268e-11,3.7704271037948474e-11,6.459761934273261e-06,2.7166333663094637e-11,1325169617897.5327
169.4956598895056,3.086065509717717,308.6065509717717,1.24689599670838e-14,1.973042864290396e-09,2.8489507094801544e-11,4.5456388183897914e-11,6.459761934273261e-06,2.9907674996776864e-11,1203704400421.6208
186.6244865827951,2.802819284916228,280.2819284916228,1.3729043289930975e-14,1.9709934797066026e-09,3.27818772732059e-11,5.465237855184623e-11,6.459761934273261e-06,3.29300732230971e-11,1093225628625.3765
205.5071101129436,2.54528765328058,254.52876532805797,1.5118144798632875e-14,1.9691666255162594e-09,3.766608473791899e-11,6.315239491846865e-11,6.459761934273261e-06,3.626193061693435e-11,992776705142.8854
226.32097643677693,2.3112073757686775,231.12073757686775,1.6649318317301717e-14,1.967586354331792e-09,4.3241383313644814e-11,7.50439319783349e-11,6.459761934273261e-06,3.9934557690957186e-11,901474864917.6066
249.26168071974985,2.0984962811831145,209.84962811831144,1.833695281784038e-14,1.966269207247539e-09,4.959186582266125e-11,9.010537396106507e-11,6.459761934273261e-06,4.398246740345125e-11,818507967499.2294
274.54480529802413,1.905243515585878,190.5243515585878,2.0196907629750075e-14,1.965226560614378e-09,5.6822915275015065e-11,1.0589306735638658e-10,6.459761934273261e-06,4.84436994685259e-11,743130693876.7004
302.4079455007822,1.7296989639794202,172.96989639794202,2.2246661469889225e-14,1.9644662417471115e-09,6.500748876511578e-11,1.238287850356782e-10,6.459761934273261e-06,5.336017781444319e-11,674660420457.8896
333.1129423620774,1.5702623450255844,157.02623450255842,2.45054766920755e-14,1.96399363960757e-09,7.427876042623459e-11,1.4669447334887506e-10,6.459761934273261e-06,5.877810454780804e-11,612472965519.3094
366.9483431978494,1.4254723307193653,142.54723307193652,2.6994580299604493e-14,1.9638124675695722e-09,8.480411608721693e-11,1.744010526857776e-10,6.459761934273261e-06,6.474839412478971e-11,555998345389.341
404.2321131666152,1.293995932025936,129.3995932025936,2.973736342139984e-14,1.9639252869799174e-09,9.669889799516734e-11,2.045197589529465e-10,6.459761934273261e-06,7.132715180865814e-11,504716634369.1027
445.31462329209205,1.174618309555829,117.4618309555829,3.275960112610465e-14,1.964333866491015e-09,1.1017874162880587e-10,2.374970336710916e-10,6.459761934273261e-06,7.857620090929904e-11,458153990437.32086
490.58194302492313,1.066233108390771,106.62331083907709,3.608969463961296e-14,1.965039428741843e-09,1.2536295441929918e-10,2.789488637320888e-10,6.459761934273261e-06,8.656366375895116e-11,415878885397.5396
540.4594682831897,0.9678333727660173,96.78333727660173,3.975893824212153e-14,1.966042819801551e-09,1.4246794493911312e-10,3.3152287470564845e-10,6.459761934273261e-06,9.536460188350385e-11,377498561195.4541
595.415919064502,0.8785030653088446,87.85030653088445,4.380181335274034e-14,1.9673446256606946e-09,1.6175382346827064e-10,3.851444582721534e-10,6.459761934273261e-06,1.0506172138506118e-10,342655722040.3479
655.9677441958592,0.7974091937600943,79.74091937600943,4.825631256522136e-14,1.968945252409471e-09,1.83518388242795e-10,4.435452498519714e-10,6.459761934273261e-06,1.1574615016436365e-10,311025463472.2513
722.6839746137712,0.7237945331656181,72.37945331656181,5.3164296679846987e-14,1.970844981498928e-09,2.0802365734862052e-10,5.188092588238923e-10,6.459761934273261e-06,1.275182942868134e-10,282312433689.1537
796.1915707823578,0.6569709216060422,65.69709216060421,5.857188808661325e-14,1.973044007889603e-09,2.355993811556754e-10,6.122600020769814e-10,6.459761934273261e-06,1.4048878153962907e-10,256248218579.96628
877.1813145009392,0.5963131012764954,59.63131012764954,6.452990419646347e-14,1.97554246643384e-09,2.6638288661948677e-10,7.082494645035665e-10,6.459761934273261e-06,1.547795010470585e-10,232588939468.50693
966.4143004685559,0.5412530731159924,54.12530731159924,7.109433499368211e-14,1.97834045015624e-09,3.00985175109735e-10,8.105261287240039e-10,6.459761934273261e-06,1.70524748713289e-10,211113051164.9569
1064.7290886091607,0.49127493146179785,49.12749314617978,7.832686919719316e-14,1.9814380229460927e-09,3.398763211224458e-10,9.404857745156246e-10,6.459761934273261e-06,1.8787248925722394e-10,191619327248.65814
1173.0495843706879,0.44591014480642316,44.591014480642315,8.629547397530747e-14,1.9848352283883353e-09,3.83484823538499e-10,1.0943110658164783e-09,6.459761934273261e-06,2.0698574669896254e-10,173925019351.00845
1292.39372105237,0.4047332492500187,40.47332492500186,9.507503366173344e-14,1.988532095920463e-09,4.324020245106627e-10,1.268378657810599e-09,6.459761934273261e-06,2.2804413636494873e-10,157864177408.12976
1423.8830257516638,0.36735792236565096,36.735792236565096,1.0474805347512568e-13,1.992528645133472e-09,4.872401760864064e-10,1.449290370132715e-09,6.459761934273261e-06,2.512455528086634e-10,143286118291.67728
1568.753158825964,0.3334334067083637,33.34334067083637,1.1540543485531638e-13,1.9968248887814796e-09,5.480858085029036e-10,1.6605305391256775e-09,6.459761934273261e-06,2.768080295089547e-10,130054030816.45581
1728.3655259127606,0.3026412539417025,30.264125394170247,1.2714732970238303e-13,2.0014208348906484e-09,6.162921216296056e-10,1.909182516403806e-09,6.459761934273261e-06,3.049717878223539e-10,118043705803.27252
1904.2200716313093,0.2746923624136257,27.46923624136257,1.4008408154619857e-13,2.006316488238233e-09,6.925864409214394e-10,2.198777295639226e-09,6.459761934273261e-06,3.36001494444251e-10,107142380600.2538
2097.9693751935224,0.2493242829074176,24.932428290741758,1.5433726249102333e-13,2.011511851390076e-09,7.778714725730126e-10,2.526977288004184e-09,6.459761934273261e-06,3.7018874859322464e-10,97247688204.47853
2311.4341803864577,0.22629876916693903,22.629876916693902,1.7004081567974338e-13,2.017006925427796e-09,8.731980512331489e-10,2.877773258618777e-09,6.459761934273261e-06,4.0785482229164553e-10,88266701856.61655
2546.620505868223,0.2053995516122318,20.53995516122318,1.8734231401397444e-13,2.0228017104574702e-09,9.796280571335738e-10,3.280853362019644e-09,6.459761934273261e-06,4.493536794941261e-10,80115066689.8469
2805.7384965698543,0.18643031439720098,18.643031439720097,2.0640434695874761e-13,2.0288962059641554e-09,1.0978825993252286e-09,3.723688013741514e-09,6.459761934273261e-06,4.95075302435824e-10,72716210691.33546
3091.223193357808,0.16921285760141558,16.921285760141558,2.274060484641704e-13,2.0352904110575313e-09,1.2295426018034763e-09,4.250605859148643e-09,6.459761934273261e-06,5.454493564597062e-10,66000627874.34862
3405.757416138226,0.15358542788551283,15.358542788551281,2.5054478036257737e-13,2.041984324640598e-09,1.376324786477522e-09,4.87306912815975e-09,6.459761934273261e-06,6.009492277626822e-10,59905227158.75189
3752.2969754452433,0.13940120237145687,13.940120237145686,2.76037987060772e-13,2.0489779455240226e-09,1.5400729525148848e-09,5.523600065649422e-09,6.459761934273261e-06,6.620964720050243e-10,54372741016.09593
4134.098449437151,0.1265269118356539,12.652691183565391,3.0412523895667406e-13,2.0562712725021507e-09,1.7223517803974057e-09,6.236210308706415e-09,6.459761934273261e-06,7.294657155885135e-10,49351188452.984604
4554.749787332596,0.11484159052745177,11.484159052745175,3.3507048378322485e-13,2.0638643044020803e-09,1.925688889867321e-09,7.074615465396938e-09,6.459761934273261e-06,8.036900556626941e-10,44793387384.04034
5018.2040268801775,0.10423544105221325,10.423544105221325,3.6916452703637524e-13,2.071757040113896e-09,2.1518611245529118e-09,7.952409097708846e-09,6.459761934273261e-06,8.854670096053695e-10,40656511885.23026
5528.816442718672,0.09460880379212547,9.460880379212545,4.067277647967796e-13,2.0799494786078374e-09,2.4025966159050637e-09,9.040200611085505e-09,6.459761934273261e-06,9.755650698871022e-10,36901690221.61291
6091.385474726706,0.08587122128489431,8.587122128489431,4.4811319462667677e-13,2.088441618942514e-09,2.6811111272451833e-09,1.0309587170007568e-08,6.459761934273261e-06,1.0748309259185545e-09,33493639912.932602
6711.197820982812,0.07794058884636589,7.794058884636588,4.937097328366217e-13,2.097233460267096e-09,2.9909156458413343e-09,1.1532512633413957e-08,6.459761934273261e-06,1.1841974207473997e-09,30400336438.225643
7394.078119093414,0.07074238351379251,7.074238351379252,5.439458692958216e-13,2.106325001819559e-09,3.335191637441845e-09,1.2953202676470313e-08,6.459761934273261e-06,1.3046923173772487e-09,27592712489.00187
8146.44368276491,0.06420896410767502,6.420896410767501,5.992936941318555e-13,2.1157162429224196e-09,3.7177772068480892e-09,1.4722676147099732e-08,6.459761934273261e-06,1.4374479570893374e-09,25044384961.87073
8975.364808002889,0.05827893586736977,5.827893586736977,6.602733341603985e-13,2.1254071829770423e-09,4.143125112486473e-09,1.640744908573222e-08,6.459761934273261e-06,1.583711900530375e-09,22731407137.84106
9888.63121566075,0.05289657371421112,5.289657371421112,7.274578407359168e-13,2.135397821457168e-09,4.615851279100982e-09,1.8344498514561698e-08,6.459761934273261e-06,1.7448586515652454e-09,20632043728.989616
10894.82525472662,0.04801129874064908,4.801129874064908,8.014785749565427e-13,2.145688157902197e-09,5.141149395044247e-09,2.0897458177645522e-08,6.459761934273261e-06,1.922402574068594e-09,18726566685.67042
12003.402554270655,0.04357720301946757,4.357720301946757,8.830311408301677e-13,2.1562781919105154e-09,5.721306649745731e-09,2.341527441649778e-08,6.459761934273261e-06,2.118012123039826e-09,16997069850.72959
13224.780881973062,0.03955261827777128,3.955261827777128,9.728819221582152e-13,2.1671679231331094e-09,6.365007605633959e-09,2.5925371064912447e-08,6.459761934273261e-06,2.333525523777305e-09,15427300722.953472
14570.438044273418,0.03589972439005913,3.589972439005913,1.07187528456691e-12,2.17835735126755e-09,7.079225177746264e-09,2.9317210227793677e-08,6.459761934273261e-06,2.5709680464554674e-09,14002507751.752241
16053.019748151042,0.03258419401696025,3.258419401696025,1.1809415103666278e-12,2.1898464760524616e-09,7.871721978975481e-09,3.3017751162465454e-08,6.459761934273261e-06,2.8325710384414887e-09,12709301730.278082
17686.458438158228,0.029574870054443647,2.9574870054443645,1.30110554080648e-12,2.201635297262468e-09,8.75212285232488e-09,3.634490673446952e-08,6.459761934273261e-06,3.1207928932060455e-09,11535529986.10445
19486.104225468294,0.026843472865560804,2.6843472865560805,1.4334966078788093e-12,2.213723814703641e-09,9.726649810915726e-09,4.054303484708398e-08,6.459761934273261e-06,3.4383421528819305e-09,10470162188.433084
21468.869139333838,0.02436433454585203,2.436433454585203,1.5793588461877122e-12,2.2261120282094294e-09,1.0808895762223625e-08,4.598651931515454e-08,6.459761934273261e-06,3.7882029615749715e-09,9503186699.646303
23653.38605654715,0.02211415772698908,2.2114157726989077,1.740062984605811e-12,2.2387999376370423e-09,1.2008185894352623e-08,5.1207354284213664e-08,6.459761934273261e-06,4.1736631086227946e-09,8625516497.875437
26060.183802428797,0.02007179665337194,2.0071796653371936,1.9171192275906135e-12,2.2517875428642497e-09,1.3336804678543467e-08,5.62393581327244e-08,6.459761934273261e-06,4.598344925335555e-09,7828903787.023539
28711.880068843904,0.018218058475364403,1.8218058475364403,2.1121914472117524e-12,2.265074843786574e-09,1.4803168164436803e-08,6.332389663125417e-08,6.459761934273261e-06,5.066239325568631e-09,7105862492.186824
31633.393962176084,0.016535522892588958,1.6535522892588956,2.3271128192574187e-12,2.278661840314836e-09,1.6428240507038204e-08,7.147299257740998e-08,6.459761934273261e-06,5.581743310020548e-09,6449597912.424869
34852.180178663046,0.015008378452952019,1.5008378452952018,2.5639030503591533e-12,2.2925485323730048e-09,1.8229081854954773e-08,7.848800575849224e-08,6.459761934273261e-06,6.149701286700029e-09,5853942870.015047
38398.48700773752,0.013622273969452111,1.362227396945211,2.8247873580255072e-12,2.3067349198963344e-09,2.0223459794139352e-08,8.596354557310038e-08,6.459761934273261e-06,6.775450595867897e-09,5313299756.322496
42305.640587940616,0.012364183658785026,1.2364183658785026,3.1122173819480073e-12,2.3212210028297537e-09,2.243381826537567e-08,9.699562105059085e-08,6.459761934273261e-06,7.464871667271049e-09,4822587929.788298
46610.35808667747,0.011222284734631917,1.1222284734631918,3.4288942230915864e-12,2.3360067811264593e-09,2.487942858276791e-08,1.093234274045068e-07,6.459761934273261e-06,8.224443281016725e-09,4377195971.804379
51353.09274690114,0.010185846305496614,1.0185846305496613,3.777793827077795e-12,2.3510922547467196e-09,2.7590279123058797e-08,1.1945907271278893e-07,6.459761934273261e-06,9.061303451397412e-09,3972938351.8712387
56578.414043269615,0.009245128533150732,0.924512853315073,4.162194950398848e-12,2.36647742365683e-09,3.059186835336706e-08,1.3074161671860616e-07,6.459761934273261e-06,9.983316505816636e-09,3606016094.8543625
62335.42652026719,0.008391291104132897,0.8391291104132896,4.585709972273041e-12,2.3821622878282287e-09,3.3915142881192544e-08,1.4798601930544493e-07,6.459761934273261e-06,1.0999146989185213e-08,3272981080.75077
68678.23124828521,0.007616310154244228,0.7616310154244228,5.05231884169332e-12,2.3981468472367253e-09,3.757465167198285e-08,1.6692326191859202e-07,6.459761934273261e-06,1.2118341088298122e-08,2970703641.504431
75666.43423416169,0.006912902865398823,0.6912902865398822,5.566406478683867e-12,2.41443110186185e-09,4.162033533865054e-08,1.8223918018289716e-07,6.459761934273261e-06,1.3351416341371546e-08,2696343150.385335
83365.70656392607,0.006274459026275348,0.6274459026275347,6.132803981239931e-12,2.431015051686295e-09,4.6097255611050214e-08,1.9699434545687888e-07,6.459761934273261e-06,1.4709960475778183e-08,2447321327.5643106
91848.40154164682,0.005694978913646855,0.5694978913646855,6.756834025189932e-12,2.4478986966954306e-09,5.1050768379794324e-08,2.2078491492211742e-07,6.459761934273261e-06,1.620674030280059e-08,2221298011.036744
101194.23462389657,0.005169016910656352,0.5169016910656352,7.444360883621515e-12,2.465082036876906e-09,5.6530170404928725e-08,2.510912944619427e-07,6.459761934273261e-06,1.785582169273273e-08,2016149165.2132647
111491.03253946398,0.004691630332212571,0.4691630332212571,8.201845535925059e-12,2.4825650722202928e-09,6.258941741647735e-08,2.753194529828955e-07,6.459761934273261e-06,1.967270175778593e-08,1829946920.5215883
122835.55863410581,0.004258332976609381,0.4258332976609381,9.036406384337582e-12,2.500347802716797e-09,6.928855463982377e-08,2.9614417786013275e-07,6.459761934273261e-06,2.167445448497779e-08,1660941456.4482355
135334.4221964513,0.0038650529668834226,0.38650529668834227,9.955886148565918e-12,2.5184302283590027e-09,7.670097028070691e-08,3.270184480125693e-07,6.459761934273261e-06,2.387989118757758e-08,1507544557.7711573
149105.08031037904,0.0035080944857345505,0.35080944857345503,1.0968925567126234e-11,2.5368123491406635e-09,8.489623187464494e-08,3.737502724039814e-07,6.459761934273261e-06,2.630973728293815e-08,1368314689.457047
164276.94164869183,0.0031841030444214706,0.318410304442147,1.208504459800227e-11,2.5554941650565164e-09,9.395251130386482e-08,4.1858131470293743e-07,6.459761934273261e-06,2.898682705796972e-08,1241943449.9679766
180992.5825809061,0.002890033959253698,0.2890033959253698,1.3314731881699096e-11,2.574475676102133e-09,1.0394188553007668e-07,4.5307754426932065e-07,6.459761934273261e-06,3.193631825254889e-08,1127243275.6749213
199409.08702343307,0.002623123739443128,0.2623123739443128,1.4669543307414593e-11,2.5937568822737835e-09,1.1494741658188357e-07,4.866964427640681e-07,6.459761934273261e-06,3.518592847739393e-08,1023136280.8325233
219699.5226232841,0.0023808641174371476,0.23808641174371475,1.616221060859602e-11,2.613337783568336e-09,1.271023985991323e-07,5.42430807233443e-07,6.459761934273261e-06,3.8766195688123555e-08,928644128.2405484
242054.5671476252,0.002160978477686947,0.21609784776869467,1.7806761008400354e-11,2.6332183799831544e-09,1.405372056985044e-07,6.169819171437225e-07,6.459761934273261e-06,4.2710765163284876e-08,842878835.4029864
266684.300363045,0.0019614004623435695,0.19614004623435696,1.9618649039416767e-11,2.653398671516023e-09,1.553732336689127e-07,6.839394810516863e-07,6.459761934273261e-06,4.7056705683203194e-08,765034429.7869141
293820.17824358057,0.0017802545528313324,0.17802545528313324,2.161490177641692e-11,2.6738786581650823e-09,1.7174608733342905e-07,7.329145944334776e-07,6.459761934273261e-06,5.184485788091933e-08,694379374.7624338
323717.20805996825,0.0016158384448161586,0.16158384448161586,2.3814278846946436e-11,2.69465833992877e-09,1.8983281690079217e-07,7.876908302652267e-07,6.459761934273261e-06,5.712021803881581e-08,630249695.0473185
356656.34479034046,0.0014666070509395707,0.14666070509395707,2.623744872344391e-11,2.7157377168057736e-09,2.09814679889696e-07,8.849850484369861e-07,6.459761934273261e-06,6.293236093762854e-08,572042737.0535032
392947.1313724641,0.001331157980985588,0.13311579809855878,2.8907182953579787e-11,2.7371167887949944e-09,2.31871705049873e-07,1.0105833715039357e-06,6.459761934273261e-06,6.933590573153713e-08,519211505.49888265
432930.6076090635,0.0012082183630319448,0.12082183630319447,3.1848570154078086e-11,2.7587955558955084e-09,2.562246755823846e-07,1.120857094133561e-06,6.459761934273261e-06,7.639102922735476e-08,471259523.0633286
476982.5150624534,0.0010966328817385673,0.10966328817385673,3.508925177901217e-11,2.7807740181065416e-09,2.83113575806562e-07,1.2068097309887375e-06,6.459761934273261e-06,8.41640313913214e-08,427736164.78300196
525516.8280562155,0.000995352921364287,0.0995352921364287,3.865968187818786e-11,2.8030521754274456e-09,3.1278497232007597e-07,1.3009959773687876e-06,6.459761934273261e-06,9.272795839780372e-08,388232423.3383818
578989.64396623,0.00090342671148425,0.090342671148425,4.259341328667269e-11,2.825630027857676e-09,3.4535694547511047e-07,1.444366542810769e-06,6.459761934273261e-06,1.021632890749535e-07,352377065.4406801
637903.469359773,0.00081999038280326,0.081999038280326,4.692741293491581e-11,2.8485075753967772e-09,3.8131402397488076e-07,1.6321831575507612e-06,6.459761934273261e-06,1.1255869119814398e-07,319833143.1966189
702811.9422613197,0.0007442598490128646,0.07442598490128646,5.170240924255897e-11,2.8716848180443677e-09,4.2097832529512493e-07,1.8203484598785545e-06,6.459761934273261e-06,1.240118547383908e-07,290294827.6674339
774325.0349221879,0.0006755234384025978,0.06755234384025977,5.6963274860545976e-11,2.8951617558001287e-09,4.6471001211852837e-07,1.968517010072193e-06,6.459761934273261e-06,1.366304098961448e-07,263484534.86573192
853114.7859866213,0.0006131352059815909,0.061313520598159095,6.275944835831791e-11,2.9189383886637918e-09,5.129072761137958e-07,2.103994663963143e-06,6.459761934273261e-06,1.505329385476051e-07,239150317.18201146
939921.6159219211,0.000556508863261742,0.055650886326174195,6.914539881886845e-11,2.9430147166351328e-09,5.660596729661733e-07,2.2933124078910066e-06,6.459761934273261e-06,1.6585008860854404e-07,217063495.72698027
1035561.2850613391,0.000505112268658117,0.05051122686581169,7.618113770765151e-11,2.9673907397139643e-09,6.247542010384593e-07,2.5827318585686416e-06,6.459761934273261e-06,1.827258017877821e-07,197016511.33981848
1140932.559647438,0.0004584624267305373,0.045846242673053726,8.393278282559246e-11,2.992066457900131e-09,6.893897943678207e-07,2.913064210400507e-06,6.459761934273261e-06,2.0131866626803837e-07,178820974.06739777
1257025.6579169163,0.0004161209492721594,0.04161209492721594,9.247317964590344e-11,3.0170418711935005e-09,7.60652533315166e-07,3.2077449455827956e-06,6.459761934273261e-06,2.2180340702586003e-07,162305892.78460798
1384931.5555983365,0.0003776899355909774,0.03776899355909774,1.0188258587366899e-10,3.042316979593963e-09,8.392404872000254e-07,3.4723940618943596e-06,6.459761934273261e-06,2.4437252779579997e-07,147316068.31878397
1525852.2382704313,0.0003428082332695322,0.03428082332695322,1.1224942566129511e-10,3.0678917831014284e-09,9.258528454095638e-07,3.7737081830802264e-06,6.459761934273261e-06,2.692381201090689e-07,133710634.97775252
1681111.9969267198,0.00031114804426361423,0.031114804426361425,1.2367112056750326e-10,3.093766281715819e-09,1.0213489128360783e-06,4.174049551760989e-06,6.459761934273261e-06,2.966338564069621e-07,121361736.77562407
1852169.8728955921,0.0002824118444460488,0.02824118444460488,1.3625500506873885e-10,3.11994047543707e-09,1.1266304811560341e-06,4.646747452171648e-06,6.459761934273261e-06,3.2681718595918246e-07,110153325.91626987
2040633.3690660584,0.00025632958764721406,0.025632958764721405,1.5011933522644395e-10,3.14641436426513e-09,1.2421354989232233e-06,5.1558122259158675e-06,6.459761934273261e-06,3.600717542230368e-07,99980072.24332505
2248273.556269261,0.00023265616791749637,0.023265616791749637,1.6539439998905988e-10,3.1731879481999537e-09,1.369315605876645e-06,5.680900941296384e-06,6.459761934273261e-06,3.9671006837923184e-07,90746373.40836555
2477041.716776834,0.00021116911616348596,0.021116911616348596,1.8222374557213777e-10,3.2002612272415017e-09,1.5093921877720085e-06,6.17456745971543e-06,6.459761934273261e-06,4.370764340934409e-07,82365456.455389
2729087.6813220624,0.00019166650951223848,0.019166650951223847,2.007655244225711e-10,3.227634201389746e-09,1.6635569897726065e-06,6.688435119946875e-06,6.459761934273261e-06,4.815501911016258e-07,74758562.37881255
3006780.031964518,0.00017396507375702186,0.017396507375702183,2.2119398144373264e-10,3.2553068706446586e-09,1.8333549356284224e-06,7.301813234886851e-06,6.459761934273261e-06,5.305492780252657e-07,67854205.99193731
3312728.3606530237,0.00015789846105242886,0.015789846105242884,2.437010914482017e-10,3.283279235006218e-09,2.0205908561684342e-06,8.07335619777558e-06,6.459761934273261e-06,5.845341599165655e-07,61587504.150550455
3649807.792660058,0.00014331568667363162,0.01433156866736316,2.6849836322591576e-10,3.3115512944744073e-09,2.2265137093973612e-06,8.998213834205074e-06,6.459761934273261e-06,6.440121554424481e-07,55899566.01869936
4021186.0053445506,0.00013007971014935155,0.013007971014935154,2.9581882718132807e-10,3.34012304904921e-09,2.4534048988046045e-06,9.910641652137586e-06,6.459761934273261e-06,7.095422043716794e-07,50736939.646710746
4430352.996149892,0.00011806614743484668,0.011806614743484668,3.2591922521824463e-10,3.3689944987306138e-09,2.703197951830729e-06,1.0810338255820706e-05,6.459761934273261e-06,7.817401201672391e-07,46051109.66071237
4881153.879579472,0.00010716210202267022,0.010716210202267021,3.590824234516023e-10,3.3981656435186097e-09,2.9783440818305663e-06,1.1853652601452165e-05,6.459761934273261e-06,8.612843770447367e-07,41798041.343236975
5377825.021356706,9.726510400665432e-05,0.009726510400665432,3.9562007041945577e-10,3.4276364834131854e-09,3.280962489402681e-06,1.3114371035939305e-05,6.459761934273261e-06,9.489224858802967e-07,37937766.82044109
5925033.849337638,8.828214712905355e-05,0.008828214712905355,4.3587552577552274e-10,3.457407018414338e-09,3.6145267462089636e-06,1.454972724733054e-05,6.459761934273261e-06,1.0454780188850343e-06,34434009.46716482
6527922.715295823,8.012881476157978e-05,0.008012881476157977,4.802270869844278e-10,3.487477248522058e-09,3.981756169338165e-06,1.5993917600198974e-05,6.459761934273261e-06,1.1518583490599025e-06,31253843.000210624
7192157.21976725,7.272848660680078e-05,0.007272848660680077,5.290915443422693e-10,3.517847173736342e-09,4.385637972532013e-06,1.7411753664383943e-05,6.459761934273261e-06,1.2690631771618553e-06,28367382.056195762
7923979.454084281,6.601161866494214e-05,0.0066011618664942135,5.829280977305361e-10,3.548516794057186e-09,4.8304674757218775e-06,1.9106568674175946e-05,6.459761934273261e-06,1.398193926312819e-06,25747501.3462086
8730266.659936218,5.9915089699639194e-05,0.005991508969963919,6.422426719107457e-10,3.5794861094845853e-09,5.318128125872593e-06,2.1205027298293598e-05,6.459761934273261e-06,1.540464092536539e-06,23369580.748047262
9618595.857705383,5.4381608061099356e-05,0.005438160806109936,7.075926709124676e-10,3.610755120018537e-09,5.8534857859464665e-06,2.347963460004515e-05,6.459761934273261e-06,1.6972106484917025e-06,21211273.940564133
10597315.050918149,4.9359173292345296e-05,0.00493591732923453,7.795922161936983e-10,3.6423238256590395e-09,6.443752509145037e-06,2.5662761953088544e-05,6.459761934273261e-06,1.869906607566979e-06,19252298.40587667
11675621.67594922,4.480058745902473e-05,0.004480058745902473,8.589179177987938e-10,3.67419222640609e-09,7.092674576209535e-06,2.7716519299159636e-05,6.459761934273261e-06,2.0601748664080855e-06,17474244.826006442
12863649.034204032,4.066301161054759e-05,0.004066301161054759,9.463152327479583e-10,3.7063603222596872e-09,7.806243848367293e-06,3.0070238666880426e-05,6.459761934273261e-06,2.2698034559609222e-06,15860404.082766447
14172561.51901903,3.6907563204428635e-05,0.003690756320442863,1.0426054704107629e-09,3.7388281132198295e-09,8.591992517116426e-06,3.309572754077017e-05,6.459761934273261e-06,2.5007623443512807e-06,14395610.2351416
15614659.53216682,3.349895071066348e-05,0.0033498950710663476,1.1486935106961186e-09,3.771595599286516e-09,9.455443039862943e-06,3.664811841617726e-05,6.459761934273261e-06,2.7552219495048183e-06,13066097.998555105
17203495.0759112,3.0405141962360383e-05,0.003040514196236038,1.2655763075898176e-09,3.8046627804597465e-09,1.0405289417724874e-05,4.045547425986585e-05,6.459761934273261e-06,3.0355735354782382e-06,11859373.386692937
18953999.106878612,2.7597063135980548e-05,0.0027597063135980544,1.3943522579509092e-09,3.8380296567395174e-09,1.1451473955909476e-05,4.44159826904914e-05,6.459761934273261e-06,3.344451684174496e-06,10764096.300253715
20882621.84854504,2.5048325532375244e-05,0.0025048325532375246,1.5362315236095283e-09,3.871696228125831e-09,1.259994736699071e-05,4.869767129118629e-05,6.459761934273261e-06,3.6847590536183767e-06,9769973.959260253
23007487.380912412,2.2734977591069063e-05,0.002273497759106906,1.6925474037671498e-09,3.905662494618686e-09,1.3865509608209127e-05,5.3783726192118364e-05,6.459761934273261e-06,4.059693655456115e-06,8867664.177472357
25348563.960120186,2.0635279807360253e-05,0.0020635279807360253,1.8647688645706223e-09,3.939928456218081e-09,1.5254868507565443e-05,5.9586582259104655e-05,6.459761934273261e-06,4.4727789080174835e-06,8048687.569928791
27927851.668556552,1.8729500437041063e-05,0.0018729500437041063,2.0545143436056026e-09,3.974494112924016e-09,1.678538836927865e-05,6.542320676940036e-05,6.459761934273261e-06,4.927896747361477e-06,7305347.86859634
30769589.158896174,1.6999730068888988e-05,0.0016999730068888988,2.263566959036022e-09,4.0093594647364916e-09,1.846779911951263e-05,7.135698935106739e-05,6.459761934273261e-06,5.429324107464023e-06,6630659.597298419
33900481.4349258,1.542971332238818e-05,0.0015429713322388182,2.493891266316308e-09,4.044524511655506e-09,2.0318094695507706e-05,7.793099392466177e-05,6.459761934273261e-06,5.981773112367486e-06,6018282.42625401
37349950.80971001,1.4004696089073889e-05,0.0014004696089073888,2.747651719946242e-09,4.079989253681061e-09,2.2353844674668735e-05,8.641394059193652e-05,6.459761934273261e-06,6.590435357994513e-06,5462461.589328887
41150413.39945534,1.2711286881962922e-05,0.0012711286881962921,3.0272330137612354e-09,4.115753690813155e-09,2.4590177095856856e-05,9.674616366133427e-05,6.459761934273261e-06,7.261030699760841e-06,4957973.804075191
45337583.75140455,1.1537330990111336e-05,0.0011537330990111336,3.3352624909044877e-09,4.1518178230517845e-09,2.7044686602513245e-05,0.00010719271494333304,6.459761934273261e-06,7.99986100446524e-06,4500078.186346746
49950810.468476236,1.047179625567754e-05,0.001047179625567754,3.6746348340768556e-09,4.188181650396955e-09,2.9732985787090544e-05,0.00011647900938398088,6.459761934273261e-06,8.813869371585503e-06,4084471.6982144313
55033445.98465368,9.504669400090077e-06,0.0009504669400090077,4.048539268088967e-09,4.224845172848665e-09,3.269609040122775e-05,0.00012494134300562672,6.459761934273261e-06,9.710705380507534e-06,3707248.7105070055
60633253.96606315,8.626861925052158e-06,0.0008626861925052157,4.460489530349777e-09,4.261808390406914e-09,3.595022824010351e-05,0.00013464622491331845,6.459761934273261e-06,1.069879697684416e-05,3364864.299969077
66802858.16625559,7.830124704096431e-06,0.0007830124704096431,4.914356890936481e-09,4.2990713030717e-09,3.952887534053162e-05,0.00014820556432858267,6.459761934273261e-06,1.1787429673388678e-05,3054100.9361246633
73600236.95377828,7.106970462069903e-06,0.0007106970462069902,5.414406532549592e-09,4.336633910843026e-09,4.345950257461688e-05,0.00016516888758969682,6.459761934273261e-06,1.2986833809988643e-05,2772038.244788433
81089268.15931703,6.450603414056679e-06,0.0006450603414056679,5.96533763223072e-09,4.37449621372089e-09,4.7783352180010435e-05,0.0001827642742618121,6.459761934273261e-06,1.4308280692357111e-05,2516025.564079806
89340329.36256847,5.8548554025255715e-06,0.0005854855402525572,6.572327521507942e-09,4.412658211705293e-09,5.253895725403788e-05,0.00019981381668046178,6.459761934273261e-06,1.5764188513278474e-05,2283657.0350371366
98430959.25999086,5.314127932556497e-06,0.0005314127932556496,7.241080339960216e-09,4.451119904796234e-09,5.775386739338686e-05,0.000216800059983709,6.459761934273261e-06,1.7368239051595092e-05,2072748.992747988
108446586.32858483,4.823339560426288e-06,0.00048233395604262884,7.977880639418924e-09,4.4898812929937134e-09,6.35026690174296e-05,0.000235731762673298,6.459761934273261e-06,1.9135506245644206e-05,1881319.4455304593
119481331.63326325,4.37787814114239e-06,0.00043778781411423894,8.789652442547674e-09,4.528942376297729e-09,6.981019033951861e-05,0.000260702714265746,6.459761934273261e-06,2.1082597849403703e-05,1707569.4493227843
131638893.32213077,3.973557486174263e-06,0.0003973557486174263,9.684024310798835e-09,4.5683031547082845e-09,7.674615100783941e-05,0.0002915159250055798,6.459761934273261e-06,2.322781150254945e-05,1549866.2022484853
145033521.12164643,3.606578024077072e-06,0.0003606578024077072,1.0669401033217732e-08,4.607963628225378e-09,8.437009591213896e-05,0.0003244700941048959,6.459761934273261e-06,2.5591306681080043e-05,1406727.7004896053
159791089.9894116,3.273491094318895e-06,0.00032734910943188944,1.175504260978437e-08,4.6479237968490095e-09,9.275558639825999e-05,0.00035658561046403883,6.459761934273261e-06,2.819529414440151e-05,1276808.8112727918
176050283.0141474,2.971166538765596e-06,0.00029711665387655955,1.2951151271532303e-08,4.688183660579181e-09,0.00010197091124242057,0.000387221978661217,6.459761934273261e-06,3.106424465918557e-05,1158888.6320902365
193963894.67907894,2.6967632862667355e-06,0.00026967632862667356,1.4268967355209773e-08,4.72874321941589e-09,0.00011210147213341375,0.00042137205794089556,6.459761934273261e-06,3.42251189614686e-05,1051859.0173646905
213700266.73602933,2.4477026539137157e-06,0.0002447702653913716,1.5720874933456985e-08,4.769602473359138e-09,0.0001232264270712127,0.0004658320686817371,6.459761934273261e-06,3.7707621118040264e-05,954714.1647388809
235444870.18374926,2.2216441140706207e-06,0.00022216441140706207,1.7320518193151565e-08,4.810761422408923e-09,0.00013547132240895093,0.0005222712689954343,6.459761934273261e-06,4.154447766806728e-05,866541.163127224
259402048.2169873,2.0164632994505153e-06,0.00020164632994505155,1.9082929655577687e-08,4.852220066565246e-09,0.00014892150659664592,0.0005849883458577709,6.459761934273261e-06,4.5771745168161956e-05,786511.41370596
285796936.52553666,1.8302320395415083e-06,0.00018302320395415084,2.1024671443358577e-08,4.8939784058281066e-09,0.00016372239547810221,0.0006440540583244349,6.459761934273261e-06,5.0429149031027436e-05,713872.8432210973
314877578.9891112,1.6612002407765476e-06,0.00016612002407765476,2.3163990921696676e-08,4.936036440197508e-09,0.00017986868642590997,0.0006958067639925645,6.459761934273261e-06,5.5560456841888426e-05,647942.836439363
346917258.65012807,1.5077794401672523e-06,0.00015077794401672522,2.5520992176547932e-08,4.978394169673446e-09,0.0001976400395329045,0.0007462023626792051,6.459761934273261e-06,6.121388966091876e-05,588101.8213254263
382217065.86953235,1.368527877848334e-06,0.00013685278778483338,2.8117824941183112e-08,5.021051594255922e-09,0.0002171866522221525,0.000806173072228421,6.459761934273261e-06,6.744257517684911e-05,533787.4466625891
421108727.79969686,1.2421369482530692e-06,0.00012421369482530693,3.097889274655766e-08,5.064008713944935e-09,0.00023864676676584542,0.0008880737789679978,6.459761934273261e-06,7.430504697022804e-05,484489.2974016179
463957725.7641646,1.127418902595736e-06,0.0001127418902595736,3.41310822515686e-08,5.107265528740488e-09,0.0002622178439134046,0.0009917275167654644,6.459761934273261e-06,8.186579457812711e-05,439744.09807558963
511166729.8395283,1.0232956870961807e-06,0.00010232956870961807,3.760401590830852e-08,5.150822038642578e-09,0.00028812643841790293,0.0010965712101962037,6.459761934273261e-06,9.019586952947348e-05,399131.3592052706
563179382.9157096,9.287888120544638e-07,9.287888120544637e-05,4.143033033672226e-08,5.194678243651209e-09,0.0003166010405802835,0.0011951433079088246,6.459761934273261e-06,9.937355304618784e-05,362269.4257824067
620484469.7949897,8.430101565711607e-07,8.430101565711607e-05,4.564598302466605e-08,5.238834143766375e-09,0.0003478465562460411,0.0012864634201704092,6.459761934273261e-06,0.00010948509168478684,328811.8906969164
683620510.5086261,7.651536225012775e-07,7.651536225012774e-05,5.029059023556283e-08,5.283289738988082e-09,0.0003821778476102843,0.001386368248241082,6.459761934273261e-06,0.00012062550783159357,298444.33940340334
753180821.0163321,6.944875592105729e-07,6.944875592105729e-05,5.540779929911011e-08,5.328045029316326e-09,0.00041979931751740933,0.0015161678209451171,6.459761934273261e-06,0.00013289949266811127,270881.3952352887
829819088.8461925,6.303478879464535e-07,6.303478879464536e-05,6.104569878361685e-08,5.3731000147511085e-09,0.0004611338022055902,0.0016851078400129632,6.459761934273261e-06,0.00014642238999814088,245864.037600104
914255516.0716082,5.721318612103169e-07,5.721318612103168e-05,6.725727040452818e-08,5.418454695292429e-09,0.0005063538747788713,0.0018928461576797997,6.459761934273261e-06,0.0001613212801820723,223157.1678539202
1007283587.3534485,5.192923984854971e-07,5.19292398485497e-05,7.410088691591538e-08,5.464109070940286e-09,0.000555868793580274,0.002117189948301073,6.459761934273261e-06,0.000177736174364543,202547.39998039327
1109777526.6495228,4.713329450912907e-07,4.713329450912907e-05,8.164086066382485e-08,5.510063141694683e-09,0.0006099924429287943,0.0023339985769112435,6.459761934273261e-06,0.00019582133021811866,183841.05531251794
1222700512.6652236,4.2780280584953526e-07,4.2780280584953526e-05,8.994804795647432e-08,5.556316907555616e-09,0.0006690086356585895,0.002538920310552582,6.459761934273261e-06,0.00021574670156759629,166862.34245264105
1347113730.2494135,3.882929097122353e-07,3.8829290971223526e-05,9.910051493081834e-08,5.60287036852309e-09,0.0007333879972838679,0.002751516896467915,6.459761934273261e-06,0.00023769953551766262,151451.70528667257
1484186342.7952623,3.5243196554868446e-07,3.5243196554868445e-05,1.0918427117290725e-07,5.649723524597101e-09,0.0008032653517624753,0.0030019152056239167,6.459761934273261e-06,0.0002618861320927776,137464.32356810092
1635206479.3609757,3.198829729663626e-07,3.1988297296636256e-05,1.2029407798618484e-07,5.696876375777649e-09,0.0008792339379559988,0.0033126036526124492,6.459761934273261e-06,0.0002885337829253749,124768.75198115321
1801593339.760958,2.903400553763434e-07,2.9034005537634336e-05,1.3253433890335886e-07,5.744328922064739e-09,0.0009613565263299804,0.0037255332262271573,6.459761934273261e-06,0.0003178929072110396,113245.68489381448
1984910531.384053,2.6352558554219294e-07,2.6352558554219293e-05,1.460200808103593e-07,5.7920811634583635e-09,0.0010502650308363917,0.004210954268632937,6.459761934273261e-06,0.00035023940500313353,102786.83519256752
2186880763.070584,2.391875765999251e-07,2.3918757659992512e-05,1.608780349024211e-07,5.840133099958529e-09,0.0011460656932403878,0.004707413985235595,6.459761934273261e-06,0.000385877249961773,93293.9166627894
2409402034.1327124,2.1709731403133548e-07,2.170973140313355e-05,1.7724782763048893e-07,5.8884847315652305e-09,0.0012489843237002533,0.005156589353984618,6.459761934273261e-06,0.0004251413459223085,84677.72035180681
2654565470.6531796,1.970472063373674e-07,1.9704720633736742e-05,1.9528329282977022e-07,5.937136058278472e-09,0.0013596405493896241,0.0055543635642820045,6.459761934273261e-06,0.0004684006741276854,76857.27623480416
2924674976.6776342,1.7884883421338297e-07,1.7884883421338297e-05,2.1515391736106086e-07,5.986087080098251e-09,0.001477584579643941,0.005949029649006177,6.459761934273261e-06,0.0005160617607005547,69759.09230540534
3222268884.9710717,1.6233117989361832e-07,1.623311798936183e-05,2.3704643385014307e-07,6.035337797024567e-09,0.0016040861352349224,0.006414273674201366,6.459761934273261e-06,0.000568572496940426,63316.4639403443
3550143810.799645,1.4733902002522794e-07,1.4733902002522793e-05,2.611665754928978e-07,6.084888209057422e-09,0.0017390813825750098,0.0070767113200123,6.459761934273261e-06,0.000626426348346803,57468.84704803258
3911380932.9019213,1.3373146696907625e-07,1.3373146696907624e-05,2.877410094167763e-07,6.134738316196814e-09,0.0018830234678042259,0.007908478096481646,6.459761934273261e-06,0.000690166991922272,52161.28911023666
4309374948.622941,1.2138064481926692e-07,1.2138064481926693e-05,3.1701946676724433e-07,6.184888118442745e-09,0.002036315994382525,0.00882120733924947,6.459761934273261e-06,0.0007603934253342308,47343.912770124494
4747865975.31451,1.1017048769941283e-07,1.1017048769941283e-05,3.492770895365053e-07,6.235337615795215e-09,0.002199006508594919,0.009685739611559418,6.459761934273261e-06,0.0008377655959481783,42971.447113742375
5230974697.7929125,9.999564904271991e-08,9.999564904271991e-06,3.8481701618866357e-07,6.286086808254225e-09,0.002372342887711904,0.010453831793334159,6.459761934273261e-06,0.0009230106026310115,39002.802240172736
5763241092.1491995,9.076051160594176e-08,9.076051160594176e-06,4.2397323037951144e-07,6.33713569581977e-09,0.0025557534460630745,0.011174274232998806,6.459761934273261e-06,0.0009076051160594176,35400.683122434006
6349667089.816237,8.237828891388162e-08,8.237828891388162e-06,4.6711369954157887e-07,6.3884842784918536e-09,0.0027501505969369203,0.01196596385752699,6.459761934273261e-06,0.0008237828891388163,32131.239130407517
6995763582.824563,7.477020969034158e-08,7.477020969034159e-06,5.14643832829038e-07,6.440132556270476e-09,0.0029562549734704676,0.013020097261143698,6.459761934273261e-06,0.0007477020969034159,29163.745922212747
7707602211.975292,6.786477761127156e-08,6.786477761127155e-06,5.670102909182331e-07,6.492080529155638e-09,0.003173982953216477,0.014400216277005778,6.459761934273261e-06,0.0006786477761127154,26470.31671462942
8491872424.605372,6.159709942370641e-08,6.159709942370641e-06,6.24705183466135e-07,6.544328197147336e-09,0.003404628780110473,0.016093921479282864,6.459761934273261e-06,0.0006159709942370641,24025.640219252997
9355944338.14098,5.590827511654291e-08,5.590827511654291e-06,6.882706936720048e-07,6.596875560245573e-09,0.0036484369118881957,0.017916091970134093,6.459761934273261e-06,0.000559082751165429,21806.74278165954
10307938000.194365,5.0744844412333957e-08,5.074484441233396e-06,7.583041734012172e-07,6.64972261845035e-09,0.0039055412684555267,0.019709513569606374,6.459761934273261e-06,0.0005074484441233396,19792.77248830147
11356799696.070377,4.605828437855073e-08,4.605828437855073e-06,8.354637567522675e-07,6.702869371761663e-09,0.004178397249384793,0.021526360083568917,6.459761934273261e-06,0.00046058284378550725,17964.80321229573
12512386020.776596,4.180455343715352e-08,4.180455343715352e-06,9.204745448200244e-07,6.756315820179513e-09,0.004466304333955538,0.02342933428589744,6.459761934273261e-06,0.00041804553437153517,16305.65675664004
13785556505.5971,3.794367748733781e-08,3.7943677487337808e-06,1.014135419776047e-06,6.810061963703903e-09,0.004770877710499653,0.025419952578123562,6.459761934273261e-06,0.00037943677487337806,14799.741423462208
15188275669.680408,3.443937425207758e-08,3.4439374252077584e-06,1.1173265523007268e-06,6.864107802334831e-09,0.005094396466893081,0.027778872140301218,6.459761934273261e-06,0.00034439374252077584,13432.90549227023
16733725455.664097,3.125871231828986e-08,3.125871231828986e-06,1.231017672917804e-06,6.918453336072298e-09,0.0054363347898783235,0.030438689139314263,6.459761934273261e-06,0.0003125871231828986,12192.304230275626
18436429105.940273,2.837180166647953e-08,2.8371801666479526e-06,1.3562771849604224e-06,6.973098564916302e-09,0.005800121483671204,0.033401937277799464,6.459761934273261e-06,0.00028371801666479527,11066.279185030879
20312387643.679817,2.5751512781640033e-08,2.5751512781640034e-06,1.4942822048071382e-06,7.028043488866845e-09,0.006186698073177076,0.03638372329371617,6.459761934273261e-06,0.0002575151278164003,10044.248625042648
22379230241.18472,2.3373221705777367e-08,2.337322170577737e-06,1.6463296237401804e-06,7.083288107923926e-09,0.006597957722921654,0.039515311398494804,6.459761934273261e-06,0.00023373221705777367,9116.608098785246
24656379888.643436,2.1214578636208173e-08,2.121457863620817e-06,1.8138482953789213e-06,7.138832422087546e-09,0.007039013905636842,0.04287478361660524,6.459761934273261e-06,0.0002121457863620817,8274.640177625417
27165235920.148323,1.9255297895052917e-08,1.9255297895052916e-06,1.9984124632189976e-06,7.194676431357703e-09,0.0075091410881569735,0.04633790385256492,6.459761934273261e-06,0.00019255297895052917,7510.432534474758
29929375112.24878,1.7476967296179077e-08,1.7476967296179077e-06,2.201756554461312e-06,7.250820135734399e-09,0.008011971337278125,0.04957431652745159,6.459761934273261e-06,0.00017476967296179075,6816.803588320384
32974773244.848213,1.5862875118135044e-08,1.5862875118135045e-06,2.425791479154774e-06,7.307263535217633e-09,0.008555946575543429,0.0525410386861773,6.459761934273261e-06,0.00015862875118135045,6187.235015884139
36330049206.54543,1.4397853057066814e-08,1.4397853057066812e-06,2.6726225878226582e-06,7.364006629807404e-09,0.009139420343969603,0.05510136139196171,6.459761934273261e-06,0.0001439785305706681,5615.8104961940535
40026733938.381966,1.3068133683779461e-08,1.306813368377946e-06,2.9445694563280126e-06,7.421049419503713e-09,0.009767727433901877,0.057725958445972454,6.459761934273261e-06,0.0001306813368377946,5097.160112424893
44099566743.37146,1.1861221065408096e-08,1.1861221065408097e-06,3.244187683904729e-06,7.47839190430656e-09,0.010450085584881886,0.060043766846859976,6.459761934273261e-06,0.00011861221065408097,4626.409888528681
48586821746.35832,1.0765773335874834e-08,1.0765773335874835e-06,3.5742929091996675e-06,7.53603408421595e-09,0.011187558537584836,0.0629340418248047,6.459761934273261e-06,0.00010765773335874834,4199.135986429411
53530667572.08507,9.771496111597505e-09,9.771496111597504e-07,3.937987270014614e-06,7.593975959231871e-09,0.01198735413031298,0.06594318602775114,6.459761934273261e-06,9.771496111597506e-05,3811.323133353882
58977563621.51554,8.869045750832366e-09,8.869045750832366e-07,4.338688555401453e-06,7.652217529354337e-09,0.012859748071800693,0.06869576365080364,6.459761934273261e-06,8.869045750832366e-05,3459.326888622694
64978696670.38832,8.049941547538305e-09,8.049941547538305e-07,4.7801623240650205e-06,7.710758794583338e-09,0.013805929338865635,0.07063480773946736,6.459761934273261e-06,8.049941547538304e-05,3139.839395306619
71590461892.90251,7.306486034611065e-09,7.306486034611066e-07,5.266557290903878e-06,7.769599754918878e-09,0.014836883442869436,0.07165024838564282,6.459761934273261e-06,7.306486034611066e-05,2849.8582949021466
78874992830.9157,6.6316926475437284e-09,6.631692647543729e-07,5.802444314231096e-06,7.828740410360955e-09,0.015966789541347035,0.0721479669420847,6.459761934273261e-06,6.631692647543728e-05,2586.6585129044342
86900745289.00018,6.0192200687381016e-09,6.019220068738101e-07,6.392859350054537e-06,7.88818076090957e-09,0.017196120383079577,0.07250223567672014,6.459761934273261e-06,6.019220068738101e-05,2347.7666501346944
95743140642.46387,5.463312635473068e-09,5.463312635473068e-07,7.043350777075984e-06,7.947920806564726e-09,0.01853810771058275,0.07276713477960588,6.459761934273261e-06,5.4633126354730685e-05,2130.9377391666267
105485274603.77194,4.958746251518445e-09,4.958746251518445e-07,7.760031537142095e-06,8.007960547326418e-09,0.020010274754436425,0.07347538715479014,6.459761934273261e-06,4.9587462515184455e-05,1934.1341474222115
116218698107.94592,4.500779294102977e-09,4.5007792941029775e-07,8.549636581132888e-06,8.068299983194646e-09,0.021617382658515028,0.07412621593960343,6.459761934273261e-06,4.500779294102977e-05,1755.5064286803874
128044277655.25256,4.085108054888469e-09,4.085108054888469e-07,9.419586160131288e-06,8.128939114169415e-09,0.02337065142159371,0.07465701800671883,6.459761934273261e-06,4.085108054888469e-05,1593.3759430521102
141073143196.17606,3.7078262962104785e-09,3.7078262962104784e-07,1.0378055556646799e-05,8.189877940250721e-09,0.02529550916242715,0.07415338115982283,6.459761934273261e-06,3.707826296210478e-05,1446.2190820945327
155427732466.3592,3.3653885425180625e-09,3.3653885425180627e-07,1.1434051911187828e-05,8.251116461438567e-09,0.02739027867797332,0.07273409040540973,6.459761934273261e-06,3.365388542518062e-05,1312.6529508208775
171242941585.5598,3.0545767620471463e-09,3.054576762047146e-07,1.2597498866153671e-05,8.31265467773295e-09,0.029668357380452672,0.07078939715453932,6.459761934273261e-06,3.0545767620471466e-05,1191.4223720539537
188667392733.29102,2.7724701256209683e-09,2.772470125620968e-07,1.3879329822480827e-05,8.374492589133872e-09,0.032172158214941265,0.06862477639293765,6.459761934273261e-06,2.772470125620968e-05,1081.388090997686
207864830814.022,2.5164175583884422e-09,2.516417558388442e-07,1.5291590685415324e-05,8.436630195641332e-09,0.03488602402241087,0.06650659039203782,6.459761934273261e-06,2.5164175583884422e-05,981.5160691800947
229015662236.9959,2.284012826557453e-09,2.2840128265574525e-07,1.6847553064956635e-05,8.49906749725533e-09,0.03782332048719677,0.06464485046900759,6.459761934273261e-06,2.2840128265574528e-05,890.8677671583539
252318650271.2211,2.073071925002718e-09,2.0730719250027182e-07,1.8561838994765132e-05,8.561804493975865e-09,0.041028943619958104,0.06285610414086099,6.459761934273261e-06,2.073071925002718e-05,808.5913246684589
277992782907.60596,1.8816125532499803e-09,1.88161255324998e-07,2.0450558341569504e-05,8.624841185802942e-09,0.04450305632382513,0.06103696095655598,6.459761934273261e-06,1.88161255324998e-05,733.9135553356201
306279330781.3193,1.7078354869637568e-09,1.7078354869637567e-07,2.253146019636778e-05,8.688177572736554e-09,0.048246628519376826,0.05864314727968487,6.459761934273261e-06,1.7078354869637566e-05,666.1326807163317
337444114493.54297,1.5501076698786432e-09,1.550107669878643e-07,2.482409967010927e-05,8.751813654776706e-09,0.052300515398897345,0.05563750612048253,6.459761934273261e-06,1.550107669878643e-05,604.611735390834
371780002639.58997,1.4069468672819547e-09,1.4069468672819547e-07,2.7350021661306135e-05,8.81574943192339e-09,0.056682807945519324,0.05200518289241492,6.459761934273261e-06,1.4069468672819548e-05,548.7725811308562
409609664018.4221,1.277007736829966e-09,1.2770077368299658e-07,3.0132963322517366e-05,8.879984904176618e-09,0.061390738903221595,0.048205756054901926,6.459761934273261e-06,1.2770077368299658e-05,498.0904738912323
451288599887.2127,1.1590691857994556e-09,1.1590691857994555e-07,3.31990771283658e-05,8.944520071536383e-09,0.06645229954053737,0.04446108064727345,6.459761934273261e-06,1.1590691857994554e-05,452.08913256916793
497208484756.3582,1.05202289596519e-09,1.0520228959651899e-07,3.65771766413547e-05,9.009354934002689e-09,0.07193117900277876,0.04103759399893676,6.459761934273261e-06,1.05202289596519e-05,410.3362631901573
547800847119.77844,9.548629082668722e-10,9.548629082668722e-08,4.029900728504744e-05,9.07448949157553e-09,0.07779529661170331,0.037995405092974416,6.459761934273261e-06,9.548629082668721e-06,372.4394964594753
603541124709.8776,8.666761693882751e-10,8.66676169388275e-08,4.4399544669179706e-05,9.139923744254909e-09,0.0840678495054979,0.03523482522461895,6.459761934273261e-06,8.66676169388275e-06,338.0427005027007
664953132386.1162,7.866339514107527e-10,7.866339514107527e-08,4.8917323270191966e-05,9.205657692040828e-09,0.09083894531920425,0.03234480753523303,6.459761934273261e-06,7.866339514107526e-06,306.8226341445296
732613984643.8054,7.139840639080418e-10,7.139840639080417e-08,5.389479855593015e-05,9.271691334933288e-09,0.09809369173193307,0.029621722430706345,6.459761934273261e-06,7.139840639080417e-06,278.4859092753457
807159519002.0353,6.480437852960872e-10,6.480437852960872e-08,5.937874595755437e-05,9.33802467293228e-09,0.10584726068226884,0.026939165075582455,6.459761934273261e-06,6.480437852960872e-06,252.76623375961188
889290271236.5731,5.881934470108436e-10,5.8819344701084356e-08,6.542070043796133e-05,9.404657706037812e-09,0.1141435114814995,0.024266695604812056,6.459761934273261e-06,5.881934470108435e-06,229.42190897654524
979778058609.5328,5.33870610221847e-10,5.33870610221847e-08,7.207744078753109e-05,9.471590434249882e-09,0.12302186308240522,0.021730484431708434,6.459761934273261e-06,5.33870610221847e-06,208.23355847640252
1079473232961.1716,4.845647803577014e-10,4.8456478035770136e-08,7.941152319832791e-05,9.53882285756849e-09,0.13253837331890392,0.019359379075768623,6.459761934273261e-06,4.845647803577014e-06,189.00206640760953
1189312671824.2192,4.3981260977362103e-10,4.39812609773621e-08,8.749186913097965e-05,9.60635497599364e-09,0.14261344644400534,0.017251422998640766,6.459761934273261e-06,4.39812609773621e-06,171.54670634125634
1310328582656.517,3.9919354347852463e-10,3.9919354347852465e-08,9.63944129986621e-05,9.674186789525324e-09,0.15346710695949095,0.015368699629252365,6.459761934273261e-06,3.991935434785246e-06,155.70344290875153
1443658202929.167,3.623258670026845e-10,3.623258670026845e-08,0.00010620281575475583,9.74231829816355e-09,0.16495799929076604,0.013705292192156176,6.459761934273261e-06,3.6232586700268453e-06,141.32339029238673
1590554487225.8972,3.2886311926612963e-10,3.288631192661297e-08,0.00011700925109005198,9.81074950190831e-09,0.17718471384552378,0.012185394282419998,6.459761934273261e-06,3.2886311926612966e-06,128.27141308261776
1752397881784.8777,2.9849083673798915e-10,2.9849083673798915e-08,0.0001289152716277367,9.87948040075961e-09,0.19020636120395593,0.010784042499611261,6.459761934273261e-06,2.984908367379891e-06,116.42485635371811
1930709297133.2993,2.709235982902785e-10,2.709235982902785e-08,0.00014203276325615318,9.948510994717452e-09,0.20391024786486253,0.009491840333729958,6.459761934273261e-06,2.709235982902785e-06,105.67239302379465
2127164400724.0125,2.4590234297537676e-10,2.4590234297537676e-08,0.00015648499656760665,1.0017841283781824e-08,0.2185596169686334,0.00832640139908966,6.459761934273261e-06,2.4590234297537677e-06,95.91297766732185
2343609363888.1675,2.2319193552121684e-10,2.2319193552121683e-08,0.00017240778528402665,1.0087471267952741e-08,0.23397153408837976,0.00726812078779045,6.459761934273261e-06,2.2319193552121684e-06,87.05489694873053
2582078211084.6016,2.02578956666123e-10,2.02578956666123e-08,0.0001899507625557005,1.0157400947230193e-08,0.2502546073947571,0.006330951761351285,6.459761934273261e-06,2.0257895666612297e-06,79.01490775357443
2844811934484.1484,1.838696975681443e-10,1.838696975681443e-08,0.0002092787871269931,1.0227630321614185e-08,0.2674714780580395,0.005498275463744598,6.459761934273261e-06,1.8386969756814429e-06,71.71745491793287
3134279553516.6943,1.6688833944150024e-10,1.6688833944150024e-08,0.00023057349258338546,1.0298159391104717e-08,0.2854904556906755,0.004766575952917467,6.459761934273261e-06,1.6688833944150024e-06,65.09396120472047
3453201317286.412,1.5147530131341705e-10,1.5147530131341703e-08,0.0002540349942387596,1.0368988155701778e-08,0.3045987995354791,0.004123968992420326,6.459761934273261e-06,1.5147530131341707e-06,59.082182854513974
3804574267898.0737,1.374857403745289e-10,1.374857403745289e-08,0.00027988376970327044,1.0440116615405387e-08,0.32460190525315946,0.0035678493007819654,6.459761934273261e-06,1.3748574037452887e-06,53.625624654734736
4191700404923.5938,1.2478819083001295e-10,1.2478819083001294e-08,0.000308362730804279,1.0511544770215528e-08,0.34561217269604094,0.0030798470326925797,6.459761934273261e-06,1.2478819083001294e-06,48.67300903034916
4618217715682.493,1.132633284601539e-10,1.132633284601539e-08,0.0003397395063310855,1.0583272620132213e-08,0.36769909868119255,0.0026552468196357655,6.459761934273261e-06,1.132633284601539e-06,44.1777941669026
5088134362940.568,1.0280284928040877e-10,1.0280284928040877e-08,0.00037430895705535126,1.0655300165155432e-08,0.39073265277298974,0.0022799616286472394,6.459761934273261e-06,1.0280284928040877e-06,40.09773663749205
5605866351303.152,9.330845176325917e-11,9.330845176325917e-09,0.00041239594666192975,1.0727627405285192e-08,0.41499412745641107,0.0019542686532437173,6.459761934273261e-06,9.330845176325918e-07,36.394494423495615
6176279026269.886,8.469091305736468e-11,8.469091305736468e-09,0.0004543583946297066,1.0800254340521486e-08,0.44030693195517306,0.0016697661872827334,6.459761934273261e-06,8.469091305736467e-07,33.03326659847849
6804732795935.053,7.686925052285923e-11,7.686925052285923e-09,0.0005005906397516541,1.0873180970864322e-08,0.4667726933421029,0.0014264550234816598,6.459761934273261e-06,7.686925052285922e-07,29.982466289233493
7497133504999.561,6.976996070338467e-11,6.976996070338467e-09,0.0005515271459025135,1.0946407296313698e-08,0.49445971431557934,0.0012171626168666386,6.459761934273261e-06,6.976996070338465e-07,27.213423840633105
8259987934480.462,6.332632858316014e-11,6.332632858316013e-09,0.0006076465848787728,1.1019933316869608e-08,0.5232551764601582,0.0010385927302863718,6.459761934273261e-06,6.332632858316013e-07,24.700117394807908
9100464948671.975,5.7477800637887174e-11,5.747780063788718e-09,0.0006694763346790919,1.1093759032532058e-08,0.5533953623799766,0.0008743820531101036,6.459761934273261e-06,5.747780063788717e-07,22.418928352791163
10026462863981.904,5.216941578778403e-11,5.2169415787784035e-09,0.000737597435497423,1.1167884443301043e-08,0.5847491093134174,0.0007424046299255563,6.459761934273261e-06,5.216941578778404e-07,20.348419420599022
11046683672736.834,4.7351288905175586e-11,4.735128890517558e-09,0.000812650050002384,1.1242309549176569e-08,0.6173969335657107,0.0006300368199324382,6.459761934273261e-06,4.7351288905175584e-07,18.46913315395202
12170714819468.053,4.297814202294406e-11,4.2978142022944065e-09,0.000895339479215401,1.1317034350158635e-08,0.6514059522048734,0.0005349765692826674,6.459761934273261e-06,4.297814202294406e-07,16.76340910847844
13409119298164.941,3.9008878838406004e-11,3.9008878838406e-09,0.0009864427905213965,1.1392058846247236e-08,0.6867084645193305,0.0004539976566681699,6.459761934273261e-06,3.9008878838406e-07,15.21521787708199
14773534917177.396,3.540619851405107e-11,3.540619851405107e-09,0.0010868161200982178,1.1467383037442377e-08,0.7234833616122514,0.0003850748108565979,6.459761934273261e-06,3.540619851405107e-07,13.810010454853582
16276783664601.186,3.213624514586582e-11,3.213624514586582e-09,0.0011974027183887894,1.1543006923744059e-08,0.7616845538508289,0.00032625025972779433,6.459761934273261e-06,3.213624514586582e-07,12.534581515946154
17932992201899.223,2.916828960514748e-11,2.916828960514748e-09,0.0013192418142227134,1.1618930505152275e-08,0.8013892211788202,0.00027364998590134114,6.459761934273261e-06,2.9168289605147477e-07,11.37694531756708
19757724618087.676,2.647444076394236e-11,2.6474440763942363e-09,0.0014534783808871712,1.1695153781667032e-08,0.8426872497585436,0.00023130120467174133,6.459761934273261e-06,2.6474440763942366e-07,10.326223064906317
21768128692034.184,2.402938339037207e-11,2.402938339037207e-09,0.0016013738959230303,1.1771676753288324e-08,0.8855869942247904,0.00019545826197634413,6.459761934273261e-06,2.402938339037207e-07,9.372540678520714
23983097037356.39,2.1810140250739918e-11,2.181014025073992e-09,0.001764318195760471,1.1848499420016158e-08,0.9302400116542083,0.00016490142767500222,6.459761934273261e-06,2.1810140250739918e-07,8.50693600345176
26423444644267.324,1.9795856182790728e-11,1.9795856182790728e-09,0.0019438425365971483,1.1925621781850525e-08,0.9767005277136395,0.00013903627571309378,6.459761934273261e-06,1.979585618279073e-07,7.721274588081681
29112104486803.24,1.796760211096941e-11,1.796760211096941e-09,0.002141633984257466,1.2003043838791435e-08,1.0250701542255225,0.00011707290228891816,6.459761934273261e-06,1.796760211096941e-07,7.008173241266343
32074343033636.855,1.630819716192757e-11,1.630819716192757e-09,0.002359551268260487,1.208076559083888e-08,1.0754772119752016,9.857440989565997e-05,6.459761934273261e-06,1.6308197161927572e-07,6.360930649379244
35337997687723.34,1.480204720862177e-11,1.480204720862177e-09,0.002599642249083948,1.2158787037992862e-08,1.1279986701668678,7.977949772566196e-05,6.459761934273261e-06,1.4802047208621767e-07,5.773464401245437
38933738386096.734,1.3434998325735867e-11,1.3434998325735868e-09,0.002864163162771412,1.2237108180253384e-08,1.1827887320388206,6.722788029763116e-05,6.459761934273261e-06,1.3434998325735868e-07,5.240253829162754
42895355818183.07,1.2194203779284653e-11,1.2194203779284653e-09,0.0031555998237324536,1.2315729017620446e-08,1.23996432245462,5.666983986803983e-05,6.459761934273261e-06,1.219420377928465e-07,4.756288128862668
47260078971137.26,1.10680033004452e-11,1.1068003300445199e-09,0.003476690984987369,1.2394649550094045e-08,1.2996534756327593,4.775936914706454e-05,6.459761934273261e-06,1.1068003300445199e-07,4.317019270872682
52068924986311.836,1.0045813509100806e-11,1.0045813509100805e-09,0.003830454075382552,1.2473869777674183e-08,1.362011028212068,4.022362483605007e-05,6.459761934273261e-06,1.0045813509100805e-07,3.9183192607682775
57367084614605.56,9.118028457361663e-12,9.118028457361662e-10,0.004220213555639924,1.2553389700360856e-08,1.4271550017506769,3.385585925145145e-05,6.459761934273261e-06,9.118028457361663e-08,3.556441346671127
63204346892978.15,8.275929358427723e-12,8.275929358427723e-10,0.004649632159714179,1.2633209318154072e-08,1.495251545701322,2.845900713723954e-05,6.459761934273261e-06,8.275929358427721e-08,3.227984809444027
69635567032996.01,7.511602652477793e-12,7.511602652477792e-10,0.005122745315046074,1.2713328631053824e-08,1.566452362360495,2.225409831240957e-05,6.459761934273261e-06,7.511602652477792e-08,2.9298630047011827
76721181918353.25,6.817865639615726e-12,6.817865639615725e-10,0.005643999065173293,1.2793747639060115e-08,1.6409114943703649,1.8696536804698984e-05,6.459761934273261e-06,6.817865639615724e-08,2.659274356311213
84527778055716.42,6.1881989810150175e-12,6.188198981015017e-10,0.006218291851073704,1.2874466342172946e-08,1.718809543244552,1.5693756262676472e-05,6.459761934273261e-06,6.188198981015017e-08,2.413676028806565
93128717316165.83,5.616685433946694e-12,5.616685433946694e-10,0.00685102054387785,1.295548474039231e-08,1.8003007118308332,1.3169942601445892e-05,6.459761934273261e-06,5.616685433946694e-08,2.190760031287888
102604826347588.62,5.097954244957806e-12,5.097954244957806e-10,0.0075481311615394385,1.3036802833718214e-08,1.8855748044625182,1.1041951281015292e-05,6.459761934273261e-06,5.097954244957806e-08,1.9884315282617226
113045156136724.62,4.627130678639651e-12,4.6271306786396507e-10,0.008316174746069886,1.3118420622150653e-08,1.9748189215449143,9.254921319199627e-06,6.459761934273261e-06,4.627130678639651e-08,1.8047891535892542
124547818858783.98,4.19979020768662e-12,4.1997902076866204e-10,0.009162368926438425,1.3200338105689635e-08,2.0682212858381552,7.75596009570173e-06,6.459761934273261e-06,4.19979020768662e-08,1.6381071425481266
137220909878871.6,3.811916933749961e-12,3.811916933749961e-10,0.01009466574567082,1.3282555284335154e-08,2.1659969485957684,6.493849663621168e-06,6.459761934273261e-06,3.811916933749961e-08,1.48681911409464
151183523569649.6,3.4598658483500004e-12,3.45986584835e-10,0.011121826389546082,1.3365072158087214e-08,2.26834439478956,4.777429626784104e-06,6.459761934273261e-06,3.45986584835e-08,1.3495033509215173
166566872491304.22,3.1403285791966558e-12,3.1403285791966555e-10,0.012253503519148324,1.344788872694581e-08,2.3754903973379333,4.004473178907138e-06,6.459761934273261e-06,3.1403285791966556e-08,1.2248694389817247
183515520451226.03,2.850302300021913e-12,2.850302300021913e-10,0.013500331980987573,1.3531004990910947e-08,2.4876666189437273,3.355120435405552e-06,6.459761934273261e-06,2.850302300021913e-08,1.1117461409242964
202188741030978.78,2.5870615117569973e-12,2.587061511756997e-10,0.014874028747130424,1.3614420949982617e-08,2.6051088487287313,2.811196549659104e-06,6.459761934273261e-06,2.5870615117569973e-08,1.0090703894837774
222762014347212.34,2.348132429869966e-12,2.348132429869966e-10,0.016387503024520304,1.3698136604160831e-08,2.7280773895198998,2.3542753882457557e-06,6.459761934273261e-06,2.3481324298699658e-08,0.915877297389493
245428676112210.38,2.1312697371708e-12,2.1312697371707997e-10,0.018054977568230955,1.3782151953445576e-08,2.8568268895166757,1.9711257263974897e-06,6.459761934273261e-06,2.1312697371707994e-08,0.8312910899135716
270401734490986.25,1.9344354836203333e-12,1.9344354836203331e-10,0.019892122338684648,1.3866466997836866e-08,2.991636026903187,1.6501527342733678e-06,6.459761934273261e-06,1.934435483620333e-08,0.7545168748470633
297915871828703.56,1.7557799348555918e-12,1.7557799348555918e-10,0.02191620175886858,1.3951081737334684e-08,3.1327932713411255,1.3805875000037116e-06,6.459761934273261e-06,1.7557799348555917e-08,0.6848331725631382
328229650059494.6,1.5936241894570946e-12,1.5936241894570946e-10,0.02414623695538745,1.4035996171939049e-08,3.2805970317301023,1.0132333397871609e-06,6.459761934273261e-06,1.5936241894570946e-08,0.6215851359692317
361627940521826.06,1.446444401605295e-12,1.446444401605295e-10,0.026603184507999283,1.412121030164995e-08,3.4353671197796602,8.490595252377841e-07,6.459761934273261e-06,1.4464444016052949e-08,0.5641783966331841
398424601014421.56,1.3128574608597387e-12,1.3128574608597385e-10,0.02931013338741985,1.420672412646739e-08,3.59742826042344,7.111753501229749e-07,6.459761934273261e-06,1.3128574608597384e-08,0.512073479252802
438965425250154.3,1.1916079944878621e-12,1.191607994487862e-10,0.03229252193210276,1.429253764639137e-08,3.767127771059864,5.956889027568588e-07,6.459761934273261e-06,1.191607994487862e-08,0.46478073197928377
483631392425173.5,1.0815565701988153e-12,1.0815565701988153e-10,0.03557837690301743,1.4378650861421888e-08,3.9448267809644575,4.987306004133319e-07,6.459761934273261e-06,1.0815565701988151e-08,0.4218557249526152
532842247440830.6,9.816689884184393e-13,9.816689884184393e-11,0.039198576862923225,1.446506377155894e-08,4.130902340648205,4.17401794136357e-07,6.459761934273261e-06,9.816689884184394e-09,0.382895073807037
587060445423263.4,8.910065634803881e-13,8.910065634803881e-11,0.04318714235522604,1.4551776376802532e-08,4.325752305157985,3.493765769055069e-07,6.459761934273261e-06,8.910065634803882e-09,0.3475326488983029
646795497608944.1,8.087173024016651e-13,8.08717302401665e-11,0.047581555609349915,1.4638788677152663e-08,4.529788541070447,2.9235967351235666e-07,6.459761934273261e-06,8.08717302401665e-09,0.3154361346292448
712608759436314.5,7.340278983458031e-13,7.340278983458031e-11,0.05242311277702989,1.472610067260933e-08,4.743446281415029,2.1363612665368622e-07,6.459761934273261e-06,7.340278983458031e-09,0.2863039065401745
785118705839211.5,6.662364635329057e-13,6.662364635329057e-11,0.05775731200963865,1.4813712363172538e-08,4.967179324368674,1.7902119024582476e-07,6.459761934273261e-06,6.662364635329057e-09,0.25986219681683037
865006743316248.4,6.04705933304627e-13,6.04705933304627e-11,0.0636342810234732,1.4901623748842283e-08,5.201463083300271,1.499324682546701e-07,6.459761934273261e-06,6.047059333046269e-09,0.23586252157894816
953023613394602.6,5.488580793593275e-13,5.488580793593275e-11,0.07010924817101233,1.4989834829618566e-08,5.446796092064847,1.2552767983639915e-07,6.459761934273261e-06,5.488580793593275e-09,0.2140793457726089
1049996447664279.2,4.98168075897237e-13,4.98168075897237e-11,0.07724306144500113,1.507834560550139e-08,5.703698651469239,1.0510299941357942e-07,6.459761934273261e-06,4.9816807589723706e-09,0.19430796372236636
1156836540681930.5,4.5215956761143326e-13,4.5215956761143325e-11,0.08510276029265929,1.5167156076490744e-08,5.972717439077374,8.79478939334172e-08,6.459761934273261e-06,4.521595676114333e-09,0.17636257542582226
1274547913789541.2,4.104001931764334e-13,4.104001931764334e-11,0.09376220561359602,1.5256266242586646e-08,6.254423674617992,7.35759790987364e-08,6.459761934273261e-06,4.104001931764333e-09,0.1600745405127652
1404236750325747.8,3.7249752216676263e-13,3.7249752216676265e-11,0.10330277386178485,1.5345676103789084e-08,6.549416146505065,6.155943789167596e-08,6.459761934273261e-06,3.7249752216676266e-09,0.1452907934606014
1547121790896452.0,3.3809536722300424e-13,3.380953672230042e-11,0.11381412177436685,1.5435385660098056e-08,6.858321627560726,5.148958374073692e-08,6.459761934273261e-06,3.380953672230042e-09,0.13187240517318743
1704545786393496.2,3.0687043680919674e-13,3.068704368091967e-11,0.12539502891376292,1.552539491151357e-08,7.181796186600779,3.751431325564503e-08,6.459761934273261e-06,3.0687043680919675e-09,0.11969327740561231
1877988116390173.2,2.7852929710614485e-13,2.7852929710614483e-11,0.13815432594081442,1.561570385803562e-08,7.5205274765416705,3.142453507740579e-08,6.459761934273261e-06,2.7852929710614487e-09,0.10863895776589476
2069078691494026.5,2.5280561449025876e-13,2.5280561449025874e-11,0.15221191734233022,1.570631249966421e-08,7.875234752120747,2.63087318723819e-08,6.459761934273261e-06,2.5280561449025876e-09,0.09860556415766136
2279613270303138.0,2.294576526843479e-13,2.294576526843479e-11,0.16769990822403774,1.579722083639934e-08,8.246671870543738,2.202039087767706e-08,6.459761934273261e-06,2.294576526843479e-09,0.0894988085563451
2511570334905832.0,2.08266001060034e-13,2.08266001060034e-11,0.18476384575788807,1.5888428868241002e-08,8.63562774493432,1.8430435006527544e-08,6.459761934273261e-06,2.0826600106003397e-09,0.0812331109449156
2767129683509943.5,1.8903151274368826e-13,1.8903151274368824e-11,0.20356408695011682,1.597993659518921e-08,9.042928692847287,1.541673043927129e-08,6.459761934273261e-06,1.8903151274368826e-09,0.07373079508242396
3048692914924437.5,1.7157343314940347e-13,1.7157343314940346e-11,0.22427730558355422,1.607174401724395e-08,9.469440210722107,1.289421623524467e-08,6.459761934273261e-06,1.7157343314940347e-09,0.06692135854765847
3358905997394718.0,1.557277013520362e-13,1.5572770135203618e-11,0.24709815249555875,1.6163851134405226e-08,9.91606809804382,1.0783797813940752e-08,6.459761934273261e-06,1.5572770135203621e-09,0.060740810198204785
3700684133880319.0,1.4134540833761532e-13,1.413454083376153e-11,0.2722410847938938,1.625625794667305e-08,10.383761394907706,9.017159059188078e-09,6.459761934273261e-06,1.4134540833761533e-09,0.0551310688187371
4077239157444699.5,1.2829139764263204e-13,1.2829139764263203e-11,0.29994238120047667,1.6348964454047404e-08,10.873513497226568,6.544841775728319e-09,6.459761934273261e-06,1.2829139764263202e-09,0.050039417307379645
4492109714202875.5,1.1644299523184453e-13,1.1644299523184453e-11,0.3304623624620131,1.64419706565283e-08,11.386364879254883,5.480608663642526e-09,6.459761934273261e-06,1.1644299523184453e-09,0.045418007270903914
4949194517469187.0,1.0568885667870793e-13,1.0568885667870793e-11,0.3640878376936824,1.6535276554115737e-08,11.923405135297951,4.587924508725337e-09,6.459761934273261e-06,1.0568885667870794e-09,0.04122340937322728
5452788985607715.0,9.592792081492056e-14,9.592792081492055e-12,0.40113479964514265,1.6628882146809704e-08,12.485774987497916,3.838908629402796e-09,6.459761934273261e-06,9.592792081492055e-10,0.037416205211657554
6007625607887603.0,8.706846001606467e-14,8.706846001606465e-12,0.4419513942174752,1.6722787434610208e-08,13.07466923928259,3.2115597543755277e-09,6.459761934273261e-06,8.706846001606466e-10,0.03396061688556232
6618918417677365.0,7.902721819849826e-14,7.902721819849825e-12,0.4869211921368062,1.681699241751726e-08,13.691338837692756,2.686733752278571e-09,6.459761934273261e-06,7.902721819849825e-10,0.030824170776372496
7292411990911785.0,7.172862842688169e-14,7.172862842688169e-12,0.5364667935299198,1.6911497095530842e-08,14.337093849678428,2.246362979762302e-09,6.459761934273261e-06,7.172862842688168e-10,0.027977392379315496
8034435430291263.0,6.51041027798621e-14,6.51041027798621e-12,0.5910537992756251,1.700630146865097e-08,15.013306138703888,1.877888695666547e-09,6.459761934273261e-06,6.510410277986209e-10,0.025393529319080996
8851961842524483.0,5.909138780050059e-14,5.909138780050059e-12,0.6511951864522344,1.710140553687763e-08,15.721412166272374,1.5698661083944595e-09,6.459761934273261e-06,5.909138780050059e-10,0.02304829994648726
9752673867548824.0,5.363397947431971e-14,5.363397947431972e-12,0.7174561289992056,1.719680930021083e-08,16.46291625816886,1.31207287566095e-09,6.459761934273261e-06,5.363397947431971e-10,0.020919665153597725
1.0745035875532346e+16,4.8680592237290504e-14,4.86805922372905e-12,0.7904593088945958,1.7292512758650566e-08,17.239393609042335,9.494218458989686e-10,6.459761934273261e-06,4.86805922372905e-10,0.01898762126294495
1.1838373510124974e+16,4.418467702378872e-14,4.4184677023788714e-12,0.8708907677598481,1.7388515912196848e-08,18.052493755165948,7.947435357881287e-10,6.459761934273261e-06,4.418467702378871e-10,0.017234012044549055
1.3042961325458048e+16,4.0103983825427647e-14,4.010398382542765e-12,0.959506353881738,1.7484818760849657e-08,18.90394403455207,6.650363424709606e-10,6.459761934273261e-06,4.0103983825427647e-10,0.015642358094180683
1.4370119340456582e+16,3.64001646499359e-14,3.64001646499359e-12,1.0571388252370455,1.7581421304609018e-08,19.79555321553006,5.562711007423586e-10,6.459761934273261e-06,3.64001646499359e-10,0.01419770196945921
1.583231941782289e+16,3.303841314892927e-14,3.3038413148929266e-12,1.1647056752698597,1.7678323543474906e-08,20.729215421862452,4.652368319208865e-10,6.459761934273261e-06,3.303841314892927e-10,0.012886467628469536
1.744330246738282e+16,2.998713752799642e-14,2.998713752799642e-12,1.2832177549638666,1.777552547744733e-08,21.706914080840438,3.8903834111530125e-10,6.459761934273261e-06,2.998713752799642e-10,0.011696332849978707
1.9218207575201024e+16,2.7217663665305504e-14,2.72176636653055e-12,1.4137887722346634,1.7873027106526307e-08,22.730726187706242,3.251651346200664e-10,6.459761934273261e-06,2.7217663665305504e-10,0.010616113436334876
2.1173714271946944e+16,2.4703965648807762e-14,2.470396564880776e-12,1.5576457579119634,1.7970828430711804e-08,23.802826700099434,2.71770400871347e-10,6.459761934273261e-06,2.4703965648807757e-10,0.009635658110852756
2.3328199277468972e+16,2.2422421199781508e-14,2.242242119978151e-12,1.7161405966650576,1.8068929450003857e-08,24.925493142764108,2.270869896123555e-10,6.459761934273261e-06,2.2422421199781508e-10,0.008745753121991509
2.570190919456756e+16,2.0351589684333908e-14,2.0351589684333906e-12,1.8907627312322013,1.816733016440243e-08,26.101110477622928,1.897128468650375e-10,6.459761934273261e-06,2.0351589684333904e-10,0.0079380356578525
2.831715077484857e+16,1.8472010626734575e-14,1.8472010626734574e-12,2.0831531593413044,1.8266030573907553e-08,27.33217614098375,1.36767945107982e-10,6.459761934273261e-06,1.8472010626734576e-10,0.007204915257313891
3.119850054465928e+16,1.6766020831132236e-14,1.6766020831132237e-12,2.2951198548564404,1.8365030678519216e-08,28.62130536951614,1.1442791077210961e-10,6.459761934273261e-06,1.6766020831132236e-10,0.006539502479271875
3.4373035761057044e+16,1.5217588393064362e-14,1.5217588393064361e-12,2.5286547580696896,1.8464330478237414e-08,29.971236747685875,9.572949965955729e-11,6.459761934273261e-06,1.521758839306436e-10,0.0059355441596611
3.78705888681933e+16,1.381216204090154e-14,1.381216204090154e-12,2.785952494802662,1.8563929973062143e-08,31.384838020609692,8.005598511026781e-11,6.459761934273261e-06,1.381216204090154e-10,0.005387364647839385
4.1724027845355336e+16,1.2536534391419642e-14,1.2536534391419642e-12,3.069431000229624,1.8663829162993424e-08,32.865112197742356,6.69350530749249e-11,6.459761934273261e-06,1.253653439141964e-10,0.0048898124701082955
4.5969565081205064e+16,1.1378717834459352e-14,1.1378717834459352e-12,3.3817542412322785,1.8764028048031232e-08,34.41520392136576,5.595217297480649e-11,6.459761934273261e-06,1.1378717834459352e-10,0.004438211919146048
5.064709767684589e+16,1.0327831880304954e-14,1.0327831880304954e-12,3.7258572508184606,1.886452662817558e-08,36.038406155242114,4.6765955795594625e-11,6.459761934273261e-06,1.0327831880304953e-10,0.004028319114416629
5.580058237568046e+16,9.374000911141374e-15,9.374000911141374e-13,4.1049737098631205,1.8965324903426467e-08,37.738167176057736,3.907311617585124e-11,6.459761934273261e-06,9.374000911141375e-11,0.003656282120637569
6.147844864343637e+16,8.508261375715326e-15,8.508261375715326e-13,4.522666335369028,1.906642287378389e-08,39.51809789748786,3.2638332614926827e-11,6.459761934273261e-06,8.508261375715325e-11,0.0033186047495221958
6.7734053780251224e+16,7.722477555069315e-15,7.722477555069314e-13,4.982860360818865,1.9167820539247858e-08,41.38197954542857,2.726249475230907e-11,6.459761934273261e-06,7.722477555069314e-11,0.003012113704625927
7.462618434168539e+16,7.009265107765452e-15,7.009265107765451e-13,5.489880423246778,1.926951789981836e-08,43.33377168639001,2.276752896461472e-11,6.459761934273261e-06,7.009265107765451e-11,0.002733928760543629
8.221960858074315e+16,6.36192167611898e-15,6.361921676118979e-13,6.048491203673949,1.9371514955495407e-08,45.37762064230849,1.635690138709382e-11,6.459761934273261e-06,6.361921676118979e-11,0.0024814356962184437
9.058568510241323e+16,5.7743639013214575e-15,5.774363901321457e-13,6.663942202822056,1.9473811706278983e-08,47.51786829731877,1.3680246233640556e-11,6.459761934273261e-06,5.7743639013214565e-11,0.002252261728005952
9.980303345053294e+16,5.241070255555992e-15,5.241070255555992e-13,7.3420170728824115,1.9576408152169102e-08,49.75906132102035,1.1440489729457804e-11,6.459761934273261e-06,5.241070255555992e-11,0.002044253211626954
1.099582729287408e+17,4.757029153875761e-15,4.757029153875761e-13,8.089087968930546,1.967930429316575e-08,52.10596082888339,9.562435670497918e-12,6.459761934273261e-06,4.757029153875761e-11,0.0018554554034654817
1.2114683659855213e+17,4.3176918582296634e-15,4.317691858229663e-13,8.912175430751056,1.978250012926895e-08,54.56355249496959,7.992620900891835e-12,6.459761934273261e-06,4.317691858229663e-11,0.0016840940910198116
1.3347386810401629e+17,3.9189297310557854e-15,3.9189297310557854e-13,9.81901435780567,1.9885995660478677e-08,57.137057144555754,6.6798747625861114e-12,6.459761934273261e-06,3.918929731055785e-11,0.001528558919880626
1.4705520975081942e+17,3.556995436735509e-15,3.5569954367355095e-13,10.81812669734093,1.998979088679495e-08,59.83194184450101,5.580466243848513e-12,6.459761934273261e-06,3.556995436735509e-11,0.0013873882605524447
1.620184911252074e+17,3.2284877263029033e-15,3.2284877263029035e-13,11.918901528714684,2.0093885808217756e-08,62.65393151711415,4.661136147688455e-12,6.459761934273261e-06,3.228487726302903e-11,0.001259255472905844
1.7850432848294528e+17,2.9303194744760697e-15,2.9303194744760697e-13,13.131683296528058,2.01982804247471e-08,65.60902110259633,3.893067726829221e-12,6.459761934273261e-06,2.930319474476069e-11,0.0011429564391815692
1.9666764617949248e+17,2.6596886686407677e-15,2.6596886686407675e-13,14.46786902172782,2.0302974736382993e-08,68.70348829387378,3.250171499846495e-12,6.459761934273261e-06,2.6596886686407674e-11,0.0010373982483888535
2.1667913255939386e+17,2.4140520771582286e-15,2.4140520771582285e-13,15.940015404210397,2.0407968743125407e-08,71.94390687317973,2.713235011942496e-12,6.459761934273261e-06,2.4140520771582285e-11,0.0009415889257607201
2.3872684398654016e+17,2.1911013495463452e-15,2.191101349546345e-13,17.56195682341912,2.0513262444974373e-08,75.33716067695916,1.9415381295806075e-12,6.459761934273261e-06,2.1911013495463456e-11,0.0008546281107493193
2.6301797208899094e+17,1.9887413239383808e-15,1.9887413239383807e-13,19.348935345832103,2.0618855841929872e-08,78.89045821957305,1.6225463406422906e-12,6.459761934273261e-06,1.9887413239383806e-11,0.0007756985959588122
2.8978079082596243e+17,1.805070337964527e-15,1.8050703379645268e-13,21.31774396108019,2.072474893399191e-08,82.61134800706789,1.3565610441616757e-12,6.459761934273261e-06,1.805070337964527e-11,0.0007040586475033018
3.1926680167432685e+17,1.6383623580300043e-15,1.6383623580300044e-13,23.486884392740404,2.0830941721160484e-08,86.50773457281339,1.1337303183233683e-12,6.459761934273261e-06,1.6383623580300045e-11,0.0006390350346212345
3.5175309709391034e+17,1.4870507590504555e-15,1.4870507590504554e-13,25.876740966824425,2.0937434203435606e-08,90.58789526964345,9.471690011454827e-13,6.459761934273261e-06,1.4870507590504556e-11,0.0005800167030424034
3.875449644819941e+17,1.3497136022164747e-15,1.3497136022164746e-13,28.509772171871937,2.104422638081725e-08,94.86049785399776,7.913907381801694e-13,6.459761934273261e-06,1.3497136022164744e-11,0.0005264490326537155
4.26978755087559e+17,1.2250602724357628e-15,1.2250602724357628e-13,31.410721710825875,2.1151318253305445e-08,99.3346188994151,6.610106025992939e-13,6.459761934273261e-06,1.2250602724357629e-11,0.00047782862550040946
4.704250448455792e+17,1.1119193498797485e-15,1.1119193498797485e-13,34.60685102802627,2.1258709820900173e-08,104.01976307849881,5.520269100422682e-13,6.459761934273261e-06,1.1119193498797484e-11,0.0004336985751435415
5.182921168351431e+17,1.0092276016581322e-15,1.0092276016581322e-13,38.12819549648333,2.1366401083601437e-08,108.9258833543261,4.609549357489603e-13,6.459761934273261e-06,1.0092276016581323e-11,0.0003936441729177588
5.710297980874602e+17,9.160199901717433e-16,9.160199901717433e-14,42.00784667292436,2.1474392041409237e-08,114.06340212418787,3.848143269245498e-13,6.459761934273261e-06,9.160199901717433e-12,0.0003572890107393585
6.291336867998717e+17,8.314206042478832e-16,8.314206042478833e-14,46.28226327308539,2.158268269432358e-08,119.44323336057829,3.2117286689999266e-13,6.459761934273261e-06,8.314206042478833e-12,0.0003242914438410356
6.931498096808233e+17,7.546344278341642e-16,7.546344278341641e-14,50.99161378961696,2.169127304234447e-08,125.07680579647416,2.6803363854773143e-13,6.459761934273261e-06,7.546344278341641e-12,0.0002943413801921279
7.636797531927293e+17,6.849398688979514e-16,6.849398688979514e-14,56.180153972321,2.1800163085471883e-08,130.9760872041486,1.9106584392623325e-13,6.459761934273261e-06,6.849398688979514e-12,0.0002671573664332505
8.41386316913314e+17,6.216819783221397e-16,6.216819783221397e-14,61.896642718069764,2.1909352823705846e-08,137.15360981910808,1.5961627530559411e-13,6.459761934273261e-06,6.2168197832213974e-12,0.00024248394294054614
9.269997421422884e+17,5.642662950725605e-16,5.642662950725604e-14,68.19480027868762,2.2018842257046335e-08,143.62249696314927,1.3338519312578578e-13,6.459761934273261e-06,5.642662950725604e-12,0.00022008924316404844
1.0213245742863799e+18,5.12153259797289e-16,5.1215325979728904e-14,75.1338130927815,2.2128631385493377e-08,150.39649092310728,1.1142992217490003e-13,6.459761934273261e-06,5.12153259797289e-12,0.00019976281468006297
1.1252472235112403e+18,4.648531443602561e-16,4.64853144360256e-14,82.77888998562238,2.2238720209046945e-08,157.48998214450444,9.305863528576085e-14,6.459761934273261e-06,4.6485314436025595e-12,0.00018131364148113915
1.239744294711085e+18,4.2192144965970374e-16,4.219214496597037e-14,91.20187496393923,2.234910872770706e-08,164.91803980213476,7.771752761649157e-14,6.459761934273261e-06,4.219214496597037e-12,0.0001645683489182022
1.3658917650760328e+18,3.829547284829928e-16,3.829547284829928e-14,100.48192236429634,2.24597969414737e-08,172.6964438125078,6.490276880978676e-14,6.459761934273261e-06,3.8295472848299285e-12,0.00014936957442598486
1.5048750955029005e+18,3.475867941432351e-16,3.475867941432351e-14,110.70624069972938,2.2570784850346886e-08,180.84171835617872,5.417511150712652e-14,6.459761934273261e-06,3.4758679414323506e-12,0.0001355744887207292
1.658000370870395e+18,3.1548527926881655e-16,3.154852792688165e-14,121.97091219486178,2.2682072454326616e-08,189.37116698116068,4.5225491547386516e-14,6.459761934273261e-06,3.1548527926881653e-12,0.00012305345357326982
1.8267065738686403e+18,2.863485124072601e-16,2.863485124072601e-14,134.3817957110248,2.279365975341288e-08,198.3029093620004,3.774646072223861e-14,6.459761934273261e-06,2.863485124072601e-12,0.00011168880354400898
2.0125791077255273e+18,2.5990268309154293e-16,2.5990268309154293e-14,148.0555215465584,2.2905546747605686e-08,207.6559197926109,3.149242857317818e-14,6.459761934273261e-06,2.599026830915429e-12,0.00010137374023122803
2.2173646949083139e+18,2.3589926872786104e-16,2.3589926872786105e-14,163.12058746082738,2.3017733436905016e-08,217.4500674946196,2.6275702981130412e-14,6.459761934273261e-06,2.3589926872786102e-12,9.201132864154331e-05
2.442987791810272e+18,2.1411269912415143e-16,2.1411269912415142e-14,179.7185662217819,2.31302198213109e-08,227.70615882688202,1.8641152084940495e-14,6.459761934273261e-06,2.141126991241514e-12,8.35135862509497e-05
2.6915686736776356e+18,1.943382367120296e-16,1.943382367120296e-14,198.00543602486204,2.324300590082331e-08,238.4459814858065,1.557177447305271e-14,6.459761934273261e-06,1.943382367120296e-12,7.58006561960008e-05
2.965443359729023e+18,1.76390052541636e-16,1.7639005254163597e-14,218.15304628578903,2.3356091675442273e-08,249.69235079041198,1.3006675227265998e-14,6.459761934273261e-06,1.7639005254163597e-12,6.88000568252322e-05
3.267185565711527e+18,1.6009947996875802e-16,1.60099479968758e-14,240.3507325818754,2.3469477145167765e-08,261.46915815041933,1.0863922130723393e-14,6.459761934273261e-06,1.6009947996875802e-12,6.244600055856707e-05
3.5996308901914957e+18,1.4531342962334149e-16,1.4531342962334148e-14,264.80709591818265,2.3583162309999794e-08,273.80142182036855,9.070353161195297e-15,6.459761934273261e-06,1.4531342962334147e-12,5.6678775653720034e-05
3.96590346186806e+18,1.3189295076422865e-16,1.3189295076422864e-14,291.7519630389878,2.369714716993836e-08,286.7153400475507,7.571529017683056e-15,6.459761934273261e-06,1.3189295076422864e-12,5.144418506981596e-05
4.369445298326226e+18,1.197119255005249e-16,1.1971192550052489e-14,321.43854620648926,2.381143172498347e-08,300.23834672669403,6.3207010292316946e-15,6.459761934273261e-06,1.197119255005249e-12,4.669303715497203e-05
4.81404865212538e+18,1.086558836086779e-16,1.0865588360867789e-14,354.1458227430497,2.3926015975135123e-08,314.3991696796057,5.275869252572568e-15,6.459761934273261e-06,1.0865588360867788e-12,4.238068337163341e-05
5.303891648193305e+18,9.862092680758777e-17,9.862092680758777e-15,390.1811566985565,2.404089992039329e-08,329.2278916835897,4.4015354520650976e-15,6.459761934273261e-06,9.862092680758776e-13,3.846659871546617e-05
5.843577547425727e+18,8.951275238270401e-17,8.9512752382704e-15,429.88318727984426,2.415608356075802e-08,344.7560143782984,3.67352813193519e-15,6.459761934273261e-06,8.9512752382704e-13,3.491400088482482e-05
6.438178005466914e+18,8.124576698371562e-17,8.124576698371563e-15,473.6250111858869,2.4271566896229277e-08,361.01652518674877,3.064837546686014e-15,6.459761934273261e-06,8.124576698371562e-13,3.168950462197853e-05
7.093280733193709e+18,7.374228226779015e-17,7.374228226779015e-15,521.8176887546094,2.4387349926807083e-08,378.04396739270754,2.5565568318800047e-15,6.459761934273261e-06,7.374228226779014e-13,2.8762807977783824e-05
7.815042006787088e+18,6.693178482950905e-17,6.6931784829509045e-15,574.9141068699412,2.450343265249142e-08,395.87451352327463,2.1322041426172585e-15,6.459761934273261e-06,6.693178482950905e-13,2.610640755151128e-05
8.610244520852159e+18,6.075027355670022e-17,6.075027355670022e-15,633.4132349305984,2.46198150732823e-08,414.5460421925974,1.5055830984497283e-15,6.459761934273261e-06,6.075027355670021e-13,2.3695340029805808e-05
9.486361128254863e+18,5.513965818504257e-17,5.5139658185042565e-15,697.864813875588,2.4736497189179704e-08,434.0982185699152,1.2577464286683665e-15,6.459761934273261e-06,5.513965818504257e-13,2.150694759592152e-05
1.0451625065667633e+19,5.004721339938678e-17,5.004721339938678e-15,768.8745223313424,2.4853479000183655e-08,454.57257864292916,1.0498790913114875e-15,6.459761934273261e-06,5.004721339938678e-13,1.9520665004675197e-05
1.15151073247605e+19,4.542508335177217e-17,4.542508335177217e-15,847.1096684287548,2.4970760506294143e-08,476.01261745544474,8.76803159738187e-16,6.459761934273261e-06,4.542508335177216e-13,1.7717826322179565e-05
1.2686801896130204e+19,4.1229831939868075e-17,4.1229831939868076e-15,933.3054607787325,2.5088341707511175e-08,498.4638815068016,7.319718255740441e-16,6.459761934273261e-06,4.122983193986807e-13,1.6081489514201086e-05
1.3977719687037247e+19,3.742203461963402e-17,3.742203461963402e-15,1028.271917537032,2.520622260383474e-08,521.9740655093118,6.108256345286383e-16,6.459761934273261e-06,3.7422034619634026e-13,1.4596277234731801e-05
1.5399991995538555e+19,3.3965907916275864e-17,3.396590791627586e-15,1132.9014784860005,2.532440319526484e-08,546.5931137093208,5.09671501572537e-16,6.459761934273261e-06,3.396590791627586e-13,1.3248232318592799e-05
1.6966984513403318e+19,3.0828973151866636e-17,3.0828973151866636e-15,1248.1773916669806,2.544288348180148e-08,572.3733259870845,4.2528526861057433e-16,6.459761934273261e-06,3.0828973151866637e-13,1.2024686620076397e-05
1.869342292914603e+19,2.798175122953491e-17,2.7981751229534906e-15,1375.1829533761409,2.5561663463444663e-08,599.3694689608727,3.547577036532015e-16,6.459761934273261e-06,2.79817512295349e-13,1.091414196504699e-05
2.059553131152305e+19,2.5397485605976644e-17,2.539748560597664e-15,1515.111688355992,2.568074314019439e-08,627.6388923313519,2.958291661150979e-16,6.459761934273261e-06,2.5397485605976644e-13,9.906162097756375e-06
2.2691184573937283e+19,2.3051890848952984e-17,2.305189084895298e-15,1669.2785658498829,2.580012251205063e-08,657.241650713349,2.4679394285662823e-16,6.459761934273261e-06,2.305189084895298e-13,8.991274606954693e-06
2.500007645252716e+19,2.0922924416856026e-17,2.0922924416856024e-15,1839.1323569217604,2.591980157901343e-08,688.240631213877,2.058086445361085e-16,6.459761934273261e-06,2.0922924416856023e-13,8.160881909652738e-06
2.7543904576496484e+19,1.8990579515665084e-17,1.8990579515665083e-15,2026.2692491678097,2.6039780341082764e-08,720.7016870273775,1.716038489664423e-16,6.459761934273261e-06,1.8990579515665084e-13,7.407180456014906e-06
3.034657436987395e+19,1.7236697086677485e-17,1.7236697086677485e-15,2232.4478467635245,2.6160058798258642e-08,754.6937773320601,1.2039896624073242e-16,6.459761934273261e-06,1.7236697086677485e-13,6.723087396114943e-06
3.3434423700847067e+19,1.5644795158188887e-17,1.5644795158188885e-15,2459.605696807532,2.6280636950541047e-08,790.2891137844445,1.0057465611305926e-16,6.459761934273261e-06,1.5644795158188887e-13,6.102174019413271e-06
3.6836470389801538e+19,1.4199913957463884e-17,1.4199913957463884e-15,2709.8774972676556,2.6401514797930005e-08,827.563313923403,8.40034800075328e-17,6.459761934273261e-06,1.4199913957463886e-13,5.538605341456644e-06
4.058468490199627e+19,1.2888475327453363e-17,1.2888475327453362e-15,2985.615157636458,2.6522692340425476e-08,866.5955618095034,7.00987467797207e-17,6.459761934273261e-06,1.2888475327453362e-13,5.0270852700726244e-06
4.471429078748935e+19,1.1698155127134422e-17,1.169815512713442e-15,3289.4099008152184,2.66441695780275e-08,907.4687762409909,5.852406001806563e-17,6.459761934273261e-06,1.169815512713442e-13,4.562806835761063e-06
4.926409569166874e+19,1.061776741636825e-17,1.0617767416368251e-15,3624.116613926561,2.676594651073607e-08,950.2697869036915,4.884574693093573e-17,6.459761934273261e-06,1.0617767416368251e-13,4.1414070185777795e-06
5.427685604703615e+19,9.637159336910616e-18,9.637159336910616e-16,3992.8806768908125,2.688802313855117e-08,995.0895188290762,4.0751719227844785e-17,6.459761934273261e-06,9.637159336910616e-14,3.758925746999032e-06
5.9799678873409585e+19,8.747115701727244e-18,8.747115701727244e-16,4399.167520885751,2.7010399461472807e-08,1042.0231855523728,3.3992639146974367e-17,6.459761934273261e-06,8.747115701727244e-14,3.4117686834616873e-06
6.588446446242074e+19,7.939272396001639e-18,7.939272396001639e-16,4846.795194462342,2.7133075479500984e-08,1091.1704913809735,2.8352211499168574e-17,6.459761934273261e-06,7.93927239600164e-14,3.0966734468599192e-06
7.2588394106413335e+19,7.206037776025592e-18,7.206037776025591e-16,5339.970243354941,2.72560511926357e-08,1142.6358432029576,2.3642086625220763e-17,6.459761934273261e-06,7.206037776025591e-14,2.810678954575997e-06
7.9974467455121e+19,6.540521327327124e-18,6.540521327327124e-16,5883.327241162545,2.7379326600876955e-08,1196.5285722855458,1.9711261256153533e-17,6.459761934273261e-06,6.540521327327124e-14,2.551097595940292e-06
8.811209454990772e+19,5.936468911604097e-18,5.936468911604096e-16,6481.97234238873,2.7502901704224747e-08,1252.9631665348136,1.643303287067223e-17,6.459761934273261e-06,5.936468911604097e-14,2.315489975621945e-06
9.707774809914884e+19,5.388203993953524e-18,5.388203993953525e-16,7141.531267125255,2.7626776502679072e-08,1312.0595137099233,1.3699198070991049e-17,6.459761934273261e-06,5.388203993953524e-14,2.10164198960393e-06
1.06955682124478e+20,4.890574298082443e-18,4.890574298082443e-16,7868.202168313034,2.775095099623994e-08,1373.9431561086947,1.1419155687167982e-17,6.459761934273261e-06,4.8905742980824426e-14,1.907544018315147e-06
1.1783872373129947e+20,4.4389033881984634e-18,4.4389033881984637e-16,8668.81387839474,2.7875425184907345e-08,1438.7455572654121,9.515783108251731e-18,6.459761934273261e-06,4.438903388198463e-14,1.7313720413892542e-06
1.2982914544419106e+20,4.028946722573162e-18,4.028946722573162e-16,9550.890082729187,2.8000199068681283e-08,1506.6043812275855,6.64832274662093e-18,6.459761934273261e-06,4.028946722573162e-14,1.5714704965771067e-06
1.4303962630487985e+20,3.656851765796336e-18,3.6568517657963363e-16,10522.720022830526,2.8125272647561776e-08,1577.6637850048191,5.550930277914944e-18,6.459761934273261e-06,3.6568517657963364e-14,1.4263367217312422e-06
1.5759431076464014e+20,3.3191217848786176e-18,3.319121784878617e-16,11593.436393860888,2.8250645921548787e-08,1652.0747248111077,4.634607995125074e-18,6.459761934273261e-06,3.319121784878617e-14,1.2946068336569763e-06
1.7362997532198443e+20,3.0125829889789655e-18,3.0125829889789653e-16,12773.101168412972,2.837631889064235e-08,1729.9952767511993,3.866180780347442e-18,6.459761934273261e-06,3.012582988978965e-14,1.1750429111276365e-06
1.9129731386900398e+20,2.7343547039559454e-18,2.7343547039559455e-16,14072.800153102682,2.850229155484245e-08,1811.59097263212,3.2271913108061837e-18,6.459761934273261e-06,2.7343547039559455e-14,1.066521361617625e-06
2.107623538253362e+20,2.4818223014596453e-18,2.4818223014596453e-16,15504.747166562589,2.8628563914149093e-08,1897.03515161344,2.6927485329926958e-18,6.459761934273261e-06,2.4818223014596454e-14,9.6802236243026e-07
2.322080163677269e+20,2.2526126281682785e-18,2.2526126281682784e-16,17082.398817837788,2.8755135968562262e-08,1986.5093284431246,2.2458582667201974e-18,6.459761934273261e-06,2.2526126281682785e-14,8.786202769945375e-07
2.5583583541736417e+20,2.044571704266984e-18,2.044571704266984e-16,18820.58096380829,2.8882007718081967e-08,2080.2035790614254,1.8729394084790616e-18,6.459761934273261e-06,2.0445717042669838e-14,7.974749562684477e-07
2.8186785153898263e+20,1.8557444815926664e-18,1.8557444815926663e-16,20735.628034007863,2.9009179162708216e-08,2178.316944391777,1.5616361936883365e-18,6.459761934273261e-06,1.855744481592666e-14,7.238238435047203e-07
3.105486985495627e+20,1.6843564712230365e-18,1.6843564712230363e-16,22845.536532137612,2.9136650302441007e-08,2281.05785317672,1.3018806067589865e-18,6.459761934273261e-06,1.6843564712230363e-14,6.56974808183918e-07
3.421479024453012e+20,1.5287970678571422e-18,1.528797067857142e-16,25170.13415678792,2.926442113728034e-08,2388.6445647568685,1.085041430804829e-18,6.459761934273261e-06,1.528797067857142e-14,5.962996417725553e-07
