E_GeV,rate_acc,rate_acc_2,rate_sync,rate_bremss,rate_ic_0,rate_ic_1,t_ad_val,Shear,ESC
0.0001,83796.47634641046,8379647.634641045,7.917953691520786e-05,1.3736672470259846e-10,0.00017848020304796075,6.356292887892344e-05,1.0206423856151752e-05,2.7496423643945952e-15,1.3092611776050496e+16
0.00010423606739764012,83796.47634641046,8379647.634641045,7.917953691520786e-05,1.3736672470259846e-10,0.00017848020304796075,6.356292887892344e-05,1.0206423856151752e-05,2.7496423643945952e-15,1.3092611776050496e+16
0.00010865157746525384,83796.47634641046,8379647.634641045,7.917953691520786e-05,1.3736672470259846e-10,0.00017848020304796075,6.356292887892344e-05,1.0206423856151752e-05,2.7496423643945952e-15,1.3092611776050496e+16
0.00011325413151528115,83796.47634641046,8379647.634641045,7.917953691520786e-05,1.3736672470259846e-10,0.00017848020304796075,6.356292887892344e-05,1.0206423856151752e-05,2.7496423643945952e-15,1.3092611776050496e+16
0.00011805165285688056,83796.47634641046,8379647.634641045,7.917953691520786e-05,1.3736672470259846e-10,0.00017848020304796075,6.356292887892344e-05,1.0206423856151752e-05,2.7496423643945952e-15,1.3092611776050496e+16
0.00012305240043592616,83796.47634641046,8379647.634641045,7.917953691520786e-05,1.3736672470259846e-10,0.00017848020304796075,6.356292887892344e-05,1.0206423856151752e-05,2.7496423643945952e-15,1.3092611776050496e+16
0.000128264983052806,83796.47634641046,8379647.634641045,7.917953691520786e-05,1.3736672470259846e-10,0.00017848020304796075,6.356292887892344e-05,1.0206423856151752e-05,2.7496423643945952e-15,1.3092611776050496e+16
0.00013369837418249466,83796.47634641046,8379647.634641045,7.917953691520786e-05,1.3736672470259846e-10,0.00017848020304796075,6.356292887892344e-05,1.0206423856151752e-05,2.7496423643945952e-15,1.3092611776050496e+16
0.0001393619274224142,83796.47634641046,8379647.634641045,7.917953691520786e-05,1.3736672470259846e-10,0.00017848020304796075,6.356292887892344e-05,1.0206423856151752e-05,2.7496423643945952e-15,1.3092611776050496e+16
0.00014526539259467812,83796.47634641046,8379647.634641045,7.917953691520786e-05,1.3736672470259846e-10,0.00017848020304796075,6.356292887892344e-05,1.0206423856151752e-05,2.7496423643945952e-15,1.3092611776050496e+16
0.0001514189325304352,83796.47634641046,8379647.634641045,7.917953691520786e-05,1.3736672470259846e-10,0.00017848020304796075,6.356292887892344e-05,1.0206423856151752e-05,2.7496423643945952e-15,1.3092611776050496e+16
0.0001578331405652118,83796.47634641046,8379647.634641045,7.917953691520786e-05,1.3736672470259846e-10,0.00017848020304796075,6.356292887892344e-05,1.0206423856151752e-05,2.7496423643945952e-15,1.3092611776050496e+16
0.00016451905877536624,83796.47634641046,8379647.634641045,7.917953691520786e-05,1.3736672470259846e-10,0.00017848020304796075,6.356292887892344e-05,1.0206423856151752e-05,2.7496423643945952e-15,1.3092611776050496e+16
0.00017148819698705392,83796.47634641046,8379647.634641045,7.917953691520786e-05,1.3736672470259846e-10,0.00017848020304796075,6.356292887892344e-05,1.0206423856151752e-05,2.7496423643945952e-15,1.3092611776050496e+16
0.00017875255259042355,83796.47634641046,8379647.634641045,7.917953691520786e-05,1.3736672470259846e-10,0.00017848020304796075,6.356292887892344e-05,1.0206423856151752e-05,2.7496423643945952e-15,1.3092611776050496e+16
0.00018632463119315598,83796.47634641046,8379647.634641045,7.917953691520786e-05,1.3736672470259846e-10,0.00017848020304796075,6.356292887892344e-05,1.0206423856151752e-05,2.7496423643945952e-15,1.3092611776050496e+16
0.00019421746814890265,83796.47634641046,8379647.634641045,7.917953691520786e-05,1.3736672470259846e-10,0.00017848020304796075,6.356292887892344e-05,1.0206423856151752e-05,2.7496423643945952e-15,1.3092611776050496e+16
0.00020244465099768038,83796.47634641046,8379647.634641045,7.917953691520786e-05,1.3736672470259846e-10,0.00017848020304796075,6.356292887892344e-05,1.0206423856151752e-05,2.7496423643945952e-15,1.3092611776050496e+16
0.00021102034285685965,83796.47634641046,8379647.634641045,7.917953691520786e-05,1.3736672470259846e-10,0.00017848020304796075,6.356292887892344e-05,1.0206423856151752e-05,2.7496423643945952e-15,1.3092611776050496e+16
0.0002199593068030075,83796.47634641046,8379647.634641045,7.917953691520786e-05,1.3736672470259846e-10,0.00017848020304796075,6.356292887892344e-05,1.0206423856151752e-05,2.7496423643945952e-15,1.3092611776050496e+16
0.00022927693128656486,83796.47634641046,8379647.634641045,7.917953691520786e-05,1.3736672470259846e-10,0.00017848020304796075,6.356292887892344e-05,1.0206423856151752e-05,2.7496423643945952e-15,1.3092611776050496e+16
0.00023898925662310503,83796.47634641046,8379647.634641045,7.917953691520786e-05,1.3736672470259846e-10,0.00017848020304796075,6.356292887892344e-05,1.0206423856151752e-05,2.7496423643945952e-15,1.3092611776050496e+16
0.00024911300260677886,83796.47634641046,8379647.634641045,7.917953691520786e-05,1.3736672470259846e-10,0.00017848020304796075,6.356292887892344e-05,1.0206423856151752e-05,2.7496423643945952e-15,1.3092611776050496e+16
0.00025966559729348725,83796.47634641046,8379647.634641045,7.917953691520786e-05,1.3736672470259846e-10,0.00017848020304796075,6.356292887892344e-05,1.0206423856151752e-05,2.7496423643945952e-15,1.3092611776050496e+16
0.0002706652070033241,83796.47634641046,8379647.634641045,7.917953691520786e-05,1.3736672470259846e-10,0.00017848020304796075,6.356292887892344e-05,1.0206423856151752e-05,2.7496423643945952e-15,1.3092611776050496e+16
0.0002821307675939471,83796.47634641046,8379647.634641045,7.917953691520786e-05,1.3736672470259846e-10,0.00017848020304796075,6.356292887892344e-05,1.0206423856151752e-05,2.7496423643945952e-15,1.3092611776050496e+16
0.00029408201705870637,83796.47634641046,8379647.634641045,7.917953691520786e-05,1.3736672470259846e-10,0.00017848020304796075,6.356292887892344e-05,1.0206423856151752e-05,2.7496423643945952e-15,1.3092611776050496e+16
0.0003065395295056527,83796.47634641046,8379647.634641045,7.917953691520786e-05,1.3736672470259846e-10,0.00017848020304796075,6.356292887892344e-05,1.0206423856151752e-05,2.7496423643945952e-15,1.3092611776050496e+16
0.00031952475057592136,83796.47634641046,8379647.634641045,7.917953691520786e-05,1.3736672470259846e-10,0.00017848020304796075,6.356292887892344e-05,1.0206423856151752e-05,2.7496423643945952e-15,1.3092611776050496e+16
0.0003330600343624589,83796.47634641046,8379647.634641045,7.917953691520786e-05,1.3736672470259846e-10,0.00017848020304796075,6.356292887892344e-05,1.0206423856151752e-05,2.7496423643945952e-15,1.3092611776050496e+16
0.00034716868189265597,83796.47634641046,8379647.634641045,7.917953691520786e-05,1.3736672470259846e-10,0.00017848020304796075,6.356292887892344e-05,1.0206423856151752e-05,2.7496423643945952e-15,1.3092611776050496e+16
0.00036187498124112805,83796.47634641046,8379647.634641045,7.917953691520786e-05,1.3736672470259846e-10,0.00017848020304796075,6.356292887892344e-05,1.0206423856151752e-05,2.7496423643945952e-15,1.3092611776050496e+16
0.00037720424934169976,83796.47634641046,8379647.634641045,7.917953691520786e-05,1.3736672470259846e-10,0.00017848020304796075,6.356292887892344e-05,1.0206423856151752e-05,2.7496423643945952e-15,1.3092611776050496e+16
0.00039318287557057704,83796.47634641046,8379647.634641045,7.917953691520786e-05,1.3736672470259846e-10,0.00017848020304796075,6.356292887892344e-05,1.0206423856151752e-05,2.7496423643945952e-15,1.3092611776050496e+16
0.0004098383671757261,83796.47634641046,8379647.634641045,7.917953691520786e-05,1.3736672470259846e-10,0.00017848020304796075,6.356292887892344e-05,1.0206423856151752e-05,2.7496423643945952e-15,1.3092611776050496e+16
0.00042719939663067764,83796.47634641046,8379647.634641045,7.917953691520786e-05,1.3736672470259846e-10,0.00017848020304796075,6.356292887892344e-05,1.0206423856151752e-05,2.7496423643945952e-15,1.3092611776050496e+16
0.0004452958509942655,83796.47634641046,8379647.634641045,7.917953691520786e-05,1.3736672470259846e-10,0.00017848020304796075,6.356292887892344e-05,1.0206423856151752e-05,2.7496423643945952e-15,1.3092611776050496e+16
0.00046415888336127773,83796.47634641046,8379647.634641045,7.917953691520786e-05,1.3736672470259846e-10,0.00017848020304796075,6.356292887892344e-05,1.0206423856151752e-05,2.7496423643945952e-15,1.3092611776050496e+16
0.00048382096649259574,83796.47634641046,8379647.634641045,7.917953691520786e-05,1.3736672470259846e-10,0.00017848020304796075,6.356292887892344e-05,1.0206423856151752e-05,2.7496423643945952e-15,1.3092611776050496e+16
0.0005043159487171359,83796.47634641046,8379647.634641045,7.917953691520786e-05,1.3736672470259846e-10,0.00017848020304796075,6.356292887892344e-05,1.0206423856151752e-05,2.7496423643945952e-15,1.3092611776050496e+16
0.0005256791122018419,102835.12131527257,10283512.131527256,6.4520429473637e-05,1.1808298397222603e-10,0.00014049126481924313,5.013697062847411e-05,1.0206423856151752e-05,2.240580245368567e-15,1.6067266537056402e+16
0.0005479472336900287,114888.6622410509,11488866.22410509,5.775127034131491e-05,1.076434729827858e-10,0.00012230288071954807,4.36922033633274e-05,1.0206423856151752e-05,2.0055098288606566e-15,1.7950547776897128e+16
0.0005711586478126435,124075.96567398675,12407596.567398673,5.347503165656207e-05,1.0039751757929438e-10,0.00011054741078833293,3.951897911592305e-05,1.0206423856151752e-05,1.8570102605889826e-15,1.9385999509007548e+16
0.000595353313081437,131873.39863036972,13187339.86303697,5.0313150803311086e-05,9.465689354520353e-11,0.00010170560406871388,3.637489271971165e-05,1.0206423856151752e-05,1.7472086390592012e-15,2.0604293726125628e+16
0.0006205728806776501,138750.3591271806,13875035.912718058,4.7819452388971794e-05,8.986892578680528e-11,9.463388028978692e-05,3.385656843795389e-05,1.0206423856151752e-05,1.6606107746206433e-15,2.1678770576581376e+16
0.0006468607661546328,144918.85984371422,14491885.984371422,4.578400768119718e-05,8.577195398472938e-11,8.878894533273225e-05,3.177350734326599e-05,1.0206423856151752e-05,1.5899265395654002e-15,2.2642555554699052e+16
0.0006742622241778342,150490.10663549215,15049010.663549213,4.408905236744735e-05,8.221885487468165e-11,8.386343390857565e-05,3.0018459583398982e-05,1.0206423856151752e-05,1.5310663704104188e-15,2.3513023795532664e+16
0.0007028244264308353,155526.99463211832,15552699.46321183,4.266118694011428e-05,7.911798943474553e-11,7.966747278131214e-05,2.852459272824778e-05,1.0206423856151752e-05,1.4814813460138522e-15,2.430000222200799e+16
0.000732596542821523,160066.4557829155,16006645.578291548,4.145132195113627e-05,7.640821353140949e-11,7.60883164089062e-05,2.724825291372914e-05,1.0206423856151752e-05,1.4394667528689817e-15,2.5009261192208084e+16
0.0007636298261282241,164130.5490282628,16413054.902826278,4.042493144339893e-05,7.404662344509205e-11,7.303641851143395e-05,2.6157931474584033e-05,1.0206423856151752e-05,1.4038236191448053e-15,2.5644247260870868e+16
0.0007959777002314986,167732.60608799354,16773260.608799353,3.955680619875545e-05,7.200189468131295e-11,7.043650653213643e-05,2.5229616049060108e-05,1.0206423856151752e-05,1.373676512414081e-15,2.6207043415726804e+16
0.0008296958520834907,170880.93606049454,17088093.606049452,3.882800706268408e-05,7.025037292379494e-11,6.824270530873641e-05,2.444608828403549e-05,1.0206423856151752e-05,1.3483677387365841e-15,2.6698947895128284e+16
0.0008648423275731727,173581.20771892715,17358120.771892715,3.8223989102430226e-05,6.877364000982081e-11,6.641792263372225e-05,2.3793892371586833e-05,1.0206423856151752e-05,1.3273922009009968e-15,2.7120846405127444e+16
0.0009014776314524918,175838.055903693,17583805.590369295,3.7733391433018004e-05,6.755692562908034e-11,6.493074578145965e-05,2.326220711425211e-05,1.0206423856151752e-05,1.3103553731012371e-15,2.7473463107033536e+16
0.000939664831495469,177656.19765551732,17765619.76555173,3.734722615813506e-05,6.658803152781983e-11,6.375692194295403e-05,2.2842464529217056e-05,1.0206423856151752e-05,1.296945135546889e-15,2.7757535005379944e+16
0.0009794696670695395,179041.21595940468,17904121.595940467,3.7058317308006574e-05,6.585658120549466e-11,6.28768717862451e-05,2.2527729215076492e-05,1.0206423856151752e-05,1.2869122906388348e-15,2.797393440242091e+16
0.0010209606623060466,180000.10287880313,18000010.287880313,3.6860902222385814e-05,6.535348493632621e-11,6.227461211597842e-05,2.231231737956007e-05,1.0206423856151752e-05,1.2800567203243137e-15,2.8123753759035836e+16
0.0010642092440647246,180541.6183894519,18054161.83894519,3.675034184041964e-05,6.507055246054185e-11,6.193726984621329e-05,2.219158017566662e-05,1.0206423856151752e-05,1.276217325426066e-15,2.8208361760001476e+16
0.0011092898648952228,180676.50179850246,18067650.179850247,3.6722906001548136e-05,6.500021023152272e-11,6.185352183104767e-05,2.2161605397399387e-05,1.0206423856151752e-05,1.275264569855589e-15,2.822943634674697e+16
0.0011562801312073755,180417.56195848872,18041756.19584887,3.677561164340283e-05,6.513529478804024e-11,6.201439373188971e-05,2.2219183671602977e-05,1.0206423856151752e-05,1.2770948617634776e-15,2.8188978812654036e+16
0.0012052609368708425,179779.66668298526,17977966.668298524,3.690609908591458e-05,6.546890287748535e-11,6.241255431145437e-05,2.2361658641379627e-05,1.0206423856151752e-05,1.2816262572973519e-15,2.8089312149327784e+16
0.0012563166024741215,178779.64867413722,17877964.86741372,3.711253625030075e-05,6.599428469380312e-11,6.304215570289987e-05,2.25868425395272e-05,1.0206423856151752e-05,1.2887951344453652e-15,2.793306634843299e+16
0.0013095350204826678,177436.14361642103,17743614.3616421,3.7393543711017106e-05,6.670477031984025e-11,6.389786199373673e-05,2.2892866026987533e-05,1.0206423856151752e-05,1.2985535903393935e-15,2.7723153104979628e+16
0.0013650078065460137,175769.37511721108,17576937.511721104,3.7748135520254597e-05,6.759372194345092e-11,6.497550894712006e-05,2.327821206818689e-05,1.0206423856151752e-05,1.3108673862863288e-15,2.7462732215794576e+16
0.001422830457214352,173800.90042717752,17380090.04271775,3.817567213936844e-05,6.865450611110511e-11,6.627165457610781e-05,2.3741605271982103e-05,1.0206423856151752e-05,1.3257143132329261e-15,2.715517185011704e+16
0.0014831025143361043,171553.33008920975,17155333.008920975,3.867582278224905e-05,6.988048147606413e-11,6.778360232868507e-05,2.4282016694411802e-05,1.0206423856151752e-05,1.3430828840761277e-15,2.6804004746708892e+16
0.0015459277364194785,169050.033708976,16905003.3708976,3.924853516241952e-05,7.12649983685001e-11,6.950959604717028e-05,2.4898643596045616e-05,1.0206423856151752e-05,1.362971283080234e-15,2.6412882242567976e+16
0.0016114142772530198,166314.84286645238,16631484.286645237,3.9894011129016906e-05,7.28014071749492e-11,7.144831041531937e-05,2.55908591272568e-05,1.0206423856151752e-05,1.3853865197954393e-15,2.5985527854938e+16
0.0016796748720926532,163371.76080764705,16337176.080764703,4.061268703620645e-05,7.448307303569233e-11,7.359621616432886e-05,2.635794428275327e-05,1.0206423856151752e-05,1.410343747352785e-15,2.5525691922676296e+16
0.0017508270317357234,160244.6870180822,16024468.701808216,4.140521795575196e-05,7.630339479616574e-11,7.595149093145236e-05,2.71994226747098e-05,1.0206423856151752e-05,1.4378657142191557e-15,2.503710857279192e+16
0.0018249932448161524,156957.16315306516,15695716.315306516,4.227246504044232e-05,7.82558265103433e-11,7.851924959305809e-05,2.8115521813988697e-05,1.0206423856151752e-05,1.4679823253710492e-15,2.45234560238323e+16
0.0019023011886689458,153532.1451594821,15353214.515948212,4.3215485495515296e-05,8.033390010725715e-11,8.13013398182322e-05,2.9106210011461985e-05,1.0206423856151752e-05,1.5007302940354292e-15,2.39883209815115e+16
0.001982883949127071,149991.8048413496,14999180.484134957,4.423552472918726e-05,8.253124810651488e-11,8.429176184996901e-05,3.0170926024680606e-05,1.0206423856151752e-05,1.5361528691036893e-15,2.3435167634719316e+16
0.0020668802496290823,146357.36265789674,14635736.265789675,4.533401034113918e-05,8.484162551057951e-11,8.748692344844158e-05,3.1309443318219395e-05,1.0206423856151752e-05,1.574299626371738e-15,2.2867311531394188e+16
0.002154434690031882,142648.9522452401,14264895.224524008,4.651254767597737e-05,8.725893021401509e-11,9.088970041349137e-05,3.252210586769323e-05,1.0206423856151752e-05,1.6152263141264544e-15,2.22878984109849e+16
0.002245697995539774,138885.51605152313,13888551.60515231,4.77729167220975e-05,8.977722145483405e-11,9.450096076519327e-05,3.380922279361021e-05,1.0206423856151752e-05,1.6589947454535375e-15,2.169988789817311e+16
0.0023408272761782944,135084.73058579993,13508473.058579993,4.911707017856255e-05,9.239073599193979e-11,9.832619793513049e-05,3.5171539248231984e-05,1.0206423856151752e-05,1.7056727311065936e-15,2.1106041823535624e+16
0.00243998629725955,131262.95910401965,13126295.910401965,5.0547132546182006e-05,9.509390182678498e-11,0.00010236444916227401,3.660937818406208e-05,1.0206423856151752e-05,1.7553340479433394e-15,2.050891683106124e+16
0.002543345761304648,127435.2290809403,12743522.908094028,5.20654001259005e-05,9.788134939822041e-11,0.00010662084670440368,3.8123669341620914e-05,1.0206423856151752e-05,1.80805843886964e-15,1.9910860858295296e+16
0.0026510836019085363,123615.23152591182,12361523.15259118,5.367434182934123e-05,1.007479202687938e-10,0.00011110118555613699,3.9715512648816154e-05,1.0206423856151752e-05,1.8639316409869924e-15,1.9314013029435576e+16
0.00276338529005317,119815.33906893975,11981533.906893974,5.537660072403001e-05,1.0368867339041562e-10,0.00011580328778150448,4.138549049652763e-05,1.0206423856151752e-05,1.9230454392530288e-15,1.87203064811529e+16
0.002880444153396298,116046.63974421813,11604663.974421812,5.717499625029451e-05,1.0669888908943397e-10,0.0001207304433989737,4.313467307447854e-05,1.0206423856151752e-05,1.985497743467059e-15,1.813147364103125e+16
0.003002461709085549,112318.98350369894,11231898.350369893,5.907252705876245e-05,1.0977407094798357e-10,0.00012589618773830693,4.496517526192466e-05,1.0206423856151752e-05,2.051392686806962e-15,1.7549053494986762e+16
0.0031296480106707504,108641.03867674826,10864103.867674826,6.107237442727974e-05,1.1290994578222186e-10,0.00013129440980189563,4.687762647522038e-05,1.0206423856151752e-05,2.1208407444874055e-15,1.6974400408693102e+16
0.00326222200971167,105020.35582938298,10502035.582938299,6.317790622433403e-05,1.1610246193090207e-10,0.00013692613434828477,4.887340666289705e-05,1.0206423856151752e-05,2.193958871396384e-15,1.6408694105139336e+16
0.0034004119327037063,101463.43674695009,10146343.674695008,6.539268139302793e-05,1.1934778607173412e-10,0.00014279813835650995,5.095439979472539e-05,1.0206423856151752e-05,2.270870657808718e-15,1.5852950442689804e+16
0.0035444556739704356,97975.80654990081,9797580.654990079,6.772045493553191e-05,1.226422987799975e-10,0.00014892057273957875,5.312297281900054e-05,1.0206423856151752e-05,2.351706502479546e-15,1.5308032682668112e+16
0.0036946012051993025,94562.08723947921,9456208.72394792,7.016518338297511e-05,1.259825890356016e-10,0.0001553033986918812,5.538158771982612e-05,1.0206423856151752e-05,2.4366038025954718e-15,1.4774662980355188e+16
0.003851107002325569,91226.07124803057,9122607.124803057,7.273103074005489e-05,1.2936544787268695e-10,0.00016196219084162438,5.773332298770076e-05,1.0206423856151752e-05,2.5257071602111117e-15,1.4253433876709184e+16
0.004014242490499322,87970.79382957499,8797079.382957498,7.542237489738706e-05,1.3278786135116478e-10,0.00016888502124014248,6.017918526031812e-05,1.0206423856151752e-05,2.619168604928718e-15,1.374481960888492e+16
0.004184288507901585,84798.60336519686,8479860.336519687,7.824381450789412e-05,1.3624700301334473e-10,0.00017609671672674134,6.272328257114427e-05,1.0206423856151752e-05,2.717147832692314e-15,1.3249187094957964e+16
0.004361537789208006,81711.22887176262,8171122.887176262,8.12001763264122e-05,1.397402259718179e-10,0.00018360911006864202,6.536898146443486e-05,1.0206423856151752e-05,2.8198124606678614e-15,1.2766806481688342e+16
0.0045462954695324,78709.84419028116,7870984.419028115,8.42965230142612e-05,1.4326505475770728e-10,0.0001914102989783632,6.811757865640872e-05,1.0206423856151752e-05,2.9273382982700673e-15,1.2297861173501702e+16
0.004738879609717651,75795.12849195542,7579512.849195541,8.753816141282956e-05,1.4681917704176432e-10,0.00019951327142309487,7.097279482304263e-05,1.0206423856151752e-05,3.0399096344765034e-15,1.1842457286135574e+16
0.004939621743878321,72967.3228767048,7296732.28767048,9.093065129230878e-05,1.5040043532493044e-10,0.00020792722504394176,7.393793527207075e-05,1.0206423856151752e-05,3.1577195416421055e-15,1.140063248976157e+16
0.005148867450137497,70226.28295234364,7022628.2952343635,9.44798145836298e-05,1.5400681868016033e-10,0.00021668368255002245,7.701860922488633e-05,1.0206423856151752e-05,3.2809701960936603e-15,1.0972364224113276e+16
0.005366976945540476,67571.52737479802,6757152.737479802,9.819174510342022e-05,1.5763645461365763e-10,0.00022579081753033246,8.021835990343336e-05,1.0206423856151752e-05,3.409873215845278e-15,1.0557577282554744e+16
0.005594325706169377,65002.28240302463,6500228.240302462,0.00010207281878345577,1.6128760110129796e-10,0.00023525323603349938,8.354091639151896e-05,1.0206423856151752e-05,3.544650015833268e-15,1.0156150773474094e+16
0.005831305113526219,62517.52257902462,6251752.257902461,0.00010612970441763891,1.649586388449241e-10,0.0002451037521323863,8.699230238306258e-05,1.0206423856151752e-05,3.685532181123013e-15,9767924476250400.0
0.00607832312829723,60116.00768583142,6011600.768583141,0.00011036937494102301,1.6864806378338234e-10,0.00025532203608140625,9.057435592818866e-05,1.0206423856151752e-05,3.832761858592027e-15,9392704615680108.0
0.006335804992658254,57796.31616677092,5779631.616677092,0.00011479911925683628,1.7235447988457838e-10,0.0002659296844910319,9.42923815778585e-05,1.0206423856151752e-05,3.986592167643214e-15,9030269083502066.0
0.006604193962330305,55556.87520966631,5555687.52096663,0.00011942655462884161,1.760765922373818e-10,0.00027694007942841793,9.815143068889304e-05,1.0206423856151752e-05,4.147287630550375e-15,8680372138843562.0
0.0068839520696454964,53395.98771178494,5339598.771178493,0.0001242596396577295,1.798132004558321e-10,0.0002883919827677127,0.0001021588064358498,1.0206423856151752e-05,4.315124623085235e-15,8342748621304166.0
0.007175560918936921,51311.85634680688,5131185.634680688,0.00012930668786158308,1.835631924026957e-10,0.0003002715071328819,0.0001063173455439837,1.0206423856151752e-05,4.490391846121899e-15,8017117711250791.0
0.007479522515621821,49302.6049553307,4930260.4955330705,0.00013457638188177647,1.8732553823488965e-10,0.00031265042021604575,0.00011063741257171924,1.0206423856151752e-05,4.673390818960517e-15,7703186271934205.0
0.0077963601304052365,47366.2974766002,4736629.747660019,0.0001400777883370078,1.9109928476955215e-10,0.00032550654790240605,0.00011512185142321359,1.0206423856151752e-05,4.864436395158533e-15,7400651807438579.0
0.008126619200091945,45500.954632263376,4550095.463226337,0.00014582037334949212,1.9488355016647865e-10,0.00033887033358936947,0.00011977781867581836,1.0206423856151752e-05,5.063857301703791e-15,7109205069401819.0
0.008470868266557402,43704.56856388209,4370456.856388208,0.00015181401876869583,1.9867751892020341e-10,0.00035270224005283523,0.0001246068777846572,1.0206423856151752e-05,5.271996702410954e-15,6828532344023798.0
0.008829699955494083,41975.1156153038,4197511.5615303805,0.00015806903911935602,2.024804371530794e-10,0.000367089914964034,0.00012962140779261642,1.0206423856151752e-05,5.489212786469943e-15,6558317449222302.0
0.00920373199661822,40310.56743943497,4031056.7439434966,0.00016459619930192558,2.0629160819924694e-10,0.00038204487778045043,0.00013482788839387777,1.0206423856151752e-05,5.7158793831236e-15,6298243469988481.0
0.009593608287093146,38708.90059687274,3870890.059687274,0.00017140673307500194,2.1011038846829481e-10,0.00039756570344649415,0.00014023162828957208,1.0206423856151752e-05,5.952386603501068e-15,6047994258105743.0
0.01,37168.10480160387,3716810.480160387,0.00017851236235076043,2.139361835766649e-10,0.0004137171613370551,0.00014584385141529915,1.0206423856151752e-05,6.199141510684106e-15,5807255720482370.0
0.01042360673976401,35686.18995683989,3568618.9956839886,0.000185925317335908,2.177684447343693e-10,0.00043051320445584005,0.0001516714911783087,1.0206423856151752e-05,6.456568819135527e-15,5575716918451442.0
0.010865157746525383,34261.19211222915,3426119.211222915,0.00019365835755220763,2.2160666537432953e-10,0.0004479691854992027,0.00015772191232108553,1.0206423856151752e-05,6.725111624672201e-15,5353070998543423.0
0.011325413151528114,32891.17846231048,3289117.8462310485,0.0002017247937722225,2.25450378011585e-10,0.00046605607231923037,0.0001639993453767092,1.0206423856151752e-05,7.005232166220606e-15,5139015973459503.0
0.011805165285688056,31574.25149525972,3157425.1495259716,0.0002101385109075686,2.2929915131969996e-10,0.0004848368831558184,0.00017051576260849422,1.0206423856151752e-05,7.297412620649824e-15,4933255370284140.0
0.012305240043592616,30308.55239079395,3030855.239079395,0.00021891399188864863,2.3315258741189484e-10,0.0005043772270011399,0.00017728346718598253,1.0206423856151752e-05,7.602155932035396e-15,4735498761383784.0
0.012826498305280598,29092.263756568733,2909226.375656873,0.0002280663425766186,2.370103193147385e-10,0.0005246574963155127,0.00018430788725686987,1.0206423856151752e-05,7.9199866767692e-15,4545462191949733.0
0.013369837418249465,27923.611783559787,2792361.1783559783,0.00023761131775013898,2.4087200862259795e-10,0.0005457722572291654,0.00019160483604236184,1.0206423856151752e-05,8.251451965993003e-15,4362868516761420.5
0.013936192742241421,26800.867892747796,2680086.789274779,0.0002475653482113668,2.4473734332147764e-10,0.0005676846695301017,0.0001991785597992865,1.0206423856151752e-05,8.597122386899564e-15,4187447657469363.5
0.014526539259467812,25722.349937917952,2572234.9937917953,0.0002579455690575992,2.486060357713389e-10,0.0005904904366805189,0.00020704479685100795,1.0206423856151752e-05,8.957592984512904e-15,4018936790524158.0
0.01514189325304352,24686.42302251714,2468642.302251714,0.00026876984916701055,2.524778208364823e-10,0.0006141839562214,0.0002152117719727264,1.0206423856151752e-05,9.333484285630056e-15,3857080474804680.0
0.01578331405652118,23691.49998224941,2369149.9982249406,0.0002800568219490587,2.563524541540857e-10,0.0006387359453639337,0.00022368587561546848,1.0206423856151752e-05,9.725443366680546e-15,3701630727020252.5
0.016451905877536626,22736.041579407127,2273604.1579407123,0.0002918259174123117,2.6022971053149414e-10,0.0006642534508498725,0.0002324848089073467,1.0206423856151752e-05,1.0134144967335518e-14,3552347052073517.5
0.01714881969870539,21818.55644978456,2181855.6449784557,0.0003040973956047612,2.6410938246337893e-10,0.0006907507456964701,0.00024161886658666316,1.0206423856151752e-05,1.0560292651778753e-14,3408996434766061.0
0.017875255259042353,20937.600838374725,2093760.0838374724,0.0003168923814840472,2.6799127876038133e-10,0.0007183814964318493,0.0002511109181191619,1.0206423856151752e-05,1.1004620019633792e-14,3271353298502895.0
0.018632463119315597,20091.778155863783,2009177.815586378,0.00033023290127750767,2.7187522328135337e-10,0.00074699441125791,0.00026095791452535467,1.0206423856151752e-05,1.1467891968627704e-14,3139199435997818.5
0.019421746814890263,19279.738384176413,1927973.8384176411,0.0003441419203945479,2.7576105376179105e-10,0.0007767216409065462,0.00027118136101775107,1.0206423856151752e-05,1.1950906011161747e-14,3012323916394054.0
0.020244465099768037,18500.17735595521,1850017.7355955206,0.00035864338295649655,2.796486207315139e-10,0.0008077512606768894,0.00028180731731641926,1.0206423856151752e-05,1.245449364705202e-14,2890522972687950.0
0.021102034285685942,17751.8359298397,1775183.5929839697,0.0003737622530119262,2.8353778651509755e-10,0.000839910470314176,0.0002928333629996839,1.0206423856151752e-05,1.2979521794800662e-14,2773599872872118.5
0.021995930680300747,17033.49908071812,1703349.9080718118,0.0003895245575083111,2.8742842430898373e-10,0.0008732717175661047,0.0003042768325188624,1.0206423856151752e-05,1.3526894283858786e-14,2661364777793647.5
0.022927693128656487,16343.994921722571,1634399.4921722568,0.0004059574310939433,2.9132041732960594e-10,0.000907908023499846,0.00031615575695374083,1.0206423856151752e-05,1.4097553410448303e-14,2553634588347709.0
0.023898925662310503,15682.1936726024,1568219.3672602398,0.0004230891628271737,2.952136580272486e-10,0.000943948057844244,0.0003284932919239377,1.0206423856151752e-05,1.4692481559618702e-14,2450232784293130.0
0.024911300260677883,15047.006587211301,1504700.6587211299,0.0004409492448733369,2.9910804736072186e-10,0.0009813983738147644,0.000341302644613981,1.0206423856151752e-05,1.5312702896329518e-14,2350989256679777.0
0.025966559729348696,14437.38485115902,1443738.485115902,0.0004595684232731594,3.0300349412828357e-10,0.0010202631326401668,0.00035459743594322933,1.0206423856151752e-05,1.5959285128468584e-14,2255740135614362.5
0.027066520700332414,13852.318459187307,1385231.8459187306,0.00047897875086999776,3.0689991435055365e-10,0.0010606444971521993,0.00036840064720339007,1.0206423856151752e-05,1.6633341344839225e-14,2164327614858310.5
0.028213076759394707,13290.835080509383,1329083.5080509384,0.0004992136424869894,3.107972307014778e-10,0.0011027614583052048,0.00038274406416214735,1.0206423856151752e-05,1.7336031931279452e-14,2076599774545009.8
0.029408201705870638,12751.998919186446,1275199.8919186445,0.0005203079324490915,3.1469537198368164e-10,0.001146472011670069,0.00039763177153035855,1.0206423856151752e-05,1.806856656821137e-14,1992410403121628.8
0.030653952950565267,12234.90957558815,1223490.957558815,0.0005422979345489766,3.1859427264481605e-10,0.0011917453177644347,0.0004130764214428283,1.0206423856151752e-05,1.883220631305758e-14,1911618819460303.2
0.03195247505759213,11738.700914077368,1173870.0914077368,0.0005652215045600249,3.224938723317536e-10,0.0012388071720330557,0.0004291130018961524,1.0206423856151752e-05,1.9628265771109772e-14,1834089695941822.2
0.03330600343624589,11262.53994126552,1126253.994126552,0.0005891181054039758,3.263941154797177e-10,0.00128772067615478,0.00044576281875392104,1.0206423856151752e-05,2.0458115358584882e-14,1759692883190887.2
0.034716868189265594,10805.625698484684,1080562.5698484683,0.000614028875085447,3.302949509336546e-10,0.001338472103682069,0.00046304212661589555,1.0206423856151752e-05,2.1323183661765296e-14,1688303237032647.2
0.0361874981241128,10367.18817151254,1036718.8171512539,0.000639996697510211,3.341963315993473e-10,0.0013912657061887616,0.00048098565280150726,1.0206423856151752e-05,2.2224959896282432e-14,1619800448144868.0
0.03772042493416997,9946.487220049274,994648.7220049272,0.0006670662763091632,3.380982141219688e-10,0.001446114058486661,0.0004996135088947323,1.0206423856151752e-05,2.316499647077799e-14,1554068874796204.5
0.0393182875570577,9542.811528979188,954281.1528979187,0.0006952842117950436,3.420005585899407e-10,0.001503228905139656,0.0005189622229263977,1.0206423856151752e-05,2.41449116593553e-14,1490997378988184.0
0.040983836717572615,9155.47758304236,915547.758304236,0.000724699081184376,3.4590332826212555e-10,0.0015625393637049144,0.0005390457919840096,1.0206423856151752e-05,2.5166392387420888e-14,1430479166254841.0
0.042719939663067766,8783.82866618727,878382.866618727,0.0007553615222227392,3.4980648931653456e-10,0.0016240228892290213,0.0005598840373484482,1.0206423856151752e-05,2.6231197135712375e-14,1372411629318584.2
0.044529585099426554,8427.23388656911,842723.388656911,0.0007873243203572901,3.5371001061886645e-10,0.0016878686564110546,0.000581513238279289,1.0206423856151752e-05,2.734115896751078e-14,1316696195753019.5
0.046415888336127774,8085.087227892002,808508.7227892001,0.0008206424996066321,3.576138635093284e-10,0.0017541936241711464,0.0006039655410616225,1.0206423856151752e-05,2.8498188684249224e-14,1263238179761824.0
0.04838209664925957,7756.80662756513,775680.6627565129,0.0008553734172844364,3.615180216063037e-10,0.0018230386668837235,0.0006272674157079314,1.0206423856151752e-05,2.970427811494972e-14,1211946638147107.0
0.050431594871713586,7441.833081945701,744183.30819457,0.0008915768627398732,3.654224606255455e-10,0.0018945766113161188,0.0006514567612323607,1.0206423856151752e-05,3.0961503545150465e-14,1162734230509898.0
0.05256791122018425,7139.629778773027,713962.9778773027,0.0009293151602848508,3.6932715821367635e-10,0.00196910308944981,0.0006765831224271887,1.0206423856151752e-05,3.227202929122702e-14,1115517083699053.6
0.05479472336900287,6849.6812567548195,684968.1256754819,0.0009686532764852191,3.732320937948677e-10,0.0020464083148255857,0.0007026551756022873,1.0206423856151752e-05,3.3638111426259496e-14,1070214660502512.8
0.05711586478126429,6571.492592144531,657149.259214453,0.0010096589320006681,3.7713724842966353e-10,0.002126891317898188,0.0007297318134005566,1.0206423856151752e-05,3.506210166386082e-14,1026749632555708.8
0.0595353313081437,6304.588612046442,630458.8612046442,0.0010524027181658198,3.8104260468498903e-10,0.00221019910519023,0.0007578124363521812,1.0206423856151752e-05,3.6546451406650875e-14,985047757426007.4
0.062057288067765004,6048.513134098934,604851.3134098933,0.001096958218513215,3.8494814651446235e-10,0.002296837733345516,0.0007869682162579367,1.0206423856151752e-05,3.8093715966346296e-14,945037759818549.2
0.06468607661546327,5802.828232115075,580282.8232115074,0.0011434021354474193,3.888538591481992e-10,0.0023867130051439056,0.0008172196151738908,1.0206423856151752e-05,3.9706558962731424e-14,906651216837742.0
0.06742622241778341,5567.1135272015845,556711.3527201584,0.0011918144222882662,3.927597289913552e-10,0.0024800209142456587,0.0008486145190017466,1.0206423856151752e-05,4.138775690908174e-14,869822447229569.5
0.07028244264308345,5340.965503829241,534096.550382924,0.0012422784209105949,3.966657435307207e-10,0.002576949757708793,0.0008812002747396157,1.0206423856151752e-05,4.314020399193471e-14,834488404522389.1
0.0732596542821523,5123.996850290463,512399.6850290462,0.0012948810052174084,4.005718912487281e-10,0.002677856322535527,0.0009150401457474712,1.0206423856151752e-05,4.496691705343624e-14,800588573978054.9
0.07636298261282241,4915.835822950407,491583.58229504066,0.001349712730693424,4.0447816154428557e-10,0.002782634237478024,0.0009501574802153175,1.0206423856151752e-05,4.687104078483874e-14,768064873260609.0
0.07959777002314986,4716.125633675537,471612.56336755364,0.0014068679902965082,4.0838454465989763e-10,0.0028915510476458205,0.000986612071799272,1.0206423856151752e-05,4.8855853140092945e-14,736861556726292.4
0.08296958520834907,4524.523859808126,452452.38598081254,0.0014664451769553321,4.12291031614574e-10,0.0030045741379007927,0.0010244363560131507,1.0206423856151752e-05,5.09247709788519e-14,706925123236197.4
0.08648423275731718,4340.701876044493,434070.1876044492,0.0015285468529529901,4.1619761414206853e-10,0.0031218340159731048,0.0010636837869246677,1.0206423856151752e-05,5.308135594860145e-14,678204227391227.9
0.09014776314524918,4164.344307568928,416434.4307568928,0.0015932799264881936,4.201042846340243e-10,0.0032435393330314233,0.0011044056751148405,1.0206423856151752e-05,5.532932061604419e-14,650649594088109.1
0.0939664831495469,3995.148503793489,399514.85037934885,0.0016607558357179689,4.240110360876385e-10,0.003369962657709786,0.0011466713848344737,1.0206423856151752e-05,5.767253485829117e-14,624213936294921.4
0.09794696670695395,3832.824032055219,383282.40320552187,0.001731090740598696,4.2791786205748556e-10,0.0035012007020923754,0.001190525012936613,1.0206423856151752e-05,6.011503252486398e-14,598851875944842.2
0.10209606623060465,3677.0921906266567,367709.21906266565,0.0018044057228557562,4.318247566111714e-10,0.003637659193684567,0.0012360519171537106,1.0206423856151752e-05,6.266101838197668e-14,574519867847452.1
0.10642092440647247,3527.6855404023277,352768.55404023273,0.0018808269944259944,4.357317142885115e-10,0.0037792653014107297,0.0012832831677183332,1.0206423856151752e-05,6.531487535105008e-14,551176126518033.94
0.11092898648952228,3384.3474546323523,338434.74546323525,0.0019604861147318924,4.396387300639571e-10,0.003926662851924654,0.0013323283601818759,1.0206423856151752e-05,6.808117205392248e-14,528780555826607.1
0.11562801312073753,3246.8316860849677,324683.1686084968,0.0020435202171614248,4.4354579931200714e-10,0.00407968165534283,0.0013832098993408499,1.0206423856151752e-05,7.09646706777427e-14,507294681370106.2
0.12052609368708427,3114.901951031136,311490.1951031136,0.0021300722451435606,4.4745291777537345e-10,0.0042385697634818136,0.0014360190678646685,1.0206423856151752e-05,7.397033517308828e-14,486681585472894.2
0.125631660247412,2988.331529457565,298833.1529457565,0.002220291198225691,4.5136008153567505e-10,0.004403114393205515,0.0014907670372129162,1.0206423856151752e-05,7.710333979941755e-14,466905844722850.2
0.13095350204826678,2866.90288092766,286690.28809276596,0.0023143323885767755,4.552672869864665e-10,0.004574067681748877,0.0015475979675904845,1.0206423856151752e-05,8.036907803257173e-14,447933469952337.06
0.1365007806546014,2750.4072755247266,275040.7275524726,0.002412357708357618,4.591745308084103e-10,0.004751620253095419,0.001606554497393606,1.0206423856151752e-05,8.377317184965699e-14,429731848575665.56
0.1422830457214352,2638.64443932621,263864.443932621,0.002514535908418649,4.6308180994642456e-10,0.00493615229022266,0.0016677562735925332,1.0206423856151752e-05,8.732148140729265e-14,412269689196929.56
0.14831025143361043,2531.4222138730843,253142.22138730838,0.0026210428888049572,4.669891215886497e-10,0.005127591206099146,0.0017312331472388164,1.0206423856151752e-05,9.102011512988632e-14,395516968404486.9
0.1545927736419477,2428.556229113894,242855.6229113894,0.0027320620015686627,4.708964631470874e-10,0.005326266359214279,0.0017970943232164683,1.0206423856151752e-05,9.487544022530188e-14,379444879670759.44
0.161141427725302,2329.869589318389,232986.9589318389,0.00284778436640998,4.74803832239782e-10,0.005533149693466822,0.0018654716609810271,1.0206423856151752e-05,9.889409364602553e-14,364025784278440.75
0.16796748720926533,2235.1925714713675,223519.25714713676,0.0029684091996902656,4.787112266744182e-10,0.005748065762150374,0.0019364269847521789,1.0206423856151752e-05,1.0308299351469606e-13,349233164196649.44
0.17508270317357252,2144.3623356726866,214436.23356726862,0.0030941441573835334,4.82618644433225e-10,0.005970837932762304,0.002010013622702853,1.0206423856151752e-05,1.0744935103367224e-13,335041576832962.0
0.18249932448161524,2057.222647084934,205722.26470849337,0.0032252056925567278,4.865260836590803e-10,0.006201751740534645,0.002086327891105153,1.0206423856151752e-05,1.1200068289913551e-13,321426611589685.94
0.1902301188668944,1973.6236089852828,197362.36089852825,0.0033618194279943,4.904335426427226e-10,0.006441571914635896,0.0021655111288061686,1.0206423856151752e-05,1.167448242411038e-13,308364848155084.56
0.19828839491270714,1893.4214064932428,189342.14064932425,0.0035042205446083976,4.943410198109797e-10,0.006690511464853616,0.0022476532689322984,1.0206423856151752e-05,1.2168994211162791e-13,295833816462634.94
0.2066880249629082,1816.4780605605736,181647.80605605734,0.003652654186303449,4.982485137159339e-10,0.006949307512213606,0.0023329042148623946,1.0206423856151752e-05,1.2684454954439367e-13,283811958253677.6
0.21544346900318845,1742.6611918241908,174266.1191824191,0.0038073758819920523,5.021560230249512e-10,0.007217727496174857,0.002421318219288903,1.0206423856151752e-05,1.3221752020993238e-13,272278590181088.78
0.2245697995539774,1671.8437939370033,167184.3793937003,0.0039686519854886405,5.060635465115017e-10,0.0074963339810401475,0.002513040788149541,1.0206423856151752e-05,1.3781810369166696e-13,261213868393813.25
0.2340827276178292,1603.9040160053564,160390.4016005356,0.004136760134038339,5.099710830467136e-10,0.007786079541226068,0.00260822659409758,1.0206423856151752e-05,1.4365594140909633e-13,250598754544241.0
0.243998629725955,1538.7249537753573,153872.49537753573,0.004311989726270213,5.138786315915973e-10,0.008087032408371697,0.002706987143084127,1.0206423856151752e-05,1.4974108321552446e-13,240414983162534.6
0.25433457613046484,1476.1944492233488,147619.44492233486,0.004494642420397745,5.177861911898895e-10,0.008399403925124544,0.0028094280903658924,1.0206423856151752e-05,1.560840046989085e-13,230645030344046.22
0.2651083601908539,1416.2048982185447,141620.48982185445,0.004685032653524306,5.216937609614664e-10,0.008723047081657569,0.0029156490474428628,1.0206423856151752e-05,1.6269562521561308e-13,221272083697953.47
0.27633852900531697,1358.6530659382906,135865.30659382904,0.0048834881829474385,5.256013400962829e-10,0.009058917565987798,0.003025821340585038,1.0206423856151752e-05,1.6958732668811047e-13,212280013507188.03
0.28804441533962977,1303.4399097283126,130343.99097283126,0.005090350650393951,5.295089278487912e-10,0.009407640439797497,0.0031401100045458158,1.0206423856151752e-05,1.7677097319899177e-13,203653345051592.06
0.30024617090855493,1250.4704091120343,125047.04091120342,0.0053059761701570165,5.334165235328065e-10,0.00976967483971434,0.0032586603131733215,1.0206423856151752e-05,1.8425893141501476e-13,195377232048065.9
0.312964801067075,1199.6534026641948,119965.34026641947,0.00553073594214795,5.373241265167809e-10,0.01014543639626142,0.0033816255975212496,1.0206423856151752e-05,1.9206409187635663e-13,187437431163215.0
0.326222200971167,1150.901431475014,115090.1431475014,0.0057650168909178165,5.412317362194527e-10,0.010535738535515624,0.0035091899597667273,1.0206423856151752e-05,2.0019989118771204e-13,179820277555723.4
0.34004119327037063,1104.130588941578,110413.05889415779,0.006009222331749039,5.451393521058419e-10,0.010941066156485716,0.0036415182186136145,1.0206423856151752e-05,2.0868033514944251e-13,172512661407311.22
0.3544455673970435,1059.2603766332943,105926.03766332942,0.0062637726649638565,5.49046973683567e-10,0.011361357248291641,0.0037787332394787734,1.0206423856151752e-05,2.1752002286860356e-13,165502005402722.75
0.3694601205199302,1016.2135659881878,101621.35659881878,0.006529106099644484,5.529546004994512e-10,0.011798862239428998,0.003921148799549856,1.0206423856151752e-05,2.2673417189134236e-13,158776243120742.5
0.3851107002325569,974.91606560612,97491.606560612,0.006805679408011284,5.56862232136402e-10,0.012251801472084942,0.004068765782693744,1.0206423856151752e-05,2.363386443999466e-13,152323798299691.6
0.4014242490499322,935.2967939142873,93529.67939142873,0.007093968711757386,5.60769868210538e-10,0.012721567486064468,0.004221840000361159,1.0206423856151752e-05,2.4634997451963373e-13,146133564942304.7
0.418428850790158,897.2875569891019,89728.75569891017,0.0073944703016934135,5.646775083685443e-10,0.013209298709803644,0.004380609502690539,1.0206423856151752e-05,2.567853967820912e-13,140194888226255.73
0.43615377892080054,860.8229313270425,86082.29313270425,0.0077077014921134845,5.685851522852386e-10,0.01371537567325581,0.004545257660020111,1.0206423856151752e-05,2.6766287579476975e-13,134497546187925.48
0.4546295469532399,825.8401513652741,82584.01513652739,0.008034201511353091,5.724927996613311e-10,0.014240447560204315,0.004715997722078819,1.0206423856151752e-05,2.790011371670011e-13,129031732148287.12
0.4738879609717651,792.2790015606514,79227.90015606514,0.008374532430072263,5.764004502213637e-10,0.014785515413788983,0.00489307569007556,1.0206423856151752e-05,2.9081969974618994e-13,123788037851007.52
0.4939621743878321,760.0817128433981,76008.1712843398,0.00872928012886158,5.803081037118116e-10,0.015352103691990193,0.005076787213935347,1.0206423856151752e-05,3.031389092195564e-13,118757437284060.56
0.5148867450137492,729.1928632689267,72919.28632689266,0.009099055306837214,5.842157598993363e-10,0.015939306235762226,0.005267234772025151,1.0206423856151752e-05,3.1597997313929323e-13,113931271157270.92
0.5366976945540476,699.5592826983725,69955.92826983724,0.009484494532961166,5.881234185691801e-10,0.01654904080987611,0.005464754917510876,1.0206423856151752e-05,3.2936499743142616e-13,109301232009315.77
0.5594325706169377,671.1299613451483,67112.99613451482,0.009886261341896378,5.920310795236849e-10,0.01718302235665318,0.005669674250587032,1.0206423856151752e-05,3.4331702445122175e-13,104859349918765.4
0.5831305113526225,643.8559620312844,64385.596203128436,0.010305047376283457,5.959387425809317e-10,0.017838998891804198,0.005882015121974285,1.0206423856151752e-05,3.5786007265066584e-13,100597978794751.73
0.6078323128297229,617.6903360036074,61769.03360036074,0.010741573577405298,5.998464075734864e-10,0.01851976200294955,0.006102204707490003,1.0206423856151752e-05,3.7301917792629055e-13,96509783223836.52
0.6335804992658247,592.5880421657689,59258.804216576886,0.011196591426289535,6.037540743472477e-10,0.01922615546326602,0.006330521377751288,1.0206423856151752e-05,3.8882043671854167e-13,92587725850582.27
0.6604193962330305,568.505869587954,56850.58695879539,0.01167088423738508,6.076617427603845e-10,0.01995906649373743,0.0065672546061856804,1.0206423856151752e-05,4.052910509368678e-13,88825055270237.67
0.6883952069645496,545.4023631615959,54540.23631615958,0.012165268507039988,6.115694126823586e-10,0.020719515998769977,0.006812712274164294,1.0206423856151752e-05,4.224593747878795e-13,85215294412808.11
0.7175560918936928,523.2377522717661,52323.77522717661,0.012680595319102267,6.154770839930268e-10,0.021508859470162615,0.007067232559635383,1.0206423856151752e-05,4.4035496358719586e-13,81752229398616.84
0.7479522515621821,501.97388236505026,50197.388236505016,0.01321775181006291,6.193847565818125e-10,0.022328119743152578,0.0073311510911256575,1.0206423856151752e-05,4.590086246389979e-13,78429898846265.39
0.7796360130405229,481.57414929560133,48157.41492956013,0.013777662696263735,6.232924303469432e-10,0.0231780953978856,0.007604781154186694,1.0206423856151752e-05,4.784524702708838e-13,75242583614665.03
0.8126619200091946,462.003436336801,46200.343633680095,0.014361291865799135,6.272001051947511e-10,0.024060034254656547,0.007888468682115003,1.0206423856151752e-05,4.987199731153307e-13,72184796961550.36
0.8470868266557402,443.2280537505069,44322.80537505069,0.014969644037851837,6.311077810390256e-10,0.024976564926644396,0.008182705425410301,1.0206423856151752e-05,5.198460237329152e-13,69251275101598.09
0.8829699955494091,425.215680810182,42521.568081018195,0.015603766492319988,6.350154578004223e-10,0.025925714929680637,0.008487613571399813,1.0206423856151752e-05,5.418669906765172e-13,66436968147947.62
0.9203731996618221,407.93531017844913,40793.53101784491,0.01626475087271195,6.38923135405913e-10,0.02690986355173886,0.008803671867820736,1.0206423856151752e-05,5.648207830998695e-13,63737031421583.89
0.9593608287093147,391.35719454354984,39135.71945435498,0.016953735065413797,6.428308137882859e-10,0.027930694285777265,0.009131314126400425,1.0206423856151752e-05,5.88746916018277e-13,61146817113658.44
1.0,375.4527954231174,37545.279542311735,0.0176719051585637,6.467384928856803e-10,0.02898977690696402,0.009470970718064237,1.0206423856151752e-05,6.136865783338178e-13,58661866286437.875
1.042360673976401,360.19473404732975,36019.47340473297,0.01842049748390578,6.506461726411615e-10,0.030088595476356852,0.009823088869597443,1.0206423856151752e-05,6.396827037421479e-13,56277901199141.02
1.0865157746525373,345.55674423707694,34555.67442370769,0.019200800745138635,6.545538530023279e-10,0.03122907384380352,0.010188148031521582,1.0206423856151752e-05,6.667800446429765e-13,53990817945483.04
1.1325413151528125,331.51362719619567,33151.36271961957,0.02001415823642223,6.584615339209515e-10,0.03241135194812059,0.010566499100352443,1.0206423856151752e-05,6.950252491814427e-13,51796679390279.06
1.1805165285688055,318.04120814009497,31804.120814009497,0.02086197015486211,6.623692153526431e-10,0.033637987901624825,0.010958707182151467,1.0206423856151752e-05,7.244669415530129e-13,49691708392971.164
1.2305240043592616,305.1162946862235,30511.62946862235,0.021745696010952928,6.662768972565493e-10,0.03491175906542356,0.011365363340531091,1.0206423856151752e-05,7.551558057101799e-13,47672281306430.67
1.2826498305280598,292.7166369348885,29271.663693488852,0.022666857141129367,6.701845795950688e-10,0.03623342499954667,0.011786896728524218,1.0206423856151752e-05,7.871446726150108e-13,45734921739866.05
1.3369837418249453,280.8208891717848,28082.08891717848,0.02362703932675102,6.74092262333595e-10,0.03760373978269361,0.012223769838706947,1.0206423856151752e-05,8.204886111877963e-13,43876294575111.65
1.3936192742241436,269.4085731264075,26940.857312640743,0.024627895524029223,6.779999454402769e-10,0.03902309530947716,0.01267642336888831,1.0206423856151752e-05,8.552450231083419e-13,42093200226012.35
1.4526539259467812,258.4600427231714,25846.00427231714,0.02567114870959554,6.81907628885799e-10,0.04049529494417568,0.013145581552127049,1.0206423856151752e-05,8.914737416331128e-13,40382569131033.19
1.514189325304352,247.95645026462597,24795.645026462596,0.026758594846610886,6.858153126431809e-10,0.04202211361984454,0.013631821455807628,1.0206423856151752e-05,9.292371345983517e-13,38741456469623.805
1.5783314056521165,237.87971398861845,23787.971398861842,0.027892105976520573,6.897229966875899e-10,0.0436058900971396,0.014135784207574947,1.0206423856151752e-05,9.686002117864661e-13,37167037093252.695
1.6451905877536608,228.21248694359687,22821.248694359685,0.029073633441779167,6.936306809961711e-10,0.045248978094960375,0.014658123477393611,1.0206423856151752e-05,1.0096307368405576e-12,35656600662391.66
1.7148819698705409,218.93812712853588,21893.81271285359,0.03030521124509137,6.975383655478898e-10,0.04695235516389552,0.015199389364816825,1.0206423856151752e-05,1.0523993439197036e-12,34207546981088.53
1.7875255259042355,210.04066884611146,21004.066884611144,0.0315889595509531,7.01446050323385e-10,0.04871853886919165,0.015760276923588383,1.0206423856151752e-05,1.09697965929585e-12,32817381521101.645
1.8632463119315599,201.50479521984738,20150.479521984736,0.03292708833552083,7.053537353048385e-10,0.05055079513761708,0.016341578158894827,1.0206423856151752e-05,1.143448428101652e-12,31483711127896.727
1.9421746814890244,193.3158118279655,19331.581182796548,0.03432190119109088,7.092614204758505e-10,0.052453358210489145,0.01694417410500951,1.0206423856151752e-05,1.1918856464474063e-12,30204239901120.88
2.024446509976802,185.45962140856443,18545.96214085644,0.03577579929174033,7.13169105821327e-10,0.05442546946633923,0.017568544432672143,1.0206423856151752e-05,1.242374699134588e-12,28976765242464.164
2.1102034285685964,177.9226995926219,17792.26995926219,0.03729128552695414,7.170767913273759e-10,0.056469249652254194,0.01821542707910541,1.0206423856151752e-05,1.2950025032029947e-12,27799174064111.383
2.1995930680300746,170.69207162305656,17069.207162305654,0.038870968810356385,7.209844769812116e-10,0.058586805151318005,0.018885587502518376,1.0206423856151752e-05,1.349859657558674e-12,26669439151258.73
2.292769312865649,163.75529001979814,16375.529001979814,0.04051756857096205,7.248921627710661e-10,0.06078244512571075,0.019579977850027543,1.0206423856151752e-05,1.407040598940181e-12,25585615672437.688
2.389892566231048,157.10041315243174,15710.041315243174,0.0422339194346813,7.287998486861085e-10,0.06305919365657348,0.020299465935337376,1.0206423856151752e-05,1.4666437644916739e-12,24545837831640.93
2.491130026067791,150.71598468354404,15071.598468354403,0.04402297610413575,7.327075347163711e-10,0.06542020590133775,0.02104496307570095,1.0206423856151752e-05,1.528771761222731e-12,23548315656489.33
2.5966559729348724,144.5910138474001,14459.101384740008,0.045887818445186544,7.366152208526783e-10,0.06786726356982331,0.02181729242096044,1.0206423856151752e-05,1.5935315426465755e-12,22591331916913.51
2.7066520700332415,138.71495653000656,13871.495653000657,0.047831656788932385,7.40522907086587e-10,0.07040438251875644,0.022617468532411387,1.0206423856151752e-05,1.661034592900859e-12,21673239169046.44
2.8213076759394706,133.07769711800944,13307.769711800942,0.049857837458302676,7.444305934103252e-10,0.07303512584743234,0.023446510995119046,1.0206423856151752e-05,1.731397118667891e-12,20792456919240.934
2.940820170587061,127.66953108518302,12766.953108518303,0.05196984852876134,7.483382798167399e-10,0.07576373300447997,0.024305488845863518,1.0206423856151752e-05,1.804740249224747e-12,19947468903330.734
3.06539529505653,122.48114828654124,12248.114828654123,0.05417132583303865,7.522459662992482e-10,0.07859278962081115,0.025195381842418995,1.0206423856151752e-05,1.8811902449676683e-12,19136820476452.52
3.1952475057592133,117.50361693132442,11750.36169313244,0.056466059220226295,7.561536528517908e-10,0.0815269242256068,0.026117359812762288,1.0206423856151752e-05,1.9608787147696423e-12,18359116108937.5
3.330600343624589,112.72836820727088,11272.836820727087,0.058857999080013296,7.600613394687908e-10,0.08456606870632487,0.02707223313257097,1.0206423856151752e-05,2.0439428425454543e-12,17613016983961.684
3.4716868189265595,108.14718152971494,10814.718152971493,0.06135126314329237,7.639690261451162e-10,0.08771456229415579,0.028061224604084955,1.0206423856151752e-05,2.130525623414156e-12,16897238692820.879
3.6187498124112767,103.75217039012053,10375.217039012052,0.06395014357084469,7.678767128760427e-10,0.09097813376742957,0.029085656761004226,1.0206423856151752e-05,2.220776109865552e-12,16210549023863.318
3.7720424934170014,99.53576877969347,9953.576877969346,0.06665911434230631,7.71784399657223e-10,0.09436138810328082,0.030146811461948156,1.0206423856151752e-05,2.3148496683544614e-12,15551765841274.275
3.9318287557057703,95.49071816470577,9549.071816470576,0.06948283895813544,7.756920864846553e-10,0.09786748842108223,0.031245898207590373,1.0206423856151752e-05,2.4129082467644647e-12,14919755050061.848
4.0983836717572615,91.61005499110972,9161.005499110972,0.07242617846784218,7.795997733546565e-10,0.10150096815322056,0.03238421353394182,1.0206423856151752e-05,2.515120653201659e-12,14313428643740.523
4.271993966306777,87.88709869693982,8788.709869693981,0.07549419983829748,7.835074602638373e-10,0.10526674141964906,0.033563182611628335,1.0206423856151752e-05,2.6216628465982415e-12,13731742831353.041
4.4529585099426505,84.31544021186384,8431.544021186384,0.07869218467653043,7.874151472090778e-10,0.1091699375398929,0.034784274954848184,1.0206423856151752e-05,2.7327182396262846e-12,13173696240605.916
4.641588833612782,80.88893092408956,8088.893092408956,0.08202563832202889,7.913228341875067e-10,0.11321711134820941,0.03604908045800204,1.0206423856151752e-05,2.84847801444315e-12,12638328194025.979
4.838209664925957,77.60167209563532,7760.167209563532,0.08550029932419627,7.952305211964815e-10,0.11740955057228585,0.03735877940287805,1.0206423856151752e-05,2.9691414518120813e-12,12124717055170.621
5.0431594871713585,74.44800470774466,7444.800470774465,0.08912214932127964,7.991382082335696e-10,0.12175690704633735,0.03871531728377122,1.0206423856151752e-05,3.0949162741645752e-12,11631978642045.06
5.256791122018419,71.4224997189654,7142.249971896539,0.09289742333777647,8.030458952965325e-10,0.12626211460224382,0.04012009609763822,1.0206423856151752e-05,3.2260190031951106e-12,11159264704995.514
5.479472336900281,68.51994871912488,6851.994871912488,0.09683262051804536,8.069535823833102e-10,0.13092543908313112,0.04157435293534664,1.0206423856151752e-05,3.362675332603817e-12,10705761466458.361
5.711586478126435,65.73535496311185,6573.535496311183,0.10093451531460107,8.108612694920061e-10,0.1357578380795333,0.04308024994365153,1.0206423856151752e-05,3.505120516628795e-12,10270688220051.445
5.95353313081437,63.063924769032084,6306.392476903207,0.10521016915035217,8.14768956620875e-10,0.14076485796695462,0.04463953953927849,1.0206423856151752e-05,3.653599775036904e-12,9853295986596.229
6.2057288067765,60.501059265929875,6050.105926592987,0.10966694257486025,8.186766437683105e-10,0.14595195706050834,0.04625398254274774,1.0206423856151752e-05,3.80836871527027e-12,9452866224757.121
6.46860766154632,58.042346476870726,5804.234647687072,0.11431250793554519,8.225843309328343e-10,0.15132584670899438,0.04792551153611885,1.0206423856151752e-05,3.96969377247517e-12,9068709594078.691
6.742622241778335,55.68355372375629,5568.355372375629,0.11915486258565194,8.264920181130857e-10,0.15689349651746995,0.04965615599522232,1.0206423856151752e-05,4.1378526681708495e-12,8700164768291.26
7.028244264308353,53.42062034079724,5342.062034079724,0.1242023426517164,8.303997053078125e-10,0.16266135574819113,0.05144785895966318,1.0206423856151752e-05,4.313134888347895e-12,8346597296842.125
7.3259654282152304,51.24965068410225,5124.965068410224,0.12946363738422767,8.343073925158617e-10,0.16863787580899867,0.0533028590976619,1.0206423856151752e-05,4.495842181819077e-12,8007398512692.883
7.636298261282241,49.16690742534665,4916.690742534664,0.13494780411619858,8.382150797361728e-10,0.17482756920230763,0.05522312228553281,1.0206423856151752e-05,4.68628907968082e-12,7681984484502.169
7.959777002314977,47.168805117979936,4716.880511797994,0.14066428385538673,8.421227669677693e-10,0.1812398520878437,0.057211050970793154,1.0206423856151752e-05,4.884803436779265e-12,7369795011390.705
8.296958520834915,45.251904024893435,4525.190402489343,0.14662291753701684,8.460304542097529e-10,0.1878867678131517,0.0592692148493144,1.0206423856151752e-05,5.09172699611334e-12,7070292658557.661
8.648423275731727,43.41290419692602,4341.290419692601,0.15283396296497387,8.49938141461296e-10,0.1947687875000318,0.06139946905125493,1.0206423856151752e-05,5.307415977146138e-12,6782961832088.698
9.014776314524918,41.648639792010556,4164.863979201055,0.1593081124706438,8.538458287216375e-10,0.20189264713894584,0.06360406580074471,1.0206423856151752e-05,5.532241689037809e-12,6507307891362.439
9.39664831495469,39.95607362518577,3995.6073625185772,0.1660565113197881,8.577535159900769e-10,0.20927041979882496,0.06588589924444617,1.0206423856151752e-05,5.766591169855181e-12,6242856297528.039
9.794696670695386,38.33229194008844,3833.2291940088435,0.17309077689915042,8.616612032659698e-10,0.2169106057226029,0.06824752566043618,1.0206423856151752e-05,6.010867852858898e-12,5989151796587.514
10.209606623060475,36.774499392927424,3677.4499392927423,0.1804230187158171,8.655688905487221e-10,0.22482309642512513,0.0706917481309693,1.0206423856151752e-05,6.265492261014788e-12,5745757635676.861
10.642092440647247,35.28001424030293,3528.001424030293,0.1880658592437682,8.694765778377879e-10,0.233017057560352,0.07322133175042822,1.0206423856151752e-05,6.530902730925354e-12,5512254811196.556
11.092898648952227,33.846263722588496,3384.6263722588496,0.19603245565349864,8.733842651326643e-10,0.24150138017862768,0.07583903985061527,1.0206423856151752e-05,6.8075561674273464e-12,5288241347497.366
11.562801312073754,32.470779634927034,3247.077963492703,0.2043365224621241,8.772919524328888e-10,0.2502884971775939,0.07854812837766782,1.0206423856151752e-05,7.095928830154729e-12,5073331604879.556
12.052609368708413,31.15119407821771,3115.119407821771,0.21299235514295775,8.811996397380354e-10,0.2593850015611175,0.08135120266023547,1.0206423856151752e-05,7.396517153420866e-12,4867155615714.365
12.563166024741214,29.885235382778003,2988.5235382778,0.22201485473520777,8.851073270477125e-10,0.2688034690237411,0.08425192645100606,1.0206423856151752e-05,7.709838600831589e-12,4669358447544.806
13.095350204826676,28.67072419766494,2867.0724197664936,0.2314195534961523,8.890150143615589e-10,0.27855439079370026,0.08725293779688907,1.0206423856151752e-05,8.036432556100041e-12,4479599592069.524
13.650078065460137,27.505569738921267,2750.5569738921263,0.24122264163996787,8.929227016792427e-10,0.2886559974546987,0.09035889795368528,1.0206423856151752e-05,8.376861251597409e-12,4297552378957.578
14.22830457214352,26.38776619029062,2638.7766190290617,0.25144099520922253,8.968303890004587e-10,0.29911193423819793,0.09357198236018864,1.0206423856151752e-05,8.731710736237282e-12,4122903413485.422
14.831025143361028,25.315389250203655,2531.5389250203652,0.2620922051270285,9.007380763249253e-10,0.3099305884242079,0.09689572310289993,1.0206423856151752e-05,9.101591884360466e-12,3955352037027.705
15.459277364194785,24.28659281909116,2428.659281909116,0.2731946074798663,9.046457636523837e-10,0.32112820905640604,0.10033434040872485,1.0206423856151752e-05,9.487141447356882e-12,3794609809473.179
16.114142772530197,23.299605821322388,2329.9605821322384,0.2847673150832033,9.085534509825957e-10,0.3327176561645866,0.10389094152728418,1.0206423856151752e-05,9.889023149834675e-12,3640400012674.847
16.79674872092653,22.352729156296174,2235.2729156296173,0.2968302503842603,9.124611383153422e-10,0.34471593597439537,0.10757095254517572,1.0206423856151752e-05,1.0307928832224017e-11,3492457174079.336
17.508270317357233,21.444332773437527,2144.4332773437523,0.3094041797585556,9.163688256504213e-10,0.3571284772311844,0.1113761120330273,1.0206423856151752e-05,1.0744579641782205e-11,3350526609715.6196
18.249932448161506,20.57285286606336,2057.285286606336,0.3225107492592766,9.20276512987647e-10,0.36998207133220984,0.11531346435892008,1.0206423856151752e-05,1.1199727274050596e-11,3214363985756.227
19.023011886689456,19.73678917928702,1973.6789179287016,0.3361725218810203,9.241842003268487e-10,0.3832785617095298,0.11938460983669966,1.0206423856151752e-05,1.1674155266900574e-11,3083734897896.198
19.828839491270713,18.93470242732746,1893.4702427327459,0.3504130164020456,9.28091887667869e-10,0.3970393422267404,0.12359555564710382,1.0206423856151752e-05,1.216868034939597e-11,2958414467825.7554
20.66880249629082,18.165211815776242,1816.521181577624,0.365256747871917,9.31999575010563e-10,0.4112818456082938,0.1279512963926536,1.0206423856151752e-05,1.2684153847794469e-11,2838186956101.9014
21.54434690031882,17.426992664557773,1742.699266455777,0.3807292698142257,9.359072623547976e-10,0.426009622530108,0.13245343594285972,1.0206423856151752e-05,1.3221463151107988e-11,2722845390752.6206
22.456979955397717,16.71877412749021,1671.8774127490208,0.39685721821704983,9.398149497004498e-10,0.4412641844614534,0.13711246174839226,1.0206423856151752e-05,1.3781533238745214e-11,2612191210974.2695
23.408272761782943,16.039337004521304,1603.9337004521303,0.41366835738688124,9.437226370474072e-10,0.45703453087293155,0.14192693937798045,1.0206423856151752e-05,1.436532827286625e-11,2506033925308.7656
24.399862972595503,15.387511642873406,1538.7511642873405,0.43119162774494973,9.476303243955653e-10,0.47335781234936036,0.14690687745388092,1.0206423856151752e-05,1.4973853258190213e-11,2404190783712.213
25.433457613046482,14.762175923483738,1476.2175923483737,0.4494571956482387,9.51538011744829e-10,0.49024071184938817,0.1520558895584823,1.0206423856151752e-05,1.5608155772113648e-11,2306486462950.3184
26.510836019085364,14.162253329274172,1416.2253329274172,0.4684965053209507,9.5544569909511e-10,0.5076940092711245,0.15737673799613736,1.0206423856151752e-05,1.6269327768117854e-11,2212752764779.09
27.633852900531725,13.586711091924903,1358.6711091924901,0.4883423329858218,9.593533864463275e-10,0.5257619220052657,0.1628810397979778,1.0206423856151752e-05,1.6958507455569687e-11,2122828326391.2188
28.80444153396298,13.034558413961593,1303.4558413961593,0.5090288432884765,9.632610737984064e-10,0.5444352990061613,0.16856763853493867,1.0206423856151752e-05,1.7676881259152005e-11,2036558342629.6653
30.024617090855493,12.50484476309535,1250.484476309535,0.5305916481119579,9.671687611512786e-10,0.5637568488163726,0.1744479245757045,1.0206423856151752e-05,1.8425685861297e-11,1953794299490.2407
31.296480106707506,11.996658235879208,1199.6658235879206,0.5530678678826835,9.710764485048808e-10,0.5837398468664039,0.18052592714115928,1.0206423856151752e-05,1.92062103311384e-11,1874393718454.4097
32.62222009711667,11.509123987864449,1150.9123987864448,0.5764961954733522,9.74984135859155e-10,0.6043971346316676,0.18680687132758322,1.0206423856151752e-05,2.0019798343647276e-11,1798219911212.2227
34.004119327037095,11.041402727553768,1104.1402727553768,0.6009169628128338,9.788918232140477e-10,0.6257677420961106,0.19330043170221747,1.0206423856151752e-05,2.0867850492772255e-11,1725141744353.0608
35.44455673970435,10.5926892715591,1059.26892715591,0.6263722103176893,9.827995105695094e-10,0.6478575093725202,0.20000920500366182,1.0206423856151752e-05,2.175182670256564e-11,1655033413619.1782
36.94601205199302,10.162211158476458,1016.2211158476457,0.6529057592648645,9.867071979254949e-10,0.6707035983086858,0.20694410960463358,1.0206423856151752e-05,2.2673248740446704e-11,1587774227333.367
38.51107002325569,9.74922731909182,974.922731909182,0.6805632872301334,9.906148852819622e-10,0.6943206958874334,0.21410896704700857,1.0206423856151752e-05,2.3633702836928356e-11,1523248398627.952
40.14242490499318,9.353026800628712,935.3026800628711,0.709392406722169,9.945225726388737e-10,0.7187366200360376,0.22151266806140252,1.0206423856151752e-05,2.463484241631721e-11,1461344846117.4219
41.84288507901584,8.972927542841267,897.2927542841268,0.7394427471476042,9.984302599961937e-10,0.7439818219593743,0.22916340741143243,1.0206423856151752e-05,2.5678390943087968e-11,1401957002671.5547
43.615377892080055,8.60827520384591,860.8275203845908,0.7707660402481851,1.002337947353889e-09,0.770069483286227,0.23706608144423788,1.0206423856151752e-05,2.6766144888832046e-11,1344982631959.8496
45.462954695323994,8.258442033670047,825.8442033670045,0.8034162091571132,1.0062456347119306e-09,0.7970350672298497,0.2452314211431717,1.0206423856151752e-05,2.7899976824888554e-11,1290323652451.414
47.38879609717651,7.922825793579103,792.2825793579103,0.837449461227852,1.0101533220702906e-09,0.8249006540907676,0.25366545510727645,1.0206423856151752e-05,2.9081838645980488e-11,1237885968567.3862
49.396217438783154,7.600848719320915,760.0848719320915,0.8729243847952468,1.0140610094289435e-09,0.8537023658536209,0.26237806451980544,1.0206423856151752e-05,3.0313764930407064e-11,1187579308695.1467
51.48867450137497,7.29195652650319,729.195652650319,0.9099020500354934,1.0179686967878663e-09,0.88346502420951,0.2713772779710427,1.0206423856151752e-05,3.159787644257549e-11,1139317069785.5193
53.66976945540476,6.9956174563915035,699.5617456391502,0.9484461140986137,1.0218763841470373e-09,0.914215863528457,0.2806711845868236,1.0206423856151752e-05,3.29363837839027e-11,1093016168265.4003
55.94325706169378,6.711321360485267,671.1321360485267,0.9886229306944114,1.0257840715064366e-09,0.9459921725653354,0.29027021305770784,1.0206423856151752e-05,3.4331591198371676e-11,1048596897009.174
58.313051135262185,6.438578822295817,643.8578822295817,1.0305016643205598,1.0296917588660462e-09,0.978820267229339,0.30018252813425256,1.0206423856151752e-05,3.5785900539293537e-11,1005982788122.696
60.78323128297224,6.176920314814657,617.6920314814657,1.074154409329471,1.0335994462258493e-09,1.0127353045638103,0.3104184041645031,1.0206423856151752e-05,3.7301815404104565e-11,965100481303.6173
63.35804992658254,5.92589539222151,592.589539222151,1.1196563140389189,1.0375071335858308e-09,1.0477724775771842,0.3209874087689696,1.0206423856151752e-05,3.8881945444315915e-11,925879597551.4331
66.04193962330305,5.685071914440712,568.5071914440712,1.1670857101000605,1.041414820945976e-09,1.083961269742879,0.3318993114168392,1.0206423856151752e-05,4.0529010858035404e-11,888252618009.8602
68.83952069645497,5.454035303210884,545.4035303210884,1.2165242473455995,1.045322508306272e-09,1.1213378861952472,0.34316473336807685,1.0206423856151752e-05,4.2245847072796414e-11,852154767732.9369
71.75560918936921,5.232387828387417,523.2387828387416,1.2680570343501845,1.049230195666707e-09,1.1599411653530751,0.354794002497013,1.0206423856151752e-05,4.4035409626753635e-11,817523904174.7953
74.79522515621814,5.019747923249018,501.9747923249018,1.3217727849450425,1.05313788302727e-09,1.1998065257148813,0.36679833916544075,1.0206423856151752e-05,4.590077925664986e-11,784300410211.1079
77.96360130405237,4.815749527629548,481.5749527629548,1.3777639709390932,1.0570455703879505e-09,1.2409701473057213,0.37918869614533884,1.0206423856151752e-05,4.784516720131299e-11,752427091508.0443
81.26619200091946,4.620041457744557,462.00414577445565,1.4361269813093953,1.0609532577487392e-09,1.2834679556568576,0.39197578316842113,1.0206423856151752e-05,4.98719207298116e-11,721849078062.0872
84.70868266557402,4.432286801627407,443.22868016274066,1.496962288135051,1.0648609451096276e-09,1.327345191607709,0.40517230453355957,1.0206423856151752e-05,5.19845289037884e-11,692513729741.1669
88.29699955494083,4.252162339134487,425.2162339134487,1.5603746195601442,1.0687686324706077e-09,1.372639565774523,0.418789681122752,1.0206423856151752e-05,5.418662858388869e-11,664370545664.5421
92.03731996618231,4.079357985520847,407.93579855208463,1.6264731400835384,1.0726763198316723e-09,1.4193944013918878,0.4328404108565113,1.0206423856151752e-05,5.648201069062619e-11,637371077265.3955
95.93608287093147,3.9135762576285513,391.3576257628551,1.6953716384858275,1.0765840071928144e-09,1.467653005162894,0.4473373108577481,1.0206423856151752e-05,5.887462673046211e-11,611468844886.508
100.0,3.7545317617685687,375.45317617685686,1.767188723717057,1.0804916945540281e-09,1.5174583327511328,0.46229292912544645,1.0206423856151752e-05,6.136859559833506e-11,586619257765.395
104.23606739764011,3.601950702414826,360.1950702414826,1.8420480290823313,1.0843993819153076e-09,1.56885393375596,0.4777202983892663,1.0206423856151752e-05,6.396821066834915e-11,562779537271.1973
108.65157746525372,3.4555704108644734,345.5570410864473,1.9200784250768868,1.0883070692766476e-09,1.621890261860865,0.49363359370882914,1.0206423856151752e-05,6.667794718482917e-11,539908643261.154
113.25413151528126,3.315138893052997,331.51388930529964,2.001414241237005,1.0922147566380435e-09,1.6766108295863675,0.5100463125797886,1.0206423856151752e-05,6.950246996646616e-11,517967203429.8842
118.05165285688055,3.1804143957458257,318.0414395745825,2.0861954973886387,1.0961224439994909e-09,1.7330619125179731,0.5269721066681363,1.0206423856151752e-05,7.244664143681416e-11,496917445529.86835
123.05240043592616,3.0511649903594344,305.11649903594343,2.174568144691951,1.100030131360985e-09,1.7912959498780763,0.5444256851972551,1.0206423856151752e-05,7.551552999496659e-11,476723132346.4133
128.26498305280597,2.9271681736956863,292.7168173695686,2.266684316896625,1.1039378187225228e-09,1.8513647963363344,0.5624224482006324,1.0206423856151752e-05,7.87144187408187e-11,457349499315.1945
133.69837418249452,2.8082104849020113,280.8210484902011,2.3627025922405056,1.1078455060841004e-09,1.9133154927133855,0.5809772363483616,1.0206423856151752e-05,8.204881456993766e-11,438763194674.9691
139.36192742241434,2.6940871379979443,269.4087137997944,2.4627882664424834,1.1117531934457153e-09,1.9772059448826635,0.6001060491663834,1.0206423856151752e-05,8.55244576536988e-11,420932222052.4254
145.26539259467813,2.584601669335564,258.46016693355637,2.5671136372594825,1.1156608808073637e-09,2.043082290893512,0.6198231767469673,1.0206423856151752e-05,8.914733132100487e-11,403825885380.3478
151.4189325304352,2.4795655993867327,247.95655993867325,2.675858301097566,1.1195685681690435e-09,2.110999515325877,0.6401450405301324,1.0206423856151752e-05,9.292367235860461e-11,387414736054.2456
157.83314056521164,2.3787981082751437,237.87981082751435,2.7892094621875816,1.1234762555307516e-09,2.1810170130204125,0.6610886340628198,1.0206423856151752e-05,9.685998174773618e-11,371670522236.5107
164.51905877536606,2.2821257244943896,228.2125724494389,2.9073622548577784,1.1273839428924865e-09,2.2531917714085905,0.6826707639972143,1.0206423856151752e-05,1.0096303585558494e-10,356566140220.7984
171.4881969870541,2.1893820262763115,218.93820262763114,3.030520079458066,1.1312916302542457e-09,2.327580958044504,0.7049083639736041,1.0206423856151752e-05,1.0523989810081723e-10,342075587772.927
178.75255259042353,2.1004073550954883,210.04073550954882,3.1588949525142525,1.1351993176160273e-09,2.404244888278622,0.7278192391976519,1.0206423856151752e-05,1.0969793111327442e-10,328173919367.96234
186.324631193156,2.0150485408166396,201.50485408166398,3.292707871715087,1.1391070049778293e-09,2.4832460922936392,0.7514215995599408,1.0206423856151752e-05,1.143448094087606e-10,314837203246.4278
194.21746814890244,1.9331586380118466,193.31586380118466,3.43218919636035,1.1430146923396503e-09,2.5646433314421726,0.7757328534914347,1.0206423856151752e-05,1.1918853260074138e-10,302042480215.71893
202.44465099768018,1.8545966729935834,185.45966729935833,3.5775790439250423,1.146922379701489e-09,2.648496589574817,0.8007713017007917,1.0206423856151752e-05,1.2423743917170122e-10,289767724125.7889
211.02034285685966,1.7792274011281628,177.92274011281626,3.7291277034222197,1.1508300670633437e-09,2.734870414808355,0.8265554476875571,1.0206423856151752e-05,1.2950022082786184e-10,277991803951.07587
219.95930680300748,1.706921074011731,170.6921074011731,3.8870960662762015,1.1547377544252128e-09,2.823834841756334,0.8531059180547367,1.0206423856151752e-05,1.3498593746197799e-10,266694447413.38528
229.27693128656486,1.637553216108022,163.75532161080218,4.051756075447915,1.1586454417870957e-09,2.915454773552316,0.8804423299614552,1.0206423856151752e-05,1.4070403274996877e-10,255856206083.10526
238.98925662310478,1.5710044104634096,157.10044104634096,4.2233911935853765,1.1625531291489912e-09,3.0097936813471833,0.9085828146386377,1.0206423856151752e-05,1.4666435040822966e-10,245458421898.68628
249.1130026067786,1.507160093130295,150.7160093130295,4.402296891005428,1.1664608165108983e-09,3.1069159386329646,0.9375472398973752,1.0206423856151752e-05,1.528771511396173e-10,235483195046.73703
259.6655972934872,1.4459103559449669,144.59103559449667,4.58878115434667,1.1703685038728159e-09,3.2068929559552335,0.9673571923966756,1.0206423856151752e-05,1.5935313029727655e-10,225913353147.44846
270.66520700332416,1.3871497573204052,138.71497573204053,4.7831650167692725,1.174276191234743e-09,3.3098039294615487,0.9980347751972298,1.0206423856151752e-05,1.6610343629671945e-10,216732421692.29587
282.1307675939471,1.3307771407282967,133.07771407282968,4.985783110614464,1.1781838785966793e-09,3.4157233557079016,1.029602610062161,1.0206423856151752e-05,1.7313968980785372e-10,207924595683.12692
294.08201705870607,1.2766954605578051,127.66954605578051,5.196984243474982,1.182091565958624e-09,3.52468647082672,1.0620731053111485,1.0206423856151752e-05,1.8047400375999648e-10,199474712423.81607
306.539529505653,1.2248116150512973,122.48116150512973,5.417131998668273,1.1859992533205764e-09,3.6367887750470174,1.0954732795198372,1.0206423856151752e-05,1.8811900419431422e-10,191368225417.6427
319.52475057592136,1.1750362860294166,117.50362860294165,5.646605361146137,1.1899069406825356e-09,3.7521233340751814,1.1298297322459803,1.0206423856151752e-05,1.9608785199958632e-10,183591179325.4584
333.06003436245885,1.1272837851295885,112.72837851295884,5.88579936991839,1.1938146280445012e-09,3.8707635837445515,1.1651639124960067,1.0206423856151752e-05,2.0439426556871185e-10,176130185941.5316
347.16868189265597,1.0814719062932827,108.14719062932826,6.135125798113542,1.1977223154064726e-09,3.992746774385503,1.20149069143843,1.0206423856151752e-05,2.1305254441495885e-10,168972401145.71646
361.87498124112767,1.0375217842480593,103.75217842480592,6.395013861847364,1.2016300027684498e-09,4.118164496078628,1.238835448712509,1.0206423856151752e-05,2.2207759378861525e-10,162105502792.26566
377.2042493417001,0.9953577587407982,99.53577587407982,6.66591095911954,1.205537690130432e-09,4.247115393040361,1.2772258292354455,1.0206423856151752e-05,2.314849503364158e-10,155517669497.2239
393.18287557057704,0.9549072442883606,95.49072442883606,6.9482834400105755,1.2094453774924184e-09,4.379663014311085,1.3166834873266091,1.0206423856151752e-05,2.412908088479231e-10,149197560287.88278
409.83836717572615,0.9161006052214878,91.61006052214879,7.242617409504709,1.2133530648544094e-09,4.515886318329814,1.3572313704747625,1.0206423856151752e-05,2.515120501349008e-10,143134295079.2659
427.19939663067765,0.8788710358068145,87.88710358068144,7.549419564320911,1.2172607522164042e-09,4.65585631562514,1.3988897274082717,1.0206423856151752e-05,2.6216627009167536e-10,137317435944.03421
445.2958509942651,0.8431544452406109,84.31544452406109,7.869218065192706,1.2211684395784027e-09,4.799655038500495,1.4416858925451463,1.0206423856151752e-05,2.732718099865175e-10,131736969143.56496
464.1588833612782,0.8088893473163029,80.88893473163029,8.202563446098216,1.225076126940405e-09,4.947372132262331,1.4856450144254032,1.0206423856151752e-05,2.8484778803618196e-10,126383287889.27513
483.82096649259574,0.7760167545757954,77.60167545757955,8.550029562005927,1.2289838143024096e-09,5.099080716663263,1.5307891317311921,1.0206423856151752e-05,2.969141323179705e-10,121247175804.50827
504.3159487171359,0.7444800767624062,74.44800767624062,8.912214576767562,1.232891501664417e-09,5.254853306311119,1.5771420133858371,1.0206423856151752e-05,3.0949161507597074e-10,116319791058.51736
525.6791122018419,0.7142250234005825,71.42250234005824,9.2897419928588,1.2367991890264275e-09,5.414776118202231,1.624728911629344,1.0206423856151752e-05,3.226018884805316e-10,111592651145.2289
547.9472336900282,0.6851995103347126,68.51995103347124,9.683261724740346,1.24070687638844e-09,5.578931645592517,1.6735745074080826,1.0206423856151752e-05,3.362675219025285e-10,107057618280.58752
571.1586478126435,0.657353570066102,65.73535700661019,10.09345121768754,1.244614563750455e-09,5.747395157045642,1.7237026120653147,1.0206423856151752e-05,3.5051204076660034e-10,102706885393.33733
595.353313081437,0.6306392657337986,63.06392657337985,10.521016614014103,1.2485222511124717e-09,5.920247798650587,1.7751377626673241,1.0206423856151752e-05,3.653599670502266e-10,98532962685.12915
620.57288067765,0.6050106085911486,60.50106085911486,10.966693968698154,1.2524299384744905e-09,6.097571917222362,1.827905616176735,1.0206423856151752e-05,3.808368614983832e-10,94528664736.81104
646.8607661546321,0.580423478836053,58.042347883605295,11.431250516502743,1.2563376258365109e-09,6.279447711917175,1.8820309211032746,1.0206423856151752e-05,3.9696936762642877e-10,90687098138.71104
674.2622241778336,0.5568355496586065,55.68355496586065,11.915485992772584,1.2602453131985327e-09,6.465953186600677,1.9375379136437032,1.0206423856151752e-05,4.137852575869903e-10,87001649623.61354
702.8244264308353,0.5342062143753809,53.420621437538074,12.42023401018063,1.2641530005605565e-09,6.6571559581414474,1.9944483624245395,1.0206423856151752e-05,4.313134799797986e-10,83465974682.00189
732.596542821523,0.5124965165249151,51.24965165249151,12.946363493794381,1.2680606879225812e-09,6.85312989207556,2.052785180155326,1.0206423856151752e-05,4.495842096867761e-10,80073986639.96915
763.6298261282242,0.49166908280405375,49.166908280405366,13.494780176932949,1.271968375284607e-09,7.053965387063437,2.112576098712834,1.0206423856151752e-05,4.68628899818185e-10,76819846180.99097
795.9777002314978,0.47168805872971103,47.1688058729711,14.066428160389258,1.275876062646634e-09,7.259737819096849,2.1738452194919833,1.0206423856151752e-05,4.88480335859235e-10,73697951293.5278
829.6958520834916,0.45251904691528005,45.251904691528004,14.662291537702142,1.2797837500086623e-09,7.470520677942735,2.2366159504709917,1.0206423856151752e-05,5.091726921103873e-10,70702927627.1464
864.8423275731726,0.4341290478554433,43.412904785544335,15.28339608927589,1.2836914373706914e-09,7.686384963047029,2.300911289309598,1.0206423856151752e-05,5.307415905184996e-10,67829619240.56183
901.4776314524918,0.4164864031174287,41.64864031174287,15.930811048264198,1.2875991247327215e-09,7.907393500856412,2.366752455919715,1.0206423856151752e-05,5.532241620001107e-10,65073079725.66967
939.6648314954691,0.3995607408409381,39.95607408409381,16.6056509412577,1.291506812094752e-09,8.133631416866574,2.4341650271967743,1.0206423856151752e-05,5.766591103624074e-10,62428563692.292015
979.4696670695386,0.38332292345290525,38.33229234529052,17.309077506944654,1.2954144994567834e-09,8.36514397009021,2.503165582756402,1.0206423856151752e-05,6.010867789319358e-10,59891518598.97499
1020.9606623060475,0.3677449975070867,36.77449975070867,18.042301696047105,1.299322186818816e-09,8.60201130513793,2.5737815691147,1.0206423856151752e-05,6.265492200057449e-10,57457576915.776726
1064.2092440647245,0.3528001455621308,35.280014556213075,18.806585755975778,1.3032298741808488e-09,8.844284056305984,2.6460290731738585,1.0206423856151752e-05,6.530902672445264e-10,55122548605.553
1109.2898648952228,0.33846264001527654,33.84626400152765,19.60324540379251,1.3071375615428823e-09,9.092059805587988,2.7199381376297165,1.0206423856151752e-05,6.807556111323843e-10,52882413910.79655
1156.2801312073755,0.32470779881221956,32.47077988122195,20.433652091220605,1.3110452489049161e-09,9.345326742018862,2.7955137615743544,1.0206423856151752e-05,7.095928776331223e-10,50733316433.6141
1205.2609368708413,0.311511942956887,31.151194295688697,21.299235365602737,1.3149529362669508e-09,9.604219398826617,2.8727918229553704,1.0206423856151752e-05,7.39651710178471e-10,48671556496.92682
1256.3166024741215,0.29885235574798397,29.885235574798394,22.201485330870472,1.3188606236289857e-09,9.868727141638695,2.951775356784031,1.0206423856151752e-05,7.709838551293874e-10,46693584775.46646
1309.5350204826677,0.2867072436721314,28.670724367213136,23.141955212762152,1.322768310991021e-09,10.138938137786422,3.0324966064392505,1.0206423856151752e-05,8.036432508575515e-10,44795996185.60242
1365.0078065460139,0.2750556988862726,27.50556988862726,24.122264032705285,1.3266759983530567e-09,10.414876801878737,3.1149617175789053,1.0206423856151752e-05,8.376861206004231e-10,42975524023.4809
1422.830457214352,0.2638776632247657,26.38776632247657,25.144099394966286,1.3305836857150926e-09,10.696603115956611,3.1991917965901986,1.0206423856151752e-05,8.731710692496958e-10,41229034341.385506
1483.1025143361028,0.25315389366919866,25.315389366919863,26.209220391865642,1.334491373077129e-09,10.984121433438128,3.285199332094474,1.0206423856151752e-05,9.101591842397719e-10,39553520552.63795
1545.9277364194786,0.24286592922148048,24.286592922148046,27.319460632060178,1.338399060439166e-09,11.27745897691387,3.3729919550675516,1.0206423856151752e-05,9.487141407099476e-10,37946098255.75095
1611.41427725302,0.232996059123185,23.299605912318498,28.476731397105063,1.342306747801203e-09,11.576734258032394,3.46260181100301,1.0206423856151752e-05,9.889023111213305e-10,36404000268.923515
1679.6748720926532,0.22352729236643043,22.35272923664304,29.68302493173042,1.3462144351632402e-09,11.881847278906546,3.554018187406525,1.0206423856151752e-05,1.0307928795172176e-09,34924571866.329704
1750.8270317357233,0.21444332844381414,21.444332844381414,30.940417873495946,1.3501221225252774e-09,12.192901446479283,3.647271929496967,1.0206423856151752e-05,1.0744579606236113e-09,33505266208.001045
1824.9932448161505,0.20572852928704657,20.572852928704656,32.25107482772789,1.3540298098873152e-09,12.509927393693262,3.7423650153092733,1.0206423856151752e-05,1.1199727239949082e-09,32143639955.434906
1902.3011886689458,0.19736789234597404,19.736789234597403,33.61725209389303,1.3579374972493531e-09,12.832795513228504,3.839282281887624,1.0206423856151752e-05,1.1674155234184916e-09,30837349065.380577
1982.8839491270714,0.1893470247616488,18.93470247616488,35.04130154982411,1.3618451846113911e-09,13.161706538850526,3.9380867065436536,1.0206423856151752e-05,1.2168680318009842e-09,29584144754.562603
2066.880249629082,0.181652118588982,18.165211858898196,36.52567470048428,1.3657528719734293e-09,13.496502923663305,4.038715604532175,1.0206423856151752e-05,1.2684153817683866e-09,28381869628.39404
2154.4346900318824,0.17426992702633193,17.42699270263319,38.072926898238826,1.3696605593354675e-09,13.837206318591635,4.141206228308664,1.0206423856151752e-05,1.3221463122221034e-09,27228453967.016373
2245.697995539772,0.16718774161109637,16.718774161109636,39.685721741901816,1.3735682466975063e-09,14.183912322328077,4.245597410297347,1.0206423856151752e-05,1.3781533211032219e-09,26121912162.270695
2340.827276178294,0.16039337034206252,16.039337034206252,41.36683566212809,1.377475934059545e-09,14.536357861187001,4.3517813215115675,1.0206423856151752e-05,1.4365328246279493e-09,25060339299.468304
2439.98629725955,0.15387511669084342,15.387511669084342,43.119162701046214,1.3813836214215835e-09,14.89487509623099,4.459893190741721,1.0206423856151752e-05,1.49738532326839e-09,24041907878.07488
2543.345761304648,0.14762175946627185,14.762175946627185,44.94571949436008,1.3852913087836226e-09,15.25903657339282,4.569836129715673,1.0206423856151752e-05,1.560815574764391e-09,23064864665.6632
2651.0836019085364,0.1416225334970916,14.16225334970916,46.849650464494815,1.3891989961456614e-09,15.62899497956789,4.681596366604016,1.0206423856151752e-05,1.6269327744642526e-09,22127527679.719135
2763.385290053173,0.13586711109968383,13.586711109968384,48.83423323372914,1.3931066835077006e-09,16.004992913933485,4.795300553195389,1.0206423856151752e-05,1.695850743304838e-09,21228283292.103863
2880.4441533962977,0.13034558429893442,13.03455842989344,50.902884266630195,1.3970143708697398e-09,16.386058359304265,4.910700237860896,1.0206423856151752e-05,1.767688123754595e-09,20365583451.189045
3002.461709085549,0.12504844777162671,12.50484477716267,53.05916475150691,1.400922058231779e-09,16.773275746156752,5.028028148683161,1.0206423856151752e-05,1.8425685840569026e-09,19537943016.88161
3129.6480106707504,0.11996658248300236,11.996658248300236,55.306786731005154,1.4048297455938185e-09,17.166100302318377,5.1472080056329625,1.0206423856151752e-05,1.920621031125279e-09,18743937203.95108
3262.2220097116665,0.11509123998831844,11.509123998831843,57.64961949239913,1.4087374329558577e-09,17.563541652181854,5.267976797731898,1.0206423856151752e-05,2.0019798324569796e-09,17982199129.258015
3400.4119327037097,0.1104140273723766,11.041402737237659,60.09169622857979,1.4126451203178971e-09,17.96739745127993,5.390767729862601,1.0206423856151752e-05,2.0867850474470047e-09,17251417458.66101
3544.4556739704353,0.10592689280109684,10.592689280109683,62.63722098120721,1.4165528076799368e-09,18.37596614256054,5.5151943288988585,1.0206423856151752e-05,2.1751826685007228e-09,16550334149.55147
3694.6012051993025,0.10162211166026376,10.162211166026376,65.29057587797942,1.420460495041976e-09,18.789279406587948,5.641257072715484,1.0206423856151752e-05,2.2673248723601832e-09,15877742285.129887
3851.107002325569,0.09749227325758164,9.749227325758163,68.05632867647766,1.4243681824040157e-09,19.208889265989658,5.769330409729576,1.0206423856151752e-05,2.363370282076806e-09,15232483996.695213
4014.2424904993177,0.09353026806514901,9.353026806514901,70.93924062757233,1.4282758697660553e-09,19.632122382801196,5.898781966881119,1.0206423856151752e-05,2.463484240081363e-09,14613448470.370977
4184.288507901585,0.08972927548038602,8.972927548038601,73.94427467193015,1.4321835571280951e-09,20.06034814347924,6.029941322376626,1.0206423856151752e-05,2.567839092821443e-09,14019570034.836014
4361.537789208006,0.0860827520843498,8.60827520843498,77.07660398372897,1.436091244490135e-09,20.49454246220928,6.16304012317116,1.0206423856151752e-05,2.676614487456301e-09,13449826326.7686
4546.2954695324,0.08258442037722072,8.258442037722071,80.3416208762915,1.4399989318521746e-09,20.931231284568803,6.2972609353216065,1.0206423856151752e-05,2.789997681119936e-09,12903236530.845144
4738.879609717651,0.07922825797156913,7.9228257971569125,83.74494608496745,1.4439066192142145e-09,21.373071249110442,6.433228748504701,1.0206423856151752e-05,2.908183863284764e-09,12378859691.263939
4939.621743878316,0.07600848722480019,7.600848722480018,87.29243844324374,1.4478143065762543e-09,21.819941220205372,6.57090503846114,1.0206423856151752e-05,3.0313764917807898e-09,11875793091.887346
5148.867450137497,0.0729195652929258,7.29195652929258,90.9902049687429,1.4517219939382942e-09,22.269123066047616,6.709693802068248,1.0206423856151752e-05,3.1597876430488373e-09,11393170702.213419
5366.976945540476,0.06995617458854453,6.995617458854452,94.8446113764694,1.4556296813003338e-09,22.7230221809514,6.850116203184602,1.0206423856151752e-05,3.2936383772306788e-09,10930161686.502188
5594.325706169378,0.06711321362659978,6.711321362659977,98.86229303740619,1.4595373686623739e-09,23.18077603432682,6.99195359465463,1.0206423856151752e-05,3.4331591187247005e-09,10485968973.48957
5831.3051135262185,0.06438578824216022,6.438578824216021,103.0501664013229,1.4634450560244137e-09,23.640867981586897,7.134929020577503,1.0206423856151752e-05,3.578590052862095e-09,10059827884.227146
6078.323128297224,0.06176920316510144,6.176920316510143,107.41544090346294,1.4673527433864536e-09,24.104892022670494,7.279359772038416,1.0206423856151752e-05,3.730181539386568e-09,9651004815.685253
6335.804992658254,0.05925895393718566,5.925895393718565,111.96563137560607,1.4712604307484938e-09,24.571674200900688,7.424919439370563,1.0206423856151752e-05,3.888194543449318e-09,9258795977.853376
6604.193962330305,0.056850719157625684,5.685071915762568,116.70857098286973,1.4751681181105337e-09,25.04070858972097,7.571600490016588,1.0206423856151752e-05,4.052901084861187e-09,8882526182.163908
6883.9520696454965,0.05454035304378038,5.454035304378038,121.65242470852652,1.4790758054725735e-09,25.512603511279313,7.7194992126580315,1.0206423856151752e-05,4.224584706375587e-09,8521547679.1529665
7175.560918936921,0.05232387829417987,5.232387829417987,126.8057034100428,1.4829834928346136e-09,25.986407855910823,7.86829470058569,1.0206423856151752e-05,4.403540961808043e-09,8175239043.358149
7479.522515621813,0.05019747924158975,5.019747924158975,132.17727847054377,1.4868911801966536e-09,26.46209481070193,8.01811700709256,1.0206423856151752e-05,4.590077924832918e-09,7843004103.532823
7796.360130405236,0.04815749528433012,4.815749528433011,137.77639707092263,1.4907988675586939e-09,26.939498737268007,8.16889284419271,1.0206423856151752e-05,4.784516719333047e-09,7524270916.335796
8126.6192000919455,0.04620041458453995,4.620041458453994,143.61269810888686,1.4947065549207335e-09,27.41807591105315,8.320382245480749,1.0206423856151752e-05,4.9871920722153435e-09,7218490781.729319
8470.868266557402,0.044322868022538195,4.432286802253819,149.6962287923486,1.4986142422827736e-09,27.897839631218776,8.47269937042576,1.0206423856151752e-05,5.1984528896441455e-09,6925137298.390395
8829.699955494083,0.042521623396875895,4.252162339687589,156.03746193571777,1.5025219296448136e-09,28.378231064919298,8.625702162155214,1.0206423856151752e-05,5.418662857684033e-09,6643705457.509604
9203.73199661823,0.04079357986009218,4.079357986009217,162.64731398888208,1.5064296170068539e-09,28.85892774353971,8.779226570864829,1.0206423856151752e-05,5.64820106838643e-09,6373710773.417
9593.608287093146,0.0391357625805977,3.91357625805977,169.53716382990223,1.5103373043688941e-09,29.339994548958483,8.933332980088933,1.0206423856151752e-05,5.8874626723974994e-09,6114688449.53883
10000.0,0.037545317621493234,3.754531762149323,176.71887235378426,1.514244991730934e-09,29.820598123836213,9.087851499558312,1.0206423856151752e-05,6.136859559211155e-09,5866192578.248853
10423.606739764033,0.036019507027510105,3.6019507027510103,184.20480289104057,1.5181526790929745e-09,30.300646876737396,9.242694870528423,1.0206423856151752e-05,6.396821066237873e-09,5627795373.237238
10865.157746525372,0.03455570411161321,3.4555704111613212,192.00784249119442,1.522060366455014e-09,30.78002254853811,9.397829074527127,1.0206423856151752e-05,6.667794717910127e-09,5399086433.075344
11325.413151528126,0.0331513889331511,3.31513889331511,200.14142410787622,1.5259680538170544e-09,31.257940004147617,9.553096244184571,1.0206423856151752e-05,6.950246996097091e-09,5179672034.708377
11805.165285688032,0.03180414395977272,3.1804143959772717,208.6195497236821,1.5298757411790944e-09,31.7343384986159,9.708463445327618,1.0206423856151752e-05,7.2446641431542054e-09,4969174455.660302
12305.240043592616,0.030511649905637817,3.051164990563781,217.45681445463126,1.5337834285411347e-09,32.208897170233286,9.863805551772394,1.0206423856151752e-05,7.551552998990904e-09,4767231323.783412
12826.498305280626,0.029271681738761147,2.9271681738761144,226.6684316756909,1.5376911159031747e-09,32.681086390167174,10.019013172156194,1.0206423856151752e-05,7.871441873596681e-09,4573494993.433852
13369.837418249452,0.028082104850613288,2.8082104850613288,236.2702592106463,1.5415988032652148e-09,33.150619888114555,10.174029283299314,1.0206423856151752e-05,8.204881456528279e-09,4387631946.998614
13936.192742241436,0.02694087138138621,2.6940871381386207,246.27882663138848,1.545506490627255e-09,33.61708858873088,10.32870767031515,1.0206423856151752e-05,8.5524457649233e-09,4209322220.744052
14526.539259467783,0.025846016694597778,2.5846016694597775,256.7113637136109,1.5494141779892947e-09,34.080367015818425,10.483004474155075,1.0206423856151752e-05,8.914733131672054e-09,4038258853.997553
15141.89325304352,0.024795655994964055,2.4795655994964054,267.5858300979211,1.5533218653513351e-09,34.53963172061251,10.636738317960306,1.0206423856151752e-05,9.292367235449453e-09,3874147360.7138124
15783.314056521198,0.023787981083719757,2.378798108371975,278.9209462074043,1.5572295527133754e-09,34.99485061519649,10.789874607914488,1.0206423856151752e-05,9.685998174379339e-09,3716705222.5164
16451.905877536607,0.02282125724579893,2.2821257245798927,290.736225474885,1.5611372400754155e-09,35.44563597916996,10.9422861183189,1.0206423856151752e-05,1.009630358518022e-08,3565661402.341578
17148.819698705407,0.0218938202635181,2.18938202635181,303.0520079353562,1.5650449274374557e-09,35.89148031188233,11.093853666159628,1.0206423856151752e-05,1.0523989809718815e-08,3420755877.8472314
17875.25525904232,0.02100407355162157,2.100407355162157,315.88949524139866,1.5689526147994954e-09,36.332078563366466,11.244493916597078,1.0206423856151752e-05,1.096979311097925e-08,3281739193.783788
18632.4631193156,0.02015048540875503,2.015048540875503,329.27078716189015,1.5728603021615358e-09,36.76697200152383,11.394059482716168,1.0206423856151752e-05,1.1434480940542037e-08,3148372032.556247
19421.746814890284,0.019331586380638126,1.9331586380638124,343.2189196268088,1.576767989523576e-09,37.195911063666514,11.542469637350175,1.0206423856151752e-05,1.1918853259753743e-08,3020424802.238383
20244.46509976802,0.018545966730394728,1.8545966730394725,357.7579043836521,1.5806756768856161e-09,37.61838508795114,11.689593217594496,1.0206423856151752e-05,1.2423743916862712e-08,2897677241.329588
21102.034285685964,0.017792274011686857,1.7792274011686855,372.9127703337286,1.5845833642476564e-09,38.03409309112089,11.835337391811802,1.0206423856151752e-05,1.295002208249124e-08,2779918039.574073
21995.930680300702,0.01706921074047511,1.706921074047511,388.70960661947214,1.5884910516096965e-09,38.44269680188722,11.979595383825737,1.0206423856151752e-05,1.349859374591484e-08,2666944474.189757
22927.693128656487,0.016375532161396127,1.6375532161396127,405.17560753697495,1.5923987389717365e-09,38.84382813790903,12.122262221723702,1.0206423856151752e-05,1.4070403274725436e-08,2558562060.880411
23898.92566231053,0.01571004410491301,1.571004410491301,422.3391193510394,1.5963064263337768e-09,39.237100499295614,12.263224428084962,1.0206423856151752e-05,1.4666435040562582e-08,2454584219.0304413
24911.30026067786,0.015071600931549252,1.5071600931549252,440.22968909334855,1.6002141136958168e-09,39.62215530740316,12.402367891480361,1.0206423856151752e-05,1.5287715113711896e-08,2354831950.5058537
25966.559729348723,0.014459103559667152,1.4459103559667152,458.87811542776484,1.604121801057857e-09,39.99865150586757,12.539558000982629,1.0206423856151752e-05,1.5935313029487967e-08,2259133531.508465
27066.52070033236,0.0138714975733961,1.3871497573396099,478.3165016703051,1.6080294884198971e-09,40.36613855674538,12.674700475642904,1.0206423856151752e-05,1.661034362944198e-08,2167324216.9529643
28213.076759394706,0.013307771407452505,1.3307771407452504,498.5783110550947,1.6119371757819372e-09,40.72441672295319,12.80769044441677,1.0206423856151752e-05,1.7313968980564798e-08,2079245956.8577585
29408.201705870666,0.01276695460572773,1.276695460572773,519.6984243414053,1.6158448631439775e-09,41.0729587159588,12.93840102187267,1.0206423856151752e-05,1.8047400375788067e-08,1994747124.2615469
30653.952950565235,0.01224811615064519,1.224811615064519,541.7131998609796,1.6197525505060175e-09,41.41166741534679,13.066759223187754,1.0206423856151752e-05,1.881190041922835e-08,1913682254.1970854
31952.475057592135,0.01175036286041088,1.175036286041088,564.660536109005,1.6236602378680578e-09,41.74006950913243,13.192613738301999,1.0206423856151752e-05,1.960878519976386e-08,1835911793.27282
33306.00343624582,0.011272837851398956,1.1272837851398954,588.5799369864574,1.6275679252300978e-09,42.05779058158999,13.315885467904202,1.0206423856151752e-05,2.0439426556684302e-08,1761301859.4314198
34716.868189265595,0.010814719063023812,1.081471906302381,613.5125798061927,1.631475612592138e-09,42.36485215742893,13.436478503907061,1.0206423856151752e-05,2.130525444131664e-08,1689724011.4713807
36187.49812411284,0.010375217842560926,1.0375217842560926,639.5013861797848,1.6353832999541785e-09,42.66060654387077,13.554285949485536,1.0206423856151752e-05,2.220775937868957e-08,1621055027.935208
37720.42493416993,0.009953577587478953,0.9953577587478951,666.5910959072011,1.6392909873162182e-09,42.94485893170811,13.669185340893002,1.0206423856151752e-05,2.3148495033476528e-08,1555176694.9833276
39318.2875570577,0.00954907244294624,0.9549072442946239,694.8283439965,1.6431986746782584e-09,43.21751219859034,13.78107777638135,1.0206423856151752e-05,2.4129080884634043e-08,1491975602.888614
40983.83671757253,0.009161006052270212,0.9161006052270211,724.2617409460963,1.6471063620402985e-09,43.47792917319233,13.889893341065005,1.0206423856151752e-05,2.5151205013338165e-08,1431342950.8013043
42719.939663067766,0.008788710358116963,0.8788710358116962,754.9419564278978,1.6510140494023388e-09,43.72645044590188,13.99553972991271,1.0206423856151752e-05,2.6216627009021913e-08,1373174359.4479697
44529.5850994266,0.00843154445244923,0.843154445244923,786.9218065152461,1.6549217367643792e-09,43.96239412442885,14.097900124105097,1.0206423856151752e-05,2.7327180998511993e-08,1317369691.442387
46415.888336127726,0.008088893473201138,0.8088893473201136,820.2563446059572,1.6588294241264189e-09,44.18503051208581,14.196771608948131,1.0206423856151752e-05,2.8484778803483998e-08,1263832878.8987055
48382.09664925957,0.0077601675457915935,0.7760167545791593,855.0029561968863,1.6627371114884591e-09,44.39575579563508,14.29239125923059,1.0206423856151752e-05,2.9691413231668352e-08,1212471758.0503385
50431.59487171348,0.0074448007676537475,0.7444800767653746,891.2214576732025,1.6666447988504994e-09,44.59260377316051,14.38431112961012,1.0206423856151752e-05,3.0949161507473674e-08,1163197910.5898116
52567.91122018419,0.007142250234032027,0.7142250234032027,928.9741992824717,1.6705524862125399e-09,44.77595879351364,14.472542391840607,1.0206423856151752e-05,3.226018884793481e-08,1115926511.456383
54794.723369002924,0.006851995103370266,0.6851995103370265,968.3261724707644,1.67446017357458e-09,44.94699259692773,14.557366249358513,1.0206423856151752e-05,3.362675219013929e-08,1070576182.8094906
57115.86478126423,0.0065735357006814705,0.657353570068147,1009.3451217656138,1.6783678609366198e-09,45.10308584709077,14.638075402953252,1.0206423856151752e-05,3.5051204076550986e-08,1027068853.9365686
59535.3313081437,0.006306392657356029,0.6306392657356028,1052.1016613984002,1.6822755482986602e-09,45.24573223340118,14.71504588153645,1.0206423856151752e-05,3.653599670491813e-08,985329626.8541106
62057.288067765134,0.00605010608592741,0.6050106085927409,1096.669396866929,1.6861832356607005e-09,45.37511836908229,14.788183171508775,1.0206423856151752e-05,3.8083686149738085e-08,945286647.3705983
64686.07661546321,0.005804234788374596,0.5804234788374595,1143.125051647504,1.6900909230227405e-09,45.489531722104985,14.857179762466433,1.0206423856151752e-05,3.969693676254667e-08,906870981.389308
67426.22241778349,0.005568355496598477,0.5568355496598477,1191.5485992746026,1.6939986103847806e-09,45.59028447724092,14.922187816665538,1.0206423856151752e-05,4.137852575860679e-08,870016496.2380747
70282.44264308338,0.005342062143764792,0.5342062143764791,1242.0234010155095,1.6979062977468204e-09,45.676730934090905,14.983057375088343,1.0206423856151752e-05,4.313134799789118e-08,834659746.821735
73259.6542821523,0.0051249651652588366,0.5124965165258836,1294.6363493769913,1.701813985108861e-09,45.74874192443678,15.039786922046261,1.0206423856151752e-05,4.495842096859266e-08,800739866.4012047
76362.98261282257,0.004916690828049079,0.4916690828049079,1349.4780176909505,1.7057216724709012e-09,45.80659640793359,15.092241675083512,1.0206423856151752e-05,4.686288998173709e-08,768198461.8112442
79597.77002314977,0.004716880587304662,0.47168805873046615,1406.6428160366738,1.7096293598329412e-09,45.849807565488184,15.140463909172377,1.0206423856151752e-05,4.88480335858453e-08,736979512.9364578
82969.58520834915,0.00452519046915947,0.452519046915947,1466.2291537680533,1.7135370471949815e-09,45.878845712596075,15.184364574251664,1.0206423856151752e-05,5.091726921096368e-08,707029276.2725059
86484.23275731709,0.004341290478560328,0.4341290478560328,1528.339608925514,1.7174447345570215e-09,45.89306219090627,15.223862790009719,1.0206423856151752e-05,5.3074159051777884e-08,678296192.4065393
90147.76314524918,0.004164864031179485,0.4164864031179485,1593.0811048244311,1.7213524219190618e-09,45.89319244054104,15.25904988925599,1.0206423856151752e-05,5.5322416199942026e-08,650730797.2575089
93966.4831495471,0.003995607408413962,0.3995607408413962,1660.5650941238664,1.7252601092811018e-09,45.87862826206328,15.289736733686814,1.0206423856151752e-05,5.766591103617462e-08,624285636.923636
97946.96670695386,0.0038332292345331026,0.3833229234533102,1730.9077506926365,1.729167796643142e-09,45.84973149961554,15.316013512414534,1.0206423856151752e-05,6.010867789313007e-08,598915185.9903827
102096.06623060476,0.003677449975074444,0.3677449975074444,1804.2301696029556,1.7330754840051822e-09,45.80660381087261,15.337815025822502,1.0206423856151752e-05,6.265492200051355e-08,574575769.1583261
106420.92440647224,0.0035280014556244737,0.3528001455624474,1880.6585755958897,1.7369831713672222e-09,45.74909583267705,15.355119220847994,1.0206423856151752e-05,6.530902672439403e-08,551225486.0560247
110928.98648952227,0.0033846264001555584,0.3384626400155558,1960.3245403776336,1.7408908587292625e-09,45.67745053435392,15.36793434798828,1.0206423856151752e-05,6.807556111318227e-08,528824139.1084018
115628.01312073777,0.003247077988124653,0.3247077988124653,2043.365209120514,1.744798546091303e-09,45.59169642674631,15.376252483870772,1.0206423856151752e-05,7.095928776325852e-08,507333164.33652496
120526.09368708414,0.0031151194295710467,0.31151194295710466,2129.923536558785,1.7487062334533426e-09,45.49199021657565,15.380051821865575,1.0206423856151752e-05,7.396517101779542e-08,486715564.9696084
125631.66024741215,0.00298852355748176,0.298852355748176,2220.1485330856203,1.7526139208153828e-09,45.37820190634295,15.379301351751256,1.0206423856151752e-05,7.709838551288921e-08,466935847.75496465
130953.5020482665,0.002867072436723016,0.28670724367230155,2314.195521274841,1.756521608177423e-09,45.25049861244595,15.373986226270683,1.0206423856151752e-05,8.036432508570743e-08,447959961.85629016
136500.78065460137,0.0027505569888642213,0.2750556988864221,2412.2264032692174,1.7604292955394632e-09,45.10930319464022,15.364184381436496,1.0206423856151752e-05,8.376861205999677e-08,429755240.2350426
142283.04572143548,0.002638776632248973,0.26387766322489725,2514.409939495375,1.7643369829015036e-09,44.95464790980643,15.349895129317247,1.0206423856151752e-05,8.731710692492605e-08,412290343.4140606
148310.25143361028,0.0025315389366931534,0.2531538936693153,2620.922039185357,1.7682446702635435e-09,44.786685235232795,15.331156329885074,1.0206423856151752e-05,9.101591842393524e-08,395535205.52656174
154592.77364194786,0.0024286592922158354,0.24286592922158354,2731.9460632048585,1.772152357625584e-09,44.60567807162276,15.30795677380274,1.0206423856151752e-05,9.487141407095452e-08,379460982.5576705
161141.42772530165,0.002329960591232767,0.2329960591232767,2847.6731397093854,1.7760600449876238e-09,44.41183646142692,15.28028942332426,1.0206423856151752e-05,9.889023111209413e-08,364040002.68937844
167967.48720926532,0.002235272923665108,0.22352729236651078,2968.3024931719747,1.7799677323496638e-09,44.205224513548266,15.24825475895172,1.0206423856151752e-05,1.030792879516847e-07,349245718.66342264
175082.7031735727,0.0021444332844388465,0.21444332844388464,3094.041787348577,1.7838754197117043e-09,43.985997477355674,15.21185164487353,1.0206423856151752e-05,1.0744579606232579e-07,335052662.0801207
182499.32448161504,0.0020572852928710927,0.20572852928710925,3225.1074827718066,1.7877831070737442e-09,43.75467731551889,15.171090096326507,1.0206423856151752e-05,1.119972723994567e-07,321436399.554447
190230.11886689457,0.001973678923460292,0.1973678923460292,3361.725209388363,1.7916907944357846e-09,43.51149245426156,15.126082948368834,1.0206423856151752e-05,1.1674155234181655e-07,308373490.6538919
198288.39491270675,0.0018934702476169803,0.189347024761698,3504.1301549815003,1.7955984817978245e-09,43.256261714138745,15.076849074856415,1.0206423856151752e-05,1.2168680318006679e-07,295841447.5457029
206688.0249629082,0.0018165211858902528,0.18165211858902527,3652.567470047557,1.799506169159865e-09,42.9894581983446,15.02333901422128,1.0206423856151752e-05,1.2684153817680842e-07,283818696.284008
215443.46900318866,0.0017426992702636965,0.17426992702636965,3807.292689823058,1.8034138565219052e-09,42.71173896632687,14.965674986758964,1.0206423856151752e-05,1.3221463122218173e-07,272284539.67022276
224569.79955397718,0.0016718774161113,0.16718774161112998,3968.5721741893826,1.8073215438839452e-09,42.42275972614809,14.90398551515693,1.0206423856151752e-05,1.3781533211029447e-07,261219121.6227595
234082.72761782943,0.0016039337034209219,0.16039337034209217,4136.683566212044,1.8112292312459853e-09,42.12308411960352,14.838298734703736,1.0206423856151752e-05,1.4365328246276834e-07,250603392.99472937
243998.62972595452,0.0015387511669086998,0.15387511669086998,4311.916270103878,1.8151369186080251e-09,41.81342638267042,14.768601858706498,1.0206423856151752e-05,1.4973853232681314e-07,240419078.7807903
254334.57613046482,0.0014762175946629512,0.1476217594662951,4494.571949435299,1.8190446059700656e-09,41.49346413546665,14.694984005082281,1.0206423856151752e-05,1.5608155747641452e-07,230648646.65666837
265108.3601908542,0.0014162253349711178,0.1416225334971118,4684.965046448813,1.8229522933321059e-09,41.163275459669265,14.617620568702195,1.0206423856151752e-05,1.6269327744640207e-07,221275276.7972229
276338.5290053167,0.0013586711109970205,0.13586711109970204,4883.423323372259,1.826859980694146e-09,40.82419963966622,14.536529049833899,1.0206423856151752e-05,1.6958507433046106e-07,212282832.92106706
288044.4153396298,0.001303455842989505,0.1303455842989505,5090.288426662391,1.8307676680561862e-09,40.47602326518365,14.451576790212663,1.0206423856151752e-05,1.7676881237543768e-07,203655834.51191565
300246.17090855434,0.0012504844777164125,0.12504844777164123,5305.916475150076,1.8346753554182258e-09,40.11836175072401,14.363125636514702,1.0206423856151752e-05,1.8425685840566888e-07,195379430.1688388
312964.80106707505,0.0011996658248301486,0.11996658248301484,5530.678673099938,1.8385830427802665e-09,39.75250566090308,14.271356485374268,1.0206423856151752e-05,1.9206210311250789e-07,187439372.03953037
326222.2009711673,0.0011509123998832923,0.11509123998832924,5764.961949239371,1.842490730142307e-09,39.37920059556563,14.175940888458518,1.0206423856151752e-05,2.001979832456792e-07,179821991.292597
340041.19327037025,0.0011041402737238643,0.11041402737238643,6009.169622857444,1.8463984175043466e-09,38.99734855090612,14.077107786671318,1.0206423856151752e-05,2.0867850474468187e-07,172514174.58662546
354445.5673970436,0.001059268928011054,0.1059268928011054,6263.722098120214,1.8503061048663869e-09,38.60748647311138,13.975219768673314,1.0206423856151752e-05,2.1751826685005467e-07,165503341.49552807
369460.1205199295,0.0010162211166027141,0.10162211166027141,6529.057587797451,1.854213792228427e-09,38.21143138191085,13.870178270563523,1.0206423856151752e-05,2.267324872360012e-07,158777422.85131082
385110.7002325569,0.0009749227325758829,0.09749227325758829,6805.632867647302,1.8581214795904672e-09,37.80881622570691,13.761851159337821,1.0206423856151752e-05,2.363370282076645e-07,152324839.96696252
401424.2490499326,0.0009353026806515466,0.09353026806515466,7093.924062756804,1.8620291669525077e-09,37.39842083850856,13.650612784789347,1.0206423856151752e-05,2.4634842400812144e-07,146134484.70371857
418428.8507901576,0.0008972927548039131,0.08972927548039131,7394.427467192577,1.8659368543145477e-09,36.98222768715182,13.536694143044453,1.0206423856151752e-05,2.567839092821292e-07,140195700.3483684
436153.77892080054,0.0008608275208435444,0.08608275208435442,7707.660398372483,1.8698445416765878e-09,36.562150288975424,13.419968814882314,1.0206423856151752e-05,2.6766144874561575e-07,134498263.26769322
454629.546953239,0.0008258442037722495,0.08258442037722494,8034.162087628739,1.8737522290386274e-09,36.1346863358557,13.30026985509862,1.0206423856151752e-05,2.7899976811197935e-07,129032365.30845805
473887.9609717651,0.0007922825797157281,0.0792282579715728,8374.494608496356,1.877659916400668e-09,35.70142554196513,13.17804958038598,1.0206423856151752e-05,2.908183863284629e-07,123788596.91264513
493962.1743878326,0.0007600848722480325,0.07600848722480325,8729.243844324023,1.8815676037627083e-09,35.265954170093764,13.05390453931569,1.0206423856151752e-05,3.031376491780668e-07,118757930.91887824
514886.7450137487,0.0007291956529292872,0.07291956529292871,9099.020496873924,1.8854752911247484e-09,34.82568206068421,12.926875343689481,1.0206423856151752e-05,3.15978764304871e-07,113931707.02213877
536697.6945540477,0.0006995617458854698,0.06995617458854698,9484.461137646605,1.8893829784867884e-09,34.37852379980818,12.797227238613651,1.0206423856151752e-05,3.293638377230562e-07,109301616.86502574
559432.5706169389,0.0006711321362660178,0.06711321362660178,9886.229303740323,1.893290665848829e-09,33.93009331269703,12.66608673843556,1.0206423856151752e-05,3.433159118724597e-07,104859689.73489885
583130.5113526218,0.0006438578824216211,0.0643857882421621,10305.016640131988,1.8971983532108686e-09,33.48056433386492,12.53318674443459,1.0206423856151752e-05,3.57859005286199e-07,100598278.84227441
607832.3128297236,0.0006176920316510297,0.06176920316510296,10741.544090346028,1.901106040572909e-09,33.02290436967072,12.397110221116359,1.0206423856151752e-05,3.730181539386476e-07,96510048.15685491
633580.4992658241,0.0005925895393718733,0.05925895393718732,11196.563137560293,1.905013727934949e-09,32.56456680652109,12.259773996394093,1.0206423856151752e-05,3.8881945434492096e-07,92587959.77853638
660419.3962330305,0.0005685071915762701,0.05685071915762701,11670.8570982867,1.908921415296989e-09,32.10682986874901,12.121516805715641,1.0206423856151752e-05,4.0529010848610916e-07,88825261.82164118
688395.206964551,0.0005454035304378144,0.05454035304378144,12165.242470852418,1.9128291026590296e-09,31.643725046450967,11.980570357773324,1.0206423856151752e-05,4.224584706375505e-07,85215476.79153132
717556.0918936922,0.0005232387829418089,0.052323878294180885,12680.570341004035,1.9167367900210696e-09,31.178502638104817,11.838001662957758,1.0206423856151752e-05,4.4035409618079577e-07,81752390.43358307
747952.2515621829,0.0005019747924159061,0.050197479241590605,13217.727847054151,1.92064447738311e-09,30.714716866438152,11.694791599773616,1.0206423856151752e-05,4.5900779248328393e-07,78430041.03532957
779636.0130405221,0.0004815749528433109,0.04815749528433109,13777.639707091983,1.9245521647451498e-09,30.24985411432729,11.550440388201858,1.0206423856151752e-05,4.78451671933295e-07,75242709.16335948
812661.9200091945,0.00046200414584540646,0.04620041458454064,14361.26981088847,1.9284598521071902e-09,29.780613935253722,11.403627952776294,1.0206423856151752e-05,4.98719207221527e-07,72184907.81729427
847086.826655742,0.00044322868022538746,0.04432286802253874,14969.622879234674,1.9323675394692303e-09,29.313615082533385,11.256429442333218,1.0206423856151752e-05,5.198452889644081e-07,69251372.9839048
882969.9955494083,0.00042521623396876446,0.04252162339687644,15603.746193571576,1.9362752268312703e-09,28.848089551811388,11.108727333873107,1.0206423856151752e-05,5.418662857683964e-07,66437054.5750969
920373.199661823,0.00040793579860092677,0.040793579860092674,16264.73139888801,1.940182914193311e-09,28.37923030737036,10.959510191477317,1.0206423856151752e-05,5.648201068386361e-07,63737107.73417078
959360.8287093127,0.00039135762580598223,0.03913576258059822,16953.71638299,1.9440906015553504e-09,27.911726441178008,10.809255824648178,1.0206423856151752e-05,5.887462672397422e-07,61146884.49538911
1000000.0,0.0003754531762149363,0.03754531762149363,17671.88723537824,1.947998288917391e-09,27.446821101892247,10.658850967145378,1.0206423856151752e-05,6.136859559211091e-07,58661925.782489136
1042360.6739764033,0.00036019507027510453,0.03601950702751045,18420.480289103878,1.9519059762794314e-09,26.981888384942994,10.5078649498704,1.0206423856151752e-05,6.396821066237814e-07,56277953.73237291
1086515.7746525372,0.00034555704111613483,0.03455570411161348,19200.784249119293,1.9558136636414714e-09,26.51669685479979,10.35597915912117,1.0206423856151752e-05,6.667794717910073e-07,53990864.33075386
1132541.3151528127,0.00033151388933151313,0.03315138893315131,20014.1424107875,1.9597213510035115e-09,26.05468020570204,10.203769079352174,1.0206423856151752e-05,6.950246996097047e-07,51796720.34708409
1180516.528568803,0.0003180414395977294,0.031804143959772935,20861.95497236807,1.963629038365551e-09,25.594782719482783,10.051492794804131,1.0206423856151752e-05,7.244664143154155e-07,49691744.55660336
1230524.0043592616,0.0003051164990563803,0.030511649905638025,21745.681445462975,1.9675367257275916e-09,25.135645641860428,9.899024059252381,1.0206423856151752e-05,7.551552998990853e-07,47672313.237834446
1282649.8305280625,0.00029271681738761326,0.029271681738761324,22666.843167568954,1.971444413089632e-09,24.678827887150938,9.746181257098167,1.0206423856151752e-05,7.871441873596633e-07,45734949.9343388
1336983.7418249452,0.00028082104850613444,0.02808210485061344,23627.025921064498,1.975352100451672e-09,24.22535165223805,9.59333494734048,1.0206423856151752e-05,8.204881456528233e-07,43876319.46998639
1393619.2742241435,0.0002694087138138631,0.02694087138138631,24627.88266313875,1.979259787813712e-09,23.774395334255903,9.440752311140965,1.0206423856151752e-05,8.552445764923266e-07,42093222.20744068
1452653.9259467782,0.0002584601669459789,0.025846016694597893,25671.13637136097,1.9831674751757522e-09,23.325464868173704,9.28828576507861,1.0206423856151752e-05,8.914733131672013e-07,40382588.53997571
1514189.325304352,0.00024795655994964164,0.02479565599496416,26758.58300979199,1.9870751625377927e-09,22.88007000048824,9.135831361302328,1.0206423856151752e-05,9.292367235449413e-07,38741473.60713829
1578331.4056521198,0.0002378798108371986,0.023787981083719857,27892.094620740307,1.9909828498998327e-09,22.438471244614174,8.983783855195762,1.0206423856151752e-05,9.685998174379296e-07,37167052.22516416
1645190.5877536607,0.00022821257245799023,0.02282125724579902,29073.62254748838,1.9948905372618728e-09,21.99985241777502,8.832273404660643,1.0206423856151752e-05,1.0096303585180179e-06,35656614.02341592
1714881.9698705408,0.00021893820263518167,0.021893820263518167,30305.200793535525,1.998798224623913e-09,21.564570091553712,8.681187196704517,1.0206423856151752e-05,1.0523989809718784e-06,34207558.778472416
1787525.5259042317,0.0002100407355162163,0.02100407355162163,31588.949524139774,2.002705911985953e-09,21.133560690211752,8.530528940365155,1.0206423856151752e-05,1.096979311097922e-06,32817391.937837977
1863246.3119315598,0.0002015048540875508,0.020150485408755078,32927.07871618893,2.0066135993479934e-09,20.70670143112611,8.380573980832638,1.0206423856151752e-05,1.143448094054201e-06,31483720.32556255
1942174.6814890285,0.00019331586380638197,0.019331586380638196,34321.891962680755,2.010521286710034e-09,20.283532595702493,8.231391925665832,1.0206423856151752e-05,1.1918853259753699e-06,30204248.022383936
2024446.5099768017,0.00018545966730394793,0.018545966730394794,35775.79043836508,2.0144289740720735e-09,19.864536554724648,8.082910362295216,1.0206423856151752e-05,1.242374391686267e-06,28976772.413295984
2110203.4285685965,0.00017792274011686884,0.01779227401168688,37291.27703337281,2.0183366614341135e-09,19.45035219343247,7.935228865860038,1.0206423856151752e-05,1.2950022082491222e-06,27799180.39574077
2199593.06803007,0.00017069210740475172,0.01706921074047517,38870.96066194708,2.0222443487961536e-09,19.0405923870664,7.78848513409512,1.0206423856151752e-05,1.3498593745914795e-06,26669444.74189766
2292769.312865649,0.00016375532161396158,0.016375532161396155,40517.56075369743,2.026152036158194e-09,18.63522689070903,7.642754698706674,1.0206423856151752e-05,1.4070403274725414e-06,25585620.608804155
2389892.566231053,0.00015710044104913018,0.015710044104913015,42233.911935103926,2.0300597235202345e-09,18.234714647327923,7.498029366442549,1.0206423856151752e-05,1.4666435040562575e-06,24545842.19030442
2491130.026067786,0.00015071600931549273,0.015071600931549273,44022.96890933479,2.033967410882274e-09,17.839283002008504,7.3543505838922725,1.0206423856151752e-05,1.5287715113711876e-06,23548319.505058568
2596655.9729348724,0.00014459103559667156,0.014459103559667156,45887.81154277647,2.0378750982443146e-09,17.44873636965138,7.2118424732583355,1.0206423856151752e-05,1.593531302948796e-06,22591335.31508466
2706652.070033236,0.00013871497573396112,0.01387149757339611,47831.65016703048,2.0417827856063547e-09,17.06301629245708,7.070547993669231,1.0206423856151752e-05,1.6610343629441967e-06,21673242.16952966
2821307.6759394705,0.0001330777140745252,0.013307771407452519,49857.83110550941,2.0456904729683947e-09,16.682520351046943,6.930479138111019,1.0206423856151752e-05,1.7313968980564779e-06,20792459.568577606
2940820.1705870666,0.0001276695460572774,0.012766954605727738,51969.84243414049,2.049598160330435e-09,16.307341241432596,6.791662616602678,1.0206423856151752e-05,1.8047400375788053e-06,19947471.24261548
3065395.2950565238,0.00012248116150645195,0.012248116150645194,54171.31998609793,2.053505847692475e-09,15.937362510392193,6.654210699878676,1.0206423856151752e-05,1.8811900419228344e-06,19136822.541970856
3195247.5057592136,0.00011750362860410887,0.011750362860410887,56466.05361090047,2.0574135350545153e-09,15.572616937448698,6.518173972000059,1.0206423856151752e-05,1.960878519976385e-06,18359117.932728212
3330600.3436245816,0.00011272837851398965,0.011272837851398964,58857.993698645696,2.0613212224165554e-09,15.213273650271914,6.383540297877281,1.0206423856151752e-05,2.0439426556684283e-06,17613018.594314214
3471686.8189265593,0.00010814719063023822,0.010814719063023821,61351.2579806192,2.065228909778596e-09,14.859420596113297,6.250324869628019,1.0206423856151752e-05,2.1305254441316617e-06,16897240.114713825
3618749.812411284,0.00010375217842560943,0.010375217842560942,63950.13861797839,2.069136597140636e-09,14.510996383276327,6.118634036254839,1.0206423856151752e-05,2.2207759378689536e-06,16210550.279352106
3772042.4934169934,9.953577587478957e-05,0.009953577587478956,66659.10959072008,2.0730442845026755e-09,14.168069563946451,5.988501402416275,1.0206423856151752e-05,2.3148495033476515e-06,15551766.949833285
3931828.75570577,9.54907244294625e-05,0.00954907244294625,69482.83439964995,2.076951971864716e-09,13.8307300582956,5.8599539923865915,1.0206423856151752e-05,2.4129080884634015e-06,14919756.028886154
4098383.671757253,9.161006052270207e-05,0.009161006052270207,72426.17409460967,2.080859659226756e-09,13.49893546244857,5.732941108026602,1.0206423856151752e-05,2.5151205013338174e-06,14313429.508013036
4271993.966306777,8.788710358116983e-05,0.008788710358116982,75494.1956427896,2.0847673465887965e-09,13.172548716264366,5.60754686996521,1.0206423856151752e-05,2.6216627009021854e-06,13731743.594479727
4452958.50994266,8.431544452449227e-05,0.008431544452449227,78692.18065152464,2.0886750339508366e-09,12.851774267799454,5.4838190119011845,1.0206423856151752e-05,2.7327180998512006e-06,13173696.914423864
4641588.833612773,8.088893473201128e-05,0.008088893473201127,82025.6344605958,2.0925827213128766e-09,12.536610288331252,5.3617928810927005,1.0206423856151752e-05,2.848477880348403e-06,12638328.78898704
4838209.664925957,7.760167545791591e-05,0.007760167545791591,85500.29561968867,2.096490408674917e-09,12.22709369524917,5.241424887444641,1.0206423856151752e-05,2.9691413231668356e-06,12124717.580503382
5043159.487171348,7.444800767653766e-05,0.007444800767653765,89122.14576732002,2.1003980960369567e-09,11.923064520633666,5.122766512234141,1.0206423856151752e-05,3.0949161507473593e-06,11631979.105898146
5256791.122018419,7.14225023403204e-05,0.00714225023403204,92897.419928247,2.104305783398997e-09,11.624656938529409,5.005825746901159,1.0206423856151752e-05,3.226018884793475e-06,11159265.114563849
5479472.336900293,6.85199510337026e-05,0.006851995103370259,96832.61724707653,2.1082134707610377e-09,11.33168311392692,4.890633350390055,1.0206423856151752e-05,3.3626752190139324e-06,10705761.828094896
5711586.478126423,6.573535700681476e-05,0.006573535700681475,100934.51217656131,2.1121211581230773e-09,11.044342589254864,4.777187551761903,1.0206423856151752e-05,3.505120407655096e-06,10270688.539365694
5953533.13081437,6.306392657356033e-05,0.0063063926573560325,105210.16613983993,2.1160288454851178e-09,10.762495659533311,4.665521806039138,1.0206423856151752e-05,3.6535996704918114e-06,9853296.268541114
6205728.806776513,6.050106085927406e-05,0.006050106085927405,109666.93968669296,2.1199365328471582e-09,10.486045080039771,4.555591665917855,1.0206423856151752e-05,3.808368614973812e-06,9452866.473705975
6468607.661546321,5.804234788374599e-05,0.005804234788374598,114312.50516475033,2.123844220209198e-09,10.215173343806915,4.447473003165262,1.0206423856151752e-05,3.969693676254665e-06,9068709.813893085
6742622.241778349,5.568355496598478e-05,0.005568355496598478,119154.85992746023,2.1277519075712383e-09,9.949533630917006,4.3411025784186865,1.0206423856151752e-05,4.137852575860678e-06,8700164.96238075
7028244.264308338,5.342062143764791e-05,0.005342062143764791,124202.34010155093,2.1316595949332784e-09,9.689475923464785,4.23654180338659,1.0206423856151752e-05,4.313134799789118e-06,8346597.4682173515
7325965.42821523,5.1249651652588414e-05,0.005124965165258841,129463.63493769901,2.1355672822953184e-09,9.434492175038159,4.133738321038711,1.0206423856151752e-05,4.495842096859261e-06,8007398.664012054
7636298.261282257,4.91669082804908e-05,0.004916690828049079,134947.80176909504,2.139474969657359e-09,9.185077120979656,4.032753767852943,1.0206423856151752e-05,4.6862889981737074e-06,7681984.618112445
7959777.002314977,4.7168805873046625e-05,0.004716880587304662,140664.28160366736,2.1433826570193985e-09,8.940645822915508,3.933531324354696,1.0206423856151752e-05,4.884803358584529e-06,7369795.12936458
8296958.520834915,4.525190469159469e-05,0.004525190469159468,146622.91537680535,2.147290344381439e-09,8.701584023463134,3.8360991165095246,1.0206423856151752e-05,5.09172692109637e-06,7070292.762725057
8648423.275731709,4.341290478560332e-05,0.004341290478560331,152833.96089255123,2.151198031743479e-09,8.467596680387725,3.7404638288172656,1.0206423856151752e-05,5.3074159051777835e-06,6782961.924065399
9014776.314524917,4.164864031179488e-05,0.004164864031179488,159308.11048244304,2.1551057191055195e-09,8.23864970326266,3.646561903974873,1.0206423856151752e-05,5.532241619994199e-06,6507307.972575095
9396648.31495471,3.995607408413963e-05,0.003995607408413962,166056.5094123866,2.1590134064675596e-09,8.01493985190865,3.5545042909507996,1.0206423856151752e-05,5.766591103617461e-06,6242856.36923636
9794696.670695385,3.833229234533102e-05,0.0038332292345331018,173090.7750692637,2.1629210938295996e-09,7.795886841713817,3.4641038289242947,1.0206423856151752e-05,6.010867789313008e-06,5989151.859903826
10209606.623060476,3.677449975074441e-05,0.003677449975074441,180423.0169602957,2.1668287811916397e-09,7.582162549724956,3.3756347874012667,1.0206423856151752e-05,6.265492200051359e-06,5745757.691583258
10642092.440647224,3.528001455624475e-05,0.003528001455624474,188065.85755958897,2.1707364685536797e-09,7.3728730530487265,3.288725887017138,1.0206423856151752e-05,6.530902672439402e-06,5512254.860560248
11092898.648952227,3.3846264001555576e-05,0.003384626400155557,196032.4540377634,2.1746441559157202e-09,7.16865743454425,3.2036444026432447,1.0206423856151752e-05,6.807556111318227e-06,5288241.391084017
11562801.312073776,3.247077988124653e-05,0.0032470779881246525,204336.5209120514,2.1785518432777603e-09,6.968957149364641,3.1202040347157243,1.0206423856151752e-05,7.095928776325854e-06,5073331.643365249
12052609.368708413,3.1151194295710475e-05,0.0031151194295710475,212992.35365587843,2.1824595306398003e-09,6.77403482594302,3.0385342656533068,1.0206423856151752e-05,7.39651710177954e-06,4867155.649696086
12563166.024741214,2.9885235574817587e-05,0.0029885235574817585,222014.85330856213,2.1863672180018408e-09,6.583653844579702,2.958498315399466,1.0206423856151752e-05,7.709838551288923e-06,4669358.477549644
13095350.20482665,2.8670724367230178e-05,0.0028670724367230176,231419.552127484,2.1902749053638804e-09,6.397812279963694,2.88017558093399,1.0206423856151752e-05,8.036432508570739e-06,4479599.618562904
13650078.065460138,2.750556988864222e-05,0.0027505569888642218,241222.64032692168,2.194182592725921e-09,6.216401784630417,2.8034726073086307,1.0206423856151752e-05,8.376861205999676e-06,4297552.4023504285
14228304.57214355,2.6387766322489724e-05,0.002638776632248972,251440.99394953757,2.198090280087961e-09,6.039381372472634,2.728447036771113,1.0206423856151752e-05,8.731710692492606e-06,4122903.434140605
14831025.143361028,2.531538936693155e-05,0.002531538936693155,262092.2039185355,2.201997967450001e-09,5.866677362069278,2.6550097691994523,1.0206423856151752e-05,9.101591842393517e-06,3955352.0552656204
15459277.364194784,2.4286592922158366e-05,0.0024286592922158367,273194.6063204857,2.2059056548120415e-09,5.698193061219337,2.583203184538621,1.0206423856151752e-05,9.487141407095444e-06,3794609.8255767073
16114142.772530166,2.3299605912327664e-05,0.0023299605912327666,284767.3139709386,2.2098133421740815e-09,5.5339222196948725,2.512968297292369,1.0206423856151752e-05,9.889023111209415e-06,3640400.026893784
16796748.72092653,2.235272923665107e-05,0.002235272923665107,296830.2493171976,2.2137210295361216e-09,5.37367584961934,2.444304853719613,1.0206423856151752e-05,1.0307928795168474e-05,3492457.1866342244
17508270.31735727,2.144433284438847e-05,0.002144433284438847,309404.17873485765,2.217628716898162e-09,5.21748544582729,2.3771792698642917,1.0206423856151752e-05,1.0744579606232578e-05,3350526.620801207
18249932.448161505,2.0572852928710924e-05,0.0020572852928710922,322510.74827718077,2.221536404260202e-09,5.065215534708002,2.311585138401825,1.0206423856151752e-05,1.1199727239945672e-05,3214363.9955444694
19023011.886689458,1.973678923460293e-05,0.0019736789234602926,336172.52093883615,2.225444091622242e-09,4.9168529994840755,2.2474934329753817,1.0206423856151752e-05,1.167415523418165e-05,3083734.9065389205
19828839.491270673,1.893470247616979e-05,0.0018934702476169785,350413.0154981503,2.2293517789842822e-09,4.7723159207747825,2.184900543198703,1.0206423856151752e-05,1.2168680318006688e-05,2958414.475457027
20668802.49629082,1.816521185890253e-05,0.0018165211858902528,365256.7470047557,2.2332594663463223e-09,4.631513553723513,2.1237776750131254,1.0206423856151752e-05,1.2684153817680843e-05,2838186.9628400807
21544346.900318865,1.7426992702636953e-05,0.0017426992702636952,380729.26898230606,2.2371671537083627e-09,4.494290096173909,2.064074698328622,1.0206423856151752e-05,1.322146312221818e-05,2722845.396702226
22456979.955397718,1.671877416111301e-05,0.001671877416111301,396857.217418938,2.2410748410704028e-09,4.360688834786307,2.0057934620361975,1.0206423856151752e-05,1.378153321102944e-05,2612191.2162275966
23408272.761782944,1.603933703420921e-05,0.0016039337034209208,413668.3566212046,2.2449825284324432e-09,4.2306358258657575,1.9489178432654068,1.0206423856151752e-05,1.4365328246276843e-05,2506033.929947292
24399862.972595453,1.538751166908698e-05,0.0015387511669086981,431191.6270103882,2.2488902157944833e-09,4.104035445935034,1.8934295252932414,1.0206423856151752e-05,1.497385323268133e-05,2404190.7878079
25433457.613046482,1.476217594662952e-05,0.0014762175946629518,449457.1949435298,2.252797903156523e-09,3.9807831253631742,1.8392904938738226,1.0206423856151752e-05,1.560815574764144e-05,2306486.466566684
26510836.019085415,1.416225334971117e-05,0.001416225334971117,468496.5046448816,2.2567055905185634e-09,3.860837187660889,1.7864744877463055,1.0206423856151752e-05,1.6269327744640217e-05,2212752.7679722277
27633852.90053167,1.3586711109970201e-05,0.00135867111099702,488342.3323372261,2.2606132778806035e-09,3.744137408769729,1.7349660927112707,1.0206423856151752e-05,1.695850743304611e-05,2122828.32921067
28804441.53396298,1.3034558429895044e-05,0.0013034558429895044,509028.8426662394,2.264520965242644e-09,3.630589071484329,1.684754379904714,1.0206423856151752e-05,1.7676881237543778e-05,2036558.3451191555
30024617.09085543,1.2504844777164126e-05,0.0012504844777164125,530591.6475150073,2.268428652604684e-09,3.5201172476535545,1.6358032280123012,1.0206423856151752e-05,1.8425685840566885e-05,1953794.3016883885
31296480.106707502,1.1996658248301498e-05,0.0011996658248301496,553067.8673099934,2.272336339966724e-09,3.412705780509911,1.588083309415423,1.0206423856151752e-05,1.9206210311250764e-05,1874393.7203953054
32622220.09711673,1.1509123998832931e-05,0.001150912399883293,576496.194923937,2.2762440273287645e-09,3.308273416925608,1.5415795417313567,1.0206423856151752e-05,2.0019798324567906e-05,1798219.912925971
34004119.32703703,1.1041402737238639e-05,0.0011041402737238639,600916.9622857448,2.2801517146908046e-09,3.2066987866978542,1.4962798448079666,1.0206423856151752e-05,2.08678504744682e-05,1725141.7458662537
35444556.739704356,1.0592689280110546e-05,0.0010592689280110544,626372.2098120211,2.2840594020528446e-09,3.1079417049513665,1.4521563632963337,1.0206423856151752e-05,2.1751826685005457e-05,1655033.4149552814
36946012.051992945,1.0162211166027146e-05,0.0010162211166027146,652905.7587797449,2.2879670894148843e-09,3.0119905535688267,1.409167928373617,1.0206423856151752e-05,2.2673248723600114e-05,1587774.2285131088
38511070.02325569,9.749227325758831e-06,0.000974922732575883,680563.28676473,2.2918747767769247e-09,2.91874463627255,1.3672970853303565,1.0206423856151752e-05,2.3633702820766445e-05,1523248.3996696256
40142424.90499326,9.353026806515471e-06,0.0009353026806515471,709392.4062756799,2.295782464138965e-09,2.8280720531514705,1.326540120444867,1.0206423856151752e-05,2.4634842400812126e-05,1461344.847037187
41842885.07901576,8.972927548039135e-06,0.0008972927548039134,739442.7467192574,2.2996901515010052e-09,2.739974037504225,1.2868710194998878,1.0206423856151752e-05,2.567839092821291e-05,1401957.0034836847
43615377.89208005,8.608275208435442e-06,0.0008608275208435441,770766.0398372484,2.3035978388630453e-09,2.654461649365679,1.248244883280675,1.0206423856151752e-05,2.6766144874561577e-05,1344982.632676932
45462954.6953239,8.258442037722489e-06,0.0008258442037722489,803416.2087628744,2.3075055262250853e-09,2.5713656809869296,1.2106388187147665,1.0206423856151752e-05,2.7899976811197956e-05,1290323.6530845796
47388796.09717651,7.922825797157272e-06,0.0007922825797157271,837449.4608496366,2.311413213587126e-09,2.4906014093689763,1.1740654039498335,1.0206423856151752e-05,2.908183863284632e-05,1237885.96912645
49396217.43878326,7.60084872248033e-06,0.000760084872248033,872924.3844324017,2.315320900949166e-09,2.4122041418883935,1.1384972158212414,1.0206423856151752e-05,3.031376491780666e-05,1187579.3091887832
51488674.50137487,7.291956529292877e-06,0.0007291956529292877,909902.049687392,2.319228588311206e-09,2.3361550207443647,1.103881361265763,1.0206423856151752e-05,3.1597876430487086e-05,1139317.0702213882
53669769.45540476,6.995617458854693e-06,0.0006995617458854692,948446.1137646614,2.323136275673246e-09,2.262252886508225,1.070194613542721,1.0206423856151752e-05,3.293638377230566e-05,1093016.1686502565
55943257.06169366,6.711321362660202e-06,0.0006711321362660201,988622.930374029,2.327043963035286e-09,2.190470350588557,1.037459524055931,1.0206423856151752e-05,3.433159118724585e-05,1048596.897348992
58313051.135262184,6.438578824216209e-06,0.0006438578824216209,1030501.6640131989,2.3309516503973265e-09,2.1208454117014086,1.0056484601495503,1.0206423856151752e-05,3.578590052861991e-05,1005982.7884227439
60783231.28297236,6.1769203165102955e-06,0.0006176920316510294,1074154.409034603,2.334859337759367e-09,2.0533376331788906,0.9746952851425086,1.0206423856151752e-05,3.730181539386478e-05,965100.4815685488
63358049.92658241,5.925895393718732e-06,0.0005925895393718731,1119656.3137560294,2.3387670251214066e-09,1.9877457855655487,0.9445935595437573,1.0206423856151752e-05,3.88819454344921e-05,925879.5977853638
66041939.623303056,5.685071915762703e-06,0.0005685071915762703,1167085.70982867,2.3426747124834467e-09,1.9240652116107035,0.9153594847232086,1.0206423856151752e-05,4.0529010848610914e-05,888252.6182164119
68839520.6964551,5.454035304378144e-06,0.0005454035304378144,1216524.2470852418,2.346582399845487e-09,1.8623528296021927,0.886975636933912,1.0206423856151752e-05,4.2245847063755055e-05,852154.7679153131
71755609.18936922,5.232387829418088e-06,0.0005232387829418087,1268057.0341004038,2.350490087207527e-09,1.8025506488095555,0.859366565515643,1.0206423856151752e-05,4.403540961807958e-05,817523.9043358305
74795225.15621829,5.019747924159057e-06,0.0005019747924159057,1321772.7847054163,2.3543977745695676e-09,1.7444224732263576,0.8325273103425176,1.0206423856151752e-05,4.590077924832844e-05,784300.410353295
77963601.3040522,4.815749528433106e-06,0.0004815749528433106,1377763.9707091989,2.3583054619316073e-09,1.6880350265553825,0.8064759621357968,1.0206423856151752e-05,4.784516719332953e-05,752427.0916335944
81266192.00091945,4.620041458454069e-06,0.00046200414584540684,1436126.981088846,2.3622131492936478e-09,1.6334482171080966,0.7812073831924936,1.0206423856151752e-05,4.9871920722152644e-05,721849.0781729434
84708682.6655742,4.432286802253874e-06,0.00044322868022538735,1496962.2879234676,2.3661208366556882e-09,1.5805546568048392,0.7566330954946224,1.0206423856151752e-05,5.198452889644082e-05,692513.729839048
88296999.55494083,4.2521623396876455e-06,0.00042521623396876457,1560374.619357157,2.370028524017728e-09,1.5291140918626427,0.7327477379317993,1.0206423856151752e-05,5.4186628576839626e-05,664370.5457509692
92037319.9661823,4.079357986009267e-06,0.00040793579860092666,1626473.1398888014,2.3739362113797683e-09,1.4792888428075948,0.7095839209851614,1.0206423856151752e-05,5.6482010683863623e-05,637371.0773417077
95936082.87093127,3.9135762580598185e-06,0.0003913576258059818,1695371.6382990014,2.377843898741808e-09,1.4310939052753857,0.6871358724890273,1.0206423856151752e-05,5.8874626723974264e-05,611468.8449538904
100000000.0,3.7545317621493633e-06,0.0003754531762149363,1767188.7235378237,2.3817515861038484e-09,1.3843579547882077,0.6653037259462253,1.0206423856151752e-05,6.136859559211091e-05,586619.2578248914
104236067.39764033,3.6019507027510477e-06,0.00036019507027510475,1842048.0289103868,2.385659273465889e-09,1.3389194109362497,0.6440869312983144,1.0206423856151752e-05,6.396821066237808e-05,562779.5373237296
108651577.46525373,3.4555704111613495e-06,0.00034555704111613494,1920078.4249119288,2.389566960827929e-09,1.2949751078784764,0.6235314130623846,1.0206423856151752e-05,6.667794717910071e-05,539908.6433075388
113254131.51528126,3.3151388933151316e-06,0.00033151388933151313,2001414.2410787493,2.393474648189969e-09,1.2524824039224975,0.6036190993306243,1.0206423856151752e-05,6.950246996097048e-05,517967.203470841
118051652.8568803,3.1804143959772917e-06,0.0003180414395977292,2086195.4972368085,2.397382335552009e-09,1.211213363227753,0.5842558099657673,1.0206423856151752e-05,7.24466414315416e-05,496917.44556603325
123052400.43592615,3.051164990563805e-06,0.0003051164990563805,2174568.1445462955,2.401290022914049e-09,1.1711802529436357,0.5654548800924536,1.0206423856151752e-05,7.551552998990846e-05,476723.13237834483
128264983.05280624,2.9271681738761325e-06,0.0002927168173876132,2266684.3167568953,2.40519771027609e-09,1.1324810030780654,0.5472487136477074,1.0206423856151752e-05,7.871441873596633e-05,457349.499343388
133698374.18249452,2.808210485061343e-06,0.0002808210485061343,2362702.5921064513,2.4091053976381296e-09,1.0950675681927071,0.5296182870576834,1.0206423856151752e-05,8.204881456528238e-05,438763.19469986367
139361927.42241433,2.694087138138633e-06,0.0002694087138138633,2462788.266313873,2.4130130850001697e-09,1.0586835786155093,0.512477413142745,1.0206423856151752e-05,8.552445764923261e-05,420932.222074407
145265392.59467784,2.5846016694597905e-06,0.00025846016694597903,2567113.637136096,2.4169207723622097e-09,1.0234644908171864,0.49584537358234665,1.0206423856151752e-05,8.914733131672008e-05,403825.88539975736
151418932.5304352,2.4795655994964157e-06,0.0002479565599496416,2675858.3009791994,2.4208284597242502e-09,0.9894286816290121,0.4797457648232191,1.0206423856151752e-05,9.292367235449415e-05,387414.7360713828
157833140.56521198,2.378798108371987e-06,0.0002378798108371987,2789209.4620740293,2.4247361470862907e-09,0.9564971935281223,0.46415352456776826,1.0206423856151752e-05,9.685998174379291e-05,371670.52225164184
164519058.77536607,2.282125724579903e-06,0.0002282125724579903,2907362.2547488366,2.4286438344483303e-09,0.9245006747691622,0.449013004908609,1.0206423856151752e-05,0.00010096303585180175,356566.14023415936
171488196.98705408,2.1893820263518185e-06,0.0002189382026351818,3030520.0793535504,2.4325515218103704e-09,0.8935569085178895,0.4343245167402709,1.0206423856151752e-05,0.00010523989809718774,342075.58778472437
178752552.59042317,2.1004073551621635e-06,0.00021004073551621633,3158894.9524139767,2.4364592091724104e-09,0.8636531173385565,0.42010907255774355,1.0206423856151752e-05,0.00010969793110979219,328173.9193783798
186324631.19315597,2.015048540875507e-06,0.00020150485408755068,3292707.871618894,2.440366896534451e-09,0.8347029745158809,0.4063426408716617,1.0206423856151752e-05,0.00011434480940542014,314837.2032556253
194217468.14890283,1.9331586380638172e-06,0.0001933158638063817,3432189.1962680803,2.4442745838964914e-09,0.8066140579135175,0.3929909888029946,1.0206423856151752e-05,0.00011918853259753714,302042.480223839
202444650.9976802,1.8545966730394784e-06,0.00018545966730394782,3577579.04383651,2.448182271258531e-09,0.7795648232894331,0.3801497865301423,1.0206423856151752e-05,0.00012423743916862678,289767.7241329597
211020342.85685965,1.77922740116869e-06,0.00017792274011686898,3729127.703337277,2.4520899586205715e-09,0.7533155201351199,0.3676147649326439,1.0206423856151752e-05,0.00012950022082491207,277991.803957408
219959306.80300704,1.706921074047516e-06,0.00017069210740475158,3887096.0661947103,2.4559976459826115e-09,0.7279049694860334,0.3554796552475754,1.0206423856151752e-05,0.00013498593745914805,266694.44741897646
229276931.2865649,1.637553216139616e-06,0.00016375532161396158,4051756.0753697422,2.459905333344652e-09,0.7032777026737302,0.3437207970976129,1.0206423856151752e-05,0.0001407040327472541,255856.20608804162
238989256.62310526,1.571004410491302e-06,0.00015710044104913018,4223391.193510392,2.463813020706692e-09,0.6794657318661212,0.3323186964881066,1.0206423856151752e-05,0.00014666435040562576,245458.42190304425
249113002.6067786,1.507160093154928e-06,0.00015071600931549278,4402296.890933478,2.4677207080687317e-09,0.6564487776862933,0.3212800510540833,1.0206423856151752e-05,0.00015287715113711868,235483.19505058575
259665597.29348725,1.4459103559667168e-06,0.00014459103559667167,4588781.154277643,2.471628395430772e-09,0.6341750637875765,0.31059775448929106,1.0206423856151752e-05,0.00015935313029487948,225913.3531508467
270665207.00332355,1.3871497573396126e-06,0.00013871497573396125,4783165.016703042,2.475536082792812e-09,0.612605089162629,0.30025367379676754,1.0206423856151752e-05,0.00016610343629441948,216732.42169529686
282130767.59394705,1.3307771407452519e-06,0.00013307771407452518,4985783.110550942,2.4794437701548527e-09,0.5917479264855682,0.2902288492719721,1.0206423856151752e-05,0.00017313968980564782,207924.59568577606
294082017.05870664,1.276695460572774e-06,0.0001276695460572774,5196984.243414048,2.4833514575168927e-09,0.5715918650770718,0.28052349262429943,1.0206423856151752e-05,0.00018047400375788047,199474.71242615487
306539529.50565237,1.2248116150645204e-06,0.00012248116150645203,5417131.99860979,2.4872591448789324e-09,0.5520895781558594,0.2711329429162361,1.0206423856151752e-05,0.0001881190041922833,191368.2254197087
319524750.57592136,1.1750362860410895e-06,0.00011750362860410894,5646605.361090044,2.491166832240973e-09,0.5332156525451096,0.2620443630278905,1.0206423856151752e-05,0.00019608785199763838,183591.17932728224
333060034.36245817,1.1272837851398974e-06,0.00011272837851398973,5885799.369864564,2.495074519603013e-09,0.5149689475694168,0.25324415601922307,1.0206423856151752e-05,0.00020439426556684265,176130.1859431423
347168681.89265597,1.0814719063023826e-06,0.00010814719063023826,6135125.7980619185,2.4989822069650534e-09,0.49733352654507523,0.24472273795258198,1.0206423856151752e-05,0.00021305254441316614,168972.4011471383
361874981.2411284,1.0375217842560941e-06,0.0001037521784256094,6395013.861797839,2.5028898943270934e-09,0.4802801079619006,0.236479557567252,1.0206423856151752e-05,0.0002220775937868954,162105.502793521
377204249.34169936,9.953577587478948e-07,9.953577587478948e-05,6665910.959072013,2.5067975816891335e-09,0.46378234901859905,0.22850458249627617,1.0206423856151752e-05,0.00023148495033476534,155517.66949833272
393182875.570577,9.549072442946247e-07,9.549072442946247e-05,6948283.439964995,2.510705269051174e-09,0.4478326476047568,0.22078538557041327,1.0206423856151752e-05,0.00024129080884634018,149197.5602888615
409838367.1757253,9.161006052270208e-07,9.161006052270207e-05,7242617.4094609665,2.514612956413214e-09,0.43241992180327143,0.21331353963803207,1.0206423856151752e-05,0.00025151205013338167,143134.29508013037
427199396.63067764,8.788710358116979e-07,8.788710358116979e-05,7549419.564278962,2.518520643775254e-09,0.4175196774636154,0.206085030845781,1.0206423856151752e-05,0.0002621662700902186,137317.4359447972
445295850.994266,8.431544452449228e-07,8.431544452449227e-05,7869218.065152462,2.522428331137294e-09,0.4031105049402814,0.19909321740524225,1.0206423856151752e-05,0.00027327180998511994,131736.96914423865
464158883.3612773,8.08889347320113e-07,8.088893473201129e-05,8202563.446059578,2.526336018499334e-09,0.38918256594628986,0.19232888819478472,1.0206423856151752e-05,0.00028484778803484026,126383.28788987044
483820966.49259573,7.760167545791592e-07,7.760167545791591e-05,8550029.561968867,2.5302437058613746e-09,0.3757249663319337,0.18578461655290116,1.0206423856151752e-05,0.00029691413231668355,121247.17580503382
504315948.71713483,7.444800767653766e-07,7.444800767653764e-05,8912214.576732002,2.5341513932234147e-09,0.36271858040908356,0.17945423750513728,1.0206423856151752e-05,0.000309491615074736,116319.79105898144
525679112.2018419,7.142250234032041e-07,7.14225023403204e-05,9289741.992824702,2.5380590805854547e-09,0.3501460022593368,0.17333225989928683,1.0206423856151752e-05,0.0003226018884793475,111592.6511456385
547947233.6900293,6.851995103370258e-07,6.851995103370257e-05,9683261.724707657,2.541966767947495e-09,0.3379958833852022,0.16741239669445,1.0206423856151752e-05,0.0003362675219013933,107057.61828094894
571158647.8126423,6.573535700681476e-07,6.573535700681476e-05,10093451.217656132,2.545874455309535e-09,0.32625587729049277,0.16168731182044285,1.0206423856151752e-05,0.0003505120407655096,102706.88539365694
595353313.081437,6.306392657356029e-07,6.306392657356029e-05,10521016.613984002,2.5497821426715757e-09,0.31491235955511887,0.1561492020879249,1.0206423856151752e-05,0.0003653599670491814,98532.96268541105
620572880.6776488,6.050106085927429e-07,6.050106085927429e-05,10966693.968669256,2.5536898300336153e-09,0.30395105786965093,0.15079484445775843,1.0206423856151752e-05,0.00038083686149737974,94528.66473706011
646860766.1546321,5.804234788374599e-07,5.804234788374599e-05,11431250.516475033,2.5575975173956554e-09,0.29336100155432654,0.14561908219813374,1.0206423856151752e-05,0.00039696936762546653,90687.09813893086
674262224.1778349,5.568355496598478e-07,5.5683554965984777e-05,11915485.992746023,2.561505204757696e-09,0.28312990434454977,0.14061484346337638,1.0206423856151752e-05,0.0004137852575860679,87001.64962380749
702824426.4308338,5.342062143764794e-07,5.342062143764792e-05,12420234.010155091,2.565412892119736e-09,0.27324405757803716,0.13577459000295422,1.0206423856151752e-05,0.0004313134799789117,83465.97468217352
732596542.8215231,5.124965165258839e-07,5.1249651652588393e-05,12946363.493769906,2.5693205794817764e-09,0.2636944839466049,0.13109648876364385,1.0206423856151752e-05,0.0004495842096859262,80073.98664012052
763629826.1282257,4.916690828049078e-07,4.916690828049078e-05,13494780.176909508,2.5732282668438164e-09,0.25447046593811884,0.12657500128365642,1.0206423856151752e-05,0.00046862889981737096,76819.8461811244
795977700.2314978,4.7168805873046587e-07,4.7168805873046584e-05,14066428.160366748,2.5771359542058565e-09,0.2455603733146767,0.12220380398250182,1.0206423856151752e-05,0.0004884803358584533,73697.95129364573
829695852.0834914,4.52519046915947e-07,4.5251904691594694e-05,14662291.537680533,2.5810436415678965e-09,0.2369529748212421,0.11797849720423513,1.0206423856151752e-05,0.000509172692109637,70702.92762725058
864842327.5731709,4.3412904785603275e-07,4.3412904785603275e-05,15283396.089255143,2.5849513289299366e-09,0.22863985083767838,0.11389493279638069,1.0206423856151752e-05,0.000530741590517779,67829.61924065392
901477631.4524918,4.1648640311794883e-07,4.164864031179488e-05,15930811.048244303,2.588859016291977e-09,0.22061205614191265,0.10994865543236824,1.0206423856151752e-05,0.0005532241619994199,65073.07972575094
939664831.495471,3.9956074084139626e-07,3.995607408413962e-05,16605650.941238662,2.592766703654017e-09,0.2128573111296295,0.10613402819895143,1.0206423856151752e-05,0.0005766591103617462,62428.5636923636
979469667.0695386,3.8332292345331036e-07,3.8332292345331033e-05,17309077.506926358,2.596674391016057e-09,0.20536866003186444,0.10244885739400279,1.0206423856151752e-05,0.0006010867789313006,59891.51859903829
1020960662.3060476,3.677449975074442e-07,3.677449975074442e-05,18042301.696029566,2.6005820783780976e-09,0.19813816243421326,0.09888705129719991,1.0206423856151752e-05,0.000626549220005136,57457.57691583257
1064209244.0647224,3.528001455624471e-07,3.5280014556244706e-05,18806585.75595891,2.6044897657401377e-09,0.1911555845645122,0.09544640620518843,1.0206423856151752e-05,0.0006530902672439408,55122.548605602424
1109289864.8952227,3.3846264001555557e-07,3.3846264001555555e-05,19603245.40377635,2.6083974531021777e-09,0.1844125942006845,0.09212073866039737,1.0206423856151752e-05,0.0006807556111318232,52882.41391084013
1156280131.2073777,3.2470779881246533e-07,3.247077988124653e-05,20433652.09120514,2.612305140464218e-09,0.17790178881984414,0.08890937578918261,1.0206423856151752e-05,0.0007095928776325851,50733.31643365251
1205260936.8708413,3.1151194295710474e-07,3.1151194295710475e-05,21299235.365587845,2.616212827826258e-09,0.17161634529438533,0.08580472159209014,1.0206423856151752e-05,0.000739651710177954,48671.556496960846
1256316602.4741216,2.9885235574817597e-07,2.9885235574817597e-05,22201485.330856204,2.6201205151882983e-09,0.16554684476865947,0.08280704817421429,1.0206423856151752e-05,0.000770983855128892,46693.58477549646
1309535020.482665,2.867072436723017e-07,2.867072436723017e-05,23141955.2127484,2.6240282025503384e-09,0.1596878064376717,0.07990991961844583,1.0206423856151752e-05,0.0008036432508570739,44795.99618562904
1365007806.5460138,2.7505569888642235e-07,2.7505569888642233e-05,24122264.032692153,2.6279358899123784e-09,0.15403073086103372,0.07711270223892532,1.0206423856151752e-05,0.000837686120599967,42975.524023504295
1422830457.2143548,2.638776632248973e-07,2.6387766322489728e-05,25144099.394953746,2.631843577274419e-09,0.14857052569109536,0.07440997944877106,1.0206423856151752e-05,0.0008731710692492605,41229.034341406055
1483102514.336103,2.5315389366931527e-07,2.5315389366931523e-05,26209220.39185358,2.635751264636459e-09,0.1432995570471272,0.07180031186233773,1.0206423856151752e-05,0.0009101591842393526,39553.520552656155
1545927736.4194784,2.4286592922158356e-07,2.4286592922158353e-05,27319460.63204858,2.6396589519984994e-09,0.13821124410708557,0.06927924339021893,1.0206423856151752e-05,0.000948714140709545,37946.09825576706
1611414277.2530165,2.3299605912327676e-07,2.3299605912327675e-05,28476731.397093847,2.643566639360539e-09,0.1333000465379973,0.06684467354632677,1.0206423856151752e-05,0.000988902311120941,36404.00026893785
1679674872.092653,2.235272923665108e-07,2.2352729236651078e-05,29683024.931719746,2.647474326722579e-09,0.12855910515512273,0.06449345584567688,1.0206423856151752e-05,0.0010307928795168471,34924.57186634226
1750827031.7357268,2.1444332844388453e-07,2.144433284438845e-05,30940417.873485792,2.6513820140846196e-09,0.12398435049960779,0.062222758061250216,1.0206423856151752e-05,0.0010744579606232585,33505.26620801204
1824993244.8161504,2.0572852928710943e-07,2.057285292871094e-05,32251074.827718046,2.6552897014466596e-09,0.1195678969649007,0.06003047761017724,1.0206423856151752e-05,0.0011199727239945662,32143.639955444723
1902301188.6689458,1.973678923460292e-07,1.973678923460292e-05,33617252.09388363,2.6591973888087e-09,0.11530643906593686,0.057912878925237575,1.0206423856151752e-05,0.0011674155234181656,30837.349065389193
1982883949.1270673,1.8934702476169794e-07,1.8934702476169792e-05,35041301.54981503,2.6631050761707397e-09,0.11119290477603402,0.05586894913488582,1.0206423856151752e-05,0.0012168680318006683,29584.144754570276
2066880249.629082,1.8165211858902517e-07,1.8165211858902515e-05,36525674.700475596,2.6670127635327802e-09,0.10722403992013037,0.05389452742877142,1.0206423856151752e-05,0.001268415381768085,28381.86962840079
2154434690.0318866,1.7426992702636952e-07,1.7426992702636953e-05,38072926.898230605,2.6709204508948207e-09,0.1033936586658893,0.051989194947418625,1.0206423856151752e-05,0.001322146312221818,27228.453967022255
2245697995.5397716,1.6718774161113005e-07,1.6718774161113004e-05,39685721.74189381,2.6748281382568603e-09,0.09969730534810518,0.050148777357123246,1.0206423856151752e-05,0.0013781533211029444,26121.912162275956
2340827276.178294,1.6039337034209214e-07,1.6039337034209213e-05,41366835.66212045,2.6787358256189008e-09,0.09613049165758968,0.048372739303994744,1.0206423856151752e-05,0.001436532824627684,25060.339299472933
2439986297.2595453,1.5387511669086981e-07,1.538751166908698e-05,43119162.70103881,2.682643512980941e-09,0.09268907207658861,0.04665749170537345,1.0206423856151752e-05,0.001497385323268133,24041.907878079004
2543345761.3046484,1.4762175946629513e-07,1.4762175946629511e-05,44945719.49435299,2.686551200342981e-09,0.08936900666006939,0.045002304423855645,1.0206423856151752e-05,0.001476217594662951,23064.86466566683
2651083601.9085417,1.4162253349711175e-07,1.4162253349711174e-05,46849650.46448814,2.6904588877050214e-09,0.08616448779542717,0.04340431229805534,1.0206423856151752e-05,0.0014162253349711174,22127.527679722287
2763385290.053167,1.3586711109970204e-07,1.3586711109970203e-05,48834233.2337226,2.6943665750670614e-09,0.08307353739011393,0.041861867463941445,1.0206423856151752e-05,0.0013586711109970205,21228.28329210671
2880444153.396298,1.3034558429895045e-07,1.3034558429895044e-05,50902884.26662394,2.6982742624291015e-09,0.08009168206695128,0.04037305461764725,1.0206423856151752e-05,0.0013034558429895044,20365.583451191556
3002461709.085543,1.250484477716412e-07,1.2504844777164118e-05,53059164.75150076,2.7021819497911415e-09,0.07721533670168464,0.03893626150531717,1.0206423856151752e-05,0.0012504844777164116,19537.94301688387
3129648010.6707506,1.1996658248301492e-07,1.1996658248301491e-05,55306786.73099935,2.7060896371531816e-09,0.07443894300879439,0.03754956254137277,1.0206423856151752e-05,0.001199665824830149,18743.937203953043
3262222009.7116733,1.1509123998832933e-07,1.1509123998832933e-05,57649619.49239367,2.709997324515222e-09,0.07176148365475274,0.03621089869507056,1.0206423856151752e-05,0.0011509123998832934,17982.199129259716
3400411932.7037024,1.1041402737238642e-07,1.1041402737238642e-05,60091696.22857444,2.713905011877262e-09,0.06917913407569994,0.034919375913817045,1.0206423856151752e-05,0.001104140273723864,17251.41745866254
3544455673.9704356,1.0592689280110536e-07,1.0592689280110536e-05,62637220.98120216,2.717812699239302e-09,0.06668816368448768,0.03367293355381588,1.0206423856151752e-05,0.0010592689280110536,16550.334149552804
3694601205.199295,1.0162211166027141e-07,1.016221116602714e-05,65290575.87797452,2.721720386601342e-09,0.06428438787250579,0.03247005861635254,1.0206423856151752e-05,0.001016221116602714,15877.74228513108
3851107002.3255687,9.749227325758823e-08,9.749227325758823e-06,68056328.67647305,2.7256280739633827e-09,0.06196629366082489,0.03130951876333236,1.0206423856151752e-05,0.0009749227325758825,15232.483996696243
4014242490.499326,9.353026806515468e-08,9.353026806515468e-06,70939240.62756804,2.7295357613254227e-09,0.05973108457025856,0.0301897419539745,1.0206423856151752e-05,0.0009353026806515467,14613.44847037186
4184288507.901576,8.972927548039136e-08,8.972927548039135e-06,73944274.67192572,2.7334434486874628e-09,0.05757508474096205,0.02910892776295982,1.0206423856151752e-05,0.0008972927548039135,14019.57003483685
4361537789.208006,8.60827520843544e-08,8.60827520843544e-06,77076603.98372485,2.737351136049503e-09,0.05549501327476959,0.028066292453078137,1.0206423856151752e-05,0.000860827520843544,13449.826326769316
4546295469.532391,8.258442037722494e-08,8.258442037722494e-06,80341620.8762874,2.741258823411543e-09,0.05348889430755652,0.02706057853587029,1.0206423856151752e-05,0.0008258442037722493,12903.236530845805
4738879609.717651,7.922825797157276e-08,7.922825797157275e-06,83744946.0849636,2.7451665107735833e-09,0.05155461458703477,0.026089775047710203,1.0206423856151752e-05,0.0007922825797157276,12378.859691264506
4939621743.878325,7.600848722480328e-08,7.600848722480327e-06,87292438.44324021,2.749074198135624e-09,0.04968928164830367,0.025153123673472392,1.0206423856151752e-05,0.0007600848722480327,11875.793091887826
5148867450.137487,7.291956529292875e-08,7.291956529292874e-06,90990204.96873923,2.752981885497664e-09,0.04789003875891066,0.02424967566662998,1.0206423856151752e-05,0.0007291956529292874,11393.17070221388
5366976945.540476,6.9956174588547e-08,6.9956174588546994e-06,94844611.37646605,2.7568895728597035e-09,0.046154578870599615,0.02337815472526776,1.0206423856151752e-05,0.0006995617458854699,10930.161686502575
5594325706.169366,6.711321362660205e-08,6.711321362660204e-06,98862293.03740284,2.7607972602217436e-09,0.04448136537436949,0.022537265140988975,1.0206423856151752e-05,0.0006711321362660205,10485.968973489928
5831305113.526218,6.438578824216208e-08,6.438578824216207e-06,103050166.4013199,2.764704947583784e-09,0.042886074467781386,0.021743903257535606,1.0206423856151752e-05,0.0006438578824216208,10059.827884227438
6078323128.297236,6.176920316510296e-08,6.176920316510295e-06,107415440.90346028,2.7686126349458245e-09,0.041329894152251,0.020960812397003405,1.0206423856151752e-05,0.0006176920316510295,9651.00481568549
6335804992.658241,5.9258953937187306e-08,5.92589539371873e-06,111965631.37560295,2.7725203223078646e-09,0.03982876624160608,0.02020566561791545,1.0206423856151752e-05,0.0005925895393718731,9258.795977853635
6604193962.330305,5.685071915762703e-08,5.685071915762703e-06,116708570.98286696,2.7764280096699046e-09,0.038381677123690096,0.019477318663936902,1.0206423856151752e-05,0.0005685071915762703,8882.526182164118
6883952069.645511,5.4540353043781486e-08,5.454035304378148e-06,121652424.70852408,2.780335697031945e-09,0.03698718835242192,0.018774534418256397,1.0206423856151752e-05,0.0005454035304378147,8521.54767915314
7175560918.936921,5.2323878294180876e-08,5.232387829418087e-06,126805703.41004036,2.784243384393985e-09,0.035642248374813834,0.018096609258058664,1.0206423856151752e-05,0.0005232387829418088,8175.239043358305
7479522515.621829,5.019747924159057e-08,5.019747924159057e-06,132177278.47054161,2.788151071756025e-09,0.034344875315884024,0.017443043255381745,1.0206423856151752e-05,0.0005019747924159057,7843.0041035329505
7796360130.405221,4.815749528433103e-08,4.815749528433102e-06,137776397.07092,2.7920587591180652e-09,0.03309437506628966,0.016812947309484336,1.0206423856151752e-05,0.00048157495284331024,7524.270916335939
8126619200.091946,4.620041458454066e-08,4.620041458454066e-06,143612698.10888463,2.7959664464801053e-09,0.031889588403396896,0.01620504020403714,1.0206423856151752e-05,0.0004620041458454066,7218.49078172943
8470868266.55742,4.4322868022538736e-08,4.432286802253874e-06,149696228.79234678,2.7998741338421458e-09,0.03072781714478801,0.015618461020517702,1.0206423856151752e-05,0.00044322868022538735,6925.137298390479
8829699955.494083,4.252162339687646e-08,4.2521623396876455e-06,156037461.9357157,2.803781821204186e-09,0.029606899840957494,0.015052917937197263,1.0206423856151752e-05,0.00042521623396876457,6643.705457509692
9203731996.61823,4.079357986009267e-08,4.079357986009267e-06,162647313.98888013,2.807689508566226e-09,0.028526430234739646,0.014507890097372947,1.0206423856151752e-05,0.0004079357986009266,6373.710773417077
9593608287.093126,3.913576258059821e-08,3.91357625805982e-06,169537163.82990003,2.811597195928266e-09,0.02748569888805431,0.013982156108922979,1.0206423856151752e-05,0.000391357625805982,6114.688449538909
10000000000.0,3.754531762149362e-08,3.7545317621493616e-06,176718872.35378245,2.815504883290306e-09,0.02648270368952622,0.0134748355368259,1.0206423856151752e-05,0.0003754531762149362,5866.1925782489125
10423606739.764032,3.601950702751046e-08,3.6019507027510456e-06,184204802.89103878,2.819412570652347e-09,0.025514585427842646,0.012985611682416399,1.0206423856151752e-05,0.0003601950702751046,5627.795373237293
10865157746.525372,3.455570411161351e-08,3.455570411161351e-06,192007842.49119276,2.8233202580143865e-09,0.024581394102615763,0.012514214529458273,1.0206423856151752e-05,0.00034555704111613515,5399.086433075391
11325413151.528126,3.315138893315134e-08,3.3151388933151337e-06,200141424.10787478,2.8272279453764265e-09,0.023682757259582465,0.012059934781808508,1.0206423856151752e-05,0.0003315138893315134,5179.672034708413
11805165285.68803,3.180414395977294e-08,3.1804143959772942e-06,208619549.72368065,2.8311356327384666e-09,0.0228172234454294,0.011621536086561373,1.0206423856151752e-05,0.00031804143959772945,4969.174455660337
12305240043.592615,3.051164990563806e-08,3.0511649905638054e-06,217456814.45462948,2.835043320100507e-09,0.02198158897256788,0.011198645379684898,1.0206423856151752e-05,0.00030511649905638055,4767.23132378345
12826498305.280624,2.9271681738761338e-08,2.9271681738761334e-06,226668431.6756894,2.8389510074625475e-09,0.021175924131065563,0.010791159420855399,1.0206423856151752e-05,0.00029271681738761337,4573.494993433882
13369837418.249453,2.8082104850613435e-08,2.8082104850613433e-06,236270259.21064505,2.8428586948245876e-09,0.020400281253521557,0.01039867452954284,1.0206423856151752e-05,0.00028082104850613433,4387.631946998638
13936192742.241434,2.6940871381386323e-08,2.694087138138632e-06,246278826.63138744,2.8467663821866276e-09,0.019653643597565527,0.010020148910081352,1.0206423856151752e-05,0.0002694087138138632,4209.322220744069
14526539259.467783,2.5846016694597907e-08,2.5846016694597905e-06,256711363.7136096,2.8506740695486673e-09,0.018932535398182657,0.00965466111376778,1.0206423856151752e-05,0.00025846016694597903,4038.258853997573
15141893253.04352,2.4795655994964156e-08,2.4795655994964153e-06,267585830.09791997,2.8545817569107077e-09,0.018237129244685353,0.009302480980098626,1.0206423856151752e-05,0.00024795655994964153,3874.1473607138278
15783314056.521196,2.3787981083719858e-08,2.3787981083719854e-06,278920946.20740306,2.8584894442727482e-09,0.017567860095938023,0.008963348125930411,1.0206423856151752e-05,0.00023787981083719855,3716.7052225164152
16451905877.536608,2.282125724579904e-08,2.282125724579904e-06,290736225.47488356,2.8623971316347883e-09,0.01692383583814302,0.008636714975540425,1.0206423856151752e-05,0.0002282125724579904,3565.6614023415955
17148819698.705408,2.189382026351817e-08,2.189382026351817e-06,303052007.9353552,2.8663048189968283e-09,0.01630194937781946,0.008321049611235866,1.0206423856151752e-05,0.00021893820263518167,3420.7558778472417
17875255259.042316,2.1004073551621625e-08,2.1004073551621623e-06,315889495.2413978,2.8702125063588684e-09,0.015701941405895994,0.008016779611976048,1.0206423856151752e-05,0.00021004073551621625,3281.739193783797
18632463119.315598,2.0150485408755076e-08,2.0150485408755077e-06,329270787.1618893,2.874120193720909e-09,0.015124630462512384,0.007723834306783807,1.0206423856151752e-05,0.00020150485408755077,3148.372032556255
19421746814.890285,1.9331586380638188e-08,1.933158638063819e-06,343218919.6268077,2.878027881082949e-09,0.014569144334491564,0.007441787926559791,1.0206423856151752e-05,0.0001933158638063819,3020.424802238392
20244465099.768017,1.8545966730394795e-08,1.8545966730394793e-06,357757904.3836508,2.881935568444989e-09,0.014033082395189193,0.007169512502923122,1.0206423856151752e-05,0.00018545966730394795,2897.6772413295985
21102034285.685966,1.7792274011686887e-08,1.7792274011686885e-06,372912770.33372796,2.885843255807029e-09,0.013515621397828444,0.006906735716307286,1.0206423856151752e-05,0.00017792274011686887,2779.918039574078
21995930680.3007,1.7069210740475173e-08,1.7069210740475174e-06,388709606.6194707,2.889750943169069e-09,0.013017777972587808,0.006653764731265418,1.0206423856151752e-05,0.00017069210740475174,2666.9444741897664
22927693128.656487,1.6375532161396163e-08,1.6375532161396161e-06,405175607.53697413,2.8936586305311095e-09,0.012538787991494002,0.006410227495571146,1.0206423856151752e-05,0.00016375532161396164,2558.5620608804165
23898925662.310528,1.5710044104913028e-08,1.5710044104913026e-06,422339119.35103893,2.8975663178931496e-09,0.012076902422759663,0.0061755297197669135,1.0206423856151752e-05,0.00015710044104913027,2454.5842190304443
24911300260.67786,1.5071600931549265e-08,1.5071600931549265e-06,440229689.0933481,2.9014740052551896e-09,0.011630771395755631,0.005948704326336242,1.0206423856151752e-05,0.00015071600931549267,2354.8319505058557
25966559729.348724,1.4459103559667169e-08,1.4459103559667168e-06,458878115.4277643,2.9053816926172297e-09,0.011201582920053152,0.005730344866555236,1.0206423856151752e-05,0.00014459103559667167,2259.133531508467
27066520700.332355,1.3871497573396115e-08,1.3871497573396115e-06,478316501.6703046,2.9092893799792697e-09,0.010788645242948503,0.00552012850462922,1.0206423856151752e-05,0.00013871497573396117,2167.324216952967
28213076759.394707,1.3307771407452527e-08,1.3307771407452527e-06,498578311.05509377,2.91319706734131e-09,0.010390713169085946,0.005317636869965275,1.0206423856151752e-05,0.00013307771407452526,2079.2459568577624
29408201705.870667,1.2766954605727746e-08,1.2766954605727745e-06,519698424.3414047,2.9171047547033503e-09,0.010006314391569038,0.005122165734353124,1.0206423856151752e-05,0.00012766954605727745,1994.7471242615493
30653952950.565235,1.2248116150645192e-08,1.2248116150645191e-06,541713199.8609794,2.9210124420653903e-09,0.009636400333133828,0.0049337171928473455,1.0206423856151752e-05,0.00012248116150645192,1913.6822541970853
31952475057.592136,1.1750362860410892e-08,1.1750362860410892e-06,564660536.1090045,2.9249201294274308e-09,0.009280475687964378,0.004752306154575856,1.0206423856151752e-05,0.00011750362860410891,1835.911793272822
33306003436.24582,1.127283785139897e-08,1.127283785139897e-06,588579936.9864566,2.928827816789471e-09,0.008937620100470473,0.0045775988944246684,1.0206423856151752e-05,0.00011272837851398969,1761.3018594314221
34716868189.265594,1.0814719063023823e-08,1.0814719063023824e-06,613512579.8061919,2.9327355041515113e-09,0.008606681443128233,0.004409187446939589,1.0206423856151752e-05,0.00010814719063023822,1689.7240114713825
36187498124.11284,1.0375217842560934e-08,1.0375217842560933e-06,639501386.1797843,2.9366431915135514e-09,0.00828796152416347,0.004246730726873617,1.0206423856151752e-05,0.00010375217842560934,1621.0550279352092
37720424934.16994,9.953577587478951e-09,9.95357758747895e-07,666591095.9072013,2.940550878875591e-09,0.007981287978231218,0.004090266375391196,1.0206423856151752e-05,9.953577587478951e-05,1555.1766949833277
39318287557.0577,9.549072442946253e-09,9.549072442946253e-07,694828343.9964992,2.9444585662376315e-09,0.007685968612719059,0.003939611121507401,1.0206423856151752e-05,9.549072442946253e-05,1491.9756028886159
40983836717.57253,9.161006052270212e-09,9.161006052270211e-07,724261740.9460964,2.9483662535996715e-09,0.007401158714986676,0.0037944725321300355,1.0206423856151752e-05,9.161006052270212e-05,1431.3429508013044
42719939663.067764,8.788710358116982e-09,8.788710358116982e-07,754941956.427896,2.952273940961712e-09,0.007126649385514811,0.0036545306916701777,1.0206423856151752e-05,8.788710358116983e-05,1373.1743594479726
44529585099.4266,8.431544452449226e-09,8.431544452449225e-07,786921806.5152464,2.956181628323752e-09,0.006862451720063282,0.003519616091333909,1.0206423856151752e-05,8.431544452449224e-05,1317.3696914423863
46415888336.12772,8.088893473201135e-09,8.088893473201133e-07,820256344.6059575,2.960089315685792e-09,0.006608081918350772,0.0033896931647929753,1.0206423856151752e-05,8.088893473201135e-05,1263.832878898705
48382096649.259575,7.760167545791587e-09,7.760167545791586e-07,855002956.1968873,2.9639970030478326e-09,0.0063629769124977364,0.0032645819641377947,1.0206423856151752e-05,7.760167545791587e-05,1212.4717580503375
50431594871.713486,7.444800767653762e-09,7.444800767653762e-07,891221457.6732006,2.967904690409872e-09,0.006126667634532133,0.0031440327988259487,1.0206423856151752e-05,7.444800767653762e-05,1163.197910589814
52567911220.18419,7.142250234032038e-09,7.142250234032038e-07,928974199.2824705,2.9718123777719122e-09,0.005899142277633806,0.003027827347537644,1.0206423856151752e-05,7.142250234032038e-05,1115.9265114563846
54794723369.00292,6.8519951033702655e-09,6.851995103370265e-07,968326172.4707645,2.9757200651339527e-09,0.005680123367394209,0.0029158578862799327,1.0206423856151752e-05,6.851995103370265e-05,1070.5761828094905
57115864781.26423,6.5735357006814735e-09,6.573535700681474e-07,1009345121.7656134,2.9796277524959928e-09,0.005469182206516038,0.0028080435370223832,1.0206423856151752e-05,6.573535700681473e-05,1027.0688539365692
59535331308.1437,6.306392657356033e-09,6.306392657356032e-07,1052101661.3983994,2.983535439858033e-09,0.0052658802143274435,0.0027042095280018024,1.0206423856151752e-05,6.306392657356033e-05,985.3296268541112
62057288067.76488,6.050106085927434e-09,6.050106085927434e-07,1096669396.8669245,2.9874431272200733e-09,0.005070007856231089,0.0026041467012051824,1.0206423856151752e-05,6.050106085927433e-05,945.2866473706019
64686076615.46321,5.804234788374599e-09,5.804234788374599e-07,1143125051.6475034,2.9913508145821133e-09,0.004881468055998077,0.002507702487245106,1.0206423856151752e-05,5.804234788374599e-05,906.8709813893087
67426222417.78349,5.568355496598479e-09,5.568355496598479e-07,1191548599.2746022,2.995258501944154e-09,0.004699923176579671,0.0024148019793108887,1.0206423856151752e-05,5.568355496598478e-05,870.016496238075
70282442643.08339,5.342062143764789e-09,5.342062143764789e-07,1242023401.0155098,2.9991661893061935e-09,0.004525012538548479,0.002325343071808089,1.0206423856151752e-05,5.3420621437647896e-05,834.6597468217348
73259654282.1523,5.124965165258839e-09,5.124965165258838e-07,1294636349.3769906,3.003073876668234e-09,0.004356497998103231,0.0022391697885696285,1.0206423856151752e-05,5.124965165258837e-05,800.739866401205
76362982612.82257,4.91669082804908e-09,4.91669082804908e-07,1349478017.6909502,3.006981564030274e-09,0.004194232972629604,0.0021561422035545974,1.0206423856151752e-05,4.91669082804908e-05,768.1984618112446
79597770023.14978,4.716880587304662e-09,4.716880587304662e-07,1406642816.0366738,3.0108892513923136e-09,0.004038015662659738,0.002076148792760617,1.0206423856151752e-05,4.716880587304661e-05,736.9795129364579
82969585208.34915,4.525190469159471e-09,4.525190469159471e-07,1466229153.7680528,3.0147969387543537e-09,0.003887568976876657,0.0019990972679032014,1.0206423856151752e-05,4.5251904691594714e-05,707.0292762725061
86484232757.3171,4.341290478560331e-09,4.341290478560331e-07,1528339608.925513,3.018704626116394e-09,0.003742642573181562,0.0019249071091574422,1.0206423856151752e-05,4.3412904785603316e-05,678.2961924065397
90147763145.24918,4.1648640311794855e-09,4.164864031179485e-07,1593081104.8244314,3.0226123134784346e-09,0.0036030354954015966,0.001853440161690768,1.0206423856151752e-05,4.164864031179485e-05,650.7307972575089
93966483149.5471,3.9956074084139625e-09,3.995607408413962e-07,1660565094.123866,3.0265200008404747e-09,0.003468657116857679,0.0017845882992421486,1.0206423856151752e-05,3.995607408413962e-05,624.2856369236359
97946966706.95386,3.833229234533106e-09,3.8332292345331063e-07,1730907750.6926346,3.0304276882025143e-09,0.003339282650202621,0.0017182791884448403,1.0206423856151752e-05,3.833229234533106e-05,598.9151859903834
102096066230.60475,3.6774499750744412e-09,3.677449975074441e-07,1804230169.602957,3.0343353755645548e-09,0.003214622838119985,0.0016544040047370679,1.0206423856151752e-05,3.677449975074441e-05,574.5757691583257
106420924406.47224,3.5280014556244752e-09,3.528001455624475e-07,1880658575.5958893,3.0382430629265944e-09,0.003094584794280917,0.0015928925995927481,1.0206423856151752e-05,3.5280014556244754e-05,551.2254860560249
110928986489.52228,3.3846264001555577e-09,3.384626400155558e-07,1960324540.3776338,3.042150750288635e-09,0.0029790204327025628,0.0015336593527795058,1.0206423856151752e-05,3.3846264001555576e-05,528.8241391084016
115628013120.73778,3.2470779881246503e-09,3.24707798812465e-07,2043365209.1205156,3.0460584376506753e-09,0.002867730471122993,0.001476584476878824,1.0206423856151752e-05,3.2470779881246495e-05,507.33316433652453
120526093687.08414,3.1151194295710477e-09,3.1151194295710474e-07,2129923536.5587842,3.0499661250127154e-09,0.0027605595442992056,0.0014216176126188819,1.0206423856151752e-05,3.1151194295710475e-05,486.7155649696085
125631660247.41214,2.988523557481761e-09,2.988523557481761e-07,2220148533.0856194,3.053873812374756e-09,0.0026573824458670896,0.001368690785719582,1.0206423856151752e-05,2.988523557481761e-05,466.9358477549648
130953502048.2665,2.8670724367230167e-09,2.8670724367230165e-07,2314195521.274841,3.0577814997367955e-09,0.0025580069213045303,0.0013177178916167162,1.0206423856151752e-05,2.8670724367230164e-05,447.95996185629025
136500780654.60138,2.7505569888642216e-09,2.7505569888642214e-07,2412226403.2692175,3.061689187098836e-09,0.0024623183910091636,0.0012686207440594504,1.0206423856151752e-05,2.7505569888642212e-05,429.75524023504266
142283045721.4355,2.6387766322489725e-09,2.6387766322489725e-07,2514409939.495375,3.065596874460876e-09,0.002370199931577323,0.0012213436086404238,1.0206423856151752e-05,2.6387766322489724e-05,412.2903434140606
148310251433.6103,2.531538936693155e-09,2.5315389366931543e-07,2620922039.185355,3.0695045618229157e-09,0.0022815044532833065,0.001175804104381747,1.0206423856151752e-05,2.5315389366931544e-05,395.5352055265619
154592773641.94785,2.4286592922158354e-09,2.4286592922158356e-07,2731946063.2048583,3.073412249184956e-09,0.0021960828904033776,0.001131949557064221,1.0206423856151752e-05,2.4286592922158356e-05,379.4609825576706
161141427725.30167,2.3299605912327667e-09,2.3299605912327668e-07,2847673139.7093854,3.0773199365469966e-09,0.0021138405068620476,0.0010897337480542167,1.0206423856151752e-05,2.3299605912327664e-05,364.0400026893784
167967487209.26532,2.235272923665107e-09,2.235272923665107e-07,2968302493.1719756,3.0812276239090366e-09,0.0020346714677626147,0.0010490565524072992,1.0206423856151752e-05,2.2352729236651068e-05,349.24571866342245
175082703173.5727,2.1444332844388467e-09,2.1444332844388466e-07,3094041787.348577,3.085135311271077e-09,0.001958421234188316,0.0010099007938686256,1.0206423856151752e-05,2.1444332844388468e-05,335.0526620801207
182499324481.61505,2.057285292871093e-09,2.057285292871093e-07,3225107482.7718062,3.0890429986331168e-09,0.001885035605476055,0.0009721825270641032,1.0206423856151752e-05,2.057285292871093e-05,321.4363995544471
190230118866.8946,1.9736789234602916e-09,1.9736789234602916e-07,3361725209.3883634,3.0929506859951572e-09,0.0018143465350740234,0.0009358676688026495,1.0206423856151752e-05,1.973678923460292e-05,308.3734906538919
198288394912.70673,1.8934702476169784e-09,1.8934702476169783e-07,3504130154.981504,3.096858373357197e-09,0.0017463258990135751,0.0009009044027815894,1.0206423856151752e-05,1.8934702476169782e-05,295.84144754570264
206688024962.9082,1.816521185890252e-09,1.816521185890252e-07,3652567470.047559,3.1007660607192373e-09,0.001680805083167527,0.0008672283474870627,1.0206423856151752e-05,1.816521185890252e-05,283.81869628400796
215443469003.18866,1.742699270263695e-09,1.742699270263695e-07,3807292689.823061,3.1046737480812774e-09,0.0016177649715677185,0.0008348176100545927,1.0206423856151752e-05,1.742699270263695e-05,272.2845396702225
224569799553.97717,1.6718774161113008e-09,1.6718774161113008e-07,3968572174.189381,3.108581435443318e-09,0.001557030286221134,0.0008035869965311793,1.0206423856151752e-05,1.6718774161113004e-05,261.2191216227596
234082727617.82944,1.6039337034209208e-09,1.6039337034209206e-07,4136683566.212046,3.1124891228053583e-09,0.0014985849638623082,0.0007735352606485102,1.0206423856151752e-05,1.6039337034209206e-05,250.60339299472923
243998629725.95453,1.5387511669086998e-09,1.5387511669086997e-07,4311916270.103877,3.116396810167398e-09,0.0014423070870830605,0.0007445824600889984,1.0206423856151752e-05,1.5387511669086997e-05,240.4190787807903
254334576130.4648,1.4762175946629516e-09,1.4762175946629515e-07,4494571949.435298,3.120304497529438e-09,0.0013889951944734246,0.000717589542744073,1.0206423856151752e-05,1.4762175946629516e-05,230.6486466566684
265108360190.85416,1.4162253349711177e-09,1.4162253349711178e-07,4684965046.448813,3.1242121848914785e-09,0.0013368213023843463,0.0006907278357128571,1.0206423856151752e-05,1.4162253349711176e-05,221.2752767972229
276338529005.3167,1.3586711109970204e-09,1.3586711109970204e-07,4883423323.372259,3.128119872253518e-09,0.0012865758092966638,0.0006648578605954383,1.0206423856151752e-05,1.3586711109970204e-05,212.28283292106707
288044415339.62976,1.303455842989504e-09,1.3034558429895037e-07,5090288426.662396,3.132027559615559e-09,0.0012382327052095955,0.0006399631329651366,1.0206423856151752e-05,1.3034558429895039e-05,203.65583451191546
300246170908.5543,1.250484477716412e-09,1.2504844777164117e-07,5305916475.150078,3.135935246977599e-09,0.00119166249234596,0.0006159757798915757,1.0206423856151752e-05,1.2504844777164116e-05,195.3794301688387
312964801067.075,1.1996658248301494e-09,1.1996658248301492e-07,5530678673.099935,3.139842934339639e-09,0.0011468739472557175,0.0005929013617047294,1.0206423856151752e-05,1.1996658248301493e-05,187.43937203953047
326222200971.1673,1.1509123998832925e-09,1.1509123998832924e-07,5764961949.239371,3.1437506217016796e-09,0.001103707166392654,0.0005706647155768152,1.0206423856151752e-05,1.1509123998832924e-05,179.821991292597
340041193270.37024,1.104140273723864e-09,1.1041402737238639e-07,6009169622.857446,3.1476583090637192e-09,0.0010621980506296319,0.0005492690033725236,1.0206423856151752e-05,1.1041402737238639e-05,172.51417458662542
354445567397.0436,1.059268928011054e-09,1.0592689280110539e-07,6263722098.120214,3.1515659964257597e-09,0.001022204670526094,0.0005286632518587402,1.0206423856151752e-05,1.0592689280110539e-05,165.50334149552808
369460120519.9295,1.016221116602714e-09,1.0162211166027141e-07,6529057587.797451,3.1554736837877993e-09,0.0009837355675216062,0.0005088278520425755,1.0206423856151752e-05,1.016221116602714e-05,158.77742285131083
385110700232.5569,9.749227325758828e-10,9.749227325758827e-08,6805632867.647303,3.1593813711498394e-09,0.0009466862280512805,0.0004897372312701212,1.0206423856151752e-05,9.749227325758828e-06,152.3248399669625
401424249049.9326,9.353026806515468e-10,9.353026806515467e-08,7093924062.7568035,3.16328905851188e-09,0.0009110342321105078,0.00047134804499104584,1.0206423856151752e-05,9.353026806515468e-06,146.1344847037186
418428850790.1576,8.972927548039131e-10,8.97292754803913e-08,7394427467.192578,3.1671967458739203e-09,0.0008767166500285887,0.0004536536132070486,1.0206423856151752e-05,8.97292754803913e-06,140.1957003483684
436153778920.80054,8.60827520843545e-10,8.60827520843545e-08,7707660398.372477,3.1711044332359604e-09,0.0008436786669661302,0.0004366111183265139,1.0206423856151752e-05,8.608275208435449e-06,134.49826326769332
454629546953.239,8.258442037722493e-10,8.258442037722493e-08,8034162087.628739,3.1750121205980004e-09,0.0008118845905384075,0.00042020927223068976,1.0206423856151752e-05,8.258442037722494e-06,129.03236530845805
473887960971.7651,7.922825797157272e-10,7.922825797157271e-08,8374494608.496366,3.1789198079600405e-09,0.000781268193817377,0.0004044206483747909,1.0206423856151752e-05,7.922825797157272e-06,123.788596912645
493962174387.8326,7.600848722480328e-10,7.600848722480327e-08,8729243844.324018,3.182827495322081e-09,0.0007518102100257072,0.00038921644863687435,1.0206423856151752e-05,7.6008487224803275e-06,118.75793091887826
514886745013.7487,7.291956529292871e-10,7.291956529292871e-08,9099020496.873926,3.1867351826841214e-09,0.0007234558098894466,0.00037458345462875223,1.0206423856151752e-05,7.29195652929287e-06,113.93170702213872
536697694554.0476,6.995617458854701e-10,6.9956174588547e-08,9484461137.646603,3.190642870046161e-09,0.0006961641079829278,0.00036049618382469215,1.0206423856151752e-05,6.9956174588547e-06,109.30161686502576
559432570616.9366,6.711321362660203e-10,6.711321362660204e-08,9886229303.740286,3.194550557408201e-09,0.0006698896537937614,0.00034693607416786684,1.0206423856151752e-05,6.711321362660204e-06,104.85968973489925
583130511352.6218,6.438578824216207e-10,6.438578824216206e-08,10305016640.131992,3.1984582447702416e-09,0.0006446080704339912,0.0003338840731642288,1.0206423856151752e-05,6.438578824216207e-06,100.59827884227435
607832312829.7236,6.176920316510297e-10,6.176920316510296e-08,10741544090.346027,3.202365932132282e-09,0.0006202736618509557,0.00032131731595799615,1.0206423856151752e-05,6.1769203165102955e-06,96.5100481568549
633580499265.8241,5.925895393718732e-10,5.925895393718731e-08,11196563137.560293,3.2062736194943217e-09,0.0005968495417112284,0.0003092188270218691,1.0206423856151752e-05,5.92589539371873e-06,92.58795977853637
660419396233.0305,5.685071915762703e-10,5.6850719157627025e-08,11670857098.286697,3.2101813068563617e-09,0.0005743091786031047,0.0002975765992254089,1.0206423856151752e-05,5.685071915762702e-06,88.82526182164119
688395206964.5482,5.454035304378166e-10,5.454035304378165e-08,12165242470.852371,3.214088994218402e-09,0.0005526094299944085,0.0002863692958529557,1.0206423856151752e-05,5.4540353043781654e-06,85.21547679153166
717556091893.6921,5.232387829418087e-10,5.232387829418087e-08,12680570341.00404,3.217996681580442e-09,0.0005317241943410488,0.00027557896120386163,1.0206423856151752e-05,5.232387829418087e-06,81.75239043358305
747952251562.1829,5.019747924159058e-10,5.019747924159058e-08,13217727847.054161,3.2219043689424823e-09,0.0005116320647721613,0.0002651936391253799,1.0206423856151752e-05,5.019747924159057e-06,78.43004103532951
779636013040.5221,4.815749528433107e-10,4.815749528433107e-08,13777639707.09199,3.2258120563045228e-09,0.0004922924332071127,0.0002551962462642291,1.0206423856151752e-05,4.815749528433107e-06,75.24270916335945
812661920009.1946,4.620041458454065e-10,4.620041458454065e-08,14361269810.888466,3.229719743666563e-09,0.00047367098610738665,0.00024557488228731133,1.0206423856151752e-05,4.620041458454065e-06,72.18490781729429
847086826655.742,4.432286802253876e-10,4.4322868022538756e-08,14969622879.23467,3.2336274310286033e-09,0.00045575292583807057,0.0002363156196616887,1.0206423856151752e-05,4.432286802253875e-06,69.25137298390483
882969995549.4083,4.2521623396876456e-10,4.252162339687645e-08,15603746193.571573,3.237535118390643e-09,0.0004385149035967867,0.0002274000165200361,1.0206423856151752e-05,4.2521623396876455e-06,66.43705457509692
920373199661.823,4.079357986009267e-10,4.079357986009267e-08,16264731398.888014,3.2414428057526834e-09,0.0004219255004358793,0.00021881885633292868,1.0206423856151752e-05,4.079357986009267e-06,63.73710773417077
959360828709.3127,3.9135762580598235e-10,3.9135762580598235e-08,16953716382.98999,3.245350493114723e-09,0.00040595649633330975,0.00021056090790912192,1.0206423856151752e-05,3.9135762580598236e-06,61.14688449538914
1000000000000.0,3.7545317621493596e-10,3.75453176214936e-08,17671887235.378254,3.249258180476763e-09,0.00039058507929956766,0.00020261478911024895,1.0206423856151752e-05,3.7545317621493595e-06,58.661925782489085
1042360673976.4033,3.6019507027510483e-10,3.601950702751048e-08,18420480289.103863,3.2531658678388036e-09,0.00037579647837363673,0.00019496729464663683,1.0206423856151752e-05,3.601950702751048e-06,56.277953732372964
1086515774652.5417,3.455570411161334e-10,3.455570411161334e-08,19200784249.11937,3.257073555200844e-09,0.00036157207629357194,0.00018760325207467176,1.0206423856151752e-05,3.455570411161334e-06,53.99086433075364
1132541315152.808,3.3151388933151444e-10,3.3151388933151444e-08,20014142410.787415,3.2609812425628837e-09,0.00034787772897376223,0.00018051439736417076,1.0206423856151752e-05,3.3151388933151443e-06,51.796720347084296
1180516528568.8032,3.180414395977293e-10,3.180414395977293e-08,20861954972.368076,3.264888929924924e-09,0.00033469197226394185,0.00017369379737930323,1.0206423856151752e-05,3.1804143959772934e-06,49.691744556603346
1230524004359.2615,3.051164990563803e-10,3.051164990563803e-08,21745681445.46297,3.268796617286964e-09,0.00032200423552031964,0.00016713160710997159,1.0206423856151752e-05,3.051164990563803e-06,47.67231323783445
1282649830528.0625,2.927168173876133e-10,2.9271681738761325e-08,22666843167.56895,3.2727043046490047e-09,0.00030980208945547945,0.00016081474566843095,1.0206423856151752e-05,2.927168173876133e-06,45.73494993433881
1336983741824.9507,2.808210485061332e-10,2.8082104850613315e-08,23627025921.0646,3.276611992011045e-09,0.0002980624327368193,0.00015473258213368106,1.0206423856151752e-05,2.808210485061332e-06,43.8763194699862
1393619274224.1377,2.6940871381386453e-10,2.694087138138645e-08,24627882663.138622,3.2805196793730848e-09,0.00028675825013005693,0.00014887926308676283,1.0206423856151752e-05,2.6940871381386448e-06,42.093222207440895
1452653925946.7783,2.584601669459789e-10,2.5846016694597888e-08,25671136371.36098,3.284427366735125e-09,0.0002758776585413891,0.000143248784445112,1.0206423856151752e-05,2.5846016694597888e-06,40.38258853997571
1514189325304.352,2.479565599496419e-10,2.4795655994964186e-08,26758583009.791965,3.2883350540971653e-09,0.00026541159687017065,0.00013783181862769267,1.0206423856151752e-05,2.4795655994964187e-06,38.741473607138325
1578331405652.1196,2.3787981083719854e-10,2.3787981083719848e-08,27892094620.740322,3.2922427414592057e-09,0.00025534833734435646,0.00013261649635853474,1.0206423856151752e-05,2.378798108371985e-06,37.16705222516415
1645190587753.6675,2.282125724579896e-10,2.282125724579896e-08,29073622547.488453,3.296150428821246e-09,0.0002456606796108538,0.00012759460312990466,1.0206423856151752e-05,2.2821257245798964e-06,35.65661402341583
1714881969870.534,2.1893820263518274e-10,2.1893820263518272e-08,30305200793.535378,3.300058116183285e-09,0.0002363299092947455,0.0001227625201062313,1.0206423856151752e-05,2.1893820263518274e-06,34.20755877847258
1787525525904.2317,2.100407355162163e-10,2.1004073551621628e-08,31588949524.139774,3.303965803545325e-09,0.00022735340605194195,0.00011811512214174084,1.0206423856151752e-05,2.1004073551621627e-06,32.81739193783797
1863246311931.5598,2.0150485408755092e-10,2.015048540875509e-08,32927078716.18891,3.3078734909073655e-09,0.0002187234169710572,0.0001136442734819446,1.0206423856151752e-05,2.0150485408755086e-06,31.483720325562565
1942174681489.0283,1.933158638063819e-10,1.933158638063819e-08,34321891962.680763,3.311781178269406e-09,0.0002104239287242962,0.00010933819567401508,1.0206423856151752e-05,1.9331586380638193e-06,30.20424802238393
2024446509976.81,1.8545966730394704e-10,1.8545966730394702e-08,35775790438.36525,3.3156888656314465e-09,0.00020242723494983658,0.00010519247593888454,1.0206423856151752e-05,1.8545966730394704e-06,28.976772413295844
2110203428568.588,1.7792274011686966e-10,1.7792274011686963e-08,37291277033.372635,3.319596552993486e-09,0.0001947294308396868,0.00010120469914602589,1.0206423856151752e-05,1.7792274011686964e-06,27.799180395740894
2199593068030.0703,1.706921074047516e-10,1.706921074047516e-08,38870960661.9471,3.323504240355526e-09,0.0001873284858258178,9.737012559630871e-05,1.0206423856151752e-05,1.706921074047516e-06,26.66944474189765
2292769312865.649,1.6375532161396167e-10,1.6375532161396166e-08,40517560753.697395,3.3274119277175666e-09,0.00018021601738956702,9.368169915419317e-05,1.0206423856151752e-05,1.6375532161396166e-06,25.585620608804174
2389892566231.0527,1.571004410491303e-10,1.571004410491303e-08,42233911935.10388,3.331319615079607e-09,0.00017336839768187194,9.012683117781177e-05,1.0206423856151752e-05,1.5710044104913032e-06,24.545842190304445
2491130026067.796,1.5071600931549213e-10,1.5071600931549212e-08,44022968909.33497,3.335227302441647e-09,0.00016676833994702675,8.670554215523845e-05,1.0206423856151752e-05,1.5071600931549214e-06,23.54831950505848
2596655972934.862,1.4459103559667213e-10,1.4459103559667212e-08,45887811542.77629,3.339134989803687e-09,0.00016042200593672154,8.341557799072882e-05,1.0206423856151752e-05,1.4459103559667212e-06,22.591335315084745
2706652070033.236,1.387149757339612e-10,1.3871497573396118e-08,47831650167.03044,3.3430426771657273e-09,0.00015432344368272814,8.025276120545275e-05,1.0206423856151752e-05,1.387149757339612e-06,21.673242169529676
2821307675939.4707,1.3307771407452526e-10,1.3307771407452524e-08,49857831105.50939,3.3469503645277677e-09,0.0001484621028984405,7.72095927097371e-05,1.0206423856151752e-05,1.3307771407452523e-06,20.792459568577616
2940820170587.067,1.2766954605727747e-10,1.2766954605727746e-08,51969842434.140465,3.3508580518898078e-09,0.00014280608083772515,7.427484390255899e-05,1.0206423856151752e-05,1.2766954605727745e-06,19.947471242615496
3065395295056.536,1.224811615064514e-10,1.2248116150645141e-08,54171319986.09817,3.3547657392518483e-09,0.00013736474387104287,7.145247004764162e-05,1.0206423856151752e-05,1.2248116150645143e-06,19.136822541970776
3195247505759.2007,1.1750362860410947e-10,1.1750362860410946e-08,56466053610.90018,3.3586734266138875e-09,0.00013213618084389984,6.87393782971749e-05,1.0206423856151752e-05,1.1750362860410947e-06,18.359117932728306
3330600343624.5815,1.127283785139897e-10,1.1272837851398969e-08,58857993698.64567,3.3625811139759284e-09,0.00012711185405737225,6.613125587571701e-05,1.0206423856151752e-05,1.1272837851398972e-06,17.613018594314223
3471686818926.5596,1.0814719063023828e-10,1.0814719063023827e-08,61351257980.61917,3.366488801337968e-09,0.0001222738506348261,6.361931690052712e-05,1.0206423856151752e-05,1.0814719063023826e-06,16.89724011471383
3618749812411.284,1.0375217842560945e-10,1.0375217842560944e-08,63950138617.97836,3.3703964887000085e-09,0.00011760893437676749,6.119833777478224e-05,1.0206423856151752e-05,1.0375217842560945e-06,16.21055027935211
3772042493417.009,9.953577587478904e-11,9.953577587478905e-09,66659109590.72042,3.3743041760620485e-09,0.0001131266332935532,5.887122349402979e-05,1.0206423856151752e-05,9.953577587478904e-07,15.551766949833201
3931828755705.754,9.549072442946284e-11,9.549072442946284e-09,69482834399.64969,3.378211863424088e-09,0.00010881961150544151,5.6634266618962104e-05,1.0206423856151752e-05,9.549072442946283e-07,14.919756028886209
4098383671757.253,9.161006052270217e-11,9.161006052270215e-09,72426174094.60959,3.3821195507861286e-09,0.00010467985673451816,5.448368465515443e-05,1.0206423856151752e-05,9.161006052270215e-07,14.313429508013048
4271993966306.7764,8.788710358116982e-11,8.78871035811698e-09,75494195642.78961,3.386027238148169e-09,0.0001006839695997986,5.2410192028705526e-05,1.0206423856151752e-05,8.78871035811698e-07,13.731743594479726
4452958509942.66,8.43154445244923e-11,8.431544452449229e-09,78692180651.5246,3.389934925510209e-09,9.684203717077376e-05,5.041460351465594e-05,1.0206423856151752e-05,8.431544452449228e-07,13.173696914423868
4641588833612.792,8.0888934732011e-11,8.0888934732011e-09,82025634460.59608,3.3938426128722496e-09,9.315052553712338e-05,4.849645179011539e-05,1.0206423856151752e-05,8.0888934732011e-07,12.638328788986998
4838209664925.9375,7.760167545791617e-11,7.760167545791617e-09,85500295619.68837,3.3977503002342893e-09,8.960291881741813e-05,4.665258077902977e-05,1.0206423856151752e-05,7.760167545791618e-07,12.124717580503424
5043159487171.349,7.444800767653759e-11,7.444800767653758e-09,89122145767.32011,3.4016579875963297e-09,8.618657344089705e-05,4.4878711502178815e-05,1.0206423856151752e-05,7.444800767653758e-07,11.631979105898134
5256791122018.419,7.142250234032041e-11,7.142250234032041e-09,92897419928.247,3.40556567495837e-09,8.289413309796337e-05,4.31691967289825e-05,1.0206423856151752e-05,7.142250234032042e-07,11.159265114563853
5479472336900.293,6.851995103370259e-11,6.851995103370258e-09,96832617247.07655,3.4094733623204102e-09,7.973039458795393e-05,4.152453737774227e-05,1.0206423856151752e-05,6.851995103370258e-07,10.705761828094895
5711586478126.446,6.573535700681444e-11,6.573535700681444e-09,100934512176.56178,3.4133810496824507e-09,7.66900436780337e-05,3.994353724575805e-05,1.0206423856151752e-05,6.573535700681444e-07,10.270688539365645
5953533130814.346,6.306392657356059e-11,6.306392657356058e-09,105210166139.83951,3.4172887370444904e-09,7.376584036252704e-05,3.842326977663051e-05,1.0206423856151752e-05,6.306392657356058e-07,9.853296268541154
6205728806776.487,6.050106085927433e-11,6.050106085927433e-09,109666939686.69247,3.42119642440653e-09,7.0948511699928e-05,3.696047970974736e-05,1.0206423856151752e-05,6.050106085927434e-07,9.452866473706019
6468607661546.32,5.804234788374595e-11,5.804234788374595e-09,114312505164.75041,3.425104111768571e-09,6.82372332092882e-05,3.5551566776259496e-05,1.0206423856151752e-05,5.804234788374594e-07,9.068709813893078
6742622241778.349,5.568355496598473e-11,5.568355496598473e-09,119154859927.46034,3.4290117991306113e-09,6.563180381019386e-05,3.419604603199614e-05,1.0206423856151752e-05,5.568355496598474e-07,8.700164962380741
7028244264308.367,5.34206214376477e-11,5.34206214376477e-09,124202340101.55142,3.432919486492651e-09,6.312695122059631e-05,3.2892841692655795e-05,1.0206423856151752e-05,5.34206214376477e-07,8.346597468217318
7325965428215.2,5.124965165258861e-11,5.124965165258861e-09,129463634937.69852,3.4368271738546906e-09,6.0716880884163544e-05,3.163966208290482e-05,1.0206423856151752e-05,5.12496516525886e-07,8.007398664012085
7636298261282.226,4.9166908280490996e-11,4.916690828049099e-09,134947801769.0945,3.440734861216731e-09,5.8395395645509436e-05,3.0433718599277818e-05,1.0206423856151752e-05,4.9166908280491e-07,7.681984618112476
7959777002314.978,4.71688058730466e-11,4.7168805873046596e-09,140664281603.66742,3.444642548578771e-09,5.6162929021663975e-05,2.927275903299674e-05,1.0206423856151752e-05,4.716880587304659e-07,7.369795129364576
8296958520834.915,4.52519046915947e-11,4.5251904691594695e-09,146622915376.80533,3.4485502359408116e-09,5.4017080947623877e-05,2.8155713889515716e-05,1.0206423856151752e-05,4.5251904691594687e-07,7.070292762725058
8648423275731.744,4.341290478560314e-11,4.341290478560314e-09,152833960892.5519,3.452457923302852e-09,5.195342055594242e-05,2.7081674315496545e-05,1.0206423856151752e-05,4.3412904785603137e-07,6.78296192406537
9014776314524.88,4.164864031179502e-11,4.164864031179502e-09,159308110482.44247,3.4563656106648917e-09,4.9967335327965595e-05,2.604878646394166e-05,1.0206423856151752e-05,4.164864031179502e-07,6.507307972575116
9396648314954.672,3.9956074084139783e-11,3.995607408413978e-09,166056509412.38602,3.460273298026932e-09,4.805575653455658e-05,2.505502898314945e-05,1.0206423856151752e-05,3.995607408413978e-07,6.242856369236384
9794696670695.385,3.833229234533103e-11,3.833229234533103e-09,173090775069.26364,3.4641809853889722e-09,4.621755718822624e-05,2.4098547944080485e-05,1.0206423856151752e-05,3.8332292345331026e-07,5.989151859903827
10209606623060.475,3.677449975074444e-11,3.6774499750744433e-09,180423016960.2956,3.4680886727510127e-09,4.4450396556815275e-05,2.3178328182353862e-05,1.0206423856151752e-05,3.6774499750744437e-07,5.745757691583261
10642092440647.268,3.52800145562446e-11,3.52800145562446e-09,188065857559.58972,3.471996360113053e-09,4.2750730638689764e-05,2.2293418546263936e-05,1.0206423856151752e-05,3.52800145562446e-07,5.512254860560225
11092898648952.182,3.38462640015557e-11,3.3846264001555697e-09,196032454037.7627,3.475904047475093e-09,4.111493388825486e-05,2.144240910023005e-05,1.0206423856151752e-05,3.3846264001555695e-07,5.288241391084035
11562801312073.73,3.247077988124665e-11,3.2470779881246648e-09,204336520912.05063,3.479811734837133e-09,3.9540904507865855e-05,2.062364336520589e-05,1.0206423856151752e-05,3.247077988124665e-07,5.073331643365268
12052609368708.414,3.1151194295710466e-11,3.1151194295710465e-09,212992353655.8785,3.4837194221991725e-09,3.802743196973818e-05,1.983570566483504e-05,1.0206423856151752e-05,3.1151194295710463e-07,4.867155649696083
12563166024741.215,2.988523557481759e-11,2.9885235574817583e-09,222014853308.56213,3.487627109561214e-09,3.657220194404098e-05,1.907767195873104e-05,1.0206423856151752e-05,2.9885235574817586e-07,4.669358477549644
13095350204826.703,2.8670724367230052e-11,2.867072436723005e-09,231419552127.485,3.4915347969232534e-09,3.5172490703228554e-05,1.8348625746311932e-05,1.0206423856151752e-05,2.867072436723005e-07,4.479599618562885
13650078065460.082,2.7505569888642344e-11,2.750556988864234e-09,241222640326.9206,3.495442484285293e-09,3.382571540716322e-05,1.764756172011475e-05,1.0206423856151752e-05,2.750556988864234e-07,4.297552402350447
14228304572143.49,2.6387766322489828e-11,2.6387766322489824e-09,251440993949.53656,3.4993501716473336e-09,3.2529677842883216e-05,1.697300031370495e-05,1.0206423856151752e-05,2.6387766322489826e-07,4.122903434140621
14831025143361.03,2.5315389366931533e-11,2.531538936693153e-09,262092203918.53568,3.5032578590093736e-09,3.1283695966289846e-05,1.632394910632345e-05,1.0206423856151752e-05,2.531538936693153e-07,3.955352055265618
15459277364194.785,2.4286592922158374e-11,2.428659292215837e-09,273194606320.48563,3.507165546371414e-09,3.008540412460843e-05,1.5699594965251548e-05,1.0206423856151752e-05,2.428659292215837e-07,3.794609825576708
16114142772530.232,2.3299605912327568e-11,2.329960591232757e-09,284767313970.93976,3.5110732337334545e-09,2.89327623794868e-05,1.5099018355106418e-05,1.0206423856151752e-05,2.3299605912327567e-07,3.640400026893768
16796748720926.463,2.235272923665116e-11,2.2352729236651158e-09,296830249317.1964,3.514980921095494e-09,2.7824036415027298e-05,1.4521502875169996e-05,1.0206423856151752e-05,2.235272923665116e-07,3.4924571866342387
17508270317357.197,2.1444332844388547e-11,2.1444332844388546e-09,309404178734.85657,3.5188886084575342e-09,2.6757239439782967e-05,1.3965978922761789e-05,1.0206423856151752e-05,2.1444332844388548e-07,3.350526620801219
18249932448161.504,2.0572852928710927e-11,2.0572852928710926e-09,322510748277.18066,3.5227962958195747e-09,2.573158639905741e-05,1.3431497605693821e-05,1.0206423856151752e-05,2.0572852928710927e-07,3.2143639955444705
19023011886689.457,1.9736789234602932e-11,1.9736789234602933e-09,336172520938.8361,3.526703983181615e-09,2.4764846460595134e-05,1.2937104311294525e-05,1.0206423856151752e-05,1.973678923460293e-07,3.083734906538921
19828839491270.754,1.8934702476169705e-11,1.89347024761697e-09,350413015498.15186,3.5306116705436552e-09,2.3815228060391862e-05,1.2441916614672266e-05,1.0206423856151752e-05,1.8934702476169704e-07,2.958414475457014
20668802496290.734,1.8165211858902593e-11,1.8165211858902594e-09,365256747004.7544,3.534519357905695e-09,2.2902035674938405e-05,1.1965758179031288e-05,1.0206423856151752e-05,1.8165211858902594e-07,2.838186962840091
21544346900318.777,1.7426992702637036e-11,1.7426992702637034e-09,380729268982.30426,3.538427045267735e-09,2.2023771669512e-05,1.1507874423208885e-05,1.0206423856151752e-05,1.7426992702637037e-07,2.722845396702238
22456979955397.72,1.6718774161113e-11,1.6718774161112998e-09,396857217418.9383,3.542334732629776e-09,2.1178978660829852e-05,1.106723422368124e-05,1.0206423856151752e-05,1.6718774161113e-07,2.6121912162275946
23408272761782.94,1.603933703420922e-11,1.6039337034209216e-09,413668356621.20435,3.5462424199918154e-09,2.0366640507514724e-05,1.0643509192045058e-05,1.0206423856151752e-05,1.6039337034209214e-07,2.506033929947294
24399862972595.55,1.5387511669086935e-11,1.5387511669086934e-09,431191627010.38947,3.550150107353856e-09,1.9585399672740005e-05,1.0235849144353715e-05,1.0206423856151752e-05,1.5387511669086934e-07,2.404190787807893
25433457613046.38,1.4762175946629575e-11,1.4762175946629574e-09,449457194943.528,3.5540577947158955e-09,1.8833777368264653e-05,9.843762080292115e-06,1.0206423856151752e-05,1.4762175946629574e-07,2.3064864665666933
26510836019085.31,1.4162253349711225e-11,1.4162253349711225e-09,468496504644.8798,3.5579654820779356e-09,1.8110923472124187e-05,9.466756209739092e-06,1.0206423856151752e-05,1.4162253349711225e-07,2.2127527679722365
27633852900531.668,1.3586711109970205e-11,1.3586711109970204e-09,488342332337.2258,3.561873169439976e-09,1.7415938626902885e-05,9.10403185190517e-06,1.0206423856151752e-05,1.3586711109970207e-07,2.122828329210671
28804441533962.977,1.3034558429895043e-11,1.3034558429895042e-09,509028842666.23956,3.5657808568020165e-09,1.6747347788197934e-05,8.755216989379564e-06,1.0206423856151752e-05,1.3034558429895043e-07,2.036558345119155
30024617090855.555,1.250484477716406e-11,1.2504844777164057e-09,530591647515.01025,3.5696885441640566e-09,1.6104581721386322e-05,8.419675731602402e-06,1.0206423856151752e-05,1.2504844777164059e-07,1.9537943016883779
31296480106707.633,1.1996658248301448e-11,1.1996658248301448e-09,553067867309.9955,3.573596231526097e-09,1.5486047649589187e-05,8.096878340624129e-06,1.0206423856151752e-05,1.1996658248301447e-07,1.8743937203952976
32622220097116.598,1.1509123998832975e-11,1.1509123998832973e-09,576496194923.9346,3.5775039188881367e-09,1.4891299813512528e-05,7.786569783598253e-06,1.0206423856151752e-05,1.1509123998832973e-07,1.7982199129259777
34004119327037.027,1.104140273723864e-11,1.104140273723864e-09,600916962285.7445,3.581411606250177e-09,1.431948282545324e-05,7.488006456906223e-06,1.0206423856151752e-05,1.1041402737238642e-07,1.7251417458662541
35444556739704.36,1.0592689280110543e-11,1.0592689280110543e-09,626372209812.0212,3.5853192936122176e-09,1.3769334076837759e-05,7.200903885932007e-06,1.0206423856151752e-05,1.0592689280110543e-07,1.6550334149552812
36946012051993.1,1.0162211166027103e-11,1.0162211166027101e-09,652905758779.7476,3.5892269809742577e-09,1.3240611338900406e-05,6.924789812666052e-06,1.0206423856151752e-05,1.0162211166027104e-07,1.5877742285131022
38511070023255.84,9.749227325758787e-12,9.749227325758786e-10,680563286764.733,3.593134668336298e-09,1.2731635676546441e-05,6.659106855854594e-06,1.0206423856151752e-05,9.749227325758788e-08,1.5232483996696187
40142424904993.09,9.353026806515503e-12,9.353026806515501e-10,709392406275.6776,3.5970423556983378e-09,1.2242523553047977e-05,6.403763558901399e-06,1.0206423856151752e-05,9.353026806515502e-08,1.4613448470371915
41842885079015.76,8.972927548039137e-12,8.972927548039136e-10,739442746719.2572,3.6009500430603774e-09,1.1771939458442403e-05,6.1580070398320625e-06,1.0206423856151752e-05,8.972927548039136e-08,1.401957003483685
43615377892080.055,8.608275208435445e-12,8.608275208435444e-10,770766039837.248,3.604857730422418e-09,1.1319470644653095e-05,5.921744017666958e-06,1.0206423856151752e-05,8.608275208435444e-08,1.3449826326769325
45462954695324.086,8.258442037722458e-12,8.258442037722457e-10,803416208762.8774,3.608765417784458e-09,1.0884432538804168e-05,5.694509860539317e-06,1.0206423856151752e-05,8.258442037722457e-08,1.2903236530845748
47388796097176.7,7.922825797157246e-12,7.922825797157246e-10,837449460849.6392,3.6126731051464984e-09,1.0465764027686709e-05,5.475851005319561e-06,1.0206423856151752e-05,7.922825797157246e-08,1.2378859691264459
49396217438783.055,7.600848722480351e-12,7.600848722480351e-10,872924384432.3993,3.616580792508538e-09,1.0063558279865794e-05,5.265732013766404e-06,1.0206423856151752e-05,7.600848722480352e-08,1.1875793091887863
51488674501374.87,7.291956529292876e-12,7.291956529292874e-10,909902049687.3922,3.6204884798705785e-09,9.676283280835797e-06,5.0634477917790805e-06,1.0206423856151752e-05,7.291956529292876e-08,1.139317070221388
53669769455404.76,6.9956174588546916e-12,6.995617458854692e-10,948446113764.6615,3.6243961672326186e-09,9.304248192878507e-06,4.8690474149018865e-06,1.0206423856151752e-05,6.995617458854691e-08,1.0930161686502562
55943257061693.89,6.711321362660183e-12,6.711321362660183e-10,988622930374.0316,3.628303854594659e-09,8.946228355329082e-06,4.682056829294828e-06,1.0206423856151752e-05,6.711321362660183e-08,1.0485968973489892
58313051135262.42,6.4385788242161845e-12,6.438578824216183e-10,1030501664013.2029,3.6322115419566995e-09,8.602029749811042e-06,4.502168867804568e-06,1.0206423856151752e-05,6.438578824216184e-08,1.0059827884227401
60783231282972.11,6.176920316510322e-12,6.176920316510322e-10,1074154409034.5983,3.636119229318739e-09,8.271096185195186e-06,4.32926201671822e-06,1.0206423856151752e-05,6.176920316510322e-08,0.9651004815685531
63358049926582.414,5.92589539371873e-12,5.92589539371873e-10,1119656313756.0295,3.6400269166807796e-09,7.95271831414332e-06,4.162868457785161e-06,1.0206423856151752e-05,5.9258953937187306e-08,0.9258795977853634
66041939623303.055,5.685071915762702e-12,5.685071915762701e-10,1167085709828.67,3.6439346040428197e-09,7.646736074146148e-06,4.002923035022831e-06,1.0206423856151752e-05,5.685071915762701e-08,0.8882526182164118
68839520696455.1,5.454035304378144e-12,5.454035304378144e-10,1216524247085.2417,3.64784229140486e-09,7.352291560718839e-06,3.849111439186253e-06,1.0206423856151752e-05,5.454035304378145e-08,0.8521547679153134
71755609189369.5,5.232387829418065e-12,5.232387829418064e-10,1268057034100.4092,3.6517499787669006e-09,7.069278575560629e-06,3.701118963333221e-06,1.0206423856151752e-05,5.2323878294180644e-08,0.8175239043358269
74795225156217.98,5.019747924159078e-12,5.019747924159078e-10,1321772784705.4106,3.6556576661289402e-09,6.797105471275803e-06,3.5588651770184197e-06,1.0206423856151752e-05,5.019747924159077e-08,0.7843004103532983
77963601304052.2,4.815749528433106e-12,4.815749528433106e-10,1377763970709.1992,3.6595653534909803e-09,6.5353421764477395e-06,3.4219981543358108e-06,1.0206423856151752e-05,4.815749528433106e-08,0.7524270916335944
81266192000919.45,4.620041458454066e-12,4.620041458454066e-10,1436126981088.8464,3.66347304085302e-09,6.283714341670534e-06,3.290415257899885e-06,1.0206423856151752e-05,4.620041458454066e-08,0.7218490781729431
84708682665574.2,4.432286802253873e-12,4.4322868022538727e-10,1496962287923.468,3.6673807282150604e-09,6.041571352128561e-06,3.163889631218107e-06,1.0206423856151752e-05,4.432286802253872e-08,0.6925137298390478
88296999554941.19,4.2521623396876274e-12,4.252162339687627e-10,1560374619357.1638,3.671288415577101e-09,5.808861205670717e-06,3.0421692094175537e-06,1.0206423856151752e-05,4.252162339687627e-08,0.6643705457509663
92037319966181.92,4.079357986009285e-12,4.079357986009284e-10,1626473139888.7942,3.6751961029391405e-09,5.5850965202060875e-06,2.9251601646446013e-06,1.0206423856151752e-05,4.079357986009284e-08,0.6373710773417105
95936082870931.27,3.913576258059821e-12,3.913576258059821e-10,1695371638299.0,3.679103790301181e-09,5.369865381056422e-06,2.8125868776424115e-06,1.0206423856151752e-05,3.913576258059821e-08,0.611468844953891
100000000000000.0,3.754531762149361e-12,3.754531762149361e-10,1767188723537.8247,3.683011477663221e-09,5.162969487338928e-06,2.704369075447299e-06,1.0206423856151752e-05,3.754531762149361e-08,0.5866192578248911
