E_GeV,rate_acc,rate_acc_2,rate_sync,rate_bremss,rate_ic_0,rate_ic_1,t_ad_val,Shear,ESC
0.0001,48198.273383086715,4819827.338308671,2.619536203847742e-05,4.544572026832976e-11,6.018457262859721e-05,2.0884090655980964e-05,8.100336393771232e-06,3.0111292416034385e-15,1.1955647569889712e+16
0.00010423606739764012,48198.273383086715,4819827.338308671,2.619536203847742e-05,4.544572026832976e-11,6.018457262859721e-05,2.0884090655980964e-05,8.100336393771232e-06,3.0111292416034385e-15,1.1955647569889712e+16
0.00010865157746525384,48198.273383086715,4819827.338308671,2.619536203847742e-05,4.544572026832976e-11,6.018457262859721e-05,2.0884090655980964e-05,8.100336393771232e-06,3.0111292416034385e-15,1.1955647569889712e+16
0.00011325413151528115,48198.273383086715,4819827.338308671,2.619536203847742e-05,4.544572026832976e-11,6.018457262859721e-05,2.0884090655980964e-05,8.100336393771232e-06,3.0111292416034385e-15,1.1955647569889712e+16
0.00011805165285688056,48198.273383086715,4819827.338308671,2.619536203847742e-05,4.544572026832976e-11,6.018457262859721e-05,2.0884090655980964e-05,8.100336393771232e-06,3.0111292416034385e-15,1.1955647569889712e+16
0.00012305240043592616,48198.273383086715,4819827.338308671,2.619536203847742e-05,4.544572026832976e-11,6.018457262859721e-05,2.0884090655980964e-05,8.100336393771232e-06,3.0111292416034385e-15,1.1955647569889712e+16
0.000128264983052806,48198.273383086715,4819827.338308671,2.619536203847742e-05,4.544572026832976e-11,6.018457262859721e-05,2.0884090655980964e-05,8.100336393771232e-06,3.0111292416034385e-15,1.1955647569889712e+16
0.00013369837418249466,48198.273383086715,4819827.338308671,2.619536203847742e-05,4.544572026832976e-11,6.018457262859721e-05,2.0884090655980964e-05,8.100336393771232e-06,3.0111292416034385e-15,1.1955647569889712e+16
0.0001393619274224142,48198.273383086715,4819827.338308671,2.619536203847742e-05,4.544572026832976e-11,6.018457262859721e-05,2.0884090655980964e-05,8.100336393771232e-06,3.0111292416034385e-15,1.1955647569889712e+16
0.00014526539259467812,48198.273383086715,4819827.338308671,2.619536203847742e-05,4.544572026832976e-11,6.018457262859721e-05,2.0884090655980964e-05,8.100336393771232e-06,3.0111292416034385e-15,1.1955647569889712e+16
0.0001514189325304352,48198.273383086715,4819827.338308671,2.619536203847742e-05,4.544572026832976e-11,6.018457262859721e-05,2.0884090655980964e-05,8.100336393771232e-06,3.0111292416034385e-15,1.1955647569889712e+16
0.0001578331405652118,48198.273383086715,4819827.338308671,2.619536203847742e-05,4.544572026832976e-11,6.018457262859721e-05,2.0884090655980964e-05,8.100336393771232e-06,3.0111292416034385e-15,1.1955647569889712e+16
0.00016451905877536624,48198.273383086715,4819827.338308671,2.619536203847742e-05,4.544572026832976e-11,6.018457262859721e-05,2.0884090655980964e-05,8.100336393771232e-06,3.0111292416034385e-15,1.1955647569889712e+16
0.00017148819698705392,48198.273383086715,4819827.338308671,2.619536203847742e-05,4.544572026832976e-11,6.018457262859721e-05,2.0884090655980964e-05,8.100336393771232e-06,3.0111292416034385e-15,1.1955647569889712e+16
0.00017875255259042355,48198.273383086715,4819827.338308671,2.619536203847742e-05,4.544572026832976e-11,6.018457262859721e-05,2.0884090655980964e-05,8.100336393771232e-06,3.0111292416034385e-15,1.1955647569889712e+16
0.00018632463119315598,48198.273383086715,4819827.338308671,2.619536203847742e-05,4.544572026832976e-11,6.018457262859721e-05,2.0884090655980964e-05,8.100336393771232e-06,3.0111292416034385e-15,1.1955647569889712e+16
0.00019421746814890265,48198.273383086715,4819827.338308671,2.619536203847742e-05,4.544572026832976e-11,6.018457262859721e-05,2.0884090655980964e-05,8.100336393771232e-06,3.0111292416034385e-15,1.1955647569889712e+16
0.00020244465099768038,48198.273383086715,4819827.338308671,2.619536203847742e-05,4.544572026832976e-11,6.018457262859721e-05,2.0884090655980964e-05,8.100336393771232e-06,3.0111292416034385e-15,1.1955647569889712e+16
0.00021102034285685965,48198.273383086715,4819827.338308671,2.619536203847742e-05,4.544572026832976e-11,6.018457262859721e-05,2.0884090655980964e-05,8.100336393771232e-06,3.0111292416034385e-15,1.1955647569889712e+16
0.0002199593068030075,48198.273383086715,4819827.338308671,2.619536203847742e-05,4.544572026832976e-11,6.018457262859721e-05,2.0884090655980964e-05,8.100336393771232e-06,3.0111292416034385e-15,1.1955647569889712e+16
0.00022927693128656486,48198.273383086715,4819827.338308671,2.619536203847742e-05,4.544572026832976e-11,6.018457262859721e-05,2.0884090655980964e-05,8.100336393771232e-06,3.0111292416034385e-15,1.1955647569889712e+16
0.00023898925662310503,48198.273383086715,4819827.338308671,2.619536203847742e-05,4.544572026832976e-11,6.018457262859721e-05,2.0884090655980964e-05,8.100336393771232e-06,3.0111292416034385e-15,1.1955647569889712e+16
0.00024911300260677886,48198.273383086715,4819827.338308671,2.619536203847742e-05,4.544572026832976e-11,6.018457262859721e-05,2.0884090655980964e-05,8.100336393771232e-06,3.0111292416034385e-15,1.1955647569889712e+16
0.00025966559729348725,48198.273383086715,4819827.338308671,2.619536203847742e-05,4.544572026832976e-11,6.018457262859721e-05,2.0884090655980964e-05,8.100336393771232e-06,3.0111292416034385e-15,1.1955647569889712e+16
0.0002706652070033241,48198.273383086715,4819827.338308671,2.619536203847742e-05,4.544572026832976e-11,6.018457262859721e-05,2.0884090655980964e-05,8.100336393771232e-06,3.0111292416034385e-15,1.1955647569889712e+16
0.0002821307675939471,48198.273383086715,4819827.338308671,2.619536203847742e-05,4.544572026832976e-11,6.018457262859721e-05,2.0884090655980964e-05,8.100336393771232e-06,3.0111292416034385e-15,1.1955647569889712e+16
0.00029408201705870637,48198.273383086715,4819827.338308671,2.619536203847742e-05,4.544572026832976e-11,6.018457262859721e-05,2.0884090655980964e-05,8.100336393771232e-06,3.0111292416034385e-15,1.1955647569889712e+16
0.0003065395295056527,48198.273383086715,4819827.338308671,2.619536203847742e-05,4.544572026832976e-11,6.018457262859721e-05,2.0884090655980964e-05,8.100336393771232e-06,3.0111292416034385e-15,1.1955647569889712e+16
0.00031952475057592136,48198.273383086715,4819827.338308671,2.619536203847742e-05,4.544572026832976e-11,6.018457262859721e-05,2.0884090655980964e-05,8.100336393771232e-06,3.0111292416034385e-15,1.1955647569889712e+16
0.0003330600343624589,48198.273383086715,4819827.338308671,2.619536203847742e-05,4.544572026832976e-11,6.018457262859721e-05,2.0884090655980964e-05,8.100336393771232e-06,3.0111292416034385e-15,1.1955647569889712e+16
0.00034716868189265597,48198.273383086715,4819827.338308671,2.619536203847742e-05,4.544572026832976e-11,6.018457262859721e-05,2.0884090655980964e-05,8.100336393771232e-06,3.0111292416034385e-15,1.1955647569889712e+16
0.00036187498124112805,48198.273383086715,4819827.338308671,2.619536203847742e-05,4.544572026832976e-11,6.018457262859721e-05,2.0884090655980964e-05,8.100336393771232e-06,3.0111292416034385e-15,1.1955647569889712e+16
0.00037720424934169976,48198.273383086715,4819827.338308671,2.619536203847742e-05,4.544572026832976e-11,6.018457262859721e-05,2.0884090655980964e-05,8.100336393771232e-06,3.0111292416034385e-15,1.1955647569889712e+16
0.00039318287557057704,48198.273383086715,4819827.338308671,2.619536203847742e-05,4.544572026832976e-11,6.018457262859721e-05,2.0884090655980964e-05,8.100336393771232e-06,3.0111292416034385e-15,1.1955647569889712e+16
0.0004098383671757261,48198.273383086715,4819827.338308671,2.619536203847742e-05,4.544572026832976e-11,6.018457262859721e-05,2.0884090655980964e-05,8.100336393771232e-06,3.0111292416034385e-15,1.1955647569889712e+16
0.00042719939663067764,48198.273383086715,4819827.338308671,2.619536203847742e-05,4.544572026832976e-11,6.018457262859721e-05,2.0884090655980964e-05,8.100336393771232e-06,3.0111292416034385e-15,1.1955647569889712e+16
0.0004452958509942655,48198.273383086715,4819827.338308671,2.619536203847742e-05,4.544572026832976e-11,6.018457262859721e-05,2.0884090655980964e-05,8.100336393771232e-06,3.0111292416034385e-15,1.1955647569889712e+16
0.00046415888336127773,48198.273383086715,4819827.338308671,2.619536203847742e-05,4.544572026832976e-11,6.018457262859721e-05,2.0884090655980964e-05,8.100336393771232e-06,3.0111292416034385e-15,1.1955647569889712e+16
0.00048382096649259574,48198.273383086715,4819827.338308671,2.619536203847742e-05,4.544572026832976e-11,6.018457262859721e-05,2.0884090655980964e-05,8.100336393771232e-06,3.0111292416034385e-15,1.1955647569889712e+16
0.0005043159487171359,48198.273383086715,4819827.338308671,2.619536203847742e-05,4.544572026832976e-11,6.018457262859721e-05,2.0884090655980964e-05,8.100336393771232e-06,3.0111292416034385e-15,1.1955647569889712e+16
0.0005256791122018419,59148.97029854302,5914897.029854301,2.1345616238573245e-05,3.906598391764624e-11,4.733807593784796e-05,1.64547287657554e-05,8.100336393771232e-06,2.4536560762780356e-15,1.4671982902595138e+16
0.0005479472336900287,66081.95705532776,6608195.705532774,1.9106141481892956e-05,3.5612228306952257e-11,4.119321580077891e-05,1.4331841931895506e-05,8.100336393771232e-06,2.19623081466998e-15,1.6391719740718416e+16
0.0005711586478126435,71366.33393871183,7136633.393871183,1.769141205969387e-05,3.3215012656242097e-11,3.722504249877913e-05,1.2958555371137454e-05,8.100336393771232e-06,2.0336091595127373e-15,1.7702516647115112e+16
0.000595353313081437,75851.28153679942,7585128.153679941,1.664535120987939e-05,3.131581330804646e-11,3.424171777808047e-05,1.192463113584259e-05,8.100336393771232e-06,1.9133655679660257e-15,1.8815014026968852e+16
0.0006205728806776501,79806.78941161446,7980678.941161444,1.5820348496762377e-05,2.973178599813541e-11,3.185661981015822e-05,1.1096950399511982e-05,8.100336393771232e-06,1.8185323761124496e-15,1.9796183160048356e+16
0.0006468607661546328,83354.80356283228,8335480.356283228,1.5146952148327586e-05,2.8376364334938007e-11,2.98858997965655e-05,1.0412635597189639e-05,8.100336393771232e-06,1.741126176000285e-15,2.067627291819781e+16
0.0006742622241778342,86559.28766124103,8655928.766124101,1.458620160832045e-05,2.7200874793417146e-11,2.822547998607857e-05,9.836289155312687e-06,8.100336393771232e-06,1.67666849277452e-15,2.147114957735495e+16
0.0007028244264308353,89456.41788969813,8945641.788969813,1.4113813750694182e-05,2.6174999977822864e-11,2.681109668891966e-05,9.345853726371482e-06,8.100336393771232e-06,1.6223680067042182e-15,2.218978668910804e+16
0.000732596542821523,92067.43686206566,9206743.686206564,1.3713548067934546e-05,2.5278511268788798e-11,2.5605097088206025e-05,8.926967453619654e-06,8.100336393771232e-06,1.5763578885772935e-15,2.2837453512851068e+16
0.0007636298261282241,94405.03249656271,9440503.24965627,1.3373982165044399e-05,2.4497214614278023e-11,2.4576911866482814e-05,8.569217560560313e-06,8.100336393771232e-06,1.5373251461344855e-15,2.341729730403481e+16
0.0007959777002314986,96476.87296618667,9647687.296618666,1.3086775950356247e-05,2.3820746775181654e-11,2.370118942228748e-05,8.26469085268084e-06,8.100336393771232e-06,1.5043110946337873e-15,2.3931220163448916e+16
0.0008296958520834907,98287.73751957752,9828773.75195775,1.2845663688697483e-05,2.3241282075791098e-11,2.2962334273661724e-05,8.007703870213508e-06,8.100336393771232e-06,1.4765954944247346e-15,2.4380407590248816e+16
0.0008648423275731727,99840.88673630245,9984088.673630243,1.2645833407250695e-05,2.275272714325703e-11,2.234781229285249e-05,7.793822121975208e-06,8.100336393771232e-06,1.4536252143065049e-15,2.476566837565134e+16
0.0009014776314524918,101138.98649581727,10113898.649581727,1.2483526527643041e-05,2.2350195441978578e-11,2.184703893649089e-05,7.619482721588221e-06,8.100336393771232e-06,1.4349682096588063e-15,2.508766379469811e+16
0.000939664831495469,102184.74995777206,10218474.995777205,1.235576953920448e-05,2.20296513626839e-11,2.1451808273188304e-05,7.481862017198504e-06,8.100336393771232e-06,1.4202826785658793e-15,2.5347066850347536e+16
0.0009794696670695395,102981.38835788064,10298138.835788064,1.2260188379979712e-05,2.1787661995822765e-11,2.1155511158392235e-05,7.378678103588291e-06,8.100336393771232e-06,1.409295725109565e-15,2.5544674094006212e+16
0.0010209606623060466,103532.92340923024,10353292.340923022,1.2194876560270146e-05,2.1621220141973738e-11,2.095274454971687e-05,7.30805964180229e-06,8.100336393771232e-06,1.4017882003095285e-15,2.568148311710061e+16
0.0010642092440647246,103844.39369725925,10384439.369725922,1.215829931638177e-05,2.1527616176550815e-11,2.083916847857441e-05,7.268479285204236e-06,8.100336393771232e-06,1.397583684697651e-15,2.575874374763335e+16
0.0011092898648952228,103921.9762843526,10392197.628435258,1.2149222580648425e-05,2.1504344505263794e-11,2.0810972693119872e-05,7.258653064745618e-06,8.100336393771232e-06,1.3965403234971134e-15,2.5777988214369244e+16
0.0011562801312073755,103773.03859934586,10377303.859934585,1.2166659451633567e-05,2.1549035204422248e-11,2.0865134314441785e-05,7.27752824835231e-06,8.100336393771232e-06,1.398544673428537e-15,2.574104401809767e+16
0.0012052609368708425,103406.13234959623,10340613.234959621,1.2209829264583227e-05,2.165940443645423e-11,2.099918608704521e-05,7.3242349523769e-06,8.100336393771232e-06,1.403506997901714e-15,2.565003242151347e+16
0.0012563166024741215,102830.93941213649,10283093.941213647,1.2278125903714668e-05,2.1833219129278398e-11,2.121115837092135e-05,7.39805756146394e-06,8.100336393771232e-06,1.4113576245466079e-15,2.550735502744376e+16
0.0013095350204826678,102058.17870802678,10205817.870802676,1.2371093006778952e-05,2.206827264085814e-11,2.149926238970216e-05,7.498386588827519e-06,8.100336393771232e-06,1.4220440950039674e-15,2.5315670678903644e+16
0.0013650078065460137,101099.48250391509,10109948.250391508,1.2488404387733372e-05,2.2362368950616944e-11,2.186211110368208e-05,7.6247304061523215e-06,8.100336393771232e-06,1.4355289145321677e-15,2.507786477552926e+16
0.001422830457214352,99967.25015483984,9996725.015483983,1.2629848464810853e-05,2.271331347996098e-11,2.22985581509293e-05,7.776676367920067e-06,8.100336393771232e-06,1.4517877620302101e-15,2.4797012994280144e+16
0.0014831025143361043,98674.48685117466,9867448.685117465,1.2795315802389058e-05,2.311890903894672e-11,2.2807718627437688e-05,7.953895470360424e-06,8.100336393771232e-06,1.470808057988714e-15,2.4476341290398508e+16
0.0015459277364194785,97234.63438297996,9723463.438297994,1.2984789102271444e-05,2.357695568406144e-11,2.3389008439080068e-05,8.156131956448323e-06,8.100336393771232e-06,1.4925878139982291e-15,2.4119183918275452e+16
0.0016114142772530198,95661.40025989007,9566140.025989005,1.319833514321712e-05,2.4085253490439606e-11,2.4041980787843352e-05,8.38318757551735e-06,8.100336393771232e-06,1.5171347062066923e-15,2.3728941044405464e+16
0.0016796748720926532,93968.59073085032,9396859.07308503,1.3436098286456034e-05,2.464160741427082e-11,2.4765488183212087e-05,8.634837685280441e-06,8.100336393771232e-06,1.5444653287852476e-15,2.3309037327704024e+16
0.0017508270317357234,92169.95236358217,9216995.236358216,1.3698295252654689e-05,2.5243833562589714e-11,2.5558998154934488e-05,8.91094374172473e-06,8.100336393771232e-06,1.5746045935459632e-15,2.2862882623077492e+16
0.0018249932448161524,90279.0259081012,9027902.59081012,1.3985210941295382e-05,2.5889766307347446e-11,2.642415252360018e-05,9.211585846378317e-06,8.100336393771232e-06,1.6075852493838849e-15,2.2393835732069064e+16
0.0019023011886689458,88309.01522514272,8830901.52251427,1.4297195112872193e-05,2.6577265784289997e-11,2.736180534123623e-05,9.53678103753689e-06,8.100336393771232e-06,1.643447500898961e-15,2.1905171890375628e+16
0.001982883949127071,86272.67315012388,8627267.315012388,1.463465979201148e-05,2.7304225408046333e-11,2.8369879205735582e-05,9.88635176017361e-06,8.100336393771232e-06,1.6822387098874853e-15,2.1400054456247664e+16
0.0020668802496290823,84182.2053215135,8418220.532151349,1.499807727865268e-05,2.806857911486078e-11,2.9446982455192967e-05,1.0260222226197816e-05,8.100336393771232e-06,1.7240131667294249e-15,2.0881511054984896e+16
0.002154434690031882,82049.19225605938,8204919.225605937,1.5387978676977465e-05,2.8868308114685825e-11,3.05941250935162e-05,1.0658526821567514e-05,8.100336393771232e-06,1.7688319212903779e-15,2.035241424959003e+16
0.002245697995539774,79884.52931993885,7988452.931993885,1.5804952869445446e-05,2.9701446995533574e-11,3.1811799313405047e-05,1.108139388316689e-05,8.100336393771232e-06,1.8167626649880624e-15,1.9815466650530576e+16
0.0023408272761782944,77698.3837332189,7769838.373321889,1.6249645877249707e-05,3.056608907553997e-11,3.310181669584711e-05,1.1529080146534477e-05,8.100336393771232e-06,1.8678796572773522e-15,1.9273190250636444e+16
0.00243998629725955,75500.16735565852,7550016.735565851,1.6722760559614047e-05,3.146039094256961e-11,3.446397263959573e-05,1.2001718652660368e-05,8.100336393771232e-06,1.9222636910848115e-15,1.872791967458104e+16
0.002543345761304648,73298.52372894617,7329852.372894616,1.7225056613259828e-05,3.238257615786356e-11,3.590002321671098e-05,1.2499634755238114e-05,8.100336393771232e-06,1.98000209274741e-15,1.818179896469056e+16
0.0026510836019085363,71101.32768314998,7110132.768314998,1.7757350840562124e-05,3.3330938129770985e-11,3.741191919664943e-05,1.3023204057339831e-05,8.100336393771232e-06,2.0411887528367933e-15,1.763678148332343e+16
0.00276338529005317,68915.69573950664,6891569.573950663,1.8320517660763953e-05,3.430384218665074e-11,3.8998951420800144e-05,1.3572638526594166e-05,8.100336393771232e-06,2.1059241849228137e-15,1.7094632493296278e+16
0.002880444153396298,66748.00554212082,6674800.554212081,1.891548984340409e-05,3.529972689527359e-11,4.066229165032822e-05,1.4148311769074156e-05,8.100336393771232e-06,2.174315609880286e-15,1.6556933977943572e+16
0.003002461709085549,64603.922611760114,6460392.261176011,1.9543259447060812e-05,3.63171046832383e-11,4.2406817953221485e-05,1.475096825964002e-05,8.100336393771232e-06,2.246477063796592e-15,1.6025091277432972e+16
0.0031296480106707504,62488.43282046566,6248843.282046566,2.0204878949787968e-05,3.7354561831771396e-11,4.4230749628839304e-05,1.538084767573592e-05,8.100336393771232e-06,2.3225295279141165e-15,1.5500341144136888e+16
0.00326222200971167,60405.87912227261,6040587.91222726,2.090146256035427e-05,3.84107579095272e-11,4.613348253634762e-05,1.6038350511166876e-05,8.100336393771232e-06,2.402601079355816e-15,1.498376085373786e+16
0.0034004119327037063,58360.00123084546,5836000.123084545,2.1634187701698504e-05,3.948442471932864e-11,4.811764072283687e-05,1.6724144002156202e-05,8.100336393771232e-06,2.486827061646835e-15,1.4476278047320248e+16
0.0035444556739704356,56353.977099215124,5635397.709921512,2.2404296659961043e-05,4.05743648288009e-11,5.018697146564365e-05,1.743904868269841e-05,8.100336393771232e-06,2.5753502742689376e-15,1.3978681020475666e+16
0.0036946012051993025,54390.4652219777,5439046.522197769,2.321309839411515e-05,4.167944975311474e-11,5.234494234597105e-05,1.8183913003280832e-05,8.100336393771232e-06,2.668321180675718e-15,1.349162921642119e+16
0.003851107002325569,52471.646940150524,5247164.694015052,2.406197050265189e-05,4.2798617854052357e-11,5.459671533925933e-05,1.8959760119530987e-05,8.100336393771232e-06,2.7658981343609558e-15,1.3015663719776716e+16
0.004014242490499322,50599.26807896907,5059926.8078969065,2.4952361345010006e-05,4.3930872014746656e-11,5.6938331878457085e-05,1.9766940551991475e-05,8.100336393771232e-06,2.8682476227147446e-15,1.2551217584877364e+16
0.004184288507901585,48774.679386322125,4877467.938632212,2.5885792316525797e-05,4.507527714406966e-11,5.937812510710426e-05,2.060683266157178e-05,8.100336393771232e-06,2.9755445285265828e-15,1.2098625866582586e+16
0.004361537789208006,46998.8753625902,4699887.53625902,2.6863860276632022e-05,4.623095755902736e-11,6.192046926984491e-05,2.1480593554693224e-05,8.100336393771232e-06,3.0879724091042724e-15,1.1658135252070636e+16
0.0045462954695324,45272.53118067224,4527253.118067224,2.78882401308828e-05,4.73970942878756e-11,6.456210855460474e-05,2.238874103826593e-05,8.100336393771232e-06,3.205723793074962e-15,1.1229913218901632e+16
0.004738879609717651,43596.03748801237,4359603.748801237,2.8960687568145072e-05,4.85729223311691e-11,6.730622460287895e-05,2.333241157561647e-05,8.100336393771232e-06,3.329000495022418e-15,1.0814056667707876e+16
0.004939621743878321,41969.53296108407,4196953.296108407,3.0083041954986157e-05,4.975772791270837e-11,7.015586899744946e-05,2.431272822484433e-05,8.100336393771232e-06,3.4580139481938225e-15,1.0410599997378088e+16
0.005148867450137497,40392.934548017576,4039293.4548017574,3.12572293899214e-05,5.09508457474458e-11,7.312214894905693e-05,2.5331594562347935e-05,8.100336393771232e-06,3.5929855555823174e-15,1.0019522606782498e+16
0.005366976945540476,38865.96538808704,3886596.5388087034,3.2485265920770414e-05,5.215165634889765e-11,7.620813978482982e-05,2.6390236598892554e-05,8.100336393771232e-06,3.734147059758713e-15,9640755820239762.0
0.005594325706169377,37388.180438923606,3738818.04389236,3.376926092891767e-05,5.3359583394513947e-11,7.941522102380295e-05,2.748988962380128e-05,8.100336393771232e-06,3.8817409318886715e-15,9274189244382186.0
0.005831305113526219,35958.98987495076,3595898.987495076,3.511142068478906e-05,5.457409116379002e-11,8.27542783345151e-05,2.8632550951066355e-05,8.100336393771232e-06,4.036020780430997e-15,8919676572169594.0
0.00607832312829723,34577.680344975066,3457768.0344975065,3.651405207934798e-05,5.579468206065517e-11,8.621910582376508e-05,2.981890179606938e-05,8.100336393771232e-06,4.197251780069163e-15,8577040855863736.0
0.006335804992658254,33243.43419436237,3324343.4194362373,3.797956653688869e-05,5.702089422883248e-11,8.981767997776394e-05,3.105077432482576e-05,8.100336393771232e-06,4.3657111214827906e-15,8246079275115389.0
0.006604193962330305,31955.346768948413,3195534.6768948413,3.9510484114862726e-05,5.825229926639904e-11,9.355420048504308e-05,3.232984754319784e-05,8.100336393771232e-06,4.541688482618368e-15,7926567429223002.0
0.0068839520696454964,30712.44192480646,3071244.1924806456,4.1109437796923824e-05,5.948850004366648e-11,9.744111902363534e-05,3.3658505321851456e-05,8.100336393771232e-06,4.725486522170239e-15,7618263184351767.0
0.007175560918936921,29513.68587114835,2951368.5871148347,4.277917798582102e-05,6.072912862671393e-11,0.00010147347013203287,3.503768787590665e-05,8.100336393771232e-06,4.9174213960339275e-15,7320910107284128.0
0.007479522515621821,28357.9994737708,2835799.9473770796,4.452257720320709e-05,6.197384430740575e-11,0.00010567606379466917,3.64709026524309e-05,8.100336393771232e-06,5.1178232975441555e-15,7034240517306450.0
0.0077963601304052365,27244.26914425479,2724426.914425479,4.6342635003872535e-05,6.322233173949057e-11,0.00011004158563025524,3.795913117694139e-05,8.100336393771232e-06,5.327037022360868e-15,6757978187289809.0
0.008126619200091945,26171.356436173097,2617135.643617309,4.8242483112353565e-05,6.447429917936497e-11,0.00011458029254470568,3.9504777153522e-05,8.100336393771232e-06,5.545422558916893e-15,6491840724042382.0
0.008470868266557402,25138.10646433083,2513810.646433083,5.0225390790311286e-05,6.572947682927874e-11,0.00011927979107353461,4.1108455996599225e-05,8.100336393771232e-06,5.773355705392524e-15,6235541656713563.0
0.008829699955494083,24143.355256963005,2414335.5256963,5.2294770443529705e-05,6.698761528012108e-11,0.00012417000360786756,4.2774316618489924e-05,8.100336393771232e-06,6.0112287142340286e-15,5988792260516616.0
0.00920373199661822,23185.93614415706,2318593.6144157057,5.44541834778424e-05,6.824848405044279e-11,0.0001292535746476293,4.45044478746287e-05,8.100336393771232e-06,6.259450965286243e-15,5751303141385617.0
0.009593608287093146,22264.68527881866,2226468.527881866,5.670734641376692e-05,6.951187021801067e-11,0.0001345321465234784,4.63008114156341e-05,8.100336393771232e-06,6.518449668663342e-15,5522785605458556.0
0.01,21378.446379454,2137844.6379453996,5.9058137270109345e-05,7.077757713994066e-11,0.00014002521271397754,4.816697938278122e-05,8.100336393771232e-06,6.788670598537466e-15,5302952835530973.0
0.01042360673976401,20526.074777059664,2052607.4777059662,6.151060222729677e-05,7.204542325729753e-11,0.00014573802856011122,5.010531087847891e-05,8.100336393771232e-06,7.070578859081746e-15,5091520894892517.0
0.010865157746525383,19706.440841607204,1970644.08416072,6.406896258170255e-05,7.331524097996223e-11,0.00015167611865445313,5.21183243277977e-05,8.100336393771232e-06,7.36465968386266e-15,4888209577271127.0
0.011325413151528114,18918.432857066586,1891843.2857066584,6.673762200275797e-05,7.458687564754815e-11,0.00015783074109948443,5.420753958453497e-05,8.100336393771232e-06,7.67141927003739e-15,4692743119986525.0
0.011805165285688056,18160.959407692946,1816095.9407692943,6.952117410518762e-05,7.586018456217425e-11,0.00016422309328105434,5.637696087989908e-05,8.100336393771232e-06,7.99138564877425e-15,4504850795871906.0
0.012305240043592616,17432.95133244191,1743295.1332441908,7.242441034926083e-05,7.713503608896807e-11,0.0001708760626810213,5.863076781921759e-05,8.100336393771232e-06,8.325109593378296e-15,4324267398069332.0
0.012826498305280598,16733.363298897595,1673336.3298897592,7.545232828254233e-05,7.841130882027479e-11,0.0001777829346621507,6.0970808182816365e-05,8.100336393771232e-06,8.673165566671852e-15,4150733630444721.5
0.013369837418249465,16061.175043010606,1606117.5043010605,7.861014013721888e-05,7.968889079966708e-11,0.00018497423892029348,6.340224821841215e-05,8.100336393771232e-06,9.036152709248153e-15,3983996415106552.5
0.013936192742241421,15415.392316242467,1541539.2316242466,8.19032817977104e-05,8.096767880199492e-11,0.00019244108967803348,6.592681427466564e-05,8.100336393771232e-06,9.414695870288765e-15,3823809127346332.5
0.014526539259467812,14795.047577394947,1479504.7577394946,8.533742215391881e-05,8.224757766586635e-11,0.0002002122866700731,6.85495339593242e-05,8.100336393771232e-06,9.809446682709702e-15,3669931767247811.5
0.01514189325304352,14199.20046245209,1419920.046245209,8.891847285614209e-05,8.352849967511241e-11,0.00020828628365442373,7.127318139621378e-05,8.100336393771232e-06,1.0221084684478502e-14,3522131076231934.0
0.01578331405652118,13626.93806216072,1362693.8062160718,9.265259848838485e-05,8.481036398595904e-11,0.00021665554965265255,7.410012682275426e-05,8.100336393771232e-06,1.0650318488025532e-14,3380180605911069.5
0.016451905877536626,13077.375033806336,1307737.5033806334,9.654622717751784e-05,8.609309609679439e-11,0.00022535550119999795,7.703624188811239e-05,8.100336393771232e-06,1.1097886999755702e-14,3243860745815169.5
0.01714881969870539,12549.653570678734,1254965.3570678732,0.00010060606165650368,8.737662735759318e-11,0.00023439209838901993,8.0085108937327e-05,8.100336393771232e-06,1.1564560691754606e-14,3112958715817677.0
0.017875255259042353,12042.943250049431,1204294.325004943,0.00010483909080068813,8.866089451622405e-11,0.0002438175907546741,8.325438515153503e-05,8.100336393771232e-06,1.2051142927873003e-14,2987268528426118.0
0.018632463119315597,11556.44077807497,1155644.0778074968,0.00010925260165697668,8.994583929903046e-11,0.0002535792445925399,8.654305604138314e-05,8.100336393771232e-06,1.2558471346468019e-14,2866590925505017.5
0.019421746814890263,11089.369647876978,1108936.9647876977,0.0001138541919865735,9.123140802323531e-11,0.0002637251037887858,8.995855649815463e-05,8.100336393771232e-06,1.3087419302177739e-14,2750733293462189.5
0.020244465099768037,10640.979725111267,1064097.9725111264,0.00011865178334284106,9.25175512388716e-11,0.00027431673056587356,9.350944439385672e-05,8.100336393771232e-06,1.363889736920738e-14,2639509560448590.0
0.021102034285685942,10210.546773602688,1021054.6773602685,0.00012365363470677104,9.380422339809037e-11,0.0002852953750513083,9.71949847379804e-05,8.100336393771232e-06,1.42138549087123e-14,2532740078691390.5
0.021995930680300747,9797.371932073802,979737.1932073801,0.00012886835670351232,9.50913825498365e-11,0.0002966869526150431,0.00010102111015015243,8.100336393771232e-06,1.4813281702972902e-14,2430251494695811.5
0.022927693128656487,9400.78115161354,940078.1151613541,0.00013430492642441312,9.63789900580189e-11,0.0003085156485705397,0.00010499382764332341,8.100336393771232e-06,1.5438209659172727e-14,2331876609708453.5
0.023898925662310503,9020.124602303533,902012.4602303533,0.0001399727028800727,9.766701034142745e-11,0.0003208252601644611,0.00010912095704753864,8.100336393771232e-06,1.608971458571048e-14,2237454232530150.0
0.024911300260677883,8654.77605632738,865477.6056327379,0.0001458814431109883,9.89554106337702e-11,0.00033362172837936337,0.00011340725466079681,8.100336393771232e-06,1.6768918044101878e-14,2146829026495377.2
0.025966559729348696,8304.132253919113,830413.2253919113,0.00015204131898352162,1.0024416076231883e-10,0.0003469043115278272,0.0001178572317776061,8.100336393771232e-06,1.7476989279658304e-14,2059851352194904.2
0.027066520700332414,7967.612257649405,796761.2257649404,0.0001584629347000815,1.015332329437552e-10,0.0003607055514825198,0.00012247840742040712,8.100336393771232e-06,1.8215147234263826e-14,1976377107305603.8
0.028213076759394707,7644.656799788592,764465.6799788591,0.00016515734505365655,1.0282260159591421e-10,0.000375104281235952,0.0001272818753790368,8.100336393771232e-06,1.8984662644714493e-14,1896267564702960.0
0.029408201705870638,7334.727626815098,733472.7626815097,0.000172136074458119,1.0411224316421254e-10,0.0003900522390987795,0.00013226900831776438,8.100336393771232e-06,1.978686023023166e-14,1819389209865486.5
0.030653952950565267,7037.306844547335,703730.6844547334,0.00017941113678704166,1.0540213596163882e-10,0.00040553649823084353,0.00013744401535562188,8.100336393771232e-06,2.062312097291311e-14,1745613578433799.8
0.03195247505759213,6751.896266855702,675189.6266855701,0.0001869950560551835,1.0669226002126619e-10,0.00042163587434098493,0.00014281878491398113,8.100336393771232e-06,2.1494884495048e-14,1674817094657740.2
0.03330600343624589,6478.0167704545975,647801.6770454597,0.00019490088797822995,1.0798259696032178e-10,0.00043836954303175485,0.00014840034218037307,8.100336393771232e-06,2.240365153738626e-14,1606880911351649.0
0.034716868189265594,6215.207657871665,621520.7657871664,0.00020314224244790899,1.0927312985492349e-10,0.00045573697811133286,0.00015419455131678668,8.100336393771232e-06,2.3350986542629506e-14,1541690751878019.8
0.0361874981241128,5963.02603034058,596302.603034058,0.00021173330696115612,1.1056384312465602e-10,0.00047381073626174555,0.00016021336562137877,8.100336393771232e-06,2.4338520348588832e-14,1479136754592697.0
0.03772042493416997,5721.046172054811,572104.617205481,0.00022068887104366656,1.1185472242622525e-10,0.0004925867356201519,0.00016646296703190958,8.100336393771232e-06,2.5367952995646387e-14,1419113320108180.2
0.0393182875570577,5488.85894695157,548885.894695157,0.00023002435170987217,1.1314575455548415e-10,0.0005121400690260654,0.0001729559362554383,8.100336393771232e-06,2.6441056653352848e-14,1361518961665060.2
0.040983836717572615,5266.0712089608105,526607.120896081,0.00023975582000316666,1.1443692735717851e-10,0.0005324527589438243,0.00017969753286753627,8.100336393771232e-06,2.7559678671198378e-14,1306256158843473.8
0.042719939663067766,5052.305226450294,505230.52264502936,0.0002499000286620724,1.1572822964181073e-10,0.0005535190129257862,0.00018669462027815035,8.100336393771232e-06,2.8725744758809246e-14,1253231214795918.5
0.044529585099426554,4847.198121421601,484719.81214216,0.0002604744409599614,1.1701965110906427e-10,0.0005753925462587475,0.00019395868938586888,8.100336393771232e-06,2.994126230104343e-14,1202354117139056.8
0.046415888336127774,4650.4013238587,465040.1323858699,0.00027149726076798895,1.1831118227727655e-10,0.0005981215044197954,0.00020150130238542416,8.100336393771232e-06,3.1208323813693047e-14,1153538402604133.0
0.04838209664925957,4461.580041499418,446158.0041499418,0.00028298746389298214,1.196028144184855e-10,0.0006217189489394817,0.0002093313012004175,8.100336393771232e-06,3.2529110545741627e-14,1106701025513061.5
0.050431594871713586,4280.412745186778,428041.27451867773,0.00029496483074423083,1.2089453949861225e-10,0.0006462446091466409,0.00021746164153366577,8.100336393771232e-06,3.390589623437733e-14,1061762230119121.4
0.05256791122018425,4106.59066986019,410659.06698601897,0.0003074499803854206,1.2218635012237723e-10,0.0006718010699732363,0.00022590905350292908,8.100336393771232e-06,3.5341051019226646e-14,1018645426827144.0
0.05479472336900287,3939.817331164139,393981.7331164139,0.00032046440603031745,1.234782394825762e-10,0.0006983100485997637,0.0002346763546663706,8.100336393771232e-06,3.6837045522546e-14,977277072287632.5
0.05711586478126429,3779.8080575816366,377980.80575816357,0.0003340305120433215,1.2477020131337428e-10,0.0007259118876736153,0.00024378346698487814,8.100336393771232e-06,3.839645510239631e-14,937586553341827.9
0.0595353313081437,3626.289537941011,362628.9537941011,0.0003481716525085716,1.2606222984730014e-10,0.000754493806596623,0.0002532312819681052,8.100336393771232e-06,4.0021964286120926e-14,899506074780150.5
0.062057288067765004,3478.9993840949737,347899.9384094974,0.0003629121714340031,1.2735431977564904e-10,0.0007842302796950784,0.0002630435711645324,8.100336393771232e-06,4.171637139175968e-14,862970550864142.4
0.06468607661546327,3337.685708529878,333768.57085298776,0.00037827744465957527,1.2864646621202635e-10,0.0008150796158880603,0.0002732270739331228,8.100336393771232e-06,4.3482593345355405e-14,827917500551869.6
0.06742622241778341,3202.106716629693,320210.6716629693,0.00039429392354179815,1.2993866465878173e-10,0.0008471088050004602,0.0002837976014514886,8.100336393771232e-06,4.5323670702444233e-14,794286946358441.8
0.07028244264308345,3072.030313291621,307203.03132916207,0.0004109891804897738,1.312309109761075e-10,0.0008803939735978868,0.00029477280991397275,8.100336393771232e-06,4.7242772882375565e-14,762021316776479.8
0.0732596542821523,2947.2337235687855,294723.37235687854,0.00042839195643114015,1.3252320135358916e-10,0.0009150463686711798,0.00030617228043685593,8.100336393771232e-06,4.92432036244722e-14,731065352176015.4
0.07636298261282241,2827.50312699854,282750.31269985397,0.00044653221028961864,1.338155322840145e-10,0.000951043749427976,0.00031800634250935103,8.100336393771232e-06,5.132840667542223e-14,701366014099128.6
0.07959777002314986,2712.63330526205,271263.33052620495,0.0004654411705593571,1.351079005392625e-10,0.0009884549454847423,0.0003302921182790316,8.100336393771232e-06,5.350197171769551e-14,672872397861426.5
0.08296958520834907,2602.4273028119073,260242.73028119068,0.00048515138906484183,1.364003031481073e-10,0.0010272910159016188,0.000343044245059187,8.100336393771232e-06,5.576764054918872e-14,645535648370257.6
0.08648423275731718,2496.6961000983883,249669.6100098388,0.0005056967969989265,1.3769273737578532e-10,0.001067586432629853,0.00035627803446486203,8.100336393771232e-06,5.81293135247377e-14,619308879068040.8
0.09014776314524918,2395.2582990216156,239525.82990216152,0.0005271127633354554,1.389852007051858e-10,0.0011094318858561598,0.00037001473123813764,8.100336393771232e-06,6.059105627058696e-14,594147093908241.9
0.0939664831495469,2297.939820235854,229793.98202358535,0.0005494361557170282,1.4027769081953648e-10,0.0011529061661028506,0.00038427435048371333,8.100336393771232e-06,6.315710668337402e-14,570007112271293.1
0.09794696670695395,2204.5736119329745,220457.36119329743,0.0005727054039227302,1.4157020558646502e-10,0.001198040288702808,0.00039907442954837866,8.100336393771232e-06,6.5831882225678e-14,546847496727931.25
0.10209606623060465,2114.999369734581,211499.93697345804,0.0005969605660250913,1.4286274304332782e-10,0.0012449666330561604,0.000414440642181129,8.100336393771232e-06,6.861998753069236e-14,524628483558058.25
0.10642092440647247,2029.0632673262376,202906.3267326237,0.0006222433973501465,1.4415530138370473e-10,0.0012936914206517357,0.00043038930075917705,8.100336393771232e-06,7.152622232911113e-14,503311915934193.3
0.11092898648952228,1946.6176974720877,194661.76974720875,0.0006485974223593384,1.4544787894496832e-10,0.0013444175211414693,0.0004469529113664004,8.100336393771232e-06,7.455558971187773e-14,482861179679794.06
0.11562801312073753,1867.5210230542732,186752.1023054273,0.0006760680095769792,1.4674047419684097e-10,0.001397080933454576,0.00046414180368307777,8.100336393771232e-06,7.771330474301779e-14,463241141514245.6
0.12052609368708427,1791.6373377881305,179163.73377881304,0.0007047024496922888,1.4803308573086274e-10,0.0014517673917941146,0.00048198469110393837,8.100336393771232e-06,8.100480343738603e-14,444418089697937.25
0.125631660247412,1718.8362362716844,171883.62362716842,0.0007345500369704219,1.4932571225069605e-10,0.0015084202315319827,0.000500488753501176,8.100336393771232e-06,8.44357521187779e-14,426359676992725.7
0.13095350204826678,1648.992593035559,164899.25930355585,0.0007656621541126838,1.5061835256320256e-10,0.0015672900239010858,0.0005197013494678217,8.100336393771232e-06,8.801205717452212e-14,409034865854963.06
0.1365007806546014,1581.986350267938,158198.63502679378,0.0007980923607119791,1.519110055702292e-10,0.001628456830457786,0.0005396381669416593,8.100336393771232e-06,9.173987522334091e-14,392413875780383.75
0.1422830457214352,1517.7023138975235,151770.23138975233,0.0008318964854557877,1.5320367026104803e-10,0.001692036438166317,0.0005603388835189426,8.100336393771232e-06,9.562562371398511e-14,376468132722203.06
0.14831025143361043,1456.0299577262595,145602.99577262593,0.0008671327222354003,1.5449634570539738e-10,0.00175800052717971,0.0005818149913893408,8.100336393771232e-06,9.967599197288938e-14,361170220505972.5
0.1545927736419477,1396.8632353124444,139686.32353124444,0.0009038617303268489,1.5578903104707694e-10,0.0018264656956998905,0.0006041014710226025,8.100336393771232e-06,1.0389795271986436e-13,346493834166928.0
0.161141427725302,1340.1003993137242,134010.0399313724,0.0009421467388160164,1.570817254980524e-10,0.0018977927800858105,0.0006272487379166853,8.100336393771232e-06,1.0829877407165312e-13,332413735137772.9
0.16796748720926533,1285.6438280084847,128564.38280084844,0.0009820536554476689,1.58374428333029e-10,0.0019718985527034565,0.000651272199699465,8.100336393771232e-06,1.128860320540125e-13,318905708217072.5
0.17508270317357252,1233.3998587229837,123339.98587229835,0.0010236511800858204,1.5966713888445761e-10,0.002048727561531788,0.0006761951653007216,8.100336393771232e-06,1.176676236438624e-13,305946520250626.1
0.18249932448161524,1183.2786279004963,118327.86279004962,0.001067010922980718,1.609598565379372e-10,0.0021283676177855405,0.0007020452358333076,8.100336393771232e-06,1.2265178036395108e-13,293513880460400.2
0.1902301188668944,1135.1939175573905,113519.39175573904,0.0011122075280460937,1.6225258072798426e-10,0.002211103754538786,0.0007288763309693283,8.100336393771232e-06,1.2784708245344514e-13,281586402357748.1
0.19828839491270714,1089.0630078797951,108906.30078797949,0.0011593188013588487,1.6354531093413828e-10,0.0022969981366929362,0.0007567153045049545,8.100336393771232e-06,1.3326247363883277e-13,270143567179812.4
0.2066880249629082,1044.8065357228836,104480.65357228834,0.0012084258451024285,1.6483804667737752e-10,0.0023863329631286143,0.0007856178556352343,8.100336393771232e-06,1.389072765305735e-13,259165688790078.66
0.21544346900318845,1002.3483587831798,100234.83587831797,0.001259613197184449,1.6613078751681996e-10,0.002479012200415113,0.000815600160135109,8.100336393771232e-06,1.44791208671997e-13,248633879986129.97
0.2245697995539774,961.6154252224036,96161.54252224034,0.0013129689767689173,1.674235330466866e-10,0.0025752015991623955,0.0008467104070264683,8.100336393771232e-06,1.5092439926807849e-13,238530020159664.4
0.2340827276178292,922.5376485292791,92253.7648529279,0.0013685850359736245,1.6871628289350708e-10,0.0026752537310226246,0.0008790042098695962,8.100336393771232e-06,1.573174066228941e-13,228836724255795.1
0.243998629725955,885.0477874135463,88504.77874135462,0.0014265571179938096,1.7000903671354735e-10,0.002779223382198456,0.0009125198514994344,8.100336393771232e-06,1.6398123631576886e-13,219537312980595.84
0.25433457613046484,849.0813305338929,84908.13305338929,0.0014869850219243138,1.7130179419044198e-10,0.0028871567610756774,0.0009472954441560263,8.100336393771232e-06,1.7092736014741034e-13,210615784207707.03
0.2651083601908539,814.5763858688537,81457.63858688535,0.0015499727745640045,1.7259455503301533e-10,0.0029990034244685485,0.0009833612840214401,8.100336393771232e-06,1.7816773588864524e-13,202056785536636.03
0.27633852900531697,781.4735745468826,78147.35745468824,0.0016156288094981792,1.7388731897327593e-10,0.003115096457528101,0.0010207799095217581,8.100336393771232e-06,1.8571482786575318e-13,193845587957161.72
0.28804441533962977,749.7159289586551,74971.5928958655,0.0016840661537672811,1.7518008576457067e-10,0.00323564187130343,0.00105960377699533,8.100336393771232e-06,1.9358162841783867e-13,185968060575951.72
0.30024617090855493,719.2487949813882,71924.8794981388,0.0017554026224432362,1.764728551798855e-10,0.003360824077469543,0.0010998880104469396,8.100336393771232e-06,2.0178168026317604e-13,178410646363171.3
0.312964801067075,690.0197381513874,69001.97381513873,0.001829761021448438,1.777656270102823e-10,0.0034908030377476585,0.001141684079926035,8.100336393771232e-06,2.1032909981303742e-13,171160338878455.62
0.326222200971167,661.9784536273614,66197.84536273615,0.0019072693589664606,1.7905840106345936e-10,0.0036258567390983266,0.0011850570251438354,8.100336393771232e-06,2.1923860147313174e-13,164204659937186.72
0.34004119327037063,635.0766797930441,63507.66797930441,0.001988061065808474,1.8035117716242656e-10,0.00376608237591644,0.0012300564271038347,8.100336393771232e-06,2.285255229744915e-13,157531638179506.1
0.3544455673970435,609.2681153535152,60926.81153535152,0.0020722752251147846,1.8164395514428684e-10,0.003911541818206749,0.0012767326906585896,8.100336393771232e-06,2.382058517774227e-13,151129788505943.44
0.3694601205199302,584.5083397853188,58450.83397853187,0.002160056811786792,1.829367348591135e-10,0.004063009353365803,0.0013251917828908237,8.100336393771232e-06,2.4829625259395557e-13,144988092344960.25
0.3851107002325569,560.7547370058351,56075.473700583505,0.002251556942061692,1.842295161689177e-10,0.004219825804350429,0.0013754321277730833,8.100336393771232e-06,2.58814096076194e-13,139095978719032.83
0.4014242490499322,537.9664221326938,53796.64221326936,0.0023469331336594887,1.8552229894669812e-10,0.004382520383145612,0.0014275453997109752,8.100336393771232e-06,2.6977748871993974e-13,133443306077224.88
0.418428850790158,516.1041712090476,51610.417120904756,0.0024463495769501595,1.868150830755657e-10,0.004551472542004068,0.001481612138151458,8.100336393771232e-06,2.812053040350721e-13,128020344863445.61
0.43615377892080054,495.1303537754087,49513.035377540866,0.0025499774176078265,1.881078684479389e-10,0.004726804585481038,0.001537694857007613,8.100336393771232e-06,2.9311721503634717e-13,122817760790801.48
0.4546295469532399,475.00886817346776,47500.88681734677,0.0026579950512384755,1.8940065496480205e-10,0.004908761216222663,0.0015958686634854047,8.100336393771232e-06,3.0553372811054316e-13,117826598793620.19
0.4738879609717651,455.7050794718176,45570.50794718176,0.0027705884304885134,1.9069344253502404e-10,0.00509769048627513,0.001656218271063386,8.100336393771232e-06,3.184762183182655e-13,113038267629841.75
0.4939621743878321,437.185759907913,43718.575990791294,0.0028879513851627035,1.9198623107472996e-10,0.005294168238876728,0.0017188485346686952,8.100336393771232e-06,3.3196696619116536e-13,108444525107564.95
0.5148867450137492,419.4190317447283,41941.90317447282,0.003010285955902705,1.9327902050672325e-10,0.0054978115189418175,0.0017837913881666532,8.100336393771232e-06,3.460291960879367e-13,104037463910563.47
0.5366976945540476,402.3743124446609,40237.43124446609,0.003137802742000608,1.9457181075995461e-10,0.005709301752286187,0.0018511634816815157,8.100336393771232e-06,3.606871161751142e-13,99809497998597.61
0.5594325706169377,386.02226206710327,38602.22620671032,0.0032707212639461465,1.958646017690318e-10,0.005929282846751114,0.0019210809503662969,8.100336393771232e-06,3.7596596010149425e-13,95753349559310.06
0.5831305113526225,370.3347327998175,37033.47327998174,0.003409270341331831,1.9715739347376964e-10,0.006156913770576449,0.001993548473713803,8.100336393771232e-06,3.9189203043793095e-13,91862036489414.62
0.6078323128297229,355.2847205378687,35528.47205378686,0.0035536884867664693,1.9845018581877508e-10,0.006393189412984495,0.0020687147887204723,8.100336393771232e-06,4.084927439572793e-13,88128860383784.27
0.6335804992658247,340.8463184272942,34084.63184272942,0.0037042243164753,1.9974297875306595e-10,0.006638436048926524,0.0021466790494189133,8.100336393771232e-06,4.257966788324487e-13,84547395011894.94
0.6604193962330305,326.99467229403865,32699.46722940386,0.003861136978293466,2.010357722297196e-10,0.006892975211119214,0.002227543332574181,8.100336393771232e-06,4.4383362383380025e-13,81111475261911.92
0.6883952069645496,313.7059378818403,31370.593788184025,0.00402469659778969,2.0232856620554952e-10,0.007157096920151786,0.0023114065854671416,8.100336393771232e-06,4.626346296105937e-13,77815186533489.12
0.7175560918936928,300.9572398258329,30095.723982583288,0.004195184743288214,2.03621360640808e-10,0.007431321435236361,0.0023983922539523956,8.100336393771232e-06,4.822320621447687e-13,74652854561115.03
0.7479522515621821,288.7266322915796,28872.66322915796,0.004372894910589402,2.0491415549891248e-10,0.007716041842866661,0.002488617982745801,8.100336393771232e-06,5.026596584690664e-13,71619035650571.19
0.7796360130405229,276.9930612120672,27699.30612120671,0.0045581330282235336,2.062069507461931e-10,0.008011581701326652,0.0025821961467027916,8.100336393771232e-06,5.239525847454207e-13,68708507311767.09
0.8126619200091946,265.7363280579101,26573.632805791007,0.0047512179841076255,2.074997463516612e-10,0.008318208428064515,0.002679234808998189,8.100336393771232e-06,5.461474968036047e-13,65916259271889.78
0.8470868266557402,254.93705507863507,25493.705507863506,0.004952482174511773,2.0879254228679535e-10,0.008636985583736191,0.002779913998774679,8.100336393771232e-06,5.692826032443324e-13,63237484853456.945
0.8829699955494091,244.57665195539465,24457.665195539463,0.005162272076280328,2.1008533852534557e-10,0.008967156836770337,0.0028842740119315925,8.100336393771232e-06,5.933977312154794e-13,60667572702477.0
0.9203731996618221,234.6372838079057,23463.728380790566,0.005380948843292595,2.113781350431517e-10,0.009309557394336067,0.00299247932869825,8.100336393771232e-06,6.185343949746113e-13,58202098852526.51
0.9593608287093147,225.10184050067016,22510.184050067015,0.005608888928190294,2.1267093181797758e-10,0.009664809457342423,0.0031046832227112353,8.100336393771232e-06,6.447358673559003e-13,55836819111116.18
1.0,215.95390719579723,21595.39071957972,0.005846484730441765,2.1396372882935763e-10,0.010033475823545922,0.0032210383846638995,8.100336393771232e-06,6.72047254264421e-13,53567661755278.28
1.042360673976401,207.17773610184844,20717.773610184842,0.006094145271858687,2.152565260584558e-10,0.010416123686811985,0.0033417037216976505,8.100336393771232e-06,7.005155723260858e-13,51390720523829.016
1.0865157746525373,198.7582193701807,19875.82193701807,0.006352296900728259,2.165493234879359e-10,0.010813335131685043,0.0034668377599581936,8.100336393771232e-06,7.30189829826896e-13,49302247894269.39
1.1325413151528125,190.680863092227,19068.086309222697,0.0066213840257729265,2.1784212110184232e-10,0.011225198599797976,0.003596566778360998,8.100336393771232e-06,7.611211110808388e-13,47298648632775.13
1.1805165285688055,182.93176235303744,18293.176235303745,0.0069018698812011,2.1913491888548956e-10,0.011652703574563189,0.003731094394492714,8.100336393771232e-06,7.9336266437166e-13,45376473606193.53
1.2305240043592616,175.4975772982011,17549.757729820107,0.00719423732416623,2.2042771682536193e-10,0.012096833762559576,0.0038706265662027863,8.100336393771232e-06,8.269699936199446e-13,43532413845410.61
1.2826498305280598,168.3655101730283,16836.551017302827,0.007498989666006589,2.217205149090196e-10,0.012557668174881673,0.004015299299651773,8.100336393771232e-06,8.620009539332526e-13,41763294849888.99
1.3369837418249453,161.5232832945126,16152.328329451258,0.007816651538697143,2.230133131250135e-10,0.013035616484408381,0.0041652848716625815,8.100336393771232e-06,8.98515851203847e-13,40066071123582.945
1.3936192742241436,154.95911791820978,15495.911791820978,0.008147769798004878,2.2430611146280614e-10,0.013530723386740101,0.00432073118880481,8.100336393771232e-06,9.365775459254483e-13,38437820932838.81
1.4526539259467812,148.66171396369597,14866.171396369597,0.008492914464902466,2.2559890991269903e-10,0.014044404244473412,0.004481897447024199,8.100336393771232e-06,9.762515614077406e-13,36875741277267.234
1.514189325304352,142.6202305637417,14262.023056374168,0.008852679706860954,2.2689170846576605e-10,0.014577287752141305,0.004648984124068177,8.100336393771232e-06,1.0176061965749324e-12,35377143064939.18
1.5783314056521165,136.82426740375755,13682.426740375753,0.009227684860710557,2.2818450711379165e-10,0.015130198121243834,0.004822215765889248,8.100336393771232e-06,1.0607126435425258e-12,33939446483609.965
1.6451905877536608,131.26384681941065,13126.384681941063,0.009618575498830832,2.294773058492147e-10,0.015703999589854606,0.005001827148199143,8.100336393771232e-06,1.1056451101747525e-12,32560176560008.508
1.7148819698705409,125.92939662163009,12592.939662163008,0.010026024540505123,2.3077010466507612e-10,0.01629911140214212,0.005188016161887765,8.100336393771232e-06,1.152480947833596e-12,31236958899556.535
1.7875255259042355,120.81173361945217,12081.173361945215,0.010450733410352924,2.3206290355497065e-10,0.01691625986092802,0.005381008319538762,8.100336393771232e-06,1.2013007845393687e-12,29967515599187.746
1.8632463119315599,115.9020478123618,11590.204781236178,0.010893433245834368,2.3335570251300343e-10,0.017556689073775267,0.005581091979119988,8.100336393771232e-06,1.2521886637720806e-12,28749661326236.547
1.9421746814890244,111.19188722494245,11119.188722494244,0.011354886155905157,2.3464850153374873e-10,0.018222057379290883,0.005788588912654363,8.100336393771232e-06,1.305232189152496e-12,27581299556652.26
2.024446509976802,106.67314335773568,10667.314335773566,0.011835886532989354,2.35941300612213e-10,0.018911918682531316,0.006003654390670319,8.100336393771232e-06,1.360522675252023e-12,26460418966064.91
2.1102034285685964,102.33803722928677,10233.803722928677,0.012337262420527914,2.372340997438003e-10,0.01962694252258705,0.006226540320809632,8.100336393771232e-06,1.4181553047909728e-12,25385089967495.61
2.1995930680300746,98.17910598535467,9817.910598535465,0.012859876938457799,2.3852689892428056e-10,0.02036790938774886,0.006457518305674884,8.100336393771232e-06,1.4782292924958828e-12,24353461389752.75
2.292769312865649,94.18919005224949,9418.919005224947,0.013404629769075214,2.398196981497606e-10,0.02113643990240007,0.006696928785786878,8.100336393771232e-06,1.5408480558979284e-12,23363757290799.855
2.389892566231048,90.36142081219067,9036.142081219066,0.013972458705841118,2.4111249741665723e-10,0.021933601879353698,0.006945080763263068,8.100336393771232e-06,1.6061193933664823e-12,22414273900611.305
2.491130026067791,86.68920877947801,8668.9208779478,0.01456434126779521,2.424052967216727e-10,0.022760507109224715,0.007202294193817118,8.100336393771232e-06,1.6741556696843e-12,21503376688255.41
2.5966559729348724,83.16623225712993,8316.623225712992,0.015181296382357453,2.436980960617715e-10,0.02361782862623334,0.007468858428776584,8.100336393771232e-06,1.7450740094837813e-12,20629497548158.047
2.7066520700332415,79.78642645446563,7978.642645446562,0.015824386139414576,2.449908954341603e-10,0.024507025265378773,0.0077451384785045966,8.100336393771232e-06,1.818996498877362e-12,19791132100704.035
2.8213076759394706,76.54397304690708,7654.397304690709,0.016494717619710532,2.4628369483626774e-10,0.025429429796509605,0.008031498069578301,8.100336393771232e-06,1.8960503956290706e-12,18986837102531.73
2.940820170587061,73.43329016003106,7343.329016003106,0.01719344480068891,2.475764942657275e-10,0.026386329237783387,0.008328292863262095,8.100336393771232e-06,1.976368348229104e-12,18215227962063.49
3.06539529505653,70.44902276063279,7044.902276063278,0.017921770543068434,2.4886929372036173e-10,0.027378935828391345,0.008635891147028502,8.100336393771232e-06,2.060088624248583e-12,17474976355995.848
3.1952475057592133,67.5860334382673,6758.603343826728,0.018680948661570617,2.501620931981657e-10,0.028408916321471685,0.008954710758490312,8.100336393771232e-06,2.147355348367517e-12,16764807942648.271
3.330600343624589,64.8393935613982,6483.939356139818,0.019472286083365403,2.514548926972945e-10,0.029475816632519213,0.009285010355861854,8.100336393771232e-06,2.238318750485851e-12,16083500168233.781
3.4716868189265595,62.20437479293594,6220.437479293592,0.020297145097949713,2.527476922160502e-10,0.03058139568388884,0.009627233174025623,8.100336393771232e-06,2.333135424344632e-12,15429880162276.588
3.6187498124112767,59.67644095056074,5967.644095056074,0.02115694570233252,2.5404049175286985e-10,0.031727755799290186,0.009981851207761018,8.100336393771232e-06,2.4319685971025626e-12,14802822718554.12
3.7720424934170014,57.251240197821026,5725.124019782103,0.022053168045563485,2.5533329130631517e-10,0.03291653744567023,0.010349322067464936,8.100336393771232e-06,2.5349884103319877e-12,14201248358088.299
3.9318287557057703,54.924597552566745,5492.459755256674,0.022987354976813364,2.566260908750623e-10,0.0341489050628506,0.010730073639243306,8.100336393771232e-06,2.6423722129180496e-12,13624121470852.184
4.0983836717572615,52.69250769982115,5269.250769982114,0.02396111470139334,2.579188904578927e-10,0.03542649607502201,0.01112457039442743,8.100336393771232e-06,2.7543048663653125e-12,13070448532993.008
4.271993966306777,50.55112809672318,5055.112809672318,0.024976123549284523,2.5921169005368506e-10,0.03675107363116089,0.011533318506278811,8.100336393771232e-06,2.8709790630373053e-12,12539276396503.705
4.4529585099426505,48.496772357669634,4849.677235766963,0.02603412886094458,2.605044896614073e-10,0.038124446935103425,0.011956833453657457,8.100336393771232e-06,2.9925956578769513e-12,12029690648398.395
4.641588833612782,46.52590390827207,4652.590390827207,0.027136951995359034,2.617972892801094e-10,0.03954916750619119,0.012395705474468102,8.100336393771232e-06,3.119364014178895e-12,11540814036567.713
4.838209664925957,44.635129897204834,4463.512989720483,0.028286491465515637,2.6309008890891714e-10,0.041025569620174965,0.012850338907105536,8.100336393771232e-06,3.251502364008973e-12,11071804959604.408
5.0431594871713585,42.82119535546452,4282.1195355464515,0.029484726206699566,2.6438288854702574e-10,0.04255732842318447,0.013321431812156049,8.100336393771232e-06,3.389238183891299e-12,10621856017999.65
5.256791122018419,41.080977592986706,4108.09775929867,0.030733718983235955,2.656756881936947e-10,0.04414525621737256,0.013809479364572627,8.100336393771232e-06,3.5328085864097293e-12,10190192624216.178
5.479472336900281,39.411480822975356,3941.148082297535,0.032035619939544034,2.669684878482423e-10,0.04578909908998389,0.014314896014969275,8.100336393771232e-06,3.682460728397783e-12,9776071669245.848
5.711586478126435,37.80983100469034,3780.983100469033,0.03339267030161663,2.6826128751004126e-10,0.04749316440412408,0.014838475691648792,8.100336393771232e-06,3.838452236419822e-12,9378780243356.033
5.95353313081437,36.27327089581645,3627.3270895816445,0.03480720623529664,2.6955408717851416e-10,0.0492595243521557,0.01538085582136046,8.100336393771232e-06,4.001051650275843e-12,8997634408823.008
6.2057288067765,34.7991553058965,3479.9155305896493,0.036281662867992996,2.708468868531296e-10,0.05109015848703897,0.01594266545824617,8.100336393771232e-06,4.1705388852935045e-12,8631978022539.521
6.46860766154632,33.38494654265843,3338.494654265843,0.037818578480758834,2.721396865333984e-10,0.052987386496854756,0.016524584745426,8.100336393771232e-06,4.3472057142030804e-12,8281181606470.04
6.742622241778335,32.02821004339723,3202.821004339723,0.03942059887794921,2.7343248621887045e-10,0.05495378068648834,0.017127345005987095,8.100336393771232e-06,4.531356269425009e-12,7944641264009.042
7.028244264308353,30.726610183891378,3072.6610183891376,0.04109048194198062,2.7472528590913144e-10,0.05699170321022842,0.017751645530163417,8.100336393771232e-06,4.7233075666347045e-12,7621777640377.024
7.3259654282152304,29.477906257640267,2947.790625764026,0.04283110238103242,2.7601808560379996e-10,0.05910416591439004,0.018398289475274665,8.100336393771232e-06,4.9233900505058126e-12,7312034925264.855
7.636298261282241,28.27994861849923,2827.994861849923,0.04464545667786538,2.773108853025252e-10,0.061292957393202875,0.01906799550134535,8.100336393771232e-06,5.131948163571698e-12,7014879896009.114
7.959777002314977,27.13067498007419,2713.0674980074186,0.046536668248274224,2.7860368500498394e-10,0.0635616332930148,0.019761622904135558,8.100336393771232e-06,5.349340939184118e-12,6729800999651.879
8.296958520834915,26.028106865503595,2602.810686550359,0.048507992818056914,2.798964847108791e-10,0.06591476100803571,0.02048014214842027,8.100336393771232e-06,5.575942619590175e-12,6456307472304.291
8.648423275731727,24.970346201518115,2497.034620151811,0.05056282402775442,2.8118928441993697e-10,0.06835179142338624,0.02122412317073355,8.100336393771232e-06,5.812143300191233e-12,6193928494298.397
9.014776314524918,23.955572050912593,2395.557205091259,0.052704699274813124,2.824820841319056e-10,0.07087510529127591,0.021994406720290585,8.100336393771232e-06,6.0583496010933414e-12,5942212379672.367
9.39664831495469,22.982037477807857,2298.2037477807853,0.05493730580322319,2.8377488384655334e-10,0.07348941633268787,0.022792047007057115,8.100336393771232e-06,6.31498536710473e-12,5700725798594.39
9.794696670695386,22.04806654030407,2204.8066540304067,0.05726448705111963,2.8506768356366694e-10,0.07619795876716816,0.02361798266880769,8.100336393771232e-06,6.58249239738586e-12,5469053031386.237
10.209606623060475,21.152051405350036,2115.2051405350035,0.05969024926727066,2.8636048328304987e-10,0.07900433085379123,0.024473226825080862,8.100336393771232e-06,6.861331206007789e-12,5246795252862.646
10.642092440647247,20.292449580860612,2029.2449580860612,0.06221876840784641,2.876532830045215e-10,0.08191172199547056,0.02535874716819933,8.100336393771232e-06,7.151981814728452e-12,5033569845754.265
11.092898648952227,19.467781260318485,1946.7781260318484,0.0648543973253381,2.889460827279155e-10,0.08492379148877298,0.02627563207021372,8.100336393771232e-06,7.454944579351351e-12,4829009742032.493
11.562801312073754,18.676626775288245,1867.6626775288244,0.06760167326200588,2.9023888245307886e-10,0.0880443104439895,0.027224890798793908,8.100336393771232e-06,7.770741051089469e-12,4632762791002.121
12.052609368708413,17.917624151458075,1791.7624151458072,0.070465325660753,2.915316821798706e-10,0.0912766335539639,0.028207716358022297,8.100336393771232e-06,8.099914874417033e-12,4444491153074.124
12.563166024741214,17.18946676400114,1718.9466764001138,0.07345028430687522,2.928244819081612e-10,0.0946245533681338,0.02922515333620945,8.100336393771232e-06,8.443032722955005e-12,4263870718174.8594
13.095350204826676,16.490901088221342,1649.090108822134,0.07656168781469802,2.941172816378311e-10,0.09809265780445742,0.030278428134731566,8.100336393771232e-06,8.800685275001096e-12,4090590547790.669
13.650078065460137,15.820724541609838,1582.0724541609836,0.07980489247371685,2.954100813687706e-10,0.10168781349016581,0.03136914252739312,8.100336393771232e-06,9.17348823038425e-12,3924352339687.045
14.22830457214352,15.177783413599123,1517.7783413599122,0.08318548146946259,2.967028811008787e-10,0.1054108855388681,0.03249800671505193,8.100336393771232e-06,9.56208337039341e-12,3764869914381.3115
14.831025143361028,14.560970879449606,1456.0970879449603,0.0867092744949704,2.9799568083406213e-10,0.10926458686067955,0.03366647515991698,8.100336393771232e-06,9.967139662605724e-12,3611868722484.468
15.459277364194785,13.969225094849822,1396.9225094849821,0.09038233776939791,2.992884805682354e-10,0.113254269687934,0.034875713445216325,8.100336393771232e-06,1.0389354412516134e-11,3465085372064.171
16.114142772530197,13.401527367950722,1340.152736795072,0.09421099448103659,3.005812803033197e-10,0.11738693454592933,0.036127439105482675,8.100336393771232e-06,1.0829454463950527e-11,3324267175215.343
16.79674872092653,12.85690040568641,1285.6900405686408,0.09820183567269843,3.018740800392424e-10,0.1216662079175555,0.03742301590522801,8.100336393771232e-06,1.1288197450329459e-11,3189171713057.633
17.508270317357233,12.33440663136312,1233.440663136312,0.10236173158821302,3.031668797759369e-10,0.12609658788970185,0.03876363994272052,8.100336393771232e-06,1.1766373098936023e-11,3059566418411.0654
18.249932448161506,11.83314657061969,1183.3146570619688,0.10669784349957112,3.0445967951334154e-10,0.13068661619695082,0.04015158060299218,8.100336393771232e-06,1.2264804590433526e-11,2935228175431.33
19.023011886689456,11.352257302981126,1135.2257302981125,0.11121763603507406,3.057524792513999e-10,0.1354366645655323,0.04158733221994093,8.100336393771232e-06,1.2784349975973267e-11,2815942935515.526
19.828839491270713,10.890910976339853,1089.091097633985,0.11592889002971019,3.070452789900599e-10,0.14035645388480097,0.043073554496399,8.100336393771232e-06,1.3325903654331762e-11,2701505348817.206
20.66880249629082,10.448313381806836,1044.8313381806834,0.12083971591988457,3.0833807872927364e-10,0.14544972847680324,0.044611412504402925,8.100336393771232e-06,1.389039791162078e-11,2591718410736.2554
21.54434690031882,10.023702586479732,1002.3702586479732,0.12595856770555622,3.096308784689971e-10,0.1507207465641875,0.04620223821077976,8.100336393771232e-06,1.4478804526220323e-11,2486393122775.156
22.456979955397717,9.616347621774056,961.6347621774055,0.1312942575038217,3.109236782091895e-10,0.15618303663256794,0.04784937245591698,8.100336393771232e-06,1.5092136441697685e-11,2385348167177.7427
23.408272761782943,9.225547225059334,922.5547225059332,0.1368559707189994,3.1221647794981364e-10,0.16183380900412572,0.049552552683122524,8.100336393771232e-06,1.573144951059266e-11,2288409594790.3374
24.399862972595503,8.85062863243428,885.0628632434278,0.1426532818553261,3.135092776908352e-10,0.16768629388816267,0.05131534485872961,8.100336393771232e-06,1.6397844312070312e-11,2195410525607.9731
25.433457613046482,8.490946420562329,849.0946420562328,0.14869617099949267,3.1480207743222236e-10,0.17374247529119183,0.0531391986191303,8.100336393771232e-06,1.7092468046571127e-11,2106190861490.1206
26.510836019085364,8.145881395574058,814.5881395574057,0.15499504100139067,3.1609487717394614e-10,0.1800060135900189,0.05502491306589135,8.100336393771232e-06,1.7816516510719636e-11,2020597010551.4136
27.633852900531725,7.814839527123681,781.483952712368,0.16156073538264534,3.173876769159797e-10,0.186493785550104,0.05697681729971832,8.100336393771232e-06,1.8571236155891472e-11,1938481622752.9097
28.80444153396298,7.497250925764562,749.7250925764562,0.16840455700376744,3.186804766582983e-10,0.19320490483362882,0.05899514275354823,8.100336393771232e-06,1.9357926233982728e-11,1859703336238.6829
30.024617090855493,7.192568861883271,719.256886188327,0.1755382875220579,3.1997327640087937e-10,0.2001506634325376,0.061082967380927895,8.100336393771232e-06,2.017794103407563e-11,1784126533981.082
31.296480106707506,6.900268824503307,690.0268824503306,0.18297420767376385,3.2126607614370195e-10,0.20734130318457836,0.06324306785184172,8.100336393771232e-06,2.1032692213850946e-11,1711621110315.7036
32.62222009711667,6.619847618338359,661.9847618338358,0.19072511841539688,3.2255887588674684e-10,0.21477774297986782,0.06547638655495884,8.100336393771232e-06,2.192365122976023e-11,1642062246964.2214
34.004119327037095,6.350822497540404,635.0822497540404,0.19880436296061568,3.2385167562999625e-10,0.22247569941942294,0.06778688902472553,8.100336393771232e-06,2.285235187014228e-11,1575330198159.4187
35.44455673970435,6.092730334651659,609.2730334651658,0.2072258497506031,3.25144475373434e-10,0.23043986562378882,0.07017601579975888,8.100336393771232e-06,2.3820392895643678e-11,1511310084502.584
36.94601205199302,5.845126823329535,584.5126823329534,0.21600407639748578,3.26437275117045e-10,0.23867951049992342,0.07264678045475542,8.100336393771232e-06,2.4829440791489727e-11,1449891695198.3462
38.51107002325569,5.607585713472233,560.7585713472232,0.22515415464201238,3.2773007486081553e-10,0.24720536921054373,0.07520199450190805,8.100336393771232e-06,2.5881232636343143e-11,1390969298326.5334
40.14242490499318,5.379698077428171,537.969807742817,0.23469183636845542,3.2902287460473283e-10,0.2560242972907469,0.07784374644334242,8.100336393771232e-06,2.697757909268968e-11,1334441458824.4202
41.84288507901584,5.161071606026043,516.1071606026043,0.24463354072152266,3.303156743487854e-10,0.265150410073082,0.0805759884374791,8.100336393771232e-06,2.8120367523898438e-11,1280210863866.0203
43.615377892080055,4.95132993321365,495.1329933213649,0.2549963823719575,3.316084740929621e-10,0.27458756493446945,0.08340038833394414,8.100336393771232e-06,2.931156524332282e-11,1228184155337.8254
45.462954695323994,4.750111988142736,475.0111988142735,0.26579820097949397,3.3290127383725336e-10,0.28434725521390175,0.08632030866580907,8.100336393771232e-06,3.055322290103618e-11,1178271769122.5662
47.38879609717651,4.557071373584725,455.70713735847244,0.2770575919038747,3.341940735816499e-10,0.29444177142675765,0.0893392277146872,8.100336393771232e-06,3.18474780140309e-11,1130387780914.3833
49.396217438783154,4.371875769606953,437.1875769606952,0.28879393821681626,3.3548687332614345e-10,0.3048812425706638,0.09245976870107953,8.100336393771232e-06,3.3196558645960096e-11,1084449758299.9037
51.48867450137497,4.194206361483116,419.42063614831153,0.30102744407001664,3.3677967307072623e-10,0.315678417359182,0.09568577823743155,8.100336393771232e-06,3.460278724275483e-11,1040378618850.6454
53.66976945540476,4.023757290852896,402.3757290852896,0.3137791694766573,3.380724728153911e-10,0.32684224618109314,0.0990201175624556,8.100336393771232e-06,3.6068584630721186e-11,998098493982.4124
55.94325706169378,3.860235129186012,386.02351291860117,0.3270710665662737,3.3936527256013155e-10,0.338386234055084,0.10246643429965811,8.100336393771232e-06,3.75964741839993e-11,957536598347.3328
58.313051135262185,3.7033583726442654,370.33583726442646,0.3409260173754039,3.406580723049416e-10,0.3503231101275746,0.10602847963526532,8.100336393771232e-06,3.918908616855862e-11,918623104533.7001
60.78323128297224,3.5528569574719597,355.285695747196,0.3553678732390765,3.4195087204981564e-10,0.3626636061178535,0.10970955394748098,8.100336393771232e-06,4.084916227020787e-11,881291022857.9043
63.35804992658254,3.408471795080451,340.84717950804503,0.370421495850948,3.432436717947486e-10,0.3754237167235985,0.11351389457580771,8.100336393771232e-06,4.2579560314414615e-11,845476086041.5177
66.04193962330305,3.2699543260264936,326.9954326026493,0.38611280006277277,3.4453647153973583e-10,0.38861396103793006,0.11744493140392076,8.100336393771232e-06,4.4383259186059105e-11,811116638575.0167
68.83952069645497,3.1370660921164744,313.7066092116474,0.4024687984968947,3.45829271284773e-10,0.40224776245446947,0.12150674302709219,8.100336393771232e-06,4.6263363957593216e-11,778153530577.6508
71.75560918936921,3.009578325900038,300.95783259000376,0.4195176480485467,3.4712207102985605e-10,0.41634204257355223,0.125703719888525,8.100336393771232e-06,4.822311123443065e-11,746530015970.7756
74.79522515621814,2.8872715568463394,288.7271556846339,0.43728869835801887,3.484148707749814e-10,0.43090918255217486,0.13003973459388787,8.100336393771232e-06,5.026587472677167e-11,716191654789.3347
77.96360130405237,2.7699352335249174,276.9935233524917,0.45581254233614865,3.4970767052014573e-10,0.4459638529628865,0.13451933298229798,8.100336393771232e-06,5.2395171057454814e-11,687086219463.3087
81.26619200091946,2.6573673611409006,265.73673611409,0.4751210688300923,3.510004702653459e-10,0.4615194028955031,0.13914654335711132,8.100336393771232e-06,5.46146658158318e-11,659163604907.8278
84.70868266557402,2.5493741538003927,254.93741538003923,0.49524751752006724,3.5229327001057894e-10,0.47759410058041757,0.14392631549450507,8.100336393771232e-06,5.6928179868090245e-11,632375742267.1255
88.29699955494083,2.445769700907581,244.5769700907581,0.5162265361415463,3.535860697558423e-10,0.4942031771573784,0.14886322957194414,8.100336393771232e-06,5.933969593488444e-11,606676516163.8861
92.03731996618231,2.3463756471191295,234.63756471191292,0.5380942401314326,3.5487886950113373e-10,0.5113636603416547,0.15396216577392904,8.100336393771232e-06,6.185336544760027e-11,582021685311.4933
95.93608287093147,2.2510208853050235,225.10208853050233,0.5608882748008721,3.5617166924645073e-10,0.5290925945755592,0.15922812398179206,8.100336393771232e-06,6.447351569505459e-11,558368806352.5494
100.0,2.159541261987151,215.95412619871504,0.5846478801417682,3.5746446899179146e-10,0.5474073983791043,0.16466612740586717,8.100336393771232e-06,6.720465727293551e-11,535677160792.51294
104.23606739764011,2.0717792947486835,207.17792947486834,0.6094139583785261,3.587572687371539e-10,0.566325429000159,0.17028138738264847,8.100336393771232e-06,7.005149184880439e-11,513907684902.7083
108.65157746525372,1.9875839011276717,198.75839011276716,0.6352291443813448,3.6005006848253635e-10,0.5858666195401844,0.17607943495069364,8.100336393771232e-06,7.30189202560293e-11,493022902472.0126
113.25413151528126,1.9068101385281744,190.68101385281741,0.6621378790622636,3.613428682279374e-10,0.6060482055575132,0.18206558202297296,8.100336393771232e-06,7.611205093058335e-11,472986860291.45593
118.05165285688055,1.8293189547012292,182.9318954701229,0.6901864858803007,3.6263566797335533e-10,0.6268892298389763,0.18824539203676088,8.100336393771232e-06,7.933620870522957e-11,453765066260.68463
123.05240043592616,1.7549769483660005,175.4976948366,0.7194232505874243,3.6392846771878886e-10,0.6484117211063576,0.19462492266647413,8.100336393771232e-06,8.269694397623619e-11,435324430009.7107
128.26498305280597,1.6836561395591296,168.36561395591295,0.7498985043526016,3.6522126746423676e-10,0.6706357545358431,0.20121011950112036,8.100336393771232e-06,8.620004225839853e-11,417633205933.7535
133.69837418249452,1.6152337493169018,161.52337493169017,0.7816647104070356,3.665140672096979e-10,0.6935797263220316,0.2080068838929119,8.100336393771232e-06,8.985153414481746e-11,400660938543.1005
139.36192742241434,1.549591988310913,154.9591988310913,0.8147765543597673,3.6780686695517134e-10,0.717268024390575,0.21502176243570947,8.100336393771232e-06,9.365770568858267e-11,384378410033.89624
145.26539259467813,1.4866178540734558,148.66178540734555,0.8492910383390841,3.690996667006558e-10,0.7417203078299426,0.22226087812924125,8.100336393771232e-06,9.762510922422836e-11,368757589989.6213
151.4189325304352,1.4262029364634308,142.62029364634304,0.885267579121858,3.703924664461507e-10,0.7669580265779175,0.22973064971926838,8.100336393771232e-06,1.017605746475971e-10,353771587126.6464
157.83314056521164,1.3682432310380346,136.82432310380344,0.9227681104196664,3.71685266191655e-10,0.7930057198921105,0.23743799812626865,8.100336393771232e-06,1.0607122117352156e-10,339394603000.8245
164.51905877536606,1.3126389600088142,131.2638960008814,0.9618571894978559,3.7297806593716813e-10,0.8198870546076006,0.24538983327716654,8.100336393771232e-06,1.1056446959157342e-10,325601887595.3954
171.4881969870541,1.2592944004739441,125.92944004739441,1.0026021083110421,3.742708656826893e-10,0.8476261807775423,0.25359317846626256,8.100336393771232e-06,1.1524805504097214e-10,312369696713.7671
178.75255259042353,1.2081177196310002,120.8117719631,1.045073009346389,3.7556366542821784e-10,0.876247907658447,0.26205528958995333,8.100336393771232e-06,1.2013004032664721e-10,299675251103.8198
186.324631193156,1.1590208166865328,115.90208166865327,1.089343006374095,3.768564651737532e-10,0.9057781069664095,0.2707836971506694,8.100336393771232e-06,1.252188297993798e-10,287496697243.3591
194.21746814890244,1.111919171190327,111.19191711903268,1.1354883103129376,3.7814926491929485e-10,0.9362424308644259,0.2797858520636282,8.100336393771232e-06,1.3052318382391396e-10,275813069719.2219
202.44465099768018,1.0667316975332088,106.67316975332088,1.183588360427586,3.7944206466484227e-10,0.9676663194857336,0.28906958777731573,8.100336393771232e-06,1.3605223385994955e-10,264604255135.2589
211.02034285685966,1.0233806053579668,102.33806053579666,1.233725961083495,3.8073486441039507e-10,1.000075946969548,0.2986423353392189,8.100336393771232e-06,1.4181549818197294e-10,253850957487.07236
219.95930680300748,0.9817912656430402,98.17912656430401,1.2859874242948421,3.820276641559526e-10,1.0335013779941813,0.3085126559953161,8.100336393771232e-06,1.4782289826499224e-10,243534664943.89255
229.27693128656486,0.9418920822284467,94.18920822284466,1.3404627183109095,3.8332046390151467e-10,1.0679705548537772,0.3186890375155191,8.100336393771232e-06,1.5408477586438502e-10,233637617980.40814
238.98925662310478,0.9036143685628131,90.3614368562813,1.3972456224966514,3.846132636470809e-10,1.1035120279343564,0.32917968304170203,8.100336393771232e-06,1.6061191081925628e-10,224142778803.6991
249.1130026067786,0.8668922294592897,86.68922294592896,1.4564338887741275,3.85906063392651e-10,1.140153534989473,0.33999287711587994,8.100336393771232e-06,1.6741553960996099e-10,215033802022.6293
259.6655972934872,0.8316624476568103,83.16624476568103,1.5181294099026972,3.871988631382246e-10,1.1779239929892227,0.3511374744468652,8.100336393771232e-06,1.7450737470173505e-10,206295006509.21243
270.66520700332416,0.7978643749914104,79.78643749914103,1.5824383948876761,3.884916628838014e-10,1.2168569713586874,0.362622870448498,8.100336393771232e-06,1.8189962470773504e-10,197911348403.50858
282.1307675939471,0.7654398279902432,76.54398279902432,1.649471551819433,3.8978446262938113e-10,1.2569877840586532,0.3744593950113843,8.100336393771232e-06,1.8960501540619992e-10,189868395215.57736
294.08201705870607,0.7343329877085795,73.43329877085793,1.7193442784576616,3.9107726237496365e-10,1.2983358155994058,0.3866534587659565,8.100336393771232e-06,1.9763681164791215e-10,182152300979.9086
306.539529505653,0.7044903036373461,70.44903036373461,1.7921768608889275,3.923700621205487e-10,1.340937023575704,0.39921538575147214,8.100336393771232e-06,2.0600884019167284e-10,174749782419.55646
319.52475057592136,0.675860401515782,67.58604015157819,1.8680946805994882,3.9366286186613604e-10,1.3848353676779888,0.412157525829951,8.100336393771232e-06,2.147355135071043e-10,167648096078.94217
333.06003436245885,0.6483939948905039,64.83939948905038,1.9472284303198713,3.949556616117255e-10,1.4300624774858182,0.42548909678562624,8.100336393771232e-06,2.238318545857567e-10,160835016385.96005
347.16868189265597,0.62204380026875,62.204380026874986,2.0297143390127523,3.962484613573169e-10,1.4766348290641398,0.4392165655969075,8.100336393771232e-06,2.333135228032272e-10,154298814605.62323
361.87498124112767,0.5967644557197181,59.676445571971804,2.1156944063914844,3.975412611029102e-10,1.524601789147584,0.453353311860118,8.100336393771232e-06,2.4319684087681784e-10,148028238649.01453
377.2042493417001,0.5725124427838847,57.25124427838846,2.205316647372971,3.9883406084850507e-10,1.5740019305346853,0.4679102037681916,8.100336393771232e-06,2.5349882296513527e-10,142012493702.78625
393.18287557057704,0.5492460115558536,54.92460115558536,2.298735346885762,4.001268605941015e-10,1.6248630992738293,0.4828969126875411,8.100336393771232e-06,2.6423720395801275e-10,136241223645.85875
409.83836717572615,0.5269251088117847,52.69251088117846,2.396111325471968,4.0141966033969933e-10,1.6772242383807479,0.49832402524942276,8.100336393771232e-06,2.754304700071702e-10,130704493221.33034
427.19939663067765,0.505511309057663,50.551130905766286,2.4976122161402463,4.027124600852985e-10,1.7311220637823717,0.5142022939039339,8.100336393771232e-06,2.8709789035017257e-10,125392770932.90686
445.2958509942651,0.48496774837970374,48.49677483797037,2.6034127529464928,4.040052598308988e-10,1.786592869009343,0.5305438394602462,8.100336393771232e-06,2.9925955048247684e-10,120296912636.40381
464.1588833612782,0.4652590609830316,46.52590609830315,2.7136950717989636,4.052980595765003e-10,1.8436793442396675,0.5473599546604931,8.100336393771232e-06,3.11936386734663e-10,115408145798.0792
483.82096649259574,0.44635131830936586,44.63513183093658,2.8286490240057476,4.065908593221028e-10,1.9024158473408521,0.5646612994860716,8.100336393771232e-06,3.2515022231438493e-10,110718054392.6921
504.3159487171359,0.4282119706289168,42.82119706289168,2.948472503104298,4.0788365906770604e-10,1.9628389947699696,0.5824596084797509,8.100336393771232e-06,3.3892380487508146e-10,106218564415.2929
525.6791122018419,0.41080979100593645,41.080979100593645,3.0733717855357088,4.0917645881331033e-10,2.0249922345641957,0.6007672014428682,8.100336393771232e-06,3.5328084567612434e-10,101901929981.8014
547.9472336900282,0.3941148215414707,39.411482154147066,3.203561885750122,4.104692585589153e-10,2.088915322096543,0.6195961294831255,8.100336393771232e-06,3.682460604018103e-10,97760719994.4481
571.1586478126435,0.3780983218007499,37.809832180074984,3.339266926354716,4.1176205830452113e-10,2.154646262974606,0.638957986023594,8.100336393771232e-06,3.838452117094831e-10,93787805349.11803
595.353313081437,0.36273271933645856,36.27327193364585,3.4807205239413435,4.130548580501275e-10,2.2222272810536468,0.6588652505003365,8.100336393771232e-06,4.0010515358001193e-10,89976346662.5801
620.57288067765,0.34799156222268746,34.79915622226874,3.628166191258164,4.143476577957345e-10,2.2917004676736936,0.6793306853642889,8.100336393771232e-06,4.1705387754699764e-10,86319782498.4691
646.8607661546321,0.3338494735178766,33.38494735178765,3.7818577564174585,4.1564045754134207e-10,2.3631063689536065,0.7003666316334874,8.100336393771232e-06,4.347205608842687e-10,82811818071.75648
674.2622241778336,0.3202821075783402,32.02821075783402,3.9420597998614224,4.169332572869502e-10,2.4364859316661076,0.721985597609033,8.100336393771232e-06,4.5313561683463806e-10,79446414412.26064
702.8244264308353,0.30726610814717603,30.7266108147176,4.1090481098381115,4.182260570325588e-10,2.5118787221239747,0.7441996422251353,8.100336393771232e-06,4.72330746966383e-10,76217777968.54332
732.596542821523,0.294779068146409,29.477906814640896,4.28311015717161,4.1951885677816786e-10,2.5893278571127274,0.76702191734166,8.100336393771232e-06,4.923389957475755e-10,73120350634.29623
763.6298261282242,0.2827994911031411,28.27994911031411,4.464545590143895,4.208116565237772e-10,2.668878283513904,0.7904659809682915,8.100336393771232e-06,5.131948074322298e-10,70148800180.0447
795.9777002314978,0.27130675414331956,27.13067541433195,4.653666750340115,4.2210445626938704e-10,2.750572102841585,0.8145445821623398,8.100336393771232e-06,5.349340853561743e-10,67298011073.70112
829.6958520834916,0.2602810724894019,26.028107248940188,4.8507992103454844,4.233972560149972e-10,2.834451530151805,0.8392710188462243,8.100336393771232e-06,5.575942537447418e-10,64563075674.16261
864.8423275731726,0.24970346540081115,24.970346540081113,5.056282334219318,4.246900557606077e-10,2.9205578467180247,0.8646582205210928,8.100336393771232e-06,5.812143221386693e-10,61939285782.79413
901.4776314524918,0.23955572349853566,23.95557234985356,5.270469861711254,4.2598285550621847e-10,3.0089334481959686,0.8907190867812245,8.100336393771232e-06,6.058349525491353e-10,59422124538.25085
939.6648314954691,0.22982037741763764,22.98203774176376,5.493730517225101,4.2727565525182943e-10,3.0996264186549745,0.91746790371632,8.100336393771232e-06,6.314985294575143e-10,57007258640.69014
979.4696670695386,0.22048066773369251,22.04806677336925,5.726448644578955,4.285684549974407e-10,3.1926683327212544,0.9449156718039063,8.100336393771232e-06,6.582492327803806e-10,54690530891.98374
1020.9606623060475,0.2115205161113958,21.152051611139576,5.969024868654075,4.298612547430523e-10,3.28810798105093,0.9730778301768486,8.100336393771232e-06,6.861331139253498e-10,52467953039.09023
1064.2092440647245,0.20292449762566625,20.292449762566623,6.2218767850716805,4.3115405448866396e-10,3.385983988294816,1.0019657379064808,8.100336393771232e-06,7.151981750686993e-10,50335698908.2669
1109.2898648952228,0.19467781420759428,19.467781420759426,6.485439679084983,4.3244685423427585e-10,3.4863485136587795,1.0315960188077085,8.100336393771232e-06,7.454944517912488e-10,48290097818.30088
1156.2801312073755,0.18676626916952796,18.67662691695279,6.760167274923873,4.337396539798879e-10,3.5892210075760245,1.0619765384611475,8.100336393771232e-06,7.770740992147427e-10,46327628261.42206
1205.2609368708413,0.17917624276543598,17.917624276543595,7.046532516882439,4.350324537255002e-10,3.694666130110879,1.0931249781135377,8.100336393771232e-06,8.099914817870355e-10,44444911841.017586
1256.3166024741215,0.17189466874447926,17.189466874447923,7.34502838349381,4.363252534711126e-10,3.802710729677087,1.1250524127599129,8.100336393771232e-06,8.443032668706329e-10,42638707455.71336
1309.5350204826677,0.16490901185742513,16.490901185742512,7.656168736194014,4.376180532167251e-10,3.913390747038795,1.1577714061780955,8.100336393771232e-06,8.800685222957054e-10,40905905719.80929
1365.0078065460139,0.1582072462771812,15.820724627718118,7.980489203935861,4.389108529623377e-10,4.026756277845846,1.1912945916960078,8.100336393771232e-06,9.173488180455229e-10,39243523610.46322
1422.830457214352,0.15177783489630178,15.177783489630178,8.318548105275616,4.402036527079505e-10,4.14284816043709,1.2256376503770008,8.100336393771232e-06,9.562083322493443e-10,37648699332.409195
1483.1025143361028,0.14560970946582738,14.560970946582735,8.670927409519862,4.414964524535633e-10,4.261670094109819,1.2608056151418832,8.100336393771232e-06,9.96713961665238e-10,36118687391.36932
1545.9277364194786,0.13969225154126347,13.969225154126345,9.038233738587266,4.427892521991764e-10,4.3833074531072835,1.2968201751187605,8.100336393771232e-06,1.038935436843031e-09,34650853867.67794
1611.41427725302,0.13401527420290102,13.4015274202901,9.421099411309758,4.4408205194478947e-10,4.507766449832471,1.3336869451344406,8.100336393771232e-06,1.0829454421656325e-09,33242671881.98197
1679.6748720926532,0.12856900451900527,12.856900451900527,9.8201835319712,4.453748516904026e-10,4.635070347733164,1.371418863611007,8.100336393771232e-06,1.1288197409754043e-09,31891717245.21108
1750.8270317357233,0.1233440667216881,12.334406672168809,10.23617312495716,4.466676514360158e-10,4.765296380068152,1.4100331437432456,8.100336393771232e-06,1.1766373060009548e-09,30595664285.329727
1824.9932448161505,0.11833146606649873,11.833146606649871,10.669784317469196,4.4796045118162907e-10,4.8984155243713,1.4495251529109918,8.100336393771232e-06,1.226480455308901e-09,29352281843.686665
1902.3011886689458,0.11352257334794698,11.352257334794697,11.12176357233977,4.492532509272425e-10,5.034497393322732,1.4899240469209383,8.100336393771232e-06,1.2784349940146398e-09,28159429434.069256
1982.8839491270714,0.10890911004430287,10.890911004430286,11.592888973070005,4.505460506728559e-10,5.173572381396013,1.531234267304776,8.100336393771232e-06,1.3325903619960859e-09,27015053557.85077
2066.880249629082,0.10448313406609834,10.448313406609833,12.083971563302608,4.5183885041846944e-10,5.315630179354942,1.5734515764258485,8.100336393771232e-06,1.38903978786467e-09,25917184168.88673
2154.4346900318824,0.10023702608380052,10.02370260838005,12.595856743035524,4.531316501640829e-10,5.460750932593801,1.6166150771922538,8.100336393771232e-06,1.4478804494586263e-09,24863931282.075592
2245.697995539772,0.09616347641111365,9.616347641111364,13.12942572398049,4.5442444990969653e-10,5.608891443528918,1.660707868857702,8.100336393771232e-06,1.5092136411349231e-09,23853481719.743893
2340.827276178294,0.09225547242133597,9.225547242133596,13.6855970465712,4.557172496553101e-10,5.760127408522767,1.7057419879360824,8.100336393771232e-06,1.5731449481477537e-09,22884095990.25632
2439.98629725955,0.08850628647510353,8.850628647510353,14.265328161233187,4.5701004940092377e-10,5.914491818237912,1.7517523389540437,8.100336393771232e-06,1.639784428413839e-09,21954105293.476135
2543.345761304648,0.08490946433874037,8.490946433874036,14.86961707663738,4.583028491465375e-10,6.071841236824755,1.7986955598882424,8.100336393771232e-06,1.709246801977436e-09,21061908647.921078
2651.0836019085364,0.08145881407327907,8.145881407327906,15.499504077774532,4.5959564889215117e-10,6.232455070435492,1.8466294871948248,8.100336393771232e-06,1.7816516485011844e-09,20205970134.669724
2763.385290053173,0.07814839537501977,7.814839537501977,16.15607351680888,4.6088844863776497e-10,6.396173071716593,1.8955473838031673,8.100336393771232e-06,1.8571236131228418e-09,19384816253.272602
2880.4441533962977,0.07497250934928283,7.4972509349282825,16.84045567979303,4.621812483833788e-10,6.562850223212675,1.9454024998063633,8.100336393771232e-06,1.935792621032197e-09,18597033385.117565
3002.461709085549,0.07192568869974549,7.192568869974548,17.553828732458616,4.6347404812899263e-10,6.7329630426401375,1.9963023876349268,8.100336393771232e-06,2.0177941011376463e-09,17841265359.881344
3129.6480106707504,0.06900268831647666,6.900268831647665,18.297420748431712,4.647668478746065e-10,6.906056335334046,2.0481668787934764,8.100336393771232e-06,2.1032692192074242e-09,17116211120.878714
3262.2220097116665,0.06619847624646613,6.619847624646613,19.07251182336491,4.660596476202203e-10,7.08214360825115,2.1009877837025623,8.100336393771232e-06,2.1923651208868515e-09,16420622485.289925
3400.4119327037097,0.06350822503110409,6.350822503110408,19.88043627862538,4.673524473658342e-10,7.261778038628654,2.154896515322592,8.100336393771232e-06,2.285235185009956e-09,15753301995.410664
3544.4556739704353,0.060927303395698046,6.092730339569804,20.72258495833272,4.686452471114481e-10,7.4441809087134505,2.2097239239318314,8.100336393771232e-06,2.3820392876415485e-09,15113100857.225368
3694.6012051993025,0.05845126827672117,5.845126827672116,21.600407623700765,4.699380468570619e-10,7.6296784697926565,2.2655452371354903,8.100336393771232e-06,2.482944077304293e-09,14498916962.755293
3851.107002325569,0.05607585717306597,5.607585717306597,22.51541544880561,4.71230846602676e-10,7.818744234888469,2.322473583143509,8.100336393771232e-06,2.5881232618646032e-09,13909692992.776527
4014.2424904993177,0.053796980808138044,5.379698080813804,23.46918362207556,4.725236463482899e-10,8.010363932001939,2.380276642513729,8.100336393771232e-06,2.6977579075711744e-09,13344414596.642313
4184.288507901585,0.05161071609015459,5.161071609015458,24.46335405798251,4.738164460939039e-10,8.205137601458562,2.4390986268627524,8.100336393771232e-06,2.812036750761045e-09,12802108646.075489
4361.537789208006,0.049513299358532034,4.951329935853203,25.499638223601888,4.751092458395179e-10,8.403453608417927,2.499031786137192,8.100336393771232e-06,2.9311565227696826e-09,12281841559.925703
4546.2954695324,0.0475011199047339,4.750111990473389,26.57982008490794,4.764020455851318e-10,8.60409121662494,2.559799957852339,8.100336393771232e-06,3.055322288604516e-09,11782717697.006882
4738.879609717651,0.04557071375642618,4.557071375642617,27.705759177876033,4.776948453307458e-10,8.807890462960435,2.621594456535986,8.100336393771232e-06,3.184747799964914e-09,11303877814.248466
4939.621743878316,0.043718757714240136,4.371875771424014,28.87939380967863,4.789876450763598e-10,9.015078104294165,2.684471997790943,8.100336393771232e-06,3.319655863216277e-09,10844497587.506283
5148.867450137497,0.04194206363087524,4.194206363087524,30.102744395486468,4.802804448219739e-10,9.224513733323269,2.7481830475380224,8.100336393771232e-06,3.460278722951824e-09,10403786192.48621
5366.976945540476,0.04023757292269542,4.023757292269542,31.377916936618497,4.815732445675879e-10,9.436968573960245,2.8128934156294507,8.100336393771232e-06,3.6068584618022506e-09,9980984943.338133
5594.325706169378,0.038602351304368676,3.860235130436867,32.70710664602909,4.828660443132019e-10,9.652563060899203,2.8786315043291095,8.100336393771232e-06,3.759647417181669e-09,9575365986.576092
5831.3051135262185,0.03703358373748734,3.703358373748733,34.09260172737281,4.841588440588159e-10,9.87040872620708,2.9452122394564633,8.100336393771232e-06,3.918908615687109e-09,9186231048.076649
6078.323128297224,0.035528569584471745,3.552856958447174,35.53678731415325,4.8545164380443e-10,10.091032219619558,3.012758137926648,8.100336393771232e-06,4.084916225899529e-09,8812910230.998075
6335.804992658254,0.03408471795941531,3.408471795941531,37.04214957573685,4.867444435500441e-10,10.314481242241149,3.0812498986508796,8.100336393771232e-06,4.257956030365776e-09,8454760862.551098
6604.193962330305,0.032699543267868024,3.269954326786802,38.61127999729963,4.880372432956582e-10,10.54015047520711,3.1505823022903905,8.100336393771232e-06,4.438325917573941e-09,8111166387.636123
6883.9520696454965,0.03137066092787801,3.137066092787801,40.24687984107671,4.893300430412722e-10,10.768335921665328,3.220841952161015,8.100336393771232e-06,4.626336394769294e-09,7781535307.441743
7175.560918936921,0.030095783264928046,3.009578326492804,41.951764796591846,4.906228427868863e-10,10.998983484123569,3.29195746552561,8.100336393771232e-06,4.822311122493262e-09,7465300161.178122
7479.522515621813,0.02887271557369731,2.8872715573697305,43.72886982787492,4.919156425325003e-10,11.231740761198617,3.3638874942782984,8.100336393771232e-06,5.02658747176597e-09,7161916549.191626
7796.360130405236,0.02769935233987056,2.7699352339870553,45.58125422601006,4.932084422781145e-10,11.466732927953341,3.4366889457755327,8.100336393771232e-06,5.239517104871316e-09,6870862195.779428
8126.6192000919455,0.026573673615489568,2.6573673615489564,47.51210687571343,4.945012420237284e-10,11.70379517903482,3.5102676484215527,8.100336393771232e-06,5.461466580744536e-09,6591636050.090467
8470.868266557402,0.025493741541606947,2.5493741541606942,49.52475174500741,4.957940417693425e-10,11.942769215248882,3.584604248368868,8.100336393771232e-06,5.692817986004461e-09,6323757423.564989
8829.699955494083,0.02445769701225716,2.4457697012257156,51.62265360743979,4.970868415149567e-10,12.18365863102556,3.6597370804926896,8.100336393771232e-06,5.933969592716579e-09,6066765162.427999
9203.73199661823,0.02346375647400032,2.346375647400032,53.80942400670133,4.983796412605708e-10,12.426195554454292,3.7355675352728936,8.100336393771232e-06,6.185336544019534e-09,5820216853.811716
9593.608287093146,0.02251020885553053,2.2510208855530527,56.088827473907045,4.996724410061849e-10,12.670388619484784,3.8120874437241548,8.100336393771232e-06,6.447351568795055e-09,5583688064.140736
10000.0,0.021595412622061542,2.159541262206154,58.46478800824777,5.00965240751799e-10,12.916105051351627,3.8893021798382255,8.100336393771232e-06,6.7204657266120145e-09,5356771608.468371
10423.606739764033,0.02071779294942051,2.0717792949420506,60.9413958321647,5.022580404974132e-10,13.163080720224304,3.967137488957872,8.100336393771232e-06,7.00514918422662e-09,5139076849.506734
10865.157746525372,0.019875839012984134,1.9875839012984133,63.522914432677595,5.035508402430271e-10,13.41133004396178,4.0455756708440695,8.100336393771232e-06,7.301892024975668e-09,4930229025.143653
11325.413151528126,0.019068101386789375,1.9068101386789371,66.21378790099112,5.048436399886413e-10,13.660672085461833,4.124587601680187,8.100336393771232e-06,7.611205092456552e-09,4729868603.2885275
11805.165285688032,0.01829318954834353,1.8293189548343527,69.01864858300742,5.061364397342553e-10,13.910900743438086,4.204134115433123,8.100336393771232e-06,7.933620869945607e-09,4537650662.937062
12305.240043592616,0.017549769484835373,1.7549769484835371,71.94232505392421,5.074292394798696e-10,14.161900984411302,4.284170835719493,8.100336393771232e-06,8.26969439706977e-09,4353244300.388659
12826.498305280626,0.016836561396629087,1.6836561396629086,74.98985043063784,5.087220392254837e-10,14.413583484929367,4.364671835415309,8.100336393771232e-06,8.620004225308524e-09,4176332059.5949597
13369.837418249452,0.016152337494085386,1.6152337494085383,78.16647103626896,5.100148389710977e-10,14.66565903964554,4.4455822820571065,8.100336393771232e-06,8.985153413971992e-09,4006609385.6583114
13936.192742241436,0.01549591988391828,1.5495919883918277,81.47765543172221,5.113076387167119e-10,14.918034477740346,4.526874347698571,8.100336393771232e-06,9.365770568369215e-09,3843784100.539673
14526.539259467783,0.014866178541449013,1.486617854144901,84.9291038298268,5.126004384623259e-10,15.170634874879594,4.608514702567687,8.100336393771232e-06,9.76251092195366e-09,3687575900.0734344
15141.89325304352,0.014262029365265128,1.4262029365265125,88.5267579082702,5.1389323820794e-10,15.423079873606001,4.690415904109768,8.100336393771232e-06,1.0176057464309615e-08,3537715871.42294
15783.314056521198,0.013682432310937307,1.3682432310937305,92.27681103821041,5.151860379535542e-10,15.6753236363728,4.772571898770654,8.100336393771232e-06,1.060712211692038e-08,3393946030.1464005
16451.905877536607,0.013126389600579942,1.3126389600579942,96.18571894618185,5.164788376991682e-10,15.927199086791209,4.854930141661335,8.100336393771232e-06,1.1056446958743096e-08,3256018876.0759454
17148.819698705407,0.012592944005173697,1.2592944005173696,100.26021082764686,5.177716374447825e-10,16.178464363946837,4.9374254761563225,8.100336393771232e-06,1.1524805503699792e-08,3123696967.2453885
17875.25525904232,0.012081177196693469,1.2081177196693467,104.50730093132175,5.190644371903965e-10,16.42897220921736,5.020027266558647,8.100336393771232e-06,1.2013004032283418e-08,2996752511.1333175
18632.4631193156,0.011590208167203898,1.1590208167203897,108.93430063422733,5.203572369360106e-10,16.678470614291257,5.102668872304673,8.100336393771232e-06,1.2521882979572193e-08,2874966972.517574
19421.746814890284,0.01111919171220217,1.1119191712202168,113.54883102824141,5.216500366816248e-10,16.926830386820686,5.1853050279775985,8.100336393771232e-06,1.305231838204053e-08,2758130697.2663617
20244.46509976802,0.010667316975596036,1.0667316975596035,118.35883603983001,5.229428364272389e-10,17.17384940190061,5.267883647906635,8.100336393771232e-06,1.3605223385658316e-08,2646042551.4180613
21102.034285685964,0.010233806053812747,1.0233806053812746,123.37259610553961,5.24235636172853e-10,17.41931122695746,5.350352582134987,8.100336393771232e-06,1.4181549817874302e-08,2538509574.9285398
21995.930680300702,0.009817912656636204,0.9817912656636202,128.59874242678856,5.255284359184671e-10,17.663033014394113,5.432659089628235,8.100336393771232e-06,1.4782289826189361e-08,2435346649.489975
22927.693128656487,0.009418920822466172,0.941892082246617,134.046271828505,5.268212356640811e-10,17.90482237589832,5.514746857561521,8.100336393771232e-06,1.5408477586141252e-08,2336376179.8491535
23898.92566231053,0.009036143685788558,0.9036143685788557,139.72456224718448,5.281140354096954e-10,18.144466486285932,5.596556343463547,8.100336393771232e-06,1.6061191081640482e-08,2241427788.076785
24911.30026067786,0.008668922294734566,0.8668922294734565,145.64338887503263,5.294068351553095e-10,18.381753109251317,5.678030187940933,8.100336393771232e-06,1.6741553960722505e-08,2150338020.2614336
25966.559729348723,0.008316624476693197,0.8316624476693195,151.81294098798628,5.306996349009236e-10,18.616481967752442,5.759102616458227,8.100336393771232e-06,1.745073746991102e-08,2062950065.1231537
27066.52070033236,0.007978643750024566,0.7978643750024565,158.24383948657677,5.319924346465377e-10,18.848420587616204,5.8397190442433,8.100336393771232e-06,1.8189962470521668e-08,1979113484.062486
28213.076759394706,0.0076543982799999475,0.7654398279999947,164.94715517984193,5.332852343921517e-10,19.077421217391066,5.919827755544572,8.100336393771232e-06,1.8960501540378446e-08,1898683952.1799622
29408.201705870666,0.007343329877171886,0.7343329877171886,171.93442784375043,5.345780341377659e-10,19.303191686514953,5.999351672082136,8.100336393771232e-06,1.9763681164559508e-08,1821523009.8204412
30653.952950565235,0.007044903036449511,0.704490303644951,179.2176860869581,5.3587083388338e-10,19.525626537379885,6.078253350176795,8.100336393771232e-06,2.06008840189449e-08,1747497824.2144287
31952.475057592135,0.006758604015224951,0.675860401522495,186.80946805809324,5.371636336289941e-10,19.744494639973098,6.156452847518017,8.100336393771232e-06,2.1473551350497135e-08,1676480960.806074
33306.00343624582,0.006483939948964322,0.6483939948964322,194.72284303020672,5.384564333746083e-10,19.959574594578633,6.233904567546726,8.100336393771232e-06,2.2383185458371015e-08,1608350163.8743062
34716.868189265595,0.006220438002739833,0.6220438002739832,202.97143389956764,5.397492331202225e-10,20.1707137831098,6.310539114602527,8.100336393771232e-06,2.3331352280126434e-08,1542988146.0692134
36187.49812411284,0.005967644557243388,0.5967644557243388,211.56944063751027,5.410420328658366e-10,20.377642259046674,6.386284386255606,8.100336393771232e-06,2.4319684087493485e-08,1480282386.501607
37720.42493416993,0.005725124427879667,0.5725124427879666,220.5316647357247,5.423348326114506e-10,20.58017809841898,6.461103873460894,8.100336393771232e-06,2.5349882296332777e-08,1420124937.0379884
39318.2875570577,0.005492460115594562,0.5492460115594562,229.87353468706843,5.436276323570647e-10,20.77825831985709,6.534912505916914,8.100336393771232e-06,2.6423720395627956e-08,1362412236.4675236
40983.83671757253,0.005269251088149673,0.5269251088149672,239.61113254574954,5.449204321026788e-10,20.97143738141392,6.607655954278528,8.100336393771232e-06,2.754304700055065e-08,1307044932.221198
42719.939663067766,0.005055113090604709,0.5055113090604708,249.76122161263729,5.46213231848293e-10,21.159805329976013,6.67928192864172,8.100336393771232e-06,2.8709789034857787e-08,1253927709.3360338
44529.5850994266,0.0048496774838218395,0.4849677483821839,260.34127529331784,5.475060315939071e-10,21.34318413573325,6.749748514524854,8.100336393771232e-06,2.9925955048094645e-08,1202969126.3701906
46415.888336127726,0.004652590609852235,0.46525906098522346,271.36950717861794,5.487988313395212e-10,21.520809173674053,6.81888592451481,8.100336393771232e-06,3.119363867331934e-08,1154081457.986229
48382.09664925957,0.004463513183113006,0.4463513183113006,282.8649023993486,5.500916310851354e-10,21.693492270517897,6.886820458784219,8.100336393771232e-06,3.251502223129755e-08,1107180543.9317203
50431.59487171348,0.004282119706306243,0.4282119706306242,294.84725030925415,5.513844308307495e-10,21.860308549177546,6.953351651677081,8.100336393771232e-06,3.3892380487372996e-08,1062185644.1571645
52567.91122018419,0.004108097910074437,0.4108097910074436,307.3371785524434,5.526772305763637e-10,22.021130796770425,7.018404771798859,8.100336393771232e-06,3.5328084567482816e-08,1019019299.8217525
54794.723369002924,0.003941148215428017,0.39411482154280164,320.35618857393024,5.539700303219778e-10,22.176654505056124,7.08214321698404,8.100336393771232e-06,3.682460604005667e-08,977607199.9477824
57115.86478126423,0.0037809832180192623,0.3780983218019262,333.9266926344327,5.552628300675918e-10,22.325297755856212,7.144150847881813,8.100336393771232e-06,3.838452117082888e-08,937878053.4940982
59535.3313081437,0.0036273271933749637,0.36273271933749635,348.0720523931385,5.56555629813206e-10,22.468028027749916,7.204666356282215,8.100336393771232e-06,4.001051535788672e-08,899763466.6283753
62057.288067765134,0.0034799156222360336,0.34799156222360333,362.8166191248615,5.578484295588201e-10,22.604609507846618,7.263560633598754,8.100336393771232e-06,4.170538775459e-08,863197824.9869629
64686.07661546321,0.0033384947351868563,0.33384947351868555,378.1857756408294,5.591412293044343e-10,22.734167188581928,7.320679639639891,8.100336393771232e-06,4.347205608832152e-08,828118180.7195717
67426.22241778349,0.003202821075790541,0.3202821075790541,394.2059799852636,5.604340290500484e-10,22.85748614907696,7.376108638421144,8.100336393771232e-06,4.53135616833628e-08,794464144.1243771
70282.44264308338,0.0030726610814780777,0.30726610814780775,410.9048109829663,5.617268287956624e-10,22.97382425846746,7.429710594868162,8.100336393771232e-06,4.7233074696541206e-08,762177779.6870002
73259.6542821523,0.0029477906814696607,0.29477906814696603,428.3110157163515,5.630196285412766e-10,23.08330147719546,7.48146927938278,8.100336393771232e-06,4.9233899574664494e-08,731203506.3443443
76362.98261282257,0.0028279949110363244,0.2827994911036324,446.4545590136138,5.643124282868908e-10,23.18585877495158,7.531315087072851,8.100336393771232e-06,5.1319480743133827e-08,701488001.8016655
79597.77002314977,0.002713067541437539,0.2713067541437539,465.36667503326646,5.656052280325048e-10,23.281237895961006,7.579241227585045,8.100336393771232e-06,5.34934085355318e-08,672980110.7380886
82969.58520834915,0.0026028107248978554,0.2602810724897855,485.07992103383344,5.66898027778119e-10,23.369569071432487,7.625159657760589,8.100336393771232e-06,5.5759425374392e-08,645630756.7425778
86484.23275731709,0.002497034654011502,0.24970346540115018,505.6282334212453,5.68190827523733e-10,23.45041313112245,7.669036363360625,8.100336393771232e-06,5.8121432213788e-08,619392857.8287823
90147.76314524918,0.0023955572349883465,0.2395557234988346,527.0469861704674,5.694836272693473e-10,23.524166903638083,7.710873427768195,8.100336393771232e-06,6.058349525483791e-08,594221245.38325
93966.4831495471,0.0022982037741790112,0.2298203774179011,549.3730517218802,5.707764270149614e-10,23.59026049783793,7.750562403263499,8.100336393771232e-06,6.314985294567904e-08,570072586.4075551
97946.96670695386,0.0022048066773392547,0.22048066773392544,572.6448644572905,5.720692267605754e-10,23.649016826606633,7.788115754236868,8.100336393771232e-06,6.58249232779685e-08,546905308.9204153
102096.06623060476,0.0021152051611160153,0.2115205161116015,596.902486864827,5.733620265061896e-10,23.700253733062272,7.8234871297053,8.100336393771232e-06,6.861331139246824e-08,524679530.3914126
106420.92440647224,0.0020292449762584833,0.20292449762584833,622.1876785066098,5.746548262518036e-10,23.7438784723805,7.856623430380012,8.100336393771232e-06,7.151981750680575e-08,503356989.08312064
110928.98648952227,0.001946778142077549,0.1946778142077549,648.5439679079633,5.759476259974178e-10,23.779958280056707,7.887525760378943,8.100336393771232e-06,7.454944517906337e-08,482900978.18340725
115628.01312073777,0.0018676626916966932,0.1867662691696693,676.0167274918756,5.77240425743032e-10,23.808434723735076,7.916157892301241,8.100336393771232e-06,7.770740992141546e-08,463276282.6145712
120526.09368708414,0.0017917624276556118,0.17917624276556116,704.6532516877514,5.785332254886459e-10,23.829288360528185,7.942494922167255,8.100336393771232e-06,8.099914817864697e-08,444449118.41048646
125631.66024741215,0.0017189466874458971,0.1718946687445897,734.5028383489091,5.798260252342602e-10,23.842317350157423,7.966472500047264,8.100336393771232e-06,8.443032668700905e-08,426387074.5574076
130953.5020482665,0.0016490901185752303,0.16490901185752302,765.6168736189469,5.811188249798743e-10,23.847685534055568,7.988081415632639,8.100336393771232e-06,8.80068522295183e-08,409059057.19833565
136500.78065460137,0.0015820724627726719,0.15820724627726718,798.0489203931523,5.824116247254884e-10,23.845428606025532,8.007329815348912,8.100336393771232e-06,9.173488180450242e-08,392435236.10484546
142283.04572143548,0.0015177783489637748,0.15177783489637744,831.8548105271466,5.837044244711026e-10,23.83549599962188,8.024199027554173,8.100336393771232e-06,9.562083322488677e-08,376486993.3242796
148310.25143361028,0.0014560970946589447,0.14560970946589447,867.0927409515866,5.849972242167167e-10,23.817973604779773,8.038674915923393,8.100336393771232e-06,9.967139616647787e-08,361186873.9138597
154592.77364194786,0.0013969225154132276,0.13969225154132273,903.823373858343,5.862900239623308e-10,23.792925149563786,8.050722813161727,8.100336393771232e-06,1.0389354368425898e-07,346508538.67692643
161141.42772530165,0.0013401527420295377,0.13401527420295375,942.1099411306049,5.875828237079449e-10,23.760289542799516,8.060347611081024,8.100336393771232e-06,1.082945442165206e-07,332426718.8199506
167967.48720926532,0.001285690045190515,0.1285690045190515,982.0183531967667,5.88875623453559e-10,23.720064981976584,8.067547919842452,8.100336393771232e-06,1.1288197409749982e-07,318917172.4522255
175082.7031735727,0.0012334406672172866,0.12334406672172864,1023.6173124953793,5.901684231991732e-10,23.672399570313413,8.072291861932,8.100336393771232e-06,1.176637306000568e-07,305956642.8533979
182499.32448161504,0.001183314660665348,0.11833146606653477,1066.9784317465944,5.914612229447873e-10,23.617416055145583,8.074599145981308,8.100336393771232e-06,1.226480455308527e-07,293522818.43695605
190230.11886689457,0.001135225733479787,0.11352257334797869,1112.1763572336663,5.927540226904014e-10,23.555053144975272,8.074495862841617,8.100336393771232e-06,1.2784349940142826e-07,281594294.3407712
198288.39491270675,0.0010890911004433118,0.10890911004433115,1159.2888973066993,5.940468224360155e-10,23.48539032880766,8.071945355182336,8.100336393771232e-06,1.3325903619957395e-07,270150535.5785779
206688.0249629082,0.0010448313406612323,0.10448313406612322,1208.397156329973,5.953396221816297e-10,23.408625468319705,8.066913889672021,8.100336393771232e-06,1.3890397878643392e-07,259171841.688929
215443.46900318866,0.0010023702608382222,0.1002370260838222,1259.5856743032798,5.966324219272438e-10,23.324688410213447,8.059465497909622,8.100336393771232e-06,1.4478804494583125e-07,248639312.82080978
224569.79955397718,0.00096163476411133,0.09616347641113299,1312.9425723977845,5.979252216728579e-10,23.233622787381048,8.049633627581164,8.100336393771232e-06,1.5092136411346192e-07,238534817.1974869
234082.72761782943,0.0009225547242135304,0.09225547242135303,1368.5597046568669,5.99218021418472e-10,23.13590152948078,8.037384689319772,8.100336393771232e-06,1.573144948147463e-07,228840959.90260553
243998.62972595452,0.0008850628647511881,0.08850628647511881,1426.5328161230725,6.005108211640861e-10,23.031446680814696,8.022702488544809,8.100336393771232e-06,1.6397844284135558e-07,219541052.93479928
254334.57613046482,0.0008490946433875376,0.08490946433875375,1486.9617076635036,6.018036209097003e-10,22.92001940038063,8.005672641574744,8.100336393771232e-06,1.7092468019771663e-07,210619086.47924396
265108.3601908542,0.0008145881407329069,0.08145881407329067,1549.950407777232,6.030964206553144e-10,22.802087761350286,7.986326865443938,8.100336393771232e-06,1.78165164850093e-07,202059701.34672603
276338.5290053167,0.0007814839537503024,0.07814839537503024,1615.6073516806714,6.043892204009285e-10,22.678103511527897,7.964600923599229,8.100336393771232e-06,1.8571236131225933e-07,193848162.53275198
288044.4153396298,0.0007497250934929209,0.07497250934929209,1684.0455679790953,6.056820201465427e-10,22.547472574465544,7.940499223538364,8.100336393771232e-06,1.9357926210319578e-07,185970333.85119864
300246.17090855434,0.0007192568869975385,0.07192568869975384,1755.3828732456577,6.069748198921566e-10,22.410516208155883,7.9142272749003055,8.100336393771232e-06,2.0177941011374115e-07,178412653.5988342
312964.80106707505,0.0006900268831648384,0.06900268831648383,1829.7420748429809,6.082676196377709e-10,22.267907331287162,7.885709051407075,8.100336393771232e-06,2.1032692192072053e-07,171162111.20880494
326222.2009711673,0.0006619847624647234,0.06619847624647233,1907.251182336312,6.095604193833851e-10,22.119584417639743,7.854828330934522,8.100336393771232e-06,2.1923651208866463e-07,164206224.85291466
340041.19327037025,0.0006350822503110976,0.06350822503110976,1988.043627862361,6.108532191289991e-10,21.96502432556113,7.8217961884214775,8.100336393771232e-06,2.2852351850097527e-07,157533019.95412067
354445.5673970436,0.0006092730339570298,0.06092730339570297,2072.258495833104,6.121460188746133e-10,21.804803476541075,7.786677594949276,8.100336393771232e-06,2.3820392876413564e-07,151131008.57226592
369460.1205199295,0.0005845126827672556,0.05845126827672556,2160.0407623699134,6.134388186202273e-10,21.639918972655412,7.749379698488453,8.100336393771232e-06,2.482944077304106e-07,144989169.62756383
385110.7002325569,0.000560758571730698,0.056075857173069794,2251.541544880407,6.147316183658415e-10,21.469488285159937,7.7099168120772,8.100336393771232e-06,2.5881232618644264e-07,139096929.92777476
401424.2490499326,0.000537969808081413,0.05379698080814129,2346.918362207414,6.160244181114557e-10,21.293232065114243,7.668426983155384,8.100336393771232e-06,2.6977579075710113e-07,133444145.96643119
418428.8507901576,0.0005161071609015764,0.05161071609015763,2446.335405798107,6.173172178570697e-10,21.11270962227,7.625066565222809,8.100336393771232e-06,2.812036750760879e-07,128021086.46076246
436153.77892080054,0.0004951329935853469,0.04951329935853469,2549.963822360052,6.186100176026838e-10,20.92827501784655,7.579649613976662,8.100336393771232e-06,2.9311565227695253e-07,122818415.59926365
454629.546953239,0.00047501119904736335,0.04750111990473633,2657.982008490658,6.199028173482979e-10,20.737701267743635,7.532134329840321,8.100336393771232e-06,3.055322288604359e-07,117827176.97007486
473887.9609717651,0.00045570713756428296,0.045570713756428294,2770.5759177874747,6.211956170939121e-10,20.542849511846985,7.482853046455502,8.100336393771232e-06,3.184747799964766e-07,113038778.14248993
493962.1743878326,0.000437187577142419,0.0437187577142419,2887.9393809677463,6.224884168395263e-10,20.34548165983003,7.432037020871636,8.100336393771232e-06,3.319655863216143e-07,108444975.8750672
514886.7450137487,0.00041942063630876923,0.04194206363087692,3010.274439548526,6.237812165851403e-10,20.142970183743206,7.379033429571946,8.100336393771232e-06,3.460278722951685e-07,104037861.92486627
536697.6945540477,0.00040237572922696837,0.040237572922696835,3137.791693661739,6.250740163307545e-10,19.935420941160544,7.324175956211363,8.100336393771232e-06,3.6068584618021235e-07,99809849.43338485
559432.5706169389,0.00038602351304369833,0.03860235130436983,3270.7106646028105,6.263668160763687e-10,19.72587853766312,7.26808395029069,8.100336393771232e-06,3.759647417181556e-07,95753659.86576378
583130.5113526218,0.0003703358373748842,0.03703358373748841,3409.260172737181,6.276596158219826e-10,19.513825165297423,7.210407612788217,8.100336393771232e-06,3.9189086156869935e-07,91862310.48076919
607832.3128297236,0.0003552856958447262,0.03552856958447262,3553.6787314152375,6.289524155675968e-10,19.295360347191398,7.150444856962942,8.100336393771232e-06,4.0849162258994286e-07,88129102.30998293
633580.4992658241,0.00034084717959416275,0.03408471795941627,3704.2149575735816,6.302452153132109e-10,19.07523021035995,7.089352834140984,8.100336393771232e-06,4.257956030365657e-07,84547608.62551336
660419.3962330305,0.00032699543267868786,0.03269954326786879,3861.1279997298725,6.315380150588251e-10,18.853932383824553,7.0272690863853775,8.100336393771232e-06,4.4383259175738367e-07,81111663.87636313
688395.206964551,0.0003137066092787862,0.031370660927878616,4024.687984107593,6.328308148044393e-10,18.627691676664085,6.963082969721143,8.100336393771232e-06,4.6263363947692044e-07,77815353.07441893
717556.0918936922,0.00030095783264928624,0.03009578326492862,4195.176479659103,6.341236145500533e-10,18.39868612643021,6.897488211781861,8.100336393771232e-06,4.82231112249317e-07,74653001.61178266
747952.2515621829,0.000288727155736978,0.028872715573697798,4372.886982787417,6.354164142956675e-10,18.169002440172452,6.831045291394584,8.100336393771232e-06,5.026587471765885e-07,71619165.49191749
779636.0130405221,0.00027699352339871115,0.027699352339871114,4558.125422600914,6.367092140412814e-10,17.937469120810626,6.763532194984255,8.100336393771232e-06,5.239517104871211e-07,68708621.95779566
812661.9200091945,0.00026573673615489966,0.026573673615489964,4751.210687571272,6.380020137868957e-10,17.70127126536657,6.693980572628429,8.100336393771232e-06,5.461466580744454e-07,65916360.500905655
847086.826655742,0.0002549374154160726,0.025493741541607256,4952.47517450068,6.392948135325099e-10,17.464878747664724,6.623693368970074,8.100336393771232e-06,5.692817986004391e-07,63237574.235650666
882969.9955494083,0.00024457697012257476,0.024457697012257473,5162.265360743912,6.405876132781239e-10,17.22812433943336,6.552688792732869,8.100336393771232e-06,5.933969592716501e-07,60667651.62428078
920373.199661823,0.00023463756474000609,0.023463756474000605,5380.9424006700665,6.418804130237381e-10,16.987956711820395,6.48036140018964,8.100336393771232e-06,6.185336544019459e-07,58202168.53811787
959360.8287093127,0.0002251020885553083,0.022510208855530827,5608.882747390629,6.431732127693522e-10,16.746519227466756,6.406775968862938,8.100336393771232e-06,6.44735156879497e-07,55836880.6414081
1000000.0,0.0002159541262206177,0.021595412622061768,5846.478800824716,6.444660125149663e-10,16.505362782624488,6.332649807533322,8.100336393771232e-06,6.720465726611944e-07,53567716.084684275
1042360.6739764033,0.0002071779294942071,0.020717792949420707,6094.139583216412,6.457588122605805e-10,16.263124001932606,6.2577520960973745,8.100336393771232e-06,7.005149184226554e-07,51390768.49506783
1086515.7746525372,0.0001987583901298429,0.019875839012984287,6352.29144326771,6.470516120061946e-10,16.018725686049013,6.181827362932952,8.100336393771232e-06,7.301892024975611e-07,49302290.25143691
1132541.3151528127,0.00019068101386789495,0.019068101386789493,6621.378790099071,6.483444117518087e-10,15.774643843595921,6.105110855538183,8.100336393771232e-06,7.611205092456503e-07,47298686.03288558
1180516.528568803,0.00018293189548343656,0.018293189548343653,6901.864858300695,6.496372114974228e-10,15.530731633548053,6.02790247386589,8.100336393771232e-06,7.933620869945554e-07,45376506.629370935
1230524.0043592616,0.00017549769484835495,0.01754976948483549,7194.232505392371,6.509300112430369e-10,15.285923996439683,5.9501080874481005,8.100336393771232e-06,8.269694397069713e-07,43532443.003886886
1282649.8305280625,0.00016836561396629192,0.016836561396629188,7498.985043063739,6.522228109886511e-10,15.040603860489544,5.871625542239939,8.100336393771232e-06,8.62000422530847e-07,41763320.59594986
1336983.7418249452,0.00016152337494085474,0.016152337494085473,7816.647103626853,6.535156107342652e-10,14.796050185013279,5.792591882192004,8.100336393771232e-06,8.985153413971941e-07,40066093.856583335
1393619.2742241435,0.00015495919883918338,0.015495919883918336,8147.7655431721905,6.548084104798793e-10,14.551858081500017,5.713223095664662,8.100336393771232e-06,9.365770568369179e-07,38437841.00539688
1452653.9259467782,0.0001486617854144908,0.014866178541449077,8492.910382982642,6.561012102254934e-10,14.307458581685145,5.633500115518764,8.100336393771232e-06,9.762510921953617e-07,36875759.000734515
1514189.325304352,0.00014262029365265188,0.014262029365265187,8852.675790826983,6.573940099711076e-10,14.063559299077902,5.553326808888939,8.100336393771232e-06,1.0176057464309571e-06,35377158.714229554
1578331.4056521198,0.00013682432310937366,0.013682432310937366,9227.681103821,6.586868097167216e-10,13.820758169000026,5.472832232101842,8.100336393771232e-06,1.0607122116920333e-06,33939460.301464155
1645190.5877536607,0.00013126389600579997,0.013126389600579994,9618.571894618144,6.599796094623358e-10,13.57866423857694,5.392196315016942,8.100336393771232e-06,1.105644695874305e-06,32560188.76075959
1714881.9698705408,0.00012592944005173737,0.012592944005173735,10026.021082764655,6.612724092079499e-10,13.33717961897735,5.311418165087707,8.100336393771232e-06,1.1524805503699755e-06,31236969.672453985
1787525.5259042317,0.00012081177196693503,0.012081177196693502,10450.730093132144,6.62565208953564e-10,13.096818645715274,5.230428216368852,8.100336393771232e-06,1.2013004032283384e-06,29967525.111333262
1863246.3119315598,0.00011590208167203928,0.011590208167203925,10893.430063422706,6.638580086991782e-10,12.857936665216268,5.149345389439227,8.100336393771232e-06,1.2521882979572161e-06,28749669.725175813
1942174.6814890285,0.0001111919171220221,0.01111919171220221,11354.883102824098,6.651508084447923e-10,12.620232926607905,5.068293355232534,8.100336393771232e-06,1.3052318382040484e-06,27581306.97266372
2024446.5099768017,0.00010667316975596074,0.010667316975596072,11835.883603982957,6.664436081904063e-10,12.383680383578362,4.98726665634544,8.100336393771232e-06,1.3605223385658263e-06,26460425.51418071
2110203.4285685965,0.00010233806053812763,0.010233806053812763,12337.259610553943,6.677364079360205e-10,12.148824421432606,4.906269496974855,8.100336393771232e-06,1.4181549817874282e-06,25385095.749285433
2199593.06803007,9.817912656636237e-05,0.009817912656636237,12859.874242678809,6.690292076816345e-10,11.915721981979209,4.825369985627318,8.100336393771232e-06,1.4782289826189312e-06,24353466.49489983
2292769.312865649,9.418920822466188e-05,0.009418920822466186,13404.627182850478,6.703220074272488e-10,11.684246966561783,4.7446726999346485,8.100336393771232e-06,1.5408477586141221e-06,23363761.79849158
2389892.566231053,9.036143685788563e-05,0.009036143685788561,13972.456224718442,6.716148071728629e-10,11.454500747342292,4.664199547937609,8.100336393771232e-06,1.6061191081640472e-06,22414277.880767856
2491130.026067786,8.668922294734578e-05,0.008668922294734576,14564.338887503241,6.72907606918477e-10,11.226818195634534,4.5839522461959525,8.100336393771232e-06,1.6741553960722483e-06,21503380.20261437
2596655.9729348724,8.316624476693199e-05,0.008316624476693199,15181.294098798622,6.742004066640912e-10,11.001239386018021,4.503981283832696,8.100336393771232e-06,1.7450737469911013e-06,20629500.651231546
2706652.070033236,7.978643750024573e-05,0.00797864375002457,15824.383948657663,6.754932064097052e-10,10.777619927455527,4.424357399452364,8.100336393771232e-06,1.8189962470521653e-06,19791134.840624876
2821307.6759394705,7.654398279999956e-05,0.007654398279999956,16494.715517984172,6.767860061553193e-10,10.556095145101901,4.345109447751864,8.100336393771232e-06,1.896050154037842e-06,18986839.521799643
2940820.1705870666,7.343329877171891e-05,0.007343329877171891,17193.44278437503,6.780788059009336e-10,10.336937341980994,4.266250248473451,8.100336393771232e-06,1.9763681164559496e-06,18215230.098204426
3065395.2950565238,7.044903036449513e-05,0.007044903036449513,17921.768608695806,6.793716056465475e-10,10.12016107383931,4.1878294349255825,8.100336393771232e-06,2.0600884018944885e-06,17474978.242144294
3195247.5057592136,6.758604015224955e-05,0.006758604015224955,18680.946805809315,6.806644053921618e-10,9.905718524683369,4.109912063840409,8.100336393771232e-06,2.147355135049712e-06,16764809.60806075
3330600.3436245816,6.483939948964328e-05,0.0064839399489643275,19472.284303020657,6.819572051377758e-10,9.693654877905194,4.032520121573842,8.100336393771232e-06,2.2383185458370994e-06,16083501.638743075
3471686.8189265593,6.220438002739839e-05,0.006220438002739838,20297.143389956746,6.8325000488339e-10,9.484155808622658,3.9556437457661615,8.100336393771232e-06,2.333135228012641e-06,15429881.460692149
3618749.812411284,5.967644557243397e-05,0.005967644557243397,21156.944063750998,6.845428046290042e-10,9.277273688308178,3.8793515708401065,8.100336393771232e-06,2.4319684087493446e-06,14802823.86501609
3772042.4934169934,5.7251244278796706e-05,0.00572512442787967,22053.16647357246,6.858356043746181e-10,9.07300916864183,3.803689770368439,8.100336393771232e-06,2.534988229633277e-06,14201249.37037989
3931828.75570577,5.492460115594568e-05,0.005492460115594567,22987.35346870682,6.871284041202323e-10,8.871409365305949,3.72868903415545,8.100336393771232e-06,2.6423720395627926e-06,13624122.364675252
4098383.671757253,5.2692510881496703e-05,0.00526925108814967,23961.113254574968,6.884212038658464e-10,8.672513928835535,3.654322924163207,8.100336393771232e-06,2.7543047000550666e-06,13070449.322211975
4271993.966306777,5.0551130906047196e-05,0.005055113090604719,24976.122161263673,6.897140036114605e-10,8.47630833827705,3.5806334857881774,8.100336393771232e-06,2.870978903485772e-06,12539277.093360366
4452958.50994266,4.849677483821838e-05,0.004849677483821838,26034.12752933179,6.910068033570748e-10,8.28289546959379,3.5076783647711367,8.100336393771232e-06,2.992595504809465e-06,12029691.263701899
4641588.833612773,4.6525906098522296e-05,0.004652590609852229,27136.950717861826,6.922996031026888e-10,8.092314211457474,3.4354820920098423,8.100336393771232e-06,3.119363867331938e-06,11540814.579862276
4838209.664925957,4.463513183113005e-05,0.0044635131831130045,28286.49023993487,6.93592402848303e-10,7.904596654897768,3.3640424787863883,8.100336393771232e-06,3.251502223129756e-06,11071805.4393172
5043159.487171348,4.282119706306253e-05,0.004282119706306252,29484.72503092534,6.94885202593917e-10,7.719750154584009,3.2933794692420517,8.100336393771232e-06,3.389238048737292e-06,10621856.44157167
5256791.122018419,4.1080979100744436e-05,0.004108097910074443,30733.717855244286,6.961780023395311e-10,7.537753922735197,3.2235262022216693,8.100336393771232e-06,3.5328084567482753e-06,10190192.998217544
5479472.336900293,3.941148215428013e-05,0.0039411482154280125,32035.618857393056,6.974708020851454e-10,7.358640636863432,3.1544891826147343,8.100336393771232e-06,3.68246060400567e-06,9776071.999477817
5711586.478126423,3.780983218019265e-05,0.0037809832180192644,33392.66926344324,6.987636018307594e-10,7.182454809794344,3.0863015763025694,8.100336393771232e-06,3.838452117082886e-06,9378780.53494099
5953533.13081437,3.6273271933749664e-05,0.003627327193374966,34807.20523931382,7.000564015763736e-10,7.009268056354433,3.0189689192994438,8.100336393771232e-06,4.001051535788669e-06,8997634.666283758
6205728.806776513,3.4799156222360315e-05,0.003479915622236031,36281.661912486175,7.013492013219878e-10,6.838884179600982,2.9525059392186876,8.100336393771232e-06,4.170538775459004e-06,8631978.249869622
6468607.661546321,3.338494735186858e-05,0.0033384947351868576,37818.577564082916,7.026420010676018e-10,6.671560655924032,2.886915451758171,8.100336393771232e-06,4.347205608832149e-06,8281181.807195723
6742622.241778349,3.202821075790542e-05,0.0032028210757905416,39420.59799852634,7.03934800813216e-10,6.507031733205625,2.8222250310313752,8.100336393771232e-06,4.5313561683362795e-06,7944641.441243774
7028244.264308338,3.072661081478078e-05,0.003072661081478077,41090.48109829664,7.052276005588301e-10,6.345607202411358,2.7584411849301773,8.100336393771232e-06,4.72330746965412e-06,7621777.796870002
7325965.42821523,2.9477906814696635e-05,0.0029477906814696633,42831.10157163511,7.065204003044441e-10,6.186938359484883,2.695568646037422,8.100336393771232e-06,4.923389957466445e-06,7312035.06344345
7636298.261282257,2.827994911036325e-05,0.0028279949110363244,44645.45590136138,7.078132000500583e-10,6.031357586949077,2.6336211616071155,8.100336393771232e-06,5.1319480743133815e-06,7014880.018016657
7959777.002314977,2.713067541437539e-05,0.002713067541437539,46536.667503326644,7.091059997956724e-10,5.878557754523171,2.572609379382895,8.100336393771232e-06,5.349340853553178e-06,6729801.1073808875
8296958.520834915,2.6028107248978543e-05,0.002602810724897854,48507.99210338336,7.103987995412866e-10,5.728747861445072,2.512522184073542,8.100336393771232e-06,5.575942537439202e-06,6456307.567425776
8648423.275731709,2.4970346540115044e-05,0.0024970346540115038,50562.82334212449,7.116915992869007e-10,5.5818324998395505,2.4534058625596673,8.100336393771232e-06,5.8121432213787955e-06,6193928.578287828
9014776.314524917,2.395557234988348e-05,0.0023955572349883478,52704.69861704671,7.129843990325148e-10,5.437727249995849,2.395197850885235,8.100336393771232e-06,6.058349525483787e-06,5942212.453832504
9396648.31495471,2.298203774179012e-05,0.0022982037741790117,54937.30517218801,7.14277198778129e-10,5.296627173800852,2.3379947122087565,8.100336393771232e-06,6.3149852945679025e-06,5700725.864075551
9794696.670695385,2.2048066773392543e-05,0.0022048066773392543,57264.486445729046,7.155699985237431e-10,5.158174791582506,2.2816852657836613,8.100336393771232e-06,6.582492327796852e-06,5469053.089204152
10209606.623060476,2.1152051611160136e-05,0.0021152051611160135,59690.24868648274,7.168627982693571e-10,5.022861369191491,2.2264790642398005,8.100336393771232e-06,6.861331139246829e-06,5246795.303914122
10642092.440647224,2.029244976258484e-05,0.0020292449762584837,62218.76785066097,7.181555980149712e-10,4.890021287037086,2.172085934910751,8.100336393771232e-06,7.1519817506805736e-06,5033569.890831208
11092898.648952227,1.9467781420775487e-05,0.0019467781420775484,64854.39679079633,7.194483977605854e-10,4.760181481019663,2.1187081778686467,8.100336393771232e-06,7.454944517906339e-06,4829009.781834072
11562801.312073776,1.867662691696693e-05,0.0018676626916966927,67601.67274918758,7.207411975061996e-10,4.632904898916044,2.066233616095214,8.100336393771232e-06,7.770740992141547e-06,4632762.826145711
12052609.368708413,1.7917624276556123e-05,0.0017917624276556122,70465.32516877513,7.220339972518137e-10,4.508497973950627,2.0147547914754944,8.100336393771232e-06,8.099914817864694e-06,4444491.184104865
12563166.024741214,1.7189466874458965e-05,0.0017189466874458963,73450.28383489093,7.233267969974278e-10,4.3866860376383485,1.9641972074326617,8.100336393771232e-06,8.443032668700909e-06,4263870.745574074
13095350.20482665,1.6490901185752314e-05,0.0016490901185752312,76561.68736189466,7.246195967430418e-10,4.2676089507263475,1.9146110344249596,8.100336393771232e-06,8.800685222951824e-06,4090590.5719833598
13650078.065460138,1.5820724627726723e-05,0.001582072462772672,79804.89203931521,7.259123964886561e-10,4.1511326353705025,1.8659532934854022,8.100336393771232e-06,9.173488180450239e-06,3924352.3610484563
14228304.57214355,1.5177783489637745e-05,0.0015177783489637743,83185.48105271468,7.272051962342701e-10,4.037316524382283,1.8182530784156568,8.100336393771232e-06,9.56208332248868e-06,3764869.9332427955
14831025.143361028,1.4560970946589459e-05,0.0014560970946589458,86709.27409515862,7.284979959798842e-10,3.9260032822024344,1.7714674882421928,8.100336393771232e-06,9.96713961664778e-06,3611868.7391386
15459277.364194784,1.3969225154132283e-05,0.0013969225154132283,90382.33738583424,7.297907957254984e-10,3.8172594266709625,1.7256159985000905,8.100336393771232e-06,1.0389354368425893e-05,3465085.3867692663
16114142.772530166,1.3401527420295373e-05,0.001340152742029537,94210.99411306051,7.310835954711125e-10,3.7110405961060504,1.680683773132619,8.100336393771232e-06,1.0829454421652065e-05,3324267.1881995047
16796748.72092653,1.2856900451905146e-05,0.0012856900451905144,98201.83531967671,7.323763952167267e-10,3.6072790602835916,1.6366691401804159,8.100336393771232e-06,1.1288197409749986e-05,3189171.7245222535
17508270.31735727,1.2334406672172868e-05,0.0012334406672172868,102361.7312495379,7.336691949623409e-10,3.5059350196246855,1.5935647600498708,8.100336393771232e-06,1.1766373060005677e-05,3059566.4285339797
18249932.448161505,1.1833146606653477e-05,0.0011833146606653475,106697.84317465944,7.349619947079549e-10,3.406995081448108,1.5513502062418747,8.100336393771232e-06,1.2264804553085273e-05,2935228.1843695603
19023011.886689458,1.1352257334797876e-05,0.0011352257334797874,111217.63572336658,7.36254794453569e-10,3.310439398294325,1.510028702831638,8.100336393771232e-06,1.278434994014282e-05,2815942.943407714
19828839.491270673,1.0890911004433109e-05,0.0010890911004433107,115928.88973067001,7.37547594199183e-10,3.2162276530796032,1.469598473684311,8.100336393771232e-06,1.3325903619957406e-05,2701505.3557857764
20668802.49629082,1.0448313406612324e-05,0.0010448313406612323,120839.7156329973,7.388403939447972e-10,3.124288338625708,1.430050327999371,8.100336393771232e-06,1.389039787864339e-05,2591718.4168892903
21544346.900318865,1.0023702608382215e-05,0.0010023702608382215,125958.56743032804,7.401331936904115e-10,3.0345663139673946,1.3913399743877186,8.100336393771232e-06,1.4478804494583133e-05,2486393.1282080957
22456979.955397718,9.616347641113307e-06,0.0009616347641113305,131294.25723977838,7.414259934360255e-10,2.947087543618034,1.3534903281135584,8.100336393771232e-06,1.5092136411346185e-05,2385348.171974871
23408272.761782944,9.225547242135297e-06,0.0009225547242135297,136855.9704656868,7.427187931816397e-10,2.8617968739872053,1.3164946335926913,8.100336393771232e-06,1.573144948147464e-05,2288409.599026054
24399862.972595453,8.850628647511871e-06,0.000885062864751187,142653.28161230742,7.440115929272537e-10,2.7786351462312293,1.2803380481246531,8.100336393771232e-06,1.6397844284135574e-05,2195410.5293479906
25433457.613046482,8.49094643387538e-06,0.0008490946433875379,148696.1707663503,7.453043926728678e-10,2.6975737569856557,1.2449879191683302,8.100336393771232e-06,1.709246801977166e-05,2106190.8647924406
26510836.019085415,8.145881407329063e-06,0.0008145881407329062,154995.04077772333,7.46597192418482e-10,2.618581871352991,1.2104489612950577,8.100336393771232e-06,1.781651648500931e-05,2020597.013467259
27633852.90053167,7.814839537503022e-06,0.0007814839537503022,161560.73516806719,7.47889992164096e-10,2.5416052221280068,1.1767187833860429,8.100336393771232e-06,1.8571236131225933e-05,1938481.6253275196
28804441.53396298,7.497250934929206e-06,0.0007497250934929205,168404.5567979096,7.491827919097102e-10,2.4665994956522974,1.1437807530112067,8.100336393771232e-06,1.9357926210319593e-05,1859703.338511985
30024617.09085543,7.192568869975386e-06,0.0007192568869975385,175538.28732456575,7.504755916553244e-10,2.393556378839407,1.111613345787343,8.100336393771232e-06,2.0177941011374115e-05,1784126.535988342
31296480.106707502,6.900268831648392e-06,0.0006900268831648391,182974.20748429786,7.517683914009385e-10,2.3224411610507394,1.0802067407987619,8.100336393771232e-06,2.103269219207203e-05,1711621.1120880514
32622220.09711673,6.619847624647239e-06,0.0006619847624647237,190725.11823363107,7.530611911465527e-10,2.2531799183467247,1.0495604201711175,8.100336393771232e-06,2.1923651208866447e-05,1642062.2485291476
34004119.32703703,6.3508225031109726e-06,0.0006350822503110972,198804.36278623616,7.543539908921667e-10,2.1857316594542193,1.0196624809895956,8.100336393771232e-06,2.2852351850097537e-05,1575330.199541206
35444556.739704356,6.092730339570301e-06,0.00060927303395703,207225.84958331034,7.556467906377808e-10,2.1201048903822532,0.9904898627656475,8.100336393771232e-06,2.3820392876413553e-05,1511310.0857226597
36946012.051992945,5.845126827672559e-06,0.0005845126827672558,216004.07623699127,7.569395903833949e-10,2.0562570845542574,0.9620261065864539,8.100336393771232e-06,2.4829440773041047e-05,1449891.696275639
38511070.02325569,5.607585717306981e-06,0.000560758571730698,225154.1544880407,7.58232390129009e-10,1.9941011119276055,0.9342720594257106,8.100336393771232e-06,2.588123261864426e-05,1390969.299277748
40142424.90499326,5.379698080814133e-06,0.0005379698080814132,234691.8362207412,7.595251898746232e-10,1.933602405336989,0.9072203711242539,8.100336393771232e-06,2.6977579075710095e-05,1334441.459664313
41842885.07901576,5.161071609015766e-06,0.0005161071609015765,244633.54057981056,7.608179896202374e-10,1.8747856922988675,0.8808425142592788,8.100336393771232e-06,2.8120367507608782e-05,1280210.864607625
43615377.89208005,4.951329935853469e-06,0.0004951329935853468,254996.38223600524,7.621107893658515e-10,1.817609921189617,0.8551210189237707,8.100336393771232e-06,2.9311565227695253e-05,1228184.1559926365
45462954.6953239,4.7501119904736305e-06,0.000475011199047363,265798.20084906596,7.634035891114656e-10,1.7619566074894155,0.8300568831445755,8.100336393771232e-06,3.055322288604361e-05,1178271.769700748
47388796.09717651,4.557071375642824e-06,0.0004557071375642824,277057.5917787478,7.646963888570798e-10,1.7078292552929353,0.8056533771972352,8.100336393771232e-06,3.184747799964769e-05,1130387.781424898
49396217.43878326,4.371875771424193e-06,0.00043718757714241926,288793.93809677445,7.659891886026938e-10,1.6552562468950511,0.7818752657104737,8.100336393771232e-06,3.319655863216141e-05,1084449.7587506727
51488674.50137487,4.194206363087695e-06,0.00041942063630876945,301027.4439548524,7.672819883483079e-10,1.6041800942914992,0.7587015510774258,8.100336393771232e-06,3.460278722951683e-05,1040378.6192486635
53669769.45540476,4.02375729226968e-06,0.00040237572922696794,313779.1693661742,7.68574788093922e-10,1.5544661260297863,0.7361335156768145,8.100336393771232e-06,3.606858461802128e-05,998098.4943338474
55943257.06169366,3.860235130436996e-06,0.0003860235130436996,327071.06646028,7.698675878395361e-10,1.5061566501314443,0.7141805253849184,8.100336393771232e-06,3.7596474171815436e-05,957536.5986576411
58313051.135262184,3.703358373748841e-06,0.00037033583737488407,340926.0172737182,7.711603875851504e-10,1.4592718956598134,0.6928088292937212,8.100336393771232e-06,3.918908615686994e-05,918623.1048076918
60783231.28297236,3.552856958447261e-06,0.0003552856958447261,355367.8731415238,7.724531873307645e-10,1.413741349520649,0.6719863188108599,8.100336393771232e-06,4.0849162258994294e-05,881291.0230998291
63358049.92658241,3.408471795941627e-06,0.0003408471795941627,370421.4957573582,7.737459870763785e-10,1.3694382850776157,0.6517219416175453,8.100336393771232e-06,4.257956030365657e-05,845476.0862551336
66041939.623303056,3.26995432678688e-06,0.0003269954326786879,386112.79997298715,7.750387868219926e-10,1.3264126257444238,0.6320230654082204,8.100336393771232e-06,4.438325917573835e-05,811116.6387636316
68839520.6964551,3.137066092787862e-06,0.00031370660927878614,402468.7984107593,7.763315865676068e-10,1.2846982559447753,0.6128690370849393,8.100336393771232e-06,4.6263363947692046e-05,778153.5307441894
71755609.18936922,3.009578326492862e-06,0.00030095783264928613,419517.6479659105,7.776243863132209e-10,1.2441990355012122,0.5942080591161616,8.100336393771232e-06,4.8223111224931706e-05,746530.0161178265
74795225.15621829,2.8872715573697777e-06,0.00028872715573697775,437288.698278742,7.78917186058835e-10,1.204788466114721,0.5760553955677807,8.100336393771232e-06,5.026587471765889e-05,716191.6549191743
77963601.3040522,2.76993523398711e-06,0.000276993523398711,455812.54226009164,7.802099858044491e-10,1.1665522024961101,0.5584219049735661,8.100336393771232e-06,5.2395171048712136e-05,687086.2195779562
81266192.00091945,2.657367361548999e-06,0.0002657367361548999,475121.0687571267,7.815027855500634e-10,1.1295170656499467,0.5412980413101286,8.100336393771232e-06,5.461466580744449e-05,659163.6050090571
84708682.6655742,2.549374154160726e-06,0.00025493741541607253,495247.51745006803,7.827955852956775e-10,1.093559276420181,0.5246158703905371,8.100336393771232e-06,5.6928179860043906e-05,632375.7423565068
88296999.55494083,2.4457697012257483e-06,0.0002445769701225748,516226.53607439104,7.840883850412915e-10,1.0585647298824064,0.5083919315781895,8.100336393771232e-06,5.933969592716501e-05,606676.5162428078
92037319.9661823,2.3463756474000604e-06,0.000234637564740006,538094.2400670068,7.853811847869058e-10,1.024661772108276,0.49264715976503093,8.100336393771232e-06,6.185336544019459e-05,582021.6853811785
95936082.87093127,2.2510208855530807e-06,0.00022510208855530803,560888.2747390636,7.866739845325197e-10,0.9918430391755146,0.4773734127705297,8.100336393771232e-06,6.447351568794976e-05,558368.8064140806
100000000.0,2.1595412622061773e-06,0.0002159541262206177,584647.8800824716,7.879667842781339e-10,0.9599622973377689,0.4624925259488315,8.100336393771232e-06,6.720465726611944e-05,535677.1608468428
104236067.39764033,2.0717792949420724e-06,0.0002071779294942072,609413.9583216407,7.89259584023748e-10,0.9289575979160093,0.4480253894319667,8.100336393771232e-06,7.005149184226548e-05,513907.68495067855
108651577.46525373,1.98758390129843e-06,0.00019875839012984295,635229.1443267708,7.905523837693621e-10,0.8989535846742722,0.4339974092589032,8.100336393771232e-06,7.301892024975609e-05,493022.90251436934
113254131.51528126,1.9068101386789499e-06,0.00019068101386789495,662137.879009907,7.918451835149764e-10,0.8699199605064615,0.42039644661236064,8.100336393771232e-06,7.611205092456503e-05,472986.8603288559
118051652.8568803,1.8293189548343644e-06,0.00018293189548343643,690186.48583007,7.931379832605904e-10,0.841689794158857,0.4071537782122333,8.100336393771232e-06,7.93362086994556e-05,453765.066293709
123052400.43592615,1.754976948483551e-06,0.00017549769484835506,719423.2505392365,7.944307830062045e-10,0.8142844560309009,0.39428428336510396,8.100336393771232e-06,8.269694397069707e-05,435324.43003886926
128264983.05280624,1.683656139662919e-06,0.0001683656139662919,749898.504306374,7.957235827518188e-10,0.787774488626201,0.381811619039891,8.100336393771232e-06,8.62000422530847e-05,417633.2059594985
133698374.18249452,1.6152337494085466e-06,0.00016152337494085465,781664.7103626857,7.970163824974327e-10,0.7621300249660029,0.3697239603281219,8.100336393771232e-06,8.985153413971947e-05,400660.9385658332
139361927.42241433,1.5495919883918348e-06,0.00015495919883918346,814776.5543172186,7.983091822430469e-10,0.7371772953194318,0.3579648920515451,8.100336393771232e-06,9.365770568369173e-05,384378.410053969
145265392.59467784,1.4866178541449088e-06,0.00014866178541449084,849291.0382982638,7.996019819886609e-10,0.7129922432876747,0.3465387721413266,8.100336393771232e-06,9.762510921953611e-05,368757.5900073453
151418932.5304352,1.4262029365265187e-06,0.00014262029365265185,885267.5790826983,8.008947817342752e-10,0.6896049367059924,0.33546951381372625,8.100336393771232e-06,0.00010176057464309572,353771.5871422955
157833140.56521198,1.3682432310937374e-06,0.00013682432310937372,922768.1103820996,8.021875814798894e-10,0.6669736592053416,0.3247432236082265,8.100336393771232e-06,0.00010607122116920325,339394.60301464173
164519058.77536607,1.3126389600580002e-06,0.0001312638960058,961857.1894618141,8.034803812255034e-10,0.6449692845931778,0.31432389133275135,8.100336393771232e-06,0.00011056446958743047,325601.887607596
171488196.98705408,1.2592944005173745e-06,0.00012592944005173742,1002602.1082764647,8.047731809711175e-10,0.6236568605545172,0.3041984543409744,8.100336393771232e-06,0.00011524805503699745,312369.69672454003
178752552.59042317,1.2081177196693506e-06,0.00012081177196693503,1045073.0093132143,8.060659807167315e-10,0.6030524040719217,0.29439189362707086,8.100336393771232e-06,0.0001201300403228338,299675.2511133327
186324631.19315597,1.1590208167203922e-06,0.0001159020816720392,1089343.006342271,8.073587804623457e-10,0.5831060659786181,0.28489035632383886,8.100336393771232e-06,0.00012521882979572168,287496.69725175796
194217468.14890283,1.1119191712202195e-06,0.00011119191712202195,1135488.3102824113,8.086515802079599e-10,0.563736935235923,0.2756718496706398,8.100336393771232e-06,0.000130523183820405,275813.06972663687
202444650.9976802,1.0667316975596067e-06,0.00010667316975596066,1183588.3603982965,8.099443799535739e-10,0.5450903513237485,0.26682891888079124,8.100336393771232e-06,0.00013605223385658273,264604.25514180696
211020342.85685965,1.0233806053812773e-06,0.00010233806053812771,1233725.9610553933,8.112371796991882e-10,0.5269585827979937,0.25815520534781394,8.100336393771232e-06,0.00014181549817874267,253850.9574928546
219959306.80300704,9.81791265663623e-07,9.817912656636229e-05,1285987.424267882,8.125299794448023e-10,0.509406202460217,0.24975387129750165,8.100336393771232e-06,0.00014782289826189318,243534.66494899816
229276931.2865649,9.418920822466189e-07,9.418920822466188e-05,1340462.7182850477,8.138227791904164e-10,0.4923826475214653,0.24161054608605545,8.100336393771232e-06,0.00015408477586141222,233637.6179849158
238989256.62310526,9.036143685788563e-07,9.036143685788561e-05,1397245.6224718443,8.151155789360306e-10,0.4758990015632076,0.23370940362719814,8.100336393771232e-06,0.0001606119108164047,224142.7788076786
249113002.6067786,8.668922294734581e-07,8.66892229473458e-05,1456433.8887503236,8.164083786816445e-10,0.45996245020207976,0.22605021220300098,8.100336393771232e-06,0.00016741553960722476,215033.80202614376
259665597.29348725,8.316624476693205e-07,8.316624476693203e-05,1518129.4098798612,8.177011784272587e-10,0.44453973934155566,0.2186339300125903,8.100336393771232e-06,0.00017450737469911002,206295.0065123156
270665207.00332355,7.978643750024582e-07,7.97864375002458e-05,1582438.3948657648,8.189939781728728e-10,0.4295965259560319,0.21145057879219042,8.100336393771232e-06,0.00018189962470521634,197911.348406249
282130767.59394705,7.654398279999955e-07,7.654398279999955e-05,1649471.5517984172,8.202867779184869e-10,0.4151262415871271,0.20448532026045468,8.100336393771232e-06,0.00018960501540378426,189868.39521799638
294082017.05870664,7.343329877171893e-07,7.343329877171893e-05,1719344.2784375027,8.215795776641012e-10,0.40113683021314855,0.19773374686969342,8.100336393771232e-06,0.00019763681164559492,182152.30098204428
306539529.50565237,7.044903036449518e-07,7.044903036449517e-05,1792176.8608695792,8.228723774097152e-10,0.3876012695645939,0.19119578132231324,8.100336393771232e-06,0.00020600884018944879,174749.78242144303
319524750.57592136,6.75860401522496e-07,6.75860401522496e-05,1868094.6805809303,8.241651771553293e-10,0.37449636579292656,0.18486638872539737,8.100336393771232e-06,0.0002147355135049711,167648.0960806076
333060034.36245817,6.483939948964334e-07,6.483939948964333e-05,1947228.4303020637,8.254579769009434e-10,0.3618106143390094,0.17873529248103706,8.100336393771232e-06,0.00022383185458370975,160835.01638743086
347168681.89265597,6.220438002739841e-07,6.22043800273984e-05,2029714.3389956735,8.267507766465575e-10,0.34954348876637836,0.172792991178841,8.100336393771232e-06,0.00023331352280126403,154298.81460692157
361874981.2411284,5.967644557243397e-07,5.967644557243395e-05,2115694.4063751004,8.280435763921717e-10,0.3376815151422128,0.16703940615199073,8.100336393771232e-06,0.00024319684087493448,148028.2386501609
377204249.34169936,5.725124427879665e-07,5.7251244278796645e-05,2205316.647357248,8.293363761377858e-10,0.32620197488702224,0.16147097250508022,8.100336393771232e-06,0.0002534988229633279,142012.4937037988
393182875.570577,5.492460115594567e-07,5.492460115594566e-05,2298735.3468706827,8.306291758833999e-10,0.31509235224264653,0.1560796845249202,8.100336393771232e-06,0.00026423720395627934,136241.22364675248
409838367.1757253,5.26925108814967e-07,5.2692510881496703e-05,2396111.3254574966,8.319219756290141e-10,0.304350616161678,0.1508583077816834,8.100336393771232e-06,0.0002754304700055066,130704.49322211977
427199396.63067764,5.055113090604718e-07,5.0551130906047176e-05,2497612.2161263684,8.332147753746283e-10,0.2939654416612792,0.14580268189436302,8.100336393771232e-06,0.0002870978903485773,125392.7709336036
445295850.994266,4.849677483821838e-07,4.849677483821838e-05,2603412.7529331786,8.345075751202423e-10,0.2839194200177311,0.14090981221522042,8.100336393771232e-06,0.0002992595504809465,120296.912637019
464158883.3612773,4.652590609852231e-07,4.65259060985223e-05,2713695.0717861815,8.358003748658564e-10,0.274200961417637,0.13617467764275604,8.100336393771232e-06,0.0003119363867331937,115408.14579862278
483820966.49259573,4.4635131831130053e-07,4.4635131831130046e-05,2828649.0239934865,8.370931746114706e-10,0.2648045210581348,0.13159144953852078,8.100336393771232e-06,0.00032515022231297555,110718.054393172
504315948.71713483,4.282119706306253e-07,4.2821197063062526e-05,2948472.503092534,8.383859743570846e-10,0.2557212599208421,0.12715500352947556,8.100336393771232e-06,0.00033892380487372917,106218.5644157167
525679112.2018419,4.108097910074444e-07,4.1080979100744436e-05,3073371.785524428,8.396787741026988e-10,0.2469385443514669,0.1228612332034436,8.100336393771232e-06,0.0003532808456748275,101901.92998217544
547947233.6900293,3.941148215428012e-07,3.941148215428012e-05,3203561.885739306,8.409715738483129e-10,0.23844587395281053,0.11870758618552668,8.100336393771232e-06,0.0003682460604005671,97760.71999477815
571158647.8126423,3.780983218019265e-07,3.7809832180192645e-05,3339266.9263443244,8.42264373593927e-10,0.23023448991118312,0.11468932425394436,8.100336393771232e-06,0.0003838452117082886,93787.80534940989
595353313.081437,3.6273271933749634e-07,3.627327193374963e-05,3480720.523931385,8.435571733395413e-10,0.22229749187907774,0.11080026244519728,8.100336393771232e-06,0.00040010515357886717,89976.34666283753
620572880.6776488,3.4799156222360445e-07,3.479915622236044e-05,3628166.1912486036,8.448499730851552e-10,0.21462640093693552,0.10703748753486571,8.100336393771232e-06,0.00041705387754589865,86319.78249869656
646860766.1546321,3.3384947351868585e-07,3.338494735186858e-05,3781857.756408291,8.461427728307694e-10,0.20721199357903633,0.10339854195585205,8.100336393771232e-06,0.0004347205608832149,82811.81807195723
674262224.1778349,3.202821075790542e-07,3.2028210757905417e-05,3942059.799852635,8.474355725763836e-10,0.20004382021284667,0.09987886685435841,8.100336393771232e-06,0.000453135616833628,79446.41441243773
702824426.4308338,3.0726610814780787e-07,3.0726610814780784e-05,4109048.109829662,8.487283723219976e-10,0.19311523467427194,0.09647318815926502,8.100336393771232e-06,0.00047233074696541197,76217.77796870003
732596542.8215231,2.9477906814696626e-07,2.9477906814696622e-05,4283110.157163512,8.500211720676118e-10,0.18642059588484253,0.09317991029783423,8.100336393771232e-06,0.0004923389957466447,73120.35063443446
763629826.1282257,2.827994911036324e-07,2.8279949110363237e-05,4464545.59013614,8.51313971813226e-10,0.17995264386580767,0.0899948262030703,8.100336393771232e-06,0.0005131948074313384,70148.80018016655
795977700.2314978,2.713067541437537e-07,2.7130675414375368e-05,4653666.7503326675,8.526067715588401e-10,0.17369970107135793,0.08691456872736833,8.100336393771232e-06,0.0005349340853553182,67298.01107380883
829695852.0834914,2.602810724897855e-07,2.6028107248978547e-05,4850799.210338335,8.538995713044542e-10,0.16765796620799187,0.08393600620266398,8.100336393771232e-06,0.0005575942537439201,64563.075674257765
864842327.5731709,2.497034654011502e-07,2.4970346540115014e-05,5056282.334212455,8.551923710500682e-10,0.16182070375965213,0.08105660947444175,8.100336393771232e-06,0.0005812143221378802,61939.28578287822
901477631.4524918,2.395557234988348e-07,2.3955572349883478e-05,5270469.861704671,8.564851707956824e-10,0.156183269087759,0.07827172524831151,8.100336393771232e-06,0.0006058349525483786,59422.12453832505
939664831.495471,2.2982037741790117e-07,2.2982037741790116e-05,5493730.517218802,8.577779705412966e-10,0.1507329881835626,0.07557929039064207,8.100336393771232e-06,0.0006314985294567902,57007.258640755506
979469667.0695386,2.2048066773392555e-07,2.2048066773392554e-05,5726448.644572903,8.590707702869106e-10,0.14546917025850956,0.07297666873339062,8.100336393771232e-06,0.0006582492327796848,54690.530892041555
1020960662.3060476,2.1152051611160138e-07,2.1152051611160136e-05,5969024.868648274,8.603635700325248e-10,0.1403837872181952,0.07046040696762254,8.100336393771232e-06,0.0006861331139246829,52467.95303914123
1064209244.0647224,2.029244976258482e-07,2.0292449762584816e-05,6221876.785066103,8.616563697781388e-10,0.13547277762379653,0.06802853335129488,8.100336393771232e-06,0.000715198175068058,50335.69890831202
1109289864.8952227,1.9467781420775477e-07,1.9467781420775473e-05,6485439.679079638,8.629491695237531e-10,0.13072701340696372,0.06567708980074814,8.100336393771232e-06,0.0007454944517906344,48290.09781834069
1156280131.2073777,1.8676626916966932e-07,1.867662691696693e-05,6760167.274918756,8.642419692693672e-10,0.12614455811505484,0.06340545090371227,8.100336393771232e-06,0.0007770740992141545,46327.628261457125
1205260936.8708413,1.7917624276556124e-07,1.791762427655612e-05,7046532.516877513,8.655347690149812e-10,0.12171724576451876,0.06120854400657331,8.100336393771232e-06,0.0008099914817864695,44444.91184104866
1256316602.4741216,1.7189466874458972e-07,1.718946687445897e-05,7345028.38348909,8.668275687605954e-10,0.11744259704785495,0.05908705751940204,8.100336393771232e-06,0.0008443032668700905,42638.707455740754
1309535020.482665,1.649090118575231e-07,1.649090118575231e-05,7656168.736189467,8.681203685062095e-10,0.11331345299257782,0.05703520229347757,8.100336393771232e-06,0.0008800685222951827,40905.90571983359
1365007806.5460138,1.5820724627726732e-07,1.582072462772673e-05,7980489.203931518,8.694131682518236e-10,0.1093265482200102,0.05505392085425698,8.100336393771232e-06,0.0009173488180450234,39243.52361048458
1422830457.2143548,1.517778348963775e-07,1.5177783489637747e-05,8318548.105271467,8.707059679974378e-10,0.1054758060603585,0.053138291689234916,8.100336393771232e-06,0.0009562083322488679,37648.69933242796
1483102514.336103,1.4560970946589443e-07,1.4560970946589442e-05,8670927.409515869,8.719987677430519e-10,0.10175805416620724,0.051288283441322746,8.100336393771232e-06,0.000996713961664779,36118.68739138596
1545927736.4194784,1.3969225154132276e-07,1.3969225154132275e-05,9038233.738583429,8.732915674886661e-10,0.098167722953831,0.04950025886341391,8.100336393771232e-06,0.00103893543684259,34650.85386769264
1611414277.2530165,1.340152742029538e-07,1.3401527420295378e-05,9421099.411306048,8.745843672342801e-10,0.09470149046994417,0.047773042393468614,8.100336393771232e-06,0.001082945442165206,33242.67188199506
1679674872.092653,1.2856900451905153e-07,1.2856900451905151e-05,9820183.531967668,8.758771669798942e-10,0.09135450988663031,0.04610452107150638,8.100336393771232e-06,0.0011288197409749982,31891.717245222553
1750827031.7357268,1.2334406672172858e-07,1.2334406672172856e-05,10236173.124953799,8.771699667255084e-10,0.08812328036088406,0.04449239002901407,8.100336393771232e-06,0.0011766373060005685,30595.66428533977
1824993244.8161504,1.1833146606653487e-07,1.1833146606653487e-05,10669784.317465935,8.784627664711225e-10,0.08500364312285437,0.04293569773096369,8.100336393771232e-06,0.0011833146606653488,29352.28184369563
1902301188.6689458,1.135225733479787e-07,1.1352257334797869e-05,11121763.572336663,8.797555662167366e-10,0.08199205673581375,0.041431236783071826,8.100336393771232e-06,0.0011352257334797868,28159.429434077123
1982883949.1270673,1.0890911004433112e-07,1.089091100443311e-05,11592888.973066997,8.810483659623506e-10,0.07908511876002017,0.03997892759757019,8.100336393771232e-06,0.0010890911004433112,27015.053557857776
2066880249.629082,1.0448313406612317e-07,1.0448313406612317e-05,12083971.563299738,8.823411657079649e-10,0.0762783037391741,0.038575336757235415,8.100336393771232e-06,0.0010448313406612316,25917.184168892887
2154434690.0318866,1.0023702608382214e-07,1.0023702608382213e-05,12595856.743032806,8.836339654535791e-10,0.07356952980932376,0.03722050582572141,8.100336393771232e-06,0.0010023702608382215,24863.931282080965
2245697995.5397716,9.616347641113303e-08,9.616347641113302e-06,13129425.723977841,8.849267651991931e-10,0.0709542758594432,0.03591134971923466,8.100336393771232e-06,0.0009616347641113301,23853.481719748695
2340827276.178294,9.225547242135301e-08,9.2255472421353e-06,13685597.046568673,8.862195649448072e-10,0.0684309329015535,0.034647594769452894,8.100336393771232e-06,0.0009225547242135301,22884.09599026055
2439986297.2595453,8.850628647511872e-08,8.850628647511871e-06,14265328.161230741,8.875123646904213e-10,0.06599442804894416,0.033426940697173696,8.100336393771232e-06,0.0008850628647511872,21954.105293479905
2543345761.3046484,8.490946433875375e-08,8.490946433875374e-06,14869617.076635035,8.888051644360355e-10,0.06364371619995933,0.03224822432365143,8.100336393771232e-06,0.0008490946433875375,21061.908647924396
2651083601.9085417,8.145881407329067e-08,8.145881407329065e-06,15499504.077772327,8.900979641816496e-10,0.061373983930430996,0.03111012037776678,8.100336393771232e-06,0.0008145881407329065,20205.970134672596
2763385290.053167,7.814839537503025e-08,7.814839537503024e-06,16156073.516806714,8.913907639272637e-10,0.05918454144813051,0.03001108791394074,8.100336393771232e-06,0.0007814839537503024,19384.8162532752
2880444153.396298,7.497250934929206e-08,7.497250934929206e-06,16840455.67979096,8.926835636728778e-10,0.057071374091737556,0.028950172879393457,8.100336393771232e-06,0.0007497250934929206,18597.033385119852
3002461709.085543,7.192568869975382e-08,7.1925688699753805e-06,17553828.732456587,8.939763634184919e-10,0.05503256570067425,0.027925895549954626,8.100336393771232e-06,0.0007192568869975381,17841.26535988341
3129648010.6707506,6.900268831648389e-08,6.9002688316483876e-06,18297420.748429798,8.952691631641061e-10,0.053064010253582976,0.026937073780985442,8.100336393771232e-06,0.0006900268831648388,17116.211120880507
3262222009.7116733,6.61984762464724e-08,6.6198476246472396e-06,19072511.823363103,8.965619629097202e-10,0.0511653630249965,0.02598216149389582,8.100336393771232e-06,0.000661984762464724,16420.62248529148
3400411932.7037024,6.350822503110974e-08,6.350822503110974e-06,19880436.27862361,8.978547626553343e-10,0.04933369590494857,0.02506064066366478,8.100336393771232e-06,0.0006350822503110974,15753.301995412065
3544455673.9704356,6.092730339570296e-08,6.092730339570296e-06,20722584.95833105,8.991475624009485e-10,0.04756603352219437,0.02417122741148656,8.100336393771232e-06,0.0006092730339570295,15113.100857226587
3694601205.199295,5.845126827672556e-08,5.845126827672555e-06,21600407.623699136,9.004403621465625e-10,0.04585988661605986,0.023312304525911934,8.100336393771232e-06,0.0005845126827672555,14498.916962756384
3851107002.3255687,5.6075857173069765e-08,5.607585717306976e-06,22515415.448804084,9.017331618921767e-10,0.044214395176403236,0.02248339052638859,8.100336393771232e-06,0.0005607585717306977,13909.692992777469
4014242490.499326,5.3796980808141306e-08,5.37969808081413e-06,23469183.622074135,9.030259616377908e-10,0.042627557006056874,0.021683384574912277,8.100336393771232e-06,0.000537969808081413,13344.41459664312
4184288507.901576,5.1610716090157664e-08,5.161071609015766e-06,24463354.057981048,9.043187613834049e-10,0.04109571750170903,0.020911100571653275,8.100336393771232e-06,0.0005161071609015767,12802.108646076253
4361537789.208006,4.951329935853468e-08,4.951329935853467e-06,25499638.223600533,9.056115611290191e-10,0.03961775265758163,0.02016590596565148,8.100336393771232e-06,0.0004951329935853467,12281.84155992636
4546295469.532391,4.750111990473633e-08,4.750111990473633e-06,26579820.084906578,9.069043608746331e-10,0.038192473708696315,0.019446798011643,8.100336393771232e-06,0.00047501119904736335,11782.717697007487
4738879609.717651,4.557071375642827e-08,4.557071375642827e-06,27705759.177874766,9.081971606202473e-10,0.03681791970499578,0.018752497061200416,8.100336393771232e-06,0.0004557071375642827,11303.877814248985
4939621743.878325,4.371875771424191e-08,4.371875771424191e-06,28879393.809677456,9.094899603658615e-10,0.035491669788542506,0.018082690006532256,8.100336393771232e-06,0.00043718757714241905,10844.497587506723
5148867450.137487,4.194206363087693e-08,4.194206363087693e-06,30102744.39548525,9.107827601114755e-10,0.03421216065076809,0.01743655361323957,8.100336393771232e-06,0.00041942063630876934,10403.78619248663
5366976945.540476,4.023757292269685e-08,4.023757292269684e-06,31377916.936617386,9.120755598570896e-10,0.03297818680712803,0.016812995840243577,8.100336393771232e-06,0.00040237572922696837,9980.984943338486
5594325706.169366,3.860235130436999e-08,3.860235130436998e-06,32707106.646027982,9.133683596027037e-10,0.031788393821869855,0.016211196595451047,8.100336393771232e-06,0.00038602351304369985,9575.365986576415
5831305113.526218,3.70335837374884e-08,3.70335837374884e-06,34092601.72737183,9.146611593483179e-10,0.030658718477550532,0.015648611716681138,8.100336393771232e-06,0.00037033583737488396,9186.231048076914
6078323128.297236,3.552856958447262e-08,3.552856958447261e-06,35536787.314152375,9.159539590939321e-10,0.029550968334290096,0.015088026158295648,8.100336393771232e-06,0.00035528569584472613,8812.910230998292
6335804992.658241,3.408471795941626e-08,3.408471795941626e-06,37042149.57573582,9.172467588395461e-10,0.028482534747393397,0.014547264553385677,8.100336393771232e-06,0.0003408471795941626,8454.760862551335
6604193962.330305,3.2699543267868794e-08,3.2699543267868794e-06,38611279.99729872,9.185395585851603e-10,0.027452661762378837,0.014025346992077465,8.100336393771232e-06,0.00032699543267868797,8111.1663876363145
6883952069.645511,3.137066092787864e-08,3.137066092787864e-06,40246879.8410759,9.198323583307745e-10,0.026459589190591066,0.01352162814939824,8.100336393771232e-06,0.0003137066092787864,7781.5353074419
7175560918.936921,3.009578326492862e-08,3.0095783264928617e-06,41951764.79659104,9.211251580763885e-10,0.025501221761073865,0.013035761969237844,8.100336393771232e-06,0.00030095783264928613,7465.300161178263
7479522515.621829,2.887271557369778e-08,2.8872715573697777e-06,43728869.827874206,9.224179578220028e-10,0.02457688619543184,0.012567277066858215,8.100336393771232e-06,0.0002887271557369778,7161.916549191744
7796360130.405221,2.769935233987108e-08,2.769935233987108e-06,45581254.2260092,9.237107575676167e-10,0.023686092157730525,0.012115328798655678,8.100336393771232e-06,0.0002769935233987108,6870.862195779558
8126619200.091946,2.6573673615489975e-08,2.657367361548997e-06,47512106.8757127,9.250035573132309e-10,0.022827504504353762,0.011679096554835549,8.100336393771232e-06,0.00026573673615489977,6591.636050090568
8470868266.55742,2.5493741541607256e-08,2.5493741541607255e-06,49524751.74500681,9.262963570588451e-10,0.021998890987525183,0.011258219849883244,8.100336393771232e-06,0.00025493741541607253,6323.757423565067
8829699955.494083,2.4457697012257482e-08,2.445769701225748e-06,51622653.607439116,9.275891568044591e-10,0.021199522297260697,0.010852459400295911,8.100336393771232e-06,0.0002445769701225748,6066.765162428079
9203731996.61823,2.3463756474000603e-08,2.34637564740006e-06,53809424.00670068,9.288819565500733e-10,0.020429183604031547,0.010461278707338822,8.100336393771232e-06,0.00023463756474000598,5820.216853811786
9593608287.093126,2.251020885553082e-08,2.2510208855530816e-06,56088827.47390632,9.301747562956874e-10,0.019687086394755002,0.010083688859041724,8.100336393771232e-06,0.00022510208855530816,5583.688064140808
10000000000.0,2.1595412622061766e-08,2.159541262206176e-06,58464788.00824717,9.314675560413015e-10,0.018971247511539568,0.0097193554042757,8.100336393771232e-06,0.00021595412622061764,5356.771608468425
10423606739.764032,2.0717792949420712e-08,2.071779294942071e-06,60941395.83216411,9.327603557869158e-10,0.01828027161647243,0.00936806788565697,8.100336393771232e-06,0.00020717792949420712,5139.076849506784
10865157746.525372,1.9875839012984307e-08,1.9875839012984306e-06,63522914.432677045,9.340531555325298e-10,0.01761440787121042,0.009029545158523996,8.100336393771232e-06,0.00019875839012984306,4930.229025143696
11325413151.528126,1.906810138678951e-08,1.906810138678951e-06,66213787.90099065,9.35345955278144e-10,0.016973263204043593,0.008703099387410916,8.100336393771232e-06,0.00019068101386789509,4729.868603288562
11805165285.68803,1.8293189548343657e-08,1.8293189548343657e-06,69018648.58300695,9.36638755023758e-10,0.016355106981397482,0.008387924206498075,8.100336393771232e-06,0.0001829318954834366,4537.650662937094
12305240043.592615,1.7549769484835512e-08,1.7549769484835512e-06,71942325.05392364,9.379315547693722e-10,0.015758117029819264,0.008083937293192255,8.100336393771232e-06,0.00017549769484835511,4353.244300388694
12826498305.280624,1.68365613966292e-08,1.6836561396629196e-06,74989850.43063736,9.392243545149864e-10,0.01518274433251374,0.007790996092447462,8.100336393771232e-06,0.000168365613966292,4176.332059594988
13369837418.249453,1.615233749408547e-08,1.6152337494085468e-06,78166471.03626855,9.405171542606004e-10,0.014628864923790036,0.007508791250386526,8.100336393771232e-06,0.00016152337494085468,4006.6093856583325
13936192742.241434,1.5495919883918343e-08,1.5495919883918342e-06,81477655.43172187,9.418099540062146e-10,0.014095395573755148,0.007236392637027826,8.100336393771232e-06,0.00015495919883918343,3843.7841005396886
14526539259.467783,1.4866178541449087e-08,1.4866178541449085e-06,84929103.82982638,9.431027537518285e-10,0.013579790717101118,0.0069734256807716865,8.100336393771232e-06,0.00014866178541449084,3687.5759000734524
15141893253.04352,1.4262029365265184e-08,1.4262029365265183e-06,88526757.90826985,9.443955534974427e-10,0.013082806716509672,0.006720025367965265,8.100336393771232e-06,0.00014262029365265182,3537.7158714229536
15783314056.521196,1.3682432310937364e-08,1.3682432310937364e-06,92276811.03821002,9.456883532430569e-10,0.01260448730405942,0.0064759786432569124,8.100336393771232e-06,0.00013682432310937364,3393.9460301464146
16451905877.536608,1.3126389600580007e-08,1.3126389600580004e-06,96185718.94618137,9.469811529886709e-10,0.012144150920311094,0.006240840289739743,8.100336393771232e-06,0.00013126389600580005,3256.018876075961
17148819698.705408,1.2592944005173736e-08,1.2592944005173734e-06,100260210.82764655,9.482739527342851e-10,0.011699186810712551,0.006013515778356795,8.100336393771232e-06,0.00012592944005173734,3123.6969672453984
17875255259.042316,1.2081177196693499e-08,1.2081177196693497e-06,104507300.93132147,9.495667524798991e-10,0.011270090867555912,0.005794436292530133,8.100336393771232e-06,0.00012081177196693499,2996.7525111333257
18632463119.315598,1.1590208167203925e-08,1.1590208167203924e-06,108934300.63422708,9.508595522255133e-10,0.010857177684638335,0.005583479122923079,8.100336393771232e-06,0.00011590208167203926,2874.9669725175804
19421746814.890285,1.1119191712202205e-08,1.1119191712202204e-06,113548831.02824105,9.521523519711275e-10,0.010459820816297026,0.0053803381906226,8.100336393771232e-06,0.00011119191712202204,2758.1306972663706
20244465099.768017,1.0667316975596075e-08,1.0667316975596073e-06,118358836.03982957,9.534451517167416e-10,0.01007622553490831,0.005184186850952301,8.100336393771232e-06,0.00010667316975596073,2646.042551418071
21102034285.685966,1.0233806053812766e-08,1.0233806053812765e-06,123372596.10553941,9.547379514623558e-10,0.009705887048775395,0.00499485423767816,8.100336393771232e-06,0.00010233806053812765,2538.509574928544
21995930680.3007,9.817912656636239e-09,9.817912656636239e-07,128598742.42678808,9.560307512079698e-10,0.009349544913848056,0.004812559844431848,8.100336393771232e-06,9.81791265663624e-05,2435.346649489984
22927693128.656487,9.418920822466192e-09,9.41892082246619e-07,134046271.82850473,9.57323550953584e-10,0.00900665552076754,0.004637037709292511,8.100336393771232e-06,9.41892082246619e-05,2336.3761798491582
23898925662.310528,9.036143685788567e-09,9.036143685788566e-07,139724562.24718434,9.586163506991982e-10,0.008676110252573588,0.00446790858677087,8.100336393771232e-06,9.036143685788568e-05,2241.4277880767872
24911300260.67786,8.668922294734573e-09,8.668922294734572e-07,145643388.87503248,9.599091504448122e-10,0.008356559748482742,0.004304352606220254,8.100336393771232e-06,8.668922294734572e-05,2150.3380202614358
25966559729.348724,8.316624476693206e-09,8.316624476693205e-07,151812940.98798612,9.612019501904262e-10,0.008049100975659444,0.004146849446443994,8.100336393771232e-06,8.316624476693205e-05,2062.950065123156
27066520700.332355,7.978643750024575e-09,7.978643750024574e-07,158243839.4865766,9.624947499360404e-10,0.007753273033684986,0.003995215059144169,8.100336393771232e-06,7.978643750024573e-05,1979.1134840624882
28213076759.394707,7.65439827999996e-09,7.654398279999959e-07,164947155.1798416,9.637875496816545e-10,0.007468324368036301,0.003849164276474778,8.100336393771232e-06,7.65439827999996e-05,1898.6839521799652
29408201705.870667,7.3433298771718955e-09,7.343329877171895e-07,171934427.8437502,9.650803494272687e-10,0.007192918789351132,0.003708203992595811,8.100336393771232e-06,7.343329877171894e-05,1821.5230098204433
30653952950.565235,7.044903036449511e-09,7.044903036449511e-07,179217686.08695808,9.663731491728829e-10,0.006927740860378845,0.003572198910129461,8.100336393771232e-06,7.044903036449511e-05,1747.4978242144286
31952475057.592136,6.758604015224959e-09,6.758604015224958e-07,186809468.05809307,9.67665948918497e-10,0.006672598543571643,0.0034412618947265994,8.100336393771232e-06,6.758604015224958e-05,1676.4809608060755
33306003436.24582,6.483939948964331e-09,6.483939948964331e-07,194722843.03020647,9.689587486641111e-10,0.006426905590540142,0.003315160780360727,8.100336393771232e-06,6.48393994896433e-05,1608.3501638743082
34716868189.265594,6.220438002739839e-09,6.220438002739839e-07,202971433.8995674,9.702515484097251e-10,0.006189766734667571,0.003193621147445986,8.100336393771232e-06,6.220438002739839e-05,1542.9881460692154
36187498124.11284,5.967644557243392e-09,5.967644557243392e-07,211569440.6375101,9.715443481553393e-10,0.005961120526341414,0.0030763349680987527,8.100336393771232e-06,5.967644557243392e-05,1480.282386501608
37720424934.16994,5.725124427879667e-09,5.725124427879665e-07,220531664.73572472,9.728371479009533e-10,0.005741113034134561,0.002963298080791513,8.100336393771232e-06,5.725124427879666e-05,1420.124937037988
39318287557.0577,5.49246011559457e-09,5.492460115594569e-07,229873534.6870681,9.741299476465676e-10,0.005529308002566509,0.0028544561976697096,8.100336393771232e-06,5.492460115594569e-05,1362.4122364675256
40983836717.57253,5.269251088149673e-09,5.269251088149673e-07,239611132.54574957,9.754227473921816e-10,0.005325112391562963,0.0027496143528225633,8.100336393771232e-06,5.2692510881496724e-05,1307.0449322211982
42719939663.067764,5.05511309060472e-09,5.055113090604719e-07,249761221.61263672,9.767155471377958e-10,0.0051281501287705035,0.0026485491501746427,8.100336393771232e-06,5.055113090604719e-05,1253.9277093360365
44529585099.4266,4.849677483821837e-09,4.849677483821836e-07,260341275.29331794,9.7800834688341e-10,0.004938506956690571,0.002551073101231782,8.100336393771232e-06,4.849677483821837e-05,1202.9691263701898
46415888336.12772,4.652590609852234e-09,4.652590609852233e-07,271369507.178618,9.79301146629024e-10,0.004755953867925271,0.002457156826635406,8.100336393771232e-06,4.652590609852232e-05,1154.0814579862283
48382096649.259575,4.4635131831130025e-09,4.463513183113002e-07,282864902.39934886,9.805939463746382e-10,0.004580098946441365,0.002366713269308279,8.100336393771232e-06,4.463513183113003e-05,1107.1805439317195
50431594871.713486,4.282119706306251e-09,4.282119706306251e-07,294847250.30925345,9.818867461202522e-10,0.004410509652829586,0.002279575016160427,8.100336393771232e-06,4.282119706306251e-05,1062.1856441571665
52567911220.18419,4.108097910074443e-09,4.108097910074442e-07,307337178.5524429,9.831795458658665e-10,0.0042471053039516826,0.00219557645859398,8.100336393771232e-06,4.108097910074442e-05,1019.019299821754
54794723369.00292,3.9411482154280165e-09,3.941148215428016e-07,320356188.57393026,9.844723456114805e-10,0.004089804552577049,0.0021146012826414357,8.100336393771232e-06,3.941148215428016e-05,977.6071999477824
57115864781.26423,3.780983218019264e-09,3.7809832180192635e-07,333926692.63443255,9.857651453570947e-10,0.0039383471133790275,0.0020366062778123745,8.100336393771232e-06,3.780983218019264e-05,937.8780534940986
59535331308.1437,3.6273271933749658e-09,3.6273271933749655e-07,348072052.3931383,9.870579451027087e-10,0.0037924013209461,0.0019614975420571452,8.100336393771232e-06,3.627327193374966e-05,899.7634666283759
62057288067.76488,3.4799156222360475e-09,3.479915622236047e-07,362816619.1248601,9.88350744848323e-10,0.003651707596616171,0.0018891359600504809,8.100336393771232e-06,3.479915622236048e-05,863.1978249869663
64686076615.46321,3.3384947351868583e-09,3.338494735186858e-07,378185775.64082915,9.896435445939371e-10,0.003516214542499736,0.0018193848771893937,8.100336393771232e-06,3.338494735186858e-05,828.1181807195724
67426222417.78349,3.2028210757905426e-09,3.202821075790542e-07,394205979.9852634,9.909363443395513e-10,0.003385778599235844,0.001752158884356897,8.100336393771232e-06,3.2028210757905417e-05,794.4641441243774
70282442643.08339,3.0726610814780765e-09,3.072661081478076e-07,410904810.9829665,9.922291440851651e-10,0.0032601384913934373,0.0016874106919313064,8.100336393771232e-06,3.0726610814780764e-05,762.177779687
73259654282.1523,2.947790681469662e-09,2.9477906814696615e-07,428311015.71635133,9.935219438307794e-10,0.003139065776562359,0.0016250480245996665,8.100336393771232e-06,2.947790681469662e-05,731.2035063443445
76362982612.82257,2.827994911036325e-09,2.827994911036325e-07,446454559.01361376,9.948147435763936e-10,0.00302242592441303,0.00156496537392745,8.100336393771232e-06,2.827994911036325e-05,701.4880018016657
79597770023.14978,2.7130675414375392e-09,2.7130675414375387e-07,465366675.0332664,9.961075433220076e-10,0.002910110509475777,0.001507069737692373,8.100336393771232e-06,2.713067541437539e-05,672.9801107380887
82969585208.34915,2.602810724897856e-09,2.6028107248978555e-07,485079921.0338333,9.974003430676216e-10,0.002801968475288722,0.001451277703677858,8.100336393771232e-06,2.602810724897856e-05,645.630756742578
86484232757.3171,2.4970346540115036e-09,2.4970346540115035e-07,505628233.42124504,9.986931428132358e-10,0.0026978074607318155,0.0013975470700408564,8.100336393771232e-06,2.4970346540115034e-05,619.3928578287827
90147763145.24918,2.3955572349883464e-09,2.3955572349883465e-07,527046986.17046744,9.9998594255885e-10,0.002597418759002549,0.00134579430266069,8.100336393771232e-06,2.395557234988346e-05,594.2212453832501
93966483149.5471,2.2982037741790114e-09,2.2982037741790112e-07,549373051.7218802,1.001278742304464e-09,0.002500754135158617,0.0012959343297423008,8.100336393771232e-06,2.2982037741790112e-05,570.072586407555
97946966706.95386,2.204806677339257e-09,2.2048066773392568e-07,572644864.4572898,1.002571542050078e-09,0.0024076973468880043,0.0012479058079933128,8.100336393771232e-06,2.204806677339257e-05,546.9053089204159
102096066230.60475,2.1152051611160136e-09,2.1152051611160133e-07,596902486.8648274,1.0038643417956923e-09,0.0023180517598771545,0.0012016307321946326,8.100336393771232e-06,2.1152051611160133e-05,524.6795303914122
106420924406.47224,2.029244976258484e-09,2.029244976258484e-07,622187678.5066096,1.0051571415413063e-09,0.002231707063938691,0.0011570578061328046,8.100336393771232e-06,2.029244976258484e-05,503.3569890831208
110928986489.52228,1.946778142077549e-09,1.9467781420775487e-07,648543967.9079634,1.0064499412869205e-09,0.002148563288132067,0.0011141379376305974,8.100336393771232e-06,1.9467781420775487e-05,482.9009781834072
115628013120.73778,1.8676626916966913e-09,1.867662691696691e-07,676016727.4918762,1.0077427410325347e-09,0.002068468088584725,0.001072782958853603,8.100336393771232e-06,1.8676626916966913e-05,463.2762826145708
120526093687.08414,1.7917624276556125e-09,1.791762427655612e-07,704653251.6877513,1.0090355407781487e-09,0.0019913488363496037,0.0010329431751758095,8.100336393771232e-06,1.7917624276556123e-05,444.44911841048656
125631660247.41214,1.7189466874458978e-09,1.7189466874458977e-07,734502838.3489087,1.010328340523763e-09,0.0019171051371931075,0.000994575968430538,8.100336393771232e-06,1.718946687445898e-05,426.3870745574078
130953502048.2665,1.6490901185752307e-09,1.6490901185752305e-07,765616873.6189467,1.011621140269377e-09,0.0018455761380680342,0.000957615994086336,8.100336393771232e-06,1.6490901185752307e-05,409.0590571983358
136500780654.60138,1.5820724627726719e-09,1.5820724627726718e-07,798048920.3931522,1.0129139400149911e-09,0.0017766892239371398,0.000922018219933011,8.100336393771232e-06,1.582072462772672e-05,392.4352361048455
142283045721.4355,1.5177783489637747e-09,1.5177783489637744e-07,831854810.5271468,1.0142067397606054e-09,0.001710361559210471,0.000887741306144383,8.100336393771232e-06,1.5177783489637745e-05,376.4869933242796
148310251433.6103,1.4560970946589455e-09,1.4560970946589453e-07,867092740.9515862,1.0154995395062192e-09,0.0016465076401408348,0.0008547127752926851,8.100336393771232e-06,1.4560970946589454e-05,361.1868739138599
154592773641.94785,1.3969225154132277e-09,1.3969225154132276e-07,903823373.8583428,1.0167923392518334e-09,0.001584997309831708,0.0008229084859087524,8.100336393771232e-06,1.3969225154132276e-05,346.50853867692643
161141427725.30167,1.3401527420295374e-09,1.3401527420295374e-07,942109941.1306049,1.0180851389974476e-09,0.0015257832192812307,0.0007922798547380655,8.100336393771232e-06,1.3401527420295373e-05,332.4267188199505
167967487209.26532,1.2856900451905146e-09,1.2856900451905145e-07,982018353.1967672,1.0193779387430618e-09,0.0014687460210285478,0.000762773708587208,8.100336393771232e-06,1.2856900451905148e-05,318.9171724522254
175082703173.5727,1.2334406672172866e-09,1.2334406672172863e-07,1023617312.4953792,1.020670738488676e-09,0.001413826164418094,0.0007343711773471413,8.100336393771232e-06,1.2334406672172865e-05,305.9566428533979
182499324481.61505,1.183314660665348e-09,1.183314660665348e-07,1066978431.7465942,1.0219635382342898e-09,0.0013609646130011669,0.0007070030712846714,8.100336393771232e-06,1.183314660665348e-05,293.52281843695613
190230118866.8946,1.135225733479787e-09,1.1352257334797867e-07,1112176357.2336664,1.023256337979904e-09,0.0013100433389576357,0.0006806567442917396,8.100336393771232e-06,1.1352257334797867e-05,281.59429434077117
198288394912.70673,1.0890911004433109e-09,1.0890911004433107e-07,1159288897.3067002,1.024549137725518e-09,0.0012610368489141862,0.0006552803817064677,8.100336393771232e-06,1.0890911004433107e-05,270.15053557857766
206688024962.9082,1.044831340661232e-09,1.0448313406612318e-07,1208397156.3299735,1.0258419374711323e-09,0.0012138172241983353,0.0006308404757994333,8.100336393771232e-06,1.0448313406612319e-05,259.17184168892896
215443469003.18866,1.0023702608382215e-09,1.0023702608382212e-07,1259585674.3032806,1.0271347372167465e-09,0.0011683904672331223,0.0006073145278719895,8.100336393771232e-06,1.0023702608382211e-05,248.63931282080955
224569799553.97717,9.616347641113304e-10,9.616347641113303e-08,1312942572.3977842,1.0284275369623607e-09,0.0011246144475628985,0.0005846423844152053,8.100336393771232e-06,9.616347641113303e-06,238.534817197487
234082727617.82944,9.225547242135297e-10,9.225547242135296e-08,1368559704.6568677,1.0297203367079747e-09,0.0010824960822264963,0.0005628263551094775,8.100336393771232e-06,9.225547242135297e-06,228.8409599026054
243998629725.95453,8.850628647511881e-10,8.85062864751188e-08,1426532816.1230726,1.0310131364535887e-09,0.0010419194805206347,0.0005418008541600048,8.100336393771232e-06,8.85062864751188e-06,219.54105293479927
254334576130.4648,8.490946433875379e-10,8.490946433875378e-08,1486961707.663503,1.032305936199203e-09,0.0010037336017841424,0.0005224450612707601,8.100336393771232e-06,8.490946433875378e-06,210.61908647924403
265108360190.85416,8.145881407329067e-10,8.145881407329067e-08,1549950407.7772324,1.0335987359448172e-09,0.0009661087483247426,0.0005029311000593019,8.100336393771232e-06,8.145881407329067e-06,202.059701346726
276338529005.3167,7.814839537503026e-10,7.814839537503024e-08,1615607351.6806712,1.0348915356904312e-09,0.0009298749271571033,0.00048413672000485037,8.100336393771232e-06,7.814839537503024e-06,193.84816253275199
288044415339.62976,7.497250934929203e-10,7.497250934929202e-08,1684045567.9790967,1.0361843354360454e-09,0.0008950116335929351,0.00046605044702399884,8.100336393771232e-06,7.497250934929203e-06,185.97033385119846
300246170908.5543,7.192568869975381e-10,7.192568869975381e-08,1755382873.2456584,1.0374771351816594e-09,0.0008614126567228928,0.00044861670699304076,8.100336393771232e-06,7.1925688699753805e-06,178.4126535988341
312964801067.075,6.900268831648389e-10,6.900268831648389e-08,1829742074.8429792,1.0387699349272736e-09,0.0008291014874241078,0.000431845740937592,8.100336393771232e-06,6.900268831648388e-06,171.16211120880507
326222200971.1673,6.619847624647235e-10,6.619847624647235e-08,1907251182.3363116,1.0400627346728878e-09,0.0007979573985177137,0.0004156833877257659,8.100336393771232e-06,6.6198476246472345e-06,164.20622485291466
340041193270.37024,6.350822503110974e-10,6.350822503110973e-08,1988043627.8623614,1.0413555344185018e-09,0.0007680087946468334,0.0004001298892566344,8.100336393771232e-06,6.350822503110973e-06,157.53301995412062
354445567397.0436,6.092730339570298e-10,6.092730339570297e-08,2072258495.8331046,1.0426483341641158e-09,0.0007391500814728679,0.0003851523491227665,8.100336393771232e-06,6.0927303395702964e-06,151.1310085722659
369460120519.9295,5.845126827672556e-10,5.8451268276725556e-08,2160040762.3699136,1.0439411339097298e-09,0.0007113829131046761,0.00037072762207855236,8.100336393771232e-06,5.845126827672555e-06,144.98916962756385
385110700232.5569,5.607585717306979e-10,5.6075857173069785e-08,2251541544.8804073,1.045233933655344e-09,0.0006846458067082404,0.00035684640072226425,8.100336393771232e-06,5.607585717306979e-06,139.09692992777477
401424249049.9326,5.37969808081413e-10,5.379698080814129e-08,2346918362.207413,1.0465267334009583e-09,0.0006589093457778583,0.000343472297883746,8.100336393771232e-06,5.37969808081413e-06,133.44414596643122
418428850790.1576,5.161071609015764e-10,5.161071609015763e-08,2446335405.7981067,1.0478195331465725e-09,0.0006341434552476512,0.0003306033450899136,8.100336393771232e-06,5.1610716090157635e-06,128.02108646076243
436153778920.80054,4.951329935853473e-10,4.951329935853473e-08,2549963822.36005,1.0491123328921867e-09,0.0006102854099706459,0.00031821070220697863,8.100336393771232e-06,4.951329935853473e-06,122.81841559926373
454629546953.239,4.750111990473634e-10,4.7501119904736324e-08,2657982008.490658,1.0504051326378005e-09,0.0005873303410242244,0.00030627803461367916,8.100336393771232e-06,4.750111990473633e-06,117.82717697007486
473887960971.7651,4.5570713756428247e-10,4.5570713756428244e-08,2770575917.7874775,1.0516979323834147e-09,0.00056522532699673,0.00029479205330576745,8.100336393771232e-06,4.557071375642825e-06,113.03877814248979
493962174387.8326,4.3718757714241916e-10,4.371875771424191e-08,2887939380.9677453,1.052990732129029e-09,0.0005439536293093201,0.00028372992338137845,8.100336393771232e-06,4.3718757714241915e-06,108.44497587506724
514886745013.7487,4.1942063630876917e-10,4.194206363087691e-08,3010274439.5485263,1.0542835318746432e-09,0.000523477228558543,0.0002730832238711999,8.100336393771232e-06,4.1942063630876915e-06,104.03786192486625
536697694554.0476,4.023757292269685e-10,4.023757292269684e-08,3137791693.661738,1.0555763316202572e-09,0.000503762346651734,0.0002628339549825793,8.100336393771232e-06,4.023757292269684e-06,99.80984943338485
559432570616.9366,3.860235130436998e-10,3.8602351304369974e-08,3270710664.602799,1.0568691313658712e-09,0.000484784069314656,0.00025296342970927124,8.100336393771232e-06,3.860235130436997e-06,95.75365986576413
583130511352.6218,3.70335837374884e-10,3.7033583737488395e-08,3409260172.737183,1.0581619311114854e-09,0.00046652159242295516,0.00024346264190439014,8.100336393771232e-06,3.70335837374884e-06,91.86231048076914
607832312829.7236,3.5528569584472617e-10,3.552856958447262e-08,3553678731.4152374,1.0594547308570996e-09,0.00044894435791132076,0.0002343154532322084,8.100336393771232e-06,3.552856958447262e-06,88.12910230998293
633580499265.8241,3.4084717959416267e-10,3.408471795941626e-08,3704214957.5735817,1.0607475306027136e-09,0.00043201714546083384,0.00022550929802183417,8.100336393771232e-06,3.4084717959416265e-06,84.54760862551336
660419396233.0305,3.2699543267868795e-10,3.2699543267868794e-08,3861127999.7298713,1.0620403303483278e-09,0.00041572828593060756,0.0002170347982782542,8.100336393771232e-06,3.26995432678688e-06,81.11166387636317
688395206964.5482,3.137066092787874e-10,3.1370660927878736e-08,4024687984.107578,1.0633331300939418e-09,0.0004000499775094794,0.00020887454227301008,8.100336393771232e-06,3.1370660927878734e-06,77.81535307441924
717556091893.6921,3.0095783264928617e-10,3.009578326492861e-08,4195176479.6591043,1.0646259298395558e-09,0.00038495939322949756,0.0002010177879491934,8.100336393771232e-06,3.0095783264928613e-06,74.65300161178264
747952251562.1829,2.8872715573697785e-10,2.887271557369778e-08,4372886982.78742,1.06591872958517e-09,0.0003704389773820981,0.00019345583177346188,8.100336393771232e-06,2.8872715573697777e-06,71.61916549191743
779636013040.5221,2.769935233987111e-10,2.7699352339871102e-08,4558125422.600915,1.0672115293307843e-09,0.0003564566921152147,0.000186176924348997,8.100336393771232e-06,2.7699352339871103e-06,68.70862195779563
812661920009.1946,2.657367361548997e-10,2.6573673615489968e-08,4751210687.571271,1.0685043290763985e-09,0.0003429968227374149,0.0001791714895165894,8.100336393771232e-06,2.6573673615489966e-06,65.91636050090565
847086826655.742,2.549374154160727e-10,2.5493741541607266e-08,4952475174.500678,1.0697971288220127e-09,0.0003300481131038532,0.0001724265787118508,8.100336393771232e-06,2.5493741541607268e-06,63.237574235650705
882969995549.4083,2.445769701225748e-10,2.445769701225748e-08,5162265360.743912,1.0710899285676265e-09,0.00031758617800831834,0.00016593165411864125,8.100336393771232e-06,2.445769701225748e-06,60.66765162428079
920373199661.823,2.34637564740006e-10,2.34637564740006e-08,5380942400.670068,1.0723827283132407e-09,0.00030558924392766056,0.00015968115348835026,8.100336393771232e-06,2.3463756474000604e-06,58.20216853811786
959360828709.3127,2.251020885553084e-10,2.2510208855530836e-08,5608882747.390628,1.0736755280588547e-09,0.00029403994084027457,0.00015366589468717584,8.100336393771232e-06,2.2510208855530833e-06,55.83688064140812
1000000000000.0,2.1595412622061753e-10,2.159541262206175e-08,5846478800.824721,1.074968327804469e-09,0.0002829256776782241,0.00014787657763412948,8.100336393771232e-06,2.159541262206175e-06,53.56771608468422
1042360673976.4033,2.0717792949420727e-10,2.0717792949420725e-08,6094139583.216407,1.0762611275500832e-09,0.0002722344165585312,0.00014230244453560908,8.100336393771232e-06,2.0717792949420724e-06,51.390768495067874
1086515774652.5417,1.9875839012984208e-10,1.9875839012984205e-08,6352291443.267736,1.0775539272956972e-09,0.00026194612222055577,0.00013693547811836275,8.100336393771232e-06,1.9875839012984205e-06,49.30229025143671
1132541315152.808,1.9068101386789573e-10,1.906810138678957e-08,6621378790.099044,1.0788467270413112e-09,0.0002520369804995951,0.00013177033497766604,8.100336393771232e-06,1.906810138678957e-06,47.298686032885776
1180516528568.8032,1.829318954834365e-10,1.829318954834365e-08,6901864858.300697,1.0801395267869254e-09,0.0002424988586392501,0.000126800741867699,8.100336393771232e-06,1.8293189548343649e-06,45.37650662937092
1230524004359.2615,1.7549769484835498e-10,1.7549769484835496e-08,7194232505.392369,1.0814323265325396e-09,0.00023332359495862977,0.00012201787588480568,8.100336393771232e-06,1.7549769484835499e-06,43.5324430038869
1282649830528.0625,1.6836561396629192e-10,1.6836561396629192e-08,7498985043.063738,1.0827251262781538e-09,0.00022449839942246703,0.00011741233669324182,8.100336393771232e-06,1.6836561396629192e-06,41.763320595949864
1336983741824.9507,1.6152337494085402e-10,1.6152337494085402e-08,7816647103.626887,1.084017926023768e-09,0.00021600262353701875,0.00011297866503604749,8.100336393771232e-06,1.61523374940854e-06,40.06609385658316
1393619274224.1377,1.5495919883918418e-10,1.5495919883918416e-08,8147765543.172148,1.0853107257693819e-09,0.00020782133868888565,0.00010871261405145024,8.100336393771232e-06,1.5495919883918416e-06,38.437841005397075
1452653925946.7783,1.4866178541449077e-10,1.4866178541449075e-08,8492910382.982643,1.086603525514996e-09,0.00019994895321264275,0.0001046087255076779,8.100336393771232e-06,1.4866178541449077e-06,36.87575900073451
1514189325304.352,1.4262029365265205e-10,1.4262029365265202e-08,8852675790.826973,1.0878963252606103e-09,0.0001923779027085575,0.00010065854342491731,8.100336393771232e-06,1.4262029365265204e-06,35.377158714229594
1578331405652.1196,1.3682432310937361e-10,1.368243231093736e-08,9227681103.821005,1.0891891250062245e-09,0.00018509539103122381,9.685427617070671e-05,8.100336393771232e-06,1.368243231093736e-06,33.93946030146414
1645190587753.6675,1.3126389600579962e-10,1.3126389600579959e-08,9618571894.61817,1.0904819247518387e-09,0.00017808063106054575,9.319211327756192e-05,8.100336393771232e-06,1.312638960057996e-06,32.560188760759495
1714881969870.534,1.2592944005173796e-10,1.2592944005173796e-08,10026021082.764605,1.0917747244974523e-09,0.0001713261814104179,8.966886756007984e-05,8.100336393771232e-06,1.2592944005173796e-06,31.236969672454133
1787525525904.2317,1.2081177196693502e-10,1.20811771966935e-08,10450730093.132147,1.0930675242430665e-09,0.0001648299521967669,8.628021004108405e-05,8.100336393771232e-06,1.2081177196693501e-06,29.96752511133326
1863246311931.5598,1.1590208167203934e-10,1.1590208167203932e-08,10893430063.422699,1.0943603239886807e-09,0.00015858516472301847,8.301848781454638e-05,8.100336393771232e-06,1.1590208167203932e-06,28.749669725175824
1942174681489.0283,1.1119191712202207e-10,1.1119191712202206e-08,11354883102.824102,1.095653123734295e-09,0.0001525749830534833,7.987650230156583e-05,8.100336393771232e-06,1.1119191712202206e-06,27.58130697266371
2024446509976.81,1.0667316975596023e-10,1.066731697559602e-08,11835883603.983013,1.0969459234799092e-09,0.00014678279356533885,7.685231428557799e-05,8.100336393771232e-06,1.0667316975596023e-06,26.460425514180585
2110203428568.588,1.0233806053812811e-10,1.0233806053812809e-08,12337259610.553886,1.098238723225523e-09,0.00014120954530716994,7.39436362585488e-05,8.100336393771232e-06,1.023380605381281e-06,25.385095749285547
2199593068030.0703,9.817912656636232e-11,9.81791265663623e-09,12859874242.678818,1.0995315229711372e-09,0.00013585230754540716,7.114682780540948e-05,8.100336393771232e-06,9.81791265663623e-07,24.353466494899816
2292769312865.649,9.418920822466194e-11,9.418920822466193e-09,13404627182.850468,1.1008243227167514e-09,0.00013070350447624832,6.84549753187478e-05,8.100336393771232e-06,9.418920822466195e-07,23.363761798491595
2389892566231.0527,9.03614368578857e-11,9.036143685788569e-09,13972456224.718431,1.1021171224623656e-09,0.00012574125294057483,6.58604940872602e-05,8.100336393771232e-06,9.036143685788569e-07,22.414277880767877
2491130026067.796,8.668922294734543e-11,8.668922294734542e-09,14564338887.503298,1.1034099222079798e-09,0.00012096062064507533,6.33640249053439e-05,8.100336393771232e-06,8.668922294734542e-07,21.50338020261428
2596655972934.862,8.316624476693232e-11,8.31662447669323e-09,15181294098.798563,1.1047027219535936e-09,0.00011636507927165439,6.096365625348428e-05,8.100336393771232e-06,8.316624476693231e-07,20.629500651231623
2706652070033.236,7.978643750024577e-11,7.978643750024577e-09,15824383948.657654,1.1059955216992079e-09,0.00011194876001100181,5.865590763203387e-05,8.100336393771232e-06,7.978643750024577e-07,19.79113484062489
2821307675939.4707,7.654398279999959e-11,7.654398279999957e-09,16494715517.984167,1.107288321444822e-09,0.00010770294327070179,5.6434318802911874e-05,8.100336393771232e-06,7.654398279999958e-07,18.986839521799652
2940820170587.067,7.343329877171897e-11,7.3433298771718955e-09,17193442784.37502,1.1085811211904363e-09,0.00010360398023862083,5.4292113660636277e-05,8.100336393771232e-06,7.343329877171897e-07,18.21523009820444
3065395295056.536,7.044903036449482e-11,7.044903036449481e-09,17921768608.695885,1.1098739209360505e-09,9.966223399347786e-05,5.223217804699558e-05,8.100336393771232e-06,7.044903036449481e-07,17.474978242144214
3195247505759.2007,6.75860401522499e-11,6.758604015224989e-09,18680946805.80922,1.1111667206816641e-09,9.587445512693596e-05,5.025189606767231e-05,8.100336393771232e-06,6.758604015224989e-07,16.764809608060833
3330600343624.5815,6.483939948964331e-11,6.48393994896433e-09,19472284303.020645,1.1124595204272785e-09,9.223446904766948e-05,4.834812992116468e-05,8.100336393771232e-06,6.483939948964331e-07,16.083501638743083
3471686818926.5596,6.220438002739842e-11,6.220438002739841e-09,20297143389.956734,1.1137523201728925e-09,8.872860221662232e-05,4.651417706367982e-05,8.100336393771232e-06,6.220438002739842e-07,15.42988146069216
3618749812411.284,5.967644557243398e-11,5.967644557243398e-09,21156944063.75099,1.1150451199185068e-09,8.534803513823809e-05,4.474661785873416e-05,8.100336393771232e-06,5.967644557243399e-07,14.802823865016094
3772042493417.009,5.72512442787964e-11,5.725124427879639e-09,22053166473.572575,1.116337919664121e-09,8.209968013911605e-05,4.3047504955594675e-05,8.100336393771232e-06,5.72512442787964e-07,14.201249370379815
3931828755705.754,5.4924601155945876e-11,5.492460115594587e-09,22987353468.706734,1.117630719409735e-09,7.897822838357249e-05,4.141413743328837e-05,8.100336393771232e-06,5.492460115594587e-07,13.624122364675298
4098383671757.253,5.269251088149676e-11,5.2692510881496754e-09,23961113254.574944,1.118923519155349e-09,7.597823180072333e-05,3.9843838900583065e-05,8.100336393771232e-06,5.269251088149676e-07,13.070449322211989
4271993966306.7764,5.0551130906047194e-11,5.055113090604719e-09,24976122161.263676,1.1202163189009632e-09,7.308246945588316e-05,3.8329996360991676e-05,8.100336393771232e-06,5.055113090604718e-07,12.539277093360363
4452958509942.66,4.84967748382184e-11,4.849677483821839e-09,26034127529.331783,1.1215091186465774e-09,7.029690411361551e-05,3.687220813738021e-05,8.100336393771232e-06,4.849677483821839e-07,12.029691263701903
4641588833612.792,4.652590609852214e-11,4.652590609852213e-09,27136950717.86192,1.1228019183921916e-09,6.762031023857353e-05,3.5470921491132414e-05,8.100336393771232e-06,4.6525906098522135e-07,11.540814579862236
4838209664925.9375,4.463513183113021e-11,4.46351318311302e-09,28286490239.93477,1.1240947181378056e-09,6.504817358501337e-05,3.4123856843186435e-05,8.100336393771232e-06,4.4635131831130206e-07,11.071805439317238
5043159487171.349,4.282119706306249e-11,4.282119706306249e-09,29484725030.92537,1.1253875178834197e-09,6.257256806471182e-05,3.2828160461152264e-05,8.100336393771232e-06,4.282119706306249e-07,10.621856441571659
5256791122018.419,4.1080979100744445e-11,4.108097910074444e-09,30733717855.244278,1.1266803176290339e-09,6.018501429714313e-05,3.1579618609247564e-05,8.100336393771232e-06,4.108097910074444e-07,10.190192998217546
5479472336900.293,3.9411482154280124e-11,3.9411482154280116e-09,32035618857.393063,1.127973117374648e-09,5.7890113520427206e-05,3.0377620577189792e-05,8.100336393771232e-06,3.9411482154280126e-07,9.776071999477814
5711586478126.446,3.780983218019247e-11,3.780983218019247e-09,33392669263.443405,1.1292659171202623e-09,5.5684921198317725e-05,2.9222191418008335e-05,8.100336393771232e-06,3.780983218019247e-07,9.378780534940944
5953533130814.346,3.627327193374981e-11,3.6273271933749807e-09,34807205239.31368,1.1305587168658763e-09,5.356464871361185e-05,2.811123353242136e-05,8.100336393771232e-06,3.627327193374981e-07,8.997634666283796
6205728806776.487,3.479915622236047e-11,3.4799156222360467e-09,36281661912.48601,1.1318515166114901e-09,5.152250205507963e-05,2.70424371968253e-05,8.100336393771232e-06,3.4799156222360466e-07,8.631978249869663
6468607661546.32,3.3384947351868556e-11,3.3384947351868554e-09,37818577564.08294,1.1331443163571045e-09,4.9555410505744336e-05,2.6013163577168656e-05,8.100336393771232e-06,3.3384947351868553e-07,8.281181807195717
6742622241778.349,3.2028210757905385e-11,3.2028210757905384e-09,39420597998.52639,1.1344371161027187e-09,4.766491059254604e-05,2.5022207369077935e-05,8.100336393771232e-06,3.202821075790538e-07,7.944641441243765
7028244264308.367,3.072661081478065e-11,3.072661081478065e-09,41090481098.2968,1.1357299158483328e-09,4.5847789431031236e-05,2.4069485846226886e-05,8.100336393771232e-06,3.0726610814780655e-07,7.6217777968699725
7325965428215.2,2.947790681469675e-11,2.9477906814696745e-09,42831101571.63495,1.1370227155939468e-09,4.410001190129002e-05,2.3153376253856288e-05,8.100336393771232e-06,2.9477906814696747e-07,7.312035063443478
7636298261282.226,2.8279949110363363e-11,2.8279949110363357e-09,44645455901.3612,1.138315515339561e-09,4.2416417197572586e-05,2.2271984962354547e-05,8.100336393771232e-06,2.827994911036336e-07,7.014880018016684
7959777002314.978,2.713067541437538e-11,2.7130675414375376e-09,46536667503.32666,1.139608315085175e-09,4.079623390019772e-05,2.142356934025093e-05,8.100336393771232e-06,2.7130675414375376e-07,6.729801107380883
8296958520834.915,2.602810724897855e-11,2.6028107248978546e-09,48507992103.383354,1.1409011148307892e-09,3.923886808789012e-05,2.0606863705561745e-05,8.100336393771232e-06,2.6028107248978544e-07,6.456307567425776
8648423275731.744,2.4970346540114937e-11,2.4970346540114933e-09,50562823342.1247,1.1421939145764034e-09,3.774151038673777e-05,1.9821413848026858e-05,8.100336393771232e-06,2.4970346540114934e-07,6.193928578287802
9014776314524.88,2.3955572349883563e-11,2.395557234988356e-09,52704698617.04653,1.1434867143220174e-09,3.630089448322766e-05,1.9066156786536198e-05,8.100336393771232e-06,2.395557234988356e-07,5.942212453832525
9396648314954.672,2.2982037741790206e-11,2.29820377417902e-09,54937305172.187805,1.1447795140676316e-09,3.49140221632154e-05,1.83396708036559e-05,8.100336393771232e-06,2.2982037741790202e-07,5.700725864075573
9794696670695.385,2.204806677339255e-11,2.2048066773392545e-09,57264486445.72904,1.1460723138132459e-09,3.3579692138549495e-05,1.7640516376439123e-05,8.100336393771232e-06,2.2048066773392547e-07,5.469053089204153
10209606623060.475,2.1152051611160147e-11,2.115205161116015e-09,59690248686.482704,1.1473651135588599e-09,3.2296882985189215e-05,1.6967623317747083e-05,8.100336393771232e-06,2.1152051611160148e-07,5.246795303914126
10642092440647.268,2.0292449762584757e-11,2.0292449762584753e-09,62218767850.661224,1.148657913304474e-09,3.1063412454433824e-05,1.632038233919002e-05,8.100336393771232e-06,2.0292449762584755e-07,5.0335698908311866
11092898648952.182,1.946778142077556e-11,1.9467781420775557e-09,64854396790.7961,1.149950713050088e-09,2.9876615435510005e-05,1.5697962372548997e-05,8.100336393771232e-06,1.9467781420775556e-07,4.82900978183409
11562801312073.73,1.8676626916967e-11,1.8676626916967e-09,67601672749.18732,1.1512435127957023e-09,2.8734251991627315e-05,1.5099264763809815e-05,8.100336393771232e-06,1.8676626916967e-07,4.632762826145729
12052609368708.414,1.7917624276556118e-11,1.7917624276556116e-09,70465325168.77515,1.1525363125413163e-09,2.7635371497748334e-05,1.452314548135201e-05,8.100336393771232e-06,1.7917624276556116e-07,4.444491184104864
12563166024741.215,1.7189466874458963e-11,1.7189466874458961e-09,73450283834.89093,1.1538291122869305e-09,2.6578746314314837e-05,1.3968733513832094e-05,8.100336393771232e-06,1.718946687445896e-07,4.263870745574074
13095350204826.703,1.6490901185752243e-11,1.649090118575224e-09,76561687361.89499,1.1551219120325445e-09,2.5562704538005027e-05,1.3435378051359919e-05,8.100336393771232e-06,1.649090118575224e-07,4.090590571983341
13650078065460.082,1.5820724627726795e-11,1.5820724627726791e-09,79804892039.31487,1.1564147117781586e-09,2.4585390436369998e-05,1.2922521028266305e-05,8.100336393771232e-06,1.5820724627726792e-07,3.9243523610484736
14228304572143.49,1.5177783489637805e-11,1.5177783489637803e-09,83185481052.71437,1.1577075115237728e-09,2.3644501407576486e-05,1.2429178419140653e-05,8.100336393771232e-06,1.5177783489637802e-07,3.7648699332428097
14831025143361.03,1.4560970946589446e-11,1.4560970946589447e-09,86709274095.15866,1.159000311269387e-09,2.2739663123035832e-05,1.1954528444380371e-05,8.100336393771232e-06,1.4560970946589445e-07,3.611868739138597
15459277364194.785,1.3969225154132286e-11,1.3969225154132285e-09,90382337385.83421,1.160293111015001e-09,2.1869534759789734e-05,1.1497911279160086e-05,8.100336393771232e-06,1.3969225154132286e-07,3.465085386769267
16114142772530.232,1.3401527420295317e-11,1.3401527420295317e-09,94210994113.0609,1.1615859107606152e-09,2.10327418317904e-05,1.1058552111580622e-05,8.100336393771232e-06,1.3401527420295316e-07,3.324267188199491
16796748720926.463,1.2856900451905198e-11,1.2856900451905196e-09,98201835319.67633,1.1628787105062292e-09,2.022789081999923e-05,1.0636015014368044e-05,8.100336393771232e-06,1.2856900451905198e-07,3.1891717245222666
17508270317357.197,1.2334406672172913e-11,1.2334406672172911e-09,102361731249.53755,1.1641715102518434e-09,1.9453295280010578e-05,1.0229608220174673e-05,8.100336393771232e-06,1.233440667217291e-07,3.0595664285339903
18249932448161.504,1.183314660665348e-11,1.1833146606653479e-09,106697843174.65942,1.1654643099974577e-09,1.8708268192004115e-05,9.838603372041095e-06,8.100336393771232e-06,1.1833146606653478e-07,2.935228184369561
19023011886689.457,1.1352257334797877e-11,1.1352257334797876e-09,111217635723.36656,1.1667571097430719e-09,1.801150519160312e-05,9.48228725425265e-06,8.100336393771232e-06,1.1352257334797875e-07,2.8159429434077143
19828839491270.754,1.0890911004433061e-11,1.089091100443306e-09,115928889730.6705,1.1680499094886859e-09,1.73217499554237e-05,9.119718510768381e-06,8.100336393771232e-06,1.0890911004433061e-07,2.701505355785765
20668802496290.734,1.0448313406612363e-11,1.0448313406612362e-09,120839715632.99684,1.1693427092342999e-09,1.6658397829828215e-05,8.771083543484101e-06,8.100336393771232e-06,1.0448313406612362e-07,2.5917184168892997
21544346900318.777,1.0023702608382262e-11,1.002370260838226e-09,125958567430.32744,1.170635508979914e-09,1.602033635685841e-05,8.435794169263526e-06,8.100336393771232e-06,1.0023702608382262e-07,2.4863931282081078
22456979955397.72,9.6163476411133e-12,9.616347641113298e-10,131294257239.77846,1.1719283087255283e-09,1.540639726004869e-05,8.113179926929414e-06,8.100336393771232e-06,9.616347641113299e-08,2.385348171974869
23408272761782.94,9.225547242135302e-12,9.225547242135303e-10,136855970465.6867,1.1732211084711423e-09,1.4816056124069893e-05,7.802970985379168e-06,8.100336393771232e-06,9.225547242135303e-08,2.288409599026055
24399862972595.55,8.850628647511844e-12,8.850628647511844e-10,142653281612.30783,1.1745139082167563e-09,1.424840031216808e-05,7.504392306394055e-06,8.100336393771232e-06,8.850628647511844e-08,2.1954105293479835
25433457613046.38,8.490946433875413e-12,8.490946433875411e-10,148696170766.34973,1.1758067079623703e-09,1.3702226482157366e-05,7.217270836577858e-06,8.100336393771232e-06,8.490946433875412e-08,2.106190864792449
26510836019085.31,8.145881407329094e-12,8.145881407329094e-10,154995040777.72275,1.1770995077079846e-09,1.3176997249017476e-05,6.941113184880914e-06,8.100336393771232e-06,8.145881407329094e-08,2.0205970134672664
27633852900531.668,7.814839537503025e-12,7.814839537503025e-10,161560735168.0671,1.1783923074535988e-09,1.2671728319255277e-05,6.675417317422747e-06,8.100336393771232e-06,7.814839537503025e-08,1.9384816253275199
28804441533962.977,7.497250934929205e-12,7.497250934929204e-10,168404556797.90967,1.179685107199213e-09,1.2185723882171539e-05,6.419945248623708e-06,8.100336393771232e-06,7.497250934929203e-08,1.859703338511985
30024617090855.555,7.1925688699753476e-12,7.192568869975346e-10,175538287324.56668,1.180977906944827e-09,1.1718553451503936e-05,6.174126488080913e-06,8.100336393771232e-06,7.192568869975346e-08,1.7841265359883325
31296480106707.633,6.900268831648363e-12,6.900268831648362e-10,182974207484.2986,1.1822707066904412e-09,1.126893823603589e-05,5.937672944737375e-06,8.100336393771232e-06,6.900268831648362e-08,1.7116211120880445
32622220097116.598,6.619847624647264e-12,6.619847624647263e-10,190725118233.63034,1.1835635064360552e-09,1.0836692857340825e-05,5.710311493128118e-06,8.100336393771232e-06,6.619847624647263e-08,1.6420622485291536
34004119327037.027,6.350822503110974e-12,6.350822503110973e-10,198804362786.23615,1.1848563061816694e-09,1.0420854544329152e-05,5.491541499485116e-06,8.100336393771232e-06,6.350822503110974e-08,1.5753301995412063
35444556739704.36,6.0927303395703e-12,6.092730339570299e-10,207225849583.31036,1.1861491059272837e-09,1.0020860741246138e-05,5.281195703113607e-06,8.100336393771232e-06,6.0927303395703e-08,1.5113100857226596
36946012051993.1,5.845126827672534e-12,5.845126827672534e-10,216004076236.9922,1.1874419056728979e-09,9.636445292524336e-06,5.078863878314523e-06,8.100336393771232e-06,5.845126827672534e-08,1.449891696275633
38511070023255.84,5.607585717306956e-12,5.607585717306955e-10,225154154488.0417,1.1887347054185119e-09,9.266392169775162e-06,4.88418852412964e-06,8.100336393771232e-06,5.6075857173069546e-08,1.3909692992777416
40142424904993.09,5.37969808081415e-12,5.37969808081415e-10,234691836220.74045,1.1900275051641259e-09,8.910825503308617e-06,4.69707524467148e-06,8.100336393771232e-06,5.37969808081415e-08,1.334441459664317
41842885079015.76,5.161071609015767e-12,5.161071609015766e-10,244633540579.81052,1.19132030490974e-09,8.568553196093776e-06,4.516957706897162e-06,8.100336393771232e-06,5.161071609015767e-08,1.2802108646076253
43615377892080.055,4.951329935853471e-12,4.95132993585347e-10,254996382236.00513,1.1926131046553541e-09,8.239505307843234e-06,4.343814106184712e-06,8.100336393771232e-06,4.95132993585347e-08,1.2281841559926368
45462954695324.086,4.750111990473613e-12,4.750111990473612e-10,265798200849.06696,1.1939059044009683e-09,7.92312922866222e-06,4.177279476180663e-06,8.100336393771232e-06,4.750111990473612e-08,1.1782717697007434
47388796097176.7,4.55707137564281e-12,4.5570713756428097e-10,277057591778.7487,1.1951987041465823e-09,7.618687045376228e-06,4.017027444663502e-06,8.100336393771232e-06,4.55707137564281e-08,1.1303877814248944
49396217438783.055,4.371875771424205e-12,4.3718757714242045e-10,288793938096.7736,1.1964915038921964e-09,7.326218991599473e-06,3.863031713900834e-06,8.100336393771232e-06,4.371875771424205e-08,1.0844497587506758
51488674501374.87,4.194206363087694e-12,4.194206363087693e-10,301027443954.8525,1.1977843036378106e-09,7.0445293644454574e-06,3.7147749219624835e-06,8.100336393771232e-06,4.194206363087693e-08,1.040378619248663
53669769455404.76,4.02375729226968e-12,4.0237572922696794e-10,313779169366.17426,1.1990771033834248e-09,6.773901022802281e-06,3.57227890094839e-06,8.100336393771232e-06,4.0237572922696794e-08,0.9980984943338473
55943257061693.89,3.860235130436986e-12,3.8602351304369854e-10,327071066460.2809,1.200369903129039e-09,6.513521806369436e-06,3.4352269073436748e-06,8.100336393771232e-06,3.8602351304369855e-08,0.9575365986576384
58313051135262.42,3.703358373748827e-12,3.7033583737488263e-10,340926017273.7196,1.201662702874653e-09,6.263155203867074e-06,3.303355749610115e-06,8.100336393771232e-06,3.703358373748827e-08,0.9186231048076883
60783231282972.11,3.552856958447277e-12,3.5528569584472767e-10,355367873141.52216,1.202955502620267e-09,6.022502132657439e-06,3.1766096786778245e-06,8.100336393771232e-06,3.552856958447276e-08,0.8812910230998329
63358049926582.414,3.4084717959416263e-12,3.408471795941626e-10,370421495757.3583,1.2042483023658812e-09,5.790835833154771e-06,3.054640209719407e-06,8.100336393771232e-06,3.408471795941626e-08,0.8454760862551334
66041939623303.055,3.269954326786879e-12,3.2699543267868785e-10,386112799972.9873,1.2055411021114955e-09,5.5682188483271335e-06,2.937366256943082e-06,8.100336393771232e-06,3.269954326786879e-08,0.8111166387636313
68839520696455.1,3.137066092787862e-12,3.137066092787862e-10,402468798410.7592,1.2068339018571097e-09,5.354025470935528e-06,2.824608408483779e-06,8.100336393771232e-06,3.137066092787862e-08,0.7781535307441895
71755609189369.5,3.009578326492849e-12,3.009578326492849e-10,419517647965.9123,1.2081267016027239e-09,5.148120652167261e-06,2.716101263555345e-06,8.100336393771232e-06,3.009578326492849e-08,0.7465300161178231
74795225156217.98,2.8872715573697897e-12,2.8872715573697893e-10,437288698278.74023,1.2094195013483377e-09,4.950160415713852e-06,2.6118031331651104e-06,8.100336393771232e-06,2.8872715573697895e-08,0.7161916549191772
77963601304052.2,2.76993523398711e-12,2.7699352339871097e-10,455812542260.09174,1.210712301093952e-09,4.759648289103507e-06,2.5114798033515294e-06,8.100336393771232e-06,2.76993523398711e-08,0.6870862195779561
81266192000919.45,2.6573673615489977e-12,2.6573673615489974e-10,475121068757.12695,1.212005100839566e-09,4.576543559828687e-06,2.4149761738436258e-06,8.100336393771232e-06,2.6573673615489975e-08,0.6591636050090568
84708682665574.2,2.5493741541607254e-12,2.549374154160725e-10,495247517450.0681,1.2132979005851801e-09,4.400367577022324e-06,2.3221962695590683e-06,8.100336393771232e-06,2.5493741541607253e-08,0.6323757423565066
88296999554941.19,2.4457697012257377e-12,2.4457697012257374e-10,516226536074.3934,1.2145907003307943e-09,4.231018966809271e-06,2.232919415239365e-06,8.100336393771232e-06,2.4457697012257376e-08,0.6066765162428054
92037319966181.92,2.3463756474000706e-12,2.3463756474000704e-10,538094240067.00446,1.2158835000764081e-09,4.068220535584123e-06,2.1470993976363835e-06,8.100336393771232e-06,2.3463756474000705e-08,0.5820216853811812
95936082870931.27,2.251020885553082e-12,2.2510208855530818e-10,560888274739.0631,1.2171762998220224e-09,3.91153212667672e-06,2.064552171076488e-06,8.100336393771232e-06,2.2510208855530816e-08,0.5583688064140808
100000000000000.0,2.1595412622061762e-12,2.1595412622061758e-10,584647880082.4718,1.2184690995676366e-09,3.7609395050938363e-06,1.9851822894389487e-06,8.100336393771232e-06,2.159541262206176e-08,0.5356771608468425
