E_GeV,rate_acc,rate_acc_2,rate_sync,rate_bremss,rate_ic_0,rate_ic_1,t_ad_val,Shear,ESC
0.0001,8379.647634641045,837964.7634641045,7.917953691520786e-07,1.3736672470259846e-12,1.8735872309652273e-06,6.124775778235611e-07,1.0206423856151752e-06,2.749642364394595e-16,1.3092611776050494e+17
0.00010423606739764012,8379.647634641045,837964.7634641045,7.917953691520786e-07,1.3736672470259846e-12,1.8735872309652273e-06,6.124775778235611e-07,1.0206423856151752e-06,2.749642364394595e-16,1.3092611776050494e+17
0.00010865157746525384,8379.647634641045,837964.7634641045,7.917953691520786e-07,1.3736672470259846e-12,1.8735872309652273e-06,6.124775778235611e-07,1.0206423856151752e-06,2.749642364394595e-16,1.3092611776050494e+17
0.00011325413151528115,8379.647634641045,837964.7634641045,7.917953691520786e-07,1.3736672470259846e-12,1.8735872309652273e-06,6.124775778235611e-07,1.0206423856151752e-06,2.749642364394595e-16,1.3092611776050494e+17
0.00011805165285688056,8379.647634641045,837964.7634641045,7.917953691520786e-07,1.3736672470259846e-12,1.8735872309652273e-06,6.124775778235611e-07,1.0206423856151752e-06,2.749642364394595e-16,1.3092611776050494e+17
0.00012305240043592616,8379.647634641045,837964.7634641045,7.917953691520786e-07,1.3736672470259846e-12,1.8735872309652273e-06,6.124775778235611e-07,1.0206423856151752e-06,2.749642364394595e-16,1.3092611776050494e+17
0.000128264983052806,8379.647634641045,837964.7634641045,7.917953691520786e-07,1.3736672470259846e-12,1.8735872309652273e-06,6.124775778235611e-07,1.0206423856151752e-06,2.749642364394595e-16,1.3092611776050494e+17
0.00013369837418249466,8379.647634641045,837964.7634641045,7.917953691520786e-07,1.3736672470259846e-12,1.8735872309652273e-06,6.124775778235611e-07,1.0206423856151752e-06,2.749642364394595e-16,1.3092611776050494e+17
0.0001393619274224142,8379.647634641045,837964.7634641045,7.917953691520786e-07,1.3736672470259846e-12,1.8735872309652273e-06,6.124775778235611e-07,1.0206423856151752e-06,2.749642364394595e-16,1.3092611776050494e+17
0.00014526539259467812,8379.647634641045,837964.7634641045,7.917953691520786e-07,1.3736672470259846e-12,1.8735872309652273e-06,6.124775778235611e-07,1.0206423856151752e-06,2.749642364394595e-16,1.3092611776050494e+17
0.0001514189325304352,8379.647634641045,837964.7634641045,7.917953691520786e-07,1.3736672470259846e-12,1.8735872309652273e-06,6.124775778235611e-07,1.0206423856151752e-06,2.749642364394595e-16,1.3092611776050494e+17
0.0001578331405652118,8379.647634641045,837964.7634641045,7.917953691520786e-07,1.3736672470259846e-12,1.8735872309652273e-06,6.124775778235611e-07,1.0206423856151752e-06,2.749642364394595e-16,1.3092611776050494e+17
0.00016451905877536624,8379.647634641045,837964.7634641045,7.917953691520786e-07,1.3736672470259846e-12,1.8735872309652273e-06,6.124775778235611e-07,1.0206423856151752e-06,2.749642364394595e-16,1.3092611776050494e+17
0.00017148819698705392,8379.647634641045,837964.7634641045,7.917953691520786e-07,1.3736672470259846e-12,1.8735872309652273e-06,6.124775778235611e-07,1.0206423856151752e-06,2.749642364394595e-16,1.3092611776050494e+17
0.00017875255259042355,8379.647634641045,837964.7634641045,7.917953691520786e-07,1.3736672470259846e-12,1.8735872309652273e-06,6.124775778235611e-07,1.0206423856151752e-06,2.749642364394595e-16,1.3092611776050494e+17
0.00018632463119315598,8379.647634641045,837964.7634641045,7.917953691520786e-07,1.3736672470259846e-12,1.8735872309652273e-06,6.124775778235611e-07,1.0206423856151752e-06,2.749642364394595e-16,1.3092611776050494e+17
0.00019421746814890265,8379.647634641045,837964.7634641045,7.917953691520786e-07,1.3736672470259846e-12,1.8735872309652273e-06,6.124775778235611e-07,1.0206423856151752e-06,2.749642364394595e-16,1.3092611776050494e+17
0.00020244465099768038,8379.647634641045,837964.7634641045,7.917953691520786e-07,1.3736672470259846e-12,1.8735872309652273e-06,6.124775778235611e-07,1.0206423856151752e-06,2.749642364394595e-16,1.3092611776050494e+17
0.00021102034285685965,8379.647634641045,837964.7634641045,7.917953691520786e-07,1.3736672470259846e-12,1.8735872309652273e-06,6.124775778235611e-07,1.0206423856151752e-06,2.749642364394595e-16,1.3092611776050494e+17
0.0002199593068030075,8379.647634641045,837964.7634641045,7.917953691520786e-07,1.3736672470259846e-12,1.8735872309652273e-06,6.124775778235611e-07,1.0206423856151752e-06,2.749642364394595e-16,1.3092611776050494e+17
0.00022927693128656486,8379.647634641045,837964.7634641045,7.917953691520786e-07,1.3736672470259846e-12,1.8735872309652273e-06,6.124775778235611e-07,1.0206423856151752e-06,2.749642364394595e-16,1.3092611776050494e+17
0.00023898925662310503,8379.647634641045,837964.7634641045,7.917953691520786e-07,1.3736672470259846e-12,1.8735872309652273e-06,6.124775778235611e-07,1.0206423856151752e-06,2.749642364394595e-16,1.3092611776050494e+17
0.00024911300260677886,8379.647634641045,837964.7634641045,7.917953691520786e-07,1.3736672470259846e-12,1.8735872309652273e-06,6.124775778235611e-07,1.0206423856151752e-06,2.749642364394595e-16,1.3092611776050494e+17
0.00025966559729348725,8379.647634641045,837964.7634641045,7.917953691520786e-07,1.3736672470259846e-12,1.8735872309652273e-06,6.124775778235611e-07,1.0206423856151752e-06,2.749642364394595e-16,1.3092611776050494e+17
0.0002706652070033241,8379.647634641045,837964.7634641045,7.917953691520786e-07,1.3736672470259846e-12,1.8735872309652273e-06,6.124775778235611e-07,1.0206423856151752e-06,2.749642364394595e-16,1.3092611776050494e+17
0.0002821307675939471,8379.647634641045,837964.7634641045,7.917953691520786e-07,1.3736672470259846e-12,1.8735872309652273e-06,6.124775778235611e-07,1.0206423856151752e-06,2.749642364394595e-16,1.3092611776050494e+17
0.00029408201705870637,8379.647634641045,837964.7634641045,7.917953691520786e-07,1.3736672470259846e-12,1.8735872309652273e-06,6.124775778235611e-07,1.0206423856151752e-06,2.749642364394595e-16,1.3092611776050494e+17
0.0003065395295056527,8379.647634641045,837964.7634641045,7.917953691520786e-07,1.3736672470259846e-12,1.8735872309652273e-06,6.124775778235611e-07,1.0206423856151752e-06,2.749642364394595e-16,1.3092611776050494e+17
0.00031952475057592136,8379.647634641045,837964.7634641045,7.917953691520786e-07,1.3736672470259846e-12,1.8735872309652273e-06,6.124775778235611e-07,1.0206423856151752e-06,2.749642364394595e-16,1.3092611776050494e+17
0.0003330600343624589,8379.647634641045,837964.7634641045,7.917953691520786e-07,1.3736672470259846e-12,1.8735872309652273e-06,6.124775778235611e-07,1.0206423856151752e-06,2.749642364394595e-16,1.3092611776050494e+17
0.00034716868189265597,8379.647634641045,837964.7634641045,7.917953691520786e-07,1.3736672470259846e-12,1.8735872309652273e-06,6.124775778235611e-07,1.0206423856151752e-06,2.749642364394595e-16,1.3092611776050494e+17
0.00036187498124112805,8379.647634641045,837964.7634641045,7.917953691520786e-07,1.3736672470259846e-12,1.8735872309652273e-06,6.124775778235611e-07,1.0206423856151752e-06,2.749642364394595e-16,1.3092611776050494e+17
0.00037720424934169976,8379.647634641045,837964.7634641045,7.917953691520786e-07,1.3736672470259846e-12,1.8735872309652273e-06,6.124775778235611e-07,1.0206423856151752e-06,2.749642364394595e-16,1.3092611776050494e+17
0.00039318287557057704,8379.647634641045,837964.7634641045,7.917953691520786e-07,1.3736672470259846e-12,1.8735872309652273e-06,6.124775778235611e-07,1.0206423856151752e-06,2.749642364394595e-16,1.3092611776050494e+17
0.0004098383671757261,8379.647634641045,837964.7634641045,7.917953691520786e-07,1.3736672470259846e-12,1.8735872309652273e-06,6.124775778235611e-07,1.0206423856151752e-06,2.749642364394595e-16,1.3092611776050494e+17
0.00042719939663067764,8379.647634641045,837964.7634641045,7.917953691520786e-07,1.3736672470259846e-12,1.8735872309652273e-06,6.124775778235611e-07,1.0206423856151752e-06,2.749642364394595e-16,1.3092611776050494e+17
0.0004452958509942655,8379.647634641045,837964.7634641045,7.917953691520786e-07,1.3736672470259846e-12,1.8735872309652273e-06,6.124775778235611e-07,1.0206423856151752e-06,2.749642364394595e-16,1.3092611776050494e+17
0.00046415888336127773,8379.647634641045,837964.7634641045,7.917953691520786e-07,1.3736672470259846e-12,1.8735872309652273e-06,6.124775778235611e-07,1.0206423856151752e-06,2.749642364394595e-16,1.3092611776050494e+17
0.00048382096649259574,8379.647634641045,837964.7634641045,7.917953691520786e-07,1.3736672470259846e-12,1.8735872309652273e-06,6.124775778235611e-07,1.0206423856151752e-06,2.749642364394595e-16,1.3092611776050494e+17
0.0005043159487171359,8379.647634641045,837964.7634641045,7.917953691520786e-07,1.3736672470259846e-12,1.8735872309652273e-06,6.124775778235611e-07,1.0206423856151752e-06,2.749642364394595e-16,1.3092611776050494e+17
0.0005256791122018419,10283.512131527257,1028351.2131527255,6.4520429473637e-07,1.1808298397222603e-12,1.4700820940030698e-06,4.809063706990362e-07,1.0206423856151752e-06,2.2405802453685675e-16,1.60672665370564e+17
0.0005479472336900287,11488.866224105092,1148886.6224105088,5.77512703413149e-07,1.076434729827858e-12,1.2776943381823603e-06,4.1815054580017047e-07,1.0206423856151752e-06,2.0055098288606569e-16,1.795054777689713e+17
0.0005711586478126435,12407.596567398674,1240759.6567398673,5.347503165656206e-07,1.0039751757929437e-12,1.1537428785519677e-06,3.7767547746610167e-07,1.0206423856151752e-06,1.8570102605889828e-16,1.9385999509007552e+17
0.000595353313081437,13187.33986303697,1318733.9863036969,5.031315080331109e-07,9.465689354520352e-13,1.0606857028967916e-06,3.4726646058607087e-07,1.0206423856151752e-06,1.7472086390592013e-16,2.0604293726125632e+17
0.0006205728806776501,13875.03591271806,1387503.5912718058,4.781945238897179e-07,8.986892578680527e-13,9.863668415766235e-07,3.229638661325012e-07,1.0206423856151752e-06,1.660610774620643e-16,2.1678770576581373e+17
0.0006468607661546328,14491.885984371424,1449188.598437142,4.578400768119718e-07,8.577195398472938e-13,9.250192595536897e-07,3.0289877264182935e-07,1.0206423856151752e-06,1.5899265395654e-16,2.264255555469906e+17
0.0006742622241778342,15049.010663549214,1504901.066354921,4.4089052367447356e-07,8.221885487468165e-13,8.733812994859049e-07,2.8601954533826436e-07,1.0206423856151752e-06,1.5310663704104184e-16,2.3513023795532672e+17
0.0007028244264308353,15552.699463211831,1555269.946321183,4.266118694011427e-07,7.911798943474552e-13,8.294293955663683e-07,2.716700478608994e-07,1.0206423856151752e-06,1.4814813460138522e-16,2.4300002222007994e+17
0.000732596542821523,16006.645578291551,1600664.557829155,4.1451321951136274e-07,7.640821353140948e-13,7.919658671254775e-07,2.5942435853925724e-07,1.0206423856151752e-06,1.4394667528689817e-16,2.5009261192208083e+17
0.0007636298261282241,16413.05490282628,1641305.4902826275,4.042493144339893e-07,7.404662344509205e-13,7.600329723334663e-07,2.48973550965341e-07,1.0206423856151752e-06,1.4038236191448053e-16,2.5644247260870867e+17
0.0007959777002314986,16773.260608799355,1677326.060879935,3.9556806198755444e-07,7.200189468131295e-13,7.328639718731285e-07,2.4008422673976416e-07,1.0206423856151752e-06,1.373676512414081e-16,2.6207043415726806e+17
0.0008296958520834907,17088.093606049453,1708809.360604945,3.882800706268408e-07,7.025037292379494e-13,7.099490408523024e-07,2.3258657831925426e-07,1.0206423856151752e-06,1.3483677387365839e-16,2.6698947895128285e+17
0.0008648423275731727,17358.120771892714,1735812.0771892713,3.822398910243022e-07,6.87736400098208e-13,6.908935807839057e-07,2.263492465868756e-07,1.0206423856151752e-06,1.3273922009009968e-16,2.7120846405127443e+17
0.0009014776314524918,17583.8055903693,1758380.5590369294,3.7733391433018e-07,6.755692562908034e-13,6.753688154558123e-07,2.2126690432224552e-07,1.0206423856151752e-06,1.310355373101237e-16,2.7473463107033536e+17
0.000939664831495469,17765.61976555173,1776561.976555173,3.734722615813506e-07,6.658803152781982e-13,6.631188939981341e-07,2.17256195411312e-07,1.0206423856151752e-06,1.2969451355468888e-16,2.7757535005379946e+17
0.0009794696670695395,17904.12159594047,1790412.1595940464,3.7058317308006573e-07,6.585658120549465e-13,6.539368340997171e-07,2.1424976171261306e-07,1.0206423856151752e-06,1.286912290638835e-16,2.797393440242091e+17
0.0010209606623060466,18000.01028788031,1800001.028788031,3.686090222238581e-07,6.535348493632621e-13,6.476540168490951e-07,2.1219254459976075e-07,1.0206423856151752e-06,1.280056720324314e-16,2.8123753759035837e+17
0.0010642092440647246,18054.16183894519,1805416.1838945188,3.675034184041963e-07,6.507055246054184e-13,6.441344389348323e-07,2.1103958169652245e-07,1.0206423856151752e-06,1.276217325426066e-16,2.8208361760001472e+17
0.0011092898648952228,18067.650179850247,1806765.0179850245,3.672290600154814e-07,6.500021023152272e-13,6.432607085518369e-07,2.1075335836251886e-07,1.0206423856151752e-06,1.2752645698555888e-16,2.8229436346746973e+17
0.0011562801312073755,18041.75619584887,1804175.6195848868,3.677561164340283e-07,6.513529478804023e-13,6.449390732301684e-07,2.1130316859975285e-07,1.0206423856151752e-06,1.2770948617634776e-16,2.8188978812654032e+17
0.0012052609368708425,17977.966668298526,1797796.6668298522,3.6906099085914577e-07,6.546890287748534e-13,6.490929946565678e-07,2.1266373377625018e-07,1.0206423856151752e-06,1.2816262572973518e-16,2.808931214932779e+17
0.0012563166024741215,17877.96486741372,1787796.486741372,3.7112536250300747e-07,6.599428469380311e-13,6.556611447554872e-07,2.148143536948016e-07,1.0206423856151752e-06,1.2887951344453652e-16,2.7933066348432995e+17
0.0013095350204826678,17743.614361642103,1774361.4361642099,3.739354371101711e-07,6.670477031984025e-13,6.645896302669545e-07,2.1773772990929353e-07,1.0206423856151752e-06,1.2985535903393937e-16,2.7723153104979626e+17
0.0013650078065460137,17576.93751172111,1757693.7511721104,3.7748135520254597e-07,6.759372194345092e-13,6.758360056844641e-07,2.2141985438215864e-07,1.0206423856151752e-06,1.3108673862863288e-16,2.7462732215794576e+17
0.001422830457214352,17380.09004271775,1738009.0042717748,3.817567213936844e-07,6.865450611110511e-13,6.893664972082177e-07,2.258493413370044e-07,1.0206423856151752e-06,1.3257143132329261e-16,2.7155171850117046e+17
0.0014831025143361043,17155.333008920974,1715533.3008920972,3.8675822782249046e-07,6.988048147606412e-13,7.051541836247911e-07,2.3101716175267648e-07,1.0206423856151752e-06,1.343082884076128e-16,2.6804004746708893e+17
0.0015459277364194785,16905.003370897597,1690500.3370897595,3.9248535162419516e-07,7.126499836850009e-13,7.231817089797596e-07,2.3691661975940958e-07,1.0206423856151752e-06,1.362971283080234e-16,2.641288224256798e+17
0.0016114142772530198,16631.484286645238,1663148.4286645236,3.9894011129016906e-07,7.28014071749492e-13,7.434355211242775e-07,2.4354266544610796e-07,1.0206423856151752e-06,1.3853865197954391e-16,2.5985527854938003e+17
0.0016796748720926532,16337.176080764704,1633717.6080764702,4.061268703620646e-07,7.448307303569233e-13,7.658874889695991e-07,2.50889877709739e-07,1.0206423856151752e-06,1.4103437473527852e-16,2.5525691922676298e+17
0.0017508270317357234,16024.468701808217,1602446.8701808215,4.1405217955751957e-07,7.630339479616574e-13,7.905341073014306e-07,2.5895612054676156e-07,1.0206423856151752e-06,1.4378657142191556e-16,2.5037108572791923e+17
0.0018249932448161524,15695.716315306518,1569571.6315306514,4.227246504044232e-07,7.82558265103433e-13,8.174084396898564e-07,2.677437468140022e-07,1.0206423856151752e-06,1.4679823253710495e-16,2.4523456023832298e+17
0.0019023011886689458,15353.214515948212,1535321.451594821,4.3215485495515304e-07,8.033390010725714e-13,8.465390085011767e-07,2.7725478779922776e-07,1.0206423856151752e-06,1.500730294035429e-16,2.39883209815115e+17
0.001982883949127071,14999.180484134959,1499918.0484134955,4.4235524729187264e-07,8.253124810651487e-13,8.778698666108913e-07,2.874850163149317e-07,1.0206423856151752e-06,1.5361528691036893e-16,2.343516763471932e+17
0.0020668802496290823,14635.736265789676,1463573.6265789673,4.5334010341139184e-07,8.48416255105795e-13,9.113662782520461e-07,2.9843353707350004e-07,1.0206423856151752e-06,1.5742996263717377e-16,2.286731153139419e+17
0.002154434690031882,14264.89522452401,1426489.5224524008,4.6512547675977377e-07,8.725893021401508e-13,9.470567804752108e-07,3.1010557093109847e-07,1.0206423856151752e-06,1.6152263141264545e-16,2.2287898410984902e+17
0.002245697995539774,13888.551605152312,1388855.1605152308,4.77729167220975e-07,8.977722145483405e-13,9.84971093876143e-07,3.225074589557422e-07,1.0206423856151752e-06,1.6589947454535374e-16,2.1699887898173114e+17
0.0023408272761782944,13508.473058579993,1350847.305857999,4.911707017856255e-07,9.239073599193978e-13,1.0251570139925816e-06,3.356477918341448e-07,1.0206423856151752e-06,1.7056727311065942e-16,2.1106041823535626e+17
0.00243998629725955,13126.295910401965,1312629.5910401964,5.054713254618201e-07,9.509390182678497e-13,1.0676147400710975e-06,3.495317108702077e-07,1.0206423856151752e-06,1.7553340479433395e-16,2.0508916831061238e+17
0.002543345761304648,12743.52290809403,1274352.2908094027,5.206540012590052e-07,9.78813493982204e-13,1.1124013191194399e-06,3.6417113802938687e-07,1.0206423856151752e-06,1.8080584388696394e-16,1.9910860858295296e+17
0.0026510836019085363,12361.52315259118,1236152.3152591179,5.367434182934124e-07,1.007479202687938e-12,1.159573927022702e-06,3.7957866756046105e-07,1.0206423856151752e-06,1.8639316409869925e-16,1.9314013029435574e+17
0.00276338529005317,11981.533906893976,1198153.3906893972,5.537660072403e-07,1.0368867339041562e-12,1.2091242408565477e-06,3.957622558580798e-07,1.0206423856151752e-06,1.9230454392530285e-16,1.8720306481152902e+17
0.002880444153396298,11604.663974421812,1160466.3974421811,5.717499625029451e-07,1.0669888908943397e-12,1.261094029859369e-06,4.127352426060359e-07,1.0206423856151752e-06,1.9854977434670588e-16,1.813147364103125e+17
0.003002461709085549,11231.898350369893,1123189.835036989,5.907252705876245e-07,1.0977407094798355e-12,1.3156495110608871e-06,4.3052381283042277e-07,1.0206423856151752e-06,2.0513926868069615e-16,1.7549053494986768e+17
0.0031296480106707504,10864.103867674827,1086410.3867674824,6.107237442727974e-07,1.1290994578222185e-12,1.3727484652134287e-06,4.491362710995379e-07,1.0206423856151752e-06,2.1208407444874054e-16,1.6974400408693107e+17
0.00326222200971167,10502.035582938299,1050203.5582938297,6.317790622433403e-07,1.1610246193090207e-12,1.4323383489778189e-06,4.6858211471950713e-07,1.0206423856151752e-06,2.193958871396384e-16,1.6408694105139338e+17
0.0034004119327037063,10146.343674695008,1014634.3674695008,6.539268139302793e-07,1.193477860717341e-12,1.4945183919426644e-06,4.888848976296621e-07,1.0206423856151752e-06,2.270870657808718e-16,1.5852950442689805e+17
0.0035444556739704356,9797.58065499008,979758.0654990079,6.77204549355319e-07,1.2264229877999752e-12,1.5594235278465795e-06,5.100728183197131e-07,1.0206423856151752e-06,2.351706502479546e-16,1.5308032682668112e+17
0.0036946012051993025,9456.20872394792,945620.8723947919,7.016518338297511e-07,1.259825890356016e-12,1.627165695952072e-06,5.321735909535278e-07,1.0206423856151752e-06,2.4366038025954725e-16,1.4774662980355187e+17
0.003851107002325569,9122.607124803057,912260.7124803056,7.273103074005489e-07,1.2936544787268693e-12,1.6978766974489772e-06,5.552171798029583e-07,1.0206423856151752e-06,2.525707160211111e-16,1.4253433876709186e+17
0.004014242490499322,8797.0793829575,879707.9382957497,7.542237489738705e-07,1.3278786135116477e-12,1.7714814889347897e-06,5.792179041714935e-07,1.0206423856151752e-06,2.619168604928718e-16,1.374481960888492e+17
0.004184288507901585,8479.860336519687,847986.0336519686,7.82438145078941e-07,1.362470030133447e-12,1.8482170663285067e-06,6.04218834893301e-07,1.0206423856151752e-06,2.7171478326923134e-16,1.3249187094957966e+17
0.004361537789208006,8171.122887176263,817112.2887176261,8.120017632641221e-07,1.3974022597181789e-12,1.9282217412185807e-06,6.302563063434645e-07,1.0206423856151752e-06,2.8198124606678614e-16,1.2766806481688341e+17
0.0045462954695324,7870.9844190281165,787098.4419028115,8.42965230142612e-07,1.4326505475770725e-12,2.011504492755642e-06,6.57355358413405e-07,1.0206423856151752e-06,2.9273382982700672e-16,1.2297861173501701e+17
0.004738879609717651,7579.512849195541,757951.284919554,8.753816141282956e-07,1.468191770417643e-12,2.0980856424197773e-06,6.85544390961101e-07,1.0206423856151752e-06,3.0399096344765033e-16,1.1842457286135576e+17
0.004939621743878321,7296.73228767048,729673.2287670479,9.093065129230878e-07,1.5040043532493043e-12,2.188034079941438e-06,7.148562276815898e-07,1.0206423856151752e-06,3.1577195416421054e-16,1.1400632489761571e+17
0.005148867450137497,7022.628295234364,702262.8295234363,9.44798145836298e-07,1.5400681868016032e-12,2.281715684706317e-06,7.453541999428063e-07,1.0206423856151752e-06,3.280970196093661e-16,1.0972364224113277e+17
0.005366976945540476,6757.152737479802,675715.2737479801,9.81917451034202e-07,1.5763645461365764e-12,2.3792433249309083e-06,7.770783413789577e-07,1.0206423856151752e-06,3.409873215845278e-16,1.0557577282554746e+17
0.005594325706169377,6500.228240302463,650022.8240302462,1.0207281878345577e-06,1.6128760110129795e-12,2.4806915354686935e-06,8.100695906616453e-07,1.0206423856151752e-06,3.544650015833268e-16,1.0156150773474093e+17
0.005831305113526219,6251.752257902462,625175.225790246,1.061297044176389e-06,1.6495863884492408e-12,2.5863511457510726e-06,8.443868801682928e-07,1.0206423856151752e-06,3.685532181123012e-16,9.767924476250402e+16
0.00607832312829723,6011.600768583142,601160.0768583141,1.1036937494102301e-06,1.6864806378338232e-12,2.6961014831472697e-06,8.800553027167374e-07,1.0206423856151752e-06,3.8327618585920263e-16,9.39270461568011e+16
0.006335804992658254,5779.631616677092,577963.1616677091,1.1479911925683626e-06,1.7235447988457838e-12,2.8101997154317133e-06,9.171343392765489e-07,1.0206423856151752e-06,3.986592167643214e-16,9.030269083502067e+16
0.006604193962330305,5555.6875209666305,555568.752096663,1.1942655462884159e-06,1.760765922373818e-12,2.9288690476012825e-06,9.556839308417915e-07,1.0206423856151752e-06,4.147287630550374e-16,8.680372138843563e+16
0.0068839520696454964,5339.598771178494,533959.8771178493,1.2425963965772951e-06,1.7981320045583208e-12,3.052384667330746e-06,9.957704297134335e-07,1.0206423856151752e-06,4.315124623085235e-16,8.342748621304168e+16
0.007175560918936921,5131.185634680688,513118.5634680687,1.2930668786158312e-06,1.835631924026957e-12,3.1805635134978074e-06,1.0374189830046777e-06,1.0206423856151752e-06,4.490391846121899e-16,8.017117711250789e+16
0.007479522515621821,4930.260495533071,493026.04955330695,1.3457638188177645e-06,1.8732553823488965e-12,3.314168569823341e-06,1.080742910129105e-06,1.0206423856151752e-06,4.673390818960517e-16,7.703186271934206e+16
0.0077963601304052365,4736.62974766002,473662.9747660019,1.400777883370078e-06,1.9109928476955214e-12,3.453069884695541e-06,1.1257775429962634e-06,1.0206423856151752e-06,4.864436395158533e-16,7.40065180743858e+16
0.008126619200091945,4550.095463226337,455009.5463226337,1.458203733494921e-06,1.9488355016647864e-12,3.597588442897059e-06,1.1725999345436594e-06,1.0206423856151752e-06,5.06385730170379e-16,7.109205069401819e+16
0.008470868266557402,4370.4568563882085,437045.6856388208,1.5181401876869582e-06,1.986775189202034e-12,3.7474656962719757e-06,1.2212367089421965e-06,1.0206423856151752e-06,5.271996702410954e-16,6.828532344023798e+16
0.008829699955494083,4197.51156153038,419751.15615303797,1.5806903911935603e-06,2.024804371530794e-12,3.903479370898324e-06,1.2718084810550817e-06,1.0206423856151752e-06,5.489212786469943e-16,6.558317449222303e+16
0.00920373199661822,4031.0567439434967,403105.6743943496,1.6459619930192555e-06,2.0629160819924695e-12,4.065762429550744e-06,1.3243835713701303e-06,1.0206423856151752e-06,5.715879383123599e-16,6.2982434699884824e+16
0.009593608287093146,3870.8900596872745,387089.00596872735,1.7140673307500194e-06,2.101103884682948e-12,4.234558328369352e-06,1.379040430379105e-06,1.0206423856151752e-06,5.952386603501069e-16,6.047994258105742e+16
0.01,3716.810480160387,371681.04801603867,1.7851236235076043e-06,2.139361835766649e-12,4.410271193013878e-06,1.4358774568767075e-06,1.0206423856151752e-06,6.199141510684106e-16,5.8072557204823704e+16
0.01042360673976401,3568.618995683989,356861.89956839883,1.85925317335908e-06,2.1776844473436926e-12,4.592987975083139e-06,1.494959762203525e-06,1.0206423856151752e-06,6.456568819135526e-16,5.5757169184514424e+16
0.010865157746525383,3426.1192112229155,342611.9211222915,1.936583575522076e-06,2.216066653743295e-12,4.783031652774776e-06,1.5563776782224033e-06,1.0206423856151752e-06,6.7251116246722e-16,5.353070998543423e+16
0.011325413151528114,3289.1178462310486,328911.7846231048,2.017247937722225e-06,2.25450378011585e-12,4.9802566093901536e-06,1.6201873993309498e-06,1.0206423856151752e-06,7.005232166220604e-16,5.139015973459502e+16
0.011805165285688056,3157.425149525972,315742.51495259715,2.101385109075686e-06,2.2929915131969994e-12,5.185269960868304e-06,1.6865135910982176e-06,1.0206423856151752e-06,7.297412620649821e-16,4.9332553702841416e+16
0.012305240043592616,3030.855239079395,303085.52390793944,2.1891399188864866e-06,2.3315258741189483e-12,5.398759976384713e-06,1.755490107109542e-06,1.0206423856151752e-06,7.602155932035396e-16,4.735498761383785e+16
0.012826498305280598,2909.226375656873,290922.6375656873,2.280663425766186e-06,2.3701031931473846e-12,5.620622213018399e-06,1.8271796771507148e-06,1.0206423856151752e-06,7.919986676769199e-16,4.5454621919497336e+16
0.013369837418249465,2792.3611783559786,279236.11783559783,2.3761131775013896e-06,2.4087200862259794e-12,5.851669424785291e-06,1.9017346201158819e-06,1.0206423856151752e-06,8.251451965993003e-16,4.362868516761421e+16
0.013936192742241421,2680.0867892747797,268008.6789274779,2.4756534821136687e-06,2.4473734332147766e-12,6.091923396276044e-06,1.9792336998805026e-06,1.0206423856151752e-06,8.597122386899564e-16,4.187447657469364e+16
0.014526539259467812,2572.234993791795,257223.4993791795,2.5794556905759926e-06,2.4860603577133887e-12,6.342054027879329e-06,2.059820768379504e-06,1.0206423856151752e-06,8.957592984512904e-16,4.018936790524158e+16
0.01514189325304352,2468.642302251714,246864.23022517137,2.687698491670106e-06,2.524778208364823e-12,6.60197201631921e-06,2.143574905697728e-06,1.0206423856151752e-06,9.333484285630056e-16,3.857080474804681e+16
0.01578331405652118,2369.149998224941,236914.99982249405,2.800568219490587e-06,2.563524541540857e-12,6.871725821415888e-06,2.2305920239001104e-06,1.0206423856151752e-06,9.725443366680547e-16,3.7016307270202536e+16
0.016451905877536626,2273.6041579407124,227360.41579407122,2.918259174123117e-06,2.6022971053149415e-12,7.15230364087591e-06,2.3210534487372543e-06,1.0206423856151752e-06,1.0134144967335516e-15,3.5523470520735184e+16
0.01714881969870539,2181.855644978456,218185.56449784557,3.0409739560476123e-06,2.6410938246337894e-12,7.443964702384644e-06,2.4150784038227283e-06,1.0206423856151752e-06,1.0560292651778752e-15,3.4089964347660612e+16
0.017875255259042353,2093.7600838374724,209376.00838374722,3.1689238148404715e-06,2.6799127876038132e-12,7.748164237129897e-06,2.5129009774020744e-06,1.0206423856151752e-06,1.1004620019633793e-15,3.271353298502895e+16
0.018632463119315597,2009.1778155863783,200917.7815586378,3.302329012775076e-06,2.718752232813534e-12,8.063694529568867e-06,2.614515600486056e-06,1.0206423856151752e-06,1.1467891968627704e-15,3.139199435997819e+16
0.019421746814890263,1927.9738384176414,192797.3838417641,3.441419203945479e-06,2.7576105376179103e-12,8.391964018314706e-06,2.720154405466777e-06,1.0206423856151752e-06,1.1950906011161748e-15,3.012323916394054e+16
0.020244465099768037,1850.017735595521,185001.77355955206,3.586433829564965e-06,2.7964862073151388e-12,8.734527327368445e-06,2.8300664092199938e-06,1.0206423856151752e-06,1.2454493647052022e-15,2.8905229726879504e+16
0.021102034285685942,1775.18359298397,177518.35929839697,3.737622530119263e-06,2.8353778651509757e-12,9.090136237863987e-06,2.944265431846928e-06,1.0206423856151752e-06,1.2979521794800658e-15,2.773599872872119e+16
0.021995930680300747,1703.3499080718118,170334.99080718117,3.895245575083111e-06,2.874284243089837e-12,9.459381933020853e-06,3.0629225388960005e-06,1.0206423856151752e-06,1.3526894283858784e-15,2.661364777793648e+16
0.022927693128656487,1634.399492172257,163439.9492172257,4.0595743109394335e-06,2.9132041732960594e-12,9.84296891530439e-06,3.18622466699864e-06,1.0206423856151752e-06,1.4097553410448304e-15,2.5536345883477096e+16
0.023898925662310503,1568.2193672602398,156821.93672602397,4.230891628271736e-06,2.9521365802724856e-12,1.0242308506101338e-05,3.314435042016689e-06,1.0206423856151752e-06,1.46924815596187e-15,2.4502327842931304e+16
0.024911300260677883,1504.7006587211301,150470.065872113,4.409492448733369e-06,2.9910804736072186e-12,1.0657734168232774e-05,3.4477113456454404e-06,1.0206423856151752e-06,1.5312702896329516e-15,2.3509892566797776e+16
0.025966559729348696,1443.7384851159022,144373.8485115902,4.5956842327315945e-06,3.0300349412828357e-12,1.1089336881429931e-05,3.5862050597193058e-06,1.0206423856151752e-06,1.5959285128468585e-15,2.2557401356143624e+16
0.027066520700332414,1385.2318459187309,138523.18459187305,4.789787508699978e-06,3.0689991435055367e-12,1.153804408617952e-05,3.730147757981945e-06,1.0206423856151752e-06,1.6633341344839223e-15,2.1643276148583108e+16
0.028213076759394707,1329.0835080509385,132908.35080509383,4.992136424869894e-06,3.107972307014778e-12,1.2006266125604228e-05,3.879905937170484e-06,1.0206423856151752e-06,1.7336031931279453e-15,2.0765997745450096e+16
0.029408201705870638,1275.1998919186447,127519.98919186444,5.203079324490915e-06,3.1469537198368163e-12,1.2492872204950515e-05,4.035539022202569e-06,1.0206423856151752e-06,1.8068566568211372e-15,1.992410403121629e+16
0.030653952950565267,1223.4909575588151,122349.09575588148,5.422979345489766e-06,3.1859427264481606e-12,1.2997473695878012e-05,4.197173631983028e-06,1.0206423856151752e-06,1.883220631305758e-15,1.9116188194603036e+16
0.03195247505759213,1173.870091407737,117387.00914077366,5.652215045600248e-06,3.2249387233175363e-12,1.3522572613035852e-05,4.36520860141051e-06,1.0206423856151752e-06,1.962826577110977e-15,1.8340896959418224e+16
0.03330600343624589,1126.253994126552,112625.39941265518,5.8911810540397586e-06,3.2639411547971764e-12,1.4068326208135634e-05,4.539827368966245e-06,1.0206423856151752e-06,2.045811535858488e-15,1.7596928831908874e+16
0.034716868189265594,1080.5625698484685,108056.25698484683,6.140288750854471e-06,3.3029495093365458e-12,1.4635292390178488e-05,4.721262512645185e-06,1.0206423856151752e-06,2.1323183661765294e-15,1.6883032370326474e+16
0.0361874981241128,1036.718817151254,103671.88171512539,6.39996697510211e-06,3.3419633159934724e-12,1.5225579379850537e-05,4.909893999761003e-06,1.0206423856151752e-06,2.222495989628243e-15,1.6198004481448682e+16
0.03772042493416997,994.6487220049273,99464.87220049271,6.670662763091633e-06,3.3809821412196874e-12,1.5839114728220717e-05,5.105916925880429e-06,1.0206423856151752e-06,2.316499647077799e-15,1.5540688747962046e+16
0.0393182875570577,954.2811528979188,95428.11528979187,6.952842117950436e-06,3.420005585899407e-12,1.6478112717176413e-05,5.309733685624015e-06,1.0206423856151752e-06,2.4144911659355308e-15,1.490997378988184e+16
0.040983836717572615,915.547758304236,91554.77583042359,7.246990811843759e-06,3.459033282621255e-12,1.714253509942864e-05,5.521547692260983e-06,1.0206423856151752e-06,2.5166392387420883e-15,1.4304791662548412e+16
0.042719939663067766,878.382866618727,87838.2866618727,7.553615222227391e-06,3.4980648931653452e-12,1.783263294007064e-05,5.741611674324975e-06,1.0206423856151752e-06,2.623119713571238e-15,1.3724116293185842e+16
0.044529585099426554,842.7233886569111,84272.3388656911,7.8732432035729e-06,3.5371001061886644e-12,1.854942538285899e-05,5.970248001244676e-06,1.0206423856151752e-06,2.7341158967510782e-15,1.3166961957530196e+16
0.046415888336127774,808.5087227892002,80850.87227892001,8.206424996066321e-06,3.5761386350932834e-12,1.9294980386342237e-05,6.207872717136763e-06,1.0206423856151752e-06,2.8498188684249225e-15,1.263238179761824e+16
0.04838209664925957,775.6806627565129,77568.06627565129,8.553734172844363e-06,3.615180216063037e-12,2.0069632570932877e-05,6.454759559489703e-06,1.0206423856151752e-06,2.9704278114949715e-15,1.2119466381471074e+16
0.050431594871713586,744.1833081945701,74418.330819457,8.91576862739873e-06,3.654224606255455e-12,2.087486897951135e-05,6.711296632961883e-06,1.0206423856151752e-06,3.096150354515046e-15,1.162734230509898e+16
0.05256791122018425,713.9629778773027,71396.29778773026,9.293151602848507e-06,3.693271582136763e-12,2.1713913980698783e-05,6.978042934126978e-06,1.0206423856151752e-06,3.2272029291227018e-15,1.1155170836990536e+16
0.05479472336900287,684.9681256754819,68496.81256754819,9.686532764852192e-06,3.7323209379486765e-12,2.258495604272906e-05,7.255112488307825e-06,1.0206423856151752e-06,3.3638111426259495e-15,1.0702146605025128e+16
0.05711586478126429,657.1492592144531,65714.92592144529,1.0096589320006682e-05,3.771372484296635e-12,2.3491960808376138e-05,7.5431431232282725e-06,1.0206423856151752e-06,3.5062101663860813e-15,1.0267496325557088e+16
0.0595353313081437,630.4588612046442,63045.88612046441,1.05240271816582e-05,3.81042604684989e-12,2.4432617456200277e-05,7.842233835328518e-06,1.0206423856151752e-06,3.654645140665088e-15,9850477574260076.0
0.062057288067765004,604.8513134098934,60485.13134098933,1.096958218513215e-05,3.849481465144623e-12,2.541214512879016e-05,8.153150061829504e-06,1.0206423856151752e-06,3.80937159663463e-15,9450377598185492.0
0.06468607661546327,580.2828232115074,58028.28232115074,1.1434021354474191e-05,3.888538591481992e-12,2.642878807862698e-05,8.476070862212062e-06,1.0206423856151752e-06,3.970655896273142e-15,9066512168377420.0
0.06742622241778341,556.7113527201584,55671.13527201584,1.1918144222882663e-05,3.9275972899135515e-12,2.7485133104714454e-05,8.81154783471265e-06,1.0206423856151752e-06,4.1387756909081735e-15,8698224472295695.0
0.07028244264308345,534.0965503829241,53409.6550382924,1.2422784209105948e-05,3.9666574353072065e-12,2.8584192887829643e-05,9.160204772948312e-06,1.0206423856151752e-06,4.3140203991934715e-15,8344884045223892.0
0.0732596542821523,512.3996850290463,51239.968502904616,1.2948810052174085e-05,4.0057189124872815e-12,2.972820236667608e-05,9.522590604109207e-06,1.0206423856151752e-06,4.4966917053436245e-15,8005885739780549.0
0.07636298261282241,491.58358229504074,49158.35822950406,1.349712730693424e-05,4.044781615442855e-12,3.0916907512437126e-05,9.89903282777101e-06,1.0206423856151752e-06,4.687104078483874e-15,7680648732606092.0
0.07959777002314986,471.61256336755366,47161.25633675536,1.4068679902965083e-05,4.083845446598976e-12,3.2152638517633454e-05,1.029015768307514e-05,1.0206423856151752e-06,4.885585314009295e-15,7368615567262922.0
0.08296958520834907,452.45238598081255,45245.23859808125,1.4664451769553323e-05,4.12291031614574e-12,3.3436450958121726e-05,1.0696441728941923e-05,1.0206423856151752e-06,5.092477097885189e-15,7069251232361974.0
0.08648423275731718,434.07018760444925,43407.01876044492,1.52854685295299e-05,4.161976141420686e-12,3.476989022631841e-05,1.1118458883001585e-05,1.0206423856151752e-06,5.308135594860144e-15,6782042273912279.0
0.09014776314524918,416.4344307568928,41643.443075689276,1.5932799264881936e-05,4.201042846340243e-12,3.6155744378975114e-05,1.1556862708714848e-05,1.0206423856151752e-06,5.53293206160442e-15,6506495940881091.0
0.0939664831495469,399.5148503793489,39951.48503793488,1.660755835717969e-05,4.240110360876385e-12,3.759711976327483e-05,1.2012410470728324e-05,1.0206423856151752e-06,5.767253485829117e-15,6242139362949215.0
0.09794696670695395,383.2824032055219,38328.240320552184,1.731090740598696e-05,4.2791786205748555e-12,3.909337835540016e-05,1.2485473301409876e-05,1.0206423856151752e-06,6.011503252486398e-15,5988518759448423.0
0.10209606623060465,367.7092190626657,36770.92190626656,1.8044057228557565e-05,4.318247566111714e-12,4.0649751819024784e-05,1.2977026950490313e-05,1.0206423856151752e-06,6.266101838197668e-15,5745198678474521.0
0.10642092440647247,352.76855404023274,35276.85540402327,1.8808269944259942e-05,4.357317142885115e-12,4.226839749445583e-05,1.3487798522589057e-05,1.0206423856151752e-06,6.53148753510501e-15,5511761265180340.0
0.11092898648952228,338.43474546323523,33843.47454632352,1.960486114731892e-05,4.396387300639571e-12,4.3953031701026804e-05,1.4018500375525167e-05,1.0206423856151752e-06,6.808117205392248e-15,5287805558266071.0
0.11562801312073753,324.68316860849677,32468.316860849674,2.043520217161425e-05,4.435457993120071e-12,4.570262785648394e-05,1.4569751924448853e-05,1.0206423856151752e-06,7.0964670677742704e-15,5072946813701063.0
0.12052609368708427,311.4901951031136,31149.019510311355,2.1300722451435606e-05,4.474529177753734e-12,4.7519902122161346e-05,1.5142214135975194e-05,1.0206423856151752e-06,7.397033517308829e-15,4866815854728942.0
0.125631660247412,298.8331529457565,29883.315294575645,2.2202911982256913e-05,4.51360081535675e-12,4.9405435693194094e-05,1.573658313775751e-05,1.0206423856151752e-06,7.710333979941756e-15,4669058447228501.0
0.13095350204826678,286.69028809276597,28669.028809276595,2.314332388576775e-05,4.552672869864665e-12,5.136572422446491e-05,1.6354142119542835e-05,1.0206423856151752e-06,8.036907803257173e-15,4479334699523371.0
0.1365007806546014,275.0407275524727,27504.07275524726,2.4123577083576183e-05,4.591745308084103e-12,5.340406365889239e-05,1.699550177263274e-05,1.0206423856151752e-06,8.3773171849657e-15,4297318485756655.0
0.1422830457214352,263.86444393262104,26386.444393262096,2.5145359084186492e-05,4.6308180994642454e-12,5.552363484166034e-05,1.76619196040647e-05,1.0206423856151752e-06,8.732148140729265e-15,4122696891969295.5
0.14831025143361043,253.1422213873084,25314.22213873084,2.6210428888049575e-05,4.669891215886497e-12,5.7723933010299977e-05,1.835390920435482e-05,1.0206423856151752e-06,9.10201151298863e-15,3955169684044868.5
0.1545927736419477,242.85562291138942,24285.562291138936,2.7320620015686625e-05,4.708964631470873e-12,6.000863834401813e-05,1.907237801785998e-05,1.0206423856151752e-06,9.487544022530189e-15,3794448796707594.0
0.161141427725302,232.98695893183893,23298.69589318389,2.84778436640998e-05,4.74803832239782e-12,6.239000918117553e-05,1.9819375496407095e-05,1.0206423856151752e-06,9.889409364602552e-15,3640257842784407.5
0.16796748720926533,223.51925714713676,22351.925714713674,2.968409199690266e-05,4.787112266744182e-12,6.486667643579462e-05,2.0595310565130923e-05,1.0206423856151752e-06,1.0308299351469604e-14,3492331641966495.0
0.17508270317357252,214.43623356726866,21443.62335672686,3.094144157383533e-05,4.82618644433225e-12,6.743504288000553e-05,2.140074156761197e-05,1.0206423856151752e-06,1.0744935103367224e-14,3350415768329620.0
0.18249932448161524,205.72226470849338,20572.226470849335,3.2252056925567276e-05,4.865260836590802e-12,7.010034399086808e-05,2.22369700426887e-05,1.0206423856151752e-06,1.1200068289913548e-14,3214266115896859.5
0.1902301188668944,197.36236089852827,19736.236089852824,3.3618194279943e-05,4.9043354264272265e-12,7.286924435133009e-05,2.310530153808479e-05,1.0206423856151752e-06,1.167448242411038e-14,3083648481550845.5
0.19828839491270714,189.34214064932428,18934.214064932425,3.5042205446083974e-05,4.9434101981097965e-12,7.574688207853133e-05,2.4007208084433435e-05,1.0206423856151752e-06,1.216899421116279e-14,2958338164626349.5
0.2066880249629082,181.64780605605733,18164.78060560573,3.652654186303449e-05,4.982485137159339e-12,7.874128054719534e-05,2.49442047087434e-05,1.0206423856151752e-06,1.2684454954439366e-14,2838119582536776.5
0.21544346900318845,174.2661191824191,17426.611918241906,3.807375881992052e-05,5.021560230249512e-12,8.185011351107333e-05,2.5917046993414252e-05,1.0206423856151752e-06,1.3221752020993237e-14,2722785901810888.0
0.2245697995539774,167.18437939370034,16718.43793937003,3.96865198548864e-05,5.060635465115017e-12,8.507775247880018e-05,2.692711219979988e-05,1.0206423856151752e-06,1.3781810369166696e-14,2612138683938133.0
0.2340827276178292,160.39040160053563,16039.04016005356,4.1367601340383405e-05,5.099710830467136e-12,8.843518064628092e-05,2.7976371264776102e-05,1.0206423856151752e-06,1.4365594140909633e-14,2505987545442410.5
0.243998629725955,153.87249537753573,15387.24953775357,4.311989726270213e-05,5.138786315915973e-12,9.19261613873311e-05,2.9066193534846978e-05,1.0206423856151752e-06,1.4974108321552444e-14,2404149831625345.5
0.25433457613046484,147.61944492233488,14761.944492233484,4.494642420397746e-05,5.177861911898894e-12,9.555448138382493e-05,3.0197998557604733e-05,1.0206423856151752e-06,1.5608400469890845e-14,2306450303440462.5
0.2651083601908539,141.62048982185448,14162.048982185444,4.685032653524307e-05,5.216937609614665e-12,9.931968878373422e-05,3.137298043601709e-05,1.0206423856151752e-06,1.6269562521561307e-14,2212720836979534.8
0.27633852900531697,135.86530659382905,13586.530659382903,4.8834881829474385e-05,5.2560134009628284e-12,0.00010322793352837534,3.259271032619658e-05,1.0206423856151752e-06,1.6958732668811045e-14,2122800135071880.5
0.28804441533962977,130.34399097283128,13034.399097283125,5.0903506503939516e-05,5.2950892784879115e-12,0.00010728746186229378,3.385910955116755e-05,1.0206423856151752e-06,1.7677097319899173e-14,2036533450515920.8
0.30024617090855493,125.04704091120342,12504.70409112034,5.3059761701570166e-05,5.3341652353280646e-12,0.00011150522393021966,3.517415062090261e-05,1.0206423856151752e-06,1.8425893141501475e-14,1953772320480659.2
0.312964801067075,119.96534026641947,11996.534026641946,5.53073594214795e-05,5.373241265167808e-12,0.000115889040375271,3.653972555891935e-05,1.0206423856151752e-06,1.9206409187635666e-14,1874374311632150.0
0.326222200971167,115.09014314750141,11509.014314750139,5.765016890917816e-05,5.4123173621945274e-12,0.00012044670066510998,3.79579390167712e-05,1.0206423856151752e-06,2.0019989118771196e-14,1798202775557234.5
0.34004119327037063,110.4130588941578,11041.305889415778,6.0092223317490395e-05,5.451393521058419e-12,0.00012517845881038868,3.9430238129401594e-05,1.0206423856151752e-06,2.0868033514944245e-14,1725126614073112.8
0.3544455673970435,105.92603766332944,10592.60376633294,6.263772664963858e-05,5.490469736835669e-12,0.00013009128581937632,4.095862353513773e-05,1.0206423856151752e-06,2.1752002286860352e-14,1655020054027227.8
0.3694601205199302,101.62135659881879,10162.135659881877,6.529106099644483e-05,5.529546004994512e-12,0.00013520690076924697,4.254654375110677e-05,1.0206423856151752e-06,2.2673417189134236e-14,1587762431207425.2
0.3851107002325569,97.49160656061201,9749.1606560612,6.805679408011284e-05,5.568622321364019e-12,0.00014050925476082719,4.419419659150245e-05,1.0206423856151752e-06,2.3633864439994656e-14,1523237982996916.2
0.4014242490499322,93.52967939142873,9352.96793914287,7.093968711757385e-05,5.60769868210538e-12,0.0001460180596882338,4.590492664753331e-05,1.0206423856151752e-06,2.4634997451963376e-14,1461335649423047.0
0.418428850790158,89.72875569891018,8972.875569891017,7.394470301693413e-05,5.646775083685442e-12,0.0001517418808680633,4.768115492944402e-05,1.0206423856151752e-06,2.5678539678209123e-14,1401948882262557.2
0.43615377892080054,86.08229313270425,8608.229313270424,7.707701492113485e-05,5.685851522852386e-12,0.00015768343395780262,4.952490668123836e-05,1.0206423856151752e-06,2.6766287579476974e-14,1344975461879254.8
0.4546295469532399,82.5840151365274,8258.40151365274,8.034201511353091e-05,5.724927996613311e-12,0.00016385327171458209,5.143883295549906e-05,1.0206423856151752e-06,2.7900113716700114e-14,1290317321482871.2
0.4738879609717651,79.22790015606515,7922.790015606513,8.374532430072263e-05,5.764004502213637e-12,0.0001702624202755314,5.342579893246709e-05,1.0206423856151752e-06,2.908196997461899e-14,1237880378510075.2
0.4939621743878321,76.00817128433981,7600.81712843398,8.729280128861581e-05,5.803081037118116e-12,0.0001769323801661797,5.548962172793411e-05,1.0206423856151752e-06,3.031389092195565e-14,1187574372840605.8
0.5148867450137492,72.91928632689267,7291.928632689265,9.099055306837213e-05,5.8421575989933624e-12,0.0001838497215693597,5.763121886556571e-05,1.0206423856151752e-06,3.159799731392933e-14,1139312711572709.0
0.5366976945540476,69.95592826983724,6995.592826983724,9.484494532961166e-05,5.8812341856918005e-12,0.00019103545286597117,5.9854467698879435e-05,1.0206423856151752e-06,3.293649974314262e-14,1093012320093157.6
0.5594325706169377,67.11299613451483,6711.2996134514815,9.886261341896377e-05,5.920310795236848e-12,0.0001985109635899798,6.216343299128654e-05,1.0206423856151752e-06,3.433170244512218e-14,1048593499187654.1
0.5831305113526225,64.38559620312844,6438.5596203128425,0.00010305047376283458,5.959387425809317e-12,0.0002062562923611643,6.455866193450051e-05,1.0206423856151752e-06,3.578600726506659e-14,1005979787947517.5
0.6078323128297229,61.76903360036074,6176.9033600360735,0.00010741573577405297,5.998464075734864e-12,0.00021430051267666005,6.704502967797895e-05,1.0206423856151752e-06,3.7301917792629046e-14,965097832238365.2
0.6335804992658247,59.258804216576884,5925.880421657688,0.00011196591426289533,6.037540743472477e-12,0.00022265891236819874,6.962631054663875e-05,1.0206423856151752e-06,3.888204367185416e-14,925877258505822.8
0.6604193962330305,56.8505869587954,5685.058695879538,0.00011670884237385078,6.076617427603844e-12,0.00023134282009281627,7.230599485643578e-05,1.0206423856151752e-06,4.052910509368678e-14,888250552702376.9
0.6883952069645496,54.540236316159586,5454.023631615958,0.0001216526850703999,6.115694126823586e-12,0.00024035244792658487,7.508661952932861e-05,1.0206423856151752e-06,4.224593747878795e-14,852152944128081.2
0.7175560918936928,52.32377522717662,5232.37752271766,0.00012680595319102268,6.154770839930267e-12,0.0002497140701095468,7.797336541611796e-05,1.0206423856151752e-06,4.403549635871958e-14,817522293986168.5
0.7479522515621821,50.19738823650502,5019.738823650501,0.0001321775181006291,6.1938475658181245e-12,0.00025944092737381917,8.097007836397019e-05,1.0206423856151752e-06,4.5900862463899786e-14,784298988462653.9
0.7796360130405229,48.15741492956013,4815.741492956013,0.00013777662696263734,6.232924303469432e-12,0.00026954631649036317,8.408075800283752e-05,1.0206423856151752e-06,4.784524702708837e-14,752425836146650.4
0.8126619200091946,46.2003436336801,4620.0343633680095,0.00014361291865799139,6.272001051947511e-12,0.0002800314212476028,8.730858008016255e-05,1.0206423856151752e-06,4.987199731153306e-14,721847969615503.6
0.8470868266557402,44.32280537505069,4432.280537505068,0.0001496964403785184,6.311077810390257e-12,0.0002909339016257544,9.065992310169465e-05,1.0206423856151752e-06,5.1984602373291525e-14,692512751015981.1
0.8829699955494091,42.5215680810182,4252.1568081018195,0.00015603766492319987,6.350154578004222e-12,0.0003022375889474246,9.413670480444813e-05,1.0206423856151752e-06,5.4186699067651716e-14,664369681479476.2
0.9203731996618221,40.79353101784491,4079.3531017844907,0.0001626475087271195,6.38923135405913e-12,0.00031396922009419915,9.774459073779198e-05,1.0206423856151752e-06,5.648207830998695e-14,637370314215838.9
0.9593608287093147,39.135719454354984,3913.5719454354976,0.00016953735065413796,6.428308137882859e-12,0.0003261492831157856,0.00010148883255791864,1.0206423856151752e-06,5.887469160182769e-14,611468171136584.4
1.0,37.54527954231174,3754.527954231173,0.000176719051585637,6.467384928856803e-12,0.0003387980330886986,0.00010537482967561955,1.0206423856151752e-06,6.136865783338178e-14,586618662864378.9
1.042360673976401,36.01947340473297,3601.9473404732967,0.00018420497483905783,6.506461726411614e-12,0.00035194471051448235,0.00010940894416737146,1.0206423856151752e-06,6.39682703742148e-14,562779011991410.25
1.0865157746525373,34.55567442370769,3455.567442370769,0.00019200800745138637,6.545538530023279e-12,0.0003655936122711917,0.00011359530386681982,1.0206423856151752e-06,6.667800446429765e-14,539908179454830.44
1.1325413151528125,33.15136271961957,3315.1362719619565,0.0002001415823642223,6.584615339209515e-12,0.0003797523857735876,0.0001179385842286578,1.0206423856151752e-06,6.950252491814427e-14,517966793902790.7
1.1805165285688055,31.804120814009497,3180.4120814009493,0.0002086197015486211,6.623692153526431e-12,0.00039446436117767845,0.00012244691883250304,1.0206423856151752e-06,7.244669415530129e-14,496917083929711.7
1.2305240043592616,30.51162946862235,3051.1629468622345,0.00021745696010952933,6.662768972565492e-12,0.0004097596647550809,0.0001271271030185233,1.0206423856151752e-06,7.551558057101798e-14,476722813064306.8
1.2826498305280598,29.271663693488854,2927.166369348885,0.00022666857141129365,6.701845795950688e-12,0.0004256279992388927,0.00013198258113199864,1.0206423856151752e-06,7.871446726150108e-14,457349217398660.56
1.3369837418249453,28.08208891717848,2808.2088917178476,0.00023627039326751018,6.7409226233359495e-12,0.00044209726294695747,0.0001370206267725428,1.0206423856151752e-06,8.204886111877963e-14,438762945751116.56
1.3936192742241436,26.940857312640745,2694.085731264074,0.0002462789552402922,6.7799994544027684e-12,0.00045917399928152754,0.0001422465349287769,1.0206423856151752e-06,8.55245023108342e-14,420932002260123.56
1.4526539259467812,25.84600427231714,2584.6004272317136,0.00025671148709595533,6.81907628885799e-12,0.00047690386704499845,0.0001476693614612138,1.0206423856151752e-06,8.914737416331128e-14,403825691310331.94
1.514189325304352,24.795645026462598,2479.5645026462594,0.00026758594846610885,6.858153126431808e-12,0.0004953084601431526,0.00015329605951613115,1.0206423856151752e-06,9.29237134598352e-14,387414564696238.0
1.5783314056521165,23.787971398861846,2378.797139886184,0.00027892105976520576,6.897229966875898e-12,0.0005144161273657461,0.00015913436458491387,1.0206423856151752e-06,9.686002117864661e-14,371670370932527.0
1.6451905877536608,22.821248694359685,2282.1248694359683,0.0002907363344177917,6.936306809961711e-12,0.0005342638464914645,0.00016519342665733034,1.0206423856151752e-06,1.0096307368405576e-13,356566006623916.6
1.7148819698705409,21.893812712853588,2189.3812712853587,0.0003030521124509137,6.975383655478898e-12,0.0005548790868703778,0.00017148141993580045,1.0206423856151752e-06,1.0523993439197034e-13,342075469810885.3
1.7875255259042355,21.004066884611145,2100.4066884611143,0.000315889595509531,7.0144605032338495e-12,0.0005762590903363675,0.00017800319433707216,1.0206423856151752e-06,1.0969796592958502e-13,328173815211016.44
1.8632463119315599,20.15047952198474,2015.0479521984737,0.00032927088335520826,7.053537353048386e-12,0.0005984565762183494,0.00018477029554143782,1.0206423856151752e-06,1.1434484281016522e-13,314837111278967.25
1.9421746814890244,19.33158118279655,1933.1581182796547,0.0003432190119109088,7.092614204758505e-12,0.0006215389716990947,0.00019179510343413845,1.0206423856151752e-06,1.1918856464474064e-13,302042399011208.75
2.024446509976802,18.545962140856442,1854.5962140856439,0.00035775799291740335,7.13169105821327e-12,0.0006454854678951972,0.00019908209999678256,1.0206423856151752e-06,1.242374699134588e-13,289767652424641.6
2.1102034285685964,17.792269959262192,1779.2269959262187,0.0003729128552695413,7.170767913273759e-12,0.0006703178721544501,0.0002066399396061919,1.0206423856151752e-06,1.2950025032029944e-13,277991740641113.84
2.1995930680300746,17.069207162305656,1706.9207162305654,0.00038870968810356376,7.209844769812116e-12,0.0006960725709202602,0.00021447915637015945,1.0206423856151752e-06,1.349859657558674e-13,266694391512587.28
2.292769312865649,16.375529001979814,1637.5529001979812,0.0004051756857096205,7.248921627710661e-12,0.0007228061644697587,0.0002226119768465224,1.0206423856151752e-06,1.4070405989401809e-13,255856156724376.9
2.389892566231048,15.710041315243176,1571.0041315243172,0.000422339194346813,7.287998486861085e-12,0.0007505538183992428,0.00023104912024029425,1.0206423856151752e-06,1.4666437644916738e-13,245458378316409.3
2.491130026067791,15.071598468354406,1507.1598468354402,0.00044022976104135747,7.32707534716371e-12,0.0007793562350313927,0.0002398019925022772,1.0206423856151752e-06,1.5287717612227312e-13,235483156564893.3
2.5966559729348724,14.45910138474001,1445.9101384740006,0.0004588781844518655,7.366152208526783e-12,0.0008092427371071568,0.00024888134205311804,1.0206423856151752e-06,1.5935315426465753e-13,225913319169135.16
2.7066520700332415,13.871495653000657,1387.1495653000654,0.00047831656788932384,7.405229070865869e-12,0.0008402695793172558,0.0002583008359265014,1.0206423856151752e-06,1.661034592900859e-13,216732391690464.4
2.8213076759394706,13.307769711800944,1330.776971180094,0.0004985783745830268,7.444305934103251e-12,0.000872499082275249,0.00026807477199247795,1.0206423856151752e-06,1.7313971186678907e-13,207924569192409.34
2.940820170587061,12.766953108518303,1276.69531085183,0.0005196984852876134,7.483382798167398e-12,0.0009059376164527811,0.00027821238070323734,1.0206423856151752e-06,1.804740249224747e-13,199474689033307.38
3.06539529505653,12.248114828654124,1224.8114828654122,0.0005417132583303866,7.522459662992482e-12,0.0009406495614982026,0.0002887287081738675,1.0206423856151752e-06,1.8811902449676682e-13,191368204764525.2
3.1952475057592133,11.750361693132442,1175.036169313244,0.0005646605922022628,7.561536528517907e-12,0.0009766955747806773,0.0002996390271332241,1.0206423856151752e-06,1.9608787147696422e-13,183591161089375.03
3.330600343624589,11.272836820727088,1127.2836820727086,0.000588579990800133,7.600613394687908e-12,0.001014055091959768,0.00031095188198764477,1.0206423856151752e-06,2.0439428425454536e-13,176130169839616.84
3.4716868189265595,10.814718152971494,1081.4718152971493,0.0006135126314329236,7.639690261451162e-12,0.0010528120803172964,0.0003226854057631478,1.0206423856151752e-06,2.1305256234141553e-13,168972386928208.84
3.6187498124112767,10.375217039012052,1037.521703901205,0.0006395014357084469,7.678767128760427e-12,0.0010930254530968977,0.00033485494669503437,1.0206423856151752e-06,2.2207761098655522e-13,162105490238633.2
3.7720424934170014,9.953576877969347,995.3576877969346,0.000666591143423063,7.717843996572231e-12,0.00113475311583989,0.0003474767385751866,1.0206423856151752e-06,2.3148496683544617e-13,155517658412742.78
3.9318287557057703,9.549071816470576,954.9071816470574,0.0006948283895813544,7.756920864846552e-12,0.0011780469456922156,0.0003605672495426914,1.0206423856151752e-06,2.4129082467644646e-13,149197550500618.5
4.0983836717572615,9.161005499110972,916.1005499110971,0.0007242617846784219,7.795997733546565e-12,0.001222968498174099,0.00037414404420182506,1.0206423856151752e-06,2.5151206532016586e-13,143134286437405.25
4.271993966306777,8.788709869693982,878.870986969398,0.0007549419983829749,7.835074602638372e-12,0.0012695787032805906,0.0003882248310685969,1.0206423856151752e-06,2.621662846598241e-13,137317428313530.4
4.4529585099426505,8.431544021186385,843.1544021186382,0.0007869218467653042,7.874151472090777e-12,0.0013179424970495672,0.00040282827179236025,1.0206423856151752e-06,2.7327182396262847e-13,131736962406059.17
4.641588833612782,8.088893092408957,808.8893092408956,0.0008202563832202889,7.913228341875068e-12,0.0013681836250396084,0.00041797910624561123,1.0206423856151752e-06,2.8484780144431504e-13,126383281940259.78
4.838209664925957,7.760167209563533,776.0167209563531,0.0008550029932419626,7.952305211964814e-12,0.0014202952639624426,0.00043369010749657385,1.0206423856151752e-06,2.9691414518120816e-13,121247170551706.2
5.0431594871713585,7.4448004707744655,744.4800470774464,0.0008912214932127964,7.991382082335695e-12,0.0014743840350115414,0.0004499845176396416,1.0206423856151752e-06,3.094916274164574e-13,116319786420450.61
5.256791122018419,7.14224997189654,714.2249971896539,0.0009289742333777647,8.030458952965325e-12,0.0015304959468668685,0.0004668818179473614,1.0206423856151752e-06,3.2260190031951103e-13,111592647049955.14
5.479472336900281,6.851994871912488,685.1994871912487,0.0009683262051804537,8.069535823833102e-12,0.0015886300851092527,0.00048439724042700954,1.0206423856151752e-06,3.362675332603818e-13,107057614664583.61
5.711586478126435,6.573535496311184,657.3535496311183,0.0010093451531460107,8.10861269492006e-12,0.001648944505378235,0.0005025607217190759,1.0206423856151752e-06,3.5051205166287947e-13,102706882200514.47
5.95353313081437,6.306392476903208,630.6392476903208,0.0010521016915035217,8.14768956620875e-12,0.0017115329527960471,0.0005213976457549593,1.0206423856151752e-06,3.6535997750369033e-13,98532959865962.3
6.2057288067765,6.0501059265929875,605.0105926592987,0.0010966694257486026,8.186766437683105e-12,0.0017764610842618644,0.0005409305355679332,1.0206423856151752e-06,3.808368715270269e-13,94528662247571.22
6.46860766154632,5.804234647687072,580.4234647687072,0.001143125079355452,8.225843309328343e-12,0.0018437937891788952,0.0005611813928106371,1.0206423856151752e-06,3.9696937724751694e-13,90687095940786.92
6.742622241778335,5.568355372375629,556.8355372375628,0.0011915486258565196,8.264920181130858e-12,0.0019136411678979124,0.0005821795596846662,1.0206423856151752e-06,4.1378526681708494e-13,87001647682912.58
7.028244264308353,5.342062034079724,534.2062034079723,0.001242023426517164,8.303997053078125e-12,0.0019860959575365863,0.000603951965174569,1.0206423856151752e-06,4.313134888347895e-13,83465972968421.25
7.3259654282152304,5.124965068410225,512.4965068410224,0.0012946363738422766,8.343073925158617e-12,0.002061266621368557,0.0006265277002535752,1.0206423856151752e-06,4.495842181819077e-13,80073985126928.83
7.636298261282241,4.916690742534665,491.6690742534664,0.0013494780411619858,8.382150797361729e-12,0.0021392374718271524,0.0006499348427070574,1.0206423856151752e-06,4.68628907968082e-13,76819844845021.69
7.959777002314977,4.716880511797994,471.6880511797993,0.0014066428385538675,8.421227669677692e-12,0.002220179656476988,0.0006742095900669286,1.0206423856151752e-06,4.884803436779265e-13,73697950113907.05
8.296958520834915,4.5251904024893435,452.5190402489343,0.0014662291753701681,8.460304542097529e-12,0.0023041906030023805,0.0006993812531057745,1.0206423856151752e-06,5.09172699611334e-13,70702926585576.61
8.648423275731727,4.341290419692601,434.12904196926013,0.0015283396296497387,8.49938141461296e-12,0.002391252335704459,0.0007254713422139086,1.0206423856151752e-06,5.307415977146138e-13,67829618320886.99
9.014776314524918,4.164863979201056,416.4863979201055,0.001593081124706438,8.538458287216375e-12,0.0024814666232328723,0.0007525127077355305,1.0206423856151752e-06,5.53224168903781e-13,65073078913624.38
9.39664831495469,3.9956073625185775,399.5607362518577,0.0016605651131978813,8.577535159900769e-12,0.0025750291576130697,0.0007805455119637698,1.0206423856151752e-06,5.766591169855182e-13,62428562975280.39
9.794696670695386,3.8332291940088434,383.3229194008843,0.0017309077689915042,8.616612032659697e-12,0.002672058291332669,0.000809606488670966,1.0206423856151752e-06,6.010867852858898e-13,59891517965875.15
10.209606623060475,3.6774499392927424,367.7449939292742,0.0018042301871581709,8.65568890548722e-12,0.0027726931281460135,0.0008397344055866567,1.0206423856151752e-06,6.265492261014789e-13,57457576356768.625
10.642092440647247,3.5280014240302933,352.80014240302927,0.0018806585924376817,8.694765778377878e-12,0.0028770878986610097,0.0008709680951329623,1.0206423856151752e-06,6.530902730925354e-13,55122548111965.555
11.092898648952227,3.38462637225885,338.4626372258849,0.0019603245565349863,8.733842651326643e-12,0.0029853291907872585,0.0009033437905085911,1.0206423856151752e-06,6.807556167427347e-13,52882413474973.67
11.562801312073754,3.247077963492703,324.70779634927027,0.0020433652246212406,8.772919524328889e-12,0.0030975596160151956,0.000936901934249922,1.0206423856151752e-06,7.09592883015473e-13,50733316048795.555
12.052609368708413,3.115119407821771,311.5119407821771,0.0021299235514295775,8.811996397380353e-12,0.0032139395150832546,0.0009716852382624341,1.0206423856151752e-06,7.396517153420866e-13,48671556157143.66
12.563166024741214,2.9885235382778004,298.85235382777995,0.002220148547352078,8.851073270477125e-12,0.003334607759794687,0.0010077398031821112,1.0206423856151752e-06,7.709838600831587e-13,46693584475448.06
13.095350204826676,2.867072419766494,286.70724197664936,0.002314195534961523,8.890150143615588e-12,0.0034597351217288096,0.0010451103014391407,1.0206423856151752e-06,8.036432556100042e-13,44795995920695.26
13.650078065460137,2.7505569738921265,275.05569738921264,0.0024122264163996786,8.929227016792427e-12,0.0035896826832044156,0.0010838627429756256,1.0206423856151752e-06,8.376861251597408e-13,42975523789575.79
14.22830457214352,2.638776619029062,263.87766190290614,0.002514409952092226,8.968303890004586e-12,0.0037243822595637377,0.0011240241953859853,1.0206423856151752e-06,8.731710736237283e-13,41229034134854.22
14.831025143361028,2.5315389250203655,253.1538925020365,0.0026209220512702852,9.007380763249252e-12,0.0038638471388576057,0.0011656295307791735,1.0206423856151752e-06,9.101591884360467e-13,39553520370277.05
15.459277364194785,2.428659281909116,242.8659281909116,0.0027319460747986623,9.046457636523836e-12,0.004008466705486852,0.0012087543218502193,1.0206423856151752e-06,9.487141447356882e-13,37946098094731.805
16.114142772530197,2.3299605821322387,232.99605821322382,0.002847673150832033,9.085534509825957e-12,0.004158363949123725,0.0012534404528331978,1.0206423856151752e-06,9.889023149834673e-13,36404000126748.48
16.79674872092653,2.2352729156296176,223.5272915629617,0.002968302503842603,9.124611383153423e-12,0.004313748795800631,0.0012997483959232366,1.0206423856151752e-06,1.030792883222402e-12,34924571740793.35
17.508270317357233,2.1444332773437527,214.44332773437523,0.003094041797585556,9.163688256504212e-12,0.004474909087033715,0.0013477522232004846,1.0206423856151752e-06,1.0744579641782207e-12,33505266097156.195
18.249932448161506,2.057285286606336,205.72852866063357,0.0032251074925927657,9.20276512987647e-12,0.004641910220345133,0.0013974814032247063,1.0206423856151752e-06,1.1199727274050596e-12,32143639857562.277
19.023011886689456,1.9736789179287018,197.36789179287015,0.003361725218810203,9.241842003268487e-12,0.004815089573254736,0.001449023962234147,1.0206423856151752e-06,1.1674155266900573e-12,30837348978961.98
19.828839491270713,1.893470242732746,189.34702427327457,0.0035041301640204555,9.28091887667869e-12,0.0049946761275908415,0.001502451783938817,1.0206423856151752e-06,1.2168680349395968e-12,29584144678257.56
20.66880249629082,1.8165211815776243,181.6521181577624,0.003652567478719169,9.319995750105631e-12,0.005180655655810199,0.0015577766156000166,1.0206423856151752e-06,1.268415384779447e-12,28381869561019.016
21.54434690031882,1.7426992664557772,174.2699266455777,0.003807292698142258,9.359072623547977e-12,0.005373475138019283,0.0016151151828242758,1.0206423856151752e-06,1.3221463151107988e-12,27228453907526.203
22.456979955397717,1.6718774127490208,167.18774127490207,0.003968572182170498,9.398149497004497e-12,0.005573488228412884,0.0016745564885403265,1.0206423856151752e-06,1.3781533238745213e-12,26121912109742.7
23.408272761782943,1.6039337004521306,160.39337004521303,0.004136683573868813,9.437226370474071e-12,0.00578074026693588,0.0017361106182650632,1.0206423856151752e-06,1.436532827286625e-12,25060339253087.656
24.399862972595503,1.5387511642873406,153.87511642873403,0.004311916277449496,9.476303243955653e-12,0.005995695359107799,0.0017999122604910934,1.0206423856151752e-06,1.4973853258190214e-12,24041907837122.13
25.433457613046482,1.4762175923483738,147.62175923483736,0.004494571956482387,9.51538011744829e-12,0.006218337220668426,0.001866018811066248,1.0206423856151752e-06,1.5608155772113647e-12,23064864629503.188
26.510836019085364,1.4162253329274173,141.6225332927417,0.004684965053209507,9.5544569909511e-12,0.006448855047484813,0.001934457959100517,1.0206423856151752e-06,1.6269327768117855e-12,22127527647790.902
27.633852900531725,1.3586711091924901,135.867110919249,0.0048834233298582184,9.593533864463273e-12,0.006687846669345643,0.002005380668818158,1.0206423856151752e-06,1.6958507455569689e-12,21228283263912.188
28.80444153396298,1.3034558413961592,130.3455841396159,0.0050902884328847655,9.632610737984064e-12,0.006935604048616134,0.0020788772832543738,1.0206423856151752e-06,1.7676881259152007e-12,20365583426296.652
30.024617090855493,1.250484476309535,125.04844763095349,0.005305916481119581,9.671687611512786e-12,0.007192164557008196,0.00215497566345658,1.0206423856151752e-06,1.8425685861296997e-12,19537942994902.406
31.296480106707506,1.1996658235879207,119.96658235879207,0.005530678678826835,9.710764485048809e-12,0.0074581197281662764,0.0022338225147648205,1.0206423856151752e-06,1.92062103311384e-12,18743937184544.098
32.62222009711667,1.150912398786445,115.09123987864447,0.005764961954733521,9.749841358591551e-12,0.007733754750081694,0.002315513869339469,1.0206423856151752e-06,2.0019798343647272e-12,17982199112122.227
34.004119327037095,1.1041402727553769,110.41402727553766,0.0060091696281283375,9.788918232140476e-12,0.008019253418868607,0.0024001115079138585,1.0206423856151752e-06,2.086785049277225e-12,17251417443530.607
35.44455673970435,1.0592689271559101,105.926892715591,0.006263722103176894,9.827995105695093e-12,0.00831518893607082,0.0024877539657867927,1.0206423856151752e-06,2.1751826702565634e-12,16550334136191.783
36.94601205199302,1.0162211158476457,101.62211158476457,0.006529057592648644,9.867071979254947e-12,0.008621808127706045,0.0025785361339562027,1.0206423856151752e-06,2.2673248740446707e-12,15877742273333.672
38.51107002325569,0.974922731909182,97.49227319091818,0.0068056328723013326,9.906148852819622e-12,0.008939347307724815,0.0026725443748328915,1.0206423856151752e-06,2.363370283692836e-12,15232483986279.52
40.14242490499318,0.9353026800628711,93.5302680062871,0.00709392406722169,9.945225726388736e-12,0.009268406270258317,0.0027699187612217247,1.0206423856151752e-06,2.4634842416317202e-12,14613448461174.219
41.84288507901584,0.8972927542841268,89.72927542841266,0.007394427471476042,9.984302599961936e-12,0.009609535581660712,0.0028707882286051153,1.0206423856151752e-06,2.567839094308797e-12,14019570026715.547
43.615377892080055,0.8608275203845909,86.08275203845908,0.00770766040248185,1.002337947353889e-11,0.009962744233193294,0.0029752373791044127,1.0206423856151752e-06,2.6766144888832043e-12,13449826319598.498
45.462954695323994,0.8258442033670046,82.58442033670045,0.008034162091571132,1.0062456347119306e-11,0.010328475204004867,0.0030833933184449855,1.0206423856151752e-06,2.7899976824888557e-12,12903236524514.139
47.38879609717651,0.7922825793579104,79.22825793579102,0.00837449461227852,1.0101533220702905e-11,0.010707344129968896,0.003195393448004473,1.0206423856151752e-06,2.9081838645980488e-12,12378859685673.863
49.396217438783154,0.7600848719320915,76.00848719320913,0.008729243847952468,1.0140610094289434e-11,0.0110997758566575,0.003311378347553759,1.0206423856151752e-06,3.0313764930407057e-12,11875793086951.469
51.48867450137497,0.729195652650319,72.91956526503189,0.009099020500354936,1.0179686967878663e-11,0.011506244495188925,0.0034314840964831186,1.0206423856151752e-06,3.1597876442575495e-12,11393170697855.193
53.66976945540476,0.6995617456391503,69.95617456391503,0.009484461140986137,1.0218763841470372e-11,0.011927223171066158,0.0035558383203633964,1.0206423856151752e-06,3.2936383783902704e-12,10930161682654.006
55.94325706169378,0.6711321360485267,67.11321360485266,0.009886229306944116,1.0257840715064366e-11,0.012363221126612804,0.0036846018661513317,1.0206423856151752e-06,3.4331591198371677e-12,10485968970091.74
58.313051135262185,0.6438578822295817,64.38578822295815,0.010305016643205597,1.0296917588660461e-11,0.012814752336583014,0.0038179276925112988,1.0206423856151752e-06,3.578590053929353e-12,10059827881226.963
60.78323128297224,0.6176920314814658,61.769203148146566,0.010741544093294713,1.0335994462258493e-11,0.013282359190557915,0.00395595946903856,1.0206423856151752e-06,3.730181540410456e-12,9651004813036.174
63.35804992658254,0.592589539222151,59.258953922215085,0.01119656314038919,1.0375071335858308e-11,0.013766711284357578,0.004098880664487259,1.0206423856151752e-06,3.888194544431592e-12,9258795975514.334
66.04193962330305,0.5685071914440712,56.850719144407115,0.011670857101000605,1.041414820945976e-11,0.01426827679882093,0.0042468508868143285,1.0206423856151752e-06,4.052901085803541e-12,8882526180098.602
68.83952069645497,0.5454035303210883,54.54035303210883,0.012165242473455995,1.045322508306272e-11,0.014787533554431603,0.004400019701124575,1.0206423856151752e-06,4.224584707279641e-12,8521547677329.37
71.75560918936921,0.5232387828387417,52.32387828387416,0.012680570343501844,1.0492301956667071e-11,0.015325267838146866,0.004558586278643981,1.0206423856151752e-06,4.403540962675363e-12,8175239041747.955
74.79522515621814,0.5019747923249018,50.197479232490174,0.013217727849450425,1.0531378830272698e-11,0.015882089158961835,0.004722736716831203,1.0206423856151752e-06,4.590077925664987e-12,7843004102111.08
77.96360130405237,0.48157495276295487,48.15749527629548,0.013777639709390933,1.0570455703879505e-11,0.016458573820245827,0.00489265073167623,1.0206423856151752e-06,4.784516720131299e-12,7524270915080.441
81.26619200091946,0.4620041457744557,46.200414577445564,0.014361269813093953,1.0609532577487392e-11,0.01705523834335192,0.005068511979405258,1.0206423856151752e-06,4.98719207298116e-12,7218490780620.872
84.70868266557402,0.44322868016274064,44.32286801627406,0.014969622881350508,1.0648609451096276e-11,0.01767290934775007,0.005250531314931086,1.0206423856151752e-06,5.198452890378842e-12,6925137297411.669
88.29699955494083,0.42521623391344876,42.52162339134487,0.015603746195601443,1.0687686324706075e-11,0.018312288409153478,0.005438917501177336,1.0206423856151752e-06,5.418662858388869e-12,6643705456645.422
92.03731996618231,0.40793579855208467,40.79357985520846,0.016264731400835387,1.0726763198316723e-11,0.01897417034008334,0.0056338953733139135,1.0206423856151752e-06,5.648201069062619e-12,6373710772653.955
95.93608287093147,0.39135762576285515,39.13576257628551,0.01695371638485827,1.0765840071928144e-11,0.019659303595311605,0.005835682436487487,1.0206423856151752e-06,5.8874626730462115e-12,6114688448865.081
100.0,0.37545317617685686,37.54531761768568,0.017671887237170565,1.0804916945540282e-11,0.02036845282750523,0.006044509156409958,1.0206423856151752e-06,6.136859559833508e-12,5866192577653.949
104.23606739764011,0.3601950702414826,36.019507024148254,0.018420480290823313,1.0843993819153076e-11,0.021102388709849658,0.006260604411041199,1.0206423856151752e-06,6.396821066834914e-12,5627795372711.974
108.65157746525372,0.34555704108644736,34.555704108644726,0.01920078425076887,1.0883070692766476e-11,0.021861995288636384,0.00648421722258321,1.0206423856151752e-06,6.6677947184829175e-12,5399086432611.541
113.25413151528126,0.3315138893052997,33.15138893052996,0.020014142412370053,1.0922147566380435e-11,0.02264809936867629,0.00671559780803168,1.0206423856151752e-06,6.950246996646616e-12,5179672034298.843
118.05165285688055,0.3180414395745826,31.80414395745825,0.020861954973886387,1.0961224439994907e-11,0.02346161537263033,0.0069550105747891436,1.0206423856151752e-06,7.244664143681416e-12,4969174455298.684
123.05240043592616,0.30511649903594346,30.51164990359434,0.021745681446919508,1.100030131360985e-11,0.024303606864994845,0.007202739418193945,1.0206423856151752e-06,7.551552999496658e-12,4767231323464.134
128.26498305280597,0.2927168173695686,29.271681736956857,0.022666843168966253,1.1039378187225227e-11,0.02517485258330082,0.007459040842492822,1.0206423856151752e-06,7.87144187408187e-12,4573494993151.945
133.69837418249452,0.2808210484902011,28.08210484902011,0.023627025922405058,1.1078455060841004e-11,0.026076158558969234,0.007724180229629737,1.0206423856151752e-06,8.204881456993765e-12,4387631946749.6924
139.36192742241434,0.2694087137997944,26.940871379979438,0.02462788266442484,1.1117531934457153e-11,0.02700884255054708,0.007998485787407236,1.0206423856151752e-06,8.552445765369882e-12,4209322220524.2544
145.26539259467813,0.2584601669335564,25.846016693355637,0.02567113637259482,1.1156608808073636e-11,0.027973699546731717,0.00828223765966672,1.0206423856151752e-06,8.914733132100487e-12,4038258853803.478
151.4189325304352,0.24795655993867327,24.79565599386732,0.026758583010975657,1.1195685681690435e-11,0.028971726400986778,0.008575740963667845,1.0206423856151752e-06,9.292367235860461e-12,3874147360542.456
157.83314056521164,0.2378798108275144,23.787981082751433,0.027892094621875807,1.1234762555307516e-11,0.0300041540726278,0.008879334280475014,1.0206423856151752e-06,9.68599817477362e-12,3716705222365.107
164.51905877536606,0.22821257244943893,22.82125724494389,0.029073622548577784,1.1273839428924865e-11,0.031072104697562032,0.00919334199053792,1.0206423856151752e-06,1.0096303585558496e-11,3565661402207.9844
171.4881969870541,0.21893820262763117,21.89382026276311,0.030305200794580663,1.1312916302542457e-11,0.03217675520487995,0.009518114741249271,1.0206423856151752e-06,1.0523989810081723e-11,3420755877729.2705
178.75255259042353,0.21004073550954885,21.00407355095488,0.031588949525142525,1.1351993176160272e-11,0.03331924851835438,0.009853991938218313,1.0206423856151752e-06,1.0969793111327442e-11,3281739193679.623
186.324631193156,0.201504854081664,20.150485408166396,0.03292707871715087,1.1391070049778292e-11,0.034500923496844194,0.010201353301863376,1.0206423856151752e-06,1.1434480940876059e-11,3148372032464.2783
194.21746814890244,0.19331586380118465,19.331586380118463,0.03432189196360351,1.1430146923396503e-11,0.03572296011632087,0.010560563164143466,1.0206423856151752e-06,1.1918853260074137e-11,3020424802157.19
202.44465099768018,0.18545966729935834,18.54596672993583,0.03577579043925043,1.1469223797014889e-11,0.03698671628607546,0.010932008575127683,1.0206423856151752e-06,1.2423743917170123e-11,2897677241257.889
211.02034285685966,0.17792274011281628,17.792274011281624,0.03729127703422219,1.1508300670633436e-11,0.038293465545596705,0.011316081572375692,1.0206423856151752e-06,1.2950022082786185e-11,2779918039510.759
219.95930680300748,0.1706921074011731,17.069210740117306,0.038870960662762015,1.1547377544252129e-11,0.03964462288925136,0.011713199036242159,1.0206423856151752e-06,1.3498593746197794e-11,2666944474133.8535
229.27693128656486,0.1637553216108022,16.375532161080216,0.04051756075447914,1.1586454417870957e-11,0.04104179559965768,0.012123788246454426,1.0206423856151752e-06,1.4070403274996878e-11,2558562060831.0527
238.98925662310478,0.15710044104634097,15.710044104634093,0.04223391193585376,1.1625531291489911e-11,0.04248623507346705,0.012548272259468344,1.0206423856151752e-06,1.4666435040822966e-11,2454584218986.863
249.1130026067786,0.1507160093130295,15.071600931302948,0.04402296891005428,1.1664608165108981e-11,0.043979443738376665,0.012987081850701337,1.0206423856151752e-06,1.5287715113961732e-11,2354831950467.371
259.6655972934872,0.14459103559449668,14.459103559449666,0.0458878115434667,1.1703685038728159e-11,0.04552324831966382,0.013440734225123527,1.0206423856151752e-06,1.5935313029727654e-11,2259133531474.485
270.66520700332416,0.13871497573204053,13.871497573204051,0.047831650167692724,1.1742761912347431e-11,0.04711860384235639,0.013909582050231364,1.0206423856151752e-06,1.6610343629671947e-11,2167324216922.9585
282.1307675939471,0.13307771407282967,13.307771407282965,0.04985783110614463,1.1781838785966792e-11,0.04876767195055166,0.014394220266120727,1.0206423856151752e-06,1.731396898078537e-11,2079245956831.2698
294.08201705870607,0.12766954605578051,12.76695460557805,0.05196984243474982,1.182091565958624e-11,0.05047212067891313,0.01489515188209841,1.0206423856151752e-06,1.8047400375999652e-11,1994747124238.161
306.539529505653,0.12248116150512973,12.248116150512972,0.054171319986682724,1.1859992533205762e-11,0.0522331593776583,0.01541274450356784,1.0206423856151752e-06,1.8811900419431422e-11,1913682254176.4272
319.52475057592136,0.11750362860294165,11.750362860294164,0.05646605361146138,1.1899069406825355e-11,0.054053420134695676,0.01594774693629181,1.0206423856151752e-06,1.960878519995863e-11,1835911793254.5842
333.06003436245885,0.11272837851295885,11.272837851295883,0.058857993699183896,1.193814628044501e-11,0.055934200032747836,0.016500554304512163,1.0206423856151752e-06,2.0439426556871182e-11,1761301859415.316
347.16868189265597,0.10814719062932826,10.814719062932825,0.06135125798113542,1.1977223154064725e-11,0.057877260378280476,0.01707172985534103,1.0206423856151752e-06,2.1305254441495883e-11,1689724011457.165
361.87498124112767,0.10375217842480593,10.375217842480591,0.06395013861847364,1.2016300027684497e-11,0.05988518077156209,0.017661975072096527,1.0206423856151752e-06,2.2207759378861525e-11,1621055027922.6567
377.2042493417001,0.09953577587407982,9.953577587407981,0.06665910959119539,1.2055376901304319e-11,0.06195917630075676,0.018271717367698333,1.0206423856151752e-06,2.3148495033641577e-11,1555176694972.2393
393.18287557057704,0.09549072442883606,9.549072442883604,0.06948283440010576,1.2094453774924184e-11,0.0641017350422226,0.01890167355174828,1.0206423856151752e-06,2.4129080884792305e-11,1491975602878.828
409.83836717572615,0.09161006052214879,9.161006052214876,0.07242617409504709,1.2133530648544095e-11,0.06631509643691856,0.019552454903579694,1.0206423856151752e-06,2.5151205013490078e-11,1431342950792.659
427.19939663067765,0.08788710358068144,8.788710358068144,0.0754941956432091,1.2172607522164042e-11,0.06860096029961615,0.020224679298288237,1.0206423856151752e-06,2.6216627009167532e-11,1373174359440.3423
445.2958509942651,0.08431544452406109,8.431544452406108,0.07869218065192705,1.2211684395784027e-11,0.07096177284615507,0.020918996680138635,1.0206423856151752e-06,2.7327180998651753e-11,1317369691435.6497
464.1588833612782,0.0808889347316303,8.088893473163028,0.08202563446098214,1.2250761269404048e-11,0.07339984420739852,0.021636129461743994,1.0206423856151752e-06,2.8484778803618192e-11,1263832878892.7515
483.82096649259574,0.07760167545757955,7.7601675457579535,0.08550029562005926,1.2289838143024096e-11,0.07591762073011817,0.022376772052605215,1.0206423856151752e-06,2.9691413231797053e-11,1212471758045.0828
504.3159487171359,0.07444800767624062,7.444800767624061,0.0891221457676756,1.232891501664417e-11,0.07851704488202152,0.023141566249908378,1.0206423856151752e-06,3.0949161507597077e-11,1163197910585.1736
525.6791122018419,0.07142250234005824,7.142250234005823,0.092897419928588,1.2367991890264274e-11,0.08120068583921422,0.02393130655811986,1.0206423856151752e-06,3.226018884805316e-11,1115926511452.289
547.9472336900282,0.06851995103347125,6.851995103347124,0.09683261724740344,1.24070687638844e-11,0.083971184345693,0.024746728085053963,1.0206423856151752e-06,3.3626752190252856e-11,1070576182805.875
571.1586478126435,0.06573535700661019,6.573535700661018,0.10093451217687541,1.2446145637504551e-11,0.0868309730211283,0.025588608130893156,1.0206423856151752e-06,3.505120407666004e-11,1027068853933.3734
595.353313081437,0.06306392657337986,6.306392657337985,0.10521016614014103,1.2485222511124718e-11,0.08978284774724515,0.026457732122345097,1.0206423856151752e-06,3.653599670502267e-11,985329626851.2915
620.57288067765,0.060501060859114865,6.0501060859114855,0.10966693968698155,1.2524299384744904e-11,0.09282943755536188,0.02735493514525975,1.0206423856151752e-06,3.808368614983832e-11,945286647368.1102
646.8607661546321,0.0580423478836053,5.804234788360529,0.11431250516502743,1.2563376258365108e-11,0.09597348045962148,0.028281040411568998,1.0206423856151752e-06,3.969693676264287e-11,906870981387.1106
674.2622241778336,0.05568355496586065,5.568355496586064,0.11915485992772584,1.2602453131985327e-11,0.09921783237670409,0.02923691196079844,1.0206423856151752e-06,4.137852575869902e-11,870016496236.1354
702.8244264308353,0.053420621437538084,5.342062143753807,0.1242023401018063,1.2641530005605563e-11,0.10256539827207369,0.030223425053747217,1.0206423856151752e-06,4.313134799797986e-11,834659746820.019
732.596542821523,0.05124965165249151,5.12496516524915,0.1294636349379438,1.2680606879225811e-11,0.10601912658150935,0.03124147922827765,1.0206423856151752e-06,4.4958420968677616e-11,800739866399.6915
763.6298261282242,0.049166908280405375,4.916690828040537,0.1349478017693295,1.2719683752846069e-11,0.10958201080639451,0.032291979250731975,1.0206423856151752e-06,4.686288998181851e-11,768198461809.9098
795.9777002314978,0.0471688058729711,4.716880587297109,0.1406642816038926,1.275876062646634e-11,0.11325709892374526,0.0333758594950266,1.0206423856151752e-06,4.884803358592349e-11,736979512935.2781
829.6958520834916,0.045251904691528004,4.5251904691527995,0.1466229153770214,1.2797837500086622e-11,0.11704758423802301,0.034494093476329445,1.0206423856151752e-06,5.091726921103872e-11,707029276271.464
864.8423275731726,0.04341290478554433,4.341290478554432,0.1528339608927589,1.2836914373706914e-11,0.12095670137531571,0.035647686788225864,1.0206423856151752e-06,5.307415905184995e-11,678296192405.6183
901.4776314524918,0.04164864031174287,4.164864031174286,0.15930811048264198,1.2875991247327214e-11,0.12498777089922655,0.036837643011430284,1.0206423856151752e-06,5.532241620001107e-11,650730797256.6968
939.6648314954691,0.03995607408409381,3.9956074084093802,0.16605650941257705,1.291506812094752e-11,0.12914452144129546,0.0380650410892954,1.0206423856151752e-06,5.766591103624074e-11,624285636922.9202
979.4696670695386,0.03833229234529052,3.8332292345290515,0.17309077506944656,1.2954144994567835e-11,0.1334299620726504,0.03933089457849765,1.0206423856151752e-06,6.010867789319357e-11,598915185989.75
1020.9606623060475,0.03677449975070868,3.677449975070867,0.18042301696047106,1.299322186818816e-11,0.13784728438612215,0.040636240357157453,1.0206423856151752e-06,6.265492200057447e-11,574575769157.7673
1064.2092440647245,0.03528001455621308,3.5280014556213075,0.18806585755975774,1.3032298741808487e-11,0.14240079598204083,0.04198228061385206,1.0206423856151752e-06,6.530902672445264e-11,551225486055.53
1109.2898648952228,0.033846264001527654,3.384626400152765,0.1960324540379251,1.3071375615428822e-11,0.14709398419478814,0.0433701230345106,1.0206423856151752e-06,6.807556111323843e-11,528824139107.9654
1156.2801312073755,0.032470779881221955,3.2470779881221947,0.20433652091220605,1.311045248904916e-11,0.15192974123332587,0.044800806463955144,1.0206423856151752e-06,7.095928776331223e-11,507333164336.14105
1205.2609368708413,0.0311511942956887,3.1151194295688693,0.21299235365602734,1.3149529362669506e-11,0.15691291791239867,0.04627566807406285,1.0206423856151752e-06,7.396517101784711e-11,486715564969.26825
1256.3166024741215,0.029885235574798396,2.988523557479839,0.2220148533087047,1.3188606236289856e-11,0.1620473772809435,0.04779587090528809,1.0206423856151752e-06,7.709838551293873e-11,466935847754.6647
1309.5350204826677,0.028670724367213136,2.867072436721313,0.2314195521276215,1.322768310991021e-11,0.16733636104794367,0.049362588308425666,1.0206423856151752e-06,8.036432508575515e-11,447959961856.02423
1365.0078065460139,0.027505569888627263,2.750556988862726,0.24122264032705285,1.3266759983530566e-11,0.17278404701697486,0.05097716471911566,1.0206423856151752e-06,8.376861206004231e-11,429755240234.8091
1422.830457214352,0.02638776632247657,2.6387766322476565,0.25144099394966285,1.3305836857150926e-11,0.17839544296001697,0.0526408879906117,1.0206423856151752e-06,8.731710692496958e-11,412290343413.85504
1483.1025143361028,0.025315389366919867,2.531538936691986,0.2620922039186565,1.3344913730771289e-11,0.18417330895906506,0.05435482521888061,1.0206423856151752e-06,9.10159184239772e-11,395535205526.37946
1545.9277364194786,0.024286592922148048,2.4286592922148045,0.2731946063206018,1.3383990604391658e-11,0.1901227388503966,0.05612074187526425,1.0206423856151752e-06,9.487141407099476e-11,379460982557.5095
1611.41427725302,0.0232996059123185,2.3299605912318495,0.2847673139710506,1.342306747801203e-11,0.19624774443481183,0.05793966167163006,1.0206423856151752e-06,9.889023111213305e-11,364040002689.23517
1679.6748720926532,0.02235272923664304,2.235272923664304,0.29683024931730423,1.34621443516324e-11,0.2025531964368686,0.059812928731996465,1.0206423856151752e-06,1.0307928795172178e-10,349245718663.29706
1750.8270317357233,0.021444332844381415,2.1444332844381413,0.30940417873495946,1.3501221225252773e-11,0.20904252084560157,0.061742210240729546,1.0206423856151752e-06,1.0744579606236111e-10,335052662080.0105
1824.9932448161505,0.020572852928704657,2.0572852928704655,0.322510748277279,1.354029809887315e-11,0.21572029836855358,0.06372880386187132,1.0206423856151752e-06,1.1199727239949081e-10,321436399554.3491
1902.3011886689458,0.019736789234597405,1.97367892345974,0.33617252093893024,1.357937497249353e-11,0.2225927876710127,0.06577404364018725,1.0206423856151752e-06,1.1674155234184916e-10,308373490653.8058
1982.8839491270714,0.01893470247616488,1.8934702476164877,0.35041301549824116,1.361845184611391e-11,0.22966343115574153,0.06787967400413626,1.0206423856151752e-06,1.216868031800984e-10,295841447545.626
2066.880249629082,0.0181652118588982,1.8165211858898196,0.3652567470048428,1.3657528719734293e-11,0.23693461593704912,0.07004693708694822,1.0206423856151752e-06,1.2684153817683865e-10,283818696283.9404
2154.4346900318824,0.01742699270263319,1.7426992702633188,0.38072926898238824,1.3696605593354675e-11,0.2444144756391218,0.07227748473257797,1.0206423856151752e-06,1.3221463122221033e-10,272284539670.16382
2245.697995539772,0.01671877416110964,1.6718774161109635,0.3968572174190181,1.3735682466975063e-11,0.2521088022800968,0.07457310010107406,1.0206423856151752e-06,1.378153321103222e-10,261219121622.70697
2340.827276178294,0.016039337034206253,1.603933703420625,0.4136683566212809,1.3774759340595448e-11,0.26001595017313633,0.076934617416818,1.0206423856151752e-06,1.4365328246279495e-10,250603392994.68304
2439.98629725955,0.015387511669084343,1.538751166908434,0.4311916270104621,1.3813836214215835e-11,0.26814479096244204,0.07936415518745371,1.0206423856151752e-06,1.4973853232683896e-10,240419078780.7488
2543.345761304648,0.014762175946627185,1.4762175946627183,0.4494571949436008,1.3852913087836224e-11,0.2765065638487454,0.08186415685585557,1.0206423856151752e-06,1.560815574764391e-10,230648646656.632
2651.0836019085364,0.01416225334970916,1.4162253349709157,0.4684965046449481,1.3891989961456613e-11,0.2850945435425345,0.08443441776196807,1.0206423856151752e-06,1.626932774464253e-10,221275276797.19135
2763.385290053173,0.013586711109968385,1.3586711109968381,0.4883423323372913,1.3931066835077005e-11,0.2939155106627922,0.08707696455339421,1.0206423856151752e-06,1.6958507433048377e-10,212282832921.03864
2880.4441533962977,0.013034558429893442,1.303455842989344,0.509028842666302,1.3970143708697399e-11,0.3029874497300946,0.08979612284123072,1.0206423856151752e-06,1.7676881237545952e-10,203655834511.8905
3002.461709085549,0.012504844777162672,1.250484477716267,0.530591647515069,1.400922058231779e-11,0.312304073214753,0.09259058169130632,1.0206423856151752e-06,1.8425685840569027e-10,195379430168.81613
3129.6480106707504,0.011996658248300235,1.1996658248300234,0.5530678673100515,1.4048297455938183e-11,0.32186155554815,0.09546096043223873,1.0206423856151752e-06,1.9206210311252785e-10,187439372039.51083
3262.2220097116665,0.011509123998831845,1.1509123998831843,0.5764961949239913,1.4087374329558577e-11,0.33168601871899295,0.09841355899757889,1.0206423856151752e-06,2.00197983245698e-10,179821991292.5801
3400.4119327037097,0.01104140273723766,1.1041402737237658,0.6009169622857979,1.4126451203178972e-11,0.3417801877176109,0.10144876878472892,1.0206423856151752e-06,2.0867850474470048e-10,172514174586.6101
3544.4556739704353,0.010592689280109683,1.0592689280109682,0.6263722098120721,1.4165528076799367e-11,0.3521190594106584,0.10456228543581338,1.0206423856151752e-06,2.1751826685007228e-10,165503341495.51468
3694.6012051993025,0.010162211166026376,1.0162211166026376,0.6529057587797942,1.420460495041976e-11,0.36274056510636027,0.10776333684585661,1.0206423856151752e-06,2.2673248723601828e-10,158777422851.2989
3851.107002325569,0.009749227325758164,0.9749227325758162,0.6805632867647766,1.4243681824040156e-11,0.3736540974351547,0.11105451808276808,1.0206423856151752e-06,2.3633702820768065e-10,152324839966.95212
4014.2424904993177,0.009353026806514902,0.93530268065149,0.7093924062757232,1.4282758697660553e-11,0.38482545432493975,0.11442823734723838,1.0206423856151752e-06,2.4634842400813636e-10,146134484703.70978
4184.288507901585,0.008972927548038601,0.8972927548038601,0.7394427467193013,1.4321835571280952e-11,0.39628860044090847,0.11789337145131668,1.0206423856151752e-06,2.567839092821443e-10,140195700348.36017
4361.537789208006,0.008608275208434981,0.8608275208434979,0.7707660398372895,1.4360912444901349e-11,0.40805993323109413,0.12145424167451868,1.0206423856151752e-06,2.676614487456301e-10,134498263267.686
4546.2954695324,0.008258442037722072,0.825844203772207,0.8034162087629151,1.4399989318521746e-11,0.4201172525892272,0.1251069265350236,1.0206423856151752e-06,2.789997681119937e-10,129032365308.45143
4738.879609717651,0.007922825797156913,0.7922825797156912,0.8374494608496745,1.4439066192142142e-11,0.4324651773920582,0.1288518123114626,1.0206423856151752e-06,2.9081838632847634e-10,123788596912.6394
4939.621743878316,0.007600848722480019,0.7600848722480018,0.8729243844324375,1.4478143065762541e-11,0.44513718808428754,0.1326981144538644,1.0206423856151752e-06,3.03137649178079e-10,118757930918.87346
5148.867450137497,0.007291956529292581,0.7291956529292579,0.9099020496874289,1.4517219939382941e-11,0.4581248277950877,0.1366449608672172,1.0206423856151752e-06,3.1597876430488364e-10,113931707022.13422
5366.976945540476,0.006995617458854453,0.6995617458854452,0.9484461137646939,1.4556296813003338e-11,0.47140302044642673,0.14068711958190006,1.0206423856151752e-06,3.2936383772306783e-10,109301616865.02188
5594.325706169378,0.006711321362659977,0.6711321362659975,0.9886229303740619,1.4595373686623738e-11,0.48501694847421395,0.14483442128697507,1.0206423856151752e-06,3.4331591187246997e-10,104859689734.8957
5831.3051135262185,0.006438578824216022,0.6438578824216021,1.0305016640132287,1.4634450560244135e-11,0.49896844230269244,0.14908926803039269,1.0206423856151752e-06,3.5785900528620956e-10,100598278842.27147
6078.323128297224,0.006176920316510144,0.6176920316510143,1.0741544090346293,1.4673527433864535e-11,0.5132288345937229,0.15344655088582612,1.0206423856151752e-06,3.7301815393865683e-10,96510048156.85254
6335.804992658254,0.005925895393718566,0.5925895393718564,1.1196563137560607,1.4712604307484935e-11,0.5278237476850032,0.157911072712637,1.0206423856151752e-06,3.888194543449319e-10,92587959778.53378
6604.193962330305,0.005685071915762568,0.5685071915762567,1.1670857098286973,1.4751681181105336e-11,0.5427726202504979,0.16248825814172885,1.0206423856151752e-06,4.0529010848611873e-10,88825261821.63908
6883.9520696454965,0.005454035304378039,0.5454035304378038,1.2165242470852653,1.4790758054725736e-11,0.5580554283472944,0.16717537820670997,1.0206423856151752e-06,4.224584706375587e-10,85215476791.52968
7175.560918936921,0.005232387829417987,0.5232387829417987,1.268057034100428,1.4829834928346136e-11,0.5736726639709829,0.1719738784306513,1.0206423856151752e-06,4.4035409618080433e-10,81752390433.58148
7479.522515621813,0.005019747924158976,0.5019747924158975,1.3217727847054377,1.4868911801966536e-11,0.5896515062348514,0.17688820766425514,1.0206423856151752e-06,4.5900779248329187e-10,78430041035.32823
7796.360130405236,0.004815749528433012,0.4815749528433011,1.3777639707092262,1.490798867558694e-11,0.6059854073751255,0.18191871977113644,1.0206423856151752e-06,4.784516719333047e-10,75242709163.35799
8126.6192000919455,0.004620041458453995,0.46200414584539945,1.4361269810888686,1.4947065549207336e-11,0.6226646067354208,0.18706578358334067,1.0206423856151752e-06,4.987192072215343e-10,72184907817.2932
8470.868266557402,0.0044322868022538195,0.4432286802253819,1.496962287923486,1.4986142422827736e-11,0.639704351648106,0.1923324702749003,1.0206423856151752e-06,5.198452889644146e-10,69251372983.90395
8829.699955494083,0.00425216233968759,0.4252162339687589,1.560374619357178,1.5025219296448133e-11,0.6571122660211894,0.197719346539879,1.0206423856151752e-06,5.418662857684034e-10,66437054575.09604
9203.73199661823,0.004079357986009218,0.4079357986009217,1.6264731398888208,1.5064296170068537e-11,0.6748808491120424,0.20322772546536338,1.0206423856151752e-06,5.64820106838643e-10,63737107734.17002
9593.608287093146,0.00391357625805977,0.39135762580597694,1.6953716382990223,1.510337304368894e-11,0.6930124460624999,0.2088600305485296,1.0206423856151752e-06,5.887462672397499e-10,61146884495.388306
10000.0,0.0037545317621493234,0.37545317621493224,1.7671887235378425,1.514244991730934e-11,0.7115144091720939,0.2146162145126051,1.0206423856151752e-06,6.136859559211156e-10,58661925782.48852
10423.606739764033,0.0036019507027510106,0.360195070275101,1.8420480289104055,1.5181526790929744e-11,0.730387027147702,0.2204971131108973,1.0206423856151752e-06,6.396821066237874e-10,56277953732.372375
10865.157746525372,0.0034555704111613214,0.34555704111613206,1.920078424911944,1.522060366455014e-11,0.749631678135725,0.22650592348187348,1.0206423856151752e-06,6.667794717910125e-10,53990864330.75345
11325.413151528126,0.0033151388933151103,0.331513889331511,2.0014142410787623,1.5259680538170544e-11,0.7692433985336581,0.23264208385992868,1.0206423856151752e-06,6.950246996097091e-10,51796720347.08377
11805.165285688032,0.003180414395977272,0.3180414395977271,2.086195497236821,1.5298757411790944e-11,0.7892324980576243,0.23890676144611311,1.0206423856151752e-06,7.244664143154205e-10,49691744556.60303
12305.240043592616,0.0030511649905637815,0.3051164990563781,2.1745681445463125,1.5337834285411347e-11,0.8095930423829953,0.2453003158685796,1.0206423856151752e-06,7.551552998990903e-10,47672313237.83412
12826.498305280626,0.0029271681738761144,0.2927168173876114,2.266684316756909,1.5376911159031748e-11,0.8303264228908085,0.2518251283617732,1.0206423856151752e-06,7.871441873596682e-10,45734949934.338524
13369.837418249452,0.0028082104850613286,0.2808210485061328,2.362702592106463,1.5415988032652148e-11,0.8514297134095982,0.2584805076573285,1.0206423856151752e-06,8.204881456528278e-10,43876319469.986145
13936.192742241436,0.0026940871381386207,0.26940871381386206,2.4627882663138845,1.545506490627255e-11,0.8729074401980996,0.26526719378240865,1.0206423856151752e-06,8.5524457649233e-10,42093222207.44051
14526.539259467783,0.0025846016694597777,0.25846016694597773,2.567113637136109,1.5494141779892948e-11,0.894758039976001,0.2721863927045815,1.0206423856151752e-06,8.914733131672053e-10,40382588539.97553
15141.89325304352,0.0024795655994964056,0.24795655994964053,2.6758583009792103,1.553321865351335e-11,0.9169717526399296,0.27923763312403455,1.0206423856151752e-06,9.292367235449451e-10,38741473607.13813
15783.314056521198,0.0023787981083719756,0.2378798108371975,2.7892094620740435,1.5572295527133755e-11,0.9395487514501136,0.2864208358124328,1.0206423856151752e-06,9.68599817437934e-10,37167052225.163994
16451.905877536607,0.002282125724579893,0.22821257245798926,2.9073622547488496,1.5611372400754155e-11,0.9624925664365188,0.2937368270626444,1.0206423856151752e-06,1.0096303585180219e-09,35656614023.41578
17148.819698705407,0.00218938202635181,0.218938202635181,3.0305200793535616,1.5650449274374558e-11,0.9857972283122841,0.3011854814764724,1.0206423856151752e-06,1.0523989809718814e-09,34207558778.472317
17875.25525904232,0.002100407355162157,0.2100407355162157,3.1588949524139864,1.5689526147994952e-11,1.0094560039135918,0.30876669664140843,1.0206423856151752e-06,1.0969793110979252e-09,32817391937.837887
18632.4631193156,0.002015048540875503,0.20150485408755026,3.2927078716189007,1.5728603021615355e-11,1.0334654092687885,0.3164799093414421,1.0206423856151752e-06,1.1434480940542037e-09,31483720325.562473
19421.746814890284,0.0019331586380638126,0.19331586380638124,3.432189196268088,1.576767989523576e-11,1.0578209947239205,0.3243244129682173,1.0206423856151752e-06,1.1918853259753742e-09,30204248022.38383
20244.46509976802,0.0018545966730394727,0.18545966730394725,3.5775790438365207,1.580675676885616e-11,1.0825159638352435,0.33229930615970993,1.0206423856151752e-06,1.2423743916862716e-09,28976772413.29588
21102.034285685964,0.0017792274011686857,0.17792274011686854,3.7291277033372863,1.5845833642476562e-11,1.1075452079812933,0.3404044768312923,1.0206423856151752e-06,1.2950022082491239e-09,27799180395.740734
21995.930680300702,0.001706921074047511,0.17069210740475108,3.887096066194721,1.5884910516096962e-11,1.1329041644418896,0.348639203307385,1.0206423856151752e-06,1.3498593745914844e-09,26669444741.897568
22927.693128656487,0.0016375532161396129,0.16375532161396125,4.05175607536975,1.5923987389717363e-11,1.1585855769473163,0.3570022589075273,1.0206423856151752e-06,1.4070403274725438e-09,25585620608.804115
23898.92566231053,0.001571004410491301,0.15710044104913007,4.223391193510394,1.5963064263337766e-11,1.1845813660077464,0.3654922468699474,1.0206423856151752e-06,1.466643504056258e-09,24545842190.304413
24911.30026067786,0.0015071600931549252,0.1507160093154925,4.402296890933486,1.6002141136958166e-11,1.2108780322071158,0.37410679804809327,1.0206423856151752e-06,1.5287715113711896e-09,23548319505.05854
25966.559729348723,0.0014459103559667152,0.1445910355966715,4.588781154277648,1.604121801057857e-11,1.2374653520655674,0.38284393829300767,1.0206423856151752e-06,1.5935313029487963e-09,22591335315.084652
27066.52070033236,0.00138714975733961,0.13871497573396097,4.783165016703052,1.608029488419897e-11,1.2643376177140961,0.3917028772048419,1.0206423856151752e-06,1.661034362944198e-09,21673242169.529648
28213.076759394706,0.0013307771407452505,0.13307771407452504,4.985783110550947,1.611937175781937e-11,1.2914863670026666,0.400681518298164,1.0206423856151752e-06,1.7313968980564799e-09,20792459568.577587
29408.201705870666,0.001276695460572773,0.1276695460572773,5.196984243414053,1.6158448631439773e-11,1.3188980495047793,0.40977799726342823,1.0206423856151752e-06,1.8047400375788065e-09,19947471242.61547
30653.952950565235,0.0012248116150645192,0.12248116150645189,5.417131998609795,1.6197525505060173e-11,1.3465599475265724,0.4189876130860859,1.0206423856151752e-06,1.881190041922835e-09,19136822541.97085
31952.475057592135,0.001175036286041088,0.11750362860410878,5.64660536109005,1.6236602378680577e-11,1.3744592068152133,0.4283100326114659,1.0206423856151752e-06,1.960878519976386e-09,18359117932.728203
33306.00343624582,0.0011272837851398956,0.11272837851398954,5.885799369864574,1.6275679252300977e-11,1.4025859180934712,0.43774156903639067,1.0206423856151752e-06,2.04394265566843e-09,17613018594.3142
34716.868189265595,0.001081471906302381,0.1081471906302381,6.135125798061926,1.631475612592138e-11,1.4309188060687248,0.4472781323406289,1.0206423856151752e-06,2.130525444131664e-09,16897240114.713806
36187.49812411284,0.0010375217842560926,0.10375217842560926,6.395013861797849,1.6353832999541784e-11,1.4594499072134948,0.45691765353245567,1.0206423856151752e-06,2.220775937868957e-09,16210550279.352081
37720.42493416993,0.0009953577587478951,0.0995357758747895,6.66591095907201,1.639290987316218e-11,1.48816695067795,0.4666565345615522,1.0206423856151752e-06,2.3148495033476533e-09,15551766949.833279
39318.2875570577,0.000954907244294624,0.09549072442946238,6.948283439965,1.6431986746782584e-11,1.5170345803910317,0.4764885873987218,1.0206423856151752e-06,2.412908088463404e-09,14919756028.886139
40983.83671757253,0.0009161006052270212,0.0916100605227021,7.242617409460964,1.6471063620402984e-11,1.546073730600858,0.4864150988076974,1.0206423856151752e-06,2.515120501333816e-09,14313429508.013042
42719.939663067766,0.0008788710358116963,0.0878871035811696,7.549419564278977,1.6510140494023387e-11,1.5752123849155195,0.49642350707477734,1.0206423856151752e-06,2.621662700902191e-09,13731743594.479696
44529.5850994266,0.000843154445244923,0.08431544452449229,7.869218065152461,1.654921736764379e-11,1.6044965616264908,0.5065192491860838,1.0206423856151752e-06,2.732718099851199e-09,13173696914.423872
46415.888336127726,0.0008088893473201138,0.08088893473201136,8.202563446059571,1.6588294241264188e-11,1.6338483732796412,0.5166887381281032,1.0206423856151752e-06,2.8484778803483995e-09,12638328788.987057
48382.09664925957,0.0007760167545791593,0.07760167545791592,8.550029561968865,1.662737111488459e-11,1.663283563954449,0.5269303948484786,1.0206423856151752e-06,2.969141323166835e-09,12124717580.503386
50431.59487171348,0.0007444800767653747,0.07444800767653746,8.912214576732024,1.6666447988504995e-11,1.692790947921759,0.5372454696482872,1.0206423856151752e-06,3.094916150747367e-09,11631979105.898119
52567.91122018419,0.0007142250234032027,0.07142250234032027,9.289741992824716,1.6705524862125398e-11,1.7222948050348121,0.547611723556403,1.0206423856151752e-06,3.226018884793481e-09,11159265114.56383
54794.723369002924,0.0006851995103370266,0.06851995103370265,9.683261724707643,1.6744601735745798e-11,1.7518760269463436,0.5580504323173452,1.0206423856151752e-06,3.362675219013929e-09,10705761828.094908
57115.86478126423,0.000657353570068147,0.0657353570068147,10.093451217656138,1.6783678609366198e-11,1.7813689270104542,0.5685203774164983,1.0206423856151752e-06,3.5051204076550984e-09,10270688539.365686
59535.3313081437,0.0006306392657356029,0.06306392657356027,10.521016613984001,1.68227554829866e-11,1.810895571654774,0.5790509289161216,1.0206423856151752e-06,3.6535996704918133e-09,9853296268.541107
62057.288067765134,0.000605010608592741,0.06050106085927409,10.966693968669292,1.6861832356607005e-11,1.8403310635885923,0.5896075829007426,1.0206423856151752e-06,3.808368614973809e-09,9452866473.705982
64686.07661546321,0.0005804234788374595,0.058042347883745946,11.431250516475039,1.6900909230227405e-11,1.8697111749711262,0.6002036413775869,1.0206423856151752e-06,3.9696936762546664e-09,9068709813.893082
67426.22241778349,0.0005568355496598477,0.05568355496598476,11.915485992746026,1.6939986103847805e-11,1.898993426003573,0.6108213507588431,1.0206423856151752e-06,4.137852575860679e-09,8700164962.380749
70282.44264308338,0.0005342062143764792,0.053420621437647905,12.420234010155093,1.6979062977468205e-11,1.9281375103417406,0.6214575125200785,1.0206423856151752e-06,4.313134799789118e-09,8346597468.217352
73259.6542821523,0.0005124965165258837,0.05124965165258836,12.946363493769912,1.701813985108861e-11,1.9571600527286417,0.6321053627027611,1.0206423856151752e-06,4.495842096859265e-09,8007398664.012048
76362.98261282257,0.0004916690828049079,0.049166908280490786,13.494780176909506,1.7057216724709012e-11,1.985985103236911,0.6427557736238207,1.0206423856151752e-06,4.6862889981737085e-09,7681984618.112445
79597.77002314977,0.0004716880587304662,0.04716880587304661,14.066428160366739,1.7096293598329412e-11,2.014637108922413,0.6534030201301171,1.0206423856151752e-06,4.88480335858453e-09,7369795129.364579
82969.58520834915,0.00045251904691594706,0.045251904691594694,14.662291537680531,1.7135370471949816e-11,2.043055277092833,0.6640402438434545,1.0206423856151752e-06,5.091726921096369e-09,7070292762.72506
86484.23275731709,0.00043412904785603283,0.04341290478560328,15.283396089255138,1.7174447345570213e-11,2.071232141472594,0.6746552107028996,1.0206423856151752e-06,5.3074159051777885e-09,6782961924.0653925
90147.76314524918,0.0004164864031179485,0.04164864031179484,15.930811048244314,1.7213524219190616e-11,2.09914140444849,0.6852473256020576,1.0206423856151752e-06,5.5322416199942016e-09,6507307972.575089
93966.4831495471,0.00039956074084139623,0.03995607408413961,16.605650941238665,1.7252601092811016e-11,2.1267522718917746,0.6958006132142721,1.0206423856151752e-06,5.766591103617463e-09,6242856369.23636
97946.96670695386,0.00038332292345331025,0.03833229234533102,17.309077506926364,1.7291677966431416e-11,2.1540404702931166,0.7063127288809057,1.0206423856151752e-06,6.010867789313007e-09,5989151859.903828
102096.06623060476,0.0003677449975074444,0.036774499750744434,18.042301696029558,1.733075484005182e-11,2.1809880365842145,0.7167732652110068,1.0206423856151752e-06,6.265492200051355e-09,5745757691.5832615
106420.92440647224,0.00035280014556244736,0.03528001455624473,18.8065857559589,1.736983171367222e-11,2.2075496890461417,0.7271727077000045,1.0206423856151752e-06,6.5309026724394036e-09,5512254860.560246
110928.98648952227,0.00033846264001555584,0.033846264001555576,19.603245403776338,1.7408908587292623e-11,2.233724528092583,0.7375036324188778,1.0206423856151752e-06,6.807556111318226e-09,5288241391.084018
115628.01312073777,0.0003247077988124653,0.032470779881246525,20.43365209120514,1.7447985460913027e-11,2.259483748045546,0.7477598393039203,1.0206423856151752e-06,7.095928776325852e-09,5073331643.365251
120526.09368708414,0.0003115119429571047,0.031151194295710463,21.299235365587855,1.7487062334533424e-11,2.2848067232789977,0.7579329937430945,1.0206423856151752e-06,7.3965171017795425e-09,4867155649.696084
125631.66024741215,0.000298852355748176,0.029885235574817592,22.201485330856208,1.7526139208153827e-11,2.309636026844946,0.7680086969071527,1.0206423856151752e-06,7.70983855128892e-09,4669358477.549646
130953.5020482665,0.0002867072436723016,0.028670724367230154,23.141955212748414,1.7565216081774227e-11,2.333959450068402,0.7779773245500313,1.0206423856151752e-06,8.036432508570741e-09,4479599618.562902
136500.78065460137,0.0002750556988864221,0.02750556988864221,24.122264032692172,1.760429295539463e-11,2.357774544334418,0.7878363696244262,1.0206423856151752e-06,8.376861205999677e-09,4297552402.350427
142283.04572143548,0.0002638776632248973,0.026387766322489726,25.14409939495375,1.7643369829015034e-11,2.38105251686362,0.7975779944125532,1.0206423856151752e-06,8.731710692492604e-09,4122903434.1406064
148310.25143361028,0.00025315389366931535,0.025315389366931527,26.209220391853567,1.7682446702635434e-11,2.403759519459223,0.8071909343970642,1.0206423856151752e-06,9.101591842393524e-09,3955352055.265618
154592.77364194786,0.00024286592922158354,0.02428659292215835,27.319460632048585,1.7721523576255837e-11,2.4258779903098158,0.8166637376955794,1.0206423856151752e-06,9.487141407095449e-09,3794609825.576706
161141.42772530165,0.0002329960591232767,0.023299605912327666,28.47673139709385,1.7760600449876237e-11,2.4473858477245427,0.8259888726069247,1.0206423856151752e-06,9.889023111209412e-09,3640400026.893785
167967.48720926532,0.0002235272923665108,0.022352729236651075,29.683024931719746,1.7799677323496638e-11,2.4682503780924474,0.8351599514320752,1.0206423856151752e-06,1.0307928795168469e-08,3492457186.6342263
175082.7031735727,0.00021444332844388467,0.021444332844388462,30.94041787348577,1.783875419711704e-11,2.4884550241467873,0.8441689867075098,1.0206423856151752e-06,1.0744579606232579e-08,3350526620.8012066
182499.32448161504,0.00020572852928710925,0.020572852928710923,32.25107482771807,1.787783107073744e-11,2.5080014013138228,0.8530051650873491,1.0206423856151752e-06,1.1199727239945669e-08,3214363995.5444703
190230.11886689457,0.0001973678923460292,0.019736789234602918,33.61725209388363,1.7916907944357845e-11,2.526859960281215,0.8616585201126896,1.0206423856151752e-06,1.1674155234181653e-08,3083734906.53892
198288.39491270675,0.000189347024761698,0.0189347024761698,35.041301549815,1.7955984817978245e-11,2.5449847611537217,0.8701246898556254,1.0206423856151752e-06,1.2168680318006678e-08,2958414475.457029
206688.0249629082,0.00018165211858902527,0.018165211858902526,36.52567470047558,1.7995061691598648e-11,2.562360982390393,0.8783958183445517,1.0206423856151752e-06,1.2684153817680842e-08,2838186962.8400807
215443.46900318866,0.00017426992702636966,0.01742699270263696,38.07292689823058,1.803413856521905e-11,2.5790108185926885,0.8864586712149444,1.0206423856151752e-06,1.3221463122218169e-08,2722845396.7022276
224569.79955397718,0.00016718774161113,0.016718774161112997,39.68572174189383,1.807321543883945e-11,2.5949012866929952,0.8943047848489537,1.0206423856151752e-06,1.378153321102945e-08,2612191216.227595
234082.72761782943,0.0001603933703420922,0.016039337034209216,41.36683566212043,1.8112292312459852e-11,2.6099639454664136,0.9019325021608161,1.0206423856151752e-06,1.4365328246276833e-08,2506033929.947294
243998.62972595452,0.00015387511669087,0.015387511669086997,43.11916270103877,1.8151369186080252e-11,2.624235330895308,0.9093389936424963,1.0206423856151752e-06,1.4973853232681316e-08,2404190787.807903
254334.57613046482,0.00014762175946629513,0.01476217594662951,44.94571949435299,1.8190446059700655e-11,2.637741196367341,0.9165059251129785,1.0206423856151752e-06,1.560815574764145e-08,2306486466.566684
265108.3601908542,0.0001416225334971118,0.014162253349711176,46.84965046448813,1.822952293332106e-11,2.650397125200238,0.9234215596159089,1.0206423856151752e-06,1.6269327744640203e-08,2212752767.9722295
276338.5290053167,0.00013586711109970205,0.013586711109970201,48.83423323372259,1.826859980694146e-11,2.662178507791788,0.9300967802710882,1.0206423856151752e-06,1.6958507433046105e-08,2122828329.2106707
288044.4153396298,0.0001303455842989505,0.013034558429895048,50.90288426662392,1.8307676680561862e-11,2.673102327032908,0.9365175352496359,1.0206423856151752e-06,1.767688123754377e-08,2036558345.1191564
300246.17090855434,0.00012504844777164124,0.012504844777164122,53.059164751500745,1.834675355418226e-11,2.6832481252881397,0.9426732655911738,1.0206423856151752e-06,1.8425685840566884e-08,1953794301.6883883
312964.80106707505,0.00011996658248301485,0.011996658248301482,55.30678673099939,1.8385830427802666e-11,2.6924897372143604,0.9485547775337339,1.0206423856151752e-06,1.9206210311250787e-08,1874393720.3953035
326222.2009711673,0.00011509123998832924,0.011509123998832922,57.649619492393725,1.842490730142307e-11,2.700752060851924,0.9541607697955068,1.0206423856151752e-06,2.001979832456792e-08,1798219912.92597
340041.19327037025,0.00011041402737238644,0.011041402737238642,60.091696228574435,1.8463984175043466e-11,2.7081936484940727,0.9595006632572324,1.0206423856151752e-06,2.086785047446819e-08,1725141745.8662548
354445.5673970436,0.0001059268928011054,0.010592689280110538,62.63722098120214,1.850306104866387e-11,2.7148462460484484,0.9645524019356917,1.0206423856151752e-06,2.175182668500547e-08,1655033414.9552805
369460.1205199295,0.00010162211166027141,0.010162211166027139,65.2905758779745,1.854213792228427e-11,2.720474688665989,0.9692946666755715,1.0206423856151752e-06,2.267324872360012e-08,1587774228.5131085
385110.7002325569,9.749227325758829e-05,0.009749227325758827,68.05632867647302,1.8581214795904673e-11,2.7251170982526904,0.973742725507061,1.0206423856151752e-06,2.3633702820766448e-08,1523248399.6696255
401424.2490499326,9.353026806515466e-05,0.009353026806515464,70.93924062756804,1.8620291669525076e-11,2.7290010399916462,0.9779262791846294,1.0206423856151752e-06,2.4634842400812144e-08,1461344847.037186
418428.8507901576,8.972927548039131e-05,0.00897292754803913,73.94427467192577,1.8659368543145476e-11,2.7320689310437714,0.9817943821406168,1.0206423856151752e-06,2.5678390928212918e-08,1401957003.483684
436153.77892080054,8.608275208435444e-05,0.008608275208435443,77.07660398372482,1.8698445416765873e-11,2.733965144019777,0.9853129365692095,1.0206423856151752e-06,2.676614487456157e-08,1344982632.6769326
454629.546953239,8.258442037722494e-05,0.008258442037722493,80.3416208762874,1.8737522290386273e-11,2.7349628120391536,0.9885396434627474,1.0206423856151752e-06,2.789997681119793e-08,1290323653.0845807
473887.9609717651,7.922825797157281e-05,0.007922825797157279,83.74494608496356,1.8776599164006677e-11,2.735270945615809,0.9915097571386815,1.0206423856151752e-06,2.9081838632846293e-08,1237885969.1264513
493962.1743878326,7.600848722480325e-05,0.007600848722480324,87.29243844324023,1.881567603762708e-11,2.734667941174076,0.9941231452411925,1.0206423856151752e-06,3.031376491780668e-08,1187579309.1887825
514886.7450137487,7.291956529292873e-05,0.007291956529292871,90.99020496873925,1.885475291124748e-11,2.7328204537696843,0.996360627225169,1.0206423856151752e-06,3.159787643048711e-08,1139317070.2213876
536697.6945540477,6.9956174588547e-05,0.006995617458854697,94.84461137646605,1.8893829784867884e-11,2.730234611044962,0.9983291812405756,1.0206423856151752e-06,3.293638377230563e-08,1093016168.6502573
559432.5706169389,6.711321362660178e-05,0.006711321362660177,98.86229303740323,1.8932906658488287e-11,2.726983774980064,1.0000409751021133,1.0206423856151752e-06,3.433159118724597e-08,1048596897.3489885
583130.5113526218,6.438578824216211e-05,0.0064385788242162095,103.05016640131986,1.8971983532108684e-11,2.722650027741084,1.0013435099598462,1.0206423856151752e-06,3.57859005286199e-08,1005982788.422744
607832.3128297236,6.176920316510297e-05,0.006176920316510296,107.41544090346028,1.9011060405729087e-11,2.7172039785408857,1.0022859060584346,1.0206423856151752e-06,3.7301815393864764e-08,965100481.5685492
633580.4992658241,5.925895393718732e-05,0.005925895393718732,111.96563137560292,1.9050137279349488e-11,2.711107912043987,1.0029698321106448,1.0206423856151752e-06,3.888194543449209e-08,925879597.7853639
660419.3962330305,5.685071915762702e-05,0.005685071915762701,116.70857098286699,1.908921415296989e-11,2.7043814215356865,1.0034048659392831,1.0206423856151752e-06,4.052901084861092e-08,888252618.2164117
688395.206964551,5.454035304378144e-05,0.005454035304378143,121.65242470852417,1.9128291026590294e-11,2.696367638294432,1.0033771567369492,1.0206423856151752e-06,4.2245847063755046e-08,852154767.9153132
717556.0918936922,5.232387829418089e-05,0.005232387829418088,126.80570341004034,1.9167367900210695e-11,2.687495170496468,1.0030276581215405,1.0206423856151752e-06,4.403540961807957e-08,817523904.3358307
747952.2515621829,5.019747924159061e-05,0.005019747924159061,132.17727847054152,1.9206444773831098e-11,2.6780088969063423,1.0024210863723482,1.0206423856151752e-06,4.59007792483284e-08,784300410.3532956
779636.0130405221,4.815749528433109e-05,0.004815749528433108,137.7763970709198,1.9245521647451495e-11,2.6678857275195087,1.001551906303212,1.0206423856151752e-06,4.78451671933295e-08,752427091.6335949
812661.9200091945,4.6200414584540646e-05,0.004620041458454064,143.6126981088847,1.92845985210719e-11,2.6564011070652165,1.00021679080643,1.0206423856151752e-06,4.987192072215269e-08,721849078.1729428
847086.826655742,4.432286802253874e-05,0.004432286802253873,149.69622879234674,1.93236753946923e-11,2.6442645621904277,0.9985854377181543,1.0206423856151752e-06,5.1984528896440816e-08,692513729.839048
882969.9955494083,4.2521623396876446e-05,0.004252162339687644,156.03746193571575,1.9362752268312702e-11,2.6315602996165834,0.9967032160449423,1.0206423856151752e-06,5.418662857683963e-08,664370545.750969
920373.199661823,4.0793579860092675e-05,0.004079357986009267,162.64731398888011,1.9401829141933105e-11,2.6181214077999475,0.9945355860287839,1.0206423856151752e-06,5.64820106838636e-08,637371077.341708
959360.8287093127,3.913576258059822e-05,0.003913576258059821,169.53716382989998,1.9440906015553505e-11,2.6035059103466067,0.9919508464564075,1.0206423856151752e-06,5.8874626723974217e-08,611468844.9538912
1000000.0,3.754531762149363e-05,0.0037545317621493625,176.7188723537824,1.947998288917391e-11,2.588313994411589,0.9890683318630344,1.0206423856151752e-06,6.13685955921109e-08,586619257.8248914
1042360.6739764033,3.601950702751045e-05,0.0036019507027510445,184.20480289103878,1.9519059762794312e-11,2.5725920072009387,0.9859417946198891,1.0206423856151752e-06,6.396821066237813e-08,562779537.3237292
1086515.7746525372,3.455570411161348e-05,0.003455570411161348,192.00784249119292,1.9558136636414712e-11,2.556081062700493,0.9825192298636513,1.0206423856151752e-06,6.667794717910074e-08,539908643.3075386
1132541.3151528127,3.315138893315131e-05,0.0033151388933151307,200.14142410787497,1.9597213510035116e-11,2.538616926513182,0.9787406300152264,1.0206423856151752e-06,6.950246996097048e-08,517967203.4708409
1180516.528568803,3.180414395977294e-05,0.0031804143959772934,208.61954972368068,1.9636290383655512e-11,2.520623141501518,0.9746614432317919,1.0206423856151752e-06,7.244664143154155e-08,496917445.56603366
1230524.0043592616,3.0511649905638027e-05,0.0030511649905638023,217.45681445462975,1.9675367257275916e-11,2.502114615404578,0.9703396278613758,1.0206423856151752e-06,7.551552998990852e-08,476723132.3783445
1282649.8305280625,2.9271681738761324e-05,0.002927168173876132,226.6684316756895,1.971444413089632e-11,2.482867656451235,0.9657365015229558,1.0206423856151752e-06,7.871441873596633e-08,457349499.34338796
1336983.7418249452,2.808210485061344e-05,0.0028082104850613437,236.27025921064498,1.975352100451672e-11,2.462840501798678,0.9608231699049036,1.0206423856151752e-06,8.204881456528234e-08,438763194.69986385
1393619.2742241435,2.6940871381386314e-05,0.0026940871381386307,246.2788266313875,1.9792597878137123e-11,2.4423251951019433,0.9556238851385297,1.0206423856151752e-06,8.552445764923266e-08,420932222.07440686
1452653.9259467782,2.5846016694597893e-05,0.002584601669459789,256.7113637136097,1.9831674751757523e-11,2.4213263186326808,0.9501802656854854,1.0206423856151752e-06,8.914733131672013e-08,403825885.39975715
1514189.325304352,2.4795655994964162e-05,0.0024795655994964156,267.58583009791994,1.9870751625377926e-11,2.3996845391147006,0.9444814445814941,1.0206423856151752e-06,9.292367235449415e-08,387414736.0713829
1578331.4056521198,2.378798108371986e-05,0.0023787981083719855,278.92094620740306,1.9909828498998326e-11,2.3774109268205454,0.9385157295277835,1.0206423856151752e-06,9.685998174379295e-08,371670522.25164163
1645190.5877536607,2.2821257245799024e-05,0.002282125724579902,290.7362254748838,1.9948905372618727e-11,2.3546825814384214,0.9322808922047127,1.0206423856151752e-06,1.0096303585180179e-07,356566140.23415923
1714881.9698705408,2.189382026351817e-05,0.0021893820263518167,303.0520079353552,1.998798224623913e-11,2.3315299550523005,0.9258113236882585,1.0206423856151752e-06,1.0523989809718784e-07,342075587.7847242
1787525.5259042317,2.1004073551621632e-05,0.002100407355162163,315.88949524139775,2.002705911985953e-11,2.307855192305079,0.9191155014113142,1.0206423856151752e-06,1.096979311097922e-07,328173919.3783798
1863246.3119315598,2.015048540875508e-05,0.0020150485408755078,329.2707871618893,2.0066135993479933e-11,2.28366793997678,0.9121907985716935,1.0206423856151752e-06,1.1434480940542008e-07,314837203.25562555
1942174.6814890285,1.9331586380638197e-05,0.0019331586380638194,343.2189196268076,2.0105212867100337e-11,2.259071068388558,0.9050218952478267,1.0206423856151752e-06,1.1918853259753699e-07,302042480.2238394
2024446.5099768017,1.8545966730394795e-05,0.001854596673039479,357.7579043836508,2.0144289740720734e-11,2.2341207976316673,0.8976335977309489,1.0206423856151752e-06,1.2423743916862672e-07,289767724.1329598
2110203.4285685965,1.7792274011686884e-05,0.001779227401168688,372.9127703337281,2.0183366614341134e-11,2.208772816775161,0.8900483371518543,1.0206423856151752e-06,1.2950022082491222e-07,277991803.9574078
2199593.06803007,1.706921074047517e-05,0.0017069210740475167,388.7096066194708,2.0222443487961534e-11,2.183010610009432,0.8822649333634608,1.0206423856151752e-06,1.3498593745914795e-07,266694447.41897666
2292769.312865649,1.637553216139616e-05,0.0016375532161396155,405.17560753697427,2.0261520361581937e-11,2.156915083998098,0.8742767952535863,1.0206423856151752e-06,1.4070403274725413e-07,255856206.0880416
2389892.566231053,1.5710044104913017e-05,0.0015710044104913015,422.33911935103924,2.030059723520234e-11,2.1305466243531788,0.8660931977048159,1.0206423856151752e-06,1.4666435040562576e-07,245458421.90304425
2491130.026067786,1.5071600931549273e-05,0.0015071600931549271,440.22968909334793,2.033967410882274e-11,2.103879948843269,0.8577360104569992,1.0206423856151752e-06,1.5287715113711874e-07,235483195.05058566
2596655.9729348724,1.4459103559667157e-05,0.0014459103559667154,458.87811542776467,2.0378750982443144e-11,2.0769043807768512,0.8492119951523013,1.0206423856151752e-06,1.593531302948796e-07,225913353.1508466
2706652.070033236,1.387149757339611e-05,0.0013871497573396108,478.3165016703048,2.0417827856063545e-11,2.049679400720587,0.8405193329825232,1.0206423856151752e-06,1.6610343629441966e-07,216732421.69529662
2821307.6759394705,1.3307771407452521e-05,0.0013307771407452518,498.57831105509405,2.0456904729683945e-11,2.0222531988082553,0.8316644341517221,1.0206423856151752e-06,1.7313968980564778e-07,207924595.6857761
2940820.1705870666,1.2766954605727739e-05,0.0012766954605727737,519.6984243414049,2.049598160330435e-11,1.9946212486149835,0.8226610146688016,1.0206423856151752e-06,1.8047400375788052e-07,199474712.42615482
3065395.2950565238,1.2248116150645195e-05,0.0012248116150645194,541.7131998609793,2.0535058476924748e-11,1.9667834018140573,0.8135189804286646,1.0206423856151752e-06,1.8811900419228342e-07,191368225.4197086
3195247.5057592136,1.1750362860410887e-05,0.0011750362860410886,564.6605361090046,2.057413535054515e-11,1.9387879984466752,0.8042464524589743,1.0206423856151752e-06,1.960878519976385e-07,183591179.32728213
3330600.3436245816,1.1272837851398964e-05,0.0011272837851398962,588.5799369864569,2.0613212224165552e-11,1.9106716497018685,0.7948495596041982,1.0206423856151752e-06,2.0439426556684284e-07,176130185.94314215
3471686.8189265593,1.0814719063023822e-05,0.001081471906302382,613.5125798061921,2.0652289097785955e-11,1.8824232670999181,0.7853280381726375,1.0206423856151752e-06,2.130525444131662e-07,168972401.14713827
3618749.812411284,1.0375217842560942e-05,0.0010375217842560941,639.5013861797838,2.069136597140636e-11,1.8540672476829119,0.7756949569435043,1.0206423856151752e-06,2.2207759378689543e-07,162105502.79352105
3772042.4934169934,9.953577587478956e-06,0.0009953577587478956,666.5910959072007,2.0730442845026755e-11,1.8256417817353714,0.7659688513884569,1.0206423856151752e-06,2.3148495033476514e-07,155517669.49833286
3931828.75570577,9.54907244294625e-06,0.0009549072442946249,694.8283439964993,2.076951971864716e-11,1.7971742566333282,0.7561566178647949,1.0206423856151752e-06,2.4129080884634016e-07,149197560.28886157
4098383.671757253,9.161006052270207e-06,0.0009161006052270205,724.2617409460967,2.080859659226756e-11,1.7686564295454918,0.7462396962796078,1.0206423856151752e-06,2.515120501333818e-07,143134295.08013034
4271993.966306777,8.788710358116982e-06,0.0008788710358116982,754.941956427896,2.0847673465887962e-11,1.7401106978178382,0.7362502606138958,1.0206423856151752e-06,2.621662700902185e-07,137317435.94479728
4452958.50994266,8.431544452449228e-06,0.0008431544452449226,786.9218065152464,2.0886750339508366e-11,1.7115810616162066,0.7261970938787262,1.0206423856151752e-06,2.7327180998512e-07,131736969.14423865
4641588.833612773,8.088893473201128e-06,0.0008088893473201127,820.256344605958,2.0925827213128766e-11,1.6830661650622407,0.7160825854104433,1.0206423856151752e-06,2.8484778803484025e-07,126383287.88987042
4838209.664925957,7.76016754579159e-06,0.000776016754579159,855.0029561968868,2.096490408674917e-11,1.6545958858896384,0.7059071599096404,1.0206423856151752e-06,2.9691413231668353e-07,121247175.8050338
5043159.487171348,7.444800767653766e-06,0.0007444800767653764,891.2214576732002,2.1003980960369566e-11,1.6261714045010467,0.6956889432863832,1.0206423856151752e-06,3.094916150747359e-07,116319791.05898146
5256791.122018419,7.142250234032041e-06,0.0007142250234032039,928.9741992824701,2.104305783398997e-11,1.597836901988378,0.6854295799287184,1.0206423856151752e-06,3.2260188847934755e-07,111592651.1456385
5479472.336900293,6.851995103370259e-06,0.0006851995103370258,968.3261724707653,2.1082134707610376e-11,1.5695648522918608,0.6751348235738415,1.0206423856151752e-06,3.3626752190139323e-07,107057618.28094895
5711586.478126423,6.5735357006814754e-06,0.0006573535700681474,1009.3451217656134,2.1121211581230773e-11,1.5414220377943846,0.6648198852941777,1.0206423856151752e-06,3.505120407655096e-07,102706885.39365694
5953533.13081437,6.306392657356034e-06,0.0006306392657356032,1052.1016613983993,2.1160288454851176e-11,1.5133897793525424,0.6544833514774856,1.0206423856151752e-06,3.6535996704918114e-07,98532962.68541113
6205728.806776513,6.050106085927406e-06,0.0006050106085927404,1096.6693968669297,2.119936532847158e-11,1.4855179357190667,0.644142226036335,1.0206423856151752e-06,3.808368614973811e-07,94528664.73705976
6468607.661546321,5.804234788374599e-06,0.0005804234788374599,1143.1250516475034,2.123844220209198e-11,1.457753003626425,0.6337832469258715,1.0206423856151752e-06,3.9696936762546646e-07,90687098.13893086
6742622.241778349,5.568355496598478e-06,0.0005568355496598478,1191.5485992746023,2.1277519075712383e-11,1.430189560615682,0.623442563458912,1.0206423856151752e-06,4.1378525758606787e-07,87001649.6238075
7028244.264308338,5.342062143764792e-06,0.000534206214376479,1242.0234010155095,2.1316595949332783e-11,1.402780301929243,0.6130946642224944,1.0206423856151752e-06,4.313134799789118e-07,83465974.6821735
7325965.42821523,5.124965165258841e-06,0.0005124965165258841,1294.63634937699,2.1355672822953184e-11,1.3755985116562626,0.6027806801815534,1.0206423856151752e-06,4.4958420968592606e-07,80073986.64012055
7636298.261282257,4.91669082804908e-06,0.0004916690828049079,1349.4780176909505,2.1394749696573587e-11,1.3485759865953957,0.5924664370285875,1.0206423856151752e-06,4.686288998173708e-07,76819846.18112445
7959777.002314977,4.716880587304662e-06,0.00047168805873046613,1406.6428160366736,2.1433826570193987e-11,1.3218121957432274,0.5822029862128008,1.0206423856151752e-06,4.884803358584528e-07,73697951.2936458
8296958.520834915,4.525190469159469e-06,0.00045251904691594684,1466.2291537680533,2.147290344381439e-11,1.2952357831792125,0.5719490403916433,1.0206423856151752e-06,5.091726921096371e-07,70702927.62725057
8648423.275731709,4.3412904785603324e-06,0.00043412904785603316,1528.3396089255127,2.151198031743479e-11,1.2689416861539344,0.5617563086929441,1.0206423856151752e-06,5.307415905177784e-07,67829619.240654
9014776.314524917,4.164864031179487e-06,0.0004164864031179487,1593.0811048244304,2.1551057191055194e-11,1.2428516847315896,0.5515881416337469,1.0206423856151752e-06,5.532241619994199e-07,65073079.725750946
9396648.31495471,3.995607408413963e-06,0.00039956074084139623,1660.565094123866,2.1590134064675597e-11,1.2170607611407689,0.5414859880860451,1.0206423856151752e-06,5.766591103617461e-07,62428563.6923636
9794696.670695385,3.833229234533102e-06,0.00038332292345331014,1730.907750692637,2.1629210938295998e-11,1.1914988853776018,0.5314267900171421,1.0206423856151752e-06,6.010867789313008e-07,59891518.59903826
10209606.623060476,3.6774499750744413e-06,0.0003677449975074441,1804.230169602957,2.1668287811916398e-11,1.166334889843969,0.5215168032033267,1.0206423856151752e-06,6.265492200051359e-07,57457576.91583258
10642092.440647224,3.5280014556244744e-06,0.0003528001455624474,1880.6585755958895,2.1707364685536795e-11,1.1413375154074257,0.5115893876978925,1.0206423856151752e-06,6.530902672439402e-07,55122548.60560248
11092898.648952227,3.3846264001555574e-06,0.0003384626400155557,1960.324540377634,2.1746441559157198e-11,1.1166645615345765,0.5017329620100663,1.0206423856151752e-06,6.807556111318228e-07,52882413.91084016
11562801.312073776,3.2470779881246527e-06,0.0003247077988124652,2043.365209120514,2.17855184327776e-11,1.0922620531259313,0.4919514616768965,1.0206423856151752e-06,7.095928776325852e-07,50733316.4336525
12052609.368708413,3.1151194295710477e-06,0.00031151194295710475,2129.9235365587842,2.1824595306398e-11,1.0681878111670557,0.48224370454924737,1.0206423856151752e-06,7.39651710177954e-07,48671556.496960856
12563166.024741214,2.9885235574817585e-06,0.0002988523557481758,2220.1485330856212,2.1863672180018405e-11,1.0444041245854319,0.47262512622987546,1.0206423856151752e-06,7.709838551288923e-07,46693584.775496446
13095350.20482665,2.8670724367230176e-06,0.0002867072436723017,2314.19552127484,2.1902749053638802e-11,1.0209487047710994,0.4630818866159812,1.0206423856151752e-06,8.03643250857074e-07,44795996.18562904
13650078.065460138,2.750556988864222e-06,0.00027505569888642217,2412.2264032692165,2.194182592725921e-11,0.9978136697432676,0.4536383996641237,1.0206423856151752e-06,8.376861205999675e-07,42975524.02350428
14228304.57214355,2.638776632248972e-06,0.0002638776632248972,2514.409939495375,2.198090280087961e-11,0.9750018653065783,0.4442781673987131,1.0206423856151752e-06,8.731710692492605e-07,41229034.341406055
14831025.143361028,2.531538936693155e-06,0.00025315389366931546,2620.9220391853546,2.201997967450001e-11,0.9525177381109132,0.4350195422890211,1.0206423856151752e-06,9.101591842393517e-07,39553520.5526562
15459277.364194784,2.428659292215837e-06,0.00024286592922158364,2731.946063204857,2.2059056548120412e-11,0.9303632299781793,0.42585732262076276,1.0206423856151752e-06,9.487141407095445e-07,37946098.25576708
16114142.772530166,2.3299605912327664e-06,0.00023299605912327663,2847.6731397093854,2.2098133421740812e-11,0.9085535634090443,0.4167987521440858,1.0206423856151752e-06,9.889023111209415e-07,36404000.26893784
16796748.72092653,2.235272923665107e-06,0.00022352729236651067,2968.302493171976,2.2137210295361216e-11,0.8870776178469392,0.4078422526438164,1.0206423856151752e-06,1.0307928795168473e-06,34924571.86634225
17508270.31735727,2.144433284438847e-06,0.0002144433284438847,3094.0417873485762,2.217628716898162e-11,0.865951001579501,0.3989950699404559,1.0206423856151752e-06,1.0744579606232577e-06,33505266.208012078
18249932.448161505,2.0572852928710923e-06,0.0002057285292871092,3225.1074827718076,2.221536404260202e-11,0.8451504132829586,0.3902594890161254,1.0206423856151752e-06,1.1199727239945672e-06,32143639.9554447
19023011.886689458,1.9736789234602927e-06,0.00019736789234602926,3361.7252093883617,2.225444091622242e-11,0.8247032667376806,0.3816269426932741,1.0206423856151752e-06,1.167415523418165e-06,30837349.065389212
19828839.491270673,1.8934702476169787e-06,0.00018934702476169785,3504.130154981503,2.229351778984282e-11,0.8046069090633194,0.3731125479080579,1.0206423856151752e-06,1.2168680318006686e-06,29584144.75457027
20668802.49629082,1.8165211858902528e-06,0.00018165211858902527,3652.567470047557,2.2332594663463223e-11,0.7848647795169591,0.3647170638893336,1.0206423856151752e-06,1.2684153817680842e-06,28381869.62840081
21544346.900318865,1.7426992702636955e-06,0.00017426992702636952,3807.2926898230608,2.2371671537083626e-11,0.7654403596780252,0.3564323741184711,1.0206423856151752e-06,1.322146312221818e-06,27228453.96702226
22456979.955397718,1.671877416111301e-06,0.00016718774161113007,3968.57217418938,2.2410748410704026e-11,0.7463763547869198,0.34826640057205066,1.0206423856151752e-06,1.3781533211029437e-06,26121912.162275966
23408272.761782944,1.6039337034209207e-06,0.00016039337034209206,4136.683566212047,2.244982528432443e-11,0.7276718350769112,0.3402223350184258,1.0206423856151752e-06,1.4365328246276844e-06,25060339.29947292
24399862.972595453,1.538751166908698e-06,0.0001538751166908698,4311.916270103881,2.248890215794483e-11,0.7093084568241377,0.3322978293731792,1.0206423856151752e-06,1.4973853232681332e-06,24041907.878079005
25433457.613046482,1.476217594662952e-06,0.00014762175946629518,4494.571949435297,2.252797903156523e-11,0.6912720771948695,0.3244944759854616,1.0206423856151752e-06,1.5608155747641445e-06,23064864.66566685
26510836.019085415,1.416225334971117e-06,0.0001416225334971117,4684.965046448816,2.2567055905185633e-11,0.6735887790768905,0.31681651097193186,1.0206423856151752e-06,1.6269327744640217e-06,22127527.67972228
27633852.90053167,1.35867111099702e-06,0.000135867111099702,4883.42332337226,2.2606132778806034e-11,0.6562630567279857,0.30925822702981026,1.0206423856151752e-06,1.695850743304611e-06,21228283.292106703
28804441.53396298,1.3034558429895045e-06,0.00013034558429895042,5090.288426662394,2.2645209652426437e-11,0.6392656830615715,0.30182135063685467,1.0206423856151752e-06,1.7676881237543777e-06,20365583.451191552
30024617.09085543,1.2504844777164127e-06,0.00012504844777164124,5305.916475150073,2.2684286526046837e-11,0.6225983902960291,0.29451367594690464,1.0206423856151752e-06,1.8425685840566882e-06,19537943.016883887
31296480.106707502,1.1996658248301497e-06,0.00011996658248301496,5530.678673099933,2.272336339966724e-11,0.6062719269658633,0.287329993754274,1.0206423856151752e-06,1.9206210311250767e-06,18743937.203953054
32622220.09711673,1.150912399883293e-06,0.00011509123998832928,5764.961949239369,2.2762440273287644e-11,0.5902911176017486,0.2802679738746208,1.0206423856151752e-06,2.001979832456791e-06,17982199.12925971
34004119.32703703,1.1041402737238638e-06,0.00011041402737238637,6009.1696228574465,2.2801517146908044e-11,0.5746399744055086,0.27332919797432575,1.0206423856151752e-06,2.0867850474468198e-06,17251417.45866254
35444556.739704356,1.0592689280110545e-06,0.00010592689280110543,6263.722098120211,2.2840594020528444e-11,0.5593059098550521,0.266517513798047,1.0206423856151752e-06,2.175182668500546e-06,16550334.149552815
36946012.051992945,1.0162211166027146e-06,0.00010162211166027144,6529.057587797449,2.2879670894148844e-11,0.5442961010100883,0.2598335330869264,1.0206423856151752e-06,2.2673248723600113e-06,15877742.28513109
38511070.02325569,9.749227325758832e-07,9.749227325758829e-05,6805.6328676472995,2.2918747767769248e-11,0.5296221904281977,0.2532716171949761,1.0206423856151752e-06,2.3633702820766443e-06,15232483.996696256
40142424.90499326,9.353026806515472e-07,9.35302680651547e-05,7093.9240627568,2.295782464138965e-11,0.5152721251508614,0.24682900963637694,1.0206423856151752e-06,2.4634842400812125e-06,14613448.47037187
41842885.07901576,8.972927548039135e-07,8.972927548039133e-05,7394.427467192574,2.299690151501005e-11,0.5012224614498351,0.24051056165048285,1.0206423856151752e-06,2.5678390928212905e-06,14019570.03483685
43615377.89208005,8.608275208435442e-07,8.60827520843544e-05,7707.6603983724835,2.3035978388630455e-11,0.4874792477787319,0.2343198890812967,1.0206423856151752e-06,2.676614487456158e-06,13449826.326769318
45462954.6953239,8.25844203772249e-07,8.258442037722489e-05,8034.1620876287425,2.3075055262250855e-11,0.4740589355238861,0.22825213944682854,1.0206423856151752e-06,2.789997681119795e-06,12903236.530845797
47388796.09717651,7.922825797157271e-07,7.92282579715727e-05,8374.494608496367,2.3114132135871258e-11,0.46095651487680256,0.22229986023833795,1.0206423856151752e-06,2.908183863284632e-06,12378859.6912645
49396217.43878326,7.600848722480331e-07,7.600848722480329e-05,8729.243844324017,2.3153209009491658e-11,0.4481331872205955,0.21646507089420902,1.0206423856151752e-06,3.031376491780666e-06,11875793.091887832
51488674.50137487,7.291956529292877e-07,7.291956529292876e-05,9099.020496873918,2.3192285883112055e-11,0.43559742723875305,0.2107549882315101,1.0206423856151752e-06,3.1597876430487086e-06,11393170.702213883
53669769.45540476,6.995617458854693e-07,6.995617458854691e-05,9484.461137646613,2.323136275673246e-11,0.42336630397570996,0.2051685923233755,1.0206423856151752e-06,3.2936383772305656e-06,10930161.686502565
55943257.06169366,6.711321362660201e-07,6.711321362660201e-05,9886.229303740289,2.327043963035286e-11,0.41144509461362433,0.1996954575709813,1.0206423856151752e-06,3.433159118724585e-06,10485968.973489922
58313051.135262184,6.438578824216209e-07,6.438578824216208e-05,10305.016640131991,2.3309516503973262e-11,0.3997909872941243,0.19433273612616037,1.0206423856151752e-06,3.5785900528619905e-06,10059827.88422744
60783231.28297236,6.176920316510296e-07,6.176920316510294e-05,10741.544090346031,2.3348593377593666e-11,0.38839627943022775,0.18908705047105795,1.0206423856151752e-06,3.7301815393864778e-06,9651004.815685488
63358049.92658241,5.925895393718732e-07,5.9258953937187313e-05,11196.563137560293,2.3387670251214062e-11,0.3772892669759805,0.18396312092206005,1.0206423856151752e-06,3.88819454344921e-06,9258795.977853635
66041939.623303056,5.685071915762703e-07,5.6850719157627024e-05,11670.857098286697,2.3426747124834466e-11,0.36647925207910426,0.17895473638887752,1.0206423856151752e-06,4.052901084861091e-06,8882526.182164121
68839520.6964551,5.454035304378144e-07,5.4540353043781434e-05,12165.242470852418,2.346582399845487e-11,0.3559260403670624,0.17404607444159698,1.0206423856151752e-06,4.224584706375505e-06,8521547.679153131
71755609.18936922,5.232387829418087e-07,5.232387829418087e-05,12680.570341004037,2.350490087207527e-11,0.34560293268101655,0.16924602336459826,1.0206423856151752e-06,4.403540961807958e-06,8175239.0433583055
74795225.15621829,5.019747924159056e-07,5.019747924159056e-05,13217.727847054162,2.3543977745695673e-11,0.3355495723571044,0.16456222418223243,1.0206423856151752e-06,4.590077924832844e-06,7843004.10353295
77963601.3040522,4.815749528433106e-07,4.815749528433106e-05,13777.63970709199,2.3583054619316073e-11,0.32577376528855057,0.15999453808984282,1.0206423856151752e-06,4.784516719332953e-06,7524270.916335944
81266192.00091945,4.6200414584540684e-07,4.620041458454068e-05,14361.269810888458,2.3622131492936476e-11,0.3162521334825338,0.1555232190938194,1.0206423856151752e-06,4.9871920722152644e-06,7218490.781729435
84708682.6655742,4.4322868022538743e-07,4.4322868022538735e-05,14969.622879234674,2.366120836655688e-11,0.3069310386378556,0.15114776574449967,1.0206423856151752e-06,5.198452889644082e-06,6925137.298390481
88296999.55494083,4.252162339687646e-07,4.252162339687645e-05,15603.746193571571,2.3700285240177277e-11,0.29785953853605507,0.1468819094593167,1.0206423856151752e-06,5.418662857683962e-06,6643705.457509693
92037319.9661823,4.0793579860092667e-07,4.079357986009266e-05,16264.731398888014,2.3739362113797683e-11,0.2890450897155145,0.14272625054870258,1.0206423856151752e-06,5.648201068386363e-06,6373710.773417078
95936082.87093127,3.913576258059818e-07,3.913576258059817e-05,16953.716382990013,2.377843898741808e-11,0.2804786402147533,0.13867260270060275,1.0206423856151752e-06,5.887462672397427e-06,6114688.449538905
100000000.0,3.7545317621493633e-07,3.754531762149363e-05,17671.88723537824,2.3817515861038483e-11,0.27208887906674123,0.1346983861526697,1.0206423856151752e-06,6.13685955921109e-06,5866192.578248915
104236067.39764033,3.6019507027510473e-07,3.601950702751047e-05,18420.480289103867,2.3856592734658887e-11,0.26392704977982473,0.13082646241299795,1.0206423856151752e-06,6.396821066237808e-06,5627795.373237296
108651577.46525373,3.4555704111613493e-07,3.455570411161349e-05,19200.784249119286,2.3895669608279287e-11,0.2560016999120008,0.12705754762911226,1.0206423856151752e-06,6.667794717910072e-06,5399086.433075389
113254131.51528126,3.315138893315132e-07,3.315138893315131e-05,20014.142410787495,2.393474648189969e-11,0.24830651346238425,0.12338933131733518,1.0206423856151752e-06,6.950246996097045e-06,5179672.034708411
118051652.8568803,3.1804143959772917e-07,3.180414395977291e-05,20861.954972368083,2.397382335552009e-11,0.2407863325832793,0.1197979475512354,1.0206423856151752e-06,7.2446641431541595e-06,4969174.455660333
123052400.43592615,3.051164990563805e-07,3.0511649905638047e-05,21745.681445462957,2.401290022914049e-11,0.23346255542404917,0.11629485302528184,1.0206423856151752e-06,7.551552998990846e-06,4767231.323783448
128264983.05280624,2.927168173876132e-07,2.9271681738761318e-05,22666.843167568954,2.4051977102760897e-11,0.22635529538391178,0.11288749624142258,1.0206423856151752e-06,7.871441873596635e-06,4573494.99343388
133698374.18249452,2.808210485061343e-07,2.8082104850613424e-05,23627.02592106451,2.4091053976381294e-11,0.2194585724960533,0.10957361648731552,1.0206423856151752e-06,8.204881456528239e-06,4387631.946998637
139361927.42241433,2.6940871381386326e-07,2.6940871381386324e-05,24627.88266313874,2.4130130850001698e-11,0.21273830216774006,0.10634322506229628,1.0206423856151752e-06,8.55244576492326e-06,4209322.220744071
145265392.59467784,2.5846016694597907e-07,2.5846016694597903e-05,25671.13637136096,2.4169207723622098e-11,0.20618290809918,0.10318339116907427,1.0206423856151752e-06,8.914733131672008e-06,4038258.8539975737
151418932.5304352,2.479565599496416e-07,2.4795655994964155e-05,26758.583009791993,2.42082845972425e-11,0.1998249405206067,0.10011201446007237,1.0206423856151752e-06,9.292367235449414e-06,3874147.3607138284
157833140.56521198,2.3787981083719872e-07,2.3787981083719867e-05,27892.094620740292,2.4247361470862904e-11,0.19365870191508527,0.09712694755758276,1.0206423856151752e-06,9.68599817437929e-06,3716705.222516418
164519058.77536607,2.282125724579903e-07,2.2821257245799028e-05,29073.62254748837,2.4286438344483305e-11,0.18766539572947044,0.09422334067678925,1.0206423856151752e-06,1.0096303585180176e-05,3565661.4023415935
171488196.98705408,2.1893820263518184e-07,2.189382026351818e-05,30305.200793535503,2.4325515218103705e-11,0.18181478955703603,0.0913877221994398,1.0206423856151752e-06,1.0523989809718775e-05,3420755.8778472445
178752552.59042317,2.1004073551621635e-07,2.1004073551621632e-05,31588.949524139767,2.4364592091724105e-11,0.17614015247079942,0.08862688136627657,1.0206423856151752e-06,1.0969793110979218e-05,3281739.1937837983
186324631.19315597,2.015048540875507e-07,2.0150485408755066e-05,32927.078716188946,2.4403668965344508e-11,0.170639396058904,0.08594531552517967,1.0206423856151752e-06,1.1434480940542016e-05,3148372.0325562535
194217468.14890283,1.9331586380638173e-07,1.933158638063817e-05,34321.8919626808,2.4442745838964912e-11,0.16529983049998936,0.08333942756400078,1.0206423856151752e-06,1.1918853259753716e-05,3020424.80223839
202444650.9976802,1.8545966730394782e-07,1.854596673039478e-05,35775.790438365104,2.4481822712585312e-11,0.1602121107602272,0.08091326994267166,1.0206423856151752e-06,1.2423743916862676e-05,2897677.241329597
211020342.85685965,1.7792274011686898e-07,1.7792274011686898e-05,37291.27703337277,2.4520899586205715e-11,0.15515804305610964,0.07844001087742285,1.0206423856151752e-06,1.2950022082491209e-05,2779918.0395740797
219959306.80300704,1.706921074047516e-07,1.7069210740475155e-05,38870.9606619471,2.4559976459826115e-11,0.15026093450815914,0.07603695059585049,1.0206423856151752e-06,1.3498593745914804e-05,2666944.474189765
229276931.2865649,1.637553216139616e-07,1.6375532161396155e-05,40517.56075369742,2.459905333344652e-11,0.1455116979659632,0.07370346743990726,1.0206423856151752e-06,1.4070403274725412e-05,2558562.060880416
238989256.62310526,1.571004410491302e-07,1.5710044104913017e-05,42233.91193510391,2.4638130207066922e-11,0.1408945523190359,0.0714356067305762,1.0206423856151752e-06,1.4666435040562576e-05,2454584.219030442
249113002.6067786,1.507160093154928e-07,1.5071600931549276e-05,44022.96890933477,2.467720708068732e-11,0.13640445002558826,0.06922814957192024,1.0206423856151752e-06,1.5287715113711866e-05,2354831.950505858
259665597.29348725,1.4459103559667168e-07,1.4459103559667166e-05,45887.81154277644,2.4716283954307722e-11,0.13205348281568638,0.0670812151602427,1.0206423856151752e-06,1.5935313029487946e-05,2259133.531508467
270665207.00332355,1.3871497573396127e-07,1.3871497573396124e-05,47831.65016703043,2.475536082792812e-11,0.12783718642553313,0.06499663288449473,1.0206423856151752e-06,1.661034362944195e-05,2167324.216952969
282130767.59394705,1.3307771407452518e-07,1.3307771407452516e-05,49857.83110550941,2.4794437701548523e-11,0.12374380764134635,0.06297256456045708,1.0206423856151752e-06,1.7313968980564777e-05,2079245.956857761
294082017.05870664,1.2766954605727743e-07,1.2766954605727739e-05,51969.84243414049,2.4833514575168926e-11,0.1197666373165136,0.061006024896854374,1.0206423856151752e-06,1.8047400375788047e-05,1994747.1242615487
306539529.50565237,1.2248116150645204e-07,1.2248116150645202e-05,54171.3199860979,2.4872591448789323e-11,0.11590893163950068,0.059094193864593025,1.0206423856151752e-06,1.881190041922833e-05,1913682.2541970871
319524750.57592136,1.1750362860410895e-07,1.1750362860410892e-05,56466.05361090044,2.4911668322409726e-11,0.11217188026406481,0.05723655273085583,1.0206423856151752e-06,1.9608785199763837e-05,1835911.7932728224
333060034.36245817,1.1272837851398974e-07,1.1272837851398973e-05,58857.99369864564,2.4950745196030127e-11,0.1085492868664723,0.05543387544454079,1.0206423856151752e-06,2.0439426556684263e-05,1761301.859431423
347168681.89265597,1.0814719063023826e-07,1.0814719063023826e-05,61351.25798061918,2.498982206965053e-11,0.10503222747567637,0.053684164109372746,1.0206423856151752e-06,2.130525444131661e-05,1689724.011471383
361874981.2411284,1.0375217842560941e-07,1.0375217842560939e-05,63950.138617978395,2.5028898943270933e-11,0.10161927066807763,0.05198502331757192,1.0206423856151752e-06,2.2207759378689544e-05,1621055.0279352101
377204249.34169936,9.953577587478949e-08,9.953577587478946e-06,66659.10959072012,2.5067975816891333e-11,0.0983126873969734,0.05033458929111652,1.0206423856151752e-06,2.3148495033476534e-05,1555176.6949833273
393182875.570577,9.549072442946248e-08,9.549072442946245e-06,69482.83439964995,2.5107052690511737e-11,0.095109628735895,0.04873232880138088,1.0206423856151752e-06,2.412908088463402e-05,1491975.602888615
409838367.1757253,9.161006052270208e-08,9.161006052270206e-06,72426.17409460967,2.5146129564132137e-11,0.09200394375652751,0.047178104818414904,1.0206423856151752e-06,2.515120501333817e-05,1431342.9508013038
427199396.63067764,8.78871035811698e-08,8.788710358116979e-06,75494.19564278964,2.518520643775254e-11,0.08899151509718801,0.045670284854859945,1.0206423856151752e-06,2.6216627009021863e-05,1373174.3594479722
445295850.994266,8.431544452449228e-08,8.431544452449228e-06,78692.18065152463,2.522428331137294e-11,0.0860720566165801,0.04420690152689254,1.0206423856151752e-06,2.7327180998512e-05,1317369.6914423865
464158883.3612773,8.08889347320113e-08,8.088893473201128e-06,82025.63446059579,2.526336018499334e-11,0.08324438607766062,0.04278677353320349,1.0206423856151752e-06,2.8484778803484024e-05,1263832.8788987044
483820966.49259573,7.76016754579159e-08,7.76016754579159e-06,85500.29561968867,2.5302437058613744e-11,0.0805053055904796,0.04140904064744572,1.0206423856151752e-06,2.9691413231668357e-05,1212471.7580503384
504315948.71713483,7.444800767653766e-08,7.444800767653765e-06,89122.14576732002,2.5341513932234144e-11,0.07785096177982964,0.0400731882355684,1.0206423856151752e-06,3.09491615074736e-05,1163197.9105898147
525679112.2018419,7.14225023403204e-08,7.14225023403204e-06,92897.41992824699,2.5380590805854548e-11,0.07527789414424194,0.03877799466394713,1.0206423856151752e-06,3.226018884793474e-05,1115926.511456385
547947233.6900293,6.851995103370258e-08,6.851995103370257e-06,96832.61724707656,2.541966767947495e-11,0.07278543736443766,0.03752116119547263,1.0206423856151752e-06,3.362675219013934e-05,1070576.1828094893
571158647.8126423,6.573535700681476e-08,6.573535700681475e-06,100934.51217656131,2.5458744553095348e-11,0.07037307060478883,0.03630261203034945,1.0206423856151752e-06,3.505120407655095e-05,1027068.8539365695
595353313.081437,6.306392657356028e-08,6.306392657356028e-06,105210.16613984002,2.5497821426715754e-11,0.0680361822086609,0.035121200382814355,1.0206423856151752e-06,3.653599670491814e-05,985329.6268541106
620572880.6776488,6.05010608592743e-08,6.050106085927428e-06,109666.93968669257,2.553689830033615e-11,0.06577158944600905,0.03397578677158411,1.0206423856151752e-06,3.808368614973796e-05,945286.6473706012
646860766.1546321,5.8042347883745995e-08,5.8042347883745985e-06,114312.50516475033,2.5575975173956555e-11,0.06357937939070157,0.03286590957659693,1.0206423856151752e-06,3.969693676254664e-05,906870.9813893087
674262224.1778349,5.568355496598478e-08,5.568355496598477e-06,119154.85992746023,2.5615052047576958e-11,0.06145690457689352,0.03179006567847785,1.0206423856151752e-06,4.1378525758606786e-05,870016.4962380748
702824426.4308338,5.342062143764793e-08,5.3420621437647925e-06,124202.34010155089,2.5654128921197358e-11,0.059401642226973,0.03074678952938094,1.0206423856151752e-06,4.313134799789117e-05,834659.7468217353
732596542.8215231,5.12496516525884e-08,5.124965165258839e-06,129463.63493769905,2.5693205794817762e-11,0.05741251925571065,0.029736232075251823,1.0206423856151752e-06,4.495842096859263e-05,800739.8664012053
763629826.1282257,4.916690828049078e-08,4.916690828049077e-06,134947.8017690951,2.5732282668438165e-11,0.055486486826803176,0.02875713174742125,1.0206423856151752e-06,4.6862889981737096e-05,768198.4618112443
795977700.2314978,4.7168805873046584e-08,4.716880587304658e-06,140664.28160366748,2.5771359542058565e-11,0.053621636852901125,0.027808230770735617,1.0206423856151752e-06,4.8848033585845324e-05,736979.5129364574
829695852.0834914,4.5251904691594695e-08,4.525190469159469e-06,146622.91537680532,2.5810436415678965e-11,0.05181700755911965,0.026889453590718378,1.0206423856151752e-06,5.091726921096369e-05,707029.2762725059
864842327.5731709,4.3412904785603275e-08,4.341290478560327e-06,152833.9608925514,2.5849513289299365e-11,0.050071618159831396,0.025998790565561897,1.0206423856151752e-06,5.307415905177789e-05,678296.1924065392
901477631.4524918,4.164864031179488e-08,4.164864031179487e-06,159308.11048244304,2.588859016291977e-11,0.04838093623144842,0.025136267883043083,1.0206423856151752e-06,5.5322416199941986e-05,650730.7972575094
939664831.495471,3.995607408413963e-08,3.995607408413962e-06,166056.5094123866,2.5927667036540172e-11,0.046745629047761375,0.024301069267639717,1.0206423856151752e-06,5.766591103617462e-05,624285.6369236361
979469667.0695386,3.833229234533104e-08,3.833229234533103e-06,173090.77506926362,2.5966743910160572e-11,0.04516272262027198,0.02349194412043064,1.0206423856151752e-06,6.0108677893130045e-05,598915.1859903829
1020960662.3060476,3.677449975074442e-08,3.6774499750744413e-06,180423.01696029567,2.6005820783780976e-11,0.043631637551778145,0.022708806112615804,1.0206423856151752e-06,6.265492200051359e-05,574575.7691583257
1064209244.0647224,3.528001455624471e-08,3.5280014556244706e-06,188065.85755958915,2.6044897657401376e-11,0.042150618742094935,0.021950049754140076,1.0206423856151752e-06,6.530902672439407e-05,551225.4860560243
1109289864.8952227,3.384626400155556e-08,3.3846264001555553e-06,196032.4540377635,2.608397453102178e-11,0.04071738760500212,0.02121578041754105,1.0206423856151752e-06,6.807556111318231e-05,528824.1391084013
1156280131.2073777,3.247077988124653e-08,3.2470779881246527e-06,204336.52091205138,2.612305140464218e-11,0.03933173645168866,0.02050475996411429,1.0206423856151752e-06,7.095928776325852e-05,507333.1643365251
1205260936.8708413,3.115119429571048e-08,3.1151194295710473e-06,212992.35365587843,2.616212827826258e-11,0.03799004628707164,0.01981643702016425,1.0206423856151752e-06,7.396517101779541e-05,486715.5649696085
1256316602.4741216,2.98852355748176e-08,2.9885235574817594e-06,222014.85330856204,2.6201205151882983e-11,0.036694229001309336,0.01915045718815522,1.0206423856151752e-06,7.709838551288919e-05,466935.84775496466
1309535020.482665,2.8670724367230172e-08,2.8670724367230167e-06,231419.552127484,2.624028202550338e-11,0.035439052540659315,0.018505293359688542,1.0206423856151752e-06,8.036432508570738e-05,447959.9618562904
1365007806.5460138,2.7505569888642233e-08,2.750556988864223e-06,241222.64032692154,2.6279358899123783e-11,0.034227112409780644,0.01788165113920091,1.0206423856151752e-06,8.376861205999671e-05,429755.240235043
1422830457.2143548,2.638776632248973e-08,2.6387766322489726e-06,251440.9939495375,2.6318435772744187e-11,0.03305322919858928,0.01727726567757512,1.0206423856151752e-06,8.731710692492604e-05,412290.3434140606
1483102514.336103,2.5315389366931526e-08,2.531538936693152e-06,262092.20391853576,2.6357512646364587e-11,0.03191944529039243,0.016693125152120066,1.0206423856151752e-06,9.101591842393527e-05,395535.2055265616
1545927736.4194784,2.4286592922158354e-08,2.4286592922158353e-06,273194.6063204858,2.639658951998499e-11,0.03082257908071532,0.016127467850469687,1.0206423856151752e-06,9.487141407095449e-05,379460.98255767056
1611414277.2530165,2.3299605912327676e-08,2.329960591232767e-06,284767.3139709385,2.6435666393605387e-11,0.02976243991543617,0.015580346848247257,1.0206423856151752e-06,9.88902311120941e-05,364040.00268937857
1679674872.092653,2.235272923665108e-08,2.2352729236651078e-06,296830.2493171975,2.647474326722579e-11,0.028737678201247386,0.015051198262732915,1.0206423856151752e-06,0.00010307928795168469,349245.7186634226
1750827031.7357268,2.1444332844388454e-08,2.144433284438845e-06,309404.17873485794,2.6513820140846194e-11,0.027746362603842414,0.014538925777671442,1.0206423856151752e-06,0.00010744579606232587,335052.66208012047
1824993244.8161504,2.0572852928710942e-08,2.057285292871094e-06,322510.7482771805,2.6552897014466594e-11,0.026789061048337958,0.014043970121967004,1.0206423856151752e-06,0.00011199727239945662,321436.3995544473
1902301188.6689458,1.973678923460292e-08,1.973678923460292e-06,336172.52093883633,2.6591973888086997e-11,0.025862615155098818,0.013564536709666808,1.0206423856151752e-06,0.00011674155234181653,308373.490653892
1982883949.1270673,1.8934702476169793e-08,1.8934702476169791e-06,350413.01549815026,2.6631050761707394e-11,0.024968418031371387,0.013101361482994697,1.0206423856151752e-06,0.00012168680318006683,295841.4475457028
2066880249.629082,1.8165211858902518e-08,1.8165211858902513e-06,365256.74700475595,2.66701276353278e-11,0.02410297205436672,0.012653148571044876,1.0206423856151752e-06,0.0001268415381768085,283818.6962840079
2154434690.0318866,1.7426992702636953e-08,1.742699270263695e-06,380729.26898230606,2.6709204508948204e-11,0.023267402617942266,0.01221976885826712,1.0206423856151752e-06,0.0001322146312221818,272284.53967022256
2245697995.5397716,1.6718774161113005e-08,1.6718774161113002e-06,396857.2174189382,2.67482813825686e-11,0.022459376255183086,0.011800802972636856,1.0206423856151752e-06,0.00013781533211029443,261219.1216227596
2340827276.178294,1.6039337034209216e-08,1.6039337034209211e-06,413668.3566212044,2.6787358256189005e-11,0.021678961222997957,0.011395437047510015,1.0206423856151752e-06,0.0001436532824627684,250603.39299472934
2439986297.2595453,1.5387511669086983e-08,1.5387511669086979e-06,431191.6270103882,2.6826435129809405e-11,0.02092489976244073,0.011003755759200587,1.0206423856151752e-06,0.0001497385323268133,240419.07878079003
2543345761.3046484,1.4762175946629511e-08,1.476217594662951e-06,449457.19494352996,2.6865512003429808e-11,0.02019583746340743,0.010624932109131544,1.0206423856151752e-06,0.0001476217594662951,230648.64665666837
2651083601.9085417,1.4162253349711175e-08,1.4162253349711172e-06,468496.5046448814,2.690458887705021e-11,0.01949178810680489,0.010258739591766314,1.0206423856151752e-06,0.00014162253349711174,221275.27679722288
2763385290.053167,1.3586711109970205e-08,1.3586711109970203e-06,488342.3323372259,2.6943665750670612e-11,0.018811402148140085,0.009904761022728728,1.0206423856151752e-06,0.00013586711109970202,212282.83292106708
2880444153.396298,1.3034558429895046e-08,1.3034558429895043e-06,509028.84266623936,2.6982742624291012e-11,0.018154358635153238,0.009562514254967704,1.0206423856151752e-06,0.00013034558429895042,203655.83451191554
3002461709.085543,1.250484477716412e-08,1.2504844777164116e-06,530591.6475150076,2.7021819497911412e-11,0.017519475907184147,0.009231791084614594,1.0206423856151752e-06,0.00012504844777164116,195379.43016883873
3129648010.6707506,1.1996658248301491e-08,1.1996658248301489e-06,553067.8673099935,2.7060896371531815e-11,0.016906223161343843,0.00891216305210434,1.0206423856151752e-06,0.00011996658248301489,187439.37203953046
3262222009.7116733,1.1509123998832935e-08,1.1509123998832932e-06,576496.1949239366,2.709997324515222e-11,0.016313619471239958,0.008603168372478914,1.0206423856151752e-06,0.00011509123998832934,179821.99129259714
3400411932.7037024,1.1041402737238643e-08,1.104140273723864e-06,600916.9622857445,2.713905011877262e-11,0.015741498556645347,0.008304543652822094,1.0206423856151752e-06,0.00011041402737238641,172514.17458662545
3544455673.9704356,1.0592689280110538e-08,1.0592689280110535e-06,626372.2098120216,2.7178126992393022e-11,0.015189194394308667,0.008016036637549072,1.0206423856151752e-06,0.00010592689280110537,165503.34149552803
3694601205.199295,1.0162211166027141e-08,1.016221116602714e-06,652905.7587797452,2.7217203866013422e-11,0.014655112738015149,0.007737154362518066,1.0206423856151752e-06,0.0001016221116602714,158777.42285131084
3851107002.3255687,9.749227325758824e-09,9.749227325758823e-07,680563.2867647305,2.7256280739633826e-11,0.014139568620069607,0.007467784674466304,1.0206423856151752e-06,9.749227325758822e-05,152324.83996696243
4014242490.499326,9.353026806515468e-09,9.353026806515467e-07,709392.4062756803,2.7295357613254226e-11,0.01364187803150076,0.007207511824915719,1.0206423856151752e-06,9.353026806515466e-05,146134.48470371863
4184288507.901576,8.972927548039137e-09,8.972927548039135e-07,739442.7467192573,2.7334434486874626e-11,0.013161147893834916,0.00695589387924006,1.0206423856151752e-06,8.972927548039135e-05,140195.70034836853
4361537789.208006,8.60827520843544e-09,8.608275208435439e-07,770766.0398372485,2.737351136049503e-11,0.012697043179500883,0.006712902381445619,1.0206423856151752e-06,8.60827520843544e-05,134498.2632676932
4546295469.532391,8.258442037722494e-09,8.258442037722493e-07,803416.2087628738,2.741258823411543e-11,0.012248805759280978,0.006478200174859699,1.0206423856151752e-06,8.258442037722493e-05,129032.36530845804
4738879609.717651,7.922825797157276e-09,7.922825797157275e-07,837449.4608496361,2.7451665107735833e-11,0.011815809924113933,0.0062514648273041176,1.0206423856151752e-06,7.922825797157275e-05,123788.5969126451
4939621743.878325,7.600848722480327e-09,7.600848722480326e-07,872924.3844324021,2.7490741981356236e-11,0.011398110407062602,0.006032469991552504,1.0206423856151752e-06,7.600848722480326e-05,118757.93091887828
5148867450.137487,7.2919565292928745e-09,7.291956529292873e-07,909902.0496873923,2.7529818854976636e-11,0.010994838510608184,0.0058207981352618576,1.0206423856151752e-06,7.291956529292873e-05,113931.70702213878
5366976945.540476,6.9956174588546995e-09,6.995617458854699e-07,948446.1137646604,2.7568895728597037e-11,0.010605280888670214,0.005616416199567874,1.0206423856151752e-06,6.995617458854698e-05,109301.61686502576
5594325706.169366,6.711321362660205e-09,6.711321362660204e-07,988622.9303740284,2.7607972602217437e-11,0.0102291408814833,0.005419093310489236,1.0206423856151752e-06,6.711321362660204e-05,104859.68973489928
5831305113.526218,6.4385788242162074e-09,6.438578824216206e-07,1030501.6640131993,2.764704947583784e-11,0.009885212405268826,0.005246873576374078,1.0206423856151752e-06,6.438578824216207e-05,100598.27884227438
6078323128.297236,6.176920316510296e-09,6.176920316510294e-07,1074154.4090346028,2.7686126349458244e-11,0.009534594098554625,0.005062353810915142,1.0206423856151752e-06,6.176920316510294e-05,96510.0481568549
6335804992.658241,5.9258953937187306e-09,5.92589539371873e-07,1119656.3137560296,2.7725203223078644e-11,0.009196118165641422,0.0048840968967829475,1.0206423856151752e-06,5.925895393718729e-05,92587.95977853636
6604193962.330305,5.685071915762703e-09,5.685071915762703e-07,1167085.70982867,2.7764280096699047e-11,0.008869094197231836,0.004711994511297312,1.0206423856151752e-06,5.6850719157627024e-05,88825.2618216412
6883952069.645511,5.454035304378148e-09,5.454035304378147e-07,1216524.247085241,2.780335697031945e-11,0.008553403255365695,0.004545882710431928,1.0206423856151752e-06,5.454035304378148e-05,85215.4767915314
7175560918.936921,5.2323878294180876e-09,5.232387829418086e-07,1268057.0341004038,2.7842433843939847e-11,0.008248955450342625,0.004385486985840674,1.0206423856151752e-06,5.232387829418086e-05,81752.39043358304
7479522515.621829,5.0197479241590575e-09,5.019747924159056e-07,1321772.784705416,2.788151071756025e-11,0.007955290976057022,0.0042305304875005405,1.0206423856151752e-06,5.0197479241590565e-05,78430.04103532952
7796360130.405221,4.815749528433103e-09,4.815749528433102e-07,1377763.9707092,2.7920587591180648e-11,0.0076716604274396655,0.004080878489364135,1.0206423856151752e-06,4.8157495284331024e-05,75242.7091633594
8126619200.091946,4.6200414584540664e-09,4.620041458454065e-07,1436126.9810888467,2.795966446480105e-11,0.007397719089781338,0.003936453136378937,1.0206423856151752e-06,4.620041458454065e-05,72184.9078172943
8470868266.55742,4.432286802253874e-09,4.432286802253873e-07,1496962.2879234676,2.7998741338421454e-11,0.007133452524486641,0.0037971119836459795,1.0206423856151752e-06,4.4322868022538735e-05,69251.3729839048
8829699955.494083,4.2521623396876454e-09,4.252162339687645e-07,1560374.6193571575,2.8037818212041855e-11,0.006878755300571452,0.003662587215046788,1.0206423856151752e-06,4.2521623396876446e-05,66437.05457509692
9203731996.61823,4.079357986009267e-09,4.079357986009266e-07,1626473.1398888014,2.8076895085662258e-11,0.006633045067342117,0.003532616600526708,1.0206423856151752e-06,4.079357986009266e-05,63737.107734170764
9593608287.093126,3.9135762580598205e-09,3.91357625805982e-07,1695371.638299,2.8115971959282658e-11,0.006395490545249258,0.003407103492125782,1.0206423856151752e-06,3.91357625805982e-05,61146.8844953891
10000000000.0,3.754531762149362e-09,3.754531762149361e-07,1767188.7235378243,2.8155048832903058e-11,0.006166237122088627,0.0032860310033906845,1.0206423856151752e-06,3.7545317621493614e-05,58661.925782489125
10423606739.764032,3.6019507027510457e-09,3.601950702751045e-07,1842048.0289103875,2.8194125706523465e-11,0.005945281582581688,0.003169277204562045,1.0206423856151752e-06,3.601950702751045e-05,56277.953732372924
10865157746.525372,3.455570411161351e-09,3.455570411161351e-07,1920078.4249119274,2.8233202580143862e-11,0.0057324101227931015,0.0030565598883715277,1.0206423856151752e-06,3.455570411161351e-05,53990.8643307539
11325413151.528126,3.315138893315134e-09,3.3151388933151335e-07,2001414.241078748,2.8272279453764265e-11,0.005526772367268605,0.002947603709994678,1.0206423856151752e-06,3.315138893315133e-05,51796.720347084134
11805165285.68803,3.1804143959772945e-09,3.180414395977294e-07,2086195.4972368064,2.8311356327384665e-11,0.0053280292908251285,0.002842445949432854,1.0206423856151752e-06,3.180414395977294e-05,49691.74455660337
12305240043.592615,3.051164990563806e-09,3.0511649905638055e-07,2174568.144546295,2.835043320100507e-11,0.005136430721830015,0.002741056108376507,1.0206423856151752e-06,3.051164990563805e-05,47672.313237834496
12826498305.280624,2.927168173876134e-09,2.927168173876133e-07,2266684.316756894,2.8389510074625472e-11,0.004951885812268598,0.002643330663155468,1.0206423856151752e-06,2.9271681738761338e-05,45734.94993433882
13369837418.249453,2.8082104850613435e-09,2.808210485061343e-07,2362702.592106451,2.8428586948245872e-11,0.004774056102576549,0.002548948062963905,1.0206423856151752e-06,2.808210485061343e-05,43876.31946998638
13936192742.241434,2.694087138138632e-09,2.6940871381386316e-07,2462788.2663138746,2.8467663821866276e-11,0.004602011303078541,0.0024576975469480975,1.0206423856151752e-06,2.6940871381386317e-05,42093.2222074407
14526539259.467783,2.5846016694597904e-09,2.58460166945979e-07,2567113.637136096,2.8506740695486673e-11,0.0044359497049803465,0.0023696874378592325,1.0206423856151752e-06,2.58460166945979e-05,40382.58853997573
15141893253.04352,2.4795655994964155e-09,2.4795655994964153e-07,2675858.3009792,2.8545817569107076e-11,0.004276019032579623,0.00228487304209201,1.0206423856151752e-06,2.4795655994964152e-05,38741.47360713828
15783314056.521196,2.378798108371986e-09,2.3787981083719853e-07,2789209.462074031,2.858489444272748e-11,0.004122000711885523,0.0022031393434713783,1.0206423856151752e-06,2.3787981083719857e-05,37167.05222516416
16451905877.536608,2.282125724579904e-09,2.2821257245799036e-07,2907362.254748835,2.862397131634788e-11,0.00397345662569488,0.00212416521133435,1.0206423856151752e-06,2.2821257245799038e-05,35656.614023415954
17148819698.705408,2.189382026351817e-09,2.1893820263518166e-07,3030520.0793535523,2.8663048189968283e-11,0.0038296165204819072,0.002047812912625179,1.0206423856151752e-06,2.1893820263518165e-05,34207.55877847241
17875255259.042316,2.1004073551621627e-09,2.1004073551621622e-07,3158894.952413978,2.8702125063588683e-11,0.0036910803150172495,0.001974239930552606,1.0206423856151752e-06,2.1004073551621622e-05,32817.391937837965
18632463119.315598,2.0150485408755075e-09,2.0150485408755073e-07,3292707.871618893,2.8741201937209086e-11,0.0035576843509016604,0.0019033515545399497,1.0206423856151752e-06,2.0150485408755073e-05,31483.720325562546
19421746814.890285,1.933158638063819e-09,1.9331586380638187e-07,3432189.196268077,2.8780278810829486e-11,0.0034292331887485514,0.0018350484638930303,1.0206423856151752e-06,1.9331586380638187e-05,30204.248022383927
20244465099.768017,1.8545966730394795e-09,1.854596673039479e-07,3577579.043836508,2.8819355684449887e-11,0.003305032079170699,0.0017689907956408208,1.0206423856151752e-06,1.854596673039479e-05,28976.77241329599
21102034285.685966,1.7792274011686888e-09,1.7792274011686885e-07,3729127.7033372796,2.885843255807029e-11,0.0031850781404858127,0.001705200397156586,1.0206423856151752e-06,1.7792274011686888e-05,27799.180395740783
21995930680.3007,1.7069210740475175e-09,1.7069210740475172e-07,3887096.0661947066,2.889750943169069e-11,0.003069590303379595,0.0016437470843187571,1.0206423856151752e-06,1.7069210740475172e-05,26669.44474189767
22927693128.656487,1.6375532161396164e-09,1.6375532161396161e-07,4051756.0753697413,2.8936586305311094e-11,0.002958398158077736,0.0015845440192461828,1.0206423856151752e-06,1.6375532161396162e-05,25585.62060880417
23898925662.310528,1.5710044104913027e-09,1.5710044104913025e-07,4223391.193510389,2.8975663178931497e-11,0.002851306075105807,0.0015275010358661997,1.0206423856151752e-06,1.5710044104913027e-05,24545.84219030444
24911300260.67786,1.5071600931549266e-09,1.5071600931549263e-07,4402296.890933481,2.9014740052551897e-11,0.0027475550888475505,0.0014723011032813438,1.0206423856151752e-06,1.5071600931549263e-05,23548.319505058556
25966559729.348724,1.445910355966717e-09,1.4459103559667168e-07,4588781.154277643,2.9053816926172297e-11,0.00264761082100653,0.0014190503839662159,1.0206423856151752e-06,1.4459103559667167e-05,22591.335315084674
27066520700.332355,1.3871497573396117e-09,1.3871497573396114e-07,4783165.016703046,2.9092893799792697e-11,0.002551396631121086,0.0013677573190512054,1.0206423856151752e-06,1.3871497573396114e-05,21673.242169529673
28213076759.394707,1.3307771407452528e-09,1.3307771407452526e-07,4985783.110550938,2.91319706734131e-11,0.002458766058926429,0.0013183479799139038,1.0206423856151752e-06,1.3307771407452525e-05,20792.459568577622
29408201705.870667,1.2766954605727746e-09,1.2766954605727743e-07,5196984.243414048,2.9171047547033504e-11,0.0023693864738556104,0.001270712118880245,1.0206423856151752e-06,1.2766954605727744e-05,19947.471242615495
30653952950.565235,1.2248116150645191e-09,1.224811615064519e-07,5417131.998609794,2.92101244206539e-11,0.0022829432862894,0.001224657865994517,1.0206423856151752e-06,1.224811615064519e-05,19136.822541970854
31952475057.592136,1.1750362860410893e-09,1.175036286041089e-07,5646605.361090044,2.9249201294274304e-11,0.00219972062261888,0.0011802387131527854,1.0206423856151752e-06,1.1750362860410892e-05,18359.117932728223
33306003436.24582,1.127283785139897e-09,1.1272837851398969e-07,5885799.369864566,2.928827816789471e-11,0.0021196101123115234,0.0011374576285319816,1.0206423856151752e-06,1.1272837851398968e-05,17613.018594314224
34716868189.265594,1.0814719063023823e-09,1.0814719063023822e-07,6135125.798061919,2.932735504151511e-11,0.002042444196414989,0.0010962427392803937,1.0206423856151752e-06,1.0814719063023824e-05,16897.24011471383
36187498124.11284,1.0375217842560935e-09,1.0375217842560933e-07,6395013.861797842,2.9366431915135515e-11,0.0019679191556401347,0.001056495287511328,1.0206423856151752e-06,1.0375217842560934e-05,16210.550279352094
37720424934.16994,9.95357758747895e-10,9.953577587478949e-08,6665910.9590720115,2.940550878875591e-11,0.0018959737964524951,0.0010181098825585667,1.0206423856151752e-06,9.953577587478948e-06,15551.766949833276
39318287557.0577,9.549072442946252e-10,9.549072442946252e-08,6948283.439964991,2.9444585662376315e-11,0.0018267105638355714,0.0009810817450471325,1.0206423856151752e-06,9.549072442946252e-06,14919.75602888616
40983836717.57253,9.161006052270211e-10,9.16100605227021e-08,7242617.409460964,2.948366253599671e-11,0.0017600276128672374,0.0009454166986931938,1.0206423856151752e-06,9.16100605227021e-06,14313.429508013043
42719939663.067764,8.788710358116982e-10,8.788710358116981e-08,7549419.564278959,2.9522739409617115e-11,0.0016957556707321972,0.0009110529471587809,1.0206423856151752e-06,8.788710358116982e-06,13731.743594479727
44529585099.4266,8.431544452449226e-10,8.431544452449224e-08,7869218.065152464,2.956181628323752e-11,0.0016337000549219262,0.000877917834225382,1.0206423856151752e-06,8.431544452449224e-06,13173.696914423863
46415888336.12772,8.088893473201135e-10,8.088893473201133e-08,8202563.446059574,2.960089315685792e-11,0.0015738515688650733,0.0008459439558998998,1.0206423856151752e-06,8.088893473201133e-06,12638.328788987052
48382096649.259575,7.760167545791586e-10,7.760167545791585e-08,8550029.561968872,2.9639970030478325e-11,0.001516232748142695,0.00081509801014641,1.0206423856151752e-06,7.760167545791585e-06,12124.717580503375
50431594871.713486,7.444800767653762e-10,7.444800767653761e-08,8912214.576732006,2.967904690409872e-11,0.001460743215707563,0.0007853830157502301,1.0206423856151752e-06,7.444800767653761e-06,11631.979105898141
52567911220.18419,7.142250234032038e-10,7.142250234032038e-08,9289741.992824703,2.9718123777719126e-11,0.0014072498485506605,0.0007567535767395905,1.0206423856151752e-06,7.142250234032038e-06,11159.265114563847
54794723369.00292,6.851995103370265e-10,6.851995103370264e-08,9683261.724707644,2.975720065133953e-11,0.0013556302837063941,0.0007291547863538332,1.0206423856151752e-06,6.8519951033702655e-06,10705.761828094906
57115864781.26423,6.573535700681474e-10,6.573535700681472e-08,10093451.217656136,2.9796277524959926e-11,0.0013058687130584237,0.0007025325033648074,1.0206423856151752e-06,6.573535700681474e-06,10270.688539365692
59535331308.1437,6.306392657356033e-10,6.306392657356031e-08,10521016.613983996,2.983535439858033e-11,0.0012579562756061503,0.000676856737559976,1.0206423856151752e-06,6.306392657356032e-06,9853.296268541113
62057288067.76488,6.050106085927434e-10,6.050106085927433e-08,10966693.968669247,2.987443127220073e-11,0.0012118095823971213,0.0006521162419644651,1.0206423856151752e-06,6.050106085927433e-06,9452.866473706019
64686076615.46321,5.804234788374599e-10,5.804234788374599e-08,11431250.516475033,2.9913508145821136e-11,0.0011673201610502741,0.000628279240236667,1.0206423856151752e-06,5.8042347883745985e-06,9068.709813893085
67426222417.78349,5.568355496598479e-10,5.568355496598478e-08,11915485.992746022,2.995258501944154e-11,0.0011243994359293485,0.0006053034614548362,1.0206423856151752e-06,5.568355496598478e-06,8700.16496238075
70282442643.08339,5.34206214376479e-10,5.342062143764789e-08,12420234.010155097,2.9991661893061936e-11,0.0010830383180969725,0.000583146982917565,1.0206423856151752e-06,5.342062143764789e-06,8346.59746821735
73259654282.1523,5.124965165258839e-10,5.124965165258838e-08,12946363.493769908,3.003073876668234e-11,0.0010432083775941021,0.0005617845047376116,1.0206423856151752e-06,5.124965165258839e-06,8007.398664012051
76362982612.82257,4.91669082804908e-10,4.9166908280490795e-08,13494780.176909503,3.0069815640302737e-11,0.0010048419548615696,0.0005411971993800632,1.0206423856151752e-06,4.91669082804908e-06,7681.984618112446
79597770023.14978,4.716880587304662e-10,4.716880587304661e-08,14066428.160366736,3.0108892513923134e-11,0.0009678683850535408,0.0005213623501240068,1.0206423856151752e-06,4.716880587304661e-06,7369.795129364579
82969585208.34915,4.525190469159471e-10,4.525190469159471e-08,14662291.537680527,3.014796938754354e-11,0.0009322133401039288,0.0005022499026966525,1.0206423856151752e-06,4.525190469159471e-06,7070.292762725062
86484232757.3171,4.3412904785603314e-10,4.341290478560331e-08,15283396.089255128,3.018704626116394e-11,0.0008978531316931928,0.0004838215230380379,1.0206423856151752e-06,4.341290478560331e-06,6782.961924065398
90147763145.24918,4.164864031179485e-10,4.164864031179485e-08,15930811.048244314,3.0226123134784344e-11,0.0008647631255190914,0.0004660599702864545,1.0206423856151752e-06,4.164864031179485e-06,6507.30797257509
93966483149.5471,3.9956074084139623e-10,3.9956074084139615e-08,16605650.941238666,3.026520000840475e-11,0.0008328835278562135,0.0004489401657041645,1.0206423856151752e-06,3.995607408413962e-06,6242.85636923636
97946966706.95386,3.8332292345331063e-10,3.833229234533106e-08,17309077.506926347,3.0304276882025144e-11,0.0008021679672855014,0.00043244502554811023,1.0206423856151752e-06,3.833229234533106e-06,5989.151859903834
102096066230.60475,3.6774499750744415e-10,3.6774499750744405e-08,18042301.69602957,3.034335375564555e-11,0.0007725643531825474,0.00041655542032811155,1.0206423856151752e-06,3.677449975074441e-06,5745.757691583257
106420924406.47224,3.528001455624475e-10,3.528001455624474e-08,18806585.755958892,3.0382430629265944e-11,0.0007440265758342125,0.0004012345903474759,1.0206423856151752e-06,3.528001455624475e-06,5512.254860560249
110928986489.52228,3.3846264001555576e-10,3.384626400155557e-08,19603245.40377634,3.042150750288635e-11,0.0007165511542141026,0.0003864751945248213,1.0206423856151752e-06,3.384626400155558e-06,5288.241391084017
115628013120.73778,3.24707798812465e-10,3.247077988124649e-08,20433652.091205157,3.046058437650675e-11,0.0006900811755959961,0.00037224536836892813,1.0206423856151752e-06,3.2470779881246498e-06,5073.331643365246
120526093687.08414,3.115119429571048e-10,3.115119429571047e-08,21299235.36558784,3.0499661250127154e-11,0.0006645726201921828,0.0003585363251905677,1.0206423856151752e-06,3.1151194295710473e-06,4867.155649696086
125631660247.41214,2.9885235574817613e-10,2.9885235574817606e-08,22201485.330856197,3.053873812374756e-11,0.0006400051841262834,0.00034533264443210675,1.0206423856151752e-06,2.9885235574817606e-06,4669.358477549649
130953502048.2665,2.8670724367230167e-10,2.8670724367230162e-08,23141955.21274841,3.0577814997367955e-11,0.0006163175268485177,0.0003326023604376865,1.0206423856151752e-06,2.8670724367230163e-06,4479.599618562903
136500780654.60138,2.7505569888642217e-10,2.750556988864221e-08,24122264.03269217,3.061689187098836e-11,0.0005935074137154671,0.0003203427067086543,1.0206423856151752e-06,2.7505569888642207e-06,4297.552402350427
142283045721.4355,2.6387766322489725e-10,2.6387766322489722e-08,25144099.39495375,3.065596874460876e-11,0.0005715457783698224,0.00030852248748392013,1.0206423856151752e-06,2.638776632248972e-06,4122.903434140605
148310251433.6103,2.5315389366931546e-10,2.5315389366931543e-08,26209220.39185355,3.069504561822916e-11,0.0005503728922061967,0.000297136141120361,1.0206423856151752e-06,2.5315389366931546e-06,3955.3520552656205
154592773641.94785,2.4286592922158357e-10,2.428659292215835e-08,27319460.63204858,3.073412249184956e-11,0.000529989396534947,0.00028616864902874964,1.0206423856151752e-06,2.4286592922158353e-06,3794.6098255767056
161141427725.30167,2.329960591232767e-10,2.3299605912327663e-08,28476731.397093855,3.0773199365469965e-11,0.000510339833503816,0.0002755967590198352,1.0206423856151752e-06,2.3299605912327664e-06,3640.4000268937843
167967487209.26532,2.2352729236651072e-10,2.2352729236651067e-08,29683024.931719758,3.081227623909037e-11,0.0004914122145200383,0.00026541755320753647,1.0206423856151752e-06,2.235272923665107e-06,3492.457186634225
175082703173.5727,2.1444332844388468e-10,2.1444332844388464e-08,30940417.87348577,3.085135311271077e-11,0.00047319467590915777,0.000255603450937139,1.0206423856151752e-06,2.1444332844388467e-06,3350.526620801207
182499324481.61505,2.0572852928710932e-10,2.0572852928710926e-08,32251074.82771806,3.089042998633117e-11,0.0004556290186842782,0.00024614984518611324,1.0206423856151752e-06,2.0572852928710927e-06,3214.3639955444714
190230118866.8946,1.9736789234602918e-10,1.9736789234602913e-08,33617252.09388364,3.092950685995157e-11,0.0004387266771747245,0.00023704620007908035,1.0206423856151752e-06,1.9736789234602914e-06,3083.7349065389194
198288394912.70673,1.8934702476169785e-10,1.8934702476169783e-08,35041301.54981504,3.096858373357197e-11,0.00042242608552432774,0.000228269316410409,1.0206423856151752e-06,1.8934702476169783e-06,2958.4144754570266
206688024962.9082,1.816521185890252e-10,1.8165211858902518e-08,36525674.70047559,3.100766060719237e-11,0.00040673341373889107,0.00021982076989995877,1.0206423856151752e-06,1.8165211858902517e-06,2838.1869628400796
215443469003.18866,1.742699270263695e-10,1.742699270263695e-08,38072926.898230605,3.1046737480812776e-11,0.00039162467636540545,0.0002116772710806745,1.0206423856151752e-06,1.7426992702636947e-06,2722.845396702225
224569799553.97717,1.6718774161113009e-10,1.6718774161113005e-08,39685721.741893806,3.108581435443318e-11,0.00037706152306379604,0.00020383206553153756,1.0206423856151752e-06,1.6718774161113006e-06,2612.191216227596
234082727617.82944,1.603933703420921e-10,1.6039337034209206e-08,41366835.66212046,3.112489122805358e-11,0.0003630525373410917,0.00019628050058546702,1.0206423856151752e-06,1.6039337034209207e-06,2506.0339299472926
243998629725.95453,1.5387511669086997e-10,1.5387511669086997e-08,43119162.70103878,3.116396810167398e-11,0.00034953598160689954,0.00018899740046150726,1.0206423856151752e-06,1.5387511669086996e-06,2404.190787807903
254334576130.4648,1.4762175946629517e-10,1.4762175946629514e-08,44945719.49435298,3.120304497529438e-11,0.00033745691639874864,0.0001828791985539846,1.0206423856151752e-06,1.4762175946629515e-06,2306.486466566684
265108360190.85416,1.4162253349711177e-10,1.4162253349711175e-08,46849650.464488134,3.1242121848914786e-11,0.00032490195455934937,0.0001760981139411327,1.0206423856151752e-06,1.4162253349711176e-06,2212.752767972229
276338529005.3167,1.3586711109970205e-10,1.3586711109970203e-08,48834233.23372259,3.1281198722535183e-11,0.00031280874183275704,0.00016956533622457338,1.0206423856151752e-06,1.3586711109970205e-06,2122.828329210671
288044415339.62976,1.303455842989504e-10,1.3034558429895037e-08,50902884.26662396,3.132027559615559e-11,0.00030117300980460544,0.00016327834101618544,1.0206423856151752e-06,1.3034558429895037e-06,2036.5583451191544
300246170908.5543,1.2504844777164118e-10,1.2504844777164116e-08,53059164.75150076,3.135935246977599e-11,0.00028994701202755585,0.0001572136942992543,1.0206423856151752e-06,1.2504844777164116e-06,1953.7943016883873
312964801067.075,1.1996658248301493e-10,1.1996658248301491e-08,55306786.73099935,3.1398429343396393e-11,0.0002791505155603418,0.00015137827975091923,1.0206423856151752e-06,1.199665824830149e-06,1874.3937203953046
326222200971.1673,1.1509123998832925e-10,1.1509123998832923e-08,57649619.49239372,3.1437506217016797e-11,0.00026874378904018036,0.00014575521558040665,1.0206423856151752e-06,1.1509123998832924e-06,1798.21991292597
340041193270.37024,1.104140273723864e-10,1.104140273723864e-08,60091696.22857446,3.147658309063719e-11,0.00025872679133200625,0.0001403380803287939,1.0206423856151752e-06,1.104140273723864e-06,1725.1417458662543
354445567397.0436,1.0592689280110539e-10,1.0592689280110538e-08,62637220.98120214,3.151565996425759e-11,0.000249083999001199,0.00013512403851881604,1.0206423856151752e-06,1.059268928011054e-06,1655.033414955281
369460120519.9295,1.0162211166027141e-10,1.016221116602714e-08,65290575.8779745,3.155473683787799e-11,0.0002397865391741624,0.00013009787627381907,1.0206423856151752e-06,1.0162211166027142e-06,1587.7742285131085
385110700232.5569,9.749227325758829e-11,9.749227325758826e-09,68056328.67647302,3.159381371149839e-11,0.0002308434332350465,0.00012525952220590272,1.0206423856151752e-06,9.749227325758825e-07,1523.248399669625
401424249049.9326,9.353026806515468e-11,9.353026806515466e-09,70939240.62756804,3.1632890585118794e-11,0.00022222310347154718,0.00012059895168375978,1.0206423856151752e-06,9.353026806515466e-07,1461.3448470371861
418428850790.1576,8.97292754803913e-11,8.97292754803913e-09,73944274.67192577,3.16719674587392e-11,0.0002139278390880322,0.00011610863120885212,1.0206423856151752e-06,8.97292754803913e-07,1401.9570034836843
436153778920.80054,8.60827520843545e-11,8.608275208435447e-09,77076603.98372477,3.17110443323596e-11,0.00020594020758555757,0.0001117862280390934,1.0206423856151752e-06,8.608275208435448e-07,1344.9826326769335
454629546953.239,8.258442037722495e-11,8.258442037722492e-09,80341620.8762874,3.175012120598e-11,0.0001982421066281939,0.00010762251583255204,1.0206423856151752e-06,8.258442037722493e-07,1290.3236530845804
473887960971.7651,7.922825797157272e-11,7.922825797157271e-09,83744946.08496365,3.17891980796004e-11,0.0001908346411267071,0.00010361198534617768,1.0206423856151752e-06,7.922825797157271e-07,1237.8859691264502
493962174387.8326,7.600848722480328e-11,7.600848722480327e-09,87292438.44324021,3.1828274953220805e-11,0.0001836995850010838,9.975111105670713e-05,1.0206423856151752e-06,7.600848722480326e-07,1187.5793091887829
514886745013.7487,7.291956529292871e-11,7.29195652929287e-09,90990204.96873926,3.186735182684121e-11,0.00017683039603725128,9.603017269314846e-05,1.0206423856151752e-06,7.291956529292871e-07,1139.3170702213874
536697694554.0476,6.9956174588547e-11,6.9956174588546995e-09,94844611.37646604,3.1906428700461605e-11,0.0001702185988707868,9.244899426191568e-05,1.0206423856151752e-06,6.995617458854699e-07,1093.0161686502577
559432570616.9366,6.711321362660203e-11,6.711321362660203e-09,98862293.03740285,3.194550557408201e-11,0.00016384620734957088,8.90001179245168e-05,1.0206423856151752e-06,6.711321362660204e-07,1048.5968973489926
583130511352.6218,6.438578824216207e-11,6.438578824216207e-09,103050166.4013199,3.198458244770241e-11,0.0001577133787419749,8.567822816905903e-05,1.0206423856151752e-06,6.438578824216207e-07,1005.9827884227437
607832312829.7236,6.176920316510296e-11,6.176920316510295e-09,107415440.90346028,3.2023659321322815e-11,0.00015180963558655337,8.248047133378672e-05,1.0206423856151752e-06,6.176920316510296e-07,965.1004815685491
633580499265.8241,5.925895393718732e-11,5.9258953937187306e-09,111965631.37560295,3.206273619494321e-11,0.0001461239535996499,7.939868974559083e-05,1.0206423856151752e-06,5.925895393718731e-07,925.8795977853638
660419396233.0305,5.685071915762703e-11,5.685071915762702e-09,116708570.98286696,3.2101813068563615e-11,0.00014065216703517346,7.643272349270058e-05,1.0206423856151752e-06,5.685071915762703e-07,888.252618216412
688395206964.5482,5.454035304378165e-11,5.4540353043781645e-09,121652424.7085237,3.214088994218402e-11,0.00013537926150649718,7.357643998595994e-05,1.0206423856151752e-06,5.454035304378164e-07,852.1547679153166
717556091893.6921,5.2323878294180874e-11,5.232387829418087e-09,126805703.41004036,3.2179966815804416e-11,0.00013030332013210636,7.08265530515133e-05,1.0206423856151752e-06,5.232387829418087e-07,817.5239043358305
747952251562.1829,5.019747924159058e-11,5.0197479241590575e-09,132177278.4705416,3.221904368942482e-11,0.00012541895817065442,6.817839900042857e-05,1.0206423856151752e-06,5.019747924159057e-07,784.3004103532952
779636013040.5221,4.815749528433107e-11,4.815749528433106e-09,137776397.07091987,3.225812056304522e-11,0.00012071571435274055,6.562732738881239e-05,1.0206423856151752e-06,4.815749528433106e-07,752.4270916335946
812661920009.1946,4.620041458454065e-11,4.620041458454065e-09,143612698.1088847,3.2297197436665626e-11,0.00011618843675020781,6.317153612403504e-05,1.0206423856151752e-06,4.620041458454064e-07,721.8490781729429
847086826655.742,4.432286802253876e-11,4.432286802253875e-09,149696228.7923467,3.233627431028603e-11,0.00011182687637016464,6.080715942204281e-05,1.0206423856151752e-06,4.432286802253875e-07,692.5137298390483
882969995549.4083,4.2521623396876455e-11,4.252162339687645e-09,156037461.93571573,3.2375351183906426e-11,0.00010762734815315933,5.853164808999783e-05,1.0206423856151752e-06,4.252162339687645e-07,664.3705457509693
920373199661.823,4.079357986009267e-11,4.079357986009266e-09,162647313.98888013,3.241442805752683e-11,0.00010358707801915564,5.633943968293977e-05,1.0206423856151752e-06,4.079357986009266e-07,637.3710773417077
959360828709.3127,3.9135762580598236e-11,3.913576258059823e-09,169537163.8298999,3.2453504931147226e-11,9.969816414424347e-05,5.422843422173291e-05,1.0206423856151752e-06,3.9135762580598233e-07,611.4688449538914
1000000000000.0,3.75453176214936e-11,3.754531762149359e-09,176718872.35378253,3.249258180476763e-11,9.595380534340113e-05,5.21958083254022e-05,1.0206423856151752e-06,3.754531762149359e-07,586.619257824891
1042360673976.4033,3.6019507027510484e-11,3.6019507027510474e-09,184204802.89103863,3.253165867838803e-11,9.234666833398406e-05,5.023926919046974e-05,1.0206423856151752e-06,3.6019507027510473e-07,562.7795373237298
1086515774652.5417,3.455570411161334e-11,3.4555704111613333e-09,192007842.4911937,3.2570735552008437e-11,8.887380370929401e-05,4.835616021751973e-05,1.0206423856151752e-06,3.455570411161334e-07,539.9086433075365
1132541315152.808,3.315138893315145e-11,3.315138893315144e-09,200141424.10787416,3.2609812425628834e-11,8.55327913445209e-05,4.654294176328451e-05,1.0206423856151752e-06,3.315138893315144e-07,517.9672034708431
1180516528568.8032,3.180414395977293e-11,3.180414395977293e-09,208619549.72368073,3.264888929924924e-11,8.231816441263346e-05,4.4796561620718616e-05,1.0206423856151752e-06,3.180414395977293e-07,496.91744556603356
1230524004359.2615,3.051164990563803e-11,3.0511649905638027e-09,217456814.45462966,3.268796617286964e-11,7.922220908931397e-05,4.311470684146621e-05,1.0206423856151752e-06,3.051164990563803e-07,476.72313237834453
1282649830528.0625,2.9271681738761326e-11,2.9271681738761322e-09,226668431.67568946,3.2727043046490044e-11,7.623928331746644e-05,4.149585750316644e-05,1.0206423856151752e-06,2.9271681738761327e-07,457.34949934338806
1336983741824.9507,2.808210485061332e-11,2.8082104850613315e-09,236270259.21064606,3.276611992011045e-11,7.336810707637567e-05,3.993821197275686e-05,1.0206423856151752e-06,2.8082104850613314e-07,438.7631946998619
1393619274224.1377,2.694087138138645e-11,2.6940871381386445e-09,246278826.63138622,3.2805196793730844e-11,7.06066732845981e-05,3.8439122622430414e-05,1.0206423856151752e-06,2.694087138138645e-07,420.93222207440897
1452653925946.7783,2.584601669459789e-11,2.5846016694597888e-09,256711363.71360976,3.284427366735125e-11,6.795055709670644e-05,3.6994902337578665e-05,1.0206423856151752e-06,2.5846016694597886e-07,403.82588539975706
1514189325304.352,2.479565599496419e-11,2.4795655994964184e-09,267585830.0979196,3.288335054097165e-11,6.539148832441785e-05,3.5603758543325365e-05,1.0206423856151752e-06,2.4795655994964185e-07,387.41473607138335
1578331405652.1196,2.3787981083719852e-11,2.3787981083719846e-09,278920946.20740324,3.2922427414592054e-11,6.292555527534774e-05,3.426476703351048e-05,1.0206423856151752e-06,2.3787981083719845e-07,371.6705222516415
1645190587753.6675,2.2821257245798962e-11,2.2821257245798958e-09,290736225.4748845,3.296150428821246e-11,6.055249914475246e-05,3.297660456312841e-05,1.0206423856151752e-06,2.282125724579896e-07,356.5661402341583
1714881969870.534,2.1893820263518275e-11,2.189382026351827e-09,303052007.93535376,3.300058116183285e-11,5.8270732089947295e-05,3.1737402847086755e-05,1.0206423856151752e-06,2.1893820263518274e-07,342.0755877847259
1787525525904.2317,2.100407355162163e-11,2.1004073551621627e-09,315889495.24139774,3.303965803545325e-11,5.607681275632937e-05,3.054385199765343e-05,1.0206423856151752e-06,2.1004073551621625e-07,328.17391937837976
1863246311931.5598,2.015048540875509e-11,2.0150485408755087e-09,329270787.16188914,3.3078734909073655e-11,5.396202144895908e-05,2.939346229413068e-05,1.0206423856151752e-06,2.015048540875509e-07,314.8372032556257
1942174681489.0283,1.9331586380638194e-11,1.933158638063819e-09,343218919.62680763,3.311781178269406e-11,5.192384189133704e-05,2.8286200513805466e-05,1.0206423856151752e-06,1.9331586380638192e-07,302.04248022383933
2024446509976.81,1.8545966730394704e-11,1.85459667303947e-09,357757904.3836525,3.315688865631446e-11,4.9963104626920764e-05,2.7221135687282193e-05,1.0206423856151752e-06,1.85459667303947e-07,289.7677241329584
2110203428568.588,1.7792274011686965e-11,1.7792274011686963e-09,372912770.33372635,3.319596552993486e-11,4.807825438306954e-05,2.6196939755752455e-05,1.0206423856151752e-06,1.7792274011686962e-07,277.991803957409
2199593068030.0703,1.706921074047516e-11,1.7069210740475159e-09,388709606.619471,3.323504240355526e-11,4.6266290672482754e-05,2.5210990030952656e-05,1.0206423856151752e-06,1.706921074047516e-07,266.6944474189765
2292769312865.649,1.6375532161396168e-11,1.6375532161396166e-09,405175607.53697395,3.3274119277175665e-11,4.4519589318371e-05,2.4260190348210553e-05,1.0206423856151752e-06,1.6375532161396164e-07,255.85620608804172
2389892566231.0527,1.5710044104913032e-11,1.571004410491303e-09,422339119.3510389,3.331319615079607e-11,4.283529971626475e-05,2.3344804999763926e-05,1.0206423856151752e-06,1.5710044104913028e-07,245.45842190304444
2491130026067.796,1.5071600931549214e-11,1.5071600931549212e-09,440229689.09334964,3.335227302441647e-11,4.121591228883204e-05,2.24645247195842e-05,1.0206423856151752e-06,1.507160093154921e-07,235.4831950505848
2596655972934.862,1.4459103559667213e-11,1.445910355966721e-09,458878115.42776287,3.339134989803687e-11,3.965934130076877e-05,2.1618078252494835e-05,1.0206423856151752e-06,1.445910355966721e-07,225.91335315084746
2706652070033.236,1.3871497573396118e-11,1.3871497573396117e-09,478316501.67030454,3.343042677165727e-11,3.816310375292767e-05,2.080401851730947e-05,1.0206423856151752e-06,1.3871497573396117e-07,216.73242169529675
2821307675939.4707,1.3307771407452524e-11,1.3307771407452522e-09,498578311.0550939,3.3469503645277676e-11,3.672058415040652e-05,2.0018385714883018e-05,1.0206423856151752e-06,1.3307771407452523e-07,207.92459568577618
2940820170587.067,1.2766954605727747e-11,1.2766954605727746e-09,519698424.3414047,3.350858051889808e-11,3.532943859053245e-05,1.926187146154853e-05,1.0206423856151752e-06,1.2766954605727745e-07,199.47471242615498
3065395295056.536,1.2248116150645142e-11,1.224811615064514e-09,541713199.8609816,3.354765739251848e-11,3.399233358883379e-05,1.8534492534610067e-05,1.0206423856151752e-06,1.224811615064514e-07,191.36822541970776
3195247505759.2007,1.1750362860410948e-11,1.1750362860410945e-09,564660536.1090019,3.358673426613887e-11,3.27071516371764e-05,1.7835112850158107e-05,1.0206423856151752e-06,1.1750362860410946e-07,183.59117932728307
3330600343624.5815,1.1272837851398971e-11,1.1272837851398968e-09,588579936.9864566,3.362581113975928e-11,3.1471823092059805e-05,1.71626334225795e-05,1.0206423856151752e-06,1.127283785139897e-07,176.1301859431422
3471686818926.5596,1.0814719063023828e-11,1.0814719063023825e-09,613512579.8061918,3.366488801337968e-11,3.0280800616752658e-05,1.651421024183235e-05,1.0206423856151752e-06,1.0814719063023826e-07,168.97240114713833
3618749812411.284,1.0375217842560944e-11,1.0375217842560943e-09,639501386.1797837,3.370396488700008e-11,2.9132335643288348e-05,1.5889223559858542e-05,1.0206423856151752e-06,1.0375217842560945e-07,162.1055027935211
3772042493417.009,9.953577587478905e-12,9.953577587478902e-10,666591095.9072043,3.3743041760620486e-11,2.802855748470824e-05,1.5288345708550813e-05,1.0206423856151752e-06,9.953577587478904e-08,155.51766949833203
3931828755705.754,9.549072442946285e-12,9.549072442946283e-10,694828343.9964968,3.378211863424088e-11,2.6967681751758702e-05,1.471062855495751e-05,1.0206423856151752e-06,9.549072442946281e-08,149.19756028886206
4098383671757.253,9.161006052270216e-12,9.161006052270215e-10,724261740.946096,3.3821195507861287e-11,2.5947996118492173e-05,1.4155161849108206e-05,1.0206423856151752e-06,9.161006052270214e-08,143.1342950801305
4271993966306.7764,8.788710358116981e-12,8.78871035811698e-10,754941956.4278961,3.386027238148169e-11,2.496499324397614e-05,1.3620268854562555e-05,1.0206423856151752e-06,8.788710358116981e-08,137.31743594479727
4452958509942.66,8.43154445244923e-12,8.431544452449229e-10,786921806.515246,3.3899349255102093e-11,2.401709188180522e-05,1.3104082879042512e-05,1.0206423856151752e-06,8.431544452449228e-08,131.73696914423869
4641588833612.792,8.0888934732011e-12,8.088893473201099e-10,820256344.6059608,3.3938426128722497e-11,2.3106108874493035e-05,1.2607818189169109e-05,1.0206423856151752e-06,8.0888934732011e-08,126.38328788986998
4838209664925.9375,7.760167545791617e-12,7.760167545791617e-10,855002956.1968837,3.3977503002342894e-11,2.2230568130061915e-05,1.2130707607937205e-05,1.0206423856151752e-06,7.760167545791617e-08,121.24717580503425
5043159487171.349,7.444800767653758e-12,7.444800767653757e-10,891221457.6732012,3.40165798759633e-11,2.1388964237684658e-05,1.1671977347783662e-05,1.0206423856151752e-06,7.444800767653757e-08,116.31979105898134
5256791122018.419,7.1422502340320416e-12,7.14225023403204e-10,928974199.2824699,3.40556567495837e-11,2.05779681409383e-05,1.123048734369941e-05,1.0206423856151752e-06,7.14225023403204e-08,111.59265114563853
5479472336900.293,6.8519951033702584e-12,6.851995103370257e-10,968326172.4707656,3.4094733623204104e-11,1.9795867537217197e-05,1.0804707482614314e-05,1.0206423856151752e-06,6.851995103370257e-08,107.05761828094894
5711586478126.446,6.573535700681444e-12,6.573535700681444e-10,1009345121.765618,3.413381049682451e-11,1.9044156806124088e-05,1.0394938055818135e-05,1.0206423856151752e-06,6.573535700681444e-08,102.70688539365645
5953533130814.346,6.306392657356059e-12,6.306392657356058e-10,1052101661.3983951,3.4172887370444904e-11,1.832171329531815e-05,1.0001001205372443e-05,1.0206423856151752e-06,6.306392657356058e-08,98.53296268541153
6205728806776.487,6.050106085927433e-12,6.050106085927433e-10,1096669396.8669248,3.42119642440653e-11,1.762714615525296e-05,9.622225644279297e-06,1.0206423856151752e-06,6.050106085927432e-08,94.52866473706018
6468607661546.32,5.804234788374595e-12,5.804234788374594e-10,1143125051.647504,3.425104111768571e-11,1.6958285096699364e-05,9.257818135583719e-06,1.0206423856151752e-06,5.804234788374595e-08,90.6870981389308
6742622241778.349,5.568355496598473e-12,5.568355496598472e-10,1191548599.2746036,3.4290117991306114e-11,1.63132323663756e-05,8.906719061133936e-06,1.0206423856151752e-06,5.568355496598472e-08,87.00164962380741
7028244264308.367,5.342062143764771e-12,5.34206214376477e-10,1242023401.0155141,3.432919486492651e-11,1.5693056163796992e-05,8.568568843829315e-06,1.0206423856151752e-06,5.34206214376477e-08,83.46597468217318
7325965428215.2,5.124965165258861e-12,5.12496516525886e-10,1294636349.376985,3.436827173854691e-11,1.5097035018827933e-05,8.243371241874846e-06,1.0206423856151752e-06,5.1249651652588603e-08,80.07398664012085
7636298261282.226,4.9166908280490994e-12,4.916690828049099e-10,1349478017.690945,3.440734861216731e-11,1.4523919102037648e-05,7.93068316755244e-06,1.0206423856151752e-06,4.9166908280491e-08,76.81984618112476
7959777002314.978,4.71688058730466e-12,4.716880587304659e-10,1406642816.0366745,3.4446425485787715e-11,1.3972230271856133e-05,7.629914440708565e-06,1.0206423856151752e-06,4.716880587304659e-08,73.69795129364576
8296958520834.915,4.5251904691594694e-12,4.525190469159469e-10,1466229153.7680535,3.448550235940812e-11,1.3440601659208168e-05,7.3404263479803805e-06,1.0206423856151752e-06,4.525190469159469e-08,70.70292762725059
8648423275731.744,4.341290478560314e-12,4.341290478560313e-10,1528339608.9255192,3.452457923302852e-11,1.292906396293704e-05,7.061583172035847e-06,1.0206423856151752e-06,4.341290478560313e-08,67.8296192406537
9014776314524.88,4.164864031179502e-12,4.1648640311795016e-10,1593081104.824425,3.456365610664891e-11,1.2437414637267981e-05,6.793214971520851e-06,1.0206423856151752e-06,4.1648640311795014e-08,65.07307972575116
9396648314954.672,3.9956074084139785e-12,3.9956074084139773e-10,1660565094.1238596,3.4602732980269315e-11,1.1964679218177085e-05,6.535162792448003e-06,1.0206423856151752e-06,3.9956074084139774e-08,62.428563692363845
9794696670695.385,3.8332292345331024e-12,3.833229234533102e-10,1730907750.6926363,3.464180985388972e-11,1.1509729019033554e-05,6.286978453383237e-06,1.0206423856151752e-06,3.833229234533102e-08,59.89151859903828
10209606623060.475,3.677449975074444e-12,3.677449975074443e-10,1804230169.6029556,3.468088672751012e-11,1.1071554827926164e-05,6.048175973735398e-06,1.0206423856151752e-06,3.677449975074443e-08,57.45757691583261
10642092440647.268,3.52800145562446e-12,3.52800145562446e-10,1880658575.595897,3.4719963601130526e-11,1.064986649123072e-05,5.818294831352852e-06,1.0206423856151752e-06,3.52800145562446e-08,55.12254860560226
11092898648952.182,3.38462640015557e-12,3.3846264001555695e-10,1960324540.3776267,3.475904047475092e-11,1.0244391127918726e-05,5.597024316986195e-06,1.0206423856151752e-06,3.38462640015557e-08,52.88241391084036
11562801312073.73,3.247077988124665e-12,3.2470779881246646e-10,2043365209.1205063,3.4798117348371326e-11,9.85452214646343e-06,5.384120521299322e-06,1.0206423856151752e-06,3.247077988124665e-08,50.733316433652696
12052609368708.414,3.1151194295710467e-12,3.115119429571046e-10,2129923536.5587852,3.483719422199172e-11,9.479412119144958e-06,5.1793663743463654e-06,1.0206423856151752e-06,3.115119429571046e-08,48.67155649696084
12563166024741.215,2.9885235574817585e-12,2.988523557481758e-10,2220148533.0856214,3.487627109561213e-11,9.118329568516813e-06,4.982410993973243e-06,1.0206423856151752e-06,2.9885235574817586e-08,46.69358477549645
13095350204826.703,2.867072436723005e-12,2.867072436723005e-10,2314195521.27485,3.491534796923253e-11,8.77081026679626e-06,4.792921526729573e-06,1.0206423856151752e-06,2.8670724367230046e-08,44.795996185628844
13650078065460.082,2.7505569888642343e-12,2.750556988864234e-10,2412226403.269206,3.4954424842852926e-11,8.436496865998591e-06,4.610506272603975e-06,1.0206423856151752e-06,2.750556988864234e-08,42.97552402350447
14228304572143.49,2.6387766322489826e-12,2.6387766322489823e-10,2514409939.495366,3.499350171647333e-11,8.115043379025206e-06,4.434948365267364e-06,1.0206423856151752e-06,2.638776632248982e-08,41.22903434140621
14831025143361.03,2.5315389366931533e-12,2.531538936693153e-10,2620922039.185357,3.503257859009373e-11,7.805810680069551e-06,4.266076603953049e-06,1.0206423856151752e-06,2.531538936693153e-08,39.553520552656174
15459277364194.785,2.4286592922158373e-12,2.428659292215837e-10,2731946063.204856,3.5071655463714137e-11,7.508301348301932e-06,4.103658490131702e-06,1.0206423856151752e-06,2.4286592922158374e-08,37.94609825576708
16114142772530.232,2.329960591232757e-12,2.3299605912327566e-10,2847673139.709398,3.511073233733454e-11,7.2218984670462115e-06,3.947423716141809e-06,1.0206423856151752e-06,2.3299605912327567e-08,36.40400026893769
16796748720926.463,2.235272923665116e-12,2.2352729236651157e-10,2968302493.171964,3.514980921095494e-11,6.946358510304625e-06,3.797043179204141e-06,1.0206423856151752e-06,2.2352729236651153e-08,34.92457186634239
17508270317357.197,2.144433284438855e-12,2.1444332844388543e-10,3094041787.3485656,3.518888608457534e-11,6.681396165052368e-06,3.652399456356645e-06,1.0206423856151752e-06,2.1444332844388543e-08,33.505266208012195
18249932448161.504,2.0572852928710927e-12,2.0572852928710924e-10,3225107482.7718067,3.5227962958195744e-11,6.426513085470211e-06,3.51314128766852e-06,1.0206423856151752e-06,2.0572852928710922e-08,32.143639955444705
19023011886689.457,1.9736789234602933e-12,1.9736789234602928e-10,3361725209.388361,3.526703983181615e-11,6.202131971965914e-06,3.39918273778764e-06,1.0206423856151752e-06,1.9736789234602933e-08,30.83734906538922
19828839491270.754,1.8934702476169704e-12,1.8934702476169703e-10,3504130154.9815183,3.530611670543655e-11,5.965428416120939e-06,3.269711288827652e-06,1.0206423856151752e-06,1.8934702476169704e-08,29.58414475457014
20668802496290.734,1.8165211858902596e-12,1.8165211858902591e-10,3652567470.0475435,3.534519357905695e-11,5.737804223372187e-06,3.145176721744964e-06,1.0206423856151752e-06,1.816521185890259e-08,28.38186962840091
21544346900318.777,1.7426992702637036e-12,1.7426992702637034e-10,3807292689.823043,3.5384270452677344e-11,5.51881403954067e-06,3.025337754579031e-06,1.0206423856151752e-06,1.7426992702637032e-08,27.228453967022382
22456979955397.72,1.6718774161113e-12,1.6718774161112998e-10,3968572174.1893826,3.5423347326297754e-11,5.308160236162237e-06,2.910029862049937e-06,1.0206423856151752e-06,1.6718774161113e-08,26.121912162275947
23408272761782.94,1.6039337034209219e-12,1.6039337034209214e-10,4136683566.2120433,3.546242419991815e-11,5.10567026226502e-06,2.799095739266032e-06,1.0206423856151752e-06,1.6039337034209216e-08,25.060339299472936
24399862972595.55,1.5387511669086935e-12,1.5387511669086933e-10,4311916270.103894,3.5501501073538554e-11,4.910641593554439e-06,2.692362849612631e-06,1.0206423856151752e-06,1.538751166908693e-08,24.04190787807893
25433457613046.38,1.4762175946629576e-12,1.4762175946629574e-10,4494571949.43528,3.554057794715895e-11,4.7231669452455496e-06,2.5897408711827237e-06,1.0206423856151752e-06,1.4762175946629576e-08,23.064864665666935
26510836019085.31,1.4162253349711225e-12,1.4162253349711224e-10,4684965046.448798,3.5579654820779355e-11,4.542709158392669e-06,2.4909444001466026e-06,1.0206423856151752e-06,1.4162253349711223e-08,22.127527679722363
27633852900531.668,1.3586711109970206e-12,1.3586711109970203e-10,4883423323.372259,3.561873169439976e-11,4.3691322627910785e-06,2.3959518681296167e-06,1.0206423856151752e-06,1.3586711109970203e-08,21.22828329210671
28804441533962.977,1.3034558429895042e-12,1.303455842989504e-10,5090288426.6623955,3.565780856802016e-11,4.2022852173875485e-06,2.3045225920171417e-06,1.0206423856151752e-06,1.3034558429895042e-08,20.36558345119155
30024617090855.555,1.2504844777164059e-12,1.2504844777164056e-10,5305916475.150103,3.5696885441640565e-11,4.041670279972229e-06,2.2165612952527982e-06,1.0206423856151752e-06,1.2504844777164057e-08,19.53794301688378
31296480106707.633,1.199665824830145e-12,1.1996658248301447e-10,5530678673.0999565,3.573596231526097e-11,3.887206956230759e-06,2.131978153668694e-06,1.0206423856151752e-06,1.1996658248301448e-08,18.743937203952978
32622220097116.598,1.1509123998832974e-12,1.1509123998832973e-10,5764961949.2393465,3.5775039188881365e-11,3.7386329316292826e-06,2.0505940700020043e-06,1.0206423856151752e-06,1.1509123998832971e-08,17.98219912925978
34004119327037.027,1.104140273723864e-12,1.104140273723864e-10,6009169622.857446,3.581411606250177e-11,3.5956238075047584e-06,1.9722965303133336e-06,1.0206423856151752e-06,1.1041402737238641e-08,17.251417458662544
35444556739704.36,1.0592689280110543e-12,1.0592689280110542e-10,6263722098.120213,3.585319293612217e-11,3.4581801235251666e-06,1.8970162673769373e-06,1.0206423856151752e-06,1.0592689280110543e-08,16.550334149552814
36946012051993.1,1.0162211166027101e-12,1.01622111660271e-10,6529057587.797476,3.5892269809742575e-11,3.3259164050873235e-06,1.8245268806751917e-06,1.0206423856151752e-06,1.01622111660271e-08,15.877742285131022
38511070023255.84,9.749227325758786e-13,9.749227325758786e-11,6805632867.64733,3.593134668336298e-11,3.1986774744557446e-06,1.7548263288236814e-06,1.0206423856151752e-06,9.749227325758786e-09,15.232483996696187
40142424904993.09,9.353026806515504e-13,9.353026806515501e-11,7093924062.756777,3.5970423556983376e-11,3.0763849502544137e-06,1.687805476624206e-06,1.0206423856151752e-06,9.353026806515501e-09,14.613448470371916
41842885079015.76,8.972927548039137e-13,8.972927548039136e-11,7394427467.192573,3.600950043060377e-11,2.9585767427240396e-06,1.6232774657452745e-06,1.0206423856151752e-06,8.972927548039135e-09,14.019570034836851
43615377892080.055,8.608275208435445e-13,8.608275208435443e-11,7707660398.372481,3.6048577304224176e-11,2.8453710305495055e-06,1.56125880385419e-06,1.0206423856151752e-06,8.608275208435444e-09,13.449826326769324
45462954695324.086,8.258442037722458e-13,8.258442037722457e-11,8034162087.628774,3.608765417784458e-11,2.736474134599285e-06,1.5015772965913192e-06,1.0206423856151752e-06,8.258442037722457e-09,12.903236530845748
47388796097176.7,7.922825797157247e-13,7.922825797157245e-11,8374494608.496391,3.612673105146498e-11,2.631682650813499e-06,1.44414308905807e-06,1.0206423856151752e-06,7.922825797157245e-09,12.378859691264461
49396217438783.055,7.600848722480351e-13,7.60084872248035e-11,8729243844.323992,3.616580792508538e-11,2.531002491750491e-06,1.3889464592900944e-06,1.0206423856151752e-06,7.60084872248035e-09,11.875793091887864
51488674501374.87,7.291956529292876e-13,7.291956529292874e-11,9099020496.873922,3.620488479870578e-11,2.4340168077822912e-06,1.335804104460093e-06,1.0206423856151752e-06,7.291956529292874e-09,11.39317070221388
53669769455404.76,6.995617458854691e-13,6.99561745885469e-11,9484461137.646616,3.6243961672326186e-11,2.3407875313496606e-06,1.2847054298081485e-06,1.0206423856151752e-06,6.995617458854691e-09,10.930161686502565
55943257061693.89,6.711321362660184e-13,6.711321362660183e-11,9886229303.740314,3.628303854594659e-11,2.251148844337682e-06,1.235584319112403e-06,1.0206423856151752e-06,6.7113213626601825e-09,10.485968973489893
58313051135262.42,6.438578824216184e-13,6.438578824216184e-11,10305016640.132029,3.632211541956699e-11,2.1648600826359587e-06,1.1882758742845995e-06,1.0206423856151752e-06,6.438578824216184e-09,10.059827884227401
60783231282972.11,6.176920316510323e-13,6.176920316510322e-11,10741544090.345982,3.636119229318739e-11,2.081954723469654e-06,1.1428026222447517e-06,1.0206423856151752e-06,6.1769203165103214e-09,9.651004815685532
63358049926582.414,5.925895393718731e-13,5.925895393718729e-11,11196563137.560295,3.6400269166807793e-11,2.0021610330154237e-06,1.099064006398309e-06,1.0206423856151752e-06,5.92589539371873e-09,9.258795977853636
66041939623303.055,5.685071915762701e-13,5.6850719157627005e-11,11670857098.2867,3.6439346040428197e-11,1.9253927782986207e-06,1.0569753855682627e-06,1.0206423856151752e-06,5.6850719157627015e-09,8.882526182164117
68839520696455.1,5.454035304378145e-13,5.454035304378144e-11,12165242470.852417,3.64784229140486e-11,1.8516082902247233e-06,1.0165150577361337e-06,1.0206423856151752e-06,5.454035304378144e-09,8.521547679153134
71755609189369.5,5.232387829418065e-13,5.232387829418064e-11,12680570341.004091,3.6517499787669003e-11,1.7805793691000515e-06,9.775909164651255e-07,1.0206423856151752e-06,5.232387829418064e-09,8.175239043358271
74795225156217.98,5.019747924159078e-13,5.019747924159077e-11,13217727847.054108,3.65565766612894e-11,1.7123200010890644e-06,9.401344944904136e-07,1.0206423856151752e-06,5.0197479241590765e-09,7.843004103532983
77963601304052.2,4.815749528433105e-13,4.815749528433105e-11,13777639707.09199,3.6595653534909804e-11,1.6466837896567718e-06,9.041282810669395e-07,1.0206423856151752e-06,4.815749528433105e-09,7.524270916335944
81266192000919.45,4.620041458454066e-13,4.620041458454065e-11,14361269810.888462,3.66347304085302e-11,1.5834829409552131e-06,8.694811175372136e-07,1.0206423856151752e-06,4.620041458454066e-09,7.21849078172943
84708682665574.2,4.432286802253873e-13,4.432286802253872e-11,14969622879.234678,3.6673807282150604e-11,1.522747624841114e-06,8.361630052721946e-07,1.0206423856151752e-06,4.432286802253873e-09,6.925137298390479
88296999554941.19,4.252162339687627e-13,4.252162339687627e-11,15603746193.571638,3.671288415577101e-11,1.4642938913538161e-06,8.041209149938205e-07,1.0206423856151752e-06,4.2521623396876264e-09,6.643705457509663
92037319966181.92,4.079357986009285e-13,4.0793579860092843e-11,16264731398.887941,3.6751961029391404e-11,1.4081108643857699e-06,7.732945235382242e-07,1.0206423856151752e-06,4.079357986009284e-09,6.3737107734171055
95936082870931.27,3.913576258059821e-13,3.9135762580598204e-11,16953716382.990002,3.679103790301181e-11,1.354081035200169e-06,7.436413752936141e-07,1.0206423856151752e-06,3.9135762580598205e-09,6.11468844953891
100000000000000.0,3.754531762149361e-13,3.7545317621493604e-11,17671887235.378246,3.683011477663221e-11,1.3021005796302284e-06,7.151237263090422e-07,1.0206423856151752e-06,3.754531762149361e-09,5.866192578248912
