E_prime_GeV_total,rate_acc,rate_acc_2,rate_sync,rate_Op,rate_pg,rate_photodisintegration,t_ad_val,Shear,ESC
45.03864132239823,3.458496481132377,345.84964811323766,2.938155121863251e-16,1.6795683655693555e-10,1.3582447425515622e-13,3.071947683598906e-13,2.0372103505292916e-06,2.6542338129301503e-12,13563236149213.879
45.03864132239823,3.458496481132377,345.84964811323766,2.938155121863251e-16,1.6795683655693555e-10,1.3582447425515622e-13,3.071947683598906e-13,2.0372103505292916e-06,2.6542338129301503e-12,13563236149213.879
45.03864132239823,3.458496481132377,345.84964811323766,2.938155121863251e-16,1.6795683655693555e-10,1.3582447425515622e-13,3.071947683598906e-13,2.0372103505292916e-06,2.6542338129301503e-12,13563236149213.879
45.03864132239823,3.458496481132377,345.84964811323766,2.938155121863251e-16,1.6795683655693555e-10,1.3582447425515622e-13,3.071947683598906e-13,2.0372103505292916e-06,2.6542338129301503e-12,13563236149213.879
45.03864132239823,3.458496481132377,345.84964811323766,2.938155121863251e-16,1.6795683655693555e-10,1.3582447425515622e-13,3.071947683598906e-13,2.0372103505292916e-06,2.6542338129301503e-12,13563236149213.879
45.03864132239823,3.458496481132377,345.84964811323766,2.938155121863251e-16,1.6795683655693555e-10,1.3582447425515622e-13,3.071947683598906e-13,2.0372103505292916e-06,2.6542338129301503e-12,13563236149213.879
45.03864132239823,3.458496481132377,345.84964811323766,2.938155121863251e-16,1.6795683655693555e-10,1.3582447425515622e-13,3.071947683598906e-13,2.0372103505292916e-06,2.6542338129301503e-12,13563236149213.879
45.03864132239823,3.458496481132377,345.84964811323766,2.938155121863251e-16,1.6795683655693555e-10,1.3582447425515622e-13,3.071947683598906e-13,2.0372103505292916e-06,2.6542338129301503e-12,13563236149213.879
45.03864132239823,3.458496481132377,345.84964811323766,2.938155121863251e-16,1.6795683655693555e-10,1.3582447425515622e-13,3.071947683598906e-13,2.0372103505292916e-06,2.6542338129301503e-12,13563236149213.879
45.03864132239823,3.458496481132377,345.84964811323766,2.938155121863251e-16,1.6795683655693555e-10,1.3582447425515622e-13,3.071947683598906e-13,2.0372103505292916e-06,2.6542338129301503e-12,13563236149213.879
45.03864132239823,3.458496481132377,345.84964811323766,2.938155121863251e-16,1.6795683655693555e-10,1.3582447425515622e-13,3.071947683598906e-13,2.0372103505292916e-06,2.6542338129301503e-12,13563236149213.879
45.03864132239823,3.458496481132377,345.84964811323766,2.938155121863251e-16,1.6795683655693555e-10,1.3582447425515622e-13,3.071947683598906e-13,2.0372103505292916e-06,2.6542338129301503e-12,13563236149213.879
45.03864132239823,3.458496481132377,345.84964811323766,2.938155121863251e-16,1.6795683655693555e-10,1.3582447425515622e-13,3.071947683598906e-13,2.0372103505292916e-06,2.6542338129301503e-12,13563236149213.879
45.03864132239823,3.458496481132377,345.84964811323766,2.938155121863251e-16,1.6795683655693555e-10,1.3582447425515622e-13,3.071947683598906e-13,2.0372103505292916e-06,2.6542338129301503e-12,13563236149213.879
45.03864132239823,3.458496481132377,345.84964811323766,2.938155121863251e-16,1.6795683655693555e-10,1.3582447425515622e-13,3.071947683598906e-13,2.0372103505292916e-06,2.6542338129301503e-12,13563236149213.879
45.03864132239823,3.458496481132377,345.84964811323766,2.938155121863251e-16,1.6795683655693555e-10,1.3582447425515622e-13,3.071947683598906e-13,2.0372103505292916e-06,2.6542338129301503e-12,13563236149213.879
45.03864132239823,3.458496481132377,345.84964811323766,2.938155121863251e-16,1.6795683655693555e-10,1.3582447425515622e-13,3.071947683598906e-13,2.0372103505292916e-06,2.6542338129301503e-12,13563236149213.879
45.03864132239823,3.458496481132377,345.84964811323766,2.938155121863251e-16,1.6795683655693555e-10,1.3582447425515622e-13,3.071947683598906e-13,2.0372103505292916e-06,2.6542338129301503e-12,13563236149213.879
45.03864132239823,3.458496481132377,345.84964811323766,2.938155121863251e-16,1.6795683655693555e-10,1.3582447425515622e-13,3.071947683598906e-13,2.0372103505292916e-06,2.6542338129301503e-12,13563236149213.879
45.03864132239823,3.458496481132377,345.84964811323766,2.938155121863251e-16,1.6795683655693555e-10,1.3582447425515622e-13,3.071947683598906e-13,2.0372103505292916e-06,2.6542338129301503e-12,13563236149213.879
45.03864132239823,3.458496481132377,345.84964811323766,2.938155121863251e-16,1.6795683655693555e-10,1.3582447425515622e-13,3.071947683598906e-13,2.0372103505292916e-06,2.6542338129301503e-12,13563236149213.879
45.03864132239823,3.458496481132377,345.84964811323766,2.938155121863251e-16,1.6795683655693555e-10,1.3582447425515622e-13,3.071947683598906e-13,2.0372103505292916e-06,2.6542338129301503e-12,13563236149213.879
45.03864132239823,3.458496481132377,345.84964811323766,2.938155121863251e-16,1.6795683655693555e-10,1.3582447425515622e-13,3.071947683598906e-13,2.0372103505292916e-06,2.6542338129301503e-12,13563236149213.879
45.03864132239823,3.458496481132377,345.84964811323766,2.938155121863251e-16,1.6795683655693555e-10,1.3582447425515622e-13,3.071947683598906e-13,2.0372103505292916e-06,2.6542338129301503e-12,13563236149213.879
45.03864132239823,3.458496481132377,345.84964811323766,2.938155121863251e-16,1.6795683655693555e-10,1.3582447425515622e-13,3.071947683598906e-13,2.0372103505292916e-06,2.6542338129301503e-12,13563236149213.879
45.03864132239823,3.458496481132377,345.84964811323766,2.938155121863251e-16,1.6795683655693555e-10,1.3582447425515622e-13,3.071947683598906e-13,2.0372103505292916e-06,2.6542338129301503e-12,13563236149213.879
45.03864132239823,3.458496481132377,345.84964811323766,2.938155121863251e-16,1.6795683655693555e-10,1.3582447425515622e-13,3.071947683598906e-13,2.0372103505292916e-06,2.6542338129301503e-12,13563236149213.879
45.03864132239823,3.458496481132377,345.84964811323766,2.938155121863251e-16,1.6795683655693555e-10,1.3582447425515622e-13,3.071947683598906e-13,2.0372103505292916e-06,2.6542338129301503e-12,13563236149213.879
41.501954506388216,3.7532204056683924,375.3220405668392,2.7074346965177757e-16,1.6368712129790475e-10,1.1931458769472856e-13,2.8885919138740176e-13,2.0372103505292916e-06,2.445808481766137e-12,14719059267471.393
30.93263247252127,5.035652321763137,503.5652321763136,2.0179310446173215e-16,1.295003628299035e-10,7.576102348598222e-14,2.1393946439263315e-13,2.0372103505292916e-06,1.822933299514891e-12,19748391238220.36
27.082069872337517,5.751627673319085,575.1627673319084,1.766734518842939e-16,9.801577333295203e-11,6.214560028233476e-14,1.8698212884031872e-13,2.0372103505292916e-06,1.5960105249344488e-12,22556242228714.996
24.712993713358536,6.3029993183018815,630.299931830188,1.612184713471111e-16,6.884826138188288e-11,5.4361353189401525e-14,1.6747385602335508e-13,2.0372103505292916e-06,1.456395255424941e-12,24718564459684.45
23.12291603405349,6.736433341672758,673.6433341672757,1.508453900541655e-16,4.4826440261013406e-11,4.941685587265852e-14,1.568253362784886e-13,2.0372103505292916e-06,1.3626882114804762e-12,26418368997914.97
22.04826738374193,7.064772021195511,706.477202119551,1.4383477795884439e-16,2.7581703148625044e-11,4.6200612858148494e-14,1.518485142024238e-13,2.0372103505292916e-06,1.2993566210743911e-12,27706019591629.047
21.36045108459102,7.292260913013388,729.2260913013388,1.3934771768589993e-16,1.7006178826610222e-11,4.419350673223771e-14,1.465014155706958e-13,2.0372103505292916e-06,1.2588219773842645e-12,28598166100345.05
20.988245012781046,7.421582053842137,742.1582053842135,1.369195823244249e-16,1.1784502574078841e-11,4.3123046194425414e-14,1.428985999818369e-13,2.0372103505292916e-06,1.2368869919546611e-12,29105326706612.824
20.88966858925478,7.4566038165210715,745.660381652107,1.3627650603443336e-16,1.0492996107876192e-11,4.2842321189216646e-14,1.418893930808019e-13,2.0372103505292916e-06,1.23107764982535e-12,29242672064680.27
21.039608597524854,7.403463890807465,740.3463890807463,1.372546594385678e-16,1.247437921748365e-11,4.326838393167439e-14,1.4342412988714673e-13,2.0372103505292916e-06,1.239913969664855e-12,29034272442087.81
21.423658248388204,7.27074623402455,727.0746234024549,1.3976005794883056e-16,1.7937309558374087e-11,4.4376248397123544e-14,1.4703469386058917e-13,2.0372103505292916e-06,1.262546925261111e-12,28513791669608.434
22.034779925450874,7.0690963583703805,706.909635837038,1.4374679074720735e-16,2.7367484622978263e-11,4.6160931997416365e-14,1.5175753817090469e-13,2.0372103505292916e-06,1.2985617732105237e-12,27722978407869.445
22.87139127017328,6.810516277233773,681.0516277233771,1.4920453510923057e-16,4.080343741882462e-11,4.8653778937072005e-14,1.5586881488010585e-13,2.0372103505292916e-06,1.347865261376337e-12,26708901128024.883
23.936228957316654,6.507540632497339,650.7540632497338,1.5615114409336396e-16,5.748655229326128e-11,5.191743797359398e-14,1.6095820500080748e-13,2.0372103505292916e-06,1.4106186684843954e-12,25520717118170.082
25.23566656653641,6.172453662668455,617.2453662668454,1.6462819658644627e-16,7.601004521955201e-11,5.603761513295996e-14,1.7271661832859857e-13,2.0372103505292916e-06,1.4871976046804339e-12,24206601655827.45
26.779313445526835,5.81665332254873,581.6653322548729,1.7469838043455099e-16,9.475410394684871e-11,6.112528859972483e-14,1.856547540596235e-13,2.0372103505292916e-06,1.5781683715850497e-12,22811254266769.414
28.579797085776836,5.450213031988839,545.0213031988837,1.8644407274254848e-16,1.1231375355149868e-10,6.7294869905742e-14,1.9282032082486838e-13,2.0372103505292916e-06,1.684275137181518e-12,21374180028711.19
30.652671889797972,5.08164453293028,508.1644532930279,1.9996674470509534e-16,1.2774356065573314e-10,7.473141154873627e-14,2.1093681194791362e-13,2.0372103505292916e-06,1.8064345592524429e-12,19928759564308.76
33.01641987400159,4.717833827015076,471.7833827015075,2.1538696619194542e-16,1.4059842735964912e-10,8.364826882286574e-14,2.298077903054984e-13,2.0372103505292916e-06,1.9457358268019735e-12,18501997806747.426
35.69252216232466,4.364106907886626,436.4106907886625,2.3284487214604034e-16,1.5084028468622604e-10,9.429093792505169e-14,2.409851940861383e-13,2.0372103505292916e-06,2.103444873344513e-12,17114781783065.887
38.70558826619202,4.024379669861617,402.4379669861617,2.5250100595838024e-16,1.5869552813412965e-10,1.0696863476395715e-13,2.7238418254100774e-13,2.0372103505292916e-06,2.2810119956791123e-12,15782468513183.74
42.0835353193283,3.701352116606912,370.13521166069114,2.745374887299408e-16,1.6452208525180523e-10,1.219680911334308e-13,2.906847187473212e-13,2.0372103505292916e-06,2.480082416621479e-12,14515646640905.354
45.857812850763096,3.3967163465779096,339.6716346577909,2.991594856079942e-16,1.6871215073996503e-10,1.397920998117898e-13,3.1582637899237986e-13,2.0372103505292916e-06,2.702509531409571e-12,13320952093450.406
50.06367102526384,3.1113575840232075,311.1357584023207,3.265969556879236e-16,1.716335271349058e-10,1.6096394933896497e-13,3.5875576232773687e-13,2.0372103505292916e-06,2.9503707157476715e-12,12201856467680.205
54.7404719634318,2.845535979897171,284.55359798971705,3.5710668295089835e-16,1.7360157457294424e-10,1.8601526043239334e-13,3.760357360121867e-13,2.0372103505292916e-06,3.2259856726370483e-12,11159380001391.072
59.93204502055483,2.5990433410886387,259.9043341088638,3.9097459397228935e-16,1.7487127184545554e-10,2.1550545000448977e-13,4.328139034323204e-13,2.0372103505292916e-06,3.531937369800264e-12,10192706220619.04
65.68708790841475,2.371333354672027,237.1333354672027,4.285183746926442e-16,1.756404706964424e-10,2.503558878574798e-13,4.723856451902551e-13,2.0372103505292916e-06,3.871095678739403e-12,9299692641986.871
72.05961638702567,2.161626585574541,216.16265855745405,4.700904040410044e-16,1.760581631959219e-10,2.9155747399863226e-13,5.125140706905816e-13,2.0372103505292916e-06,4.2466438761353534e-12,8477282543588.683
79.10946599966309,1.9689929714499768,196.89929714499763,5.160810270694909e-16,1.7623406593098747e-10,3.4023384235528307e-13,5.993505519557462e-13,2.0372103505292916e-06,4.662108212281503e-12,7721828486341.081
86.90285001968286,1.792415122095739,179.24151220957387,5.669221947929069e-16,1.7624761424538508e-10,3.971563704624479e-13,6.413292685447866e-13,2.0372103505292916e-06,5.121390792211348e-12,7029340556231.149
95.51297845353461,1.6308357780327722,163.0835778032772,6.230915023364741e-16,1.7615557691632284e-10,4.642487682291981e-13,7.293898515621426e-13,2.0372103505292916e-06,5.628806055012258e-12,6395672483322.327
105.0207436246977,1.4831925308503155,148.31925308503153,6.851166614329882e-16,1.7599811938219401e-10,5.429830315727464e-13,8.437958110304984e-13,2.0372103505292916e-06,6.189121176910721e-12,5816657805037.399
115.51547856630418,1.3484425157715132,134.8442515771513,7.535804478970433e-16,1.7580344049301908e-10,6.354353739217542e-13,9.126647389159916e-13,2.0372103505292916e-06,6.8076007651459596e-12,5288206703353.606
127.09579519084929,1.225579353704004,122.55793537040039,8.291261695355964e-16,1.755912197506161e-10,7.430664153860091e-13,1.0658122806132147e-12,2.0372103505292916e-06,7.490056253296287e-12,4806372446689.8125
139.87050999642412,1.1136442022873856,111.36442022873855,9.124637051145745e-16,1.7537512831922676e-10,8.690421335484802e-13,1.229462442182883e-12,2.0372103505292916e-06,8.24290045534005e-12,4367394728960.7144
153.95966592190626,1.0117324014427747,101.17324014427744,1.0043761705658772e-15,1.7516463049877093e-10,1.016394213576901e-12,1.3648864846369793e-12,2.0372103505292916e-06,9.073207786002407e-12,3967725731525.5815
169.4956598895056,0.9189968795073664,91.89968795073662,1.1057272746597694e-15,1.749662614105707e-10,1.1881850840773847e-12,1.6007125720492355e-12,2.0372103505292916e-06,9.988780709508292e-12,3604043481075.894
186.6244865827951,0.834649221978664,83.46492219786639,1.2174694329547806e-15,1.7478452528850843e-10,1.3876955335502975e-12,1.8742529395240206e-12,2.0372103505292916e-06,1.0998223038367795e-11,3273256040945.1953
205.5071101129436,0.7579590917457353,75.79590917457351,1.3406527160431416e-15,1.7462252280310294e-10,1.6187384166133377e-12,2.123408837954237e-12,2.0372103505292916e-06,1.2111020768916251e-11,2972499237421.5415
226.32097643677693,0.6882525207380014,68.82525207380013,1.4764347160093244e-15,1.7448238690126053e-10,1.887145326295881e-12,2.4894918330712867e-12,2.0372103505292916e-06,1.333763121169292e-11,2699129960081.6143
249.26168071974985,0.6249094609276445,62.490946092764446,1.6260914236921263e-15,1.743655844205691e-10,2.198323836192404e-12,2.95175272974881e-12,2.0372103505292916e-06,1.4689581253090304e-11,2450716557521.103
274.54480529802413,0.567360880710929,56.7360880710929,1.7910292188725067e-15,1.742731241974902e-10,2.558741428736e-12,3.444613530018962e-12,2.0372103505292916e-06,1.6179575670812845e-11,2225027450190.9355
302.4079455007822,0.5150856147994122,51.508561479941214,1.9727980859924264e-15,1.7420570034568587e-10,2.973595658426843e-12,4.01371658153097e-12,2.0372103505292916e-06,1.782161652038428e-11,2020018776569.644
333.1129423620774,0.46760711674536976,46.760711674536964,2.173106179544849e-15,1.7416379074960624e-10,3.4512771030051126e-12,4.756019668889946e-12,2.0372103505292916e-06,1.963113471414546e-11,1833821657494.9055
366.9483431978494,0.42449021889850147,42.44902188985014,2.393835875972171e-15,1.7414772470525703e-10,4.0022245044146e-12,5.675808227352904e-12,2.0372103505292916e-06,2.1625135028886065e-11,1664729489638.447
404.2321131666152,0.3853379715636159,38.53379715636158,2.637061462889737e-15,1.7415772934874446e-10,4.634727524743957e-12,6.694127897157438e-12,2.0372103505292916e-06,2.382235590453877e-11,1511185549584.585
445.31462329209205,0.3497886087300732,34.978860873007314,2.9050686318452083e-15,1.741939615213138e-10,5.362611019383624e-12,7.84282745417551e-12,2.0372103505292916e-06,2.6243445535429958e-11,1371771094287.075
490.58194302492313,0.31751266988761573,31.751266988761568,3.200375957778896e-15,1.7425652964461925e-10,6.194803661356585e-12,9.320160485563361e-12,2.0372103505292916e-06,2.8911155908741075e-11,1245194073652.2288
540.4594682831897,0.28821029451718166,28.821029451718164,3.5257585670241707e-15,1.7434550874670937e-10,7.14603028207903e-12,1.1217049042630803e-11,2.0372103505292916e-06,3.1850556613529466e-11,1130278520304.0356
595.415919064502,0.2616086966119951,26.160869661199506,3.884274216256771e-15,1.7446095079228228e-10,8.23380564308391e-12,1.322724824685003e-11,2.0372103505292916e-06,3.5089270429477755e-11,1025954645376.6438
655.9677441958592,0.23745982010052744,23.745982010052742,4.27929202746101e-15,1.746028917927622e-10,9.478191335127049e-12,1.5486479573072104e-11,2.0372103505292916e-06,3.8657732909236323e-11,931249643752.3547
722.6839746137712,0.21553817159394548,21.553817159394544,4.7145241489422424e-15,1.7477135670677443e-10,1.0898045614676569e-11,1.8413680232049277e-11,2.0372103505292916e-06,4.258947839371648e-11,845279194715.6443
796.1915707823578,0.19563882392705814,19.56388239270581,5.194060639913564e-15,1.749663628231053e-10,1.2516447143996494e-11,2.2148230046426606e-11,2.0372103505292916e-06,4.6921455148105136e-11,767239632410.5438
877.1813145009392,0.17757558209857507,17.757558209857503,5.72240790647909e-15,1.751879221002433e-10,1.4345541399613236e-11,2.6128560784878212e-11,2.0372103505292916e-06,5.169437258004154e-11,696400753181.7706
966.4143004685559,0.16117930214088927,16.117930214088926,6.304531050210603e-15,1.7543604278746012e-10,1.642647478688166e-11,3.048438917476967e-11,2.0372103505292916e-06,5.695308380289063e-11,632099222661.8085
1064.7290886091607,0.1462963529360997,14.629635293609965,6.945900527283534e-15,1.7571073055035503e-10,1.8792775164688622e-11,3.606366897655422e-11,2.0372103505292916e-06,6.274700713920771e-11,573732543452.3436
1173.0495843706879,0.13278721087656506,13.278721087656505,7.65254355664646e-15,1.7601198925396999e-10,2.1476343319501525e-11,4.284166779317042e-11,2.0372103505292916e-06,6.913059052542814e-11,520753543784.0389
1292.39372105237,0.12052517742167647,12.052517742167645,8.431100760327577e-15,1.763398215087746e-10,2.451960891901482e-11,5.076059791847008e-11,2.0372103505292916e-06,7.616382318198135e-11,472665348140.202
1423.8830257516638,0.10939520993746597,10.939520993746594,9.288888568150144e-15,1.7669422905206685e-10,2.79670431712282e-11,5.91710726483586e-11,2.0372103505292916e-06,8.391279935720132e-11,429016792143.40875
1568.753158825964,0.0992928566563467,9.929285665634668,1.0233967973299928e-14,1.770752130148614e-10,3.182977076841777e-11,6.91528259273394e-11,2.0372103505292916e-06,9.24503394427694e-11,389398245771.5637
1728.3655259127606,0.09012328711326069,9.012328711326067,1.1275220284869032e-14,1.7748277410890528e-10,3.620212471501059e-11,8.116224399452027e-11,2.0372103505292916e-06,1.0185667429756683e-10,353437811005.1839
1904.2200716313093,0.08180040996787506,8.180040996787506,1.2422430589254777e-14,1.7791691275783787e-10,4.1139019177808756e-11,9.54912350867766e-11,2.0372103505292916e-06,1.1222019921081769e-10,320797862177.8254
2097.9693751935224,0.07424607068638896,7.424607068638894,1.3686379704734983e-14,1.783776291891938e-10,4.670761012673387e-11,1.1200269438331974e-10,2.0372103505292916e-06,1.2363830458982584e-10,291171899513.10956
2311.4341803864577,0.06738932211448669,6.738932211448668,1.5078945493355375e-14,1.7886492349888937e-10,5.2986119707836226e-11,1.3009130820706028e-10,2.0372103505292916e-06,1.3621829117862792e-10,264281688520.0235
2546.620505868223,0.06116576151396064,6.116576151396063,1.6613214482199843e-14,1.7937879569633133e-10,6.005451095940839e-11,1.5125782361320167e-10,2.0372103505292916e-06,1.5007837840825879e-10,239874660039.76312
2805.7384965698543,0.05551692815240219,5.5516928152402185,1.8303604842994976e-14,1.7991924573585528e-10,6.796944079612934e-11,1.7493151531699824e-10,2.0372103505292916e-06,1.653488153545163e-10,217721547764.42862
3091.223193357808,0.050389756023827705,5.03897560238277,2.0166001885740488e-14,1.804862735385091e-10,7.684798060564564e-11,2.0363263400621916e-10,2.0372103505292916e-06,1.8217310474336748e-10,197614241963.5118
3405.757416138226,0.04573607673594085,4.5736076735940845,2.2217907339655612e-14,1.8107987900701263e-10,8.681830774495855e-11,2.3797636109756156e-10,2.0372103505292916e-06,2.007093515064844e-10,179363839949.6146
3752.2969754452433,0.04151216802609674,4.151216802609673,2.4478603824298e-14,1.817000620358977e-10,9.801946763907732e-11,2.746322568010113e-10,2.0372103505292916e-06,2.211317485598603e-10,162798875486.91278
4134.098449437151,0.03767834376312561,3.7678343763125604,2.6969336056458788e-14,1.8234682251824883e-10,1.1057238440693343e-10,3.1571684753966056e-10,2.0372103505292916e-06,2.4363221376798645e-10,147763710895.32187
4554.749787332596,0.03419858165682444,3.419858165682444,2.9713510495711875e-14,1.8302016035005497e-10,1.2466654551847488e-10,3.645236664240634e-10,2.0372103505292916e-06,2.684221934768357e-10,134117077033.37401
5018.2040268801775,0.03104018523243213,3.1040185232432123,3.273691530477031e-14,1.8372007543289064e-10,1.4044010458085304e-10,4.165459733117589e-10,2.0372103505292916e-06,2.957346495642105e-10,121730747658.58171
5528.816442718672,0.02817347693531006,2.817347693531006,3.60679626917099e-14,1.844465676754383e-10,1.5802698125883896e-10,4.816889727836381e-10,2.0372103505292916e-06,3.2582624868060044e-10,110488335871.58269
6091.385474726706,0.025571519513052338,2.5571519513052334,3.973795591145217e-14,1.8519963699421698e-10,1.7767052403758715e-10,5.586108828692657e-10,2.0372103505292916e-06,3.589797742537737e-10,100284201456.29294
6711.197820982812,0.02320986308010313,2.320986308010313,4.378138343563195e-14,1.8597928331377643e-10,1.9963782078294654e-10,6.348095837023415e-10,2.0372103505292916e-06,3.9550678392372094e-10,91022458939.5238
7394.078119093414,0.02106631550541367,2.106631550541367,4.8236243055287846e-14,1.8678550656654157e-10,2.2417489657471805e-10,7.242557416078219e-10,2.0372103505292916e-06,4.3575053738099036e-10,82616077116.90341
8146.44368276491,0.019120733978440815,1.9120733978440811,5.314439896210378e-14,1.8761830669243432e-10,2.5157568463532536e-10,8.358231395094006e-10,2.0372103505292916e-06,4.80089222122531e-10,74986061634.20993
8975.364808002889,0.01735483580451334,1.7354835804513338,5.855197516384727e-14,1.884776836383686e-10,2.821847781559025e-10,9.442428161947332e-10,2.0372103505292916e-06,5.289395074388553e-10,68060712980.79687
9888.63121566075,0.01575202665883717,1.5752026658837168,6.450978893109152e-14,1.893636373576766e-10,3.163573114497676e-10,1.0711113067146817e-09,2.0372103505292916e-06,5.827604600308077e-10,61774952950.81766
10894.82525472662,0.014297244690631445,1.4297244690631443,7.107382834850493e-14,1.9027616780951307e-10,3.5449401269846086e-10,1.2383051113250697e-09,2.0372103505292916e-06,6.420578580526534e-10,56069713264.13973
12003.402554270655,0.01297681901646113,1.2976819016461127,7.83057784584582e-14,1.9121527495826357e-10,3.9677693666915545e-10,1.4060866355432968e-09,2.0372103505292916e-06,7.073889441223674e-10,50891380617.5808
13224.780881973062,0.011778341276022574,1.1778341276022573,8.627360094134236e-14,1.921809587729781e-10,4.4387537509162095e-10,1.576564702649087e-09,2.0372103505292916e-06,7.793676619651638e-10,46191292963.35769
14570.438044273418,0.010690549045621715,1.0690549045621713,9.505217278009478e-14,1.9317321922683776e-10,4.963308100837684e-10,1.8064722095819228e-09,2.0372103505292916e-06,8.586704259011841e-10,41925282290.02135
16053.019748151042,0.00970322001543905,0.9703220015439048,1.0472398991073828e-13,1.9419205629666414e-10,5.547448055450065e-10,2.0597029289201577e-09,2.0372103505292916e-06,9.460424773956997e-10,38053259615.8918
17686.458438158228,0.008807075937398249,0.8807075937398247,1.1537994247142853e-13,1.952374699624713e-10,6.198695458350828e-10,2.292973319251404e-09,2.0372103505292916e-06,1.0423048884069592e-09,34538838300.011986
19486.104225468294,0.007993695441950461,0.799369544195046,1.271201689353541e-13,1.9630946020706196e-10,6.921924988309564e-10,2.588115666465867e-09,2.0372103505292916e-06,1.148362277345115e-09,31348992134.457752
21468.869139333838,0.007255434905190858,0.7255434905190857,1.4005499715413436e-13,1.9740802701566664e-10,7.727764000774424e-10,2.970083032682727e-09,2.0372103505292916e-06,1.2652113101523332e-09,28453745007.753326
23653.38605654715,0.006585356623196119,0.6585356623196119,1.5430598115509988e-13,1.9853317037562286e-10,8.62358024665763e-10,3.3427936403127693e-09,2.0372103505292916e-06,1.3939500663923446e-09,25825889225.1219
26060.183802428797,0.00597716361900641,0.5977163619006409,1.7000704343566724e-13,1.9968489027609148e-10,9.61881528918191e-10,3.7092609462242708e-09,2.0372103505292916e-06,1.5357883583664457e-09,23440729840.07491
28711.880068843904,0.005425140469903388,0.5425140469903387,1.873057334894425e-13,2.008631867078076e-10,1.0720196310516429e-09,4.221704194483973e-09,2.0372103505292916e-06,1.6920591002291542e-09,21275852595.88424
31633.393962176084,0.00492409959913711,0.49240995991371095,2.0636461439094018e-13,2.0206805966286292e-10,1.1944254208353669e-09,4.8129020930187925e-09,2.0372103505292916e-06,1.8642308339437573e-09,19310913297.06335
34852.180178663046,0.004469332527549007,0.4469332527549007,2.2736279046924647e-13,2.0329950913451519e-10,1.3304315805971085e-09,5.33320238511763e-09,2.0372103505292916e-06,2.053921529789515e-09,17527446632.145325
38398.48700773752,0.0040565656271068645,0.40565656271068634,2.504975904268154e-13,2.045575351170228e-10,1.4814565711398375e-09,5.893591757378085e-09,2.0372103505292916e-06,2.262913791109652e-09,15908692651.674942
42305.640587940616,0.0036819199606422984,0.36819199606422975,2.7598642172038066e-13,2.0584213760550212e-10,1.6492731689592549e-09,6.71303677747315e-09,2.0372103505292916e-06,2.4931716061856315e-09,14439439271.120747
46610.35808667747,0.0033418748304579055,0.3341874830457905,3.040688136303651e-13,2.0715331659580277e-10,1.835415250197359e-09,7.632503930277504e-09,2.0372103505292916e-06,2.7468588046619616e-09,13105879318.915445
51353.09274690114,0.0030332346933067064,0.3033234693306706,3.350086682183954e-13,2.0849107208440134e-10,2.042253663688448e-09,8.407347702476212e-09,2.0372103505292916e-06,3.026359391964561e-09,11895480786.447706
56578.414043269615,0.0027530991308694513,0.2753099130869451,3.690967403260924e-13,2.0985540406830898e-10,2.2718398186522208e-09,9.276436279141115e-09,2.0372103505292916e-06,3.3342999528035462e-09,10796869060.844536
62335.42652026719,0.0024988355935585548,0.24988355935585543,4.0665336992075356e-13,2.112463125449929e-10,2.5266378019003916e-09,1.0588362943752006e-08,2.0372103505292916e-06,3.673574334295792e-09,9799720033.949183
68678.23124828521,0.002268054661532751,0.22680546615327507,4.480314924649091e-13,2.126637975123079e-10,2.8077543083171092e-09,1.20345420124037e-08,2.0372103505292916e-06,4.047370840664785e-09,8894663083.081104
75666.43423416169,0.0020585875904559634,0.2058587590455963,4.936199555994797e-13,2.141078589684388e-10,3.119214887082583e-09,1.322791537577912e-08,2.0372103505292916e-06,4.459202195077968e-09,8073193011.910632
83365.70656392607,0.001868465931000703,0.18684659310007026,5.43847173308792e-13,2.155784969118508e-10,3.464638213791994e-09,1.4395426688405085e-08,2.0372103505292916e-06,4.912938550185448e-09,7327590123.967888
91848.40154164682,0.0016959030305809793,0.1695903030580979,5.991851519071809e-13,2.1707571134124643e-10,3.847692197821195e-09,1.6249749897805845e-08,2.0372103505292916e-06,5.412843857574065e-09,6650847677.718626
101194.23462389657,0.0015392772434855105,0.15392772434855104,6.601539256810807e-13,2.185995022555305e-10,4.272315476912563e-09,1.8608476505376196e-08,2.0372103505292916e-06,5.963615937915935e-09,6036606041.498488
111491.03253946398,0.0013971166916349237,0.13971166916349234,7.273264438701891e-13,2.2014986965377828e-10,4.742861985521285e-09,2.0527011836681635e-08,2.0372103505292916e-06,6.570430628367444e-09,5479092929.552005
122835.55863410581,0.0012680854327571597,0.12680854327571595,8.013339549127276e-13,2.2172681353520993e-10,5.264215945520938e-09,2.220668272054533e-08,2.0372103505292916e-06,7.238990422090445e-09,4973069157.564112
135334.4221964513,0.001150970906000454,0.11509709060004539,8.828719385528168e-13,2.2333033389916779e-10,5.8422920641006765e-09,2.4672491420236536e-08,2.0372103505292916e-06,7.975578056981638e-09,4513779407.937263
149105.08031037904,0.0010446725370071436,0.10446725370071433,9.727066415564863e-13,2.2496043074509792e-10,6.482750397990072e-09,2.8372615452678817e-08,2.0372103505292916e-06,8.787115557206158e-09,4096907542.143
164276.94164869183,0.0009481913953670073,0.09481913953670071,1.071682278455182e-12,2.2661710407253366e-10,7.191976683712574e-09,3.195181685991134e-08,2.0372103505292916e-06,9.68122928237333e-09,3718536040.205702
180992.5825809061,0.0008606208072580436,0.08606208072580435,1.1807289649851948e-12,2.2830035388108223e-10,7.975723661074034e-09,3.476036054917717e-08,2.0372103505292916e-06,1.0666321595649175e-08,3375109186.158845
199409.08702343307,0.0007811378350586053,0.07811378350586051,1.300871458776894e-12,2.30010180170413e-10,8.840796888505484e-09,3.751796697807287e-08,2.0372103505292916e-06,1.1751649824301224e-08,3063399653.5155125
219699.5226232841,0.000708995543861911,0.07089955438619108,1.4332387894336714e-12,2.317465829402481e-10,9.798108887281444e-09,4.202490629199511e-08,2.0372103505292916e-06,1.2947413254700783e-08,2780478176.7454267
242054.5671476252,0.0006435159822185812,0.06435159822185811,1.5790748684985367e-12,2.3350956219035385e-10,1.085833203654037e-08,4.803808981814742e-08,2.0372103505292916e-06,1.4264848979311704e-08,2523686023.750463
266684.300363045,0.0005840838111446711,0.0584083811144671,1.7397501790146706e-12,2.352991179205337e-10,1.2031444243207005e-08,5.3491900844511636e-08,2.0372103505292916e-06,1.5716337496379947e-08,2290610010.6524267
293820.17824358057,0.0005301405215245823,0.05301405215245822,1.9167746545316552e-12,2.371152501306228e-10,1.3328548920375427e-08,5.75567460900347e-08,2.0372103505292916e-06,1.7315519054688675e-08,2079059824.0976186
323717.20805996825,0.00048117918556755273,0.04811791855675527,2.1118118685868513e-12,2.3895795882048266e-10,1.4764244398023549e-08,6.210929298307322e-08,2.0372103505292916e-06,1.9077421836719836e-08,1887047437.967112
356656.34479034046,0.0004367396929951272,0.04367396929951272,2.3266946680063955e-12,2.408272439899968e-10,1.635338969694909e-08,7.008294250975984e-08,2.0372103505292916e-06,2.1018603184812686e-08,1712768431.0635996
392947.1313724641,0.0003964044271921433,0.039640442719214325,2.56344239693863e-12,2.4272310563906784e-10,1.8110868824869434e-08,8.036814182319379e-08,2.0372103505292916e-06,2.3157305197482004e-08,1554585030.2095792
432930.6076090635,0.0003597943406883217,0.03597943406883217,2.8242798734813324e-12,2.4464554376761383e-10,2.0055158351604456e-08,8.947914622522665e-08,2.0372103505292916e-06,2.5513626158098858e-08,1411010719.4062037
476982.5150624534,0.000326565393090148,0.03265653930901479,3.111658297234217e-12,2.4659455837556614e-10,2.22061119865679e-08,9.6676422322335e-08,2.0372103505292916e-06,2.810970940692256e-08,1280696270.4187295
525516.8280562155,0.00029640531798885597,0.029640531798885594,3.428278284253717e-12,2.485701494628672e-10,2.4584099268071752e-08,1.0457240201568229e-07,2.0372103505292916e-06,3.09699514313931e-08,1162417063.512348
578989.64396623,0.00026903068846181763,0.02690306884618176,3.777115245879215e-12,2.5057231702946883e-10,2.7198693522360486e-08,1.1648172595862275e-07,2.0372103505292916e-06,3.412123113019624e-08,1055061579.1861365
637903.469359773,0.0002441842535906426,0.024418425359064258,4.161447349926306e-12,2.5260106107533056e-10,3.009004156597519e-08,1.3206339348093536e-07,2.0372103505292916e-06,3.7593162405592856e-08,957620952.7572006
702811.9422613197,0.0002216325209661571,0.022163252096615706,4.584886327010098e-12,2.546563816004186e-10,3.328513049930187e-08,1.4775716692787452e-07,2.0372103505292916e-06,4.141837245772796e-08,869179493.6351491
774325.0349221879,0.00020116356246204864,0.02011635624620486,5.051411411498644e-12,2.567382786047047e-10,3.681414759954112e-08,1.6025332994645895e-07,2.0372103505292916e-06,4.563280839616928e-08,788906080.192559
853114.7859866213,0.0001825850226571273,0.018258502265712725,5.565406736053805e-12,2.588467520881649e-10,4.071017986576368e-08,1.7174571145655604e-07,2.0372103505292916e-06,5.0276075050031854e-08,716046349.3654761
939921.6159219211,0.00016572231119050778,0.016572231119050776,6.1317025311720135e-12,2.609818020507796e-10,4.501436660958655e-08,1.8769374974677485e-07,2.0372103505292916e-06,5.539180715123461e-08,649915607.5863398
1035561.2850613391,0.00015041696206253123,0.01504169620625312,6.755620516894068e-12,2.6314342849253195e-10,4.977566511595247e-08,2.1195464618428934e-07,2.0372103505292916e-06,6.102807938844913e-08,589892396.4304498
1140932.559647438,0.0001365251444630795,0.013652514446307946,7.443023913249278e-12,2.6533163141340824e-10,5.5027833707403064e-08,2.39709114249646e-07,2.0372103505292916e-06,6.723785818519279e-08,535412652.50962394
1257025.6579169163,0.00012391631113292117,0.012391631113292115,8.2003725394029e-12,2.675464108133968e-10,6.082847351155577e-08,2.646321462188034e-07,2.0372103505292916e-06,7.407949944761318e-08,485964406.7311515
1384931.5555983365,0.00011247197155616939,0.011247197155616936,9.034783519296933e-12,2.697877666924878e-10,6.723695220734277e-08,2.8715122633326006e-07,2.0372103505292916e-06,8.161729695951052e-08,441082973.1087422
1525852.2382704313,0.00010208457845502774,0.010208457845502773,9.954098164260636e-12,2.720556990506733e-10,7.43109793119624e-08,3.127594203529977e-07,2.0372103505292916e-06,8.992208657809657e-08,400346581.91271293
1681111.9969267198,9.26565171227479e-05,0.00926565171227479,1.0966955661114932e-11,2.743502078879464e-10,8.212325338586428e-08,3.4666279750751196e-07,2.0372103505292916e-06,9.907191190837258e-08,363372416.1222898
1852169.8728955921,8.409918809713743e-05,0.008409918809713741,1.2082874258248642e-11,2.766712932043013e-10,9.07504375283562e-08,3.8670413998459747e-07,2.0372103505292916e-06,1.091527577117472e-07,329813013.9329098
2040633.3690660584,7.633217455411274e-05,0.007633217455411273,1.3312340712606654e-11,2.790189549997335e-10,1.0022894020573195e-07,4.299509002646653e-07,2.0372103505292916e-06,1.2025935794104663e-07,299353003.51135975
2248273.556269261,6.928248659694793e-05,0.0069282486596947915,1.466690883816051e-11,2.8139319327423904e-10,1.1068040660973947e-07,4.747068256092441e-07,2.0372103505292916e-06,1.3249608599535867e-07,271706139.3138895
2477041.716776834,6.288387533948468e-05,0.0062883875339484665,1.6159308081963385e-11,2.8379400802781436e-10,1.2220867801850203e-07,5.16907764413657e-07,2.0372103505292916e-06,1.459779355608131e-07,246612612.11632037
2729087.6813220624,5.7076210337455786e-05,0.005707621033745578,1.780356314812419e-11,2.862213992604569e-10,1.349150428270402e-07,5.608292796811573e-07,2.0372103505292916e-06,1.6083160125467234e-07,223836607.47737637
3006780.031964518,5.1804914517383514e-05,0.0051804914517383505,1.961512579385751e-11,2.886753669721643e-10,1.4893191356700314e-07,6.131980961032211e-07,2.0372103505292916e-06,1.771966692279976e-07,203164089.69109392
3312728.3606530237,4.7020451292840704e-05,0.00470204512928407,2.161102003615249e-11,2.911559111629346e-10,1.6440986391735633e-07,6.790789944866344e-07,2.0372103505292916e-06,1.9522692891548627e-07,184400790.40317437
3649807.792660058,4.2677859048290305e-05,0.00426778590482903,2.381000213362906e-11,2.936630318327663e-10,1.8145792454426668e-07,7.581289650267708e-07,2.0372103505292916e-06,2.150918182595488e-07,167370382.98946002
4021186.0053445506,3.873632861585345e-05,0.003873632861585344,2.6232736846997762e-11,2.9619672898165793e-10,2.0027022052659206e-07,8.363125803382202e-07,2.0372103505292916e-06,2.3697801598999704e-07,151912825.5404062
4430352.996149892,3.5158819774375266e-05,0.0035158819774375257,2.8901991634517796e-11,2.9875700260960846e-10,2.2100835746385034e-07,9.135952713528882e-07,2.0372103505292916e-06,2.6109119592267687e-07,137882856.8798679
4881153.879579472,3.1911713166870556e-05,0.003191171316687055,3.184285060738916e-11,3.01343852716617e-10,2.4388440668501765e-07,1.0031463260043356e-06,2.0372103505292916e-06,2.8765795976292007e-07,125148631.48466407
5377825.021356706,2.89644943652706e-05,0.0028964494365270595,3.508295025570764e-11,3.039572793026826e-10,2.690797904206886e-07,1.1112870098104302e-06,2.0372103505292916e-06,3.169279665771834e-07,113590480.47668178
5925033.849337638,2.628946711349348e-05,0.0026289467113493475,3.865273916019974e-11,3.065972823678048e-10,2.9688692396653004e-07,1.2344562520745371e-06,2.0372103505292916e-06,3.491762789444254e-07,103099787.0440384
6527922.715295823,2.3861493054063944e-05,0.002386149305406394,4.258576413035674e-11,3.092638619119829e-10,3.275419700773849e-07,1.3585945639041345e-06,2.0372103505292916e-06,3.847059478349815e-07,93577965.72316605
7192157.21976725,2.1657755492383184e-05,0.002165775549238318,4.691898545792919e-11,3.1195701793521656e-10,3.6130118063443194e-07,1.4807110712256897e-06,2.0372103505292916e-06,4.238508605081395e-07,84935535.94969915
7923979.454084281,1.9657544978642087e-05,0.0019657544978642083,5.1693124248351956e-11,3.146767504375055e-10,3.985261589631473e-07,1.6267401653524652e-06,2.0372103505292916e-06,4.669788781913099e-07,77091281.17193276
8730266.659936218,1.784206469240145e-05,0.0017842064692401448,5.6953045094118123e-11,3.174230594188491e-10,4.393801616958135e-07,1.8073960146715336e-06,2.0372103505292916e-06,5.144952930268723e-07,69971485.6246891
9618595.857705383,1.6194253800955222e-05,0.0016194253800955218,6.27481776862466e-11,3.2019594487924737e-10,4.842844170625683e-07,2.0032337218455942e-06,2.0372103505292916e-06,5.668466367731024e-07,63509241.59123149
10597315.050918149,1.4698627131501768e-05,0.0014698627131501764,6.913298132590229e-11,3.2299540681869996e-10,5.338514859593354e-07,2.1912093163497643e-06,2.0372103505292916e-06,6.245248770511266e-07,57643820.64327738
11675621.67594922,1.3341129650454682e-05,0.001334112965045468,7.616745670138067e-11,3.258214452372067e-10,5.884086195039758e-07,2.3684740306484316e-06,2.0372103505292916e-06,6.880720405718149e-07,52320102.950386696
12863649.034204032,1.2109004382373986e-05,0.0012109004382373984,8.391770973984016e-11,3.286740601347675e-10,6.484698130638127e-07,2.571862510738003e-06,2.0372103505292916e-06,7.580853067890138e-07,47488059.29570579
14172561.51901903,1.0990672527296185e-05,0.0010990672527296183,9.245657283253605e-11,3.315532515113822e-10,7.146786025349536e-07,2.8331680143324935e-06,2.0372103505292916e-06,8.352226198463384e-07,43102280.93035024
15614659.53216682,9.97562464987555e-06,0.0009975624649875548,1.0186428927146831e-10,3.3445901936705063e-10,7.875167829031901e-07,3.13995464887569e-06,2.0372103505292916e-06,9.202088715553284e-07,39121552.84827144
17203495.0759112,9.05432191779479e-06,0.0009054321917794788,1.1222926732938625e-10,3.373913637017729e-10,8.677235590869607e-07,3.4685995122943673e-06,2.0372103505292916e-06,1.0138427135090458e-06,35508466.471489616
18953999.106878612,8.218106461341363e-06,0.0008218106461341362,1.2364891106955248e-10,3.4035028451554864e-10,9.56164546557558e-07,3.8109078935211658e-06,2.0372103505292916e-06,1.117004062347373e-06,32229068.10593541
20882621.84854504,7.4591200117599335e-06,0.0007459120011759932,1.3623053569274265e-10,3.433357818083781e-10,1.0533487288764016e-06,4.18125474588813e-06,2.0372103505292916e-06,1.2306623687042158e-06,29252539.864288677
23007487.380912412,6.77023005379218e-06,0.0006770230053792178,1.5009237602337242e-10,3.4634785558026105e-10,1.160546249934892e-06,4.621267460984375e-06,2.0372103505292916e-06,1.355885727543296e-06,26550910.057315618
25348563.960120186,6.144962798427457e-06,0.0006144962798427456,1.6536469761192953e-10,3.493865058311974e-10,1.278347837349402e-06,5.123455378771236e-06,2.0372103505292916e-06,1.4938509154962892e-06,24098790.332126305
27927851.668556552,5.5774423459815044e-06,0.0005577442345981504,1.8219102089520416e-10,3.524517325611874e-10,1.4082375805902884e-06,5.62839815422858e-06,2.0372103505292916e-06,1.6458544495283495e-06,21873137.08713214
30769589.158896174,5.06233546779295e-06,0.0005062335467792948,2.0072946991826536e-10,3.555435357702307e-10,1.5511551837606653e-06,6.142100644648878e-06,2.0372103505292916e-06,1.8133247708539546e-06,19853034.92161882
33900481.4349258,4.594801487627854e-06,0.00045948014876278536,2.2115425829269566e-10,3.586619154583273e-10,1.708475441310897e-06,6.7117190596158e-06,2.0372103505292916e-06,1.997835668600485e-06,18019500.084918678
37349950.80971001,4.170446791806817e-06,0.0004170446791806816,2.4365732635525813e-10,3.6180687162547756e-10,1.8817164335996522e-06,7.446481185821942e-06,2.0372103505292916e-06,2.2011210693673604e-06,16355302.078111956
41150413.39945534,3.7852835405672796e-06,0.0003785283540567279,2.6845014491205763e-10,3.64978404271681e-10,2.0721952366668516e-06,8.34143517085777e-06,2.0372103505292916e-06,2.4250913316643625e-06,14844801.731773488
45337583.75140455,3.435692192654001e-06,0.00034356921926540006,2.9576570251875507e-10,3.681765133969376e-10,2.2814154447699064e-06,9.24592357940053e-06,2.0372103505292916e-06,2.671851198354996e-06,13473804.238111936
49950810.468476236,3.118387490965754e-06,0.00031183874909657534,3.258606949721349e-10,3.714011990012477e-10,2.510747215357515e-06,1.0051345328082928e-05,2.0372103505292916e-06,2.943719575811468e-06,12229425.756383814
55033445.98465368,2.830387589611117e-06,0.0002830387589611117,3.5901793758858606e-10,3.746524610846111e-10,2.7637221042049765e-06,1.0786424606907109e-05,2.0372103505292916e-06,3.2432513256542163e-06,11099972.338017382
60633253.96606315,2.568986032246939e-06,0.00025689860322469386,3.9554902293872665e-10,3.7793029964702797e-10,3.0417660067806925e-06,1.162940891411982e-05,2.0372103505292916e-06,3.5732612738624343e-06,10074830.03365344
66802858.16625559,2.3317263183685195e-06,0.0002331726318368519,4.3579724901398694e-10,3.81234714688498e-10,3.347764132561533e-06,1.2806207554119322e-05,2.0372103505292916e-06,3.936850662878992e-06,9144365.149394171
73600236.95377828,2.1163788185399486e-06,0.0002116378818539948,4.801408453423962e-10,3.845657062090214e-10,3.684111932412243e-06,1.4277815385446242e-05,2.0372103505292916e-06,4.337436295291585e-06,8299833.71492489
81089268.15931703,1.920919821627472e-06,0.0001920919821627472,5.289965273707183e-10,3.8792327420859805e-10,4.054373600639243e-06,1.580465284447381e-05,2.0372103505292916e-06,4.778782642965369e-06,7533299.31274317
89340329.36256847,1.743512517133834e-06,0.00017435125171338337,5.828234125149737e-10,3.913074186872281e-10,4.461903449587526e-06,1.7285531838961693e-05,2.0372103505292916e-06,5.265037223370192e-06,6837558.496301783
98430959.25999086,1.582489733916589e-06,0.00015824897339165888,6.421273346801206e-10,3.9471813964491136e-10,4.909080691145446e-06,1.876220072753112e-05,2.0372103505292916e-06,5.800769575548693e-06,6206073.096188236
108446586.32858483,1.4363382730788644e-06,0.00014363382730788642,7.074655977942592e-10,3.9815543708164797e-10,5.402380193779789e-06,2.040860555631813e-05,2.0372103505292916e-06,6.39101420199883e-06,5632908.778193729
119481331.63326325,1.3036846878021632e-06,0.00013036846878021631,7.794522130283062e-10,4.016193109974377e-10,5.943970849473482e-06,2.257927719985002e-05,2.0372103505292916e-06,7.041317880013736e-06,5112679.275875808
131638893.32213077,1.183282376488276e-06,0.00011832823764882757,8.587636689175187e-10,4.0510976139228076e-10,6.5398880203347356e-06,2.5256066316813233e-05,2.0372103505292916e-06,7.757791787083588e-06,4640495.773544548
145033521.12164643,1.07399986791915e-06,0.00010739998679191498,9.461452886091123e-10,4.086267882661771e-10,7.195326269809441e-06,2.8119791214503972e-05,2.0372103505292916e-06,8.547168930203757e-06,4211920.964002965
159791089.9894116,9.748101883454155e-07,9.748101883454152e-05,1.042418233977716e-09,4.1217039161912676e-10,7.916661867029598e-06,3.09129020471086e-05,2.0372103505292916e-06,9.416867418776675e-06,3822927.34930282
176050283.0141474,8.847812105816391e-07,8.84781210581639e-05,1.1484872224292686e-09,4.1574057145112983e-10,8.709857898984141e-06,3.357911359050972e-05,2.0372103505292916e-06,1.0375060175709377e-05,3469859.392650565
193963894.67907894,8.030668944146466e-07,8.030668944146465e-05,1.265349028911457e-09,4.193373277621861e-10,9.582311755184787e-06,3.6551825060282115e-05,2.0372103505292916e-06,1.1430751741811653e-05,3149399.165788757
213700266.73602933,7.28899336007407e-07,7.288993360074069e-05,1.394101853027599e-09,4.229606605522957e-10,1.0540957654425882e-05,4.0421264306591693e-05,2.0372103505292916e-06,1.2593862895257478e-05,2858535.1690271827
235444870.18374926,6.615815515833172e-07,6.615815515833171e-05,1.5359556392807623e-09,4.2661056982145864e-10,1.1596667141691185e-05,4.533177531666636e-05,2.0372103505292916e-06,1.3875323881315098e-05,2594534.0309121446
259402048.2169873,6.0048092757618e-07,6.0048092757618e-05,1.6922434474317212e-09,4.302870555696746e-10,1.275691774065887e-05,5.079038321522544e-05,2.0372103505292916e-06,1.5287177128464116e-05,2354914.821583995
285796936.52553666,5.450232756941377e-07,5.450232756941376e-05,1.8644339798228596e-09,4.3399011779694396e-10,1.4034341118031923e-05,5.593344173417903e-05,2.0372103505292916e-06,1.6842690416166816e-05,2137425.738434558
314877578.9891112,4.946874370305169e-07,4.946874370305167e-05,2.0541453833925176e-09,4.377197565032667e-10,1.542846417402704e-05,6.044264389638327e-05,2.0372103505292916e-06,1.85564815577785e-05,1940022.944969842
346917258.65012807,4.490003845141362e-07,4.490003845141361e-05,2.2631604560831292e-09,4.4147597168864264e-10,1.6963686345942703e-05,6.48356642416037e-05,2.0372103505292916e-06,2.0444655770294752e-05,1760851.3640179029
382217065.86953235,4.0753277767473465e-07,4.075327776747346e-05,2.493443400544197e-09,4.452587633530718e-10,1.8653101232623357e-05,7.006224259730545e-05,2.0372103505292916e-06,2.2524957021857232e-05,1598227.2447875119
421108727.79969686,3.698949279497922e-07,3.6989492794979215e-05,2.747158282571643e-09,4.490681314965542e-10,2.0508829884186897e-05,7.719877131764429e-05,2.0372103505292916e-06,2.4816934779293594e-05,1450622.3399530055
463957725.7641646,3.3573313661701e-07,3.3573313661700995e-05,3.0266893677453847e-09,4.5290407611909003e-10,2.254816468169118e-05,8.623058741289215e-05,2.0372103505292916e-06,2.7342127722689643e-05,1316649.544070621
511166729.8395283,3.047263709384949e-07,3.0472637093849487e-05,3.334663527376865e-09,4.5676659722067895e-10,2.479115381427781e-05,9.536921276472718e-05,2.0372103505292916e-06,3.0124266153434722e-05,1195049.8583646107
563179382.9157096,2.765832472809304e-07,2.765832472809304e-05,3.6739749243249766e-09,4.606556948013214e-10,2.7258079524436975e-05,0.00010396526608836614,2.0372103505292916e-06,3.318949499785704e-05,1084680.5593855656
620484469.7949897,2.510392928608885e-07,2.5103929286088842e-05,4.047812210663014e-09,4.6457136886101695e-10,2.996773091449959e-05,0.0001119330054221039,2.0372103505292916e-06,3.656661950210454e-05,984504.4603570225
683620510.5086261,2.2785446038271262e-07,2.278544603827126e-05,4.459688492784972e-09,4.685136193997659e-10,3.294886758500243e-05,0.00012065011389569954,2.0372103505292916e-06,4.0287375927173026e-05,893580.1642945607
753180821.0163321,2.0681087221300853e-07,2.068108722130085e-05,4.913474345545531e-09,4.724824464175681e-10,3.622166605993423e-05,0.00013197464054718586,2.0372103505292916e-06,4.43867297879134e-05,811053.2173019623
829819088.8461925,1.877107728927755e-07,1.8771077289277548e-05,5.413434185681849e-09,4.764778499144235e-10,3.982641872370679e-05,0.00014671256838372487,2.0372103505292916e-06,4.8903204438698456e-05,736148.0789081423
914255516.0716082,1.7037467074609077e-07,1.7037467074609075e-05,5.9642663463332235e-09,4.804998298903324e-10,4.378359928259107e-05,0.00016483487268028282,2.0372103505292916e-06,5.387924309360476e-05,668160.8339867909
1007283587.3534485,1.5463965112124913e-07,1.546396511212491e-05,6.571147229256013e-09,4.845483863452942e-10,4.8136145623256226e-05,0.00018441069273173456,2.0372103505292916e-06,5.936160768316759e-05,606452.5777695213
1109777526.6495228,1.403578454131823e-07,1.403578454131823e-05,7.239779949650579e-09,4.886235192793095e-10,5.292183288120143e-05,0.00020333674900884662,2.0372103505292916e-06,6.540181829593224e-05,550443.4117887372
1222700512.6652236,1.2739504147991338e-07,1.2739504147991337e-05,7.976447930736242e-09,4.92725228692378e-10,5.817903033666317e-05,0.0002212326644223799,2.0372103505292916e-06,7.205663733441989e-05,499606.99432755227
1347113730.2494135,1.1562942239454275e-07,1.1562942239454272e-05,8.78807395172521e-09,4.968535145844998e-10,6.396648942792273e-05,0.00023980285130809659,2.0372103505292916e-06,7.938860293532643e-05,453465.594165037
1484186342.7952623,1.0495042168029491e-07,1.049504216802949e-05,9.682285204093686e-09,5.010083769556749e-10,7.031801588076698e-05,0.00026167445785790517,2.0372103505292916e-06,8.746661666672497e-05,411585.6011347873
1635206479.3609757,9.525768427077753e-08,9.525768427077753e-06,1.0667484967511884e-08,5.051898158059032e-10,7.731238914010002e-05,0.0002888098478905958,2.0372103505292916e-06,9.636659102511446e-05,373573.4513076001
1801593339.760958,8.646012343116519e-08,8.646012343116517e-06,1.1752931579001544e-08,5.09397831135185e-10,8.49878410819543e-05,0.0003248724520493443,2.0372103505292916e-06,0.00010617216281711462,339071.92850550945
1984910531.384053,7.847506477779826e-08,7.847506477779825e-06,1.2948825437427343e-08,5.136324229435199e-10,9.343732162353831e-05,0.0003672710129597067,2.0372103505292916e-06,0.00011697547912975482,307756.8073909497
2186880763.070584,7.12274693521871e-08,7.122746935218709e-06,1.4266404860940224e-08,5.178935912309082e-10,0.00010271338906362454,0.0004106443130190281,2.0372103505292916e-06,0.00012887806327545215,279333.806584732
2409402034.1327124,6.464922844832204e-08,6.464922844832203e-06,1.5718051698185222e-08,5.221813359973497e-10,0.0001128843867127697,0.00044990559697674273,2.0372103505292916e-06,0.0001419917688493273,253535.82318001072
2654565470.6531796,5.8678523566484097e-08,5.8678523566484085e-06,1.731740768574691e-08,5.264956572428445e-10,0.00012405229240244542,0.00048469010004964725,2.0372103505292916e-06,0.00015643983086453662,230120.4226637965
2924674976.6776342,5.3259245478772565e-08,5.325924547877255e-06,1.9079502645292294e-08,5.308365549673925e-10,0.00013622888511782998,0.000519213251600611,2.0372103505292916e-06,0.00017235802384358255,208867.56065775352
3222268884.9710717,4.834046694706421e-08,4.83404669470642e-06,2.1020895725133775e-08,5.352040291709938e-10,0.00014958840465656057,0.0005599086402886018,2.0372103505292916e-06,0.00018989593774867318,189577.51506852094
3550143810.799645,4.387596413831256e-08,4.387596413831256e-06,2.3159831013518407e-08,5.395980798536484e-10,0.0001641887361809605,0.000617839627359729,2.0372103505292916e-06,0.00020921838374158492,172069.0092151043
3911380932.9019213,3.9823782239724747e-08,3.982378223972474e-06,2.551640898600736e-08,5.440187070153562e-10,0.0001801299670285959,0.0006905813104732489,2.0372103505292916e-06,0.00023050694298354884,156177.50829557137
4309374948.622941,3.614584119171911e-08,3.61458411917191e-06,2.811277539810891e-08,5.484659106561172e-10,0.0001975044633246203,0.0007704290666181074,2.0372103505292916e-06,0.00025396167302988446,141753.67318423584
4747865975.31451,3.280757783357169e-08,3.2807577833571682e-06,3.097332939826743e-08,5.529396907759317e-10,0.00021638038200425032,0.0008461162413817434,2.0372103505292916e-06,0.00027980298785508143,128661.95702901324
5230974697.7929125,2.977762109884021e-08,2.9777621098840205e-06,3.412495281693575e-08,5.574400473747996e-10,0.0002369224070839966,0.0009134449579964979,2.0372103505292916e-06,0.0002977762109884021,116779.33146057307
5763241092.1491995,2.7027497208243643e-08,2.7027497208243637e-06,3.759726278645491e-08,5.619669804527206e-10,0.0002591312525004414,0.000976722654106844,2.0372103505292916e-06,0.00027027497208243644,105994.13044294961
6349667089.816237,2.45313620895683e-08,2.4531362089568295e-06,4.142289006571811e-08,5.665204900096948e-10,0.0002831370732926273,0.0010464091463298218,2.0372103505292916e-06,0.000245313620895683,96205.00090078084
6995763582.824563,2.2265758510039087e-08,2.2265758510039084e-06,4.563778568515198e-08,5.711005760457224e-10,0.00030904158105251917,0.001139355717346352,2.0372103505292916e-06,0.00022265758510039085,87319.95026178242
7707602211.975292,2.0209395638825796e-08,2.0209395638825796e-06,5.0281558793687584e-08,5.757072385608032e-10,0.00033688203470111464,0.001261389602641052,2.0372103505292916e-06,0.00020209395638825798,79255.48196380997
8491872424.605372,1.8342948968140696e-08,1.8342948968140693e-06,5.539784888261148e-08,5.803404775549373e-10,0.00036678503342812697,0.0014117548819615818,2.0372103505292916e-06,0.00018342948968140695,71935.81080250596
9355944338.14098,1.6648878712701717e-08,1.6648878712701714e-06,6.103473588424106e-08,5.850002930281246e-10,0.0003988266990025796,0.0015748338370026168,2.0372103505292916e-06,0.00016648878712701717,65292.15074582294
10307938000.194365,1.51112649809846e-08,1.5111264980984598e-06,6.72451919992937e-08,5.896866849803654e-10,0.000432964506283777,0.001737501309725144,2.0372103505292916e-06,0.000151112649809846,59262.06852271629
11356799696.070377,1.3715658169298777e-08,1.3715658169298774e-06,7.408757949896215e-08,5.943996534116593e-10,0.00046947220802347954,0.001905416642926171,2.0372103505292916e-06,0.00013715658169298776,53788.896911407144
12512386020.776596,1.2448943172777029e-08,1.2448943172777027e-06,8.162619917975209e-08,5.991391983220063e-10,0.0005082294259500536,0.0020856160270186185,2.0372103505292916e-06,0.0001244894317277703,48821.202213637844
13785556505.5971,1.1299216137212503e-08,1.1299216137212502e-06,8.993189462514324e-08,6.039053197114069e-10,0.0005493855028492977,0.0022797388399395675,2.0372103505292916e-06,0.00011299216137212502,44312.30091055151
15188275669.680408,1.0255672593528529e-08,1.0255672593528526e-06,9.908271795257228e-08,6.086980175798607e-10,0.0005930852516907711,0.002514894042023825,2.0372103505292916e-06,0.0001025567259352853,40219.82095800896
16733725455.664097,9.308505923632997e-09,9.308505923632996e-07,1.0916466330204771e-07,6.135172919273677e-10,0.0006392029567580789,0.0027873926708892756,2.0372103505292916e-06,9.308505923632997e-05,36505.303598647246
18436429105.940273,8.448815203498885e-09,8.448815203498884e-07,1.2027247495929288e-07,6.18363142753928e-10,0.000687978217740963,0.0031009960526354285,2.0372103505292916e-06,8.448815203498885e-05,33133.841948742964
20312387643.679817,7.668521557433155e-09,7.668521557433153e-07,1.325105377076943e-07,6.232355700595416e-10,0.0007394251081955221,0.003433917280472712,2.0372103505292916e-06,7.668521557433155e-05,30073.752963527222
22379230241.18472,6.960292237480083e-09,6.960292237480082e-07,1.459938577760644e-07,6.281345738442084e-10,0.0007935594043679371,0.003805237920611407,2.0372103505292916e-06,6.960292237480083e-05,27296.27969827309
24656379888.643436,6.317471714501053e-09,6.317471714501052e-07,1.6084914360060065e-07,6.330601541079288e-10,0.0008507279122798724,0.004229943230197692,2.0372103505292916e-06,6.317471714501053e-05,24775.321067177105
27165235920.148323,5.7340191333647375e-09,5.734019133364736e-07,1.7721599655741423e-07,6.380123108507021e-10,0.000910719601476075,0.004702698855415543,2.0372103505292916e-06,5.7340191333647375e-05,22487.186560465332
29929375112.24878,5.204451544487788e-09,5.204451544487787e-07,1.9524822285544426e-07,6.429910440725289e-10,0.0009737223581301973,0.005191812223990675,2.0372103505292916e-06,5.2044515444877886e-05,20410.373614697604
32974773244.848213,4.723792378248833e-09,4.7237923782488323e-07,2.1511527891816773e-07,6.479963537734089e-10,0.0010403326675471718,0.005688390612184229,2.0372103505292916e-06,4.723792378248833e-05,18525.3655441245
36330049206.54543,4.287524678068254e-09,4.287524678068253e-07,2.3700386383696432e-07,6.53028239953342e-10,0.0011103046054544354,0.006172648239466022,2.0372103505292916e-06,4.287524678068254e-05,16814.448134173508
40026733938.381966,3.891548652665169e-09,3.8915486526651683e-07,2.6111967386109505e-07,6.580867026123284e-10,0.0011837769834672726,0.006699164582357773,2.0372103505292916e-06,3.891548652665169e-05,15261.543173515378
44099566743.37146,3.5321431485925083e-09,3.5321431485925077e-07,2.876893354119674e-07,6.631717417503682e-10,0.001261704732772919,0.007232887878048172,2.0372103505292916e-06,3.5321431485925084e-05,13852.0573603424
48586821746.35832,3.2059306809911374e-09,3.205930680991137e-07,3.1696253478704637e-07,6.682833573674616e-10,0.0013439759397444304,0.007904250554557207,2.0372103505292916e-06,3.205930680991137e-05,12572.745162966241
53530667572.08507,2.9098456939424696e-09,2.909845693942469e-07,3.4921436456712783e-07,6.734215494636077e-10,0.001431149354249239,0.008668489535912918,2.0372103505292916e-06,2.9098456939424698e-05,11411.584345979336
58977563621.51554,2.641105752148648e-09,2.6411057521486475e-07,3.8474790877715705e-07,6.785863180388075e-10,0.001524071464037051,0.009478838726282787,2.0372103505292916e-06,2.641105752148648e-05,10357.662992246409
64978696670.38832,2.397185393216454e-09,2.397185393216454e-07,4.2389709109443016e-07,6.837776630930604e-10,0.0016226888121395903,0.010232637261781157,2.0372103505292916e-06,2.397185393216454e-05,9401.076959024498
71590461892.90251,2.1757923948237605e-09,2.17579239482376e-07,4.670298128700013e-07,6.889955846263666e-10,0.0017279931528538265,0.010900193400318012,2.0372103505292916e-06,2.1757923948237606e-05,8532.836804563085
78874992830.9157,1.974846233741194e-09,1.9748462337411937e-07,5.145514104525881e-07,6.942400826387261e-10,0.0018410867461554482,0.01150118017667787,2.0372103505292916e-06,1.974846233741194e-05,7744.783310534821
86900745289.00018,1.792458534279271e-09,1.7924585342792707e-07,5.669084643049218e-07,6.995111571301388e-10,0.001962061986681715,0.012097180461195433,2.0372103505292916e-06,1.792458534279271e-05,7029.510806425189
95743140642.46387,1.6269153224268936e-09,1.6269153224268935e-07,6.245929957084011e-07,7.04808808100605e-10,0.0020919835319618426,0.012705185751647276,2.0372103505292916e-06,1.6269153224268935e-05,6380.29757532831
105485274603.77194,1.4766609189158583e-09,1.476660918915858e-07,6.881470904942495e-07,7.101330355501243e-10,0.0022323969487868787,0.013454807528195091,2.0372103505292916e-06,1.4766609189158584e-05,5791.042687142857
116218698107.94592,1.3402833198477185e-09,1.3402833198477183e-07,7.581679932523279e-07,7.154838394786967e-10,0.0023838582920802406,0.01426914524085058,2.0372103505292916e-06,1.3402833198477184e-05,5256.208665562948
128044277655.25256,1.2165009274985573e-09,1.216500927498557e-07,8.353137198900474e-07,7.208612198863226e-10,0.002547476413233144,0.015135128690229371,2.0372103505292916e-06,1.2165009274985574e-05,4770.7694500814805
141073143196.17606,1.1041505066055673e-09,1.1041505066055672e-07,9.203092412849047e-07,7.262651767730017e-10,0.0027256518476131697,0.01583913572353358,2.0372103505292916e-06,1.1041505066055674e-05,4330.163163983349
155427732466.3592,1.002176252955447e-09,1.0021762529554468e-07,1.0139532961411004e-06,7.316957101387342e-10,0.002918582677422577,0.01636379116648915,2.0372103505292916e-06,1.002176252955447e-05,3930.2492444689456
171242941585.5598,9.096198715476434e-10,9.096198715476432e-08,1.1171258970734667e-06,7.371528199835198e-10,0.003127935283182612,0.01676721930951388,2.0372103505292916e-06,9.096198715476436e-06,3567.2695320420826
188667392733.29102,8.25611571092709e-10,8.256115710927088e-08,1.2307966004565686e-06,7.426365063073588e-10,0.0033580191556877763,0.01710069642965912,2.0372103505292916e-06,8.25611571092709e-06,3237.8129535026937
207864830814.022,7.493618902173132e-10,7.49361890217313e-08,1.3560336177542054e-06,7.481467691102511e-10,0.0036081777049812897,0.017441818041483294,2.0372103505292916e-06,7.4936189021731326e-06,2938.783466655688
229015662236.9959,6.801542785632877e-10,6.801542785632875e-08,1.4940138539523426e-06,7.536836083921966e-10,0.00388045546276797,0.0178544760311277,2.0372103505292916e-06,6.801542785632877e-06,2667.370965498742
252318650271.2211,6.173383630621928e-10,6.173383630621927e-08,1.6460339674308258e-06,7.592470241531955e-10,0.004179891262840279,0.018306977276348696,2.0372103505292916e-06,6.173383630621927e-06,2421.0248724729486
277992782907.60596,5.603238361057312e-10,5.6032383610573114e-08,1.8135225552081758e-06,7.648370163932478e-10,0.00450800046319508,0.018746012914320865,2.0372103505292916e-06,5.6032383610573125e-06,2197.430169611486
306279330781.3193,5.085749081765921e-10,5.08574908176592e-08,1.998053578069314e-06,7.704535851123531e-10,0.004866020808659999,0.018984951133053745,2.0372103505292916e-06,5.085749081765922e-06,1994.4856433409973
337444114493.54297,4.616052728087458e-10,4.616052728087457e-08,2.2013611517378233e-06,7.760967303105119e-10,0.005259090604381014,0.018939221614721443,2.0372103505292916e-06,4.616052728087458e-06,1810.2841384928604
371780002639.58997,4.189735365608134e-10,4.189735365608133e-08,2.4253558430915805e-06,7.817664519877234e-10,0.005690395555729365,0.01856683400871497,2.0372103505292916e-06,4.189735365608134e-06,1643.094635963025
409609664018.4221,3.802790710560286e-10,3.8027907105602855e-08,2.672142624564254e-06,7.874627501439886e-10,0.006161666178185808,0.018020172217244723,2.0372103505292916e-06,3.8027907105602863e-06,1491.3459855965602
451288599887.2127,3.4515824810869804e-10,3.45158248108698e-08,2.944040655457555e-06,7.931856247793072e-10,0.006677432468619319,0.017368044336232107,2.0372103505292916e-06,3.4515824810869805e-06,1353.6121414281233
497208484756.3582,3.1328102255701827e-10,3.1328102255701823e-08,3.243605076057768e-06,7.98935075893679e-10,0.007244577104638268,0.016742225132848083,2.0372103505292916e-06,3.1328102255701832e-06,1228.5987605275232
547800847119.77844,2.843478306897156e-10,2.8434783068971553e-08,3.5736510193649442e-06,8.04711103487104e-10,0.007862139343752962,0.016186300616193135,2.0372103505292916e-06,2.843478306897156e-06,1115.1310395141845
603541124709.8776,2.5808677511971417e-10,2.580867751197141e-08,3.9372800660830625e-06,8.105137075595823e-10,0.008534026398543946,0.01566539364720555,2.0372103505292916e-06,2.5808677511971416e-06,1012.1426744351096
664953132386.1162,2.3425106964989736e-10,2.3425106964989733e-08,4.337909391479945e-06,8.163428881111139e-10,0.00927023756272273,0.015035906405085576,2.0372103505292916e-06,2.342510696498974e-06,918.6658402576227
732613984643.8054,2.1261672011930054e-10,2.1261672011930052e-08,4.779303878022101e-06,8.221986451416991e-10,0.010070980130462558,0.0142782210036119,2.0372103505292916e-06,2.1261672011930053e-06,833.8220958100227
807159519002.0353,1.92980419435659e-10,1.92980419435659e-08,5.265611495560602e-06,8.280809786513369e-10,0.010938628479542039,0.013404318562603377,2.0372103505292916e-06,1.92980419435659e-06,756.8141286999916
889290271236.5731,1.7515763701305572e-10,1.751576370130557e-08,5.8014022815503675e-06,8.339898886400284e-10,0.011879322918131362,0.012398540593121779,2.0372103505292916e-06,1.7515763701305573e-06,686.9182626343196
979778058609.5328,1.589808846603028e-10,1.5898088466030278e-08,6.39171128761649e-06,8.39925375107773e-10,0.012897336436949803,0.011374618667499848,2.0372103505292916e-06,1.589808846603028e-06,623.4776567280501
1079473232961.1716,1.4429814262388514e-10,1.4429814262388512e-08,7.042085896054434e-06,8.458874380545709e-10,0.014000755068498112,0.010363580121545842,2.0372103505292916e-06,1.4429814262388514e-06,565.8961328941098
1189312671824.2192,1.3097143099432124e-10,1.3097143099432121e-08,7.758637950917496e-06,8.518760774804223e-10,0.015182019099495429,0.00945797470262488,2.0372103505292916e-06,1.3097143099432123e-06,513.6325733067749
1310328582656.517,1.1887551305085837e-10,1.1887551305085834e-08,8.54810119358871e-06,8.578912933853267e-10,0.01646579953542793,0.008637302184175752,2.0372103505292916e-06,1.1887551305085836e-06,466.1958352896282
1443658202929.167,1.0789671835926955e-10,1.0789671835926953e-08,9.41789454258423e-06,8.639330857692847e-10,0.01783922423766756,0.007916527039296425,2.0372103505292916e-06,1.0789671835926955e-06,423.1401358410055
1590554487225.8972,9.79318745629209e-11,9.793187456292088e-09,1.037619181225448e-05,8.700014546322956e-10,0.019314561813024163,0.007234478260054628,2.0372103505292916e-06,9.79318745629209e-07,384.06086242342684
1752397881784.8777,8.888733782869248e-11,8.888733782869247e-09,1.14319985255594e-05,8.7609639997436e-10,0.020901882136336557,0.006572279205397328,2.0372103505292916e-06,8.888733782869248e-07,348.5907706492076
1930709297133.2993,8.067811283644697e-11,8.067811283644695e-09,1.2595236542759769e-05,8.82217921795478e-10,0.022588985219045017,0.005925106303018931,2.0372103505292916e-06,8.067811283644697e-07,316.396533130308
2127164400724.0125,7.322705404221706e-11,7.322705404221705e-09,1.3876837301315898e-05,8.883660200956485e-10,0.024413135964071346,0.005313989645372483,2.0372103505292916e-06,7.322705404221706e-07,287.1756070605125
2343609363888.1675,6.646414070904453e-11,6.646414070904453e-09,1.5288844543208428e-05,8.945406948748729e-10,0.026352473824558294,0.004732852898549446,2.0372103505292916e-06,6.646414070904455e-07,260.65339109328596
2582078211084.6016,6.03258188926307e-11,6.032581889263068e-09,1.684452749505312e-05,9.007419461331504e-10,0.02842574797031926,0.004204335824604321,2.0372103505292916e-06,6.03258188926307e-07,236.58064479729057
2844811934484.1484,5.475440419816106e-11,5.475440419816105e-09,1.855850556461065e-05,9.069697738704812e-10,0.030645782577222475,0.003722298301288278,2.0372103505292916e-06,5.475440419816106e-07,214.73114643910512
3134279553516.6943,4.969753969575767e-11,4.969753969575766e-09,2.0446885725517216e-05,9.132241780868653e-10,0.032993831439273216,0.0032890096290029707,2.0372103505292916e-06,4.969753969575766e-07,194.89956708233873
3453201317286.412,4.510770390036259e-11,4.510770390036258e-09,2.25274138812981e-05,9.195051587823022e-10,0.03552327914146549,0.0028991510286060966,2.0372103505292916e-06,4.5107703900362593e-07,176.89954102515577
3804574267898.0737,4.094176419233212e-11,4.094176419233211e-09,2.481964163109578e-05,9.258127159567929e-10,0.038200130947584475,0.0025553972347869547,2.0372103505292916e-06,4.094176419233212e-07,160.56191444329957
4191700404923.5938,3.716057148204914e-11,3.716057148204914e-09,2.734511000427916e-05,9.321468496103367e-10,0.04104994819809104,0.0022448774077003003,2.0372103505292916e-06,3.7160571482049143e-07,145.7331557803842
4618217715682.493,3.372859230944204e-11,3.3728592309442035e-09,3.012755189056755e-05,9.38507559742934e-10,0.044088201700832295,0.001967527309532807,2.0372103505292916e-06,3.372859230944204e-07,132.27391294720576
5088134362940.568,3.061357492109863e-11,3.0613574921098623e-09,3.319311506798846e-05,9.448948463545842e-10,0.047288332217711865,0.0017139383691075188,2.0372103505292916e-06,3.0613574921098627e-07,120.05770377148447
5605866351303.152,2.778624618695874e-11,2.7786246186958736e-09,3.657060792455799e-05,9.51308709445288e-10,0.050718905410726885,0.0014883861957771562,2.0372103505292916e-06,2.7786246186958743e-07,108.96972739163242
6176279026269.886,2.5220036508384748e-11,2.5220036508384742e-09,4.029177018283365e-05,9.577491490150447e-10,0.054334651328454296,0.0012863923581973653,2.0372103505292916e-06,2.5220036508384747e-07,98.90578542471704
6804732795935.053,2.2890830132455393e-11,2.2890830132455388e-09,4.439157117145205e-05,9.642161650638552e-10,0.05816572981380081,0.0011109844626214522,2.0372103505292916e-06,2.2890830132455394e-07,89.77130277038141
7497133504999.561,2.0776738526081065e-11,2.077673852608106e-09,4.890853844663472e-05,9.707097575917189e-10,0.062229795507688854,0.0009575407426463471,2.0372103505292916e-06,2.0776738526081066e-07,81.48043884880312
8259987934480.462,1.8857894680241434e-11,1.885789468024143e-09,5.3885119851857344e-05,9.772299265986356e-10,0.06649398154132341,0.00082498198209589,2.0372103505292916e-06,1.8857894680241435e-07,73.95528092061943
9100464948671.975,1.7116266411336308e-11,1.7116266411336307e-09,5.936808241810829e-05,9.837766720846057e-10,0.07103405630041634,0.0006984916464718806,2.0372103505292916e-06,1.7116266411336309e-07,67.12511190810898
10026462863981.904,1.5535486905163353e-11,1.553548690516335e-09,6.540895185337147e-05,9.903499940496287e-10,0.07579864468080344,0.0005976094370834222,2.0372103505292916e-06,1.5535486905163355e-07,60.9257458370348
11046683672736.834,1.4100700911073183e-11,1.4100700911073182e-09,7.206449675140116e-05,9.969498924937054e-10,0.08081608931059792,0.0005108393604708101,2.0372103505292916e-06,1.4100700911073184e-07,55.29892465401661
12170714819468.053,1.2798425140924109e-11,1.2798425140924105e-09,7.939726207010037e-05,1.0035763674168354e-09,0.0861021820571425,0.000436859990078915,2.0372103505292916e-06,1.2798425140924108e-07,50.19177075107319
13409119298164.941,1.1616421560945793e-11,1.161642156094579e-09,8.747615689282702e-05,1.0102294188190186e-09,0.09162026096971287,0.00037322391759555287,2.0372103505292916e-06,1.1616421560945792e-07,45.556290052474075
14773534917177.396,1.0543582385782718e-11,1.0543582385782716e-09,9.637710199606665e-05,1.016909046700255e-09,0.09743765546110682,0.00031859833214357806,2.0372103505292916e-06,1.0543582385782718e-07,41.348920994200434
16276783664601.186,9.569825693958077e-12,9.569825693958076e-10,0.0001061837433089368,1.0236152510605452e-09,0.10350479472414412,0.00027152719770661776,2.0372103505292916e-06,9.569825693958078e-08,37.53012515758574
17932992201899.223,8.686000683812314e-12,8.686000683812312e-10,0.00011698823796920505,1.030348031899888e-09,0.10984114571815147,0.00022858002896352812,2.0372103505292916e-06,8.686000683812313e-08,34.06401571014649
19757724618087.676,7.88380167956678e-12,7.883801679566778e-10,0.0001288921203627171,1.0371073892182844e-09,0.11645777891553022,0.00019420238560333367,2.0372103505292916e-06,7.88380167956678e-08,30.91802016190642
21768128692034.184,7.1556900793910885e-12,7.155690079391087e-10,0.00014200725628477504,1.043893323015734e-09,0.12332301876053588,0.0001649106211045499,2.0372103505292916e-06,7.15569007939109e-08,28.062574267992584
23983097037356.39,6.494823511987396e-12,6.494823511987394e-10,0.00015645689419011957,1.050705833292237e-09,0.13048544303946033,0.00013977444690142847,2.0372103505292916e-06,6.494823511987397e-08,25.470844200977496
26423444644267.324,5.894991535946151e-12,5.89499153594615e-10,0.00017237682341055615,1.0575449200477927e-09,0.13791340752505066,0.000118336285781422,2.0372103505292916e-06,5.8949915359461504e-08,23.11847438210371
29112104486803.24,5.350557277613082e-12,5.350557277613082e-10,0.00018991665022448432,1.0644105832824023e-09,0.145620744251743,0.00010003008328714773,2.0372103505292916e-06,5.350557277613082e-08,20.98335860165458
32074343033636.855,4.856404459013965e-12,4.856404459013964e-10,0.00020924120377008952,1.0713028229960649e-09,0.15362105203258528,8.455069775735925e-05,2.0372103505292916e-06,4.856404459013966e-08,19.045432277593378
35337997687723.34,4.407889318036026e-12,4.407889318036025e-10,0.0002305320850141654,1.0782216391887808e-09,0.16190197483937716,6.819988082585269e-05,2.0372103505292916e-06,4.4078893180360263e-08,17.28648390023665
38933738386096.734,4.000796969040139e-12,4.0007969690401386e-10,0.0002539893733328605,1.08516703186055e-09,0.17049943764263728,5.7707685263722673e-05,2.0372103505292916e-06,4.000796969040139e-08,15.68998389102988
42895355818183.07,3.631301793805597e-12,3.6313017938055964e-10,0.00027983350674182857,1.0921390010113726e-09,0.17941232401840637,4.882742954265373e-05,2.0372103505292916e-06,3.631301793805597e-08,14.240929267137254
47260078971137.26,3.2959314905848373e-12,3.2959314905848366e-10,0.0003083073534450812,1.0991375466412483e-09,0.18865937379762984,4.1303406922609426e-05,2.0372103505292916e-06,3.295931490584838e-08,12.925702652094612
52068924986311.836,2.9915344434217945e-12,2.991534443421794e-10,0.00033967849416976885,1.1061626687501774e-09,0.1982650333639962,3.4911626762366553e-05,2.0372103505292916e-06,2.9915344434217945e-08,11.731944307588805
57367084614605.56,2.715250105089701e-12,2.7152501050897007e-10,0.0003742417367349454,1.1132143673381596e-09,0.2082387788585786,2.9478423771196876e-05,2.0372103505292916e-06,2.715250105089701e-08,10.648435983792407
63204346892978.15,2.4644821153242984e-12,2.464482115324298e-10,0.00041232188648477876,1.1202926424051954e-09,0.21861497136942432,2.486424346554318e-05,2.0372103505292916e-06,2.4644821153242986e-08,9.664995496746377
69635567032996.01,2.236873901733142e-12,2.2368739017331418e-10,0.0004542767986211411,1.1273974939512843e-09,0.22941379603880296,1.9275915242701662e-05,2.0372103505292916e-06,2.2368739017331422e-08,8.772381042089828
76721181918353.25,2.0302865340925513e-12,2.030286534092551e-10,0.000500500741119623,1.1345289219764264e-09,0.24066058747774455,1.6244650420889618e-05,2.0372103505292916e-06,2.0302865340925514e-08,7.962204345933014
84527778055716.42,1.8427786239196362e-12,1.842778623919636e-10,0.0005514280998317178,1.1416869264806223e-09,0.25238679256902613,1.3677679677052414e-05,2.0372103505292916e-06,1.842778623919636e-08,7.226851836715443
93128717316165.83,1.672588080427247e-12,1.672588080427247e-10,0.0006075374605915786,1.1488715074638707e-09,0.2646131913647319,1.1508857035230123e-05,2.0372103505292916e-06,1.6725880804272473e-08,6.559413097268025
102604826347588.62,1.5181155514148802e-12,1.51811555141488e-10,0.0006693561066886207,1.1560826649261727e-09,0.2773747300736804,9.675792581245121e-06,2.0372103505292916e-06,1.5181155514148802e-08,5.953615924713136
113045156136724.62,1.3779093934825777e-12,1.3779093934825775e-10,0.0007374649739706278,1.1633203988675277e-09,0.2907003230390786,8.130285067742639e-06,2.0372103505292916e-06,1.3779093934825778e-08,5.403767387933027
124547818858783.98,1.2506520303266783e-12,1.250652030326678e-10,0.0008125041101425193,1.1705847092879365e-09,0.3046198459812192,6.82913418138205e-06,2.0372103505292916e-06,1.2506520303266784e-08,4.904700328699067
137220909878871.6,1.135147570920468e-12,1.1351475709204679e-10,0.0008951786895641502,1.1778755961873981e-09,0.31916934998215696,5.733653504613951e-06,2.0372103505292916e-06,1.135147570920468e-08,4.451724803710017
151183523569649.6,1.0303105712226428e-12,1.0303105712226425e-10,0.0009862656400707044,1.1851930595659135e-09,0.3343767158136133,4.144162729656817e-06,2.0372103505292916e-06,1.0303105712226428e-08,4.040584011220009
166566872491304.22,9.351558338026035e-13,9.351558338026032e-11,0.0010866209440907023,1.192537099423482e-09,0.3502797750365797,3.483185356152694e-06,2.0372103505292916e-06,9.351558338026034e-09,3.6674142880801264
183515520451226.03,8.487891495253468e-13,8.487891495253468e-11,0.0011971876826733254,1.1999077157601038e-09,0.3669141219196932,2.9264084029070353e-06,2.0372103505292916e-06,8.487891495253469e-09,3.3287088012688497
202188741030978.78,7.70398894291703e-13,7.703988942917029e-11,0.0013190048980181363,1.2073049085757785e-09,0.38431507112449886,2.457932081475145e-06,2.0372103505292916e-06,7.70398894291703e-09,3.021284592705555
222762014347212.34,6.992484018649152e-13,6.99248401864915e-11,0.0014532173577921459,1.2147286778705072e-09,0.4025247365320733,2.063676837056856e-06,2.0372103505292916e-06,6.992484018649152e-09,2.742252667653138
245428676112210.38,6.346690411078169e-13,6.346690411078169e-11,0.0016010863129936228,1.2221790236442883e-09,0.42157909073046035,1.7319824447239277e-06,2.0372103505292916e-06,6.34669041107817e-09,2.488990845617971
270401734490986.25,5.760539325744967e-13,5.7605393257449657e-11,0.0017640013504587966,1.2296559458971236e-09,0.44152174173259595,1.4531808248266754e-06,2.0372103505292916e-06,5.7605393257449665e-09,2.259119118615686
297915871828703.56,5.228522454085973e-13,5.2285224540859724e-11,0.001943493451394488,1.237159444629011e-09,0.4623964577246092,1.2187553897278318e-06,2.0372103505292916e-06,5.228522454085973e-09,2.050477285233964
328229650059494.6,4.745640209538155e-13,4.7456402095381545e-11,0.0021412493786531813,1.2446895198399524e-09,0.48424682500312877,8.785261417708309e-07,2.0372103505292916e-06,4.745640209538155e-09,1.8611046503102442
361627940521826.06,4.307354744318941e-13,4.30735474431894e-11,0.0023591275279537796,1.252246171529947e-09,0.5071229056915633,7.381466908819049e-07,2.0372103505292916e-06,4.307354744318941e-09,1.6892215994537085
398424601014421.56,3.909547305359775e-13,3.9095473053597746e-11,0.0025991753920087193,1.2598293996989948e-09,0.5310712093573177,6.199419137181984e-07,2.0372103505292916e-06,3.909547305359776e-09,1.533212875259473
438965425250154.3,3.5484795286492276e-13,3.548479528649227e-11,0.0028636488016751402,1.2674392043470962e-09,0.5561443014503539,5.20508124581059e-07,2.0372103505292916e-06,3.548479528649227e-09,1.3916123980546116
483631392425173.5,3.2207583082522366e-13,3.220758308252236e-11,0.003155033124947329,1.275075585474251e-09,0.582396245049633,4.368968010434423e-07,2.0372103505292916e-06,3.220758308252236e-09,1.2630894885301354
532842247440830.6,2.92330390986489e-13,2.9233039098648896e-11,0.003476066623006288,1.2827385430804584e-09,0.6098822143017121,3.66579254800636e-07,2.0372103505292916e-06,2.92330390986489e-09,1.1464363627872123
587060445423263.4,2.6533210292543586e-13,2.653321029254358e-11,0.0038297661828130764,1.2904280771657194e-09,0.6386627008427707,3.074921854290976e-07,2.0372103505292916e-06,2.6533210292543582e-09,1.0405567822832962
646795497608944.1,2.4082725236079863e-13,2.408272523607986e-11,0.004219455668065916,1.2981441877300337e-09,0.6687974488428912,2.5784553962306723e-07,2.0372103505292916e-06,2.408272523607986e-09,0.944455752016945
712608759436314.5,2.1858555689339414e-13,2.185855568933941e-11,0.004648797154946984,1.3058868747734013e-09,0.7003514802930536,1.8500243921300317e-07,2.0372103505292916e-06,2.1858555689339413e-09,0.8572301701408187
785118705839211.5,1.983980019454506e-13,1.9839800194545058e-11,0.005121825346194289,1.313656138295822e-09,0.733392154745714,1.5540792400886124e-07,2.0372103505292916e-06,1.9839800194545063e-09,0.7780603411333481
865006743316248.4,1.8007487656260865e-13,1.8007487656260862e-11,0.005642985486902238,1.3214519782972962e-09,0.7679894257308497,1.3049730203129315e-07,2.0372103505292916e-06,1.8007487656260866e-09,0.7062022727747619
953023613394602.6,1.6344399062020104e-13,1.63443990620201e-11,0.006217175138361553,1.3292743947778236e-09,0.8042177689469483,1.0953751498817556e-07,2.0372103505292916e-06,1.6344399062020101e-09,0.6409806845389222
1049996447664279.2,1.4834905668014354e-13,1.483490566801435e-11,0.0068497902025050445,1.3371233877374042e-09,0.8421532878512507,9.191788416726614e-08,2.0372103505292916e-06,1.4834905668014353e-09,0.5817826616978671
1156836540681930.5,1.3464822129207364e-13,1.3464822129207362e-11,0.007546775629470057,1.344998957176038e-09,0.8818771489854391,7.71104091469249e-08,2.0372103505292916e-06,1.3464822129207365e-09,0.5280518955040397
1274547913789541.2,1.22212731936744e-13,1.22212731936744e-11,0.008314681284798264,1.3529011030937255e-09,0.923473840076911,6.466743294917874e-08,2.0372103505292916e-06,1.2221273193674401e-09,0.479283455322731
1404236750325747.8,1.1092572708438497e-13,1.1092572708438497e-11,0.009160723501280143,1.360829825490466e-09,0.9670317180607707,5.421897048707458e-08,2.0372103505292916e-06,1.1092572708438497e-09,0.4350190435862921
1547121790896452.0,1.0068113799770198e-13,1.0068113799770198e-11,0.010092852893872795,1.3687851243662598e-09,1.0126437164360043,4.5443954717256235e-08,2.0372103505292916e-06,1.0068113799770198e-09,0.3948426889789149
1704545786393496.2,9.138269195928703e-14,9.138269195928702e-12,0.011119829074976625,1.3767669997211068e-09,1.0604064195216387,3.2495864389704445e-08,2.0372103505292916e-06,9.138269195928703e-10,0.3583768373790164
1877988116390173.2,8.294300755635633e-14,8.29430075563563e-12,0.012251302972201412,1.3847754515550072e-09,1.1104216206614645,2.7285503184186547e-08,2.0372103505292916e-06,8.294300755635633e-10,0.32527880382418484
2069078691494026.5,7.52827735208191e-14,7.528277352081908e-12,0.013497907522196938,1.3928104798679608e-09,1.1627955155055882,2.2902174513355837e-08,2.0372103505292916e-06,7.52827735208191e-10,0.29523755215628694
2279613270303138.0,6.833000340789564e-14,6.833000340789563e-12,0.014871357592835914,1.400872084659968e-09,1.2176394393263437,1.9215424873222653e-08,2.0372103505292916e-06,6.833000340789565e-10,0.26797077208372166
2511570334905832.0,6.201935910918368e-14,6.201935910918368e-12,0.016384560072760283,1.4089602659310279e-09,1.2750699816620923,1.611746573156644e-08,2.0372103505292916e-06,6.201935910918369e-10,0.24322222619273506
2767129683509943.5,5.629153684294168e-14,5.629153684294167e-12,0.01805173516284851,1.4170750236811417e-09,1.335209058077768,1.3515992562413144e-08,2.0372103505292916e-06,5.629153684294168e-10,0.22075934197654834
3048692914924437.5,5.109270985148015e-14,5.109270985148014e-12,0.019888550009431037,1.4252163579103082e-09,1.3981845887237465,1.1330596062833626e-08,2.0372103505292916e-06,5.109270985148015e-10,0.20037102625358058
3358905997394718.0,4.6374022568453816e-14,4.637402256845381e-12,0.021912265935061695,1.4333842686185278e-09,1.4641302584603086,9.496348473141106e-09,2.0372103505292916e-06,4.6374022568453824e-10,0.18186568143593212
3700684133880319.0,4.209113150253397e-14,4.209113150253396e-12,0.02414190065043364,1.4415787558058015e-09,1.5331862571731394,7.95696229137987e-09,2.0372103505292916e-06,4.209113150253397e-10,0.1650694050061786
4077239157444699.5,3.82037885229474e-14,3.82037885229474e-12,0.02659840697181507,1.449799819472128e-09,1.605499247676906,5.6647649551504915e-09,2.0372103505292916e-06,3.82037885229474e-10,0.14982435528218457
4492109714202875.5,3.467546263084498e-14,3.4675462630844976e-12,0.02930486972348581,1.4580474596175078e-09,1.6812228481059026,4.754892855897442e-09,2.0372103505292916e-06,3.467546263084498e-10,0.13598726811235695
4949194517469187.0,3.147299666212146e-14,3.1472996662121454e-12,0.03228672267555274,1.4663216762419415e-09,1.7605180074291902,3.990143664247961e-09,2.0372103505292916e-06,3.1472996662121455e-10,0.12342811056208054
5452788985607715.0,2.856629569558474e-14,2.856629569558473e-12,0.03557198755579542,1.4746224693454274e-09,1.8435530886424905,3.346962704818418e-09,2.0372103505292916e-06,2.856629569558473e-10,0.11202885893948598
6007625607887603.0,2.5928044238307295e-14,2.592804423830729e-12,0.03919153738164296,1.4829498389279667e-09,1.930504567654923,2.806538526390428e-09,2.0372103505292916e-06,2.5928044238307297e-10,0.10168238967711292
6618918417677365.0,2.353344953043811e-14,2.3533449530438104e-12,0.04317938658691807,1.49130378498956e-09,2.021557109436903,2.3527934616905258e-09,2.0372103505292916e-06,2.353344953043811e-10,0.09229147264664263
7292411990911785.0,2.1360008557199167e-14,2.1360008557199162e-12,0.047573010669793324,1.499684307530206e-09,2.1169041614420228,1.9718007761193975e-09,2.0372103505292916e-06,2.1360008557199168e-10,0.08376785744644295
8034435430291263.0,1.9387296578578732e-14,1.938729657857873e-12,0.05241369836582995,1.5080914065499055e-09,2.2167483165218553,1.6520281813452878e-09,2.0372103505292916e-06,1.938729657857873e-10,0.07603144407537847
8851961842524483.0,1.759677518945052e-14,1.7596775189450519e-12,0.057746939655608766,1.5165250820486583e-09,2.321301625889062,1.3838887957777683e-09,2.0372103505292916e-06,1.7596775189450522e-10,0.06900953019937739
9752673867548824.0,1.5971618106373402e-14,1.59716181063734e-12,0.06362285325323541,1.5249853340264644e-09,2.4307862438561703,1.1589640691791244e-09,2.0372103505292916e-06,1.59716181063734e-10,0.06263612793697998
1.0745035875532346e+16,1.4496553043921813e-14,1.4496553043921812e-12,0.07009665759299749,1.5334721624833236e-09,2.5454347257538656,8.223646227429223e-10,2.0372103505292916e-06,1.4496553043921815e-10,0.056851343743434916
1.1838373510124974e+16,1.3157718194587792e-14,1.315771819458779e-12,0.07722918974024638,1.5419855674192367e-09,2.665490640371068,6.899676275649386e-10,2.0372103505292916e-06,1.3157718194587792e-10,0.051600815565835345
1.3042961325458048e+16,1.1942531963539904e-14,1.1942531963539901e-12,0.08508747710291338,1.5505255488342019e-09,2.7912090464698918,5.787273169096272e-10,2.0372103505292916e-06,1.1942531963539903e-10,0.04683520198002095
1.4370119340456582e+16,1.0839574734077913e-14,1.0839574734077911e-12,0.0937453673162902,1.5590921067282216e-09,2.9228569922366425,4.852339081462366e-10,2.0372103505292916e-06,1.0839574734077912e-10,0.04250971850843518
1.583231941782289e+16,9.838481552686927e-15,9.838481552686926e-13,0.10328422222034817,1.5676852411012939e-09,3.06071416597164,4.067076915421364e-10,2.0372103505292916e-06,9.838481552686927e-11,0.038583716761535033
1.744330246738282e+16,8.929844725204066e-15,8.929844725204063e-13,0.1137936824512132,1.5763049519534192e-09,3.2050734137776504,3.4079874123666963e-10,2.0372103505292916e-06,8.929844725204065e-11,0.0350203024477557
1.9218207575201024e+16,8.10512540875541e-15,8.105125408755409e-13,0.12537250983196693,1.584951239284599e-09,3.3562414131583447,2.8548326935041457e-10,2.0372103505292916e-06,8.10512540875541e-11,0.031785988662318826
2.1173714271946944e+16,7.356573368654167e-15,7.356573368654166e-13,0.13812951547908128,1.5936241030948305e-09,3.514539306383167,2.390850474055989e-10,2.0372103505292916e-06,7.356573368654167e-11,0.028850381196688334
2.3328199277468972e+16,6.6771541461813856e-15,6.677154146181384e-13,0.152184582346305,1.6023235433841168e-09,3.680303366882167,2.0019987349792226e-10,2.0372103505292916e-06,6.677154146181386e-11,0.02618589291139264
2.570190919456756e+16,6.060482952815846e-15,6.060482952815844e-13,0.16766979181525135,1.6110495601524548e-09,3.853885745718935,1.675861030523824e-10,2.0372103505292916e-06,6.060482952815846e-11,0.02376748448806072
2.831715077484857e+16,5.5007646696873774e-15,5.500764669687376e-13,0.18473066491976717,1.6198021533998471e-09,4.035655190064257,1.1836761760117136e-10,2.0372103505292916e-06,5.500764669687377e-11,0.02157242912440213
3.119850054465928e+16,4.992739388405074e-15,4.992739388405073e-13,0.20352752986835226,1.6285813231262928e-09,4.225997847260062,9.928851603827199e-11,2.0372103505292916e-06,4.9927393884050743e-11,0.019580098960877833
3.4373035761057044e+16,4.531632981482907e-15,4.5316329814829066e-13,0.22423702871585813,1.6373870693317916e-09,4.425318076766203,8.325637609753499e-11,2.0372103505292916e-06,4.531632981482908e-11,0.017771771232016547
3.78705888681933e+16,4.113112237853847e-15,4.1131122378538467e-13,0.24705377734324313,1.646219392016343e-09,4.634039304238241,6.978996581213356e-11,2.0372103505292916e-06,4.1131122378538475e-11,0.016130452320705424
4.1724027845355336e+16,3.733244141860509e-15,3.733244141860508e-13,0.272192194344969,1.655078291179949e-09,4.852604932671792,5.847922446902227e-11,2.0372103505292916e-06,3.7332441418605084e-11,0.014640718062013057
4.5969565081205064e+16,3.3884589130512225e-15,3.3884589130512216e-13,0.29988851601080396,1.6639637668226071e-09,5.081479273269824,4.898706833593804e-11,2.0372103505292916e-06,3.3884589130512224e-11,0.013288568795818072
5.064709767684589e+16,3.0755164594497267e-15,3.075516459449726e-13,0.33040301633772584,1.6728758189443187e-09,5.321148540150657,4.102649200861688e-11,2.0372103505292916e-06,3.075516459449727e-11,0.012061297806107027
5.580058237568046e+16,2.791475929046664e-15,2.7914759290466635e-13,0.36402245293426133,1.6818144475450838e-09,5.572121879198846,3.4347092773255776e-11,2.0372103505292916e-06,2.7914759290466645e-11,0.010947371910614049
6.147844864343637e+16,2.5336680733749713e-15,2.5336680733749707e-13,0.40106276180247147,1.6907796526249019e-09,5.834932448333396,2.87487758372177e-11,2.0372103505292916e-06,2.533668073374971e-11,0.009936323078650878
6.7734053780251224e+16,2.2996701634579147e-15,2.2996701634579145e-13,0.4418720263216168,1.6997714341837738e-09,6.110138554485705,2.4059717528705013e-11,2.0372103505292916e-06,2.2996701634579152e-11,0.009018650058614045
7.462618434168539e+16,2.0872832224049317e-15,2.0872832224049312e-13,0.48683374833421544,1.7087897922216987e-09,6.3983248353072275,2.013037521280075e-11,2.0372103505292916e-06,2.0872832224049318e-11,0.008185729090723511
8.221960858074315e+16,1.8945113606996646e-15,1.8945113606996642e-13,0.536370452074372,1.7178347267386773e-09,6.7001035044153445,1.4165774132782484e-11,2.0372103505292916e-06,1.8945113606996646e-11,0.00742973286592005
9.058568510241323e+16,1.7195430199859233e-15,1.719543019985923e-13,0.5909476548058863,1.7269062377347082e-09,7.016115650416927,1.1876844293776386e-11,2.0372103505292916e-06,1.7195430199859232e-11,0.006743556969346758
9.980303345053294e+16,1.5607339490908604e-15,1.5607339490908603e-13,0.6510782414840363,1.7360043252097932e-09,7.347032598326134,9.954633062230824e-12,2.0372103505292916e-06,1.5607339490908604e-11,0.006120753117170584
1.099582729287408e+17,1.4165917523044647e-15,1.4165917523044647e-13,0.7173272845514292,1.7451289891639307e-09,7.69355733732892,8.34100243961331e-12,2.0372103505292916e-06,1.416591752304465e-11,0.005555468559344396
1.2114683659855213e+17,1.2857618647085594e-15,1.2857618647085591e-13,0.7903173541617238,1.7542802295971224e-09,8.056426012546888,6.986664436676104e-12,2.0372103505292916e-06,1.2857618647085594e-11,0.005042391078849931
1.3347386810401629e+17,1.16701482275998e-15,1.16701482275998e-13,0.8707343687334691,1.7634580465093665e-09,8.436409490113292,5.8504182611310725e-12,2.0372103505292916e-06,1.16701482275998e-11,0.004576699070557979
1.4705520975081942e+17,1.0592347105038865e-15,1.0592347105038863e-13,0.959334040814351,1.7726624399006644e-09,8.834314994192022,4.897623979003239e-12,2.0372103505292916e-06,1.0592347105038865e-11,0.00415401623057442
1.620184911252074e+17,9.614086728416825e-16,9.614086728416823e-14,1.0569489788301987,1.7818934097710153e-09,9.25098782163137,4.098626356888754e-12,2.0372103505292916e-06,9.614086728416824e-12,0.0037703704302699094
1.7850432848294528e+17,8.726173973051851e-16,8.72617397305185e-14,1.1644965114569286,1.7911509561204196e-09,9.687313138299087,3.4291873528248565e-12,2.0372103505292916e-06,8.726173973051852e-12,0.003422156388514655
1.9666764617949248e+17,7.920264748902051e-16,7.92026474890205e-14,1.2829873081444383,1.800435078948878e-09,10.144217858876976,2.8685569627554965e-12,2.0372103505292916e-06,7.92026474890205e-12,0.003106101791333322
2.1667913255939386e+17,7.188785587638467e-16,7.188785587638465e-14,1.4135348768029172,1.8097457782563882e-09,10.622672616434249,2.3990368933388996e-12,2.0372103505292916e-06,7.1887855876384675e-12,0.002819236540592963
2.3872684398654016e+17,6.524862471573574e-16,6.524862471573573e-14,1.5573660279056423,1.8190830540429528e-09,11.123693824187178,1.6796295367373362e-12,2.0372103505292916e-06,6.524862471573574e-12,0.002558864842739979
2.6301797208899094e+17,5.922256235623124e-16,5.922256235623122e-14,1.7158324033434786,1.8284469063085704e-09,11.648345834647873,1.4076483095268926e-12,2.0372103505292916e-06,5.9222562356231245e-12,0.002322539875293178
2.8978079082596243e+17,5.37530393524421e-16,5.3753039352442094e-14,1.8904231783729764,1.8378373350532412e-09,12.1977432009428,1.1794844440829045e-12,2.0372103505292916e-06,5.37530393524421e-12,0.002108040793022433
3.1926680167432685e+17,4.878865629361272e-16,4.878865629361272e-14,2.0827790560232042,1.8472543402769652e-09,12.77305304437788,9.880010521687367e-13,2.0372103505292916e-06,4.878865629361272e-12,0.0019133518577310676
3.5175309709391034e+17,4.4282760781751255e-16,4.4282760781751246e-14,2.2947076854730977,1.8566979219797431e-09,13.37549753384541,8.27392341728163e-13,2.0372103505292916e-06,4.428276078175126e-12,0.0017366434955150966
3.875449644819941e+17,4.0193009019404937e-16,4.019300901940493e-14,2.528200649291813,1.8661680801615733e-09,14.006356482172345,6.92718588813405e-13,2.0372103505292916e-06,4.0193009019404936e-12,0.0015762551034869954
4.26978755087559e+17,3.6480967887162245e-16,3.648096788716224e-14,2.785452179178892,1.875664814822457e-09,14.66697006491197,5.797854608015756e-13,2.0372103505292916e-06,3.648096788716225e-12,0.0014306794443909995
4.704250448455792e+17,3.3111753771449177e-16,3.311175377144917e-14,3.068879776083329,1.8851881259623945e-09,15.358741667367314,4.851019264289294e-13,2.0372103505292916e-06,3.3111753771449175e-12,0.0012985484824600537
5.182921168351431e+17,3.0053704748521797e-16,3.0053704748521794e-14,3.3811469284780706,1.8947380135813844e-09,16.083140865895974,4.057917793812059e-13,2.0372103505292916e-06,3.0053704748521795e-12,0.0011786205274075842
5.710297980874602e+17,2.7278083044037585e-16,2.727808304403758e-14,3.725188142282689,1.904314477679428e-09,16.84170654982856,3.393430182845132e-13,2.0372103505292916e-06,2.7278083044037582e-12,0.0010697685657410604
6.291336867998717e+17,2.4758804972089643e-16,2.4758804972089638e-14,4.104236517651073,1.913917518256525e-09,17.636050190633238,2.8371520962555115e-13,2.0372103505292916e-06,2.4758804972089646e-12,0.0009709696697416682
6.931498096808233e+17,2.247219581582566e-16,2.247219581582566e-14,4.5218541317751395,1.9235471353126757e-09,18.467859265271926,2.371651853479877e-13,2.0372103505292916e-06,2.2472195815825667e-12,0.0008812953845817522
7.636797531927293e+17,2.0396767346166238e-16,2.0396767346166234e-14,4.9819655132238845,1.933203328847879e-09,19.338900841019143,1.6531387480247377e-13,2.0372103505292916e-06,2.039676734616624e-12,0.0007999030032439066
8.41386316913314e+17,1.8513015887866608e-16,1.8513015887866607e-14,5.488894522391145,1.9428860988621362e-09,20.251025329360846,1.384774815504112e-13,2.0372103505292916e-06,1.851301588786661e-12,0.000726027647248233
9.269997421422884e+17,1.6803239035269168e-16,1.6803239035269166e-14,6.047404984632089,1.9525954453554456e-09,21.20617041694587,1.159747966253741e-13,2.0372103505292916e-06,1.6803239035269169e-12,0.0006589750787672444
1.0213245742863799e+18,1.5251369295342215e-16,1.5251369295342213e-14,6.66274545793635,1.9623313683278096e-09,22.206365181942914,9.710484829892717e-14,2.0372103505292916e-06,1.5251369295342218e-12,0.0005981151765806249
1.1252472235112403e+18,1.3842823094683384e-16,1.3842823094683381e-14,7.340698555837136,1.972093867779226e-09,23.253734404545433,8.129173528807745e-14,2.0372103505292916e-06,1.3842823094683384e-12,0.0005428760145608371
1.239744294711085e+18,1.2564363731538517e-16,1.2564363731538514e-14,8.087635289065952,1.9818829437096962e-09,24.350503080784012,6.803470021911905e-14,2.0372103505292916e-06,1.2564363731538516e-12,0.0004927384870424342
1.3658917650760328e+18,1.140397698494264e-16,1.1403976984942636e-14,8.910574936622638,1.991698596119219e-09,25.49900114923245,5.692646750898019e-14,2.0372103505292916e-06,1.1403976984942637e-12,0.0004472314305675789
1.5048750955029005e+18,1.0350758212025797e-16,1.0350758212025795e-14,9.817251008896237,2.001540825007795e-09,26.701668440651712,4.761802933974518e-14,2.0372103505292916e-06,1.0350758212025797e-12,0.0004059271961646017
1.658000370870395e+18,9.394809872492707e-17,9.394809872492704e-15,10.816183922718354,2.011409630375425e-09,27.961059861084234,3.981985595041858e-14,2.0372103505292916e-06,9.394809872492707e-13,0.00036843763055055496
1.8267065738686403e+18,8.527148517269132e-17,8.52714851726913e-15,11.916761071307617,2.021305012222108e-09,29.279850819410218,3.328994139278011e-14,2.0372103505292916e-06,8.527148517269132e-13,0.00033441042849137833
2.0125791077255273e+18,7.73962036724773e-17,7.739620367247728e-15,13.12932504155714,2.031226970547845e-09,30.660842910897177,2.7823887843358874e-14,2.0372103505292916e-06,7.739620367247731e-13,0.0003035258220412468
2.2173646949083139e+18,7.024824688792942e-17,7.0248246887929414e-15,14.46527080767786,2.041175505352634e-09,32.10696986881405,2.3248995733838172e-14,2.0372103505292916e-06,7.024824688792942e-13,0.00027549357554855833
2.442987791810272e+18,6.376044245930257e-17,6.3760442459302565e-15,15.937152814570158,2.051150616636477e-09,33.62130379675655,1.611072039577328e-14,2.0372103505292916e-06,6.376044245930258e-13,0.00025005025818928487
2.6915686736776356e+18,5.78718217565172e-17,5.787182175651719e-15,17.558802957228117,2.061152304399373e-09,35.2070616949201,1.3488862240740143e-14,2.0372103505292916e-06,5.787182175651721e-13,0.00022695676839661137
2.965443359729023e+18,5.2527046931266005e-17,5.2527046931266e-15,19.345460564882003,2.071180568641323e-09,36.86761229418803,1.1292435429141406e-14,2.0372103505292916e-06,5.2527046931266e-13,0.00020599608692281675
3.267185565711527e+18,4.767589088395561e-17,4.76758908839556e-15,21.313915611390946,2.081235409362326e-09,38.60648321254931,9.452214605080542e-15,2.0372103505292916e-06,4.767589088395561e-13,0.00018697123741803583
3.5996308901914957e+18,4.327276525849877e-17,4.3272765258498756e-15,23.482666497698318,2.0913168265623816e-09,40.42736844905317,7.909724022032939e-15,2.0372103505292916e-06,4.3272765258498765e-13,0.00016970343536054392
3.96590346186806e+18,3.9276292029339277e-17,3.927629202933927e-15,25.872093889093303,2.1014248202414908e-09,42.334136231215254,6.618299093658653e-15,2.0372103505292916e-06,3.927629202933928e-13,0.00015403040794333698
4.369445298326226e+18,3.564891465471962e-17,3.564891465471961e-15,28.50465224090578,2.1115593903996532e-09,44.33083723255174,5.536407084559709e-15,2.0372103505292916e-06,3.5648914654719625e-13,0.00013980486912822354
4.81404865212538e+18,3.235654514204537e-17,3.235654514204537e-15,31.405080812477546,2.12172053703687e-09,46.421713177693626,4.630794397148726e-15,2.0372103505292916e-06,3.235654514204538e-13,0.00012689313553691103
5.303891648193305e+18,2.9368243708665697e-17,2.936824370866569e-15,34.600636152398664,2.1319082601531372e-09,48.611205853363735,3.871927462694915e-15,2.0372103505292916e-06,2.9368243708665694e-13,0.0001151738701720111
5.843577547425727e+18,2.6655928027705758e-17,2.6655928027705756e-15,38.1213482397736,2.1421225597484604e-09,50.90396654436077,3.2368543220998923e-15,2.0372103505292916e-06,2.665592802770576e-13,0.00010453694216217532
6.438178005466914e+18,2.4194109326618558e-17,2.4194109326618556e-15,42.00030268857738,2.1523634358228357e-09,53.30486591459105,2.7051705460139995e-15,2.0372103505292916e-06,2.419410932661856e-13,9.488239181593235e-05
7.093280733193709e+18,2.195965285845451e-17,2.1959652858454508e-15,46.27395166710429,2.162630888376265e-09,55.81900435414512,2.2601547687347304e-15,2.0372103505292916e-06,2.195965285845451e-13,8.611949125836853e-05
7.815042006787088e+18,1.9931560494904607e-17,1.9931560494904603e-15,50.98245645433977,2.1729249174087475e-09,58.451722814393875,1.8878949916282206e-15,2.0372103505292916e-06,1.9931560494904605e-13,7.816589182309075e-05
8.610244520852159e+18,1.80907733980453e-17,1.8090773398045296e-15,56.17006485241302,2.1832455229202836e-09,61.20861415412806,1.3011672461915076e-15,2.0372103505292916e-06,1.80907733980453e-13,7.094685018712705e-05
9.486361128254863e+18,1.6419992916414797e-17,1.6419992916414795e-15,61.88552700182192,2.1935927049108713e-09,64.09553502083801,1.089007171186392e-15,2.0372103505292916e-06,1.6419992916414795e-13,6.439452597645382e-05
1.0451625065667633e+19,1.4903518022299765e-17,1.4903518022299762e-15,68.1825535070349,2.2039664633805136e-09,67.1186182923814,9.111854610045301e-16,2.0372103505292916e-06,1.4903518022299765e-13,5.8447344241429515e-05
1.15151073247605e+19,1.3527097762567947e-17,1.3527097762567945e-15,75.12032017765263,2.2143667983292088e-09,70.2842861054606,7.622952354129072e-16,2.0372103505292916e-06,1.3527097762567947e-13,5.30494168110704e-05
1.2686801896130204e+19,1.2277797336459562e-17,1.227779733645956e-15,82.76402412841368,2.2247937097569577e-09,73.59926349859724,6.376933623215933e-16,2.0372103505292916e-06,1.2277797336459565e-13,4.815001708836964e-05
1.3977719687037247e+19,1.1143876541819111e-17,1.1143876541819108e-15,91.18549646392943,2.2352471976637595e-09,77.07059269857584,5.332887797212605e-16,2.0372103505292916e-06,1.114387654181911e-13,4.3703103351109705e-05
1.5399991995538555e+19,1.0114679447471377e-17,1.0114679447471376e-15,100.46387730582484,2.2457272620496142e-09,80.70564808071629,4.459676128929945e-16,2.0372103505292916e-06,1.0114679447471376e-13,3.966688607840843e-05
1.6966984513403318e+19,9.18053425494954e-18,9.18053425494954e-16,110.68635950578432,2.2562339029145227e-09,84.5121518347486,3.72879555987172e-16,2.0372103505292916e-06,9.18053425494954e-14,3.600343523699595e-05
1.869342292914603e+19,8.332662408532656e-18,8.332662408532655e-16,121.94900803349044,2.2667671202584844e-09,88.49819036957278,3.1172012262238703e-16,2.0372103505292916e-06,8.332662408532656e-14,3.267832383672153e-05
2.059553131152305e+19,7.563096099460546e-18,7.563096099460545e-16,134.3576627396011,2.2773269140815003e-09,92.67223149175676,2.60523599113385e-16,2.0372103505292916e-06,7.563096099460547e-14,2.9660304405628634e-05
2.2691184573937283e+19,6.864603389080346e-18,6.864603389080345e-16,148.0289329773862,2.287913284383567e-09,97.04314239425841,2.1769733225478345e-16,2.0372103505292916e-06,6.864603389080346e-14,2.6921015344305316e-05
2.500007645252716e+19,6.2306202472733534e-18,6.230620247273352e-16,163.0912934299286,2.298526231164689e-09,101.62020849359506,1.8187711660496437e-16,2.0372103505292916e-06,6.230620247273353e-14,2.4434714399990527e-05
2.7543904576496484e+19,5.655188867500447e-18,5.655188867500446e-16,179.68629144081055,2.309165754424864e-09,106.41315315546827,1.5190060130180783e-16,2.0372103505292916e-06,5.655188867500446e-14,2.217803675578703e-05
3.034657436987395e+19,5.132901678784924e-18,5.132901678784923e-16,197.96987719411396,2.3198318541640926e-09,111.43215835075893,1.0394230568214723e-16,2.0372103505292916e-06,5.132901678784924e-14,2.0129775461636958e-05
3.3434423700847067e+19,4.6588505284914236e-18,4.658850528491423e-16,218.11386924395578,2.3305245303823734e-09,116.68788628576141,8.698086674309612e-17,2.0372103505292916e-06,4.658850528491423e-14,1.827068214368394e-05
3.6836470389801538e+19,4.228580558348569e-18,4.228580558348569e-16,240.30756916580157,2.341243783079709e-09,122.19150205262007,7.276659099127779e-17,2.0372103505292916e-06,4.2285805583485695e-14,1.658328611919761e-05
4.058468490199627e+19,3.8380483402702415e-18,3.838048340270241e-16,264.7595405030682,2.351989612256096e-09,127.95469734807345,6.0855603075339e-17,2.0372103505292916e-06,3.838048340270242e-14,1.5051730217212608e-05
4.471429078748935e+19,3.4835838785590096e-18,3.483583878559009e-16,291.6995687265751,2.362762017911537e-09,133.98971531090575,5.08865891977676e-17,2.0372103505292916e-06,3.4835838785590097e-14,1.3661621762014962e-05
4.926409569166874e+19,3.161856121411354e-18,3.1618561214113536e-16,321.3808206253643,2.3735610000460323e-09,140.30937653085846,4.2545552278205546e-17,2.0372103505292916e-06,3.161856121411354e-14,1.2399897319108536e-05
5.427685604703615e+19,2.8698416576212745e-18,2.869841657621274e-16,354.0822234216146,2.38438655865958e-09,146.92710628426002,3.556397261208405e-17,2.0372103505292916e-06,2.8698416576212746e-14,1.1254699932620487e-05
5.9799678873409585e+19,2.604796304311931e-18,2.6047963043119306e-16,390.11108596721385,2.395238693752181e-09,153.85696305423636,2.9723166309304716e-17,2.0372103505292916e-06,2.6047963043119305e-14,1.0215267700493584e-05
6.588446446242074e+19,2.3642293186938405e-18,2.36422931869384e-16,429.8059866544197,2.406117405323835e-09,161.11366839607595,2.4840115579738167e-17,2.0372103505292916e-06,2.3642293186938408e-14,9.2718326403618e-06
7.2588394106413335e+19,2.145879991505905e-18,2.1458799915059046e-16,473.5399551796027,2.4170226933745426e-09,168.71263821121332,2.0758488239446025e-17,2.0372103505292916e-06,2.1458799915059054e-14,8.41552889570618e-06
7.9974467455121e+19,1.9476964021787104e-18,1.94769640217871e-16,521.7239780603525,2.4279545579043037e-09,176.6700154962477,1.7343364830929167e-17,2.0372103505292916e-06,1.9476964021787105e-14,7.638309419668587e-06
8.811209454990772e+19,1.7678161360727825e-18,1.7678161360727822e-16,574.8108608488662,2.438912998913118e-09,185.0027046365888,1.4488742240152448e-17,2.0372103505292916e-06,1.7678161360727825e-14,6.932870353563392e-06
9.707774809914884e+19,1.6045487825841242e-18,1.6045487825841239e-16,633.2994833363608,2.449898016400985e-09,193.72840731756105,1.2101495057793271e-17,2.0372103505292916e-06,1.604548782584124e-14,6.292582389442403e-06
1.06955682124478e+20,1.4563600496438585e-18,1.4563600496438583e-16,697.7394877365708,2.4609096103679056e-09,202.86566012927548,1.0105825760029061e-17,2.0372103505292916e-06,1.4563600496438585e-14,5.711428471696178e-06
1.1783872373129947e+20,1.3218573453297177e-18,1.3218573453297175e-16,768.7364439050317,2.4719477808138795e-09,212.43387394513417,8.436536361458537e-18,2.0372103505292916e-06,1.3218573453297177e-14,5.183947252249261e-06
1.2982914544419106e+20,1.199776691093263e-18,1.199776691093263e-16,846.9575401340438,2.4830125277389063e-09,222.45337515764416,5.745846235312104e-18,2.0372103505292916e-06,1.1997766910932631e-14,4.705181767972284e-06
1.4303962630487985e+20,1.0889708436212792e-18,1.0889708436212791e-16,933.1378530019775,2.4941038511429877e-09,232.94544885912163,4.8062633333970316e-18,2.0372103505292916e-06,1.0889708436212794e-14,4.270632858012365e-06
1.5759431076464014e+20,9.883985137073055e-19,9.883985137073054e-17,1028.0872551973791,2.5052217510261208e-09,243.93238405902525,4.019173506975424e-18,2.0372103505292916e-06,9.883985137073056e-15,3.876216883284166e-06
1.7362997532198443e+20,8.971145808184364e-19,8.971145808184363e-17,1132.6980262336963,2.516366227388308e-09,255.4375210339867,3.3598399004146698e-18,2.0372103505292916e-06,8.971145808184365e-15,3.518227350793635e-06
1.9129731386900398e+20,8.142612113997717e-19,8.142612113997716e-17,1247.9532375755232,2.5275372802295484e-09,267.4853009111042,2.8080373273031675e-18,2.0372103505292916e-06,8.142612113997717e-15,3.193300082162885e-06
2.107623538253362e+20,7.390597974512305e-19,7.390597974512303e-17,1374.9359909751654,2.538734909549843e-09,280.10131758986006,2.3465420919765375e-18,2.0372103505292916e-06,7.390597974512305e-15,2.89838159902917e-06
2.322080163677269e+20,6.708036396203695e-19,6.708036396203694e-17,1514.8395968358075,2.5499591153491894e-09,293.3123721129358,1.9604260443570243e-18,2.0372103505292916e-06,6.708036396203695e-15,2.6307004282231597e-06
2.5583583541736417e+20,6.08851306050948e-19,6.088513060509479e-17,1668.9787882519247,2.561209897627589e-09,307.1465296014552,1.6375788688003448e-18,2.0372103505292916e-06,6.08851306050948e-15,2.3877410570683816e-06
2.8186785153898263e+20,5.526206045777269e-19,5.5262060457772676e-17,1838.8020761096836,2.5724872563850423e-09,321.6331788755781,1.3677427934413268e-18,2.0372103505292916e-06,5.526206045777269e-15,2.1672202940495526e-06
3.105486985495627e+20,5.015831116215022e-19,5.0158311162150206e-17,2025.9053613537803,2.5837911916215494e-09,336.80309488713345,1.142410626145937e-18,2.0372103505292916e-06,5.0158311162150216e-15,1.9670658127003436e-06
3.421479024453012e+20,4.552592063702617e-19,4.5525920637026164e-17,2232.046932340499,2.5951217033371098e-09,352.6885040968857,9.540223477198026e-19,2.0372103505292916e-06,4.552592063702617e-15,1.785396677079114e-06
