E_GeV,rate_acc,rate_acc_2,rate_sync,rate_bremss,rate_ic_0,rate_ic_1,t_ad_val,Shear,ESC
0.0001,23116.326989458958,2311632.698945896,6.025583400100556e-06,1.0453643559200738e-11,1.409059267428038e-05,4.753204794033576e-06,4.066304325160061e-06,1.5821064287756254e-15,2.275447425358103e+16
0.00010423606739764012,23116.326989458958,2311632.698945896,6.025583400100556e-06,1.0453643559200738e-11,1.409059267428038e-05,4.753204794033576e-06,4.066304325160061e-06,1.5821064287756254e-15,2.275447425358103e+16
0.00010865157746525384,23116.326989458958,2311632.698945896,6.025583400100556e-06,1.0453643559200738e-11,1.409059267428038e-05,4.753204794033576e-06,4.066304325160061e-06,1.5821064287756254e-15,2.275447425358103e+16
0.00011325413151528115,23116.326989458958,2311632.698945896,6.025583400100556e-06,1.0453643559200738e-11,1.409059267428038e-05,4.753204794033576e-06,4.066304325160061e-06,1.5821064287756254e-15,2.275447425358103e+16
0.00011805165285688056,23116.326989458958,2311632.698945896,6.025583400100556e-06,1.0453643559200738e-11,1.409059267428038e-05,4.753204794033576e-06,4.066304325160061e-06,1.5821064287756254e-15,2.275447425358103e+16
0.00012305240043592616,23116.326989458958,2311632.698945896,6.025583400100556e-06,1.0453643559200738e-11,1.409059267428038e-05,4.753204794033576e-06,4.066304325160061e-06,1.5821064287756254e-15,2.275447425358103e+16
0.000128264983052806,23116.326989458958,2311632.698945896,6.025583400100556e-06,1.0453643559200738e-11,1.409059267428038e-05,4.753204794033576e-06,4.066304325160061e-06,1.5821064287756254e-15,2.275447425358103e+16
0.00013369837418249466,23116.326989458958,2311632.698945896,6.025583400100556e-06,1.0453643559200738e-11,1.409059267428038e-05,4.753204794033576e-06,4.066304325160061e-06,1.5821064287756254e-15,2.275447425358103e+16
0.0001393619274224142,23116.326989458958,2311632.698945896,6.025583400100556e-06,1.0453643559200738e-11,1.409059267428038e-05,4.753204794033576e-06,4.066304325160061e-06,1.5821064287756254e-15,2.275447425358103e+16
0.00014526539259467812,23116.326989458958,2311632.698945896,6.025583400100556e-06,1.0453643559200738e-11,1.409059267428038e-05,4.753204794033576e-06,4.066304325160061e-06,1.5821064287756254e-15,2.275447425358103e+16
0.0001514189325304352,23116.326989458958,2311632.698945896,6.025583400100556e-06,1.0453643559200738e-11,1.409059267428038e-05,4.753204794033576e-06,4.066304325160061e-06,1.5821064287756254e-15,2.275447425358103e+16
0.0001578331405652118,23116.326989458958,2311632.698945896,6.025583400100556e-06,1.0453643559200738e-11,1.409059267428038e-05,4.753204794033576e-06,4.066304325160061e-06,1.5821064287756254e-15,2.275447425358103e+16
0.00016451905877536624,23116.326989458958,2311632.698945896,6.025583400100556e-06,1.0453643559200738e-11,1.409059267428038e-05,4.753204794033576e-06,4.066304325160061e-06,1.5821064287756254e-15,2.275447425358103e+16
0.00017148819698705392,23116.326989458958,2311632.698945896,6.025583400100556e-06,1.0453643559200738e-11,1.409059267428038e-05,4.753204794033576e-06,4.066304325160061e-06,1.5821064287756254e-15,2.275447425358103e+16
0.00017875255259042355,23116.326989458958,2311632.698945896,6.025583400100556e-06,1.0453643559200738e-11,1.409059267428038e-05,4.753204794033576e-06,4.066304325160061e-06,1.5821064287756254e-15,2.275447425358103e+16
0.00018632463119315598,23116.326989458958,2311632.698945896,6.025583400100556e-06,1.0453643559200738e-11,1.409059267428038e-05,4.753204794033576e-06,4.066304325160061e-06,1.5821064287756254e-15,2.275447425358103e+16
0.00019421746814890265,23116.326989458958,2311632.698945896,6.025583400100556e-06,1.0453643559200738e-11,1.409059267428038e-05,4.753204794033576e-06,4.066304325160061e-06,1.5821064287756254e-15,2.275447425358103e+16
0.00020244465099768038,23116.326989458958,2311632.698945896,6.025583400100556e-06,1.0453643559200738e-11,1.409059267428038e-05,4.753204794033576e-06,4.066304325160061e-06,1.5821064287756254e-15,2.275447425358103e+16
0.00021102034285685965,23116.326989458958,2311632.698945896,6.025583400100556e-06,1.0453643559200738e-11,1.409059267428038e-05,4.753204794033576e-06,4.066304325160061e-06,1.5821064287756254e-15,2.275447425358103e+16
0.0002199593068030075,23116.326989458958,2311632.698945896,6.025583400100556e-06,1.0453643559200738e-11,1.409059267428038e-05,4.753204794033576e-06,4.066304325160061e-06,1.5821064287756254e-15,2.275447425358103e+16
0.00022927693128656486,23116.326989458958,2311632.698945896,6.025583400100556e-06,1.0453643559200738e-11,1.409059267428038e-05,4.753204794033576e-06,4.066304325160061e-06,1.5821064287756254e-15,2.275447425358103e+16
0.00023898925662310503,23116.326989458958,2311632.698945896,6.025583400100556e-06,1.0453643559200738e-11,1.409059267428038e-05,4.753204794033576e-06,4.066304325160061e-06,1.5821064287756254e-15,2.275447425358103e+16
0.00024911300260677886,23116.326989458958,2311632.698945896,6.025583400100556e-06,1.0453643559200738e-11,1.409059267428038e-05,4.753204794033576e-06,4.066304325160061e-06,1.5821064287756254e-15,2.275447425358103e+16
0.00025966559729348725,23116.326989458958,2311632.698945896,6.025583400100556e-06,1.0453643559200738e-11,1.409059267428038e-05,4.753204794033576e-06,4.066304325160061e-06,1.5821064287756254e-15,2.275447425358103e+16
0.0002706652070033241,23116.326989458958,2311632.698945896,6.025583400100556e-06,1.0453643559200738e-11,1.409059267428038e-05,4.753204794033576e-06,4.066304325160061e-06,1.5821064287756254e-15,2.275447425358103e+16
0.0002821307675939471,23116.326989458958,2311632.698945896,6.025583400100556e-06,1.0453643559200738e-11,1.409059267428038e-05,4.753204794033576e-06,4.066304325160061e-06,1.5821064287756254e-15,2.275447425358103e+16
0.00029408201705870637,23116.326989458958,2311632.698945896,6.025583400100556e-06,1.0453643559200738e-11,1.409059267428038e-05,4.753204794033576e-06,4.066304325160061e-06,1.5821064287756254e-15,2.275447425358103e+16
0.0003065395295056527,23116.326989458958,2311632.698945896,6.025583400100556e-06,1.0453643559200738e-11,1.409059267428038e-05,4.753204794033576e-06,4.066304325160061e-06,1.5821064287756254e-15,2.275447425358103e+16
0.00031952475057592136,23116.326989458958,2311632.698945896,6.025583400100556e-06,1.0453643559200738e-11,1.409059267428038e-05,4.753204794033576e-06,4.066304325160061e-06,1.5821064287756254e-15,2.275447425358103e+16
0.0003330600343624589,23116.326989458958,2311632.698945896,6.025583400100556e-06,1.0453643559200738e-11,1.409059267428038e-05,4.753204794033576e-06,4.066304325160061e-06,1.5821064287756254e-15,2.275447425358103e+16
0.00034716868189265597,23116.326989458958,2311632.698945896,6.025583400100556e-06,1.0453643559200738e-11,1.409059267428038e-05,4.753204794033576e-06,4.066304325160061e-06,1.5821064287756254e-15,2.275447425358103e+16
0.00036187498124112805,23116.326989458958,2311632.698945896,6.025583400100556e-06,1.0453643559200738e-11,1.409059267428038e-05,4.753204794033576e-06,4.066304325160061e-06,1.5821064287756254e-15,2.275447425358103e+16
0.00037720424934169976,23116.326989458958,2311632.698945896,6.025583400100556e-06,1.0453643559200738e-11,1.409059267428038e-05,4.753204794033576e-06,4.066304325160061e-06,1.5821064287756254e-15,2.275447425358103e+16
0.00039318287557057704,23116.326989458958,2311632.698945896,6.025583400100556e-06,1.0453643559200738e-11,1.409059267428038e-05,4.753204794033576e-06,4.066304325160061e-06,1.5821064287756254e-15,2.275447425358103e+16
0.0004098383671757261,23116.326989458958,2311632.698945896,6.025583400100556e-06,1.0453643559200738e-11,1.409059267428038e-05,4.753204794033576e-06,4.066304325160061e-06,1.5821064287756254e-15,2.275447425358103e+16
0.00042719939663067764,23116.326989458958,2311632.698945896,6.025583400100556e-06,1.0453643559200738e-11,1.409059267428038e-05,4.753204794033576e-06,4.066304325160061e-06,1.5821064287756254e-15,2.275447425358103e+16
0.0004452958509942655,23116.326989458958,2311632.698945896,6.025583400100556e-06,1.0453643559200738e-11,1.409059267428038e-05,4.753204794033576e-06,4.066304325160061e-06,1.5821064287756254e-15,2.275447425358103e+16
0.00046415888336127773,23116.326989458958,2311632.698945896,6.025583400100556e-06,1.0453643559200738e-11,1.409059267428038e-05,4.753204794033576e-06,4.066304325160061e-06,1.5821064287756254e-15,2.275447425358103e+16
0.00048382096649259574,23116.326989458958,2311632.698945896,6.025583400100556e-06,1.0453643559200738e-11,1.409059267428038e-05,4.753204794033576e-06,4.066304325160061e-06,1.5821064287756254e-15,2.275447425358103e+16
0.0005043159487171359,23116.326989458958,2311632.698945896,6.025583400100556e-06,1.0453643559200738e-11,1.409059267428038e-05,4.753204794033576e-06,4.066304325160061e-06,1.5821064287756254e-15,2.275447425358103e+16
0.0005256791122018419,28368.380079580173,2836838.0079580173,4.910021502399502e-06,8.986145862653115e-12,1.1071494619295389e-05,3.7395477054691e-06,4.066304325160061e-06,1.2891990814106352e-15,2.792431403271633e+16
0.0005479472336900287,31693.5031106401,3169350.31106401,4.394886727817044e-06,8.191696354941275e-12,9.629264689009751e-06,3.254728191959044e-06,4.066304325160061e-06,1.153942794270175e-15,3.1197387061781196e+16
0.0005711586478126435,34227.93796478801,3422793.796478801,4.069463849159546e-06,7.640277259829582e-12,8.698897973413503e-06,2.9415090286680467e-06,4.066304325160061e-06,1.0684981834817647e-15,3.3692148996165684e+16
0.000595353313081437,36378.95931744007,3637895.931744007,3.828843891974806e-06,7.203414274345356e-12,7.999854299168847e-06,2.7059051038549216e-06,4.066304325160061e-06,1.0053198394317363e-15,3.5809499214050364e+16
0.0006205728806776501,38276.05659967779,3827605.659967779,3.6390727925758397e-06,6.839048679783766e-12,7.441251519480477e-06,2.517434877582181e-06,4.066304325160061e-06,9.554926183281481e-16,3.767690017636159e+16
0.0006468607661546328,39977.71621372446,3997771.6213724455,3.4841749197059416e-06,6.527268057630025e-12,6.979894202869607e-06,2.3617049352062606e-06,4.066304325160061e-06,9.14821880874403e-16,3.935192276510763e+16
0.0006742622241778342,41514.615713475665,4151461.571347567,3.3551883784815315e-06,6.2568762891186396e-12,6.591311265481143e-06,2.230610910320375e-06,4.066304325160061e-06,8.809545484442741e-16,4.086476432135389e+16
0.0007028244264308353,42904.10552278409,4290410.552278409,3.2465274472395463e-06,6.020899620792913e-12,6.2603913218236874e-06,2.1191027599853718e-06,4.066304325160061e-06,8.524240068419751e-16,4.2232503673109e+16
0.000732596542821523,44156.37379101024,4415637.379101024,3.154456406185649e-06,5.814684968153311e-12,5.978308051539854e-06,2.0238996334088718e-06,4.066304325160061e-06,8.282493873432217e-16,4.34651694889595e+16
0.0007636298261282241,45277.50575826299,4527750.575826298,3.076347820983061e-06,5.634967346955361e-12,5.737843761759549e-06,1.9426169211902145e-06,4.066304325160061e-06,8.077408180336473e-16,4.456875175336302e+16
0.0007959777002314986,46271.17914953073,4627117.9149530735,3.010283263559169e-06,5.479362955003316e-12,5.533121137720775e-06,1.8734484399965637e-06,4.066304325160061e-06,7.903945871254813e-16,4.554687062183122e+16
0.0008296958520834907,47139.68613560241,4713968.613560242,2.954821459317727e-06,5.34607169266217e-12,5.360420634007821e-06,1.815091238932064e-06,4.066304325160061e-06,7.758322665640537e-16,4.640178238452756e+16
0.0008648423275731727,47884.59051987096,4788459.051987097,2.908855535084477e-06,5.233691932947818e-12,5.2167929895464985e-06,1.7665314955470577e-06,4.066304325160061e-06,7.637632303554066e-16,4.713502636575985e+16
0.0009014776314524918,48507.17088218769,4850717.088218769,2.871520924551153e-06,5.141099651395269e-12,5.099762571973795e-06,1.7269557340325746e-06,4.066304325160061e-06,7.539604737725964e-16,4.774786113105717e+16
0.000939664831495469,49008.72847841184,4900872.847841184,2.8421336464653795e-06,5.067366557713973e-12,5.0074067279530544e-06,1.6957193246546001e-06,4.066304325160061e-06,7.462444073776075e-16,4.8241567566996344e+16
0.0009794696670695395,49390.80344617888,4939080.344617887,2.820147607656633e-06,5.011702997507495e-12,4.938174942135211e-06,1.6723016398455212e-06,4.066304325160061e-06,7.404716462965729e-16,4.861766170258101e+16
0.0010209606623060466,49655.32463538851,4965532.463538851,2.8051242681779023e-06,4.973417240274534e-12,4.890799010829798e-06,1.6562757789592266e-06,4.066304325160061e-06,7.365270453521097e-16,4.887804219434952e+16
0.0010642092440647246,49804.70859709918,4980470.859709918,2.796710594288932e-06,4.951886005111321e-12,4.864261438053717e-06,1.6472938407021005e-06,4.066304325160061e-06,7.343179102915713e-16,4.902508776574126e+16
0.0011092898648952228,49841.91790618964,4984191.7906189645,2.7946227197987227e-06,4.9465329431458595e-12,4.8576734402768725e-06,1.6450640243474142e-06,4.066304325160061e-06,7.337697078298175e-16,4.9061714616801064e+16
0.0011562801312073755,49770.48604803356,4977048.604803356,2.798633632883392e-06,4.95681291311125e-12,4.8703284245551085e-06,1.6493472918884867e-06,4.066304325160061e-06,7.348228326403396e-16,4.899140092128883e+16
0.0012052609368708425,49594.51449867377,4959451.449867377,2.8085637612745486e-06,4.982200575684376e-12,4.901649877855429e-06,1.659946466256029e-06,4.066304325160061e-06,7.374301353566134e-16,4.8818183952559496e+16
0.0012563166024741215,49318.646773731314,4931864.677373132,2.8242736832992404e-06,5.02218226886489e-12,4.951176776940263e-06,1.676699634430472e-06,4.066304325160061e-06,7.415550087473648e-16,4.854663453869891e+16
0.0013095350204826678,48948.023764503916,4894802.3764503915,2.8456584243139575e-06,5.0762504102186845e-12,5.018495346161493e-06,1.6994698263518666e-06,4.066304325160061e-06,7.471698901605938e-16,4.818181309777125e+16
0.0013650078065460137,48488.22441107779,4848822.441107779,2.8726429534334074e-06,5.1438998605110885e-12,5.103284624691636e-06,1.7281468614751623e-06,4.066304325160061e-06,7.542550791228198e-16,4.772921123960758e+16
0.001422830457214352,47945.19555605554,4794519.555605555,2.9051786016000076e-06,5.22462581219923e-12,5.205281879750937e-06,1.762639092214645e-06,4.066304325160061e-06,7.627977968500195e-16,4.7194682717572504e+16
0.0014831025143361043,47325.17460613529,4732517.460613529,2.9432401959045853e-06,5.3179228570650026e-12,5.324282048812979e-06,1.8028738066088142e-06,4.066304325160061e-06,7.727914338209588e-16,4.658436730076451e+16
0.0015459277364194785,46634.608365166,4663460.8365166,2.9868237573326197e-06,5.4232849535010415e-12,5.460150853973374e-06,1.8487953567960804e-06,4.066304325160061e-06,7.842349452862687e-16,4.590461087762284e+16
0.0016114142772530198,45880.0710785029,4588007.10785029,3.0359446466560583e-06,5.5402060641893e-12,5.612785159659768e-06,1.900361225675249e-06,4.066304325160061e-06,7.9713236444480045e-16,4.516188478318009e+16
0.0016796748720926532,45068.18434776606,4506818.434776606,3.0906360705406284e-06,5.66818127457555e-12,5.781939634746258e-06,1.9575241012605266e-06,4.066304325160061e-06,8.114924101999096e-16,4.4362706967439736e+16
0.0017508270317357234,44205.54115092185,4420554.115092184,3.1509478801183197e-06,5.806708235076676e-12,5.967526678906767e-06,2.0202584945354163e-06,4.066304325160061e-06,8.273281717068146e-16,4.351356720481355e+16
0.0018249932448161524,43298.63575390704,4329863.575390704,3.2169456093408577e-06,5.955288797493663e-12,6.169878752750167e-06,2.088582922187939e-06,4.066304325160061e-06,8.446568558780151e-16,4.262085810287806e+16
0.0019023011886689458,42353.80084751855,4235380.084751855,3.2887097118024326e-06,6.113430739939733e-12,6.389227400946951e-06,2.162507871943607e-06,4.066304325160061e-06,8.634995869997641e-16,4.169081322329554e+16
0.001982883949127071,41377.15280673941,4137715.280673941,3.366334963392968e-06,6.280649495497124e-12,6.6251006495830395e-06,2.241995696354787e-06,4.066304325160061e-06,8.838812498898109e-16,4.072945319802626e+16
0.0020668802496290823,40374.54556595681,4037454.5565956812,3.449930004820338e-06,6.456469818225298e-12,6.8771714141311536e-06,2.327032271239385e-06,4.066304325160061e-06,9.058303697798119e-16,3.974254032656339e+16
0.002154434690031882,39351.533245537714,3935153.3245537714,3.5396170032275714e-06,6.6404273363098574e-12,7.145666434093078e-06,2.417652280689777e-06,4.066304325160061e-06,9.29379023467902e-16,3.8735541787535656e+16
0.002245697995539774,38313.34136145077,3831334.136145077,3.6355314161955932e-06,6.8320699562148866e-12,7.430757425865727e-06,2.5138938271418263e-06,4.066304325160061e-06,9.545627773541094e-16,3.7713601299001064e+16
0.0023408272761782944,37264.846204217305,3726484.6204217304,3.7378218446321357e-06,7.030959093790547e-12,7.732847580535037e-06,2.6158193097520052e-06,4.066304325160061e-06,9.814206488141517e-16,3.668151882019063e+16
0.00243998629725955,36210.56178673647,3621056.178673647,3.846649963602622e-06,7.2366707184948535e-12,8.05192075480427e-06,2.72346472340398e-06,4.066304325160061e-06,1.0099950880380605e-15,3.564373770364652e+16
0.002543345761304648,35154.633629625336,3515463.3629625337,3.96219052220755e-06,7.448796205324594e-12,8.388387960923888e-06,2.8369103694820673e-06,4.066304325160061e-06,1.0403319779979824e-15,3.4604338577843676e+16
0.0026510836019085363,34100.83857246892,3410083.8572468916,4.08463140526505e-06,7.666942995844929e-12,8.742691789460154e-06,2.956246513613533e-06,4.066304325160061e-06,1.0724806506438546e-15,3.3567039161394388e+16
0.00276338529005317,33052.589763091535,3305258.9763091537,4.214173750902842e-06,7.890735075008186e-12,9.114712560342343e-06,3.0815286090051275e-06,4.066304325160061e-06,1.1064939177789182e-15,3.25351991742199e+16
0.002880444153396298,32012.94597717535,3201294.597717535,4.351032119264848e-06,8.119813274419115e-12,9.504737479126313e-06,3.212848667013964e-06,4.066304325160061e-06,1.1424281153561451e-15,3.1511829511283708e+16
0.003002461709085549,30984.624449621882,3098462.444962188,4.495434708445535e-06,8.353835415506024e-12,9.91396254897104e-06,3.3503902829410462e-06,4.066304325160061e-06,1.1803431601750082e-15,3.0499604873096664e+16
0.0031296480106707504,29970.016449668397,2997001.64496684,4.647623614518287e-06,8.59247630786454e-12,1.0342062078831384e-05,3.494216277764985e-06,4.066304325160061e-06,1.2203026181557927e-15,2.9500879097027372e+16
0.00326222200971167,28971.20489727302,2897120.489727302,4.807855133152963e-06,8.835427619017583e-12,1.0788698556662431e-05,3.6444058558232423e-06,4.066304325160061e-06,1.2623737835337663e-15,2.851770249792823e+16
0.0034004119327037063,27989.983392866798,2798998.33928668,4.976400100847435e-06,9.082397632139586e-12,1.1254541380461815e-05,3.80112285846989e-06,4.066304325160061e-06,1.306627768454588e-15,2.75518406000042e+16
0.0035444556739704356,27027.876111410016,2702787.611141002,5.153544274245741e-06,9.3331109080658e-12,1.174056070422852e-05,3.964569736308933e-06,4.066304325160061e-06,1.353139602569925e-15,2.6604793719456344e+16
0.0036946012051993025,26086.158090908593,2608615.8090908593,5.339588746398218e-06,9.587307867278122e-12,1.2247582748384627e-05,4.134948710734029e-06,4.066304325160061e-06,1.401988342332732e-15,2.567781693541085e+16
0.003851107002325569,25165.875522204926,2516587.5522204926,5.534850399147823e-06,9.844744306638122e-12,1.2776737159090957e-05,4.312493481292853e-06,4.066304325160061e-06,1.4532571897780015e-15,2.4771940062102384e+16
0.004014242490499322,24267.865718841105,2426786.5718841106,5.739662391111666e-06,1.0105190864519363e-11,1.332722639766522e-05,4.4972959068609305e-06,4.066304325160061e-06,1.5070336206495632e-15,2.388798730613803e+16
0.004184288507901585,23392.7765116975,2339277.65116975,5.954374680975944e-06,1.0368432446754788e-11,1.3900938425160104e-05,4.689678553211364e-06,4.066304325160061e-06,1.5634095217989427e-15,2.302659635754071e+16
0.004361537789208006,22541.084872133728,2254108.4872133727,6.179354586041949e-06,1.0634267624522586e-11,1.4498930621698256e-05,4.889913600145812e-06,4.066304325160061e-06,1.6224813378399113e-15,2.218823672137182e+16
0.0045462954695324,21713.11461916675,2171311.4619166753,6.414987376155877e-06,1.0902508013995894e-11,1.5120800264143341e-05,5.0981523630169185e-06,4.066304325160061e-06,1.6843502270935832e-15,2.137322714772895e+16
0.004738879609717651,20909.05311083707,2090905.311083707,6.6616769033308e-06,1.1172977646316114e-11,1.576698585359034e-05,5.314633159755502e-06,4.066304325160061e-06,1.7491222269050128e-15,2.05817520618329e+16
0.004939621743878321,20128.96685763316,2012896.6857633162,6.919846267527638e-06,1.1445512335242462e-11,1.6438086073837074e-05,5.539612063497159e-06,4.066304325160061e-06,1.816908428453881e-15,1.9813876933046436e+16
0.005148867450137497,19372.816027128596,1937281.6027128594,7.189938519207915e-06,1.171995904870257e-11,1.7136835077003458e-05,5.773547771454164e-06,4.066304325160061e-06,1.8878251612201594e-15,1.906956255246227e+16
0.005366976945540476,18640.467834420095,1864046.7834420095,7.472417399405558e-06,1.1996175289430409e-11,1.7863994625993273e-05,6.01673145161539e-06,4.066304325160061e-06,1.961994187300948e-15,1.8348678213733156e+16
0.005594325706169377,17931.70883317026,1793170.883317026,7.767768118190803e-06,1.2274028488935993e-11,1.8619956749998792e-05,6.269456746395005e-06,4.066304325160061e-06,2.0395429058077473e-15,1.7651013811716032e+16
0.005831305113526219,17246.25613770838,1724625.6137708381,8.076498172518074e-06,1.2553395418207433e-11,1.9407158226468812e-05,6.532183508092271e-06,4.066304325160061e-06,2.120604567604557e-15,1.697629088890709e+16
0.00607832312829723,16583.76761836281,1658376.7618362813,8.399138204562668e-06,1.2834161617798847e-11,2.0224364683177318e-05,6.805084624970114e-06,4.066304325160061e-06,2.2053185006769318e-15,1.63241726711809e+16
0.006335804992658254,15943.851120590238,1594385.112059024,8.736242901760355e-06,1.3116220849303936e-11,2.107351395665935e-05,7.088596163314943e-06,4.066304325160061e-06,2.29383034645074e-15,1.5694273142607542e+16
0.006604193962330305,15326.072764087367,1532607.2764087366,9.08839193986919e-06,1.3399474569648109e-11,2.19558373961664e-05,7.383131460071064e-06,4.066304325160061e-06,2.3862923074070583e-15,1.5086165214653666e+16
0.0068839520696454964,14729.964381415506,1472996.4381415506,9.456190970476404e-06,1.3683831429146853e-11,2.2873870075474436e-05,7.689218606060297e-06,4.066304325160061e-06,2.4828634063667718e-15,1.4499388048366134e+16
0.007175560918936921,14155.030157180863,1415503.0157180864,9.840272654475322e-06,1.3969206793866778e-11,2.3826325677443904e-05,8.007065775790049e-06,4.066304325160061e-06,2.5837097578452883e-15,1.3933453589625554e+16
0.007479522515621821,13600.752528878436,1360075.2528878436,1.0241297743137937e-05,1.4255522292480803e-11,2.481906622731738e-05,8.337504556378249e-06,4.066304325160061e-06,2.689004851904206e-15,1.3387852377620948e+16
0.0077963601304052365,13066.597409450356,1306659.7409450356,1.0659956208510713e-05,1.4542705387524666e-11,2.5850655348061142e-05,8.680779654014465e-06,4.066304325160061e-06,2.7989298509535186e-15,1.2862058685656516e+16
0.008126619200091945,12552.018789713626,1255201.8789713625,1.1096968424961881e-05,1.4830688970728924e-11,2.6923466645440445e-05,9.037456280656248e-06,4.066304325160061e-06,2.913673899984412e-15,1.235553505153497e+16
0.008470868266557402,12056.46277630389,1205646.277630389,1.1553086403811868e-05,1.5119410981915038e-11,2.8034980161063254e-05,9.407702231714118e-06,4.066304325160061e-06,3.0334344507398238e-15,1.1867736252293162e+16
0.008829699955494083,11579.371117855748,1157937.1117855746,1.2029095083082007e-05,1.540881405079755e-11,2.919188798860492e-05,9.792469975472109e-06,4.066304325160061e-06,3.158417600357123e-15,1.1398112775185104e+16
0.00920373199661822,11120.184268947873,1112018.4268947872,1.2525813674502993e-05,1.569884516092293e-11,3.0394825994339604e-05,1.0192247510467798e-05,4.066304325160061e-06,3.2888384450451918e-15,1.0946113833665468e+16
0.009593608287093146,10678.344038008034,1067834.4038008035,1.3044097070032568e-05,1.5989455334893102e-11,3.1644899125733926e-05,1.0607552785950718e-05,4.066304325160061e-06,3.4249214493865334e-15,1.0511189973845462e+16
0.01,10253.295861994313,1025329.5861994312,1.3584837310242985e-05,1.6280599339964354e-11,3.294580520220143e-05,1.1039162416105796e-05,4.066304325160061e-06,3.566900831884218e-15,1.0092795313567204e+16
0.01042360673976401,9844.490747320002,984449.0747320001,1.414896511705286e-05,1.6572235413075543e-11,3.429867551149064e-05,1.1487613211056552e-05,4.066304325160061e-06,3.715020967403395e-15,9690389452946242.0
0.010865157746525383,9451.38691322654,945138.691322654,1.4737451493394566e-05,1.6864325004339945e-11,3.5705262940468956e-05,1.195353138109087e-05,4.066304325160061e-06,3.86953680718773e-15,9303439092019850.0
0.011325413151528114,9073.451170670718,907345.1170670717,1.535130939253007e-05,1.7156832538030193e-11,3.71638737977425e-05,1.2437294955565782e-05,4.066304325160061e-06,4.030714317163074e-15,8931419388049752.0
0.011805165285688056,8710.16006680933,871016.0066809332,1.5991595459852924e-05,1.744972519009208e-11,3.867935434178558e-05,1.2939839795928049e-05,4.066304325160061e-06,4.198830935273456e-15,8573815082091522.0
0.012305240043592616,8361.000822354425,836100.0822354426,1.6659411850142244e-05,1.774297268123797e-11,4.0257027391951864e-05,1.3462152580471516e-05,4.066304325160061e-06,4.374176048628093e-15,8230121421676880.0
0.012826498305280598,8025.47208644336,802547.2086443361,1.7355908123369857e-05,1.8036547084694073e-11,4.1895572012627394e-05,1.4004679638272842e-05,4.066304325160061e-06,4.5570514912737444e-15,7899844903867352.0
0.013369837418249465,7703.084531228357,770308.4531228357,1.8082283222298855e-05,1.833042264770352e-11,4.3601803533595434e-05,1.4568604198427736e-05,4.066304325160061e-06,4.74777206344256e-15,7582503860536384.0
0.013936192742241421,7393.361306135502,739336.1306135502,1.8839787535256636e-05,1.86245756259199e-11,4.53746601603653e-05,1.5154416207872401e-05,4.066304325160061e-06,4.946666073163805e-15,7277628905517570.0
0.014526539259467812,7095.838369672349,709583.8369672348,1.962972504761436e-05,1.8918984129861287e-11,4.721972660234302e-05,1.5763216904641293e-05,4.066304325160061e-06,5.154075901166737e-15,6984763261218295.0
0.01514189325304352,6810.064714768391,681006.4714768392,2.0453455585659224e-05,1.9213627982631845e-11,4.913683332150282e-05,1.6395654793108564e-05,4.066304325160061e-06,5.370358590042612e-15,6703462980432811.0
0.01578331405652118,6535.60250190518,653560.250190518,2.131239715670841e-05,1.9508488588157102e-11,5.1125066642165015e-05,1.7052351781635714e-05,4.066304325160061e-06,5.595886458676358e-15,6433297077388412.0
0.016451905877536626,6272.0271127250535,627202.7112725053,2.2208028389479056e-05,1.980354880921731e-11,5.319234483634156e-05,1.7734664383690885e-05,4.066304325160061e-06,5.831047743001961e-15,6173847580514982.0
0.01714881969870539,6018.927135386568,601892.7135386568,2.314189107890478e-05,2.009879285460287e-11,5.534033437070806e-05,1.844346051852169e-05,4.066304325160061e-06,6.076247264181848e-15,5924709518029681.0
0.017875255259042353,5775.904291653106,577590.4291653107,2.411559283976894e-05,2.0394206174753732e-11,5.758088061328047e-05,1.9180515337562994e-05,4.066304325160061e-06,6.331907125357717e-15,5685490846166857.0
0.018632463119315597,5542.573314546194,554257.3314546193,2.5130809873713843e-05,2.0689775365282627e-11,5.990250180474177e-05,1.9945649196954877e-05,4.066304325160061e-06,6.598467438169909e-15,5455812328746543.0
0.019421746814890263,5318.56178435761,531856.178435761,2.6189289854381954e-05,2.0985488077818493e-11,6.231667860302159e-05,2.074062931409254e-05,4.066304325160061e-06,6.8763870802940844e-15,5235307375753545.0
0.020244465099768037,5103.509929884589,510350.9929884589,2.7292854935648225e-05,2.128133293764164e-11,6.483676264036233e-05,2.1567403986895747e-05,4.066304325160061e-06,7.166144485297312e-15,5023621847684029.0
0.021102034285685942,4897.0704009200135,489707.0400920014,2.8443404888116783e-05,2.1577299467616376e-11,6.745007801548208e-05,2.242586229523923e-05,4.066304325160061e-06,7.468238466171865e-15,4820413831597051.0
0.021995930680300747,4698.908017286762,469890.8017286762,2.964292036927521e-05,2.1873378017958866e-11,7.01625624214357e-05,2.3317396630984133e-05,4.066304325160061e-06,7.783189073962798e-15,4625353394077404.0
0.022927693128656487,4508.6994990425965,450869.94990425964,3.089346633293211e-05,2.2169559701409255e-11,7.297962011726348e-05,2.42433896111633e-05,4.066304325160061e-06,8.11153849296644e-15,4438122315663767.0
0.023898925662310503,4326.133181892799,432613.3181892799,3.2197195583802514e-05,2.2465836333406146e-11,7.59116635265972e-05,2.520572467277776e-05,4.066304325160061e-06,8.45385197403957e-15,4258413810716139.0
0.024911300260677883,4150.908721323807,415090.8721323807,3.355635248335651e-05,2.2762200376889182e-11,7.896074711392884e-05,2.6205560871507598e-05,4.066304325160061e-06,8.810718807625053e-15,4085932236180838.5
0.025966559729348696,3982.7367885063745,398273.67885063746,3.497327681330839e-05,2.3058644891382e-11,8.212679276421588e-05,2.7243972673211777e-05,4.066304325160061e-06,9.18275333816828e-15,3920392792253860.5
0.027066520700332414,3821.3387606054025,382133.87606054026,3.645040780339327e-05,2.3355163486031896e-11,8.541699989200277e-05,2.832268316923077e-05,4.066304325160061e-06,9.57059602166976e-15,3761521217538462.0
0.028213076759394707,3666.446407769363,366644.64077693626,3.799028833036262e-05,2.365175027630597e-11,8.885030410083298e-05,2.9444387386011918e-05,4.066304325160061e-06,9.974914528193784e-15,3609053480934311.0
0.029408201705870638,3517.8015787506133,351780.1578750613,3.9595569295426416e-05,2.3948399844065474e-11,9.241624069262275e-05,3.060943545433761e-05,4.066304325160061e-06,1.039640489123086e-14,3462735472178965.5
0.030653952950565267,3375.1558868247503,337515.58868247503,4.12690141876735e-05,2.4245107200759552e-11,9.611130662733099e-05,3.1818786754731566e-05,4.066304325160061e-06,1.083579270589154e-14,3322322692683702.0
0.03195247505759213,3238.270397427005,323827.0397427005,4.301350384132649e-05,2.4541867753499475e-11,9.995440650686773e-05,3.3075300246438495e-05,4.066304325160061e-06,1.1293834377994346e-14,3187579948059517.0
0.03330600343624589,3106.9153187046636,310691.53187046637,4.4832041395017135e-05,2.4838677273791255e-11,0.0001039488625515508,3.438052750707624e-05,4.066304325160061e-06,1.1771318426197191e-14,3058281043513497.5
0.034716868189265594,2980.8696959913727,298086.96959913726,4.672775746162085e-05,2.5135531868721974e-11,0.00010809628683222264,3.5735996440990256e-05,4.066304325160061e-06,1.2269066839414228e-14,2934208483105694.5
0.0361874981241128,2859.921111040856,285992.1111040856,4.8703915517546076e-05,2.5432427954409435e-11,0.00011241353832131363,3.714452606493534e-05,4.066304325160061e-06,1.2787936491853835e-14,2815153173690900.5
0.03772042493416997,2743.8653867094595,274386.53867094597,5.0763917520757486e-05,2.5729362231540007e-11,0.00011689908774820254,3.860751780595755e-05,4.066304325160061e-06,1.3328820618114048e-14,2700914134223961.5
0.0393182875570577,2632.5062976482923,263250.62976482924,5.291130976720256e-05,2.602633166283217e-11,0.00012157048766679797,4.01279641207708e-05,4.066304325160061e-06,1.3892650350874365e-14,2591298210980618.5
0.040983836717572615,2525.6552874533195,252565.52874533195,5.514978899572207e-05,2.6323333452275774e-11,0.00012642557676315983,4.170725392626185e-05,4.066304325160061e-06,1.448039632383066e-14,2486119799135201.5
0.042719939663067766,2423.1311926240205,242313.11926240203,5.748320875195504e-05,2.6620365026008667e-11,0.0001314642448844557,4.334710050333246e-05,4.066304325160061e-06,1.5093070342632998e-14,2385200571040324.0
0.044529585099426554,2324.7599735967356,232475.99735967355,5.991558602219043e-05,2.6917424014702404e-11,0.00013669574959563474,4.5049981549470034e-05,4.066304325160061e-06,1.5731727126701882e-14,2288369211470508.5
0.046415888336127774,2230.3744530453137,223037.44530453137,6.245110814858785e-05,2.7214508237339272e-11,0.00014213401261688419,4.681883090660627e-05,4.066304325160061e-06,1.639746612492225e-14,2195461160019362.5
0.04838209664925957,2139.8140615787224,213981.40615787226,6.50941400376698e-05,2.7511615686271376e-11,0.00014778184835936414,4.8655728842609984e-05,4.066304325160061e-06,1.709143340834011e-14,2106318360777925.0
0.050431594871713586,2052.924590910904,205292.45909109042,6.784923167449428e-05,2.780874451346119e-11,0.00015365252079433398,5.0563652901393794e-05,4.066304325160061e-06,1.781482364312024e-14,2020789019368291.5
0.05256791122018425,1969.557954531648,196955.7954531648,7.072112595544451e-05,2.8105893017810864e-11,0.00015977033468658817,5.254664336931898e-05,4.066304325160061e-06,1.8568882147161436e-14,1938727367360840.0
0.05479472336900287,1889.5719558677515,188957.19558677514,7.371476685311739e-05,2.8403059633494484e-11,0.00016611758247119188,5.460535125429186e-05,4.066304325160061e-06,1.9354907033909313e-14,1859993434064493.2
0.05711586478126429,1812.830063890001,181283.0063890001,7.683530792736906e-05,2.870024291921451e-11,0.0001727269587051836,5.674455465197697e-05,4.066304325160061e-06,2.0174251447057682e-14,1784452825646248.5
0.0595353313081437,1739.201196093345,173920.1196093345,8.008812119716626e-05,2.8997441548309403e-11,0.00017957512816961044,5.896463053932377e-05,4.066304325160061e-06,2.1028325889984977e-14,1711976511508483.2
0.062057288067765004,1668.5595087538252,166855.95087538252,8.347880638851745e-05,2.929465429964532e-11,0.00018670394004662895,6.12713513000329e-05,4.066304325160061e-06,2.191860065393588e-14,1642440617829110.8
0.06468607661546327,1600.7841943461647,160078.4194346165,8.701320057440512e-05,2.959188004923022e-11,0.00019409977637034726,6.366592442676027e-05,4.066304325160061e-06,2.284660834912881e-14,1575726228150304.8
0.06742622241778341,1535.7592859898903,153575.928598989,9.069738822331123e-05,2.988911776249289e-11,0.00020178038778471394,6.615244711258225e-05,4.066304325160061e-06,2.3813946543145483e-14,1511719190885733.2
0.07028244264308345,1473.3734687786293,147337.34687786293,9.453771167363691e-05,3.018636648717484e-11,0.00020976587633176816,6.873505935327749e-05,4.066304325160061e-06,2.4822280511145435e-14,1450309933603226.5
0.0732596542821523,1413.5198978369215,141351.98978369214,9.854078205204736e-05,3.0483625346786146e-11,0.00021807947777026965,7.141840387046863e-05,4.066304325160061e-06,2.587334610263966e-14,1391393283929642.0
0.07636298261282241,1356.096022940772,135609.6022940772,0.00010271349065453595,3.078089353458096e-11,0.00022671708249647954,7.420478784605625e-05,4.066304325160061e-06,2.6968952729758023e-14,1334868296916734.2
0.07959777002314986,1301.0034195320081,130100.34195320081,0.00010706302080980309,3.1078170308011346e-11,0.00023569451336672703,7.709843986001674e-05,4.066304325160061e-06,2.811098648215562e-14,1280638088700735.8
0.08296958520834907,1248.1476259522203,124814.76259522203,0.00011159686024537006,3.1375454983621603e-11,0.00024501659141140723,8.010293582828192e-05,4.066304325160061e-06,2.930141337391971e-14,1228609676284165.0
0.08648423275731718,1197.437986719124,119743.7986719124,0.00011632281397771676,3.167274693234823e-11,0.0002546930941029045,8.322199376021947e-05,4.066304325160061e-06,3.054228272806675e-14,1178693823265472.2
0.09014776314524918,1148.7875016665782,114878.75016665783,0.00012124901774863442,3.197004557519328e-11,0.0002647465790456718,8.64609068981093e-05,4.066304325160061e-06,3.183573070445647e-14,1130804891340553.0
0.0939664831495469,1102.1126807689936,110211.26807689937,0.0001263839520309229,3.226735037924165e-11,0.00027519549736994086,8.98242225273579e-05,4.066304325160061e-06,3.3183983977195735e-14,1084860697399668.9
0.09794696670695395,1057.3334044712528,105733.34044712527,0.00013173645662754375,3.256466085399476e-11,0.00028604323678880816,9.331611831915519e-05,4.066304325160061e-06,3.4589363567863014e-14,1040782376043704.0
0.10209606623060465,1014.3727893464446,101437.27893464446,0.00013731574588936259,3.2861976547995886e-11,0.0002973217587439018,9.694229253732846e-05,4.066304325160061e-06,3.6054288841152765e-14,998494247344831.9
0.10642092440647247,973.1570589056114,97315.70589056113,0.0001431314245776748,3.315929704572356e-11,0.00030904173121704993,0.00010070807950890087,4.066304325160061e-06,3.758128166981705e-14,957923689678549.9
0.11092898648952228,933.6154193860185,93361.54193860185,0.00014919350439882668,3.34566219647322e-11,0.00032124161631474967,0.00010461958743030763,4.066304325160061e-06,3.917297077607609e-14,919001017456304.4
0.11562801312073753,895.6799403474148,89567.99403474148,0.00015551242123939163,3.375395095301998e-11,0.00033390952852754445,0.00010868047934944962,4.066304325160061e-06,4.08320962569697e-14,881659363590844.2
0.12052609368708427,859.2854399088806,85928.54399088805,0.00016209905313157723,3.405128368660616e-11,0.0003470651067670075,0.00011289658219246252,4.066304325160061e-06,4.256151430144179e-14,845834566529520.5
0.125631660247412,824.3693744624882,82436.93744624882,0.00016896473897978184,3.4348619867300915e-11,0.0003607022591115934,0.00011727102150226536,4.066304325160061e-06,4.436420210727601e-14,811465061694319.9
0.13095350204826678,790.8717327036458,79087.17327036457,0.00017612129808055062,3.4645959220652824e-11,0.0003748759974254333,0.00012181428906915058,4.066304325160061e-06,4.6243263006350116e-14,778491777171011.5
0.1365007806546014,758.7349338220715,75873.49338220715,0.0001835810504695236,3.494330149405943e-11,0.00038960959270830417,0.00012653055407765916,4.066304325160061e-06,4.8201931807029494e-14,746858033493794.0
0.1422830457214352,727.9037297013398,72790.37297013398,0.0001913568381304091,3.52406464550282e-11,0.0004049268207580871,0.00013142899475580648,4.066304325160061e-06,5.0243580362898106e-14,716509447375765.9
0.14831025143361043,698.3251109791681,69832.51109791681,0.0001994620471024928,3.5537993889575886e-11,0.0004208204210099838,0.00013651267709886592,4.066304325160061e-06,5.2371723377413424e-14,687393839239704.6
0.1545927736419477,669.9482168248593,66994.82168248593,0.00020791063052473795,3.5835343600755154e-11,0.0004373193061410191,0.00014178931053482026,4.066304325160061e-06,5.459002445447729e-14,659461144407811.2
0.161141427725302,642.7242482945695,64272.424829456955,0.00021671713265615283,3.613269540729856e-11,0.00045451348095420434,0.0001472723842942773,4.066304325160061e-06,5.690230240534015e-14,632663327813278.2
0.16796748720926533,616.6063851294039,61660.638512940386,0.00022589671391376923,3.643004914237031e-11,0.00047238217951129204,0.00015296445595781603,4.066304325160061e-06,5.931253782269421e-14,606954302100788.6
0.17508270317357252,591.5497058655637,59154.97058655637,0.00023546517697134214,3.672740465241753e-11,0.0004909114917174217,0.00015887169760369355,4.066304325160061e-06,6.182487993327484e-14,582289848987226.2
0.18249932448161524,567.5111111300656,56751.11111300656,0.00024543899396369206,3.7024761796112737e-11,0.0005101253397262063,0.00016500063612763472,4.066304325160061e-06,6.444365374076459e-14,558627543758087.4
0.1902301188668944,544.4492499996894,54444.924999968935,0.0002558353348435319,3.7322120443380695e-11,0.0005300879480645038,0.00017136371713920707,4.066304325160061e-06,6.717336747129944e-14,535926682779174.2
0.19828839491270714,522.3244493050094,52232.44493050094,0.0002666720969395841,3.761948047450256e-11,0.0005508221025382547,0.00017796880074346147,4.066304325160061e-06,7.001872033439154e-14,514148213907269.25
0.2066880249629082,501.09864576537365,50109.864576537366,0.0002779679357668808,3.791684177929145e-11,0.0005723923576520921,0.00018482798207996256,4.066304325160061e-06,7.298461061263102e-14,493254669687443.5
0.21544346900318845,480.73532084471566,48073.53208447157,0.00028974229714228295,3.821420425633356e-11,0.0005947809788514135,0.0001919467483101399,4.066304325160061e-06,7.60761440940928e-14,473210103228606.56
0.2245697995539774,461.1994382219737,46119.94382219737,0.0003020154506605033,3.851156781228964e-11,0.0006180137531398252,0.00019933420015851792,4.066304325160061e-06,7.929864286196356e-14,453980026652735.8
0.2340827276178292,442.4573837736848,44245.73837736848,0.00031480852458827156,3.8808932361252247e-11,0.0006421832873878134,0.00020700593848621554,4.066304325160061e-06,8.265765445652323e-14,435531352016956.9
0.243998629725955,424.47690797006834,42447.690797006835,0.00032814354223670094,3.910629782415401e-11,0.00066730642006419,0.00021497003763806778,4.066304325160061e-06,8.615896142525004e-14,417832334611332.94
0.25433457613046484,407.22707058950164,40722.70705895017,0.00034204345987447535,3.9403664128223047e-11,0.0006933980623490694,0.00022323699878645144,4.066304325160061e-06,8.980859127749098e-14,400852518538755.9
0.2651083601908539,390.6781876598046,39067.81876598046,0.00035653220624712984,3.9701031206481707e-11,0.0007204498913154398,0.00023181390612053793,4.066304325160061e-06,9.361282686083611e-14,384562684486787.75
0.27633852900531697,374.8017805381841,37480.17805381841,0.00037163472377044855,3.999839899728532e-11,0.0007485299847689282,0.00024071466727248873,4.066304325160061e-06,9.757821717705682e-14,368934799604686.06
0.28804441533962977,359.5705270449744,35957.052704497444,0.0003873770114689024,4.029576744389754e-11,0.0007776924571467176,0.00024995286942032936,4.066304325160061e-06,1.0171158865623071e-13,353941969402074.5
0.30024617090855493,344.9582145695383,34495.82145695383,0.00040378616973303514,4.059313649409952e-11,0.0008079826015672979,0.00025954121514133553,4.066304325160061e-06,1.0602005690845799e-13,339558391588903.4
0.312964801067075,330.93969506977396,33093.969506977395,0.0004208904469728636,4.089050609983027e-11,0.0008394521967819941,0.0002694938123767523,4.066304325160061e-06,1.1051103897340492e-13,325759311779374.4
0.326222200971167,317.4908418897075,31749.084188970748,0.0004387192882475892,4.1187876216855664e-11,0.000872159029146872,0.00027982521969364813,4.066304325160061e-06,1.1519226608875654e-13,312520980985491.9
0.34004119327037063,304.58850832253097,30458.850832253098,0.0004573033859553422,4.148524680446355e-11,0.0009061128515580077,0.0002905466059318735,4.066304325160061e-06,1.2007179699956262e-13,299820614828735.7
0.3544455673970435,292.2104878492493,29221.048784924933,0.0004766747326702366,4.178261782518359e-11,0.0009413477923702681,0.0003016713163243315,4.066304325160061e-06,1.2515803183139058e-13,287636354401115.9
0.3694601205199302,280.335475985839,28033.547598583904,0.000496866676217663,4.2079989244528895e-11,0.0009780407078589738,0.00031322480900151484,4.066304325160061e-06,1.3045972655116244e-13,275947228709557.88
0.3851107002325569,268.94303367439,26894.303367439,0.0005179139770826646,4.237736103075862e-11,0.0010160448521230629,0.00032520701403308025,4.066304325160061e-06,1.359860080405761e-13,264733118640104.25
0.4014242490499322,258.0135521562587,25801.355215625867,0.0005398528682502058,4.267473315465931e-11,0.001055495386085421,0.00033764095424562756,4.066304325160061e-06,1.4174638980805712e-13,253974722380927.22
0.418428850790158,247.52821926767544,24752.821926767545,0.0005627211175803504,4.297210558934359e-11,0.0010964730179120867,0.00035054531686260415,4.066304325160061e-06,1.477507883662883e-13,243653522245529.84
0.43615377892080054,237.4689871005882,23746.89871005882,0.0005865580928257362,4.3269478310065007e-11,0.0011390026860662367,0.0003639347038362867,4.066304325160061e-06,1.540095403035133e-13,233751752839812.6
0.4546295469532399,227.81854097379025,22781.854097379022,0.0006114048294032623,4.3566851294047524e-11,0.0011831518274520649,0.00037782801043202994,4.066304325160061e-06,1.60533420078e-13,224252370518913.22
0.4738879609717651,218.56026966153706,21856.026966153706,0.0006373041010366804,4.3864224520328716e-11,0.0012290037328432988,0.0003922457294755577,4.066304325160061e-06,1.6733365856630193e-13,215139024081851.8
0.4939621743878321,209.67823682897242,20967.82368289724,0.0006643004933916631,4.4161597969615276e-11,0.0012767112519523132,0.0004072143284273285,4.066304325160061e-06,1.744219623972396e-13,206396026654093.75
0.5148867450137492,201.15715362566564,20115.715362566563,0.0006924404808301503,4.445897162415008e-11,0.0013261653336663418,0.0004227402826109665,4.066304325160061e-06,1.818105341048942e-13,198008328710095.94
0.5366976945540476,192.98235239052096,19298.235239052097,0.0007217725064160948,4.475634546759002e-11,0.0013775285428229544,0.00043885171235219435,4.066304325160061e-06,1.895120931353043e-13,189961492189827.66
0.5594325706169377,185.13976142317784,18513.976142317784,0.0007523470653103183,4.505371948489325e-11,0.0014309628943787712,0.0004555775245033997,4.066304325160061e-06,1.975398977430246e-13,182241665665088.22
0.5831305113526225,177.6158807788032,17761.58807788032,0.0007842167916980722,4.5351093662215706e-11,0.001486280464371233,0.00047291959736307586,4.066304325160061e-06,2.059077678152477e-13,174835560513196.72
0.6078323128297229,170.39775904491015,17039.775904491016,0.0008174365493989222,4.5648467986815594e-11,0.001543712923463928,0.0004909135026554043,4.066304325160061e-06,2.1463010866277563e-13,167730428057336.5
0.6335804992658247,163.47297106048302,16347.297106048301,0.0008520635263149709,4.594584244696576e-11,0.0016033522937345854,0.0005095846035002216,4.066304325160061e-06,2.2372193581880358e-13,160914037634454.6
0.6604193962330305,156.8295965392917,15682.959653929172,0.0008881573328799779,4.6243217031872835e-11,0.0016652780997273601,0.0005289576977266639,4.066304325160061e-06,2.3319890088819894e-13,154374655553197.7
0.6883952069645496,150.45619956079648,15045.619956079649,0.0009257801046788782,4.654059173160282e-11,0.0017295335099378768,0.0005490542965257754,4.066304325160061e-06,2.430773184917799e-13,148101024905856.9
0.7175560918936928,144.34180889351666,14434.180889351666,0.0009649966094143687,4.6837966537012793e-11,0.001796268131280849,0.0005699071849173029,4.066304325160061e-06,2.533741943519819e-13,142082346199745.9
0.7479522515621821,138.47589911715627,13847.589911715628,0.001005874358404677,4.713534143968784e-11,0.0018655843752900714,0.0005915448840577768,4.066304325160061e-06,2.6410725456825306e-13,136308258774832.5
0.7796360130405229,132.84837251112543,13284.837251112542,0.001048483722804474,4.7432716431883046e-11,0.0019375733326756584,0.0006139957103884562,4.066304325160061e-06,2.752949761325812e-13,130768822975768.78
0.8126619200091946,127.4495416784033,12744.954167840331,0.001092898054749014,4.773009150647027e-11,0.0020122526763023574,0.0006372826939313212,4.066304325160061e-06,2.8695661873768694e-13,125454503047752.83
0.8470868266557402,122.27011287494432,12227.011287494432,0.0011391938136300162,4.802746665688887e-11,0.002089903527457765,0.0006614512952509873,4.066304325160061e-06,2.991122579326332e-13,120356150726888.66
0.8829699955494091,117.30117001601862,11730.117001601862,0.001187450697720739,4.832484187710069e-11,0.002170361281484872,0.000686512650957459,4.066304325160061e-06,3.1178281968294257e-13,115464989496884.52
0.9203731996618221,112.53415933205098,11253.415933205097,0.001237751781376743,4.86222171615483e-11,0.0022538258172618312,0.0007125068740555572,4.066304325160061e-06,3.2499011639469613e-13,110772599485082.47
0.9593608287093147,107.9608746476072,10796.08746476072,0.0012901836580486382,4.8919592505116834e-11,0.0023404483801227043,0.0007394712654653783,4.066304325160061e-06,3.387568844646545e-13,106270902971881.0
1.0,103.5734432582618,10357.344325826181,0.0013448365893529329,4.92169679030987e-11,0.0024303699690314475,0.0007674436772976101,4.066304325160061e-06,3.531068234210242e-13,101952150488679.95
1.042360673976401,99.36431238108918,9936.431238108918,0.0014018046604576478,4.9514343351161136e-11,0.002523755717814908,0.0007964651157982278,4.066304325160061e-06,3.680646367222577e-13,97808907480469.72
1.0865157746525373,95.32623615550496,9532.623615550496,0.0014611859420501896,4.981171884531638e-11,0.0026207041746235363,0.0008265706465469739,4.066304325160061e-06,3.836560742841258e-13,93834041510155.61
1.1325413151528125,91.4522631721271,9145.226317212711,0.0015230826591663075,5.0109094381894266e-11,0.002721250114305514,0.000857792048452392,4.066304325160061e-06,3.9990797680826685e-13,90020709982636.72
1.1805165285688055,87.7357245082292,8773.57245082292,0.0015876013671707431,5.0406469957516755e-11,0.0028256692773338866,0.0008901823811327763,4.066304325160061e-06,4.1684832198852133e-13,86362348367546.81
1.2305240043592616,84.17022224921983,8417.022224921984,0.0016548531351926112,5.070384556907489e-11,0.0029341977761847774,0.000923791691263141,4.066304325160061e-06,4.3450627267461577e-13,82852658900413.5
1.2826498305280598,80.74961847642746,8074.961847642746,0.0017249537373311787,5.100122121370722e-11,0.003046791568081982,0.0009586483511653884,4.066304325160061e-06,4.529122270760798e-13,79485599742823.36
1.3369837418249453,77.46802470225428,7746.802470225429,0.0017980238519612994,5.129859688878017e-11,0.003163606272515363,0.0009947987693001668,4.066304325160061e-06,4.720978710928495e-13,76255374582953.22
1.3936192742241436,74.3197917345408,7431.97917345408,0.001874189269481555,5.159597259186985e-11,0.003284656708102361,0.0010322788979873325,4.066304325160061e-06,4.920962328626268e-13,73156422658593.56
1.4526539259467812,71.29949995271245,7129.949995271245,0.001953581108862761,5.1893348320745365e-11,0.0034102865122334256,0.0010711526222911768,4.066304325160061e-06,5.129417396189073e-13,70183409185507.86
1.514189325304352,68.4019499789879,6840.1949978987905,0.0020363360433696413,5.219072407335349e-11,0.0035406508863034193,0.0011114694337323037,4.066304325160061e-06,5.346702769575584e-13,67331216174669.914
1.5783314056521165,65.62215372860881,6562.21537286088,0.0021225965358441963,5.2488099847804454e-11,0.0036759546020182694,0.0011532847294490006,4.066304325160061e-06,5.573192506139629e-13,64594933622589.055
1.6451905877536608,62.955325823694956,6295.532582369496,0.002212511083955902,5.2785475642359e-11,0.0038164266050335796,0.001196658332899444,4.066304325160061e-06,5.809276508571014e-13,61969851059569.22
1.7148819698705409,60.396875355962,6039.6875355962,0.0023062344758408198,5.308285145541636e-11,0.003962206549949008,0.001241642199954168,4.066304325160061e-06,6.055361196113983e-13,59451449441369.305
1.7875255259042355,57.94239798412913,5794.239798412913,0.0024039280565697815,5.3380227285503175e-11,0.004113394876787553,0.0012882834292792943,4.066304325160061e-06,6.311870204219026e-13,57035393370314.586
1.8632463119315599,55.58766835242342,5558.7668352423425,0.0025057600059044003,5.367760313126348e-11,0.004270329820110266,0.0013366571578171602,4.066304325160061e-06,6.579245113832534e-13,54717523632478.445
1.9421746814890244,53.32863281714104,5332.863281714104,0.002611905627818937,5.397497899144922e-11,0.004433466283570429,0.0013868468228676795,4.066304325160061e-06,6.857946211579473e-13,52493850038098.7
2.024446509976802,51.16140246874813,5116.140246874813,0.0027225476522866054,5.4272354864911764e-11,0.004602641944998814,0.0014388860391582492,4.066304325160061e-06,7.148453282148154e-13,50360544552907.516
2.1102034285685964,49.082246437519885,4908.224643751989,0.002837876549849673,5.45697307505939e-11,0.004778016283531725,0.0014928356400714321,4.066304325160061e-06,7.451266434240764e-13,48313934708560.95
2.1995930680300746,47.0875854711968,4708.758547119681,0.0029580908595150373,5.4867106647522654e-11,0.004959813598436026,0.001548765701039476,4.066304325160061e-06,7.766906961511903e-13,46350497280827.805
2.292769312865649,45.17398577360936,4517.398577360936,0.0030833975305396494,5.516448255480248e-11,0.005148445464738292,0.0016067622201180849,4.066304325160061e-06,8.095918239976993e-13,44466852224661.67
2.389892566231048,43.338153093668545,4333.815309366854,0.0032140122786942144,5.546185847160913e-11,0.005344165864922782,0.0016669005020716371,4.066304325160061e-06,8.438866663435539e-13,42659756855719.86
2.491130026067791,41.576927054550715,4157.6927054550715,0.0033501599576184825,5.575923439718407e-11,0.005547252107765221,0.0017292601565078673,4.066304325160061e-06,8.796342618519603e-13,40926100268316.61
2.5966559729348724,39.887275713319006,3988.727571331901,0.0034920749459073576,5.605661033082904e-11,0.005757888658821847,0.0017939134554751433,4.066304325160061e-06,9.168961501045901e-13,39262897980205.81
2.7066520700332415,38.26629034161739,3826.6290341617396,0.003640001550594335,5.63539862719015e-11,0.005976447603730758,0.0018609520990766416,4.066304325160061e-06,9.557364775421477e-13,37667286794975.77
2.8213076759394706,36.711180418457566,3671.118041845756,0.0037941944277266756,5.6651362219810004e-11,0.006203299854615158,0.0019304708017456517,4.066304325160061e-06,9.962221078926322e-13,36136519873216.76
2.940820170587061,35.2192688264798,3521.92688264798,0.00395491902075647,5.694873817401023e-11,0.006438657842188555,0.002002547907400881,4.066304325160061e-06,1.0384227372774215e-12,34667962003977.54
3.06539529505653,33.787987243420424,3378.7987243420425,0.004122452017502295,5.724611413400118e-11,0.006682918828048899,0.00207728306796648,4.066304325160061e-06,1.0824110141933456e-12,33259085068372.656
3.1952475057592133,32.414871720855785,3241.4871720855785,0.004297081826467983,5.754349009932176e-11,0.006936485224161738,0.002154779810437631,4.066304325160061e-06,1.1282626645772509e-12,31907463687534.906
3.330600343624589,31.097558442611398,3109.75584426114,0.004479109073338672,5.784086606954758e-11,0.007199166272228104,0.002235095005854188,4.066304325160061e-06,1.1760566221684178e-12,30610771047420.37
3.4716868189265595,29.833779655537466,2983.3779655537464,0.0046688471185087265,5.813824204428806e-11,0.007471489497467061,0.0023183472624235197,4.066304325160061e-06,1.2258751643932008e-12,29366774893281.844
3.6187498124112767,28.62135976564634,2862.135976564634,0.00486662259653249,5.843561802318371e-11,0.007753955254843955,0.00240465258258851,4.066304325160061e-06,1.2778040540058396e-12,28173333686915.57
3.7720424934170014,27.458211592892795,2745.8211592892794,0.005072775978426563,5.873299400590369e-11,0.008046967881902935,0.002494123585624791,4.066304325160061e-06,1.3319326867292711e-12,27028392920067.562
3.9318287557057703,26.34233277815104,2634.233277815104,0.005287662157791517,5.903036999214345e-11,0.00835083871682123,0.00258686842435018,4.066304325160061e-06,1.3883542451500961e-12,25929981577654.203
4.0983836717572615,25.271802336203162,2527.1802336203164,0.005511651061762268,5.932774598162272e-11,0.008665986741024772,0.002683005673243159,4.066304325160061e-06,1.447165859132672e-12,24876208744708.66
4.271993966306777,24.24477734880723,2424.477734880723,0.005745128287838575,5.962512197408356e-11,0.008992848851922601,0.002782660625462883,4.066304325160061e-06,1.5084687730284221e-12,23865260351214.246
4.4529585099426505,23.25948979215177,2325.9489792151767,0.00598849576769218,5.992249796928855e-11,0.009331871531603511,0.0028859613143210026,4.066304325160061e-06,1.5723685199682596e-12,22895396049220.516
4.641588833612782,22.31424349323623,2231.4243493236227,0.0062421724590932684,6.02198739670192e-11,0.009683780991970495,0.002993064159664798,4.066304325160061e-06,1.6389751035381584e-12,21964946216867.203
4.838209664925957,21.407411209938324,2140.7411209938327,0.006506595067147385,6.051724996707439e-11,0.010048617905780906,0.0031040672263250016,4.066304325160061e-06,1.7084031871506189e-12,21072309084158.9
5.0431594871713585,20.53743182974215,2053.743182974215,0.006782218796084454,6.081462596926902e-11,0.010427284330146636,0.003219141497580358,4.066304325160061e-06,1.7807722914380427e-12,20215947975543.016
5.256791122018419,19.702807682304993,1970.2807682304995,0.007069518132894101,6.111200197343272e-11,0.010819962551207294,0.003338410049415948,4.066304325160061e-06,1.8562070000078272e-12,19394388664544.523
5.479472336900281,18.902101961237182,1890.2101961237183,0.0073689876641562435,6.140937797940874e-11,0.01122656714801948,0.0034619763420916,4.066304325160061e-06,1.93483717391337e-12,18606216835904.07
5.711586478126435,18.133936250656436,1813.3936250656434,0.007681142927473243,6.170675398705274e-11,0.011648233867307858,0.003590043713577627,4.066304325160061e-06,2.0167981752102293e-12,17850075650850.582
5.95353313081437,17.396988152259375,1739.6988152259373,0.008006521298969248,6.20041299962319e-11,0.01208552174604119,0.0037227761097504333,4.066304325160061e-06,2.102231099982257e-12,17124663411317.545
6.2057288067765,16.689989008825194,1668.9989008825194,0.008345682918384672,6.230150600682399e-11,0.012538926406009737,0.0038603326641859738,4.066304325160061e-06,2.191283021238901e-12,16428731319081.926
6.46860766154632,16.011721720233044,1601.1721720233043,0.008699211653358227,6.259888201871651e-11,0.013008985157234714,0.004002877913149617,4.066304325160061e-06,2.284107242101771e-12,15761081325968.66
6.742622241778335,15.361018648233346,1536.1018648233346,0.00906771610455664,6.289625803180589e-11,0.01349638580907629,0.004150600016898792,4.066304325160061e-06,2.380863559716379e-12,15120564071419.746
7.028244264308353,14.73675960636631,1473.6759606366309,0.00945183065338238,6.319363404599686e-11,0.014001734640380957,0.0043036793032705245,4.066304325160061e-06,2.481718540343369e-12,14506076903877.688
7.3259654282152304,14.137869931567893,1413.7869931567893,0.00985221655406283,6.349101006120168e-11,0.014525782247954633,0.004462317725854578,4.066304325160061e-06,2.5868458061027463e-12,13916561982577.686
7.636298261282241,13.563318634142746,1356.3318634142745,0.010269563072001367,6.378838607733962e-11,0.015069035967871026,0.0046266959694943165,4.066304325160061e-06,2.6964263338648643e-12,13351004456480.06
7.959777002314977,13.01211662292047,1301.2116622920469,0.010704588670349461,6.408576209433637e-11,0.015632515729452925,0.0047970507728308034,4.066304325160061e-06,2.8106487668025614e-12,12808430717209.172
8.296958520834915,12.483315002539005,1248.3315002539005,0.011158042246843088,6.43831381121236e-11,0.016217226198171023,0.004973606872447182,4.066304325160061e-06,2.929709739140923e-12,12287906722990.332
8.648423275731727,11.976003439924899,1197.6003439924898,0.01163070442303195,6.46805141306383e-11,0.01682300736339755,0.005156510806699165,4.066304325160061e-06,3.053814214663575e-12,11788536390700.494
9.014776314524918,11.48930859715737,1148.9308597157371,0.012123388888121837,6.497789014982257e-11,0.017450383504343515,0.0053459689700722105,4.066304325160061e-06,3.1831758395584492e-12,11309460053263.568
9.39664831495469,11.022392628019572,1102.2392628019572,0.012636943799742588,6.527526616962309e-11,0.018100694870615438,0.005542261680941072,4.066304325160061e-06,3.3180173102102252e-12,10849852979735.988
9.794696670695386,10.574451735647997,1057.4451735647997,0.013172253244053864,6.557264218999082e-11,0.01877479118340323,0.005745627915449009,4.066304325160061e-06,3.458570756572788e-12,10408923955534.047
10.209606623060475,10.14471478879774,1014.4714788797742,0.013730238757701697,6.587001821088056e-11,0.019473515378674786,0.005956317183079384,4.066304325160061e-06,3.6050781417815256e-12,9985913920359.53
10.642092440647247,9.732441994341043,973.2441994341044,0.014311860914246449,6.616739423225074e-11,0.02019785954804019,0.006174610795809047,4.066304325160061e-06,3.757791678693559e-12,9580094661478.367
11.092898648952227,9.336923623714322,933.6923623714321,0.014918120977792645,6.646477025406313e-11,0.02094856265073853,0.006400733135322317,4.066304325160061e-06,3.91697426407282e-12,9190767560103.31
11.562801312073754,8.957478791120925,895.7478791120926,0.015550062626667954,6.676214627628251e-11,0.021726659700029877,0.006634987388653045,4.066304325160061e-06,4.082899931167561e-12,8817262388722.15
12.052609368708413,8.593454281386673,859.3454281386674,0.016208773750118102,6.705952229887644e-11,0.022533027224331037,0.006877652678948003,4.066304325160061e-06,4.255854321459314e-12,8458936157301.493
12.563166024741214,8.244223425450013,824.4223425450012,0.0168953883211113,6.735689832181517e-11,0.02336865266318961,0.007128995713548693,4.066304325160061e-06,4.436135176395491e-12,8115172006379.485
13.095350204826676,7.909185021551403,790.9185021551403,0.017611088348475433,6.765427434507115e-11,0.02423478111796637,0.0073893789042693316,4.066304325160061e-06,4.624052849952011e-12,7785378145142.439
13.650078065460137,7.587762300264167,758.7762300264167,0.018357105911729867,6.79516503686192e-11,0.025133221860126446,0.0076591463480897,4.066304325160061e-06,4.819930842908621e-12,7468986832656.617
14.22830457214352,7.279401931585842,727.9401931585843,0.01913472528211335,6.824902639243603e-11,0.026064341822813728,0.00793856982720713,4.066304325160061e-06,5.024106359756273e-12,7165453400502.138
14.831025143361028,6.983573072380265,698.3573072380266,0.01994528513346038,6.854640241650023e-11,0.02702812655632113,0.008227899514850995,4.066304325160061e-06,5.236930889195555e-12,6874255315125.985
15.459277364194785,6.699766452530629,669.9766452530629,0.020790180846732068,6.884377844079212e-11,0.028026566194065454,0.008527519254018625,4.066304325160061e-06,5.458770809225506e-12,6594891278300.014
16.114142772530197,6.427493498230627,642.7493498230626,0.021670866912167894,6.914115446529354e-11,0.02906140506715253,0.008837881059888914,4.066304325160061e-06,5.6900080178642376e-12,6326880364135.711
16.79674872092653,6.166285490904052,616.6285490904053,0.02258885943319482,6.943853048998785e-11,0.030133193953144614,0.009159228181932254,4.066304325160061e-06,5.931040590587471e-12,6069761191169.692
17.508270317357233,5.915692760305282,591.5692760305282,0.02354573873640325,6.973590651485966e-11,0.031243945409615358,0.009492073685254152,4.066304325160061e-06,6.18228346561649e-12,5823091128095.033
18.249932448161506,5.67528391041135,567.528391041135,0.024543152092083534,7.003328253989484e-11,0.0323949518511822,0.00983678980272249,4.066304325160061e-06,6.4441691582354186e-12,5586445531770.886
19.023011886689456,5.444645076773061,544.4645076773062,0.025582816550006326,7.033065856508039e-11,0.03358696357013848,0.010193644545633042,4.066304325160061e-06,6.71714850536747e-12,5359417016198.6875
19.828839491270713,5.223379214046789,522.3379214046789,0.026666521895328095,7.062803459040433e-11,0.03482245768934003,0.010563325967818591,4.066304325160061e-06,7.001691441691854e-12,5141614751206.623
20.66880249629082,5.011105412480207,501.11054124802075,0.02779613372971138,7.092541061585564e-11,0.036101771951213876,0.010945988599072509,4.066304325160061e-06,7.298287808637666e-12,4932663789634.782
21.54434690031882,4.807458242175557,480.74582421755576,0.028973596682962892,7.12227866414242e-11,0.03742688073796772,0.011342185287249288,4.066304325160061e-06,7.60744819764718e-12,4732204421863.04
22.456979955397717,4.61208712400143,461.208712400143,0.030200937760718926,7.152016266710063e-11,0.03880074880410792,0.01175264442480951,4.066304325160061e-06,7.929704829160373e-12,4539891556570.312
23.408272761782943,4.424655726070111,442.4655726070111,0.03148026983394125,7.181753869287638e-11,0.040223142770178716,0.012177371750599929,4.066304325160061e-06,8.265612468833923e-12,4355394126659.1616
24.399862972595503,4.244841384741656,424.48413847416566,0.032813795276229754,7.211491471874353e-11,0.041697324253530205,0.012617268155799126,4.066304325160061e-06,8.61574938257165e-12,4178394519323.243
25.433457613046482,4.07233454915776,407.233454915776,0.03420380975521477,7.241229074469478e-11,0.0432235154119805,0.013072724006423116,4.066304325160061e-06,8.98071833201092e-12,4008588029276.1675
26.510836019085364,3.9068382483493207,390.68382483493207,0.035652706184555134,7.270966677072347e-11,0.044802701744808236,0.013543905636282948,4.066304325160061e-06,9.361147612178408e-12,3845682334200.7456
27.633852900531725,3.7480675800003236,374.80675800003235,0.037162978843345275,7.300704279682341e-11,0.046439247064407066,0.014031910833714235,4.066304325160061e-06,9.757692133101658e-12,3689396991515.5293
28.80444153396298,3.5957492199878978,359.57492199878976,0.038737227670023425,7.330441882298894e-11,0.04813396218658292,0.01453706038448831,4.066304325160061e-06,1.0171034547238425e-11,3539462955592.3096
30.024617090855493,3.4496209518542376,344.9620951854238,0.04037816273817262,7.36017948492148e-11,0.04988823409874854,0.015059794484311523,4.066304325160061e-06,1.0601886424664746e-11,3395622114593.4785
31.296480106707506,3.3094312154003713,330.9431215400371,0.042088608921919915,7.389917087549624e-11,0.05170589496346308,0.01560109817838934,4.066304325160061e-06,1.1050989478044802e-11,3257626846131.909
32.62222009711667,3.174938673624754,317.4938673624754,0.04387151075896434,7.419654690182881e-11,0.053587250030705934,0.016161214366369393,4.066304325160061e-06,1.1519116839491126e-11,3125239590988.501
34.004119327037095,3.0459117972610357,304.5911797261036,0.04572993751960677,7.449392292820844e-11,0.055535302047731945,0.016740958823028704,4.066304325160061e-06,1.2007074391513725e-11,2998232444153.409
35.44455673970435,2.9221284661999167,292.2128466199917,0.0476670884905068,7.479129895463137e-11,0.05755308621726004,0.01734110151609202,4.066304325160061e-06,1.2515702154348892e-11,2876386762487.0654
36.94601205199302,2.803375587108839,280.33755871088385,0.04968629848226347,7.508867498109417e-11,0.05964152997400998,0.017962071603128207,4.066304325160061e-06,1.3045875732056386e-11,2759492788325.481
38.51107002325569,2.6894487265913147,268.9448726591315,0.05179104357030063,7.538605100759365e-11,0.06180382469095948,0.018604780224916427,4.066304325160061e-06,1.3598507819874129e-11,2647349288381.9385
40.14242490499318,2.58015175925435,258.01517592543496,0.053984947078940124,7.568342703412691e-11,0.0640426846345823,0.019269868471436503,4.066304325160061e-06,1.4174549775425528e-11,2539763207323.4062
41.84288507901584,2.4752965300780985,247.52965300780983,0.05627178581896433,7.598080306069126e-11,0.06636096432161889,0.019958155881492842,4.066304325160061e-06,1.477499325648415e-11,2436549335425.317
43.615377892080055,2.374702530506554,237.47025305065537,0.05865549658940574,7.627817908728418e-11,0.0687602068860582,0.02067038149317316,4.066304325160061e-06,1.5400871928115206e-11,2337529989732.586
45.462954695323994,2.2781965877015886,227.8196587701589,0.06114018295475793,7.657555511390345e-11,0.07124284514399826,0.021407164049336038,4.066304325160061e-06,1.6053263242132902e-11,2242534708177.93
47.38879609717651,2.185612566425528,218.56125664255282,0.0637301223092718,7.687293114054695e-11,0.07381251642520285,0.02216954411294275,4.066304325160061e-06,1.6733290291936417e-11,2151399956131.0425
49.396217438783154,2.0967910830388887,209.67910830388888,0.06642977324050216,7.717030716721274e-11,0.07647224220579617,0.022958353255960687,4.066304325160061e-06,1.744212374591838e-11,2063968844873.2817
51.48867450137497,2.011579231121068,201.15792311210677,0.06924378320477756,7.746768319389906e-11,0.07922484960556378,0.023774357586151942,4.066304325160061e-06,1.8180983862773533e-11,1980090861513.3745
53.66976945540476,1.929830318241542,192.98303182415418,0.07217699652780903,7.776505922060428e-11,0.08207354277144291,0.024618590044846133,4.066304325160061e-06,1.8951142592177386e-11,1899621609879.0798
55.94325706169378,1.8514036134284744,185.14036134284743,0.07523446274421002,7.806243524732688e-11,0.08502134642616596,0.025491916747813786,4.066304325160061e-06,1.9753925764451058e-11,1822422561938.812
58.313051135262185,1.7761641048999943,177.61641048999942,0.07842144529028355,7.835981127406546e-11,0.08807181784805647,0.02639530460005145,4.066304325160061e-06,2.0590715372981663e-11,1748360819325.287
60.78323128297224,1.7039822676410654,170.39822676410654,0.08174343056504206,7.86571873008188e-11,0.09122836252033377,0.027329788001742423,4.066304325160061e-06,2.1462951953327676e-11,1677308884550.6392
63.35804992658254,1.6347338404258391,163.47338404258392,0.0852061373750581,7.895456332758569e-11,0.09449463822838737,0.028296379120632632,4.066304325160061e-06,2.237213706310477e-11,1609144441519.1675
66.04193962330305,1.5682996119016457,156.82996119016457,0.08881552677940455,7.925193935436504e-11,0.09787410658438929,0.029296118614043184,4.066304325160061e-06,2.3319835866921156e-11,1543750144959.874
68.83952069645497,1.5045652153663192,150.45652153663193,0.09257781235163497,7.954931538115588e-11,0.10137014751698147,0.030330051761053706,4.066304325160061e-06,2.4307679830812885e-11,1481013418416.2532
71.75560918936921,1.4434209318856377,144.34209318856378,0.09649947087646658,7.984669140795728e-11,0.10498727275778745,0.031399368952482555,4.066304325160061e-06,2.533736953081692e-11,1420826260445.6438
74.79522515621814,1.3847615014118968,138.47615014118966,0.10058725349958207,8.014406743476841e-11,0.10872935605511798,0.032505223769610604,4.066304325160061e-06,2.64106775805172e-11,1363085058694.4695
77.96360130405237,1.328485941578447,132.8485941578447,0.10484819734974615,8.04414434615885e-11,0.1125999662152359,0.033648737725838554,4.066304325160061e-06,2.7529451682603992e-11,1307690411529.286
81.26619200091946,1.2744973738583063,127.44973738583063,0.10928963765324008,8.073881948841684e-11,0.11660274984696475,0.03483110552420265,4.066304325160061e-06,2.869561780969861e-11,1254546956916.6284
84.70868266557402,1.2227028567875013,122.27028567875013,0.11391922036147499,8.103619551525276e-11,0.12074278058419907,0.036053655451000116,4.066304325160061e-06,2.9911183519920905e-11,1203563208257.003
88.29699955494083,1.1730132259661066,117.30132259661067,0.11874491531351668,8.133357154209562e-11,0.12502440456509958,0.037317643599146216,4.066304325160061e-06,3.1178241412905654e-11,1154651396890.476
92.03731996618231,1.125342940561485,112.53429405614851,0.12377502995618608,8.163094756894496e-11,0.12945248343505256,0.0386244809521079,4.066304325160061e-06,3.2498972732218707e-11,1107727321002.687
95.93608287093147,1.0796099360495361,107.96099360495361,0.12901822364534932,8.192832359580017e-11,0.13403142889988293,0.03997547863795239,4.066304325160061e-06,3.3875651120373217e-11,1062710200671.2184
100.0,1.035735482940381,103.5735482940381,0.13448352255302437,8.222569962266085e-11,0.13876647454102292,0.041372115805818226,4.066304325160061e-06,3.531064653291183e-11,1019522538802.7277
104.23606739764011,0.9936440512453507,99.36440512453507,0.14018033520595896,8.252307564952652e-11,0.14366220721287354,0.042815770356167196,4.066304325160061e-06,3.68064293182912e-11,978089987721.5083
108.65157746525372,0.9532631804519067,95.32631804519067,0.14611846868243505,8.282045167639679e-11,0.14872415445882206,0.04430801758638391,4.066304325160061e-06,3.8365574470593594e-11,938341221179.7648
113.25413151528126,0.9145233547826717,91.45233547826717,0.15230814549518115,8.311782770327133e-11,0.15395728780057258,0.045850350925875936,4.066304325160061e-06,3.9990766062386283e-11,900207811569.2853
118.05165285688055,0.8773578835238499,87.73578835238499,0.15876002118945334,8.341520373014977e-11,0.1593671941070339,0.04744438365056073,4.066304325160061e-06,4.168480186535914e-11,863624112123.145
123.05240043592616,0.8417027862169696,84.17027862169697,0.16548520268658715,8.371257975703179e-11,0.1649600887518652,0.04909181786180844,4.066304325160061e-06,4.3450598166696654e-11,828527143904.6086
128.26498305280597,0.8074966825163576,80.74966825163577,0.17249526740459237,8.400995578391711e-11,0.1707413929906978,0.05079429605011093,4.066304325160061e-06,4.529119478947415e-11,794856487388.7262
133.69837418249452,0.7746806865227184,77.46806865227184,0.17980228318870772,8.430733181080548e-11,0.17671616577786453,0.05255346255780474,4.066304325160061e-06,4.720976032572097e-11,762554178449.9669
139.36192742241434,0.7431983054108916,74.31983054108916,0.18741882908623092,8.460470783769667e-11,0.1828917676472802,0.05437122629800374,4.066304325160061e-06,4.920959759116069e-11,731564608576.8141
145.26539259467813,0.712995342177317,71.2995342177317,0.19535801700137903,8.490208386459042e-11,0.18927355456751396,0.05624933224124527,4.066304325160061e-06,5.129414931101639e-11,701834429141.5769
151.4189325304352,0.6840198023397296,68.40198023397295,0.2036335142674715,8.519945989148656e-11,0.19586766303056524,0.058189631015551975,4.066304325160061e-06,5.346700404667262e-11,673312459560.5684
157.83314056521164,0.6562218044285362,65.62218044285362,0.21225956717527697,8.549683591838485e-11,0.20268128101396574,0.06019410354501468,4.066304325160061e-06,5.573190237339232e-11,645949599186.6091
164.51905877536606,0.6295534941157229,62.95534941157229,0.22125102549804376,8.579421194528518e-11,0.2097211511057603,0.06226471894043187,4.066304325160061e-06,5.80927433197279e-11,619698742782.1237
171.4881969870541,0.6039689618335057,60.39689618335057,0.23062336805542308,8.609158797218735e-11,0.216994268837378,0.06440354161376455,4.066304325160061e-06,6.055359107970907e-11,594514699427.3517
178.75255259042353,0.5794241637408876,57.94241637408876,0.2403927293602983,8.638896399909123e-11,0.22450792189421223,0.06661265361286701,4.066304325160061e-06,6.311868200936363e-11,570354114724.0592
186.324631193156,0.5558768459020643,55.58768459020643,0.2505759273943939,8.668634002599668e-11,0.23226958414893062,0.06889428150717772,4.066304325160061e-06,6.579243191961615e-11,547175396160.8239
194.21746814890244,0.5332864715461657,53.328647154616576,0.2611904925604743,8.698371605290356e-11,0.240286634899524,0.07125054627482043,4.066304325160061e-06,6.857944367811795e-11,524938641511.4175
202.44465099768018,0.5116141512830906,51.16141512830906,0.2722546978609816,8.728109207981178e-11,0.24856687143977377,0.07368378986629714,4.066304325160061e-06,7.14845151330967e-11,503605570143.0129
211.02034285685966,0.49082257615532415,49.08225761553242,0.2837875903550559,8.757846810672123e-11,0.25711804485544604,0.0761963131975006,4.066304325160061e-06,7.451264737286435e-11,483139457115.9783
219.95930680300748,0.47087595341046673,47.08759534104667,0.2958090239480982,8.787584413363178e-11,0.26594883844432693,0.07879050607704317,4.066304325160061e-06,7.766905333520388e-11,463505069961.7942
229.27693128656486,0.4517399448839083,45.17399448839083,0.30833969357032626,8.817322016054338e-11,0.2750675034803731,0.08146883505638497,4.066304325160061e-06,8.0959166781457e-11,444668608030.25824
238.98925662310478,0.4333816078855924,43.338160788559236,0.3214011708031484,8.847059618745592e-11,0.2844824625607412,0.08423388631321163,4.066304325160061e-06,8.438865165075769e-11,426597644301.5815
249.1130026067786,0.4157693384890848,41.57693384890848,0.33501594101470067,8.876797221436935e-11,0.29420293347899257,0.08708822841715463,4.066304325160061e-06,8.796341181051923e-11,409261069563.18506
259.6655972934872,0.3988728171253303,39.88728171253303,0.3492074420684678,8.906534824128358e-11,0.30423706660466204,0.09003435757076889,4.066304325160061e-06,9.168960121995737e-11,392629038855.108
270.66520700332416,0.3826629563874342,38.26629563874342,0.36400010467162713,8.936272426819855e-11,0.31459368810366123,0.09307495009398513,4.066304325160061e-06,9.557363452414773e-11,376672920091.82935
282.1307675939471,0.3671118509566102,36.71118509566102,0.37941939443257927,8.96601002951142e-11,0.32528453885693737,0.09621331514945024,4.066304325160061e-06,9.962219809685497e-11,361365244772.0535
294.08201705870607,0.352192729563101,35.2192729563101,0.39549185570006046,8.99574763220305e-11,0.33631717521886634,0.09945181327953287,4.066304325160061e-06,1.0384226155114306e-10,346679660691.61304
306.539529505653,0.3378799088993669,33.787990889936694,0.41224515725930844,9.025485234894738e-11,0.34770039770796674,0.10279303293246857,4.066304325160061e-06,1.0824108973758234e-10,332590886578.0798
319.52475057592136,0.324148749406203,32.414874940620294,0.429708139963951,9.055222837586478e-11,0.35944856118333446,0.10624099755905289,4.066304325160061e-06,1.128262552507095e-10,319074668568.98645
333.06003436245885,0.31097561285566894,31.097561285566893,0.4479108663856153,9.084960440278265e-11,0.37157058505157564,0.10979835482017962,4.066304325160061e-06,1.1760565146526994e-10,306107738458.73505
347.16868189265597,0.29833782165781886,29.833782165781884,0.46688467256672367,9.1146980429701e-11,0.3840729961986339,0.11346741992602039,4.066304325160061e-06,1.2258750612468324e-10,293667773642.32007
361.87498124112767,0.28621361982116805,28.621361982116806,0.4866622219655762,9.144435645661975e-11,0.396972217408591,0.11725262445792718,4.066304325160061e-06,1.2778039550512562e-10,281733358686.9039
377.2042493417001,0.27458213549969773,27.458213549969773,0.5072775616865784,9.17417324835389e-11,0.41027765657146337,0.12115679266914677,4.066304325160061e-06,1.3319325917961178e-10,270283948465.0932
393.18287557057704,0.26342334506191295,26.342334506191296,0.5287661810924269,9.203910851045839e-11,0.42399871823807306,0.12518305782019065,4.066304325160061e-06,1.3883541540749477e-10,259299832786.4448
409.83836717572615,0.2527180386201085,25.27180386201085,0.5511650728991423,9.233648453737821e-11,0.4381496229260163,0.12933510818865254,4.066304325160061e-06,1.4471657717587434e-10,248762102466.3203
427.19939663067765,0.2424477869604966,24.24477869604966,0.5745127968591255,9.263386056429831e-11,0.45274146011874294,0.13361655675106648,4.066304325160061e-06,1.5084686892052963e-10,238652616773.67538
445.2958509942651,0.2325949098172639,23.25949098172639,0.5988495461418815,9.293123659121871e-11,0.46778517862830904,0.1380308567412232,4.066304325160061e-06,1.572368439551638e-10,228953972201.74063
464.1588833612782,0.2231424454359491,22.31424454359491,0.6242172165266605,9.322861261813936e-11,0.48329471113332134,0.14258166987886237,4.066304325160061e-06,1.638975026389603e-10,219649472507.84036
483.82096649259574,0.21407412137373527,21.407412137373527,0.6506594785261595,9.352598864506024e-11,0.49928245202829197,0.14727291736896878,4.066304325160061e-06,1.7084031131373173e-10,210723099970.76443
504.3159487171359,0.2053743264863963,20.53743264863963,0.678221852565426,9.382336467198131e-11,0.5157601026607299,0.1521081571763908,4.066304325160061e-06,1.7807722204325783e-10,202159487816.2184
525.6791122018419,0.19702808405366892,19.70280840536689,0.706951787345397,9.41207406989026e-11,0.5327413432765055,0.15709148724132954,4.066304325160061e-06,1.856206931887967e-10,193943893762.87933
547.9472336900282,0.18902102599679152,18.902102599679154,0.7368987415259542,9.441811672582406e-11,0.5502399505210007,0.16222698705106608,4.066304325160061e-06,1.9348371085618438e-10,186062174643.52155
571.1586478126435,0.18133936814381524,18.133936814381524,0.7681142688691505,9.471549275274571e-11,0.5682690695103135,0.16751858470349185,4.066304325160061e-06,2.0167981125145362e-10,178500762057.51373
595.353313081437,0.17396988650011727,17.396988650011725,0.8006521069891396,9.501286877966749e-11,0.5868428738521937,0.17297050003792494,4.066304325160061e-06,2.102231039834464e-10,171246639012.78305
620.57288067765,0.16689989448325596,16.689989448325594,0.8345682698616349,9.53102448065894e-11,0.6059757326844282,0.1785870518336087,4.066304325160061e-06,2.1912829635354635e-10,164287317517.02582
646.8607661546321,0.16011722108298723,16.011722108298724,0.8699211442521101,9.560762083351147e-11,0.6256817388053283,0.18437251912131927,4.066304325160061e-06,2.284107186743352e-10,157610817079.5973
674.2622241778336,0.1536101899088368,15.361018990883679,0.906771590228777,9.590499686043364e-11,0.6459754096255363,0.19033125291545158,4.066304325160061e-06,2.380863506607683e-10,151205644087.0638
702.8244264308353,0.1473675990891626,14.73675990891626,0.9451830459333559,9.620237288735593e-11,0.6668714862151306,0.19646771811112912,4.066304325160061e-06,2.4817184893929684e-10,145060772016.9166
732.596542821523,0.14137870198710425,14.137870198710424,0.9852216367899991,9.649974891427834e-11,0.6883851402117815,0.20278652046038828,4.066304325160061e-06,2.5868457572229276e-10,139165622455.38486
763.6298261282242,0.135633188700216,13.563318870021602,1.0269562893404016,9.67971249412008e-11,0.7105323083279768,0.2092923357190194,4.066304325160061e-06,2.696426286971477e-10,133510046886.66577
795.9777002314978,0.13012116831194415,13.012116831194414,1.0704588499010168,9.709450096812336e-11,0.7333280307368918,0.2159898218723402,4.066304325160061e-06,2.810648721814884e-10,128084309222.22887
829.6958520834916,0.12483315186438657,12.483315186438656,1.1158042082466875,9.739187699504602e-11,0.7567876778849465,0.22288377259406753,4.066304325160061e-06,2.929709695981507e-10,122879069040.11299
864.8423275731726,0.11976003602302769,11.97600360230277,1.1630704265335852,9.768925302196874e-11,0.7809276809334702,0.22997909867844882,4.066304325160061e-06,3.053814173258122e-10,117885365505.36574
901.4776314524918,0.11489308740532159,11.48930874053216,1.2123388736834377,9.798662904889153e-11,0.8057641427316338,0.23728073152957807,4.066304325160061e-06,3.1831757998356797e-10,113094601943.9403
939.6648314954691,0.1102239275461521,11.02239275461521,1.2636943654603328,9.828400507581436e-11,0.8313144751915286,0.24479388889511947,4.066304325160061e-06,3.3180172721017564e-10,108498531043.49953
979.4696670695386,0.10574451847428162,10.574451847428161,1.3172253104812923,9.858138110273727e-11,0.8575943388165639,0.25252346297563,4.066304325160061e-06,3.4585707200130105e-10,104089240655.64455
1020.9606623060475,0.10144714887496263,10.144714887496264,1.3730238624119406,9.887875712966024e-11,0.8846186306338552,0.2604742791874416,4.066304325160061e-06,3.6050781067075103e-10,99859140175.13069
1064.2092440647245,0.09732442081488887,9.732442081488887,1.4311860786092816,9.917613315658323e-11,0.9124067823778325,0.268652221874523,4.066304325160061e-06,3.757791645044919e-10,95800947472.62039
1109.2898648952228,0.09336923700663247,9.336923700663245,1.491812085484708,9.947350918350629e-11,0.9409760768599337,0.2770624636029685,4.066304325160061e-06,3.916974231791634e-10,91907676358.4771
1156.2801312073755,0.08957478859064523,8.957478859064523,1.5550062508718785,9.977088521042937e-11,0.970339943103813,0.28570928886145214,4.066304325160061e-06,4.0828999001982556e-10,88172624556.02188
1205.2609368708413,0.08593454341378821,8.593454341378822,1.620877363696231,1.000682612373525e-10,1.0005209697713473,0.29459964926378984,4.066304325160061e-06,4.25585429174858e-10,84589362163.54549
1256.3166024741215,0.08244223478421288,8.244223478421286,1.6895388212554048,1.0036563726427567e-10,1.031532485160769,0.3037379480820042,4.066304325160061e-06,4.4361351478921714e-10,81151720585.21571
1309.5350204826677,0.07909185068323436,7.909185068323437,1.7611088244329887,1.0066301329119887e-10,1.0633940159374888,0.313129992365507,4.066304325160061e-06,4.6240528226070496e-10,77853781911.82326
1365.0078065460139,0.07587762341562476,7.587762341562476,1.8357105811816692,1.0096038931812209e-10,1.0961233098726522,0.3227815042797002,4.066304325160061e-06,4.819930816674933e-10,74689868733.0846
1422.830457214352,0.07279401968051023,7.279401968051023,1.9134725186260524,1.0125776534504533e-10,1.1297363851092235,0.332698166462678,4.066304325160061e-06,5.02410633458869e-10,71654534363.9651
1483.1025143361028,0.06983573104577921,6.983573104577921,1.9945285041502954,1.015551413719686e-10,1.164253488684216,0.3428854590539138,4.066304325160061e-06,5.236930865050767e-10,68742553468.19633
1545.9277364194786,0.06699766480960186,6.699766480960185,2.0790180758511743,1.0185251739889192e-10,1.1996917870824435,0.35334870927210205,4.066304325160061e-06,5.458770786061948e-10,65948913062.84546
1611.41427725302,0.06427493523333065,6.427493523333065,2.167086682753278,1.0214989342581523e-10,1.236065192752698,0.3640940997397019,4.066304325160061e-06,5.690007995642034e-10,63268803888.45207
1679.6748720926532,0.06166285513068761,6.166285513068761,2.258885935199918,1.0244726945273857e-10,1.2733982357005071,0.37512819910040524,4.066304325160061e-06,5.93104056926835e-10,60697612129.87444
1750.8270317357233,0.05915692779876059,5.915692779876059,2.3545738658507323,1.0274464547966191e-10,1.3117028470962773,0.38645374414181555,4.066304325160061e-06,6.182283445163756e-10,58230911473.594574
1824.9932448161505,0.05675283927691751,5.675283927691751,2.4543152017353265,1.0304202150658528e-10,1.350998324156478,0.39807956747944184,4.066304325160061e-06,6.444169138613876e-10,55864455487.80786
1902.3011886689458,0.054446450920311376,5.444645092031137,2.558281647831303,1.0333939753350868e-10,1.391304583493723,0.41001180433055284,4.066304325160061e-06,6.717148486543329e-10,53594170312.17921
1982.8839491270714,0.05223379227519215,5.223379227519215,2.666652182654834,1.0363677356043208e-10,1.4326351129867871,0.4222518320728906,4.066304325160061e-06,7.001691423632708e-10,51416147644.681564
2066.880249629082,0.050111054243759494,5.011105424375949,2.7796133663726814,1.0393414958735549e-10,1.475014929241815,0.4348109229625151,4.066304325160061e-06,7.298287791312437e-10,49326638013.44313
2154.4346900318824,0.048074582526791476,4.807458252679147,2.8973596619659836,1.042315256142789e-10,1.518446919159812,0.44769243182391005,4.066304325160061e-06,7.607448181026022e-10,47322044322.022125
2245.697995539772,0.04612087133275778,4.612087133275778,3.0200937699988506,1.0452890164120234e-10,1.5629578459758555,0.460899181170074,4.066304325160061e-06,7.929704813214699e-10,45398915656.99482
2340.827276178294,0.04424655734259082,4.424655734259082,3.148026977567886,1.0482627766812579e-10,1.6085787355174979,0.47444353160691055,4.066304325160061e-06,8.265612453536266e-10,43553941347.19947
2439.98629725955,0.04244841391972278,4.244841391972278,3.2813795220335056,1.0512365369504924e-10,1.6552857262048513,0.48832438917423254,4.066304325160061e-06,8.615749367895668e-10,41783945264.40679
2543.345761304648,0.04072334555542175,4.0723345555421755,3.4203809701591643,1.0542102972197271e-10,1.703123446452305,0.5025490384705495,4.066304325160061e-06,8.980718317931371e-10,40085880355.60643
2651.0836019085364,0.03906838253986573,3.9068382539865727,3.5652706133111147,1.0571840574889618e-10,1.7521393520887394,0.5171308050724848,4.066304325160061e-06,9.361147598671028e-10,38456823397.49755
2763.385290053173,0.03748067584977848,3.748067584977848,3.7162978793991934,1.0601578177581965e-10,1.8022597458337597,0.5320597642884408,4.066304325160061e-06,9.757692120143207e-10,36893969964.15138
2880.4441533962977,0.03595749224382901,3.5957492243829012,3.8737227622675783,1.0631315780274315e-10,1.8535653259432818,0.5473524287605153,4.066304325160061e-06,1.0171034534806596e-09,35394629599.185165
3002.461709085549,0.034496209557348875,3.4496209557348876,4.037816269274922,1.0661053382966664e-10,1.9061216920773478,0.5630230383386944,4.066304325160061e-06,1.0601886412738155e-09,33956221184.133827
3129.6480106707504,0.0330943121882687,3.3094312188268704,4.2088608878342475,1.0690790985659014e-10,1.9597839656677454,0.5790471679902547,4.066304325160061e-06,1.1050989466602894e-09,32576268495.047714
3262.2220097116665,0.0317493867665025,3.1749386766502496,4.387151071715784,1.0720528588351364e-10,2.014685333513898,0.5954539640403503,4.066304325160061e-06,1.1519116828514209e-09,31252395939.66637
3400.4119327037097,0.030459117999324603,3.0459117999324605,4.572993747949922,1.0750266191043714e-10,2.0709082304670243,0.6122623593017801,4.066304325160061e-06,1.2007074380982887e-09,29982324467.83017
3544.4556739704353,0.02922128468558704,2.9221284685587037,4.76670884520292,1.0780003793736065e-10,2.1282306973413947,0.6294270145614369,4.066304325160061e-06,1.2515702144246027e-09,28763867648.089287
3694.6012051993025,0.0280337558919158,2.80337558919158,4.96862984453495,1.0809741396428415e-10,2.1868395856492087,0.6469917508739007,4.066304325160061e-06,1.3045875722364078e-09,27594927903.7562
3851.107002325569,0.026894487284303107,2.689448728430311,5.179104353488686,1.0839478999120768e-10,2.246822985990164,0.6649783433276326,4.066304325160061e-06,1.3598507810575719e-09,26473492901.92147
4014.2424904993177,0.025801517608781303,2.58015176087813,5.3984947044965494,1.0869216601813119e-10,2.307924731109824,0.6833296349819795,4.066304325160061e-06,1.4174549766504983e-09,25397632089.217686
4184.288507901585,0.024752965315118492,2.475296531511849,5.627178578637037,1.0898954204505473e-10,2.370332601144042,0.7020918156036057,4.066304325160061e-06,1.477499324792612e-09,24365493368.36625
4361.537789208006,0.023747025317725077,2.374702531772508,5.865549655813649,1.0928691807197825e-10,2.43415214909141,0.721290726638177,4.066304325160061e-06,1.5400871919904998e-09,23375299909.78723
4546.2954695324,0.022781965888193915,2.278196588819392,6.114018292475934,1.0958429409890178e-10,2.4991270833547365,0.7408717417596485,4.066304325160061e-06,1.6053263234256327e-09,22425347092.782356
4738.879609717651,0.021856125674125124,2.1856125674125124,6.37301222804924,1.0988167012582532e-10,2.56539940724401,0.7608654896156216,4.066304325160061e-06,1.6733290284379954e-09,21513999571.025772
4939.621743878316,0.02096791083910368,2.096791083910368,6.642977321289229,1.1017904615274885e-10,2.6331090625331695,0.7813084068384781,4.066304325160061e-06,1.7442123738668993e-09,20639688457.31119
5148.867450137497,0.020115792318905566,2.0115792318905568,6.924378317828975,1.104764221796724e-10,2.7020227022155545,0.8021513537836791,4.066304325160061e-06,1.8180983855818764e-09,19800908622.70818
5366.976945540476,0.01929830318920978,1.9298303189209778,7.217699650239764,1.1077379820659592e-10,2.7721976230549132,0.8234062957981026,4.066304325160061e-06,1.8951142585505252e-09,18996216105.4788
5594.325706169378,0.018514036140283956,1.8514036140283958,7.523446271983133,1.1107117423351946e-10,2.843818649005388,0.8451165311916984,4.066304325160061e-06,1.975392575805007e-09,18224225625.293427
5831.3051135262185,0.017761641054297072,1.7761641054297073,7.842144526689559,1.11368550260443e-10,2.916689366537327,0.8672414132387064,4.066304325160061e-06,2.05907153668408e-09,17483608198.467083
6078.323128297224,0.01703982268108787,1.703982268108787,8.174343054260452,1.1166592628736654e-10,2.9907904891636434,0.8897849065944069,4.066304325160061e-06,2.146295194743636e-09,16773088850.110394
6335.804992658254,0.01634733840838821,1.6347338408388212,8.520613735353251,1.119633023142901e-10,3.066313033629915,0.9127791629781338,4.066304325160061e-06,2.2372137057452912e-09,16091444419.256851
6604.193962330305,0.015682996122662964,1.5682996122662964,8.881552675875373,1.1226067834121364e-10,3.143107965468594,0.9361974352874014,4.066304325160061e-06,2.331983586149898e-09,15437501453.188168
6883.9520696454965,0.015045652156882937,1.5045652156882936,9.257781233182348,1.1255805436813718e-10,3.2211310683196643,0.9600426293524246,4.066304325160061e-06,2.4307679825611083e-09,14810134187.331875
7175.560918936921,0.014434209321699339,1.4434209321699338,9.649947085746003,1.1285543039506073e-10,3.300508964835782,0.9843320652797036,4.066304325160061e-06,2.533736952582647e-09,14208262607.254896
7479.522515621813,0.013847615016629199,1.38476150166292,10.05872534813481,1.1315280642198429e-10,3.3811601294825726,1.0090466111111158,4.066304325160061e-06,2.6410677575729597e-09,13630850589.415632
7796.360130405236,0.013284859418000927,1.3284859418000927,10.48481973322532,1.1345018244890785e-10,3.463041145636853,1.0341923343783024,4.066304325160061e-06,2.7529451678010957e-09,13076904117.474617
8126.6192000919455,0.01274497374054014,1.274497374054014,10.928963763645793,1.1374755847583138e-10,3.546196601711634,1.059777217365533,4.066304325160061e-06,2.869561780529221e-09,12545469571.092726
8470.868266557402,0.012227028569603053,1.2227028569603053,11.391922034537483,1.1404493450275493e-10,3.6305921488677075,1.08578134114053,4.066304325160061e-06,2.991118351569358e-09,12035632084.271019
8829.699955494083,0.01173013226118687,1.173013226118687,11.874491529807086,1.1434231052967848e-10,3.716200664219242,1.1122136195044894,4.066304325160061e-06,3.1178241408850127e-09,11546513970.40668
9203.73199661823,0.011253429406962084,1.1253429406962085,12.377502994136803,1.1463968655660204e-10,3.8030166071170592,1.1390789517892894,4.066304325160061e-06,3.249897272832801e-09,11077273211.353014
9593.608287093146,0.010796099361684934,1.0796099361684934,12.901822363113341,1.1493706258352561e-10,3.8910070877456797,1.166357466656329,4.066304325160061e-06,3.3875651116640612e-09,10627102007.883135
10000.0,0.01035735483045417,1.035735483045417,13.448352253938614,1.1523443861044916e-10,3.9801624891895577,1.1940506349739932,4.066304325160061e-06,3.5310646529330896e-09,10195225389.061197
10423.606739764033,0.009936440513380915,0.9936440513380915,14.018033519287538,1.1553181463737273e-10,4.070451999205131,1.222164445841138,4.066304325160061e-06,3.680642931485591e-09,9780899878.127972
10865.157746525372,0.009532631805337961,0.953263180533796,14.611846866988284,1.1582919066429625e-10,4.161835702452507,1.2506836770291694,4.066304325160061e-06,3.836557446729783e-09,9383412212.603724
11325.413151528126,0.00914523354854979,0.9145233548549789,15.230814548313884,1.1612656669121983e-10,4.254296962119588,1.2795994759788145,4.066304325160061e-06,3.99907660592244e-09,9002078116.404606
11805.165285688032,0.008773578835876974,0.8773578835876974,15.87600211779,1.1642394271814338e-10,4.347832887998653,1.3089202676956282,4.066304325160061e-06,4.168480186232564e-09,8636241121.85993
12305.240043592616,0.008417027862733415,0.8417027862733414,16.548520267550405,1.1672131874506695e-10,4.442344107939628,1.3386266696610671,4.066304325160061e-06,4.345059816378661e-09,8285271439.60098
12826.498305280626,0.008074966825661311,0.8074966825661312,17.24952673939599,1.170186947719905e-10,4.5378417623590215,1.3687155191058584,4.066304325160061e-06,4.529119478668243e-09,7948564874.377204
13369.837418249452,0.007746806865666682,0.7746806865666682,17.980228317850706,1.1731607079891405e-10,4.634287093648024,1.3991792077091474,4.066304325160061e-06,4.720976032304264e-09,7625541784.932285
13936.192742241436,0.007431983054496991,0.7431983054496991,18.74188290764445,1.1761344682583761e-10,4.731623742147509,1.4300092127040336,4.066304325160061e-06,4.920959758859111e-09,7315646086.150141
14526.539259467783,0.00712995342211583,0.7129953422115829,19.535801699199027,1.1791082285276115e-10,4.829820404746549,1.4611988833432858,4.066304325160061e-06,5.129414930855124e-09,7018344291.753065
15141.89325304352,0.006840198023699843,0.6840198023699843,20.363351425846464,1.1820819887968472e-10,4.928816664098525,1.4927309390023429,4.066304325160061e-06,5.3467004044307726e-09,6733124595.903496
15783.314056521198,0.006562218044552484,0.6562218044552484,21.22595671666367,1.1850557490660828e-10,5.02857555594859,1.5245976288376397,4.066304325160061e-06,5.57319023711237e-09,6459495992.129033
16451.905877536607,0.006295534941393102,0.6295534941393102,22.12510254897542,1.1880295093353185e-10,5.1290503984467115,1.5567921062298697,4.066304325160061e-06,5.809274331755136e-09,6196987428.053418
17148.819698705407,0.006039689618543329,0.6039689618543329,23.062336804747027,1.191003269604554e-10,5.230189420836291,1.5893009213374623,4.066304325160061e-06,6.055359107762095e-09,5945146994.478528
17875.25525904232,0.00579424163759279,0.579424163759279,24.039272935266805,1.1939770298737892e-10,5.331937510074586,1.622109363486173,4.066304325160061e-06,6.311868200736018e-09,5703541147.421629
18632.4631193156,0.0055587684591830245,0.5558768459183024,25.057592738707413,1.1969507901430252e-10,5.434228611718815,1.6552039227479711,4.066304325160061e-06,6.579243191769424e-09,5471753961.768079
19421.746814890284,0.005332864715605012,0.5332864715605012,26.119049255345303,1.1999245504122608e-10,5.537005065815718,1.688571373816666,4.066304325160061e-06,6.8579443676274436e-09,5249386415.255285
20244.46509976802,0.005116141512957497,0.5116141512957497,27.225469785424504,1.2028983106814964e-10,5.640215855422941,1.7221963755796916,4.066304325160061e-06,7.148451513132794e-09,5036055701.554738
21102.034285685964,0.004908225761665029,0.49082257616650293,28.378759034859243,1.205872070950732e-10,5.7438005713694835,1.7560643650726198,4.066304325160061e-06,7.451264737116727e-09,4831394571.269821
21995.930680300702,0.0047087595342033715,0.4708759534203371,29.580902394189753,1.2088458312199675e-10,5.847690238085874,1.7901604217239444,4.066304325160061e-06,7.766905333357582e-09,4635050699.7151
22927.693128656487,0.0045173994489262305,0.45173994489262304,30.83396935643779,1.2118195914892031e-10,5.951816544032139,1.8244675769695444,4.066304325160061e-06,8.095916677989516e-09,4446686080.388365
23898.92566231053,0.004333816078932866,0.4333816078932866,32.14011707974423,1.2147933517584388e-10,6.056114982217926,1.8589688265259616,4.066304325160061e-06,8.43886516492595e-09,4265976443.0915523
24911.30026067786,0.004157693384958794,0.4157693384958793,33.50159410092258,1.2177671120276742e-10,6.160519920963601,1.8936435264611688,4.066304325160061e-06,8.79634118090817e-09,4092610695.698733
25966.559729348723,0.003988728171313299,0.3988728171313299,34.92074420632152,1.22074087229691e-10,6.2649273038059325,1.928471468852081,4.066304325160061e-06,9.168960121857824e-09,3926290388.6101365
27066.52070033236,0.003826629563927321,0.38266295639273207,36.40001046665876,1.2237146325661455e-10,6.369280876839078,1.9634351452390755,4.066304325160061e-06,9.557363452282454e-09,3766729200.9704423
28213.076759394706,0.003671118509612871,0.3671118509612871,37.941939442774554,1.2266883928353808e-10,6.473518211235927,1.9985183732079574,4.066304325160061e-06,9.962219809558584e-09,3613652447.7665715
29408.201705870666,0.0035219272956723007,0.35219272956723,39.549185569542374,1.2296621531046168e-10,6.577535064354502,2.033693613464172,4.066304325160061e-06,1.0384226154992562e-08,3466796606.956774
30653.952950565235,0.003378799089030143,0.33787990890301434,41.22451572548583,1.2326359133738521e-10,6.681288178839014,2.0689459914698096,4.066304325160061e-06,1.082410897364139e-08,3325908865.8167005
31952.475057592135,0.003241487494094227,0.3241487494094227,42.97081399596828,1.235609673643088e-10,6.78466033967923,2.10424815689113,4.066304325160061e-06,1.128262552495888e-08,3190746685.721558
33306.00343624582,0.0031097561285851226,0.3109756128585123,44.791086638151995,1.2385834339123234e-10,6.8876062351184,2.1395812068033444,4.066304325160061e-06,1.1760565146419466e-08,3061077384.6153383
34716.868189265595,0.002983378216603288,0.2983378216603288,46.68846725627957,1.241557194181559e-10,6.990013300259841,2.174925792413171,4.066304325160061e-06,1.2258750612365188e-08,2936677736.447907
36187.49812411284,0.002862136198233842,0.28621361982338417,48.666222196180804,1.244530954450795e-10,7.09181005788966,2.2102453413465053,4.066304325160061e-06,1.2778039550413626e-08,2817333586.890853
37720.42493416993,0.002745821355016555,0.2745821355016555,50.72775616829615,1.24750471472003e-10,7.192884255721333,2.2455297625556687,4.066304325160061e-06,1.3319325917866211e-08,2702839484.6702037
39318.2875570577,0.0026342334506364077,0.2634233450636408,52.876618108895876,1.2504784749892658e-10,7.293222691037709,2.280749975671317,4.066304325160061e-06,1.3883541540658415e-08,2592998327.881456
40983.83671757253,0.0025271803862163492,0.25271803862163494,55.11650728958132,1.2534522352585014e-10,7.3926731979797795,2.315880321393586,4.066304325160061e-06,1.4471657717500024e-08,2487621024.6782284
42719.939663067766,0.0024244778696184332,0.2424477869618433,57.45127968559344,1.256425995527737e-10,7.491120263584645,2.350886073845057,4.066304325160061e-06,1.508468689196917e-08,2386526167.75001
44529.5850994266,0.0023259490981845346,0.23259490981845346,59.884954613881874,1.2593997557969727e-10,7.588672949160905,2.3857790245313923,4.066304325160061e-06,1.5723684395435966e-08,2289539722.029115
46415.888336127726,0.0022314244543700035,0.22314244543700035,62.421721652371964,1.262373516066208e-10,7.6848823654360725,2.4204651925862986,4.066304325160061e-06,1.6389750263818814e-08,2196494725.088752
48382.09664925957,0.002140741213746632,0.21407412137466322,65.06594785233389,1.2653472763354437e-10,7.780034635811164,2.454986448897673,4.066304325160061e-06,1.7084031131299116e-08,2107230999.7167785
50431.59487171348,0.0020537432648721522,0.2053743264872152,67.82218525627216,1.2683210366046797e-10,7.873865899685542,2.4892901677469683,4.066304325160061e-06,1.7807722204254776e-08,2021594878.170245
52567.91122018419,0.001970280840543918,0.19702808405439176,70.69517873428032,1.2712947968739153e-10,7.966187010123127,2.5233138048061106,4.066304325160061e-06,1.8562069318811568e-08,1939438937.6359086
54794.723369002924,0.0018902102599742988,0.1890210259974299,73.68987415234656,1.2742685571431507e-10,8.057305732562504,2.557131366622803,4.066304325160061e-06,1.9348371085553092e-08,1860621746.4414988
57115.86478126423,0.0018133936814437944,0.18133936814437943,76.81142688667606,1.2772423174123863e-10,8.146521260671335,2.5905645415352736,4.066304325160061e-06,2.016798112508262e-08,1785007620.5806906
59535.3313081437,0.00173969886500615,0.173969886500615,80.06521069868488,1.280216077681622e-10,8.23429603487313,2.6237242052676555,4.066304325160061e-06,2.1022310398284498e-08,1712466390.13273
62057.288067765134,0.0016689989448369523,0.16689989448369522,83.45682698594383,1.2831898379508576e-10,8.320339817637015,2.656515461970217,4.066304325160061e-06,2.191282963529696e-08,1642873175.1745822
64686.07661546321,0.0016011722108337525,0.16011722108337523,86.99211442500021,1.2861635982200933e-10,8.40444568776034,2.68890929351186,4.066304325160061e-06,2.2841071867378164e-08,1576108170.7997925
67426.22241778349,0.001536101899091792,0.15361018990917918,90.67715902267557,1.2891373584893287e-10,8.486830554095578,2.7209158823270263,4.066304325160061e-06,2.3808635066023754e-08,1512056440.8740087
70282.44264308338,0.001473675990894656,0.1473675990894656,94.51830459314127,1.292111118758564e-10,8.567085728128953,2.752466283922617,4.066304325160061e-06,2.4817184893878656e-08,1450607720.1721482
73259.6542821523,0.0014137870198737143,0.14137870198737143,98.52216367881371,1.2950848790278e-10,8.645391374323106,2.7835605503704874,4.066304325160061e-06,2.586845757218038e-08,1391656224.5564785
76362.98261282257,0.0013563318870045166,0.13563318870045166,102.69562893386176,1.2980586392970356e-10,8.721515372110584,2.814159096301785,4.066304325160061e-06,2.696426286966793e-08,1335100468.868977
79597.77002314977,0.0013012116831215244,0.13012116831215245,107.0458849899303,1.301032399566271e-10,8.795436733033977,2.8442374699251642,4.066304325160061e-06,2.8106487218103847e-08,1280843092.2243395
82969.58520834915,0.0012483315186457055,0.12483315186457056,111.5804208245043,1.304006159835507e-10,8.867115389147667,2.8737705416819477,4.066304325160061e-06,2.9297096959771886e-08,1228790690.402941
86484.23275731709,0.0011976003602319032,0.11976003602319031,116.3070426532006,1.3069799201047423e-10,8.936374408975588,2.9027240273811383,4.066304325160061e-06,3.0538141732539756e-08,1178853655.0552583
90147.76314524918,0.0011489308740546499,0.11489308740546499,121.23388736819247,1.3099536803739782e-10,9.0032914044352,2.931084903708049,4.066304325160061e-06,3.183175799831707e-08,1130946019.4408147
93966.4831495471,0.0011022392754627846,0.11022392754627847,126.36943654588839,1.3129274406432136e-10,9.067641665026358,2.9588135194774345,4.066304325160061e-06,3.318017272097952e-08,1084985310.436239
97946.96670695386,0.0010574451847439334,0.10574451847439334,131.72253104799006,1.315901200912449e-10,9.129492626387572,2.985894010564856,4.066304325160061e-06,3.458570720009356e-08,1040892406.5575452
102096.06623060476,0.001014471488750613,0.1014471488750613,137.3023862410605,1.318874961181685e-10,9.1886908037599,3.012299247909333,4.066304325160061e-06,3.605078106704004e-08,998591401.752278
106420.92440647224,0.000973244208149762,0.0973244208149762,143.11860786079973,1.3218487214509203e-10,9.245244788557887,3.037996974410686,4.066304325160061e-06,3.7577916450415474e-08,958009474.7270635
110928.98648952227,0.000933692370067095,0.0933692370067095,149.1812085483477,1.324822481720156e-10,9.299081416819684,3.062976314736467,4.066304325160061e-06,3.9169742317884024e-08,919076763.5855294
115628.01312073777,0.0008957478859071302,0.08957478859071302,155.50062508707015,1.3277962419893918e-10,9.35014461379667,3.087209536732674,4.066304325160061e-06,4.0828999001951654e-08,881726245.5608863
120526.09368708414,0.0008593454341384826,0.08593454341384826,162.08773636950986,1.330770002258627e-10,9.398379056381216,3.1106770323566386,4.066304325160061e-06,4.255854291745606e-08,845893621.6360459
125631.66024741215,0.0008244223478426584,0.08244223478426585,168.9538821254319,1.3337437625278626e-10,9.443695306343358,3.133333430298686,4.066304325160061e-06,4.4361351478893203e-08,811517205.8526785
130953.5020482665,0.0007909185068328133,0.07909185068328133,176.1108824431943,1.3367175227970982e-10,9.486052281555875,3.155166220989272,4.066304325160061e-06,4.624052822604305e-08,778537819.1186947
136500.78065460137,0.00075877623415666,0.07587762341566599,183.57105811806716,1.339691283066334e-10,9.525441703831703,3.1761683466138377,4.066304325160061e-06,4.819930816672313e-08,746898687.331252
142283.04572143548,0.0007279401968054653,0.07279401968054652,191.34725186250984,1.3426650433355698e-10,9.561845031580331,3.196317135695821,4.066304325160061e-06,5.024106334586185e-08,716545343.6400082
148310.25143361028,0.000698357310458114,0.0698357310458114,199.4528504149376,1.3456388036048052e-10,9.595249574165567,3.2155905977764663,4.066304325160061e-06,5.236930865048354e-08,687425534.6822801
154592.77364194786,0.0006699766480963028,0.06699766480963029,207.90180758502916,1.3486125638740408e-10,9.625575108367858,3.233969734036244,4.066304325160061e-06,5.4587707860596315e-08,659489130.6287345
161141.42772530165,0.0006427493523335595,0.06427493523335595,216.70866827524253,1.3515863241432765e-10,9.652761622334403,3.251434333585637,4.066304325160061e-06,5.690007995639791e-08,632688038.8847699
167967.48720926532,0.0006166285513070978,0.06166285513070978,225.88859351991061,1.3545600844125119e-10,9.676837381021295,3.2679638659280745,4.066304325160061e-06,5.931040569266217e-08,606976121.2989626
175082.7031735727,0.0005915692779878004,0.05915692779878004,235.4573865849958,1.3575338446817475e-10,9.697789663164633,3.283548649270017,4.066304325160061e-06,6.182283445161723e-08,582309114.7361373
182499.32448161504,0.0005675283927693481,0.0567528392769348,245.43152017345784,1.3605076049509832e-10,9.715542605014049,3.298180180513111,4.066304325160061e-06,6.444169138611913e-08,558644554.8782489
190230.11886689457,0.0005444645092032659,0.054446450920326586,255.82816478305884,1.3634813652202188e-10,9.730134291252366,3.311840976689718,4.066304325160061e-06,6.717148486541452e-08,535941703.1219418
198288.39491270675,0.0005223379227520572,0.05223379227520572,266.6652182654141,1.3664551254894542e-10,9.741618430643367,3.3245075568533564,4.066304325160061e-06,7.001691423630888e-08,514161476.44694936
206688.0249629082,0.0005011105424377144,0.05011105424377143,277.96133663720184,1.36942888575869e-10,9.749825056898228,3.3361594959246115,4.066304325160061e-06,7.298287791310699e-08,493266380.1345489
215443.46900318866,0.0004807458252680189,0.048074582526801884,289.7359661965356,1.3724026460279257e-10,9.754736441462398,3.346813786095849,4.066304325160061e-06,7.607448181024375e-08,473220443.2203237
224569.79955397718,0.0004612087133276706,0.04612087133276706,302.00937699982427,1.3753764062971614e-10,9.75656137389743,3.3564541230330236,4.066304325160061e-06,7.929704813213104e-08,453989156.5700396
234082.72761782943,0.0004424655734259901,0.04424655734259901,314.80269775673037,1.3783501665663968e-10,9.755240531224711,3.3650389749914873,4.066304325160061e-06,8.265612453534737e-08,435539413.4720752
243998.62972595452,0.0004244841391973011,0.04244841391973011,328.1379522032939,1.3813239268356322e-10,9.750623024606995,3.3725937475598826,4.066304325160061e-06,8.615749367894181e-08,417839452.64414
254334.57613046482,0.00040723345555428175,0.04072334555542818,342.0380970158625,1.384297687104868e-10,9.742797622439964,3.3791357178933668,4.066304325160061e-06,8.980718317929954e-08,400858803.5561275
265108.3601908542,0.000390683825398713,0.0390683825398713,356.5270613310607,1.3872714473741037e-10,9.731925590463895,3.3845979698477437,4.066304325160061e-06,9.361147598669695e-08,384568233.97503036
276338.5290053167,0.000374806758497835,0.037480675849783505,371.62978793986963,1.390245207643339e-10,9.717946261717591,3.3889930339639847,4.066304325160061e-06,9.757692120141899e-08,368939699.64156324
288044.4153396298,0.0003595749224383345,0.035957492243833454,387.37227622670997,1.393218967912575e-10,9.700598279375125,3.3923443207187436,4.066304325160061e-06,1.0171034534805342e-07,353946295.99189526
300246.17090855434,0.00034496209557352884,0.034496209557352886,403.7816269274453,1.3961927281818101e-10,9.680216266189799,3.3946623051127975,4.066304325160061e-06,1.0601886412736925e-07,339562211.84137774
312964.80106707505,0.00033094312188272146,0.03309431218827215,420.88608878338084,1.399166488451046e-10,9.656998878419754,3.395891141743486,4.066304325160061e-06,1.1050989466601744e-07,325762684.95051104
326222.2009711673,0.00031749386766505473,0.031749386766505475,438.71510717153717,1.402140248720282e-10,9.630553975799595,3.396039009322166,4.066304325160061e-06,1.1519116828513128e-07,312523959.396693
340041.19327037025,0.0003045911799932732,0.03045911799932732,457.2993747949514,1.405114008989517e-10,9.600881857511324,3.39515658667789,4.066304325160061e-06,1.200707438098182e-07,299823244.6783284
354445.5673970436,0.00029221284685589403,0.0292212846855894,476.67088452025337,1.4080877692587527e-10,9.56843285268982,3.3932306801062593,4.066304325160061e-06,1.251570214424501e-07,287638676.48091626
369460.1205199295,0.0002803375589191791,0.028033755891917908,496.8629844534576,1.4110615295279884e-10,9.533304511527156,3.390220869414723,4.066304325160061e-06,1.3045875722363092e-07,275949279.0375828
385110.7002325569,0.00026894487284304943,0.026894487284304942,517.9104353488333,1.414035289797224e-10,9.494815489548623,3.386127940279246,4.066304325160061e-06,1.359850781057479e-07,264734929.01923278
401424.2490499326,0.0002580151760878286,0.02580151760878286,539.8494704496223,1.41700905006646e-10,9.45336427165849,3.3810200731941,4.066304325160061e-06,1.4174549766504128e-07,253976320.89219218
418428.8507901576,0.00024752965315119954,0.024752965315119953,562.7178578636705,1.4199828103356953e-10,9.409707422341036,3.3749499777167884,4.066304325160061e-06,1.477499324792525e-07,243654933.68367684
436153.77892080054,0.00023747025317726354,0.023747025317726354,586.5549655813334,1.4229565706049307e-10,9.363127652394187,3.3677507713710453,4.066304325160061e-06,1.540087191990417e-07,233752999.09788486
454629.546953239,0.00022781965888195085,0.022781965888195085,611.4018292475621,1.4259303308741664e-10,9.313155661652019,3.3594631543332496,4.066304325160061e-06,1.6053263234255504e-07,224253470.92783505
473887.9609717651,0.0002185612567412614,0.021856125674126137,637.3012228048945,1.428904091143402e-10,9.260989924125578,3.350300473984177,4.066304325160061e-06,1.6733290284379177e-07,215139995.7102677
493962.1743878326,0.00020967910839104527,0.020967910839104525,664.2977321288961,1.4318778514126377e-10,9.20690337293447,3.340197192451012,4.066304325160061e-06,1.744212373866829e-07,206396884.57312027
514886.7450137487,0.00020115792318906373,0.020115792318906374,692.4378317828698,1.4348516116818733e-10,9.149220788520646,3.3288652609866514,4.066304325160061e-06,1.8180983855818037e-07,198009086.22708973
536697.6945540477,0.00019298303189210458,0.01929830318921046,721.7699650239509,1.437825371951109e-10,9.089003907608523,3.3165936442880883,4.066304325160061e-06,1.8951142585504584e-07,189962161.05479473
559432.5706169389,0.00018514036140284513,0.018514036140284514,752.3446271982908,1.4407991322203446e-10,9.027186249136095,3.3035800695103132,4.066304325160061e-06,1.975392575804948e-07,182242256.25293973
583130.5113526218,0.0001776164105429759,0.017761641054297592,784.2144526689328,1.44377289248958e-10,8.963108675345024,3.289534694485645,4.066304325160061e-06,2.0590715366840203e-07,174836081.9846759
607832.3128297236,0.00017039822681088292,0.01703982268108829,817.4343054260249,1.4467466527588156e-10,8.895430540995537,3.2742773800428977,4.066304325160061e-06,2.1462951947435837e-07,167730888.50110808
633580.4992658241,0.0001634733840838867,0.016347338408388673,852.0613735353012,1.4497204130280513e-10,8.826293649359544,3.258309840034764,4.066304325160061e-06,2.2372137057452285e-07,160914444.19257304
660419.3962330305,0.00015682996122663332,0.015682996122663332,888.1552675875164,1.452694173297287e-10,8.755812521763268,3.241667643826251,4.066304325160061e-06,2.3319835861498432e-07,154375014.53188527
688395.206964551,0.00015045652156883227,0.015045652156883228,925.7781233182167,1.4556679335665226e-10,8.682067765038013,3.2237730460008978,4.066304325160061e-06,2.430767982561061e-07,148101341.87332162
717556.0918936922,0.00014434209321699618,0.014434209321699618,964.9947085745816,1.4586416938357582e-10,8.606236746773035,3.204998446158009,4.066304325160061e-06,2.533736952582598e-07,142082626.0725517
747952.2515621829,0.00013847615016629436,0.013847615016629436,1005.8725348134636,1.4616154541049939e-10,8.529247621478971,3.1855899300190558,4.066304325160061e-06,2.6410677575729145e-07,136308505.89415866
779636.0130405221,0.00013284859418001194,0.013284859418001194,1048.4819733225108,1.464589214374229e-10,8.450775744834178,3.1654858743154026,4.066304325160061e-06,2.75294516780104e-07,130769041.17474884
812661.9200091945,0.0001274497374054033,0.01274497374054033,1092.8963763645627,1.4675629746434652e-10,8.368949703614396,3.144125659457966,4.066304325160061e-06,2.869561780529178e-07,125454695.71092914
847086.826655742,0.00012227028569603202,0.012227028569603204,1139.1922034537345,1.4705367349127006e-10,8.286134109797972,3.1221355332440575,4.066304325160061e-06,2.991118351569321e-07,120356320.84271167
882969.9955494083,0.00011730132261187022,0.011730132261187022,1187.4491529806935,1.473510495181936e-10,8.202389821111836,3.099577250676796,4.066304325160061e-06,3.117824140884972e-07,115465139.70406829
920373.199661823,0.00011253429406962223,0.011253429406962223,1237.7502994136653,1.4764842554511718e-10,8.116472313394667,3.0762075603843284,4.066304325160061e-06,3.249897272832761e-07,110772732.1135315
959360.8287093127,0.00010796099361685077,0.010796099361685078,1290.182236311317,1.4794580157204072e-10,8.028530599815312,3.0518681760502107,4.066304325160061e-06,3.3875651116640163e-07,106271020.07883276
1000000.0,0.00010357354830454281,0.010357354830454281,1344.8352253938472,1.4824317759896431e-10,7.93989592672422,3.0269858162617296,4.066304325160061e-06,3.5310646529330533e-07,101952253.89061302
1042360.6739764033,9.93644051338101e-05,0.00993644051338101,1401.8033519287403,1.4854055362588788e-10,7.850229551086974,3.0015343692704968,4.066304325160061e-06,3.680642931485556e-07,97808998.78128065
1086515.7746525372,9.532631805338035e-05,0.009532631805338034,1461.1846866988171,1.4883792965281142e-10,7.75853057555929,2.9753333564812423,4.066304325160061e-06,3.836557446729752e-07,93834122.12603797
1132541.3151528127,9.145233548549848e-05,0.009145233548549847,1523.0814548313788,1.49135305679735e-10,7.665708624510011,2.9483903728561067,4.066304325160061e-06,3.999076605922414e-07,90020781.16404663
1180516.528568803,8.773578835877034e-05,0.008773578835877035,1587.6002117789888,1.4943268170665852e-10,7.572330049066079,2.9209452048498394,4.066304325160061e-06,4.168480186232535e-07,86362411.21859989
1230524.0043592616,8.417027862733472e-05,0.008417027862733472,1654.8520267550289,1.4973005773358209e-10,7.477869145902731,2.8929632174199638,4.066304325160061e-06,4.3450598163786316e-07,82852714.39601037
1282649.8305280625,8.07496682566136e-05,0.00807496682566136,1724.9526739395883,1.5002743376050568e-10,7.381969425412542,2.8643746501568637,4.066304325160061e-06,4.529119478668217e-07,79485648.74377254
1336983.7418249452,7.746806865666725e-05,0.007746806865666725,1798.0228317850606,1.5032480978742922e-10,7.285429619892915,2.835194672116781,4.066304325160061e-06,4.7209760323042376e-07,76255417.84932329
1393619.2742241435,7.431983054497019e-05,0.007431983054497019,1874.1882907644379,1.5062218581435278e-10,7.188408811473326,2.8055483400431425,4.066304325160061e-06,4.920959758859095e-07,73156460.86150168
1452653.9259467782,7.129953422115861e-05,0.007129953422115862,1953.5801699198942,1.5091956184127634e-10,7.090522477440904,2.7754588809258616,4.066304325160061e-06,5.1294149308551e-07,70183442.91753095
1514189.325304352,6.840198023699872e-05,0.0068401980236998715,2036.3351425846377,1.512169378681999e-10,6.991735185438944,2.7448929835567264,4.066304325160061e-06,5.346700404430751e-07,67331245.95903523
1578331.4056521198,6.562218044552513e-05,0.0065622180445525135,2122.5956716663577,1.5151431389512345e-10,6.892598828109524,2.7138558922821394,4.066304325160061e-06,5.573190237112343e-07,64594959.92129062
1645190.5877536607,6.295534941393127e-05,0.006295534941393128,2212.5102548975333,1.5181168992204701e-10,6.793121074536826,2.6824166753737195,4.066304325160061e-06,5.809274331755114e-07,61969874.28053443
1714881.9698705408,6.039689618543348e-05,0.0060396896185433485,2306.233680474695,1.5210906594897058e-10,6.693135180024157,2.6506448392536845,4.066304325160061e-06,6.055359107762078e-07,59451469.94478547
1787525.5259042317,5.794241637592806e-05,0.005794241637592806,2403.927293526673,1.5240644197589414e-10,6.5926527575790494,2.6185095128933304,4.066304325160061e-06,6.311868200736e-07,57035411.474216454
1863246.3119315598,5.558768459183038e-05,0.005558768459183038,2505.759273870735,1.527038180028177e-10,6.492045587674939,2.58601143370242,4.066304325160061e-06,6.579243191769407e-07,54717539.61768092
1942174.6814890285,5.3328647156050315e-05,0.0053328647156050315,2611.9049255345208,1.5300119402974127e-10,6.391342414824564,2.553200102474557,4.066304325160061e-06,6.857944367627418e-07,52493864.152553044
2024446.5099768017,5.116141512957516e-05,0.005116141512957516,2722.5469785424407,1.532985700566648e-10,6.290411423432813,2.5201451081136486,4.066304325160061e-06,7.148451513132767e-07,50360557.01554756
2110203.4285685965,4.9082257616650365e-05,0.004908225761665037,2837.8759034859204,1.5359594608358838e-10,6.189357780329439,2.4868432442686945,4.066304325160061e-06,7.451264737116715e-07,48313945.71269828
2199593.06803007,4.7087595342033875e-05,0.004708759534203388,2958.090239418965,1.5389332211051191e-10,6.088379864567953,2.453282650574876,4.066304325160061e-06,7.766905333357554e-07,46350506.997151166
2292769.312865649,4.517399448926239e-05,0.004517399448926238,3083.3969356437733,1.541906981374355e-10,5.987557683947485,2.4195149193381105,4.066304325160061e-06,8.095916677989503e-07,44466860.80388373
2389892.566231053,4.333816078932868e-05,0.004333816078932868,3214.0117079744214,1.5448807416435907e-10,5.88680990507619,2.3855907739661326,4.066304325160061e-06,8.438865164925944e-07,42659764.43091554
2491130.026067786,4.1576933849587994e-05,0.004157693384958799,3350.1594100922534,1.547854501912826e-10,5.786201094452315,2.35151632233812,4.066304325160061e-06,8.796341180908159e-07,40926106.95698739
2596655.9729348724,3.9887281713133005e-05,0.0039887281713133,3492.074420632152,1.550828262182062e-10,5.685921949695142,2.317294923923402,4.066304325160061e-06,9.168960121857823e-07,39262903.88610137
2706652.070033236,3.826629563927324e-05,0.003826629563927324,3640.0010466658737,1.5538020224512974e-10,5.586001551664322,2.2829594114367397,4.066304325160061e-06,9.557363452282447e-07,37667292.009704456
2821307.6759394705,3.6711185096128754e-05,0.0036711185096128755,3794.1939442774515,1.556775782720533e-10,5.486385440098074,2.2485484129178226,4.066304325160061e-06,9.962219809558572e-07,36136524.47766575
2940820.1705870666,3.521927295672303e-05,0.003521927295672303,3954.9185569542346,1.559749542989769e-10,5.387154215847661,2.2140789685147615,4.066304325160061e-06,1.0384226154992555e-06,34667966.06956776
3065395.2950565238,3.3787990890301445e-05,0.0033787990890301444,4122.451572548582,1.562723303259004e-10,5.288465785971995,2.1795642737357177,4.066304325160061e-06,1.0824108973641384e-06,33259088.65816702
3195247.5057592136,3.2414874940942286e-05,0.0032414874940942286,4297.081399596825,1.56569706352824e-10,5.190353489005589,2.145033183639926,4.066304325160061e-06,1.1282625524958876e-06,31907466.857215595
3330600.3436245816,3.1097561285851257e-05,0.003109756128585125,4479.108663815195,1.5686708237974754e-10,5.092778440676281,2.1105122052819514,4.066304325160061e-06,1.1760565146419456e-06,30610773.84615341
3471686.8189265593,2.9833782166032908e-05,0.002983378216603291,4668.846725627953,1.571644584066711e-10,4.995755628210901,2.0760070186928545,4.066304325160061e-06,1.2258750612365177e-06,29366777.364479102
3618749.812411284,2.862136198233846e-05,0.0028621361982338464,4866.622219618073,1.574618344335947e-10,4.899463025698213,2.041549419676887,4.066304325160061e-06,1.2778039550413603e-06,28173335.868908577
3772042.4934169934,2.7458213550165565e-05,0.0027458213550165564,5072.775616829612,1.577592104605182e-10,4.80392664980958,2.0071641610724074,4.066304325160061e-06,1.3319325917866205e-06,27028394.846702054
3931828.75570577,2.6342334506364105e-05,0.0026342334506364107,5287.661810889582,1.5805658648744177e-10,4.709167894911567,1.9728726179060818,4.066304325160061e-06,1.3883541540658397e-06,25929983.278814588
4098383.671757253,2.527180386216348e-05,0.002527180386216348,5511.650728958135,1.5835396251436533e-10,4.61512155253092,1.9386698422501867,4.066304325160061e-06,1.4471657717500031e-06,24876210.246782273
4271993.966306777,2.4244778696184387e-05,0.0024244778696184384,5745.127968559332,1.586513385412889e-10,4.521915198735397,1.904587279732849,4.066304325160061e-06,1.5084686891969138e-06,23865261.677500155
4452958.50994266,2.3259490981845338e-05,0.0023259490981845338,5988.49546138819,1.589487145682125e-10,4.429602741085736,1.8706574878583937,4.066304325160061e-06,1.572368439543597e-06,22895397.22029115
4641588.833612773,2.231424454370001e-05,0.002231424454370001,6242.1721652372025,1.5924609059513603e-10,4.338231365670729,1.8368825641980766,4.066304325160061e-06,1.6389750263818835e-06,21964947.25088749
4838209.664925957,2.1407412137466316e-05,0.0021407412137466318,6506.594785233391,1.595434666220596e-10,4.247745588993131,1.8032830908638837,4.066304325160061e-06,1.7084031131299118e-06,21072309.99716778
5043159.487171348,2.053743264872157e-05,0.002053743264872157,6782.2185256272,1.5984084264898313e-10,4.158250325876847,1.7698714542621876,4.066304325160061e-06,1.780772220425473e-06,20215948.7817025
5256791.122018419,1.9702808405439214e-05,0.0019702808405439214,7069.517873428021,1.601382186759067e-10,4.069731657558069,1.736681498303092,4.066304325160061e-06,1.8562069318811535e-06,19394389.37635912
5479472.336900293,1.890210259974297e-05,0.001890210259974297,7368.987415234663,1.6043559470283029e-10,3.982256320932612,1.7036914916407861,4.066304325160061e-06,1.9348371085553114e-06,18606217.46441497
5711586.478126423,1.8133936814437955e-05,0.0018133936814437954,7681.142688667602,1.6073297072975383e-10,3.8957961757315602,1.6709536422013203,4.066304325160061e-06,2.0167981125082607e-06,17850076.205806915
5953533.13081437,1.739698865006151e-05,0.0017396988650061512,8006.521069868483,1.610303467566774e-10,3.8104468574893535,1.6384568587089903,4.066304325160061e-06,2.102231039828448e-06,17124663.901327312
6205728.806776513,1.6689989448369512e-05,0.0016689989448369512,8345.68269859439,1.6132772278360095e-10,3.726117626849756,1.6062397603179246,4.066304325160061e-06,2.191282963529698e-06,16428731.751745813
6468607.661546321,1.6011722108337535e-05,0.0016011722108337533,8699.211442500016,1.6162509881052452e-10,3.642971613231317,1.5742735753094779,4.066304325160061e-06,2.2841071867378156e-06,15761081.707997935
6742622.241778349,1.5361018990917922e-05,0.0015361018990917921,9067.715902267553,1.6192247483744808e-10,3.5608810944454623,1.542614727375889,4.066304325160061e-06,2.3808635066023754e-06,15120564.40874009
7028244.264308338,1.4736759908946558e-05,0.0014736759908946559,9451.830459314124,1.6221985086437162e-10,3.4799899018527976,1.5112413880401925,4.066304325160061e-06,2.4817184893878656e-06,14506077.201721482
7325965.42821523,1.4137870198737157e-05,0.0014137870198737156,9852.216367881363,1.625172268912952e-10,3.4002020522885386,1.4801960825358365,4.066304325160061e-06,2.586845757218036e-06,13916562.2455648
7636298.261282257,1.356331887004517e-05,0.0013563318870045168,10269.562893386175,1.6281460291821875e-10,3.321627076196735,1.4494505710931924,4.066304325160061e-06,2.6964262869667924e-06,13351004.688689774
7959777.002314977,1.3012116831215246e-05,0.0013012116831215247,10704.58849899303,1.6311197894514232e-10,3.244209880093317,1.4190578825965445,4.066304325160061e-06,2.8106487218103842e-06,12808430.922243396
8296958.520834915,1.2483315186457052e-05,0.0012483315186457053,11158.04208245043,1.6340935497206588e-10,3.1679728750923206,1.388977883737842,4.066304325160061e-06,2.9297096959771895e-06,12287906.904029407
8648423.275731709,1.1976003602319042e-05,0.001197600360231904,11630.70426532005,1.6370673099898942e-10,3.0929715422178043,1.3592755898339488,4.066304325160061e-06,3.0538141732539726e-06,11788536.550552592
9014776.314524917,1.1489308740546507e-05,0.0011489308740546508,12123.388736819239,1.64004107025913e-10,3.0191159086229558,1.3298980986742763,4.066304325160061e-06,3.183175799831705e-06,11309460.194408152
9396648.31495471,1.1022392754627849e-05,0.0011022392754627848,12636.943654588835,1.6430148305283658e-10,2.9465595776034217,1.300916555498656,4.066304325160061e-06,3.3180172720979515e-06,10849853.104362393
9794696.670695385,1.0574451847439333e-05,0.0010574451847439334,13172.253104799007,1.6459885907976011e-10,2.8751051678928503,1.2722703597990426,4.066304325160061e-06,3.4585707200093562e-06,10408924.06557545
10209606.623060476,1.0144714887506122e-05,0.0010144714887506123,13730.23862410606,1.6489623510668368e-10,2.8050705010939607,1.2441123038234507,4.066304325160061e-06,3.605078106704006e-06,9985914.017522775
10642092.440647224,9.732442081497622e-06,0.0009732442081497622,14311.86078607997,1.6519361113360722e-10,2.7360455290848904,1.2162276660146871,4.066304325160061e-06,3.757791645041546e-06,9580094.747270636
11092898.648952227,9.336923700670948e-06,0.0009336923700670948,14918.120854834773,1.6549098716053078e-10,2.668374434571968,1.1887577650661496,4.066304325160061e-06,3.916974231788404e-06,9190767.635855291
11562801.312073776,8.957478859071301e-06,0.0008957478859071301,15550.062508707017,1.6578836318745437e-10,2.6017953452458316,1.1616562462617412,4.066304325160061e-06,4.082899900195165e-06,8817262.455608862
12052609.368708413,8.59345434138483e-06,0.0008593454341384828,16208.77363695098,1.660857392143779e-10,2.536537772752447,1.1349645084580036,4.066304325160061e-06,4.2558542917456055e-06,8458936.216360463
12563166.024741214,8.244223478426581e-06,0.0008244223478426581,16895.3882125432,1.663831152413015e-10,2.4724046093498075,1.108660228254143,4.066304325160061e-06,4.436135147889322e-06,8115172.058526781
13095350.20482665,7.909185068328136e-06,0.0007909185068328137,17611.08824431942,1.6668049126822502e-10,2.4095551172114313,1.082763288913252,4.066304325160061e-06,4.624052822604302e-06,7785378.1911869515
13650078.065460138,7.587762341566602e-06,0.0007587762341566602,18357.105811806712,1.669778672951486e-10,2.3478579894597895,1.0572741050526318,4.066304325160061e-06,4.819930816672312e-06,7468986.873312522
14228304.57214355,7.279401968054652e-06,0.0007279401968054652,19134.725186250987,1.6727524332207217e-10,2.2874134935439683,1.032184311863624,4.066304325160061e-06,5.024106334586186e-06,7165453.436400082
14831025.143361028,6.983573104581145e-06,0.0006983573104581144,19945.285041493746,1.675726193489957e-10,2.228103265814496,1.00750515261655,4.066304325160061e-06,5.23693086504835e-06,6874255.346822808
15459277.364194784,6.699766480963033e-06,0.0006699766480963033,20790.180758502902,1.6786999537591927e-10,2.1700231331826587,0.9832334635379758,4.066304325160061e-06,5.458770786059628e-06,6594891.306287349
16114142.772530166,6.427493523335594e-06,0.0006427493523335594,21670.86682752426,1.6816737140284284e-10,2.113103595130518,0.9593799696021894,4.066304325160061e-06,5.6900079956397945e-06,6326880.388847696
16796748.72092653,6.1662855130709754e-06,0.0006166285513070976,22588.85935199107,1.684647474297664e-10,2.0573638398349416,0.9359295203312115,4.066304325160061e-06,5.93104056926622e-06,6069761.212989625
17508270.31735727,5.915692779878006e-06,0.0005915692779878005,23545.73865849957,1.6876212345668997e-10,2.002767495932501,0.912897172311125,4.066304325160061e-06,6.182283445161722e-06,5823091.1473613735
18249932.448161505,5.675283927693479e-06,0.000567528392769348,24543.15201734579,1.6905949948361353e-10,1.9493363906103403,0.8902690475302771,4.066304325160061e-06,6.444169138611913e-06,5586445.548782488
19023011.886689458,5.444645092032662e-06,0.0005444645092032661,25582.81647830587,1.6935687551053707e-10,1.8970332026833856,0.8680540778347624,4.066304325160061e-06,6.717148486541449e-06,5359417.031219421
19828839.491270673,5.223379227520568e-06,0.0005223379227520568,26666.521826541426,1.6965425153746064e-10,1.8458703846275717,0.8462520147127813,4.066304325160061e-06,7.001691423630893e-06,5141614.764469489
20668802.49629082,5.0111054243771435e-06,0.0005011105424377144,27796.133663720182,1.699516275643842e-10,1.7958270198489226,0.8248619374383738,4.066304325160061e-06,7.298287791310699e-06,4932663.801345489
21544346.900318865,4.807458252680186e-06,0.00048074582526801856,28973.596619653577,1.7024900359130777e-10,1.7468705664446837,0.8038627764828081,4.066304325160061e-06,7.60744818102438e-06,4732204.432203234
22456979.955397718,4.612087133276709e-06,0.00046120871332767086,30200.93769998241,1.7054637961823133e-10,1.6990044122883283,0.7832766927799713,4.066304325160061e-06,7.929704813213099e-06,4539891.565700398
23408272.761782944,4.4246557342598976e-06,0.00044246557342598976,31480.269775673056,1.708437556451549e-10,1.6522206553816003,0.7631008808749633,4.066304325160061e-06,8.265612453534744e-06,4355394.13472075
24399862.972595453,4.244841391973006e-06,0.0004244841391973006,32813.79522032943,1.7114113167207843e-10,1.6065145947037607,0.7433214588337147,4.066304325160061e-06,8.61574936789419e-06,4178394.5264413953
25433457.613046482,4.072334555542819e-06,0.0004072334555542819,34203.80970158624,1.71438507699002e-10,1.5618563680145254,0.7239319968747103,4.066304325160061e-06,8.980718317929952e-06,4008588.0355612775
26510836.019085415,3.906838253987127e-06,0.00039068382539871277,35652.70613310609,1.7173588372592556e-10,1.5182211253054314,0.7049441129361458,4.066304325160061e-06,9.3611475986697e-06,3845682.3397503006
27633852.90053167,3.7480675849783496e-06,0.00037480675849783495,37162.978793986964,1.720332597528491e-10,1.4756015338167376,0.686353527737243,4.066304325160061e-06,9.757692120141901e-06,3689396.996415632
28804441.53396298,3.5957492243833434e-06,0.00035957492243833436,38737.227622671024,1.723306357797727e-10,1.4340037066787665,0.6681426583074764,4.066304325160061e-06,1.0171034534805345e-05,3539462.959918951
30024617.09085543,3.4496209557352893e-06,0.0003449620955735289,40378.162692744525,1.7262801180669623e-10,1.3934056687930731,0.6503142136158492,4.066304325160061e-06,1.0601886412736922e-05,3395622.118413778
31296480.106707502,3.3094312188272183e-06,0.00033094312188272184,42088.60887833804,1.729253878336198e-10,1.3537692201335931,0.6328707968608376,4.066304325160061e-06,1.1050989466601732e-05,3257626.849505114
32622220.09711673,3.1749386766505492e-06,0.00031749386766505495,43871.510717153695,1.732227638605434e-10,1.3150814692785249,0.6158084613294377,4.066304325160061e-06,1.1519116828513122e-05,3125239.593966932
34004119.32703703,3.0459117999327307e-06,0.00030459117999327305,45729.937479495165,1.7352013988746693e-10,1.2773547889739871,0.5991161017958287,4.066304325160061e-06,1.2007074380981823e-05,2998232.446783283
35444556.739704356,2.9221284685589417e-06,0.00029221284685589414,47667.08845202532,1.738175159143905e-10,1.2405722310680414,0.5827869549263356,4.066304325160061e-06,1.2515702144245005e-05,2876386.7648091638
36946012.051992945,2.803375589191792e-06,0.0002803375589191792,49686.29844534574,1.7411489194131403e-10,1.2046857056244669,0.5668238186614363,4.066304325160061e-06,1.3045875722363089e-05,2759492.7903758287
38511070.02325569,2.689448728430495e-06,0.0002689448728430495,51791.04353488332,1.744122679682376e-10,1.1696820826929428,0.5512284479713017,4.066304325160061e-06,1.359850781057479e-05,2647349.2901923284
40142424.90499326,2.580151760878288e-06,0.0002580151760878288,53984.9470449622,1.7470964399516119e-10,1.1355756033381712,0.5359868939022754,4.066304325160061e-06,1.4174549766504117e-05,2539763.2089219233
41842885.07901576,2.4752965315119963e-06,0.00024752965315119965,56271.78578636703,1.7500702002208472e-10,1.10235538728499,0.5210871165934481,4.066304325160061e-06,1.4774993247925245e-05,2436549.3368367692
43615377.89208005,2.374702531772635e-06,0.00023747025317726348,58655.49655813335,1.753043960490083e-10,1.0699671032543696,0.5065334280705718,4.066304325160061e-06,1.5400871919904175e-05,2337529.990978848
45462954.6953239,2.2781965888195073e-06,0.00022781965888195072,61140.18292475624,1.7560177207593185e-10,1.0383886164998375,0.4923299007167947,4.066304325160061e-06,1.6053263234255516e-05,2242534.7092783493
47388796.09717651,2.185612567412611e-06,0.00021856125674126113,63730.12228048951,1.7589914810285542e-10,1.0076493922567675,0.4784647159851695,4.066304325160061e-06,1.6733290284379197e-05,2151399.9571026745
49396217.43878326,2.096791083910454e-06,0.0002096791083910454,66429.77321288956,1.7619652412977896e-10,0.9777395407645285,0.4649174699887824,4.066304325160061e-06,1.744212373866828e-05,2063968.845731204
51488674.50137487,2.0115792318906387e-06,0.00020115792318906386,69243.78317828695,1.7649390015670252e-10,0.9485940685511107,0.45169472136942934,4.066304325160061e-06,1.8180983855818025e-05,1980090.8622708987
53669769.45540476,1.929830318921044e-06,0.00019298303189210441,72176.99650239518,1.7679127618362609e-10,0.920184301080541,0.43879951205791595,4.066304325160061e-06,1.8951142585504603e-05,1899621.6105479451
55943257.06169366,1.8514036140284577e-06,0.00018514036140284575,75234.46271982884,1.7708865221054965e-10,0.8925581602056551,0.42622869012850123,4.066304325160061e-06,1.975392575804941e-05,1822422.5625294037
58313051.135262184,1.7761641054297588e-06,0.00017761641054297588,78421.44526689331,1.7738602823747322e-10,0.8657064832569398,0.41395693059916006,4.066304325160061e-06,2.0590715366840205e-05,1748360.8198467593
60783231.28297236,1.7039822681088287e-06,0.00017039822681088286,81743.43054260252,1.7768340426439678e-10,0.8395441203063041,0.401981361812337,4.066304325160061e-06,2.146295194743584e-05,1677308.8850110804
63358049.92658241,1.634733840838867e-06,0.0001634733840838867,85206.13735353011,1.7798078029132032e-10,0.8140579384158659,0.3903118063415961,4.066304325160061e-06,2.2372137057452287e-05,1609144.4419257299
66041939.623303056,1.5682996122663336e-06,0.00015682996122663335,88815.52675875161,1.7827815631824388e-10,0.7892948438222794,0.3789506959696814,4.066304325160061e-06,2.3319835861498426e-05,1543750.1453188534
68839520.6964551,1.5045652156883228e-06,0.00015045652156883227,92577.81233182168,1.7857553234516745e-10,0.7652550386217166,0.3678709036267245,4.066304325160061e-06,2.430767982561061e-05,1481013.4187332164
71755609.18936922,1.4434209321699615e-06,0.00014434209321699616,96499.4708574582,1.7887290837209101e-10,0.7418295048396141,0.357057874525217,4.066304325160061e-06,2.5337369525825993e-05,1420826.2607255168
74795225.15621829,1.3847615016629425e-06,0.00013847615016629426,100587.25348134646,1.7917028439901458e-10,0.7190190638224006,0.34652745267094437,4.066304325160061e-06,2.6410677575729167e-05,1363085.0589415855
77963601.3040522,1.3284859418001188e-06,0.00013284859418001186,104848.19733225113,1.7946766042593812e-10,0.6968794954416383,0.33628600661727875,4.066304325160061e-06,2.7529451678010413e-05,1307690.4117474877
81266192.00091945,1.2744973740540342e-06,0.00012744973740540341,109289.63763645617,1.797650364528617e-10,0.6754066614540453,0.3263158906131557,4.066304325160061e-06,2.8695617805291746e-05,1254546.9571092925
84708682.6655742,1.2227028569603204e-06,0.00012227028569603202,113919.22034537344,1.8006241247978527e-10,0.6544828188829832,0.31658138373595346,4.066304325160061e-06,2.991118351569321e-05,1203563.2084271167
88296999.55494083,1.1730132261187025e-06,0.00011730132261187025,118744.9152980693,1.803597885067088e-10,0.6341162420561621,0.3071062015046578,4.066304325160061e-06,3.117824140884971e-05,1154651.397040683
92037319.9661823,1.125342940696222e-06,0.0001125342940696222,123775.02994136653,1.806571645336324e-10,0.6143699315040198,0.29789938366785734,4.066304325160061e-06,3.2498972728327614e-05,1107727.3211353146
95936082.87093127,1.0796099361685067e-06,0.00010796099361685067,129018.22363113183,1.8095454056055592e-10,0.5952302470511864,0.2889521435151611,4.066304325160061e-06,3.387565111664019e-05,1062710.2007883266
100000000.0,1.035735483045428e-06,0.00010357354830454281,134483.52253938472,1.812519165874795e-10,0.5765807861545217,0.28021201106325017,4.066304325160061e-06,3.5310646529330526e-05,1019522.5389061304
104236067.39764033,9.936440513381018e-07,9.936440513381017e-05,140180.33519287396,1.8154929261440307e-10,0.5584411316346581,0.2717094129438095,4.066304325160061e-06,3.6806429314855536e-05,978089.9878128073
108651577.46525373,9.532631805338038e-07,9.532631805338037e-05,146118.46866988167,1.818466686413266e-10,0.5408664862778307,0.26345357238322326,4.066304325160061e-06,3.836557446729751e-05,938341.22126038
113254131.51528126,9.145233548549849e-07,9.145233548549849e-05,152308.14548313787,1.821440446682502e-10,0.5238399301649272,0.25543798635865883,4.066304325160061e-06,3.9990766059224134e-05,900207.8116404666
118051652.8568803,8.773578835877028e-07,8.773578835877029e-05,158760.02117789903,1.8244142069517374e-10,0.5072542663660347,0.24761808372094768,4.066304325160061e-06,4.168480186232537e-05,863624.1121859984
123052400.43592615,8.417027862733479e-07,8.417027862733479e-05,165485.20267550275,1.8273879672209728e-10,0.4911344674927672,0.2400082597934852,4.066304325160061e-06,4.3450598163786283e-05,828527.1439601043
128264983.05280624,8.07496682566136e-07,8.07496682566136e-05,172495.26739395887,1.830361727490209e-10,0.4755238036803445,0.2326234822975538,4.066304325160061e-06,4.529119478668216e-05,794856.4874377253
133698374.18249452,7.74680686566672e-07,7.746806865666721e-05,179802.28317850616,1.833335487759444e-10,0.4604065689815059,0.22545760090850442,4.066304325160061e-06,4.72097603230424e-05,762554.1784932325
139361927.42241433,7.431983054497024e-07,7.431983054497025e-05,187418.82907644368,1.8363092480286797e-10,0.44568780965897453,0.21848075689758922,4.066304325160061e-06,4.92095975885909e-05,731564.6086150173
145265392.59467784,7.129953422115865e-07,7.129953422115865e-05,195358.0169919893,1.8392830082979154e-10,0.4313900724755487,0.21168573694747983,4.066304325160061e-06,5.129414930855099e-05,701834.42917531
151418932.5304352,6.84019802369987e-07,6.84019802369987e-05,203633.5142584638,1.842256768567151e-10,0.41754959075464465,0.20509503477834867,4.066304325160061e-06,5.3467004044307507e-05,673312.4595903523
157833140.56521198,6.562218044552517e-07,6.562218044552517e-05,212259.56716663565,1.845230528836387e-10,0.4041490674305677,0.19870231990252799,4.066304325160061e-06,5.5731902371123406e-05,645949.5992129066
164519058.77536607,6.295534941393129e-07,6.29553494139313e-05,221251.02548975326,1.8482042891056223e-10,0.39111635628190566,0.19248960180542343,4.066304325160061e-06,5.80927433175511e-05,619698.7428053445
171488196.98705408,6.039689618543352e-07,6.0396896185433524e-05,230623.36804746935,1.8511780493748577e-10,0.3784569323884277,0.18643842144369405,4.066304325160061e-06,6.0553591077620715e-05,594514.6994478551
178752552.59042317,5.794241637592808e-07,5.7942416375928075e-05,240392.7293526673,1.8541518096440933e-10,0.366207101147156,0.18056885416133692,4.066304325160061e-06,6.311868200735998e-05,570354.1147421646
186324631.19315597,5.558768459183036e-07,5.5587684591830356e-05,250575.92738707367,1.857125569913329e-10,0.3543471482467038,0.17487751478766067,4.066304325160061e-06,6.57924319176941e-05,547175.396176809
194217468.14890283,5.332864715605024e-07,5.332864715605025e-05,261190.49255345244,1.8600993301825646e-10,0.3428277423232133,0.16935246084744263,4.066304325160061e-06,6.857944367627428e-05,524938.6415255298
202444650.9976802,5.116141512957513e-07,5.1161415129575125e-05,272254.69785424427,1.8630730904518003e-10,0.3317509189449164,0.164089634209286,4.066304325160061e-06,7.148451513132771e-05,503605.57015547535
211020342.85685965,4.908225761665041e-07,4.908225761665041e-05,283787.59034859174,1.866046850721036e-10,0.32092546778974906,0.15887260993576288,4.066304325160061e-06,7.45126473711671e-05,483139.45712698327
219959306.80300704,4.7087595342033843e-07,4.708759534203385e-05,295809.02394189674,1.8690206109902713e-10,0.3104457654371448,0.15381561685638823,4.066304325160061e-06,7.766905333357558e-05,463505.0699715114
229276931.2865649,4.5173994489262386e-07,4.517399448926239e-05,308339.6935643773,1.8719943712595072e-10,0.30027973073885905,0.1489106476016096,4.066304325160061e-06,8.095916677989501e-05,444668.60803883726
238989256.62310526,4.333816078932868e-07,4.333816078932868e-05,321401.170797442,1.874968131528743e-10,0.29041046530914155,0.1441482303136062,4.066304325160061e-06,8.438865164925942e-05,426597.6443091555
249113002.6067786,4.157693384958801e-07,4.157693384958801e-05,335015.9410092252,1.8779418917979783e-10,0.2808582225063351,0.1395224466768702,4.066304325160061e-06,8.796341180908154e-05,409261.069569874
259665597.29348725,3.988728171313303e-07,3.988728171313303e-05,349207.44206321496,1.880915652067214e-10,0.2716132938566532,0.1350377887639409,4.066304325160061e-06,9.168960121857816e-05,392629.03886101407
270665207.00332355,3.826629563927328e-07,3.826629563927328e-05,364000.10466658697,1.8838894123364493e-10,0.2626544311987806,0.1306909590134764,4.066304325160061e-06,9.557363452282437e-05,376672.92009704496
282130767.59394705,3.6711185096128747e-07,3.671118509612875e-05,379419.39442774525,1.8868631726056852e-10,0.2539621684020508,0.1264743190809444,4.066304325160061e-06,9.962219809558573e-05,361365.24477665755
294082017.05870664,3.5219272956723036e-07,3.5219272956723036e-05,395491.8556954234,1.8898369328749208e-10,0.24554627433441076,0.12238225056417697,4.066304325160061e-06,0.00010384226154992553,346679.66069567774
306539529.50565237,3.3787990890301467e-07,3.3787990890301465e-05,412245.1572548579,1.892810693144156e-10,0.23740243390342067,0.11841309123697408,4.066304325160061e-06,0.0001082410897364138,332590.8865816703
319524750.57592136,3.241487494094231e-07,3.241487494094231e-05,429708.13995968224,1.895784453413392e-10,0.2295164594939284,0.11456708042523936,4.066304325160061e-06,0.00011282625524958867,319074.6685721562
333060034.36245817,3.109756128585128e-07,3.1097561285851284e-05,447910.8663815191,1.8987582136826273e-10,0.22187335240958198,0.11083999750450536,4.066304325160061e-06,0.00011760565146419444,306107.7384615344
347168681.89265597,2.983378216603292e-07,2.983378216603292e-05,466884.672562795,1.901731973951863e-10,0.21446876402319748,0.10722524220884316,4.066304325160061e-06,0.00012258750612365173,293667.7736447911
361874981.2411284,2.862136198233846e-07,2.8621361982338458e-05,486662.2219618074,1.9047057342210988e-10,0.20730564900106485,0.10371958890382796,4.066304325160061e-06,0.00012778039550413606,281733.3586890857
377204249.34169936,2.745821355016554e-07,2.745821355016554e-05,507277.56168296165,1.9076794944903342e-10,0.2003730649067375,0.100322422681788,4.066304325160061e-06,0.00013319325917866216,270283.9484670203
393182875.570577,2.63423345063641e-07,2.63423345063641e-05,528766.1810889583,1.91065325475957e-10,0.19365828474196048,0.09703183661860067,4.066304325160061e-06,0.00013883541540658402,259299.83278814587
409838367.1757253,2.527180386216348e-07,2.5271803862163482e-05,551165.0728958134,1.9136270150288055e-10,0.18715540789822863,0.09384325323699026,4.066304325160061e-06,0.00014471657717500031,248762.10246782273
427199396.63067764,2.424477869618438e-07,2.4244778696184377e-05,574512.7968559333,1.9166007752980412e-10,0.1808637505513012,0.09075263698715177,4.066304325160061e-06,0.00015084686891969143,238652.61677500146
445295850.994266,2.325949098184534e-07,2.325949098184534e-05,598849.546138819,1.9195745355672768e-10,0.17477679335187643,0.0877579032107796,4.066304325160061e-06,0.0001572368439543597,228953.9722029115
464158883.3612773,2.2314244543700015e-07,2.2314244543700014e-05,624217.2165237202,1.9225482958365122e-10,0.16888475934560873,0.08485728704493124,4.066304325160061e-06,0.0001638975026381883,219649.47250887495
483820966.49259573,2.1407412137466316e-07,2.1407412137466316e-05,650659.478523339,1.9255220561057478e-10,0.1631809796676845,0.0820482304152035,4.066304325160061e-06,0.0001708403113129912,210723.0999716778
504315948.71713483,2.0537432648721572e-07,2.053743264872157e-05,678221.8525627201,1.9284958163749835e-10,0.15766167139295467,0.0793273999829026,4.066304325160061e-06,0.0001780772220425473,202159.487817025
525679112.2018419,1.9702808405439214e-07,1.9702808405439214e-05,706951.787342802,1.9314695766442191e-10,0.1523231522182162,0.07669148191430591,4.066304325160061e-06,0.00018562069318811534,193943.89376359122
547947233.6900293,1.8902102599742968e-07,1.8902102599742968e-05,736898.7415234663,1.9344433369134548e-10,0.14715887721968854,0.07413822240880032,4.066304325160061e-06,0.00019348371085553117,186062.1746441497
571158647.8126423,1.8133936814437956e-07,1.8133936814437955e-05,768114.2688667601,1.9374170971826902e-10,0.14216189300780468,0.07166690469560842,4.066304325160061e-06,0.00020167981125082603,178500.7620580692
595353313.081437,1.73969886500615e-07,1.73969886500615e-05,800652.1069868488,1.940390857451926e-10,0.13732533370774325,0.06927389775402944,4.066304325160061e-06,0.00021022310398284498,171246.63901327297
620572880.6776488,1.6689989448369576e-07,1.6689989448369573e-05,834568.2698594357,1.9433646177211615e-10,0.1326487138543565,0.06695638676153227,4.066304325160061e-06,0.00021912829635296888,164287.31751745875
646860766.1546321,1.6011722108337534e-07,1.6011722108337535e-05,869921.1442500015,1.946338377990397e-10,0.12812706579061378,0.06471327697256561,4.066304325160061e-06,0.0002284107186737815,157610.81707997937
674262224.1778349,1.536101899091792e-07,1.5361018990917922e-05,906771.5902267555,1.9493121382596328e-10,0.12375331164604227,0.06254174577037333,4.066304325160061e-06,0.00023808635066023757,151205.64408740087
702824426.4308338,1.4736759908946563e-07,1.4736759908946563e-05,945183.0459314121,1.9522858985288684e-10,0.119520606232303,0.0604395453266092,4.066304325160061e-06,0.00024817184893878656,145060.77201721485
732596542.8215231,1.4137870198737152e-07,1.4137870198737152e-05,985221.6367881366,1.955259658798104e-10,0.11542897759862593,0.05840546813552079,4.066304325160061e-06,0.0002586845757218037,139165.6224556479
763629826.1282257,1.3563318870045165e-07,1.3563318870045164e-05,1026956.2893386178,1.9582334190673397e-10,0.11147400427631314,0.05643690964363954,4.066304325160061e-06,0.0002696426286966793,133510.0468868977
795977700.2314978,1.3012116831215237e-07,1.3012116831215238e-05,1070458.8498993036,1.9612071793365753e-10,0.10764853920289491,0.05453127656625003,4.066304325160061e-06,0.0002810648721810387,128084.30922243386
829695852.0834914,1.2483315186457053e-07,1.2483315186457053e-05,1115804.208245043,1.9641809396058107e-10,0.10394934256666996,0.05268748284845635,4.066304325160061e-06,0.0002929709695977189,122879.06904029408
864842327.5731709,1.1976003602319029e-07,1.1976003602319029e-05,1163070.4265320061,1.967154699875046e-10,0.10037317736301478,0.05090399233548916,4.066304325160061e-06,0.00030538141732539757,117885.3655055258
901477631.4524918,1.1489308740546507e-07,1.1489308740546507e-05,1212338.8736819238,1.970128460144282e-10,0.09691703895943228,0.04917773767068601,4.066304325160061e-06,0.0003183175799831704,113094.60194408154
939664831.495471,1.1022392754627849e-07,1.1022392754627849e-05,1263694.3654588836,1.9731022204135177e-10,0.09357417418269152,0.047508132568580067,4.066304325160061e-06,0.0003318017272097952,108498.53104362392
979469667.0695386,1.0574451847439339e-07,1.0574451847439338e-05,1317225.3104799,1.976075980682753e-10,0.09034441382897289,0.04589236568720155,4.066304325160061e-06,0.00034585707200093547,104089.24065575456
1020960662.3060476,1.0144714887506124e-07,1.0144714887506124e-05,1373023.8624106061,1.979049740951989e-10,0.08722100491231258,0.04432978299564484,4.066304325160061e-06,0.00036050781067040064,99859.14017522775
1064209244.0647224,9.732442081497613e-08,9.732442081497614e-06,1431186.0786079983,1.9820235012212244e-10,0.08420379801399089,0.04281840285786271,4.066304325160061e-06,0.000375779164504155,95800.94747270628
1109289864.8952227,9.336923700670943e-08,9.336923700670943e-06,1491812.0854834781,1.9849972614904603e-10,0.08128606319887581,0.041356481758908645,4.066304325160061e-06,0.00039169742317884054,91907.67635855287
1156280131.2073777,8.957478859071303e-08,8.957478859071303e-06,1555006.2508707012,1.9879710217596957e-10,0.07846885379241458,0.03994300258969886,4.066304325160061e-06,0.00040828999001951645,88172.62455608863
1205260936.8708413,8.593454341384829e-08,8.593454341384828e-06,1620877.363695098,1.990944782028931e-10,0.07574317562327636,0.03857524092713042,4.066304325160061e-06,0.00042558542917456055,84589.36216360463
1256316602.4741216,8.244223478426584e-08,8.244223478426585e-06,1689538.821254319,1.993918542298167e-10,0.07311186473378979,0.03725372633084034,4.066304325160061e-06,0.000443613514788932,81151.72058526786
1309535020.482665,7.909185068328136e-08,7.909185068328136e-06,1761108.8244319423,1.9968923025674023e-10,0.07056722020732811,0.03597467993102159,4.066304325160061e-06,0.0004624052822604303,77853.7819118695
1365007806.5460138,7.587762341566606e-08,7.587762341566606e-06,1835710.5811806698,1.999866062836638e-10,0.06811043384161825,0.03473927545584657,4.066304325160061e-06,0.0004819930816672309,74689.86873312526
1422830457.2143548,7.279401968054653e-08,7.279401968054654e-06,1913472.5186250983,2.002839823105874e-10,0.0657351895078857,0.03354353098135275,4.066304325160061e-06,0.0005024106334586185,71654.53436400084
1483102514.336103,6.983573104581137e-08,6.983573104581138e-06,1994528.5041493769,2.0058135833751093e-10,0.06344151004606358,0.032388447677543473,4.066304325160061e-06,0.0005236930865048355,68742.553468228
1545927736.4194784,6.699766480963029e-08,6.699766480963029e-06,2079018.0758502914,2.008787343644345e-10,0.06122492705198615,0.03127132532357318,4.066304325160061e-06,0.0005458770786059632,65948.91306287346
1611414277.2530165,6.427493523335596e-08,6.427493523335597e-06,2167086.682752425,2.0117611039135803e-10,0.05908406877672813,0.030191709410174555,4.066304325160061e-06,0.0005690007995639792,63268.803888476985
1679674872.092653,6.166285513070979e-08,6.166285513070978e-06,2258885.9351991056,2.014734864182816e-10,0.05701603926489267,0.02914827968921688,4.066304325160061e-06,0.0005931040569266217,60697.61212989626
1750827031.7357268,5.9156927798780006e-08,5.915692779878001e-06,2354573.865849959,2.0177086244520519e-10,0.05501818967864565,0.02813936606348989,4.066304325160061e-06,0.0005915692779878,58230.91147361369
1824993244.8161504,5.6752839276934845e-08,5.675283927693485e-06,2454315.2017345764,2.0206823847212873e-10,0.053089238528676023,0.027164954651293486,4.066304325160061e-06,0.0005675283927693485,55864.45548782493
1902301188.6689458,5.444645092032659e-08,5.444645092032659e-06,2558281.6478305883,2.023656144990523e-10,0.051225123329325,0.026222411696254565,4.066304325160061e-06,0.0005444645092032659,53594.17031219418
1982883949.1270673,5.22337922752057e-08,5.2233792275205695e-06,2666652.182654142,2.0266299052597583e-10,0.049425984300527734,0.025312397904910165,4.066304325160061e-06,0.000522337922752057,51416.14764469492
2066880249.629082,5.0111054243771406e-08,5.01110542437714e-06,2779613.3663720204,2.0296036655289942e-10,0.04768707760785181,0.024432283210930314,4.066304325160061e-06,0.000501110542437714,49326.63801345486
2154434690.0318866,4.8074582526801856e-08,4.807458252680185e-06,2897359.6619653585,2.0325774257982298e-10,0.04600919659919853,0.02358239250323356,4.066304325160061e-06,0.0004807458252680185,47322.044322032336
2245697995.5397716,4.612087133276707e-08,4.612087133276707e-06,3020093.769998242,2.0355511860674652e-10,0.04438772811787762,0.022760944642018388,4.066304325160061e-06,0.00046120871332767076,45398.91565700397
2340827276.178294,4.424655734259899e-08,4.424655734259899e-06,3148026.9775673044,2.038524946336701e-10,0.04282312696713845,0.02196738250333302,4.066304325160061e-06,0.00044246557342599,43553.94134720752
2439986297.2595453,4.2448413919730066e-08,4.2448413919730066e-06,3281379.522032942,2.0414987066059363e-10,0.04131116199286767,0.021200803241277245,4.066304325160061e-06,0.00042448413919730064,41783.94526441397
2543345761.3046484,4.072334555542817e-08,4.072334555542817e-06,3420380.9701586254,2.0444724668751722e-10,0.039852262197699446,0.020459928793657094,4.066304325160061e-06,0.00040723345555428175,40085.88035561275
2651083601.9085417,3.906838253987129e-08,3.906838253987129e-06,3565270.613310607,2.0474462271444078e-10,0.03844327048784742,0.019744473936005584,4.066304325160061e-06,0.00039068382539871293,38456.82339750302
2763385290.053167,3.7480675849783504e-08,3.7480675849783505e-06,3716297.8793986957,2.0504199874136432e-10,0.03708304036077952,0.01905326260776652,4.066304325160061e-06,0.000374806758497835,36893.96996415632
2880444153.396298,3.5957492243833436e-08,3.595749224383344e-06,3873722.762267102,2.0533937476828789e-10,0.03576970863662284,0.018385675207365247,4.066304325160061e-06,0.0003595749224383344,35394.62959918952
3002461709.085543,3.449620955735287e-08,3.4496209557352867e-06,4037816.269274455,2.0563675079521142e-10,0.03450213675178864,0.017740775887340486,4.066304325160061e-06,0.0003449620955735287,33956.22118413776
3129648010.6707506,3.309431218827217e-08,3.3094312188272166e-06,4208860.887833806,2.0593412682213501e-10,0.0332784212517508,0.017117916159485574,4.066304325160061e-06,0.0003309431218827217,32576.26849505113
3262222009.7116733,3.1749386766505504e-08,3.17493867665055e-06,4387151.071715368,2.0623150284905858e-10,0.0320968002163803,0.016516282051854788,4.066304325160061e-06,0.000317493867665055,31252.395939669328
3400411932.7037024,3.0459117999327316e-08,3.0459117999327316e-06,4572993.7479495155,2.0652887887598212e-10,0.030956572535608514,0.01593536136563824,4.066304325160061e-06,0.0003045911799932731,29982.324467832834
3544455673.9704356,2.9221284685589393e-08,2.9221284685589395e-06,4766708.845202535,2.068262549029057e-10,0.029855793123489165,0.015374483406592159,4.066304325160061e-06,0.0002922128468558939,28763.867648091607
3694601205.199295,2.8033755891917907e-08,2.8033755891917907e-06,4968629.844534577,2.0712363092982925e-10,0.028793309642265685,0.014832461456369735,4.066304325160061e-06,0.00028033755891917914,27594.927903758275
3851107002.3255687,2.689448728430493e-08,2.689448728430493e-06,5179104.353488335,2.074210069567528e-10,0.027768088210265968,0.014309283227942572,4.066304325160061e-06,0.00026894487284304927,26473.49290192326
4014242490.499326,2.5801517608782865e-08,2.5801517608782866e-06,5398494.704496223,2.0771838298367638e-10,0.02677873032584442,0.013804268762813023,4.066304325160061e-06,0.0002580151760878287,25397.632089219223
4184288507.901576,2.4752965315119965e-08,2.4752965315119967e-06,5627178.578636702,2.0801575901059992e-10,0.02582323078374198,0.013316459313978807,4.066304325160061e-06,0.0002475296531511997,24365.493368367697
4361537789.208006,2.3747025317726345e-08,2.3747025317726345e-06,5865549.655813336,2.0831313503752348e-10,0.024901487758177188,0.01284554323357872,4.066304325160061e-06,0.00023747025317726348,23375.29990978848
4546295469.532391,2.2781965888195083e-08,2.2781965888195086e-06,6114018.292475621,2.0861051106444705e-10,0.02401254488134612,0.012390880542359537,4.066304325160061e-06,0.00022781965888195083,22425.347092783504
4738879609.717651,2.1856125674126127e-08,2.1856125674126124e-06,6373012.228048947,2.089078870913706e-10,0.023154105987715376,0.01195185878947389,4.066304325160061e-06,0.00021856125674126126,21513.999571026754
4939621743.878325,2.096791083910453e-08,2.096791083910453e-06,6642977.321288958,2.092052631182942e-10,0.02232559833147986,0.01152825643700851,4.066304325160061e-06,0.00020967910839104532,20639.688457312033
5148867450.137487,2.011579231890638e-08,2.011579231890638e-06,6924378.317828695,2.0950263914521774e-10,0.021526393609827724,0.011119237155161645,4.066304325160061e-06,0.00020115792318906375,19800.90862270898
5366976945.540476,1.929830318921046e-08,1.929830318921046e-06,7217699.650239509,2.0980001517214128e-10,0.02075554631944671,0.010724308647091046,4.066304325160061e-06,0.0001929830318921046,18996.216105479474
5594325706.169366,1.8514036140284585e-08,1.8514036140284586e-06,7523446.271982878,2.1009739119906484e-10,0.020011698601952156,0.01034309814626725,4.066304325160061e-06,0.00018514036140284583,18224.225625294042
5831305113.526218,1.7761641054297583e-08,1.7761641054297584e-06,7842144.526689333,2.103947672259884e-10,0.01931207697205161,0.009993461639109254,4.066304325160061e-06,0.00017761641054297585,17483.608198467587
6078323128.297236,1.703982268108829e-08,1.7039822681088287e-06,8174343.054260253,2.1069214325291197e-10,0.018618903027291935,0.00963807114407048,4.066304325160061e-06,0.00017039822681088286,16773.088850110802
6335804992.658241,1.6347338408388666e-08,1.6347338408388668e-06,8520613.735353015,2.1098951927983554e-10,0.017950509301173995,0.00929497531883934,4.066304325160061e-06,0.00016347338408388666,16091.444419257297
6604193962.330305,1.5682996122663335e-08,1.5682996122663336e-06,8881552.675875163,2.112868953067591e-10,0.017305886095672966,0.008963687055893323,4.066304325160061e-06,0.00015682996122663335,15437.501453188534
6883952069.645511,1.504565215688324e-08,1.504565215688324e-06,9257781.23318216,2.1158427133368267e-10,0.016683543400034022,0.00864397715636826,4.066304325160061e-06,0.0001504565215688324,14810.134187332174
7175560918.936921,1.4434209321699614e-08,1.4434209321699615e-06,9649947.08574582,2.1188164736060623e-10,0.01608295543671182,0.008335586941929781,4.066304325160061e-06,0.00014434209321699616,14208.26260725517
7479522515.621829,1.3847615016629426e-08,1.3847615016629427e-06,10058725.348134642,2.121790233875298e-10,0.01550391990764151,0.008038028364559857,4.066304325160061e-06,0.00013847615016629428,13630.850589415857
7796360130.405221,1.3284859418001177e-08,1.3284859418001177e-06,10484819.733225122,2.1247639941445334e-10,0.014945776993146719,0.0077507466729521,4.066304325160061e-06,0.00013284859418001178,13076.904117474867
8126619200.091946,1.2744973740540334e-08,1.2744973740540333e-06,10928963.763645623,2.127737754413769e-10,0.01440719798545648,0.007473462061452544,4.066304325160061e-06,0.00012744973740540333,12545.469571092917
8470868266.55742,1.2227028569603202e-08,1.2227028569603202e-06,11391922.034537345,2.1307115146830046e-10,0.01388721534986857,0.007206000311185351,4.066304325160061e-06,0.00012227028569603202,12035.632084271167
8829699955.494083,1.1730132261187025e-08,1.1730132261187025e-06,11874491.52980693,2.1336852749522403e-10,0.01338582578346005,0.00694810150110811,4.066304325160061e-06,0.00011730132261187024,11546.513970406832
9203731996.61823,1.125342940696222e-08,1.1253429406962219e-06,12377502.994136656,2.136659035221476e-10,0.012902772109378605,0.006699247500638451,4.066304325160061e-06,0.0001125342940696222,11077.273211353146
9593608287.093126,1.0796099361685073e-08,1.0796099361685073e-06,12901822.363113174,2.1396327954907113e-10,0.012436895355108857,0.006458902573002021,4.066304325160061e-06,0.00010796099361685073,10627.102007883272
10000000000.0,1.0357354830454277e-08,1.0357354830454278e-06,13448352.253938476,2.142606555759947e-10,0.011987016035899233,0.0062270254056031255,4.066304325160061e-06,0.00010357354830454278,10195.225389061301
10423606739.764032,9.936440513381013e-09,9.936440513381012e-07,14018033.519287402,2.145580316029183e-10,0.011552992794590636,0.006003446753095872,4.066304325160061e-06,9.936440513381012e-05,9780.899878128068
10865157746.525372,9.532631805338043e-09,9.532631805338043e-07,14611846.866988158,2.148554076298418e-10,0.011134890717589272,0.0057879255390713355,4.066304325160061e-06,9.532631805338041e-05,9383.412212603804
11325413151.528126,9.145233548549856e-09,9.145233548549855e-07,15230814.548313776,2.151527836567654e-10,0.010732145995386508,0.0055798333261820295,4.066304325160061e-06,9.145233548549856e-05,9002.078116404671
11805165285.68803,8.773578835877034e-09,8.773578835877035e-07,15876002.117789887,2.1545015968368893e-10,0.010343141455976021,0.005378907357555763,4.066304325160061e-06,8.773578835877035e-05,8636.24112185999
12305240043.592615,8.417027862733481e-09,8.417027862733481e-07,16548520.267550271,2.157475357106125e-10,0.009967619355962043,0.005185145666867611,4.066304325160061e-06,8.41702786273348e-05,8285.271439601047
12826498305.280624,8.074966825661363e-09,8.074966825661364e-07,17249526.73939588,2.1604491173753609e-10,0.009605881902793571,0.004998427847853537,4.066304325160061e-06,8.074966825661364e-05,7948.564874377256
13369837418.249453,7.746806865666723e-09,7.746806865666722e-07,17980228.317850612,2.1634228776445962e-10,0.009257621628025204,0.004818449756056852,4.066304325160061e-06,7.746806865666722e-05,7625.541784932327
13936192742.241434,7.431983054497022e-09,7.431983054497022e-07,18741882.907644372,2.1663966379138322e-10,0.008921681065865527,0.004644536896627074,4.066304325160061e-06,7.431983054497023e-05,7315.646086150171
14526539259.467783,7.129953422115865e-09,7.129953422115865e-07,19535801.69919893,2.1693703981830673e-10,0.00859692016995161,0.004476701547871135,4.066304325160061e-06,7.129953422115865e-05,7018.344291753099
15141893253.04352,6.84019802369987e-09,6.84019802369987e-07,20363351.42584638,2.172344158452303e-10,0.008284090066824722,0.004314986021994958,4.066304325160061e-06,6.840198023699869e-05,6733.124595903522
15783314056.521196,6.562218044552512e-09,6.562218044552513e-07,21225956.71666358,2.1753179187215388e-10,0.007982954099217995,0.004159206553792299,4.066304325160061e-06,6.562218044552512e-05,6459.495992129061
16451905877.536608,6.295534941393132e-09,6.295534941393132e-07,22125102.54897531,2.1782916789907742e-10,0.007692999578632947,0.004008975604399183,4.066304325160061e-06,6.295534941393132e-05,6196.987428053449
17148819698.705408,6.039689618543348e-09,6.039689618543348e-07,23062336.804746952,2.1812654392600099e-10,0.007412361890917113,0.0038636867843548223,4.066304325160061e-06,6.039689618543348e-05,5945.146994478547
17875255259.042316,5.794241637592804e-09,5.794241637592804e-07,24039272.93526674,2.1842391995292455e-10,0.00714193044854658,0.0037236899979904477,4.066304325160061e-06,5.794241637592805e-05,5703.541147421643
18632463119.315598,5.5587684591830375e-09,5.558768459183038e-07,25057592.738707352,2.1872129597984812e-10,0.0068816395599111384,0.003588852491769175,4.066304325160061e-06,5.558768459183037e-05,5471.753961768091
19421746814.890285,5.33286471560503e-09,5.33286471560503e-07,26119049.25534522,2.1901867200677166e-10,0.006631098526066718,0.0034589809947885774,4.066304325160061e-06,5.3328647156050294e-05,5249.386415255302
20244465099.768017,5.116141512957516e-09,5.116141512957516e-07,27225469.785424404,2.1931604803369522e-10,0.0063890798374671275,0.0033334968470627043,4.066304325160061e-06,5.116141512957516e-05,5036.0557015547565
21102034285.685966,4.908225761665038e-09,4.908225761665038e-07,28378759.03485919,2.1961342406061878e-10,0.00615538390588634,0.003212350669487497,4.066304325160061e-06,4.9082257616650385e-05,4831.394571269829
21995930680.3007,4.7087595342033885e-09,4.708759534203389e-07,29580902.39418965,2.1991080008754235e-10,0.0059304735847001515,0.0030956832996918778,4.066304325160061e-06,4.7087595342033896e-05,4635.050699715118
22927693128.656487,4.51739944892624e-09,4.51739944892624e-07,30833969.356437724,2.2020817611446591e-10,0.005714009614979198,0.0029833265278680463,4.066304325160061e-06,4.51739944892624e-05,4446.686080388375
23898925662.310528,4.3338160789328706e-09,4.333816078932871e-07,32140117.07974419,2.2050555214138948e-10,0.005505437813644149,0.002875073557547229,4.066304325160061e-06,4.3338160789328714e-05,4265.9764430915575
24911300260.67786,4.157693384958797e-09,4.157693384958797e-07,33501594.100922555,2.2080292816831304e-10,0.005303578576564748,0.002770346625750703,4.066304325160061e-06,4.157693384958797e-05,4092.6106956987364
25966559729.348724,3.988728171313303e-09,3.9887281713133037e-07,34920744.206321485,2.2110030419523658e-10,0.005109310670583254,0.0026694436938383397,4.066304325160061e-06,3.988728171313304e-05,3926.2903886101412
27066520700.332355,3.8266295639273255e-09,3.8266295639273253e-07,36400010.46665873,2.2139768022216012e-10,0.00492235633883856,0.002572280061301222,4.066304325160061e-06,3.826629563927325e-05,3766.729200970447
28213076759.394707,3.6711185096128772e-09,3.6711185096128774e-07,37941939.4427745,2.216950562490837e-10,0.004742357482911344,0.0024786983612166205,4.066304325160061e-06,3.6711185096128774e-05,3613.652447766578
29408201705.870667,3.521927295672305e-09,3.5219272956723047e-07,39549185.56954233,2.2199243227600728e-10,0.004568389806222115,0.0023884124670314113,4.066304325160061e-06,3.521927295672305e-05,3466.7966069567783
30653952950.565235,3.3787990890301434e-09,3.3787990890301435e-07,41224515.72548583,2.2228980830293082e-10,0.00440063353748107,0.002301194550353434,4.066304325160061e-06,3.378799089030143e-05,3325.9088658167007
31952475057.592136,3.2414874940942305e-09,3.24148749409423e-07,42970813.99596823,2.225871843298544e-10,0.004239210743235403,0.002217197589597746,4.066304325160061e-06,3.241487494094231e-05,3190.746685721562
33306003436.24582,3.1097561285851267e-09,3.109756128585127e-07,44791086.63815192,2.2288456035677794e-10,0.00408382863380936,0.0021363117404662535,4.066304325160061e-06,3.109756128585127e-05,3061.077384615343
34716868189.265594,2.983378216603291e-09,2.9833782166032914e-07,46688467.25627951,2.2318193638370154e-10,0.003933964984821414,0.002058365327826122,4.066304325160061e-06,2.9833782166032914e-05,2936.677736447911
36187498124.11284,2.862136198233844e-09,2.862136198233844e-07,48666222.196180776,2.234793124106251e-10,0.003789247199705314,0.0019831533275889795,4.066304325160061e-06,2.862136198233844e-05,2817.3335868908553
37720424934.16994,2.7458213550165546e-09,2.745821355016555e-07,50727756.16829616,2.2377668843754861e-10,0.003649912293943136,0.0019105867736005208,4.066304325160061e-06,2.7458213550165548e-05,2702.8394846702035
39318287557.0577,2.6342334506364114e-09,2.6342334506364116e-07,52876618.1088958,2.240740644644722e-10,0.0035158108862992795,0.0018406938556896676,4.066304325160061e-06,2.6342334506364116e-05,2592.9983278814598
40983836717.57253,2.527180386216349e-09,2.527180386216349e-07,55116507.289581314,2.2437144049139574e-10,0.0033866097022648106,0.0017733708103375553,4.066304325160061e-06,2.5271803862163492e-05,2487.621024678228
42719939663.067764,2.4244778696184387e-09,2.4244778696184384e-07,57451279.685593314,2.246688165183193e-10,0.003261942269213244,0.0017084856554226673,4.066304325160061e-06,2.4244778696184387e-05,2386.5261677500157
44529585099.4266,2.3259490981845333e-09,2.3259490981845333e-07,59884954.613881916,2.249661925452429e-10,0.003141731746410072,0.0016458966879555606,4.066304325160061e-06,2.325949098184533e-05,2289.5397220291143
46415888336.12772,2.2314244543700025e-09,2.2314244543700026e-07,62421721.65237199,2.2526356857216644e-10,0.0030260267988115193,0.0015855441892262331,4.066304325160061e-06,2.2314244543700025e-05,2196.4947250887503
48382096649.259575,2.1407412137466306e-09,2.1407412137466306e-07,65065947.85233395,2.2556094459909e-10,0.0029146183854735033,0.001527408950056234,4.066304325160061e-06,2.1407412137466306e-05,2107.2309997167768
50431594871.713486,2.0537432648721563e-09,2.0537432648721562e-07,67822185.25627203,2.2585832062601354e-10,0.0028072183258090124,0.0014714070247711416,4.066304325160061e-06,2.0537432648721564e-05,2021.5948781702489
52567911220.18419,1.970280840543921e-09,1.9702808405439206e-07,70695178.73428021,2.261556966529371e-10,0.002703638411608215,0.0014174365415488327,4.066304325160061e-06,1.9702808405439207e-05,1939.4389376359115
54794723369.00292,1.890210259974299e-09,1.8902102599742986e-07,73689874.15234657,2.2645307267986067e-10,0.0026038498759537133,0.0013653933342406151,4.066304325160061e-06,1.8902102599742988e-05,1860.621746441499
57115864781.26423,1.813393681443795e-09,1.813393681443795e-07,76811426.88667604,2.2675044870678423e-10,0.002507783899039818,0.001315220816857323,4.066304325160061e-06,1.813393681443795e-05,1785.0076205806913
59535331308.1437,1.739698865006151e-09,1.739698865006151e-07,80065210.69868484,2.2704782473370777e-10,0.0024152564923053603,0.0012668907452814972,4.066304325160061e-06,1.739698865006151e-05,1712.4663901327308
62057288067.76488,1.6689989448369589e-09,1.668998944836959e-07,83456826.98594351,2.2734520076063136e-10,0.0023260582406922177,0.001220336336302792,4.066304325160061e-06,1.668998944836959e-05,1642.873175174589
64686076615.46321,1.6011722108337535e-09,1.6011722108337534e-07,86992114.42500015,2.2764257678755493e-10,0.0022400522362650416,0.0011754702545712183,4.066304325160061e-06,1.6011722108337535e-05,1576.1081707997935
67426222417.78349,1.5361018990917924e-09,1.5361018990917923e-07,90677159.02267553,2.279399528144785e-10,0.002157227916452291,0.001132211750495163,4.066304325160061e-06,1.5361018990917922e-05,1512.0564408740092
70282442643.08339,1.4736759908946555e-09,1.4736759908946555e-07,94518304.59314129,2.2823732884140203e-10,0.002077480702338875,0.0010905179964505278,4.066304325160061e-06,1.4736759908946555e-05,1450.6077201721478
73259654282.1523,1.4137870198737148e-09,1.413787019873715e-07,98522163.67881368,2.285347048683256e-10,0.002000652699950505,0.0010503557580674393,4.066304325160061e-06,1.413787019873715e-05,1391.6562245564792
76362982612.82257,1.356331887004517e-09,1.356331887004517e-07,102695628.93386172,2.2883208089524916e-10,0.0019266096289639525,0.001011667753895456,4.066304325160061e-06,1.3563318870045167e-05,1335.1004688689775
79597770023.14978,1.3012116831215246e-09,1.3012116831215245e-07,107045884.98993029,2.291294569221727e-10,0.0018552605793561987,0.0009743919981820475,4.066304325160061e-06,1.3012116831215245e-05,1280.8430922243394
82969585208.34915,1.2483315186457057e-09,1.248331518645706e-07,111580420.82450427,2.2942683294909624e-10,0.001786545656864589,0.0009384619372537703,4.066304325160061e-06,1.2483315186457057e-05,1228.7906904029412
86484232757.3171,1.1976003602319038e-09,1.197600360231904e-07,116307042.65320049,2.297242089760198e-10,0.0017203864946430255,0.000903833256745116,4.066304325160061e-06,1.1976003602319039e-05,1178.8536550552587
90147763145.24918,1.14893087405465e-09,1.14893087405465e-07,121233887.36819245,2.300215850029434e-10,0.0016566313051155303,0.0008704770328155595,4.066304325160061e-06,1.14893087405465e-05,1130.9460194408146
93966483149.5471,1.1022392754627847e-09,1.1022392754627848e-07,126369436.54588838,2.3031896102986696e-10,0.0015951906685652256,0.0008383424606168768,4.066304325160061e-06,1.1022392754627849e-05,1084.9853104362394
97946966706.95386,1.0574451847439345e-09,1.0574451847439345e-07,131722531.04798992,2.306163370567905e-10,0.0015360223209962668,0.0008073860027719951,4.066304325160061e-06,1.0574451847439346e-05,1040.892406557546
102096066230.60475,1.0144714887506123e-09,1.0144714887506122e-07,137302386.24106064,2.3091371308371406e-10,0.0014790253147389655,0.0007775571754137782,4.066304325160061e-06,1.0144714887506122e-05,998.5914017522773
106420924406.47224,9.732442081497624e-10,9.732442081497624e-08,143118607.86079967,2.3121108911063758e-10,0.001424135159289417,0.0007488052425696314,4.066304325160061e-06,9.732442081497624e-06,958.0094747270639
110928986489.52228,9.336923700670948e-10,9.336923700670949e-08,149181208.54834774,2.3150846513756117e-10,0.0013712768644169886,0.0007211181708457226,4.066304325160061e-06,9.336923700670948e-06,919.0767635855293
115628013120.73778,8.957478859071294e-10,8.957478859071295e-08,155500625.0870703,2.3180584116448473e-10,0.0013203246563716952,0.0006944422630638613,4.066304325160061e-06,8.957478859071295e-06,881.7262455608853
120526093687.08414,8.593454341384829e-10,8.593454341384829e-08,162087736.3695098,2.321032171914083e-10,0.001271256375105333,0.0006687424720169042,4.066304325160061e-06,8.59345434138483e-06,845.8936216360463
125631660247.41214,8.244223478426588e-10,8.244223478426588e-08,168953882.12543184,2.3240059321833189e-10,0.0012240132287486358,0.0006439924257519894,4.066304325160061e-06,8.244223478426588e-06,811.5172058526789
130953502048.2665,7.909185068328134e-10,7.909185068328134e-08,176110882.44319424,2.326979692452554e-10,0.0011785081221836855,0.0006201342213825685,4.066304325160061e-06,7.909185068328133e-06,778.5378191186949
136500780654.60138,7.5877623415666e-10,7.5877623415666e-08,183571058.11806712,2.32995345272179e-10,0.0011346703033080169,0.0005971578756851845,4.066304325160061e-06,7.587762341566602e-06,746.8986873312521
142283045721.4355,7.279401968054652e-10,7.279401968054652e-08,191347251.86250985,2.3329272129910255e-10,0.0010924541776234369,0.0005750301479300217,4.066304325160061e-06,7.279401968054653e-06,716.5453436400082
148310251433.6103,6.983573104581144e-10,6.983573104581144e-08,199452850.41493753,2.3359009732602607e-10,0.0010517907683116445,0.0005537075041846632,4.066304325160061e-06,6.983573104581144e-06,687.4255346822805
154592773641.94785,6.699766480963029e-10,6.699766480963029e-08,207901807.5850291,2.3388747335294963e-10,0.0010126255186327091,0.0005331769353105534,4.066304325160061e-06,6.699766480963028e-06,659.4891306287345
161141427725.30167,6.427493523335595e-10,6.427493523335595e-08,216708668.27524257,2.341848493798732e-10,0.0009749307882509227,0.0005133897489833567,4.066304325160061e-06,6.427493523335595e-06,632.6880388847696
167967487209.26532,6.166285513070976e-10,6.166285513070976e-08,225888593.51991066,2.344822254067968e-10,0.0009385941132182993,0.000494332174389184,4.066304325160061e-06,6.1662855130709754e-06,606.9761212989624
175082703173.5727,5.915692779878004e-10,5.9156927798780046e-08,235457386.58499575,2.347796014337204e-10,0.0009036188627182354,0.00047598056928664455,4.066304325160061e-06,5.915692779878004e-06,582.3091147361372
182499324481.61505,5.675283927693481e-10,5.675283927693481e-08,245431520.1734578,2.350769774606439e-10,0.0008699247589398865,0.00045829646168217173,4.066304325160061e-06,5.6752839276934815e-06,558.644554878249
190230118866.8946,5.444645092032658e-10,5.4446450920326584e-08,255828164.78305882,2.3537435348756746e-10,0.000837480758646209,0.00044127417483614,4.066304325160061e-06,5.444645092032658e-06,535.9417031219417
198288394912.70673,5.223379227520568e-10,5.223379227520568e-08,266665218.26541433,2.3567172951449097e-10,0.0008062474793975938,0.0004248660836746457,4.066304325160061e-06,5.223379227520567e-06,514.1614764469489
206688024962.9082,5.011105424377142e-10,5.011105424377141e-08,277961336.63720196,2.359691055414146e-10,0.0007761506327233526,0.00040906716181341715,4.066304325160061e-06,5.011105424377141e-06,493.2663801345487
215443469003.18866,4.807458252680184e-10,4.807458252680185e-08,289735966.1965359,2.3626648156833815e-10,0.0007471910376014556,0.00039385328822217014,4.066304325160061e-06,4.807458252680184e-06,473.22044322032326
224569799553.97717,4.612087133276708e-10,4.612087133276708e-08,302009376.99982417,2.365638575952617e-10,0.0007192737068090158,0.00037919289951589264,4.066304325160061e-06,4.612087133276708e-06,453.98915657003977
234082727617.82944,4.4246557342598976e-10,4.424655734259898e-08,314802697.75673056,2.368612336221853e-10,0.0006924192851357849,0.0003650859352220281,4.066304325160061e-06,4.4246557342598976e-06,435.53941347207495
243998629725.95453,4.2448413919730104e-10,4.2448413919730106e-08,328137952.2032939,2.371586096491088e-10,0.0006665378246918937,0.0003514835454872965,4.066304325160061e-06,4.244841391973011e-06,417.83945264414007
254334576130.4648,4.0723345555428187e-10,4.0723345555428184e-08,342038097.0158624,2.3745598567603236e-10,0.0006425209643890998,0.0003392782693507737,4.066304325160061e-06,4.0723345555428186e-06,400.8588035561276
265108360190.85416,3.9068382539871297e-10,3.90683825398713e-08,356527061.3310607,2.3775336170295597e-10,0.0006185069636795089,0.00032664276783206516,4.066304325160061e-06,3.90683825398713e-06,384.56823397503024
276338529005.3167,3.7480675849783506e-10,3.748067584978351e-08,371629787.9398696,2.380507377298795e-10,0.0005953769295605457,0.0003144724090571554,4.066304325160061e-06,3.7480675849783513e-06,368.93969964156327
288044415339.62976,3.595749224383342e-10,3.595749224383342e-08,387372276.2267104,2.383481137568031e-10,0.000573121887385353,0.0003027602092749159,4.066304325160061e-06,3.5957492243833417e-06,353.946295991895
300246170908.5543,3.4496209557352867e-10,3.449620955735287e-08,403781626.9274455,2.386454897837266e-10,0.0005516700200336229,0.0002914670880946396,4.066304325160061e-06,3.4496209557352867e-06,339.5622118413776
312964801067.075,3.309431218827217e-10,3.309431218827217e-08,420886088.78338057,2.389428658106502e-10,0.0005310414592120423,0.00028060303816053244,4.066304325160061e-06,3.309431218827217e-06,325.76268495051124
326222200971.1673,3.1749386766505476e-10,3.174938676650548e-08,438715107.17153716,2.392402418375738e-10,0.0005111517484560975,0.0002701333442739869,4.066304325160061e-06,3.1749386766505475e-06,312.52395939669304
340041193270.37024,3.045911799932731e-10,3.045911799932731e-08,457299374.7949515,2.395376178644973e-10,0.0004920190679958898,0.00026005436444613024,4.066304325160061e-06,3.0459117999327307e-06,299.8232446783283
354445567397.0436,2.92212846855894e-10,2.92212846855894e-08,476670884.5202534,2.398349938914209e-10,0.0004735868110911314,0.0002503501008651523,4.066304325160061e-06,2.92212846855894e-06,287.63867648091616
369460120519.9295,2.803375589191791e-10,2.803375589191791e-08,496862984.45345765,2.401323699183444e-10,0.0004558447183873272,0.00024099908217545604,4.066304325160061e-06,2.803375589191791e-06,275.94927903758276
385110700232.5569,2.689448728430494e-10,2.689448728430494e-08,517910435.3488333,2.4042974594526795e-10,0.00043876939576387137,0.00023200091263166482,4.066304325160061e-06,2.689448728430494e-06,264.7349290192327
401424249049.9326,2.5801517608782865e-10,2.5801517608782865e-08,539849470.4496223,2.407271219721915e-10,0.0004223149237266399,0.00022333164708630677,4.066304325160061e-06,2.5801517608782866e-06,253.9763208921922
418428850790.1576,2.475296531511995e-10,2.4752965315119952e-08,562717857.8636705,2.4102449799911513e-10,0.0004064859496552988,0.00021498554033150117,4.066304325160061e-06,2.475296531511995e-06,243.65493368367683
436153778920.80054,2.3747025317726374e-10,2.3747025317726372e-08,586554965.581333,2.413218740260387e-10,0.0003912332918069177,0.000206949608063274,4.066304325160061e-06,2.374702531772637e-06,233.75299909788504
454629546953.239,2.2781965888195082e-10,2.2781965888195083e-08,611401829.2475622,2.416192500529622e-10,0.0003765583378716097,0.00019920829029054533,4.066304325160061e-06,2.278196588819508e-06,224.25347092783502
473887960971.7651,2.1856125674126115e-10,2.1856125674126114e-08,637301222.804895,2.419166260798858e-10,0.0003624295249419322,0.00019175744003098336,4.066304325160061e-06,2.185612567412611e-06,215.13999571026747
493962174387.8326,2.0967910839104531e-10,2.096791083910453e-08,664297732.1288959,2.4221400210680934e-10,0.00034882140282091353,0.00018458250945675548,4.066304325160061e-06,2.096791083910453e-06,206.39688457312033
514886745013.7487,2.0115792318906369e-10,2.011579231890637e-08,692437831.7828698,2.4251137813373296e-10,0.00033572421954761525,0.00017767301822102182,4.066304325160061e-06,2.011579231890637e-06,198.0090862270897
536697694554.0476,1.9298303189210464e-10,1.9298303189210464e-08,721769965.0239508,2.4280875416065647e-10,0.00032311423832980234,0.0001710223327348571,4.066304325160061e-06,1.929830318921046e-06,189.96216105479476
559432570616.9366,1.8514036140284581e-10,1.8514036140284582e-08,752344627.198288,2.4310613018758003e-10,0.00031097660412640144,0.0001646154210057074,4.066304325160061e-06,1.851403614028458e-06,182.24225625294042
583130511352.6218,1.7761641054297584e-10,1.7761641054297583e-08,784214452.6689333,2.434035062145036e-10,0.0002992930888333045,0.00015844891563038767,4.066304325160061e-06,1.7761641054297582e-06,174.83608198467584
607832312829.7236,1.703982268108829e-10,1.703982268108829e-08,817434305.426025,2.4370088224142716e-10,0.000288043047841259,0.00015251286457274631,4.066304325160061e-06,1.7039822681088289e-06,167.73088850110804
633580499265.8241,1.634733840838867e-10,1.634733840838867e-08,852061373.5353012,2.439982582683507e-10,0.00027720981427613973,0.00014679534177461213,4.066304325160061e-06,1.6347338408388668e-06,160.914444192573
660419396233.0305,1.5682996122663336e-10,1.5682996122663335e-08,888155267.5875162,2.442956342952743e-10,0.0002667861026309574,0.0001412925595000114,4.066304325160061e-06,1.5682996122663336e-06,154.37501453188534
688395206964.5482,1.5045652156883287e-10,1.5045652156883286e-08,925778123.3182131,2.4459301032219786e-10,0.0002567531317980323,0.00013599206744933324,4.066304325160061e-06,1.5045652156883287e-06,148.1013418733222
717556091893.6921,1.4434209321699615e-10,1.4434209321699614e-08,964994708.574582,2.4489038634912137e-10,0.0002470913462879221,0.00013088962020009302,4.066304325160061e-06,1.4434209321699615e-06,142.0826260725517
747952251562.1829,1.3847615016629428e-10,1.3847615016629428e-08,1005872534.8134643,2.4518776237604494e-10,0.00023779166863488655,0.00012597917545320318,4.066304325160061e-06,1.3847615016629427e-06,136.3085058941586
779636013040.5221,1.3284859418001189e-10,1.3284859418001188e-08,1048481973.3225112,2.454851384029685e-10,0.00022883758874066987,0.00012125042281570993,4.066304325160061e-06,1.328485941800119e-06,130.7690411747488
812661920009.1946,1.2744973740540332e-10,1.2744973740540331e-08,1092896376.3645627,2.4578251442989207e-10,0.00022022114681404594,0.00011669824666626636,4.066304325160061e-06,1.2744973740540333e-06,125.45469571092914
847086826655.742,1.222702856960321e-10,1.2227028569603209e-08,1139192203.453734,2.460798904568157e-10,0.0002119306285870504,0.00011231446752970824,4.066304325160061e-06,1.2227028569603208e-06,120.35632084271172
882969995549.4083,1.1730132261187023e-10,1.1730132261187024e-08,1187449152.980693,2.463772664837392e-10,0.00020394471290760788,0.00010809438555111757,4.066304325160061e-06,1.1730132261187023e-06,115.46513970406829
920373199661.823,1.125342940696222e-10,1.125342940696222e-08,1237750299.4136655,2.4667464251066276e-10,0.0001962569893882446,0.00010403330407459425,4.066304325160061e-06,1.125342940696222e-06,110.77273211353149
959360828709.3127,1.0796099361685082e-10,1.0796099361685081e-08,1290182236.3113163,2.4697201853758627e-10,0.0001888585112866983,0.00010012369437379448,4.066304325160061e-06,1.0796099361685081e-06,106.27102007883282
1000000000000.0,1.0357354830454271e-10,1.0357354830454271e-08,1344835225.3938484,2.4726939456450984e-10,0.0001817402544722868,9.635946436876153e-05,4.066304325160061e-06,1.0357354830454272e-06,101.95225389061295
1042360673976.4033,9.936440513381019e-11,9.93644051338102e-09,1401803351.9287393,2.4756677059143345e-10,0.00017489043430947567,9.273473993143696e-05,4.066304325160061e-06,9.93644051338102e-07,97.80899878128075
1086515774652.5417,9.532631805337994e-11,9.532631805337995e-09,1461184686.6988232,2.47864146618357e-10,0.00016829253433123733,8.924568439127213e-05,4.066304325160061e-06,9.532631805337995e-07,93.83412212603757
1132541315152.808,9.145233548549885e-11,9.145233548549884e-09,1523081454.8313727,2.4816152264528053e-10,0.00016193944687186495,8.588821350289494e-05,4.066304325160061e-06,9.145233548549884e-07,90.02078116404701
1180516528568.8032,8.773578835877032e-11,8.773578835877031e-09,1587600211.7789893,2.484588986722041e-10,0.00015582727938826915,8.265670457514163e-05,4.066304325160061e-06,8.773578835877032e-07,86.36241121859987
1230524004359.2615,8.417027862733474e-11,8.417027862733474e-09,1654852026.7550285,2.4875627469912766e-10,0.00014994800414396003,7.954484181427018e-05,4.066304325160061e-06,8.417027862733475e-07,82.8527143960104
1282649830528.0625,8.074966825661361e-11,8.074966825661362e-09,1724952673.9395885,2.490536507260512e-10,0.00014428872282147036,7.654824241836078e-05,4.066304325160061e-06,8.074966825661362e-07,79.48564874377254
1336983741824.9507,7.746806865666691e-11,7.74680686566669e-09,1798022831.7850688,2.4935102675297484e-10,0.00013883728545751133,7.366419114671047e-05,4.066304325160061e-06,7.746806865666691e-07,76.25541784932295
1393619274224.1377,7.431983054497058e-11,7.431983054497058e-09,1874188290.7644281,2.4964840277989836e-10,0.00013358984483017032,7.08894542757528e-05,4.066304325160061e-06,7.431983054497058e-07,73.15646086150205
1452653925946.7783,7.12995342211586e-11,7.129953422115861e-09,1953580169.9198942,2.499457788068219e-10,0.00012854283608303464,6.821939028812248e-05,4.066304325160061e-06,7.129953422115861e-07,70.18344291753095
1514189325304.352,6.84019802369988e-11,6.840198023699879e-09,2036335142.5846353,2.502431548337455e-10,0.0001236888722780515,6.564772207837392e-05,4.066304325160061e-06,6.840198023699879e-07,67.33124595903531
1578331405652.1196,6.562218044552511e-11,6.5622180445525106e-09,2122595671.6663587,2.5054053086066905e-10,0.00011901473920405975,6.31712943449366e-05,4.066304325160061e-06,6.562218044552511e-07,64.5949599212906
1645190587753.6675,6.295534941393111e-11,6.295534941393111e-09,2212510254.8975387,2.5083790688759267e-10,0.00011451167838496573,6.078810339659587e-05,4.066304325160061e-06,6.29553494139311e-07,61.96987428053426
1714881969870.534,6.039689618543378e-11,6.039689618543378e-09,2306233680.4746842,2.5113528291451613e-10,0.00011017848692912221,5.8495592079172353e-05,4.066304325160061e-06,6.039689618543377e-07,59.45146994478576
1787525525904.2317,5.794241637592806e-11,5.794241637592806e-09,2403927293.526674,2.514326589414397e-10,0.00010601245868911707,5.629029004091347e-05,4.066304325160061e-06,5.794241637592806e-07,57.035411474216446
1863246311931.5598,5.558768459183041e-11,5.558768459183041e-09,2505759273.8707337,2.5173003496836326e-10,0.00010200631374983647,5.416570880011561e-05,4.066304325160061e-06,5.558768459183041e-07,54.71753961768095
1942174681489.0283,5.3328647156050304e-11,5.332864715605031e-09,2611904925.5345216,2.520274109952868e-10,9.814556881062005e-05,5.211951969811274e-05,4.066304325160061e-06,5.33286471560503e-07,52.49386415255303
2024446509976.81,5.116141512957491e-11,5.116141512957491e-09,2722546978.542454,2.523247870222104e-10,9.442650436230589e-05,5.0150544952118674e-05,4.066304325160061e-06,5.116141512957492e-07,50.36055701554732
2110203428568.588,4.9082257616650594e-11,4.908225761665059e-09,2837875903.485907,2.5262216304913395e-10,9.085003228581625e-05,4.8256923452999093e-05,4.066304325160061e-06,4.908225761665059e-07,48.3139457126985
2199593068030.0703,4.7087595342033855e-11,4.708759534203385e-09,2958090239.418967,2.529195390760575e-10,8.741259132065357e-05,4.643596336843778e-05,4.066304325160061e-06,4.7087595342033854e-07,46.35050699715114
2292769312865.649,4.5173994489262413e-11,4.517399448926241e-09,3083396935.6437716,2.532169151029811e-10,8.41068762272148e-05,4.468152978555672e-05,4.066304325160061e-06,4.5173994489262413e-07,44.46686080388376
2389892566231.0527,4.333816078932872e-11,4.333816078932871e-09,3214011707.974418,2.5351429112990464e-10,8.091727437844581e-05,4.299102662595177e-05,4.066304325160061e-06,4.3338160789328723e-07,42.65976443091558
2491130026067.796,4.1576933849587824e-11,4.1576933849587824e-09,3350159410.092267,2.538116671568282e-10,7.784740748434191e-05,4.1364854618784614e-05,4.066304325160061e-06,4.1576933849587824e-07,40.926106956987226
2596655972934.862,3.9887281713133155e-11,3.9887281713133155e-09,3492074420.6321383,2.5410904318375177e-10,7.48968953184441e-05,3.980132677256415e-05,4.066304325160061e-06,3.988728171313316e-07,39.26290388610153
2706652070033.236,3.8266295639273264e-11,3.826629563927326e-09,3640001046.6658716,2.5440641921067534e-10,7.206125053506101e-05,3.829807508937386e-05,4.066304325160061e-06,3.8266295639273264e-07,37.66729200970448
2821307675939.4707,3.6711185096128766e-11,3.6711185096128764e-09,3794193944.27745,2.547037952375989e-10,6.933281676014206e-05,3.684954009550344e-05,4.066304325160061e-06,3.6711185096128763e-07,36.13652447766577
2940820170587.067,3.521927295672305e-11,3.5219272956723052e-09,3954918556.954232,2.5500117126452247e-10,6.669857923657974e-05,3.545330463986268e-05,4.066304325160061e-06,3.521927295672305e-07,34.66796606956779
3065395295056.536,3.3787990890301295e-11,3.3787990890301293e-09,4122451572.5485997,2.5529854729144603e-10,6.416635792288241e-05,3.4110829565067813e-05,4.066304325160061e-06,3.3787990890301297e-07,33.25908865816687
3195247505759.2007,3.2414874940942456e-11,3.2414874940942453e-09,4297081399.596804,2.555959233183695e-10,6.173284437347224e-05,3.2820170365124203e-05,4.066304325160061e-06,3.2414874940942456e-07,31.907466857215763
3330600343624.5815,3.109756128585127e-11,3.1097561285851267e-09,4479108663.815193,2.5589329934529316e-10,5.9394086662437054e-05,3.1579288209404994e-05,4.066304325160061e-06,3.109756128585127e-07,30.610773846153425
3471686818926.5596,2.983378216603292e-11,2.9833782166032924e-09,4668846725.62795,2.561906753722167e-10,5.714058048528439e-05,3.038345609831603e-05,4.066304325160061e-06,2.983378216603292e-07,29.366777364479116
3618749812411.284,2.862136198233847e-11,2.8621361982338472e-09,4866622219.6180725,2.5648805139914024e-10,5.4967523056833364e-05,2.923086638183149e-05,4.066304325160061e-06,2.862136198233847e-07,28.173335868908584
3772042493417.009,2.7458213550165422e-11,2.7458213550165422e-09,5072775616.829639,2.567854274260638e-10,5.2879304219485046e-05,2.8122839608964757e-05,4.066304325160061e-06,2.7458213550165423e-07,27.028394846701914
3931828755705.754,2.63423345063642e-11,2.63423345063642e-09,5287661810.889563,2.570828034529873e-10,5.087252267289575e-05,2.7057619521730132e-05,4.066304325160061e-06,2.63423345063642e-07,25.92998327881468
4098383671757.253,2.5271803862163506e-11,2.5271803862163504e-09,5511650728.958129,2.5738017947991093e-10,4.8943861608540715e-05,2.6033507114352287e-05,4.066304325160061e-06,2.527180386216351e-07,24.876210246782296
4271993966306.7764,2.424477869618438e-11,2.4244778696184382e-09,5745127968.559332,2.576775555068345e-10,4.708279474602255e-05,2.504656001795792e-05,4.066304325160061e-06,2.4244778696184384e-07,23.865261677500154
4452958509942.66,2.3259490981845346e-11,2.3259490981845345e-09,5988495461.388188,2.5797493153375806e-10,4.529103056466351e-05,2.4095408857466128e-05,4.066304325160061e-06,2.3259490981845346e-07,22.895397220291155
4641588833612.792,2.2314244543699932e-11,2.231424454369993e-09,6242172165.237225,2.5827230756068163e-10,4.3569245711815636e-05,2.318105938695715e-05,4.066304325160061e-06,2.2314244543699933e-07,21.964947250887413
4838209664925.9375,2.1407412137466392e-11,2.1407412137466393e-09,6506594785.233368,2.5856968358760514e-10,4.1914630821124e-05,2.230206417091587e-05,4.066304325160061e-06,2.140741213746639e-07,21.07230999716785
5043159487171.349,2.053743264872155e-11,2.053743264872155e-09,6782218525.627208,2.588670596145287e-10,4.032332137432126e-05,2.1456787570910712e-05,4.066304325160061e-06,2.053743264872155e-07,20.21594878170248
5256791122018.419,1.9702808405439216e-11,1.9702808405439217e-09,7069517873.428019,2.591644356414523e-10,3.878800010689017e-05,2.0642596415088117e-05,4.066304325160061e-06,1.9702808405439216e-07,19.394389376359126
5479472336900.293,1.890210259974297e-11,1.8902102599742968e-09,7368987415.234663,2.594618116683759e-10,3.731090000892454e-05,1.985800056613198e-05,4.066304325160061e-06,1.8902102599742968e-07,18.606217464414968
5711586478126.446,1.813393681443787e-11,1.813393681443787e-09,7681142688.667636,2.5975918769529945e-10,3.589152779267445e-05,1.9103659650471473e-05,4.066304325160061e-06,1.8133936814437872e-07,17.850076205806836
5953533130814.346,1.7396988650061584e-11,1.7396988650061583e-09,8006521069.86845,2.6005656372222296e-10,3.452730725869139e-05,1.837845656342781e-05,4.066304325160061e-06,1.7396988650061582e-07,17.12466390132738
6205728806776.487,1.6689989448369586e-11,1.6689989448369586e-09,8345682698.594353,2.603539397491465e-10,3.32144013087329e-05,1.7680944675954222e-05,4.066304325160061e-06,1.6689989448369587e-07,16.428731751745886
6468607661546.32,1.6011722108337522e-11,1.6011722108337522e-09,8699211442.500023,2.6065131577607015e-10,3.194874072747958e-05,1.7009489125603355e-05,4.066304325160061e-06,1.601172210833752e-07,15.761081707997922
6742622241778.349,1.5361018990917905e-11,1.5361018990917905e-09,9067715902.267565,2.609486918029937e-10,3.073125217235508e-05,1.6362540933900995e-05,4.066304325160061e-06,1.5361018990917907e-07,15.120564408740075
7028244264308.367,1.47367599089465e-11,1.4736759908946502e-09,9451830459.314163,2.612460678299172e-10,2.956127662935366e-05,1.574031379738695e-05,4.066304325160061e-06,1.4736759908946502e-07,14.506077201721427
7325965428215.2,1.4137870198737211e-11,1.413787019873721e-09,9852216367.881325,2.6154344385684074e-10,2.843648032537077e-05,1.5142074293664045e-05,4.066304325160061e-06,1.413787019873721e-07,13.916562245564851
7636298261282.226,1.3563318870045222e-11,1.3563318870045223e-09,10269562893.386131,2.618408198837643e-10,2.7353636026738472e-05,1.4566642208851493e-05,4.066304325160061e-06,1.3563318870045223e-07,13.351004688689825
7959777002314.978,1.3012116831215242e-11,1.3012116831215242e-09,10704588498.993034,2.6213819591068787e-10,2.631063579778406e-05,1.4012902032943615e-05,4.066304325160061e-06,1.3012116831215242e-07,12.80843092224339
8296958520834.915,1.2483315186457053e-11,1.2483315186457053e-09,11158042082.45043,2.624355719376115e-10,2.5307332208896978e-05,1.3479704658993791e-05,4.066304325160061e-06,1.248331518645705e-07,12.287906904029407
8648423275731.744,1.1976003602318991e-11,1.197600360231899e-09,11630704265.320097,2.6273294796453505e-10,2.434294878971179e-05,1.2966538896676463e-05,4.066304325160061e-06,1.1976003602318992e-07,11.788536550552543
9014776314524.88,1.1489308740546548e-11,1.1489308740546547e-09,12123388736.819195,2.6303032399145856e-10,2.3415556469973198e-05,1.2473091771570741e-05,4.066304325160061e-06,1.1489308740546545e-07,11.309460194408192
9396648314954.672,1.102239275462789e-11,1.102239275462789e-09,12636943654.588787,2.633277000183821e-10,2.2523016067458817e-05,1.1998527847852434e-05,4.066304325160061e-06,1.102239275462789e-07,10.849853104362433
9794696670695.385,1.0574451847439336e-11,1.0574451847439335e-09,13172253104.799002,2.636250760453057e-10,2.1663620663636916e-05,1.154193391426835e-05,4.066304325160061e-06,1.0574451847439335e-07,10.408924065575453
10209606623060.475,1.014471488750613e-11,1.0144714887506129e-09,13730238624.106052,2.639224520722293e-10,2.0836914793622125e-05,1.1102419476669598e-05,4.066304325160061e-06,1.0144714887506128e-07,9.985914017522779
10642092440647.268,9.732442081497583e-12,9.732442081497585e-10,14311860786.080027,2.6421982809915287e-10,2.004212909246927e-05,1.067943224953178e-05,4.066304325160061e-06,9.732442081497584e-08,9.580094747270596
11092898648952.182,9.336923700670982e-12,9.336923700670983e-10,14918120854.83472,2.645172041260764e-10,1.9277800737264552e-05,1.0272560066717529e-05,4.066304325160061e-06,9.336923700670982e-08,9.190767635855325
11562801312073.73,8.957478859071335e-12,8.957478859071335e-10,15550062508.706957,2.6481458015299995e-10,1.8542258247279867e-05,9.881276139008245e-06,4.066304325160061e-06,8.957478859071336e-08,8.817262455608894
12052609368708.414,8.593454341384825e-12,8.593454341384826e-10,16208773636.950983,2.6511195617992346e-10,1.7834257558588744e-05,9.50488315856737e-06,4.066304325160061e-06,8.593454341384826e-08,8.45893621636046
12563166024741.215,8.244223478426581e-12,8.244223478426581e-10,16895388212.543198,2.654093322068471e-10,1.7153197075021378e-05,9.142684981525183e-06,4.066304325160061e-06,8.244223478426581e-08,8.115172058526781
13095350204826.703,7.909185068328102e-12,7.909185068328103e-10,17611088244.319496,2.6570670823377064e-10,1.6498312533787848e-05,8.794154385214845e-06,4.066304325160061e-06,7.909185068328103e-08,7.7853781911869175
13650078065460.082,7.587762341566636e-12,7.587762341566635e-10,18357105811.80663,2.6600408426069416e-10,1.5868641222099314e-05,8.45879504145736e-06,4.066304325160061e-06,7.587762341566635e-08,7.468986873312555
14228304572143.49,7.279401968054679e-12,7.27940196805468e-10,19134725186.25091,2.663014602876177e-10,1.526260749324968e-05,8.136261083792353e-06,4.066304325160061e-06,7.27940196805468e-08,7.165453436400108
14831025143361.03,6.9835731045811396e-12,6.98357310458114e-10,19945285041.49376,2.665988363145413e-10,1.4679399826339805e-05,7.826015228526564e-06,4.066304325160061e-06,6.98357310458114e-08,6.874255346822802
15459277364194.785,6.699766480963034e-12,6.699766480963033e-10,20790180758.5029,2.6689621234146485e-10,1.4118403387936465e-05,7.527557729888458e-06,4.066304325160061e-06,6.699766480963033e-08,6.594891306287351
16114142772530.232,6.427493523335567e-12,6.427493523335567e-10,21670866827.52435,2.671935883683884e-10,1.3578829913643675e-05,7.240343855073073e-06,4.066304325160061e-06,6.427493523335567e-08,6.32688038884767
16796748720926.463,6.166285513071e-12,6.166285513071e-10,22588859351.990982,2.67490964395312e-10,1.3060039721488338e-05,6.963989735159275e-06,4.066304325160061e-06,6.166285513071e-08,6.069761212989649
17508270317357.197,5.915692779878026e-12,5.915692779878027e-10,23545738658.499485,2.6778834042223554e-10,1.2560930246989048e-05,6.6981991610169656e-06,4.066304325160061e-06,5.915692779878026e-08,5.823091147361394
18249932448161.504,5.675283927693481e-12,5.67528392769348e-10,24543152017.345783,2.680857164491591e-10,1.2080557748408e-05,6.442513052143319e-06,4.066304325160061e-06,5.6752839276934805e-08,5.586445548782489
19023011886689.457,5.4446450920326624e-12,5.444645092032662e-10,25582816478.305862,2.6838309247608267e-10,1.1638587221652185e-05,6.216453238083122e-06,4.066304325160061e-06,5.444645092032662e-08,5.359417031219421
19828839491270.754,5.223379227520545e-12,5.223379227520545e-10,26666521826.541542,2.6868046850300624e-10,1.119346395982358e-05,5.979139762326431e-06,4.066304325160061e-06,5.223379227520546e-08,5.141614764469468
20668802496290.734,5.011105424377162e-12,5.011105424377162e-10,27796133663.72008,2.689778445299298e-10,1.0765474943453075e-05,5.750897606311041e-06,4.066304325160061e-06,5.011105424377162e-08,4.932663801345507
21544346900318.777,4.807458252680208e-12,4.807458252680208e-10,28973596619.653446,2.692752205568533e-10,1.0353901663637202e-05,5.531301560821677e-06,4.066304325160061e-06,4.807458252680209e-08,4.732204432203257
22456979955397.72,4.612087133276706e-12,4.6120871332767057e-10,30200937699.98243,2.6957259658377693e-10,9.957704898456023e-06,5.320056883664028e-06,4.066304325160061e-06,4.612087133276706e-08,4.539891565700395
23408272761782.94,4.4246557342599e-12,4.4246557342599e-10,31480269775.67304,2.6986997261070045e-10,9.576758184994945e-06,5.116945917875073e-06,4.066304325160061e-06,4.4246557342599006e-08,4.355394134720751
24399862972595.55,4.244841391972994e-12,4.2448413919729934e-10,32813795220.329525,2.70167348637624e-10,9.210249653164639e-06,4.921435743689452e-06,4.066304325160061e-06,4.2448413919729934e-08,4.178394526441383
25433457613046.38,4.072334555542834e-12,4.072334555542835e-10,34203809701.5861,2.704647246645475e-10,8.857734494666734e-06,4.733458785232188e-06,4.066304325160061e-06,4.072334555542834e-08,4.008588035561293
26510836019085.31,3.906838253987143e-12,3.9068382539871426e-10,35652706133.10595,2.7076210069147114e-10,8.518830013023371e-06,4.552530967915986e-06,4.066304325160061e-06,3.906838253987142e-08,3.8456823397503155
27633852900531.668,3.748067584978351e-12,3.7480675849783506e-10,37162978793.98695,2.710594767183947e-10,8.192631003983747e-06,4.378514967534569e-06,4.066304325160061e-06,3.748067584978351e-08,3.6893969964156326
28804441533962.977,3.5957492243833428e-12,3.595749224383343e-10,38737227622.67103,2.7135685274531827e-10,7.878942021492582e-06,4.211183164561957e-06,4.066304325160061e-06,3.595749224383343e-08,3.5394629599189504
30024617090855.555,3.4496209557352702e-12,3.44962095573527e-10,40378162692.74474,2.7165422877224183e-10,7.577246579089674e-06,4.050170311258841e-06,4.066304325160061e-06,3.44962095573527e-08,3.395622118413759
31296480106707.633,3.309431218827205e-12,3.309431218827205e-10,42088608878.33822,2.719516047991654e-10,7.28694629260027e-06,3.895315449473562e-06,4.066304325160061e-06,3.309431218827205e-08,3.2576268495051006
32622220097116.598,3.1749386766505616e-12,3.1749386766505616e-10,43871510717.15353,2.7224898082608896e-10,7.0079401497432495e-06,3.7463560217978913e-06,4.066304325160061e-06,3.174938676650562e-08,3.1252395939669437
34004119327037.027,3.045911799932731e-12,3.045911799932731e-10,45729937479.495155,2.7254635685301253e-10,6.739374440790973e-06,3.6030138762095983e-06,4.066304325160061e-06,3.045911799932731e-08,2.9982324467832835
35444556739704.36,2.9221284685589414e-12,2.9221284685589414e-10,47667088452.02532,2.728437328799361e-10,6.481132631624427e-06,3.465203451965297e-06,4.066304325160061e-06,2.9221284685589412e-08,2.8763867648091628
36946012051993.1,2.8033755891917802e-12,2.80337558919178e-10,49686298445.345955,2.7314110890685966e-10,6.232802223773782e-06,3.3326107514902443e-06,4.066304325160061e-06,2.80337558919178e-08,2.759492790375817
38511070023255.84,2.689448728430483e-12,2.689448728430483e-10,51791043534.88355,2.734384849337832e-10,5.993790966239296e-06,3.2050601225293753e-06,4.066304325160061e-06,2.6894487284304824e-08,2.647349290192316
40142424904993.09,2.580151760878296e-12,2.5801517608782964e-10,53984947044.96203,2.7373586096070673e-10,5.764154341056638e-06,3.0824464359895046e-06,4.066304325160061e-06,2.5801517608782964e-08,2.5397632089219315
41842885079015.76,2.4752965315119965e-12,2.4752965315119967e-10,56271785786.36701,2.740332369876303e-10,5.543041342710282e-06,2.9643794147377157e-06,4.066304325160061e-06,2.4752965315119962e-08,2.43654933683677
43615377892080.055,2.374702531772636e-12,2.374702531772636e-10,58655496558.13333,2.7433061301455386e-10,5.330511861422656e-06,2.850895528503211e-06,4.066304325160061e-06,2.374702531772636e-08,2.337529990978849
45462954695324.086,2.2781965888194983e-12,2.2781965888194983e-10,61140182924.75648,2.7462798904147743e-10,5.126109334253812e-06,2.741732583126282e-06,4.066304325160061e-06,2.2781965888194984e-08,2.2425347092783405
47388796097176.7,2.1856125674126045e-12,2.1856125674126045e-10,63730122280.489716,2.74925365068401e-10,4.929396426062074e-06,2.636695058793967e-06,4.066304325160061e-06,2.1856125674126048e-08,2.1513999571026674
49396217438783.055,2.0967910839104596e-12,2.0967910839104599e-10,66429773212.88937,2.752227410953245e-10,4.740417241389943e-06,2.5357550602180423e-06,4.066304325160061e-06,2.0967910839104597e-08,2.0639688457312095
51488674501374.87,2.011579231890638e-12,2.011579231890638e-10,69243783178.28696,2.755201171222481e-10,4.558407101562837e-06,2.438557617349521e-06,4.066304325160061e-06,2.0115792318906382e-08,1.9800908622708981
53669769455404.76,1.929830318921044e-12,1.9298303189210438e-10,72176996502.39517,2.758174931491717e-10,4.383524959718739e-06,2.3451197486822404e-06,4.066304325160061e-06,1.9298303189210437e-08,1.8996216105479449
55943257061693.89,1.8514036140284525e-12,1.8514036140284527e-10,75234462719.82903,2.7611486917609525e-10,4.215308450660702e-06,2.2552713014748427e-06,4.066304325160061e-06,1.8514036140284526e-08,1.8224225625293984
58313051135262.42,1.776164105429752e-12,1.776164105429752e-10,78421445266.8936,2.764122452030188e-10,4.0534471084667594e-06,2.168799451888319e-06,4.066304325160061e-06,1.7761641054297517e-08,1.7483608198467522
60783231282972.11,1.7039822681088361e-12,1.7039822681088363e-10,81743430542.60216,2.7670962122994233e-10,3.897912914079545e-06,2.085690204367442e-06,4.066304325160061e-06,1.7039822681088362e-08,1.6773088850110878
63358049926582.414,1.6347338408388667e-12,1.6347338408388668e-10,85206137353.53014,2.770069972568659e-10,3.748160633749006e-06,2.005717935775007e-06,4.066304325160061e-06,1.6347338408388666e-08,1.60914444192573
66041939623303.055,1.568299612266333e-12,1.568299612266333e-10,88815526758.75165,2.773043732837895e-10,3.604262070579912e-06,1.928791042107195e-06,4.066304325160061e-06,1.5682996122663332e-08,1.543750145318853
68839520696455.1,1.504565215688323e-12,1.504565215688323e-10,92577812331.82166,2.776017493107131e-10,3.465864605647732e-06,1.85483415408561e-06,4.066304325160061e-06,1.504565215688323e-08,1.4810134187332165
71755609189369.5,1.4434209321699552e-12,1.443420932169955e-10,96499470857.45863,2.7789912533763664e-10,3.332688453814297e-06,1.7836729269344082e-06,4.066304325160061e-06,1.4434209321699554e-08,1.4208262607255109
74795225156217.98,1.3847615016629482e-12,1.3847615016629482e-10,100587253481.34604,2.7819650136456015e-10,3.2047014233820023e-06,1.7152537322476375e-06,4.066304325160061e-06,1.3847615016629481e-08,1.363085058941591
77963601304052.2,1.3284859418001186e-12,1.3284859418001186e-10,104848197332.25114,2.784938773914837e-10,3.0815091489672487e-06,1.649464061536427e-06,4.066304325160061e-06,1.3284859418001187e-08,1.3076904117474875
81266192000919.45,1.2744973740540335e-12,1.2744973740540334e-10,109289637636.45625,2.787912534184073e-10,2.9631177872910684e-06,1.5861452606357933e-06,4.066304325160061e-06,1.2744973740540338e-08,1.254546957109292
84708682665574.2,1.22270285696032e-12,1.22270285696032e-10,113919220345.37347,2.7908862944533085e-10,2.849267520766335e-06,1.5252775169422437e-06,4.066304325160061e-06,1.22270285696032e-08,1.2035632084271164
88296999554941.19,1.1730132261186975e-12,1.1730132261186974e-10,118744915298.06982,2.793860054722544e-10,2.739715502446618e-06,1.4667216205983207e-06,4.066304325160061e-06,1.1730132261186974e-08,1.1546513970406782
92037319966181.92,1.125342940696227e-12,1.1253429406962269e-10,123775029941.366,2.796833814991779e-10,2.634422987602894e-06,1.4104198769503237e-06,4.066304325160061e-06,1.1253429406962271e-08,1.1077273211353196
95936082870931.27,1.0796099361685074e-12,1.0796099361685074e-10,129018223631.13174,2.799807575261015e-10,2.5330771097800036e-06,1.3562683838936196e-06,4.066304325160061e-06,1.0796099361685073e-08,1.0627102007883273
100000000000000.0,1.0357354830454276e-12,1.0357354830454275e-10,134483522539.3848,2.8027813355302506e-10,2.4356789889162464e-06,1.304181390330767e-06,4.066304325160061e-06,1.0357354830454274e-08,1.01952253890613
