E_GeV,rate_acc,rate_acc_2,rate_sync,rate_bremss,rate_ic_0,rate_ic_1,t_ad_val,Shear,ESC
9.999999999999999e-05,35465.14008033006,3546514.008033006,1.41828922281635e-05,2.4605567651641063e-11,3.2900593435960135e-05,1.1245997255087927e-05,5.128856209121483e-06,1.640567617529303e-15,2.1943624642680716e+16
0.0001042360673976401,35465.14008033006,3546514.008033006,1.41828922281635e-05,2.4605567651641063e-11,3.2900593435960135e-05,1.1245997255087927e-05,5.128856209121483e-06,1.640567617529303e-15,2.1943624642680716e+16
0.00010865157746525384,35465.14008033006,3546514.008033006,1.41828922281635e-05,2.4605567651641063e-11,3.2900593435960135e-05,1.1245997255087927e-05,5.128856209121483e-06,1.640567617529303e-15,2.1943624642680716e+16
0.00011325413151528115,35465.14008033006,3546514.008033006,1.41828922281635e-05,2.4605567651641063e-11,3.2900593435960135e-05,1.1245997255087927e-05,5.128856209121483e-06,1.640567617529303e-15,2.1943624642680716e+16
0.00011805165285688056,35465.14008033006,3546514.008033006,1.41828922281635e-05,2.4605567651641063e-11,3.2900593435960135e-05,1.1245997255087927e-05,5.128856209121483e-06,1.640567617529303e-15,2.1943624642680716e+16
0.00012305240043592616,35465.14008033006,3546514.008033006,1.41828922281635e-05,2.4605567651641063e-11,3.2900593435960135e-05,1.1245997255087927e-05,5.128856209121483e-06,1.640567617529303e-15,2.1943624642680716e+16
0.000128264983052806,35465.14008033006,3546514.008033006,1.41828922281635e-05,2.4605567651641063e-11,3.2900593435960135e-05,1.1245997255087927e-05,5.128856209121483e-06,1.640567617529303e-15,2.1943624642680716e+16
0.00013369837418249466,35465.14008033006,3546514.008033006,1.41828922281635e-05,2.4605567651641063e-11,3.2900593435960135e-05,1.1245997255087927e-05,5.128856209121483e-06,1.640567617529303e-15,2.1943624642680716e+16
0.00013936192742241418,35465.14008033006,3546514.008033006,1.41828922281635e-05,2.4605567651641063e-11,3.2900593435960135e-05,1.1245997255087927e-05,5.128856209121483e-06,1.640567617529303e-15,2.1943624642680716e+16
0.00014526539259467812,35465.14008033006,3546514.008033006,1.41828922281635e-05,2.4605567651641063e-11,3.2900593435960135e-05,1.1245997255087927e-05,5.128856209121483e-06,1.640567617529303e-15,2.1943624642680716e+16
0.0001514189325304352,35465.14008033006,3546514.008033006,1.41828922281635e-05,2.4605567651641063e-11,3.2900593435960135e-05,1.1245997255087927e-05,5.128856209121483e-06,1.640567617529303e-15,2.1943624642680716e+16
0.0001578331405652118,35465.14008033006,3546514.008033006,1.41828922281635e-05,2.4605567651641063e-11,3.2900593435960135e-05,1.1245997255087927e-05,5.128856209121483e-06,1.640567617529303e-15,2.1943624642680716e+16
0.00016451905877536624,35465.14008033006,3546514.008033006,1.41828922281635e-05,2.4605567651641063e-11,3.2900593435960135e-05,1.1245997255087927e-05,5.128856209121483e-06,1.640567617529303e-15,2.1943624642680716e+16
0.00017148819698705392,35465.14008033006,3546514.008033006,1.41828922281635e-05,2.4605567651641063e-11,3.2900593435960135e-05,1.1245997255087927e-05,5.128856209121483e-06,1.640567617529303e-15,2.1943624642680716e+16
0.00017875255259042355,35465.14008033006,3546514.008033006,1.41828922281635e-05,2.4605567651641063e-11,3.2900593435960135e-05,1.1245997255087927e-05,5.128856209121483e-06,1.640567617529303e-15,2.1943624642680716e+16
0.00018632463119315598,35465.14008033006,3546514.008033006,1.41828922281635e-05,2.4605567651641063e-11,3.2900593435960135e-05,1.1245997255087927e-05,5.128856209121483e-06,1.640567617529303e-15,2.1943624642680716e+16
0.00019421746814890262,35465.14008033006,3546514.008033006,1.41828922281635e-05,2.4605567651641063e-11,3.2900593435960135e-05,1.1245997255087927e-05,5.128856209121483e-06,1.640567617529303e-15,2.1943624642680716e+16
0.00020244465099768038,35465.14008033006,3546514.008033006,1.41828922281635e-05,2.4605567651641063e-11,3.2900593435960135e-05,1.1245997255087927e-05,5.128856209121483e-06,1.640567617529303e-15,2.1943624642680716e+16
0.00021102034285685965,35465.14008033006,3546514.008033006,1.41828922281635e-05,2.4605567651641063e-11,3.2900593435960135e-05,1.1245997255087927e-05,5.128856209121483e-06,1.640567617529303e-15,2.1943624642680716e+16
0.00021995930680300746,35465.14008033006,3546514.008033006,1.41828922281635e-05,2.4605567651641063e-11,3.2900593435960135e-05,1.1245997255087927e-05,5.128856209121483e-06,1.640567617529303e-15,2.1943624642680716e+16
0.00022927693128656486,35465.14008033006,3546514.008033006,1.41828922281635e-05,2.4605567651641063e-11,3.2900593435960135e-05,1.1245997255087927e-05,5.128856209121483e-06,1.640567617529303e-15,2.1943624642680716e+16
0.00023898925662310503,35465.14008033006,3546514.008033006,1.41828922281635e-05,2.4605567651641063e-11,3.2900593435960135e-05,1.1245997255087927e-05,5.128856209121483e-06,1.640567617529303e-15,2.1943624642680716e+16
0.00024911300260677886,35465.14008033006,3546514.008033006,1.41828922281635e-05,2.4605567651641063e-11,3.2900593435960135e-05,1.1245997255087927e-05,5.128856209121483e-06,1.640567617529303e-15,2.1943624642680716e+16
0.0002596655972934872,35465.14008033006,3546514.008033006,1.41828922281635e-05,2.4605567651641063e-11,3.2900593435960135e-05,1.1245997255087927e-05,5.128856209121483e-06,1.640567617529303e-15,2.1943624642680716e+16
0.0002706652070033241,35465.14008033006,3546514.008033006,1.41828922281635e-05,2.4605567651641063e-11,3.2900593435960135e-05,1.1245997255087927e-05,5.128856209121483e-06,1.640567617529303e-15,2.1943624642680716e+16
0.0002821307675939471,35465.14008033006,3546514.008033006,1.41828922281635e-05,2.4605567651641063e-11,3.2900593435960135e-05,1.1245997255087927e-05,5.128856209121483e-06,1.640567617529303e-15,2.1943624642680716e+16
0.00029408201705870637,35465.14008033006,3546514.008033006,1.41828922281635e-05,2.4605567651641063e-11,3.2900593435960135e-05,1.1245997255087927e-05,5.128856209121483e-06,1.640567617529303e-15,2.1943624642680716e+16
0.00030653952950565264,35465.14008033006,3546514.008033006,1.41828922281635e-05,2.4605567651641063e-11,3.2900593435960135e-05,1.1245997255087927e-05,5.128856209121483e-06,1.640567617529303e-15,2.1943624642680716e+16
0.00031952475057592136,35465.14008033006,3546514.008033006,1.41828922281635e-05,2.4605567651641063e-11,3.2900593435960135e-05,1.1245997255087927e-05,5.128856209121483e-06,1.640567617529303e-15,2.1943624642680716e+16
0.00033306003436245883,35465.14008033006,3546514.008033006,1.41828922281635e-05,2.4605567651641063e-11,3.2900593435960135e-05,1.1245997255087927e-05,5.128856209121483e-06,1.640567617529303e-15,2.1943624642680716e+16
0.00034716868189265597,35465.14008033006,3546514.008033006,1.41828922281635e-05,2.4605567651641063e-11,3.2900593435960135e-05,1.1245997255087927e-05,5.128856209121483e-06,1.640567617529303e-15,2.1943624642680716e+16
0.00036187498124112805,35465.14008033006,3546514.008033006,1.41828922281635e-05,2.4605567651641063e-11,3.2900593435960135e-05,1.1245997255087927e-05,5.128856209121483e-06,1.640567617529303e-15,2.1943624642680716e+16
0.0003772042493416997,35465.14008033006,3546514.008033006,1.41828922281635e-05,2.4605567651641063e-11,3.2900593435960135e-05,1.1245997255087927e-05,5.128856209121483e-06,1.640567617529303e-15,2.1943624642680716e+16
0.000393182875570577,35465.14008033006,3546514.008033006,1.41828922281635e-05,2.4605567651641063e-11,3.2900593435960135e-05,1.1245997255087927e-05,5.128856209121483e-06,1.640567617529303e-15,2.1943624642680716e+16
0.0004098383671757261,35465.14008033006,3546514.008033006,1.41828922281635e-05,2.4605567651641063e-11,3.2900593435960135e-05,1.1245997255087927e-05,5.128856209121483e-06,1.640567617529303e-15,2.1943624642680716e+16
0.00042719939663067764,35465.14008033006,3546514.008033006,1.41828922281635e-05,2.4605567651641063e-11,3.2900593435960135e-05,1.1245997255087927e-05,5.128856209121483e-06,1.640567617529303e-15,2.1943624642680716e+16
0.0004452958509942655,35465.14008033006,3546514.008033006,1.41828922281635e-05,2.4605567651641063e-11,3.2900593435960135e-05,1.1245997255087927e-05,5.128856209121483e-06,1.640567617529303e-15,2.1943624642680716e+16
0.00046415888336127773,35465.14008033006,3546514.008033006,1.41828922281635e-05,2.4605567651641063e-11,3.2900593435960135e-05,1.1245997255087927e-05,5.128856209121483e-06,1.640567617529303e-15,2.1943624642680716e+16
0.00048382096649259574,35465.14008033006,3546514.008033006,1.41828922281635e-05,2.4605567651641063e-11,3.2900593435960135e-05,1.1245997255087927e-05,5.128856209121483e-06,1.640567617529303e-15,2.1943624642680716e+16
0.0005043159487171359,35465.14008033006,3546514.008033006,1.41828922281635e-05,2.4605567651641063e-11,3.2900593435960135e-05,1.1245997255087927e-05,5.128856209121483e-06,1.640567617529303e-15,2.1943624642680716e+16
0.0005256791122018418,43522.85611088351,4352285.611088351,1.1557105956800044e-05,2.115140225499818e-11,2.586667829723486e-05,8.855314276488364e-06,5.128856209121483e-06,1.3368369074560938e-15,2.6929238562470164e+16
0.0005479472336900287,48624.270108645636,4862427.010864563,1.0344592494491911e-05,1.9281443613581556e-11,2.2503942342061355e-05,7.710511359988357e-06,5.128856209121483e-06,1.1965826990703735e-15,3.008567650858436e+16
0.0005711586478126435,52512.607869563006,5251260.7869563,9.578618926438567e-06,1.798352487622078e-11,2.03333969101843e-05,6.9703499873732715e-06,5.128856209121483e-06,1.1079807826617896e-15,3.249153826794212e+16
0.000595353313081437,55812.71145532613,5581271.145532613,9.012252701943271e-06,1.6955245914636225e-11,1.8701969390087993e-05,6.413306912496963e-06,5.128856209121483e-06,1.042467904708431e-15,3.4533437276487548e+16
0.0006205728806776501,58723.24395001069,5872324.395001069,8.565573455789162e-06,1.6097609796076897e-11,1.739796289685787e-05,5.967517940246227e-06,5.128856209121483e-06,9.907994935780362e-16,3.6334293904405e+16
0.0006468607661546328,61333.93537208327,6133393.537208327,8.20097808113235e-06,1.536374708615864e-11,1.6320700961844876e-05,5.599039112034038e-06,5.128856209121483e-06,9.486259118049776e-16,3.794962751070311e+16
0.0006742622241778342,63691.85131923702,6369185.131923703,7.897372257165352e-06,1.4727304594612423e-11,1.5413160465469986e-05,5.288761451572856e-06,5.128856209121483e-06,9.1350713100338e-16,3.940855936226598e+16
0.0007028244264308353,65823.61086519713,6582361.086519713,7.641608429020307e-06,1.4171867646354597e-11,1.4640143449177797e-05,5.024778257552473e-06,5.128856209121483e-06,8.839223433987138e-16,4.0727559687628984e+16
0.000732596542821523,67744.84470009852,6774484.470009852,7.424893537549308e-06,1.3686483908373833e-11,1.3981137271458635e-05,4.7993464378592875e-06,5.128856209121483e-06,8.588544357065364e-16,4.191629978645287e+16
0.0007636298261282241,69464.88881806267,6946488.8818062665,7.241043182743143e-06,1.3263468329017664e-11,1.3419338053107146e-05,4.6068414472540385e-06,5.128856209121483e-06,8.375880442178293e-16,4.298055619169938e+16
0.0007959777002314986,70989.38559609652,7098938.559609652,7.085541808713742e-06,1.2897209964516739e-11,1.2940915342188867e-05,4.442996931546675e-06,5.128856209121483e-06,8.196008442440917e-16,4.3923820055605704e+16
0.0008296958520834907,72321.85168968582,7232185.168968582,6.954996973449701e-06,1.258347177798549e-11,1.2537291866270083e-05,4.304743740041611e-06,5.128856209121483e-06,8.045004242504456e-16,4.474826726603811e+16
0.0008648423275731727,73464.68629081354,7346468.629081354,6.846803342015236e-06,1.2318954649133045e-11,1.2201602879678487e-05,4.189689011985561e-06,5.128856209121483e-06,7.919854191796312e-16,4.545538229389397e+16
0.0009014776314524918,74419.85100062638,7441985.1000626385,6.758925916309741e-06,1.2101012872674078e-11,1.1928062659164487e-05,4.0959116930863194e-06,5.128856209121483e-06,7.818204361419691e-16,4.6046378856055944e+16
0.0009396648314954692,75189.34220987231,7518934.220987231,6.689754755561615e-06,1.1927461458330787e-11,1.1712182449286613e-05,4.021889298849331e-06,5.128856209121483e-06,7.738192496022485e-16,4.652249219504993e+16
0.0009794696670695395,75775.52280245627,7577552.280245626,6.63800447708344e-06,1.1796441734094425e-11,1.1550346987640695e-05,3.9663920019126966e-06,5.128856209121483e-06,7.678331764019722e-16,4.688518431659101e+16
0.0010209606623060464,76181.35202583652,7618135.202583652,6.602642854716646e-06,1.1706325519173275e-11,1.1439598854493182e-05,3.928410997856993e-06,5.128856209121483e-06,7.63742816577968e-16,4.713628621909909e+16
0.0010642092440647246,76410.53736009133,7641053.736009133,6.582838925024435e-06,1.1655645748007224e-11,1.1377565112105986e-05,3.907123616995796e-06,5.128856209121483e-06,7.614520506869071e-16,4.727809186083923e+16
0.0011092898648952228,76467.62399672644,7646762.399672643,6.577924529701305e-06,1.1643045822671276e-11,1.1362165022450358e-05,3.901838852260719e-06,5.128856209121483e-06,7.608835913277607e-16,4.731341352384681e+16
0.0011562801312073752,76358.03301988747,7635803.301988747,6.587365333062428e-06,1.166724260104886e-11,1.1391747258847597e-05,3.911990369851095e-06,5.128856209121483e-06,7.619756306684367e-16,4.724560543808902e+16
0.0012052609368708425,76088.05692675454,7608805.692675454,6.610738661656844e-06,1.1726999550424687e-11,1.1464964435281962e-05,3.93711055685043e-06,5.128856209121483e-06,7.646792771030987e-16,4.70785610097634e+16
0.0012563166024741213,75664.81981329841,7566481.981329842,6.647716347665694e-06,1.1821107623921649e-11,1.1580740638243825e-05,3.976815023991755e-06,5.128856209121483e-06,7.689565707087583e-16,4.681668818671811e+16
0.0013095350204826676,75096.20885078535,7509620.8850785345,6.698051303967827e-06,1.1948372084618546e-11,1.173810225290988e-05,4.030777254568453e-06,5.128856209121483e-06,7.747789303523757e-16,4.6464867060371544e+16
0.0013650078065460137,74390.78326628229,7439078.32662823,6.761566924434139e-06,1.2107603946345935e-11,1.1936295325418255e-05,4.098734315610894e-06,5.128856209121483e-06,7.821259275986351e-16,4.6028393548505624e+16
0.001422830457214352,73557.66672403028,7355766.672403027,6.838148652854433e-06,1.2297615003663593e-11,1.2174698056821694e-05,4.180466051990971e-06,5.128856209121483e-06,7.909843114684128e-16,4.551291280754766e+16
0.0014831025143361043,72606.42867260073,7260642.867260073,6.927737237761399e-06,1.2517215637274493e-11,1.245282999292104e-05,4.27579750467577e-06,5.128856209121483e-06,8.01347228208821e-16,4.492434581756468e+16
0.0015459277364194785,71546.95981831905,7154695.9818319045,7.0303233134338465e-06,1.2765214737023202e-11,1.2770375083070936e-05,4.384593448613583e-06,5.128856209121483e-06,8.13213594465446e-16,4.426881233295672e+16
0.0016114142772530198,70389.3463886621,7038934.63886621,7.145943035735631e-06,1.3040421202850403e-11,1.3127091588687665e-05,4.50674981902245e-06,5.128856209121483e-06,8.265875924698434e-16,4.355255308446141e+16
0.001679674872092653,69143.74726523418,6914374.726523418,7.274674565822281e-06,1.3341646577434792e-11,1.3522369489178566e-05,4.6421495592909515e-06,5.128856209121483e-06,8.414782633018324e-16,4.278185375667518e+16
0.0017508270317357234,67820.27741514189,6782027.741514188,7.41663524224602e-06,1.3667708440830415e-11,1.3955948397479492e-05,4.790723618272624e-06,5.128856209121483e-06,8.578991797804098e-16,4.196297286263248e+16
0.0018249932448161524,66428.90036119192,6642890.036119192,7.571979317452272e-06,1.4017434262221399e-11,1.442869009919002e-05,4.952515553440406e-06,5.128856209121483e-06,8.758681846391187e-16,4.11020752110467e+16
0.0019023011886689458,64979.33173711364,6497933.173711364,7.740896161428975e-06,1.4389665460021701e-11,1.494111662779755e-05,5.127542072544113e-06,5.128856209121483e-06,8.954071827380496e-16,4.020517223227565e+16
0.001982883949127071,63480.95530424841,6348095.530424841,7.923608855684317e-06,1.4783261470751303e-11,1.5492085170302746e-05,5.315710583062534e-06,5.128856209121483e-06,9.165419784260276e-16,3.927807001466818e+16
0.002066880249629082,61942.75218676694,6194275.218676694,8.120373116445096e-06,1.5197103670451488e-11,1.6080801178047094e-05,5.5169818317673175e-06,5.128856209121483e-06,9.393021509845007e-16,3.832632551971451e+16
0.002154434690031882,60373.243533246314,6037324.353324631,8.331476498178404e-06,1.5630099030454355e-11,1.6707815800599483e-05,5.731432376863761e-06,5.128856209121483e-06,9.637209624970686e-16,3.7355211104593464e+16
0.002245697995539774,58780.44634638376,5878044.6346383765,8.557237838106141e-06,1.6081183422447096e-11,1.7373461194884296e-05,5.9591404963330396e-06,5.128856209121483e-06,9.898352935952067e-16,3.636968719234435e+16
0.0023408272761782944,57171.841846119125,5717184.184611912,8.798006909938079e-06,1.654932451622748e-11,1.8078715697594507e-05,6.200247833282458e-06,5.128856209121483e-06,1.0176856034047743e-15,3.537438269693332e+16
0.00243998629725955,55554.35544494834,5555435.544494834,9.05416426106302e-06,1.7033524237571122e-11,1.8823496381948538e-05,6.454832343886715e-06,5.128856209121483e-06,1.0473159107135452e-15,3.437358263322181e+16
0.002543345761304648,53934.34721337299,5393434.721337299,9.326121212260171e-06,1.753282077348875e-11,1.9608770853230693e-05,6.7230763456045606e-06,5.128856209121483e-06,1.0787737939378202e-15,3.3371222217579212e+16
0.002651083601908536,52317.611590319466,5231761.159031946,9.61432000288627e-06,1.8046290128143773e-11,2.043559755356612e-05,7.005186164259064e-06,5.128856209121483e-06,1.112110407916555e-15,3.237088668870833e+16
0.00276338529005317,50709.38503769454,5070938.503769455,9.919234067661086e-06,1.8573047245178474e-11,2.1303618165498867e-05,7.301283123541026e-06,5.128856209121483e-06,1.1473805159277732e-15,3.1375816043808584e+16
0.002880444153396298,49114.36033857278,4911436.033857278,1.0241368433765492e-05,1.9112246721533366e-11,2.2213485356840838e-05,7.611574534711521e-06,5.128856209121483e-06,1.1846425356218092e-15,3.0388913885405856e+16
0.0030024617090855495,47536.706283110834,4753670.628311083,1.0581260229103246e-05,1.966308314444047e-11,2.316795280176682e-05,7.936475594883884e-06,5.128856209121483e-06,1.2239585978131116e-15,2.941275960177282e+16
0.0031296480106707504,45980.09156393937,4598009.156393937,1.0939479294350243e-05,2.0224791087524787e-11,2.416612939373108e-05,8.276125255479655e-06,5.128856209121483e-06,1.2653946172773825e-15,2.8449623151912436e+16
0.00326222200971167,44447.71180327467,4444771.180327468,1.1316628892895781e-05,2.0796644804248232e-11,2.5207426604637366e-05,8.630725572767525e-06,5.128856209121483e-06,1.309020374872109e-15,2.7501481788254972e+16
0.003400411932703706,42942.31874842356,4294231.874842356,1.171334651402606e-05,2.137795765764581e-11,2.629335311173209e-05,9.00064786142092e-06,5.128856209121483e-06,1.3549096104426358e-15,2.657003812102207e+16
0.0035444556739704356,41466.25079330554,4146625.0793305538,1.2130304765755405e-05,2.1968081324770214e-11,2.742606962163641e-05,9.386349518390551e-06,5.128856209121483e-06,1.403140126098001e-15,2.5656739003047804e+16
0.0036946012051993025,40021.46410515721,4002146.4105157214,1.2568212354610639e-05,2.256640481277888e-11,2.860749558967089e-05,9.788296808115766e-06,5.128856209121483e-06,1.4537938995448328e-15,2.4762794789048988e+16
0.003851107002325569,38609.563753191935,3860956.3753191936,1.3027815150448547e-05,2.317235332143019e-11,2.9840399156031608e-05,1.020704104701172e-05,5.128856209121483e-06,1.5069572072572295e-15,2.3889198596105188e+16
0.004014242490499322,37231.83434642544,3723183.4346425445,1.3509897335056628e-05,2.3785386984123188e-11,3.112268573032092e-05,1.0642783309323135e-05,5.128856209121483e-06,1.5627207573380308e-15,2.303674526044122e+16
0.004184288507901584,35889.26978899009,3588926.978899009,1.4015282633873759e-05,2.4404999516704533e-11,3.2458896859443895e-05,1.1096275900960837e-05,5.128856209121483e-06,1.621179831994774e-15,2.2206049748166404e+16
0.004361537789208006,34582.6018518153,3458260.18518153,1.4544835630684037e-05,2.503071680022472e-11,3.385147950305127e-05,1.1568149204800838e-05,5.128856209121483e-06,1.6824344396133382e-15,2.1397564833654748e+16
0.004546295469532399,33312.32733903435,3331232.733903435,1.5099463165596517e-05,2.566209542077074e-11,3.529894838345467e-05,1.2058713899322003e-05,5.128856209121483e-06,1.7465894764654611e-15,2.0611597908429228e+16
0.004738879609717651,32078.733695930194,3207873.3695930196,1.568011581703607e-05,2.6298721186522272e-11,3.680271023687791e-05,1.2568562577639117e-05,5.128856209121483e-06,1.8137548981340152e-15,1.9848326825767184e+16
0.004939621743878321,30881.92296309915,3088192.296309915,1.6287789468844808e-05,2.6940207639338432e-11,3.836433330915174e-05,1.3098303425037278e-05,5.128856209121483e-06,1.8840459007832177e-15,1.910781472204813e+16
0.005148867450137497,29721.834029509875,2972183.4029509877,1.6923526963936067e-05,2.7586194575526788e-11,3.999007459621554e-05,1.3648982326913726e-05,5.128856209121483e-06,1.9575831124405727e-15,1.8390023785563724e+16
0.005366976945540476,28598.26317615471,2859826.317615471,1.7588419846259895e-05,2.8236346588001802e-11,4.1681663776113206e-05,1.422127351292872e-05,5.128856209121483e-06,2.034492794494008e-15,1.7694827967652472e+16
0.005594325706169378,27510.882933005254,2751088.2933005253,1.828361019313516e-05,2.8890351639823398e-11,4.343988101028204e-05,1.481585352226512e-05,5.128856209121483e-06,2.114907053641925e-15,1.7022024650211962e+16
0.005831305113526219,26459.259295994038,2645925.929599404,1.9010292540282772e-05,2.9547919677119785e-11,4.52706143509242e-05,1.5433801742855376e-05,5.128856209121483e-06,2.1989640645662005e-15,1.6371345298497128e+16
0.00607832312829723,25442.86736872484,2544286.7368724844,1.976971590216062e-05,3.020878128764029e-11,4.717062176741865e-05,1.607550441247579e-05,5.128856209121483e-06,2.2868083036289515e-15,1.5742465139238542e+16
0.006335804992658254,24461.10550648923,2446110.550648923,2.0563185890457964e-05,3.0872686409645326e-11,4.9144406567784995e-05,1.674197155340028e-05,5.128856209121483e-06,2.3785907939236365e-15,1.5135011912080812e+16
0.006604193962330305,23513.308048789262,2351330.804878926,2.1392066933854643e-05,3.1539403094506205e-11,5.119440043204316e-05,1.7434130997410852e-05,5.128856209121483e-06,2.4744693620396818e-15,1.4548573747676368e+16
0.0068839520696454964,22598.756731698235,2259875.6731698234,2.2257784602394103e-05,3.220871632524539e-11,5.3327106524301966e-05,1.815325069164345e-05,5.128856209121483e-06,2.5746089069280305e-15,1.3982706228945058e+16
0.007175560918936921,21716.690873711566,2171669.0873711566,2.3161828040059785e-05,3.288042689227995e-11,5.5539638976437935e-05,1.8899836957899965e-05,5.128856209121483e-06,2.679181681282831e-15,1.3436938693445634e+16
0.007479522515621821,20866.31642883966,2086631.6428839657,2.4105752509381163e-05,3.3554350326818724e-11,5.784575993309922e-05,1.9675809018674722e-05,5.128856209121483e-06,2.7883675858818333e-15,1.2910779834867016e+16
0.007796360130405237,20046.813999072994,2004681.3999072996,2.5091182052135696e-05,3.42303158916949e-11,6.0241618589271794e-05,2.0481715732933044e-05,5.128856209121483e-06,2.9023544773558813e-15,1.2403722660643752e+16
0.008126619200091945,19257.345895440965,1925734.5895440965,2.6119812270450213e-05,3.490816562886694e-11,6.273281405067712e-05,2.1318866993506913e-05,5.128856209121483e-06,3.0213384898852785e-15,1.1915248860900368e+16
0.008470868266557402,18497.062333037633,1849706.2333037632,2.719341323284817e-05,3.5587753462384106e-11,6.53128212702867e-05,2.2187625476428605e-05,5.128856209121483e-06,3.145524371348925e-15,1.144483264154834e+16
0.008829699955494083,17765.10684089842,1776510.684089842,2.831383251003321e-05,3.626894435526792e-11,6.79979538226011e-05,2.3090237762629637e-05,5.128856209121483e-06,3.2751258344803533e-15,1.0991944071581582e+16
0.00920373199661822,17060.620962714176,1706062.0962714176,2.9482998345449492e-05,3.695161351849853e-11,7.078950430355577e-05,2.4027831677628054e-05,5.128856209121483e-06,3.410365923613704e-15,1.0556051991586154e+16
0.009593608287093146,16382.748319255195,1638274.8319255195,3.0702922965913615e-05,3.763564567010032e-11,7.368908194055443e-05,2.500153525977773e-05,5.128856209121483e-06,3.551477397632098e-15,1.0136626527315796e+16
0.01,15730.638098194153,1573063.8098194152,3.197570603787435e-05,3.8320934342186834e-11,7.670653503882929e-05,2.601323843073502e-05,5.128856209121483e-06,3.69870312976111e-15,9733141248977488.0
0.01042360673976401,15103.448031879072,1510344.8031879072,3.33035382751248e-05,3.9007381233737915e-11,7.984469739999083e-05,2.706421464343881e-05,5.128856209121483e-06,3.852296524881102e-15,9345075013692282.0
0.010865157746525383,14500.34691860114,1450034.691860114,3.4688705204066086e-05,3.969489560683616e-11,8.310695725391665e-05,2.8155866260314946e-05,5.128856209121483e-06,4.012521955063888e-15,8971913525499154.0
0.011325413151528116,13920.516738087696,1392051.6738087696,3.613359109290806e-05,4.0383393724078295e-11,8.648876400133644e-05,2.9289045287369832e-05,5.128856209121483e-06,4.17965521407238e-15,8613150644290580.0
0.011805165285688056,13363.154407374126,1336315.4407374128,3.764068305148639e-05,4.1072798324891794e-11,9.000167541357123e-05,3.0465927799936523e-05,5.128856209121483e-06,4.35398399159582e-15,8268289472236967.0
0.012305240043592616,12827.473218897165,1282747.3218897164,3.9212575308677044e-05,4.176303813852246e-11,9.365833752548028e-05,3.168880179392483e-05,5.128856209121483e-06,4.535808368028096e-15,7936843243589386.0
0.012826498305280598,12312.703998618865,1231270.3998618866,4.085197367470745e-05,4.2454047431514046e-11,9.74551549268564e-05,3.295868849867808e-05,5.128856209121483e-06,4.725441330633509e-15,7618336041254734.0
0.013369837418249465,11818.096018247723,1181809.6018247723,4.2561700195986635e-05,4.3145765587565846e-11,0.00010140857609394885,3.427837110060699e-05,5.128856209121483e-06,4.923209311981618e-15,7312303361221464.0
0.01393619274224142,11342.917692164232,1134291.7692164232,4.434469801041735e-05,4.3838136717731697e-11,0.00010551471755605409,3.564888401823149e-05,5.128856209121483e-06,5.129452751572311e-15,7018292543773810.0
0.014526539259467812,10886.45708648114,1088645.708648114,4.620403641150332e-05,4.4531109299006715e-11,0.00010978816916103364,3.707288561361703e-05,5.128856209121483e-06,5.344526681612697e-15,6735863088466629.0
0.01514189325304352,10448.022264761481,1044802.2264761482,4.814291612992901e-05,4.52246358394353e-11,0.00011422828150042463,3.855189642693546e-05,5.128856209121483e-06,5.568801337949515e-15,6464586868034250.0
0.01578331405652118,10026.941492267228,1002694.1492267228,5.016467484167081e-05,4.5918672567966175e-11,0.00011883163025166318,4.008727739032542e-05,5.128856209121483e-06,5.8026627972049836e-15,6204048254766831.0
0.016451905877536623,9622.563318205968,962256.3318205967,5.227279291208884e-05,4.6613179147369775e-11,0.0001236173582781017,4.1682199268566103e-05,5.128856209121483e-06,6.046513641209036e-15,5953844171399502.0
0.01714881969870539,9234.256553263114,923425.6553263114,5.44708993858632e-05,4.730811840862714e-11,0.00012858897760607992,4.3338639179563076e-05,5.128856209121483e-06,6.3007736498689696e-15,5713584077210686.0
0.017875255259042353,8861.410157741127,886141.0157741127,5.676277823305979e-05,4.800345610528797e-11,0.00013377504770117248,4.506075694380136e-05,5.128856209121483e-06,6.565880523666174e-15,5482889898809607.0
0.018632463119315597,8503.433053854753,850343.3053854753,5.9152374862059415e-05,4.869916068638577e-11,0.00013914676469541434,4.6848040414654136e-05,5.128856209121483e-06,6.842290637021565e-15,5261395913996241.0
0.019421746814890263,8159.753874140349,815975.3874140348,6.164380291054247e-05,4.9395203086582916e-11,0.00014473111606162,4.870457498752824e-05,5.128856209121483e-06,7.130479823824318e-15,5048748596092651.0
0.020244465099768037,7829.820656510303,782982.0656510303,6.424135132620341e-05,5.009155653230202e-11,0.00015056110744941098,5.063497531545924e-05,5.128856209121483e-06,7.43094419647433e-15,4844606425261608.0
0.021102034285685942,7513.100495206798,751310.0495206797,6.694949174937104e-05,5.0788196362680137e-11,0.00015660482367011933,5.263888749258651e-05,5.128856209121483e-06,7.744200999846814e-15,4648639672538472.0
0.021995930680300747,7209.079155769521,720907.9155769522,6.977288621022934e-05,5.1485099864257804e-11,0.0001628766303125325,5.4719567253457066e-05,5.128856209121483e-06,8.070789501647443e-15,4460530161597143.0
0.022927693128656487,6917.260661115184,691726.0661115184,7.27163951538803e-05,5.218224611838862e-11,0.0001693895501933032,5.688026387593287e-05,5.128856209121483e-06,8.411271920689766e-15,4279971012641786.0
0.023898925662310503,6637.166854922703,663716.6854922703,7.578508580705267e-05,5.287961586042307e-11,0.00017616784434458,5.9125293173627106e-05,5.128856209121483e-06,8.766234394691538e-15,4106666372256721.5
0.024911300260677883,6368.336947714119,636833.6947714118,7.898424090085113e-05,5.3577191349786064e-11,0.00018321551408518108,6.145729257191769e-05,5.128856209121483e-06,9.136287989255112e-15,3940331132549500.5
0.025966559729348696,6110.32705030828,611032.705030828,8.231936776455616e-05,5.427495625012944e-11,0.00019053186100630696,6.387872460827201e-05,5.128856209121483e-06,9.522069749768075e-15,3780690642481046.5
0.02706652070033241,5862.709698693245,586270.9698693245,8.579620780612038e-05,5.497289551879773e-11,0.00019813424407354605,6.639364066705951e-05,5.128856209121483e-06,9.924243798033974e-15,3627480413886216.5
0.028213076759394707,5625.073373804477,562507.3373804477,8.942074639567658e-05,5.567099530490041e-11,0.00020606697364480177,6.900818906476675e-05,5.128856209121483e-06,1.0343502475520323e-14,3480445824342401.0
0.029408201705870638,5397.022019202574,539702.2019202573,9.319922316906954e-05,5.636924285533581e-11,0.00021430379586101676,7.172313973975532e-05,5.128856209121483e-06,1.078056753519171e-14,3339341818738471.0
0.03065395295056527,5178.174559209763,517817.45592097635,9.713814276913932e-05,5.706762642815718e-11,0.0002228368039297799,7.454077401482267e-05,5.128856209121483e-06,1.1236191383978628e-14,3203932611127592.5
0.03195247505759213,4968.1644196807065,496816.4419680707,0.00010124428604324848,5.776613521271907e-11,0.00023170997388510586,7.746761962793208e-05,5.128856209121483e-06,1.1711158378021106e-14,3073991388209977.5
0.03330600343624588,4766.639053247064,476663.9053247064,0.00010552472171632074,5.846475925608073e-11,0.0002409328181442647,8.050744402881162e-05,5.128856209121483e-06,1.2206286172915794e-14,2949300015583728.5
0.034716868189265594,4573.259470579034,457325.9470579034,0.00010998681855948944,5.916348939518516e-11,0.00025050649278053415,8.366358260201383e-05,5.128856209121483e-06,1.2722427131291406e-14,2829648747718610.5
0.0361874981241128,4387.699778948795,438769.97789487947,0.00011463825807529414,5.986231719436533e-11,0.0002604712046868924,8.69425823884389e-05,5.128856209121483e-06,1.3260469790134443e-14,2714835942447783.5
0.03772042493416997,4209.646729153556,420964.67291535565,0.00011948704772126616,6.056123488776583e-11,0.000270823299565898,9.034773912012778e-05,5.128856209121483e-06,1.382134039039163e-14,2604667780631943.0
0.0393182875570577,4038.799271658551,403879.92716585513,0.000124541534694663,6.126023532629688e-11,0.00028160443018683805,9.38859690880908e-05,5.128856209121483e-06,1.440600447148169e-14,2498957991528189.5
0.040983836717572615,3874.8681226478325,387486.81226478325,0.00012981042030207903,6.195931192876827e-11,0.0002928065567173288,9.756028637951702e-05,5.128856209121483e-06,1.5015468533461113e-14,2397527584289232.0
0.042719939663067766,3717.575340520803,371757.5340520803,0.00013530277493867198,6.265845863687708e-11,0.0003044274840437332,0.00010137454407391635,5.128856209121483e-06,1.5650781769705598e-14,2300204585925753.5
0.044529585099426554,3566.6539132427433,356665.3913242743,0.0001410280537027842,6.335766987374757e-11,0.00031649306929430683,0.00010533477004894076,5.128856209121483e-06,1.6313037873089033e-14,2206823785984569.2
0.046415888336127774,3421.847356844858,342184.7356844858,0.00014699611267284484,6.405694050574581e-11,0.00032903260363220465,0.000109447501041429,5.128856209121483e-06,1.7003376918770022e-14,2117226488125403.5
0.04838209664925957,3282.909325272769,328290.9325272769,0.00015321722587456784,6.475626580731217e-11,0.00034205286921667945,0.00011371756422931757,5.128856209121483e-06,1.7722987326826576e-14,2031260268719384.8
0.050431594871713586,3149.603231698946,314960.3231698946,0.0001597021029676547,6.545564142857458e-11,0.0003555863056054254,0.00011815199348475197,5.128856209121483e-06,1.847310790811745e-14,1948778742540711.8
0.05256791122018424,3021.7018813432223,302170.18813432223,0.0001664619076824507,6.615506336552446e-11,0.00036968990356971333,0.00012276000160423999,5.128856209121483e-06,1.925502999689244e-14,1869641335578808.0
0.054794723369002866,2898.987115784938,289898.7115784938,0.00017350827703828885,6.68545279325535e-11,0.00038431971635449356,0.0001275431033744264,5.128856209121483e-06,2.0070099673822207e-14,1793713064960780.8
0.05711586478126429,2781.2494686984587,278124.9468698459,0.00018085334137661195,6.755403173716577e-11,0.0003995536012858801,0.0001325122458145952,5.128856209121483e-06,2.0919720083275357e-14,1720864325941953.5
0.0595353313081437,2668.2878329007285,266828.78329007287,0.00018850974524334857,6.825357165669295e-11,0.0004153318518575283,0.00013766815052199732,5.128856209121483e-06,2.1805353848830715e-14,1650970685895586.0
0.06205728806776501,2559.9091385627667,255990.9138562767,0.00019649066915650214,6.895314481685583e-11,0.00043175184703801104,0.00014302390369989485,5.128856209121483e-06,2.2728525591184172e-14,1583912685210144.0
0.06468607661546327,2455.9280424071294,245592.80424071293,0.00020480985229642118,6.965274857202538e-11,0.0004487862590914702,0.0001485828702143387,5.128856209121483e-06,2.3690824552784202e-14,1519575644984006.8
0.06742622241778341,2356.166627688541,235616.66276885415,0.00021348161615780838,7.035238048704958e-11,0.0004664734241066048,0.00015435396050028418,5.128856209121483e-06,2.4693907333713924e-14,1457849481392123.5
0.07028244264308346,2260.454114734726,226045.41147347257,0.00022252088920419073,7.105203832052222e-11,0.0004848580159521743,0.0001603469347998959,5.128856209121483e-06,2.5739500743530062e-14,1398628526586671.8
0.0732596542821523,2168.6265818085994,216862.65818085993,0.0002319432325672918,7.175172000937971e-11,0.0005039983745582105,0.0001665723291272213,5.128856209121483e-06,2.682940477396824e-14,1341811355983928.0
0.07636298261282241,2080.5266960405897,208052.669604059,0.00024176486683554185,7.24514236547205e-11,0.0005238841365893884,0.00017303597338661644,5.128856209121483e-06,2.7965495697631246e-14,1287300621781908.8
0.07959777002314986,1996.0034541703376,199600.34541703376,0.0002520026999778516,7.315114750875078e-11,0.0005445504685301318,0.00017974701294052619,5.128856209121483e-06,2.914972929799588e-14,1235002892547448.0
0.08296958520834906,1914.9119328305082,191491.19328305082,0.00026267435645071206,7.385088996276685e-11,0.0005660071130473545,0.0001867139753991024,5.128856209121483e-06,3.038414423629785e-14,1184828498707337.8
0.08648423275731718,1837.1130481009038,183711.3048100904,0.00027379820753873154,7.455064953609216e-11,0.0005882728148492969,0.00019394491674440894,5.128856209121483e-06,3.167086556109113e-14,1136691383775358.0
0.09014776314524918,1762.4733240586147,176247.33240586147,0.00028539340298084124,7.525042486589348e-11,0.0006114007836744092,0.0002014521445331373,5.128856209121483e-06,3.301210836652361e-14,1090508961145490.0
0.0939664831495469,1690.8646700491786,169086.46700491785,0.0002974799039366133,7.595021469780633e-11,0.0006354322973283711,0.0002092460183839108,5.128856209121483e-06,3.441018160562656e-14,1046201976281156.2
0.09794696670695395,1622.164166404315,162216.4166404315,0.0003100785173494417,7.665001787730546e-11,0.0006603816618065643,0.00021733658048687254,5.128856209121483e-06,3.5867492065182447e-14,1003694374130668.1
0.10209606623060465,1556.2538583336068,155625.3858333607,0.0003232109317657464,7.734983334176143e-11,0.0006863213384409538,0.00022573714365586295,5.128856209121483e-06,3.7386548509014306e-14,962913171600208.2
0.10642092440647245,1493.020557720416,149302.0557720416,0.00033689975467185413,7.804966011312852e-11,0.0007132643039014398,0.00023445830023326397,5.128856209121483e-06,3.896996599682819e-14,923788334917461.2
0.11092898648952228,1432.355652555865,143235.5652555865,0.0003511685514128447,7.874949729121432e-11,0.0007413142912177443,0.00024351623701617122,5.128856209121483e-06,4.062047038604527e-14,886252661721204.9
0.11562801312073753,1374.1549237492516,137415.49237492515,0.00036604188576034783,7.944934404748425e-11,0.0007704371885395555,0.0002529178174024275,5.128856209121483e-06,4.234090302437179e-14,850241667714977.2
0.12052609368708427,1318.318369058066,131831.8369058066,0.0003815453621991428,8.01491996193593e-11,0.0008006795603088827,0.0002626778079430874,5.128856209121483e-06,4.4134225641186807e-14,815693477725916.8
0.125631660247412,1264.750033886352,126475.00338863519,0.000397705670005336,8.084906330496643e-11,0.000832016487601971,0.00027280145785831477,5.128856209121483e-06,4.600352544616597e-14,782548721013300.4
0.13095350204826675,1213.357848705731,121335.7848705731,0.00041455062919202527,8.154893445830762e-11,0.0008645827585397933,0.0002833140455545813,5.128856209121483e-06,4.79520204439217e-14,750750430674778.5
0.1365007806546014,1164.053472859683,116405.3472859683,0.0004321092384015208,8.224881248481251e-11,0.0008984274929070012,0.0002942246414876987,5.128856209121483e-06,4.998306497380601e-14,720243947002171.0
0.1422830457214352,1116.7521445177883,111675.21445177884,0.0004504117248265834,8.294869683724504e-11,0.0009336099741859888,0.0003055547069052832,5.128856209121483e-06,5.210015548441446e-14,690976824642476.2
0.14831025143361043,1071.3725365531304,107137.25365531303,0.00046948959624661693,8.364858701193591e-11,0.0009701129081432751,0.0003173108250043075,5.128856209121483e-06,5.430693655273169e-14,662898743423765.5
0.15459277364194768,1027.8366181225692,102783.66181225692,0.00048937569526839,8.434848254531459e-11,0.0010080022697477248,0.0003295116737335243,5.128856209121483e-06,5.660720715827987e-14,635961422709658.0
0.161141427725302,986.0695217361282,98606.95217361281,0.0005101042558646744,8.504838301071756e-11,0.0010474840046306134,0.0003421864427957853,5.128856209121483e-06,5.900492722307241e-14,610118539150118.4
0.1679674872092653,945.9994156083746,94599.94156083745,0.0005317109623081147,8.574828801545023e-11,0.0010885077318097873,0.0003553422130975676,5.128856209121483e-06,6.150422442862976e-14,585325647700424.8
0.1750827031735725,907.557381091161,90755.73810911611,0.000554233010601804,8.644819719808304e-11,0.0011310424962925345,0.0003689928048700336,5.128856209121483e-06,6.410940132179453e-14,561540105784165.1
0.18249932448161524,870.6772949936804,87067.72949936806,0.0005777091725122956,8.714811022596237e-11,0.0011751374735718097,0.00038315273987305024,5.128856209121483e-06,6.682494272157673e-14,538721000480201.9
0.1902301188668944,835.2957166021449,83529.5716602145,0.0006021798623153042,8.784802679291976e-11,0.0012209506523154128,0.0003978519768647699,5.128856209121483e-06,6.965552343978182e-14,516829078617469.56
0.19828839491270714,801.3517792178012,80135.17792178012,0.0006276872063689921,8.854794661716359e-11,0.0012685203692321407,0.00041310587836271756,5.128856209121483e-06,7.260601632871198e-14,495826679665440.3
0.2066880249629082,768.7870860382138,76878.70860382137,0.0006542751156346045,8.924786943933821e-11,0.0013180040892491938,0.0004289446335408973,5.128856209121483e-06,7.568150066979402e-14,475677671311931.44
0.21544346900318845,737.5456102128489,73754.56102128488,0.0006819893612693082,8.994779502073795e-11,0.001369350490180058,0.00044537825850463997,5.128856209121483e-06,7.88872709175762e-14,456347387623712.9
0.2245697995539774,707.5735989099993,70757.35989099994,0.0007108776534213544,9.064772314166282e-11,0.0014226360042907968,0.0004624308564966483,5.128856209121483e-06,8.222884581414508e-14,437802569689081.6
0.2340827276178292,678.8194812378953,67881.94812378952,0.0007409897233632355,9.134765359990572e-11,0.001478068170306137,0.00048013560773628114,5.128856209121483e-06,8.571197788965576e-14,420011308645167.75
0.24399862972595504,651.2337798685979,65123.37798685979,0.0007723774091042006,9.204758620935947e-11,0.0015356793694203499,0.0004985120046725626,5.128856209121483e-06,8.934266336532769e-14,402942990996292.1
0.25433457613046484,624.7690262187782,62476.902621877816,0.0008050947446295231,9.274752079873516e-11,0.0015954968238972305,0.0005175829564523645,5.128856209121483e-06,9.312715247595498e-14,386568246133103.2
0.2651083601908539,599.3796790468715,59937.96790468715,0.0008391980529201566,9.344745721038223e-11,0.0016574925947068107,0.0005373640201598845,5.128856209121483e-06,9.707196022970301e-14,370858895965555.8
0.27633852900531697,575.0220463313724,57502.20463313724,0.0008747460429128944,9.41473952992027e-11,0.0017218458384071498,0.0005578898390177755,5.128856209121483e-06,1.0118387762371206e-13,355787906586054.1
0.28804441533962977,551.6542103000678,55165.421030006786,0.0009117999105679646,9.484733493165175e-11,0.0017886714521594333,0.0005791891687622733,5.128856209121483e-06,1.054699833348175e-13,341329341882201.3
0.30024617090855493,529.2359554849664,52923.59554849665,0.0009504234442180322,9.554727598481775e-11,0.0018580751900721959,0.000601292547339609,5.128856209121483e-06,1.0993765590551002e-13,327458319021660.1
0.312964801067075,507.72869968240354,50772.86996824035,0.0009906831343799956,9.624721834557578e-11,0.0019301571564072624,0.0006242295981028855,5.128856209121483e-06,1.145945864461176e-13,314150965734556.9
0.326222200971167,487.0954277024586,48709.54277024586,0.0010326482882185841,9.694716190980843e-11,0.002005063905961575,0.0006480353138782211,5.128856209121483e-06,1.1944879187507182e-13,301384379321738.2
0.3400411932703706,467.30062779624006,46730.06277962401,0.0010763911488588206,9.764710658168834e-11,0.002082833326978471,0.0006727363540954233,5.128856209121483e-06,1.245086287200537e-13,289136587319925.5
0.3544455673970436,448.31023065389536,44831.023065389534,0.0011219870197527746,9.834705227301854e-11,0.002163518334381262,0.000698361455854417,5.128856209121483e-06,1.297828075037808e-13,277386509757475.06
0.36946012051993027,430.0915508704042,43009.15508704042,0.0011695143943146356,9.904699890262459e-11,0.0022475464504942543,0.0007249695215178322,5.128856209121483e-06,1.3528040773919282e-13,266113922937048.06
0.3851107002325569,412.61323078015545,41261.32307801555,0.0012190550910473486,9.974694639579552e-11,0.002334549680729135,0.000752559192782021,5.128856209121483e-06,1.4101089355985908e-13,255299424683937.72
0.4014242490499322,395.84518656523073,39584.518656523076,0.0012706943943933866,1.0044689468376929e-10,0.002424834377850759,0.0007811824276989737,5.128856209121483e-06,1.469841300125098e-13,244924401001224.06
0.418428850790158,379.7585565460211,37975.855654602114,0.0013245212015521421,1.0114684370325897e-10,0.002518601437080309,0.0008108825707109689,5.128856209121483e-06,1.5321040003973985e-13,234970994075221.28
0.43615377892080054,364.3256515663939,36432.56515663939,0.0013806281755166991,1.0184679339601689e-10,0.0026159154390386894,0.000841694285072184,5.128856209121483e-06,1.5970042218212277e-13,225422071576902.34
0.4546295469532399,349.51990738910155,34951.99073891016,0.0014391119045934122,1.0254674370843328e-10,0.0027169185550795726,0.0008736593769258686,5.128856209121483e-06,1.664653690302056e-13,216261197207136.22
0.4738879609717651,335.3158390204336,33531.583902043356,0.0015000730686789631,1.0324669459116725e-10,0.002821804814432481,0.0009068248218342781,5.128856209121483e-06,1.7351688645815652e-13,207472602435621.56
0.4939621743878321,321.68899688635935,32168.899688635935,0.0015636166125810433,1.0394664599880655e-10,0.0029309105359079943,0.0009412495510417213,5.128856209121483e-06,1.8086711367216553e-13,199041159385406.84
0.5148867450137492,308.6159247854488,30861.592478544877,0.0016298519266811319,1.0464659788955492e-10,0.0030439983719027213,0.0009769499163603073,5.128856209121483e-06,1.885287041081212e-13,190952354816771.0
0.5366976945540476,296.07411954686285,29607.411954686286,0.0016988930352503438,1.0534655022494421e-10,0.0031614497153418727,0.0010139904817752304,5.128856209121483e-06,1.9651484721453617e-13,183192265166095.22
0.5594325706169377,284.0419923245587,28404.199232455867,0.001770858792742502,1.0604650296956932e-10,0.0032836327580535417,0.0010524360823756698,5.128856209121483e-06,2.0483929115821614e-13,175747532597122.22
0.5831305113526224,272.4988314615847,27249.88314615847,0.0018458730884024094,1.0674645609084431e-10,0.0034100802971912983,0.00109228991912472,5.128856209121483e-06,2.1351636649176737e-13,168605342023690.1
0.6078323128297229,261.424766861005,26142.476686100505,0.0019240650595415023,1.0744640955877783e-10,0.0035413436715674893,0.0011336336982775122,5.128856209121483e-06,2.2256101082367963e-13,161753399064674.53
0.6335804992658247,250.80073580251192,25080.07358025119,0.0020055693138481025,1.0814636334576679e-10,0.0036776169513168724,0.0011765237700498454,5.128856209121483e-06,2.319887945334622e-13,155179908893432.97
0.6604193962330305,240.60845014624906,24060.845014624905,0.0020905261611148967,1.0884631742640592e-10,0.003819080027966505,0.0012210165980825894,5.128856209121483e-06,2.418159475760918e-13,148873555945568.62
0.6883952069645496,230.83036486769433,23083.036486769433,0.0021790818547826143,1.0954627177731285e-10,0.003965869039605872,0.0012671645256284627,5.128856209121483e-06,2.5205938742192326e-13,142823484450271.44
0.7175560918936928,221.44964786971173,22144.964786971173,0.002271388843715743,1.102462263769671e-10,0.004118294821011706,0.0013150384573056226,5.128856209121483e-06,2.6273674818016235e-13,137019279751891.75
0.7479522515621821,212.45015102005812,21245.01510200581,0.002367606034643644,1.1094618120556184e-10,0.0042765857009192595,0.0013647038436778573,5.128856209121483e-06,2.738664109560309e-13,131450950389749.61
0.7796360130405229,203.816382364697,20381.638236469702,0.002467899065718906,1.1164613624486728e-10,0.004440934587859666,0.001416223798994566,5.128856209121483e-06,2.854675354938884e-13,126108910905459.95
0.8126619200091946,195.5334794692757,19553.34794692757,0.0025724405916638915,1.1234609147810534e-10,0.004611435969687491,0.0014696546410809027,5.128856209121483e-06,2.975600931607847e-13,120983965348295.62
0.8470868266557402,187.5871838430488,18758.718384304877,0.0026814105809962675,1.1304604688983367e-10,0.004788717722937961,0.0015250982002561351,5.128856209121483e-06,3.1016490132721873e-13,116067291450300.52
0.8829699955494091,179.96381640135644,17996.38164013564,0.0027949966258453483,1.1374600246583986e-10,0.004972358945355805,0.0015825775486964255,5.128856209121483e-06,3.23303659204304e-13,111350425443996.17
0.9203731996618221,172.65025392456525,17265.025392456526,0.0029133942648923885,1.144459581930429e-10,0.005162825366832069,0.0016421842535777652,5.128856209121483e-06,3.3699898519901113e-13,106825247496637.39
0.9593608287093147,165.6339064730438,16563.39064730438,0.0030368073199909936,1.1514591405940354e-10,0.005360466353808618,0.0017040030134482926,5.128856209121483e-06,3.5127445585182217e-13,102483967736002.56
1.0,158.90269571940956,15890.269571940957,0.003165448247046969,1.1584587005384113e-10,0.005565600066271645,0.0017681192467708753,5.128856209121483e-06,3.6615464642380616e-13,98319112843734.77
1.042360673976401,152.44503416083063,15244.503416083064,0.003299538501761731,1.165458261661573e-10,0.005778565614833449,0.0018346230832703848,5.128856209121483e-06,3.81665173202996e-13,94323513193205.88
1.0865157746525371,146.2498051756764,14624.980517567643,0.003439308920868903,1.172457823869658e-10,0.005999648509913662,0.0019035988868270108,5.128856209121483e-06,3.9783273760289967e-13,90490290509811.5
1.1325413151528128,140.30634389025872,14030.634389025872,0.0035850001195203655,1.179457387076278e-10,0.006228909383772865,0.001975118044119484,5.128856209121483e-06,4.146851721290532e-13,86812846032499.39
1.1805165285688055,134.60441882278556,13460.441882278556,0.0037368629055058666,1.186456951201922e-10,0.006466935682624845,0.0020492965087709133,5.128856209121483e-06,4.322514882927526e-13,83284849156188.77
1.2305240043592616,129.13421427298135,12913.421427298135,0.0038951587110193533,1.1934565161734113e-10,0.0067142760167131655,0.0021262483987081015,5.128856209121483e-06,4.5056192655445337e-13,79900226535561.84
1.2826498305280598,123.88631342711145,12388.631342711145,0.0040601600427151475,1.2004560819233943e-10,0.0069709062883272785,0.002206044962974751,5.128856209121483e-06,4.696480083827987e-13,76653151631502.88
1.3369837418249453,118.851682149363,11885.1682149363,0.004232150950828918,1.2074556483898822e-10,0.00723710904118673,0.002288785672239778,5.128856209121483e-06,4.895425905189167e-13,73538034682211.97
1.3936192742241433,114.02165343172177,11402.165343172177,0.004411427518170901,1.214455215515822e-10,0.007512896911567773,0.0023745514257306,5.128856209121483e-06,5.102799215393861e-13,70549513081755.31
1.4526539259467812,109.38791247560636,10938.791247560635,0.004598298369833251,1.2214547832487035e-10,0.007799070798064442,0.0024634873258273437,5.128856209121483e-06,5.318957008152519e-13,67682442149507.445
1.5141893253043521,104.94248237960723,10494.248237960723,0.004793085204489,1.2284543515401984e-10,0.008095983608424083,0.0025557054246332076,5.128856209121483e-06,5.544271399685928e-13,64931886274613.71
1.5783314056521165,100.67771040872162,10067.771040872161,0.004996123348197127,1.235453920345825e-10,0.008404099202836269,0.002651331083022121,5.128856209121483e-06,5.779130269324215e-13,62293110420246.12
1.6451905877536608,96.58625482146371,9658.625482146372,0.005207762331667353,1.242453489624646e-10,0.008723914757093255,0.0027504964793619536,5.128856209121483e-06,6.023937927242258e-13,59761571973037.74
1.7148819698705409,92.66107223220068,9266.10722322007,0.005428366491978126,1.249453059338982e-10,0.0090556941226614,0.002853314497540802,5.128856209121483e-06,6.279115810480648e-13,57332912923681.69
1.7875255259042353,88.89540548697134,8889.540548697134,0.005658315599783875,1.256452629454154e-10,0.009399775341922705,0.0029599035273116924,5.128856209121483e-06,6.545103208450684e-13,55002952365241.15
1.8632463119315597,85.28277203193217,8528.277203193216,0.005898005513091282,1.2634521999382447e-10,0.009756887564092164,0.0030704277902808114,5.128856209121483e-06,6.822358019172359e-13,52767679296266.64
1.9421746814890246,81.81695275442459,8181.695275442459,0.006147848858729846,1.270451770761879e-10,0.01012801419047571,0.0031850708257413047,5.128856209121483e-06,7.111357537546958e-13,50623245716341.93
2.024446509976802,78.49198127746176,7849.1981277461755,0.006408275742690091,1.2774513418980196e-10,0.010512839166644132,0.0033039146994937067,5.128856209121483e-06,7.412599277021533e-13,48565960002177.82
2.1102034285685964,75.30213368921831,7530.213368921831,0.006679734490552184,1.2844509133217828e-10,0.010911723352253003,0.003427097620522007,5.128856209121483e-06,7.726601826059631e-13,46592280552858.61
2.199593068030075,72.24191868985122,7224.191868985123,0.0069626924192796365,1.2914504850102663e-10,0.011325129455400628,0.0035547736331688756,5.128856209121483e-06,8.05390574089276e-13,44698809693307.23
2.292769312865649,69.30606813869916,6930.606813869917,0.007257636641706681,1.2984500569423907e-10,0.01175398956802959,0.003687135665001542,5.128856209121483e-06,8.395074476089322e-13,42882287825479.64
2.3898925662310475,66.48952798559274,6648.952798559275,0.007565074905104378,1.3054496290987565e-10,0.012198893157606803,0.00382435478870064,5.128856209121483e-06,8.750695354543262e-13,41139587817223.234
2.491130026067791,63.78744957067323,6378.7449570673225,0.007885536465268872,1.3124492014615077e-10,0.01266046397795901,0.003966609574943907,5.128856209121483e-06,9.121380578551951e-13,39467709619145.31
2.5966559729348724,61.195181277746535,6119.518127774653,0.008219572997636614,1.3194487740142098e-10,0.013139096154180187,0.00411406311054543,5.128856209121483e-06,9.507768283724025e-13,37863775100227.24
2.706652070033241,58.708260526808,5870.8260526808,0.008567759546995238,1.326448346741739e-10,0.013635617986839035,0.004266919625901136,5.128856209121483e-06,9.910523637531714e-13,36325023093296.47
2.8213076759394706,56.32240609196107,5632.2406091961075,0.00893069551742457,1.3334479196301727e-10,0.01415081017669198,0.004425385380006039,5.128856209121483e-06,1.0330339984398245e-12,34848804641831.977
2.940820170587061,54.03351073150493,5403.351073150493,0.009309005704172455,1.3404474926667e-10,0.014685304311460224,0.0045896511641350685,5.128856209121483e-06,1.0767940039292272e-12,33432578439920.543
3.06539529505653,51.837634117510675,5183.763411751067,0.009703341369241444,1.3474470658395284e-10,0.015239885752095037,0.004759931866671454,5.128856209121483e-06,1.12240771318836e-12,32073906457517.863
3.1952475057592133,49.73099605271618,4973.099605271618,0.010114381362537993,1.3544466391378044e-10,0.015815480654505828,0.004936460476666208,5.128856209121483e-06,1.169953650340214e-12,30770449743484.676
3.3306003436245883,47.70996996306449,4770.996996306449,0.010542833290514498,1.3614462125515387e-10,0.016411714049891345,0.005119372309392555,5.128856209121483e-06,1.219513665843291e-12,29519964399173.9
3.471686818926559,45.77107665468712,4577.107665468712,0.010989434734315653,1.368445786071538e-10,0.017029668652250245,0.005308923305709137,5.128856209121483e-06,1.2711730773973813e-12,28320297715639.895
3.6187498124112767,43.910978324585805,4391.09783245858,0.011454954519526469,1.3754453596893415e-10,0.017670525506259888,0.005505378234577221,5.128856209121483e-06,1.3250208168182253e-12,27169384467820.56
3.7720424934170014,42.126472814705494,4212.647281470549,0.011940194039707417,1.3824449333971608e-10,0.018335200114579186,0.0057089909190892255,5.128856209121483e-06,1.3811495831338525e-12,26065243359314.76
3.9318287557057703,40.41448809950679,4041.4488099506793,0.01244598863599565,1.389444507187828e-10,0.019024365434977535,0.005920002933195447,5.128856209121483e-06,1.439656002166216e-12,25005973611634.76
4.0983836717572615,38.772076997550506,3877.2076997550507,0.012973209035147143,1.396444081054746e-10,0.019738952336327765,0.006138676751430239,5.128856209121483e-06,1.500640792872816e-12,23989751692063.4
4.271993966306776,37.19641209799249,3719.6412097992493,0.013522762848495002,1.4034436549918438e-10,0.020479951144584917,0.0063652942820084145,5.128856209121483e-06,1.5642089407346422e-12,23014828174484.375
4.4529585099426505,35.684780893254555,3568.478089325455,0.014095596134404852,1.410443228993533e-10,0.021248373807477246,0.0066001436239703564,5.128856209121483e-06,1.6304698784889642e-12,22079524727781.504
4.641588833612782,34.23458110949393,3423.4581109493934,0.014692695026916851,1.4174428030546706e-10,0.022045743003932874,0.0068435649741001294,5.128856209121483e-06,1.6995376745180848e-12,21182231226623.465
4.838209664925957,32.84331622683368,3284.3316226833676,0.015315087433378085,1.4244423771705223e-10,0.02287220045181019,0.0070957816187993345,5.128856209121483e-06,1.7715312292183632e-12,20321402979660.684
5.0431594871713585,31.508591181642654,3150.8591181642655,0.015963844803987836,1.4314419513367317e-10,0.02372984693086371,0.007357183871488829,5.128856209121483e-06,1.846574479687568e-12,19495558070363.37
5.256791122018419,30.228108243467293,3022.8108243467295,0.016640083976302015,1.4384415255492894e-10,0.024619081218856313,0.00762804696285347,5.128856209121483e-06,1.9247966130829306e-12,18703274805923.05
5.479472336900281,28.999663059518273,2899.9663059518275,0.01734496909787194,1.4454410998045045e-10,0.02553969879126479,0.00790860285444181,5.128856209121483e-06,2.0063322890171733e-12,17943189269826.805
5.711586478126435,27.82114085990259,2782.1140859902594,0.018079713630327527,1.45244067409898e-10,0.026494218917780997,0.008199300224487232,5.128856209121483e-06,2.0913218713753987e-12,17213992973890.668
5.95353313081437,26.690512817069376,2669.0512817069375,0.018845582438354675,1.4594402484295902e-10,0.027483842670306364,0.008500500445501267,5.128856209121483e-06,2.1799116699518915e-12,16514430605710.957
6.2057288067765,25.605832553202188,2560.5832553202185,0.019643893967163338,1.4664398227934578e-10,0.028509696343247543,0.008812560584807496,5.128856209121483e-06,2.2722541923228306e-12,15843297867655.69
6.46860766154632,24.56523278954617,2456.5232789546167,0.020476022512194384,1.473439397187934e-10,0.029573036964881696,0.009135854840385139,5.128856209121483e-06,2.3685084063884817e-12,15199439403676.451
6.742622241778335,23.56692213190174,2356.6922131901742,0.021343400584972923,1.4804389716105817e-10,0.030675368137785663,0.009470801383487545,5.128856209121483e-06,2.468840014036868e-12,14581746810371.652
7.028244264308353,22.609181986751405,2260.9181986751405,0.022247521379180873,1.487438546059159e-10,0.031818019270523065,0.009817791843123763,5.128856209121483e-06,2.573421736400029e-12,13989156728877.463
7.3259654282152304,21.690363602711656,2169.0363602711654,0.023189941341193555,1.4944381205315998e-10,0.0330027119856564,0.010177286552356111,5.128856209121483e-06,2.682433611193877e-12,13420649014302.125
7.636298261282241,20.808885232215772,2080.8885232215775,0.02417228284950672,1.501437695026004e-10,0.03423047877674066,0.010549682075055737,5.128856209121483e-06,2.796063302653653e-12,12875244979551.63
7.959777002314978,19.963229408543103,1996.3229408543104,0.025196237007665153,1.5084372695406232e-10,0.03550345551105667,0.010935480157886859,5.128856209121483e-06,2.914506424598374e-12,12352005710524.686
8.296958520834915,19.151940333505966,1915.1940333505968,0.026263566555502306,1.515436844073848e-10,0.03682414939501271,0.011335215102200478,5.128856209121483e-06,3.037966877180587e-12,11850030449775.715
8.648423275731727,18.37362137129866,1837.3621371298661,0.027376108903701145,1.5224364186241963e-10,0.03819214740842569,0.011749202719510332,5.128856209121483e-06,3.166657197900974e-12,11368455045864.352
9.014776314524918,17.62693264419269,1762.6932644192689,0.028535779296902188,1.5294359931903044e-10,0.0396087467859862,0.012177921949648774,5.128856209121483e-06,3.30079892749229e-12,10906450465721.102
9.39664831495469,16.910588725941054,1691.0588725941052,0.029744574110801798,1.5364355677709179e-10,0.04107671622695101,0.012621965162484913,5.128856209121483e-06,3.440622991302289e-12,10463221367469.227
9.794696670695386,16.22335642891955,1622.335642891955,0.031004574288918698,1.543435142364882e-10,0.04259799545287455,0.01308187946760459,5.128856209121483e-06,3.5863700968323585e-12,10038004731245.334
10.209606623060475,15.56405268119668,1556.4052681196679,0.03231794892494342,1.5504347169711332e-10,0.044174486629051185,0.013558206416134883,5.128856209121483e-06,3.738291148116092e-12,9630068545662.145
10.642092440647247,14.931542489876787,1493.1542489876786,0.0336869589968393,1.5574342915886932e-10,0.04580821134393358,0.014051546963171867,5.128856209121483e-06,3.896647677651298e-12,9238710547651.814
11.092898648952227,14.324736987211203,1432.4736987211204,0.03511396125912178,1.5644338662166612e-10,0.04750110051436185,0.01456247002515062,5.128856209121483e-06,4.0617122966288656e-12,8863257013520.932
11.562801312073754,13.74259155611315,1374.259155611315,0.036601412300017976,1.571433440854209e-10,0.04925528902282564,0.015091560776089728,5.128856209121483e-06,4.233769164233685e-12,8503061599135.63
12.052609368708413,13.184104031850072,1318.4104031850072,0.038151872770489606,1.5784330155005736e-10,0.051072795467843435,0.015639507288796095,5.128856209121483e-06,4.41311447682543e-12,8157504227240.569
12.563166024741214,12.64831297681719,1264.831297681719,0.039768011792400866,1.5854325901550535e-10,0.052955664660962784,0.01620685920525065,5.128856209121483e-06,4.6000569778414175e-12,7825990019996.023
13.095350204826676,12.134296025422938,1213.4296025422939,0.041452611553418166,1.592432164817001e-10,0.05490674966195919,0.016794404574487255,5.128856209121483e-06,4.794918489299186e-12,7507948274895.842
13.650078065460137,11.641168296236081,1164.1168296236083,0.043208572096554654,1.5994317394858227e-10,0.05692987294514888,0.017402954436684454,5.128856209121483e-06,4.998034465814076e-12,7202831482302.782
14.22830457214352,11.168080868662237,1116.8080868662237,0.04503891631260138,1.606431314160971e-10,0.05902571835191534,0.018032997693503805,5.128856209121483e-06,5.209754572085176e-12,6910114382910.595
14.831025143361028,10.71421932152656,1071.4219321526562,0.0469467951440419,1.6134308888419422e-10,0.061195189197610605,0.018685274824291737,5.128856209121483e-06,5.43044328484403e-12,6629293063509.817
15.459277364194786,10.278802331046972,1027.880233104697,0.048935493009408706,1.6204304635282723e-10,0.06344172197583457,0.019360469124635345,5.128856209121483e-06,5.66048052030238e-12,6359884089500.744
16.114142772530197,9.86108032578471,986.1080325784711,0.05100843345741797,1.6274300382195348e-10,0.06576958002292123,0.02005963414872792,5.128856209121483e-06,5.9002622881788635e-12,6101423672660.411
16.79674872092653,9.460334196256213,946.0334196256213,0.05316918506061838,1.634429612915337e-10,0.06818020223444661,0.020783389414496572,5.128856209121483e-06,6.150201373430879e-12,5853466872730.619
17.508270317357233,9.075874056985366,907.5874056985367,0.05542146755869796,1.6414291876153174e-10,0.0706770876878373,0.02153263150536896,5.128856209121483e-06,6.4107280468649505e-12,5615586831452.809
18.249932448161502,8.707038058864763,870.7038058864763,0.057769158262026096,1.6484287623191433e-10,0.07326433095086922,0.02230846432544251,5.128856209121483e-06,6.6822908058490844e-12,5387374037731.012
19.023011886689456,8.35319124978148,835.319124978148,0.060216298726453975,1.6554283370265082e-10,0.07594251766642177,0.023111250927232155,5.128856209121483e-06,6.965357146402238e-12,5168435622657.886
19.828839491270713,8.013724481546168,801.3724481546169,0.06276710171086322,1.6624279117371307e-10,0.0787174047742842,0.02394255544299638,5.128856209121483e-06,7.2604143679898804e-12,4958394683190.37
20.66880249629082,7.688053361243366,768.8053361243366,0.06542595842944236,1.6694274864507515e-10,0.08159045502884088,0.024802883340678924,5.128856209121483e-06,7.567970412411434e-12,4756889633310.43
21.54434690031882,7.375617245198173,737.5617245198173,0.06819744611117332,1.6764270611671314e-10,0.08456495092664755,0.02569319569055075,5.128856209121483e-06,7.888554738223374e-12,4563573581554.15
22.456979955397717,7.075878273827171,707.5878273827171,0.07108633587954354,1.6834266358860508e-10,0.08764813696641725,0.026615260162470983,5.128856209121483e-06,8.222719232203569e-12,4378113733837.4775
23.408272761782943,6.788320445712113,678.8320445712113,0.07409760096604825,1.690426210607308e-10,0.09083884657257549,0.027568994165498566,5.128856209121483e-06,8.571039159425909e-12,4200190820550.549
24.399862972595503,6.512448729302586,651.2448729302587,0.0772364252716211,1.6974257853307164e-10,0.09414450968122427,0.028556406985846793,5.128856209121483e-06,8.934114153580574e-12,4029498546934.513
25.433457613046482,6.247788210718161,624.7788210718161,0.08050821229073402,1.7044253600561045e-10,0.09756598807373938,0.029578351836807536,5.128856209121483e-06,9.312569249245109e-12,3865743065794.46
26.51083601908536,5.99388327618319,599.3883276183191,0.08391859441352756,1.7114249347833148e-10,0.10110537038630024,0.030635234349950313,5.128856209121483e-06,9.707055957883125e-12,3708642471640.88
27.633852900531725,5.7502968276867374,575.0296827686738,0.08747344262198584,1.7184245095122033e-10,0.1047723865724114,0.03172950368093878,5.128856209121483e-06,1.011825338942307e-11,3557926315388.774
28.80444153396298,5.516609530517506,551.6609530517507,0.0911788765968465,1.7254240842426347e-10,0.10856750149931349,0.03286154301309575,5.128856209121483e-06,1.0546869421347645e-11,3413335138779.0327
30.024617090855493,5.292419091378127,529.2419091378127,0.09504127525264898,1.7324236589744865e-10,0.11249565999299198,0.034032747898775605,5.128856209121483e-06,1.0993641917306938e-11,3274620027720.4185
31.296480106707506,5.077339565836371,507.73395658363705,0.09906728771905293,1.7394232337076466e-10,0.11656408374972661,0.03524500834785815,5.128856209121483e-06,1.1459339997352691e-11,3141542183783.4146
32.62222009711667,4.871000693920995,487.1000693920995,0.10326384478733179,1.7464228084420097e-10,0.12077289697628614,0.03649875614229713,5.128856209121483e-06,1.1944765361980415e-11,3013872513108.225
34.004119327037095,4.673047262718307,467.30472627183076,0.1076381708417495,1.753422383177481e-10,0.1251305073603626,0.037796137931655115,5.128856209121483e-06,1.2450753672259049e-11,2891391232019.1455
35.44455673970435,4.483138494872348,448.3138494872348,0.11219779629635672,1.7604219579139714e-10,0.12964127058204603,0.03913833889736661,5.128856209121483e-06,1.2978175988423655e-11,2773887488666.472
36.94601205199302,4.3009474619358405,430.0947461935841,0.11695057055861949,1.7674215326514e-10,0.13430878368676438,0.04052668260664498,5.128856209121483e-06,1.3527940269408017e-11,2661159000044.532
38.511070023255684,4.126160521562111,412.6160521562111,0.12190467554219495,1.7744211073896922e-10,0.13914021480021793,0.041963077707911745,5.128856209121483e-06,1.4100992935898373e-11,2553011703761.019
40.14242490499318,3.9584767775690324,395.84767775690324,0.12706863975211766,1.7814206821287793e-10,0.14413971761475877,0.0434486448620566,5.128856209121483e-06,1.4698320499599142e-11,2449259423958.118
41.84288507901584,3.7976075619455214,379.76075619455213,0.13245135296664412,1.7884202568685984e-10,0.14931490603565803,0.0449855438862332,5.128856209121483e-06,1.532095126151551e-11,2349723550810.315
43.615377892080055,3.6432759379088693,364.32759379088697,0.13806208154102895,1.79541983160909e-10,0.1546686976152833,0.04657503990980738,5.128856209121483e-06,1.596995708217625e-11,2254232733047.159
45.462954695324,3.4952162231573385,349.52162231573385,0.14391048435958245,1.8024194063502017e-10,0.1602066860932643,0.048218689635842006,5.128856209121483e-06,1.6646455226844755e-11,2162622582971.5942
47.38879609717651,3.3531735324974847,335.31735324974846,0.15000662946346344,1.8094189810918835e-10,0.1659368834788078,0.049918765746201445,5.128856209121483e-06,1.7351610288893904e-11,2074735393466.1736
49.396217438783154,3.2169033390586095,321.69033390586094,0.15636101138284117,1.8164185558340904e-10,0.17186504085642346,0.05167674614678021,5.128856209121483e-06,1.8086636194656894e-11,1990419866499.8315
51.48867450137497,3.086171053339173,308.61710533391727,0.1629845692032557,1.8234181305767806e-10,0.17799826081310222,0.053494702308832014,5.128856209121483e-06,1.8852798293204557e-11,1909530852667.9622
53.66976945540476,2.9607516193603605,296.07516193603607,0.16988870539728373,1.830417705319915e-10,0.18434262778272104,0.05537460068410323,5.128856209121483e-06,1.9651415534647207e-11,1831929101317.3462
55.94325706169377,2.840429127231639,284.04291272316385,0.17708530545392595,1.8374172800634586e-10,0.19090498268389025,0.05731828306589994,5.128856209121483e-06,2.0483862740710873e-11,1757481020825.7944
58.313051135262185,2.724996441461338,272.4996441461338,0.1845867583395079,1.844416854807379e-10,0.19769341333634505,0.05932802547449776,5.128856209121483e-06,2.135157297149651e-11,1686058448623.8347
60.78323128297224,2.61425484437237,261.425484437237,0.192405977825319,1.851416429551646e-10,0.2047141927466336,0.06140578276462356,5.128856209121483e-06,2.225603999249684e-11,1617538430562.5193
63.358049926582545,2.5080136940092337,250.80136940092336,0.20055642471870458,1.8584160042962326e-10,0.21197621013615622,0.06355391683587092,5.128856209121483e-06,2.3198820846117703e-11,1551803009247.5396
66.04193962330305,2.406090095947415,240.6090095947415,0.2090521300358804,1.8654155790411122e-10,0.21948649383618793,0.06577460275092795,5.128856209121483e-06,2.4181538532130532e-11,1488739020975.2793
68.83952069645495,2.3083085884401293,230.83085884401294,0.21790771915636759,1.8724151537862623e-10,0.2272520930415815,0.06807002759602541,5.128856209121483e-06,2.5205884801671165e-11,1428237900921.184
71.75560918936921,2.214500840360488,221.45008403604882,0.227138437000621,1.879414728531661e-10,0.23528335572623107,0.07044286392942402,5.128856209121483e-06,2.6273623069593753e-11,1370195496245.1487
74.79522515621812,2.124505361419035,212.45053614190346,0.23676017427420007,1.8864143032772887e-10,0.24358777636048115,0.07289539418066075,5.128856209121483e-06,2.7386591450194107e-11,1314511886792.1348
77.96360130405236,2.0381672241577653,203.81672241577652,0.2467894948236633,1.8934138780231277e-10,0.25217343093358496,0.07543015839782452,5.128856209121483e-06,2.8546705921528638e-11,1261091213079.3494
81.26619200091945,1.9553377972421362,195.53377972421362,0.2572436641512715,1.90041345276916e-10,0.26104848382728474,0.07804966680514737,5.128856209121483e-06,2.975596362377537e-11,1209841511273.9138
84.70868266557402,1.8758744895918,187.58744895918,0.2681406791375994,1.9074130275153709e-10,0.270223451174401,0.08075668428724371,5.128856209121483e-06,3.1016446297316504e-11,1160674554876.8643
88.29699955494083,1.799640504909708,179.9640504909708,0.27949929902321213,1.9144126022617462e-10,0.2797076139353762,0.08355396031373336,5.128856209121483e-06,3.233032386645978e-11,1113505702841.0166
92.03731996618231,1.7265046061869072,172.65046061869072,0.2913390777027499,1.9214121770082727e-10,0.28951107871630904,0.08644439686014854,5.128856209121483e-06,3.369985817496934e-11,1068253753861.169
95.93608287093147,1.6563408897777114,165.63408897777114,0.3036803973870063,1.9284117517549383e-10,0.2996435687555255,0.08943083035186836,5.128856209121483e-06,3.5127406879835274e-11,1024840806585.8578
100.0,1.5890285686562113,158.90285686562115,0.31654450369096376,1.9354113265017318e-10,0.3101160220892647,0.09251635206311487,5.128856209121483e-06,3.66154275099871e-11,983192125509.9579
104.23606739764011,1.5244517644811104,152.44517644811103,0.32995354220817374,1.9424109012486435e-10,0.320938262187433,0.0957039118151584,5.128856209121483e-06,3.816648169693599e-11,943236012317.3231
108.65157746525372,1.4624993081108468,146.24993081108468,0.34393059663445624,1.9494104759956632e-10,0.3321222317026846,0.09899683057269587,5.128856209121483e-06,3.978323958463044e-11,904903682451.9432
113.25413151528126,1.4030645482256154,140.30645482256156,0.35849972850654616,1.9564100507427835e-10,0.3436782672989208,0.10239825406614864,5.128856209121483e-06,4.1468484426116455e-11,868129146705.1431
118.05165285688055,1.3460451677268608,134.60451677268608,0.3736860186240878,1.9634096254899953e-10,0.35561776247118987,0.10591148962741928,5.128856209121483e-06,4.322511737491452e-11,832849097614.9995
123.05240043592616,1.2913430075980943,129.13430075980943,0.38951561022630443,1.9704092002372914e-10,0.36795405919175195,0.10954016127155512,5.128856209121483e-06,4.5056162479363804e-11,799002800482.3619
128.26498305280597,1.2388638979238937,123.88638979238938,0.40601575399765444,1.9774087749846655e-10,0.38069878519739114,0.11328770717863658,5.128856209121483e-06,4.696477188852942e-11,766531988815.91
133.69837418249452,1.1885174957761533,118.85174957761534,0.42321485497995415,1.9844083497321112e-10,0.39386278435233824,0.11715762519812056,5.128856209121483e-06,4.8954231278635146e-11,735380764026.2407
139.36192742241434,1.1402171296884782,114.02171296884782,0.441142521471738,1.9914079244796236e-10,0.4074610635212776,0.12115385978120977,5.128856209121483e-06,5.102796550936433e-11,705495499196.2888
145.26539259467813,1.0938796504510444,109.38796504510445,0.4598296159990172,1.9984074992271958e-10,0.42150526425994966,0.12528007250348627,5.128856209121483e-06,5.318954451976433e-11,676824746762.4585
151.4189325304352,1.049425287968985,104.9425287968985,0.4793083084452114,2.005407073974824e-10,0.4360082099101989,0.12954008391481636,5.128856209121483e-06,5.54426894739072e-11,649319149947.4886
157.83314056521164,1.006777513937983,100.6777513937983,0.4996121314316794,2.0124066487225037e-10,0.4509846705768451,0.1339379871362378,5.128856209121483e-06,5.7791279166882645e-11,622931357792.6448
164.51905877536606,0.9658629101005778,96.58629101005778,0.5207760380442235,2.019406223470231e-10,0.46644888088352987,0.13847792263831993,5.128856209121483e-06,6.023935670215489e-11,597615943642.9075
171.4881969870541,0.9266110418564439,92.66110418564439,0.542836462004918,2.0264057982180015e-10,0.48241553698751605,0.1431641549227844,5.128856209121483e-06,6.279113645177575e-11,573329326944.8685
178.75255259042353,0.8889543370090406,88.89543370090405,0.5658313803928576,2.0334053729658123e-10,0.4988996119753645,0.14800100119511592,5.128856209121483e-06,6.545101131143743e-11,550029698222.6931
186.324631193156,0.8528279694398877,85.28279694398877,0.589800379021806,2.04040494771366e-10,0.5159167990422105,0.15299304795400637,5.128856209121483e-06,6.822356026285456e-11,527676947102.9906
194.21746814890244,0.8181697475102372,81.81697475102372,0.6147847205872756,2.0474045224615412e-10,0.5334826825726056,0.15814474464603787,5.128856209121483e-06,7.111355625649317e-11,506232593264.7046
202.44465099768016,0.7849200069979914,78.49200069979914,0.6408274157003748,2.054404097209454e-10,0.5516127552112516,0.16346083485816543,5.128856209121483e-06,7.412597442821833e-11,485659720195.13165
211.02034285685966,0.7530215083855957,75.30215083855957,0.667973296930684,2.0614036719573964e-10,0.5703228669687669,0.16894583291842455,5.128856209121483e-06,7.726600066400313e-11,465922911638.052
219.95930680300748,0.7224193383220537,72.24193383220538,0.6962690959856433,2.068403246705364e-10,0.5896313432645799,0.17460482164555538,5.128856209121483e-06,8.053904052744524e-11,446988190624.54926
229.27693128656486,0.6930608150894374,69.30608150894375,0.725763524159323,2.0754028214533564e-10,0.6095552141405735,0.1804429439053517,5.128856209121483e-06,8.395072856546036e-11,428822960981.5607
238.98925662310478,0.6648953979111776,66.48953979111776,0.7565073561890374,2.0824023962013708e-10,0.6301122910231098,0.1864653960304162,5.128856209121483e-06,8.750693800816869e-11,411395951217.48444
249.1130026067786,0.6378745999459784,63.78745999459784,0.788553517664196,2.0894019709494065e-10,0.6513199675437508,0.19267718989647786,5.128856209121483e-06,9.121379087967694e-11,394677160688.2205
259.6655972934872,0.6119519048175917,61.19519048175917,0.8219571761378451,2.0964015456974615e-10,0.6731951657836237,0.1990835214096456,5.128856209121483e-06,9.507766853715903e-11,378637807950.9826
270.6652070033241,0.587082686536751,58.708268653675105,0.8567758360977583,2.1034011204455335e-10,0.6957580148008412,0.20569012562577263,5.128856209121483e-06,9.910522265637933e-11,363250281216.9678
282.1307675939471,0.5632241326774102,56.32241326774102,0.8930694379605677,2.110400695193621e-10,0.7190311266038191,0.21250346722832392,5.128856209121483e-06,1.0330338668257079e-10,348488090817.5866
294.08201705870607,0.540335170675033,54.033517067503304,0.9309004612593597,2.1174002699417242e-10,0.7430280103260616,0.21952786526150883,5.128856209121483e-06,1.0767938776638015e-10,334325823602.42566
306.539529505653,0.5183763971200717,51.83763971200716,0.9703340322023448,2.1243998446898407e-10,0.7677687707584718,0.22676909622219552,5.128856209121483e-06,1.1224075920542566e-10,320739099190.44617
319.52475057592136,0.49731000992488805,49.73100099248881,1.011438035787806,2.1313994194379699e-10,0.7932815411017233,0.23423498565911613,5.128856209121483e-06,1.1699535341288993e-10,307704527999.0899
333.06003436245885,0.4770997432473557,47.70997432473557,1.0542832326683105,2.1383989941861102e-10,0.8195854512450663,0.24193111032878933,5.128856209121483e-06,1.2195135543547067e-10,295199670979.049
347.1686818926559,0.45771080505911776,45.771080505911776,1.0989433809653586,2.1453985689342613e-10,0.8466915620557091,0.24986165147041814,5.128856209121483e-06,1.2711729704396026e-10,283203000985.3838
361.87498124112767,0.4391098172510162,43.91098172510162,1.1454953632441907,2.1523981436824223e-10,0.8746323855303924,0.2580352941578816,5.128856209121483e-06,1.3250207142071227e-10,271693865718.48416
377.2042493417002,0.42126475817259024,42.12647581725902,1.1940193188673214,2.1593977184305923e-10,0.9034296669309259,0.26645826175147813,5.128856209121483e-06,1.3811494846927777e-10,260652452171.08286
393.18287557057704,0.4041449075067147,40.414490750671476,1.2445987819546775,2.1663972931787706e-10,0.9331009097214928,0.2751365966609077,5.128856209121483e-06,1.4396559077257053e-10,250059752520.1071
409.8383671757261,0.38772079338449356,38.77207933844936,1.2973208251878083,2.1733968679269564e-10,0.9636723250072659,0.28407717802156957,5.128856209121483e-06,1.5006407022702906e-10,239897531404.6613
427.19939663067765,0.3719641416493598,37.19641416493598,1.352276209705734,2.1803964426751495e-10,0.9951674946088795,0.2932870721119544,5.128856209121483e-06,1.564208853814127e-10,230148294533.80548
445.29585099426504,0.35684782718303654,35.68478271830365,1.4095595413504987,2.1873960174233484e-10,1.0276082732239515,0.30277351742435005,5.128856209121483e-06,1.6304697951008265e-10,220795258570.0847
464.1588833612782,0.34234582720957457,34.234582720957455,1.469269433531379,2.1943955921715547e-10,1.0610218570543677,0.3125435421238256,5.128856209121483e-06,1.6995375945187752e-10,211822322236.96948
483.8209664925957,0.3284331764970762,32.84331764970762,1.5315086769881205,2.2013951669197653e-10,1.0954310822623816,0.3226042661309171,5.128856209121483e-06,1.7715311524701593e-10,203214038600.46655
504.3159487171359,0.31508592437997696,31.50859243799769,1.5963844167454897,2.2083947416679808e-10,1.130859855653482,0.3329631170836296,5.128856209121483e-06,1.8465744060583453e-10,194955588477.1779
525.6791122018419,0.3022810935279109,30.228109352791087,1.664008336563726,2.2153943164162015e-10,1.1673356088492897,0.34362787260716754,5.128856209121483e-06,1.92479654244594e-10,187032754923.0367
547.947233690028,0.28999664039017914,28.99966403901791,1.7344968512024088,2.222393891164426e-10,1.2048838729127047,0.3546062294499642,5.128856209121483e-06,2.006332221250811e-10,179431898758.80304
571.1586478126435,0.2782114172477136,27.821141724771362,1.8079713068288057,2.2293934659126548e-10,1.243529742152441,0.3659057012998336,5.128856209121483e-06,2.0913218063630067e-10,172139935090.1771
595.3533130814369,0.2669051358072257,26.69051358072257,1.8845581899156014,2.2363930406608868e-10,1.283301077504283,0.3775345121138463,5.128856209121483e-06,2.179911607581548e-10,165144310782.12094
620.57288067765,0.2560583322748506,25.605833227485057,1.964389344987725,2.2433926154091225e-10,1.3242250911986755,0.38950077230886515,5.128856209121483e-06,2.2722541324871644e-10,158432982848.60025
646.8607661546321,0.24565233384917728,24.56523338491773,2.047602201593037,2.250392190157361e-10,1.3663285135275052,0.40181254542390704,5.128856209121483e-06,2.368508348984486e-10,151994397720.55368
674.2622241778334,0.23566922657596936,23.566922657596937,2.1343400108876693,2.2573917649056024e-10,1.4096385905080353,0.414478036591837,5.128856209121483e-06,2.4688399589657263e-10,145817471356.3917
702.8244264308353,0.22609182450924473,22.60918245092447,2.2247520922432815,2.2643913396538471e-10,1.4541825710638436,0.42750539741265603,5.128856209121483e-06,2.5734216835669354e-10,139891570160.78912
732.596542821523,0.2169036401256255,21.69036401256255,2.3189940903007353,2.2713909144020932e-10,1.4999893132689113,0.4409033661701758,5.128856209121483e-06,2.6824335605078764e-10,134206492678.92386
763.6298261282242,0.20808885594101842,20.80888559410184,2.4172282429128016,2.2783904891503418e-10,1.5470881510276002,0.454680605325319,5.128856209121483e-06,2.7960632540274855e-10,128752452034.6424
795.9777002314977,0.1996322972807763,19.963229728077632,2.51962366043703,2.2853900638985925e-10,1.595508090095337,0.46884580653749364,5.128856209121483e-06,2.9145063779483355e-10,123520059082.32794
829.6958520834914,0.19151940615645377,19.15194061564538,2.6263566168597015,2.2923896386468452e-10,1.6452771049993653,0.48340777415829767,5.128856209121483e-06,3.0379668324263664e-10,118500306243.46048
864.8423275731726,0.18373621620419292,18.373621620419293,2.7376108532519376,2.2993892133950995e-10,1.6964242527114273,0.4983753449671237,5.128856209121483e-06,3.166657154965528e-10,113684552000.04716
901.4776314524918,0.1762693286415873,17.62693286415873,2.8535778940804932,2.3063887881433553e-10,1.7489800201181545,0.5137576098214168,5.128856209121483e-06,3.3007988863017054e-10,109064506018.22417
939.664831495469,0.16910588920164465,16.910588920164468,2.9744573769176044,2.3133883628916122e-10,1.8029748621449004,0.529563664557409,5.128856209121483e-06,3.440622951785656e-10,104632214876.42606
979.4696670695386,0.16223356600413025,16.223356600413023,3.100457396117628,2.3203879376398707e-10,1.8584359884044284,0.5458023374139171,5.128856209121483e-06,3.586370058921642e-10,100380048373.54839
1020.9606623060477,0.15564052832620237,15.564052832620238,3.231794861052025,2.327387512388131e-10,1.9153920897273822,0.562482588096374,5.128856209121483e-06,3.7382911117460433e-10,96300686393.5363
1064.2092440647245,0.14931542623579278,14.931542623579276,3.368695869519395,2.334387087136392e-10,1.9738746604630222,0.5796137920637816,5.128856209121483e-06,3.8966476427592916e-10,92387106303.78604
1109.2898648952228,0.1432473710526648,14.32473710526648,3.511396096973507,2.3413866618846537e-10,2.0339185092267242,0.597206828212088,5.128856209121483e-06,4.0617122631548423e-10,88632570865.662
1156.2801312073755,0.13742591660352424,13.742591660352426,3.6601412022391684,2.3483862366329165e-10,2.0955403148387393,0.6152673418531021,5.128856209121483e-06,4.2337691321200165e-10,85030616636.32414
1205.2609368708413,0.13184104123890208,13.184104123890208,3.815187250414587,2.3553858113811804e-10,2.158786432519516,0.6338084876431835,5.128856209121483e-06,4.4131144460168397e-10,81575042841.89287
1256.3166024741215,0.12648313058085883,12.648313058085884,3.976801153688108,2.3623853861294453e-10,2.223675767070581,0.6528376676050817,5.128856209121483e-06,4.6000569482848575e-10,78259900702.8004
1309.5350204826677,0.12134296097180736,12.134296097180735,4.145261130828255,2.3693849608777107e-10,2.290236682633444,0.6723638331439257,5.128856209121483e-06,4.794918460943788e-10,75079483192.95108
1365.0078065460139,0.11641168359596074,11.641168359596074,4.32085718613811,2.3763845356259766e-10,2.35850951959947,0.6923979239812759,5.128856209121483e-06,4.998034438611015e-10,72028315215.06007
1422.8304572143518,0.1116808092460723,11.16808092460723,4.503891608698502,2.3833841103742436e-10,2.4285135394897175,0.7129483345868083,5.128856209121483e-06,5.209754545987614e-10,69101144175.25877
1483.102514336103,0.10714219370924304,10.714219370924303,4.694679492759443,2.3903836851225106e-10,2.5002737066896383,0.7340232573541867,5.128856209121483e-06,5.430443259807055e-10,66292930940.740715
1545.9277364194786,0.10278802374663684,10.278802374663684,4.893549280175754,2.397383259870779e-10,2.573839282436352,0.7556353797382674,5.128856209121483e-06,5.660480496282893e-10,63598841164.88056
1611.4142772530197,0.09861080364296965,9.861080364296965,5.100843325820555,2.404382834619047e-10,2.6492143376329182,0.7777897135035602,5.128856209121483e-06,5.900262265135506e-10,61014236964.894005
1679.674872092653,0.0946033423026139,9.46033423026139,5.31691848695017,2.411382409367315e-10,2.7264400875913513,0.8005000149277558,5.128856209121483e-06,6.150201351323975e-10,58534668937.70909
1750.8270317357233,0.09075874087010913,9.075874087010913,5.542146737534815,2.4183819841155846e-10,2.805548729949726,0.8237721510700925,5.128856209121483e-06,6.410728025656456e-10,56155868500.30751
1824.9932448161505,0.08707038085376408,8.707038085376407,5.776915808612754,2.4253815588638547e-10,2.8865438705764723,0.8476116794657196,5.128856209121483e-06,6.682290785502496e-10,53873740541.347694
1902.3011886689458,0.08353191273190468,8.353191273190467,6.02162985577038,2.432381133612125e-10,2.969479518604088,0.8720382045124895,5.128856209121483e-06,6.965357126882517e-10,51684356371.41912
1982.8839491270714,0.08013724502215605,8.013724502215606,6.276710154897087,2.439380708360395e-10,3.0543620709367207,0.8970489916459283,5.128856209121483e-06,7.260414349263423e-10,49583946959.79333
2066.880249629082,0.0768805337949385,7.688053379493851,6.542595827412924,2.4463802831086654e-10,3.1412239121172996,0.9226559282959635,5.128856209121483e-06,7.567970394446011e-10,47568896446.02695
2154.434690031882,0.07375617261312813,7.375617261312813,6.819744596217192,2.453379857856936e-10,3.230095171035818,0.9488769083399043,5.128856209121483e-06,7.88855472098804e-10,45635735915.24888
2245.697995539772,0.07075878288055905,7.075878288055905,7.108633573659753,2.460379432605207e-10,3.3209676286651115,0.9757033021108834,5.128856209121483e-06,8.222719215668677e-10,43781137426.41333
2340.827276178294,0.06788320458275658,6.788320458275658,7.409760082891146,2.4673790073534787e-10,3.4139235093458775,1.0031565666139348,5.128856209121483e-06,8.571039143562982e-10,42001908283.2409
2439.98629725955,0.06512448740395828,6.512448740395828,7.723642514005733,2.47437858210175e-10,3.50893432291121,1.0312446800616297,5.128856209121483e-06,8.934114138362292e-10,40294985537.98322
2543.345761304648,0.06247788220513151,6.247788220513151,8.050821216451702,2.481378156850022e-10,3.605980133190486,1.0599556993553598,5.128856209121483e-06,9.3125692346453e-10,38657430718.54991
2651.0836019085364,0.05993883284831872,5.993883284831871,8.391859429243993,2.4883777315982935e-10,3.7052327863710937,1.0893286266993776,5.128856209121483e-06,9.707055943876642e-10,37086424769.921455
2763.3852900531724,0.05750296835323261,5.750296835323262,8.747344250581913,2.495377306346566e-10,3.8065423069753646,1.1193469773408506,5.128856209121483e-06,1.0118253375985803e-09,35579263201.1378
2880.4441533962977,0.05516609537260334,5.516609537260334,9.117887648540062,2.5023768810948383e-10,3.909935550501521,1.1500093827772961,5.128856209121483e-06,1.0546869408456443e-09,34133351429.510757
3002.4617090855495,0.05292419097331832,5.292419097331832,9.504127514573234,2.5093764558431105e-10,4.015653236649593,1.1813693488385675,5.128856209121483e-06,1.0993641904939642e-09,32746200314.04201
3129.6480106707504,0.05077339571093316,5.077339571093316,9.906728761648123,2.516376030591383e-10,4.123383014248318,1.213372482986724,5.128856209121483e-06,1.1459339985487987e-09,31415421870.360855
3262.2220097116665,0.0487100069856272,4.87100069856272,10.32638446889285,2.523375605339656e-10,4.233266163270446,1.2460453504108615,5.128856209121483e-06,1.1944765350597884e-09,30138725159.80237
3400.4119327037097,0.046730472668168155,4.673047266816815,10.763817074734515,2.5303751800879284e-10,4.345564697555525,1.279448981266469,5.128856209121483e-06,1.2450753661339084e-09,28913912345.55048
3544.4556739704353,0.044831384984912064,4.483138498491206,11.219779620578894,2.5373747548362016e-10,4.459801049621681,1.3134833070082295,5.128856209121483e-06,1.297817597794747e-09,27738874909.055965
3694.6012051993025,0.04300947465131189,4.300947465131189,11.695057047173218,2.544374329584474e-10,4.576264048060642,1.3482145952936269,5.128856209121483e-06,1.352794025935756e-09,26611590020.216152
3851.107002325569,0.04126160524383504,4.126160524383504,12.190467545883877,2.5513739043327474e-10,4.6951928246635815,1.3836999998585524,5.128856209121483e-06,1.410099292625637e-09,25530117055.067223
4014.242490499318,0.03958476780060237,3.958476780060237,12.706863967214904,2.5583734790810206e-10,4.816006231497896,1.41980953740938,5.128856209121483e-06,1.469832049034899e-09,24492594254.99521
4184.288507901584,0.03797607564145186,3.797607564145186,13.245135288992513,2.5653730538292937e-10,4.939079743126151,1.4566330954419524,5.128856209121483e-06,1.5320951252641248e-09,23497235521.71331
4361.537789208005,0.036432759398511,3.6432759398510997,13.806208146742804,2.572372628577567e-10,5.064641950812541,1.494224868819382,5.128856209121483e-06,1.5969957073662663e-09,22542327342.488907
4546.2954695324,0.03495216224872275,3.495216224872275,14.391048428897241,2.57937220332584e-10,5.19203765962362,1.5324412454748555,5.128856209121483e-06,1.664645521867713e-09,21626225840.3269
4738.879609717651,0.03353173534011719,3.353173534011719,15.000662939572308,2.586371778074114e-10,5.321684552087136,1.5713747204741513,5.128856209121483e-06,1.735161028105822e-09,20747353944.030876
4939.621743878315,0.03216903340395638,3.216903340395638,15.636101131785347,2.593371352822387e-10,5.45379538579002,1.6110788894160863,5.128856209121483e-06,1.8086636187139617e-09,19904198673.271023
5148.867450137497,0.03086171054519725,3.086171054519725,16.298456914090924,2.6003709275706606e-10,5.587738246109514,1.6514182883453647,5.128856209121483e-06,1.88527982859928e-09,19095308533.984146
5366.976945540476,0.029607516204027535,2.9607516204027533,16.988870533747097,2.607370502318934e-10,5.723853826604101,1.6924650425722942,5.128856209121483e-06,1.965141552772853e-09,18319291019.623142
5594.325706169378,0.0284042912815204,2.84042912815204,17.708530539654394,2.6143700770672074e-10,5.862360626720121,1.7342706117889573,5.128856209121483e-06,2.0483862734073364e-09,17574810213.952816
5831.305113526219,0.027249964422740254,2.7249964422740254,18.45867582844578,2.6213696518154806e-10,6.002725987381634,1.7767230818803004,5.128856209121483e-06,2.1351572965128736e-09,16860584491.26675
6078.323128297224,0.0261425484508995,2.6142548450899503,19.240597777250596,2.6283692265637543e-10,6.145143612887416,1.8198752218777023,5.128856209121483e-06,2.2256039986387836e-09,16175384310.065132
6335.8049926582535,0.02508013694642832,2.508013694642832,20.05564246680381,2.6353688013120285e-10,6.289827925481758,1.86375452734368,5.128856209121483e-06,2.3198820840256993e-09,15518030096.395708
6604.193962330305,0.024060900965068636,2.4060900965068637,20.905212998727293,2.642368376060302e-10,6.436369466412231,1.908285373068423,5.128856209121483e-06,2.4181538526508e-09,14887390213.214312
6883.952069645496,0.023083085889341035,2.3083085889341035,21.79077191097357,2.649367950808576e-10,6.584863710717128,1.9535100378678631,5.128856209121483e-06,2.5205884796277143e-09,14282379012.26825
7175.560918936921,0.02214500840796656,2.214500840796656,22.713843695588384,2.6563675255568495e-10,6.735436626450951,1.9994221411161301,5.128856209121483e-06,2.62736230644189e-09,13701954965.150225
7479.522515621813,0.021245053618041552,2.124505361804155,23.676017423128126,2.663367100305123e-10,6.887819201787572,2.0459749737940096,5.128856209121483e-06,2.7386591445229587e-09,13145118870.304235
7796.360130405236,0.02038167224497815,2.0381672244978146,24.678949478248875,2.670366675053397e-10,7.042055734515633,2.093205818123755,5.128856209121483e-06,2.8546705916765888e-09,12610912132.897509
8126.6192000919455,0.019553377975423916,1.9553377975423913,25.724366411176998,2.677366249801671e-10,7.198144968999978,2.141088477789961,5.128856209121483e-06,2.9755963619206144e-09,12098415114.596931
8470.868266557402,0.018758744898569164,1.8758744898569166,26.814067909970326,2.684365824549945e-10,7.355945127199959,2.189585235518758,5.128856209121483e-06,3.101644629293296e-09,11606745550.409021
8829.699955494081,0.01799640505143795,1.7996405051437951,27.949929898685646,2.691365399298219e-10,7.515472665988623,2.2387318060372374,5.128856209121483e-06,3.2330323862254434e-09,11135057029.858553
9203.731996618231,0.017265046063936,1.7265046063936003,29.13390776678715,2.6983649740464927e-10,7.676620696210733,2.2884926087711954,5.128856209121483e-06,3.3699858170934874e-09,10682537539.890575
9593.608287093146,0.01656340889960216,1.656340889960216,30.368039735354518,2.705364548794767e-10,7.839332875767675,2.338835929334832,5.128856209121483e-06,3.5127406875964753e-09,10248408066.987804
10000.0,0.01589028568817358,1.589028568817358,31.654450365886238,2.7123641235430406e-10,8.003588643245996,2.3897797155502003,5.128856209121483e-06,3.6615427506273853e-09,9831921256.096655
10423.606739764033,0.015244517646233935,1.5244517646233935,32.995354217737784,2.719363698291315e-10,8.169242060794149,2.441295948539871,5.128856209121483e-06,3.816648169337377e-09,9432360124.05359
10865.157746525372,0.014624993082364817,1.4624993082364817,34.39305966049112,2.726363273039588e-10,8.336248940202395,2.4933571024462373,5.128856209121483e-06,3.978323958121289e-09,9049036825.296783
11325.413151528126,0.014030645483365495,1.4030645483365496,35.84997284782012,2.7333628477878627e-10,8.50457003962114,2.5459572505427883,5.128856209121483e-06,4.146848442283774e-09,8681291467.737822
11805.165285688032,0.013460451678248157,1.3460451678248158,37.36860185968938,2.7403624225361363e-10,8.674088782403,2.5990824392961027,5.128856209121483e-06,4.322511737176893e-09,8328490976.756079
12305.240043592616,0.0129134300768458,1.29134300768458,38.95156102002172,2.7473619972844105e-10,8.844668704479284,2.652695107353323,5.128856209121483e-06,4.505616247634623e-09,7990028005.35874
12826.498305280624,0.012388638980002564,1.2388638980002562,40.601575397262806,2.754361572032684e-10,9.016328129482448,2.706791567766036,5.128856209121483e-06,4.696477188563455e-09,7665319888.631584
13369.837418249452,0.011885174958435812,1.1885174958435811,42.3214854955944,2.761361146780958e-10,9.18888864358974,2.761338187690044,5.128856209121483e-06,4.895423127585783e-09,7353807640.67961
13936.192742241434,0.011402171297480166,1.1402171297480166,44.1142521448703,2.7683607215292316e-10,9.362262278665348,2.8163170887819615,5.128856209121483e-06,5.1027965506699815e-09,7054954992.331276
14526.539259467781,0.010938796505036154,1.0938796505036155,45.982961597691826,2.7753602962775053e-10,9.53642206972207,2.8717146996144614,5.128856209121483e-06,5.3189544517208085e-09,6768247467.94986
15141.89325304352,0.010494252880154018,1.0494252880154018,47.93083084240113,2.78235987102578e-10,9.71115976106433,2.927479777893323,5.128856209121483e-06,5.544268947145493e-09,6493191499.762085
15783.314056521198,0.010067775139789651,1.0067775139789652,49.9612131411342,2.789359445774054e-10,9.886410346602142,2.983601893433458,5.128856209121483e-06,5.779127916453019e-09,6229313578.18002
16451.905877536607,0.009658629101367654,0.9658629101367655,52.07760380247119,2.796359020522328e-10,10.062092147914932,3.040060690617795,5.128856209121483e-06,6.023935669989792e-09,5976159436.652981
17148.819698705407,0.009266110418883972,0.9266110418883972,54.28364619861988,2.8033585952706016e-10,10.238057104620854,3.0968138656174853,5.128856209121483e-06,6.279113644961047e-09,5733293269.646392
17875.25525904232,0.008889543370372567,0.8889543370372567,56.583138037489775,2.810358170018875e-10,10.414202376937029,3.153839270417192,5.128856209121483e-06,6.5451011309359966e-09,5500296982.401515
18632.4631193156,0.008528279694648004,0.8528279694648003,58.980037900457695,2.81735774476715e-10,10.59038070581453,3.2111031354100654,5.128856209121483e-06,6.822356026086163e-09,5276769471.18405
19421.746814890284,0.008181697475322307,0.8181697475322307,61.47847205707494,2.824357319515424e-10,10.766486172366518,3.2685730989591253,5.128856209121483e-06,7.111355625458155e-09,5062325932.783129
20244.46509976802,0.007849200070174131,0.784920007017413,64.08274156845187,2.831356894263698e-10,10.942407542852825,3.3262174381206733,5.128856209121483e-06,7.412597442638422e-09,4856597202.0714855
21102.034285685964,0.007530215084027461,0.7530215084027462,66.79732969154705,2.8383564690119715e-10,11.118007682220412,3.384005787335919,5.128856209121483e-06,7.726600066224335e-09,4659229116.486637
21995.930680300702,0.00722419338337197,0.722419338337197,69.62690959710483,2.845356043760246e-10,11.293152679300976,3.4419043453699913,5.128856209121483e-06,8.053904052575702e-09,4469881906.33919
22927.693128656487,0.006930608151028077,0.6930608151028077,72.57635241453218,2.85235561850852e-10,11.467717768974213,3.499877924570565,5.128856209121483e-06,8.39507285638408e-09,4288229609.898334
23898.92566231053,0.0066489539792298205,0.664895397922982,75.65073561756066,2.859355193256794e-10,11.641570490043467,3.5578896611481943,5.128856209121483e-06,8.75069380066151e-09,4113959512.2478833
24911.30026067786,0.006378745999564026,0.6378745999564026,78.85535176513093,2.866354768005068e-10,11.814563010034187,3.6158993354690763,5.128856209121483e-06,9.121379087818632e-09,3946771606.9467034
25966.559729348723,0.006119519048267963,0.6119519048267963,82.19571761254818,2.8733543427533415e-10,11.986539257513328,3.6738664986055682,5.128856209121483e-06,9.507766853572892e-09,3786378079.5667787
27066.520700332356,0.005870826865448797,0.5870826865448797,85.67758360858956,2.880353917501615e-10,12.157364300792825,3.7317547703400766,5.128856209121483e-06,9.910522265500715e-09,3632502812.2199726
28213.076759394706,0.005632241326845856,0.5632241326845855,89.30694379491902,2.88735349224989e-10,12.32692412912064,3.7895311297715564,5.128856209121483e-06,1.0330338668125476e-08,3484880908.2202625
29408.201705870666,0.005403351706813678,0.5403351706813678,93.09004612484458,2.894353066998164e-10,12.495025763994349,3.8471438078527593,5.128856209121483e-06,1.076793877651177e-08,3343258236.063453
30653.952950565235,0.005183763971256675,0.5183763971256674,97.033403219187,2.901352641746438e-10,12.661584554134402,3.9045667211510846,5.128856209121483e-06,1.1224075920421403e-08,3207390991.9390845
31952.47505759214,0.004973100099298283,0.4973100099298284,101.1438035777758,2.908352216494712e-10,12.826422886980916,3.9617444665514063,5.128856209121483e-06,1.1699535341172767e-08,3077045280.0214663
33306.00343624582,0.004770997432517179,0.47709974325171794,105.42832326586708,2.915351791242986e-10,12.989424866199181,4.0186500937076435,5.128856209121483e-06,1.2195135543435561e-08,2951996709.8174815
34716.86818926559,0.00457710805062969,0.4577108050629691,109.89433809561116,2.92235136599126e-10,13.150427049892617,4.075236556299325,5.128856209121483e-06,1.2711729704289069e-08,2832030009.8776665
36187.49812411284,0.0043910981725441625,0.4391098172544162,114.54953632353211,2.9293509407395346e-10,13.309262487611536,4.131443608782779,5.128856209121483e-06,1.3250207141968632e-08,2716938657.2058787
37720.42493416993,0.0042126475817559385,0.4212647581755939,119.4019318858808,2.936350515487808e-10,13.465781307150925,4.187255878614658,5.128856209121483e-06,1.38114948468293e-08,2606524521.7294135
39318.2875570577,0.004041449075093656,0.40414490750936555,124.45987819465141,2.943350090236082e-10,13.619951651866703,4.242612794509433,5.128856209121483e-06,1.4396559077162627e-08,2500597525.2174726
40983.83671757253,0.0038772079338683543,0.38772079338683546,129.73208251799727,2.950349664984356e-10,13.771450835100174,4.297471164071233,5.128856209121483e-06,1.5006407022612265e-08,2398975314.061103
42719.939663067766,0.0037196414165142594,0.37196414165142594,135.22762096982225,2.9573492397326304e-10,13.920256506676177,4.351788397634412,5.128856209121483e-06,1.5642088538054383e-08,2301482945.350839
44529.58509942659,0.0035684782718486104,0.356847827184861,140.9559541343292,2.964348814480904e-10,14.066374628022954,4.405555704465974,5.128856209121483e-06,1.6304697950924902e-08,2207952585.712136
46415.888336127726,0.003423458272111874,0.3423458272111874,146.9269433524457,2.9713483892291777e-10,14.209132949315476,4.45862999932328,5.128856209121483e-06,1.6995375945107684e-08,2118223222.3796742
48382.096649259576,0.003284331764984999,0.3284331764984999,153.15086769814815,2.978347963977452e-10,14.349092101844626,4.511095388121396,5.128856209121483e-06,1.77153115246248e-08,2032140386.0134745
50431.59487171349,0.0031508592438123377,0.3150859243812338,159.6384416739122,2.985347538725726e-10,14.485675878472776,4.5628316624142204,5.128856209121483e-06,1.84657440605098e-08,1949555884.7795556
52567.911220184185,0.0030228109352902033,0.30228109352902033,166.40083365576186,2.9923471134740003e-10,14.618694457617822,4.61376378043049,5.128856209121483e-06,1.9247965424388756e-08,1870327549.237232
54794.723369002924,0.0028999664039115846,0.28999664039115847,173.44968511965513,2.9993466882222745e-10,14.748652069791442,4.664009373743722,5.128856209121483e-06,2.0063322212440352e-08,1794318987.5940902
57115.86478126423,0.0027821141724857917,0.2782114172485792,180.7971306823181,3.006346262970548e-10,14.874386768511132,4.713271256351541,5.128856209121483e-06,2.0913218063565005e-08,1721399350.907127
59535.3313081437,0.0026690513580798934,0.2669051358079893,188.45581899102095,3.013345837718823e-10,14.996629436623083,4.761724388668807,5.128856209121483e-06,2.179911607575311e-08,1651443107.8259342
62057.28806776513,0.0025605833227552452,0.2560583322755245,196.4389344982555,3.0203454124670966e-10,15.115081020130713,4.809248899977813,5.128856209121483e-06,2.272254132481184e-08,1584329828.4901724
64686.07661546321,0.002456523338497726,0.2456523338497726,204.76022015880747,3.0273449872153703e-10,15.229199622717552,4.855754006666737,5.128856209121483e-06,2.3685083489787465e-08,1519943977.2092202
67426.22241778349,0.002356692265764947,0.2356692265764947,213.43400108829115,3.0343445619636445e-10,15.339505907361778,4.901289955839165,5.128856209121483e-06,2.4688399589602228e-08,1458174713.5671673
70282.44264308337,0.0022609182450970956,0.22609182450970958,222.47520922387073,3.041344136711918e-10,15.445363367957595,4.945745186758073,5.128856209121483e-06,2.573421683561645e-08,1398915701.6107674
73259.6542821523,0.002169036401260354,0.2169036401260354,231.89940902963528,3.048343711460193e-10,15.546963244237059,4.9891137661633405,5.128856209121483e-06,2.682433560502807e-08,1342064926.7917747
76362.98261282257,0.0020808885594137995,0.20808885594137994,241.7228242908602,3.055343286208467e-10,15.644127252294796,5.031342959780015,5.128856209121483e-06,2.7960632540226275e-08,1287524520.348661
79597.77002314977,0.001996322972810959,0.1996322972810959,251.96236604329965,3.062342860956741e-10,15.736702557569991,5.07240732399227,5.128856209121483e-06,2.914506377943669e-08,1235200590.8252568
82969.58520834915,0.0019151940615673606,0.19151940615673607,262.635661685583,3.0693424357050145e-10,15.82473660996849,5.11224863071206,5.128856209121483e-06,3.0379668324218885e-08,1185003062.436351
86484.23275731709,0.001837362162044424,0.18373621620444242,273.76108532482203,3.076342010453288e-10,15.907910429861015,5.150837512237381,5.128856209121483e-06,3.166657154961228e-08,1136845520.0020154
90147.76314524916,0.0017626932864180744,0.17626932864180744,285.35778940769285,3.083341585201563e-10,15.986450572620601,5.188157735949612,5.128856209121483e-06,3.300798886297583e-08,1090645060.1836038
93966.4831495471,0.0016910588920183856,0.16910588920183856,297.44573769141937,3.090341159949837e-10,16.059933804040202,5.224138185622863,5.128856209121483e-06,3.440622951781711e-08,1046322148.7654603
97946.96670695386,0.0016223356600430167,0.16223356600430167,310.04573961143524,3.097340734698111e-10,16.128588602804548,5.258774353106461,5.128856209121483e-06,3.586370058917852e-08,1003800483.7365444
102096.06623060475,0.0015564052832635394,0.15564052832635394,323.1794861048878,3.104340309446385e-10,16.19218994700029,5.2920275548442754,5.128856209121483e-06,3.738291111742404e-08,963006863.936301
106420.92440647224,0.0014931542623592676,0.14931542623592675,336.86958695163725,3.1113398841946586e-10,16.250714620702908,5.323849970846211,5.128856209121483e-06,3.8966476427557945e-08,923871063.0386895
110928.98648952227,0.00143247371052783,0.143247371052783,351.139609697061,3.118339458942933e-10,16.304148900392534,5.354236210522038,5.128856209121483e-06,4.061712263151492e-08,886325708.6573514
115628.01312073777,0.0013742591660362827,0.13742591660362827,366.01412022363985,3.125339033691207e-10,16.352425406397273,5.3831506600847625,5.128856209121483e-06,4.2337691321168115e-08,850306166.3638852
120526.09368708414,0.0013184104123899422,0.1318410412389942,381.5187250411921,3.1323386084394807e-10,16.395484683638216,5.410569930908999,5.128856209121483e-06,4.4131144460137565e-08,815750428.4194987
125631.66024741215,0.0012648313058094011,0.1264831305809401,397.6801153685552,3.139338183187755e-10,16.433182589256802,5.436433364874111,5.128856209121483e-06,4.6000569482819025e-08,782599007.0285068
130953.50204826651,0.001213429609718794,0.1213429609718794,414.52611308257934,3.1463377579360286e-10,16.46557792207735,5.460727704469511,5.128856209121483e-06,4.7949184609409415e-08,750794831.9299566
136500.78065460137,0.0011641168359602402,0.11641168359602402,432.0857186135762,3.1533373326843033e-10,16.492648429381966,5.483451149955823,5.128856209121483e-06,4.9980344386082976e-08,720283152.1509923
142283.04572143548,0.00111680809246128,0.11168080924612798,450.3891608696255,3.1603369074325775e-10,16.514373625842705,5.504585008796191,5.128856209121483e-06,5.209754545985016e-08,691011441.7529324
148310.2514336103,0.001071421937092924,0.10714219370929241,469.46794927572785,3.167336482180851e-10,16.530792752051678,5.524103795908859,5.128856209121483e-06,5.430443259804552e-08,662929309.4077127
154592.77364194783,0.0010278802374668057,0.10278802374668056,489.3549280173673,3.174336056929125e-10,16.541884602547047,5.541980059318497,5.128856209121483e-06,5.660480496280485e-08,635988411.6490762
161141.42772530165,0.0009861080364300832,0.09861080364300832,510.08433258185545,3.1813356316773986e-10,16.54754892633386,5.558204274842582,5.128856209121483e-06,5.900262265133192e-08,610142369.6491793
167967.4872092653,0.0009460334230264779,0.09460334230264779,531.6918486948266,3.1883352064256733e-10,16.547802687096652,5.572754410696365,5.128856209121483e-06,6.150201351321774e-08,585346689.3773005
175082.7031735727,0.0009075874087013897,0.09075874087013898,554.2146737532992,3.1953347811739475e-10,16.542738805571986,5.5856109037664075,5.128856209121483e-06,6.410728025654349e-08,561558685.0032598
182499.32448161504,0.0008707038085379061,0.08707038085379061,577.6915808610994,3.202334355922221e-10,16.532343641468884,5.596786549020781,5.128856209121483e-06,6.682290785500461e-08,538737405.4136411
190230.1188668946,0.0008353191273192801,0.083531912731928,602.1629855768697,3.2093339306704954e-10,16.516570646834513,5.60627533971314,5.128856209121483e-06,6.965357126880571e-08,516843563.7143356
198288.39491270675,0.0008013724502217688,0.08013724502217688,627.6710154895457,3.2163335054187686e-10,16.49556511778285,5.614047064607474,5.128856209121483e-06,7.260414349261537e-08,495839469.5980621
206688.02496290818,0.0007688053379495682,0.07688053379495682,654.2595827411367,3.223333080167044e-10,16.46929804861331,5.620069004866179,5.128856209121483e-06,7.567970394444209e-08,475688964.46038276
215443.46900318866,0.0007375617261314411,0.0737561726131441,681.9744596215714,3.2303326549153175e-10,16.43763215622678,5.6243784255406135,5.128856209121483e-06,7.888554720986331e-08,456357359.1525876
224569.79955397715,0.0007075878288057328,0.07075878288057327,710.8633573658323,3.237332229663591e-10,16.400774712192803,5.6269853216553685,5.128856209121483e-06,8.222719215667023e-08,437811374.2642214
234082.72761782943,0.0006788320458276913,0.06788320458276914,740.9760082889775,3.2443318044118654e-10,16.358961370832617,5.627840829301886,5.128856209121483e-06,8.571039143561398e-08,420019082.8324866
243998.62972595452,0.0006512448740396953,0.06512448740396952,772.3642514004399,3.2513313791601396e-10,16.311968915767647,5.626950776369427,5.128856209121483e-06,8.93411413836075e-08,402949855.37990177
254334.57613046485,0.0006247788220514136,0.062477882205141354,805.0821216450433,3.258330953908414e-10,16.259755239635457,5.624382323875902,5.128856209121483e-06,9.31256923464383e-08,386574307.18556
265108.3601908542,0.0005993883284832727,0.05993883284832726,839.1859429242796,3.265330528656688e-10,16.20269138758248,5.6200993891877475,5.128856209121483e-06,9.707055943875257e-08,370864247.69926745
276338.52900531667,0.0005750296835324042,0.05750296835324042,874.7344250580726,3.2723301034049616e-10,16.140915653164818,5.614060897796493,5.128856209121483e-06,1.0118253375984433e-07,355792632.0114262
288044.4153396298,0.0005516609537261015,0.05516609537261015,911.7887648538936,3.2793296781532353e-10,16.073945471212923,5.60630236670398,5.128856209121483e-06,1.0546869408455142e-07,341333514.2951497
300246.1709085543,0.0005292419097332446,0.052924190973324466,950.412751457213,3.2863292529015095e-10,16.002165775835664,5.5969231043394085,5.128856209121483e-06,1.0993641904938365e-07,327462003.14045817
312964.80106707505,0.0005077339571093845,0.050773395710938446,990.6728761647092,3.2933288276497837e-10,15.926023819323099,5.5858310585584565,5.128856209121483e-06,1.1459339985486795e-07,314154218.7036413
326222.2009711673,0.0004871000698563177,0.04871000698563177,1032.6384468891881,3.300328402398058e-10,15.845254411426865,5.573000344944374,5.128856209121483e-06,1.1944765350596762e-07,301387251.5980519
340041.19327037025,0.00046730472668172324,0.046730472668172325,1076.3817074733556,3.3073279771463316e-10,15.75957517026628,5.558563474825374,5.128856209121483e-06,1.2450753661337973e-07,289139123.4555306
354445.5673970436,0.0004483138498491569,0.04483138498491569,1121.9779620577985,3.3143275518946063e-10,15.669525215649395,5.542524734306949,5.128856209121483e-06,1.2978175977946422e-07,277388749.09058213
369460.12051992945,0.00043009474651315127,0.043009474651315126,1169.5057047172336,3.32132712664288e-10,15.575717437486492,5.524819687972963,5.128856209121483e-06,1.3527940259356546e-07,266115900.20218152
385110.7002325569,0.0004126160524383786,0.04126160524383786,1219.0467545883043,3.328326701391154e-10,15.477215061824628,5.505461453746773,5.128856209121483e-06,1.4100992926255409e-07,255301170.55068964
401424.2490499326,0.00039584767800604807,0.039584767800604805,1270.686396721412,3.3353262761394284e-10,15.374125070721613,5.48453898376385,5.128856209121483e-06,1.4698320490348082e-07,244925942.54996717
418428.85079015756,0.000379760756414541,0.0379760756414541,1324.5135288991733,3.3423258508877016e-10,15.267712902759753,5.462171529509996,5.128856209121483e-06,1.5320951252640343e-07,234972355.217147
436153.77892080054,0.0003643275939851296,0.036432759398512954,1380.6208146742063,3.3493254256359763e-10,15.157707523566797,5.438165964253485,5.128856209121483e-06,1.5969957073661808e-07,225423273.42490116
454629.546953239,0.00034952162248724544,0.03495216224872454,1439.1048428896504,3.35632500038425e-10,15.042678206769947,5.412525143002724,5.128856209121483e-06,1.6646455218676276e-07,216262258.4032801
473887.9609717651,0.00033531735340118745,0.033531735340118746,1500.0662939571612,3.363324575132524e-10,14.924307756910364,5.385533146417276,5.128856209121483e-06,1.7351610281057414e-07,207473539.4403184
493962.1743878326,0.0003216903340395765,0.03216903340395765,1563.6101131784733,3.3703241498807984e-10,14.803600971630868,5.357265448414339,5.128856209121483e-06,1.8086636187138902e-07,199041986.73271802
514886.74501374876,0.0003086171054519849,0.030861710545198488,1629.8456914090275,3.377323724629072e-10,14.678222246122536,5.3272290175433765,5.128856209121483e-06,1.8852798285992047e-07,190953085.33984908
536697.6945540477,0.00029607516204028573,0.029607516204028576,1698.8870533746497,3.3843232993773463e-10,14.548918221282417,5.295757888055363,5.128856209121483e-06,1.9651415527727837e-07,183192910.19623786
559432.5706169389,0.0002840429128152125,0.028404291281521252,1770.8530539653862,3.3913228741256205e-10,14.417681265557754,5.263260229992959,5.128856209121483e-06,2.0483862734072752e-07,175748102.1395334
583130.5113526218,0.0002724996442274105,0.027249964422741052,1845.8675828445241,3.398322448873894e-10,14.283865770519553,5.229398238424816,5.128856209121483e-06,2.135157296512811e-07,168605844.91267243
607832.3128297236,0.00026142548450900147,0.026142548450900145,1924.059777725012,3.4053220236221684e-10,14.144826467001197,5.193741832234808,5.128856209121483e-06,2.2256039986387283e-07,161753843.10065532
633580.4992658241,0.00025080136946429026,0.025080136946429025,2005.5642466803245,3.412321598370442e-10,14.004089879309925,5.157124251087419,5.128856209121483e-06,2.319882084025634e-07,155180300.96396145
660419.3962330305,0.000240609009650692,0.0240609009650692,2090.521299872681,3.419321173118717e-10,13.861933877968468,5.119624642508834,5.128856209121483e-06,2.418153852650743e-07,148873902.1321466
688395.206964551,0.00023083085889341484,0.023083085889341482,2179.0771910973144,3.426320747866991e-10,13.71545923007504,5.080392159251029,5.128856209121483e-06,2.5205884796276655e-07,142823790.12268522
717556.091893692,0.0002214500840796699,0.022145008407966987,2271.3843695587943,3.4333203226152646e-10,13.566383863256034,5.03996602943667,5.128856209121483e-06,2.6273623064418393e-07,137019549.6515049
747952.2515621829,0.00021245053618041914,0.021245053618041916,2367.601742312772,3.4403198973635383e-10,13.416231389133877,4.998748977377328,5.128856209121483e-06,2.738659144522912e-07,131451188.7030446
779636.0130405221,0.0002038167224497856,0.020381672244978558,2467.894947824838,3.447319472111812e-10,13.264278956766907,4.956607248704184,5.128856209121483e-06,2.8546705916765307e-07,126109121.32897763
812661.9200091945,0.00019553377975424206,0.019553377975424207,2572.4366411176616,3.4543190468600867e-10,13.108079320501536,4.912757587817433,5.128856209121483e-06,2.9755963619205697e-07,120984151.1459711
847086.8266557419,0.00018758744898569397,0.018758744898569397,2681.4067909969995,3.461318621608361e-10,12.951138200172705,4.868172300378818,5.128856209121483e-06,3.101644629293258e-07,116067455.50409164
882969.9955494083,0.00017996405051438205,0.017996405051438204,2794.9929898685255,3.4683181963566346e-10,12.79343230615206,4.822901343087366,5.128856209121483e-06,3.233032386225398e-07,111350570.29858708
920373.199661823,0.00017265046063936213,0.017265046063936213,2913.3907766786792,3.475317771104909e-10,12.632738301793745,4.77651323290712,5.128856209121483e-06,3.3699858170934457e-07,106825375.39890708
959360.8287093127,0.0001656340889960238,0.01656340889960238,3036.8039735354114,3.4823173458531825e-10,12.470196959838384,4.728944233941795,5.128856209121483e-06,3.512740687596429e-07,102484080.66987939
1000000.0,0.00015890285688173749,0.015890285688173748,3165.44503658859,3.4893169206014567e-10,12.307334924911498,4.6807934904827055,5.128856209121483e-06,3.661542750627347e-07,98319212.56096756
1042360.6739764033,0.00015244517646234083,0.015244517646234083,3299.5354217737467,3.4963164953497314e-10,12.143305146273688,4.63192712499651,5.128856209121483e-06,3.8166481693373385e-07,94323601.24053681
1086515.7746525372,0.00014624993082364932,0.01462499308236493,3439.305966049085,3.5033160700980046e-10,11.976933535164356,4.5821210462167725,5.128856209121483e-06,3.9783239581212583e-07,90490368.25296853
1132541.3151528125,0.000140306454833656,0.014030645483365599,3584.9972847819854,3.510315644846279e-10,11.810037879148688,4.531486976245115,5.128856209121483e-06,4.146848442283743e-07,86812914.67737886
1180516.528568803,0.0001346045167824825,0.01346045167824825,3736.860185968911,3.5173152195945525e-10,11.642857178017861,4.480314881405267,5.128856209121483e-06,4.3225117371768635e-07,83284909.76756136
1230524.0043592616,0.0001291343007684589,0.012913430076845889,3895.156102002145,3.524314794342827e-10,11.474526317152124,4.428527081705957,5.128856209121483e-06,4.5056162476345927e-07,79900280.05358793
1282649.8305280625,0.0001238863898000264,0.012388638980002638,4060.1575397262554,3.5313143690911014e-10,11.305001025358763,4.376042563591091,5.128856209121483e-06,4.696477188563427e-07,76653198.88631633
1336983.7418249452,0.00011885174958435878,0.011885174958435878,4232.148549559417,3.538313943839375e-10,11.135474051957244,4.3229355347673515,5.128856209121483e-06,4.895423127585756e-07,73538076.4067965
1393619.2742241435,0.0001140217129748021,0.011402171297480211,4411.425214487012,3.5453135185876493e-10,10.96577469893769,4.269381583476648,5.128856209121483e-06,5.102796550669962e-07,70549549.92331302
1452653.9259467782,0.00010938796505036203,0.010938796505036203,4598.296159769162,3.5523130933359224e-10,10.795385724513086,4.21538834078279,5.128856209121483e-06,5.318954451720785e-07,67682474.67949891
1514189.3253043522,0.00010494252880154063,0.010494252880154063,4793.083084240092,3.559312668084197e-10,10.624647814742305,4.160893474909074,5.128856209121483e-06,5.544268947145468e-07,64931914.997621134
1578331.4056521198,0.00010067775139789696,0.010067775139789696,4996.1213141133985,3.5663122428324714e-10,10.45420814520351,4.105941877868565,5.128856209121483e-06,5.779127916452993e-07,62293135.78180047
1645190.5877536607,9.658629101367694e-05,0.009658629101367694,5207.760380247097,3.573311817580745e-10,10.283843739162583,4.050670058055526,5.128856209121483e-06,6.023935669989768e-07,59761594.36653005
1714881.9698705408,9.266110418884e-05,0.009266110418884,5428.364619861972,3.580311392329019e-10,10.113391121784925,3.9951256426912383,5.128856209121483e-06,6.279113644961027e-07,57332932.6964641
1787525.5259042317,8.889543370372592e-05,0.008889543370372592,5658.313803748961,3.5873109670772935e-10,9.943116300280336,3.9392462553387095,5.128856209121483e-06,6.545101130935977e-07,55002969.82401531
1863246.3119315598,8.528279694648024e-05,0.008528279694648025,5898.0037900457555,3.5943105418255677e-10,9.773456332282327,3.883084078442883,5.128856209121483e-06,6.822356026086146e-07,52767694.71184063
1942174.6814890285,8.181697475322337e-05,0.008181697475322337,6147.847205707471,3.6013101165738413e-10,9.60426084233703,3.8267477816759636,5.128856209121483e-06,7.111355625458128e-07,50623259.32783147
2024446.509976802,7.849200070174158e-05,0.007849200070174159,6408.274156845163,3.608309691322115e-10,9.43539712574944,3.770272553210594,5.128856209121483e-06,7.412597442638394e-07,48565972.02071503
2110203.4285685965,7.530215084027472e-05,0.007530215084027473,6679.732969154694,3.615309266070389e-10,9.267217971355743,3.7136461608871416,5.128856209121483e-06,7.726600066224323e-07,46592291.16486644
2199593.06803007,7.224193383371995e-05,0.007224193383371994,6962.6909597104595,3.6223088408186634e-10,9.09990418007193,3.6568903576320917,5.128856209121483e-06,8.053904052575674e-07,44698819.06339205
2292769.312865649,6.930608151028088e-05,0.006930608151028089,7257.635241453206,3.6293084155669376e-10,8.933401980551313,3.6000943906827008,5.128856209121483e-06,8.395072856384066e-07,42882296.098983414
2389892.5662310524,6.648953979229831e-05,0.006648953979229831,7565.073561756054,3.636307990315212e-10,8.767679685219914,3.5432992145097617,5.128856209121483e-06,8.750693800661498e-07,41139595.122478895
2491130.026067786,6.378745999564035e-05,0.006378745999564035,7885.535176513082,3.6433075650634855e-10,8.602983054474239,3.4865022081587473,5.128856209121483e-06,9.121379087818618e-07,39467716.06946708
2596655.9729348724,6.119519048267964e-05,0.006119519048267965,8219.571761254814,3.65030713981176e-10,8.43947273939102,3.4297306656019346,5.128856209121483e-06,9.50776685357289e-07,37863780.7956678
2706652.0700332355,5.870826865448807e-05,0.005870826865448807,8567.75836085894,3.6573067145600334e-10,8.277055650195818,3.3730464823083413,5.128856209121483e-06,9.910522265500698e-07,36325028.12219979
2821307.6759394705,5.632241326845862e-05,0.0056322413268458625,8930.694379491892,3.6643062893083076e-10,8.1157406920017,3.316485909479329,5.128856209121483e-06,1.0330338668125461e-06,34848809.082202666
2940820.1705870666,5.403351706813682e-05,0.005403351706813682,9309.00461248445,3.671305864056582e-10,7.955752360531755,3.2600604328706257,5.128856209121483e-06,1.0767938776511764e-06,33432582.36063455
3065395.2950565238,5.1837639712566765e-05,0.005183763971256677,9703.340321918695,3.6783054388048555e-10,7.797196718594639,3.2037956452429563,5.128856209121483e-06,1.12240759204214e-06,32073909.919390857
3195247.5057592136,4.973100099298281e-05,0.004973100099298281,10114.380357777585,3.68530501355313e-10,7.640037911169983,3.147742892848589,5.128856209121483e-06,1.1699535341172775e-06,30770452.80021465
3330600.3436245816,4.770997432517183e-05,0.0047709974325171834,10542.832326586698,3.692304588301404e-10,7.484259541913313,3.091931502402919,5.128856209121483e-06,1.2195135543435553e-06,29519967.098174833
3471686.8189265593,4.57710805062969e-05,0.0045771080506296895,10989.433809561118,3.699304163049678e-10,7.330000563123845,3.036360069834907,5.128856209121483e-06,1.271172970428907e-06,28320300.098776665
3618749.812411284,4.391098172544169e-05,0.004391098172544169,11454.953632353194,3.706303737797952e-10,7.177397833800359,2.9810766407891967,5.128856209121483e-06,1.3250207141968615e-06,27169386.572058827
3772042.4934169934,4.212647581755941e-05,0.004212647581755941,11940.193188588073,3.7133033125462254e-10,7.026442265856475,2.9261187520442946,5.128856209121483e-06,1.3811494846829294e-06,26065245.217294145
3931828.75570577,4.04144907509366e-05,0.00404144907509366,12445.987819465126,3.7203028872945e-10,6.877157834130044,2.8715141398913153,5.128856209121483e-06,1.439655907716261e-06,25005975.25217475
4098383.6717572534,3.8772079338683525e-05,0.0038772079338683526,12973.208251799731,3.727302462042774e-10,6.72954603327047,2.817252102615384,5.128856209121483e-06,1.5006407022612274e-06,23989753.140611015
4271993.966306777,3.719641416514268e-05,0.0037196414165142676,13522.762096982195,3.734302036791048e-10,6.583683515137858,2.7633619808647714,5.128856209121483e-06,1.564208853805435e-06,23014829.453508437
4452958.509942659,3.5684782718486094e-05,0.003568478271848609,14095.595413432924,3.741301611539322e-10,6.4396346092869186,2.709893730555033,5.128856209121483e-06,1.6304697950924906e-06,22079525.857121352
4641588.833612773,3.42345827211187e-05,0.0034234582721118702,14692.694335244589,3.748301186287596e-10,6.297440615260604,2.6568597046637468,5.128856209121483e-06,1.6995375945107706e-06,21182232.223796718
4838209.664925957,3.2843317649849983e-05,0.0032843317649849982,15315.086769814818,3.75530076103587e-10,6.157089770240592,2.604274766594838,5.128856209121483e-06,1.7715311524624807e-06,20321403.86013474
5043159.487171348,3.1508592438123404e-05,0.0031508592438123408,15963.844167391206,3.762300335784144e-10,6.0186726648969575,2.5521529365807107,5.128856209121483e-06,1.8465744060509782e-06,19495558.847795572
5256791.122018419,3.0228109352902038e-05,0.003022810935290204,16640.08336557618,3.769299910532418e-10,5.8821399447291265,2.5005299095089044,5.128856209121483e-06,1.924796542438875e-06,18703275.492372323
5479472.336900293,2.899966403911582e-05,0.002899966403911582,17344.968511965533,3.776299485280692e-10,5.747558800516778,2.4493960904259175,5.128856209121483e-06,2.006332221244037e-06,17943189.87594089
5711586.4781264225,2.7821141724857937e-05,0.0027821141724857935,18079.7130682318,3.783299060028966e-10,5.614927447082341,2.3988025582685366,5.128856209121483e-06,2.091321806356499e-06,17213993.50907128
5953533.130814371,2.6690513580798952e-05,0.002669051358079895,18845.581899102086,3.7902986347772406e-10,5.484361742886074,2.348741439290306,5.128856209121483e-06,2.1799116075753094e-06,16514431.078259354
6205728.806776513,2.560583322755243e-05,0.0025605833227552435,19643.893449825562,3.797298209525515e-10,5.355685608563656,2.2992434368370858,5.128856209121483e-06,2.2722541324811853e-06,15843298.284901714
6468607.661546321,2.456523338497727e-05,0.002456523338497727,20476.022015880735,3.8042977842737885e-10,5.229133657322093,2.2502910550396327,5.128856209121483e-06,2.368508348978745e-06,15199439.772092214
6742622.241778349,2.3566922657649475e-05,0.0023566922657649475,21343.400108829108,3.811297359022062e-10,5.104489183806902,2.2019332611545885,5.128856209121483e-06,2.4688399589602223e-06,14581747.135671673
7028244.264308338,2.2609182450970954e-05,0.0022609182450970956,22247.520922387073,3.818296933770336e-10,4.98201171229898,2.1541610207317725,5.128856209121483e-06,2.5734216835616445e-06,13989157.016107673
7325965.42821523,2.1690364012603562e-05,0.002169036401260356,23189.940902963506,3.8252965085186106e-10,4.861457266730545,2.1069994069156475,5.128856209121483e-06,2.682433560502805e-06,13420649.267917762
7636298.261282257,2.0808885594138e-05,0.0020808885594138,24172.28242908601,3.832296083266885e-10,4.743057626231406,2.0604396491418764,5.128856209121483e-06,2.7960632540226278e-06,12875245.203486608
7959777.002314977,1.9963229728109594e-05,0.0019963229728109594,25196.236604329963,3.8392956580151585e-10,4.626624702366409,2.0145165958747557,5.128856209121483e-06,2.9145063779436688e-06,12352005.908252573
8296958.520834915,1.91519406156736e-05,0.00191519406156736,26263.56616855831,3.8462952327634327e-10,4.512286936072881,1.96920529047709,5.128856209121483e-06,3.03796683242189e-06,11850030.624363508
8648423.275731709,1.8373621620444255e-05,0.0018373621620444256,27376.10853248218,3.853294807511707e-10,4.400024227879521,1.924562413941903,5.128856209121483e-06,3.166657154961225e-06,11368455.200020164
9014776.314524917,1.7626932864180743e-05,0.0017626932864180742,28535.778940769294,3.860294382259981e-10,4.289738427288817,1.8805260878087862,5.128856209121483e-06,3.3007988862975836e-06,10906450.601836037
9396648.314954711,1.691058892018386e-05,0.0016910588920183859,29744.573769141934,3.867293957008255e-10,4.181613130921739,1.8371840269417394,5.128856209121483e-06,3.4406229517817094e-06,10463221.487654604
9794696.670695385,1.6223356600430164e-05,0.0016223356600430165,31004.573961143524,3.8742935317565284e-10,4.075370156983784,1.7944491514569691,5.128856209121483e-06,3.586370058917853e-06,10038004.837365443
10209606.623060476,1.556405283263538e-05,0.0015564052832635381,32317.948610488806,3.8812931065048027e-10,3.971421751350506,1.7525051289447755,5.128856209121483e-06,3.738291111742406e-06,9630068.639363002
10642092.440647224,1.4931542623592679e-05,0.0014931542623592678,33686.95869516372,3.888292681253077e-10,3.8692132766436984,1.7110981511053376,5.128856209121483e-06,3.896647642755794e-06,9238710.630386898
11092898.648952227,1.4324737105278297e-05,0.0014324737105278298,35113.96096970611,3.895292256001351e-10,3.7692031794183576,1.6704039056992088,5.128856209121483e-06,4.061712263151492e-06,8863257.086573511
11562801.312073776,1.3742591660362825e-05,0.0013742591660362825,36601.41202236399,3.902291830749625e-10,3.6710264292746837,1.6303420983436896,5.128856209121483e-06,4.233769132116813e-06,8503061.66363885
12052609.368708415,1.3184104123899425e-05,0.0013184104123899424,38151.8725041192,3.909291405497899e-10,3.574970338355974,1.5909822818446009,5.128856209121483e-06,4.413114446013754e-06,8157504.284194989
12563166.024741216,1.2648313058094006e-05,0.0012648313058094005,39768.011536855534,3.9162909802461737e-10,3.4807737888570065,1.5522726018915751,5.128856209121483e-06,4.600056948281904e-06,7825990.070285066
13095350.20482665,1.2134296097187948e-05,0.0012134296097187948,41452.61130825792,3.923290554994447e-10,3.3886098376602236,1.5142509071744692,5.128856209121483e-06,4.794918460940939e-06,7507948.31929957
13650078.065460138,1.1641168359602405e-05,0.0011641168359602405,43208.5718613576,3.930290129742721e-10,3.2983361716935375,1.476895880484247,5.128856209121483e-06,4.998034438608297e-06,7202831.521509925
14228304.572143547,1.1168080924612796e-05,0.0011168080924612797,45038.91608696257,3.937289704490995e-10,3.210038449654005,1.4402175238901547,5.128856209121483e-06,5.209754545985017e-06,6910114.417529322
14831025.143361028,1.071421937092925e-05,0.0010714219370929249,46946.79492757275,3.944289279239269e-10,3.123563956102915,1.40420218592034,5.128856209121483e-06,5.430443259804548e-06,6629293.094077132
15459277.364194784,1.0278802374668052e-05,0.0010278802374668052,48935.49280173674,3.9512888539875436e-10,3.0390161823915314,1.3688566176305337,5.128856209121483e-06,5.660480496280488e-06,6359884.116490759
16114142.772530166,9.861080364300829e-06,0.000986108036430083,51008.433258185556,3.9582884287358173e-10,2.9563283220221255,1.3341818039633155,5.128856209121483e-06,5.900262265133194e-06,6101423.696491791
16796748.72092653,9.460334230264775e-06,0.0009460334230264775,53169.18486948269,3.9652880034840915e-10,2.875481466990587,1.3001709580075622,5.128856209121483e-06,6.1502013513217755e-06,5853466.8937730035
17508270.31735727,9.0758740870139e-06,0.00090758740870139,55421.467375329914,3.972287578232365e-10,2.7964221847202606,1.2668254011361477,5.128856209121483e-06,6.410728025654346e-06,5615586.8500326
18249932.448161505,8.70703808537906e-06,0.000870703808537906,57769.15808610995,3.979287152980639e-10,2.719175331925914,1.2341251165645664,5.128856209121483e-06,6.682290785500461e-06,5387374.05413641
19023011.886689458,8.353191273192805e-06,0.0008353191273192805,60216.29855768693,3.9862867277289136e-10,2.643702148739204,1.2020815331743862,5.128856209121483e-06,6.965357126880568e-06,5168435.637143359
19828839.491270673,8.013724502217683e-06,0.0008013724502217682,62767.10154895461,3.9932863024771873e-10,2.5699878482485663,1.170691410394711,5.128856209121483e-06,7.260414349261543e-06,4958394.695980618
20668802.496290818,7.688053379495682e-06,0.0007688053379495683,65425.95827411365,4.0002858772254615e-10,2.4979818178171675,1.1399510020055874,5.128856209121483e-06,7.567970394444209e-06,4756889.644603828
21544346.900318865,7.375617261314406e-06,0.0007375617261314405,68197.4459621572,4.0072854519737357e-10,2.4276571633430493,1.1098255479241403,5.128856209121483e-06,7.888554720986337e-06,4563573.591525873
22456979.955397718,7.075878288057333e-06,0.0007075878288057332,71086.33573658318,4.0142850267220094e-10,2.359016806555945,1.0803402994405056,5.128856209121483e-06,8.222719215667018e-06,4378113.742642217
23408272.76178294,6.78832045827691e-06,0.0006788320458276909,74097.6008288978,4.021284601470284e-10,2.29202590259064,1.0514902241168966,5.128856209121483e-06,8.571039143561402e-06,4200190.828324865
24399862.972595453,6.512448740396945e-06,0.0006512448740396945,77236.42514004408,4.028284176218557e-10,2.226651085266861,1.0232594768430963,5.128856209121483e-06,8.93411413836076e-06,4029498.553799013
25433457.613046482,6.247788220514139e-06,0.0006247788220514138,80508.2121645043,4.0352837509668315e-10,2.162878416413328,0.9956269416064504,5.128856209121483e-06,9.312569234643827e-06,3865743.071855602
26510836.019085415,5.993883284832723e-06,0.0005993883284832722,83918.59429242802,4.0422833257151057e-10,2.1006690926288307,0.9686031596992678,5.128856209121483e-06,9.707055943875263e-06,3708642.4769926723
27633852.90053167,5.75029683532404e-06,0.0005750296835324041,87473.44250580728,4.0492829004633793e-10,2.0399879908311074,0.9421882037555493,5.128856209121483e-06,1.0118253375984433e-05,3557926.320114262
28804441.533962976,5.516609537261012e-06,0.0005516609537261013,91178.8764853894,4.056282475211654e-10,1.9808183218538455,0.9163607810269637,5.128856209121483e-06,1.0546869408455146e-05,3413335.1429514955
30024617.09085543,5.292419097332448e-06,0.0005292419097332447,95041.27514572127,4.063282049959927e-10,1.923157890993029,0.8911116043008661,5.128856209121483e-06,1.0993641904938364e-05,3274620.031404583
31296480.106707502,5.07733957109385e-06,0.000507733957109385,99067.28761647081,4.0702816247082014e-10,1.8669615821157792,0.8664396830479785,5.128856209121483e-06,1.1459339985486782e-05,3141542.187036416
32622220.097116735,4.87100069856318e-06,0.00048710006985631796,103263.84468891876,4.0772811994564756e-10,1.812176703484486,0.842343727984795,5.128856209121483e-06,1.1944765350596756e-05,3013872.515980521
34004119.32703703,4.67304726681723e-06,0.000467304726681723,107638.17074733561,4.0842807742047493e-10,1.758796113971396,0.8188106918304859,5.128856209121483e-06,1.245075366133798e-05,2891391.2345553045
35444556.739704356,4.483138498491571e-06,0.00044831384984915713,112197.79620577981,4.091280348953024e-10,1.7068253456722728,0.7958239775608664,5.128856209121483e-06,1.2978175977946416e-05,2773887.4909058223
36946012.05199295,4.30094746513151e-06,0.000430094746513151,116950.57047172346,4.0982799237012977e-10,1.6562087160798893,0.7733774526974007,5.128856209121483e-06,1.3527940259356553e-05,2661159.0020218133
38511070.02325568,4.126160524383786e-06,0.00041261605243837865,121904.6754588304,4.105279498449572e-10,1.6068890611352902,0.7514749964929148,5.128856209121483e-06,1.4100992926255406e-05,2553011.7055068966
40142424.90499326,3.958476780060484e-06,0.00039584767800604834,127068.63967214113,4.112279073197846e-10,1.5588652890176138,0.7301068966653017,5.128856209121483e-06,1.4698320490348074e-05,2449259.4254996735
41842885.07901576,3.7976075641454116e-06,0.0003797607564145412,132451.35288991727,4.1192786479461203e-10,1.5121511192557657,0.7092490768163808,5.128856209121483e-06,1.532095125264034e-05,2349723.5521714706
43615377.89208005,3.6432759398512948e-06,0.0003643275939851295,138062.08146742065,4.1262782226943945e-10,1.4666899102267932,0.6888957633783536,5.128856209121483e-06,1.596995707366181e-05,2254232.734249011
45462954.6953239,3.4952162248724524e-06,0.0003495216224872452,143910.48428896512,4.1332777974426677e-10,1.42240454250932,0.66905188767931,5.128856209121483e-06,1.6646455218676288e-05,2162622.5840328
47388796.09717651,3.3531735340118706e-06,0.0003353173534011871,150006.6293957163,4.140277372190942e-10,1.3793188234469533,0.649713111586156,5.128856209121483e-06,1.7351610281057433e-05,2074735.3944031815
49396217.43878326,3.216903340395767e-06,0.0003216903340395767,156361.0113178472,4.147276946939216e-10,1.3374481580781032,0.6308481851601491,5.128856209121483e-06,1.8086636187138895e-05,1990419.8673271816
51488674.50137487,3.086171054519851e-06,0.00030861710545198505,162984.56914090263,4.1542765216874903e-10,1.2967238759208555,0.6124509210621265,5.128856209121483e-06,1.8852798285992033e-05,1909530.853398492
53669769.45540476,2.9607516204028547e-06,0.00029607516204028546,169888.70533746513,4.1612760964357645e-10,1.257056971164606,0.5945255831765434,5.128856209121483e-06,1.9651415527727853e-05,1831929.101962377
55943257.06169366,2.840429128152135e-06,0.0002840429128152135,177085.30539653802,4.168275671184038e-10,1.2184998964971783,0.5770747377158756,5.128856209121483e-06,2.0483862734072676e-05,1757481.0213953403
58313051.135262184,2.7249964422741047e-06,0.00027249964422741045,184586.75828445243,4.1752752459323124e-10,1.1810632767550147,0.5600666102624742,5.128856209121483e-06,2.1351572965128118e-05,1686058.4491267242
60783231.28297236,2.614254845090014e-06,0.0002614254845090014,192405.97777250127,4.182274820680587e-10,1.1446631656831223,0.5434839801902428,5.128856209121483e-06,2.2256039986387294e-05,1617538.4310065527
63358049.92658241,2.5080136946429025e-06,0.00025080136946429026,200556.42466803247,4.18927439542886e-10,1.109222913861807,0.527338241413752,5.128856209121483e-06,2.319882084025634e-05,1551803.0096396145
66041939.623303056,2.4060900965069206e-06,0.00024060900965069206,209052.129987268,4.1962739701771345e-10,1.0747984081445745,0.5116339140060866,5.128856209121483e-06,2.4181538526507426e-05,1488739.0213214664
68839520.6964551,2.3083085889341484e-06,0.00023083085889341484,217907.71910973146,4.2032735449254087e-10,1.0414102242630499,0.4963463568385536,5.128856209121483e-06,2.520588479627665e-05,1428237.9012268526
71755609.1893692,2.2145008407966982e-06,0.00022145008407966984,227138.4369558795,4.2102731196736823e-10,1.008949828040321,0.48144119569168625,5.128856209121483e-06,2.6273623064418395e-05,1370195.4965150484
74795225.15621829,2.1245053618041896e-06,0.00021245053618041895,236760.1742312774,4.217272694421957e-10,0.9773491406805538,0.46693561396306765,5.128856209121483e-06,2.7386591445229145e-05,1314511.8870304448
77963601.3040522,2.0381672244978546e-06,0.00020381672244978546,246789.4947824839,4.2242722691702307e-10,0.9466865250592311,0.4528380683773258,5.128856209121483e-06,2.8546705916765327e-05,1261091.2132897757
81266192.00091945,1.9553377975424225e-06,0.00019553377975424225,257243.66411176586,4.2312718439185044e-10,0.916974235966047,0.43913572660374467,5.128856209121483e-06,2.975596361920567e-05,1209841.5114597124
84708682.6655742,1.8758744898569394e-06,0.00018758744898569394,268140.67909969995,4.238271418666779e-10,0.8880863543773062,0.42577381090405264,5.128856209121483e-06,3.1016446292932585e-05,1160674.5550409162
88296999.55494082,1.7996405051438209e-06,0.0001799640505143821,279499.29898685246,4.2452709934150523e-10,0.8599675233817892,0.41277469206124695,5.128856209121483e-06,3.2330323862253974e-05,1113505.7029858711
92037319.96618229,1.7265046063936224e-06,0.00017265046063936223,291339.07766786776,4.252270568163327e-10,0.8327195606974668,0.4001534907271519,5.128856209121483e-06,3.369985817093444e-05,1068253.7539890714
95936082.87093128,1.6563408899602363e-06,0.00016563408899602364,303680.39735354146,4.2592701429116007e-10,0.8063301473977289,0.3879016657576043,5.128856209121483e-06,3.512740687596432e-05,1024840.8066987928
100000000.0,1.589028568817375e-06,0.00015890285688173749,316544.50365885894,4.266269717659875e-10,0.7806655245399007,0.375952202341718,5.128856209121483e-06,3.6615427506273465e-05,983192.1256096758
104236067.39764032,1.5244517646234092e-06,0.0001524451764623409,329953.5421773745,4.273269292408149e-10,0.7557036260964834,0.3643321332369247,5.128856209121483e-06,3.816648169337336e-05,943236.0124053688
108651577.46525373,1.4624993082364935e-06,0.00014624993082364935,343930.59660490835,4.280268867156423e-10,0.7315370982517105,0.35305874294556655,5.128856209121483e-06,3.9783239581212564e-05,904903.6825296856
113254131.51528126,1.4030645483365587e-06,0.00014030645483365585,358499.7284781989,4.2872684419046975e-10,0.7081416820413052,0.3421225524118708,5.128856209121483e-06,4.1468484422837466e-05,868129.1467737878
118051652.8568803,1.3460451678248241e-06,0.0001346045167824824,373686.0185968914,4.2942680166529707e-10,0.6853774296059574,0.3314662226877219,5.128856209121483e-06,4.322511737176866e-05,832849.097675613
123052400.43592615,1.29134300768459e-06,0.000129134300768459,389515.6102002142,4.301267591401245e-10,0.663268255422617,0.3211047048819581,5.128856209121483e-06,4.505616247634589e-05,799002.80053588
128264983.05280624,1.2388638980002639e-06,0.00012388638980002638,406015.75397262553,4.308267166149519e-10,0.6418724270054951,0.3110575211229845,5.128856209121483e-06,4.696477188563427e-05,766531.988863163
133698374.18249454,1.1885174958435872e-06,0.00011885174958435871,423214.85495594185,4.315266740897793e-10,0.6211669616526245,0.30131564350008144,5.128856209121483e-06,4.895423127585758e-05,735380.7640679645
139361927.42241433,1.1402171297480217e-06,0.00011402171297480217,441142.521448701,4.3222663156460675e-10,0.601014350095241,0.2918354351454046,5.128856209121483e-06,5.102796550669959e-05,705495.4992331306
145265392.5946778,1.093879650503621e-06,0.00010938796505036208,459829.615976916,4.329265890394341e-10,0.5814655462669356,0.2826155035513605,5.128856209121483e-06,5.318954451720782e-05,676824.7467949894
151418932.5304352,1.0494252880154062e-06,0.00010494252880154061,479308.30842400924,4.3362654651426154e-10,0.5625543883391714,0.2736794626528045,5.128856209121483e-06,5.544268947145468e-05,649319.1499762113
157833140.56521195,1.00677751397897e-06,0.00010067775139789701,499612.1314113396,4.343265039890889e-10,0.544251666792342,0.26501712939022587,5.128856209121483e-06,5.7791279164529895e-05,622931.357818005
164519058.77536607,9.658629101367698e-07,9.658629101367697e-05,520776.03802470956,4.3502646146391627e-10,0.5264517307456792,0.2566009574983598,5.128856209121483e-06,6.023935669989766e-05,597615.943665301
171488196.98705408,9.266110418884006e-07,9.266110418884006e-05,542836.4619861968,4.3572641893874375e-10,0.5091930590891991,0.24841398436635098,5.128856209121483e-06,6.279113644961024e-05,573329.3269646413
178752552.59042317,8.889543370372593e-07,8.889543370372594e-05,565831.380374896,4.364263764135711e-10,0.49250259906805127,0.24048057361213587,5.128856209121483e-06,6.545101130935976e-05,550029.6982401531
186324631.19315597,8.528279694648021e-07,8.52827969464802e-05,589800.3790045758,4.3712633388839853e-10,0.47634557803770816,0.23279192953810332,5.128856209121483e-06,6.82235602608615e-05,527676.9471184061
194217468.14890286,8.181697475322327e-07,8.181697475322326e-05,614784.7205707479,4.3782629136322595e-10,0.460652492434354,0.22533064861007474,5.128856209121483e-06,7.111355625458137e-05,506232.5932783141
202444650.9976802,7.849200070174155e-07,7.849200070174154e-05,640827.4156845167,4.385262488380533e-10,0.4455489116360067,0.21818988185869043,5.128856209121483e-06,7.412597442638398e-05,485659.72020715004
211020342.85685965,7.53021508402748e-07,7.530215084027479e-05,667973.2969154689,4.3922620631288074e-10,0.430838232641918,0.21115941931650292,5.128856209121483e-06,7.726600066224316e-05,465922.91164866486
219959306.80300704,7.22419338337199e-07,7.22419338337199e-05,696269.0959710464,4.3992616378770816e-10,0.4165977696053216,0.20434768760056432,5.128856209121483e-06,8.053904052575678e-05,446988.19063392025
229276931.28656486,6.93060815102809e-07,6.93060815102809e-05,725763.5241453205,4.4062612126253553e-10,0.40278356816427235,0.19774337063727881,5.128856209121483e-06,8.395072856384067e-05,428822.96098983416
238989256.62310526,6.648953979229824e-07,6.648953979229824e-05,756507.3561756061,4.4132607873736295e-10,0.38939311527359416,0.19133330276641092,5.128856209121483e-06,8.750693800661505e-05,411395.95122478856
249113002.6067786,6.378745999564037e-07,6.378745999564038e-05,788553.517651308,4.420260362121903e-10,0.37644372168629586,0.18511431688609478,5.128856209121483e-06,9.121379087818617e-05,394677.160694671
259665597.29348725,6.119519048267968e-07,6.119519048267969e-05,821957.1761254809,4.427259936870178e-10,0.3639115935487272,0.17909001959482118,5.128856209121483e-06,9.507766853572882e-05,378637.8079566782
270665207.00332355,5.870826865448808e-07,5.870826865448808e-05,856775.8360858938,4.434259511618451e-10,0.3517674516620971,0.173253461065324,5.128856209121483e-06,9.910522265500696e-05,363250.2812219979
282130767.59394705,5.63224132684586e-07,5.632241326845861e-05,893069.4379491893,4.441259086366726e-10,0.3399975552921221,0.16759323663431813,5.128856209121483e-06,0.00010330338668125463,348488.0908220266
294082017.0587067,5.403351706813683e-07,5.403351706813683e-05,930900.4612484451,4.448258661115e-10,0.32861409633711963,0.16210357275264037,5.128856209121483e-06,0.00010767938776511762,334325.82360634557
306539529.5056523,5.183763971256679e-07,5.18376397125668e-05,970334.0321918691,4.455258235863273e-10,0.3175999858002499,0.15678445221170514,5.128856209121483e-06,0.00011224075920421394,320739.0991939088
319524750.57592136,4.973100099298284e-07,4.973100099298284e-05,1011438.0357777581,4.462257810611548e-10,0.30693509449793516,0.1516335139627116,5.128856209121483e-06,0.00011699535341172766,307704.52800214663
333060034.36245817,4.770997432517188e-07,4.770997432517188e-05,1054283.232658669,4.4692573853598216e-10,0.2966048668565454,0.14664322970647786,5.128856209121483e-06,0.00012195135543435542,295199.6709817486
347168681.8926559,4.5771080506296917e-07,4.577108050629692e-05,1098943.3809561115,4.476256960108096e-10,0.2866095649915894,0.14180491406885198,5.128856209121483e-06,0.00012711729704289063,283203.0009877668
361874981.2411284,4.391098172544168e-07,4.391098172544168e-05,1145495.3632353197,4.48325653485637e-10,0.27694378940440834,0.1371170916738542,5.128856209121483e-06,0.00013250207141968614,271693.8657205882
377204249.34169936,4.2126475817559374e-07,4.2126475817559374e-05,1194019.3188588081,4.490256109604644e-10,0.2675891234497974,0.1325782393766836,5.128856209121483e-06,0.00013811494846829305,260652.4521729412
393182875.570577,4.0414490750936594e-07,4.041449075093659e-05,1244598.781946513,4.4972556843529184e-10,0.2585317766356179,0.12818324768413372,5.128856209121483e-06,0.00014396559077162617,250059.75252174743
409838367.1757253,3.877207933868353e-07,3.8772079338683525e-05,1297320.8251799732,4.5042552591011915e-10,0.24976909881104764,0.12392555011473402,5.128856209121483e-06,0.0001500640702261227,239897.53140611018
427199396.63067764,3.7196414165142667e-07,3.7196414165142666e-05,1352276.2096982198,4.5112548338494657e-10,0.2412958709924688,0.11980098417671549,5.128856209121483e-06,0.0001564208853805435,230148.29453508434
445295850.994266,3.5684782718486095e-07,3.5684782718486094e-05,1409559.541343292,4.51825440859774e-10,0.2330990685399738,0.11580744654250194,5.128856209121483e-06,0.00016304697950924904,220795.25857121355
464158883.3612772,3.4234582721118707e-07,3.423458272111871e-05,1469269.4335244587,4.525253983346014e-10,0.22516674701786454,0.11194158115133576,5.128856209121483e-06,0.00016995375945107704,211822.3222379672
483820966.49259573,3.284331764984998e-07,3.2843317649849983e-05,1531508.676981482,4.5322535580942883e-10,0.21749321282068976,0.10819879626585766,5.128856209121483e-06,0.00017715311524624805,203214.0386013474
504315948.71713483,3.1508592438123405e-07,3.1508592438123404e-05,1596384.4167391206,4.539253132842562e-10,0.21007340554477674,0.10457494655626835,5.128856209121483e-06,0.00018465744060509778,194955.58847795572
525679112.20184195,3.0228109352902043e-07,3.022810935290204e-05,1664008.336557618,4.546252707590836e-10,0.2028986724171331,0.10106609783200605,5.128856209121483e-06,0.00019247965424388748,187032.75492372326
547947233.6900293,2.8999664039115814e-07,2.8999664039115813e-05,1734496.851196553,4.553252282339111e-10,0.19595903311455912,0.09766999439158398,5.128856209121483e-06,0.00020063322212440375,179431.89875940882
571158647.8126422,2.782114172485794e-07,2.7821141724857937e-05,1807971.3068231798,4.560251857087384e-10,0.189246767512389,0.09438400487454272,5.128856209121483e-06,0.0002091321806356499,172139.93509071282
595353313.081437,2.669051358079893e-07,2.6690513580798932e-05,1884558.1899102097,4.5672514318356583e-10,0.18275584511917853,0.09120310145759299,5.128856209121483e-06,0.00021799116075753113,165144.3107825934
620572880.6776487,2.560583322755256e-07,2.5605833227552557e-05,1964389.3449825468,4.574251006583932e-10,0.1764818597205106,0.0881241349407086,5.128856209121483e-06,0.00022722541324811745,158432.9828490179
646860766.1546321,2.4565233384977275e-07,2.4565233384977274e-05,2047602.2015880733,4.581250581332206e-10,0.17041687040965822,0.08514554357648169,5.128856209121483e-06,0.0002368508348978745,151994.39772092213
674262224.1778349,2.3566922657649472e-07,2.3566922657649472e-05,2134340.010882911,4.588250156080481e-10,0.1645515008246697,0.08226369797778385,5.128856209121483e-06,0.0002468839958960223,145817.47135671673
702824426.4308338,2.2609182450970963e-07,2.2609182450970964e-05,2224752.0922387065,4.5952497308287546e-10,0.15887978352084967,0.07947480982265666,5.128856209121483e-06,0.0002573421683561644,139891.57016107676
732596542.821523,2.1690364012603555e-07,2.1690364012603555e-05,2318994.090296352,4.602249305577029e-10,0.15339886477368717,0.07677728934795519,5.128856209121483e-06,0.0002682433560502805,134206.49267917758
763629826.1282258,2.080888559413799e-07,2.080888559413799e-05,2417228.2429086026,4.609248880325303e-10,0.14810291192583186,0.07416753298496959,5.128856209121483e-06,0.00027960632540226287,128752.45203486606
795977700.2314978,1.996322972810958e-07,1.9963229728109577e-05,2519623.660432998,4.616248455073576e-10,0.14298130118818575,0.07164270930763811,5.128856209121483e-06,0.0002914506377943671,123520.05908252562
829695852.0834914,1.9151940615673603e-07,1.9151940615673604e-05,2626356.6168558304,4.623248029821851e-10,0.1380311714113063,0.06920061291945565,5.128856209121483e-06,0.00030379668324218896,118500.30624363512
864842327.5731709,1.8373621620444237e-07,1.8373621620444238e-05,2737610.8532482204,4.6302476045701246e-10,0.13324739722303974,0.06683943607106362,5.128856209121483e-06,0.00031666571549612284,113684.55200020153
901477631.4524918,1.7626932864180743e-07,1.7626932864180743e-05,2853577.894076929,4.637247179318399e-10,0.1286267698165493,0.06455481147300782,5.128856209121483e-06,0.0003300798886297583,109064.50601836036
939664831.495471,1.6910588920183858e-07,1.691058892018386e-05,2974457.3769141934,4.644246754066673e-10,0.12415818204981954,0.06234569167358317,5.128856209121483e-06,0.00034406229517817104,104632.21487654603
979469667.0695386,1.6223356600430172e-07,1.622335660043017e-05,3100457.3961143508,4.6512463288149467e-10,0.11984201622102544,0.06020944456686305,5.128856209121483e-06,0.00035863700589178514,100380.04837365448
1020960662.3060476,1.5564052832635385e-07,1.5564052832635384e-05,3231794.86104888,4.658245903563221e-10,0.11567044389420625,0.05814394916068101,5.128856209121483e-06,0.0003738291111742406,96300.68639363002
1064209244.0647225,1.4931542623592665e-07,1.4931542623592663e-05,3368695.869516375,4.665245478311495e-10,0.11164178148391324,0.05614711519793652,5.128856209121483e-06,0.00038966476427557974,92387.10630386889
1109289864.8952227,1.432473710527829e-07,1.4324737105278289e-05,3511396.096970613,4.672245053059769e-10,0.10774758061162826,0.05421603720998773,5.128856209121483e-06,0.00040617122631514944,88632.57086573506
1156280131.2073777,1.3742591660362828e-07,1.3742591660362828e-05,3660141.202236398,4.679244627808043e-10,0.10398750047973622,0.052349904535066924,5.128856209121483e-06,0.00042337691321168124,85030.61663638853
1205260936.8708415,1.3184104123899425e-07,1.3184104123899425e-05,3815187.2504119202,4.686244202556317e-10,0.10035242283435186,0.05054468519275398,5.128856209121483e-06,0.0004413114446013755,81575.04284194988
1256316602.4741213,1.2648313058094012e-07,1.264831305809401e-05,3976801.1536855525,4.693243777304591e-10,0.09684291094508035,0.04880106377362307,5.128856209121483e-06,0.0004600056948281902,78259.90070285067
1309535020.482665,1.2134296097187945e-07,1.2134296097187946e-05,4145261.130825792,4.700243352052865e-10,0.09345157310182871,0.047114114338726844,5.128856209121483e-06,0.00047949184609409395,75079.48319299569
1365007806.5460138,1.164116835960241e-07,1.164116835960241e-05,4320857.186135759,4.70724292680114e-10,0.09017712018673353,0.04548501212853746,5.128856209121483e-06,0.0004998034438608293,72028.31521509928
1422830457.2143548,1.1168080924612799e-07,1.11680809246128e-05,4503891.608696255,4.714242501549413e-10,0.08701305012349758,0.04390911981128027,5.128856209121483e-06,0.0005209754545985017,69101.14417529324
1483102514.3361027,1.0714219370929237e-07,1.0714219370929238e-05,4694679.492757279,4.721242076297687e-10,0.08395797777861912,0.04238705896083831,5.128856209121483e-06,0.0005430443259804554,66292.93094077124
1545927736.4194787,1.0278802374668047e-07,1.0278802374668046e-05,4893549.280173678,4.728241651045961e-10,0.0810069610493246,0.04091562747188387,5.128856209121483e-06,0.000566048049628049,63598.84116490754
1611414277.2530167,9.861080364300834e-08,9.861080364300834e-06,5100843.325818554,4.735241225794234e-10,0.07815756381328601,0.03949399220545137,5.128856209121483e-06,0.0005900262265133191,61014.236964917945
1679674872.092653,9.46033423026478e-08,9.46033423026478e-06,5316918.486948267,4.74224080054251e-10,0.07540567364373918,0.03812038265494757,5.128856209121483e-06,0.0006150201351321772,58534.66893773006
1750827031.7357268,9.075874087013892e-08,9.075874087013892e-06,5542146.737532996,4.749240375290784e-10,0.07274813301071059,0.036792766960132846,5.128856209121483e-06,0.0006410728025654354,56155.86850032594
1824993244.8161504,8.707038085379068e-08,8.707038085379068e-06,5776915.80861099,4.756239950039057e-10,0.07018234156005766,0.035510697687250806,5.128856209121483e-06,0.0006682290785500455,53873.74054136415
1902301188.6689458,8.353191273192801e-08,8.353191273192802e-06,6021629.855768696,4.763239524787331e-10,0.06770456059121892,0.034271234694879846,5.128856209121483e-06,0.0006965357126880571,51684.356371433554
1982883949.1270673,8.013724502217684e-08,8.013724502217684e-06,6276710.154895459,4.770239099535604e-10,0.06531298348294955,0.033074695587946526,5.128856209121483e-06,0.0007260414349261539,49583.9469598062
2066880249.6290822,7.688053379495678e-08,7.688053379495678e-06,6542595.82741137,4.77723867428388e-10,0.06300272888679725,0.0319179614561893,5.128856209121483e-06,0.0007567970394444213,47568.89644603825
2154434690.0318866,7.375617261314406e-08,7.375617261314405e-06,6819744.596215719,4.784238249032154e-10,0.06077333489140728,0.0308012313913342,5.128856209121483e-06,0.0007375617261314405,45635.73591525873
2245697995.5397716,7.07587828805733e-08,7.07587828805733e-06,7108633.57365832,4.791237823780427e-10,0.05862026695018233,0.029722044425305988,5.128856209121483e-06,0.000707587828805733,43781.13742642215
2340827276.178294,6.788320458276912e-08,6.788320458276912e-06,7409760.082889777,4.798237398528701e-10,0.05654290027100257,0.028680012932253772,5.128856209121483e-06,0.0006788320458276912,42001.90828324865
2439986297.2595453,6.512448740396946e-08,6.512448740396945e-06,7723642.514004407,4.805236973276975e-10,0.05453618945913037,0.027673502078951546,5.128856209121483e-06,0.0006512448740396946,40294.985537990135
2543345761.304648,6.247788220514136e-08,6.247788220514135e-06,8050821.216450434,4.81223654802525e-10,0.052600144840874746,0.02670121374747567,5.128856209121483e-06,0.0006247788220514136,38657.430718555996
2651083601.9085417,5.993883284832724e-08,5.993883284832724e-06,8391859.429242799,4.819236122773524e-10,0.05073057836056555,0.025762380139989764,5.128856209121483e-06,0.0005993883284832724,37086.424769926736
2763385290.053167,5.750296835324042e-08,5.750296835324042e-06,8747344.250580728,4.826235697521797e-10,0.04892675824814901,0.024855599816580334,5.128856209121483e-06,0.0005750296835324042,35579.26320114263
2880444153.396298,5.516609537261013e-08,5.516609537261013e-06,9117887.648538938,4.833235272270071e-10,0.04718540058611397,0.023980167828594457,5.128856209121483e-06,0.0005516609537261013,34133.35142951496
3002461709.085543,5.292419097332445e-08,5.292419097332445e-06,9504127.514572134,4.840234847018345e-10,0.045505089518881194,0.023134753524066732,5.128856209121483e-06,0.0005292419097332445,32746.2003140458
3129648010.6707506,5.0773395710938474e-08,5.077339571093847e-06,9906728.761647087,4.84723442176662e-10,0.043882738466504326,0.022318453909442468,5.128856209121483e-06,0.0005077339571093848,31415.421870364145
3262222009.7116733,4.8710006985631816e-08,4.8710006985631814e-06,10326384.468891874,4.854233996514894e-10,0.042317453897733295,0.0215300406521833,5.128856209121483e-06,0.0004871000698563182,30138.72515980522
3400411932.7037024,4.673047266817231e-08,4.673047266817232e-06,10763817.074733559,4.861233571263168e-10,0.04080720154060029,0.020769058399559198,5.128856209121483e-06,0.0004673047266817232,28913.912345553053
3544455673.9704356,4.483138498491568e-08,4.483138498491568e-06,11219779.62057799,4.868233146011442e-10,0.03934937108020246,0.020034505207793884,5.128856209121483e-06,0.0004483138498491568,27738.874909058202
3694601205.1992946,4.300947465131512e-08,4.300947465131512e-06,11695057.047172338,4.875232720759715e-10,0.03794231422092262,0.01932487483092966,5.128856209121483e-06,0.0004300947465131513,26611.590020218155
3851107002.3255687,4.1261605243837835e-08,4.126160524383784e-06,12190467.54588305,4.88223229550799e-10,0.03658507421632574,0.018639980543174842,5.128856209121483e-06,0.00041261605243837833,25530.117055068946
4014242490.4993258,3.958476780060482e-08,3.958476780060482e-06,12706863.967214119,4.889231870256264e-10,0.035275916054389324,0.017978914915390193,5.128856209121483e-06,0.00039584767800604823,24492.594254996722
4184288507.901576,3.797607564145412e-08,3.7976075641454125e-06,13245135.288991723,4.896231445004538e-10,0.03401172446016036,0.017340650939109484,5.128856209121483e-06,0.00037976075641454123,23497.235521714712
4361537789.208006,3.6432759398512946e-08,3.6432759398512944e-06,13806208.146742065,4.903231019752812e-10,0.032792086899718874,0.01672465065114352,5.128856209121483e-06,0.0003643275939851295,22542.327342490113
4546295469.53239,3.495216224872454e-08,3.495216224872454e-06,14391048.428896505,4.910230594501086e-10,0.031615984890746913,0.016130051796671162,5.128856209121483e-06,0.00034952162248724544,21626.225840328007
4738879609.717651,3.3531735340118725e-08,3.3531735340118727e-06,15000662.93957162,4.917230169249361e-10,0.030481197929361162,0.015555905625561922,5.128856209121483e-06,0.0003353173534011873,20747.353944031827
4939621743.878325,3.216903340395766e-08,3.216903340395766e-06,15636101.131784728,4.924229743997634e-10,0.02938601560121983,0.015001978936496768,5.128856209121483e-06,0.0003216903340395766,19904.198673271807
5148867450.137486,3.0861710545198496e-08,3.0861710545198495e-06,16298456.91409027,4.931229318745908e-10,0.02832940304722322,0.014467434662392503,5.128856209121483e-06,0.000308617105451985,19095.308533984917
5366976945.540476,2.960751620402858e-08,2.960751620402858e-06,16988870.533746492,4.938228893494182e-10,0.02731045766299695,0.013951435312256791,5.128856209121483e-06,0.00029607516204028584,18319.29101962379
5594325706.169366,2.8404291281521363e-08,2.8404291281521366e-06,17708530.53965379,4.945228468242456e-10,0.0263277510890414,0.013453401376674017,5.128856209121483e-06,0.00028404291281521364,17574.81021395341
5831305113.526218,2.724996442274104e-08,2.724996442274104e-06,18458675.82844525,4.952228042990731e-10,0.025397635388020222,0.012991009715555266,5.128856209121483e-06,0.0002724996442274104,16860.584491267236
6078323128.297236,2.614254845090014e-08,2.6142548450900143e-06,19240597.777250126,4.959227617739005e-10,0.024482267943258945,0.01252699704439499,5.128856209121483e-06,0.0002614254845090014,16175.384310065527
6335804992.658241,2.5080136946429018e-08,2.508013694642902e-06,20055642.466803253,4.966227192487278e-10,0.02359952893554166,0.01207928072460311,5.128856209121483e-06,0.0002508013694642902,15518.03009639614
6604193962.330305,2.4060900965069206e-08,2.4060900965069206e-06,20905212.9987268,4.973226767235552e-10,0.022748586473430542,0.011647053369567773,5.128856209121483e-06,0.00024060900965069208,14887.390213214665
6883952069.64551,2.30830858893415e-08,2.30830858893415e-06,21790771.91097313,4.980226341983826e-10,0.021927618676150205,0.011229894717251969,5.128856209121483e-06,0.00023083085889341503,14282.379012268537
7175560918.936921,2.2145008407966984e-08,2.2145008407966982e-06,22713843.69558795,4.987225916732101e-10,0.021135246908218157,0.010827530231621006,5.128856209121483e-06,0.00022145008407966986,13701.954965150488
7479522515.621828,2.12450536180419e-08,2.12450536180419e-06,23676017.42312774,4.994225491480375e-10,0.020371120207726346,0.010439463084452571,5.128856209121483e-06,0.000212450536180419,13145.11887030445
7796360130.405221,2.038167224497853e-08,2.0381672244978533e-06,24678949.47824841,5.001225066228648e-10,0.019634726008091227,0.010064944050647751,5.128856209121483e-06,0.00020381672244978533,12610.912132897747
8126619200.091946,1.9553377975424214e-08,1.955337797542421e-06,25724366.411176603,5.008224640976923e-10,0.01892467279780123,0.009703431460606744,5.128856209121483e-06,0.00019553377975424215,12098.415114597115
8470868266.55742,1.8758744898569394e-08,1.8758744898569394e-06,26814067.90997,5.015224215725197e-10,0.018239214057876593,0.00935468943126599,5.128856209121483e-06,0.00018758744898569397,11606.745550409163
8829699955.494083,1.7996405051438208e-08,1.7996405051438209e-06,27949929.898685243,5.02222379047347e-10,0.0175780684934278,0.009018474120095236,5.128856209121483e-06,0.0001799640505143821,11135.057029858714
9203731996.618229,1.7265046063936228e-08,1.7265046063936229e-06,29133907.76678677,5.029223365221745e-10,0.016941031021880985,0.008694253481708476,5.128856209121483e-06,0.00017265046063936232,10682.537539890716
9593608287.093128,1.656340889960237e-08,1.6563408899602373e-06,30368039.735354125,5.036222939970018e-10,0.01632720105977312,0.008381224195348138,5.128856209121483e-06,0.00016563408899602377,10248.408066987937
10000000000.0,1.5890285688173745e-08,1.5890285688173743e-06,31654450.36588591,5.043222514718293e-10,0.015734772722008825,0.008079212726077359,5.128856209121483e-06,0.00015890285688173746,9831.921256096755
10423606739.764032,1.5244517646234086e-08,1.5244517646234085e-06,32995354.217737462,5.050222089466567e-10,0.015162994895128745,0.007788011014974816,5.128856209121483e-06,0.00015244517646234086,9432.360124053683
10865157746.525372,1.4624993082364944e-08,1.4624993082364944e-06,34393059.66049082,5.05722166421484e-10,0.014612083726194014,0.007507367541486868,5.128856209121483e-06,0.00014624993082364943,9049.03682529686
11325413151.528126,1.4030645483365596e-08,1.4030645483365595e-06,35849972.847819865,5.064221238963115e-10,0.014081599159758025,0.007236597066765772,5.128856209121483e-06,0.00014030645483365596,8681.291467737883
11805165285.68803,1.3460451678248251e-08,1.3460451678248252e-06,37368601.85968911,5.071220813711389e-10,0.013569761971470836,0.006975147212082463,5.128856209121483e-06,0.00013460451678248253,8328.490976756137
12305240043.592617,1.2913430076845904e-08,1.2913430076845903e-06,38951561.020021416,5.078220388459663e-10,0.013075476199071644,0.006722993002104475,5.128856209121483e-06,0.00012913430076845906,7990.028005358803
12826498305.280626,1.2388638980002644e-08,1.2388638980002645e-06,40601575.397262536,5.085219963207937e-10,0.012599193235420515,0.006479997964926076,5.128856209121483e-06,0.00012388638980002646,7665.319888631634
13369837418.249453,1.1885174958435875e-08,1.1885174958435874e-06,42321485.49559418,5.09221953795621e-10,0.012140705500994777,0.00624587246053713,5.128856209121483e-06,0.00011885174958435877,7353.807640679647
13936192742.241434,1.1402171297480214e-08,1.1402171297480215e-06,44114252.14487011,5.099219112704485e-10,0.011698882389289634,0.006019765880711185,5.128856209121483e-06,0.00011402171297480215,7054.954992331304
14526539259.467781,1.0938796505036207e-08,1.093879650503621e-06,45982961.597691596,5.106218687452759e-10,0.011271740861547927,0.0058015087581459925,5.128856209121483e-06,0.0001093879650503621,6768.247467949895
15141893253.04352,1.049425288015406e-08,1.049425288015406e-06,47930830.84240093,5.113218262201033e-10,0.010860145226659405,0.0055912000854909105,5.128856209121483e-06,0.0001049425288015406,6493.191499762112
15783314056.521196,1.0067775139789694e-08,1.0067775139789694e-06,49961213.141133994,5.120217836949307e-10,0.01046399434073405,0.005388645526833244,5.128856209121483e-06,0.00010067775139789696,6229.313578180047
16451905877.536608,9.658629101367702e-09,9.6586291013677e-07,52077603.80247093,5.127217411697581e-10,0.0100826740845698,0.005193408567343285,5.128856209121483e-06,9.658629101367704e-05,5976.159436653012
17148819698.70541,9.266110418884e-09,9.266110418884e-07,54283646.198619716,5.134216986445856e-10,0.009713869479681616,0.005004619608747832,5.128856209121483e-06,9.266110418884e-05,5733.29326964641
17875255259.042316,8.88954337037259e-09,8.88954337037259e-07,56583138.03748963,5.141216561194129e-10,0.009358327715916877,0.004822693219627986,5.128856209121483e-06,8.889543370372591e-05,5500.296982401528
18632463119.315598,8.528279694648024e-09,8.528279694648024e-07,58980037.90045755,5.148216135942403e-10,0.009016167421901727,0.004647495527225105,5.128856209121483e-06,8.528279694648024e-05,5276.769471184062
19421746814.890285,8.181697475322333e-09,8.181697475322334e-07,61478472.05707474,5.155215710690677e-10,0.008686871096057,0.00447877359164266,5.128856209121483e-06,8.181697475322335e-05,5062.325932783145
20244465099.768017,7.849200070174159e-09,7.849200070174159e-07,64082741.56845163,5.162215285438951e-10,0.008368888702670982,0.004315805639511801,5.128856209121483e-06,7.84920007017416e-05,4856.597202071503
21102034285.685966,7.530215084027474e-09,7.530215084027475e-07,66797329.69154693,5.169214860187226e-10,0.00806187120720276,0.004158490821291444,5.128856209121483e-06,7.530215084027474e-05,4659.229116486645
21995930680.3007,7.224193383371997e-09,7.224193383371996e-07,69626909.59710456,5.1762144349355e-10,0.00776643528169407,0.004007011244680587,5.128856209121483e-06,7.224193383371998e-05,4469.881906339207
22927693128.656487,6.930608151028091e-09,6.930608151028091e-07,72576352.41453202,5.183214009683774e-10,0.007482131942578082,0.0038611469462490394,5.128856209121483e-06,6.930608151028092e-05,4288.229609898343
23898925662.310524,6.648953979229828e-09,6.648953979229828e-07,75650735.61756057,5.190213584432047e-10,0.007208117385057061,0.003720604097685367,5.128856209121483e-06,6.648953979229828e-05,4113.959512247888
24911300260.67786,6.378745999564032e-09,6.378745999564032e-07,78855351.76513086,5.197213159180321e-10,0.006943096215155791,0.0035846679480547234,5.128856209121483e-06,6.378745999564032e-05,3946.771606946707
25966559729.348724,6.119519048267969e-09,6.11951904826797e-07,82195717.61254808,5.204212733928596e-10,0.006688087615471235,0.003453741388802274,5.128856209121483e-06,6.11951904826797e-05,3786.378079566782
27066520700.332355,5.8708268654488035e-09,5.870826865448803e-07,85677583.60858946,5.21121230867687e-10,0.00644271227019599,0.0033276855703922937,5.128856209121483e-06,5.870826865448805e-05,3632.502812219977
28213076759.394707,5.632241326845865e-09,5.632241326845865e-07,89306943.79491888,5.218211883425144e-10,0.006206412419283882,0.003206274676235154,5.128856209121483e-06,5.632241326845866e-05,3484.8809082202683
29408201705.870667,5.4033517068136845e-09,5.403351706813685e-07,93090046.12484448,5.225211458173418e-10,0.005977994235996508,0.0030891104364965728,5.128856209121483e-06,5.4033517068136845e-05,3343.258236063457
30653952950.565235,5.183763971256675e-09,5.183763971256675e-07,97033403.21918699,5.232211032921691e-10,0.005757953345733809,0.0029760119683484108,5.128856209121483e-06,5.183763971256675e-05,3207.3909919390853
31952475057.592136,4.973100099298283e-09,4.973100099298283e-07,101143803.57777582,5.239210607669967e-10,0.005546239735229933,0.0028671217622409876,5.128856209121483e-06,4.973100099298284e-05,3077.045280021466
33306003436.24582,4.7709974325171856e-09,4.770997432517186e-07,105428323.26586692,5.24621018241824e-10,0.005342407516353498,0.0027622593846164958,5.128856209121483e-06,4.770997432517185e-05,2951.9967098174848
34716868189.265594,4.57710805062969e-09,4.5771080506296906e-07,109894338.09561118,5.253209757166514e-10,0.005145711507383811,0.0026611955467074717,5.128856209121483e-06,4.5771080506296914e-05,2832.030009877667
36187498124.11284,4.391098172544166e-09,4.3910981725441655e-07,114549536.32353202,5.260209331914788e-10,0.0049559328210714215,0.0025636672255019027,5.128856209121483e-06,4.391098172544166e-05,2716.9386572058806
37720424934.16994,4.212647581755938e-09,4.212647581755938e-07,119401931.88588081,5.267208906663061e-10,0.004773298293338452,0.0024696271044563536,5.128856209121483e-06,4.212647581755939e-05,2606.5245217294123
39318287557.0577,4.041449075093662e-09,4.0414490750936615e-07,124459878.19465122,5.274208481411337e-10,0.004597495259265889,0.002379068098523389,5.128856209121483e-06,4.0414490750936616e-05,2500.597525217476
40983836717.572525,3.877207933868354e-09,3.8772079338683545e-07,129732082.51799728,5.28120805615961e-10,0.004428045709318903,0.0022918353520939797,5.128856209121483e-06,3.8772079338683546e-05,2398.975314061103
42719939663.067764,3.719641416514268e-09,3.7196414165142677e-07,135227620.96982193,5.288207630907884e-10,0.004264552649144158,0.002207754749128179,5.128856209121483e-06,3.719641416514268e-05,2301.482945350844
44529585099.4266,3.5684782718486085e-09,3.5684782718486084e-07,140955954.13432926,5.295207205656158e-10,0.004107058812327439,0.002126652308072596,5.128856209121483e-06,3.568478271848608e-05,2207.9525857121344
46415888336.12772,3.4234582721118728e-09,3.423458272111873e-07,146926943.35244578,5.302206780404431e-10,0.003955473067010655,0.002048488851638508,5.128856209121483e-06,3.4234582721118725e-05,2118.223222379673
48382096649.25957,3.284331764984996e-09,3.284331764984996e-07,153150867.69814828,5.309206355152707e-10,0.003809477745743598,0.001973213165234245,5.128856209121483e-06,3.284331764984996e-05,2032.1403860134726
50431594871.713486,3.1508592438123393e-09,3.150859243812339e-07,159638441.67391214,5.31620592990098e-10,0.003668693344691469,0.0019006947244902424,5.128856209121483e-06,3.150859243812339e-05,1949.5558847795564
52567911220.18419,3.022810935290203e-09,3.0228109352902033e-07,166400833.65576184,5.323205504649254e-10,0.003532985616444224,0.00183079760771734,5.128856209121483e-06,3.0228109352902035e-05,1870.3275492372318
54794723369.00292,2.8999664039115845e-09,2.8999664039115846e-07,173449685.11965516,5.330205079397528e-10,0.0034023209110403455,0.0017634017335990092,5.128856209121483e-06,2.899966403911585e-05,1794.3189875940905
57115864781.26423,2.7821141724857933e-09,2.782114172485793e-07,180797130.68231803,5.337204654145802e-10,0.003276521149681854,0.0016984603483321903,5.128856209121483e-06,2.7821141724857937e-05,1721.3993509071277
59535331308.1437,2.669051358079895e-09,2.6690513580798947e-07,188455818.99102086,5.344204228894077e-10,0.0031553173999665455,0.0016359152117104282,5.128856209121483e-06,2.6690513580798952e-05,1651.4431078259352
62057288067.76488,2.5605833227552552e-09,2.5605833227552554e-07,196438934.49825472,5.351203803642351e-10,0.003038458449827327,0.001575661655127529,5.128856209121483e-06,2.5605833227552554e-05,1584.3298284901787
64686076615.4632,2.456523338497727e-09,2.4565233384977275e-07,204760220.1588073,5.358203378390625e-10,0.0029258609388366184,0.0015175832726930121,5.128856209121483e-06,2.4565233384977278e-05,1519.9439772092214
67426222417.78349,2.356692265764948e-09,2.3566922657649477e-07,213434001.0882911,5.365202953138899e-10,0.0028174687459074717,0.0014615949012217822,5.128856209121483e-06,2.356692265764948e-05,1458.1747135671674
70282442643.08339,2.260918245097095e-09,2.260918245097095e-07,222475209.2238708,5.372202527887172e-10,0.0027130806615498055,0.001407656854418964,5.128856209121483e-06,2.2609182450970954e-05,1398.915701610767
73259654282.1523,2.169036401260355e-09,2.169036401260355e-07,231899409.0296352,5.379202102635446e-10,0.002612492271744031,0.001355707293873998,5.128856209121483e-06,2.1690364012603552e-05,1342.0649267917756
76362982612.82257,2.0808885594138e-09,2.0808885594137998e-07,241722824.29086015,5.386201677383721e-10,0.002515565209179059,0.0013056619473221442,5.128856209121483e-06,2.0808885594138002e-05,1287.524520348661
79597770023.14977,1.9963229728109593e-09,1.9963229728109592e-07,251962366.04329962,5.393201252131994e-10,0.0024222067569873214,0.001257440027287731,5.128856209121483e-06,1.9963229728109594e-05,1235.200590825257
82969585208.34915,1.915194061567361e-09,1.9151940615673611e-07,262635661.68558297,5.400200826880268e-10,0.0023323219999299856,0.0012109632493810482,5.128856209121483e-06,1.915194061567361e-05,1185.0030624363515
86484232757.31708,1.8373621620444253e-09,1.8373621620444253e-07,273761085.3248218,5.407200401628542e-10,0.0022457590786313904,0.0011661907144987847,5.128856209121483e-06,1.837362162044425e-05,1136.8455200020162
90147763145.24918,1.762693286418073e-09,1.7626932864180732e-07,285357789.4076931,5.414199976376816e-10,0.0021623242155520295,0.001123065938158515,5.128856209121483e-06,1.7626932864180733e-05,1090.645060183603
93966483149.54709,1.6910588920183856e-09,1.6910588920183855e-07,297445737.69141936,5.421199551125091e-10,0.002081953059808392,0.0010815186697115619,5.128856209121483e-06,1.691058892018386e-05,1046.3221487654603
97946966706.95386,1.6223356600430183e-09,1.6223356600430182e-07,310045739.6114349,5.428199125873364e-10,0.002004576310711695,0.001041494810251712,5.128856209121483e-06,1.622335660043018e-05,1003.8004837365454
102096066230.60475,1.5564052832635382e-09,1.5564052832635382e-07,323179486.104888,5.435198700621638e-10,0.00193004543271978,0.0010029296353239639,5.128856209121483e-06,1.5564052832635384e-05,963.0068639363002
106420924406.47224,1.493154262359268e-09,1.493154262359268e-07,336869586.95163715,5.442198275369911e-10,0.001858260551883011,0.0009657746652579536,5.128856209121483e-06,1.4931542623592684e-05,923.8710630386901
110928986489.52228,1.4324737105278298e-09,1.4324737105278297e-07,351139609.69706106,5.449197850118185e-10,0.0017891321275315928,0.0009299981350423919,5.128856209121483e-06,1.4324737105278299e-05,886.3257086573511
115628013120.73776,1.3742591660362833e-09,1.3742591660362833e-07,366014120.22363967,5.456197424866461e-10,0.0017225186472079592,0.0008955293716963698,5.128856209121483e-06,1.3742591660362834e-05,850.3061663638856
120526093687.08414,1.3184104123899425e-09,1.3184104123899425e-07,381518725.041192,5.463196999614735e-10,0.0016583821173678,0.0008623211356318704,5.128856209121483e-06,1.3184104123899427e-05,815.7504284194989
125631660247.41214,1.2648313058094016e-09,1.2648313058094017e-07,397680115.36855507,5.470196574363009e-10,0.0015966377579420233,0.0008303395947778174,5.128856209121483e-06,1.2648313058094018e-05,782.5990070285071
130953502048.2665,1.2134296097187943e-09,1.2134296097187943e-07,414526113.0825793,5.477196149111282e-10,0.0015371523676879699,0.000799522488516535,5.128856209121483e-06,1.2134296097187944e-05,750.7948319299568
136500780654.60138,1.1641168359602402e-09,1.1641168359602402e-07,432085718.6135762,5.484195723859556e-10,0.00147985413577876,0.0007698426047857801,5.128856209121483e-06,1.1641168359602404e-05,720.2831521509924
142283045721.4355,1.1168080924612796e-09,1.1168080924612796e-07,450389160.8696256,5.491195298607831e-10,0.0014246785249818125,0.000741263490703762,5.128856209121483e-06,1.11680809246128e-05,691.0114417529325
148310251433.6103,1.0714219370929248e-09,1.0714219370929247e-07,469467949.27572757,5.498194873356104e-10,0.0013715577230577882,0.0007137233471598585,5.128856209121483e-06,1.0714219370929248e-05,662.929309407713
154592773641.94785,1.0278802374668047e-09,1.0278802374668047e-07,489354928.0173677,5.505194448104378e-10,0.0013203873196426473,0.0006872047223274867,5.128856209121483e-06,1.0278802374668047e-05,635.9884116490755
161141427725.30164,9.86108036430083e-10,9.86108036430083e-08,510084332.58185554,5.512194022852652e-10,0.0012711312696469818,0.0006616564760073192,5.128856209121483e-06,9.861080364300832e-06,610.1423696491793
167967487209.26532,9.460334230264775e-10,9.460334230264774e-08,531691848.69482684,5.519193597600927e-10,0.0012236656271650877,0.0006370463346878772,5.128856209121483e-06,9.460334230264776e-06,585.3466893773003
175082703173.5727,9.075874087013898e-10,9.075874087013898e-08,554214673.7532992,5.526193172349202e-10,0.0011779688353482688,0.0006133545951390757,5.128856209121483e-06,9.0758740870139e-06,561.5586850032599
182499324481.61505,8.707038085379063e-10,8.707038085379063e-08,577691580.8610994,5.533192747097475e-10,0.001133975244048853,0.0005905241156944289,5.128856209121483e-06,8.707038085379063e-06,538.7374054136412
190230118866.89456,8.3531912731928e-10,8.353191273192801e-08,602162985.5768698,5.540192321845749e-10,0.0010916016092381662,0.0005685475951542537,5.128856209121483e-06,8.3531912731928e-06,516.8435637143356
198288394912.70676,8.013724502217681e-10,8.013724502217682e-08,627671015.4895462,5.547191896594022e-10,0.001050816054262872,0.0005473722634760867,5.128856209121483e-06,8.013724502217681e-06,495.8394695980617
206688024962.9082,7.688053379495679e-10,7.688053379495679e-08,654259582.7411368,5.554191471342296e-10,0.0010115142000705361,0.0005269816844940519,5.128856209121483e-06,7.68805337949568e-06,475.68896446038264
215443469003.18866,7.375617261314404e-10,7.375617261314405e-08,681974459.621572,5.561191046090571e-10,0.0009737043504199542,0.0005073517370371318,5.128856209121483e-06,7.375617261314405e-06,456.35735915258726
224569799553.97717,7.075878288057332e-10,7.075878288057332e-08,710863357.365832,5.568190620838845e-10,0.0009372649447340625,0.0004884348725196511,5.128856209121483e-06,7.075878288057333e-06,437.81137426422157
234082727617.8294,6.788320458276918e-10,6.788320458276919e-08,740976008.288977,5.575190195587119e-10,0.0009022088102349645,0.0004702321960545477,5.128856209121483e-06,6.78832045827692e-06,420.019082832487
243998629725.95453,6.512448740396951e-10,6.512448740396952e-08,772364251.40044,5.582189770335392e-10,0.0008684280627216076,0.0004526847398021459,5.128856209121483e-06,6.5124487403969526e-06,402.9498553799018
254334576130.4648,6.247788220514137e-10,6.247788220514137e-08,805082121.6450431,5.589189345083667e-10,0.0008367910222809274,0.0004366795550473881,5.128856209121483e-06,6.247788220514139e-06,386.57430718556014
265108360190.8542,5.993883284832726e-10,5.993883284832726e-08,839185942.9242797,5.596188919831942e-10,0.0008054605932627371,0.0004203882062194073,5.128856209121483e-06,5.993883284832726e-06,370.8642476992674
276338529005.3167,5.750296835324042e-10,5.7502968353240425e-08,874734425.0580724,5.603188494580215e-10,0.0007752875114330924,0.00040469733132575864,5.128856209121483e-06,5.750296835324043e-06,355.7926320114263
288044415339.62976,5.516609537261011e-10,5.5166095372610104e-08,911788764.8538945,5.610188069328489e-10,0.0007462553520749829,0.00038959740635341065,5.128856209121483e-06,5.516609537261011e-06,341.33351429514937
300246170908.5543,5.292419097332444e-10,5.292419097332445e-08,950412751.4572133,5.617187644076763e-10,0.0007182725513075881,0.0003750402993302196,5.128856209121483e-06,5.292419097332445e-06,327.4620031404581
312964801067.0751,5.077339571093848e-10,5.077339571093848e-08,990672876.1647085,5.624187218825037e-10,0.0006913633327556801,0.000361036577045425,5.128856209121483e-06,5.077339571093849e-06,314.1542187036415
326222200971.1673,4.871000698563177e-10,4.8710006985631776e-08,1032638446.8891882,5.631186793573312e-10,0.0006654234088315826,0.0003475410401303679,5.128856209121483e-06,4.871000698563177e-06,301.38725159805193
340041193270.37024,4.673047266817231e-10,4.6730472668172306e-08,1076381707.473356,5.638186368321585e-10,0.0006404771439946965,0.0003345527823662527,5.128856209121483e-06,4.673047266817231e-06,289.13912345553047
354445567397.0435,4.4831384984915686e-10,4.4831384984915686e-08,1121977962.0577989,5.645185943069859e-10,0.0006164389931293063,0.00032204624474104854,5.128856209121483e-06,4.483138498491569e-06,277.3887490905821
369460120519.9295,4.3009474651315126e-10,4.300947465131513e-08,1169505704.7172337,5.652185517818132e-10,0.0005933071204751009,0.00030999835449246595,5.128856209121483e-06,4.300947465131513e-06,266.11590020218154
385110700232.5569,4.126160524383785e-10,4.1261605243837855e-08,1219046754.5883045,5.659185092566407e-10,0.0005710371291345152,0.0002984044725210521,5.128856209121483e-06,4.1261605243837855e-06,255.30117055068962
401424249049.9326,3.9584767800604814e-10,3.958476780060481e-08,1270686396.721412,5.666184667314681e-10,0.0005495927609219354,0.0002872343745265924,5.128856209121483e-06,3.958476780060482e-06,244.9259425499672
418428850790.1576,3.79760756414541e-10,3.79760756414541e-08,1324513528.8991733,5.673184242062956e-10,0.0005289602118165165,0.00027648483471532953,5.128856209121483e-06,3.7976075641454108e-06,234.97235521714697
436153778920.80054,3.6432759398512984e-10,3.643275939851298e-08,1380620814.6742053,5.68018381681123e-10,0.0005090788839705211,0.0002661334653403956,5.128856209121483e-06,3.643275939851298e-06,225.4232734249013
454629546953.239,3.4952162248724543e-10,3.495216224872454e-08,1439104842.8896503,5.687183391559503e-10,0.0004899514997176436,0.00025616320971139165,5.128856209121483e-06,3.4952162248724545e-06,216.26225840328007
473887960971.7651,3.353173534011871e-10,3.353173534011871e-08,1500066293.9571629,5.694182966307777e-10,0.0004715339115103894,0.00024656702322811935,5.128856209121483e-06,3.353173534011871e-06,207.4735394403182
493962174387.8326,3.216903340395766e-10,3.216903340395766e-08,1563610113.1784728,5.701182541056051e-10,0.0004538054007413793,0.00023732542744864566,5.128856209121483e-06,3.2169033403957663e-06,199.04198673271807
514886745013.7487,3.086171054519848e-10,3.086171054519848e-08,1629845691.4090276,5.708182115804325e-10,0.0004367400166072356,0.00022842931062519876,5.128856209121483e-06,3.0861710545198483e-06,190.95308533984908
536697694554.0476,2.9607516204028583e-10,2.9607516204028582e-08,1698887053.374649,5.715181690552599e-10,0.0004203082465086749,0.00021986562115275412,5.128856209121483e-06,2.960751620402859e-06,183.19291019623793
559432570616.9366,2.840429128152136e-10,2.840429128152136e-08,1770853053.9653792,5.722181265300874e-10,0.0004044924852008139,0.00021161695135318376,5.128856209121483e-06,2.840429128152136e-06,175.7481021395341
583130511352.6218,2.7249964422741037e-10,2.724996442274104e-08,1845867582.8445249,5.729180840049148e-10,0.0003892715122998029,0.00020367759900470338,5.128856209121483e-06,2.7249964422741043e-06,168.60584491267238
607832312829.7236,2.6142548450900145e-10,2.6142548450900145e-08,1924059777.7250123,5.736180414797422e-10,0.0003746195740569866,0.00019603418632826373,5.128856209121483e-06,2.6142548450900147e-06,161.75384310065533
633580499265.8241,2.5080136946429023e-10,2.508013694642902e-08,2005564246.6803246,5.743179989545696e-10,0.0003605083523602933,0.00018867487888059163,5.128856209121483e-06,2.5080136946429025e-06,155.18030096396143
660419396233.0305,2.4060900965069206e-10,2.4060900965069206e-08,2090521299.8726804,5.75017956429397e-10,0.00034692979036106837,0.00018159233958373226,5.128856209121483e-06,2.4060900965069206e-06,148.87390213214664
688395206964.5482,2.3083085889341574e-10,2.3083085889341574e-08,2179077191.097306,5.757179139042243e-10,0.00033386130897130044,0.00017477082283150555,5.128856209121483e-06,2.3083085889341573e-06,142.8237901226858
717556091893.6921,2.2145008407966984e-10,2.2145008407966984e-08,2271384369.558795,5.764178713790517e-10,0.00032128021700304467,0.00016820345913811911,5.128856209121483e-06,2.2145008407966987e-06,137.01954965150486
747952251562.1829,2.1245053618041903e-10,2.12450536180419e-08,2367601742.3127737,5.771178288538791e-10,0.000309172668620356,0.0001618829691640243,5.128856209121483e-06,2.1245053618041905e-06,131.45118870304452
779636013040.5221,2.0381672244978551e-10,2.038167224497855e-08,2467894947.824838,5.778177863287066e-10,0.00029751285001162255,0.00015579798296583695,5.128856209121483e-06,2.038167224497855e-06,126.10912132897758
812661920009.1946,1.955337797542421e-10,1.955337797542421e-08,2572436641.1176605,5.785177438035341e-10,0.0002862905775372984,0.0001499409300824889,5.128856209121483e-06,1.955337797542421e-06,120.98415114597114
847086826655.742,1.8758744898569403e-10,1.8758744898569404e-08,2681406790.9969983,5.792177012783615e-10,0.0002754953730450464,0.00014430103744430737,5.128856209121483e-06,1.8758744898569405e-06,116.06745550409168
882969995549.4082,1.7996405051438207e-10,1.7996405051438208e-08,2794992989.8685246,5.799176587531888e-10,0.0002651019885226261,0.00013887075333314768,5.128856209121483e-06,1.799640505143821e-06,111.35057029858712
920373199661.823,1.726504606393621e-10,1.7265046063936208e-08,2913390776.67868,5.806176162280162e-10,0.00025509556601694577,0.00013364498814202115,5.128856209121483e-06,1.726504606393621e-06,106.82537539890704
959360828709.3126,1.6563408899602387e-10,1.6563408899602388e-08,3036803973.5354104,5.813175737028436e-10,0.0002454636155805632,0.00012861563991419555,5.128856209121483e-06,1.6563408899602386e-06,102.48408066987943
1000000000000.0,1.5890285688173734e-10,1.5890285688173735e-08,3165445036.588593,5.82017531177671e-10,0.0002361959124117043,0.000123774537718882,5.128856209121483e-06,1.5890285688173735e-06,98.31921256096747
1042360673976.4032,1.5244517646234095e-10,1.5244517646234096e-08,3299535421.773744,5.827174886524984e-10,0.00022728071981342892,0.0001191128905801092,5.128856209121483e-06,1.5244517646234096e-06,94.3236012405369
1086515774652.5417,1.462499308236487e-10,1.462499308236487e-08,3439305966.0490985,5.834174461273258e-10,0.00021869759227983158,0.0001146247813688065,5.128856209121483e-06,1.4624993082364872e-06,90.49036825296817
1132541315152.808,1.4030645483365642e-10,1.403064548336564e-08,3584997284.781975,5.841174036021531e-10,0.00021043078688635838,0.00011030586750945497,5.128856209121483e-06,1.4030645483365642e-06,86.81291467737913
1180516528568.803,1.3460451678248246e-10,1.3460451678248246e-08,3736860185.9689126,5.848173610769806e-10,0.0002024751644623085,0.00010615008619238021,5.128856209121483e-06,1.3460451678248248e-06,83.28490976756135
1230524004359.2617,1.2913430076845893e-10,1.2913430076845892e-08,3895156102.0021443,5.855173185518081e-10,0.00019482287388449757,0.00010214940660877359,5.128856209121483e-06,1.2913430076845895e-06,79.90028005358796
1282649830528.0625,1.238863898000264e-10,1.238863898000264e-08,4060157539.726255,5.862172760266355e-10,0.0001874610516725121,9.829678945611343e-05,5.128856209121483e-06,1.2388638980002643e-06,76.65319888631632
1336983741824.9507,1.1885174958435826e-10,1.1885174958435825e-08,4232148549.5594354,5.869172335014629e-10,0.00018037156156418927,9.458831576168723e-05,5.128856209121483e-06,1.1885174958435827e-06,73.53807640679618
1393619274224.1377,1.1402171297480269e-10,1.1402171297480269e-08,4411425214.48699,5.876171909762902e-10,0.00017354527714532282,9.102032164409052e-05,5.128856209121483e-06,1.140217129748027e-06,70.54954992331338
1452653925946.7783,1.0938796505036202e-10,1.09387965050362e-08,4598296159.769163,5.883171484511177e-10,0.00016697800382004324,8.758773127568508e-05,5.128856209121483e-06,1.0938796505036203e-06,67.68247467949891
1514189325304.3518,1.0494252880154074e-10,1.0494252880154075e-08,4793083084.240086,5.890171059259451e-10,0.00016066266940934152,8.428291446903097e-05,5.128856209121483e-06,1.0494252880154074e-06,64.9319149976212
1578331405652.1199,1.0067775139789692e-10,1.0067775139789691e-08,4996121314.113401,5.897170634007725e-10,0.00015458564725666696,8.110004989503513e-05,5.128856209121483e-06,1.0067775139789692e-06,62.29313578180045
1645190587753.6675,9.658629101367668e-11,9.658629101367669e-09,5207760380.247111,5.904170208755998e-10,0.00014873082031650363,7.803643851992888e-05,5.128856209121483e-06,9.658629101367669e-07,59.7615943665299
1714881969870.5337,9.266110418884045e-11,9.266110418884044e-09,5428364619.861946,5.911169783504271e-10,0.0001430945878032509,7.508920602276708e-05,5.128856209121483e-06,9.266110418884044e-07,57.33293269646438
1787525525904.2317,8.889543370372591e-11,8.889543370372591e-09,5658313803.748961,5.918169358252545e-10,0.00013767476273582858,7.225456529127801e-05,5.128856209121483e-06,8.889543370372592e-07,55.002969824015295
1863246311931.5598,8.528279694648028e-11,8.528279694648029e-09,5898003790.045753,5.925168933000821e-10,0.00013246458891065714,6.952509032920718e-05,5.128856209121483e-06,8.528279694648029e-07,52.767694711840655
1942174681489.0283,8.181697475322336e-11,8.181697475322335e-09,6147847205.707472,5.932168507749095e-10,0.0001274474369072264,6.689590616900634e-05,5.128856209121483e-06,8.181697475322336e-07,50.623259327831455
2024446509976.81,7.84920007017412e-11,7.849200070174121e-09,6408274156.845194,5.939168082497369e-10,0.00012261259711631684,6.436556109722895e-05,5.128856209121483e-06,7.849200070174122e-07,48.565972020714796
2110203428568.588,7.530215084027508e-11,7.530215084027507e-09,6679732969.154665,5.946167657245642e-10,0.00011796161241027396,6.193191146438364e-05,5.128856209121483e-06,7.530215084027506e-07,46.59229116486665
2199593068030.0703,7.22419338337199e-11,7.224193383371991e-09,6962690959.710463,5.953167231993916e-10,0.00011349125076984916,5.959185992625615e-05,5.128856209121483e-06,7.224193383371992e-07,44.69881906339203
2292769312865.649,6.930608151028093e-11,6.930608151028093e-09,7257635241.453201,5.960166806742191e-10,0.00010919410588718206,5.733859851901287e-05,5.128856209121483e-06,6.930608151028093e-07,42.882296098983446
2389892566231.0522,6.64895397922983e-11,6.64895397922983e-09,7565073561.756055,5.967166381490465e-10,0.00010505029773445966,5.516697588653011e-05,5.128856209121483e-06,6.648953979229831e-07,41.13959512247889
2491130026067.7964,6.37874599956401e-11,6.378745999564009e-09,7885535176.513114,5.974165956238739e-10,0.00010105960157574784,5.307760934638657e-05,5.128856209121483e-06,6.378745999564009e-07,39.46771606946693
2596655972934.8613,6.119519048267994e-11,6.119519048267994e-09,8219571761.254774,5.981165530987012e-10,9.72237822056624e-05,5.106868913249715e-05,5.128856209121483e-06,6.119519048267995e-07,37.86378079566798
2706652070033.236,5.870826865448805e-11,5.870826865448805e-09,8567758360.858944,5.988165105735287e-10,9.353747962872069e-05,4.9137263095724806e-05,5.128856209121483e-06,5.870826865448805e-07,36.325028122199775
2821307675939.4707,5.632241326845864e-11,5.6322413268458635e-09,8930694379.49189,5.995164680483562e-10,8.999248448132645e-05,4.7277212842690326e-05,5.128856209121483e-06,5.632241326845865e-07,34.84880908220268
2940820170587.0664,5.403351706813685e-11,5.403351706813685e-09,9309004612.484446,6.002164255231836e-10,8.656965856760982e-05,4.548384200061574e-05,5.128856209121483e-06,5.403351706813686e-07,33.432582360634576
3065395295056.536,5.183763971256654e-11,5.183763971256654e-09,9703340321.91874,6.00916382998011e-10,8.32787369241111e-05,4.375943322383556e-05,5.128856209121483e-06,5.183763971256654e-07,32.073909919390715
3195247505759.2007,4.973100099298307e-11,4.9731000992983066e-09,10114380357.777534,6.016163404728382e-10,8.011627589214054e-05,4.2101655533657876e-05,5.128856209121483e-06,4.973100099298307e-07,30.770452800214805
3330600343624.582,4.770997432517186e-11,4.7709974325171856e-09,10542832326.586693,6.023162979476656e-10,7.707712730755518e-05,4.050788716373302e-05,5.128856209121483e-06,4.770997432517186e-07,29.51996709817485
3471686818926.559,4.5771080506296926e-11,4.577108050629692e-09,10989433809.561113,6.030162554224931e-10,7.414952427605074e-05,3.897238281232966e-05,5.128856209121483e-06,4.5771080506296927e-07,28.320300098776677
3618749812411.284,4.39109817254417e-11,4.39109817254417e-09,11454953632.353191,6.037162128973205e-10,7.132645715445679e-05,3.7492428048508354e-05,5.128856209121483e-06,4.391098172544171e-07,27.169386572058833
3772042493417.009,4.2126475817559185e-11,4.212647581755919e-09,11940193188.588135,6.044161703721479e-10,6.861373834696593e-05,3.6069746404068e-05,5.128856209121483e-06,4.212647581755919e-07,26.065245217294006
3931828755705.754,4.0414490750936745e-11,4.041449075093675e-09,12445987819.465084,6.051161278469752e-10,6.600693834977466e-05,3.4702079018486396e-05,5.128856209121483e-06,4.041449075093675e-07,25.005975252174842
4098383671757.253,3.877207933868357e-11,3.877207933868357e-09,12973208251.79972,6.058160853218027e-10,6.350162848074183e-05,3.338721494770593e-05,5.128856209121483e-06,3.8772079338683566e-07,23.989753140611043
4271993966306.777,3.7196414165142676e-11,3.7196414165142674e-09,13522762096.982197,6.065160427966302e-10,6.108354491779102e-05,3.2119783530602225e-05,5.128856209121483e-06,3.719641416514267e-07,23.014829453508437
4452958509942.66,3.56847827184861e-11,3.56847827184861e-09,14095595413.432919,6.072160002714576e-10,5.875677752090443e-05,3.089893907166155e-05,5.128856209121483e-06,3.5684782718486105e-07,22.079525857121357
4641588833612.791,3.423458272111858e-11,3.4234582721118583e-09,14692694335.24464,6.07915957746285e-10,5.652097974323032e-05,2.9725371863462628e-05,5.128856209121483e-06,3.423458272111858e-07,21.182232223796643
4838209664925.9375,3.2843317649850093e-11,3.2843317649850093e-09,15315086769.814766,6.086159152211123e-10,5.4372437975108573e-05,2.859718657944863e-05,5.128856209121483e-06,3.28433176498501e-07,20.321403860134808
5043159487171.348,3.150859243812341e-11,3.150859243812341e-09,15963844167.391205,6.093158726959397e-10,5.230520892629485e-05,2.7512135648828704e-05,5.128856209121483e-06,3.150859243812341e-07,19.49555884779557
5256791122018.419,3.0228109352902045e-11,3.0228109352902043e-09,16640083365.576178,6.100158301707672e-10,5.031094071365377e-05,2.646672160176807e-05,5.128856209121483e-06,3.022810935290205e-07,18.703275492372327
5479472336900.292,2.8999664039115843e-11,2.8999664039115845e-09,17344968511.965515,6.107157876455946e-10,4.8393537734420044e-05,2.545989082088105e-05,5.128856209121483e-06,2.8999664039115846e-07,17.943189875940902
5711586478126.446,2.782114172485781e-11,2.782114172485781e-09,18079713068.23188,6.114157451204221e-10,4.655109798690246e-05,2.44920122678241e-05,5.128856209121483e-06,2.7821141724857813e-07,17.2139935090712
5953533130814.346,2.669051358079906e-11,2.669051358079906e-09,18845581899.102005,6.121157025952492e-10,4.477993926258006e-05,2.3561469719507248e-05,5.128856209121483e-06,2.669051358079906e-07,16.514431078259424
6205728806776.487,2.560583322755255e-11,2.560583322755255e-09,19643893449.825474,6.128156600700767e-10,4.3074550987017724e-05,2.2666347278747967e-05,5.128856209121483e-06,2.5605833227552554e-07,15.843298284901788
6468607661546.321,2.4565233384977257e-11,2.4565233384977255e-09,20476022015.88075,6.135156175449042e-10,4.143112548747439e-05,2.1804471913981952e-05,5.128856209121483e-06,2.4565233384977254e-07,15.199439772092202
6742622241778.349,2.356692265764945e-11,2.356692265764945e-09,21343400108.829132,6.142155750197316e-10,3.985130874852097e-05,2.09743685530535e-05,5.128856209121483e-06,2.3566922657649453e-07,14.581747135671659
7028244264308.366,2.2609182450970866e-11,2.2609182450970866e-09,22247520922.38716,6.14915532494559e-10,3.8333003468035037e-05,2.017624150883863e-05,5.128856209121483e-06,2.2609182450970867e-07,13.989157016107617
7325965428215.2,2.1690364012603643e-11,2.1690364012603646e-09,23189940902.963417,6.156154899693863e-10,3.6872929952472296e-05,1.9408832842550195e-05,5.128856209121483e-06,2.1690364012603645e-07,13.420649267917815
7636298261282.226,2.080888559413808e-11,2.080888559413808e-09,24172282429.085915,6.163154474442137e-10,3.5466710651847186e-05,1.8670587533251894e-05,5.128856209121483e-06,2.0808885594138083e-07,12.875245203486662
7959777002314.978,1.9963229728109583e-11,1.9963229728109584e-09,25196236604.32997,6.170154049190412e-10,3.411284546461625e-05,1.7960029707283367e-05,5.128856209121483e-06,1.9963229728109584e-07,12.352005908252565
8296958520834.915,1.9151940615673604e-11,1.91519406156736e-09,26263566168.558308,6.177153623938686e-10,3.281126325632541e-05,1.7275914365506318e-05,5.128856209121483e-06,1.9151940615673606e-07,11.85003062436351
8648423275731.745,1.837362162044418e-11,1.8373621620444179e-09,27376108532.482296,6.184153198686961e-10,3.155998829792435e-05,1.6617797686797018e-05,5.128856209121483e-06,1.837362162044418e-07,11.368455200020115
9014776314524.88,1.7626932864180803e-11,1.7626932864180803e-09,28535778940.769196,6.191152773435234e-10,3.0356355969978034e-05,1.598498818132259e-05,5.128856209121483e-06,1.7626932864180803e-07,10.906450601836074
9396648314954.67,1.6910588920183925e-11,1.6910588920183924e-09,29744573769.14182,6.198152348183508e-10,2.919765627440821e-05,1.537632961800359e-05,5.128856209121483e-06,1.6910588920183924e-07,10.463221487654645
9794696670695.387,1.6223356600430168e-11,1.6223356600430168e-09,31004573961.143517,6.205151922931783e-10,2.8082436228665566e-05,1.4790616154411574e-05,5.128856209121483e-06,1.622335660043017e-07,10.038004837365445
10209606623060.475,1.5564052832635393e-11,1.5564052832635392e-09,32317948610.488785,6.212151497680057e-10,2.701011603943994e-05,1.4226828355348367e-05,5.128856209121483e-06,1.5564052832635393e-07,9.630068639363008
10642092440647.268,1.4931542623592618e-11,1.4931542623592617e-09,33686958695.163853,6.21915107242833e-10,2.597915900727678e-05,1.3684419101166204e-05,5.128856209121483e-06,1.493154262359262e-07,9.238710630386862
11092898648952.182,1.4324737105278349e-11,1.432473710527835e-09,35113960969.705986,6.226150647176603e-10,2.49874091558263e-05,1.3162776600850153e-05,5.128856209121483e-06,1.432473710527835e-07,8.863257086573544
11562801312073.73,1.3742591660362878e-11,1.3742591660362878e-09,36601412022.363846,6.233150221924877e-10,2.4032787433705486e-05,1.2661068940069803e-05,5.128856209121483e-06,1.3742591660362878e-07,8.503061663638883
12052609368708.412,1.318410412389942e-11,1.318410412389942e-09,38151872504.11921,6.240149796673151e-10,2.3114224436013417e-05,1.2178351413043815e-05,5.128856209121483e-06,1.318410412389942e-07,8.157504284194987
12563166024741.215,1.2648313058094006e-11,1.2648313058094006e-09,39768011536.855545,6.247149371421426e-10,2.2230897784722452e-05,1.1713814491259185e-05,5.128856209121483e-06,1.2648313058094006e-07,7.825990070285065
13095350204826.703,1.2134296097187894e-11,1.2134296097187895e-09,41452611308.258095,6.254148946169701e-10,2.1381575002991477e-05,1.1266852954931295e-05,5.128856209121483e-06,1.2134296097187895e-07,7.507948319299538
13650078065460.082,1.1641168359602457e-11,1.1641168359602456e-09,43208571861.357414,6.261148520917974e-10,2.0564721631956375e-05,1.0836932364942533e-05,5.128856209121483e-06,1.1641168359602458e-07,7.202831521509957
14228304572143.49,1.1168080924612839e-11,1.116808092461284e-09,45038916086.96239,6.268148095666248e-10,1.97783260335291e-05,1.0423431495538515e-05,5.128856209121483e-06,1.1168080924612841e-07,6.91011441752935
14831025143361.027,1.071421937092924e-11,1.0714219370929242e-09,46946794927.572784,6.275147670414522e-10,1.9021821182758782e-05,1.0025632291077026e-05,5.128856209121483e-06,1.0714219370929241e-07,6.629293094077126
15459277364194.785,1.0278802374668053e-11,1.0278802374668053e-09,48935492801.73673,6.282147245162797e-10,1.8294268675618247e-05,9.642924821084828e-06,5.128856209121483e-06,1.0278802374668054e-07,6.35988411649076
16114142772530.232,9.861080364300788e-12,9.86108036430079e-10,51008433258.185776,6.289146819911071e-10,1.7594635785680204e-05,9.274640692324304e-06,5.128856209121483e-06,9.861080364300788e-08,6.101423696491766
16796748720926.463,9.460334230264813e-12,9.460334230264812e-10,53169184869.48248,6.296146394659344e-10,1.6921810768940814e-05,8.920410629820817e-06,5.128856209121483e-06,9.460334230264813e-08,5.853466893773026
17508270317357.2,9.075874087013932e-12,9.075874087013931e-10,55421467375.32971,6.303145969407618e-10,1.627432361094264e-05,8.579722214493605e-06,5.128856209121483e-06,9.075874087013933e-08,5.615586850032619
18249932448161.504,8.707038085379062e-12,8.707038085379062e-10,57769158086.10993,6.310145544155892e-10,1.565134862610023e-05,8.251967970059548e-06,5.128856209121483e-06,8.707038085379063e-08,5.387374054136412
19023011886689.457,8.353191273192806e-12,8.353191273192806e-10,60216298557.68692,6.317145118904168e-10,1.5072011609165463e-05,7.95653212092683e-06,5.128856209121483e-06,8.353191273192806e-08,5.168435637143359
19828839491270.754,8.013724502217647e-12,8.013724502217647e-10,62767101548.95489,6.324144693652442e-10,1.4495164614584351e-05,7.652485577832027e-06,5.128856209121483e-06,8.013724502217647e-08,4.958394695980595
20668802496290.734,7.68805337949571e-12,7.68805337949571e-10,65425958274.11343,6.331144268400714e-10,1.3940425400242271e-05,7.360099294725017e-06,5.128856209121483e-06,7.688053379495711e-08,4.756889644603844
21544346900318.777,7.37561726131444e-12,7.37561726131444e-10,68197445962.156876,6.338143843148988e-10,1.3406861964434702e-05,7.078859252338888e-06,5.128856209121483e-06,7.375617261314439e-08,4.563573591525895
22456979955397.715,7.0758782880573345e-12,7.075878288057335e-10,71086335736.58318,6.345143417897262e-10,1.2893330901403961e-05,6.808281378663979e-06,5.128856209121483e-06,7.075878288057334e-08,4.378113742642218
23408272761782.94,6.7883204582769136e-12,6.788320458276913e-10,74097600828.89775,6.352142992645537e-10,1.2399547857260361e-05,6.548124464984114e-06,5.128856209121483e-06,6.788320458276914e-08,4.200190828324866
24399862972595.55,6.512448740396925e-12,6.512448740396925e-10,77236425140.0443,6.359142567393811e-10,1.1924711039558664e-05,6.297689506911299e-06,5.128856209121483e-06,6.512448740396926e-08,4.029498553799001
25433457613046.38,6.247788220514162e-12,6.247788220514162e-10,80508212164.50398,6.366142142142084e-10,1.1467885930300321e-05,6.0568810989035404e-06,5.128856209121483e-06,6.247788220514162e-08,3.8657430718556167
26510836019085.31,5.993883284832745e-12,5.993883284832745e-10,83918594292.42769,6.373141716890358e-10,1.1028638158034354e-05,5.8252178112883386e-06,5.128856209121483e-06,5.993883284832747e-08,3.7086424769926865
27633852900531.668,5.7502968353240425e-12,5.750296835324042e-10,87473442505.80725,6.380141291638632e-10,1.0605957965933194e-05,5.602366189875512e-06,5.128856209121483e-06,5.7502968353240425e-08,3.5579263201142632
28804441533962.977,5.5166095372610114e-12,5.516609537261012e-10,91178876485.38942,6.387140866386908e-10,1.019941974529442e-05,5.388088702936071e-06,5.128856209121483e-06,5.516609537261012e-08,3.413335142951495
30024617090855.55,5.292419097332427e-12,5.292419097332427e-10,95041275145.72166,6.394140441135182e-10,9.808609925014227e-06,5.181900011165677e-06,5.128856209121483e-06,5.292419097332427e-08,3.2746200314045693
31296480106707.633,5.077339571093829e-12,5.077339571093829e-10,99067287616.47122,6.401140015883456e-10,9.432514430220173e-06,4.9835863667515595e-06,5.128856209121483e-06,5.0773395710938295e-08,3.1415421870364035
32622220097116.598,4.871000698563199e-12,4.871000698563199e-10,103263844688.91837,6.408139590631729e-10,9.070997438424897e-06,4.792868899948152e-06,5.128856209121483e-06,4.871000698563199e-08,3.0138725159805326
34004119327037.027,4.673047266817231e-12,4.673047266817231e-10,107638170747.33559,6.415139165380003e-10,8.723084920736288e-06,4.60934950828136e-06,5.128856209121483e-06,4.673047266817231e-08,2.891391234555305
35444556739704.36,4.483138498491571e-12,4.4831384984915706e-10,112197796205.77983,6.422138740128278e-10,8.388469282606088e-06,4.432902899579063e-06,5.128856209121483e-06,4.4831384984915706e-08,2.773887490905822
36946012051993.09,4.300947465131496e-12,4.300947465131496e-10,116950570471.72385,6.429138314876552e-10,8.066843884483984e-06,4.263167723164223e-06,5.128856209121483e-06,4.3009474651314964e-08,2.661159002021805
38511070023255.84,4.126160524383768e-12,4.126160524383768e-10,121904675458.83096,6.436137889624826e-10,7.757264521538617e-06,4.099871455627974e-06,5.128856209121483e-06,4.126160524383768e-08,2.553011705506885
40142424904993.09,3.958476780060496e-12,3.9584767800604964e-10,127068639672.1407,6.443137464373098e-10,7.459819097347523e-06,3.94290796980426e-06,5.128856209121483e-06,3.958476780060496e-08,2.4492594254996813
41842885079015.76,3.797607564145412e-12,3.7976075641454124e-10,132451352889.91722,6.450137039121372e-10,7.173427269284155e-06,3.791786902330739e-06,5.128856209121483e-06,3.797607564145413e-08,2.349723552171471
43615377892080.055,3.643275939851296e-12,3.6432759398512964e-10,138062081467.4206,6.457136613869648e-10,6.898120626936989e-06,3.646523441450429e-06,5.128856209121483e-06,3.6432759398512966e-08,2.254232734249012
45462954695324.086,3.495216224872439e-12,3.495216224872439e-10,143910484288.96567,6.464136188617922e-10,6.633402257314464e-06,3.506804630279704e-06,5.128856209121483e-06,3.495216224872439e-08,2.1626225840327913
47388796097176.7,3.35317353401186e-12,3.35317353401186e-10,150006629395.71677,6.471135763366196e-10,6.378675922565042e-06,3.372363960562897e-06,5.128856209121483e-06,3.3531735340118606e-08,2.074735394403175
49396217438783.055,3.216903340395776e-12,3.216903340395776e-10,156361011317.84677,6.478135338114469e-10,6.133967918794701e-06,3.2431700009817253e-06,5.128856209121483e-06,3.2169033403957764e-08,1.9904198673271871
51488674501374.875,3.08617105451985e-12,3.0861710545198497e-10,162984569140.90268,6.485134912862743e-10,5.8982511778012705e-06,3.118772280126187e-06,5.128856209121483e-06,3.08617105451985e-08,1.9095308533984916
53669769455404.76,2.9607516204028545e-12,2.9607516204028547e-10,169888705337.46515,6.492134487611018e-10,5.671773069970457e-06,2.9991900227052583e-06,5.128856209121483e-06,2.960751620402855e-08,1.831929101962377
55943257061693.88,2.8404291281521274e-12,2.840429128152127e-10,177085305396.53848,6.499134062359292e-10,5.453898015410423e-06,2.8841853069657075e-06,5.128856209121483e-06,2.8404291281521274e-08,1.7574810213953354
58313051135262.42,2.724996442274094e-12,2.724996442274094e-10,184586758284.45316,6.506133637107566e-10,5.244356601728674e-06,2.77352087844914e-06,5.128856209121483e-06,2.7249964422740943e-08,1.6860584491267174
60783231282972.11,2.6142548450900256e-12,2.6142548450900254e-10,192405977772.50043,6.513133211855839e-10,5.042972826601472e-06,2.66715936659725e-06,5.128856209121483e-06,2.614254845090026e-08,1.6175384310065601
63358049926582.414,2.5080136946429017e-12,2.508013694642902e-10,200556424668.0325,6.520132786604114e-10,4.849073186528795e-06,2.5648102187549414e-06,5.128856209121483e-06,2.508013694642902e-08,1.551803009639614
66041939623303.05,2.40609009650692e-12,2.4060900965069196e-10,209052129987.26807,6.527132361352389e-10,4.662757674755086e-06,2.4663810217364192e-06,5.128856209121483e-06,2.4060900965069196e-08,1.488739021321466
68839520696455.11,2.3083085889341485e-12,2.3083085889341486e-10,217907719109.73145,6.534131936100663e-10,4.483517796460699e-06,2.3717456402004068e-06,5.128856209121483e-06,2.3083085889341488e-08,1.4282379012268527
71755609189369.5,2.2145008407966887e-12,2.2145008407966888e-10,227138436955.88046,6.541131510848937e-10,4.311160593253552e-06,2.2806800110135712e-06,5.128856209121483e-06,2.214500840796689e-08,1.3701954965150427
74795225156217.97,2.1245053618041985e-12,2.1245053618041985e-10,236760174231.27643,6.548131085597209e-10,4.145481714678846e-06,2.1931426602854852e-06,5.128856209121483e-06,2.1245053618041987e-08,1.3145118870304504
77963601304052.2,2.0381672244978545e-12,2.0381672244978546e-10,246789494782.48392,6.555130660345483e-10,3.986002358182361e-06,2.1089542501643586e-06,5.128856209121483e-06,2.038167224497855e-08,1.2610912132897756
81266192000919.45,1.9553377975424213e-12,1.9553377975424214e-10,257243664111.76602,6.562130235093757e-10,3.8327400916407665e-06,2.0279485972949476e-06,5.128856209121483e-06,1.9553377975424217e-08,1.2098415114597116
84708682665574.19,1.875874489856941e-12,1.8758744898569408e-10,268140679099.69977,6.569129809842032e-10,3.6853062496749178e-06,1.9500740617052934e-06,5.128856209121483e-06,1.875874489856941e-08,1.160674555040917
88296999554941.19,1.7996405051438132e-12,1.7996405051438132e-10,279499298986.8537,6.576129384590306e-10,3.5435383484535724e-06,1.8751449008563443e-06,5.128856209121483e-06,1.799640505143813e-08,1.1135057029858664
92037319966181.92,1.7265046063936285e-12,1.7265046063936284e-10,291339077667.8667,6.583128959338579e-10,3.407268585186068e-06,1.8031148032456658e-06,5.128856209121483e-06,1.7265046063936284e-08,1.068253753989075
95936082870931.27,1.6563408899602374e-12,1.6563408899602375e-10,303680397353.5412,6.590128534086854e-10,3.2760917615520282e-06,1.7338366942584977e-06,5.128856209121483e-06,1.6563408899602375e-08,1.0248408066987935
100000000000000.0,1.5890285688173742e-12,1.589028568817374e-10,316544503658.8592,6.597128108835128e-10,3.1500265391940097e-06,1.6672111816224906e-06,5.128856209121483e-06,1.589028568817374e-08,0.9831921256096753
