E_prime_GeV_total,rate_acc,rate_acc_2,rate_sync,rate_Op,rate_pg,rate_photodisintegration,t_ad_val,Shear,ESC
45.03864132239823,15.983141109039781,1598.3141109039782,6.2751528965148935e-15,3.5871313313823943e-09,8.636440737005463e-12,1.1230388463812116e-11,1.0206423856151752e-05,1.44158360222925e-11,2497253710733.805
45.03864132239823,15.983141109039781,1598.3141109039782,6.2751528965148935e-15,3.5871313313823943e-09,8.636440737005463e-12,1.1230388463812116e-11,1.0206423856151752e-05,1.44158360222925e-11,2497253710733.805
45.03864132239823,15.983141109039781,1598.3141109039782,6.2751528965148935e-15,3.5871313313823943e-09,8.636440737005463e-12,1.1230388463812116e-11,1.0206423856151752e-05,1.44158360222925e-11,2497253710733.805
45.03864132239823,15.983141109039781,1598.3141109039782,6.2751528965148935e-15,3.5871313313823943e-09,8.636440737005463e-12,1.1230388463812116e-11,1.0206423856151752e-05,1.44158360222925e-11,2497253710733.805
45.03864132239823,15.983141109039781,1598.3141109039782,6.2751528965148935e-15,3.5871313313823943e-09,8.636440737005463e-12,1.1230388463812116e-11,1.0206423856151752e-05,1.44158360222925e-11,2497253710733.805
45.03864132239823,15.983141109039781,1598.3141109039782,6.2751528965148935e-15,3.5871313313823943e-09,8.636440737005463e-12,1.1230388463812116e-11,1.0206423856151752e-05,1.44158360222925e-11,2497253710733.805
45.03864132239823,15.983141109039781,1598.3141109039782,6.2751528965148935e-15,3.5871313313823943e-09,8.636440737005463e-12,1.1230388463812116e-11,1.0206423856151752e-05,1.44158360222925e-11,2497253710733.805
45.03864132239823,15.983141109039781,1598.3141109039782,6.2751528965148935e-15,3.5871313313823943e-09,8.636440737005463e-12,1.1230388463812116e-11,1.0206423856151752e-05,1.44158360222925e-11,2497253710733.805
45.03864132239823,15.983141109039781,1598.3141109039782,6.2751528965148935e-15,3.5871313313823943e-09,8.636440737005463e-12,1.1230388463812116e-11,1.0206423856151752e-05,1.44158360222925e-11,2497253710733.805
45.03864132239823,15.983141109039781,1598.3141109039782,6.2751528965148935e-15,3.5871313313823943e-09,8.636440737005463e-12,1.1230388463812116e-11,1.0206423856151752e-05,1.44158360222925e-11,2497253710733.805
45.03864132239823,15.983141109039781,1598.3141109039782,6.2751528965148935e-15,3.5871313313823943e-09,8.636440737005463e-12,1.1230388463812116e-11,1.0206423856151752e-05,1.44158360222925e-11,2497253710733.805
45.03864132239823,15.983141109039781,1598.3141109039782,6.2751528965148935e-15,3.5871313313823943e-09,8.636440737005463e-12,1.1230388463812116e-11,1.0206423856151752e-05,1.44158360222925e-11,2497253710733.805
45.03864132239823,15.983141109039781,1598.3141109039782,6.2751528965148935e-15,3.5871313313823943e-09,8.636440737005463e-12,1.1230388463812116e-11,1.0206423856151752e-05,1.44158360222925e-11,2497253710733.805
45.03864132239823,15.983141109039781,1598.3141109039782,6.2751528965148935e-15,3.5871313313823943e-09,8.636440737005463e-12,1.1230388463812116e-11,1.0206423856151752e-05,1.44158360222925e-11,2497253710733.805
45.03864132239823,15.983141109039781,1598.3141109039782,6.2751528965148935e-15,3.5871313313823943e-09,8.636440737005463e-12,1.1230388463812116e-11,1.0206423856151752e-05,1.44158360222925e-11,2497253710733.805
45.03864132239823,15.983141109039781,1598.3141109039782,6.2751528965148935e-15,3.5871313313823943e-09,8.636440737005463e-12,1.1230388463812116e-11,1.0206423856151752e-05,1.44158360222925e-11,2497253710733.805
45.03864132239823,15.983141109039781,1598.3141109039782,6.2751528965148935e-15,3.5871313313823943e-09,8.636440737005463e-12,1.1230388463812116e-11,1.0206423856151752e-05,1.44158360222925e-11,2497253710733.805
45.03864132239823,15.983141109039781,1598.3141109039782,6.2751528965148935e-15,3.5871313313823943e-09,8.636440737005463e-12,1.1230388463812116e-11,1.0206423856151752e-05,1.44158360222925e-11,2497253710733.805
45.03864132239823,15.983141109039781,1598.3141109039782,6.2751528965148935e-15,3.5871313313823943e-09,8.636440737005463e-12,1.1230388463812116e-11,1.0206423856151752e-05,1.44158360222925e-11,2497253710733.805
45.03864132239823,15.983141109039781,1598.3141109039782,6.2751528965148935e-15,3.5871313313823943e-09,8.636440737005463e-12,1.1230388463812116e-11,1.0206423856151752e-05,1.44158360222925e-11,2497253710733.805
45.03864132239823,15.983141109039781,1598.3141109039782,6.2751528965148935e-15,3.5871313313823943e-09,8.636440737005463e-12,1.1230388463812116e-11,1.0206423856151752e-05,1.44158360222925e-11,2497253710733.805
45.03864132239823,15.983141109039781,1598.3141109039782,6.2751528965148935e-15,3.5871313313823943e-09,8.636440737005463e-12,1.1230388463812116e-11,1.0206423856151752e-05,1.44158360222925e-11,2497253710733.805
45.03864132239823,15.983141109039781,1598.3141109039782,6.2751528965148935e-15,3.5871313313823943e-09,8.636440737005463e-12,1.1230388463812116e-11,1.0206423856151752e-05,1.44158360222925e-11,2497253710733.805
45.03864132239823,15.983141109039781,1598.3141109039782,6.2751528965148935e-15,3.5871313313823943e-09,8.636440737005463e-12,1.1230388463812116e-11,1.0206423856151752e-05,1.44158360222925e-11,2497253710733.805
45.03864132239823,15.983141109039781,1598.3141109039782,6.2751528965148935e-15,3.5871313313823943e-09,8.636440737005463e-12,1.1230388463812116e-11,1.0206423856151752e-05,1.44158360222925e-11,2497253710733.805
45.03864132239823,15.983141109039781,1598.3141109039782,6.2751528965148935e-15,3.5871313313823943e-09,8.636440737005463e-12,1.1230388463812116e-11,1.0206423856151752e-05,1.44158360222925e-11,2497253710733.805
45.03864132239823,15.983141109039781,1598.3141109039782,6.2751528965148935e-15,3.5871313313823943e-09,8.636440737005463e-12,1.1230388463812116e-11,1.0206423856151752e-05,1.44158360222925e-11,2497253710733.805
45.03864132239823,15.983141109039781,1598.3141109039782,6.2751528965148935e-15,3.5871313313823943e-09,8.636440737005463e-12,1.1230388463812116e-11,1.0206423856151752e-05,1.44158360222925e-11,2497253710733.805
41.501954506388216,17.345182128820372,1734.5182128820372,5.782392682931045e-15,3.495941060740693e-09,7.573901329638611e-12,1.0087059558746377e-11,1.0206423856151752e-05,1.32838236945483e-11,2710063068269.6016
30.93263247252127,23.271829846838973,2327.1829846838973,4.309788052159577e-15,2.7657987519612664e-09,4.6920079134383895e-12,6.480627065399844e-12,1.0206423856151752e-05,9.900826143259919e-12,3636060211450.874
27.082069872337517,26.58064774991987,2658.0647749919867,3.773296090051064e-15,2.0933679074928286e-09,3.76881105607957e-12,5.347185554996843e-12,1.0206423856151752e-05,8.668349376465981e-12,4153039804525.844
24.712993713358536,29.12876391929009,2912.8763919290086,3.443216969442953e-15,1.470423952825744e-09,3.236435023457534e-12,4.636341152505545e-12,1.0206423856151752e-05,7.910062438196836e-12,4551165086404.362
23.12291603405349,31.131841613539276,3113.1841613539273,3.221674306031999e-15,9.573788815682623e-10,2.897242693863974e-12,4.237657477873288e-12,1.0206423856151752e-05,7.401115045146384e-12,4864131928824.514
22.04826738374193,32.64923030397093,3264.923030397093,3.071945442266636e-15,5.890751074236981e-10,2.676391125736534e-12,4.0441033357801804e-12,1.0206423856151752e-05,7.057144661724425e-12,5101213270467.853
21.36045108459102,33.700550459564596,3370.0550459564593,2.9761132342967987e-15,3.632087752221144e-10,2.5387025152913504e-12,3.866666153142312e-12,1.0206423856151752e-05,6.836990441017761e-12,5265474672016.803
20.988245012781046,34.298196880060914,3429.8196880060914,2.9242544316988338e-15,2.5168703623388827e-10,2.4653810918617177e-12,3.7524474535038005e-12,1.0206423856151752e-05,6.717855814835201e-12,5358852734007.828
20.88966858925478,34.46004691455956,3446.004691455956,2.9105199558919163e-15,2.2410373921204891e-10,2.446141204489534e-12,3.72080766381761e-12,1.0206423856151752e-05,6.686303762741835e-12,5384140666866.378
21.039608597524854,34.21446536320104,3421.446536320104,2.931410827587273e-15,2.664210486925441e-10,2.475329583619024e-12,3.768986515073922e-12,1.0206423856151752e-05,6.7342961201695365e-12,5345770271695.997
21.423658248388204,33.6011222392179,3360.11222392179,2.9849197747548733e-15,3.830953620976115e-10,2.5512222363984388e-12,3.8837932672784574e-12,1.0206423856151752e-05,6.857221604347308e-12,5249939709863.962
22.034779925450874,32.66921485264579,3266.9214852645787,3.0700662589592204e-15,5.844999439420401e-10,2.6736531063230383e-12,4.040940362381718e-12,1.0206423856151752e-05,7.0528276356913876e-12,5104335716049.429
22.87139127017328,31.474209465958168,3147.420946595817,3.18662981303076e-15,8.714577613728134e-10,2.844875164236546e-12,4.1969523091662355e-12,1.0206423856151752e-05,7.320607737528298e-12,4917624504786.661
23.936228957316654,30.074033837952555,3007.4033837952556,3.334991732942249e-15,1.2277667113264925e-09,3.0688463739851525e-12,4.403024376228583e-12,1.0206423856151752e-05,7.661437856677166e-12,4698856882148.429
25.23566656653641,28.525458509975923,2852.5458509975924,3.516040038084629e-15,1.6233814609530317e-09,3.3513399379163975e-12,4.818958059860876e-12,1.0206423856151752e-05,8.077358029792955e-12,4456902847096.254
26.779313445526835,26.88115814020485,2688.115814020485,3.731113581590385e-15,2.02370693573753e-09,3.6990900874199196e-12,5.288805501048034e-12,1.0206423856151752e-05,8.571443988660078e-12,4199992445570.1504
28.579797085776836,25.18768616357915,2518.768616357915,3.98197172913898e-15,2.398736440675746e-09,4.119135736664329e-12,5.6324785839587435e-12,1.0206423856151752e-05,9.147737503663523e-12,3935399325306.676
30.652671889797972,23.484378856216747,2348.4378856216745,4.270781647658817e-15,2.728277920709656e-09,4.622504074349809e-12,6.363810800165591e-12,1.0206423856151752e-05,9.811217182271181e-12,3669269503589.4033
33.01641987400159,21.803059276640887,2180.3059276640884,4.6001184032578376e-15,3.0028252154768435e-09,5.2219556520890345e-12,7.156337987420304e-12,1.0206423856151752e-05,1.05677986940087e-11,3406575110141.8896
35.69252216232466,20.168341041899527,2016.8341041899528,4.972974922301837e-15,3.2215652683430947e-09,5.931571033410604e-12,7.786603374285495e-12,1.0206423856151752e-05,1.1424357653929225e-11,3151161850015.994
38.70558826619202,18.598321117472658,1859.8321117472658,5.392780003759105e-15,3.389333311997926e-09,6.768703819840655e-12,9.193068969433321e-12,1.0206423856151752e-05,1.238877100216401e-11,2905857247156.4536
42.0835353193283,17.105477335805038,1710.5477335805035,5.863423291664429e-15,3.51377376955452e-09,7.745527181900967e-12,1.0221662400178483e-11,1.0206423856151752e-05,1.3469974372874523e-11,2672610875377.4507
45.857812850763096,15.697629582945584,1569.7629582945583,6.389286592337661e-15,3.603262923442144e-09,8.889734186346492e-12,1.1675747711123312e-11,1.0206423856151752e-05,1.467803403893573e-11,2452644537034.353
50.06367102526384,14.378868845875397,1437.8868845875395,6.975281247840823e-15,3.665656101426897e-09,1.0227067077506843e-11,1.3943383558230996e-11,1.0206423856151752e-05,1.6024232769545944e-11,2246597420153.432
54.7404719634318,13.150397389635355,1315.0397389635355,7.62689151164719e-15,3.7076885948422e-09,1.178262629682989e-11,1.5361602027905952e-11,1.0206423856151752e-05,1.7521169476648702e-11,2054657370216.0073
59.93204502055483,12.011253067844283,1201.1253067844284,8.350224049004902e-15,3.734806102893456e-09,1.358083620983257e-11,1.8712602990298793e-11,1.0206423856151752e-05,1.9182872931544406e-11,1876674058597.4187
65.68708790841475,10.958911142765157,1095.8911142765157,9.152063824517e-15,3.7512342361865166e-09,1.5665480635184232e-11,2.155263612474846e-11,1.0206423856151752e-05,2.102493015478019e-11,1712253012731.893
72.05961638702567,9.989769522904808,998.9769522904808,1.0039936756882571e-14,3.760155086819819e-09,1.807892824662499e-11,2.4658343733416018e-11,1.0206423856151752e-05,2.3064630352160662e-11,1560831431084.5903
79.10946599966309,9.099530005908353,909.9530005908352,1.102217962473604e-14,3.763911922356643e-09,2.086917352583814e-11,3.051538044395584e-11,1.0206423856151752e-05,2.5321125508622275e-11,1421737749680.2578
86.90285001968286,8.283490811317215,828.3490811317214,1.2108017804373999e-14,3.764201279932431e-09,2.406115519055566e-11,3.4392654661012756e-11,1.0206423856151752e-05,2.7815608974212246e-11,1294237348295.1777
95.51297845353461,7.5367659062743995,753.6765906274399,1.3307651514331861e-14,3.762235596406211e-09,2.774122252877295e-11,4.110588065548413e-11,1.0206423856151752e-05,3.057151359275494e-11,1177566818560.516
105.0207436246977,6.854445462582231,685.4445462582231,1.463235133656066e-14,3.7588727035010195e-09,3.196592326935135e-11,4.9981611039700725e-11,1.0206423856151752e-05,3.361473114154428e-11,1070959034252.3307
115.51547856630418,6.231709971249718,623.1709971249718,1.6094563881907292e-14,3.75471485701359e-09,3.68181102348611e-11,5.64677798573501e-11,1.0206423856151752e-05,3.697385507542689e-11,973660980889.3279
127.09579519084929,5.663908538707894,566.3908538707893,1.7708028570792904e-14,3.750182361106613e-09,4.233790783849953e-11,6.862744708960648e-11,1.0206423856151752e-05,4.06804488057011e-11,884945988967.4283
139.87050999642412,5.14660995826586,514.660995826586,1.9487906610197443e-14,3.745567197116445e-09,4.865188280665747e-11,8.230520212432313e-11,1.0206423856151752e-05,4.4769341997448754e-11,804121713516.6184
153.95966592190626,4.675633421940904,467.56334219409035,2.145092336690567e-14,3.741071498445146e-09,5.587225430381698e-11,9.413868733509607e-11,1.0206423856151752e-05,4.9278957641943204e-11,730534932609.0255
169.4956598895056,4.247064261613529,424.70642616135285,2.3615525465982218e-14,3.736834838681555e-09,6.410201767258787e-11,1.1335852529394932e-10,1.0206423856151752e-05,5.425167295715538e-11,663574006804.0037
186.6244865827951,3.8572588881360903,385.72588881360906,2.6002054084127793e-14,3.73295341681831e-09,7.345280058775165e-11,1.359372453912669e-10,1.0206423856151752e-05,5.973421749257254e-11,602669650849.219
205.5071101129436,3.502842111981903,350.2842111981903,2.863293606146854e-14,3.729493455300382e-09,8.405018331457348e-11,1.5665409413613622e-10,1.0206423856151752e-05,6.57781121680971e-11,547294515050.8634
226.32097643677693,3.1806992482484917,318.0699248248491,3.153289462404451e-14,3.726500508454899e-09,9.609939324883355e-11,1.855485382411254e-10,1.0206423856151752e-05,7.244015336437713e-11,496961951735.7788
249.26168071974985,2.8879647988279173,288.79647988279174,3.47291816944939e-14,3.7240059042062095e-09,1.0977017917360287e-10,2.2182278809353355e-10,1.0206423856151752e-05,7.978294660744895e-11,451224246919.94086
274.54480529802413,2.622009033585243,262.2009033585243,3.8251833972003957e-14,3.722031188738164e-09,1.2527842286152894e-10,2.5954386513978537e-10,1.0206423856151752e-05,8.787549485824036e-11,409670523711.69855
302.4079455007822,2.3804234324043545,238.04234324043546,4.213395518649061e-14,3.7205911865551757e-09,1.4276799616264358e-10,3.022676993090508e-10,1.0206423856151752e-05,9.679384693182633e-11,371924467733.52704
333.1129423620774,2.16100567726627,216.10056772662696,4.641202717832524e-14,3.719696104055025e-09,1.6251021474508138e-10,3.5622990338892706e-10,1.0206423856151752e-05,1.0662181213727998e-10,337641982239.5113
366.9483431978494,1.9617446786704549,196.17446786704548,5.1126252726104955e-14,3.7193529741638107e-09,1.848470024862314e-10,4.2117654755307104e-10,1.0206423856151752e-05,1.1745174785193616e-10,306508848598.6848
404.2321131666152,1.7808059680765926,178.08059680765925,5.632093334352724e-14,3.7195666479317192e-09,2.1000615939958228e-10,4.91501881647217e-10,1.0206423856151752e-05,1.2938542742977253e-10,278238443966.4968
445.31462329209205,1.6165176752867354,161.65176752867353,6.20448855952081e-14,3.7203404750892906e-09,2.3842632766359073e-10,5.677142801850971e-10,1.0206423856151752e-05,1.4253499659891437e-10,252569550349.11194
490.58194302492313,1.4673572271671438,146.73572271671438,6.835189984338602e-14,3.7216767712476115e-09,2.7034181920758533e-10,6.629473054515367e-10,1.0206423856151752e-05,1.5702402733512023e-10,229264276371.97784
540.4594682831897,1.3319388443725617,133.19388443725617,7.530124573628164e-14,3.723577138815189e-09,3.061872104631593e-10,7.835798393247587e-10,1.0206423856151752e-05,1.7298867911433237e-10,208106103730.67673
595.415919064502,1.209001870064777,120.90018700647771,8.295822918820089e-14,3.726042687625958e-09,3.4648626264630665e-10,9.053116619508219e-10,1.0206423856151752e-05,1.9057897845661284e-10,188898063635.04962
655.9677441958592,1.0973999346534713,109.73999346534714,9.139480608541148e-14,3.729074186792451e-09,3.918391457995854e-10,1.0367065591318766e-09,1.0206423856151752e-05,2.099602287855402e-10,171461043875.9404
722.6839746137712,0.99609094002678,99.60909400267799,1.0069025848493389e-13,3.732672169367499e-09,4.427662335478353e-10,1.2061023794160637e-09,1.0206423856151752e-05,2.313145638518559e-10,155632223931.45984
796.1915707823578,0.9041278330891767,90.41278330891767,1.1093193966068813e-13,3.736837004595653e-09,4.999273756813475e-10,1.4152898000667797e-09,1.0206423856151752e-05,2.5484265931934185e-10,141263633396.98404
877.1813145009392,0.8206501298136694,82.06501298136693,1.222160949984494e-13,3.741568947879848e-09,5.635833118766029e-10,1.6280208926927895e-09,1.0206423856151752e-05,2.8076561859728824e-10,128220827677.75081
966.4143004685559,0.7448761460445119,74.4876146044512,1.346487664538579e-13,3.746868175403569e-09,6.349659420652224e-10,1.8531828175854597e-09,1.0206423856151752e-05,3.0932705064139755e-10,116381674106.2674
1064.7290886091607,0.6760958889135467,67.60958889135466,1.48346789073025e-13,3.7527348081696224e-09,7.150127397441179e-10,2.1393274887513647e-09,1.0206423856151752e-05,3.4079535924902315e-10,105635241275.96579
1173.0495843706879,0.6136645621860115,61.36645621860115,1.6343888894043022e-13,3.759168928725486e-09,8.04571257894587e-10,2.476034267310988e-09,1.0206423856151752e-05,3.7546626536214867e-10,95880784297.03108
1292.39372105237,0.5569966395605469,55.69966395605469,1.8006689287197174e-13,3.766170592824159e-09,9.048197558702132e-10,2.8540941302553883e-09,1.0206423856151752e-05,4.1366558608121296e-10,87026818791.09058
1423.8830257516638,0.5055604614959922,50.55604614959922,1.9838706122114805e-13,3.7737398375699125e-09,1.0169757106492076e-09,3.2450536857861134e-09,1.0206423856151752e-05,4.5575229650530404e-10,78990276683.29266
1568.753158825964,0.45887331322032504,45.8873313220325,2.185715563233037e-13,3.781876687118345e-09,1.1411897239807764e-09,3.700497374775618e-09,1.0206423856151752e-05,5.021219031721065e-10,71695737175.72064
1728.3655259127606,0.41649694397552794,41.64969439755279,2.4081006037751473e-13,3.7905811566705676e-09,1.2801709954594892e-09,4.234008467521869e-09,1.0206423856151752e-05,5.532101607992063e-10,65074726660.8261
1904.2200716313093,0.37803349010948684,37.80334901094868,2.6531155797003363e-13,3.799853255274438e-09,1.4353564283857898e-09,4.851895126700863e-09,1.0206423856151752e-05,6.09497167254541e-10,59065081733.1289
2097.9693751935224,0.3431217672321452,34.31217672321452,2.923062999904047e-13,3.80969298778952e-09,1.6085349933999281e-09,5.5499524973645205e-09,1.0206423856151752e-05,6.715118752381324e-10,53610369864.61875
2311.4341803864577,0.31143389923175957,31.14338992317596,3.220479673959948e-13,3.820100356264341e-09,1.801787121332312e-09,6.292450276466025e-09,1.0206423856151752e-05,7.398370630732639e-10,48659362712.1855
2546.620505868223,0.282672254447232,28.267225444723195,3.548160551587499e-13,3.831075360899805e-09,2.017213709447388e-09,7.1422120432168346e-09,1.0206423856151752e-05,8.151148113197358e-10,44165557416.03216
2805.7384965698543,0.2565666616811873,25.65666616811873,3.9091849879711587e-13,3.842618000720639e-09,2.2562311802123042e-09,8.071913627306377e-09,1.0206423856151752e-05,8.980525366752064e-10,40086741621.24205
3091.223193357808,0.2328718809958791,23.28718809958791,4.3069456817576057e-13,3.854728274040623e-09,2.521975982582963e-09,9.174444616106328e-09,1.0206423856151752e-05,9.894296398677568e-10,36384598307.37597
3405.757416138226,0.21136530634984743,21.136530634984744,4.745180557673374e-13,3.867406178782101e-09,2.8178427620135923e-09,1.0474054756248592e-08,1.0206423856151752e-05,1.090104830012686e-09,33024346841.561146
3752.2969754452433,0.19184487910365977,19.184487910365977,5.228007893377433e-13,3.880651712692542e-09,3.1474793224581697e-09,1.1825987663799768e-08,1.0206423856151752e-05,1.2010241942636472e-09,29974416978.395466
4134.098449437151,0.17412719324894846,17.412719324894844,5.759965020650383e-13,3.8944648734885025e-09,3.5139613153317634e-09,1.3299354038546473e-08,1.0206423856151752e-05,1.3232300885919851e-09,27206152815.272408
4554.749787332596,0.15804577490016042,15.804577490016042,6.346050964611739e-13,3.90884565894857e-09,3.922290175925236e-09,1.503016162294377e-08,1.0206423856151752e-05,1.4578709332447072e-09,24693543975.032604
5018.2040268801775,0.14344952013895257,14.344952013895256,6.991773421663925e-13,3.923794066970626e-09,4.375961132232917e-09,1.6835934333599368e-08,1.0206423856151752e-05,1.6062120049331116e-09,22412981530.105778
5528.816442718672,0.13020127672412765,13.020127672412766,7.703200517634496e-13,3.9393100956043616e-09,4.878381161560161e-09,1.9069350223651422e-08,1.0206423856151752e-05,1.769647327170812e-09,20343036404.634518
6091.385474726706,0.11817655648325522,11.817655648325522,8.487017832509663e-13,3.955393743066834e-09,5.435899551658286e-09,2.166943661980785e-08,1.0206423856151752e-05,1.949712770499683e-09,18464258194.694866
6711.197820982812,0.10726236639376877,10.726236639376877,9.350591227644577e-13,3.972045007746617e-09,6.055432707173342e-09,2.4159221535521383e-08,1.0206423856151752e-05,2.1481004857120615e-09,16758992532.915222
7394.078119093414,0.09735614744946496,9.735614744946496,1.0302036065864113e-12,3.9892638882004794e-09,6.74324436635984e-09,2.7046514534967892e-08,1.0206423856151752e-05,2.366674805704281e-09,15211215293.80841
8146.44368276491,0.08836481140086888,8.836481140086887,1.1350293474944377e-12,4.007050383145307e-09,7.506898034920094e-09,3.0643000360389065e-08,1.0206423856151752e-05,2.607489765397883e-09,13806382091.208967
8975.364808002889,0.08020386636245229,8.02038663624523,1.2505214371155487e-12,4.025404491447314e-09,8.355137170133425e-09,3.4052274556109913e-08,1.0206423856151752e-05,2.8728084043707293e-09,12531291660.53299
9888.63121566075,0.07279662310343532,7.279662310343531,1.377765203246965e-12,4.044326212109797e-09,9.297050648094686e-09,3.7957905914022534e-08,1.0206423856151752e-05,3.1651240335927972e-09,11373961847.282068
10894.82525472662,0.0660734745885912,6.6073474588591194,1.517956409138431e-12,4.063815544260402e-09,1.0342862008424276e-08,4.3107869636299904e-08,1.0206423856151752e-05,3.4871836661192387e-09,10323517040.34652
12003.402554270655,0.059971242017473156,5.997124201747315,1.6724124905829851e-12,4.083872487138498e-09,1.1497059142547272e-08,4.816852517114098e-08,1.0206423856151752e-05,3.842013831928771e-09,9370085995.220701
13224.780881973062,0.05443258123063299,5.443258123063299,1.8425849364158643e-12,4.10449704008307e-09,1.2776702672812589e-08,5.319382133494807e-08,1.0206423856151752e-05,4.232949019500326e-09,8504709089.137479
14570.438044273418,0.04940544391513646,4.9405443915136456,2.0300729287662395e-12,4.125689202521335e-09,1.4195477653463241e-08,5.999001600125464e-08,1.0206423856151752e-05,4.663663011405277e-09,7719254138.20848
16053.019748151042,0.04484258855398424,4.484258855398424,2.236638371245095e-12,4.1474489739582614e-09,1.5768643031966993e-08,6.739085671808545e-08,1.0206423856151752e-05,5.138203408389276e-09,7006339986.700775
17686.458438158228,0.04070113652952915,4.070113652952915,2.464222446295348e-12,4.169776353966999e-09,1.751503491920625e-08,7.400993738098303e-08,1.0206423856151752e-05,5.6610296663808e-09,6359267151.308794
19486.104225468294,0.03694216921381683,3.694216921381683,2.714963857300644e-12,4.192671342180258e-09,1.9446876467082752e-08,8.23600807889967e-08,1.0206423856151752e-05,6.237055003876259e-09,5771954869.3456135
21468.869139333838,0.03353036226283774,3.3530362262837734,2.9912189268816134e-12,4.216133938282602e-09,2.1590766482435774e-08,9.319521005206148e-08,1.0206423856151752e-05,6.871692573523054e-09,5238883959.784471
23653.38605654715,0.030433653680466063,3.043365368046606,3.295583740251765e-12,4.24016414200359e-09,2.396495828154452e-08,1.0355005576971692e-07,1.0206423856151752e-05,7.570906331794444e-09,4755044960.577044
26060.183802428797,0.02762294253458912,2.7622942534589123,3.6309185417233144e-12,4.264761953111726e-09,2.6593630718025668e-08,1.1348798493275539e-07,1.0206423856151752e-05,8.341267084799626e-09,4315891055.1615305
28711.880068843904,0.025071815495511938,2.5071815495511935,4.000374613627449e-12,4.289927371409136e-09,2.949320729046648e-08,1.2750474014926283e-07,1.0206423856151752e-05,9.190014236915757e-09,3917295346.0061116
31633.393962176084,0.022756298627837825,2.2756298627837825,4.407423890241278e-12,4.315660396726918e-09,3.2704607661061687e-08,1.4362056489283688e-07,1.0206423856151752e-05,1.0125123822519113e-08,3555512073.830941
34852.180178663046,0.02065463210407789,2.0654632104077892,4.855891585016199e-12,4.341961028921075e-09,3.626127384204394e-08,1.5742944041105297e-07,1.0206423856151752e-05,1.1155383460138675e-08,3227141418.189534
38398.48700773752,0.01874706572345585,1.8747065723455851,5.3499921377193785e-12,4.368829267868981e-09,4.019781602071278e-08,1.721130726027493e-07,1.0206423856151752e-05,1.2290474933407645e-08,2929097548.716018
42305.640587940616,0.017015673314742796,1.7015673314742796,5.894368819298956e-12,4.396265113466334e-09,4.455805923978791e-08,1.9383093974025285e-07,1.0206423856151752e-05,1.3541065174861264e-08,2658579626.8696303
46610.35808667747,0.015444184279311008,1.5444184279311006,6.4941373666561594e-12,4.424268565624492e-09,4.937961806127708e-08,2.180817014180427e-07,1.0206423856151752e-05,1.4918906507593082e-08,2413045485.7182426
51353.09274690114,0.014017830691584982,1.4017830691584983,7.154934057379233e-12,4.452839624268206e-09,5.4721017014408037e-08,2.379168964574686e-07,1.0206423856151752e-05,1.6436947086784048e-08,2190187740.456098
56578.414043269615,0.012723208520210421,1.272320852021042,7.882968676217098e-12,4.481978289333638e-09,6.063183793628947e-08,2.5996358362776236e-07,1.0206423856151752e-05,1.810945257896859e-08,1987912105.1847029
62335.42652026719,0.011548151665911395,1.1548151665911395,8.685082871041571e-12,4.5116845607666975e-09,6.717241636935334e-08,2.937572621009955e-07,1.0206423856151752e-05,1.9952140222510275e-08,1804317712.2113607
68678.23124828521,0.0104816176324182,1.04816176324182,9.568814446693182e-12,4.5419584385215664e-09,7.437143815657546e-08,3.3084280015697035e-07,1.0206423856151752e-05,2.1982326529108666e-08,1637679248.933426
75666.43423416169,0.009513583756142176,0.9513583756142177,1.0542468200907312e-11,4.572799922559478e-09,8.23259100920025e-08,3.607114113411029e-07,1.0206423856151752e-05,2.4219090014351513e-08,1486430744.4527218
83365.70656392607,0.008634953019480767,0.8634953019480766,1.161519396799547e-11,4.6042090128476525e-09,9.112348793765121e-08,3.893942563156163e-07,1.0206423856151752e-05,2.6683450486559186e-08,1349150853.5649724
91848.40154164682,0.007837468562682774,0.7837468562682773,1.2797072603691008e-11,4.6361857093583796e-09,1.0085218280176508e-07,4.357975542728742e-07,1.0206423856151752e-05,2.939856657877427e-08,1224549499.8382664
101194.23462389657,0.007113636090937234,0.7113636090937234,1.4099210719195361e-11,4.668730012068268e-09,1.1160799568554831e-07,4.949339170079702e-07,1.0206423856151752e-05,3.2389953380187995e-08,1111455752.2648418
111491.03253946398,0.006456653447536381,0.6456653447536381,1.5533845054680257e-11,4.7018419209575685e-09,1.2349576871594704e-07,5.420423152812728e-07,1.0206423856151752e-05,3.568572221217724e-08,1008806821.5616924
122835.55863410581,0.005860346691299608,0.5860346691299607,1.7114457473087686e-11,4.735521436009626e-09,1.3663182078539143e-07,5.823794961508725e-07,1.0206423856151752e-05,3.931684480222847e-08,915638072.7163421
135334.4221964513,0.00531911207756423,0.5319112077564231,1.8855901654872796e-11,4.769768557210394e-09,1.5115873762455957e-07,6.423145708297945e-07,1.0206423856151752e-05,4.331744433830225e-08,831073959.9235313
149105.08031037904,0.004827863397523769,0.4827863397523769,2.0774542684293806e-11,4.804583284548041e-09,1.672113609972177e-07,7.332038342200254e-07,1.0206423856151752e-05,4.772511613879925e-08,754319798.7261252
164276.94164869183,0.004381984181046831,0.4381984181046831,2.288841083899964e-11,4.839965618012603e-09,1.8494107023888984e-07,8.202516743502048e-07,1.0206423856151752e-05,5.258128095159761e-08,684654298.0407592
180992.5825809061,0.003977284313811779,0.3977284313811779,2.521737102814111e-11,4.875915557595688e-09,2.044882016845985e-07,8.86964395073536e-07,1.0206423856151752e-05,5.793157420226201e-08,621422781.8893682
199409.08702343307,0.003609960661074229,0.3609960661074229,2.7783309471287043e-11,4.912433103290236e-09,2.2601351556237724e-07,9.518820609708851e-07,1.0206423856151752e-05,6.38262748493541e-08,564031037.138999
219699.5226232841,0.0032765613280355353,0.32765613280355355,3.0610339372445134e-11,4.949518255090314e-09,2.497750611494442e-07,1.0598337114222292e-06,1.0206423856151752e-05,7.032077787697704e-08,511939729.4350234
242054.5671476252,0.0029739532209540607,0.2973953220954061,3.372502752199361e-11,4.987171012990927e-09,2.760251153797142e-07,1.2043151330181326e-06,1.0206423856151752e-05,7.747611486476671e-08,464659334.8522627
266684.300363045,0.0026992926041591353,0.26992926041591353,3.715664395599711e-11,5.025391376987883e-09,3.049985766848857e-07,1.333827345419151e-06,1.0206423856151752e-05,8.535952752734472e-08,421745539.6348988
293820.17824358057,0.002449998376280845,0.2449998376280845,4.0937437019060364e-11,5.064179347077656e-09,3.36957987800465e-07,1.42819153338824e-06,1.0206423856151752e-05,9.404509961302427e-08,382795064.7947889
323717.20805996825,0.002223727814562048,0.2223727814562048,4.510293641560183e-11,5.103534923257291e-09,3.722453677996437e-07,1.5337099672846108e-06,1.0206423856151752e-05,1.0361445309998875e-07,347441876.3303197
356656.34479034046,0.0020183545593125177,0.20183545593125177,4.9692287097446264e-11,5.143458105524299e-09,4.1121119106493695e-07,1.721683753958043e-06,1.0206423856151752e-05,1.1415751523238865e-07,315353745.45175916
392947.1313724641,0.0018319486316162614,0.18319486316162611,5.474861712542081e-11,5.1839488938766e-09,4.542030125301561e-07,1.9643913922014845e-06,1.0206423856151752e-05,1.2577336360452267e-07,286229126.4881579
432930.6076090635,0.0016627582965105434,0.16627582965105434,6.031944296190212e-11,5.225007288312445e-09,5.016461158819601e-07,2.1771074065631438e-06,1.0206423856151752e-05,1.3857115723470925e-07,259794323.1362633
476982.5150624534,0.0015091936011974497,0.15091936011974497,6.645711600302188e-11,5.266633288830368e-09,5.540038358785693e-07,2.342460243397805e-06,1.0206423856151752e-05,1.5267116237854687e-07,235800916.42151973
525516.8280562155,0.0013698114335899366,0.13698114335899367,7.321931454678002e-11,5.30882689542914e-09,6.117523398772295e-07,2.523611126584346e-06,1.0206423856151752e-05,1.6820588272155922e-07,214023430.2006717
578989.64396623,0.0012433019607813697,0.12433019607813696,8.066958582029781e-11,5.35158810810773e-09,6.751205996099268e-07,2.7998888237409076e-06,1.0206423856151752e-05,1.8532130457212124e-07,194257212.26773435
637903.469359773,0.0011284763199952523,0.11284763199952524,8.887794315986995e-11,5.394916926865275e-09,7.450438596622062e-07,3.1619198027961515e-06,1.0206423856151752e-05,2.0417826875627232e-07,176316511.1512098
702811.9422613197,0.0010242554463419501,0.10242554463419502,9.792152395576619e-11,5.438813351701053e-09,8.22142264626476e-07,3.524238406438466e-06,1.0206423856151752e-05,2.249539821066831e-07,160032730.5294254
774325.0349221879,0.0009296599323921636,0.09296599323921637,1.07885314544769e-10,5.483277382614461e-09,9.07109218591793e-07,3.8088986348400364e-06,1.0206423856151752e-05,2.478436827498816e-07,145252844.8600016
853114.7859866213,0.000843800824273382,0.0843800824273382,1.1886294886256506e-10,5.528309019604989e-09,1.000713053689189e-06,4.06887569587768e-06,1.0206423856151752e-05,2.730624748411355e-07,131837961.33446887
939921.6159219211,0.0007658712677963556,0.07658712677963556,1.3095758836126757e-10,5.573908262672213e-09,1.10389557913571e-06,4.4327018006235066e-06,1.0206423856151752e-05,3.008473499887786e-07,119662014.64411363
1035561.2850613391,0.0006951389261068038,0.06951389261068038,1.4428289146101897e-10,5.620075111815779e-09,1.217787493983311e-06,4.989463310010657e-06,1.0206423856151752e-05,3.314594143641421e-07,108610582.29123135
1140932.559647438,0.0006309390976078078,0.06309390976078078,1.5896408164602559e-10,5.66680956703539e-09,1.3431550525194812e-06,5.624640265684382e-06,1.0206423856151752e-05,3.651863424261957e-07,98579809.3127637
1257025.6579169163,0.000572668469479165,0.0572668469479165,1.7513912424236634e-10,5.7141116283308e-09,1.4813184709541875e-06,6.190514316562683e-06,1.0206423856151752e-05,4.023450803195699e-07,89475432.31150323
1384931.5555983365,0.0005197794480928827,0.05197794480928827,1.9296002293625624e-10,5.761981295701798e-09,1.6336171353862406e-06,6.69811121502248e-06,1.0206423856151752e-05,4.4328482435093566e-07,81211893.62327425
1525852.2382704313,0.0004717750130453576,0.04717750130453576,2.125942482166907e-10,5.810418569148213e-09,1.8014013053573907e-06,7.276183583979722e-06,1.0206423856151752e-05,4.883903025337367e-07,73711537.29554904
1681111.9969267198,0.00042820404644741813,0.04282040464474181,2.3422631116614943e-10,5.8594234486698984e-09,1.9863219098061464e-06,8.04479982495261e-06,1.0206423856151752e-05,5.380853900393333e-07,66903879.32177169
1852169.8728955921,0.00038865709357961236,0.038865709357961235,2.580594973889304e-10,5.908995934266732e-09,2.190109062533204e-06,8.952278238151711e-06,1.0206423856151752e-05,5.928370925304689e-07,60724945.27347709
2040633.3690660584,0.00035276251507382756,0.035276251507382755,2.8431777737157466e-10,5.959136025938616e-09,2.4136073150332325e-06,9.929017615161384e-06,1.0206423856151752e-05,6.53159934810133e-07,55116669.10565303
2248273.556269261,0.00032018299446168825,0.032018299446168824,3.132479112278348e-10,6.009843723685464e-09,2.65961068663634e-06,1.0935852122746101e-05,1.0206423856151752e-05,7.196207960277844e-07,50026347.48566945
2477041.716776834,0.00029061236826968454,0.029061236826968456,3.4512176760736914e-10,6.061119027507203e-09,2.930462222849226e-06,1.188188485823176e-05,1.0206423856151752e-05,7.928442368814184e-07,45406144.517872475
2729087.6813220624,0.00026377274887210545,0.026377274887210547,3.8023887855992177e-10,6.112961937403779e-09,3.2284483494480934e-06,1.2866742748030405e-05,1.0206423856151752e-05,8.735183688774385e-07,41212642.20953216
3006780.031964518,0.00023941191306402015,0.023941191306402012,4.1892925436411913e-10,6.165372453375139e-09,3.5565293980962177e-06,1.4042519831426645e-05,1.0206423856151752e-05,9.62401320804227e-07,37406432.453684434
3312728.3606530237,0.00021730093181362395,0.021730093181362396,4.615564847730166e-10,6.218350575421242e-09,3.918182307795652e-06,1.5521460799244376e-05,1.0206423856151752e-05,1.0603283631875984e-06,33951746.694557406
3649807.792660058,0.00019723201891973393,0.019723201891973394,5.085211558201118e-10,6.271896303542057e-09,4.315790028288587e-06,1.729395342453107e-05,1.0206423856151752e-05,1.1682197576796502e-06,30816119.795392074
4021186.0053445506,0.00017901657835736964,0.017901657835736964,5.602646142949716e-10,6.326009637737551e-09,4.753729244328233e-06,1.9042093432955053e-05,1.0206423856151752e-05,1.287089405144998e-06,27970084.94988303
4430352.996149892,0.00016248343196149372,0.016248343196149373,6.172731152648605e-10,6.380690578007702e-09,5.235723153061398e-06,2.0764817194528206e-05,1.0206423856151752e-05,1.4180543737141381e-06,25386896.770191934
4881153.879579472,0.00014747721079371898,0.014747721079371896,6.800823916183588e-10,6.435939124352493e-09,5.7664574103580155e-06,2.2762726265182505e-05,1.0206423856151752e-05,1.5623453963430458e-06,23042279.949276626
5377825.021356706,0.00013385689507497523,0.013385689507497522,7.492826885728944e-10,6.491755276771901e-09,6.349992241555242e-06,2.5177266691384986e-05,1.0206423856151752e-05,1.7213184365289775e-06,20914201.135609552
5925033.849337638,0.0001214944889632646,0.01214944889632646,8.255243104575981e-10,6.548139035265919e-09,6.993005705865168e-06,2.7926055885221777e-05,1.0206423856151752e-05,1.8964674308704428e-06,18982661.87649565
6527922.715295823,0.00011027381772284039,0.011027381772284038,9.095237318969087e-10,6.60509039983453e-09,7.70069212392674e-06,3.069116976979974e-05,1.0206423856151752e-05,2.089438328218469e-06,17229510.68419182
7192157.21976725,0.00010008943598129752,0.010008943598129752,1.0020703308243087e-09,6.662609370477727e-09,8.478771404931302e-06,3.3404541399676413e-05,1.0206423856151752e-05,2.3020445573510247e-06,15638272.458733551
7923979.454084281,9.084563681500736e-05,0.009084563681500736,1.1040338065991586e-09,6.720695947195504e-09,9.335500331315727e-06,3.664764252646841e-05,1.0206423856151752e-05,2.536284068526853e-06,14193993.664483268
8730266.659936218,8.245555235085799e-05,0.008245555235085798,1.2163723529377778e-09,6.7793501299878505e-09,1.027447640932183e-05,4.066380373637693e-05,1.0206423856151752e-05,2.794358109065317e-06,12883101.80545958
9618595.857705383,7.484033743227163e-05,0.007484033743227162,1.340141662463279e-09,6.8385719188547616e-09,1.1305001513417876e-05,4.5016969538068696e-05,1.0206423856151752e-05,3.078691909394377e-06,11693277.87887737
10597315.050918149,6.792842867806903e-05,0.006792842867806903,1.4765048474936745e-09,6.898361313796234e-09,1.244091761410699e-05,4.9195809620243466e-05,1.0206423856151752e-05,3.391957473962131e-06,10613340.608291458
11675621.67594922,6.165487197124318e-05,0.006165487197124318,1.6267433702980878e-09,6.958718314812262e-09,1.3689371144680746e-05,5.3124704410726975e-05,1.0206423856151752e-05,3.7370986911877273e-06,9633141.368433718
12863649.034204032,5.596071205777139e-05,0.005596071205777139,1.7922690855372855e-09,7.019642921902845e-09,1.5061835039596664e-05,5.7626054195873944e-05,1.0206423856151752e-05,4.117358998420431e-06,8743468.814308131
14172561.51901903,5.079243851926824e-05,0.005079243851926823,1.97463750805643e-09,7.081135135067979e-09,1.657274503487578e-05,6.341271530123907e-05,1.0206423856151752e-05,4.536311861886156e-06,7935962.31830312
15614659.53216682,4.6101482913052494e-05,0.0046101482913052496,2.1755624307130633e-09,7.1431949543076604e-09,1.8232640013883082e-05,7.020730661561682e-05,1.0206423856151752e-05,4.997894358054256e-06,7203033.401853508
17203495.0759112,4.1843762354039725e-05,0.004184376235403972,2.3969320296102466e-09,7.205822379621891e-09,2.005819884843687e-05,7.749098470136657e-05,1.0206423856151752e-05,5.506444172002982e-06,6537794.423312008
18953999.106878612,3.797926524930965e-05,0.0037979265249309647,2.6408266080824285e-09,7.269017411010663e-09,2.2068401190956852e-05,8.506467218099696e-05,1.0206423856151752e-05,6.06674036047256e-06,5933993.8518805895
20882621.84854504,3.447167529231851e-05,0.003447167529231851,2.9095381461819126e-09,7.332780048473982e-09,2.4274647739167152e-05,9.325127378225619e-05,1.0206423856151752e-05,6.6840482626738814e-06,5385957.519343013
23007487.380912412,3.128803018327564e-05,0.0031288030183275637,3.2055918393804386e-09,7.3971102920118444e-09,2.6705277054931984e-05,0.00010297538197285067,1.0206423856151752e-05,7.3641689808980305e-06,4888535.297517025
25348563.960120186,2.8398411868532052e-05,0.0028398411868532053,3.5317698288943684e-09,7.462008141624246e-09,2.93730622617143e-05,0.00011406919746669441,1.0206423856151752e-05,8.113493895917284e-06,4437052.700331138
27927851.668556552,2.5775665388032575e-05,0.0025775665388032575,3.891137346637195e-09,7.527473597311192e-09,3.231128019820895e-05,0.00012522835083320698,1.0206423856151752e-05,8.939064729481527e-06,4027266.955710704
30769589.158896174,2.3395143688722073e-05,0.002339514368872207,4.287071520494509e-09,7.593506659072678e-09,3.554038994774589e-05,0.00013657084031025815,1.0206423856151752e-05,9.848639718342573e-06,3655327.134462224
33900481.4349258,2.1234476005809456e-05,0.0021234476005809457,4.723293110616786e-09,7.660107326908701e-09,3.909100022115344e-05,0.00014913521457350385,1.0206423856151752e-05,1.0850766521671771e-05,3317737.961470164
37349950.80971001,1.9273357635271004e-05,0.0019273357635271006,5.203901474969282e-09,7.727275600819272e-09,4.2996710936015976e-05,0.0001653493096405942,1.0206423856151752e-05,1.1954862547012555e-05,3011326.9691248923
41150413.39945534,1.7493359121997273e-05,0.0017493359121997273,5.733413092724873e-09,7.795011480804376e-09,4.728639558801516e-05,0.0001850975484226945,1.0206423856151752e-05,1.3171303449624321e-05,2733214.684308774
45337583.75140455,1.587775307044279e-05,0.0015877753070442791,6.316804007520708e-09,7.863314966864017e-09,5.199378259860566e-05,0.00020506543170558322,1.0206423856151752e-05,1.4511520636884059e-05,2480787.568774735
49950810.468476236,1.4411356950246506e-05,0.0014411356950246505,6.9595565894356455e-09,7.932186058998198e-09,5.7148616465091996e-05,0.00022280901410714406,1.0206423856151752e-05,1.598810869403513e-05,2251673.4586268445
55033445.98465368,1.3080390419601506e-05,0.0013080390419601506,7.667711055130173e-09,8.00162475720692e-09,6.282938011442208e-05,0.00023897279676652242,1.0206423856151752e-05,1.7614943740807644e-05,2043719.2720973976
60633253.96606315,1.1872345825579986e-05,0.0011872345825579985,8.447922230305954e-09,8.071631061490182e-09,6.906696795089543e-05,0.0002575105663439849,1.0206423856151752e-05,1.9407313831158874e-05,1854970.7761308628
66802858.16625559,1.0775870664452293e-05,0.0010775870664452292,9.307522087905001e-09,8.142204971847978e-09,7.592543713793498e-05,0.0002834145946385216,1.0206423856151752e-05,2.1382062621553454e-05,1683654.2216330164
73600236.95377828,9.780660897428902e-06,0.0009780660897428903,1.025458864974685e-08,8.213346488280317e-09,8.345719621782111e-05,0.0003158246284583731,1.0206423856151752e-05,2.3557747657895906e-05,1528159.674803792
81089268.15931703,8.877364119269219e-06,0.0008877364119269219,1.1298021899101018e-08,8.28505561078719e-09,9.174110842054445e-05,0.0003494401225687653,1.0206423856151752e-05,2.5954814768603523e-05,1387025.8879114685
89340329.36256847,8.057491669791461e-06,0.0008057491669791461,1.2447627417577344e-08,8.357332339368604e-09,0.00010085070767365993,0.0003820050455456728,1.0206423856151752e-05,2.859579020266528e-05,1258926.5673324394
98430959.25999086,7.313338862358537e-06,0.0007313338862358536,1.3714208532305284e-08,8.430176674024555e-09,0.00011083868359171611,0.000414443265751337,1.0206423856151752e-05,3.1505492318288795e-05,1142657.909811559
108446586.32858483,6.637912579693413e-06,0.0006637912579693413,1.5109667839348026e-08,8.503588614755043e-09,0.00012184748263691989,0.00045059339995509075,1.0206423856151752e-05,3.471126481146304e-05,1037127.2898160535
119481331.63326325,6.024865556611476e-06,0.0006024865556611476,1.6647119057409542e-08,8.577568161560067e-09,0.00013392447778957884,0.0004982794977476173,1.0206423856151752e-05,3.8243233676183126e-05,941342.991673318
131638893.32213077,5.468436732096867e-06,0.0005468436732096867,1.8341010262971184e-08,8.652115314439631e-09,0.0001472029201343417,0.0005571293638714797,1.0206423856151752e-05,4.2134590311101426e-05,854404.8900011469
145033521.12164643,4.963397110186281e-06,0.0004963397110186281,2.0207259664950123e-08,8.72723007339373e-09,0.00016179639614210392,0.0006200626432626081,1.0206423856151752e-05,4.642190343307676e-05,775495.9908504982
159791089.9894116,4.505000620892077e-06,0.0004505000620892077,2.22634051948114e-08,8.80291243842237e-09,0.0001778454466203645,0.0006813843564524496,1.0206423856151752e-05,5.114546272880514e-05,703874.7540693338
176050283.0141474,4.088939519384204e-06,0.0004088939519384203,2.4528769317894433e-08,8.87916240952555e-09,0.00019548031836189185,0.0007398741539130136,1.0206423856151752e-05,5.6349657473970095e-05,638868.1247375758
193963894.67907894,3.7113039042980473e-06,0.0003711303904298047,2.7024640614756465e-08,8.955979986703266e-09,0.00021486420830052808,0.0008050665381240399,1.0206423856151752e-05,6.208339367795842e-05,579865.2081866
213700266.73602933,3.3685449747450154e-06,0.0003368544974745015,2.9774473838927822e-08,9.03336516995552e-09,0.00023614796870254006,0.0008899448133956565,1.0206423856151752e-05,6.840055367422276e-05,526311.5291648123
235444870.18374926,3.0574416807362094e-06,0.00030574416807362093,3.2804110331107465e-08,9.11131795928231e-09,0.0002595714655617736,0.000997697781157767,1.0206423856151752e-05,7.536050247525856e-05,477703.8212002247
259402048.2169873,2.775070453619417e-06,0.0002775070453619417,3.6142020861122354e-08,9.189838354683638e-09,0.00028529714801852794,0.0011174267842137973,1.0206423856151752e-05,8.302864565062286e-05,433585.29719351075
285796936.52553666,2.518777732073415e-06,0.0002518777732073415,3.981957317974014e-08,9.268926356159502e-09,0.0003136023585801134,0.001230175402540515,1.0206423856151752e-05,9.147704397061265e-05,393541.3567972872
314877578.9891112,2.2861550254748827e-06,0.00022861550254748826,4.3871326794631314e-08,9.348581963709908e-09,0.00034447619070195274,0.0013289487586417197,1.0206423856151752e-05,0.00010078509059166651,357195.69024207117
346917258.65012807,2.075016280297865e-06,0.00020750162802978645,4.833535774061485e-08,9.428805177334848e-09,0.00037845004601313065,0.0014251186612507939,1.0206423856151752e-05,0.000111040257147286,324206.7419949225
382217065.86953235,1.8833773368482734e-06,0.00018833773368482734,5.3253616396190726e-08,9.509595997034327e-09,0.000415806632175547,0.00153956695903267,1.0206423856151752e-05,0.00012233891575580844,294264.501018277
421108727.79969686,1.7094372832797866e-06,0.00017094372832797864,5.867232170891029e-08,9.59095442280834e-09,0.0004568026049180429,0.0016958706389409487,1.0206423856151752e-05,0.00013478724466978184,267087.5874656921
463957725.7641646,1.5515615316668614e-06,0.00015515615316668614,6.464239553428946e-08,9.672880454656895e-09,0.0005018019866866529,0.0018936929175973813,1.0206423856151752e-05,0.00014850222607771613,242420.60843694027
511166729.8395283,1.40826645709377e-06,0.000140826645709377,7.121994116992517e-08,9.755374092579984e-09,0.0005512162774505459,0.002093772130862009,1.0206423856151752e-05,0.0001636127454349627,220031.7579433949
563179382.9157096,1.2782054554064904e-06,0.00012782054554064904,7.846677058180857e-08,9.838435336577617e-09,0.0006054506356594935,0.002281853526459068,1.0206423856151752e-05,0.00018026080265461355,199710.63852953853
620484469.7949897,1.1601562886064897e-06,0.00011601562886064897,8.645098527739533e-08,9.922064186649781e-09,0.0006648501822542504,0.0024560823674461348,1.0206423856151752e-05,0.0001986028465404733,181266.28407948598
683620510.5086261,1.0530095989655617e-06,0.00010530095989655616,9.524761628414884e-08,1.0006260642796488e-08,0.0007299539756570016,0.002646680173268464,1.0206423856151752e-05,0.00021881124500234994,164525.36522797708
753180821.0163321,9.557584839241562e-07,9.557584839241562e-05,1.0493932924769753e-07,1.0091024705017731e-08,0.000801070623021333,0.0028943140866039274,1.0206423856151752e-05,0.0002410759048698791,149330.56051135025
829819088.8461925,8.674890338040262e-07,8.674890338040262e-05,1.1561720127571687e-07,1.0176356373313511e-08,0.0008789064565867788,0.0032166483672173667,1.0206423856151752e-05,0.00026560605652697114,135539.0779515013
914255516.0716082,7.873717434141668e-07,7.873717434141667e-05,1.2738157682785934e-07,1.026225564768383e-08,0.0009636690623084493,0.0036129859028305577,1.0206423856151752e-05,0.00029263222013782786,123021.31317954064
1007283587.3534485,7.146537168412411e-07,7.14653716841241e-05,1.4034301069489568e-07,1.0348722528128682e-08,0.0010560023080069779,0.004040981954102992,1.0206423856151752e-05,0.0003224083719419946,111659.63148896412
1109777526.6495228,6.486515921696606e-07,6.486515921696606e-05,1.546233069286351e-07,1.0435757014648075e-08,0.001156349770402466,0.004454569337655573,1.0206423856151752e-05,0.0003552143309760256,101347.26237278344
1222700512.6652236,5.887451196419174e-07,5.887451196419174e-05,1.7035666348588842e-07,1.0523359107242002e-08,0.0012650898549531472,0.004845423992294773,1.0206423856151752e-05,0.00039135838865079407,91987.29615611359
1347113730.2494135,5.343713329104303e-07,5.343713329104303e-05,1.8769093334317895e-07,1.0611528805910472e-08,0.001382943480113691,0.0052509034075471405,1.0206423856151752e-05,0.00043118020589570145,83491.77329515
1484186342.7952623,4.850192586057387e-07,4.8501925860573866e-05,2.0678901393341613e-07,1.0700266110653478e-08,0.0015099990476781884,0.0057284800525037064,1.0206423856151752e-05,0.00047505400509544553,75780.85778429982
1635206479.3609757,4.402251145045826e-07,4.402251145045826e-05,2.2783037796166717e-07,1.078957102147102e-08,0.00164721238079635,0.006321058222820259,1.0206423856151752e-05,0.0005233920868153497,68782.08690361922
1801593339.760958,3.9956795117306244e-07,3.995679511730624e-05,2.5101275998573864e-07,1.0879443538363103e-08,0.001794531624111139,0.007108661816698442,1.0206423856151752e-05,0.0005766487043633876,62429.69025612139
1984910531.384053,3.6266569612755915e-07,3.626656961275591e-05,2.7655401461107654e-07,1.096988366132972e-08,0.001952998207150103,0.008034474875092125,1.0206423856151752e-05,0.0006353243325997901,56663.971695662236
2186880763.070584,3.2917156333872184e-07,3.291715633387218e-05,3.046941637622284e-07,1.1060891390370879e-08,0.0021226682606102438,0.008981278880786212,1.0206423856151752e-05,0.000699970371110048,51430.74833711804
2409402034.1327124,2.9877079433712736e-07,2.9877079433712736e-05,3.3569765226993503e-07,1.115246672548657e-08,0.0023038390267331485,0.009837769235971265,1.0206423856151752e-05,0.0007711943259389975,46680.84137699899
2654565470.6531796,2.7117770029540586e-07,2.7117770029540587e-05,3.698558329705565e-07,1.1244609666676804e-08,0.0024976026665178034,0.010596060267345619,1.0206423856151752e-05,0.000849665518580929,42369.61393952469
2924674976.6776342,2.4613297729003196e-07,2.4613297729003198e-05,4.0748970467135825e-07,1.1337320213941572e-08,0.0027030603988082843,0.01134824622903304,1.0206423856151752e-05,0.0009361213758755076,38456.55160510677
3222268884.9710717,2.2340126951316898e-07,2.2340126951316897e-05,4.489529287114682e-07,1.1430598367280878e-08,0.0029224449495706094,0.012234757200365608,1.0206423856151752e-05,0.0010313743599182975,34904.88167928841
3550143810.799645,2.0276895753504073e-07,2.0276895753504073e-05,4.946351524663969e-07,1.1524444126694724e-08,0.003155527313644147,0.013496920444502134,1.0206423856151752e-05,0.0011363196031091807,31681.227624250558
3911380932.9019213,1.8404215083219856e-07,1.8404215083219856e-05,5.449656710284987e-07,1.16188574921831e-08,0.003403109440505094,0.015081071047058772,1.0206423856151752e-05,0.001251943320088438,28755.295405431723
4309374948.622941,1.6704486571662824e-07,1.670448657166282e-05,6.004174614737253e-07,1.171383846374602e-08,0.0036659356101370116,0.016818055061480663,1.0206423856151752e-05,0.0013793320756110134,26099.588805728894
4747865975.31451,1.516173715429353e-07,1.516173715429353e-05,6.615116276263572e-07,1.1809387041383478e-08,0.003944023909575039,0.018460585208017355,1.0206423856151752e-05,0.0015161737154293533,23689.151031968082
5230974697.7929125,1.3761468965220736e-07,1.3761468965220736e-05,7.288222970910756e-07,1.1905503225095477e-08,0.004239741765848434,0.019915013249630548,1.0206423856151752e-05,0.0013761468965220738,21501.330185409457
5763241092.1491995,1.249052309465115e-07,1.249052309465115e-05,8.029820165718084e-07,1.2002187014882007e-08,0.00455205383446873,0.021272006411546224,1.0206423856151752e-05,0.001249052309465115,19515.566392317112
6349667089.816237,1.1336955929073031e-07,1.133695592907303e-05,8.846876961794633e-07,1.2099438410743076e-08,0.004882694418952313,0.022754730468322982,1.0206423856151752e-05,0.001133695592907303,17713.19859416801
6995763582.824563,1.0289926912090924e-07,1.0289926912090923e-05,9.747071585896898e-07,1.2197257412678683e-08,0.005233131422906129,0.024721629422121912,1.0206423856151752e-05,0.0010289926912090924,16077.28918182746
7707602211.975292,9.339596671152501e-08,9.3395966711525e-06,1.0738863545958748e-06,1.229564402068883e-08,0.005603284892918234,0.027284710959093034,1.0206423856151752e-05,0.00093395966711525,14592.464825704008
8491872424.605372,8.477034552821531e-08,8.477034552821532e-06,1.1831573128649582e-06,1.2394598234773512e-08,0.005995826194824864,0.030409066459542514,1.0206423856151752e-05,0.0008477034552821532,13244.772006097894
9355944338.14098,7.694134697667049e-08,7.694134697667048e-06,1.3035468986032746e-06,1.2494120054932731e-08,0.006411212551953487,0.03372699218820147,1.0206423856151752e-05,0.000769413469766705,12021.545886100916
10307938000.194365,6.983539866089099e-08,6.983539866089099e-06,1.4361864634412847e-06,1.2594209481166493e-08,0.0068502432266978434,0.036927040081445005,1.0206423856151752e-05,0.0006983539866089099,10911.291294791168
11356799696.070377,6.338572299240277e-08,6.338572299240277e-06,1.5823224772212274e-06,1.2694866513474788e-08,0.007317583455651678,0.040093159317999005,1.0206423856151752e-05,0.0006338572299240277,9903.574702271555
12512386020.776596,5.753170965313953e-08,5.753170965313953e-06,1.7433282415990924e-06,1.2796091151857617e-08,0.007812282899353491,0.04332427416421424,1.0206423856151752e-05,0.0005753170965313953,8988.926171395973
13785556505.5971,5.2218346014761874e-08,5.221834601476188e-06,1.9207167955385615e-06,1.289788339631499e-08,0.008337763961462479,0.0466180831404114,1.0206423856151752e-05,0.0005221834601476188,8158.750364782338
15188275669.680408,4.7395700161825426e-08,4.739570016182542e-06,2.1161551339752245e-06,1.3000243246846898e-08,0.008898651814748493,0.05048810097318229,1.0206423856151752e-05,0.0004739570016182543,7405.245770808064
16733725455.664097,4.3018451660545214e-08,4.301845166054522e-06,2.3314798732699458e-06,1.3103170703453345e-08,0.009494513331867838,0.054793948731702735,1.0206423856151752e-05,0.00043018451660545217,6721.331389520173
18436429105.940273,3.904546566359644e-08,3.904546566359644e-06,2.568714510666154e-06,1.3206665766134327e-08,0.010132126531586823,0.05951520913940682,1.0206423856151752e-05,0.00039045465663596445,6100.580189497149
20312387643.679817,3.543940634863299e-08,3.5439406348632992e-06,2.8300884399454958e-06,1.331072843488985e-08,0.010813706710494668,0.06411549340187238,1.0206423856151752e-05,0.00035439406348632997,5537.158710328361
22379230241.18472,3.216638605784382e-08,3.2166386057843817e-06,3.1180579019799387e-06,1.3415358709719908e-08,0.011543339362565186,0.06878897006621937,1.0206423856151752e-05,0.0003216638605784382,5025.772243130277
24656379888.643436,2.919564684136308e-08,2.9195646841363077e-06,3.4353290670615137e-06,1.3520556590624507e-08,0.012331105614089118,0.07365658827152168,1.0206423856151752e-05,0.0002919564684136308,4561.615073937603
27165235920.148323,2.6499271411863757e-08,2.6499271411863755e-06,3.7848834659240596e-06,1.3626322077603639e-08,0.013176015446399398,0.07851148278716677,1.0206423856151752e-05,0.00026499271411863757,4140.325322385558
29929375112.24878,2.4051920794053406e-08,2.4051920794053404e-06,4.170006008442977e-06,1.3732655170657313e-08,0.014085225519092028,0.08285012156791202,1.0206423856151752e-05,0.00024051920794053406,3757.9439512834206
32974773244.848213,2.1830596203653576e-08,2.1830596203653575e-06,4.5943158533165294e-06,1.3839555869785523e-08,0.015075133767375097,0.08667392393292363,1.0206423856151752e-05,0.00021830596203653574,3410.8775618749696
36330049206.54543,1.981442291813981e-08,1.9814422918139813e-06,5.061800418824065e-06,1.3947024174988267e-08,0.01614272770140121,0.08980915877728754,1.0206423856151752e-05,0.00019814422918139815,3095.864625157295
40026733938.381966,1.7984454108183984e-08,1.7984454108183986e-06,5.576852854274646e-06,1.4055060086265551e-08,0.017298668345017046,0.09300023603550571,1.0206423856151752e-05,0.00017984454108183986,2809.944831919365
44099566743.37146,1.632349278632135e-08,1.6323492786321348e-06,6.144313324280889e-06,1.4163663603617372e-08,0.018560198754155186,0.09562684844677057,1.0206423856151752e-05,0.0001632349278632135,2550.4312734699033
48586821746.35832,1.481593019961788e-08,1.4815930199617878e-06,6.769514493823953e-06,1.4272834727043737e-08,0.019929604429926785,0.09898809076963946,1.0206423856151752e-05,0.00014815930199617877,2314.8851916249887
53530667572.08507,1.344759914764653e-08,1.344759914764653e-06,7.458331641551809e-06,1.438257345654463e-08,0.02142052703967094,0.10238738231138927,1.0206423856151752e-05,0.0001344759914764653,2101.0930606705106
58977563621.51554,1.2205640847339275e-08,1.2205640847339275e-06,8.217237872246673e-06,1.4492879792120068e-08,0.023052329203065124,0.10527826179798826,1.0206423856151752e-05,0.00012205640847339275,1907.045785928952
64978696670.38832,1.1078384093588176e-08,1.1078384093588174e-06,9.053364947316265e-06,1.4603753733770041e-08,0.02482713092217275,0.10692271121974586,1.0206423856151752e-05,0.00011078384093588176,1730.9198234507417
71590461892.90251,1.005523558001639e-08,1.005523558001639e-06,9.97457030495886e-06,1.4715195281494551e-08,0.02676483768986588,0.10717438993744882,1.0206423856151752e-05,0.00010055235580016392,1571.0600434038886
78874992830.9157,9.126580349217685e-09,9.126580349217684e-07,1.0989510899818519e-05,1.4827204435293601e-08,0.028891647346411524,0.10674761568820344,1.0206423856151752e-05,9.126580349217685e-05,1425.9641761220319
86900745289.00018,8.283691436952958e-09,8.283691436952957e-07,1.2107724556033196e-05,1.4939781195167187e-08,0.031206844760614118,0.10615473715353317,1.0206423856151752e-05,8.283691436952957e-05,1294.2686946438027
95743140642.46387,7.518647861192575e-09,7.518647861192575e-07,1.3339719598184324e-05,1.505292556111531e-08,0.033733772824735636,0.10544650857606445,1.0206423856151752e-05,7.518647861192576e-05,1174.7360010758205
105485274603.77194,6.824260185312919e-09,6.82426018531292e-07,1.4697073602447684e-05,1.5166637533137972e-08,0.0365032336973322,0.10532087129193805,1.0206423856151752e-05,6.82426018531292e-05,1066.2427963641671
116218698107.94592,6.194002955933162e-09,6.194002955933163e-07,1.6192542195951693e-05,1.5280917111235165e-08,0.03952038099571296,0.10505196805368541,1.0206423856151752e-05,6.194002955933162e-05,967.7695241801889
128044277655.25256,5.621953380481984e-09,5.621953380481984e-07,1.784017892677697e-05,1.5395764295406905e-08,0.042803147945636326,0.10456170604341145,1.0206423856151752e-05,5.621953380481984e-05,878.3907897203406
141073143196.17606,5.102735668222026e-09,5.102735668222025e-07,1.9655467331064825e-05,1.5511179085653176e-08,0.04639572691093503,0.10264258046288798,1.0206423856151752e-05,5.102735668222026e-05,797.2666633815853
155427732466.3592,4.63147051168058e-09,4.63147051168058e-07,2.165546643832641e-05,1.562716148197399e-08,0.05028999882605265,0.09951996814941114,1.0206423856151752e-05,4.6314705116805795e-05,723.6347875892194
171242941585.5598,4.203729233742756e-09,4.203729233742756e-07,2.3858971082326097e-05,1.5743711484369338e-08,0.05450527075222306,0.09576197271536271,1.0206423856151752e-05,4.2037292337427565e-05,656.8032126017405
188667392733.29102,3.81549216950778e-09,3.81549216950778e-07,2.6286688524048548e-05,1.5860829092839225e-08,0.05911713950746266,0.09179980198031935,1.0206423856151752e-05,3.8154921695077805e-05,596.1438939677553
207864830814.022,3.463110891805374e-09,3.4631108918053736e-07,2.896143304654938e-05,1.597851430738365e-08,0.06409105699616248,0.08797079546560854,1.0206423856151752e-05,3.4631108918053736e-05,541.0867905278218
229015662236.9959,3.143273925389338e-09,3.1432739253893376e-07,3.190834035037978e-05,1.609676712800261e-08,0.06944742428809202,0.0845350813743397,1.0206423856151752e-05,3.1432739253893384e-05,491.11450749763884
252318650271.2211,2.8529756276103004e-09,2.8529756276103003e-07,3.515510376434845e-05,1.621558755469611e-08,0.07526685214150859,0.08124058858700121,1.0206423856151752e-05,2.8529756276103005e-05,445.7574342913972
277992782907.60596,2.589487943126114e-09,2.5894879431261137e-07,3.873223449139364e-05,1.6334975587464153e-08,0.08154315583829702,0.07797447187905172,1.0206423856151752e-05,2.5894879431261137e-05,404.5893313933603
306279330781.3193,2.350334767217099e-09,2.3503347672170991e-07,4.267334833520459e-05,1.6454931226306728e-08,0.0882768232694381,0.07407237675014818,1.0206423856151752e-05,2.3503347672170992e-05,367.2233248056576
337444114493.54297,2.1332686767873545e-09,2.1332686767873545e-07,4.701548160208367e-05,1.657545447122384e-08,0.09554288870711768,0.06953842858886647,1.0206423856151752e-05,2.1332686767873546e-05,333.30827043042126
371780002639.58997,1.9362498103836017e-09,1.9362498103836016e-07,5.1799439146711606e-05,1.6696545322215483e-08,0.10337293693482358,0.06438005472969018,1.0206423856151752e-05,1.9362498103836015e-05,302.52545422084216
409609664018.4221,1.7574266987581264e-09,1.7574266987581264e-07,5.707017783254982e-05,1.681820377928167e-08,0.11175735873028528,0.05914881537737638,1.0206423856151752e-05,1.7574266987581266e-05,274.5855970910623
451288599887.2127,1.5951188658327066e-09,1.5951188658327066e-07,6.287722901041545e-05,1.69404298424224e-08,0.12074711027336821,0.05410590947648799,1.0206423856151752e-05,1.595118865832707e-05,249.2261364388052
497208484756.3582,1.4478010365572619e-09,1.4478010365572617e-07,6.927516398544202e-05,1.7063223511637662e-08,0.13046169522540416,0.049540522032031596,1.0206423856151752e-05,1.4478010365572618e-05,226.20875873403847
547800847119.77844,1.31408880325795e-09,1.31408880325795e-07,7.632410684661274e-05,1.7186584786927466e-08,0.14083602845520024,0.04550014376470833,1.0206423856151752e-05,1.31408880325795e-05,205.3171599863833
603541124709.8776,1.192725615775325e-09,1.1927256157753248e-07,8.409029947814105e-05,1.7310513668291802e-08,0.15190935447466986,0.04185341727868805,1.0206423856151752e-05,1.192725615775325e-05,186.3550130454385
664953132386.1162,1.0825709731333708e-09,1.0825709731333707e-07,9.264672406235014e-05,1.7435010155730677e-08,0.16384188247806633,0.0380737961723279,1.0206423856151752e-05,1.0825709731333708e-05,169.14412263187683
732613984643.8054,9.825897057716063e-10,9.825897057716063e-08,0.00010207378892397055,1.7560074249244097e-08,0.17659856192408677,0.034617066187085155,1.0206423856151752e-05,9.825897057716063e-06,153.52275076137377
807159519002.0353,8.918422476208272e-10,8.918422476208272e-08,0.0001124600841610265,1.7685705948832043e-08,0.1902004967942993,0.031281110204830376,1.0206423856151752e-05,8.918422476208273e-06,139.3440968246628
889290271236.5731,8.094758066051313e-10,8.094758066051312e-08,0.00012390321416328972,1.7811905254494534e-08,0.20471699105270938,0.028022821987490606,1.0206423856151752e-05,8.094758066051312e-06,126.47491804039684
979778058609.5328,7.347163505956848e-10,7.347163505956848e-08,0.00013651071484182964,1.7938672166231557e-08,0.22020649035601197,0.02496432064009539,1.0206423856151752e-05,7.347163505956847e-06,114.7942773166257
1079473232961.1716,6.668613335048893e-10,6.668613335048893e-08,0.0001504010641892493,1.806600668404312e-08,0.2367532302200292,0.022128396495359557,1.0206423856151752e-05,6.668613335048894e-06,104.19240675402045
1189312671824.2192,6.052730931649539e-10,6.05273093164954e-08,0.00016570479566727344,1.8193908807929226e-08,0.2542147738925097,0.019612526350131408,1.0206423856151752e-05,6.05273093164954e-06,94.56967611070019
1310328582656.517,5.493728589480225e-10,5.493728589480224e-08,0.00018256572488464809,1.8322378537889862e-08,0.2729432475703305,0.017371150471562985,1.0206423856151752e-05,5.493728589480225e-06,85.83565653490056
1443658202929.167,4.98635312814858e-10,4.98635312814858e-08,0.00020114230109297764,1.8451415873925043e-08,0.292699418034167,0.015394993934011789,1.0206423856151752e-05,4.98635312814858e-06,77.90827076697347
1590554487225.8972,4.525836526800377e-10,4.525836526800377e-08,0.00022160909620105924,1.8581020816034753e-08,0.31363150014335234,0.013604290615807231,1.0206423856151752e-05,4.525836526800377e-06,70.7130218248185
1752397881784.8777,4.107851117019839e-10,4.1078511170198386e-08,0.0002441584453006184,1.8711193364219006e-08,0.3358253945220642,0.011970750691833914,1.0206423856151752e-05,4.107851117019839e-06,64.18229292437303
1930709297133.2993,3.728468913907243e-10,3.728468913907243e-08,0.0002690022541201545,1.8841933518477803e-08,0.35910048057060256,0.010481125626823674,1.0206423856151752e-05,3.7284689139072428e-06,58.25471205622031
2127164400724.0125,3.384124703150852e-10,3.384124703150852e-08,0.00029637399039229905,1.8973241278811123e-08,0.38385265529589696,0.00914917553755129,1.0206423856151752e-05,3.384124703150852e-06,52.87457524697481
2343609363888.1675,3.0715825372067904e-10,3.07158253720679e-08,0.00032653087784840763,1.9105116645218992e-08,0.4098064275725373,0.007950925444685725,1.0206423856151752e-05,3.0715825372067904e-06,47.99132308558862
2582078211084.6016,2.7879053257373805e-10,2.7879053257373805e-08,0.0003597563134582754,1.9237559617701392e-08,0.4371192310017473,0.006896287732098345,1.0206423856151752e-05,2.7879053257373805e-06,43.55906559527631
2844811934484.1484,2.5304272345365194e-10,2.5304272345365194e-08,0.0003963625306307924,1.9370570196258335e-08,0.46588540223044744,0.005965472338851299,1.0206423856151752e-05,2.530427234536519e-06,39.53615098608009
3134279553516.6943,2.2967286335631156e-10,2.2967286335631156e-08,0.0004366935334027612,1.9504148380889817e-08,0.49591607112550684,0.005152228519394568,1.0206423856151752e-05,2.2967286335631155e-06,35.88477423546093
3453201317286.412,2.084613358658739e-10,2.084613358658739e-08,0.0004811283291896831,1.963829417159582e-08,0.5276222907746408,0.004441893783216822,1.0206423856151752e-05,2.0846133586587387e-06,32.57062181858285
3804574267898.0737,1.8920880732682446e-10,1.8920880732682446e-08,0.0005300844904780393,1.977300756837638e-08,0.5607393507693078,0.003829853509158098,1.0206423856151752e-05,1.8920880732682448e-06,29.56254924967102
4191700404923.5938,1.7173435362168794e-10,1.7173435362168793e-08,0.0005840220789297629,1.9908288571231464e-08,0.5954253035285223,0.0032955724057763132,1.0206423856151752e-05,1.7173435362168796e-06,26.832288404165666
4618217715682.493,1.558737599509074e-10,1.558737599509074e-08,0.0006434479687754103,2.00441371801611e-08,0.631784633929125,0.0028328677307544424,1.0206423856151752e-05,1.558737599509074e-06,24.354181871251665
5088134362940.568,1.4147797763722877e-10,1.4147797763722875e-08,0.0007089206101247308,2.0180553395165262e-08,0.6696466585620776,0.002426095874047419,1.0206423856151752e-05,1.4147797763722876e-06,22.10494184036578
5605866351303.152,1.284117234525188e-10,1.2841172345251878e-08,0.0007810552769575023,2.0317537216243966e-08,0.709393266743055,0.0020746189957032727,1.0206423856151752e-05,1.284117234525188e-06,20.06343125583473
6176279026269.886,1.1655220830430551e-10,1.165522083043055e-08,0.000860529849112196,2.0455088643397202e-08,0.7508057113292768,0.0017689009625704343,1.0206423856151752e-05,1.165522083043055e-06,18.210465183062652
6804732795935.053,1.057879833349729e-10,1.057879833349729e-08,0.000948091182608259,2.0593207676624984e-08,0.7940223350665281,0.0015080960275240913,1.0206423856151752e-05,1.0578798333497292e-06,16.528630519622443
7497133504999.561,9.601789258991769e-11,9.601789258991768e-09,0.0010445621281666084,2.0731894315927304e-08,0.8391462300378781,0.0012844463601827025,1.0206423856151752e-05,9.60178925899177e-07,15.002122357000024
8259987934480.462,8.715012241244863e-11,8.715012241244863e-09,0.0011508492638843473,2.087114856130416e-08,0.8860467464893931,0.0010940116778617008,1.0206423856151752e-05,8.715012241244862e-07,13.616595455213846
9100464948671.975,7.910133863219477e-11,7.910133863219478e-09,0.0012679514147308736,2.101097041275555e-08,0.9350330364253647,0.0009200475813814152,1.0206423856151752e-05,7.910133863219478e-07,12.359029434554436
10026462863981.904,7.179590343881616e-11,7.179590343881615e-09,0.0013969690389267013,2.1151359870281474e-08,0.9859714771497684,0.0007799148540221087,1.0206423856151752e-05,7.179590343881616e-07,11.217606417593654
11046683672736.834,6.516516458164993e-11,6.516516458164993e-09,0.0015391145694127518,2.129231693388194e-08,1.0389782630204079,0.0006609485494386913,1.0206423856151752e-05,6.516516458164994e-07,10.181599971614153
12170714819468.053,5.914681021560441e-11,5.914681021560441e-09,0.001695723807593203,2.1433841603556947e-08,1.0941661531417026,0.0005604368877972667,1.0206423856151752e-05,5.914681021560441e-07,9.241274307804687
13409119298164.941,5.368428333051185e-11,5.368428333051185e-09,0.0018682684764237678,2.1575933879306487e-08,1.151485809949645,0.00047494577016968394,1.0206423856151752e-05,5.368428333051186e-07,8.387792789953025
14773534917177.396,4.872625026108889e-11,4.8726250261088886e-09,0.0020583700508120307,2.171859376113057e-08,1.211178197636713,0.000402368019430843,1.0206423856151752e-05,4.872625026108889e-07,7.613134892854521
16276783664601.186,4.422611828286894e-11,4.422611828286894e-09,0.0022678149952999006,2.1861821249029192e-08,1.273242056236928,0.0003404664229918628,1.0206423856151752e-05,4.422611828286894e-07,6.91002083005959
17932992201899.223,4.014159776075089e-11,4.014159776075089e-09,0.0024985715522231645,2.2005616343002344e-08,1.3378050810578244,0.0002853754645179611,1.0206423856151752e-05,4.0141597760750883e-07,6.271843142655035
19757724618087.676,3.64343047354911e-11,3.6434304735491097e-09,0.00275280823811349,2.2149979043050042e-08,1.405024397414212,0.00024094254452719255,1.0206423856151752e-05,3.64343047354911e-07,5.692604606190425
21768128692034.184,3.306940021347566e-11,3.306940021347566e-09,0.0030329142221613907,2.229490934917227e-08,1.4749605583795524,0.0002033807156908221,1.0206423856151752e-05,3.3069400213475655e-07,5.166861872234619
23983097037356.39,3.001526277002753e-11,3.0015262770027533e-09,0.0033415217782451303,2.244040726136904e-08,1.5478366406748068,0.00017144573197444313,1.0206423856151752e-05,3.001526277002754e-07,4.6896743149384985
26423444644267.324,2.724319138956386e-11,2.724319138956386e-09,0.003681531021516746,2.2586472779640342e-08,1.6237788436265586,0.00014439339571497358,1.0206423856151752e-05,2.724319138956386e-07,4.256557601893488
29112104486803.24,2.472713575006709e-11,2.472713575006709e-09,0.004056137162005313,2.2733105903986188e-08,1.7029555214021046,0.00012149493005564858,1.0206423856151752e-05,2.472713575006709e-07,3.8634415529716435
32074343033636.855,2.244345141724006e-11,2.244345141724006e-09,0.004468860531350978,2.2880306634406567e-08,1.7855750933416463,0.00010221886465439203,1.0206423856151752e-05,2.244345141724006e-07,3.5066318911291745
35337997687723.34,2.0370677647800192e-11,2.0370677647800193e-09,0.004923579664843805,2.302807497090148e-08,1.8717815680498333,8.278558501847815e-05,1.0206423856151752e-05,2.0370677647800197e-07,3.1827755257293964
38933738386096.734,1.8489335713838955e-11,1.8489335713838952e-09,0.005424567749652948,2.3176410913470936e-08,1.9618099581916835,6.972062660130681e-05,1.0206423856151752e-05,1.8489335713838958e-07,2.88882904213822
42895355818183.07,1.6781745853013235e-11,1.6781745853013236e-09,0.005976532781765883,2.3325314462114934e-08,2.0558580861074573,5.8703406269702e-05,1.0206423856151752e-05,1.6781745853013235e-07,2.6220301014752576
47260078971137.26,1.5231861124374215e-11,1.5231861124374215e-09,0.006584661809009096,2.347478561683346e-08,2.1541331087100124,4.94352677698367e-05,1.0206423856151752e-05,1.5231861124374214e-07,2.3798714817522306
52068924986311.836,1.3825116608506156e-11,1.3825116608506156e-09,0.007254669675920701,2.3624824377626533e-08,2.2568807798515857,4.1605129099987664e-05,1.0206423856151752e-05,1.3825116608506157e-07,2.16007751645219
57367084614605.56,1.2548292534845776e-11,1.2548292534845776e-09,0.007992852728550924,2.3775430744494137e-08,2.364301056500875,3.4980376333737584e-05,1.0206423856151752e-05,1.2548292534845777e-07,1.9605827091330426
63204346892978.15,1.1389390049931763e-11,1.1389390049931764e-09,0.008806147983877166,2.3926604717436284e-08,2.476654834561336,2.9399385903939898e-05,1.0206423856151752e-05,1.1389390049931766e-07,1.779512323087755
69635567032996.01,1.033751845912627e-11,1.0337518459126268e-09,0.009702198319873604,2.4078346296452965e-08,2.5941903731031704,2.3027223766722794e-05,1.0206423856151752e-05,1.0337518459126268e-07,1.6151647636540947
76721181918353.25,9.382792882171646e-12,9.382792882171647e-10,0.010689424298853712,2.4230655481544186e-08,2.7171588537773883,1.933224304839317e-05,1.0206423856151752e-05,9.382792882171648e-08,1.4659955876131006
84527778055716.42,8.516241360808354e-12,8.516241360808353e-10,0.011777103299040035,2.438353227270995e-08,2.845849970260885,1.6220649795546818e-05,1.0206423856151752e-05,8.516241360808354e-08,1.3306029894058191
93128717316165.83,7.729720545505285e-12,7.729720545505286e-10,0.012975456697993852,2.453697666995024e-08,2.980522154796204,1.3597517059448807e-05,1.0206423856151752e-05,7.729720545505287e-08,1.2077146277761968
102604826347588.62,7.015839168975298e-12,7.015839168975298e-10,0.014295745927204047,2.469098867326507e-08,3.121480727783425,1.1395711635981241e-05,1.0206423856151752e-05,7.015839168975299e-08,1.0961756690445503
113045156136724.62,6.367888587324111e-12,6.367888587324111e-10,0.015750378300500936,2.4845568282654435e-08,3.269032459104403,9.546979142617258e-06,1.0206423856151752e-05,6.36788858732411e-08,0.9949379346491887
124547818858783.98,5.779779736098939e-12,5.779779736098939e-10,0.017353023610808475,2.5000715498118343e-08,3.423487933542849,7.993109247347001e-06,1.0206423856151752e-05,5.77977973609894e-08,0.9030500509711293
137220909878871.6,5.245985908785759e-12,5.245985908785759e-10,0.01911874259094455,2.5156430319656786e-08,3.5851954832123876,6.693562884556385e-06,1.0206423856151752e-05,5.24598590878576e-08,0.819648508875583
151183523569649.6,4.761490820021039e-12,4.761490820021039e-10,0.021064128445669055,2.5312712747269775e-08,3.7544870531417036,4.941789754102511e-06,1.0206423856151752e-05,4.7614908200210395e-08,0.743949548953012
166566872491304.22,4.321741465445968e-12,4.321741465445968e-10,0.023207462785015866,2.5469562780957295e-08,3.931732890066916,4.139347753073088e-06,1.0206423856151752e-05,4.3217414654459685e-08,0.6752417962019406
183515520451226.03,3.922605335207285e-12,3.9226053352072856e-10,0.025568887424280526,2.5626980420719358e-08,4.117314088057243,3.4670882624433004e-06,1.0206423856151752e-05,3.9226053352072855e-08,0.6128795749385155
202188741030978.78,3.5603315790221287e-12,3.5603315790221286e-10,0.0281705936651396,2.578496566655595e-08,4.3116218242345585,2.902285593272607e-06,1.0206423856151752e-05,3.5603315790221285e-08,0.5562768411102332
222762014347212.34,3.2315157578585134e-12,3.231515757858513e-10,0.031037030836656865,2.5943518518467093e-08,4.515081195298703,2.429366524433628e-06,1.0206423856151752e-05,3.231515757858514e-08,0.5049016749932049
245428676112210.38,2.9330678509882043e-12,2.933067850988204e-10,0.034195136055923656,2.6102638976452755e-08,4.728116584506465,2.033291804656374e-06,1.0206423856151752e-05,2.9330678509882044e-08,0.4582712825185313
270401734490986.25,2.662183217760821e-12,2.662183217760821e-10,0.03767458736749058,2.6262327040512973e-08,4.951186536326196,1.7006516662054206e-06,1.0206423856151752e-05,2.662183217760821e-08,0.4159474582531464
297915871828703.56,2.4163162412146587e-12,2.4163162412146587e-10,0.04150808264044904,2.6422582710647703e-08,5.184766967068029,1.42264611509243e-06,1.0206423856151752e-05,2.4163162412146586e-08,0.3775324673988429
328229650059494.6,2.19315640584219e-12,2.19315640584219e-10,0.04573164684407564,2.6583405986856988e-08,5.429352676311828,1.0483044300041521e-06,1.0206423856151752e-05,2.1931564058421898e-08,0.3426653081108947
361627940521826.06,1.9906065847029697e-12,1.99060658470297e-10,0.05038497058963718,2.6744796869140812e-08,5.685469439262287,8.777447367866985e-07,1.0206423856151752e-05,1.9906065847029695e-08,0.3110183190117179
398424601014421.56,1.8067633318387e-12,1.8067633318386998e-10,0.05551178311977792,2.6906755357499168e-08,5.95365680062454,7.349958148677072e-07,1.0206423856151752e-05,1.8067633318386998e-08,0.2822941000189311
438965425250154.3,1.6398989947900636e-12,1.6398989947900635e-10,0.061160263250626005,2.7069281451932073e-08,6.234488024087821,6.152019116924423e-07,1.0206423856151752e-05,1.6398989947900635e-08,0.2562227175515535
483631392425173.5,1.488445479119092e-12,1.4884454791190918e-10,0.0673834921284157,2.723237515243951e-08,6.5285600937336685,5.14726697319785e-07,1.0206423856151752e-05,1.488445479119092e-08,0.2325591678504812
532842247440830.6,1.3509795123654445e-12,1.3509795123654446e-10,0.07423995205536964,2.7396036459021475e-08,6.836497473696137,4.3071199424567524e-07,1.0206423856151752e-05,1.3509795123654446e-08,0.21108107457499867
587060445423263.4,1.2262092689557911e-12,1.226209268955791e-10,0.08179407607251848,2.7560265371677986e-08,7.1589568545302384,3.6021170943380684e-07,1.0206423856151752e-05,1.2262092689557912e-08,0.19158659903866676
646795497608944.1,1.1129622303749419e-12,1.1129622303749419e-10,0.0901168534641186,2.7725061890409033e-08,7.496621130659706,3.0114949696561766e-07,1.0206423856151752e-05,1.112962230374942e-08,0.17389254344619687
712608759436314.5,1.0101741665156368e-12,1.0101741665156368e-10,0.09928649687384847,2.7890426015214618e-08,7.850209645467725,2.2114493817934821e-07,1.0206423856151752e-05,1.0101741665156367e-08,0.15783262930662795
785118705839211.5,9.168791346601092e-13,9.16879134660109e-11,0.10938917730195447,2.805635774609474e-08,8.220473242646536,1.8513740631523582e-07,1.0206423856151752e-05,9.16879134660109e-09,0.14325593484433138
865006743316248.4,8.322004021096272e-13,8.322004021096272e-11,0.12051983389042512,2.82228570830494e-08,8.608198821151678,1.5495018008413545e-07,1.0206423856151752e-05,8.322004021096272e-09,0.13002547672353523
953023613394602.6,7.553422071581566e-13,7.553422071581566e-11,0.13278306610608448,2.8389924026078596e-08,9.01421072404167,1.2970153491689377e-07,1.0206423856151752e-05,7.553422071581567e-09,0.11801692275823818
1049996447664279.2,6.855822809845211e-13,6.855822809845211e-11,0.1462941167058279,2.8557558575182333e-08,9.439370672202125,1.0849769241734821e-07,1.0206423856151752e-05,6.855822809845211e-09,0.10711742351030258
1156836540681930.5,6.222650601881744e-13,6.222650601881743e-11,0.1611799547213326,2.87257607303606e-08,9.884582875727238,9.073970450576716e-08,1.0206423856151752e-05,6.222650601881743e-09,0.09722455179576837
1274547913789541.2,5.647955261838725e-13,5.6479552618387245e-11,0.17758046864051308,2.8894530491613414e-08,10.350792692958784,7.59068765268057e-08,1.0206423856151752e-05,5.647955261838725e-09,0.08824534013347407
1404236750325747.8,5.126336135614822e-13,5.126336135614822e-11,0.195649780998546,2.9063867858940767e-08,10.838991014357589,6.345797294323588e-08,1.0206423856151752e-05,5.126336135614822e-09,0.08009540709049025
1547121790896452.0,4.65289134863915e-13,4.652891348639149e-11,0.2155576967322296,2.923377283234265e-08,11.350214914693977,5.303593371761035e-08,1.0206423856151752e-05,4.652891348639149e-09,0.07269816431426347
1704545786393496.2,4.2231717408918034e-13,4.223171740891803e-11,0.23749129890847798,2.9404245411819073e-08,11.88555033155065,3.8832260533218943e-08,1.0206423856151752e-05,4.2231717408918036e-09,0.06598409679961707
1877988116390173.2,3.8331390562737836e-13,3.8331390562737833e-11,0.26165670682267456,2.9575285597370036e-08,12.446135036695768,3.249886320699959e-08,1.0206423856151752e-05,3.8331390562737836e-09,0.059890109626977175
2069078691494026.5,3.479127993413967e-13,3.4791279934139666e-11,0.2882810129884847,2.9746893388995537e-08,13.03315947774966,2.7189882726908865e-08,1.0206423856151752e-05,3.4791279934139676e-09,0.05435893503284506
2279613270303138.0,3.157811761288772e-13,3.157811761288772e-11,0.31761441722182954,2.9919068786695574e-08,13.64787112895689,2.2749032514878828e-08,1.0206423856151752e-05,3.1578117612887725e-09,0.04933859424050969
2511570334905832.0,2.866170815966064e-13,2.866170815966064e-11,0.34993257787390986,3.0091811790470143e-08,14.291575629017112,1.9025545477023447e-08,1.0206423856151752e-05,2.8661708159660645e-09,0.04478190899359579
2767129683509943.5,2.6014644846793794e-13,2.6014644846793793e-11,0.3855392023088043,3.0265122400319265e-08,14.965640515590287,1.5907047639279922e-08,1.0206423856151752e-05,2.6014644846793797e-09,0.040646058202123185
3048692914924437.5,2.361205210571898e-13,2.3612052105718977e-11,0.4247689009694537,3.0439000616242905e-08,15.671498009186553,1.3301075787258466e-08,1.0206423856151752e-05,2.361205210571898e-09,0.036892175534693206
3358905997394718.0,2.1431351760771753e-13,2.1431351760771753e-11,0.4679903318528963,3.061344643824109e-08,16.410647297886413,1.1116731016183732e-08,1.0206423856151752e-05,2.1431351760771755e-09,0.03348498417520635
3700684133880319.0,1.9452050852568153e-13,1.945205085256815e-11,0.5156096649446895,3.078845986631382e-08,17.184658878888474,9.288302111106619e-09,1.0206423856151752e-05,1.9452050852568153e-09,0.030392465311768018
4077239157444699.5,1.7655549057035774e-13,1.7655549057035773e-11,0.5680743991693015,3.096404090046108e-08,17.995176856340123,6.774890480980333e-09,1.0206423856151752e-05,1.7655549057035775e-09,0.027585557242430014
4492109714202875.5,1.6024963890336766e-13,1.6024963890336766e-11,0.6258775677259232,3.114018954068288e-08,18.84392314217796,5.6697998752514596e-09,1.0206423856151752e-05,1.602496389033677e-09,0.025037882270140897
4949194517469187.0,1.454497205705762e-13,1.454497205705762e-11,0.6895623713290707,3.1316905786979226e-08,19.732700897308785,4.742605638582075e-09,1.0206423856151752e-05,1.454497205705762e-09,0.022725498820418532
5452788985607715.0,1.3201665450750839e-13,1.320166545075084e-11,0.7597272828943935,3.149418963935009e-08,20.663398056248408,3.966286570922324e-09,1.0206423856151752e-05,1.320166545075084e-09,0.02062667645229494
6007625607887603.0,1.198242045360142e-13,1.1982420453601422e-11,0.837031671640701,3.1672041097795496e-08,21.637991889356822,3.3170129089169177e-09,1.0206423856151752e-05,1.1982420453601423e-09,0.018721691648210997
6618918417677365.0,1.0875779306975135e-13,1.0875779306975135e-11,0.9222019994601437,3.185046016231545e-08,22.6585527090947,2.7727144540601658e-09,1.0206423856151752e-05,1.0875779306975136e-09,0.01699264246381746
7292411990911785.0,9.871342438036273e-14,9.871342438036274e-12,1.0160386477864856,3.202944683290994e-08,23.727248596286522,2.317387152158581e-09,1.0206423856151752e-05,9.871342438036275e-10,0.015423280295866162
8034435430291263.0,8.959670730582058e-14,8.959670730582057e-12,1.1194234391165125,3.220900110957897e-08,24.846349895478486,1.9366249716049673e-09,1.0206423856151752e-05,8.95967073058206e-10,0.013998857187242404
8851961842524483.0,8.132196821693766e-14,8.132196821693767e-12,1.2333279238672872,3.238912299232253e-08,26.018233926446865,1.6180671412378777e-09,1.0206423856151752e-05,8.132196821693767e-10,0.012705987234202968
9752673867548824.0,7.381144590619287e-14,7.381144590619287e-12,1.358822510444579,3.256981248114063e-08,27.245390249112702,1.351567414629723e-09,1.0206423856151752e-05,7.381144590619289e-10,0.011532520793401255
1.0745035875532346e+16,6.69945608329257e-14,6.699456083292571e-12,1.4970865243213092,3.2751069576033265e-08,28.530425761177565,9.8279967413081e-10,1.0206423856151752e-05,6.69945608329257e-10,0.010467430306573598
1.1838373510124974e+16,6.080725185766854e-14,6.0807251857668536e-12,1.6494192906556855,3.2932894277000454e-08,29.87607036251038,8.221381836064984e-10,1.0206423856151752e-05,6.080725185766854e-10,0.009500706669930074
1.3042961325458048e+16,5.519137423264886e-14,5.519137423264886e-12,1.8172523445967403,3.311528658404215e-08,31.285182710400267,6.874940688828037e-10,1.0206423856151752e-05,5.519137423264886e-10,0.008623265174392287
1.4370119340456582e+16,5.009415319110696e-14,5.009415319110695e-12,2.002162884023012,3.3298246497158415e-08,32.76075625155724,5.747393274784415e-10,1.0206423856151752e-05,5.009415319110696e-10,0.00782686013275616
1.583231941782289e+16,4.5467688000594234e-14,4.5467688000594235e-12,2.205888591135015,3.3481774016349194e-08,34.30592566377063,4.804157300938954e-10,1.0206423856151752e-05,4.546768800059423e-10,0.007104007391497794
1.744330246738282e+16,4.1268501819617187e-14,4.126850181961719e-12,2.430343962186695,3.366586914161452e-08,35.923973439529156,4.0147317467641474e-10,1.0206423856151752e-05,4.1268501819617194e-10,0.006447913999030897
1.9218207575201024e+16,3.74571331274525e-14,3.74571331274525e-12,2.6776382988128207,3.3850531872954395e-08,37.61833691004227,3.3541614151793245e-10,1.0206423856151752e-05,3.74571331274525e-10,0.005852414369480624
2.1173714271946944e+16,3.3997764887621165e-14,3.3997764887621163e-12,2.950095530024564,3.403576221036878e-08,39.39261552957674,2.801986888533701e-10,1.0206423856151752e-05,3.399776488762117e-10,0.005311912342077046
2.3328199277468972e+16,3.085788796011276e-14,3.0857887960112757e-12,3.25027605114912,3.422156015385774e-08,41.25057850632336,2.3402563921765065e-10,1.0206423856151752e-05,3.0857887960112757e-10,0.004821328591675627
2.570190919456756e+16,2.8007995599310293e-14,2.800799559931029e-12,3.581000784942536,3.4407925703421196e-08,43.19617284132264,1.9541227824873273e-10,1.0206423856151752e-05,2.800799559931029e-10,0.004376052896200432
2.831715077484857e+16,2.5421306166674904e-14,2.5421306166674904e-12,3.945377690988882,3.459485885905922e-08,45.23353168404266,1.4153738695117322e-10,1.0206423856151752e-05,2.5421306166674906e-10,0.0039719008124456815
3.119850054465928e+16,2.3073511452413378e-14,2.307351145241338e-12,4.346830972504911,3.478235962077177e-08,47.3669831331895,1.1838568850396804e-10,1.0206423856151752e-05,2.3073511452413377e-10,0.0036050743531012915
3.4373035761057044e+16,2.094254824099318e-14,2.094254824099318e-12,4.789133255019819,3.497042798855887e-08,49.60105942289728,9.897292347732898e-11,1.0206423856151752e-05,2.094254824099318e-10,0.0032721262954665802
3.78705888681933e+16,1.900839097381755e-14,1.900839097381755e-12,5.276441039325602,3.515906396242049e-08,51.94050654595059,8.272168430283177e-11,1.0206423856151752e-05,1.9008390973817552e-10,0.002969927786447268
4.1724027845355336e+16,1.72528635606175e-14,1.7252863560617499e-12,5.813333761865531,3.534826754235667e-08,54.39029434755411,6.913716716832559e-11,1.0206423856151752e-05,1.7252863560617498e-10,0.0026956389394052283
4.5969565081205064e+16,1.5659468571079426e-14,1.5659468571079426e-12,6.404856829626351,3.553803872836736e-08,56.95562707210611,5.7755412106286405e-11,1.0206423856151752e-05,1.5659468571079427e-10,0.0024466821465481538
5.064709767684589e+16,1.4213232201544604e-14,1.4213232201544605e-12,7.0565690339525755,3.57283775204526e-08,59.641954427193895,4.824290440215563e-11,1.0206423856151752e-05,1.4213232201544606e-10,0.0022207178560635786
5.580058237568046e+16,1.2900563559871674e-14,1.2900563559871674e-12,7.7745947888492815,3.591928391861237e-08,62.45498315675537,4.029362357750626e-11,1.0206423856151752e-05,1.2900563559871674e-10,0.0020156225863654583
6.147844864343637e+16,1.1709126946100571e-14,1.1709126946100573e-12,8.565681684679191,3.611075792284669e-08,65.40068916295859,3.3639420307995274e-11,1.0206423856151752e-05,1.1709126946100573e-10,0.0018294689708435873
6.7734053780251224e+16,1.062772592868501e-14,1.062772592868501e-12,9.437263898111,3.630279953315555e-08,68.4853302055281,2.808389948127647e-11,1.0206423856151752e-05,1.062772592868501e-10,0.001660507645587881
7.462618434168539e+16,9.64619812691154e-15,9.64619812691154e-13,10.397532054207309,3.6495408749538933e-08,71.71545919121061,2.344503497418085e-11,1.0206423856151752e-05,9.646198126911541e-11,0.0015071508098792302
8.221960858074315e+16,8.755319710727993e-15,8.755319710727992e-13,11.455510197177908,3.668858557199687e-08,75.09793809778554,1.6927224264743214e-11,1.0206423856151752e-05,8.755319710727992e-11,0.001367957304957426
9.058568510241323e+16,7.946718720529317e-15,7.946718720529316e-13,12.621140593122272,3.688233000052933e-08,78.6399525498885,1.4150999799951671e-11,1.0206423856151752e-05,7.946718720529317e-11,0.0012416190708455716
9.980303345053294e+16,7.21279639232726e-15,7.21279639232726e-13,13.905377161691353,3.707664203513634e-08,82.34902708342455,1.182663904244592e-11,1.0206423856151752e-05,7.21279639232726e-11,0.0011269488539595812
1.099582729287408e+17,6.546655748966067e-15,6.546655748966067e-13,15.32028841468217,3.727152167581787e-08,86.23304113205054,9.880619313850063e-12,1.0206423856151752e-05,6.546655748966068e-11,0.0010228690499864135
1.2114683659855213e+17,5.9420367863235165e-15,5.942036786323516e-13,16.87917086892578,3.7466968922573956e-08,90.30024576434897,8.255396409894319e-12,1.0206423856151752e-05,5.942036786323517e-11,0.000928401577182512
1.3347386810401629e+17,5.393257645416661e-15,5.393257645416661e-13,18.596673999253884,3.766298377540457e-08,94.55928121334388,6.895032992582955e-12,1.0206423856151752e-05,5.393257645416661e-11,0.0008426586849278815
1.4705520975081942e+17,4.895161217580118e-15,4.895161217580118e-13,20.488937905783228,3.7859566234309725e-08,99.01919523094385,5.756825758612313e-12,1.0206423856151752e-05,4.895161217580118e-11,0.0007648346111596439
1.620184911252074e+17,4.44306668094456e-15,4.443066680944561e-13,22.5737449892323,3.805671629928941e-08,103.68946230849687,4.8067145521279036e-12,1.0206423856151752e-05,4.443066680944561e-11,0.0006941980102866725
1.7850432848294528e+17,4.032725512782722e-15,4.032725512782722e-13,24.87068705962808,3.8254433970343635e-08,108.58000380468964,4.012176370687723e-12,1.0206423856151752e-05,4.032725512782722e-11,0.0006300850804271326
1.9666764617949248e+17,3.660281564352115e-15,3.6602815643521147e-13,27.401349448795802,3.845271924747242e-08,113.70120902153424,3.347830910484187e-12,1.0206423856151752e-05,3.660281564352115e-11,0.0005718933253826473
2.1667913255939386e+17,3.322234823041857e-15,3.322234823041857e-13,30.18951385680952,3.865157213067571e-08,119.063957275512,2.793894421711459e-12,1.0206423856151752e-05,3.322234823041857e-11,0.0005190758927278701
2.3872684398654016e+17,3.0154085212801115e-15,3.0154085212801117e-13,33.26138183864353,3.885099261995356e-08,124.67964100901213,2.008847073632085e-12,1.0206423856151752e-05,3.015408521280112e-11,0.0004711364348079318
2.6301797208899094e+17,2.7369192831118015e-15,2.7369192831118013e-13,36.645821031215334,3.905098071530594e-08,130.56018999196664,1.678752520753841e-12,1.0206423856151752e-05,2.736919283111802e-11,0.0004276244443505676
2.8978079082596243e+17,2.4841500279004218e-15,2.484150027900422e-13,40.37463643472732,3.925153641673286e-08,136.71809666529663,1.4026064885636745e-12,1.0206423856151752e-05,2.484150027900422e-11,0.0003881310208595477
3.1926680167432685e+17,2.2547253765194927e-15,2.2547253765194928e-13,44.482869297643774,3.945265972423431e-08,143.16644267927867,1.1717958439257782e-12,1.0206423856151752e-05,2.254725376519493e-11,0.0003522850280045641
3.5175309709391034e+17,2.046489328914521e-15,2.0464893289145208e-13,49.00912641406033,3.965435063781032e-08,149.91892668378054,9.785896947578469e-13,1.0206423856151752e-05,2.046489328914521e-11,0.00031974960589683187
3.875449644819941e+17,1.8574850032628063e-15,1.8574850032628063e-13,53.99594292800155,3.985660915746083e-08,156.9898934292226,8.171875734239716e-13,1.0206423856151752e-05,1.8574850032628063e-11,0.0002902190054748951
4.26978755087559e+17,1.6859362463308088e-15,1.6859362463308086e-13,59.49018205408307,4.005943528318591e-08,164.39436424008838,6.822937553070235e-13,1.0206423856151752e-05,1.6859362463308088e-11,0.00026341571525192965
4.704250448455792e+17,1.5302309422144403e-15,1.53023094221444e-13,65.54347547086923,4.026282901498551e-08,172.14806892571752,5.694123841217372e-13,1.0206423856151752e-05,1.53023094221444e-11,0.00023908785342346728
5.182921168351431e+17,1.388905862606997e-15,1.388905862606997e-13,72.21270852550002,4.046679035285965e-08,180.26747919618828,4.752724091118571e-13,1.0206423856151752e-05,1.3889058626069971e-11,0.00021700680082800282
5.710297980874602e+17,1.2606329162266689e-15,1.2606329162266689e-13,79.56055480925055,4.0671319296808325e-08,188.7698436542643,3.965114338321788e-13,1.0206423856151752e-05,1.2606329162266689e-11,0.0001969650525164735
6.291336867998717e+17,1.1442066681835605e-15,1.1442066681835605e-13,87.6560651276567,4.0876415846831543e-08,197.67322443774495,3.3070961060812514e-13,1.0206423856151752e-05,1.1442066681835605e-11,0.00017877426774088104
6.931498096808233e+17,1.0385330120003876e-15,1.0385330120003875e-13,96.57531640001429,4.1082080002929314e-08,206.9965355900693,2.759086177566659e-13,1.0206423856151752e-05,1.0385330120003877e-11,0.00016226350003696686
7.636797531927293e+17,9.426188878332757e-16,9.426188878332756e-14,106.40212658621911,4.1288311765101596e-08,216.75958324066968,1.976563336874526e-13,1.0206423856151752e-05,9.426188878332756e-12,0.00014727759076831666
8.41386316913314e+17,8.555629502701862e-16,8.555629502701862e-14,117.22884235943553,4.149511113334844e-08,226.98310768045448,1.651241091097415e-13,1.0206423856151752e-05,8.555629502701862e-12,0.00013367571103530993
9.269997421422884e+17,7.765470980086069e-16,7.765470980086069e-14,129.15720692666295,4.170247810766979e-08,237.68882742177976,1.3788729747778572e-13,1.0206423856151752e-05,7.765470980086068e-12,0.00012133003824666006
1.0213245742863799e+18,7.048287858130711e-16,7.048287858130711e-14,142.2993161525005,4.1910412688065716e-08,248.8994853365344,1.1515018434319025e-13,1.0206423856151752e-05,7.048287858130712e-12,0.00011012455491669234
1.1252472235112403e+18,6.397340465049635e-16,6.397340465049635e-14,156.77867197117993,4.2118914874536154e-08,260.6388969703277,9.613803145217167e-14,1.0206423856151752e-05,6.397340465049636e-12,9.99539584001865e-05
1.239744294711085e+18,5.806511574091009e-16,5.806511574091009e-14,172.73134298625482,4.2327984667081143e-08,272.9320011354424,8.025253912789657e-14,1.0206423856151752e-05,5.806511574091009e-12,9.07226713190715e-05
1.3658917650760328e+18,5.27024891738219e-16,5.270248917382189e-14,190.30724316455263,4.2537622065700645e-08,285.80491289000287,6.697839932464762e-14,1.0206423856151752e-05,5.27024891738219e-12,8.234394338156584e-05
1.5048750955029005e+18,4.783513008930205e-16,4.7835130089302047e-14,209.67154064085594,4.27478270703947e-08,299.2849790159358,5.589193062837598e-14,1.0206423856151752e-05,4.783513008930205e-12,7.473903615315102e-05
1.658000370870395e+18,4.3417297864500416e-16,4.3417297864500417e-14,231.00620987241007,4.29585996811633e-08,313.4008361135528,4.663764048608173e-14,1.0206423856151752e-05,4.341729786450042e-12,6.783648311835017e-05
1.8267065738686403e+18,3.940747626975401e-16,3.940747626975401e-14,254.5117417295176,4.3169939898006436e-08,328.18247143618106,3.8901076113420956e-14,1.0206423856151752e-05,3.940747626975401e-12,6.157141807979055e-05
2.0125791077255273e+18,3.576798332309302e-16,3.576798332309302e-14,280.40902759268045,4.338184772092411e-08,343.66128659408463,3.244428138754659e-14,1.0206423856151752e-05,3.576798332309302e-12,5.588496558322952e-05
2.2173646949083139e+18,3.246461717679177e-16,3.246461717679177e-14,308.94143516190013,4.359432314991631e-08,359.8701642629841,2.7054665087171583e-14,1.0206423856151752e-05,3.246461717679178e-12,5.072368764012387e-05
2.442987791810272e+18,2.9466334708201715e-16,2.946633470820171e-14,340.37709548544734,4.380736618498306e-08,376.8435380389181,1.928815195439654e-14,1.0206423856151752e-05,2.946633470820172e-12,4.6039081548346415e-05
2.6915686736776356e+18,2.67449597944584e-16,2.6744959794458402e-14,375.0114227002086,4.4020976826124336e-08,394.61746558781107,1.6106466121626034e-14,1.0206423856151752e-05,2.6744959794458406e-12,4.178712409187392e-05
2.965443359729023e+18,2.4274918529588787e-16,2.4274918529588786e-14,413.1698901627426,4.4235155073340174e-08,413.2297052451783,1.3448332895594915e-14,1.0206423856151752e-05,2.427491852958879e-12,3.792785783608608e-05
3.267185565711527e+18,2.2032998895749901e-16,2.2032998895749903e-14,455.2110890594388,4.444990092663053e-08,432.7197962286571,1.1224693615682537e-14,1.0206423856151752e-05,2.2032998895749903e-12,3.44250156309299e-05
3.5996308901914957e+18,1.9998132630121567e-16,1.9998132630121567e-14,501.53009823891523,4.466521438599542e-08,453.12914263380657,9.369433483217546e-15,1.0206423856151752e-05,1.999813263012157e-12,3.124567979323693e-05
3.96590346186806e+18,1.8151197237570821e-16,1.8151197237570822e-14,552.5621969342886,4.488109545143485e-08,474.50110139156476,7.820288219994691e-15,1.0206423856151752e-05,1.8151197237570825e-12,2.835997276539599e-05
4.369445298326226e+18,1.6474836288511782e-16,1.6474836288511782e-14,608.7869552654435,4.509754412294882e-08,496.88107437427294,6.524947879631372e-15,1.0206423856151752e-05,1.647483628851178e-12,2.5740776343361506e-05
4.81404865212538e+18,1.495329631322913e-16,1.495329631322913e-14,670.7327409613703,4.531456040053735e-08,520.3166048458835,5.4439504637096274e-15,1.0206423856151752e-05,1.495329631322913e-12,2.336347683547228e-05
5.303891648193305e+18,1.3572278759890026e-16,1.3572278759890027e-14,738.9816846541836,4.553214428420036e-08,544.8574784612688,4.541501695570344e-15,1.0206423856151752e-05,1.3572278759890027e-12,2.1205733757227143e-05
5.843577547425727e+18,1.231880562503086e-16,1.231880562503086e-14,814.1751504058333,4.575029577393796e-08,570.5558290292125,3.787970381596376e-15,1.0206423856151752e-05,1.231880562503086e-12,1.9247269888343584e-05
6.438178005466914e+18,1.1181097493794984e-16,1.1181097493794982e-14,897.0197628762068,4.596901486975008e-08,597.4662492637058,3.158509015888529e-15,1.0206423856151752e-05,1.1181097493794982e-12,1.7469680719182135e-05
7.093280733193709e+18,1.0148462843810336e-16,1.0148462843810336e-14,988.2940477726569,4.618830157163675e-08,625.6459067588944,2.6336703866809407e-15,1.0206423856151752e-05,1.0148462843810337e-12,1.585626149581811e-05
7.815042006787088e+18,9.211197572452571e-17,9.21119757245257e-15,1088.8557479838346,4.6408155879597944e-08,655.1546654339836,2.1959206697937983e-15,1.0206423856151752e-05,9.21119757245257e-13,1.4391850238436226e-05
8.610244520852159e+18,8.360493803305788e-17,8.360493803305787e-15,1199.6498841508544,4.6628577793633695e-08,686.0552127061554,1.5581958473908371e-15,1.0206423856151752e-05,8.360493803305789e-13,1.3062685257820803e-05
9.486361128254863e+18,7.588357114839756e-17,7.588357114839756e-15,1321.71763542411,4.6849567313743945e-08,718.4131926615966,1.3009043763131936e-15,1.0206423856151752e-05,7.588357114839757e-13,1.185627583096857e-05
1.0451625065667633e+19,6.887531413463858e-17,6.887531413463859e-15,1456.2061238622553,4.707112443992876e-08,752.2973455076161,1.0860662001011328e-15,1.0206423856151752e-05,6.887531413463859e-13,1.0761284820503964e-05
1.15151073247605e+19,6.251430744960886e-17,6.2514307449608865e-15,1604.379194421113,4.72932491721881e-08,787.7796536020093,9.0612291746995e-16,1.0206423856151752e-05,6.251430744960887e-13,9.767422134826448e-06
1.2686801896130204e+19,5.674077403501479e-17,5.674077403501478e-15,1767.6292918370148,4.7515941510521995e-08,824.9354943699935,7.559790454277723e-16,1.0206423856151752e-05,5.674077403501478e-13,8.865348027785865e-06
1.3977719687037247e+19,5.150045756625872e-17,5.1500457566258724e-15,1947.4905460161983,4.7739201454930414e-08,863.843800433453,6.306632872851366e-16,1.0206423856151752e-05,5.150045756625873e-13,8.046585329155925e-06
1.5399991995538555e+19,4.674411258290701e-17,4.674411258290701e-15,2145.6531888996196,4.7963029005413364e-08,904.5872272927771,5.261414418821083e-16,1.0206423856151752e-05,4.674411258290701e-13,7.303439781095454e-06
1.6966984513403318e+19,4.2427041708363546e-17,4.2427041708363544e-15,2363.979438284193,4.818742416197087e-08,947.2523289174246,4.387391256486753e-16,1.0206423856151752e-05,4.242704170836355e-13,6.628927731967824e-06
1.869342292914603e+19,3.8508675609802096e-17,3.850867560980209e-15,2604.5209978674907,4.84123869246029e-08,991.9297416182606,3.6590573873974007e-16,1.0206423856151752e-05,3.85086756098021e-13,6.016710508026043e-06
2.059553131152305e+19,3.495219175106034e-17,3.4952191751060337e-15,2869.538337971454,4.863791729330949e-08,1038.71437659232,3.051784566699253e-16,1.0206423856151752e-05,3.495219175106034e-13,5.461034846226089e-06
2.2691184573937283e+19,3.1724168355764866e-17,3.1724168355764863e-15,3161.521938133691,4.8864015268090575e-08,1087.705621548946,2.544431579259128e-16,1.0206423856151752e-05,3.1724168355764865e-13,4.956678828391904e-06
2.500007645252716e+19,2.879427032882346e-17,2.879427032882346e-15,3483.2156911925267,4.909068084894623e-08,1139.0075518457315,2.1207472631687452e-16,1.0206423856151752e-05,2.8794270328823456e-13,4.4989028086511475e-06
2.7543904576496484e+19,2.6134964184765017e-17,2.613496418476502e-15,3837.6426888032115,4.9317914035876416e-08,1192.7291515826876,1.7676684971414275e-16,1.0206423856151752e-05,2.613496418476502e-13,4.083404872987479e-06
3.034657436987395e+19,2.3721259303980906e-17,2.3721259303980905e-15,4228.133630703385,4.954571482888116e-08,1248.9845451244455,1.2475066136741966e-16,1.0206423856151752e-05,2.372125930398091e-13,3.7062804123427994e-06
3.3434423700847067e+19,2.1530473085351345e-17,2.1530473085351344e-15,4658.35812470075,4.9774083227960405e-08,1307.893239542193,1.0412160134114581e-16,1.0206423856151752e-05,2.1530473085351347e-13,3.363985429362084e-06
3.6836470389801538e+19,1.9542017788290037e-17,1.9542017788290036e-15,5132.359171523065,5.0003019233114224e-08,1369.5803784905231,8.689717996531022e-17,1.0206423856151752e-05,1.9542017788290042e-13,3.0533032339576942e-06
4.058468490199627e+19,1.773720706107817e-17,1.7737207061078171e-15,5654.591158598148,5.0232522844342536e-08,1434.1770080583804,7.252733241528537e-17,1.0206423856151752e-05,1.773720706107817e-13,2.77131421471836e-06
4.471429078748935e+19,1.6099080337347786e-17,1.6099080337347783e-15,6229.961719808429,5.0462594061645406e-08,1501.820355159012,6.049323411638649e-17,1.0206423856151752e-05,1.6099080337347784e-13,2.5153684020911895e-06
4.926409569166874e+19,1.461224345049856e-17,1.461224345049856e-15,6863.8778545929035,5.0693232885022835e-08,1572.6541190502007,5.044088799692537e-17,1.0206423856151752e-05,1.461224345049856e-13,2.28306056550204e-06
5.427685604703615e+19,1.3262723968232305e-17,1.3262723968232304e-15,7562.296739797495,5.092443931447478e-08,1646.828776604135,4.206570173740321e-17,1.0206423856151752e-05,1.3262723968232304e-13,2.072207610391051e-06
5.9799678873409585e+19,1.2037839887722409e-17,1.2037839887722408e-15,8331.781711774673,5.115621335000126e-08,1724.5019019754714,3.508421436171078e-17,1.0206423856151752e-05,1.203783988772241e-13,1.8808280627536925e-06
6.588446446242074e+19,1.0926080457494118e-17,1.0926080457494117e-15,9179.563944818337,5.138855499160229e-08,1805.8385013465277,2.924913153529373e-17,1.0206423856151752e-05,1.0926080457494118e-13,1.7071234483953391e-06
7.2588394106413335e+19,9.916998006045155e-18,9.916998006045155e-16,10113.61040555407,5.162146423927785e-08,1891.0113634609402,2.438140744709719e-17,1.0206423856151752e-05,9.916998006045156e-14,1.5494613919118326e-06
7.9974467455121e+19,9.001109760678078e-18,9.001109760678078e-16,11142.698721878673,5.1854941093027956e-08,1980.2014266902204,2.032241453522099e-17,1.0206423856151752e-05,9.001109760678077e-14,1.406360276570568e-06
8.811209454990772e+19,8.169808733891628e-18,8.1698087338916275e-16,12276.49967002614,5.20889855528526e-08,2073.5981634132154,1.6939964890437162e-17,1.0206423856151752e-05,8.169808733891627e-14,1.2764753209340845e-06
9.707774809914884e+19,7.415282839895547e-18,7.415282839895547e-16,13525.668054923452,5.2323597618751764e-08,2171.399982524818,1.4115446905878326e-17,1.0206423856151752e-05,7.415282839895549e-14,1.1585859413827299e-06
1.06955682124478e+20,6.7304414811503795e-18,6.730441481150379e-16,14901.942837879687,5.255877729072548e-08,2273.814650929233,1.1761784300730292e-17,1.0206423856151752e-05,6.73044148115038e-14,1.0515842817763413e-06
1.1783872373129947e+20,6.1088489150372324e-18,6.108848915037232e-16,16418.25745254758,5.279452456877372e-08,2381.059734912947,9.80270051353684e-18,1.0206423856151752e-05,6.108848915037232e-14,9.544648024636882e-07
1.2982914544419106e+20,5.5446637744739896e-18,5.544663774473989e-16,18088.86134584638,5.30308394528965e-08,2493.3630623353183,6.8879671080007184e-18,1.0206423856151752e-05,5.544663774473989e-14,8.663148308028876e-07
1.4303962630487985e+20,5.032584174129394e-18,5.032584174129394e-16,19929.453886014326,5.326772194309385e-08,2610.9632066184085,5.74753448558154e-18,1.0206423856151752e-05,5.0325841741293946e-14,7.863059843923181e-07
1.5759431076464014e+20,4.567797886374192e-18,4.567797886374192e-16,21957.331896182106,5.350517203936569e-08,2734.1099935643315,4.795003990002315e-18,1.0206423856151752e-05,4.567797886374193e-14,7.136863864123939e-07
1.7362997532198443e+20,4.145937118751492e-18,4.145937118751492e-16,24191.552199904225,5.3743189741712094e-08,2863.065032076876,4.0008579787395366e-18,1.0206423856151752e-05,4.145937118751492e-14,6.477735999224491e-07
1.9129731386900398e+20,3.763037467992174e-18,3.763037467992174e-16,26653.110706153042,5.398177505013304e-08,2998.1022699146056,3.3362364927337817e-18,1.0206423856151752e-05,3.763037467992174e-14,5.879482147134944e-07
2.107623538253362e+20,3.41550066484779e-18,3.41550066484779e-16,29365.139716717615,5.422092796462853e-08,3139.5085756563703,2.7813165077494375e-18,1.0206423856151752e-05,3.41550066484779e-14,5.336480264496232e-07
2.322080163677269e+20,3.100060759639517e-18,3.1000607596395174e-16,32353.12531018263,5.446064848519853e-08,3287.584348115213,2.318461665985685e-18,1.0206423856151752e-05,3.1000607596395175e-14,4.843627533971723e-07
2.5583583541736417e+20,2.8137534307535964e-18,2.8137534307535964e-16,35645.14684534217,5.470093661184308e-08,3442.6441544956147,1.932939486700605e-18,1.0206423856151752e-05,2.8137534307535966e-14,4.3962924109236833e-07
2.8186785153898263e+20,2.5538881276631283e-18,2.553888127663128e-16,39272.140834755824,5.494179234456216e-08,3605.017398649422,1.61094500729251e-18,1.0206423856151752e-05,2.5538881276631283e-14,3.9902710988384123e-07
3.105486985495627e+20,2.3180227866916448e-18,2.3180227866916446e-16,43268.19166818622,5.51832156833558e-08,3775.049020850443,1.3421758872921043e-18,1.0206423856151752e-05,2.3180227866916447e-14,3.62174804447997e-07
3.421479024453012e+20,2.1039408819126228e-18,2.1039408819126225e-16,47670.851917959255,5.542520662822396e-08,3953.100230573892,1.118204795287948e-18,1.0206423856151752e-05,2.1039408819126223e-14,3.2872600815300563e-07
