E_prime_GeV_total,rate_acc,rate_acc_2,rate_sync,rate_Op,rate_pg,rate_photodisintegration,t_ad_val,Shear,ESC
45.03864132239823,9.662581092873943,966.2581092873941,2.293434536155404e-15,1.3110199889609934e-09,7.532961820974412e-14,4.088803139175341e-14,6.459761934273261e-06,9.552007211765414e-12,3768841375628.1533
45.03864132239823,9.662581092873943,966.2581092873941,2.293434536155404e-15,1.3110199889609934e-09,7.532961820974412e-14,4.088803139175341e-14,6.459761934273261e-06,9.552007211765414e-12,3768841375628.1533
45.03864132239823,9.662581092873943,966.2581092873941,2.293434536155404e-15,1.3110199889609934e-09,7.532961820974412e-14,4.088803139175341e-14,6.459761934273261e-06,9.552007211765414e-12,3768841375628.1533
45.03864132239823,9.662581092873943,966.2581092873941,2.293434536155404e-15,1.3110199889609934e-09,7.532961820974412e-14,4.088803139175341e-14,6.459761934273261e-06,9.552007211765414e-12,3768841375628.1533
45.03864132239823,9.662581092873943,966.2581092873941,2.293434536155404e-15,1.3110199889609934e-09,7.532961820974412e-14,4.088803139175341e-14,6.459761934273261e-06,9.552007211765414e-12,3768841375628.1533
45.03864132239823,9.662581092873943,966.2581092873941,2.293434536155404e-15,1.3110199889609934e-09,7.532961820974412e-14,4.088803139175341e-14,6.459761934273261e-06,9.552007211765414e-12,3768841375628.1533
45.03864132239823,9.662581092873943,966.2581092873941,2.293434536155404e-15,1.3110199889609934e-09,7.532961820974412e-14,4.088803139175341e-14,6.459761934273261e-06,9.552007211765414e-12,3768841375628.1533
45.03864132239823,9.662581092873943,966.2581092873941,2.293434536155404e-15,1.3110199889609934e-09,7.532961820974412e-14,4.088803139175341e-14,6.459761934273261e-06,9.552007211765414e-12,3768841375628.1533
45.03864132239823,9.662581092873943,966.2581092873941,2.293434536155404e-15,1.3110199889609934e-09,7.532961820974412e-14,4.088803139175341e-14,6.459761934273261e-06,9.552007211765414e-12,3768841375628.1533
45.03864132239823,9.662581092873943,966.2581092873941,2.293434536155404e-15,1.3110199889609934e-09,7.532961820974412e-14,4.088803139175341e-14,6.459761934273261e-06,9.552007211765414e-12,3768841375628.1533
45.03864132239823,9.662581092873943,966.2581092873941,2.293434536155404e-15,1.3110199889609934e-09,7.532961820974412e-14,4.088803139175341e-14,6.459761934273261e-06,9.552007211765414e-12,3768841375628.1533
45.03864132239823,9.662581092873943,966.2581092873941,2.293434536155404e-15,1.3110199889609934e-09,7.532961820974412e-14,4.088803139175341e-14,6.459761934273261e-06,9.552007211765414e-12,3768841375628.1533
45.03864132239823,9.662581092873943,966.2581092873941,2.293434536155404e-15,1.3110199889609934e-09,7.532961820974412e-14,4.088803139175341e-14,6.459761934273261e-06,9.552007211765414e-12,3768841375628.1533
45.03864132239823,9.662581092873943,966.2581092873941,2.293434536155404e-15,1.3110199889609934e-09,7.532961820974412e-14,4.088803139175341e-14,6.459761934273261e-06,9.552007211765414e-12,3768841375628.1533
45.03864132239823,9.662581092873943,966.2581092873941,2.293434536155404e-15,1.3110199889609934e-09,7.532961820974412e-14,4.088803139175341e-14,6.459761934273261e-06,9.552007211765414e-12,3768841375628.1533
45.03864132239823,9.662581092873943,966.2581092873941,2.293434536155404e-15,1.3110199889609934e-09,7.532961820974412e-14,4.088803139175341e-14,6.459761934273261e-06,9.552007211765414e-12,3768841375628.1533
45.03864132239823,9.662581092873943,966.2581092873941,2.293434536155404e-15,1.3110199889609934e-09,7.532961820974412e-14,4.088803139175341e-14,6.459761934273261e-06,9.552007211765414e-12,3768841375628.1533
45.03864132239823,9.662581092873943,966.2581092873941,2.293434536155404e-15,1.3110199889609934e-09,7.532961820974412e-14,4.088803139175341e-14,6.459761934273261e-06,9.552007211765414e-12,3768841375628.1533
45.03864132239823,9.662581092873943,966.2581092873941,2.293434536155404e-15,1.3110199889609934e-09,7.532961820974412e-14,4.088803139175341e-14,6.459761934273261e-06,9.552007211765414e-12,3768841375628.1533
45.03864132239823,9.662581092873943,966.2581092873941,2.293434536155404e-15,1.3110199889609934e-09,7.532961820974412e-14,4.088803139175341e-14,6.459761934273261e-06,9.552007211765414e-12,3768841375628.1533
45.03864132239823,9.662581092873943,966.2581092873941,2.293434536155404e-15,1.3110199889609934e-09,7.532961820974412e-14,4.088803139175341e-14,6.459761934273261e-06,9.552007211765414e-12,3768841375628.1533
45.03864132239823,9.662581092873943,966.2581092873941,2.293434536155404e-15,1.3110199889609934e-09,7.532961820974412e-14,4.088803139175341e-14,6.459761934273261e-06,9.552007211765414e-12,3768841375628.1533
45.03864132239823,9.662581092873943,966.2581092873941,2.293434536155404e-15,1.3110199889609934e-09,7.532961820974412e-14,4.088803139175341e-14,6.459761934273261e-06,9.552007211765414e-12,3768841375628.1533
45.03864132239823,9.662581092873943,966.2581092873941,2.293434536155404e-15,1.3110199889609934e-09,7.532961820974412e-14,4.088803139175341e-14,6.459761934273261e-06,9.552007211765414e-12,3768841375628.1533
45.03864132239823,9.662581092873943,966.2581092873941,2.293434536155404e-15,1.3110199889609934e-09,7.532961820974412e-14,4.088803139175341e-14,6.459761934273261e-06,9.552007211765414e-12,3768841375628.1533
45.03864132239823,9.662581092873943,966.2581092873941,2.293434536155404e-15,1.3110199889609934e-09,7.532961820974412e-14,4.088803139175341e-14,6.459761934273261e-06,9.552007211765414e-12,3768841375628.1533
45.03864132239823,9.662581092873943,966.2581092873941,2.293434536155404e-15,1.3110199889609934e-09,7.532961820974412e-14,4.088803139175341e-14,6.459761934273261e-06,9.552007211765414e-12,3768841375628.1533
45.03864132239823,9.662581092873943,966.2581092873941,2.293434536155404e-15,1.3110199889609934e-09,7.532961820974412e-14,4.088803139175341e-14,6.459761934273261e-06,9.552007211765414e-12,3768841375628.1533
41.501954506388216,10.486000702052463,1048.600070205246,2.1133411885488217e-15,1.2776918901082646e-09,6.459897499058375e-14,3.470766588041498e-14,6.459761934273261e-06,8.801930011823707e-12,4090012071402.6235
30.93263247252127,14.068945618422,1406.8945618421997,1.5751356063088468e-15,1.0108404500114049e-09,3.664160229798302e-14,1.8447256912393123e-14,6.459761934273261e-06,6.560338406777654e-12,5487521796559.684
27.082069872337517,16.069285920240997,1606.9285920240993,1.379059237404308e-15,7.650813191483853e-10,2.8166532282741343e-14,1.3983568858282661e-14,6.459761934273261e-06,5.743692951977534e-12,6267744515765.823
24.712993713358536,17.609745267538983,1760.974526753898,1.2584223593312844e-15,5.374085909641553e-10,2.342153106521274e-14,1.1535087825545583e-14,6.459761934273261e-06,5.241248120353919e-12,6868592971242.329
23.12291603405349,18.82070252080774,1882.0702520807736,1.1774532413069698e-15,3.4990156054905563e-10,2.046362027277701e-14,1.0146162128962425e-14,6.459761934273261e-06,4.9040169558685995e-12,7340920784729.155
22.04826738374193,19.73803730316871,1973.8037303168705,1.1227305352818297e-15,2.1529438693123929e-10,1.856859212248261e-14,9.454744144135272e-15,6.459761934273261e-06,4.676100407844646e-12,7698722623578.88
21.36045108459102,20.373611136165227,2037.361113616522,1.087705907347088e-15,1.327450601867778e-10,1.740098429608343e-14,8.910046540356248e-15,6.459761934273261e-06,4.530225087076656e-12,7946625014879.938
20.988245012781046,20.734917275147218,2073.4917275147213,1.0687526211334736e-15,9.198624331878478e-11,1.6784058790926888e-14,8.577468349365672e-15,6.459761934273261e-06,4.451285870044288e-12,8087550665363.538
20.88966858925478,20.832763441464497,2083.2763441464494,1.0637329631791515e-15,8.19051366024763e-11,1.6622545288834698e-14,8.486614715512389e-15,6.459761934273261e-06,4.430379317786357e-12,8125715072628.914
21.039608597524854,20.68429752736621,2068.4297527366207,1.0713681311864737e-15,9.73712105994374e-11,1.6867606818958767e-14,8.625158561883924e-15,6.459761934273261e-06,4.4621793010512976e-12,8067806686189.9375
21.423658248388204,20.31350197267441,2031.3501972674405,1.090924510043098e-15,1.4001318351359747e-10,1.7506619094338755e-14,8.960782315968476e-15,6.459761934273261e-06,4.5436303601199545e-12,7923179736621.352
22.034779925450874,19.7501189284799,1975.0118928479894,1.122043733865503e-15,2.1362226226584363e-10,1.8545188992848962e-14,9.444561652301634e-15,6.459761934273261e-06,4.673239924155931e-12,7703435001039.933
22.87139127017328,19.027680430532858,1902.7680430532853,1.164645226605729e-15,3.184992237947046e-10,2.0012056945852708e-14,9.990647191614188e-15,6.459761934273261e-06,4.850672399106259e-12,7421651482098.241
23.936228957316654,18.181206608048864,1818.1206608048863,1.2188683438088661e-15,4.487225450175034e-10,2.195300876581599e-14,1.07528990028227e-14,6.459761934273261e-06,5.076508191845744e-12,7091488605854.279
25.23566656653641,17.245017996378838,1724.5017996378836,1.28503763762106e-15,5.933112976373616e-10,2.443577678925963e-14,1.2132723892676777e-14,6.459761934273261e-06,5.352099041171244e-12,6726332925281.932
26.779313445526835,16.250958971587426,1625.0958971587424,1.3636424303048158e-15,7.39621719823805e-10,2.753827068182826e-14,1.3747217195403332e-14,6.459761934273261e-06,5.679482942807791e-12,6338605179823.381
28.579797085776836,15.227173334520096,1522.7173334520094,1.4553257324891249e-15,8.766870045884609e-10,3.1348258230241644e-14,1.5220403648495764e-14,6.459761934273261e-06,6.061337994633716e-12,5939282718084.997
30.652671889797972,14.197441764787195,1419.7441764787193,1.5608795974611621e-15,9.971273864993597e-10,3.599347003100374e-14,1.80123487687543e-14,6.459761934273261e-06,6.500963047604615e-12,5537641075081.142
33.01641987400159,13.181002838930494,1318.1002838930492,1.681245156957832e-15,1.0974685667081805e-09,4.16277467226531e-14,2.1177323639075827e-14,6.459761934273261e-06,7.0022778548228425e-12,5141184161266.162
35.69252216232466,12.192736677765565,1219.2736677765563,1.8175162617274246e-15,1.1774133903574237e-09,4.842607968113055e-14,2.4254596074883697e-14,6.459761934273261e-06,7.56983823424245e-12,4755715893260.789
38.70558826619202,11.243583771355803,1124.3583771355802,1.9709460646573825e-15,1.2387290318607421e-09,5.6600779815562085e-14,3.027565327670305e-14,6.459761934273261e-06,8.208863486972574e-12,4385503554436.2295
42.0835353193283,10.341087572332844,1034.1087572332842,2.1429561476772357e-15,1.2842093648122749e-09,6.631776036710921e-14,3.548475347205669e-14,6.459761934273261e-06,8.925274410240657e-12,4033489430722.0864
45.857812850763096,9.489975579663835,948.9975579663833,2.3351479675340035e-15,1.3169157417758049e-09,7.791512266341136e-14,4.3061677688911884e-14,6.459761934273261e-06,9.725740968310215e-12,3701517459420.3457
50.06367102526384,8.692720992652031,869.272099265203,2.549316514993594e-15,1.3397191174975655e-09,9.172288993764583e-14,5.441562396920834e-14,6.459761934273261e-06,1.061773918217539e-11,3390552299536.1636
54.7404719634318,7.95005063860712,795.0050638607119,2.7874661677226665e-15,1.355081097297758e-09,1.0808642204497435e-13,6.345895397045022e-14,6.459761934273261e-06,1.1609617155793466e-11,3100877446422.527
59.93204502055483,7.261382853551546,726.1382853551545,3.051828781615697e-15,1.364991968080486e-09,1.2735020176633343e-13,8.197844387373828e-14,6.459761934273261e-06,1.2710670425297503e-11,2832266024957.325
65.68708790841475,6.62519131152999,662.519131152999,3.344884116513412e-15,1.370996100390919e-09,1.500863331577801e-13,9.984601882009785e-14,6.459761934273261e-06,1.3931227030798811e-11,2584122699343.862
72.05961638702567,6.039298374184685,603.9298374184683,3.669382735174272e-15,1.374256481017766e-09,1.7686884434787164e-13,1.2054561382032235e-13,6.459761934273261e-06,1.5282742889129116e-11,2355598092643.9214
79.10946599966309,5.501105570506437,550.1105570506436,4.0283715523676486e-15,1.3756295242740652e-09,2.0835853391103437e-13,1.5739469040683094e-13,6.459761934273261e-06,1.6777908204169055e-11,2145678684250.6711
86.90285001968286,5.007770447021806,500.7770447021805,4.425222246354863e-15,1.3757352782960873e-09,2.4497560286260534e-13,1.8678517995849278e-13,6.459761934273261e-06,1.8430765798837767e-11,1953255789418.6978
95.51297845353461,4.556339160779582,455.6339160779581,4.8636627794423685e-15,1.3750168628948167e-09,2.8788166560085054e-13,2.33997563160996e-13,6.459761934273261e-06,2.025684239616793e-11,1777177276494.4978
105.0207436246977,4.143843483395339,414.38434833953386,5.347812308934433e-15,1.373787797267676e-09,3.379427682193887e-13,2.9849958291966533e-13,6.459761934273261e-06,2.227329402117636e-11,1616285402858.3718
115.51547856630418,3.767369788809244,376.73697888092437,5.8822198056123434e-15,1.3722681930623985e-09,3.963549372017652e-13,3.5261962870116376e-13,6.459761934273261e-06,2.449906684434406e-11,1469443723253.9363
127.09579519084929,3.424106387131438,342.4106387131437,6.471906734581455e-15,1.3706116624854598e-09,4.6379352754607e-13,4.4623091261861704e-13,6.459761934273261e-06,2.695507494459666e-11,1335555552117.5227
139.87050999642412,3.111374399804949,311.13743998049483,7.122414193607997e-15,1.3689249184874052e-09,5.420545050289334e-13,5.58675027531461e-13,6.459761934273261e-06,2.966439663744296e-11,1213576006280.8801
153.95966592190626,2.8266463263909625,282.66463263909617,7.839854947503694e-15,1.36728183651523e-09,6.328304479480352e-13,6.633372722544322e-13,6.459761934273261e-06,3.265249119483727e-11,1102519246852.81
169.4956598895056,2.567555560857645,256.75555608576445,8.630970844267542e-15,1.365733427738584e-09,7.377501786262827e-13,8.266806938194891e-13,6.459761934273261e-06,3.594743797971402e-11,1001462190999.9718
186.6244865827951,2.3318993775099623,233.1899377509962,9.50319615011118e-15,1.3643148508373743e-09,8.586036353494542e-13,1.0299386243782606e-12,6.459761934273261e-06,3.958020023229143e-11,909545676593.861
205.5071101129436,2.1176373111926035,211.76373111926029,1.0464727396741542e-14,1.3630503087027292e-09,9.974255381887363e-13,1.2262360611481467e-12,6.459761934273261e-06,4.3584915979507615e-11,825973830417.0685
226.32097643677693,1.9228863843829649,192.28863843829646,1.1524600395935723e-14,1.3619564504695503e-09,1.157296811598045e-12,1.4943521285519283e-12,6.459761934273261e-06,4.7999218795767404e-11,750012206514.7965
249.26168071974985,1.7459142650162456,174.59142650162454,1.269277514414096e-14,1.3610447258259704e-09,1.3409591298143655e-12,1.846332531845446e-12,6.459761934273261e-06,5.286459142513576e-11,680985117438.7952
274.54480529802413,1.5851311541594415,158.51311541594413,1.3980229414234514e-14,1.3603230094426117e-09,1.5518667248449338e-12,2.2243112929213544e-12,6.459761934273261e-06,5.822675558499324e-11,618272470075.2222
302.4079455007822,1.4390809850246165,143.90809850246163,1.539906191340598e-14,1.359796719359634e-09,1.7925255090033047e-12,2.6562007394214945e-12,6.459761934273261e-06,6.413610161197512e-11,561306332863.8342
333.1129423620774,1.306432349955069,130.64323499550687,1.6962605976162086e-14,1.359469585797726e-09,2.067351794759524e-12,3.2164740580989595e-12,6.459761934273261e-06,7.064816198601814e-11,509567396914.36993
366.9483431978494,1.185969448173507,118.59694481735069,1.8685554860564382e-14,1.3593441791413662e-09,2.3818955201945375e-12,3.907019392022299e-12,6.459761934273261e-06,7.782413318112474e-11,462581445221.048
404.2321131666152,1.076583254807272,107.65832548072719,2.0584099824928506e-14,1.359422272345926e-09,2.740211285484936e-12,4.665046444726776e-12,6.459761934273261e-06,8.573145074592755e-11,419915908185.0727
445.31462329209205,0.9772630435382882,97.72630435382881,2.267608228237591e-14,1.359705089666469e-09,3.1493556087321888e-12,5.511541462721033e-12,6.459761934273261e-06,9.444442301760275e-11,381176557066.69147
490.58194302492313,0.8870883453377066,88.70883453377066,2.4981161462969087e-14,1.3601934774094556e-09,3.6135124497209883e-12,6.588061708634086e-12,6.459761934273261e-06,1.0404492942387081e-10,346004367529.9048
540.4594682831897,0.8052213896315823,80.52213896315821,2.7520999158925167e-14,1.3608880212210163e-09,4.14009740544941e-12,7.960110741215016e-12,6.459761934273261e-06,1.1462318993491869e-10,314072571356.98505
595.415919064502,0.7309000484472966,73.09000484472965,3.031946328896334e-14,1.3617891267217819e-09,4.738075770511954e-12,9.385113050818643e-12,6.459761934273261e-06,1.2627861289580326e-10,285083904348.1164
655.9677441958592,0.6634312859758498,66.34312859758496,3.340285219471247e-14,1.362897075005978e-09,5.417664429186922e-12,1.0964477352270887e-11,6.459761934273261e-06,1.391207292065509e-10,258768051355.96454
722.6839746137712,0.6021851035552814,60.21851035552813,3.6800141776946106e-14,1.3642120608930443e-09,6.188195524840229e-12,1.3007379693689392e-11,6.459761934273261e-06,1.5327022162866742e-10,234879284556.7767
796.1915707823578,0.5465889618285057,54.65889618285056,4.054325779405744e-14,1.3657342193339885e-09,7.061216359837633e-12,1.5557348087301708e-11,6.459761934273261e-06,1.688600588907585e-10,213194287840.9729
877.1813145009392,0.49612265662331345,49.61226566233133,4.4667375881656084e-14,1.3674636436731352e-09,8.042008405771485e-12,1.8226706326006196e-11,6.459761934273261e-06,1.860367452508374e-10,193510158175.79706
966.4143004685559,0.45031362209720927,45.03136220972092,4.92112521126788e-14,1.369400398301791e-09,9.151485711383146e-12,2.1117633238127583e-11,6.459761934273261e-06,2.0496169725790763e-10,175642573620.4772
1064.7290886091607,0.4087326332551105,40.87326332551104,5.42175872044155e-14,1.3715445274439002e-09,1.0406347798908551e-11,2.4784064086484054e-11,6.459761934273261e-06,2.2581276065078175e-10,159424117114.77106
1173.0495843706879,0.3709898796170706,37.09898796170705,5.973342779504664e-14,1.3738960612688051e-09,1.1822122046248466e-11,2.9158626095854324e-11,6.459761934273261e-06,2.48785881649029e-10,144702745032.72043
1292.39372105237,0.33673138224176,33.673138224176,6.581060856065074e-14,1.3764550201530379e-09,1.3419906819483708e-11,3.4184339566685446e-11,6.459761934273261e-06,2.7409694834185176e-10,131340389660.59943
1423.8830257516638,0.3056357272471879,30.563572724718785,7.250623932743526e-14,1.3792214176574181e-09,1.522210038753109e-11,3.94963364262936e-11,6.459761934273261e-06,3.019838194791713e-10,119211685123.02702
1568.753158825964,0.2774110902292791,27.74110902292791,7.98832417567869e-14,1.3821952626103022e-09,1.723361233940312e-11,4.56848726015872e-11,6.459761934273261e-06,3.3270855973031537e-10,108202806772.3314
1728.3655259127606,0.2517925274288897,25.179252742888966,8.801094064659172e-14,1.3853765605673713e-09,1.9501537245039615e-11,5.303567289994476e-11,6.459761934273261e-06,3.6655990241595313e-10,98210414621.80733
1904.2200716313093,0.22853951104386663,22.85395110438666,9.696571540553341e-14,1.388765314835425e-09,2.2052569830940514e-11,6.170261564463543e-11,6.459761934273261e-06,4.0385596285661177e-10,89140692006.52542
2097.9693751935224,0.20743368765828293,20.74336876582829,1.0683171782254361e-13,1.39236152719053e-09,2.491988144288396e-11,7.160684525190707e-11,6.459761934273261e-06,4.449472278362331e-10,80908471269.87862
2311.4341803864577,0.188276840319881,18.8276840319881,1.1770166287658535e-13,1.3961651983813795e-09,2.8142294977870814e-11,8.225861273209577e-11,6.459761934273261e-06,4.90219849274016e-10,73436438882.09277
2546.620505868223,0.1708890363082058,17.088903630820575,1.2967770001834355e-13,1.4001763284813998e-09,3.1759375172399455e-11,9.459705964332968e-11,6.459761934273261e-06,5.400992730565716e-10,66654412986.460815
2805.7384965698543,0.1551069440799902,15.510694407999017,1.4287237311161861e-13,1.4043949171341488e-09,3.579930995699916e-11,1.0833467733934349e-10,6.459761934273261e-06,5.950542371320366e-10,60498686932.31733
3091.223193357808,0.1407823042430709,14.078230424307089,1.5740967805540119e-13,1.4088209637233495e-09,4.032093912347646e-11,1.2473245871907625e-10,6.459761934273261e-06,6.556011764379312e-10,54911432886.07001
3405.757416138226,0.12778054068924138,12.778054068924137,1.7342622802554124e-13,1.4134544674896631e-09,4.538906750017405e-11,1.4418191209247389e-10,6.459761934273261e-06,7.223090760577058e-10,49840160110.52301
3752.2969754452433,0.11597949920765455,11.597949920765453,1.910725372862858e-13,1.418295427609837e-09,5.1071263942040066e-11,1.6472093148261742e-10,6.459761934273261e-06,7.958048182131528e-10,45237222967.35021
4134.098449437151,0.10526830200422206,10.526830200422204,2.105144356361949e-13,1.4233438432493215e-09,5.7427395100890894e-11,1.875290321678689e-10,6.459761934273261e-06,8.767790733405979e-10,41059374128.122314
4554.749787332596,0.09554630757124352,9.55463075712435,2.319346267805848e-13,1.4285997135962382e-09,6.455211495199948e-11,2.1437855513452026e-10,6.459761934273261e-06,9.65992790611812e-10,37267358876.66344
5018.2040268801775,0.0867221662888613,8.672216628886128,2.5553440527517885e-13,1.4340630378823072e-09,7.251471210921122e-11,2.427078246886988e-10,6.459761934273261e-06,1.0642843488937933e-09,33825546751.127216
5528.816442718672,0.07871296300018624,7.8712963000186225,2.815355481758055e-13,1.4397338153947321e-09,8.138228002205865e-11,2.780515056311116e-10,6.459761934273261e-06,1.1725774353479954e-09,30701597109.71752
6091.385474726706,0.07144343858981626,7.144343858981625,3.1018239917077766e-13,1.4456120454818855e-09,9.127784343300165e-11,3.195621048627615e-10,6.459761934273261e-06,1.2918897257075234e-09,27866155511.287186
6711.197820982812,0.0648452833158784,6.484528331587838,3.4174416478141875e-13,1.4516977275548257e-09,1.0233675248448041e-10,3.5998989803208426e-10,6.459761934273261e-06,1.423342447804521e-09,25292578083.039204
7394.078119093414,0.05885649530355444,5.885649530355443,3.7651744420910193e-13,1.4579908610860825e-09,1.1468416153938786e-10,4.0718505897359545e-10,6.459761934273261e-06,1.568170918220237e-09,22956681304.13836
8146.44368276491,0.05342079820808784,5.342079820808783,4.148290166028306e-13,1.4644914456067044e-09,1.2846842789282786e-10,4.661133178764569e-10,6.459761934273261e-06,1.7277361510750766e-09,20836514868.08281
8975.364808002889,0.048487112602097156,4.848711260209715,4.57038911940507e-13,1.4711994807023175e-09,1.4386011826786707e-10,5.228737810276696e-10,6.459761934273261e-06,1.903537648051413e-09,18912155499.97237
9888.63121566075,0.04400907614001431,4.40090761400143,5.035437943822314e-13,1.4781149660086474e-09,1.6103964049418295e-10,5.88578932844872e-10,6.459761934273261e-06,2.0972274898422806e-09,17165519799.05019
10894.82525472662,0.03994460800568905,3.994460800568904,5.547806898904392e-13,1.4852379012068682e-09,1.8021031029965417e-10,6.751975031020454e-10,6.459761934273261e-06,2.310625861449304e-09,15580194353.671589
12003.402554270655,0.03625551356150272,3.6255513561502717,6.112310931468935e-13,1.4925682860189846e-09,2.0146846418642448e-10,7.616352055396645e-10,6.459761934273261e-06,2.545738157227595e-09,14141281536.67043
13224.780881973062,0.03290712549224546,3.2907125492245455,6.73425492360961e-13,1.5001061202034101e-09,2.251528048953617e-10,8.485737495840032e-10,6.459761934273261e-06,2.8047738264209602e-09,12835259535.325136
14570.438044273418,0.0298679780778161,2.9867978077816093,7.419483544906791e-13,1.5078514035508049e-09,2.515406731733314e-10,9.658776641255737e-10,6.459761934273261e-06,3.090167136286737e-09,11649855303.056187
16053.019748151042,0.02710951153851664,2.7109511538516635,8.174436177248768e-13,1.515804135880245e-09,2.8094328870792247e-10,1.0945472815565974e-09,6.459761934273261e-06,3.404600047930272e-09,10573929240.788548
17686.458438158228,0.024605803678119206,2.4605803678119202,9.006207428414796e-13,1.5239643170357263e-09,3.137481711728999e-10,1.2123273492455907e-09,6.459761934273261e-06,3.751027419822726e-09,9597370525.673567
19486.104225468294,0.022333326305508744,2.233332630550874,9.922613803091756e-13,1.5323319468830122e-09,3.502039011763943e-10,1.3607715684468876e-09,6.459761934273261e-06,4.13270477585034e-09,8711002104.57029
21468.869139333838,0.020270724147887734,2.027072414788773,1.093226715786003e-12,1.5409070253068167e-09,3.9084847933657375e-10,1.5531024006308107e-09,6.459761934273261e-06,4.553218898843218e-09,7906494460.2479105
23653.38605654715,0.018398614179388394,1.839861417938839,1.2044655630436177e-12,1.5496895522083002e-09,4.360641242424255e-10,1.7395047130599962e-09,6.459761934273261e-06,5.01652153708395e-09,7176287340.515717
26060.183802428797,0.01669940348041508,1.6699403480415078,1.3270232803698033e-12,1.5586795275028555e-09,4.86339633132002e-10,1.922117571256942e-09,6.459761934273261e-06,5.5269665405501e-09,6513518715.171544
28711.880068843904,0.01515712391689644,1.5157123916896438,1.4620515942405051e-12,1.5678769511181638e-09,5.420302239823769e-10,2.1774613948658794e-09,6.459761934273261e-06,6.089350775875869e-09,5911960293.471827
31633.393962176084,0.013757282086484,1.3757282086483997,1.6108194225784733e-12,1.5772818229924954e-09,6.039838056066565e-10,2.4718726667976693e-09,6.459761934273261e-06,6.7089592045276385e-09,5365958996.397664
34852.180178663046,0.012486723122043446,1.2486723122043444,1.774724799309298e-12,1.5868941430732222e-09,6.728960819287545e-10,2.728997157123014e-09,6.459761934273261e-06,7.3916145478122575e-09,4870383833.888517
38398.48700773752,0.011333507072891776,1.1333507072891773,1.955308012274882e-12,1.596713911315527e-09,7.495085015324644e-10,3.0064154554814487e-09,6.459761934273261e-06,8.14373200544094e-09,4420577687.962706
42305.640587940616,0.010286796702343011,1.0286796702343008,2.154266077966901e-12,1.6067411276812895e-09,8.347523031282472e-10,3.4121587451171913e-09,6.459761934273261e-06,8.9723795418624e-09,4012313548.7119026
46610.35808667747,0.009336755647344519,0.9336755647344517,2.3734686891053027e-12,1.6169757921381134e-09,9.294254154678025e-10,3.867065915870055e-09,6.459761934273261e-06,9.88534430690069e-09,3641754791.977187
51353.09274690114,0.008474455983311683,0.8474455983311682,2.6149757849281273e-12,1.6274179046584958e-09,1.0347421634819562e-09,4.247638684211746e-09,6.459761934273261e-06,1.0891205814881322e-08,3305419125.4756193
56578.414043269615,0.00769179432561887,0.7691794325618868,2.8810569093078725e-12,1.6380674652191068e-09,1.1517788663664092e-09,4.675646177698703e-09,6.459761934273261e-06,1.1999416569939806e-08,3000145864.6068654
62335.42652026719,0.006981415679397694,0.6981415679397692,3.1742125386109624e-12,1.648924473800176e-09,1.2818287752723258e-09,5.322827366516473e-09,6.459761934273261e-06,1.3220390895183417e-08,2723066230.44829
68678.23124828521,0.006336644322088626,0.6336644322088625,3.4971975797270233e-12,1.6599889303849593e-09,1.425506553671919e-09,6.0358154315235745e-09,6.459761934273261e-06,1.456560280047057e-08,2471576390.8402715
75666.43423416169,0.005751421069265319,0.5751421069265318,3.853047259088977e-12,1.6712608349592868e-09,1.5849056708810909e-09,6.621594201661618e-09,6.459761934273261e-06,1.604769380851296e-08,2243312991.235088
83365.70656392607,0.005220246334226489,0.5220246334226488,4.245105645973883e-12,1.682740187511179e-09,1.7619287451163266e-09,7.195015676427308e-09,6.459761934273261e-06,1.7680591752587506e-08,2036130945.375824
91848.40154164682,0.0047381284462877475,0.47381284462877465,4.677057078130025e-12,1.6944269880305083e-09,1.9585068136857507e-09,8.109218356708517e-09,6.459761934273261e-06,1.947964166225029e-08,1848083277.1048663
101194.23462389657,0.0043005367421176,0.4300536742117599,5.152960785050153e-12,1.706321236508726e-09,2.1767424640859214e-09,9.271683037398513e-09,6.459761934273261e-06,2.1461749967040774e-08,1677402823.874376
111491.03253946398,0.0039033589893114865,0.39033589893114856,5.677289034260263e-12,1.7184229329386137e-09,2.4189748422814634e-09,1.0215295804777071e-08,6.459761934273261e-06,2.364554337331917e-08,1522485630.024522
122835.55863410581,0.0035428627421058836,0.3542862742105883,6.254969159100726e-12,1.730732077314084e-09,2.6877283380672543e-09,1.1041847906218944e-08,6.459761934273261e-06,2.6051543907269325e-08,1381875873.7732506
135334.4221964513,0.0032156602660837865,0.3215660266083786,6.8914298629524195e-12,1.743248669630004e-09,2.9861342792836375e-09,1.2259157966114915e-08,6.459761934273261e-06,2.8702361769020025e-08,1254252186.273281
149105.08031037904,0.0029186767022601787,0.29186767022601784,7.592652235048364e-12,1.7559727098820494e-09,3.3171962322838143e-09,1.4085645080216451e-08,6.459761934273261e-06,3.1622907810216394e-08,1138415234.1730416
164276.94164869183,0.002649121171376529,0.26491211713765284,8.365225957287698e-12,1.7689041980665777e-09,3.6843314273651227e-09,1.5852809630388725e-08,6.459761934273261e-06,3.4840627631782093e-08,1033276448.9914157
180992.5825809061,0.0024044605468624696,0.2404460546862469,9.216411230251251e-12,1.7820431341805231e-09,4.090610109480195e-09,1.7239868691973268e-08,6.459761934273261e-06,3.8385759501787847e-08,937847797.3927616
199409.08702343307,0.002182395650000624,0.21823956500006234,1.0154207000363567e-11,1.7953895182213047e-09,4.539695804449517e-09,1.8610959291779157e-08,6.459761934273261e-06,4.229161851718943e-08,851232496.2301409
219699.5226232841,0.001980839643592444,0.19808396435924436,1.118742612936054e-11,1.8089433501867536e-09,5.03740665211467e-09,2.0844004398556245e-08,6.459761934273261e-06,4.659490967982165e-08,772616585.10286
242054.5671476252,0.0017978984210825532,0.17978984210825527,1.2325778212462093e-11,1.8227046300750454e-09,5.589442877674996e-09,2.3826142678234762e-08,6.459761934273261e-06,5.1336072828756366e-08,701261277.2326105
266684.300363045,0.0016318528068510225,0.1631852806851022,1.3579960823526921e-11,1.8366733578846468e-09,6.2012441887433876e-09,2.6536504660164038e-08,6.459761934273261e-06,5.655966267049854e-08,636496016.7765915
293820.17824358057,0.0014811424004030065,0.14811424004030063,1.496176004465853e-11,1.85084953361427e-09,6.878859410949486e-09,2.8572550444426398e-08,6.459761934273261e-06,6.231476747832402e-08,577712177.3345697
323717.20805996825,0.0013443509126333433,0.1344350912633343,1.6484161224981707e-11,1.8652331572628343e-09,7.630072954361292e-09,3.0847054817407343e-08,6.459761934273261e-06,6.865547039545397e-08,524357342.43230444
356656.34479034046,0.0012201928563653095,0.12201928563653093,1.8161471009435883e-11,1.879824228829431e-09,8.462789583828606e-09,3.4825262925999996e-08,6.459761934273261e-06,7.564135767712406e-08,475930114.23282987
392947.1313724641,0.001107501466089166,0.11075014660891659,2.0009451784342076e-11,1.8946227483132988e-09,9.385025519861262e-09,3.996404562709161e-08,6.459761934273261e-06,8.33380786477163e-08,431975401.6909592
432930.6076090635,0.0010052177333775218,0.10052177333775217,2.204546980318411e-11,1.9096287157137993e-09,1.0406807037597174e-08,4.454058251610744e-08,6.459761934273261e-06,9.181796263510282e-08,392080143.87194526
476982.5150624534,0.0009123804549388039,0.09123804549388038,2.4288658384605247e-11,1.924842131030396e-09,1.1538914981794604e-08,4.817769526383607e-08,6.459761934273261e-06,1.0116069867979653e-07,355869428.24456584
525516.8280562155,0.0008281171997863846,0.08281171997863844,2.676009771626009e-11,1.9402629942626403e-09,1.27924717689953e-08,5.216347810360109e-08,6.459761934273261e-06,1.1145408440642021e-07,323002967.4706677
578989.64396623,0.0007516361106381359,0.07516361106381357,2.9483012954214195e-11,1.9558913054101553e-09,1.4172861055089755e-08,5.816765452058296e-08,6.459761934273261e-06,1.227948510949537e-07,293171901.58211315
637903.469359773,0.0006822184625007774,0.06822184625007774,3.248299247951543e-11,1.9717270644726254e-09,1.5701848629654248e-08,6.603152647894867e-08,6.459761934273261e-06,1.3528957270530456e-07,266095895.49386224
702811.9422613197,0.000619211908508982,0.06192119085089818,3.578822836298518e-11,1.9877702714497873e-09,1.739421522297601e-08,7.40071439432973e-08,6.459761934273261e-06,1.4905566739768413e-07,241520504.57733434
774325.0349221879,0.0005620243495475624,0.05620243495475623,3.9429781297979075e-11,2.0040209263414195e-09,1.926663212648007e-08,8.037803879517095e-08,6.459761934273261e-06,1.6422250096050192e-07,219214783.53723627
853114.7859866213,0.0005101183700470535,0.051011837004705345,4.3441872490800975e-11,2.0204790291473365e-09,2.133741085101439e-08,8.626717473834031e-08,6.459761934273261e-06,1.8093260251515054e-07,198969116.12148783
939921.6159219211,0.0004630061876635117,0.046300618766351165,4.786220525178899e-11,2.037144579867383e-09,2.36290960907234e-08,9.442398554766778e-08,6.459761934273261e-06,1.9934300392217784e-07,180593245.2691149
1035561.2850613391,0.0004202450693825993,0.042024506938259924,5.273231930919808e-11,2.05401757850143e-09,2.6168201945071255e-08,1.0683235633653626e-07,6.459761934273261e-06,2.1962671547580012e-07,163914485.18459818
1140932.559647438,0.0003814331709711352,0.038143317097113515,5.809798117551847e-11,2.071098025049369e-09,2.8973662148778498e-08,1.210546134593414e-07,6.459761934273261e-06,2.419743517544901e-07,148776098.53678215
1257025.6579169163,0.000346205760677719,0.03462057606777189,6.400961423466438e-11,2.0883859195111086e-09,3.2077323340221686e-08,1.339003130972024e-07,6.459761934273261e-06,2.6659592290643266e-07,135035823.53221112
1384931.5555983365,0.00031423179169494755,0.03142317916949475,7.052277259174486e-11,2.1058812618865736e-09,3.5512095001967023e-08,1.4558648627169369e-07,6.459761934273261e-06,2.9372280820331796e-07,122564537.02117826
1525852.2382704313,0.00028521079117321856,0.02852107911732185,7.769866313838202e-11,2.1235840521757008e-09,3.9310011350223506e-08,1.5888488743265884e-07,6.459761934273261e-06,3.236099304087859e-07,111245041.0731358
1681111.9969267198,0.00025887003655087606,0.0258870036550876,8.560472073964458e-11,2.141494290378436e-09,4.3511662244723844e-08,1.765208902622862e-07,6.459761934273261e-06,3.5653815139497914e-07,100970961.61840637
1852169.8728955921,0.00023496199266549028,0.02349619926654902,9.431524194786982e-11,2.1596119764947356e-09,4.815980519220306e-08,1.9730692431121719e-07,6.459761934273261e-06,3.928169115198181e-07,91645748.8062699
2040633.3690660584,0.00021326198556172312,0.02132619855617231,1.0391208319865124e-10,2.1779371105245634e-09,5.3275398089602745e-08,2.1985780587994763e-07,6.459761934273261e-06,4.3278713756834576e-07,83181769.68536845
2248273.556269261,0.00019356609113558258,0.019356609113558257,1.1448543005023073e-10,2.196469692467888e-09,5.892615303660204e-08,2.433218772211032e-07,6.459761934273261e-06,4.768244465852799e-07,75499484.67996892
2477041.716776834,0.00017568921877376037,0.017568921877376034,1.2613464469516473e-10,2.215209722324682e-09,6.517088191162898e-08,2.6558664471143217e-07,6.459761934273261e-06,5.253426757065461e-07,68526700.123082
2729087.6813220624,0.00015946337197920868,0.015946337197920865,1.3896919970868722e-10,2.2341572000949264e-09,7.206736675957374e-08,2.888093494595935e-07,6.459761934273261e-06,5.787977711611039e-07,62197889.822177075
3006780.031964518,0.00014473606963732547,0.014473606963732543,1.5310970680859529e-10,2.2533121257786013e-09,7.968951100908588e-08,3.164575050025056e-07,6.459761934273261e-06,6.376920729896473e-07,56453579.28196238
3312728.3606530237,0.000131368913086719,0.013136891308671898,1.6868905029434767e-10,2.2726744993756924e-09,8.812085590751573e-08,3.512873531846938e-07,6.459761934273261e-06,7.025790357454893e-07,51239786.79751138
3649807.792660058,0.00011923628552871293,0.01192362855287129,1.8585363581678271e-10,2.2922443208861877e-09,9.742534525066141e-08,3.932107531003848e-07,6.459761934273261e-06,7.740684295400518e-07,46507516.165451996
4021186.0053445506,0.00010822417155339908,0.010822417155339905,2.0476476621366496e-10,2.3120215903100756e-09,1.0771212221267417e-07,4.3508332780534733e-07,6.459761934273261e-06,8.528320703093541e-07,42212296.246014126
4430352.996149892,9.82290856888218e-05,0.009822908568882177,2.2560015734037454e-10,2.3320063076473478e-09,1.1907311011708162e-07,4.7661825840476896e-07,6.459761934273261e-06,9.396101331512565e-07,38313763.04900364
4881153.879579472,8.91570999044245e-05,0.008915709990442448,2.4855560814063225e-10,2.352198472897998e-09,1.3162981189852424e-07,5.247137505260725e-07,6.459761934273261e-06,1.035218108062527e-06,34775280.416390866
5377825.021356706,8.092296092979752e-05,0.00809229609297975,2.7384684065161745e-10,2.372598086062018e-09,1.4548788003661e-07,5.827815913613113e-07,6.459761934273261e-06,1.1405544634417146e-06,31563595.736907747
5925033.849337638,7.344928909379752e-05,0.007344928909379751,3.01711527234791e-10,2.3932051471394055e-09,1.6081159071437151e-07,6.49069989498727e-07,6.459761934273261e-06,1.2566090893750272e-06,28648527.457257647
6527922.715295823,6.666585115519629e-05,0.006666585115519628,3.324115240831516e-10,2.414019656130154e-09,1.7773996274052985e-07,7.163461939688969e-07,6.459761934273261e-06,1.3844726000502868e-06,26002681.453350835
7192157.21976725,6.0508900291339794e-05,0.006050890029133979,3.6623533199414303e-10,2.435041613034261e-09,1.9642175141066223e-07,7.829064361514536e-07,6.459761934273261e-06,1.5253465827176807e-06,23601193.596185528
7923979.454084281,5.492057704241334e-05,0.005492057704241333,4.035008075331312e-10,2.4562710178517237e-09,2.1706208497968898e-07,8.626116953920981e-07,6.459761934273261e-06,1.6805548895111221e-06,21421496.09315795
8730266.659936218,4.984836558173535e-05,0.004984836558173534,4.445581500653861e-10,2.477707870582539e-09,2.397587659922477e-07,9.611864352154744e-07,6.459761934273261e-06,1.8515560782441796e-06,19443105.409012835
9618595.857705383,4.524460020242031e-05,0.00452446002024203,4.897931927269826e-10,2.499352171226705e-09,2.647577089199013e-07,1.0682251040858343e-06,6.459761934273261e-06,2.03995711909203e-06,17647429.773437265
10597315.050918149,4.106601738266066e-05,0.004106601738266066,5.396310282612448e-10,2.5212039197842205e-09,2.924070144235527e-07,1.1718392695557586e-06,6.459761934273261e-06,2.247528495966855e-06,16017594.466366628
11675621.67594922,3.727334922019521e-05,0.0037273349220195203,5.945400037942517e-10,2.5432631162550833e-09,3.22905327334277e-07,1.2700859290958723e-06,6.459761934273261e-06,2.4762208445006663e-06,14538283.2391347
12863649.034204032,3.383095441529702e-05,0.0033830954415297013,6.550361220899885e-10,2.5655297606392933e-09,3.5655171066042715e-07,1.3830291373948877e-06,6.459761934273261e-06,2.7281832829897035e-06,13195594.381235667
14172561.51901903,3.070648333447194e-05,0.0030706483334471935,7.216878906456003e-10,2.5880038529368487e-09,3.937194149284725e-07,1.5281900814556145e-06,6.459761934273261e-06,3.0057836085640205e-06,11976910.080096748
15614659.53216682,2.787057400733128e-05,0.0027870574007331276,7.951216641957238e-10,2.6106853931477483e-09,4.3470084243076165e-07,1.6987974145444576e-06,6.459761934273261e-06,3.3116305483741214e-06,10870777.846180504
17203495.0759112,2.5296576199792113e-05,0.002529657619979211,8.7602753083168e-10,2.6335743812719934e-09,4.799203681618096e-07,1.882509151065746e-06,6.459761934273261e-06,3.648598274898503e-06,9866802.889118139
18953999.106878612,2.2960300970606314e-05,0.002296030097060631,9.651657970498345e-10,2.65667081730958e-09,5.298965052186521e-07,2.0742533885736083e-06,6.459761934273261e-06,4.019853415752621e-06,8955550.4334876
20882621.84854504,2.0839793357693598e-05,0.0020839793357693595,1.0633741326719133e-09,2.6799747012605112e-09,5.849327089966754e-07,2.2824785509349644e-06,6.459761934273261e-06,4.42888481182209e-06,8128457.056255934
23007487.380912412,1.8915126058118816e-05,0.001891512605811881,1.1715754427810184e-09,2.7034860331247852e-09,6.457705569786619e-07,2.530364845944526e-06,6.459761934273261e-06,4.87953630336944e-06,7377750.212687448
25348563.960120186,1.7168212162834995e-05,0.001716821216283499,1.2907865406493183e-09,2.7272048129024006e-09,7.127815926167028e-07,2.8140283576041203e-06,6.459761934273261e-06,5.37604285221968e-06,6696375.194467841
27927851.668556552,1.558263518638306e-05,0.0015582635186383057,1.4221277031605256e-09,2.7511310405933593e-09,7.86824578647717e-07,3.1012639560427205e-06,6.459761934273261e-06,5.923070339479816e-06,6077928.833639622
30769589.158896174,1.4143494794265498e-05,0.0014143494794265495,1.5668331985234893e-09,2.7752647161976593e-09,8.684874872197974e-07,3.3945438208201896e-06,6.459761934273261e-06,6.525759412788274e-06,5516599.32933663
33900481.4349258,1.2837266778228829e-05,0.0012837266778228825,1.7262628852102769e-09,2.7996058397153002e-09,9.585825832830524e-07,3.7201482677142292e-06,6.459761934273261e-06,7.189773795145383e-06,5007111.631844051
37349950.80971001,1.1651675963583819e-05,0.0011651675963583817,1.901914991118858e-09,2.8241544111462846e-09,1.0580163472358408e-06,4.1398471371118235e-06,6.459761934273261e-06,7.921353509303337e-06,4544677.870735011
41150413.39945534,1.057558085422044e-05,0.001057558085422044,2.095440193051491e-09,2.8489104304906094e-09,1.167607909967441e-06,4.651593984395163e-06,6.459761934273261e-06,8.727373517887357e-06,4124952.36123623
45337583.75140455,9.598868931277221e-06,0.0009598868931277219,2.3086571288197245e-09,2.873873897748274e-09,1.2882230925006726e-06,5.17203721263457e-06,6.459761934273261e-06,9.615408330314499e-06,3743990.765998236
49950810.468476236,8.71236162154331e-06,0.0008712361621543308,2.5435694877497306e-09,2.899044812919281e-09,1.420737231961627e-06,5.638868793085206e-06,6.459761934273261e-06,1.0593803183648213e-05,3398213.0284964
55033445.98465368,7.907728042541453e-06,0.0007907728042541451,2.8023848401945298e-09,2.924423176003629e-09,1.5672403971551196e-06,6.068140235632971e-06,6.459761934273261e-06,1.16717524663047e-05,3084369.7297324254
60633253.96606315,7.177406713717109e-06,0.0007177406713717107,3.0875353830022297e-09,2.950008987001319e-09,1.7286358894913584e-06,6.560874553420618e-06,6.459761934273261e-06,1.2859386121592694e-05,2799511.552075647
66802858.16625559,6.514534498021901e-06,0.00065145344980219,3.401700795893894e-09,2.9758022459123488e-09,1.9066586086197713e-06,7.245928050308455e-06,6.459761934273261e-06,1.416786484305601e-05,2540961.5632834337
73600236.95377828,5.9128821061247365e-06,0.0005912882106124736,3.7478334235422755e-09,3.0018029527367203e-09,2.102787568184966e-06,8.10262942371292e-06,6.459761934273261e-06,1.560948495621045e-05,2306290.0602416676
81089268.15931703,5.366795557157012e-06,0.0005366795557157011,4.129186019997855e-09,3.0280111074744323e-09,2.319199389056196e-06,8.995383626452644e-06,6.459761934273261e-06,1.719779397229231e-05,2093291.736021508
89340329.36256847,4.8711430458736425e-06,0.00048711430458736415,4.549342316188301e-09,3.0544267101254856e-09,2.5579598158524937e-06,9.86647650144943e-06,6.459761934273261e-06,1.8947717899925992e-05,1899964.9556815815
98430959.25999086,4.421266716918275e-06,0.00044212667169182736,5.012250697747027e-09,3.0810497606898798e-09,2.8205215035469005e-06,1.0740955153741e-05,6.459761934273261e-06,2.0875701511112003e-05,1724492.9460615935
108446586.32858483,4.012938892995168e-06,0.0004012938892995167,5.5222613096555845e-09,3.107880259167615e-09,3.1108608110946923e-06,1.1719941431029065e-05,6.459761934273261e-06,2.2999862879674096e-05,1565226.722799928
119481331.63326325,3.6423223456055014e-06,0.00036423223456055005,6.084166936387768e-09,3.1349182055586893e-09,3.430382497030676e-06,1.3007820151645946e-05,6.459761934273261e-06,2.5340163644427942e-05,1420669.5941332667
131638893.32213077,3.305934234995375e-06,0.0003305934234995374,6.703248041723472e-09,3.162163599863106e-09,3.7827268638133887e-06,1.4595834549223801e-05,6.459761934273261e-06,2.7918596597106586e-05,1289463.0958538565
145033521.12164643,3.000613380444113e-06,0.0003000613380444112,7.385322391490307e-09,3.189616442080862e-09,4.171207279014245e-06,1.6299231107340843e-05,6.459761934273261e-06,3.075939235788497e-05,1170374.225249337
159791089.9894116,2.7234905533179205e-06,0.00027234905533179195,8.136799725558835e-09,3.2172767322119604e-09,4.599726288010607e-06,1.79684498268864e-05,6.459761934273261e-06,3.388924708072081e-05,1062283.8540570578
176050283.0141474,2.4719615137202836e-06,0.0002471961513720283,8.964741992867011e-09,3.2451444702563996e-09,5.072022505422898e-06,1.95722315752614e-05,6.459761934273261e-06,3.7337573328353995e-05,964176.2115445718
193963894.67907894,2.2436625373530198e-06,0.00022436625373530193,9.87692971552815e-09,3.2732196562141798e-09,5.592671374974828e-06,2.1366169137040208e-05,6.459761934273261e-06,4.113677647454428e-05,875129.3388843205
213700266.73602933,2.0364482026037844e-06,0.0002036448202603784,1.088193510567326e-08,3.3015022900853004e-09,6.1661051256834065e-06,2.3700162918261022e-05,6.459761934273261e-06,4.5322559231013024e-05,794306.4251183361
235444870.18374926,1.8483712291157558e-06,0.00018483712291157554,1.1989202622138146e-08,3.329992371869762e-09,6.799033701948758e-06,2.666219890496449e-05,6.459761934273261e-06,4.993425716085946e-05,720947.9432932927
259402048.2169873,1.677664178374198e-06,0.0001677664178374198,1.3209137724019813e-08,3.358689901567563e-09,7.496234972907732e-06,2.9960453597690554e-05,6.459761934273261e-06,5.501520833140984e-05,654364.5128659181
285796936.52553666,1.5227228443424932e-06,0.0001522722844342493,1.4553204655157165e-08,3.3875948791787053e-09,8.265574452102819e-06,3.3083910904269556e-05,6.459761934273261e-06,6.0613160580285116e-05,593930.4213037402
314877578.9891112,1.382091178062524e-06,0.0001382091178062524,1.6034034178457663e-08,3.4167073047031896e-09,9.106760996938029e-06,3.584260559082756e-05,6.459761934273261e-06,6.67807202219365e-05,539077.7440009478
346917258.65012807,1.2544476045495108e-06,0.00012544476045495104,1.7665542272494887e-08,3.4460271781410135e-09,1.003519807979898e-05,3.854551102112026e-05,6.459761934273261e-06,7.35758464113335e-05,489291.0072517306
382217065.86953235,1.138592603395385e-06,0.00011385926033953847,1.9463060905818946e-08,3.4755544994921784e-09,1.1059113728073134e-05,4.176435428123774e-05,6.459761934273261e-06,8.10623958105489e-05,444102.3441268091
421108727.79969686,1.0334374363704399e-06,0.00010334374363704398,2.144348211792069e-08,3.5052892687566837e-09,1.2186238546966868e-05,4.614790831310729e-05,6.459761934273261e-06,8.931072267669987e-05,403087.0977308975
463957725.7641646,9.37993916091718e-07,9.379939160917178e-05,2.362541676084011e-08,3.5352314859345304e-09,1.3427488405374902e-05,5.169226007957492e-05,6.459761934273261e-06,9.839834001052851e-05,365859.8305230356
511166729.8395283,8.513651196101047e-07,8.513651196101046e-05,2.6029369393178873e-08,3.5653811510257163e-09,1.4795539819483713e-05,5.7326791488113866e-05,6.459761934273261e-06,0.00010841064797870605,332070.70219773153
563179382.9157096,7.727369596476695e-07,7.727369596476694e-05,2.8677930970072197e-08,3.5957382640302456e-09,1.6303031349976763e-05,6.265945262005214e-05,6.459761934273261e-06,0.0001194417364551619,301402.18208828784
620484469.7949897,7.013705342767472e-07,7.01370534276747e-05,3.159599113990613e-08,3.6263028249481137e-09,1.7962202261291688e-05,6.763692488089626e-05,6.459761934273261e-06,0.00013159526922324543,273566.0651974322
683620510.5086261,6.365951831473681e-07,6.36595183147368e-05,3.481097214282456e-08,3.657074833779324e-09,1.979022935157691e-05,7.309668649565934e-05,6.459761934273261e-06,0.00014498545814795114,248300.7638135931
753180821.0163321,5.778021850095668e-07,5.7780218500956666e-05,3.83530865090661e-08,3.6880542905238743e-09,2.1800234162466728e-05,8.017587170960109e-05,6.459761934273261e-06,0.00015973813647290352,225368.84926103227
829819088.8461925,5.244390373034656e-07,5.244390373034655e-05,4.225562097883305e-08,3.7192411951817656e-09,2.401577756795152e-05,8.937790234757926e-05,6.459761934273261e-06,0.00017599194132833504,204554.82068259866
914255516.0716082,4.7600426406008183e-07,4.760042640600817e-05,4.655524931180491e-08,3.750635547752998e-09,2.644905495426072e-05,0.00010069949755229051,6.459761934273261e-06,0.00019389961656257387,185663.07988743414
1007283587.3534485,4.3204270332048143e-07,4.320427033204814e-05,5.129237692590095e-08,3.782237348237569e-09,2.9123919242786405e-05,0.00011297044949332308,6.459761934273261e-06,0.00021362944814030515,168516.09323241017
1109777526.6495228,3.9214122978719566e-07,3.9214122978719555e-05,5.651152060400593e-08,3.814046596635483e-09,3.206077353810457e-05,0.00012490350811447594,6.459761934273261e-06,0.00023536684559664163,152952.7232637292
1222700512.6652236,3.559248725118441e-07,3.55924872511844e-05,6.226172683692369e-08,3.846063292946736e-09,3.5278163045754744e-05,0.00013625695950788769,6.459761934273261e-06,0.0002593160844085957,138826.71444042012
1347113730.2494135,3.23053291135235e-07,3.230532911352349e-05,6.859703273390462e-08,3.878287437171331e-09,3.8804955011981324e-05,0.00014807225669480307,6.459761934273261e-06,0.00028570222565775717,126005.31870943288
1484186342.7952623,2.9321757756570924e-07,2.9321757756570916e-05,7.557697383211354e-08,3.9107190293092665e-09,4.265310894374716e-05,0.00016198621390880647,6.459761934273261e-06,0.0003147732310240389,114368.04801628992
1635206479.3609757,2.66137353039724e-07,2.6613735303972394e-05,8.326714357714239e-08,3.943358069360542e-09,4.685793097637627e-05,0.00017923326565241036,6.459761934273261e-06,0.0003468022929859968,103805.5420281019
1801593339.760958,2.415581332845506e-07,2.4155813328455056e-05,9.17398097322383e-08,3.97620455732516e-09,5.142830756187678e-05,0.00020213511943085978,6.459761934273261e-06,0.00038209040212558676,94218.5404284701
1984910531.384053,2.1924893702240774e-07,2.192489370224077e-05,1.010745935089048e-07,4.0092584932031175e-09,5.640181329610625e-05,0.00022910796112958845,6.459761934273261e-06,0.0004209691756634015,85516.95012649779
2186880763.070584,1.9900011534213216e-07,1.9900011534213213e-05,1.1135921780095334e-07,4.042519876994417e-09,6.178934751403265e-05,0.00025681048141036226,6.459761934273261e-06,0.0004638039738053306,77618.99861407839
2409402034.1327124,1.8062138154008276e-07,1.8062138154008274e-05,1.2269033155347426e-07,4.075988708699056e-09,6.760698491687634e-05,0.0002820333179092683,6.459761934273261e-06,0.0005109973331862587,70450.46551520453
2654565470.6531796,1.6394002291586123e-07,1.639400229158612e-05,1.3517441801367042e-07,4.109664988317037e-09,7.3890937816973e-05,0.00030452671316072785,6.459761934273261e-06,0.0005629927496763225,63943.98510584235
2924674976.6776342,1.4879927771834046e-07,1.4879927771834042e-05,1.4892879539876897e-07,4.143548715848357e-09,8.062047814385549e-05,0.00032693595960103783,6.459761934273261e-06,0.0006202788460983493,58038.413249856276
3222268884.9710717,1.350568619894808e-07,1.3505686198948077e-05,1.6408271938470888e-07,4.177639891293019e-09,8.78689233259762e-05,0.0003533152718907911,6.459761934273261e-06,0.0006833939640222708,52678.25280181552
3550143810.799645,1.2258363246206433e-07,1.2258363246206431e-05,1.8077859777615323e-07,4.211938514651021e-09,9.563945148139526e-05,0.0003907282581866532,6.459761934273261e-06,0.0007529312227875363,47813.132076950074
3911380932.9019213,1.1126237294603303e-07,1.11262372946033e-05,1.9917332877259511e-07,4.246444585922363e-09,0.00010395998738149579,0.0004376981440114707,6.459761934273261e-06,0.000829544093295296,43397.33148721842
4309374948.622941,1.0098669279859269e-07,1.0098669279859268e-05,2.1943977540680638e-07,4.281158105107046e-09,0.00011285592981027497,0.0004893577817040346,6.459761934273261e-06,0.0009139525389496293,39389.353895086744
4747865975.31451,9.166002712654672e-08,9.16600271265467e-06,2.417683900115405e-07,4.316079072205071e-09,0.0001223375753473341,0.000538530680878608,6.459761934273261e-06,0.0009166002712654672,35751.534647455184
5230974697.7929125,8.319472932533094e-08,8.319472932533092e-06,2.6636900398030326e-07,4.351207487216438e-09,0.0001324745217666905,0.0005825223440221976,6.459761934273261e-06,0.0008319472932533093,32449.68762505191
5763241092.1491995,7.551124742696603e-08,7.551124742696602e-06,2.934727996413092e-07,4.386543350141143e-09,0.0001432430796844137,0.0006240507158964822,6.459761934273261e-06,0.0007551124742696603,29452.783981075896
6349667089.816237,6.853737651671605e-08,6.8537376516716035e-06,3.2333448277516805e-07,4.42208666097919e-09,0.00015469884604087436,0.0006697975408455867,6.459761934273261e-06,0.0006853737651671604,26732.660550057713
6995763582.824563,6.220758019310123e-08,6.220758019310122e-06,3.5623467619235433e-07,4.457837419730577e-09,0.00016688536730422788,0.0007305675507705419,6.459761934273261e-06,0.0006220758019310123,24263.75518673486
7707602211.975292,5.6462374694737455e-08,5.646237469473744e-06,3.9248255686392145e-07,4.493795626395306e-09,0.00017980838948579084,0.0008101027589386037,6.459761934273261e-06,0.0005646237469473745,22022.86654780913
8491872424.605372,5.1247769906383155e-08,5.124776990638315e-06,4.32418761387686e-07,4.529961280973375e-09,0.00019353974182130458,0.0009079124412631213,6.459761934273261e-06,0.0005124776990638316,19988.936059154057
9355944338.14098,4.6514761991092397e-08,4.6514761991092385e-06,4.7641858709377204e-07,4.5663343834647845e-09,0.00020810804717333892,0.0010137749523602413,6.459761934273261e-06,0.0004651476199109239,18142.85001952654
10307938000.194365,4.2218872880524724e-08,4.221887288052472e-06,5.248955188716517e-07,4.602914933869536e-09,0.00022351827914022024,0.0011190349104196827,6.459761934273261e-06,0.00042218872880524726,16467.259981067953
11356799696.070377,3.83197322958085e-08,3.8319732295808495e-06,5.783051148617574e-07,4.639702932187627e-09,0.00023991660144119233,0.0012268390933134023,6.459761934273261e-06,0.00038319732295808497,14946.419718634654
12512386020.776596,3.4780698371031045e-08,3.4780698371031038e-06,6.371492875271556e-07,4.676698378419058e-09,0.0002572718189973394,0.0013411322170512564,6.459761934273261e-06,0.00034780698371031046,13566.037255889823
13785556505.5971,3.156851331419548e-08,3.1568513314195477e-06,7.019810203363099e-07,4.713901272563831e-09,0.00027567806076321495,0.0014622064524101887,6.459761934273261e-06,0.00031568513314195483,12313.14055758376
15188275669.680408,2.8652990869745873e-08,2.865299086974587e-06,7.734095643815724e-07,4.751311614621945e-09,0.00029526509359560334,0.0016064207170801358,6.459761934273261e-06,0.0002865299086974587,11175.955625876657
16733725455.664097,2.6006732645612486e-08,2.600673264561248e-06,8.521061637682485e-07,4.788929404593399e-09,0.00031600605046340404,0.001770318910975887,6.459761934273261e-06,0.00026006732645612483,10143.795855122917
18436429105.940273,2.36048706389849e-08,2.3604870638984896e-06,9.388103635780957e-07,4.826754642478194e-09,0.0003380898101115302,0.001954659204136719,6.459761934273261e-06,0.000236048706389849,9206.961605338121
20312387643.679817,2.1424833541218135e-08,2.142483354121813e-06,1.034336959685866e-06,4.86478732827633e-09,0.00036157162382594694,0.0021434886967847877,6.459761934273261e-06,0.00021424833541218137,8356.649050597745
22379230241.18472,1.9446134625741173e-08,1.944613462574117e-06,1.139583655739229e-06,4.903027461987806e-09,0.00038654820694517574,0.002345549927142708,6.459761934273261e-06,0.0001944613462574117,7584.867445777902
24656379888.643436,1.765017922566084e-08,1.7650179225660838e-06,1.2555394992579526e-06,4.941475043612624e-09,0.0004132892164884469,0.0025662259087675813,6.459761934273261e-06,0.00017650179225660838,6884.3640341586815
27165235920.148323,1.6020089991847198e-08,1.6020089991847195e-06,1.3832941761299128e-06,4.980130073150782e-09,0.00044174865812618896,0.0027984242810903718,6.459761934273261e-06,0.00016020089991847195,6248.5558902152725
29929375112.24878,1.4540548289377154e-08,1.454054828937715e-06,1.5240482508482205e-06,5.018992550602281e-09,0.00047211424936995165,0.0030214600307426833,6.459761934273261e-06,0.00014540548289377153,5671.4680570949085
32974773244.848213,1.319765024187172e-08,1.3197650241871719e-06,1.6791244487212957e-06,5.058062475967121e-09,0.000504829715522093,0.003231277278995034,6.459761934273261e-06,0.00013197650241871718,5147.6773974313855
36330049206.54543,1.1978776070915144e-08,1.1978776070915143e-06,1.8499800860795566e-06,5.0973398492453e-09,0.0005398012386078204,0.0034183508703300356,6.459761934273261e-06,0.00011978776070915144,4672.261629839695
40026733938.381966,1.0872471502683094e-08,1.0872471502683092e-06,2.0382207652906327e-06,5.136824670436821e-09,0.0005772541338121885,0.003612388703406204,6.459761934273261e-06,0.00010872471502683093,4240.753072165147
44099566743.37146,9.868340127308594e-09,9.868340127308591e-07,2.2456154632808745e-06,5.176516939541682e-09,0.0006177376679924188,0.0037910809290262215,6.459761934273261e-06,9.868340127308593e-05,3849.0966567929872
48586821746.35832,8.956945699440703e-09,8.956945699440702e-07,2.4741131553564176e-06,5.216416656559886e-09,0.0006612798928681013,0.004013131385565845,6.459761934273261e-06,8.956945699440703e-05,3493.6118234704854
53530667572.08507,8.129723461873598e-09,8.129723461873596e-07,2.7258611305447975e-06,5.256523821491428e-09,0.0007082672940948639,0.004250367997919088,6.459761934273261e-06,8.129723461873597e-05,3170.9579315324545
58977563621.51554,7.378899658916652e-09,7.378899658916651e-07,3.003225170574127e-06,5.2968384343363135e-09,0.0007592519649595761,0.004478472405321644,6.459761934273261e-06,7.378899658916652e-05,2878.10286649424
64978696670.38832,6.69741848313892e-09,6.697418483138919e-07,3.308811782120151e-06,5.337360495094538e-09,0.0008142825448873275,0.0046583766797203,6.459761934273261e-06,6.69741848313892e-05,2612.2945459951757
71590461892.90251,6.0788757689756e-09,6.078875768975599e-07,3.645492691247049e-06,5.378090003766104e-09,0.0008739772108098245,0.004782289926886697,6.459761934273261e-06,6.078875768975599e-05,2371.035057321773
78874992830.9157,5.517458810087652e-09,5.51745881008765e-07,4.016431830226438e-06,5.4190269603510105e-09,0.0009390948384749157,0.0048733932976515815,6.459761934273261e-06,5.517458810087652e-05,2152.0571834701705
86900745289.00018,5.007891734912682e-09,5.00789173491268e-07,4.425115070341217e-06,5.4601713648492575e-09,0.0010096941265079855,0.00495823599387533,6.459761934273261e-06,5.0078917349126814e-05,1953.3030971532562
95743140642.46387,4.545385927078326e-09,4.5453859270783247e-07,4.875382980085832e-06,5.501523217260845e-09,0.001086498950396752,0.005042187588805414,6.459761934273261e-06,4.545385927078325e-05,1772.9050225311482
105485274603.77194,4.125595024757841e-09,4.12559502475784e-07,5.371466916605582e-06,5.543082517585774e-09,0.0011705003373391652,0.005166643180833094,6.459761934273261e-06,4.1255950247578416e-05,1609.1676829351559
116218698107.94592,3.744574076077884e-09,3.7445740760778833e-07,5.918028789541407e-06,5.584849265824042e-09,0.0012620284224285714,0.005299591323783105,6.459761934273261e-06,3.744574076077884e-05,1460.5523696390887
128044277655.25256,3.398742466744542e-09,3.3987424667445415e-07,6.52020487095793e-06,5.6268234619756526e-09,0.0013617467517302413,0.0054380408001505984,6.459761934273261e-06,3.398742466744542e-05,1325.662481965411
141073143196.17606,3.0848502715032187e-09,3.084850271503218e-07,7.183654063054648e-06,5.669005106040602e-09,0.0014711200279214226,0.0055144457222913845,6.459761934273261e-06,3.0848502715032187e-05,1203.2304028406406
155427732466.3592,2.7999477132224694e-09,2.7999477132224686e-07,7.914611077252846e-06,5.711394198018895e-09,0.0015901397870729294,0.0055344485006722476,6.459761934273261e-06,2.7999477132224695e-05,1092.105586463919
171242941585.5598,2.541357442596243e-09,2.5413574425962427e-07,8.719945024404057e-06,5.753990737910527e-09,0.0017196785447192438,0.005525014912545718,6.459761934273261e-06,2.541357442596243e-05,991.2437461436604
188667392733.29102,2.306649377965064e-09,2.3066493779650636e-07,9.60722396671722e-06,5.7967947257155005e-09,0.0018621941995813187,0.005507705448679319,6.459761934273261e-06,2.306649377965064e-05,899.6970406957794
207864830814.022,2.0936178688154466e-09,2.0936178688154463e-07,1.0584786038025922e-05,5.839806161433814e-09,0.002016943881526535,0.005506036188862404,6.459761934273261e-06,2.0936178688154467e-05,816.6051671809788
229015662236.9959,1.9002609683532565e-09,1.9002609683532562e-07,1.1661817800743104e-05,5.883025045065468e-09,0.0021847918828165514,0.005539368632042556,6.459761934273261e-06,1.9002609683532564e-05,741.1872762757682
252318650271.2211,1.7247616203667245e-09,1.7247616203667242e-07,1.284844057585621e-05,5.9264513766104635e-09,0.00236840433944891,0.005596976474760872,6.459761934273261e-06,1.7247616203667247e-05,672.7346343025794
277992782907.60596,1.5654705835840936e-09,1.5654705835840934e-07,1.4155805557242474e-05,5.970085156068801e-09,0.002567978566979823,0.005665851190140616,6.459761934273261e-06,1.5654705835840936e-05,610.603962960961
306279330781.3193,1.420890933058939e-09,1.4208909330589387e-07,1.559619860413319e-05,6.013926383440478e-09,0.002783659429669026,0.005695665561387022,6.459761934273261e-06,1.420890933058939e-05,554.2113941705248
337444114493.54297,1.2896639929361209e-09,1.2896639929361207e-07,1.7183155696506274e-05,6.057975058725497e-09,0.0030178875751879068,0.005664082135022526,6.459761934273261e-06,1.2896639929361209e-05,503.0269832167376
371780002639.58997,1.170556568402676e-09,1.1705565684026756e-07,1.8931590138389655e-05,6.102231181923852e-09,0.0032718134070923825,0.0055614551086745736,6.459761934273261e-06,1.1705565684026758e-05,456.56972863729476
409609664018.4221,1.062449356836863e-09,1.062449356836863e-07,2.0857932704459274e-05,6.146694753035551e-09,0.003545468148152217,0.0054305004724021924,6.459761934273261e-06,1.062449356836863e-05,414.4030520488309
451288599887.2127,9.643264292501514e-10,9.643264292501513e-08,2.2980286046946844e-05,6.191365772060592e-09,0.0038405831014035998,0.005287806828217355,6.459761934273261e-06,9.643264292501515e-06,376.13069543603154
497208484756.3582,8.752656831747099e-10,8.752656831747097e-08,2.5318594813885697e-05,6.236244238998973e-09,0.004160857455790583,0.0051721115582742515,6.459761934273261e-06,8.752656831747099e-06,341.39299734820077
547800847119.77844,7.94430177278241e-10,7.944301772782409e-08,2.7894833077366654e-05,6.281330153850695e-09,0.00450466841146924,0.005095026930949269,6.459761934273261e-06,7.944301772782409e-06,309.86351300916357
603541124709.8776,7.210602662738714e-10,7.210602662738713e-08,3.0733210833146065e-05,6.326623516615756e-09,0.0048735006492521835,0.005043868994496003,6.459761934273261e-06,7.210602662738714e-06,281.2459465782486
664953132386.1162,6.544664622135144e-10,6.544664622135143e-08,3.386040151217045e-05,6.372124327294159e-09,0.005272822489234072,0.004964067821603461,6.459761934273261e-06,6.544664622135145e-06,255.2713667335067
732613984643.8054,5.940229550793026e-10,5.940229550793025e-08,3.730579264203835e-05,6.417832585885905e-09,0.005702032621670635,0.004841100332153188,6.459761934273261e-06,5.9402295507930254e-06,231.69567941084148
807159519002.0353,5.39161731783329e-10,5.391617317833289e-08,4.1101762013971886e-05,6.463748292390987e-09,0.006162257465817874,0.004672777114537526,6.459761934273261e-06,5.391617317833289e-06,210.29733394930363
889290271236.5731,4.893672383094868e-10,4.893672383094866e-08,4.528398195055415e-05,6.509871446809413e-09,0.0066565097583345025,0.004440694114165159,6.459761934273261e-06,4.893672383094867e-06,190.87524108624189
979778058609.5328,4.441715348352892e-10,4.4417153483528916e-08,4.98917545335656e-05,6.556202049141178e-09,0.007187444658178493,0.004189166136330823,6.459761934273261e-06,4.441715348352892e-06,173.2468832368265
1079473232961.1716,4.03149898304324e-10,4.031498983043239e-08,5.4968380942195194e-05,6.602740099386284e-09,0.007759078823181207,0.003924655849397917,6.459761934273261e-06,4.03149898304324e-06,157.24659929945287
1189312671824.2192,3.6591683112484094e-10,3.6591683112484085e-08,6.056156837245557e-05,6.6494855975447325e-09,0.008366985042890018,0.0036942000598090214,6.459761934273261e-06,3.659168311248409e-06,142.7240278686095
1310328582656.517,3.32122438486572e-10,3.3212243848657194e-08,6.672387836179065e-05,6.69643854361652e-09,0.00902524991412951,0.0034794229684654183,6.459761934273261e-06,3.32122438486572e-06,129.54269422544226
1443658202929.167,3.0144914025185553e-10,3.014491402518555e-08,7.351322073197694e-05,6.743598937601651e-09,0.009725851757540248,0.0032914256191051336,6.459761934273261e-06,3.014491402518555e-06,117.57872782735039
1590554487225.8972,2.73608686521362e-10,2.7360868652136192e-08,8.099339779210246e-05,6.790966779500118e-09,0.010475438744979809,0.003098902898226387,6.459761934273261e-06,2.73608686521362e-06,106.71969824434102
1752397881784.8777,2.4833944882841366e-10,2.4833944882841362e-08,8.923470391573102e-05,6.838542069311929e-09,0.011278622560124484,0.0028941308678976942,6.459761934273261e-06,2.483394488284137e-06,96.86355860293594
1930709297133.2993,2.2540396150611687e-10,2.2540396150611682e-08,9.831458612673032e-05,6.886324807037083e-09,0.01212863902182265,0.0026749224794583087,6.459761934273261e-06,2.2540396150611687e-06,87.91768660873183
2127164400724.0125,2.0458669012249964e-10,2.0458669012249958e-08,0.0001083183719015659,6.934314992675572e-09,0.01304321705443953,0.0024539239216391936,6.459761934273261e-06,2.0458669012249964e-06,79.79801413569893
2343609363888.1675,1.8569200601269768e-10,1.8569200601269762e-08,0.0001193400710275271,6.9825126262274055e-09,0.014010973918003745,0.002231882053628165,6.459761934273261e-06,1.8569200601269767e-06,72.42823720260155
2582078211084.6016,1.6854234787401533e-10,1.6854234787401532e-08,0.00013148325905228405,7.030917707692579e-09,0.015039452625556959,0.0020231427829258642,6.459761934273261e-06,1.685423478740153e-06,65.73909891235617
2844811934484.1484,1.5297655314759827e-10,1.5297655314759824e-08,0.0001448620506269215,7.079530237071094e-09,0.016133442984718638,0.0018302709388973942,6.459761934273261e-06,1.5297655314759827e-06,59.667738615807664
3134279553516.6943,1.3884834350600571e-10,1.3884834350600567e-08,0.00015960217188936652,7.12835021436295e-09,0.017284040768154856,0.001652948220757735,6.459761934273261e-06,1.3884834350600568e-06,54.15710118373976
3453201317286.412,1.2602495021417285e-10,1.2602495021417283e-08,0.00017584214196584658,7.1773776395681415e-09,0.01851140177435282,0.0014911721383511704,6.459761934273261e-06,1.2602495021417283e-06,49.155400835801196
3804574267898.0737,1.1438586644570006e-10,1.1438586644570005e-08,0.0001937345746934487,7.22661251268668e-09,0.019801859824573085,0.0013474537853440844,6.459761934273261e-06,1.1438586644570005e-06,44.615634487721294
4191700404923.5938,1.038217148294664e-10,1.0382171482946638e-08,0.0002134476127966035,7.276054833718555e-09,0.02116339389334541,0.0012142434540117414,6.459761934273261e-06,1.038217148294664e-06,40.49514004353667
4618217715682.493,9.423321958441334e-11,9.423321958441332e-09,0.00023516650799507215,7.3257046026637745e-09,0.022601000551354045,0.0010923667823443243,6.459761934273261e-06,9.423321958441333e-07,36.755195481910086
5088134362940.568,8.553027358322915e-11,8.553027358322913e-09,0.0002590953618923602,7.375561819522332e-09,0.024104759480673914,0.0009759076071411656,6.459761934273261e-06,8.553027358322914e-07,33.360654968991625
5605866351303.152,7.763109157773107e-11,7.763109157773106e-09,0.00028545904400442825,7.425626484294233e-09,0.025696063217175123,0.0008686652723459852,6.459761934273261e-06,7.763109157773108e-07,30.279618578218756
6176279026269.886,7.046144162845009e-11,7.046144162845008e-09,0.0003145053049532217,7.47589859697947e-09,0.02736079560892895,0.0007683168793956463,6.459761934273261e-06,7.046144162845009e-07,27.483132513274022
6804732795935.053,6.395394751583863e-11,6.395394751583861e-09,0.0003465071046835871,7.526378157578053e-09,0.02910728455259667,0.000678696469553677,6.459761934273261e-06,6.395394751583862e-07,24.944917017069365
7497133504999.561,5.8047455577564995e-11,5.804745557756499e-09,0.0003817651775828093,7.577065166089976e-09,0.030941045032943513,0.0005977245119519017,6.459761934273261e-06,5.8047455577565e-07,22.64111940980305
8259987934480.462,5.2686460021797695e-11,5.2686460021797685e-09,0.00042061085860828346,7.627959622515238e-09,0.03285254806626338,0.0005258947922316926,6.459761934273261e-06,5.268646002179768e-07,20.550089935283527
9100464948671.975,4.782058131590772e-11,4.782058131590771e-09,0.0004634091969816257,7.679061526853841e-09,0.03486353701822607,0.00045333640398614677,6.459761934273261e-06,4.782058131590772e-07,18.652178309054513
10026462863981.904,4.34040927487867e-11,4.34040927487867e-09,0.0005105623867099214,7.730370879105783e-09,0.03696125937030296,0.00039492429741136377,6.459761934273261e-06,4.34040927487867e-07,16.929549056397587
11046683672736.834,3.93954907176877e-11,3.939549071768769e-09,0.0005625135461721704,7.781887679271068e-09,0.039154503307474844,0.0003434266161159661,6.459761934273261e-06,3.939549071768769e-07,15.36601390486599
12170714819468.053,3.5757104701394775e-11,3.575710470139477e-09,0.0006197508822892731,7.833611927349694e-09,0.041449743020756255,0.00029865397697764843,6.459761934273261e-06,3.5757104701394775e-07,13.946879656272262
13409119298164.941,3.245474325447254e-11,3.2454743254472533e-09,0.0006828122784100417,7.885543623341659e-09,0.043839107080855914,0.0002591688458119335,6.459761934273261e-06,3.2454743254472533e-07,12.658810108517715
14773534917177.396,2.945737269585597e-11,2.945737269585596e-09,0.0007522903490275236,7.937682767246968e-09,0.04634404814639961,0.00022450624039906157,6.459761934273261e-06,2.9457372695855964e-07,11.4897007296857
16276783664601.186,2.6736825472282224e-11,2.6736825472282218e-09,0.0008288380088269222,7.990029359065616e-09,0.04895466409307874,0.000193910539361516,6.459761934273261e-06,2.673682547228222e-07,10.42856490665838
17932992201899.223,2.4267535455931707e-11,2.42675354559317e-09,0.0009131746083998261,8.042583398797604e-09,0.051680229070587766,0.00016456987481286415,6.459761934273261e-06,2.4267535455931707e-07,9.465430699286946
19757724618087.676,2.202629768875975e-11,2.2026297688759743e-09,0.001006092694284617,8.095344886442935e-09,0.05452846770003255,0.00014140060460414807,6.459761934273261e-06,2.2026297688759747e-07,8.59124712987115
21768128692034.184,1.9992050315734725e-11,1.9992050315734722e-09,0.0011084654568600165,8.148313822001603e-09,0.057494031648217564,0.00012135293013708991,6.459761934273261e-06,1.9992050315734723e-07,7.797799127310659
23983097037356.39,1.814567665771769e-11,1.8145676657717687e-09,0.0012212549360827534,8.201490205473615e-09,0.06059723024731611,0.00010383739966584373,6.459761934273261e-06,1.814567665771769e-07,7.077630326622771
26423444644267.324,1.646982556397893e-11,1.6469825563978928e-09,0.00134552106218213,8.254874036858964e-09,0.06383192682109144,8.871318700577361e-05,6.459761934273261e-06,1.646982556397893e-07,6.423972998340958
29112104486803.24,1.4948748356128333e-11,1.4948748356128328e-09,0.0014824316162707026,8.308465316157658e-09,0.06720750741716774,7.559676044385587e-05,6.459761934273261e-06,1.494874835612833e-07,5.830684449311332
32074343033636.855,1.3568150831153307e-11,1.3568150831153304e-09,0.0016332732044751057,8.362264043369689e-09,0.0707327320563858,6.440208007806054e-05,6.459761934273261e-06,1.3568150831153305e-07,5.292189297218581
35337997687723.34,1.2315058932773768e-11,1.2315058932773766e-09,0.0017994633487156228,8.416270218495063e-09,0.07440525451954014,5.161152576833687e-05,6.459761934273261e-06,1.2315058932773767e-07,4.803427076370553
38933738386096.734,1.1177696828772617e-11,1.1177696828772615e-09,0.0019825638077565124,8.470483841533777e-09,0.07824316237792513,4.402231333485254e-05,6.459761934273261e-06,1.1177696828772616e-07,4.359804682371468
42895355818183.07,1.014537624854162e-11,1.0145376248541618e-09,0.002184295253710759,8.524904912485833e-09,0.08224480356169123,3.753711107645781e-05,6.459761934273261e-06,1.014537624854162e-07,3.957153208785765
47260078971137.26,9.208396040902e-12,9.208396040901999e-10,0.0024065534419204474,8.579533431351229e-09,0.08641952563045222,3.1986079460353135e-05,6.459761934273261e-06,9.208396040902e-08,3.591688770168927
52068924986311.836,8.357951008301806e-12,8.357951008301805e-10,0.0026514270261679797,8.634369398129966e-09,0.09077720780050841,2.722835150323311e-05,6.459761934273261e-06,8.357951008301808e-08,3.2599769433026204
57367084614605.56,7.586049160666911e-12,7.586049160666909e-10,0.0029212171866351494,8.68941281282204e-09,0.09531951414258241,2.314214398653666e-05,6.459761934273261e-06,7.58604916066691e-08,2.958900492473586
63204346892978.15,6.885436611305047e-12,6.885436611305046e-10,0.003218459255062271,8.74466367542746e-09,0.10006237338688709,1.963393850650057e-05,6.459761934273261e-06,6.885436611305046e-08,2.6856300754970444
69635567032996.01,6.2495294090780746e-12,6.249529409078073e-10,0.0035459465403281346,8.80012198594622e-09,0.10500993153342057,1.4981312115390473e-05,6.459761934273261e-06,6.249529409078073e-08,2.437597655196795
76721181918353.25,5.67235166624082e-12,5.672351666240819e-10,0.003906756578349721,8.85578774437832e-09,0.11017259264145125,1.2703285284704189e-05,6.459761934273261e-06,5.672351666240821e-08,2.2124723664785493
84527778055716.42,5.1484794005076215e-12,5.148479400507621e-10,0.004304280052983098,8.911660950723762e-09,0.11556250290955591,1.0755825093142655e-05,6.459761934273261e-06,5.1484794005076204e-08,2.0081386122091605
93128717316165.83,4.672989563606857e-12,4.672989563606857e-10,0.0047422526597073545,8.967741604982542e-09,0.12118664948255649,9.098661218723155e-06,6.459761934273261e-06,4.672989563606858e-08,1.8226761820595294
102604826347588.62,4.241413777323388e-12,4.2414137773233873e-10,0.005224790211528022,9.024029707154662e-09,0.1270606605689178,7.684499756446824e-06,6.459761934273261e-06,4.2414137773233884e-08,1.6543422074795955
113045156136724.62,3.849696342266872e-12,3.849696342266871e-10,0.005756427317005021,9.080525257240124e-09,0.133195084200644,6.489378294978521e-06,6.459761934273261e-06,3.849696342266871e-08,1.5015547832286664
124547818858783.98,3.4941561247569255e-12,3.494156124756925e-10,0.00634215999387862,9.137228255238927e-09,0.13960301979454104,5.476302779911027e-06,6.459761934273261e-06,3.494156124756925e-08,1.362878101545805
137220909878871.6,3.171451963659832e-12,3.1714519636598314e-10,0.0069874926187519105,9.19413870115107e-09,0.1462999107715054,4.617315546217575e-06,6.459761934273261e-06,3.171451963659832e-08,1.2370089592596876
151183523569649.6,2.878551272090482e-12,2.8785512720904815e-10,0.00769848965403551,9.251256594976557e-09,0.15329805354376086,3.2301931287129854e-06,6.459761934273261e-06,2.8785512720904815e-08,1.1227645110396585
166566872491304.22,2.612701538916483e-12,2.612701538916483e-10,0.008481832638254402,9.308581936715384e-09,0.16061479959200956,2.7297153514331004e-06,6.459761934273261e-06,2.612701538916483e-08,1.0190711537000967
183515520451226.03,2.3714044622520033e-12,2.371404462252003e-10,0.009344882975278973,9.366114726367551e-09,0.16826578239903597,2.3047219873454297e-06,6.459761934273261e-06,2.371404462252003e-08,0.924954437099199
202188741030978.78,2.152392471862999e-12,2.1523924718629985e-10,0.010295751112536812,9.423854963933058e-09,0.17626749771585323,1.9452309907633694e-06,6.459761934273261e-06,2.152392471862999e-08,0.8395299068206905
222762014347212.34,1.953607419854893e-12,1.9536074198548927e-10,0.011343372758302349,9.481802649411909e-09,0.184638705172866,1.640162823992768e-06,6.459761934273261e-06,1.9536074198548928e-08,0.7619947925832466
245428676112210.38,1.7731812393901635e-12,1.773181239390163e-10,0.012497592854310156,9.539957782804094e-09,0.19339620016324552,1.38293182336973e-06,6.459761934273261e-06,1.773181239390163e-08,0.69162046427013
270401734490986.25,1.6094183896776855e-12,1.6094183896776852e-10,0.013769258092817843,9.598320364109626e-09,0.20256018340787885,1.1653579634817432e-06,6.459761934273261e-06,1.6094183896776857e-08,0.6277455846851776
297915871828703.56,1.4607799222619551e-12,1.460779922261955e-10,0.01517031884754053,9.656890393328492e-09,0.2121505491556444,9.812562585614462e-07,6.459761934273261e-06,1.4607799222619553e-08,0.5697698946886922
328229650059494.6,1.3258690188764303e-12,1.32586901887643e-10,0.016713941476344783,9.715667870460703e-09,0.22218778389462862,6.840715625860364e-07,6.459761934273261e-06,1.3258690188764302e-08,0.5171485723095485
361627940521826.06,1.2034178649541331e-12,1.2034178649541329e-10,0.018414632051057304,9.774652795506255e-09,0.23269454492576,5.778703502066809e-07,6.459761934273261e-06,1.203417864954133e-08,0.4693871128237267
398424601014421.56,1.092275735440302e-12,1.0922757354403017e-10,0.020288372677130212,9.833845168465148e-09,0.243692450269004,4.877421983058049e-07,6.459761934273261e-06,1.0922757354403019e-08,0.42603668168519093
438965425250154.3,9.913981809445098e-13,9.913981809445095e-11,0.02235277168421564,9.893244989337382e-09,0.2552058115670761,4.1144854518843684e-07,6.459761934273261e-06,9.913981809445097e-09,0.38668989663866615
483631392425173.5,8.998372126099483e-13,8.998372126099481e-11,0.024627229099053963,9.952852258122958e-09,0.2672593913156219,3.469215585112592e-07,6.459761934273261e-06,8.998372126099482e-09,0.35097699937704663
532842247440830.6,8.167323934629671e-13,8.16732393462967e-11,0.02713311895569396,1.0012666974821871e-08,0.2798787141442256,2.923705497922523e-07,6.459761934273261e-06,8.167323934629672e-09,0.31856238076688814
587060445423263.4,7.413027525245204e-13,7.413027525245202e-11,0.029893990156290854,1.0072689139434127e-08,0.29309150486201097,2.462434917040041e-07,6.459761934273261e-06,7.413027525245204e-09,0.28914142698806305
646795497608944.1,6.728394456970291e-13,6.72839445697029e-11,0.0329357877700558,1.0132918751959723e-08,0.30692530746905106,2.07242724833631e-07,6.459761934273261e-06,6.728394456970292e-09,0.26243765694942744
712608759436314.5,6.106990944579159e-13,6.106990944579159e-11,0.03628709684999613,1.019335581239866e-08,0.32141005371358594,1.436401751801629e-07,6.459761934273261e-06,6.10699094457916e-09,0.2382001240795865
785118705839211.5,5.542977397607195e-13,5.542977397607195e-11,0.03997941105869495,1.0254000320750936e-08,0.336576713823733,1.2129912259189728e-07,6.459761934273261e-06,5.5429773976071954e-09,0.21620105807629678
865006743316248.4,5.031053543260412e-13,5.0310535432604116e-11,0.04404742862751974,1.0314852277016556e-08,0.35245739548810623,1.0238698949055065e-07,6.459761934273261e-06,5.031053543260412e-09,0.19623372445302628
953023613394602.6,4.566408617520209e-13,4.566408617520208e-11,0.048529378430512866,1.0375911681195514e-08,0.36908638068921273,8.635538596093298e-08,6.459761934273261e-06,4.566408617520209e-09,0.17811048176793437
1049996447664279.2,4.144676156368117e-13,4.144676156368116e-11,0.053467379237219004,1.0437178533287814e-08,0.3864985582821939,7.27963085100664e-08,6.459761934273261e-06,4.144676156368116e-09,0.16166101827822874
1156836540681930.5,3.761892962284898e-13,3.7618929622848975e-11,0.05890783552049681,1.0498652833293453e-08,0.4047311927877849,6.131798029981541e-08,6.459761934273261e-06,3.7618929622848975e-09,0.14673075144900777
1274547913789541.2,3.4144618604145823e-13,3.414461860414582e-11,0.06490187353889089,1.0560334581212436e-08,0.4238231635699088,5.165556553588637e-08,6.459761934273261e-06,3.4144618604145823e-09,0.13317937527608636
1404236750325747.8,3.099117894397673e-13,3.099117894397672e-11,0.07150582179161119,1.062222377704476e-08,0.4438149836973483,4.347926427721336e-08,6.459761934273261e-06,3.099117894397673e-09,0.1208795417713958
1547121790896452.0,2.812897644201452e-13,2.8128976442014514e-11,0.07878174036115854,1.0684320420790422e-08,0.464749436916244,3.657531911703237e-08,6.459761934273261e-06,2.8128976442014517e-09,0.1097156642203168
1704545786393496.2,2.5531113776140725e-13,2.553111377614072e-11,0.08679800411805264,1.0746624512449425e-08,0.48667080445755934,2.524208483599756e-08,6.459761934273261e-06,2.553111377614072e-09,0.0995828309646502
1877988116390173.2,2.317317773698418e-13,2.3173177736984174e-11,0.0956299452682805,1.080913605202177e-08,0.5096258262765138,2.130213323702336e-08,6.459761934273261e-06,2.3173177736984178e-09,0.0903858195035906
2069078691494026.5,2.1033009806712446e-13,2.103300980671244e-11,0.10536056128175748,1.0871855039507456e-08,0.533663302532966,1.7971584974407856e-08,6.459761934273261e-06,2.1033009806712444e-09,0.08203820164778898
2279613270303138.0,1.9090497926109442e-13,1.9090497926109438e-11,0.11608129485450011,1.0934781474906483e-08,0.5588342878393932,1.5150614253103937e-08,6.459761934273261e-06,1.909049792610944e-09,0.07446153131726514
2511570334905832.0,1.7327387493086193e-13,1.732738749308619e-11,0.12789289323414504,1.0997915358218849e-08,0.5851923832957411,1.2765270591330491e-08,6.459761934273261e-06,1.7327387493086195e-09,0.06758460735056206
2767129683509943.5,1.5727109816498498e-13,1.5727109816498498e-11,0.14090635498425716,1.1061256689444558e-08,0.6127934832330287,1.0748139431571932e-08,6.459761934273261e-06,1.5727109816498498e-09,0.06134280439745077
3048692914924437.5,1.4274626413179514e-13,1.427462641317951e-11,0.15524397308457005,1.1124805468583605e-08,0.6416963181333536,9.05067492214807e-09,6.459761934273261e-06,1.4274626413179513e-09,0.05567746560730189
3358905997394718.0,1.2956287684980882e-13,1.295628768498088e-11,0.17104048416961362,1.1188561695635991e-08,0.6719622768045166,7.61441234101155e-09,6.459761934273261e-06,1.2956287684980883e-09,0.050535351405960494
3700684133880319.0,1.175970464775177e-13,1.1759704647751767e-11,0.1884443347055999,1.1252525370601724e-08,0.7036556695791268,6.400617711199779e-09,6.459761934273261e-06,1.1759704647751768e-09,0.04586813918105118
4077239157444699.5,1.0673632506837778e-13,1.0673632506837776e-11,0.20761907600437618,1.1316696493480793e-08,0.73684386268638,4.392926001153235e-09,6.459761934273261e-06,1.0673632506837778e-09,0.041631969174040925
4492109714202875.5,9.687864985010958e-14,9.687864985010955e-12,0.22874490118396573,1.1381075064273206e-08,0.7715973214887389,3.706222291055911e-09,6.459761934273261e-06,9.687864985010956e-10,0.03778703231162092
4949194517469187.0,8.79313840978459e-14,8.793138409784589e-12,0.2520203385191818,1.144566108297896e-08,0.8079899249878685,3.125214990690884e-09,6.459761934273261e-06,8.79313840978459e-10,0.03429719610308025
5452788985607715.0,7.981044658782705e-14,7.981044658782703e-12,0.2776641170954095,1.151045454959805e-08,0.8460989628615059,2.634079867104579e-09,6.459761934273261e-06,7.981044658782704e-10,0.03112966508807829
6007625607887603.0,7.243952145073121e-14,7.24395214507312e-12,0.30591722229793444,1.1575455464130481e-08,0.8860054118222566,2.218808759750055e-09,6.459761934273261e-06,7.243952145073121e-10,0.028254672643892566
6618918417677365.0,6.574934099931812e-14,6.5749340999318106e-12,0.33704516045307825,1.1640663826576258e-08,0.9277940497854104,1.8681713212818134e-09,6.459761934273261e-06,6.574934099931812e-10,0.025645201255931893
7292411990911785.0,5.967703479080637e-14,5.967703479080636e-12,0.3713404539029358,1.1706079636935371e-08,0.9715536420735851,1.5719647972177922e-09,6.459761934273261e-06,5.967703479080638e-10,0.02327672862277587
8034435430291263.0,5.4165538806845545e-14,5.416553880684553e-12,0.4091253899610178,1.1771702895207829e-08,1.017377174881157,1.3223917166549962e-09,6.459761934273261e-06,5.416553880684554e-10,0.02112699720978115
8851961842524483.0,4.916305919891142e-14,4.916305919891141e-12,0.4507550495818212,1.1837533601393624e-08,1.0653619743854854,1.1119016497532284e-09,6.459761934273261e-06,4.916305919891142e-10,0.019175805085657863
9752673867548824.0,4.462258555969881e-14,4.46225855596988e-12,0.4966206442060976,1.190357175549276e-08,1.115609994638415,9.343868784184378e-10,6.459761934273261e-06,4.462258555969881e-10,0.01740481607641337
1.0745035875532346e+16,4.050144914653208e-14,4.050144914653208e-12,0.5471531921394672,1.1969817357505237e-08,1.1682279719630113,6.38532569003655e-10,6.459761934273261e-06,4.050144914653208e-10,0.015797387452605467
1.1838373510124974e+16,3.6760921905220575e-14,3.676092190522057e-12,0.6028275690129584,1.2036270407431061e-08,1.2233276880415167,5.383428963152452e-10,6.459761934273261e-06,3.6760921905220573e-10,0.014338413530604877
1.3042961325458048e+16,3.3365852526228583e-14,3.3365852526228578e-12,0.6641669703892377,1.2102930905270215e-08,1.2810262068204339,4.537047857607531e-10,6.459761934273261e-06,3.3365852526228585e-10,0.013014183718126541
1.4370119340456582e+16,3.0284336113015804e-14,3.02843361130158e-12,0.7317478284516544,1.216979885102272e-08,1.3414460863089792,3.821394744750842e-10,6.459761934273261e-06,3.0284336113015804e-10,0.011812253670019769
1.583231941782289e+16,2.748741435829238e-14,2.7487414358292376e-12,0.8062052289801485,1.2236874244688559e-08,1.4047156934613287,3.217225752494474e-10,6.459761934273261e-06,2.748741435829238e-10,0.010721328343517706
1.744330246738282e+16,2.4948803410609647e-14,2.4948803410609642e-12,0.888238879519786,1.2304157086267739e-08,1.4709694269981508,2.707560744535024e-10,6.459761934273261e-06,2.4948803410609643e-10,0.009731155853963615
1.9218207575201024e+16,2.2644646873941572e-14,2.264464687394157e-12,0.9786196848271729,1.2371647375760266e-08,1.5403480374556233,2.2769720216226047e-10,6.459761934273261e-06,2.264464687394157e-10,0.008832431133534302
2.1173714271946944e+16,2.055329161908635e-14,2.0553291619086347e-12,1.0781969913870382,1.2439345113166124e-08,1.6129989161150158,1.9145650934219394e-10,6.459761934273261e-06,2.055329161908635e-10,0.00801670848759981
2.3328199277468972e+16,1.865508430009231e-14,1.8655084300092306e-12,1.1879065690788477,1.2507250298485334e-08,1.689076391834938,1.609172339265167e-10,6.459761934273261e-06,1.865508430009231e-10,0.007276322226974173
2.570190919456756e+16,1.693218666349188e-14,1.6932186663491878e-12,1.308779405000324,1.2575362931717872e-08,1.7687420878815627,1.3514185098234432e-10,6.459761934273261e-06,1.693218666349188e-10,0.006604314630206843
2.831715077484857e+16,1.5368407914721196e-14,1.5368407914721193e-12,1.4419513920874054,1.264368301286376e-08,1.8521652383562461,9.182343438739053e-11,6.459761934273261e-06,1.5368407914721195e-10,0.005994370558943992
3.119850054465928e+16,1.3949052566407207e-14,1.3949052566407203e-12,1.588674003578374,1.2712210541922987e-08,1.939523066973805,7.738423646821399e-11,6.459761934273261e-06,1.3949052566407206e-10,0.0054407581119147045
3.4373035761057044e+16,1.2660782338683755e-14,1.2660782338683752e-12,1.7503260536349436,1.2780945518895556e-08,2.0310011557719205,6.518527595574695e-11,6.459761934273261e-06,1.2660782338683753e-10,0.004938274759840716
3.78705888681933e+16,1.1491490813760295e-14,1.1491490813760292e-12,1.9284266546394147,1.284988794378146e-08,2.1267938343395865,5.4886233415426745e-11,6.459761934273261e-06,1.1491490813760294e-10,0.004482198455078534
4.1724027845355336e+16,1.0430189666815231e-14,1.043018966681523e-12,2.124649492933511,1.2919037816580715e-08,2.2271046041212186,4.619178758620488e-11,6.459761934273261e-06,1.043018966681523e-10,0.004068243256549018
4.5969565081205064e+16,9.466905404081494e-15,9.466905404081493e-13,2.340838557153556,1.29883951372933e-08,2.332146559788144,3.8859407874922895e-11,6.459761934273261e-06,9.466905404081493e-11,0.003692519052944683
5.064709767684589e+16,8.592585637725295e-15,8.592585637725294e-13,2.57902546696827,1.3057959905919229e-08,2.442142850178566,3.266627509745154e-11,6.459761934273261e-06,8.592585637725295e-11,0.0033514950057154254
5.580058237568046e+16,7.799014016746258e-15,7.799014016746257e-13,2.841448565064212,1.31277321224585e-08,2.5573271483416167,2.7464989883164215e-11,6.459761934273261e-06,7.799014016746258e-11,0.0030419663682920545
6.147844864343637e+16,7.078733014467475e-15,7.078733014467474e-13,3.1305739517944575,1.319771178691111e-08,2.6779441466084375,2.3073801999761822e-11,6.459761934273261e-06,7.078733014467473e-11,0.002761024369733387
6.7734053780251224e+16,6.424973847016691e-15,6.424973847016689e-13,3.449118660162192,1.3267898899277063e-08,2.8042500807296875,1.9373236546567255e-11,6.459761934273261e-06,6.42497384701669e-11,0.0025060288797807244
7.462618434168539e+16,5.831592864214604e-15,5.831592864214603e-13,3.800076188923709,1.3338293459556357e-08,2.9365132699073127,1.6268261657751538e-11,6.459761934273261e-06,5.831592864214604e-11,0.002274583598442315
8.221960858074315e+16,5.293013815106667e-15,5.293013815106666e-13,4.186744633756967,1.3408895467748995e-08,3.0750146900394455,1.1005151194930265e-11,6.459761934273261e-06,5.2930138151066665e-11,0.0020645135369531096
9.058568510241323e+16,4.804175445585304e-15,4.804175445585304e-13,4.612757680855151,1.3479704923854965e-08,3.220048569085847,9.267556124996902e-12,6.459761934273261e-06,4.804175445585304e-11,0.0018738445784896788
9.980303345053294e+16,4.360483935653483e-15,4.3604839356534826e-13,5.082118754206177,1.3550721827874283e-08,3.3719230116301224,7.801791403694371e-12,6.459761934273261e-06,4.360483935653483e-11,0.00170078492656301
1.099582729287408e+17,3.95776972936419e-15,3.9577697293641886e-13,5.599238637453369,1.3621946179806934e-08,3.530960655019452,6.565736506455681e-12,6.459761934273261e-06,3.957769729364189e-11,0.00154370826675255
1.2114683659855213e+17,3.592248351747199e-15,3.5922483517471984e-13,6.168976923886929,1.3693377979652936e-08,3.6974993531338836,5.521864692152172e-12,6.459761934273261e-06,3.592248351747199e-11,0.0014011384835446786
1.3347386810401629e+17,3.2604848445044885e-15,3.2604848445044877e-13,6.796687684088031,1.376501722741227e-08,3.871892895337143,4.642923412004469e-12,6.459761934273261e-06,3.2604848445044886e-11,0.001271735788653769
1.4705520975081942e+17,2.9593614862605107e-15,2.9593614862605103e-13,7.488269780384834,1.3836863923084948e-08,4.054511757475992,3.9010433191700064e-12,6.459761934273261e-06,2.9593614862605104e-11,0.0011542841304674311
1.620184911252074e+17,2.686048494021729e-15,2.6860484940217284e-13,8.250222300945568,1.3908918066670965e-08,4.2457438887224095,3.278230625938149e-12,6.459761934273261e-06,2.6860484940217292e-11,0.0010476797662974967
1.7850432848294528e+17,2.437977430514326e-15,2.437977430514326e-13,9.089705634446442,1.3981179658170324e-08,4.445995536329932,2.7530276032688104e-12,6.459761934273261e-06,2.4379774305143257e-11,0.0009509208900452405
1.9666764617949248e+17,2.212817067497478e-15,2.2128170674974777e-13,10.014608759259575,1.4053648697583031e-08,4.655692108034537,2.3106280055246358e-12,6.459761934273261e-06,2.212817067497478e-11,0.000863098217807573
2.1667913255939386e+17,2.008451478230127e-15,2.0084514782301264e-13,11.033623379504016,1.4126325184909065e-08,4.87527907624046,1.9391438231947853e-12,6.459761934273261e-06,2.0084514782301264e-11,0.0007833864429533932
2.3872684398654016e+17,1.822960153216255e-15,1.8229601532162544e-13,12.156325604649938,1.4199209120148451e-08,5.105222924147124,1.3034410891489403e-12,6.459761934273261e-06,1.8229601532162547e-11,0.0007110364803695925
2.6301797208899094e+17,1.6545999523686226e-15,1.6545999523686223e-13,13.393265940250837,1.4272300503301174e-08,5.346012136647071,1.0972539461847006e-12,6.459761934273261e-06,1.6545999523686228e-11,0.0006453684269928838
2.8978079082596243e+17,1.5017887239872424e-15,1.5017887239872423e-13,14.756068435487586,1.434559933436724e-08,5.59815823828766,9.232084108528879e-13,6.459761934273261e-06,1.5017887239872424e-11,0.0005857651724743737
3.1926680167432685e+17,1.3630904366137575e-15,1.3630904366137574e-13,16.257539919252384,1.4419105613346642e-08,5.86219687978458,7.765884674970395e-13,6.459761934273261e-06,1.3630904366137574e-11,0.0005316665999338066
3.5175309709391034e+17,1.2372016840390467e-15,1.2372016840390463e-13,17.911790351313435,1.4492819340239392e-08,6.1386889759535554,6.529611803222688e-13,6.459761934273261e-06,1.2372016840390466e-11,0.00048256432230534853
3.875449644819941e+17,1.1229394366463397e-15,1.1229394366463395e-13,19.734365419547192,1.4566740515045473e-08,6.428221897312852,5.487628507210234e-13,6.459761934273261e-06,1.1229394366463397e-11,0.0004379969048102981
4.26978755087559e+17,1.0192299239836732e-15,1.019229923983673e-13,21.742392629314434,1.4640869137764901e-08,6.731410717873629,4.611332604282771e-13,6.459761934273261e-06,1.019229923983673e-11,0.0003975455286601358
4.704250448455792e+17,9.250985440908883e-16,9.250985440908882e-14,23.954742257838994,1.4715205208397669e-08,7.048899521782272,3.871909891099158e-13,6.459761934273261e-06,9.250985440908883e-12,0.0003608300552400435
5.182921168351431e+17,8.396607047545738e-16,8.396607047545737e-14,26.392204686149594,1.4789748726943774e-08,7.381362771591241,3.2515781510373874e-13,6.459761934273261e-06,8.396607047545738e-12,0.0003275054537862513
5.710297980874602e+17,7.621135106225779e-16,7.621135106225777e-14,29.07768577504446,1.4864499693403222e-08,7.7295067410645695,2.7291387252873114e-13,6.459761934273261e-06,7.62113510622578e-12,0.0002972585589866748
6.291336867998717e+17,6.917282180583195e-16,6.917282180583193e-14,32.03642212110969,1.4939458107776012e-08,8.094071015562012,2.2882790508479696e-13,6.459761934273261e-06,6.917282180583193e-12,0.00026980512803461744
6.931498096808233e+17,6.278433868299395e-16,6.278433868299394e-14,35.29621821564527,1.5014623970062145e-08,8.475830063189496,1.9199824053210625e-13,6.459761934273261e-06,6.278433868299395e-12,0.0002448871694794125
7.636797531927293e+17,5.69858664277967e-16,5.698586642779669e-14,38.88770773517596,1.5089997280261613e-08,8.875594880052939,1.2839707490598102e-13,6.459761934273261e-06,5.6985866427796684e-12,0.0002222705187721433
8.41386316913314e+17,5.172291435485427e-16,5.172291435485426e-14,42.84464141901071,1.516557803837443e-08,9.294214713111327,1.0801270909683479e-13,6.459761934273261e-06,5.1722914354854275e-12,0.00020174263772276032
9.269997421422884e+17,4.694602428743043e-16,4.694602428743042e-14,47.204204239149384,1.5241366244400575e-08,9.732578864288195,9.082925322452715e-14,6.459761934273261e-06,4.694602428743043e-12,0.00018311061718922873
1.0213245742863799e+18,4.261030577812268e-16,4.261030577812267e-14,52.007364843124755,1.5317361898340075e-08,10.19161857967502,7.636170757944049e-14,6.459761934273261e-06,4.2610305778122675e-12,0.0001661993642290782
1.1252472235112403e+18,3.867501425442877e-16,3.8675014254428765e-14,57.29926055363167,1.5393565000192907e-08,10.672309027838843,6.416639222120632e-14,6.459761934273261e-06,3.867501425442877e-12,0.00015084995667730676
1.239744294711085e+18,3.5103168124839363e-16,3.510316812483936e-14,63.12962154295793,1.5469975549959085e-08,11.175671371437963,5.390607180188185e-14,6.459761934273261e-06,3.510316812483936e-12,0.0001369181496878661
1.3658917650760328e+18,3.1861201247253383e-16,3.1861201247253375e-14,69.55323816834962,1.5546593547638593e-08,11.702774936545236,4.527014854323896e-14,6.459761934273261e-06,3.1861201247253375e-12,0.00012427302020411659
1.5048750955029005e+18,2.89186474938044e-16,2.89186474938044e-14,76.6304758600728,1.562341899323145e-08,12.25473948428881,3.798888912115057e-14,6.459761934273261e-06,2.8918647493804406e-12,0.00011279573661972609
1.658000370870395e+18,2.62478544478296e-16,2.6247854447829593e-14,84.42784240077862,1.570045188673765e-08,12.832737589634933,3.1895833138975835e-14,6.459761934273261e-06,2.6247854447829597e-12,0.00010237844206803203
1.8267065738686403e+18,2.382372354246703e-16,2.3823723542467025e-14,93.01861292714,1.5777692228157187e-08,13.437997132366718,2.6757598338721084e-14,6.459761934273261e-06,2.382372354246703e-12,9.292324084565137e-05
2.0125791077255273e+18,2.1623474198853042e-16,2.162347419885304e-14,102.48351852716975,1.585514001749007e-08,14.071803905551068,2.2432996472269945e-14,6.459761934273261e-06,2.162347419885304e-12,8.434127844532891e-05
2.2173646949083139e+18,1.9626429747431821e-16,1.9626429747431817e-14,112.91150490424322,1.5932795254736284e-08,14.735504347033936,1.8812507787199514e-14,6.459761934273261e-06,1.962642974743182e-12,7.655190655272387e-05
2.442987791810272e+18,1.7813823120583727e-16,1.7813823120583724e-14,124.4005682373317,1.6010657939895846e-08,15.430508399768076,1.2485424278602292e-14,6.459761934273261e-06,1.7813823120583727e-12,6.94819251602355e-05
2.6915686736776356e+18,1.6168620490589721e-16,1.6168620490589717e-14,137.05867609235392,1.6088728072968744e-08,16.158292507048145,1.05005010067796e-14,6.459761934273261e-06,1.616862049058972e-12,6.306489467571363e-05
2.965443359729023e+18,1.4675361195578627e-16,1.4675361195578623e-14,151.00478203886263,1.616700565395499e-08,16.920402749017747,8.827702315625354e-15,6.459761934273261e-06,1.4675361195578624e-12,5.724051156163076e-05
3.267185565711527e+18,1.3320012449178433e-16,1.332001244917843e-14,166.36994350681837,1.6245490682854574e-08,17.7184581271097,7.418163169794663e-15,6.459761934273261e-06,1.332001244917843e-12,5.195404163735145e-05
3.5996308901914957e+18,1.2089837468512908e-16,1.2089837468512905e-14,183.298553388453,1.6324183159667494e-08,18.554154003398907,6.231428471989166e-15,6.459761934273261e-06,1.2089837468512909e-12,4.7155805718985866e-05
3.96590346186806e+18,1.0973275781290671e-16,1.097327578129067e-14,201.94969695906818,1.640308308439376e-08,19.42926570217209,5.2328183943706586e-15,6.459761934273261e-06,1.097327578129067e-12,4.28007127631836e-05
4.369445298326226e+18,9.959834587178407e-17,9.959834587178405e-15,222.4986468683647,1.648219045703336e-08,20.345652281367666,4.392948405702196e-15,6.459761934273261e-06,9.959834587178406e-13,3.884783612760933e-05
4.81404865212538e+18,9.039990152538282e-17,9.03999015253828e-15,245.1385102513306,1.6561505277586313e-08,21.30526048189586,3.687257488602982e-15,6.459761934273261e-06,9.03999015253828e-13,3.5260028966053214e-05
5.303891648193305e+18,8.205098311892878e-17,8.205098311892876e-15,270.08204343729557,1.6641027546052586e-08,22.310128863229476,3.092609807513771e-15,6.459761934273261e-06,8.205098311892878e-13,3.2003575143875917e-05
5.843577547425727e+18,7.447313235061804e-17,7.447313235061802e-15,297.5636513107592,1.672075726243222e-08,23.362392134051927,2.5947588641632357e-15,6.459761934273261e-06,7.447313235061803e-13,2.9047872393292265e-05
6.438178005466914e+18,6.759513696592411e-17,6.75951369659241e-15,327.84159011277427,1.6800694426725188e-08,24.46428568715999,2.1759837780005315e-15,6.459761934273261e-06,6.759513696592411e-13,2.6365144730977358e-05
7.093280733193709e+18,6.135236154605072e-17,6.135236154605071e-15,361.20039438360965,1.68808390389315e-08,25.618150348257988,1.8230589465387027e-15,6.459761934273261e-06,6.135236154605071e-13,2.393018143545325e-05
7.815042006787088e+18,5.568614010168972e-17,5.568614010168971e-15,397.95355085361535,1.6961191099051146e-08,26.826437348728692,1.52833751479757e-15,6.459761934273261e-06,5.568614010168972e-13,2.172010013132547e-05
8.610244520852159e+18,5.054322476401231e-17,5.05432247640123e-15,438.44644441005283,1.704175060708414e-08,28.091713532947846,1.00758432674549e-15,6.459761934273261e-06,5.054322476401231e-13,1.971413175396449e-05
9.486361128254863e+18,4.5875285392028375e-17,4.587528539202837e-15,483.059603824287,1.7122517563030465e-08,29.4166668112013,8.470361553805093e-16,6.459761934273261e-06,4.587528539202838e-13,1.7893425373861643e-05
1.0451625065667633e+19,4.1638455393896866e-17,4.163845539389686e-15,532.2122777409148,1.720349196689014e-08,30.804111869792543,7.11700921904894e-16,6.459761934273261e-06,4.1638455393896864e-13,1.624087104650528e-05
1.15151073247605e+19,3.779291949409491e-17,3.779291949409491e-15,586.3663745337767,1.7284673818663148e-08,32.25699615046669,5.977943120112509e-16,6.459761934273261e-06,3.7792919494094906e-13,1.4740939023029101e-05
1.2686801896130204e+19,3.4302539572504877e-17,3.4302539572504866e-15,646.0308030534867,1.7366063118349503e-08,33.7784061118581,5.020002004282359e-16,6.459761934273261e-06,3.430253957250488e-13,1.3379533810621445e-05
1.3977719687037247e+19,3.113451505928576e-17,3.113451505928575e-15,711.7662550581479,1.7447659865949197e-08,35.37157378625836,4.213274507211216e-16,6.459761934273261e-06,3.113451505928576e-13,1.2143861711245232e-05
1.5399991995538555e+19,2.825907469410455e-17,2.825907469410454e-15,784.1904742699338,1.752946406146223e-08,37.03988364563823,3.5357367529220737e-16,6.459761934273261e-06,2.825907469410455e-13,1.1022310593869512e-05
1.6966984513403318e+19,2.5649196753067808e-17,2.56491967530678e-15,863.9840615729535,1.7611475704888603e-08,38.78687979150607,2.9661057829529175e-16,6.459761934273261e-06,2.5649196753067805e-13,1.0004340770384917e-05
1.869342292914603e+19,2.32803551142047e-17,2.3280355114204694e-15,951.896870906317,1.7693694796228323e-08,40.61627348387769,2.487278774234941e-16,6.459761934273261e-06,2.32803551142047e-13,9.080385949716738e-06
2.059553131152305e+19,2.113028877516992e-17,2.113028877516992e-15,1048.7550559573988,1.7776121335481383e-08,42.531951025353614,2.0856022600481233e-16,6.459761934273261e-06,2.1130288775169918e-13,8.241763339358963e-06
2.2691184573937283e+19,1.917879265723252e-17,1.9178792657232518e-15,1155.468833875858,1.785875532264777e-08,44.537982017048975,1.7481756894209342e-16,6.459761934273261e-06,1.917879265723252e-13,7.480592049517542e-06
2.500007645252716e+19,1.7407527729641983e-17,1.740752772964198e-15,1273.0410389675192,1.794159675772751e-08,46.63862800391863,1.4653640621982177e-16,6.459761934273261e-06,1.7407527729641984e-13,6.789719033070061e-06
2.7543904576496484e+19,1.579984867003526e-17,1.579984867003526e-15,1402.57654675055,1.802464564072059e-08,48.83835152783913,1.2270334998348677e-16,6.459761934273261e-06,1.5799848670035262e-13,6.162651865370398e-06
3.034657436987395e+19,1.43406474413324e-17,1.4340647441332395e-15,1545.2926569360236,1.8107901971627014e-08,51.14182560768438,8.013959598956221e-17,6.459761934273261e-06,1.4340647441332397e-13,5.593497732200057e-06
3.3434423700847067e+19,1.3016211315151532e-17,1.301621131515153e-15,1702.5305329057915,1.819136575044677e-08,53.5539436665288,6.73675533234499e-17,6.459761934273261e-06,1.301621131515153e-13,5.076908052512052e-06
3.6836470389801538e+19,1.1814094007525264e-17,1.181409400752526e-15,1875.767805189605,1.827503697717988e-08,56.07982992707252,5.661241046533806e-17,6.459761934273261e-06,1.1814094007525263e-13,4.608028215562289e-06
4.058468490199627e+19,1.072299871593016e-17,1.0722998715930158e-15,2066.6324573813054,1.8358915651826312e-08,58.724850297366785,4.753626112750467e-17,6.459761934273261e-06,1.072299871593016e-13,4.182451960088545e-06
4.471429078748935e+19,9.73267195847593e-18,9.732671958475928e-16,2276.9181249862568,1.8443001774386093e-08,61.494623769970474,3.9910302928993055e-17,6.459761934273261e-06,9.732671958475929e-14,3.796179966817745e-06
4.926409569166874e+19,8.833807217618995e-18,8.833807217618993e-16,2508.600950969397,1.8527295344859223e-08,64.39503435874865,3.349714765597735e-17,6.459761934273261e-06,8.833807217618992e-14,3.445582275178885e-06
5.427685604703615e+19,8.017957482898462e-18,8.01795748289846e-16,2763.858156402744,1.8611796363245688e-08,67.43224359867375,2.810210585419465e-17,6.459761934273261e-06,8.017957482898461e-14,3.1273641710350935e-06
5.9799678873409585e+19,7.27745587082152e-18,7.277455870821519e-16,3045.0885007287216,1.869650482954549e-08,70.61270363518538,2.356427445108719e-17,6.459761934273261e-06,7.277455870821519e-14,2.838535224867372e-06
6.588446446242074e+19,6.605343575931472e-18,6.60534357593147e-16,3354.9348239125175,1.8781420743758637e-08,73.94317093090969,1.975821575218753e-17,6.459761934273261e-06,6.605343575931472e-14,2.5763811894494313e-06
7.2588394106413335e+19,5.99530447598215e-18,5.995304475982149e-16,3696.3088823222774,1.8866544105885123e-08,77.43072061886402,1.6564420984852298e-17,6.459761934273261e-06,5.995304475982149e-14,2.3384384929233906e-06
7.9974467455121e+19,5.441605776678037e-18,5.441605776678037e-16,4072.418711729565,1.8951874915924952e-08,81.08276153263013,1.3879244371691955e-17,6.459761934273261e-06,5.441605776678037e-14,2.1224710875778533e-06
8.811209454990772e+19,4.939044138191945e-18,4.939044138191944e-16,4486.798774572545,1.903741317387812e-08,84.90705194543382,1.1630192289558126e-17,6.459761934273261e-06,4.9390441381919454e-14,1.9264494367658644e-06
9.707774809914884e+19,4.4828967771899915e-18,4.482896777189991e-16,4943.3431747875675,1.9123158879744624e-08,88.91171605155817,9.743340010837655e-18,6.459761934273261e-06,4.482896777189992e-14,1.7485314424945815e-06
1.06955682124478e+20,4.068877084847633e-18,4.0688770848476323e-16,5446.3422523438485,1.9209112033524475e-08,93.1052612251118,8.157689844610551e-18,6.459761934273261e-06,4.0688770848476325e-14,1.5870451344546433e-06
1.1783872373129947e+20,3.693094343781867e-18,3.6930943437818664e-16,6000.522901374394,1.9295272635217664e-08,97.4965960928064,6.832135903479167e-18,6.459761934273261e-06,3.693094343781867e-14,1.4404729578112721e-06
1.2982914544419106e+20,3.3520171653414194e-18,3.3520171653414187e-16,6611.092990790868,1.938164068482419e-08,102.09504945914702,4.435109823386364e-18,6.459761934273261e-06,3.3520171653414194e-14,1.3074375121023731e-06
1.4303962630487985e+20,3.0424403036607313e-18,3.042440303660731e-16,7283.790304820553,1.946821618234407e-08,106.91039012423042,3.7263464486710446e-18,6.459761934273261e-06,3.042440303660731e-14,1.186688607226454e-06
1.5759431076464014e+20,2.761454534614969e-18,2.7614545346149684e-16,8024.936463380584,1.9554999127777274e-08,111.95284763625504,3.1294548756893204e-18,6.459761934273261e-06,2.761454534614969e-14,1.0770915148798387e-06
1.7362997532198443e+20,2.5064193166157407e-18,2.5064193166157404e-16,8841.49632900262,1.964198952112383e-08,117.23313402283303,2.6265402082117724e-18,6.459761934273261e-06,2.5064193166157405e-14,9.776163050369217e-07
1.9129731386900398e+20,2.2749379763301015e-18,2.274937976330101e-16,9741.143458578303,1.9729187362383728e-08,122.76246654725898,2.2036726139248753e-18,6.459761934273261e-06,2.2749379763301016e-14,8.87328167264109e-07
2.107623538253362e+20,2.0648351861319034e-18,2.064835186131903e-16,10732.332215005028,1.9816592651556967e-08,128.55259153809138,1.8485885534371166e-18,6.459761934273261e-06,2.0648351861319035e-14,8.053786259124853e-07
2.322080163677269e+20,1.8741365216322495e-18,1.874136521632249e-16,11824.377216393495,1.9904205388643538e-08,134.61580934265524,1.5499571209369208e-18,6.459761934273261e-06,1.8741365216322496e-14,7.309975666349213e-07
2.5583583541736417e+20,1.7010499071819977e-18,1.7010499071819973e-16,13027.540869456892,1.999202557364345e-08,140.96500045749164,1.2990339892139104e-18,6.459761934273261e-06,1.7010499071819976e-14,6.634859992972253e-07
2.8186785153898263e+20,1.5439487749824104e-18,1.5439487749824103e-16,14353.129809667289,2.0080053206556706e-08,147.61365289124785,1.0883993571635212e-18,6.459761934273261e-06,1.5439487749824104e-14,6.02209489273574e-07
3.105486985495627e+20,1.4013567795425203e-18,1.40135677954252e-16,15813.60115447098,2.016828828738331e-08,154.57589081815527,9.12052018500706e-19,6.459761934273261e-06,1.4013567795425203e-14,5.465921953971407e-07
3.421479024453012e+20,1.2719339238390024e-18,1.2719339238390022e-16,17422.67956806563,2.0256730816123247e-08,161.86650458294696,7.635987992552553e-19,6.459761934273261e-06,1.2719339238390024e-14,4.96111458538218e-07
