E_prime_GeV_total,rate_acc,rate_acc_2,rate_sync,rate_Op,rate_pg,rate_photodisintegration,t_ad_val,Shear,ESC
45.03864132239823,3.1548006019527026,315.48006019527026,2.444803027425746e-16,1.3975483439786826e-10,1.0814268673355661e-13,2.578272664946623e-13,2.5644281045607416e-06,4.610668605403857e-12,7807978209018.71
45.03864132239823,3.1548006019527026,315.48006019527026,2.444803027425746e-16,1.3975483439786826e-10,1.0814268673355661e-13,2.578272664946623e-13,2.5644281045607416e-06,4.610668605403857e-12,7807978209018.71
45.03864132239823,3.1548006019527026,315.48006019527026,2.444803027425746e-16,1.3975483439786826e-10,1.0814268673355661e-13,2.578272664946623e-13,2.5644281045607416e-06,4.610668605403857e-12,7807978209018.71
45.03864132239823,3.1548006019527026,315.48006019527026,2.444803027425746e-16,1.3975483439786826e-10,1.0814268673355661e-13,2.578272664946623e-13,2.5644281045607416e-06,4.610668605403857e-12,7807978209018.71
45.03864132239823,3.1548006019527026,315.48006019527026,2.444803027425746e-16,1.3975483439786826e-10,1.0814268673355661e-13,2.578272664946623e-13,2.5644281045607416e-06,4.610668605403857e-12,7807978209018.71
45.03864132239823,3.1548006019527026,315.48006019527026,2.444803027425746e-16,1.3975483439786826e-10,1.0814268673355661e-13,2.578272664946623e-13,2.5644281045607416e-06,4.610668605403857e-12,7807978209018.71
45.03864132239823,3.1548006019527026,315.48006019527026,2.444803027425746e-16,1.3975483439786826e-10,1.0814268673355661e-13,2.578272664946623e-13,2.5644281045607416e-06,4.610668605403857e-12,7807978209018.71
45.03864132239823,3.1548006019527026,315.48006019527026,2.444803027425746e-16,1.3975483439786826e-10,1.0814268673355661e-13,2.578272664946623e-13,2.5644281045607416e-06,4.610668605403857e-12,7807978209018.71
45.03864132239823,3.1548006019527026,315.48006019527026,2.444803027425746e-16,1.3975483439786826e-10,1.0814268673355661e-13,2.578272664946623e-13,2.5644281045607416e-06,4.610668605403857e-12,7807978209018.71
45.03864132239823,3.1548006019527026,315.48006019527026,2.444803027425746e-16,1.3975483439786826e-10,1.0814268673355661e-13,2.578272664946623e-13,2.5644281045607416e-06,4.610668605403857e-12,7807978209018.71
45.03864132239823,3.1548006019527026,315.48006019527026,2.444803027425746e-16,1.3975483439786826e-10,1.0814268673355661e-13,2.578272664946623e-13,2.5644281045607416e-06,4.610668605403857e-12,7807978209018.71
45.03864132239823,3.1548006019527026,315.48006019527026,2.444803027425746e-16,1.3975483439786826e-10,1.0814268673355661e-13,2.578272664946623e-13,2.5644281045607416e-06,4.610668605403857e-12,7807978209018.71
45.03864132239823,3.1548006019527026,315.48006019527026,2.444803027425746e-16,1.3975483439786826e-10,1.0814268673355661e-13,2.578272664946623e-13,2.5644281045607416e-06,4.610668605403857e-12,7807978209018.71
45.03864132239823,3.1548006019527026,315.48006019527026,2.444803027425746e-16,1.3975483439786826e-10,1.0814268673355661e-13,2.578272664946623e-13,2.5644281045607416e-06,4.610668605403857e-12,7807978209018.71
45.03864132239823,3.1548006019527026,315.48006019527026,2.444803027425746e-16,1.3975483439786826e-10,1.0814268673355661e-13,2.578272664946623e-13,2.5644281045607416e-06,4.610668605403857e-12,7807978209018.71
45.03864132239823,3.1548006019527026,315.48006019527026,2.444803027425746e-16,1.3975483439786826e-10,1.0814268673355661e-13,2.578272664946623e-13,2.5644281045607416e-06,4.610668605403857e-12,7807978209018.71
45.03864132239823,3.1548006019527026,315.48006019527026,2.444803027425746e-16,1.3975483439786826e-10,1.0814268673355661e-13,2.578272664946623e-13,2.5644281045607416e-06,4.610668605403857e-12,7807978209018.71
45.03864132239823,3.1548006019527026,315.48006019527026,2.444803027425746e-16,1.3975483439786826e-10,1.0814268673355661e-13,2.578272664946623e-13,2.5644281045607416e-06,4.610668605403857e-12,7807978209018.71
45.03864132239823,3.1548006019527026,315.48006019527026,2.444803027425746e-16,1.3975483439786826e-10,1.0814268673355661e-13,2.578272664946623e-13,2.5644281045607416e-06,4.610668605403857e-12,7807978209018.71
45.03864132239823,3.1548006019527026,315.48006019527026,2.444803027425746e-16,1.3975483439786826e-10,1.0814268673355661e-13,2.578272664946623e-13,2.5644281045607416e-06,4.610668605403857e-12,7807978209018.71
45.03864132239823,3.1548006019527026,315.48006019527026,2.444803027425746e-16,1.3975483439786826e-10,1.0814268673355661e-13,2.578272664946623e-13,2.5644281045607416e-06,4.610668605403857e-12,7807978209018.71
45.03864132239823,3.1548006019527026,315.48006019527026,2.444803027425746e-16,1.3975483439786826e-10,1.0814268673355661e-13,2.578272664946623e-13,2.5644281045607416e-06,4.610668605403857e-12,7807978209018.71
45.03864132239823,3.1548006019527026,315.48006019527026,2.444803027425746e-16,1.3975483439786826e-10,1.0814268673355661e-13,2.578272664946623e-13,2.5644281045607416e-06,4.610668605403857e-12,7807978209018.71
45.03864132239823,3.1548006019527026,315.48006019527026,2.444803027425746e-16,1.3975483439786826e-10,1.0814268673355661e-13,2.578272664946623e-13,2.5644281045607416e-06,4.610668605403857e-12,7807978209018.71
45.03864132239823,3.1548006019527026,315.48006019527026,2.444803027425746e-16,1.3975483439786826e-10,1.0814268673355661e-13,2.578272664946623e-13,2.5644281045607416e-06,4.610668605403857e-12,7807978209018.71
45.03864132239823,3.1548006019527026,315.48006019527026,2.444803027425746e-16,1.3975483439786826e-10,1.0814268673355661e-13,2.578272664946623e-13,2.5644281045607416e-06,4.610668605403857e-12,7807978209018.71
45.03864132239823,3.1548006019527026,315.48006019527026,2.444803027425746e-16,1.3975483439786826e-10,1.0814268673355661e-13,2.578272664946623e-13,2.5644281045607416e-06,4.610668605403857e-12,7807978209018.71
45.03864132239823,3.1548006019527026,315.48006019527026,2.444803027425746e-16,1.3975483439786826e-10,1.0814268673355661e-13,2.578272664946623e-13,2.5644281045607416e-06,4.610668605403857e-12,7807978209018.71
41.501954506388216,3.4236443667529644,342.3644366752964,2.2528233765978245e-16,1.3620205642714467e-10,9.516928111345728e-14,2.4270413646187367e-13,2.5644281045607416e-06,4.24861303731962e-12,8473353464713.7
30.93263247252127,4.593463969846613,459.3463969846613,1.6790958007309862e-16,1.0775567183073185e-10,6.090531110630409e-14,1.8022592039886694e-13,2.5644281045607416e-06,3.1666167814130556e-12,11368600144895.19
27.082069872337517,5.246568427923854,524.6568427923853,1.4700782365723629e-16,8.155772906500395e-11,5.016327661448815e-14,1.576398855264406e-13,2.5644281045607416e-06,2.7724293109979484e-12,12985001946556.984
24.712993713358536,5.7495232833013095,574.952328330131,1.3414792292396622e-16,5.7287798253716675e-11,4.4009530462978505e-14,1.4124246684805724e-13,2.5644281045607416e-06,2.5299036763584548e-12,14229790776784.998
23.12291603405349,6.14489680046317,614.489680046317,1.25516608545764e-16,3.7299533997832786e-11,4.009394462284938e-14,1.322960365255341e-13,2.5644281045607416e-06,2.367125203898646e-12,15208321021933.33
22.04826738374193,6.444403557070764,644.4403557070764,1.1968316376022137e-16,2.295039865579131e-11,3.754347691286246e-14,1.281167945167473e-13,2.5644281045607416e-06,2.257111920896545e-12,15949585692543.1
21.36045108459102,6.651916300472374,665.1916300472374,1.1594953565532413e-16,1.4150633903180064e-11,3.5950135537528516e-14,1.236163294484895e-13,2.5644281045607416e-06,2.1866992058663725e-12,16463169650137.94
20.988245012781046,6.769881553627168,676.9881553627167,1.1392911384758475e-16,9.80574080497965e-12,3.5099699224320986e-14,1.2058190270958584e-13,2.5644281045607416e-06,2.1485959505361213e-12,16755127920173.74
20.88966858925478,6.801828001623776,680.1828001623776,1.1339401791308555e-16,8.731094032582614e-12,3.487663746824432e-14,1.1973177115449433e-13,2.5644281045607416e-06,2.138504544404837e-12,16834193826798.291
21.039608597524854,6.753354374270505,675.3354374270506,1.142079274258679e-16,1.0379778742526257e-11,3.521518999705934e-14,1.2102457757440305e-13,2.5644281045607416e-06,2.153854112431904e-12,16714223954264.297
21.423658248388204,6.632290858435613,663.2290858435613,1.1629263895699836e-16,1.4925416424023222e-11,3.6095276487935105e-14,1.240653762402092e-13,2.5644281045607416e-06,2.193169811488558e-12,16414597634629.086
22.034779925450874,6.448348167567479,644.8348167567478,1.1960995067498148e-16,2.2772150034357118e-11,3.751200809703407e-14,1.2804027512067839e-13,2.5644281045607416e-06,2.2557311909570212e-12,15959348411867.531
22.87139127017328,6.212474399855663,621.2474399855663,1.24151273166739e-16,3.395204241893742e-11,3.9489082453587737e-14,1.314940685021476e-13,2.5644281045607416e-06,2.3413762625839497e-12,15375572297068.688
23.936228957316654,5.936103511058762,593.6103511058761,1.299314617443871e-16,4.783385874933216e-11,4.207496452746854e-14,1.357644350506927e-13,2.5644281045607416e-06,2.450385183586218e-12,14691567775198.85
25.23566656653641,5.630441041864477,563.0441041864476,1.3698511369234546e-16,6.324703120156687e-11,4.533562562484144e-14,1.4565206434029364e-13,2.5644281045607416e-06,2.583410426213398e-12,13935068015021.738
26.779313445526835,5.305884075185949,530.5884075185949,1.453643908024551e-16,7.884373376561676e-11,4.935738759097157e-14,1.5652772859687955e-13,2.5644281045607416e-06,2.7414357128077193e-12,13131805291589.191
28.579797085776836,4.971621468430439,497.16214684304384,1.5513783805856636e-16,9.34549039501097e-11,5.4228641410563515e-14,1.6251805293164407e-13,2.5644281045607416e-06,2.9257537373062853e-12,12304521580529.492
30.652671889797972,4.63541753442787,463.541753442787,1.6638988840366674e-16,1.0629385817697349e-10,6.009380935609633e-14,1.7770662252809368e-13,2.5644281045607416e-06,3.137956825614812e-12,11472433178855.674
33.01641987400159,4.303553604457258,430.3553604457258,1.7922086655526252e-16,1.169902359144968e-10,6.711894162391006e-14,1.9351202962671155e-13,2.5644281045607416e-06,3.3799370075621378e-12,10651086076295.213
35.69252216232466,3.9808879884934303,398.08879884934305,1.9374737708953905e-16,1.2551236043139398e-10,7.549531254028192e-14,2.027884161394946e-13,2.5644281045607416e-06,3.653893335802539e-12,9852504353987.385
38.70558826619202,3.670992720168593,367.0992720168593,2.1010300620330065e-16,1.3204861265977267e-10,8.546492759101212e-14,2.2902651585903076e-13,2.5644281045607416e-06,3.9623451203859906e-12,9085528621619.178
42.0835353193283,3.376330711687501,337.6330711687501,2.284392946425446e-16,1.368968197454928e-10,9.725491171117258e-14,2.4419804858689944e-13,2.5644281045607416e-06,4.308150277276158e-12,8356254467233.004
45.857812850763096,3.0984454757455664,309.8445475745566,2.4892695782302315e-16,1.4038332211370983e-10,1.1125981632279679e-13,2.650004719865695e-13,2.5644281045607416e-06,4.694528338676812e-12,7668502009756.079
50.06367102526384,2.8381445036927353,283.8144503692735,2.7175734190219183e-16,1.4281416376718657e-10,1.2789261016637177e-13,3.006115128816615e-13,2.5644281045607416e-06,5.125087913179517e-12,7024269751046.321
54.7404719634318,2.5956651022291624,259.56651022291624,2.9714411369766877e-16,1.4445175202753093e-10,1.4757290961407671e-13,3.1458888154503714e-13,2.5644281045607416e-06,5.603858556036603e-12,6424145013656.703
59.93204502055483,2.370817360000014,237.08173600000143,3.253251892241285e-16,1.4550825163595913e-10,1.707446180319632e-13,3.613812648884492e-13,2.5644281045607416e-06,6.135327139553437e-12,5867657776211.145
65.68708790841475,2.1631029366554064,216.31029366554063,3.5656491107650106e-16,1.4614829261459628e-10,1.9813759694581035e-13,3.9357952106744786e-13,2.5644281045607416e-06,6.724478916487981e-12,5353574670556.311
72.05961638702567,1.9718108405114507,197.1810840511451,3.911564894621413e-16,1.4649584944699828e-10,2.305412676685864e-13,4.2595589062771256e-13,2.5644281045607416e-06,7.37684355562201e-12,4880136026819.197
79.10946599966309,1.7960926794226992,179.60926794226992,4.2942472573618006e-16,1.4664221596659445e-10,2.6885134582492403e-13,4.966942401400484e-13,2.5644281045607416e-06,8.098546505076685e-12,4445242115660.249
86.90285001968286,1.635020401780286,163.5020401780286,4.717290410676471e-16,1.466534893536969e-10,3.136898427683024e-13,5.29808887722853e-13,2.5644281045607416e-06,8.896366110107519e-12,4046596054438.334
95.51297845353461,1.4876295876811871,148.76295876811872,5.184668365329308e-16,1.4657690621516442e-10,3.6658762709705037e-13,6.005613933437678e-13,2.5644281045607416e-06,9.777796981307289e-12,3681810950751.282
105.0207436246977,1.3529511204262603,135.29511204262604,5.7007721462609235e-16,1.4644588772221124e-10,4.287246784347802e-13,6.920864440911333e-13,2.5644281045607416e-06,1.0751120178790894e-11,3348488287854.734
115.51547856630418,1.2300337107938086,123.00337107938086,6.270450959917997e-16,1.4628389779387525e-10,5.017650730461085e-13,7.456558335337209e-13,2.5644281045607416e-06,1.1825480849907235e-11,3044273671144.831
127.09579519084929,1.117959351382727,111.79593513827271,6.899057692069948e-16,1.4610731150350254e-10,5.869015319532539e-13,8.673411011061802e-13,2.5644281045607416e-06,1.3010974033842905e-11,2766895076906.6353
139.87050999642412,1.0158533972505452,101.58533972505454,7.592499157313216e-16,1.4592750446005194e-10,6.86674739402203e-13,9.959461024284423e-13,2.5644281045607416e-06,1.4318739427461916e-11,2514187801403.494
153.95966592190626,0.9228906279070895,92.28906279070895,8.357291567766375e-16,1.4575235179200952e-10,8.035278940890308e-13,1.1010717312506966e-12,2.5644281045607416e-06,1.576106599404852e-11,2284109464016.826
169.4956598895056,0.8382983543511443,83.82983543511443,9.200621738722618e-16,1.4558729129408996e-10,9.399426518734456e-13,1.2861053678572835e-12,2.5644281045607416e-06,1.735150739141214e-11,2074747697010.9026
186.6244865827951,0.761357393966612,76.1357393966612,1.0130414603836851e-15,1.4543607088434907e-10,1.098577780603176e-12,1.498955833384758e-12,2.5644281045607416e-06,1.9105009299181243e-11,1884322558353.4683
205.5071101129436,0.6914015416641518,69.14015416641517,1.1155407672384189e-15,1.4530127059289316e-10,1.2825300280750251e-12,1.6915894424984678e-12,2.5644281045607416e-06,2.1038049838191e-11,1711185222816.999
226.32097643677693,0.6278160115429082,62.78160115429082,1.2285233126857573e-15,1.4518466521881813e-10,1.4965233134509044e-12,1.976572889734052e-12,2.5644281045607416e-06,2.3168794398832223e-11,1553814125167.1907
249.26168071974985,0.5700352029431521,57.003520294315216,1.3530508331338466e-15,1.4508747529978345e-10,1.7449654045142521e-12,2.3346979203283127e-12,2.5644281045607416e-06,2.5517266331327118e-11,1410809431251.7876
274.54480529802413,0.5175400517988107,51.75400517988106,1.490293560038682e-15,1.4501054027629957e-10,2.033114170658738e-12,2.7160902126253955e-12,2.5644281045607416e-06,2.8105535100473834e-11,1280886482726.7805
302.4079455007822,0.46985515714456083,46.98551571445608,1.6415412165425075e-15,1.449544377118756e-10,2.36524140686765e-12,3.1570102284549398e-12,2.5644281045607416e-06,3.095792367190559e-11,1162868685301.079
333.1129423620774,0.4265458188069775,42.65458188069775,1.8082151371571166e-15,1.4491956524833167e-10,2.748184717291718e-12,3.731889849370203e-12,2.5644281045607416e-06,3.410123707792064e-11,1055680177166.0286
366.9483431978494,0.38721508187440845,38.72150818744085,1.9918816243526813e-15,1.449061968888562e-10,3.1904453555712207e-12,4.444634109196713e-12,2.5644281045607416e-06,3.756501431018734e-11,958338514201.9519
404.2321131666152,0.35150085341306964,35.15008534130696,2.1942666675448107e-15,1.449145216306319e-10,3.6988479890059665e-12,5.23466547324328e-12,2.5644281045607416e-06,4.1381805905998606e-11,869947533990.5725
445.31462329209205,0.3190731346404384,31.907313464043842,2.417272162781776e-15,1.449446699793452e-10,4.284683851839623e-12,6.126335221775915e-12,2.5644281045607416e-06,4.558747983632036e-11,789690505578.6426
490.58194302492313,0.28963139547884925,28.963139547884925,2.6629937855413803e-15,1.449967321513317e-10,4.9553342567802174e-12,7.274539777735277e-12,2.5644281045607416e-06,5.022155856993321e-11,716823631625.6537
540.4594682831897,0.2629021066212177,26.290210662121773,2.933740684585317e-15,1.450707705765152e-10,5.722884844551866e-12,8.750859555999254e-12,2.5644281045607416e-06,5.532759048100602e-11,650669940386.4119
595.415919064502,0.23863643581830615,23.863643581830615,3.232057181934691e-15,1.4516682849408693e-10,6.6017019431452136e-12,1.0318489219736313e-11,2.5644281045607416e-06,6.095355909022797e-11,590613584133.9492
655.9677441958592,0.2166081091825898,21.660810918258978,3.560746682884792e-15,1.4528493586871356e-10,7.608246730881209e-12,1.2083139315995787e-11,2.5644281045607416e-06,6.715233398520268e-11,536094545990.50507
722.6839746137712,0.19661143424547473,19.661143424547472,3.922898020747262e-15,1.4542511346816277e-10,8.758076700752318e-12,1.4371569432517052e-11,2.5644281045607416e-06,7.398216765751154e-11,486603747090.19293
796.1915707823578,0.17845947881037555,17.845947881037556,4.321914483889052e-15,1.4558737567822263e-10,1.0070198902887666e-11,1.7298016817339725e-11,2.5644281045607416e-06,8.150724292537178e-11,441678539328.8506
877.1813145009392,0.1619823979445719,16.198239794457187,4.7615457978451265e-15,1.4577173244940554e-10,1.1554795568255153e-11,2.042399642179532e-11,2.5644281045607416e-06,8.979827608620701e-11,400898564750.1711
966.4143004685559,0.1470259004716134,14.70259004716134,5.245923363052398e-15,1.4597819064582982e-10,1.3245636202876187e-11,2.38511086894961e-11,2.5644281045607416e-06,9.893318146717212e-11,363881960188.91266
1064.7290886091607,0.13344984585763603,13.344984585763603,5.779599079347459e-15,1.462067549817715e-10,1.5170381695566708e-11,2.8246565940983388e-11,2.5644281045607416e-06,1.0899780361867092e-10,330281884632.704
1173.0495843706879,0.12112696227692751,12.112696227692751,6.367588122077173e-15,1.464574286732848e-10,1.7355452633568748e-11,3.3597428056715025e-11,2.5644281045607416e-06,1.2008672403157606e-10,299783346496.60376
1292.39372105237,0.1099416767820061,10.99416767820061,7.015416071806612e-15,1.4673021389250966e-10,1.9835880058914368e-11,3.986363475461745e-11,2.5644281045607416e-06,1.3230414995920077e-10,272100308350.88303
1423.8830257516638,0.09978904880899607,9.978904880899607,7.729170840521341e-15,1.4702511208503055e-10,2.2648424855559973e-11,4.652973984725804e-11,2.5644281045607416e-06,1.4576489369664383e-10,246973047398.64725
1568.753158825964,0.0905737986601861,9.057379866018609,8.515559882296193e-15,1.4734212419195092e-10,2.5802667431031386e-11,5.445558511371183e-11,2.5644281045607416e-06,1.6059545152020273e-10,224165751017.37076
1728.3655259127606,0.08220942307906556,8.220942307906556,9.38197322606269e-15,1.4768125080550684e-10,2.937628088834155e-11,6.400867604066542e-11,2.5644281045607416e-06,1.769351924260925e-10,203464327850.08295
1904.2200716313093,0.07461739053790654,7.461739053790655,1.0336552922820724e-14,1.480424922782034e-10,3.3414829411613416e-11,7.542857907896945e-11,2.5644281045607416e-06,1.949376678395515e-10,184674416181.2315
2097.9693751935224,0.06772640937236142,6.772640937236141,1.1388269559918659e-14,1.484258487993695e-10,3.7973967686778357e-11,8.860829019305425e-11,2.5644281045607416e-06,2.147720546022112e-10,167619572605.37076
2311.4341803864577,0.061471762406523536,6.147176240652354,1.2547006561438728e-14,1.488313204488158e-10,4.311851601142704e-11,1.0307961396291936e-10,2.5644281045607416e-06,2.36624744798091e-10,152139625256.51474
2546.620505868223,0.05579470220538083,5.5794702205380835,1.3823653066894059e-14,1.4925890723436964e-10,4.891482461942852e-11,1.200393245532956e-10,2.5644281045607416e-06,2.6070109735848234e-10,138089177087.34253
2805.7384965698543,0.050641901563079704,5.06419015630797,1.523020626105709e-14,1.4970860911803419e-10,5.5410105947003503e-11,1.3903511901090715e-10,2.5644281045607416e-06,2.872273679062841e-10,125336245854.35048
3091.223193357808,0.04596495428099202,4.596495428099201,1.6779884116556273e-14,1.5018042603411434e-10,6.270135969177092e-11,1.6210705680675367e-10,2.5644281045607416e-06,3.164528349753553e-10,113761028567.82309
3405.757416138226,0.04171992170720918,4.171992170720918,1.84872496087301e-14,1.5067435790166446e-10,7.089483673919342e-11,1.8975076567901727e-10,2.5644281045607416e-06,3.48652142585853e-10,103254779199.11325
3752.2969754452433,0.03786692089801176,3.7866920898011758,2.0368347570038378e-14,1.5119040463292583e-10,8.010593655114127e-11,2.1930825627769365e-10,2.5644281045607416e-06,3.8412788118973404e-10,93718789400.2892
4134.098449437151,0.03436975062226174,3.4369750622261734,2.244085547010868e-14,1.5172856613893529e-10,9.04352274114404e-11,2.525002006883107e-10,2.5644281045607416e-06,4.2321343124064023e-10,85063462883.17657
4554.749787332596,0.03119555176229449,3.119555176229449,2.472424953836187e-14,1.5228884233314657e-10,1.0203987921499964e-10,2.919708345455542e-10,2.5644281045607416e-06,4.662760961103978e-10,77207474928.06592
5018.2040268801775,0.028314498970933633,2.8314498970933633,2.7239987790340942e-14,1.52871233133661e-10,1.1503490329324678e-10,3.3411164192529184e-10,2.5644281045607416e-06,5.137205537934648e-10,70077009249.80582
5528.816442718672,0.02569952072512019,2.569952072512019,3.0011711677718315e-14,1.5347573846449444e-10,1.2953179135985422e-10,3.869336765867699e-10,2.5644281045607416e-06,5.65992659836441e-10,63605065144.13664
6091.385474726706,0.023326045173886926,2.3326045173886927,3.3065468256972014e-14,1.541023582561833e-10,1.4573255671279394e-10,4.4937437749302416e-10,2.5644281045607416e-06,6.235836372303781e-10,57730828473.77549
6711.197820982812,0.02117176941361951,2.1171769413619512,3.642995496454327e-14,1.5475109244594642e-10,1.638589792135175e-10,5.113753931621812e-10,2.5644281045607416e-06,6.870346926400701e-10,52399100635.897575
7394.078119093414,0.019216450038325422,1.9216450038325423,4.013678929873072e-14,1.5542194097755535e-10,1.8411576456833048e-10,5.842316752911232e-10,2.5644281045607416e-06,7.569421023509749e-10,47559780184.228294
8146.44368276491,0.01744171300854179,1.7441713008541788,4.4220805942634685e-14,1.561149038010199e-10,2.0674720708331995e-10,6.75130687741292e-10,2.5644281045607416e-06,8.339628157285346e-10,43167392263.82781
8975.364808002889,0.01583088106105069,1.583088106105069,4.8720384120343035e-14,1.5682998087216774e-10,2.3203985858600364e-10,7.636217835910456e-10,2.5644281045607416e-06,9.188206288480017e-10,39180661458.52216
9888.63121566075,0.01436881704416354,1.436881704416354,5.3677808262660126e-14,1.575671721521672e-10,2.602890150163151e-10,8.673327985514854e-10,2.5644281045607416e-06,1.0123129863109253e-09,35562124053.34375
10894.82525472662,0.013041781711312006,1.3041781711312006,5.9139665371708e-14,1.583264776070314e-10,2.918279919870018e-10,1.0040284053197346e-09,2.5644281045607416e-06,1.1153184751678543e-09,32277776080.57827
12003.402554270655,0.011837304640298077,1.1837304640298076,6.515728281860214e-14,1.5910789720712603e-10,3.268087926503514e-10,1.1414169666068426e-09,2.5644281045607416e-06,1.2288050813708079e-09,29296753851.180187
13224.780881973062,0.010744067067963025,1.0744067067963026,7.178721068837128e-14,1.5991143092669797e-10,3.657877064798552e-10,1.2812487729080107e-09,2.5644281045607416e-06,1.353839286344873e-09,26591043976.2711
14570.438044273418,0.009751795541306889,0.9751795541306889,7.909175320491688e-14,1.6073707874343153e-10,4.0921520698466246e-10,1.469818081005334e-09,2.5644281045607416e-06,1.491596089163203e-09,24135220158.827496
16053.019748151042,0.008851165387210043,0.8851165387210044,8.713955423004123e-14,1.6158484063804026e-10,4.57591795321909e-10,1.6776997939641907e-09,2.5644281045607416e-06,1.6433700485080922e-09,21906204285.931847
17686.458438158228,0.008033713094786775,0.8033713094786774,9.600624233872075e-14,1.6245471659389407e-10,5.115433242181861e-10,1.86959579825934e-09,2.5644281045607416e-06,1.810587448184018e-09,19883049579.35462
19486.104225468294,0.007291756787861433,0.7291756787861433,1.0577514153267043e-13,1.6334670659668333e-10,5.714758949458993e-10,2.1124739656036376e-09,2.5644281045607416e-06,1.994819700507122e-09,18046743768.7968
21468.869139333838,0.006618324040864813,0.6618324040864814,1.165380542710734e-13,1.6426081063411857e-10,6.382737080269449e-10,2.426784643906766e-09,2.5644281045607416e-06,2.1977981135284262e-09,16380030439.740557
23653.38605654715,0.0060070863602932015,0.6007086360293201,1.2839612417694746e-13,1.6519702869566344e-10,7.125506960966885e-10,2.7339454285145285e-09,2.5644281045607416e-06,2.421430160864634e-09,14867246878.243753
26060.183802428797,0.0054522997163892325,0.5452299716389232,1.4146078652635688e-13,1.6615536077229884e-10,7.950917385333087e-10,3.0364852244553924e-09,2.5644281045607416e-06,2.667817407030842e-09,13494176889.73937
28711.880068843904,0.004948750566467347,0.4948750566467347,1.5585481545262734e-13,1.6713580685631557e-10,8.86457912835915e-10,3.4593305444220375e-09,2.5644281045607416e-06,2.9392752567272663e-09,12247917209.388605
31633.393962176084,0.0044917068628465145,0.4491706862846514,1.7171347770657244e-13,1.6813836694113322e-10,9.880252654543168e-10,3.947315990795311e-09,2.5644281045607416e-06,3.238354713672142e-09,11116756249.09468
34852.180178663046,0.004076873585142942,0.4076873585142942,1.8918580381510915e-13,1.6916304102114166e-10,1.100902956215251e-09,4.377609161443755e-09,2.5644281045607416e-06,3.567866353457835e-09,10090064042.08785
38398.48700773752,0.0037003523791549974,0.37003523791549975,2.0843598858387166e-13,1.7020982909156336e-10,1.2262731650069072e-09,4.841504049879239e-09,2.5644281045607416e-06,3.930906735713139e-09,9158192351.126575
42305.640587940616,0.003358604923134919,0.33586049231349185,2.2964493410494233e-13,1.712787311483347e-10,1.3656121272782993e-09,5.51936548951674e-09,2.5644281045607416e-06,4.330887503778068e-09,8312384001.799919
46610.35808667747,0.0030484196772486596,0.304841967724866,2.53011949769979e-13,1.7236974718800221e-10,1.520198210332375e-09,6.2802698399921194e-09,2.5644281045607416e-06,4.771567445352775e-09,7544690589.056196
51353.09274690114,0.0027668817038017245,0.27668817038017246,2.7875662526449816e-13,1.734828772076341e-10,1.6920054541657575e-09,6.922859677781126e-09,2.5644281045607416e-06,5.257087815408414e-09,6847897783.728237
56578.414043269615,0.0025113452746549038,0.25113452746549036,3.0712089414460925e-13,1.746181212047434e-10,1.8827444352867005e-09,7.644113175668709e-09,2.5644281045607416e-06,5.792011253303797e-09,6215457537.218248
62335.42652026719,0.0022794090084365844,0.22794090084365845,3.3837130738851834e-13,1.757754791772226e-10,2.0944682845868355e-09,8.731791596648608e-09,2.5644281045607416e-06,6.381364659828752e-09,5641426547.306275
68678.23124828521,0.002068893303925638,0.20688933039256382,3.7280153828830587e-13,1.7695495112328668e-10,2.3280959000615904e-09,9.931206538604244e-09,2.5644281045607416e-06,7.030686437107505e-09,5120410406.869286
75666.43423416169,0.0018778198575516369,0.1877819857551637,4.107351422215133e-13,1.7815653704142525e-10,2.5869838711397074e-09,1.0922677007145199e-08,2.5644281045607416e-06,7.746078535295569e-09,4647512910.689374
83365.70656392607,0.0017043930725409093,0.17043930725409093,4.5252859723726713e-13,1.7938023693036125e-10,2.8741489765124296e-09,1.189395756162505e-08,2.5644281045607416e-06,8.534263795174741e-09,4218290043.993524
91848.40154164682,0.001546983185010649,0.1546983185010649,4.985746540306086e-13,1.8062605078901508e-10,3.1926500745627847e-09,1.343472287224725e-08,2.5644281045607416e-06,9.402649125518704e-09,3828708220.3563595
101194.23462389657,0.0014041109484460724,0.14041109484460723,5.493060267861561e-13,1.8189397861647542e-10,3.545769258781909e-09,1.539440506114062e-08,2.5644281045607416e-06,1.0359395108933713e-08,3475106376.5252476
111491.03253946398,0.001274433732638897,0.1274433732638897,6.051994595755044e-13,1.8318402041197283e-10,3.9371376546161385e-09,1.6990758465216066e-08,2.5644281045607416e-06,1.1413492690289582e-08,3154161567.9684296
122835.55863410581,0.0011567329064564736,0.11567329064564737,6.667802065220109e-13,1.8449617617485838e-10,4.370829615565233e-09,1.8390586863824445e-08,2.5644281045607416e-06,1.2574847668414502e-08,2862857741.8416595
135334.4221964513,0.0010499023858747414,0.10499023858747414,7.346269678349619e-13,1.8583044590458488e-10,4.851776617688097e-09,2.04439424553006e-08,2.5644281045607416e-06,1.3854373785057667e-08,2598457393.92617
149105.08031037904,0.0009529382396579765,0.09529382396579765,8.093773280991214e-13,1.871868296006914e-10,5.38470072945794e-09,2.352291629014856e-08,2.5644281045607416e-06,1.526409528591611e-08,2358475843.1910806
164276.94164869183,0.0008649292550070144,0.08649292550070144,8.917337479255438e-13,1.885653272627896e-10,5.974931104884173e-09,2.65034297790988e-08,2.5644281045607416e-06,1.681725991753459e-08,2140657882.231126
180992.5825809061,0.0007850483745184342,0.07850483745184342,9.82470165269723e-13,1.899659388905527e-10,6.6272597404371896e-09,2.8846134751407562e-08,2.5644281045607416e-06,1.852846342195816e-08,1942956584.15669
199409.08702343307,0.0007125449239850171,0.07125449239850172,1.0824392684524567e-12,1.9138866448370555e-10,7.34736742734193e-09,3.114787838460042e-08,2.5644281045607416e-06,2.0413786699066252e-08,1763514066.7775605
219699.5226232841,0.0006467375579994779,0.06467375579994779,1.192580509231035e-12,1.9283350404201695e-10,8.144363538672111e-09,3.4905244728893205e-08,2.5644281045607416e-06,2.2490946925559968e-08,1600644033.3149152
242054.5671476252,0.0005870078570687602,0.05870078570687602,1.313928931222989e-12,1.9430045756529245e-10,9.027155355307867e-09,3.9917302463870245e-08,2.5644281045607416e-06,2.477946405073191e-08,1452815925.5702977
266684.300363045,0.0005327945160686452,0.053279451606864515,1.4476248966467983e-12,1.957895250533686e-10,1.0004074536591921e-08,4.446698081646073e-08,2.5644281045607416e-06,2.7300844233649066e-08,1318640540.6331348
293820.17824358057,0.00048358806942537877,0.04835880694253787,1.594924802785832e-12,1.9730070650610807e-10,1.1084388736198656e-08,4.786342645179814e-08,2.5644281045607416e-06,3.007878194558527e-08,1196856975.9615483
323717.20805996825,0.00043892610345481597,0.04389261034548159,1.7572128888826758e-12,1.9883400192339568e-10,1.2280287960378999e-08,5.166782048764394e-08,2.5644281045607416e-06,3.3139382636945145e-08,1086320780.1543567
356656.34479034046,0.00039838891086757435,0.039838891086757436,1.936014244418142e-12,2.0038941130513457e-10,1.3604173044488435e-08,5.8323237979051805e-08,2.5644281045607416e-06,3.651140806117358e-08,985993198.0624593
392947.1313724641,0.0003615955466038316,0.03615955466038316,2.1330091410193283e-12,2.0196693465124362e-10,1.506847423689245e-08,6.690752553636905e-08,2.5644281045607416e-06,4.022654656106427e-08,894931409.1715944
432930.6076090635,0.00032820024793289563,0.03282002479328956,2.3500488226795974e-12,2.035665719616547e-10,1.668863907461642e-08,7.451763120231049e-08,2.5644281045607416e-06,4.431971085745969e-08,812279667.5227101
476982.5150624534,0.00029788918517574927,0.029788918517574925,2.589172902677914e-12,2.051883232363107e-10,1.8481250460076274e-08,8.053609524820997e-08,2.5644281045607416e-06,4.8829366138790144e-08,737261259.908134
525516.8280562155,0.00027037751251580164,0.02703775125158016,2.8526285306836574e-12,2.0683218847516374e-10,2.0463320028596255e-08,8.713941266955817e-08,2.5644281045607416e-06,5.3797891534646116e-08,669171206.7714739
578989.64396623,0.00024540669118310027,0.02454066911831003,3.1428915101682738e-12,2.0849816767817368e-10,2.264282919917778e-08,9.709138370115483e-08,2.5644281045607416e-06,5.927197837030368e-08,607369637.2185991
637903.469359773,0.0002227420598568609,0.02227420598568609,3.4626895645730295e-12,2.1018626084530684e-10,2.5053316805422772e-08,1.1011079075865891e-07,2.5644281045607416e-06,6.53030689447693e-08,551275775.8819474
702811.9422613197,0.00020217062945439057,0.020217062945439058,3.815027970874744e-12,2.1189646797653515e-10,2.7717345533414115e-08,1.2322986346518552e-07,2.5644281045607416e-06,7.194783995572422e-08,500362485.1302547
774325.0349221879,0.00018349908158311356,0.018349908158311355,4.203217801439017e-12,2.1362878907183506e-10,3.066015589008291e-08,1.336854517772625e-07,2.5644281045607416e-06,7.926873511431833e-08,454151311.3345656
853114.7859866213,0.00016655195184632759,0.016655195184632758,4.630907039561421e-12,2.1538322413118675e-10,3.390939618960555e-08,1.433057550246206e-07,2.5644281045607416e-06,8.73345519550166e-08,412207988.63824844
939921.6159219211,0.0001511699809304492,0.01511699809304492,5.102114861102678e-12,2.171597731545737e-10,3.749946899803964e-08,1.5664823968873743e-07,2.5644281045607416e-06,9.622108835500065e-08,374138357.9780415
1035561.2850613391,0.0001372086179782373,0.013720861797823732,5.621269404376533e-12,2.1895843614198205e-10,4.147127860236004e-08,1.7693718415431508e-07,2.5644281045607416e-06,1.0601185483873627e-07,339584663.00549763
1140932.559647438,0.00012453666218355684,0.012453666218355683,6.193249383230138e-12,2.2077921309340034e-10,4.585306592830098e-08,2.0015197088879633e-07,2.5644281045607416e-06,1.1679885936153716e-07,308222188.1000244
1257025.6579169163,0.00011303502984218733,0.011303502984218733,6.823429934372353e-12,2.2262210400881886e-10,5.069299468548465e-08,2.210096216228209e-07,2.5644281045607416e-06,1.2868347194706278e-07,279756206.8795402
1384931.5555983365,0.00010259563527213233,0.010259563527213232,7.51773312979675e-12,2.2448710888822947e-10,5.6040751469226364e-08,2.398646755552325e-07,2.5644281045607416e-06,1.417773773041154e-07,253919212.53261197
1525852.2382704313,9.312037508696903e-05,0.009312037508696903,8.282683628985776e-12,2.263742277316255e-10,6.194452085724202e-08,2.613039709023725e-07,2.5644281045607416e-06,1.562036243748765e-07,230468403.94434646
1681111.9969267198,8.452020627702859e-05,0.00845202062770286,9.125469993883325e-12,2.2828346053900122e-10,6.846512415563774e-08,2.896799492049101e-07,2.5644281045607416e-06,1.7209778267762992e-07,209183403.99210414
1852169.8728955921,7.671430943474988e-05,0.007671430943474987,1.00540122428382e-11,2.3021480731035187e-10,7.566671990707267e-08,3.231933351617528e-07,2.5644281045607416e-06,1.896092163106095e-07,189864188.56890577
2040633.3690660584,6.962932926068123e-05,0.006962932926068122,1.1077036278351584e-11,2.3216826804567365e-10,8.357971874165352e-08,3.593977362056771e-07,2.5644281045607416e-06,2.089024875893255e-07,172329206.87268794
2248273.556269261,6.31986852128491e-05,0.0063198685212849095,1.2204155888057004e-11,2.341438427449632e-10,9.230581463738088e-08,3.968751097706156e-07,2.5644281045607416e-06,2.3015890350793536e-07,156413675.2969837
2477041.716776834,5.736194582137312e-05,0.0057361945821373115,1.3445963089530886e-11,2.3614153140821773e-10,1.0193190942673686e-07,4.322207978517398e-07,2.5644281045607416e-06,2.5357821955741186e-07,141968028.88999444
2729087.6813220624,5.20642607884997e-05,0.005206426078849969,1.481412766794185e-11,2.38161334035435e-10,1.1254276275347234e-07,4.690073639714278e-07,2.5644281045607416e-06,2.7938051691200574e-07,128856515.8297657
3006780.031964518,4.725584553726028e-05,0.004725584553726028,1.6321506841935765e-11,2.40203250626613e-10,1.2424925609702555e-07,5.128644578104347e-07,2.5644281045607416e-06,3.078082706247102e-07,116955921.70716023
3312728.3606530237,4.2891513364840045e-05,0.0042891513364840044,1.7982266088333204e-11,2.422672811817502e-10,1.3717720791751442e-07,5.680375547925142e-07,2.5644281045607416e-06,3.391286282674341e-07,106154411.62817636
3649807.792660058,3.893025080410524e-05,0.0038930250804105238,1.981201226108002e-11,2.4435342570084526e-10,1.5141803566185427e-07,6.342438732602923e-07,2.5644281045607416e-06,3.7363592042922704e-07,96350479.25436015
4021186.0053445506,3.53348322027842e-05,0.00353348322027842,2.182794025542535e-11,2.464616841838971e-10,1.6713421144447074e-07,6.997385375465175e-07,2.5644281045607416e-06,4.1165442666475683e-07,87451992.90500447
4430352.996149892,3.2071469898338215e-05,0.0032071469898338214,2.4048994595592812e-11,2.485920566309047e-10,1.8446077035342787e-07,7.644888954424229e-07,2.5644281045607416e-06,4.5354142288583436e-07,79375329.7569513
4881153.879579472,2.9109496701070026e-05,0.002910949670107003,2.649604746445176e-11,2.507445430418674e-10,2.0357542990869606e-07,8.395120360738171e-07,2.5644281045607416e-06,4.996905388335978e-07,72044590.00571227
5377825.021356706,2.642107770162968e-05,0.002642107770162968,2.919209484820824e-11,2.5291914341678433e-10,2.2463007096974016e-07,9.30103621324602e-07,2.5644281045607416e-06,5.50535457182934e-07,65390883.60304791
5925033.849337638,2.3980948694650555e-05,0.0023980948694650554,3.21624726393708e-11,2.5511585775565526e-10,2.4786920347182295e-07,1.0332871973222591e-06,2.5644281045607416e-06,6.065539890411944e-07,59351682.86817589
6527922.715295823,2.1766178760373828e-05,0.002176617876037383,3.543509472880056e-11,2.573346860584795e-10,2.734907591134432e-07,1.1372967798573142e-06,2.5644281045607416e-06,6.682725641403627e-07,53870234.88882694
7192157.21976725,1.9755954773139957e-05,0.0019755954773139957,3.904071532429749e-11,2.595756283252568e-10,3.0170929348142266e-07,1.2396256188669987e-06,2.5644281045607416e-06,7.362711779189126e-07,48895028.19023125
7923979.454084281,1.7931385811682913e-05,0.0017931385811682913,4.301321796084125e-11,2.618386845559869e-10,3.328271212357824e-07,1.3619930394256623e-06,2.5644281045607416e-06,8.111888419831705e-07,44379308.66009974
8730266.659936218,1.6275325633188836e-05,0.0016275325633188834,4.738993391843643e-11,2.6412385475066933e-10,3.6698101943853295e-07,1.5133659603895765e-06,2.5644281045607416e-06,8.937295891684447e-07,40280640.18054451
9618595.857705383,1.4772211542832237e-05,0.0014772211542832237,5.221199303987063e-11,2.66431138909304e-10,4.0452395968049747e-07,1.6774592043472385e-06,2.5644281045607416e-06,9.846690896320391e-07,36560505.83800984
10597315.050918149,1.3407918144579776e-05,0.0013407918144579777,5.752471024516584e-11,2.6876053703189076e-10,4.4596849550952034e-07,1.8349737308298043e-06,2.5644281045607416e-06,1.0848619401523355e-06,33183945.963617183
11675621.67594922,1.2169624598895899e-05,0.00121696245988959,6.337801137496296e-11,2.7111204911842936e-10,4.915890087921583e-07,1.983531861447594e-06,2.5644281045607416e-06,1.1952496951345725e-06,30119229.60243615
12863649.034204032,1.1045694139915239e-05,0.0011045694139915237,6.982690236466858e-11,2.7348567516891976e-10,5.418158220190401e-07,2.153990703650859e-06,2.5644281045607416e-06,1.3168697147940524e-06,27337556.324340027
14172561.51901903,1.0025564719853731e-05,0.001002556471985373,7.693198615839227e-11,2.7588141518336183e-10,5.971876159824009e-07,2.3729800259280146e-06,2.5644281045607416e-06,1.4508649136669015e-06,24812785.574236512
15614659.53216682,9.099649752998264e-06,0.0009099649752998264,8.476003222033028e-11,2.7829926916175545e-10,6.581082536571991e-07,2.6300811337148065e-06,2.5644281045607416e-06,1.5984945010592092e-06,22521191.018264588
17203495.0759112,8.259248026523934e-06,0.0008259248026523932,9.338460399553643e-11,2.807392371041007e-10,7.251962631173299e-07,2.905498352680073e-06,2.5644281045607416e-06,1.7611458143671197e-06,20441237.577444352
18953999.106878612,7.496461931533412e-06,0.0007496461931533412,1.0288675021658992e-10,2.832013190103972e-10,7.991771658716887e-07,3.192373708870714e-06,2.5644281045607416e-06,1.94034735647049e-06,18553379.053472333
20882621.84854504,6.804123245900443e-06,0.0006804123245900443,1.1335576655266521e-10,2.8568551488064523e-10,8.80476934199666e-07,3.5027589982597336e-06,2.5644281045607416e-06,2.1377831597181138e-06,16839874.444865085
23007487.380912412,6.175725771468357e-06,0.0006175725771468357,1.2489003475853336e-10,2.881918247148446e-10,9.701590955741937e-07,3.871532579727905e-06,2.5644281045607416e-06,2.355308611488765e-06,15284621.227298446
25348563.960120186,5.605364192566281e-06,0.000560536419256628,1.3759794720933887e-10,2.9072024851299523e-10,1.068719023803394e-06,4.292418607047201e-06,2.5644281045607416e-06,2.5949678900476764e-06,13873004.031405792
27927851.668556552,5.0876785812711815e-06,0.0005087678581271181,1.515989255093909e-10,2.932707862750973e-10,1.1773990333714446e-06,4.715599541083684e-06,2.5644281045607416e-06,2.859013174550463e-06,12591757.29599793
30769589.158896174,4.617804027908283e-06,0.0004617804027908283,1.6702454274726368e-10,2.958434380011505e-10,1.296986932244163e-06,5.14612035757717e-06,2.5644281045607416e-06,3.1499258097189692e-06,11428840.605998863
33900481.4349258,4.19132492344632e-06,0.00041913249234463203,1.8401975994351263e-10,2.98438203691155e-10,1.428633873850773e-06,5.623531396743621e-06,2.5644281045607416e-06,3.470439624082466e-06,10373325.543595325
37349950.80971001,3.804233464160136e-06,0.0003804233464160136,2.0274428831042603e-10,3.0105508334511084e-10,1.5736115505619875e-06,6.239338066301867e-06,2.5644281045607416e-06,3.823566620915521e-06,9415292.989292836
41150413.39945534,3.452891988611576e-06,0.0003452891988611576,2.2337409012553305e-10,3.036940769630178e-10,1.7330235724539613e-06,6.989393333869652e-06,2.5644281045607416e-06,4.2126252833009775e-06,8545739.907773307
45337583.75140455,3.133998793013135e-06,0.00031339987930131347,2.4610303232322294e-10,3.0635518454487584e-10,1.908128662470682e-06,7.747402987840632e-06,2.5644281045607416e-06,4.641271759312881e-06,7756494.742580994
49950810.468476236,2.8445571037271746e-06,0.00028445571037271744,2.7114470834396316e-10,3.0903840609068513e-10,2.1000754977372397e-06,8.422435719125373e-06,2.5644281045607416e-06,5.113534220379504e-06,7040140.624565574
55033445.98465368,2.581846915322287e-06,0.0002581846915322287,2.987344453617906e-10,3.1174374160044566e-10,2.31182168227513e-06,9.038553515388345e-06,2.5644281045607416e-06,5.633850715706279e-06,6389945.67243994
60633253.96606315,2.3433994295368247e-06,0.00023433994295368247,3.291315157528646e-10,3.144711910741575e-10,2.544562536299737e-06,9.745114898098554e-06,2.5644281045607416e-06,6.207110878493085e-06,5799799.730456853
66802858.16625559,2.126973854942142e-06,0.0002126973854942142,3.6262157358715346e-10,3.1722075451182036e-10,2.800714402355027e-06,1.0731412127333682e-05,2.5644281045607416e-06,6.838701875876227e-06,5264156.948702695
73600236.95377828,1.9305363492819527e-06,0.00019305363492819528,3.995193390400171e-10,3.1999243191343447e-10,3.0822847586292117e-06,1.1964764467750781e-05,2.5644281045607416e-06,7.534559034406519e-06,4777983.666410497
81089268.15931703,1.7522409066002667e-06,0.00017522409066002666,4.4017155595021426e-10,3.2278622327899967e-10,3.3922594140111216e-06,1.3244391720313986e-05,2.5644281045607416e-06,8.301221616812074e-06,4336711.108530207
89340329.36256847,1.5904120095461096e-06,0.00015904120095461095,4.849602503177602e-10,3.256021286085161e-10,3.733448842545055e-06,1.4485528102394623e-05,2.5644281045607416e-06,9.145894274203671e-06,3936192.4510257365
98430959.25999086,1.443528883831453e-06,0.00014435288838314528,5.343063203631117e-10,3.284401479019837e-10,4.107845973799124e-06,1.5723174931105454e-05,2.5644281045607416e-06,1.0076514751214972e-05,3572663.851423362
108446586.32858483,1.3102112068748596e-06,0.00013102112068748598,5.886734918849767e-10,3.313002811594025e-10,4.520875220706611e-06,1.7103085479665842e-05,2.5644281045607416e-06,1.1101828480331265e-05,3242709.0783991106
119481331.63326325,1.1892061363289738e-06,0.00011892061363289739,6.485726760869066e-10,3.3418252838077227e-10,4.974354633571435e-06,1.892234947582318e-05,2.5644281045607416e-06,1.2231470766400992e-05,2943227.408014539
131638893.32213077,1.0793765365934321e-06,0.00010793765365934321,7.145667708250112e-10,3.3708688956609333e-10,5.473340208494025e-06,2.116568209353134e-05,2.5644281045607416e-06,1.3476057333652648e-05,2671404.484908221
145033521.12164643,9.796902926728087e-07,9.796902926728088e-05,7.872759503961352e-10,3.4001336471536544e-10,6.022184628469329e-06,2.3565695892825727e-05,2.5644281045607416e-06,1.484728408612539e-05,2424685.8746133624
159791089.9894116,8.892106109574015e-07,8.892106109574015e-05,8.673834935768694e-10,3.429619538285888e-10,6.626229615485529e-06,2.5906604473075156e-05,2.5644281045607416e-06,1.63580370190042e-05,2200753.058461504
176050283.0141474,8.070872157792306e-07,8.070872157792305e-05,9.556422046819162e-10,3.459326569057634e-10,7.2904726488653735e-06,2.8141203515288562e-05,2.5644281045607416e-06,1.8022513313742462e-05,1997501.6454863378
193963894.67907894,7.32548359013537e-07,7.32548359013537e-05,1.0528814879832398e-09,3.4892547394688907e-10,8.021111262716183e-06,3.063262232150737e-05,2.5644281045607416e-06,1.985635475495444e-05,1813021.5965756504
213700266.73602933,6.64893567636704e-07,6.64893567636704e-05,1.1600151419712367e-09,3.5194040495196595e-10,8.823956285909246e-06,3.387560058748983e-05,2.5644281045607416e-06,2.1876794722851446e-05,1645579.2750295422
235444870.18374926,6.034870610862896e-07,6.034870610862896e-05,1.278049946703946e-09,3.54977449920994e-10,9.708115092594412e-06,3.7990992782946205e-05,2.5644281045607416e-06,2.4102820142572532e-05,1493601.1548463418
259402048.2169873,5.477517765633779e-07,5.4775177656337785e-05,1.4080951249431709e-09,3.5803660885397304e-10,1.0679854894278405e-05,4.256575768225964e-05,2.5644281045607416e-06,2.65553499123147e-05,1355659.0336362114
285796936.52553666,4.971639461304649e-07,4.971639461304649e-05,1.551372765987849e-09,3.6111788175090324e-10,1.1749759879005653e-05,4.687614577722218e-05,2.5644281045607416e-06,2.9257431487027922e-05,1230456.611201895
314877578.9891112,4.5124817464360445e-07,4.512481746436044e-05,1.7092293101617865e-09,3.6422126861178474e-10,1.2917431324084988e-05,5.0655238392472214e-05,2.5644281045607416e-06,3.223445746505399e-05,1116817.3076599261
346917258.65012807,4.095729722640634e-07,4.095729722640634e-05,1.8831482018803303e-09,3.6734676943661733e-10,1.4203314048730991e-05,5.433689082052893e-05,2.5644281045607416e-06,3.551440421306527e-05,1013673.2066240347
382217065.86953235,3.7174669956661413e-07,3.717466995666141e-05,2.074763830202196e-09,3.70494384225401e-10,1.5618382604868085e-05,5.871723705803084e-05,2.5644281045607416e-06,3.912809477176283e-05,920055.0195451826
421108727.79969686,3.3741388713895016e-07,3.374138871389502e-05,2.2858768878716316e-09,3.7366411297813583e-10,1.7172789696794736e-05,6.4698024014446e-05,2.5644281045607416e-06,4.310948851296819e-05,835082.9768989368
463957725.7641646,3.0625189508593035e-07,3.0625189508593035e-05,2.518471293186415e-09,3.7685595569482184e-10,1.888102188858526e-05,7.226732922690597e-05,2.5644281045607416e-06,4.7496000270140925e-05,757958.5606207759
511166729.8395283,2.7796788104663963e-07,2.7796788104663963e-05,2.7747328337134057e-09,3.8006991237545895e-10,2.0759883601768826e-05,7.99262116417916e-05,2.5644281045607416e-06,5.232885194132165e-05,687957.0000956294
563179382.9157096,2.522960482314032e-07,2.5229604823140324e-05,3.057069707054775e-09,3.833059830200474e-10,2.282636136144199e-05,8.713014609735882e-05,2.5644281045607416e-06,5.7653459868667145e-05,624420.4611831956
620484469.7949897,2.2899514761744183e-07,2.289951476174418e-05,3.3681351516948344e-09,3.865641676285868e-10,2.509619776741055e-05,9.380768743599863e-05,2.5644281045607416e-06,6.35198616349398e-05,566751.8642735488
683620510.5086261,2.0784621083021306e-07,2.0784621083021306e-05,3.710852380599363e-09,3.898444662010775e-10,2.759348520152805e-05,0.00010111299529127846,2.5644281045607416e-06,6.9983186287744e-05,514409.27327861026
753180821.0163321,1.8865049240539904e-07,1.8865049240539905e-05,4.088442051878682e-09,3.931468787375193e-10,3.0335114273028672e-05,0.00011060351770543298,2.5644281045607416e-06,7.71041724103988e-05,466900.8028305456
829819088.8461925,1.7122760209408716e-07,1.7122760209408715e-05,4.50445253466811e-09,3.9647140523791227e-10,3.335483821461074e-05,0.00012295481736342072,2.5644281045607416e-06,8.494973890798188e-05,423779.9958278322
914255516.0716082,1.5541380965964542e-07,1.554138096596454e-05,4.9627932546468225e-09,3.998180457022564e-10,3.6669791997342706e-05,0.00013814213061664134,2.5644281045607416e-06,9.359361387245787e-05,384641.6278898901
1007283587.3534485,1.410605062357441e-07,1.4106050623574409e-05,5.467771432557164e-09,4.031868001305515e-10,4.031592583576548e-05,0.00015454753370890034,2.5644281045607416e-06,0.00010311702743660432,349117.8992929423
1109777526.6495228,1.2803280778626398e-07,1.2803280778626397e-05,6.0241325609716185e-09,4.065776685227979e-10,4.432486458627997e-05,0.00017040848608888324,2.5644281045607416e-06,0.00011360947512777316,316874.9786011412
1222700512.6652236,1.1620828754321262e-07,1.1620828754321261e-05,6.6371049996846975e-09,4.099906508789953e-10,4.8728729567247264e-05,0.0001854057111272057,2.5644281045607416e-06,0.00012516955889504535,287609.86551199714
1347113730.2494135,1.0547582551083249e-07,1.0547582551083248e-05,7.312449108811586e-09,4.1342574719914404e-10,5.357673208640162e-05,0.00020096821613137527,2.5644281045607416e-06,0.00013790591371326742,261047.54343494534
1484186342.7952623,9.573456422421363e-08,9.573456422421362e-06,8.056511381317554e-09,4.1688295748324386e-10,5.8897215567923716e-05,0.00021929712453438316,2.5644281045607416e-06,0.000151938228471651,236938.3950446478
1635206479.3609757,8.689296094922551e-08,8.689296094922551e-06,8.876284083684778e-09,4.2036228173129477e-10,6.475629821163491e-05,0.0002420376423307784,2.5644281045607416e-06,0.0001673983707406643,215055.85652187536
1801593339.760958,7.886792741689784e-08,7.886792741689784e-06,9.779470965184783e-09,4.23863719943297e-10,7.118627223796747e-05,0.0002722596149404646,2.5644281045607416e-06,0.0001844316259871186,195194.28843789716
1984910531.384053,7.1584049007971e-08,7.158404900797099e-06,1.0774559653254168e-08,4.2738727211925017e-10,7.826552243673802e-05,0.0003077900825601838,2.5644281045607416e-06,0.00020319806288287531,177167.04327418038
2186880763.070584,6.497287604996312e-08,6.497287604996312e-06,1.1870901415303611e-08,4.309329382591547e-10,8.603899246016507e-05,0.0003441392061513046,2.5644281045607416e-06,0.00022387403753755753,160804.71141706445
2409402034.1327124,5.897228056677546e-08,5.897228056677545e-06,1.307879903651531e-08,4.3450071836301024e-10,9.456537150232817e-05,0.00037704043287287045,2.5644281045607416e-06,0.00024665385079117124,145953.52914428772
2654565470.6531796,5.352587243594026e-08,5.352587243594026e-06,1.440960363945359e-08,4.3809061243081707e-10,0.00010393218926262564,0.00040619030875454413,2.5644281045607416e-06,0.0002717515741409139,132473.9336425429
2924674976.6776342,4.858246946689527e-08,4.858246946689527e-06,1.5875821355343376e-08,4.417026204625749e-10,0.0001141521624582781,0.00043512199400311794,2.5644281045607416e-06,0.0002994030614611753,120239.25147695343
3222268884.9710717,4.4095616420387405e-08,4.40956164203874e-06,1.749123084945134e-08,4.453367424582839e-10,0.0001253750585241,0.0004692246769582588,2.5644281045607416e-06,0.00032986816542170756,109134.50818746681
3550143810.799645,4.002314844902846e-08,4.0023148449028455e-06,1.9271012805005245e-08,4.489929784179441e-10,0.000137654029062323,0.0005177721214005413,2.5644281045607416e-06,0.0003634331794325793,99055.34782544087
3911380932.9019213,3.632679485646935e-08,3.632679485646935e-06,2.1231892582466487e-08,4.5267132834155527e-10,0.0001510785076382912,0.0005787316129379303,2.5644281045607416e-06,0.0003632679485646935,89907.05227685193
4309374948.622941,3.29718194515513e-08,3.2971819451551303e-06,2.3392297394785256e-08,4.563717922291177e-10,0.00016573216388208575,0.0006456448103218202,2.5644281045607416e-06,0.0003297181945155131,81603.65115629308
4747865975.31451,2.99266941176918e-08,2.9926694117691803e-06,2.57725294756794e-08,4.600943700806314e-10,0.0001816791344796665,0.0007090720805535772,2.5644281045607416e-06,0.00029926694117691805,74067.11390706434
5230974697.7929125,2.716280252989648e-08,2.716280252989648e-06,2.8394956868273962e-08,4.638390618960963e-10,0.0001990648542211321,0.0007654936671494212,2.5644281045607416e-06,0.0002716280252989648,67226.61651517259
5763241092.1491995,2.465417123510394e-08,2.4654171235103938e-06,3.128422362702072e-08,4.676058676755122e-10,0.00021789764114544448,0.0008185190349158495,2.5644281045607416e-06,0.0002465417123510394,61017.87594625082
6349667089.816237,2.237722556871023e-08,2.2377225568710233e-06,3.446748140825523e-08,4.713947874188792e-10,0.0002382943958815663,0.0008769150349594279,2.5644281045607416e-06,0.00022377225568710233,55382.54605081543
6995763582.824563,2.0310568113518972e-08,2.031056811351897e-06,3.797464462574413e-08,4.752058211261974e-10,0.00026034787058755964,0.0009548004783118682,2.5644281045607416e-06,0.0002031056811351897,50267.66926093159
7707602211.975292,1.843477761920198e-08,1.843477761920198e-06,4.1838671569027654e-08,4.790389687974668e-10,0.00028409740614316286,0.001057059031746674,2.5644281045607416e-06,0.0001843477761920198,45625.17892564825
8491872424.605372,1.6732226492632076e-08,1.6732226492632077e-06,4.6095874126344405e-08,4.828942304326873e-10,0.0003096555161267625,0.0011830543395805963,2.5644281045607416e-06,0.00016732226492632078,41411.4476084392
9355944338.14098,1.518691514396788e-08,1.518691514396788e-06,5.0786259022735247e-08,4.86771606031859e-10,0.00033709393231370536,0.0013196995427065088,2.5644281045607416e-06,0.0001518691514396788,37586.87710181158
10307938000.194365,1.3784321631771029e-08,1.378432163177103e-06,5.595390378008448e-08,4.906710955949819e-10,0.00036638073827488754,0.0014559918697032046,2.5644281045607416e-06,0.00013784321631771031,34115.526306276195
11356799696.070377,1.2511265194207691e-08,1.2511265194207693e-06,6.164737093215272e-08,4.945926991220558e-10,0.00039775339046086604,0.0015966671105575392,2.5644281045607416e-06,0.00012511265194207693,30964.77347670179
12512386020.776596,1.1355782383879406e-08,1.1355782383879405e-06,6.792016438715547e-08,4.985364166130809e-10,0.000431112447116949,0.0017476240843013334,2.5644281045607416e-06,0.00011355782383879406,28105.009662039556
13785556505.5971,1.0307014642270293e-08,1.0307014642270293e-06,7.483123222651834e-08,5.025022480680571e-10,0.0004665899822305878,0.00191023500364527,2.5644281045607416e-06,0.00010307014642270296,25509.360457542396
15188275669.680408,9.35510625730061e-09,9.35510625730061e-07,8.244552066481884e-08,5.064901934869845e-10,0.0005043078058583915,0.0021072313497429206,2.5644281045607416e-06,9.35510625730061e-05,23153.433454667775
16733725455.664097,8.491111745050133e-09,8.491111745050133e-07,9.08345843767128e-08,5.105002528698631e-10,0.0005441613413852789,0.0023355263696117775,2.5644281045607416e-06,8.491111745050132e-05,21015.08901534317
18436429105.940273,7.706911785279104e-09,7.706911785279105e-07,1.0007725892634197e-07,5.145324262166928e-10,0.000586350532096508,0.0025982971276213547,2.5644281045607416e-06,7.706911785279106e-05,19074.23221646478
20312387643.679817,6.99513692075704e-09,6.99513692075704e-07,1.1026040161832626e-07,5.185867135274737e-10,0.0006308877871802575,0.002877332471279801,2.5644281045607416e-06,6.995136920757041e-05,17312.624009443512
22379230241.18472,6.349098303370058e-09,6.349098303370059e-07,1.2147970773242864e-07,5.226631148022057e-10,0.0006777777588880497,0.003188681128645377,2.5644281045607416e-06,6.349098303370059e-05,15713.709820185424
24656379888.643436,5.762724836198624e-09,5.762724836198623e-07,1.3384060981239422e-07,5.26761630040889e-10,0.000727306531939698,0.0035450509826925472,2.5644281045607416e-06,5.7627248361986246e-05,14262.463978788202
27165235920.148323,5.230506120863389e-09,5.230506120863388e-07,1.4745926845995902e-07,5.308822592435231e-10,0.0007792869177422227,0.003942200422258533,2.5644281045607416e-06,5.2305061208633886e-05,12945.2485169941
29929375112.24878,4.747440673991334e-09,4.7474406739913337e-07,1.6246366394493703e-07,5.350250024101087e-10,0.0008338653945077659,0.004353908784858843,2.5644281045607416e-06,4.7474406739913336e-05,11749.685006459611
32974773244.848213,4.308988926170486e-09,4.3089889261704866e-07,1.7899479888970528e-07,5.391898595406454e-10,0.0008915290457526162,0.004773092113458347,2.5644281045607416e-06,4.308988926170487e-05,10664.538233452035
36330049206.54543,3.911030561704673e-09,3.911030561704673e-07,1.9720802333021869e-07,5.43376830635133e-10,0.000952060706249695,0.005183466588498535,2.5644281045607416e-06,3.9110305617046735e-05,9679.610616815176
40026733938.381966,3.549825798271902e-09,3.549825798271902e-07,2.172744946057142e-07,5.475859156935718e-10,0.001015536613934563,0.005631174329612393,2.5644281045607416e-06,3.549825798271902e-05,8785.64637700516
44099566743.37146,3.2219802426152137e-09,3.2219802426152136e-07,2.393827857962953e-07,5.518171147159619e-10,0.0010827736269946825,0.006087234637582318,2.5644281045607416e-06,3.221980242615214e-05,7974.244555632795
48586821746.35832,2.9244129919999053e-09,2.9244129919999056e-07,2.637406578235713e-07,5.560704277023033e-10,0.0011536527098067024,0.006662343396092527,2.5644281045607416e-06,2.9244129919999055e-05,7237.780068120068
53530667572.08507,2.6543276816732465e-09,2.6543276816732463e-07,2.905770118675198e-07,5.603458546525955e-10,0.001228631363989595,0.007320097158647978,2.5644281045607416e-06,2.6543276816732466e-05,6569.332047569632
58977563621.51554,2.409186206247402e-09,2.409186206247402e-07,3.201440404472617e-07,5.646433955668391e-10,0.001308410641392945,0.008022129755292644,2.5644281045607416e-06,2.4091862062474018e-05,5962.6188064643275
64978696670.38832,2.186684868054382e-09,2.186684868054382e-07,3.527195973803537e-07,5.689630504450337e-10,0.0013929286926226332,0.008681969692107374,2.5644281045607416e-06,2.1866848680543824e-05,5411.938805004557
71590461892.90251,1.9847327283290013e-09,1.984732728329001e-07,3.8860980889211207e-07,5.733048192871795e-10,0.0014830167361632432,0.00927448577099399,2.5644281045607416e-06,1.9847327283290013e-05,4912.117071337943
78874992830.9157,1.8014319577768796e-09,1.8014319577768794e-07,4.281519504126522e-07,5.776687020932765e-10,0.0015795824358975099,0.009814912488067967,2.5644281045607416e-06,1.8014319577768797e-05,4458.4565701698375
86900745289.00018,1.635060001873415e-09,1.635060001873415e-07,4.7171761609612524e-07,5.820546988633246e-10,0.0016827050840082741,0.010355472645768464,2.5644281045607416e-06,1.635060001873415e-05,4046.694062744797
95743140642.46387,1.4840533932935886e-09,1.4840533932935886e-07,5.197162108474561e-07,5.86462809597324e-10,0.001793258188729349,0.010911060192689172,2.5644281045607416e-06,1.4840533932935886e-05,3672.9600433968517
105485274603.77194,1.3469930593511772e-09,1.346993059351177e-07,5.72598797672624e-07,5.908930342952744e-10,0.0019125273053655063,0.011594863461646399,2.5644281045607416e-06,1.3469930593511771e-05,3333.7423761754158
116218698107.94592,1.222590986375188e-09,1.2225909863751879e-07,6.30862336507658e-07,5.953453729571757e-10,0.00204097159016061,0.012342480017337593,2.5644281045607416e-06,1.2225909863751879e-05,3025.853289824899
128044277655.25256,1.1096781157030109e-09,1.1096781157030108e-07,6.950543543604289e-07,5.998198255830286e-10,0.0021795095527404143,0.013143241662046652,2.5644281045607416e-06,1.1096781157030108e-05,2746.3994209558437
141073143196.17606,1.0071933575439415e-09,1.0071933575439415e-07,7.657780906524733e-07,6.043163921728323e-10,0.002330137830517954,0.01381141421659937,2.5644281045607416e-06,1.0071933575439415e-05,2492.7546238909285
155427732466.3592,9.141736194715916e-10,9.141736194715917e-08,8.436981661138618e-07,6.088350727265874e-10,0.0024930138735230222,0.014329309886028008,2.5644281045607416e-06,9.141736194715916e-06,2262.5352916681613
171242941585.5598,8.297447558388325e-10,8.297447558388325e-08,9.295468285040492e-07,6.133758672442935e-10,0.0026695253851737022,0.014745653650808044,2.5644281045607416e-06,8.297447558388325e-06,2053.5779562826024
188667392733.29102,7.531133530630589e-10,7.53113353063059e-08,1.0241308338524076e-06,6.179387757259508e-10,0.00286327821527476,0.015103540190985774,2.5644281045607416e-06,7.53113353063059e-06,1863.9189576665156
207864830814.022,6.835592735846728e-10,6.835592735846727e-08,1.128339027884337e-06,6.225237981715592e-10,0.0030737239360418174,0.015471972091883312,2.5644281045607416e-06,6.835592735846728e-06,1691.7759903488823
229015662236.9959,6.204288884311969e-10,6.204288884311968e-08,1.2431506988788226e-06,6.271309345811189e-10,0.0033025779682751707,0.015907790401396962,2.5644281045607416e-06,6.204288884311969e-06,1535.5313543803843
252318650271.2211,5.631289347905965e-10,5.631289347905966e-08,1.3696447804527423e-06,6.317601849546297e-10,0.0035540780762843994,0.016384778939470226,2.5644281045607416e-06,5.631289347905966e-06,1393.7167531258176
277992782907.60596,5.111209408708223e-10,5.1112094087082225e-08,1.5090099907543876e-06,6.364115492920918e-10,0.0038295160649226183,0.01685357562429044,2.5644281045607416e-06,5.1112094087082226e-06,1264.9994950623354
306279330781.3193,4.639161656536442e-10,4.639161656536442e-08,1.6625560033484352e-06,6.410850275935047e-10,0.00412996757835299,0.017146152378198776,2.5644281045607416e-06,4.639161656536442e-06,1148.1699699160488
337444114493.54297,4.210710059895049e-10,4.210710059895049e-08,1.8317257547699153e-06,6.457806198588691e-10,0.0044597928222597245,0.017180316544897913,2.5644281045607416e-06,4.210710059895049e-06,1042.1302814449411
371780002639.58997,3.8218282787193463e-10,3.821828278719346e-08,2.018109004406402e-06,6.504983260881841e-10,0.004821730675283612,0.016915314058855577,2.5644281045607416e-06,3.821828278719346e-06,945.8839300455895
409609664018.4221,3.468861827162443e-10,3.4688618271624426e-08,2.223457274136434e-06,6.552381462814506e-10,0.00521734087797626,0.01648777897168888,2.5644281045607416e-06,3.4688618271624428e-06,858.5264482267661
451288599887.2127,3.1484937308530463e-10,3.1484937308530464e-08,2.4497003081180746e-06,6.600000804386684e-10,0.005650559410798262,0.015958164246128424,2.5644281045607416e-06,3.1484937308530464e-06,779.2369009476041
497208484756.3582,2.8577133558905303e-10,2.8577133558905304e-08,2.6989642074073676e-06,6.647841285598372e-10,0.006127295158335705,0.015448758457046059,2.5644281045607416e-06,2.8577133558905307e-06,707.2701709453239
547800847119.77844,2.5937881166504624e-10,2.5937881166504624e-08,2.9735914098252132e-06,6.695902906449572e-10,0.006646929694326603,0.014999798762668952,2.5644281045607416e-06,2.5937881166504626e-06,641.9499565545636
603541124709.8776,2.3542377965268815e-10,2.3542377965268815e-08,3.276162702831904e-06,6.744185666940282e-10,0.007212933654577536,0.014578632767160829,2.5644281045607416e-06,2.3542377965268813e-06,582.6624162158598
664953132386.1162,2.136811240292467e-10,2.1368112402924672e-08,3.6095214762736216e-06,6.792689567070505e-10,0.007833965730822387,0.014052097399560955,2.5644281045607416e-06,2.136811240292467e-06,528.8503999480331
732613984643.8054,1.9394651990449853e-10,1.9394651990449853e-08,3.976800442914075e-06,6.841414606840242e-10,0.00851042399389287,0.01339120641548494,2.5644281045607416e-06,1.9394651990449854e-06,480.00821357521755
807159519002.0353,1.760345128936967e-10,1.760345128936967e-08,4.3814510778554895e-06,6.890360786249486e-10,0.009244510748171269,0.012610778550554364,2.5644281045607416e-06,1.760345128936967e-06,435.6768665057498
889290271236.5731,1.597767763246281e-10,1.597767763246281e-08,4.827276053503445e-06,6.939528105298243e-10,0.010041681025473955,0.01169475419469751,2.5644281045607416e-06,1.5977677632462812e-06,395.4397584043113
979778058609.5328,1.4502052940099524e-10,1.4502052940099524e-08,5.318464974880723e-06,6.98891656398651e-10,0.01090564417712222,0.010754420633066367,2.5644281045607416e-06,1.4502052940099525e-06,358.9187642231545
1079473232961.1716,1.3162710145694244e-10,1.3162710145694245e-08,5.859633751109796e-06,7.038526162314289e-10,0.011843511737031256,0.009819531912037055,2.5644281045607416e-06,1.3162710145694243e-06,325.77068080181294
1189312671824.2192,1.1947062881041467e-10,1.1947062881041467e-08,6.455867973054626e-06,7.088356900281582e-10,0.012849014428139231,0.008981671549397795,2.5644281045607416e-06,1.1947062881041466e-06,295.6840016424802
1310328582656.517,1.0843687196914334e-10,1.0843687196914334e-08,7.11277070475926e-06,7.138408777888385e-10,0.013943005897157872,0.008220427540138608,2.5644281045607416e-06,1.0843687196914335e-06,268.3759895522919
1443658202929.167,9.842214207403034e-11,9.842214207403033e-09,7.836515137800127e-06,7.1886817951347e-10,0.015114856037981782,0.007552501525443666,2.5644281045607416e-06,9.842214207403034e-07,243.5900196428622
1590554487225.8972,8.933232649127969e-11,8.933232649127968e-09,8.633902603366584e-06,7.239175952020525e-10,0.016374828300951563,0.0069179847014965365,2.5644281045607416e-06,8.933232649127969e-07,221.09316771815227
1752397881784.8777,8.108200439634881e-11,8.108200439634882e-09,9.512426487234016e-06,7.289891248545863e-10,0.017731579698559805,0.006298757992842656,2.5644281045607416e-06,8.108200439634881e-07,200.67402138772064
1930709297133.2993,7.359364403849132e-11,7.359364403849132e-09,1.0480342648265265e-05,7.340827684710715e-10,0.019174782020041636,0.005690078625310361,2.5644281045607416e-06,7.359364403849132e-07,182.14069333546885
2127164400724.0125,6.679687414224872e-11,6.6796874142248725e-09,1.1546747002192697e-05,7.391985260515072e-10,0.02073588374039616,0.005112721797905091,2.5644281045607416e-06,6.679687414224873e-07,165.31901807373325
2343609363888.1675,6.062782259894314e-11,6.062782259894314e-09,1.2721660999768422e-05,7.443363975958945e-10,0.02239656466864067,0.004561321391089789,2.5644281045607416e-06,6.062782259894315e-07,150.05091523686002
2582078211084.6016,5.502851623357674e-11,5.502851623357674e-09,1.401612580255685e-05,7.494963831042329e-10,0.024172675096413136,0.004058657831708602,2.5644281045607416e-06,5.502851623357675e-07,136.19290403344516
2844811934484.1484,4.9946336006495524e-11,4.994633600649552e-09,1.544230604137904e-05,7.546784825765224e-10,0.026075298074567748,0.00359935798445608,2.5644281045607416e-06,4.994633600649553e-07,123.61475489692145
3134279553516.6943,4.53335225301169e-11,4.53335225301169e-09,1.7013604132470766e-05,7.598826960127632e-10,0.028088551984564097,0.0031857000328333546,2.5644281045607416e-06,4.53335225301169e-07,112.1982656634849
3453201317286.412,4.114672725385413e-11,4.114672725385413e-09,1.874478622563131e-05,7.651090234129546e-10,0.03025824636494908,0.0028129014048413575,2.5644281045607416e-06,4.1146727253854135e-07,101.83615077658905
3804574267898.0737,3.734660509953289e-11,3.734660509953288e-09,2.065212096795112e-05,7.703574647770977e-10,0.03255549928592001,0.0024838391750921984,2.5644281045607416e-06,3.7346605099532887e-07,92.43103307939317
4191700404923.5938,3.3897444719125575e-11,3.3897444719125576e-09,2.275353238713828e-05,7.756280201051916e-10,0.03500257742216331,0.0021858478404307275,2.5644281045607416e-06,3.3897444719125576e-07,83.89452872061953
4618217715682.493,3.076683290017557e-11,3.0766832900175566e-09,2.5068768331154814e-05,7.809206893972371e-10,0.03761314965710474,0.0019190681078306371,2.5644281045607416e-06,3.0766832900175566e-07,76.14641657428346
5088134362940.568,2.7925349965191837e-11,2.792534996519184e-09,2.7619586047059047e-05,7.862354726532334e-10,0.040364417797140555,0.0016742880604237202,2.5644281045607416e-06,2.792534996519184e-07,69.11388436799471
5605866351303.152,2.534629330255148e-11,2.534629330255148e-09,3.042995664301778e-05,7.91572369873181e-10,0.04331667151620201,0.0014560075702368899,2.5644281045607416e-06,2.5346293302551485e-07,62.730844435373854
6176279026269.886,2.300542643081439e-11,2.300542643081439e-09,3.352629035490345e-05,7.969313810570794e-10,0.04643045875856505,0.0012599186522910097,2.5644281045607416e-06,2.300542643081439e-07,56.93731266242316
6804732795935.053,2.088075123830181e-11,2.088075123830181e-09,3.693768473440137e-05,8.023125062049295e-10,0.04973286981738072,0.0010893489174746726,2.5644281045607416e-06,2.0880751238301808e-07,51.6788447915496
7497133504999.561,1.8952301257578062e-11,1.895230125757806e-09,4.069619809095505e-05,8.077157453167305e-10,0.053239863344386656,0.0009398662977344741,2.5644281045607416e-06,1.895230125757806e-07,46.906024785951246
8259987934480.462,1.7201954032148458e-11,1.7201954032148458e-09,4.483715075719933e-05,8.131410983924827e-10,0.05692257919994263,0.0008105312018625024,2.5644281045607416e-06,1.720195403214846e-07,42.57400044631104
9100464948671.975,1.5613260812104835e-11,1.5613260812104836e-09,4.9399457008998454e-05,8.185885654321859e-10,0.06084947270565385,0.0006866553344158867,2.5644281045607416e-06,1.5613260812104839e-07,38.64206191579393
10026462863981.904,1.4171291978296428e-11,1.4171291978296427e-09,5.4425990759282336e-05,8.240581464358402e-10,0.06497453560900712,0.0005879431783708364,2.5644281045607416e-06,1.417129197829643e-07,35.07325911238019
11046683672736.834,1.2862496742412041e-11,1.286249674241204e-09,5.996398846226008e-05,8.295498414034458e-10,0.06932409345588049,0.0005029508749748657,2.5644281045607416e-06,1.2862496742412042e-07,31.83405449338538
12170714819468.053,1.1674575804516637e-11,1.1674575804516638e-09,6.606549301426948e-05,8.350636503350026e-10,0.07391283831121769,0.0004304106809653507,2.5644281045607416e-06,1.1674575804516638e-07,28.8940078890506
13409119298164.941,1.0596365771350753e-11,1.0596365771350752e-09,7.27878428227884e-05,8.405995732305104e-10,0.07870763032086119,0.00036795014734839973,2.5644281045607416e-06,1.0596365771350753e-07,26.225490443449203
14773534917177.396,9.617734249223331e-12,9.61773424922333e-10,8.019421063959401e-05,8.461576100899695e-10,0.0837709331927755,0.0003142971007713055,2.5644281045607416e-06,9.61773424922333e-08,23.803424974493684
16276783664601.186,8.72948462564181e-12,8.729484625641809e-10,8.835419722171132e-05,8.5173776091338e-10,0.0890566719885238,0.000268007058320112,2.5644281045607416e-06,8.72948462564181e-08,21.605050313096445
17932992201899.223,7.923269644871967e-12,7.923269644871966e-10,9.734448539903463e-05,8.573400257007412e-10,0.09458323352751927,0.000225697540137618,2.5644281045607416e-06,7.923269644871968e-08,19.60970740687947
19757724618087.676,7.191512965260992e-12,7.191512965260991e-10,0.000107249560695169,8.629644044520538e-10,0.10036060681237596,0.0001918420691066263,2.5644281045607416e-06,7.191512965260991e-08,17.798645178360204
21768128692034.184,6.527337961164726e-12,6.527337961164726e-10,0.00011816250527347083,8.686108971673173e-10,0.10635853096920612,0.00016298269296138545,2.5644281045607416e-06,6.527337961164727e-08,16.15484431318074
23983097037356.39,5.924503100400909e-12,5.92450310040091e-10,0.00013018587266933166,8.742795038465323e-10,0.11262260736278505,0.00013820258652783005,2.5644281045607416e-06,5.924503100400909e-08,14.662857322444367
26423444644267.324,5.377343289943098e-12,5.377343289943098e-10,0.00014343265152893278,8.79970224489698e-10,0.11912106382910065,0.0001170473099490457,2.5644281045607416e-06,5.3773432899430994e-08,13.308663376157854
29112104486803.24,4.880716638656042e-12,4.880716638656042e-10,0.00015802732741113104,8.856830590968153e-10,0.12586617857520654,9.89806586478049e-05,2.5644281045607416e-06,4.880716638656043e-08,12.079536543588103
32074343033636.855,4.429956136779606e-12,4.4299561367796063e-10,0.00017410705263067155,8.914180076678833e-10,0.13286911411663854,8.36936936850577e-05,2.5644281045607416e-06,4.429956136779607e-08,10.963926202332592
35337997687723.34,4.0208257980727665e-12,4.020825798072766e-10,0.00019182293513624513,8.971750702029026e-10,0.14011599809112768,6.748466006702729e-05,2.5644281045607416e-06,4.020825798072766e-08,9.951348492256656
38933738386096.734,3.649480852467368e-12,3.6494808524673683e-10,0.00021134145853550542,9.029542467018732e-10,0.14763965159644507,5.712506681943408e-05,2.5644281045607416e-06,3.649480852467368e-08,9.03228779424565
42895355818183.07,3.312431615144771e-12,3.3124316151447707e-10,0.00023284604661163516,9.08755537164795e-10,0.15543583420744844,4.834790548698348e-05,2.5644281045607416e-06,3.312431615144771e-08,8.198107307925119
47260078971137.26,3.0065106924982064e-12,3.0065106924982065e-10,0.00025653878703387097,9.145789415916678e-10,0.16352048636501942,4.091367509935659e-05,2.5644281045607416e-06,3.0065106924982066e-08,7.440967888010972
52068924986311.836,2.7288432168013195e-12,2.72884321680132e-10,0.00028264233046042703,9.204244599824918e-10,0.17191443125725248,3.4594493560588254e-05,2.5644281045607416e-06,2.7288432168013202e-08,6.753754376560327
57367084614605.56,2.4768198298656168e-12,2.476819829865617e-10,0.0003114019828804829,9.262920923372668e-10,0.1806243618687636,2.921789590596711e-05,2.5644281045607416e-06,2.476819829865617e-08,6.130008738836324
63204346892978.15,2.2480721618028368e-12,2.2480721618028367e-10,0.0003430880108578551,9.321818386559931e-10,0.18968110526438062,2.4654563526456484e-05,2.5644281045607416e-06,2.2480721618028367e-08,5.563869374436391
69635567032996.01,2.0404505744558248e-12,2.040450574455825e-10,0.0003779981813397027,9.380936989386706e-10,0.19910135170165863,1.9097654952647154e-05,2.5644281045607416e-06,2.0404505744558247e-08,5.050016033365027
76721181918353.25,1.8520039603436234e-12,1.8520039603436234e-10,0.0004164605598979107,9.440276731852993e-10,0.20890726707977295,1.6098056997540437e-05,2.5644281045607416e-06,1.8520039603436233e-08,4.583619819404407
84527778055716.42,1.680961407282901e-12,1.680961407282901e-10,0.0004588365936994103,9.499837613958793e-10,0.21912651366993235,1.3558341529225898e-05,2.5644281045607416e-06,1.680961407282901e-08,4.160297810943262
93128717316165.83,1.5257155563804735e-12,1.5257155563804736e-10,0.000505524508177404,9.559619635704098e-10,0.22977682180805037,1.1410390395268268e-05,2.5644281045607416e-06,1.5257155563804736e-08,3.7760718728169533
102604826347588.62,1.38480749700497e-12,1.38480749700497e-10,0.0005569630493234434,9.619622797088919e-10,0.24088934170137244,9.595520317482426e-06,2.5644281045607416e-06,1.38480749700497e-08,3.427331272096242
113045156136724.62,1.256913056789296e-12,1.256913056789296e-10,0.0006136356067682641,9.67984709811325e-10,0.25248923107464516,8.064829801371079e-06,2.5644281045607416e-06,1.256913056789296e-08,3.1107987465095106
124547818858783.98,1.1408303578253533e-12,1.1408303578253532e-10,0.0006760747563976795,9.740292538777094e-10,0.2646027272438487,6.775493867845742e-06,2.5644281045607416e-06,1.1408303578253534e-08,2.8234997066292933
137220909878871.6,1.0354685221112326e-12,1.0354685221112326e-10,0.0007448672651924419,9.800959119080446e-10,0.27726154604388564,5.69110859998503e-06,2.5644281045607416e-06,1.0354685221112327e-08,2.5627342824028414
151183523569649.6,9.398374201112896e-13,9.398374201112895e-11,0.0008206596053246343,9.861846839023314e-10,0.29048982205832574,4.106423510324568e-06,2.5644281045607416e-06,9.398374201112896e-09,2.326051951336393
166566872491304.22,8.530383660919828e-13,8.530383660919828e-11,0.0009041640293288824,9.922955698605693e-10,0.3043209508210415,3.452115409080792e-06,2.5644281045607416e-06,8.53038366091983e-09,2.1112285099034547
183515520451226.03,7.742556727936116e-13,7.742556727936117e-11,0.0009961652634393422,9.984285697827583e-10,0.31878598639952677,2.9011137491974797e-06,2.5644281045607416e-06,7.742556727936117e-09,1.9162451717676807
202188741030978.78,7.02748986073678e-13,7.027489860736781e-11,0.0010975278819925463,1.0045836836688983e-09,0.33391577497328323,2.4370518949551657e-06,2.5644281045607416e-06,7.027489860736781e-09,1.739269596397628
222762014347212.34,6.378463274872604e-13,6.378463274872604e-11,0.0012092044321964967,1.0107609115189899e-09,0.3497472567260173,2.0465560327276714e-06,2.5644281045607416e-06,6.378463274872604e-09,1.5786386697912154
245428676112210.38,5.789377794226091e-13,5.78937779422609e-11,0.0013322443856178799,1.0169602533330319e-09,0.3663115652587289,1.7180591522047996e-06,2.5644281045607416e-06,5.78937779422609e-09,1.4328428754931437
270401734490986.25,5.254697534485315e-13,5.254697534485314e-11,0.0014678040005082786,1.0231817091110258e-09,0.3836469128783119,1.4417712835289863e-06,2.5644281045607416e-06,5.254697534485315e-09,1.3005121090331522
297915871828703.56,4.769397880107975e-13,4.7693978801079757e-11,0.0016171571876498422,1.0294252788529698e-09,0.40179145396615584,1.2096243828601401e-06,2.5644281045607416e-06,4.769397880107976e-09,1.1804028024773845
328229650059494.6,4.328918265893379e-13,4.328918265893379e-11,0.0017817074818313287,1.0356909625588658e-09,0.42078306209123717,8.705077607669146e-07,2.5644281045607416e-06,4.3289182658933795e-09,1.0713862380968728
361627940521826.06,3.9291193194309626e-13,3.929119319430963e-11,0.001963001231455489,1.0419787602287128e-09,0.44066554756754445,7.315406545676196e-07,2.5644281045607416e-06,3.929119319430963e-09,0.9724379413317773
398424601014421.56,3.566243961674714e-13,3.566243961674714e-11,0.002162742130226155,1.0482886718625109e-09,0.4614791897908025,6.145544953544702e-07,2.5644281045607416e-06,3.5662439616747137e-09,0.8826280533725528
438965425250154.3,3.236882100089359e-13,3.2368821000893586e-11,0.0023828072274753565,1.0546206974602605e-09,0.483269831676107,5.160618075140363e-07,2.5644281045607416e-06,3.2368821000893594e-09,0.8011125928851758
483631392425173.5,2.937938582574897e-13,2.937938582574897e-11,0.002625264567586279,1.060974837021961e-09,0.5060845467746667,4.332576466363808e-07,2.5644281045607416e-06,2.937938582574897e-09,0.7271255247631659
532842247440830.6,2.6666041110190294e-13,2.6666041110190296e-11,0.002892392624277137,1.0673510905476123e-09,0.5299712223946694,3.6361761944523436e-07,2.5644281045607416e-06,2.66660411101903e-09,0.6599715613731343
587060445423263.4,2.420328841139861e-13,2.4203288411398613e-11,0.003186701712378115,1.0737494580372152e-09,0.5549826452409868,3.0505648716861225e-07,2.5644281045607416e-06,2.4203288411398614e-09,0.5990196286441201
646795497608944.1,2.196798420525507e-13,2.196798420525507e-11,0.003510957578316858,1.080169939490769e-09,0.5811706146590577,2.5586114724186125e-07,2.5644281045607416e-06,2.196798420525507e-09,0.543696935598817
712608759436314.5,1.9939122396899492e-13,1.993912239689949e-11,0.0038682073910022616,1.086612534908274e-09,0.6085917236268038,1.8328876000792142e-07,2.5644281045607416e-06,1.993912239689949e-09,0.4934835915955685
785118705839211.5,1.8097636917611886e-13,1.8097636917611884e-11,0.004261808377353777,1.0930772442897301e-09,0.6373045614307709,1.5400302089553561e-07,2.5644281045607416e-06,1.8097636917611886e-09,0.44790772069709595
865006743316248.4,1.6426222552936345e-13,1.6426222552936346e-11,0.004695459371576446,1.0995640676351376e-09,0.6673698802271149,1.293430026925578e-07,2.5644281045607416e-06,1.6426222552936345e-09,0.40654102725361874
953023613394602.6,1.490917231829405e-13,1.490917231829405e-11,0.005173235574663384,1.106073004944496e-09,0.6988525196898051,1.0859661026751686e-07,2.5644281045607416e-06,1.490917231829405e-09,0.3689947710282899
1049996447664279.2,1.3532229853835115e-13,1.3532229853835115e-11,0.0056996268507755665,1.1126040562178055e-09,0.7318185181386466,9.114387479708104e-08,2.5644281045607416e-06,1.3532229853835115e-09,0.3349161140414955
1156836540681930.5,1.2282455451422374e-13,1.2282455451422375e-11,0.0062795799203858235,1.1191572214550662e-09,0.7663384610027109,7.647307941903597e-08,2.5644281045607416e-06,1.2282455451422375e-09,0.30398480480379575
1274547913789541.2,1.1148104454745195e-13,1.1148104454745195e-11,0.006918544846694139,1.1257325006562782e-09,0.8024857969025152,6.414798673167987e-08,2.5644281045607416e-06,1.1148104454745194e-09,0.2759101687778233
1404236750325747.8,1.0118516889838766e-13,1.0118516889838766e-11,0.0076225262521664216,1.1323298938214415e-09,0.8403372925336248,5.3792745703375927e-08,2.5644281045607416e-06,1.0118516889838767e-09,0.25042837678726076
1547121790896452.0,9.184017288820131e-14,9.18401728882013e-12,0.008398139746500199,1.1389494009505555e-09,0.8799737681955135,4.509872391931667e-08,2.5644281045607416e-06,9.184017288820132e-10,0.22729996570297895
1704545786393496.2,8.335823765442264e-14,8.335823765442265e-12,0.009252674096294692,1.145591022043621e-09,0.9214791102950539,3.219457039098755e-08,2.5644281045607416e-06,8.335823765442264e-10,0.2063075881071778
1877988116390173.2,7.565965488011289e-14,7.565965488011289e-12,0.0101941597206596,1.1522547571006376e-09,0.9649418102213446,2.703926691132942e-08,2.5644281045607416e-06,7.56596548801129e-10,0.18725396978818445
2069078691494026.5,6.867207774124622e-14,6.867207774124622e-12,0.011231444156444951,1.1589406061216053e-09,1.010454156904411,2.269996144668777e-08,2.5644281045607416e-06,6.867207774124622e-10,0.16996005587161603
2279613270303138.0,6.232984103314123e-14,6.232984103314123e-12,0.012374275202270362,1.1656485691065242e-09,1.0581128964597817,1.905070797989729e-08,2.5644281045607416e-06,6.232984103314122e-10,0.15426332816633054
2511570334905832.0,5.657334408688228e-14,5.6573344086882275e-12,0.013633392522693251,1.172378646055394e-09,1.1080193667776457,1.598221294212382e-08,2.5644281045607416e-06,5.657334408688228e-10,0.14001627791255147
2767129683509943.5,5.134849067673746e-14,5.134849067673746e-12,0.015020628573358851,1.1791308369682154e-09,1.1602794930479583,1.3404354792812118e-08,2.5644281045607416e-06,5.134849067673746e-10,0.1270850195799402
3048692914924437.5,4.66061806551466e-14,4.66061806551466e-12,0.0165490197955683,1.1859051418449874e-09,1.2150044531644613,1.1239523077134106e-08,2.5644281045607416e-06,4.66061806551466e-10,0.11534803268889117
3358905997394718.0,4.2301848537959096e-14,4.23018485379591e-12,0.018232929125207086,1.1927015606857108e-09,1.2723104149072688,9.421711284271265e-09,2.5644281045607416e-06,4.23018485379591e-10,0.10469501983141384
3700684133880319.0,3.839504470381502e-14,3.839504470381501e-12,0.020088180967301143,1.1995200934903856e-09,1.3323192051651591,7.895928393584138e-09,2.5644281045607416e-06,3.839504470381502e-10,0.09502587015994912
4077239157444699.5,3.484905527201981e-14,3.484905527201981e-12,0.022132209904614453,1.2063607402590113e-09,1.395158275740498,5.611343321761207e-09,2.5644281045607416e-06,3.484905527201981e-10,0.08624971860357804
4492109714202875.5,3.1630557086749e-14,3.1630557086749004e-12,0.024384224537764104,1.213223500991588e-09,1.4609611142528824,4.71164507769718e-09,2.5644281045607416e-06,3.1630557086749003e-10,0.07828409197069158
4949194517469187.0,2.870930456531979e-14,2.870930456531979e-12,0.02686538799652955,1.2201083756881166e-09,1.52986759197032,3.954584532398235e-09,2.5644281045607416e-06,2.8709304565319786e-10,0.07105413391367767
5452788985607715.0,2.6057845467716746e-14,2.6057845467716744e-12,0.029599016818693084,1.2270153643485954e-09,1.6020240080569161,3.3179456727863704e-09,2.5644281045607416e-06,2.6057845467716747e-10,0.06449190147230724
6007625607887603.0,2.365126291633121e-14,2.365126291633121e-12,0.032610800065364785,1.2339444669730254e-09,1.677583723687756,2.782751457530611e-09,2.5644281045607416e-06,2.365126291633121e-10,0.058535726585123474
6618918417677365.0,2.1466941241571257e-14,2.1466941241571255e-12,0.03592904073190632,1.240895683561407e-09,1.7567072070818321,2.3334106493951286e-09,2.5644281045607416e-06,2.1466941241571258e-10,0.05312963656870328
7292411990911785.0,1.9484353452892103e-14,1.94843534528921e-12,0.03958492172309518,1.2478690141137395e-09,1.8395625620619032,1.955847052102403e-09,2.5644281045607416e-06,1.9484353452892103e-10,0.04822282811878353
8034435430291263.0,1.7684868338021213e-14,1.7684868338021214e-12,0.04361279889201333,1.2548644586300234e-09,1.9263258440482154,1.638854975536036e-09,2.5644281045607416e-06,1.7684868338021213e-10,0.043769189890215665
8851961842524483.0,1.6051575377612776e-14,1.6051575377612774e-12,0.048050523896462596,1.2618820171102583e-09,2.017181316949496,1.3731492397940617e-09,2.5644281045607416e-06,1.6051575377612775e-10,0.03972686916924228
9752673867548824.0,1.456912582997562e-14,1.4569125829975618e-12,0.052939799906934024,1.2689216895544444e-09,2.112322034954002,1.1502911630074469e-09,2.5644281045607416e-06,1.456912582997562e-10,0.0360578785659198
1.0745035875532346e+16,1.3223588492485537e-14,1.3223588492485536e-12,0.058326573508858524,1.2759834759625814e-09,2.2119500820750355,8.146622239835187e-10,2.5644281045607416e-06,1.322358849248554e-10,0.03272773903062213
1.1838373510124974e+16,1.2002318784207191e-14,1.200231878420719e-12,0.06426146648202033,1.2830673763346702e-09,2.316277117932738,6.837035519235523e-10,2.5644281045607416e-06,1.200231878420719e-10,0.029705155839890588
1.3042961325458048e+16,1.0893839919443592e-14,1.0893839919443593e-12,0.07080025151473378,1.2901733906707092e-09,2.425524787435143,5.735895101214306e-10,2.5644281045607416e-06,1.0893839919443594e-10,0.02696172450674235
1.4370119340456582e+16,9.887735055547508e-15,9.88773505554751e-13,0.0780043763232838,1.2973015189707003e-09,2.539925148857652,4.810426387538821e-10,2.5644281045607416e-06,9.887735055547508e-11,0.024471663851743736
1.583231941782289e+16,8.974549401465549e-15,8.974549401465549e-13,0.08594154110198578,1.3044517612346419e-09,2.659721250367365,4.0326486835652074e-10,2.5644281045607416e-06,8.974549401465549e-11,0.022211573726413105
1.744330246738282e+16,8.145701367084794e-15,8.145701367084793e-13,0.09468633473042279,1.3116241174625348e-09,2.785167569696771,3.3799992757891056e-10,2.5644281045607416e-06,8.145701367084795e-11,0.020160215112170664
1.9218207575201024e+16,7.393401918417334e-15,7.393401918417334e-13,0.10432093571655288,1.3188185876543794e-09,2.9165306064023704,2.83188356436498e-10,2.5644281045607416e-06,7.393401918417334e-11,0.01829831052833846
2.1173714271946944e+16,6.7105813807682346e-15,6.710581380768235e-13,0.11493588446274913,1.326035171810174e-09,3.0540894297987125,2.371871096726835e-10,2.5644281045607416e-06,6.710581380768234e-11,0.01660836287353751
2.3328199277468972e+16,6.0908230020251204e-15,6.09082300202512e-13,0.12663093411209134,1.333273869929921e-09,3.198136255913154,1.9864923069991788e-10,2.5644281045607416e-06,6.09082300202512e-11,0.015074490998057391
2.570190919456756e+16,5.528302651737093e-15,5.528302651737093e-13,0.13951598797064793,1.340534682013618e-09,3.348977100493064,1.6633294230770647e-10,2.5644281045607416e-06,5.5283026517370936e-11,0.013682280462006424
2.831715077484857e+16,5.01773408930806e-15,5.01773408930806e-13,0.15371213231512892,1.347817608061267e-09,3.506932399352507,1.1724916686889797e-10,2.5644281045607416e-06,5.0177340893080597e-11,0.012418648076749365
3.119850054465928e+16,4.554319286968333e-15,4.554319286968332e-13,0.1693527742916054,1.3551226480728669e-09,3.672337709887656,9.837397324627386e-11,2.5644281045607416e-06,4.5543192869683336e-11,0.011271718956675758
3.4373035761057044e+16,4.1337033406869585e-15,4.1337033406869586e-13,0.18658489559864672,1.362449802048418e-09,3.8455444155172467,8.25079989561943e-11,2.5644281045607416e-06,4.133703340686958e-11,0.010230714925898665
3.78705888681933e+16,3.751933545305139e-15,3.7519335453051386e-13,0.2055704337362206,1.3697990699879198e-09,4.026920467203418,6.917816583097242e-11,2.5644281045607416e-06,3.7519335453051385e-11,0.009285853231198295
4.1724027845355336e+16,3.4054222493011505e-15,3.4054222493011506e-13,0.22648780380058137,1.3771704518913738e-09,4.216851176790322,5.7982547951722134e-11,2.5644281045607416e-06,3.4054222493011506e-11,0.008428254609369919
4.5969565081205064e+16,3.090913140118598e-15,3.090913140118598e-13,0.2495335751260416,1.3845639477587777e-09,4.41574002442385,4.857998755592902e-11,2.5644281045607416e-06,3.090913140118598e-11,0.007649859845049384
5.064709767684589e+16,2.80545064322593e-15,2.80545064322593e-13,0.27492431852979127,1.3919795575901335e-09,4.624009524062359,4.069394901117697e-11,2.5644281045607416e-06,2.80545064322593e-11,0.006943354034872213
5.580058237568046e+16,2.5463521473381593e-15,2.5463521473381596e-13,0.30289864151905355,1.3994172813854403e-09,4.842102116990433,3.407630547685419e-11,2.5644281045607416e-06,2.5463521473381598e-11,0.006302097846246835
6.147844864343637e+16,2.3111827947890737e-15,2.3111827947890735e-13,0.3337194305862958,1.406877119144698e-09,5.070481110378024,2.8524763089760627e-11,2.5644281045607416e-06,2.3111827947890736e-11,0.005720065124750661
6.7734053780251224e+16,2.0977326001483384e-15,2.0977326001483383e-13,0.36767632166431163,1.4143590708679071e-09,5.309631665884398,2.3876839939787705e-11,2.5644281045607416e-06,2.0977326001483386e-11,0.005191786263819136
7.462618434168539e+16,1.9039956820580065e-15,1.9039956820580064e-13,0.40508842195701766,1.4218631365550674e-09,5.560061825964103,1.9981591466824448e-11,2.5644281045607416e-06,1.9039956820580064e-11,0.004712296804550156
8.221960858074315e+16,1.7281514131205989e-15,1.728151413120599e-13,0.44630730872424385,1.4293893162061792e-09,5.822303596407133,1.4033070660812087e-11,2.5644281045607416e-06,1.7281514131205992e-11,0.004277090782592928
9.058568510241323e+16,1.5685473106969802e-15,1.5685473106969802e-13,0.49172033320125613,1.4369376098212412e-09,6.096914074966951,1.1767881888802574e-11,2.5644281045607416e-06,1.5685473106969805e-11,0.0038820783837039893
9.980303345053294e+16,1.4236835078310443e-15,1.4236835078310443e-13,0.5417542607014493,1.4445080174002552e-09,6.384476634349091,9.865274577077576e-12,2.5644281045607416e-06,1.4236835078310443e-11,0.003523547510040308
1.099582729287408e+17,1.2921986583684779e-15,1.292198658368478e-13,0.5968792811096669,1.4521005389432194e-09,6.6856021631382925,8.26786787969173e-12,2.5644281045607416e-06,1.292198658368478e-11,0.003198128896013045
1.2114683659855213e+17,1.172857143813625e-15,1.172857143813625e-13,0.6576134274545682,1.459715174450136e-09,7.000930361901452,6.9272254140083044e-12,2.5644281045607416e-06,1.1728571438136251e-11,0.0029027644458798664
1.3347386810401629e+17,1.0645374617022755e-15,1.0645374617022754e-13,0.7245274440830933,1.4673519239210025e-09,7.331131103384158,5.801821358694438e-12,2.5644281045607416e-06,1.0645374617022754e-11,0.0026346784955317655
1.4705520975081942e+17,9.662216863707003e-16,9.662216863707003e-14,0.7982501501854532,1.4750107873558209e-09,7.676905854980819,4.857974519342897e-12,2.5644281045607416e-06,9.662216863707002e-12,0.002391351728408489
1.620184911252074e+17,8.769859030795978e-16,8.769859030795978e-14,0.8794743490738288,1.4826917647545903e-09,8.038989168721752,4.066391382596523e-12,2.5644281045607416e-06,8.769859030795978e-12,0.0021704975004200764
1.7850432848294528e+17,7.95991525598267e-16,7.95991525598267e-14,0.9689633387467971,1.4903948561173108e-09,8.418150242347668,3.402566745204229e-12,2.5644281045607416e-06,7.959915255982671e-12,0.001970040351389538
1.9666764617949248e+17,7.22477415656638e-16,7.22477415656638e-14,1.067558084922079,1.498120061443983e-09,8.815194552743414,2.846911010827577e-12,2.5644281045607416e-06,7.22477415656638e-12,0.001788096501079517
2.1667913255939386e+17,6.557527302085083e-16,6.557527302085083e-14,1.1761851239454373,1.505867380734605e-09,9.230965567534588,2.381479129300149e-12,2.5644281045607416e-06,6.557527302085083e-12,0.0016229561465163302
2.3872684398654016e+17,5.951904292884841e-16,5.95190429288484e-14,1.2958652698429343,1.5136368139891796e-09,9.666346536700367,1.6638753115681066e-12,2.5644281045607416e-06,5.951904292884842e-12,0.0014730673942513236
2.6301797208899094e+17,5.402213834534432e-16,5.402213834534432e-14,1.4277232073400952,1.5214283612077047e-09,10.122262368834642,1.3947041650060716e-12,2.5644281045607416e-06,5.402213834534432e-12,0.001337021676564794
2.8978079082596243e+17,4.903290254334679e-16,4.9032902543346794e-14,1.5729980609979373,1.529242022390181e-09,10.59968159623524,1.1688429584319302e-12,2.5644281045607416e-06,4.903290254334679e-12,0.0012135405145619076
3.1926680167432685e+17,4.450444957317323e-16,4.450444957317323e-14,1.7330550397881475,1.5370777975366085e-09,11.099618432266896,9.792819606208005e-13,2.5644281045607416e-06,4.4504449573173235e-12,0.0011014635037682747
3.5175309709391034e+17,4.0394223655435063e-16,4.039422365543506e-14,1.9093982665367462,1.5449356866469877e-09,11.62313492593564,8.202580641659945e-13,2.5644281045607416e-06,4.039422365543507e-12,0.0009997374093204054
3.875449644819941e+17,3.6663599266462774e-16,3.6663599266462775e-14,2.1036849127995216,1.552815689721317e-09,12.171343218083894,6.868453238143377e-13,2.5644281045607416e-06,3.666359926646278e-12,0.0009074062682742808
4.26978755087559e+17,3.327751815799274e-16,3.327751815799274e-14,2.3177407720010583,1.560717806759598e-09,12.745407903985367,5.750268773053267e-13,2.5644281045607416e-06,3.3277518157992746e-12,0.0008236024060189625
4.704250448455792e+17,3.020415990004854e-16,3.020415990004854e-14,2.553577417184226,1.5686420377618299e-09,13.346548507371653,4.812222535511156e-13,2.5644281045607416e-06,3.0204159900048542e-12,0.000747538282372977
5.182921168351431e+17,2.7414642850959807e-16,2.7414642850959806e-14,2.8134111046091923,1.576588382728013e-09,13.976042071147699,4.026190794117895e-13,2.5644281045607416e-06,2.741464285095981e-12,0.00067849909073757
5.710297980874602e+17,2.48827527444148e-16,2.48827527444148e-14,3.099683600846683,1.5845568416581472e-09,14.635225870298635,3.367565015930988e-13,2.5644281045607416e-06,2.4882752744414803e-12,0.0006158360407581282
6.291336867998717e+17,2.2584696342962186e-16,2.2584696342962182e-14,3.41508512908654,1.5925474145522325e-09,15.325500252751636,2.8161345158185193e-13,2.5644281045607416e-06,2.2584696342962184e-12,0.00055896026136804
6.931498096808233e+17,2.0498877842938662e-16,2.0498877842938663e-14,3.762579650297989,1.6005601014102699e-09,16.04833161422826,2.354341533014786e-13,2.5644281045607416e-06,2.0498877842938663e-12,0.00050733726691929
7.636797531927293e+17,1.86056959296098e-16,1.86056959296098e-14,4.1454327168187195,1.6085949022322571e-09,16.805255513405825,1.6378221853990486e-13,2.5644281045607416e-06,1.86056959296098e-12,0.0004604819343957998
8.41386316913314e+17,1.6887359575360525e-16,1.6887359575360526e-14,4.567242160125481,1.6166518170181965e-09,17.59787993400709,1.372149997338392e-13,2.5644281045607416e-06,1.6887359575360526e-12,0.0004179539445081392
9.269997421422884e+17,1.532772084991845e-16,1.532772084991845e-14,5.031971901171184,1.6247308457680862e-09,18.427888700746355,1.149321136874232e-13,2.5644281045607416e-06,1.5327720849918451e-12,0.0003793536438277858
1.0213245742863799e+18,1.3912123171452474e-16,1.3912123171452475e-14,5.543989201019476,1.632831988481928e-09,19.297045056390598,9.624953728711378e-14,2.5644281045607416e-06,1.3912123171452476e-12,0.00034431828907554424
1.1252472235112403e+18,1.262726357250278e-16,1.262726357250278e-14,6.10810570183561,1.64095524515972e-09,20.207195407532648,8.058752605553502e-14,2.5644281045607416e-06,1.262726357250278e-12,0.00031251863827023443
1.239744294711085e+18,1.1461067686393068e-16,1.1461067686393067e-14,6.729622643914306,1.6491006158014637e-09,21.160273247035935,6.745407520897674e-14,2.5644281045607416e-06,1.1461067686393068e-12,0.00028365585670313357
1.3658917650760328e+18,1.0402576279323599e-16,1.04025762793236e-14,7.414380683666607,1.657268100407158e-09,22.15830326148111,5.645429744377696e-14,2.5644281045607416e-06,1.04025762793236e-12,0.00025745870866240975
1.5048750955029005e+18,9.441842261835739e-17,9.44184226183574e-15,8.168814780727923,1.6654576989768037e-09,23.203405632342868,4.7232856840664285e-14,2.5644281045607416e-06,9.44184226183574e-13,0.00023368100851690727
1.658000370870395e+18,8.569837211824168e-17,8.569837211824168e-15,9.00001466998319,1.673669411510401e-09,24.297800540031997,3.950729384963957e-14,2.5644281045607416e-06,8.569837211824168e-13,0.00021209930720611647
1.8267065738686403e+18,7.778366530652855e-17,7.778366530652855e-15,9.915791486790704,1.6819032380079492e-09,25.443812880371876,3.303472050137114e-14,2.5644281045607416e-06,7.778366530652856e-13,0.0001925107923952668
2.0125791077255273e+18,7.059992435060672e-17,7.059992435060672e-15,10.924751171510641,1.6901591784694488e-09,26.64387720352972,2.7617238108546868e-14,2.5644281045607416e-06,7.059992435060673e-13,0.0001747313825624061
2.2173646949083139e+18,6.407964061180699e-17,6.4079640611806985e-15,12.036375343149787,1.6984372328948987e-09,27.900542885892513,2.3082162989870647e-14,2.5644281045607416e-06,6.407964061180698e-13,0.0001585939971068385
2.442987791810272e+18,5.816154023829385e-17,5.816154023829385e-15,13.261110402128491,1.7067374012843005e-09,29.21647954587739,1.5960852975031423e-14,2.5644281045607416e-06,5.816154023829386e-13,0.00014394698622235508
2.6915686736776356e+18,5.2790008348882807e-17,5.2790008348882806e-15,14.610465699503457,1.7150596836376532e-09,30.59448271517866,1.3365892750636311e-14,2.5644281045607416e-06,5.27900083488828e-13,0.00013065270578015826
2.965443359729023e+18,4.7914566396580084e-17,4.791456639658008e-15,16.09712169518671,1.7234040799549576e-09,32.03747977750232,1.119095750518756e-14,2.5644281045607416e-06,4.791456639658009e-13,0.00011858622382901593
3.267185565711527e+18,4.3489397800424576e-17,4.348939780042457e-15,17.735049121565982,1.7317705902362126e-09,33.54853618740089,9.367968282594576e-15,2.5644281045607416e-06,4.3489397800424577e-13,0.00010763414655711798
3.5996308901914957e+18,3.947291738778109e-17,3.947291738778109e-15,19.53964027236068,1.7401592144814186e-09,35.130861982423184,7.840657003244263e-15,2.5644281045607416e-06,3.9472917387781086e-13,9.769355268267159e-05
3.96590346186806e+18,3.582738060096554e-17,3.582738060096554e-15,21.52785365048617,1.7485699526905758e-09,36.78781860240927,6.561590285535149e-15,2.5644281045607416e-06,3.582738060096554e-13,8.867102625928574e-05
4.369445298326226e+18,3.251852879574038e-17,3.2518528795740384e-15,23.71837333424766,1.7570028048636844e-09,38.52292603042155,5.489188238891201e-15,2.5644281045607416e-06,3.251852879574039e-13,8.048177880698111e-05
4.81404865212538e+18,2.9515267298410594e-17,2.951526729841059e-15,26.131784559490924,1.7654577710007446e-09,40.339870270478194,4.5924274065674075e-15,2.5644281045607416e-06,2.9515267298410596e-13,7.304885251914486e-05
5.303891648193305e+18,2.6789373196082172e-17,2.678937319608217e-15,28.790767167730923,1.7739348511017541e-09,42.24251117797592,3.840666499649976e-15,2.5644281045607416e-06,2.678937319608217e-13,6.630239705761772e-05
5.843577547425727e+18,2.4315230114063912e-17,2.4315230114063914e-15,31.72030873817401,1.782434045166717e-09,44.23489065943856,3.2113390848492578e-15,2.5644281045607416e-06,2.4315230114063914e-13,6.017901313964972e-05
6.438178005466914e+18,2.2069587488010002e-17,2.206958748801e-15,34.947939406519446,1.7909553531956296e-09,46.32124125900618,2.6843384206591497e-15,2.5644281045607416e-06,2.2069587488010003e-13,5.462115674814921e-05
7.093280733193709e+18,2.003134206857474e-17,2.003134206857474e-15,38.503990577239016,1.7994987751884945e-09,48.50599514991129,2.2433898465848144e-15,2.5644281045607416e-06,2.0031342068574737e-13,4.9576598366319236e-05
7.815042006787088e+18,1.8181339605293926e-17,1.8181339605293926e-15,42.421879960554456,1.8080643111453098e-09,50.79379355003769,1.8743903406476047e-15,2.5644281045607416e-06,1.8181339605293926e-13,4.499793215489949e-05
8.610244520852159e+18,1.650219484602643e-17,1.6502194846026428e-15,46.73842561273429,1.8166519610660768e-09,53.18949658156935,1.2890573713257422e-15,2.5644281045607416e-06,1.6502194846026428e-13,4.084213045952972e-05
9.486361128254863e+18,1.497812816042063e-17,1.497812816042063e-15,51.49419193086897,1.8252617249507938e-09,55.69819359566948,1.0790868905936383e-15,2.5644281045607416e-06,1.4978128160420632e-13,3.707013946176719e-05
1.0451625065667633e+19,1.3594817252082267e-17,1.3594817252082268e-15,56.73387085359447,1.8338936027994628e-09,58.32521398412914,9.030874950874031e-16,2.5644281045607416e-06,1.3594817252082267e-13,3.364651217390675e-05
1.15151073247605e+19,1.2339262565925677e-17,1.2339262565925678e-15,62.506701850054384,1.8425475946120824e-09,61.07613850094637,7.556103621731204e-16,2.5644281045607416e-06,1.2339262565925678e-13,3.053907532871467e-05
1.2686801896130204e+19,1.1199665125879692e-17,1.1199665125879692e-15,68.86693464392951,1.851223700388654e-09,63.95681111789502,6.321159889621495e-16,2.5644281045607416e-06,1.1199665125879693e-13,2.7718627033686117e-05
1.3977719687037247e+19,1.016531565494222e-17,1.016531565494222e-15,75.87433902093001,1.8599219201291762e-09,66.97335143926017,5.287181232017226e-16,2.5644281045607416e-06,1.0165315654942221e-13,2.515866234856752e-05
1.5399991995538555e+19,9.226493935594076e-18,9.226493935594077e-16,83.59476651064331,1.8686422538336494e-09,70.13216770212193,4.4220007552679333e-16,2.5644281045607416e-06,9.226493935594077e-14,2.2835124207270534e-05
1.6966984513403318e+19,8.374377464822306e-18,8.374377464822306e-16,92.10076922108492,1.8773847015020738e-09,73.4399703897988,3.6974511744184565e-16,2.5644281045607416e-06,8.374377464822305e-14,2.072617734349291e-05
1.869342292914603e+19,7.600958545344632e-18,7.600958545344632e-16,101.47228164140483,1.8861492631344497e-09,76.90378648737237,3.0915281922344684e-16,2.5644281045607416e-06,7.600958545344632e-14,1.8812003095527238e-05
2.059553131152305e+19,6.89896903390575e-18,6.898969033905749e-16,111.79737181994578,1.894935938730777e-09,80.53097440958048,2.5844140962776854e-16,2.5644281045607416e-06,6.89896903390575e-14,1.707461316195049e-05
2.2691184573937283e+19,6.261812039475173e-18,6.261812039475173e-16,123.17306897677142,1.9037447282910544e-09,84.32923963278503,2.1597390617760959e-16,2.5644281045607416e-06,6.261812039475174e-14,1.5497680557982267e-05
2.500007645252716e+19,5.6834999294840425e-18,5.683499929484043e-16,135.70627532810968,1.912575631815284e-09,88.30665106422907,1.804796561764019e-16,2.5644281045607416e-06,5.683499929484043e-14,1.4066386183932925e-05
2.7543904576496484e+19,5.158598061520987e-18,5.158598061520986e-16,149.51477069148578,1.921428649303464e-09,92.4716581833507,1.5077995644734212e-16,2.5644281045607416e-06,5.158598061520987e-14,1.276727956388474e-05
3.034657436987395e+19,4.6821737117086005e-18,4.682173711708601e-16,164.72831931227051,1.930303780755596e-09,96.83310899157631,1.0295257561219073e-16,2.5644281045607416e-06,4.682173711708601e-14,1.1588152445905071e-05
3.3434423700847067e+19,4.249749719820473e-18,4.2497497198204726e-16,181.4898893129254,1.939201026171678e-09,101.40026880871541,8.617239603934901e-17,2.5644281045607416e-06,4.2497497198204734e-14,1.051792407596323e-05
3.6836470389801538e+19,3.8572624155210036e-18,3.8572624155210034e-16,199.95699622465926,1.948120385551713e-09,106.18283995589773,7.21063174084983e-17,2.5644281045607416e-06,3.857262415521004e-14,9.546537067418243e-06
4.058468490199627e+19,3.501023430344406e-18,3.5010234303444057e-16,220.3031832271913,1.957061858895697e-09,111.19098236685622,6.031929676660769e-17,2.5644281045607416e-06,3.501023430344406e-14,8.66486288752232e-06
4.471429078748935e+19,3.177685036542919e-18,3.177685036542919e-16,242.719652007096,1.966025446203633e-09,116.43533517135211,5.0446002428537125e-17,2.5644281045607416e-06,3.177685036542919e-14,7.864616072754226e-06
4.926409569166874e+19,2.884208687079643e-18,2.8842086870796427e-16,267.4170595605572,1.975011147475521e-09,121.92703929658393,4.217820369252661e-17,2.5644281045607416e-06,2.884208687079643e-14,7.138276366830088e-06
5.427685604703615e+19,2.6178364611225976e-18,2.617836461122598e-16,294.6274978258593,1.9840189627113593e-09,127.67776113459857,3.526091734261203e-17,2.5644281045607416e-06,2.6178364611225976e-14,6.4790180496885606e-06
5.9799678873409585e+19,2.3760651467012202e-18,2.37606514670122e-16,324.60667474907376,1.9930488919111484e-09,133.69971732598626,2.947549636273412e-17,2.5644281045607416e-06,2.3760651467012204e-14,5.880645793324883e-06
6.588446446242074e+19,2.156622716969614e-18,2.1566227169696141e-16,357.63631727928254,2.0021009350748893e-09,140.00570071249817,2.463326629009948e-17,2.5644281045607416e-06,2.1566227169696143e-14,5.337536441685364e-06
7.2588394106413335e+19,1.957446979013413e-18,1.9574469790134126e-16,394.0268188753675,2.0111750922025813e-09,146.60910751373441,2.0587776801407624e-17,2.5644281045607416e-06,1.9574469790134126e-14,4.8445861675017405e-06
7.9974467455121e+19,1.776666194554766e-18,1.7766661945547659e-16,434.1201564040219,2.020271363294224e-09,153.52396578561968,1.7202824702181642e-17,2.5644281045607416e-06,1.776666194554766e-14,4.397162509477606e-06
8.811209454990772e+19,1.6125814904394713e-18,1.6125814904394712e-16,478.2931038403878,2.0293897483498186e-09,160.76496522113868,1.437345724088732e-17,2.5644281045607416e-06,1.6125814904394715e-14,3.991060839098658e-06
9.707774809914884e+19,1.4636508936107018e-18,1.4636508936107017e-16,526.9607729717262,2.0385302473693635e-09,168.34748835662305,1.2006819305287254e-17,2.5644281045607416e-06,1.4636508936107017e-14,3.6224648479683705e-06
1.06955682124478e+20,1.3284748405387934e-18,1.3284748405387934e-16,580.5805143777058,2.04769286035286e-09,176.28764324990019,1.0028875385033787e-17,2.5644281045607416e-06,1.3284748405387934e-14,3.287910684350761e-06
1.1783872373129947e+20,1.2057830249335384e-18,1.2057830249335384e-16,639.6562153463439,2.0568775873003073e-09,184.60229769970582,8.37511838188383e-18,2.5644281045607416e-06,1.2057830249335382e-14,2.9842544018973395e-06
1.2982914544419106e+20,1.0944224601409887e-18,1.0944224601409886e-16,704.7430351150621,2.0660844282117055e-09,193.30911507907481,5.690981999039992e-18,2.5644281045607416e-06,1.0944224601409885e-14,2.708642414659206e-06
1.4303962630487985e+20,9.933466440424167e-19,9.933466440424168e-17,776.452621935791,2.0753133830870564e-09,202.4265918588164,4.761527582050009e-18,2.5644281045607416e-06,9.933466440424168e-15,2.458484680738417e-06
1.5759431076464014e+20,9.01605724633268e-19,9.01605724633268e-17,855.4588609911252,2.0845644519263567e-09,211.97409690079385,3.982793091364085e-18,2.5644281045607416e-06,9.016057246332681e-15,2.2314303625737104e-06
1.7362997532198443e+20,8.183375738638552e-19,8.183375738638552e-17,942.5042071771844,2.093837634729609e-09,221.97191260449034,3.3303162541682594e-18,2.5644281045607416e-06,8.183375738638553e-15,2.025345735129923e-06
1.9129731386900398e+20,7.427596858591144e-19,7.427596858591144e-17,1038.4066622648525,2.1031329314968127e-09,232.44127799425223,2.7839722187464303e-18,2.5644281045607416e-06,7.427596858591143e-15,1.8382941343855156e-06
2.107623538253362e+20,6.741618233813495e-19,6.741618233813495e-17,1144.0674620069128,2.1124503422279675e-09,243.40443383876575,2.3266087476926304e-18,2.5644281045607416e-06,6.741618233813496e-15,1.6685177576851539e-06
2.322080163677269e+20,6.118993434318906e-19,6.118993434318906e-17,1260.4795454298505,2.121789866923073e-09,254.88466989859413,1.9439692122131665e-18,2.5644281045607416e-06,6.118993434318907e-15,1.5144211449280956e-06
2.5583583541736417e+20,5.553871392693487e-19,5.553871392693487e-17,1388.7368859000512,2.131151505582129e-09,266.9063744021705,1.6241657173992703e-18,2.5644281045607416e-06,5.553871392693487e-15,1.3745561853577096e-06
2.8186785153898263e+20,5.040941419152332e-19,5.040941419152332e-17,1530.044771652098,2.140535258205137e-09,279.4950858553245,1.3565125062632974e-18,2.5644281045607416e-06,5.040941419152332e-15,1.247608509055031e-06
3.105486985495627e+20,4.575383294751015e-19,4.5753832947510146e-17,1685.7311323899162,2.1499411247920965e-09,292.677547294436,1.1331744420731098e-18,2.5644281045607416e-06,4.575383294751014e-15,1.1323851352510846e-06
3.421479024453012e+20,4.1528219737588266e-19,4.152821973758826e-17,1857.259018401268,2.1593691053430068e-09,306.48176309843643,9.463439568287502e-19,2.5644281045607416e-06,4.152821973758827e-15,1.0278032613843499e-06
