E_prime_GeV_total,rate_acc,rate_acc_2,rate_sync,rate_Op,rate_pg,rate_photodisintegration,t_ad_val,Shear,ESC
45.03864132239823,10.466309010125912,1046.630901012591,2.6908355100612473e-15,1.5381904672151946e-09,2.7353174421258196e-12,3.7404916838509385e-12,6.459761934273261e-06,8.8184902809677e-12,4082331425561.148
45.03864132239823,10.466309010125912,1046.630901012591,2.6908355100612473e-15,1.5381904672151946e-09,2.7353174421258196e-12,3.7404916838509385e-12,6.459761934273261e-06,8.8184902809677e-12,4082331425561.148
45.03864132239823,10.466309010125912,1046.630901012591,2.6908355100612473e-15,1.5381904672151946e-09,2.7353174421258196e-12,3.7404916838509385e-12,6.459761934273261e-06,8.8184902809677e-12,4082331425561.148
45.03864132239823,10.466309010125912,1046.630901012591,2.6908355100612473e-15,1.5381904672151946e-09,2.7353174421258196e-12,3.7404916838509385e-12,6.459761934273261e-06,8.8184902809677e-12,4082331425561.148
45.03864132239823,10.466309010125912,1046.630901012591,2.6908355100612473e-15,1.5381904672151946e-09,2.7353174421258196e-12,3.7404916838509385e-12,6.459761934273261e-06,8.8184902809677e-12,4082331425561.148
45.03864132239823,10.466309010125912,1046.630901012591,2.6908355100612473e-15,1.5381904672151946e-09,2.7353174421258196e-12,3.7404916838509385e-12,6.459761934273261e-06,8.8184902809677e-12,4082331425561.148
45.03864132239823,10.466309010125912,1046.630901012591,2.6908355100612473e-15,1.5381904672151946e-09,2.7353174421258196e-12,3.7404916838509385e-12,6.459761934273261e-06,8.8184902809677e-12,4082331425561.148
45.03864132239823,10.466309010125912,1046.630901012591,2.6908355100612473e-15,1.5381904672151946e-09,2.7353174421258196e-12,3.7404916838509385e-12,6.459761934273261e-06,8.8184902809677e-12,4082331425561.148
45.03864132239823,10.466309010125912,1046.630901012591,2.6908355100612473e-15,1.5381904672151946e-09,2.7353174421258196e-12,3.7404916838509385e-12,6.459761934273261e-06,8.8184902809677e-12,4082331425561.148
45.03864132239823,10.466309010125912,1046.630901012591,2.6908355100612473e-15,1.5381904672151946e-09,2.7353174421258196e-12,3.7404916838509385e-12,6.459761934273261e-06,8.8184902809677e-12,4082331425561.148
45.03864132239823,10.466309010125912,1046.630901012591,2.6908355100612473e-15,1.5381904672151946e-09,2.7353174421258196e-12,3.7404916838509385e-12,6.459761934273261e-06,8.8184902809677e-12,4082331425561.148
45.03864132239823,10.466309010125912,1046.630901012591,2.6908355100612473e-15,1.5381904672151946e-09,2.7353174421258196e-12,3.7404916838509385e-12,6.459761934273261e-06,8.8184902809677e-12,4082331425561.148
45.03864132239823,10.466309010125912,1046.630901012591,2.6908355100612473e-15,1.5381904672151946e-09,2.7353174421258196e-12,3.7404916838509385e-12,6.459761934273261e-06,8.8184902809677e-12,4082331425561.148
45.03864132239823,10.466309010125912,1046.630901012591,2.6908355100612473e-15,1.5381904672151946e-09,2.7353174421258196e-12,3.7404916838509385e-12,6.459761934273261e-06,8.8184902809677e-12,4082331425561.148
45.03864132239823,10.466309010125912,1046.630901012591,2.6908355100612473e-15,1.5381904672151946e-09,2.7353174421258196e-12,3.7404916838509385e-12,6.459761934273261e-06,8.8184902809677e-12,4082331425561.148
45.03864132239823,10.466309010125912,1046.630901012591,2.6908355100612473e-15,1.5381904672151946e-09,2.7353174421258196e-12,3.7404916838509385e-12,6.459761934273261e-06,8.8184902809677e-12,4082331425561.148
45.03864132239823,10.466309010125912,1046.630901012591,2.6908355100612473e-15,1.5381904672151946e-09,2.7353174421258196e-12,3.7404916838509385e-12,6.459761934273261e-06,8.8184902809677e-12,4082331425561.148
45.03864132239823,10.466309010125912,1046.630901012591,2.6908355100612473e-15,1.5381904672151946e-09,2.7353174421258196e-12,3.7404916838509385e-12,6.459761934273261e-06,8.8184902809677e-12,4082331425561.148
45.03864132239823,10.466309010125912,1046.630901012591,2.6908355100612473e-15,1.5381904672151946e-09,2.7353174421258196e-12,3.7404916838509385e-12,6.459761934273261e-06,8.8184902809677e-12,4082331425561.148
45.03864132239823,10.466309010125912,1046.630901012591,2.6908355100612473e-15,1.5381904672151946e-09,2.7353174421258196e-12,3.7404916838509385e-12,6.459761934273261e-06,8.8184902809677e-12,4082331425561.148
45.03864132239823,10.466309010125912,1046.630901012591,2.6908355100612473e-15,1.5381904672151946e-09,2.7353174421258196e-12,3.7404916838509385e-12,6.459761934273261e-06,8.8184902809677e-12,4082331425561.148
45.03864132239823,10.466309010125912,1046.630901012591,2.6908355100612473e-15,1.5381904672151946e-09,2.7353174421258196e-12,3.7404916838509385e-12,6.459761934273261e-06,8.8184902809677e-12,4082331425561.148
45.03864132239823,10.466309010125912,1046.630901012591,2.6908355100612473e-15,1.5381904672151946e-09,2.7353174421258196e-12,3.7404916838509385e-12,6.459761934273261e-06,8.8184902809677e-12,4082331425561.148
45.03864132239823,10.466309010125912,1046.630901012591,2.6908355100612473e-15,1.5381904672151946e-09,2.7353174421258196e-12,3.7404916838509385e-12,6.459761934273261e-06,8.8184902809677e-12,4082331425561.148
45.03864132239823,10.466309010125912,1046.630901012591,2.6908355100612473e-15,1.5381904672151946e-09,2.7353174421258196e-12,3.7404916838509385e-12,6.459761934273261e-06,8.8184902809677e-12,4082331425561.148
45.03864132239823,10.466309010125912,1046.630901012591,2.6908355100612473e-15,1.5381904672151946e-09,2.7353174421258196e-12,3.7404916838509385e-12,6.459761934273261e-06,8.8184902809677e-12,4082331425561.148
45.03864132239823,10.466309010125912,1046.630901012591,2.6908355100612473e-15,1.5381904672151946e-09,2.7353174421258196e-12,3.7404916838509385e-12,6.459761934273261e-06,8.8184902809677e-12,4082331425561.148
45.03864132239823,10.466309010125912,1046.630901012591,2.6908355100612473e-15,1.5381904672151946e-09,2.7353174421258196e-12,3.7404916838509385e-12,6.459761934273261e-06,8.8184902809677e-12,4082331425561.148
41.501954506388216,11.358220187048952,1135.822018704895,2.4795360082764888e-15,1.4990873533211786e-09,2.390906819153626e-12,3.4123699010618053e-12,6.459761934273261e-06,8.126012945993107e-12,4430216914403.441
30.93263247252127,15.239192393185398,1523.9192393185397,1.8480714211807353e-15,1.185996519637598e-09,1.4679533797904335e-12,2.3174708429199845e-12,6.459761934273261e-06,6.0565574540992764e-12,5943970691739.086
27.082069872337517,17.405919846545288,1740.5919846545285,1.6180193975390836e-15,8.97652821213763e-10,1.1764556824195752e-12,1.961743038255814e-12,6.459761934273261e-06,5.302623768069291e-12,6789091886318.717
24.712993713358536,19.074513713069017,1907.4513713069014,1.4764788433072693e-15,6.305294950351885e-10,1.0095377595741405e-12,1.7275481152338723e-12,6.459761934273261e-06,4.8387626375063054e-12,7439918569461.569
23.12291603405349,20.38619769159844,2038.6197691598438,1.3814795858340654e-15,4.1053168481956e-10,9.036777537848821e-13,1.597822506462272e-12,6.459761934273261e-06,4.527428100112924e-12,7951534337806.949
22.04826738374193,21.379835851593523,2137.983585159352,1.3172746572617713e-15,2.5260009489636006e-10,8.349712359410027e-13,1.5358732121612912e-12,6.459761934273261e-06,4.3170137003891345e-12,8339097927058.923
21.36045108459102,22.068276349112093,2206.8276349112093,1.276181043693243e-15,1.5574681383083323e-10,7.922192074121532e-13,1.4752812257492149e-12,6.459761934273261e-06,4.182340424929179e-12,8607620696158.324
20.988245012781046,22.459635724158364,2245.963572415836,1.2539435763611946e-15,1.0792540447840718e-10,7.694778744705808e-13,1.4355137994462367e-12,6.459761934273261e-06,4.109463101581924e-12,8760268460895.029
20.88966858925478,22.56562067810489,2256.5620678104888,1.2480541238135353e-15,9.609746716198679e-11,7.635138584347169e-13,1.4244450944660351e-12,6.459761934273261e-06,4.090162003518679e-12,8801607361525.035
21.039608597524854,22.4048054549789,2240.4805454978896,1.2570122958805808e-15,1.1424346629829606e-10,7.725627747242777e-13,1.4412893475473253e-12,6.459761934273261e-06,4.119520005155383e-12,8738882188931.65
21.423658248388204,22.00316734010217,2200.3167340102164,1.2799573583386661e-15,1.6427434057336486e-10,7.96104176554372e-13,1.4812133917511965e-12,6.459761934273261e-06,4.1947162813774914e-12,8582225253188.771
22.034779925450874,21.39292241952357,2139.2922419523566,1.3164688485019053e-15,2.506382283787142e-10,8.341209720945671e-13,1.53481419917973e-12,6.459761934273261e-06,4.3143728787221746e-12,8344202277356.805
22.87139127017328,20.61039190436946,2061.039190436946,1.3664522282931519e-15,3.7368802457750305e-10,8.873685482904264e-13,1.5852280523894673e-12,6.459761934273261e-06,4.478179974046626e-12,8038980167978.656
23.936228957316654,19.693508877987032,1969.3508877987028,1.4300710004605068e-15,5.264761384130206e-10,9.571831198131272e-13,1.6502443400214302e-12,6.459761934273261e-06,4.686673403669959e-12,7681354534286.462
25.23566656653641,18.67944863804498,1867.9448638044978,1.5077059547871313e-15,6.961188920087624e-10,1.045483380070602e-12,1.7887639873400212e-12,6.459761934273261e-06,4.941101103777545e-12,7285825415002.632
26.779313445526835,17.60270435742577,1760.2704357425769,1.599931202153041e-15,8.677816420479716e-10,1.1545502274025797e-12,1.9437823163395056e-12,6.459761934273261e-06,5.243344568498882e-12,6865846699505.8545
28.579797085776836,16.49376082208223,1649.3760822082227,1.7075011725655287e-15,1.0285972788699685e-09,1.2867880595534176e-12,2.0466999879085312e-12,6.459761934273261e-06,5.595876239446289e-12,6433308825922.532
30.652671889797972,15.378376774826485,1537.8376774826484,1.831345164453389e-15,1.1699072885441337e-09,1.4459288306134712e-12,2.279727749445984e-12,6.459761934273261e-06,6.001741642491485e-12,5998258862914.902
33.01641987400159,14.277391045890933,1427.7391045890931,1.9725673866603377e-15,1.2876353538413307e-09,1.6363075036403087e-12,2.529397543647972e-12,6.459761934273261e-06,6.464559525387751e-12,5568824891877.019
35.69252216232466,13.20692147595053,1320.6921475950528,2.1324512298346823e-15,1.3814328296051607e-09,1.862771313596421e-12,2.712222003839692e-12,6.459761934273261e-06,6.988535856101712e-12,5151293595863.615
38.70558826619202,12.178818578716374,1217.8818578716373,2.3124669902660734e-15,1.4533731020996595e-09,2.131283217406948e-12,3.148457207865876e-12,6.459761934273261e-06,7.57848913561269e-12,4750287208413.282
42.0835353193283,11.201253266855284,1120.1253266855283,2.5142825782768405e-15,1.5067341608027107e-09,2.4464127953538374e-12,3.4496244201986525e-12,6.459761934273261e-06,8.239885491787663e-12,4368992753100.712
45.857812850763096,10.279346269969386,1027.9346269969385,2.739776947294593e-15,1.5451078222922803e-09,2.8176856361705675e-12,3.874236930109722e-12,6.459761934273261e-06,8.978882689557933e-12,4009407544868.1943
50.06367102526384,9.415776506652243,941.5776506652242,2.9910561198881005e-15,1.5718625136401497e-09,3.254243704411947e-12,4.553861810637248e-12,6.459761934273261e-06,9.802382651945086e-12,3672576482500.051
54.7404719634318,8.611331261289575,861.1331261289573,3.2704717875994554e-15,1.5898863813806678e-09,3.7651483752509486e-12,4.946617465362616e-12,6.459761934273261e-06,1.0718092416012601e-11,3358806642329.0737
59.93204502055483,7.865380487429959,786.5380487429958,3.580642537093993e-15,1.6015145846789834e-09,4.359385733643971e-12,5.933902585912822e-12,6.459761934273261e-06,1.1734593695868159e-11,3067852277891.4688
65.68708790841475,7.176270900206236,717.6270900206235,3.924477815199454e-15,1.6085590989972784e-09,5.0525740864527236e-12,6.746527972595019e-12,6.459761934273261e-06,1.286142142163941e-11,2799068533702.644
72.05961638702567,6.541643726559156,654.1643726559155,4.305204795757706e-15,1.6123844307557083e-09,5.860277211841467e-12,7.632428614049708e-12,6.459761934273261e-06,1.4109151788360604e-11,2551535382140.997
79.10946599966309,5.958684356161036,595.8684356161035,4.72639835580505e-15,1.6139953917370033e-09,6.800100729644342e-12,9.340865153657709e-12,6.459761934273261e-06,1.5489500494848108e-11,2324154998540.708
86.90285001968286,5.424313901899418,542.4313901899417,5.192014410128253e-15,1.6141194705686868e-09,7.882056946025843e-12,1.0440741709711957e-11,6.459761934273261e-06,1.7015431988749878e-11,2115726478399.266
95.51297845353461,4.935332821871616,493.5332821871615,5.706426893625495e-15,1.6132765698264861e-09,9.137301095282002e-12,1.2389391555697846e-11,6.459761934273261e-06,1.870128066629525e-11,1925001856417.3364
105.0207436246977,4.4885259921696985,448.8525992169698,6.2744687215472905e-15,1.6118345345812814e-09,1.058720217005007e-11,1.497819302190374e-11,6.459761934273261e-06,2.0562885108477395e-11,1750727089612.4585
115.51547856630418,4.080737433000166,408.07374330001653,6.901477099695487e-15,1.610051616912459e-09,1.2262580553096148e-11,1.6859656758710804e-11,6.459761934273261e-06,2.261773657305441e-11,1591671203867.8757
127.09579519084929,3.7089215797312627,370.89215797312625,7.59334360090768e-15,1.6081080465904558e-09,1.418014458817295e-11,2.0434730131329593e-11,6.459761934273261e-06,2.488514310677003e-11,1446646291947.8315
139.87050999642412,3.370176726234123,337.01767262341224,8.356569471414812e-15,1.606129027536371e-09,1.6386780261129808e-11,2.4481597076265778e-11,6.459761934273261e-06,2.7386410797078254e-11,1314520557905.335
153.95966592190626,3.061765136042517,306.1765136042517,9.198326681622292e-15,1.6042012361619188e-09,1.8924961150696713e-11,2.8014224465060286e-11,6.459761934273261e-06,3.0145043849672457e-11,1194226161339.3262
169.4956598895056,2.781123350201087,278.1123350201087,1.0126525291186555e-14,1.602384522732952e-09,2.1834696651840198e-11,3.3766418884930754e-11,6.459761934273261e-06,3.318696535942088e-11,1084763237919.2687
186.6244865827951,2.5258654215630836,252.58654215630835,1.1149887758585563e-14,1.600720138143224e-09,2.5159113526246708e-11,4.060607930064945e-11,6.459761934273261e-06,3.654076084001489e-11,985201160906.789
205.5071101129436,2.2937811602595057,229.37811602595053,1.2278030891375253e-14,1.5992364791042457e-09,2.8947129304721325e-11,4.69400811706955e-11,6.459761934273261e-06,4.023794679391213e-11,894677856809.6987
226.32097643677693,2.0828309637844318,208.28309637844316,1.352155620566989e-14,1.597953079674086e-09,3.327701152366078e-11,5.581615951657203e-11,6.459761934273261e-06,4.431326684125124e-11,812397788882.6644
249.26168071974985,1.8911384056919587,189.11384056919584,1.4892149542812565e-14,1.5968833735160653e-09,3.8215599551859224e-11,6.708555054109357e-11,6.459761934273261e-06,4.8805018186719626e-11,737629066385.5542
274.54480529802413,1.7169814484916,171.69814484915997,1.640269087849645e-14,1.5960365998053187e-09,4.384626610898067e-11,7.892835741452186e-11,6.459761934273261e-06,5.375541148943961e-11,669700017217.286
302.4079455007822,1.5587829106005633,155.8782910600563,1.806737535560368e-14,1.5954191154073366e-09,5.022746528768732e-11,9.239781244197924e-11,6.459761934273261e-06,5.921096751557283e-11,607995469598.2935
333.1129423620774,1.415100638641863,141.5100638641863,1.990184667766825e-14,1.5950352969067263e-09,5.746475654458878e-11,1.0961990508755073e-10,6.459761934273261e-06,6.522295429954842e-11,551952918824.6115
366.9483431978494,1.2846177022314145,128.46177022314143,2.1923344116152782e-14,1.5948881600781788e-09,6.569069690720329e-11,1.3053519875263083e-10,6.459761934273261e-06,7.184786892090749e-11,501058702793.67633
404.2321131666152,1.1661328284478734,116.6132828447873,2.4150864512755365e-14,1.594979785090627e-09,7.499768241678929e-11,1.533034300799495e-10,6.459761934273261e-06,7.914796842332936e-11,454844271017.1797
445.31462329209205,1.0585512193415023,105.85512193415022,2.6605340798946264e-14,1.5953116083351889e-09,8.55567534627895e-11,1.783145218836321e-10,6.459761934273261e-06,8.719185486443978e-11,412882603036.37836
490.58194302492313,0.9608758418010052,96.0875841801005,2.93098387102059e-14,1.5958846227643296e-09,9.746369979815429e-11,2.0981610898672264e-10,6.459761934273261e-06,9.605511999386336e-11,374784811078.26337
540.4594682831897,0.8721992399797276,87.21992399797274,3.228977354345709e-14,1.5966995155035721e-09,1.1089094762492531e-10,2.497936773451592e-10,6.459761934273261e-06,1.0582105561745878e-10,340196946533.3946
595.415919064502,0.7916958925402527,79.16958925402527,3.5573148994566586e-14,1.5977567624585414e-09,1.2604554790753287e-10,2.9071136640269215e-10,6.459761934273261e-06,1.1658143632304787e-10,308797018937.4214
655.9677441958592,0.7186151173550668,71.86151173550667,3.919082032030984e-14,1.5990566934308133e-09,1.4316450183987355e-10,3.3540746507652e-10,6.459761934273261e-06,1.2843738192303596e-10,280292228485.1027
722.6839746137712,0.6522745128371956,65.22745128371955,4.317678429779482e-14,1.6005995369976843e-09,1.6245739622299396e-10,3.930114246686282e-10,6.459761934273261e-06,1.4150030771850333e-10,254416407854.16077
796.1915707823578,0.5920539161363487,59.205391613634866,4.756849870618014e-14,1.6023854514941575e-09,1.8418733417056465e-10,4.646728073728972e-10,6.459761934273261e-06,1.5589297151468249e-10,230927665629.9377
877.1813145009392,0.5373898527975781,53.738985279757806,5.2407234332966015e-14,1.6044145464390438e-09,2.0846591136051302e-10,5.385242999573013e-10,6.459761934273261e-06,1.7175062722698284e-10,209606221422.54526
966.4143004685559,0.4877704492244145,48.77704492244144,5.773846281278808e-14,1.6066868973812241e-09,2.357793062520301e-10,6.17389435221685e-10,6.459761934273261e-06,1.8922229591841432e-10,190252421498.5843
1064.7290886091607,0.4427307777344687,44.273077773446865,6.36122839433852e-14,1.6092025562076654e-09,2.6650304014299234e-10,7.176131692070366e-10,6.459761934273261e-06,2.0847216621283988e-10,172684923143.38867
1173.0495843706879,0.40184860363710373,40.184860363710364,7.008389649439711e-14,1.6119615583153828e-09,3.0098043718542617e-10,8.364810556901996e-10,6.459761934273261e-06,2.2968113724429033e-10,156739035829.96533
1292.39372105237,0.3647405042269966,36.474050422699655,7.721411693337311e-14,1.614963927611706e-09,3.3968404242577494e-10,9.713439593174872e-10,6.459761934273261e-06,2.530485186420614e-10,142265207451.86502
1423.8830257516638,0.3310583306009995,33.10583306009994,8.506995094367144e-14,1.618209680007242e-09,3.8310347291596546e-10,1.1117503826527534e-09,6.459761934273261e-06,2.7879390352704626e-10,129127644272.56415
1568.753158825964,0.3004859845695719,30.048598456957187,9.37252231050402e-14,1.6216988258601038e-09,4.3131123676155613e-10,1.2758432276977013e-09,6.459761934273261e-06,3.0715923212062617e-10,117203053775.90685
1728.3655259127606,0.272736484504632,27.2736484504632,1.032612706542475e-13,1.6254313716886482e-09,4.853866936656609e-10,1.4693198265499534e-09,6.459761934273261e-06,3.384110653587034e-10,106379500214.7501
1904.2200716313093,0.2475492956402966,24.754929564029656,1.1376770784532315e-13,1.6294073213726697e-09,5.459129029822085e-10,1.6950839876928083e-09,6.459761934273261e-06,3.728430898769874e-10,96555363308.13461
2097.9693751935224,0.2246879020495538,22.46879020495538,1.2534326809242071e-13,1.633626676995987e-09,6.136127173811172e-10,1.9512334579827036e-09,6.459761934273261e-06,4.1077887790791855e-10,87638391202.9427
2311.4341803864577,0.20393759920848473,20.39375992084847,1.3809673180927138e-13,1.6380894394370255e-09,6.893277892043762e-10,2.2254894139495765e-09,6.459761934273261e-06,4.5257492802514104e-10,79544839474.62543
2546.620505868223,0.18510348769681906,18.510348769681904,1.5214794866452838e-13,1.6427956087819344e-09,7.739090112946949e-10,2.5410545716196096e-09,6.459761934273261e-06,4.986240153106857e-10,72198688580.14972
2805.7384965698543,0.16800865014780955,16.800865014780953,1.6762896385956092e-13,1.6477451846125083e-09,8.679357136321978e-10,2.8882322027918065e-09,6.459761934273261e-06,5.49358882427777e-10,65530932786.42462
3091.223193357808,0.15249249503864043,15.249249503864041,1.8468525901280893e-13,1.6529381662056832e-09,9.726733400324562e-10,3.3018333457758084e-09,6.459761934273261e-06,6.052563062858448e-10,59478934174.04271
3405.757416138226,0.1384092522981132,13.840925229811319,2.034771193118042e-13,1.6583745526705439e-09,1.0894972957139566e-09,3.790826002471918e-09,6.459761934273261e-06,6.668415785138825e-10,53985835856.59025
3752.2969754452433,0.12562660699864017,12.562660699864017,2.2418113978056922e-13,1.6640543430411866e-09,1.2198850537188788e-09,4.302680972493158e-09,6.459761934273261e-06,7.346934418470688e-10,49000029059.050224
4134.098449437151,0.11402445859522875,11.402445859522873,2.469918848174145e-13,1.6699775363384522e-09,1.3650929327391063e-09,4.864366119946243e-09,6.459761934273261e-06,8.094495288159351e-10,44474669165.18056
4554.749787332596,0.1034937942776667,10.349379427766669,2.72123716598515e-13,1.6761441316097823e-09,1.5271459210966488e-09,5.52558443365802e-09,6.459761934273261e-06,8.918123538477433e-10,40367236274.17499
5018.2040268801775,0.09393566601745135,9.393566601745134,2.998128095295418e-13,1.6825541279537714e-09,1.7074706283726762e-09,6.2187269222115646e-09,6.459761934273261e-06,9.825559150903675e-10,36639136202.939674
5528.816442718672,0.08526026182280906,8.526026182280905,3.3031936967599733e-13,1.6892075245341112e-09,1.9074537060281325e-09,7.078292385164351e-09,6.459761934273261e-06,1.082532967998797e-09,33255338233.763615
6091.385474726706,0.07738606256856449,7.738606256856449,3.639300800291797e-13,1.696104320586262e-09,2.129673259552132e-09,8.082188611332394e-09,6.459761934273261e-06,1.1926830390372209e-09,30184046240.030853
6711.197820982812,0.07023907654794982,7.023907654794982,4.009607945869674e-13,1.7032445154192316e-09,2.3769458500254582e-09,9.051358951592264e-09,6.459761934273261e-06,1.3140412548048233e-09,27396400126.986225
7394.078119093414,0.06375214460599216,6.3752144605992145,4.4175950656683784e-13,1.7106281084141508e-09,2.6518250038127153e-09,1.017799306078699e-08,6.459761934273261e-06,1.4477480695563125e-09,24866204802.492207
8146.44368276491,0.0578643093640655,5.786430936406549,4.867096186446573e-13,1.7182550990208096e-09,2.9573899095567446e-09,1.15812200471611e-08,6.459761934273261e-06,1.5950599825307465e-09,22569684146.22367
8975.364808002889,0.05252024263750618,5.252024263750617,5.362335459510752e-13,1.726125486753032e-09,3.2972167790680136e-09,1.2919306865243672e-08,6.459761934273261e-06,1.7573613458039911e-09,20485257676.775646
9888.63121566075,0.047669725687606,4.7669725687605995,5.907966856843718e-13,1.7342392711834232e-09,3.6750098725428175e-09,1.4459700967894195e-08,6.459761934273261e-06,1.9361773736280802e-09,18593337826.55557
10894.82525472662,0.04326717744021992,4.326717744021991,6.509117906438974e-13,1.7425964519379118e-09,4.094937625281886e-09,1.648962595603451e-08,6.459761934273261e-06,2.1331884755117714e-09,16876145925.813362
12003.402554270655,0.0392712262498213,3.9271226249821294,7.171437877840381e-13,1.7511970286903323e-09,4.558838083181877e-09,1.8494131149453645e-08,6.459761934273261e-06,2.350246047736287e-09,15317545171.35537
13224.780881973062,0.035644321193934014,3.564432119393401,7.901150870706894e-13,1.7600410011572368e-09,5.073684916021117e-09,2.0495233507501545e-08,6.459761934273261e-06,2.5893898717057688e-09,13902889013.883755
14570.438044273418,0.03235237925202354,3.2352379252023535,8.705114305297739e-13,1.7691283690930108e-09,5.64507933470624e-09,2.319860068758207e-08,6.459761934273261e-06,2.8528672826319917e-09,12618883541.889547
16053.019748151042,0.029364465058403694,2.9364465058403693,9.590883364538223e-13,1.7784591322853813e-09,6.279254215293402e-09,2.6149958798710418e-08,6.459761934273261e-06,3.143154288689687e-09,11453462570.877367
17686.458438158228,0.026652500223528844,2.6652500223528843,1.0566781993254943e-12,1.7880332905513112e-09,6.983947417698582e-09,2.8808335407330895e-08,6.459761934273261e-06,3.4629788391079397e-09,10395674265.590824
19486.104225468294,0.024190999494929432,2.419099949492943,1.164198112179033e-12,1.7978508437333043e-09,7.764156446000461e-09,3.216295890193005e-08,6.459761934273261e-06,3.815346459857767e-09,9435578230.90647
21468.869139333838,0.02195683128054469,2.195683128054469,1.2826584849096737e-12,1.8079117916960978e-09,8.630809850248084e-09,3.651173110227002e-08,6.459761934273261e-06,4.2035684978452124e-09,8564152105.15873
23653.38605654715,0.019929000285604674,1.992900028560467,1.4131725395209044e-12,1.8182161343237257e-09,9.591405833890584e-09,4.0687816859173247e-08,6.459761934273261e-06,4.631293239032618e-09,7773206778.744085
26060.183802428797,0.018088450221617876,1.8088450221617876,1.5569667715403542e-12,1.82876387151692e-09,1.065580297791157e-08,4.4718771941517006e-08,6.459761934273261e-06,5.102540192917906e-09,7055309441.7494955
28711.880068843904,0.016417884734339045,1.6417884734339043,1.7153924759147475e-12,1.8395550031908309e-09,1.1830774799200708e-08,5.0390583148860125e-08,6.459761934273261e-06,5.621737865557974e-09,6403713737.802836
31633.393962176084,0.014901604868579162,1.490160486857916,1.889938445697499e-12,1.850589529273032e-09,1.313318978485543e-08,5.6915765643404784e-08,6.459761934273261e-06,6.193765376104779e-09,5812296368.035849
34852.180178663046,0.01352536154294978,1.3525361542949779,2.082244962863937e-12,1.861867449701776e-09,1.4576757543333781e-08,6.254189564954414e-08,6.459761934273261e-06,6.823998307942512e-09,5275499549.596793
38398.48700773752,0.012276221648562827,1.2276221648562826,2.294119212731699e-12,1.87338876442448e-09,1.6175784796792173e-08,6.854188804961164e-08,6.459761934273261e-06,7.518359225308155e-09,4788278788.118755
42305.640587940616,0.011142446513640944,1.1142446513640945,2.527552266842168e-12,1.8851534733964187e-09,1.794832898701566e-08,7.738980199833996e-08,6.459761934273261e-06,8.28337333012162e-09,4346055473.449418
46610.35808667747,0.010113381592131161,1.011338159213116,2.784737793898081e-12,1.897161576579582e-09,1.9909898950415805e-08,8.727954049854268e-08,6.459761934273261e-06,9.126229782055573e-09,3944673853.2471437
51353.09274690114,0.009179356339835859,0.9179356339835857,3.0680926745920825e-12,1.9094130739417007e-09,2.2084626110436717e-08,9.54252929560112e-08,6.459761934273261e-06,1.0054849258096287e-08,3580361980.167168
56578.414043269615,0.008331593337274193,0.8331593337274192,3.3802797140522432e-12,1.9219079654554026e-09,2.4493054592217538e-08,1.0449752042806735e-07,6.459761934273261e-06,1.1077958386480299e-08,3249696265.688714
62335.42652026719,0.007562125805350554,0.7562125805350554,3.724232665343135e-12,1.9346462510974923e-09,2.7160096588976413e-08,1.1835012541522681e-07,6.459761934273261e-06,1.2205171754494696e-08,2949569307.514463
68678.23124828521,0.006863722738756695,0.6863722738756693,4.103183799178679e-12,1.9476279308483233e-09,3.009741949166891e-08,1.335663608324786e-07,6.459761934273261e-06,1.3447082260802226e-08,2677160688.2289057
75666.43423416169,0.006229820953603554,0.6229820953603553,4.520694278931118e-12,1.9608530046912713e-09,3.334527335697285e-08,1.4589070660602427e-07,6.459761934273261e-06,1.4815360661370544e-08,2429910470.817367
83365.70656392607,0.00565446341074286,0.5654463410742859,4.980687626382719e-12,1.9743214726122806e-09,3.693996010180812e-08,1.577770300279267e-07,6.459761934273261e-06,1.6322865244480274e-08,2205495141.986406
91848.40154164682,0.005132243235204308,0.5132243235204307,5.487486592712056e-12,1.9880333345994687e-09,4.091804578829351e-08,1.7691993104210364e-07,6.459761934273261e-06,1.7983762665474252e-08,2001805777.225577
101194.23462389657,0.004658252905695969,0.46582529056959676,6.04585378120707e-12,2.0019885906428055e-09,4.5319228716008336e-08,2.0130248211425883e-07,6.459761934273261e-06,1.981366107678311e-08,1816928222.4264665
111491.03253946398,0.004228038136695798,0.4228038136695797,6.661036403453589e-12,2.016187240733822e-09,5.0186991693505994e-08,2.208190003455537e-07,6.459761934273261e-06,2.182975680430592e-08,1649125105.823396
122835.55863410581,0.0038375560197563413,0.3837556019756341,7.338815589592084e-12,2.030629284865376e-09,5.5569769197344194e-08,2.3761610399219052e-07,6.459761934273261e-06,2.4050995948525656e-08,1496819511.2189033
135334.4221964513,0.003483137030667474,0.34831370306674736,8.08556071603186e-12,2.0453147230314447e-09,6.152670463959957e-08,2.6250032634962904e-07,6.459761934273261e-06,2.6498252428993046e-08,1358580159.0677965
149105.08031037904,0.0031614505454488732,0.3161450545448873,8.908289261163217e-12,2.0602435552269553e-09,6.811390692534489e-08,3.001412095502576e-07,6.459761934273261e-06,2.9194524145338292e-08,1233107956.1626763
164276.94164869183,0.002869473541116411,0.2869473541116411,9.814732751556758e-12,2.0754157814476336e-09,7.539444379475026e-08,3.362720615196834e-07,6.459761934273261e-06,3.216514909821768e-08,1119223787.5245793
180992.5825809061,0.002604462187093932,0.26044621870939316,1.0813409418374122e-11,2.0908314016898828e-09,8.342636014730386e-08,3.641125484454567e-07,6.459761934273261e-06,3.543804350117496e-08,1015857435.775381
199409.08702343307,0.0023639260603056256,0.23639260603056253,1.1913704246773123e-11,2.1064904159506747e-09,9.22766810831696e-08,3.9125917252961263e-07,6.459761934273261e-06,3.904396412105512e-08,922037523.8636793
219699.5226232841,0.0021456047416394675,0.2145604741639467,1.312595717056498e-11,2.1223928242274644e-09,1.0205295948740768e-07,4.362163748890439e-07,6.459761934273261e-06,4.3016797312293125e-08,836882386.6325376
242054.5671476252,0.001947446573850241,0.19474465738502408,1.4461560240926299e-11,2.1385386265181113e-09,1.1286040449558025e-07,4.963399469836803e-07,6.459761934273261e-06,4.7393877461255416e-08,759591785.4459168
266684.300363045,0.001767589381282405,0.17675893812824045,1.5933064682300902e-11,2.154927822820817e-09,1.2479698746071706e-07,5.503763199235995e-07,6.459761934273261e-06,5.221633783318926e-08,689439388.0131137
293820.17824358057,0.0016043429702287464,0.16043429702287462,1.755429884154091e-11,2.17156041313407e-09,1.3797212516680627e-07,5.899533644880859e-07,6.459761934273261e-06,5.752949711883634e-08,625765942.7412733
323717.20805996825,0.0014561732454739375,0.14561732454739373,1.9340498138705058e-11,2.188436397456603e-09,1.5252877266350467e-07,6.342219473079758e-07,6.459761934273261e-06,6.338328531325291e-08,567973083.4727292
356656.34479034046,0.0013216877937599857,0.13216877937599855,2.1308448240716005e-11,2.2055557757873484e-09,1.6861322884499468e-07,7.127726282637013e-07,6.459761934273261e-06,6.983271292899666e-08,515517706.3878855
392947.1313724641,0.001199622798695607,0.11996227986956069,2.3476642803340814e-11,2.222918548125415e-09,1.8637088350272217e-07,8.141677393432509e-07,6.459761934273261e-06,7.693838795307817e-08,467906866.23113346
432930.6076090635,0.0010888311641437688,0.10888311641437687,2.58654572638611e-11,2.2405247144700523e-09,2.0598018755374706e-07,9.032463920001629e-07,6.459761934273261e-06,8.476708540573436e-08,424693143.89762723
476982.5150624534,0.000988271734477992,0.09882717344779919,2.849734031763706e-11,2.2583742748206313e-09,2.2763494663583931e-07,9.727439325833295e-07,6.459761934273261e-06,9.339237485341174e-08,385470441.8482284
525516.8280562155,0.0008969995104058218,0.08969995104058216,3.139702487795026e-11,2.2764672291766256e-09,2.515342698515725e-07,1.0489048874382939e-06,6.459761934273261e-06,1.0289531177296056e-07,349870167.8404389
578989.64396623,0.0008141567684135294,0.08141567684135294,3.4591760501604135e-11,2.294803577537593e-09,2.777733686044736e-07,1.1647604715659916e-06,6.459761934273261e-06,1.1336519926408103e-07,317557771.11227065
637903.469359773,0.0007389650003778018,0.07389650003778017,3.811156946448366e-11,2.3133833199031637e-09,3.0674358403958183e-07,1.3165172483123833e-06,6.459761934273261e-06,1.2490042726815536e-07,288229598.4681437
702811.9422613197,0.0006707175975976431,0.0670717597597643,4.198952889352333e-11,2.3322064562730274e-09,3.3870529932581523e-07,1.4686116050428322e-06,6.459761934273261e-06,1.376093971799561e-07,261610040.72215852
774325.0349221879,0.0006087732104952744,0.060877321049527436,4.626208160639717e-11,2.351272986646926e-09,3.7394965749290855e-07,1.588470434269307e-06,6.459761934273261e-06,1.5161154054119878e-07,237448942.68268055
853114.7859866213,0.0005525497215844037,0.05525497215844037,5.0969378580021193e-11,2.3705829110246404e-09,4.1279829774616446e-07,1.6981072026313461e-06,6.459761934273261e-06,1.6703844138902776e-07,215519252.33878967
939921.6159219211,0.0005015187750673072,0.05015187750673071,5.6155656266190853e-11,2.39013622940599e-09,4.556470696395718e-07,1.8512373486396961e-06,6.459761934273261e-06,1.8403507280662253e-07,195614887.15701222
1035561.2850613391,0.00045520081165309706,0.0455200811653097,6.186965230014473e-11,2.4099329417908212e-09,5.029703726723615e-07,2.0852533494559805e-06,6.459761934273261e-06,2.0276115929630297e-07,177548797.4370464
1140932.559647438,0.00041316056193725463,0.041316056193725456,6.816506350864589e-11,2.4299730481790084e-09,5.550909508834187e-07,2.3523929155058438e-06,6.459761934273261e-06,2.2339267777793588e-07,161151208.52701318
1257025.6579169163,0.0003750029559918517,0.03750029559918516,7.510105052167305e-11,2.4502565485704445e-09,6.125634837717008e-07,2.5908100538701254e-06,6.459761934273261e-06,2.461235113181495e-07,146268025.3796026
1384931.5555983365,0.00034036941072715344,0.03403694107271534,8.274279372977166e-11,2.47078344296504e-09,6.759529430064936e-07,2.8050182386886066e-06,6.459761934273261e-06,2.711672711311507e-07,132759384.45605595
1525852.2382704313,0.0003089344601353858,0.030893446013538578,9.116210581162985e-11,2.4915537313627213e-09,7.45823893200317e-07,3.0488817815424577e-06,6.459761934273261e-06,2.987593039732513e-07,120498339.36961901
1681111.9969267198,0.0002804026967496525,0.02804026967496525,1.0043810658805899e-10,2.5125674137634257e-09,8.228714527490923e-07,3.3728106944430683e-06,6.459761934273261e-06,3.291589037954372e-07,109369667.91690668
1852169.8728955921,0.00025450599557561113,0.02545059955756111,1.1065796654426482e-10,2.5338244901671006e-09,9.078254556447395e-07,3.755291876724201e-06,6.459761934273261e-06,3.626517484378065e-07,99268789.28635271
2040633.3690660584,0.00023100099440801912,0.02310009944080191,1.2191772600760334e-10,2.5553249605737043e-09,1.001039703922317e-06,4.167280210123448e-06,6.459761934273261e-06,3.995525842645289e-07,90100781.2682942
2248273.556269261,0.0002096668068536366,0.020966680685363656,1.3432319767897638e-10,2.5770688249832e-09,1.103687730776802e-06,4.592332540343481e-06,6.459761934273261e-06,4.4020818396795825e-07,81779488.23100562
2477041.716776834,0.00019030294656879006,0.019030294656879002,1.4799096099933735e-10,2.5990560833955556e-09,1.216757988314282e-06,4.992029230744959e-06,6.459761934273261e-06,4.850006053376416e-07,74226711.47995368
2729087.6813220624,0.000172727443204789,0.017272744320478896,1.6304945769578753e-10,2.6212867358107484e-09,1.3412149687520209e-06,5.408069259739903e-06,6.459761934273261e-06,5.34350781618245e-07,67371474.39174029
3006780.031964518,0.00015677513235594364,0.01567751323559436,1.7964019880256905e-10,2.643760782228755e-09,1.478309560291031e-06,5.9046417651917775e-06,6.459761934273261e-06,5.887224771964982e-07,61149355.416889
3312728.3606530237,0.0001422961034401031,0.014229610344010308,1.9791909449984013e-10,2.666478222649559e-09,1.629500380009786e-06,6.529263203839135e-06,6.459761934273261e-06,6.486266457904153e-07,55501882.68342024
3649807.792660058,0.00012915429092579363,0.01291542909257936,2.1805791926729e-10,2.6894390570731464e-09,1.7958000954172582e-06,7.278052308454674e-06,6.459761934273261e-06,7.146262320965383e-07,50375984.51205019
4021186.0053445506,0.00011722619566713015,0.011722619566713015,2.402459261212521e-10,2.7126432854995037e-09,1.979055144073297e-06,8.016873461129567e-06,6.459761934273261e-06,7.873414620182869e-07,45723490.67927514
4430352.996149892,0.0001063997243303403,0.01063997243303403,2.6469162510499067e-10,2.7360909079286206e-09,2.1808283257667695e-06,8.745522772143129e-06,6.459761934273261e-06,8.674556711899408e-07,41500679.74149809
4881153.879579472,9.657313600550891e-05,0.00965731360055089,2.9162474274537646e-10,2.75978192436049e-09,2.4031058838080993e-06,9.590453015497839e-06,6.459761934273261e-06,9.557217265693335e-07,37667868.16621393
5377825.021356706,8.7654086104409e-05,0.008765408610440898,3.212983808897893e-10,2.7837163347951023e-09,2.6476036043259804e-06,1.0611402347819758e-05,6.459761934273261e-06,1.0529691014456596e-06,34189037.40914552
5925033.849337638,7.955875855952155e-05,0.007955875855952154,3.5399139521075693e-10,2.8078941392324547e-09,2.9171307294405316e-06,1.1773805215114303e-05,6.459761934273261e-06,1.1601116703492597e-06,31031495.432816345
6527922.715295823,7.221107816915754e-05,0.007221107816915752,3.900110157301278e-10,2.8323153376725395e-09,3.213891194763306e-06,1.2943465933949346e-05,6.459761934273261e-06,1.2781562971153852e-06,28165569.48570908
7192157.21976725,6.554199568675456e-05,0.006554199568675456,4.2969573398895296e-10,2.8569799301153533e-09,3.540304280316057e-06,1.4091952380755633e-05,6.459761934273261e-06,1.4082122968076237e-06,25564327.254925232
7923979.454084281,5.94888389360319e-05,0.005948883893603189,4.734184839950309e-10,2.8818879165608946e-09,3.899843584762353e-06,1.546484509831964e-05,6.459761934273261e-06,1.5515018604186688e-06,23203323.771900274
8730266.659936218,5.399472385416114e-05,0.005399472385416113,5.21590146840808e-10,2.9070392970091582e-09,4.294035855962848e-06,1.716461402377472e-05,6.459761934273261e-06,1.7093715403136946e-06,21060371.692741223
9618595.857705383,4.900801992827469e-05,0.0049008019928274684,5.746634119260213e-10,2.9324340714601422e-09,4.726823741739974e-06,1.9007077317824838e-05,6.459761934273261e-06,1.8833049043499547e-06,19115332.794413254
10597315.050918149,4.4481865001796356e-05,0.004448186500179635,6.331370310706047e-10,2.958072239913845e-09,5.204043360974581e-06,2.0775340535381398e-05,6.459761934273261e-06,2.074936477588624e-06,17349928.727378298
11675621.67594922,4.0373724891023605e-05,0.00403737248910236,6.975605054955522e-10,2.9839538023702643e-09,5.728732375039617e-06,2.243915586859042e-05,6.459761934273261e-06,2.286067102615064e-06,15747569.246247888
12863649.034204032,3.6644993673493365e-05,0.0036644993673493357,7.685392497172724e-10,3.0100787588294e-09,6.305743150146831e-06,2.4346154681576725e-05,6.459761934273261e-06,2.5186808628148783e-06,14293196.304261586
14172561.51901903,3.326063089187236e-05,0.0033260630891872355,8.467402808827294e-10,3.0364471092912497e-09,6.941173579608961e-06,2.6797326638514194e-05,6.459761934273261e-06,2.7749637276409553e-06,12973142.54648086
15614659.53216682,3.0188832264025166e-05,0.003018883226402516,9.328984870104318e-10,3.0630588537558128e-09,7.639501027917914e-06,2.967540627569223e-05,6.459761934273261e-06,3.0573240950888573e-06,11775002.871899882
17203495.0759112,2.7400730804782597e-05,0.0027400730804782595,1.0278235330425979e-09,3.0899139922230896e-09,8.407761712620297e-06,3.275979618661736e-05,6.459761934273261e-06,3.3684154244269375e-06,10687517.857487729
18953999.106878612,2.4870125550727384e-05,0.002487012555072738,1.1324074696075304e-09,3.1170125246930773e-09,9.25401543817231e-06,3.5968690970678744e-05,6.459761934273261e-06,3.7111611718703433e-06,9700467.948649287
20882621.84854504,2.2573235338707667e-05,0.0022573235338707665,1.2476331159950216e-09,3.144354451165777e-09,1.0183080241911691e-05,3.9437997341248754e-05,6.459761934273261e-06,4.088782263530155e-06,8804577.421767252
23007487.380912412,2.0488475324233855e-05,0.0020488475324233852,1.3745832961230322e-09,3.171939771641188e-09,1.1206941794224365e-05,4.355907884409185e-05,6.459761934273261e-06,4.504827363812215e-06,7991427.216321773
25348563.960120186,1.8596254139605735e-05,0.0018596254139605735,1.5144510142900145e-09,3.1997684861193087e-09,1.2331042486521162e-05,4.8261118996555066e-05,6.459761934273261e-06,4.963206223710859e-06,7253375.817433543
27927851.668556552,1.687878978558072e-05,0.0016878789785580717,1.6685506663386547e-09,3.2278405946001415e-09,1.356944015166685e-05,5.299035275077234e-05,6.459761934273261e-06,5.4682264223853245e-06,6583487.44533081
30769589.158896174,1.5319942526439515e-05,0.0015319942526439514,1.8383303915870584e-09,3.2561560970836834e-09,1.4930837103530844e-05,5.779862533755891e-05,6.459761934273261e-06,6.024633847294898e-06,5975466.876906428
33900481.4349258,1.3905063218093425e-05,0.0013905063218093423,2.025385681603707e-09,3.284714993569934e-09,1.6428187557333887e-05,6.31259902675085e-05,6.459761934273261e-06,6.637657293301772e-06,5423600.286855501
37349950.80971001,1.262085564390883e-05,0.0012620855643908828,2.2314743737135667e-09,3.3135172840588973e-09,1.8075725831029133e-05,7.000013380245873e-05,6.459761934273261e-06,7.313057599858145e-06,4922701.552453014
41150413.39945534,1.1455251564561074e-05,0.0011455251564561073,2.45853317013557e-09,3.3425629685505685e-09,1.9885716215213727e-05,7.837284659140042e-05,6.459761934273261e-06,8.057181788040158e-06,4468063.517374937
45337583.75140455,1.0397297307707586e-05,0.0010397297307707584,2.708695837988905e-09,3.3718520470449472e-09,2.187240356048509e-05,8.683796984753324e-05,6.459761934273261e-06,8.877022706177651e-06,4055413.7565680738
49950810.468476236,9.437050831716477e-06,0.0009437050831716476,2.984313261201146e-09,3.401384519542037e-09,2.4048450513323964e-05,9.436390375263064e-05,6.459761934273261e-06,9.780284744594554e-06,3680874.426472784
55033445.98465368,8.56548829611532e-06,0.000856548829611532,3.287975532754334e-09,3.4311603860418356e-09,2.6447083345018488e-05,0.00010122272615663385,6.459761934273261e-06,1.07754562370086e-05,3340925.8232943313
60633253.96606315,7.774419260762174e-06,0.0007774419260762173,3.6225362948794437e-09,3.4611796465443443e-09,2.908146543681886e-05,0.00010908878760175317,6.459761934273261e-06,1.1871889228977802e-05,3032373.3068641247
66802858.16625559,7.056409716830951e-06,0.000705640971683095,3.991139555933964e-09,3.491442301049561e-09,3.197871468076188e-05,0.00012007817731629821,6.459761934273261e-06,1.3079887363010272e-05,2752317.279260942
73600236.95377828,6.404712226300068e-06,0.0006404712226300066,4.397249235972357e-09,3.5219483495574874e-09,3.5161105087880425e-05,0.0001338259213403318,6.459761934273261e-06,1.4410802706231661e-05,2498125.936068261
81089268.15931703,5.813202513436225e-06,0.0005813202513436224,4.844681718661367e-09,3.5526977920681226e-09,3.866205149377422e-05,0.00014808651912240624,6.459761934273261e-06,1.5877142430539995e-05,2267410.534199989
89340329.36256847,5.27632191239656e-06,0.0005276321912396559,5.337641715444313e-09,3.583690628581467e-09,4.251279320578072e-05,0.00016190533822190036,6.459761934273261e-06,1.7492686347766403e-05,2058002.9438758416
98430959.25999086,4.789025130105083e-06,0.0004789025130105082,5.880761778985031e-09,3.61492685909752e-09,4.673564974086967e-05,0.00017567397908811055,6.459761934273261e-06,1.9272616404369297e-05,1867935.273792843
108446586.32858483,4.3467328335091644e-06,0.0004346732833509164,6.479145837215948e-09,3.6464064836162823e-09,5.1391074947263764e-05,0.00019102015828371588,6.459761934273261e-06,2.123365935257806e-05,1695421.3780221117
119481331.63326325,3.9452886156586215e-06,0.00039452886156586206,7.138417157097967e-09,3.678129502137752e-09,5.649920059903916e-05,0.00021126038634145056,6.459761934273261e-06,2.3394243938726925e-05,1538840.070843472
131638893.32213077,3.5809199361994125e-06,0.0003580919936199412,7.864771188827958e-09,3.7100959146619312e-09,6.211652453221191e-05,0.00023623603917967076,6.459761934273261e-06,2.577467408594422e-05,1396719.8917805904
145033521.12164643,3.2502026692234148e-06,0.00032502026692234146,8.665033787093014e-09,3.742305721188819e-09,6.82913250941426e-05,0.0002629472267368023,6.459761934273261e-06,2.8397319698667583e-05,1267725.2776672842
159791089.9894116,2.9500289253154346e-06,0.00029500289253154346,9.54672535650118e-09,3.774758921718416e-09,7.508321957323996e-05,0.00028897980989490307,6.459761934273261e-06,3.1286826882055426e-05,1150644.0117980712
176050283.0141474,2.677577845407752e-06,0.00026775778454077515,1.051813152399011e-08,3.8074555162507235e-09,8.254758251639336e-05,0.0003138153668016775,6.459761934273261e-06,3.447034955181468e-05,1044375.832217367
193963894.67907894,2.4302890919796014e-06,0.00024302890919796012,1.1588381002352445e-08,3.840395504785738e-09,9.07536213386483e-05,0.0003414989895876792,6.459761934273261e-06,3.797780461098112e-05,947922.0920945692
213700266.73602933,2.2058387884874406e-06,0.00022058387884874402,1.2767531376593682e-08,3.873578887323462e-09,9.976554021105753e-05,0.0003775402087907831,6.459761934273261e-06,4.184215309165398e-05,860376.3750193038
235444870.18374926,2.002117680918502e-06,0.00020021176809185016,1.4066663619293612e-08,3.907005663863895e-09,0.00010968507551520823,0.0004232919632721232,6.459761934273261e-06,4.609970990369425e-05,780915.9770247296
259402048.2169873,1.8172113162427075e-06,0.00018172113162427073,1.5497986223171476e-08,3.940675834407036e-09,0.00012058146197537971,0.00047413309488604787,6.459761934273261e-06,5.079048510122352e-05,708794.1752919538
285796936.52553666,1.6493820514913956e-06,0.00016493820514913954,1.7074949929432834e-08,3.974589398952885e-09,0.0001325725761703689,0.0005220162176547061,6.459761934273261e-06,5.595855987395018e-05,643333.2108812671
314877578.9891112,1.4970527243946666e-06,0.00014970527243946666,1.881237413004846e-08,4.008746357501445e-09,0.0001456541020893579,0.0005639732807630735,6.459761934273261e-06,6.165250079667057e-05,583917.9195460003
346917258.65012807,1.3587918321234314e-06,0.0001358791832123431,2.0726586131820725e-08,4.0431467100527126e-09,0.00016005286090709707,0.0006048305627922363,6.459761934273261e-06,6.79258162298225e-05,529989.9507750688
382217065.86953235,1.2333000788545417e-06,0.00012333000788545414,2.2835574590960855e-08,4.077790456606689e-09,0.0001758907279989046,0.0006534515608172198,6.459761934273261e-06,7.483745916007986e-05,481042.5207381077
421108727.79969686,1.1193981657408553e-06,0.00011193981657408552,2.5159158560065614e-08,4.1126775971633735e-09,0.0001932800566622391,0.0007198506569361408,6.459761934273261e-06,8.245238120639115e-05,436615.64982442884
463957725.7641646,1.0160157085433646e-06,0.00010160157085433645,2.7719173736100513e-08,4.147808131722768e-09,0.00021238145269577343,0.0008038841603002041,6.459761934273261e-06,9.084214299769429e-05,396291.84002092207
511166729.8395283,9.221811787798273e-07,9.221811787798272e-05,3.053967765963785e-08,4.1831820602848695e-09,0.00023337970238744628,0.0008888866629819776,6.459761934273261e-06,0.00010008558665827654,359692.1515074417
563179382.9157096,8.37012773862494e-07,8.370127738624939e-05,3.3647175793696404e-08,4.218799382849682e-09,0.0002564618574369679,0.0009688043337113158,6.459761934273261e-06,0.00011026957672041784,326472.64159973996
620484469.7949897,7.597101304279125e-07,7.597101304279123e-05,3.707087060673747e-08,4.2546600994172015e-09,0.0002817972359111726,0.001042848487876252,6.459761934273261e-06,0.00012148981642697458,296321.1325752473
683620510.5086261,6.895468029853643e-07,6.895468029853642e-05,4.0842936000558264e-08,4.290764209987432e-09,0.00030964596213510736,0.001123852816722144,6.459761934273261e-06,0.00013385174709505402,268954.27800755424
753180821.0163321,6.258634372027166e-07,6.258634372027166e-05,4.499881966199406e-08,4.3271117145603695e-09,0.0003401810598589105,0.0012290925186599715,6.459761934273261e-06,0.0001474715389924673,244114.90004073837
829819088.8461925,5.680615736761123e-07,5.680615736761123e-05,4.95775761797582e-08,4.363702613136017e-09,0.0003737553618143787,0.0013660732122640748,6.459761934273261e-06,0.00016247718303865485,221569.5725807559
914255516.0716082,5.155980239549626e-07,5.155980239549626e-05,5.462223405685672e-08,4.4005369057143726e-09,0.00041052233241836304,0.0015345034330951765,6.459761934273261e-06,0.00017900969358924883,201106.42769214892
1007283587.3534485,4.6797976597134714e-07,4.67979765971347e-05,6.018020006754976e-08,4.437614592295436e-09,0.0004508304835398769,0.0017164048368239631,6.459761934273261e-06,0.00019722443360735192,182533.16458584083
1109777526.6495228,4.247593109040441e-07,4.247593109040441e-05,6.630370475877106e-08,4.474935672879209e-09,0.000494954757447746,0.0018922036563272997,6.459761934273261e-06,0.00021729257467472096,165675.2424876491
1222700512.6652236,3.8553049793765175e-07,3.8553049793765175e-05,7.305029328257019e-08,4.51250014746569e-09,0.0005431487643982999,0.0020583653203684565,6.459761934273261e-06,0.00023940270556319608,150374.24040513585
1347113730.2494135,3.499246773983737e-07,3.499246773983737e-05,8.048336617213861e-08,4.550308016054881e-09,0.0005958206809788166,0.0022307586604208324,6.459761934273261e-06,0.000263762604482804,136486.36837883142
1484186342.7952623,3.176072463978143e-07,3.176072463978143e-05,8.867277514331486e-08,4.58835927864678e-09,0.000653107713730237,0.002433804298062041,6.459761934273261e-06,0.0002906011916610829,123881.1162274428
1635206479.3609757,2.8827450442873743e-07,2.8827450442873743e-05,9.769547952057208e-08,4.626653935241387e-09,0.000715520602947962,0.0026857301553348586,6.459761934273261e-06,0.0003201706806028564,112440.02708872283
1801593339.760958,2.616507993635186e-07,2.6165079936351857e-05,1.076362694561961e-07,4.665191985838705e-09,0.0007831406553826737,0.0030205676584567657,6.459761934273261e-06,0.00035274894824674025,102055.58423045611
1984910531.384053,2.3748593703503233e-07,2.374859370350323e-05,1.1858856273904906e-07,4.7039734304387296e-09,0.0008565104680092785,0.003414184491165977,6.459761934273261e-06,0.00038864214629174014,92630.20067045443
2186880763.070584,2.155528300567118e-07,2.155528300567118e-05,1.30655282680868e-07,4.742998269041465e-09,0.0009357446877004676,0.0038167612766223575,6.459761934273261e-06,0.0004281875782336828,84075.30211059286
2409402034.1327124,1.9564536378675657e-07,1.9564536378675655e-05,1.4394982532996358e-07,4.782266501646908e-09,0.0010210538449408628,0.004181015347347807,6.459761934273261e-06,0.0004717568691481954,76310.49456683402
2654565470.6531796,1.775764593820534e-07,1.7757645938205338e-05,1.585971251016342e-07,4.821778128255061e-09,0.0011129602563113047,0.004503594810166226,6.459761934273261e-06,0.0005197594580080244,69262.808873108
2924674976.6776342,1.6117631573951254e-07,1.611763157395125e-05,1.747348288394743e-07,4.861533148865921e-09,0.0012111145193268718,0.0048236698695659245,6.459761934273261e-06,0.0005726464453534678,62866.01495933305
3222268884.9710717,1.4629081380360277e-07,1.4629081380360275e-05,1.9251458934072323e-07,4.901531563479491e-09,0.0013165777406902405,0.005200982108142887,6.459761934273261e-06,0.0006309148324741016,57059.99945955902
3550143810.799645,1.3278006824469144e-07,1.3278006824469142e-05,2.121034905014575e-07,4.941773372095769e-09,0.0014293213437701307,0.005738242738813325,6.459761934273261e-06,0.00069511219193917,51790.20080135553
3911380932.9019213,1.205171128976984e-07,1.205171128976984e-05,2.3368561747431834e-07,4.982258574714755e-09,0.0015497288818644406,0.006412822938770058,6.459761934273261e-06,0.000765841813367591,47007.09646774094
4309374948.622941,1.0938670760757953e-07,1.0938670760757953e-05,2.574637865942071e-07,5.02298717133645e-09,0.0016781386552506903,0.00715312925926077,6.459761934273261e-06,0.0008437683727945447,42665.73761323701
4747865975.31451,9.928425526906747e-08,9.928425526906746e-06,2.836614513287804e-07,5.0639591619608556e-09,0.0018146068173189212,0.007854517847067354,6.459761934273261e-06,0.000929624178912038,38725.32666064225
5230974697.7929125,9.011481888362738e-08,9.011481888362737e-06,3.125248021647818e-07,5.10517454658797e-09,0.001960153961625063,0.00847787471710194,6.459761934273261e-06,0.0009011481888362738,35148.83390901885
5763241092.1491995,8.179222939650751e-08,8.17922293965075e-06,3.4432508016370734e-07,5.1466333252177916e-09,0.0021143177259968712,0.009062996385281286,6.459761934273261e-06,0.000817922293965075,31902.64955000139
6349667089.816237,7.423827592984689e-08,7.423827592984689e-06,3.7936112592827657e-07,5.188335497850322e-09,0.002277844396165417,0.00970652471563705,6.459761934273261e-06,0.000742382759298469,28956.267822274796
6995763582.824563,6.738197080212381e-08,6.7381970802123805e-06,4.179621879334095e-07,5.230281064485561e-09,0.0024513123122334125,0.01056389681887109,6.459761934273261e-06,0.0006738197080212382,26282.000336090263
7707602211.975292,6.115888242702125e-08,6.115888242702124e-06,4.604910166127847e-07,5.27247002512351e-09,0.002634650282557343,0.011687508673909401,6.459761934273261e-06,0.0006115888242702125,23854.71587380781
8491872424.605372,5.551052982267945e-08,5.5510529822679445e-06,5.073472732774103e-07,5.314902379764168e-09,0.0028288835993483786,0.013068199398607412,6.459761934273261e-06,0.0005551052982267946,21651.6042212619
9355944338.14098,5.038383304128446e-08,5.038383304128445e-06,5.589712859012526e-07,5.357578128407533e-09,0.0030342206250698633,0.0145573414334234,6.459761934273261e-06,0.0005038383304128446,19651.961810574063
10307938000.194365,4.573061435444774e-08,4.573061435444774e-06,6.158481870686185e-07,5.4004972710536095e-09,0.003250691071259887,0.016028976523364616,6.459761934273261e-06,0.00045730614354447745,17836.99716000778
11356799696.070377,4.150714550680622e-08,4.150714550680622e-06,6.785124729693272e-07,5.443659807702393e-09,0.003480299232607913,0.01752758547572056,6.459761934273261e-06,0.00041507145506806216,16189.654282501997
12512386020.776596,3.767373678319337e-08,3.7673736783193367e-06,7.475530262844706e-07,5.4870657383538835e-09,0.0037224145839525008,0.019106928342561946,6.459761934273261e-06,0.00037673736783193373,14694.452403378738
13785556505.5971,3.419436402767321e-08,3.4194364027673203e-06,8.236186501649401e-07,5.5307150630080845e-09,0.0039783082025726365,0.020770059176103164,6.459761934273261e-06,0.000341943640276732,13337.340480984773
15188275669.680408,3.103633010937869e-08,3.1036330109378682e-06,9.07424165307816e-07,5.574607781664995e-09,0.004249779479901829,0.022747685163275622,6.459761934273261e-06,0.0003103633010937868,12105.565163136916
16733725455.664097,2.8169957653804366e-08,2.816995765380436e-06,9.99757127427465e-07,5.618743894324613e-09,0.004536320132794356,0.024987505360507326,6.459761934273261e-06,0.00028169957653804365,10987.550938501183
18436429105.940273,2.5568310152021957e-08,2.5568310152021954e-06,1.1014852282482045e-06,5.66312340098694e-09,0.004840665157157148,0.02749555612352752,6.459761934273261e-06,0.00025568310152021957,9972.791356638694
20312387643.679817,2.320693882696345e-08,2.3206938826963446e-06,1.2135644495688034e-06,5.707746301651977e-09,0.005163515012991558,0.03004225308038006,6.459761934273261e-06,0.0002320693882696345,9051.75029446683
22379230241.18472,2.1063652877968305e-08,2.10636528779683e-06,1.337048047025985e-06,5.752612596319721e-09,0.005506317791719626,0.032742632888925684,6.459761934273261e-06,0.000210636528779683,8215.77234129523
24656379888.643436,1.9118310944485573e-08,1.911831094448557e-06,1.4730964479811473e-06,5.797722284990176e-09,0.005873163546925731,0.03566592474701179,6.459761934273261e-06,0.00019118310944485573,7457.001460286921
27165235920.148323,1.7352631829227714e-08,1.735263182922771e-06,1.6229881565449088e-06,5.8430753676633375e-09,0.006263390020065093,0.03870997711847148,6.459761934273261e-06,0.00017352631829227713,6768.307161972157
29929375112.24878,1.5750022702061934e-08,1.5750022702061934e-06,1.7881317682185802e-06,5.88867184433921e-09,0.006679894902359238,0.041592332263882245,6.459761934273261e-06,0.00015750022702061938,6143.217496036403
32974773244.848213,1.4295423170198531e-08,1.429542317019853e-06,1.970079207059224e-06,5.9345117150177905e-09,0.007129466445926049,0.04426569573356022,6.459761934273261e-06,0.00014295423170198533,5575.858231678025
36330049206.54543,1.2975163749338322e-08,1.297516374933832e-06,2.1705403097634886e-06,5.980594979699078e-09,0.007610738867304828,0.04660585483089897,6.459761934273261e-06,0.00012975163749338322,5060.897654987965
40026733938.381966,1.1776837405772635e-08,1.1776837405772634e-06,2.391398893723039e-06,6.0269216383830745e-09,0.00812793741458994,0.04901364687211548,6.459761934273261e-06,0.00011776837405772636,4593.496464589027
44099566743.37146,1.0689182962263442e-08,1.0689182962263443e-06,2.6347304600497944e-06,6.073491691069781e-09,0.008688593066161791,0.05117806833559745,6.459761934273261e-06,0.00010689182962263443,4169.262294683185
48586821746.35832,9.701979272018905e-09,9.701979272018903e-07,2.9028216979338346e-06,6.120305137759198e-09,0.009293497411182381,0.05386614045798576,6.459761934273261e-06,9.701979272018905e-05,3784.208438140617
53530667572.08507,8.805949166273115e-09,8.805949166273114e-07,3.1981919736245857e-06,6.16736197845132e-09,0.009948485526744145,0.0566892397855407,6.459761934273261e-06,8.805949166273116e-05,3434.7163817341047
58977563621.51554,7.992672272824765e-09,7.992672272824764e-07,3.523617005976325e-06,6.214662213146154e-09,0.010661885613097274,0.05931846283261319,6.459761934273261e-06,7.992672272824764e-05,3117.501801446549
64978696670.38832,7.254505886254008e-09,7.254505886254007e-07,3.882154951047026e-06,6.262205841843695e-09,0.011434622246845714,0.06125168895115365,6.459761934273261e-06,7.254505886254008e-05,2829.5836982952583
71590461892.90251,6.584513146201383e-09,6.584513146201383e-07,4.2771751408785836e-06,6.3099928645439454e-09,0.012275682517774502,0.062387273615433156,6.459761934273261e-06,6.584513146201382e-05,2568.2563846292396
78874992830.9157,5.976397848770153e-09,5.976397848770152e-07,4.712389746528723e-06,6.3580232812469045e-09,0.01319658508016721,0.06305748209627313,6.459761934273261e-06,5.9763978487701526e-05,2331.0640576430797
86900745289.00018,5.424445278447039e-09,5.424445278447038e-07,5.191888662905563e-06,6.406297091952572e-09,0.014197850241180365,0.06359582471470761,6.459761934273261e-06,5.424445278447039e-05,2115.7777211638754
95743140642.46387,4.923468504514215e-09,4.923468504514215e-07,5.72017794323223e-06,6.454814296660949e-09,0.01529035252064895,0.06405477666560687,6.459761934273261e-06,4.923468504514216e-05,1920.3742388356193
105485274603.77194,4.468759637277276e-09,4.4687596372772757e-07,6.302222144326383e-06,6.5035748953720345e-09,0.016488536939374767,0.06491889584301204,6.459761934273261e-06,4.468759637277276e-05,1743.017321854975
116218698107.94592,4.0560455860434105e-09,4.05604558604341e-07,6.943490980631046e-06,6.552578888085826e-09,0.01779667258273076,0.0657484515078258,6.459761934273261e-06,4.056045586043411e-05,1582.040272592181
128044277655.25256,3.68144790308877e-09,3.6814479030887694e-07,7.650010725424544e-06,6.601826274802331e-09,0.01922426280334463,0.06648563170036417,6.459761934273261e-06,3.68144790308877e-05,1435.930321931578
141073143196.17606,3.3414463362522094e-09,3.3414463362522093e-07,8.428420842247835e-06,6.651317055521541e-09,0.02079244599653537,0.06630153531535832,6.459761934273261e-06,3.34144633625221e-05,1303.3144131432878
155427732466.3592,3.0328457476433503e-09,3.03284574764335e-07,9.286036378739248e-06,6.7010512302434625e-09,0.022500519098582777,0.06528914810362105,6.459761934273261e-06,3.0328457476433504e-05,1182.9462986909266
171242941585.5598,2.752746087586456e-09,2.752746087586455e-07,1.023091670921729e-05,6.751028798968091e-09,0.024360222992733417,0.06379011839515887,6.459761934273261e-06,2.7527460875864557e-05,1073.6948287187536
188667392733.29102,2.4985151416324612e-09,2.498515141632461e-07,1.1271941272014777e-05,6.801249761695429e-09,0.026406791514832162,0.062075723422403854,6.459761934273261e-06,2.4985151416324614e-05,974.5333211601644
207864830814.022,2.2677637945314565e-09,2.2677637945314562e-07,1.241889301329973e-05,6.851714118425476e-09,0.02862834908250607,0.06039083457077631,6.459761934273261e-06,2.2677637945314565e-05,884.5299135740105
229015662236.9959,2.0583235787106626e-09,2.0583235787106622e-07,1.3682550321539927e-05,6.902421869158231e-09,0.031036666203147358,0.0589298808426922,6.459761934273261e-06,2.0583235787106625e-05,802.8388060408447
252318650271.2211,1.8682262962715735e-09,1.868226296271573e-07,1.5074788316557812e-05,6.953373013893695e-09,0.03366912543614619,0.057528428987554794,6.459761934273261e-06,1.8682262962715732e-05,728.6923128249397
277992782907.60596,1.6956855230055271e-09,1.695685523005527e-07,1.660869044503188e-05,7.00456755263187e-09,0.03652705486866917,0.05608730556027596,6.459761934273261e-06,1.695685523005527e-05,661.3936481081669
306279330781.3193,1.5390798206132064e-09,1.5390798206132062e-07,1.8298671431154182e-05,7.056005485372752e-09,0.03961177077247139,0.05409880686063703,6.459761934273261e-06,1.5390798206132064e-05,600.3103780002689
337444114493.54297,1.396937499366183e-09,1.3969374993661827e-07,2.016061273786331e-05,7.107686812116344e-09,0.042957128397605765,0.05151413484952398,6.459761934273261e-06,1.3969374993661829e-05,544.8684772912862
371780002639.58997,1.267922788018854e-09,1.267922788018854e-07,2.2212011811638805e-05,7.1596115328626395e-09,0.046578392550770495,0.048313621781918996,6.459761934273261e-06,1.267922788018854e-05,494.5469350949542
409609664018.4221,1.1508232810035586e-09,1.1508232810035584e-07,2.4472146513373938e-05,7.211779647611648e-09,0.05047413185152482,0.04492485648293924,6.459761934273261e-06,1.1508232810035585e-05,448.87285869000885
451288599887.2127,1.0445385449449785e-09,1.0445385449449784e-07,2.696225628055142e-05,7.264191156363366e-09,0.054667580743211056,0.04155734483369775,6.459761934273261e-06,1.0445385449449786e-05,407.41702954817526
497208484756.3582,9.480697774243238e-10,9.480697774243236e-08,2.9705741723181136e-05,7.316846059117792e-09,0.05921041501720963,0.03846730577121029,6.459761934273261e-06,9.480697774243236e-06,369.7898697869153
547800847119.77844,8.605104208124293e-10,8.605104208124291e-08,3.2728384529185934e-05,7.369744355874927e-09,0.06407711499970117,0.03571778197429059,6.459761934273261e-06,8.605104208124294e-06,335.63778114202336
603541124709.8776,7.810376429659906e-10,7.810376429659906e-08,3.605858974577889e-05,7.422886046634769e-09,0.06928704618045865,0.03321718899759156,6.459761934273261e-06,7.810376429659905e-06,304.6398220558475
664953132386.1162,7.089046047274295e-10,7.089046047274294e-08,3.972765271365302e-05,7.476271131397322e-09,0.07491422639209411,0.030588435712475475,6.459761934273261e-06,7.089046047274296e-06,276.5046916543289
732613984643.8054,6.434334415628625e-10,6.434334415628623e-08,4.377005316247507e-05,7.529899610162585e-09,0.08094729824023901,0.02808348581097249,6.459761934273261e-06,6.434334415628623e-06,250.967992270031
807159519002.0353,5.840088933836351e-10,5.8400889338363506e-08,4.822377923142423e-05,7.583771482930553e-09,0.08739928618642465,0.02559645134477424,6.459761934273261e-06,5.840088933836351e-06,227.7897447859245
889290271236.5731,5.300725226882021e-10,5.3007252268820206e-08,5.3130684459731603e-05,7.63788674970123e-09,0.09430742630985342,0.023100397236607173,6.459761934273261e-06,5.300725226882021e-06,206.7521334505763
979778058609.5328,4.811174666897765e-10,4.811174666897764e-08,5.853688110201226e-05,7.692245410474617e-09,0.10170552557463391,0.02072178793297111,6.459761934273261e-06,4.811174666897765e-06,187.65745897181523
1079473232961.1716,4.366836741132992e-10,4.366836741132992e-08,6.449317346453799e-05,7.746847465250712e-09,0.1096420466199359,0.01849203751584013,6.459761934273261e-06,4.366836741132992e-06,170.32628065323846
1189312671824.2192,3.9635358189988e-10,3.9635358189988e-08,7.105553533469735e-05,7.801692914029518e-09,0.11805175408570766,0.016507840955036178,6.459761934273261e-06,3.9635358189988005e-06,154.59573011442544
1310328582656.517,3.597481911909214e-10,3.597481911909214e-08,7.828563599024292e-05,7.856781756811031e-09,0.127121490565356,0.014734873498460777,6.459761934273261e-06,3.597481911909214e-06,140.31798074819224
1443658202929.167,3.2652350571624497e-10,3.265235057162449e-08,8.625141973146356e-05,7.912113993595255e-09,0.13673383247507784,0.013167838895026152,6.459761934273261e-06,3.2652350571624496e-06,127.35885853171327
1590554487225.8972,2.9636729911629695e-10,2.963672991162969e-08,9.502774438238326e-05,7.967689624382183e-09,0.14697433637081309,0.011732038509244232,6.459761934273261e-06,2.9636729911629688e-06,115.596581136733
1752397881784.8777,2.6899618081957535e-10,2.689961808195753e-08,0.00010469708476125438,8.023508649171824e-09,0.15789529587013207,0.010403476531781471,6.459761934273261e-06,2.689961808195753e-06,104.92061348974738
1930709297133.2993,2.4415293290209933e-10,2.441529329020993e-08,0.0001153503077311533,8.079571067964176e-09,0.16940150784818,0.009173142085953,6.459761934273261e-06,2.4415293290209935e-06,95.230629027374
2127164400724.0125,2.216040929022701e-10,2.2160409290227008e-08,0.00012708752611415456,8.13587688075923e-09,0.18172180236635366,0.008060541628570221,6.459761934273261e-06,2.216040929022701e-06,86.43556688539107
2343609363888.1675,2.011377598758133e-10,2.0113775987581328e-08,0.00014001903949367484,8.192426087556997e-09,0.1946983980807684,0.007046721129480193,6.459761934273261e-06,2.0113775987581328e-06,78.45277616145279
2582078211084.6016,1.825616030733783e-10,1.8256160307337828e-08,0.00015426637074610362,8.249218688357471e-09,0.2084272590873856,0.006147307092053426,6.459761934273261e-06,1.825616030733783e-06,71.2072392097572
2844811934484.1484,1.6570105452750182e-10,1.657010545275018e-08,0.0001699634080424424,8.306254683160656e-09,0.222963502144481,0.005346311717776636,6.459761934273261e-06,1.657010545275018e-06,64.63086666864082
3134279553516.6943,1.503976685639107e-10,1.503976685639107e-08,0.00018725766305182465,8.36353407196655e-09,0.23819161658692353,0.004641030564911481,6.459761934273261e-06,1.5039766856391068e-06,58.66185759617624
3453201317286.412,1.3650763282080272e-10,1.365076328208027e-08,0.00020631165717078454,8.421056854775145e-09,0.2543659147449811,0.004020394592671049,6.459761934273261e-06,1.365076328208027e-06,53.24411870069764
3804574267898.0737,1.2390041678352498e-10,1.2390041678352497e-08,0.00022730444880525723,8.478823031586458e-09,0.27131246575443146,0.0034823647002976614,6.459761934273261e-06,1.2390041678352498e-06,48.32673720851884
4191700404923.5938,1.1245754513436851e-10,1.1245754513436849e-08,0.0002504333160578104,8.536832602400475e-09,0.2891317553006069,0.003009493271271761,6.459761934273261e-06,1.124575451343685e-06,43.86350241516238
4618217715682.493,1.0207148439011665e-10,1.0207148439011663e-08,0.0002759156106330493,8.595085567217204e-09,0.3078847913697349,0.0025972875745023383,6.459761934273261e-06,1.0207148439011664e-06,39.812471423909784
5088134362940.568,9.264463236462527e-11,9.264463236462527e-09,0.00030399080038310324,8.65358192603664e-09,0.3274539722825506,0.0022323060165539556,6.459761934273261e-06,9.264463236462527e-07,36.13557499074063
5605866351303.152,8.408840095998111e-11,8.40884009599811e-09,0.0003349227196878678,8.712321678858786e-09,0.3480929833724407,0.0019150444763214975,6.459761934273261e-06,8.40884009599811e-07,32.798259771616216
6176279026269.886,7.632238366684301e-11,7.6322383666843e-09,0.00036900204881776754,8.771304825683636e-09,0.36963919579551546,0.0016374695737545728,6.459761934273261e-06,7.632238366684301e-07,29.769163610155992
6804732795935.053,6.927359995061663e-11,6.927359995061662e-09,0.0004065490455786555,8.8305313665112e-09,0.39218475609800835,0.0013998665110445021,6.459761934273261e-06,6.927359995061662e-07,27.019820814248185
7497133504999.561,6.287580942264058e-11,6.287580942264057e-09,0.00044791655490926684,8.890001301341473e-09,0.4157898599447139,0.0011952258130427998,6.459761934273261e-06,6.287580942264058e-07,24.524394651954907
8259987934480.462,5.7068889351361413e-11,5.7068889351361405e-09,0.0004934933247136855,8.949714630174453e-09,0.44034894763044596,0.0010205594812740773,6.459761934273261e-06,5.70688893513614e-07,22.259434552862675
9100464948671.975,5.179826966370934e-11,5.1798269663709335e-09,0.0005437076590890891,9.009671353010141e-09,0.4660785234232342,0.0008595236647730213,6.459761934273261e-06,5.179826966370935e-07,20.20365573319791
10026462863981.904,4.701442012714331e-11,4.70144201271433e-09,0.000599031443279699,9.069871469848537e-09,0.4928518308638167,0.0007301477550626854,6.459761934273261e-06,4.7014420127143297e-07,18.337739173751253
11046683672736.834,4.267238489319922e-11,4.267238489319922e-09,0.0006599845781811271,9.130314980689643e-09,0.5207411804098734,0.00061996403904316,6.459761934273261e-06,4.2672384893199224e-07,16.644150070919057
12170714819468.053,3.8731360028453024e-11,3.8731360028453025e-09,0.0007271398660679991,9.19100188553346e-09,0.5498036810071509,0.000526673826853798,6.459761934273261e-06,3.873136002845303e-07,15.106973054770773
13409119298164.941,3.515431006277616e-11,3.5154310062776156e-09,0.0008011283934581286,9.251932184379982e-09,0.5799699921279854,0.00044713202951632584,6.459761934273261e-06,3.5154310062776164e-07,13.71176262561592
14773534917177.396,3.190761995142787e-11,3.190761995142787e-09,0.0008826454616982638,9.313105877229216e-09,0.6114035993579046,0.000379458333163032,6.459761934273261e-06,3.190761995142787e-07,12.445407403560774
16276783664601.186,2.89607791803256e-11,2.8960779180325596e-09,0.0009724571210036123,9.37452296408116e-09,0.6440501693216638,0.00032161929126306584,6.459761934273261e-06,2.89607791803256e-07,11.296006915350755
17932992201899.223,2.6286095045896615e-11,2.628609504589661e-09,0.0010714073693542847,9.436183444935809e-09,0.677975650885163,0.0002698276675514618,6.459761934273261e-06,2.6286095045896614e-07,10.252759760612115
19757724618087.676,2.3858432415081957e-11,2.385843241508195e-09,0.001180426083899697,9.49808731979317e-09,0.7132545426713366,0.0002281569975415593,6.459761934273261e-06,2.385843241508196e-07,9.305862106544483
21768128692034.184,2.1654977519907134e-11,2.1654977519907133e-09,0.001300537759405698,9.560234588653237e-09,0.7498839202357147,0.00019285189266058124,6.459761934273261e-06,2.1654977519907132e-07,8.446415557175834
23983097037356.39,1.965502356689818e-11,1.9655023566898176e-09,0.0014328711358632727,9.622625251516015e-09,0.7879982658245586,0.00016278882906310506,6.459761934273261e-06,1.965502356689818e-07,7.6663435313886374
26423444644267.324,1.7839776146624223e-11,1.783977614662422e-09,0.0015786698057335222,9.685259308381497e-09,0.8276347942690161,0.0001372736358500732,6.459761934273261e-06,1.7839776146624223e-07,6.958315363886251
29112104486803.24,1.6192176614718116e-11,1.6192176614718116e-09,0.0017393039005096766,9.748136759249694e-09,0.8688794061595386,0.00011562734443083349,6.459761934273261e-06,1.6192176614718117e-07,6.315677415844315
32074343033636.855,1.4696741784612506e-11,1.4696741784612503e-09,0.0019162829664196445,9.811257604120594e-09,0.9118411035962775,9.740116476284503e-05,6.459761934273261e-06,1.4696741784612506e-07,5.732390547865114
35337997687723.34,1.3339418425515638e-11,1.3339418425515635e-09,0.0021112701502675997,9.874621842994206e-09,0.956581129276391,7.87852678253712e-05,6.459761934273261e-06,1.3339418425515638e-07,5.202973367641548
38933738386096.734,1.2107451198284593e-11,1.2107451198284592e-09,0.0023260978287247594,9.938229475870526e-09,1.0032343694663322,6.64305625085071e-05,6.459761934273261e-06,1.2107451198284594e-07,4.722450719005722
42895355818183.07,1.0989262788132118e-11,1.0989262788132117e-09,0.0025627848279445656,1.0002080502749557e-08,1.0518985001377543,5.59981729678966e-05,6.459761934273261e-06,1.098926278813212e-07,4.286306928291406
47260078971137.26,9.974345107724699e-12,9.974345107724698e-10,0.002823555395322112,1.0066174923631293e-08,1.1026830670963959,4.720989575440825e-05,6.459761934273261e-06,9.974345107724697e-08,3.890443368647184
52068924986311.836,9.053160548261117e-12,9.053160548261115e-10,0.003110860101683518,1.0130512738515741e-08,1.1557213942104958,3.9775720939317655e-05,6.459761934273261e-06,9.053160548261117e-08,3.5311399435140634
57367084614605.56,8.21705235054652e-12,8.217052350546519e-10,0.003427398870331847,1.0195093947402895e-08,1.211112644599098,3.347447484753551e-05,6.459761934273261e-06,8.217052350546521e-08,3.2050201273116827
63204346892978.15,7.45816325378114e-12,7.458163253781139e-10,0.00377614634936325,1.0259918550292761e-08,1.2690007534972336,2.816217563076737e-05,6.459761934273261e-06,7.45816325378114e-08,2.9090192348056663
69635567032996.01,6.769361657571969e-12,6.769361657571968e-10,0.004160379865687709,1.0324986547185334e-08,1.3295149581699393,2.2002325744863934e-05,6.459761934273261e-06,6.769361657571969e-08,2.6403556209699848
76721181918353.25,6.1441746032809775e-12,6.144174603280977e-10,0.004583710223449987,1.0390297938080616e-08,1.3927868592708648,1.84874413472808e-05,6.459761934273261e-06,6.144174603280978e-08,2.396504540697378
84527778055716.42,5.576726944907158e-12,5.576726944907158e-10,0.005050115636276621,1.045585272297861e-08,1.4589715516189432,1.552509114754405e-05,6.459761934273261e-06,5.5767269449071585e-08,2.175174422706465
93128717316165.83,5.061686137865655e-12,5.061686137865655e-10,0.0055639791122244955,1.0521650901879306e-08,1.5281993746223392,1.3025437298431004e-05,6.459761934273261e-06,5.061686137865655e-08,1.9742853346814777
102604826347588.62,4.594212126820915e-12,4.594212126820915e-10,0.006130129642753128,1.0587692474782714e-08,1.600633304747973,1.0926427600690103e-05,6.459761934273261e-06,4.594212126820915e-08,1.791949437272492
113045156136724.62,4.1699118616485975e-12,4.169911861648597e-10,0.006753887582790861,1.065397744168883e-08,1.676432739602607,9.160022262446088e-06,6.459761934273261e-06,4.169911861648598e-08,1.6264532432741035
124547818858783.98,3.784798014093847e-12,3.7847980140938466e-10,0.007441114648350283,1.0720505802597655e-08,1.7557577809113594,7.675211809817392e-06,6.459761934273261e-06,3.784798014093847e-08,1.4762415152646884
137220909878871.6,3.4352515071686404e-12,3.43525150716864e-10,0.008198269001541908,1.0787277557509188e-08,1.838792475297144,6.432540558871919e-06,6.459761934273261e-06,3.43525150716864e-08,1.3399026503854514
151183523569649.6,3.117987505161429e-12,3.1179875051614283e-10,0.009032465940642918,1.0854292706423434e-08,1.9257046968443432,4.723579359084582e-06,6.459761934273261e-06,3.117987505161429e-08,1.2161554149139702
166566872491304.22,2.830024544652809e-12,2.830024544652809e-10,0.009951544765551094,1.0921551249340387e-08,2.0166880504813522,3.959921310297252e-06,6.459761934273261e-06,2.830024544652809e-08,1.103836903971418
183515520451226.03,2.5686565164483153e-12,2.568656516448315e-10,0.010964142446987022,1.0989053186260049e-08,2.1119396745690513,3.3191727502776375e-06,6.459761934273261e-06,2.568656516448315e-08,1.0018916132157303
202188741030978.78,2.3314272351308674e-12,2.3314272351308673e-10,0.012079774791744654,1.1056798517182417e-08,2.2116596134141475,2.780588278637149e-06,6.459761934273261e-06,2.3314272351308672e-08,0.9093615198228683
222762014347212.34,2.1161073572521534e-12,2.1161073572521532e-10,0.013308925866734699,1.1124787242107499e-08,2.316070015230526,2.329584007030524e-06,6.459761934273261e-06,2.1161073572521534e-08,0.8253770795429336
245428676112210.38,1.9206734312535114e-12,1.9206734312535112e-10,0.01466314652217601,1.1193019361035283e-08,2.4253864972745798,1.950893979485083e-06,6.459761934273261e-06,1.9206734312535112e-08,0.7491490552267042
270401734490986.25,1.7432888822396195e-12,1.7432888822396193e-10,0.016155162939798805,1.1261494873965782e-08,2.539846221531145,1.6330782433856956e-06,6.459761934273261e-06,1.7432888822396195e-08,0.6799611000318202
297915871828703.56,1.582286752910855e-12,1.5822867529108547e-10,0.01779899622613315,1.133021378089898e-08,2.659694417382717,1.3672981394604574e-06,6.459761934273261e-06,1.582286752910855e-08,0.6171630256098642
328229650059494.6,1.4361540384636256e-12,1.4361540384636255e-10,0.019610094174751087,1.1399176081834895e-08,2.7851842337538932,1.0019531834089539e-06,6.459761934273261e-06,1.4361540384636254e-08,0.5601646920126698
361627940521826.06,1.3035174682471615e-12,1.303517468247161e-10,0.021605476435687283,1.1468381776773518e-08,2.9165879362667044,8.396273237417995e-07,6.459761934273261e-06,1.3035174682471614e-08,0.508430461898743
398424601014421.56,1.1831306005609407e-12,1.1831306005609408e-10,0.023803894456257163,1.1537830865714849e-08,3.0541807765973927,7.035730860767393e-07,6.459761934273261e-06,1.1831306005609408e-08,0.46147416692361326
438965425250154.3,1.073862109317185e-12,1.0738621093171847e-10,0.026226007696303115,1.160752334865889e-08,3.198257943834617,5.893069960578367e-07,6.459761934273261e-06,1.073862109317185e-08,0.4188545390111873
483631392425173.5,9.74685152493235e-13,9.746851524932348e-11,0.028894577773837853,1.167745922560564e-08,3.3491261899678793,4.934769193176194e-07,6.459761934273261e-06,9.74685152493235e-09,0.38017106357182984
532842247440830.6,8.846677224646888e-13,8.846677224646887e-11,0.03183468236555326,1.1747638496555095e-08,3.5071055225158965,4.1315730271189263e-07,6.459761934273261e-06,8.846677224646888e-09,0.34506021569811834
587060445423263.4,8.029638875373056e-13,8.029638875373055e-11,0.035073950872307864,1.1818061161507261e-08,3.6725341048490168,3.4580244924131945e-07,6.459761934273261e-06,8.029638875373055e-09,0.313192043968216
646795497608944.1,7.288058423706739e-13,7.288058423706739e-11,0.03864282406424083,1.1888727220462136e-08,3.845761336220474,2.89389321337845e-07,6.459761934273261e-06,7.288058423706739e-09,0.2842670697534253
712608759436314.5,6.614966925881207e-13,6.614966925881207e-11,0.04257484014550694,1.195963667341972e-08,4.027156924324048,2.112540429829626e-07,6.459761934273261e-06,6.614966925881207e-09,0.25801347289141047
785118705839211.5,6.004039057668101e-13,6.0040390576681e-11,0.04690694992690307,1.2030789520380012e-08,4.21710619163649,1.769967764045148e-07,6.459761934273261e-06,6.0040390576681e-09,0.23418453727767555
865006743316248.4,5.449533672642193e-13,5.4495336726421925e-11,0.05167986406819644,1.2102185761343014e-08,4.416012727778637,1.482882174707831e-07,6.459761934273261e-06,5.4495336726421935e-09,0.21255633237044327
953023613394602.6,4.946239850210992e-13,4.946239850210991e-11,0.05693843565333661,1.2173825396308722e-08,4.624299951530679,1.2418864130617504e-07,6.459761934273261e-06,4.946239850210991e-09,0.19292560882106308
1049996447664279.2,4.4894279263996633e-13,4.4894279263996626e-11,0.06273208169377263,1.2245708425277141e-08,4.842409446813094,1.0397021480612265e-07,6.459761934273261e-06,4.489427926399664e-09,0.17510788845429553
1156836540681930.5,4.0748050472072085e-13,4.074805047207208e-11,0.06911524752091694,1.2317834848248267e-08,5.070805451196201,8.703219932593584e-08,6.459761934273261e-06,4.074805047207208e-09,0.1589357306492238
1274547913789541.2,3.6984748268497297e-13,3.6984748268497294e-11,0.0761479184318511,1.2390204665222106e-08,5.3099729324901865,7.282805665574559e-08,6.459761934273261e-06,3.69847482684973e-09,0.14425715882923124
1404236750325747.8,3.356900731782554e-13,3.3569007317825534e-11,0.08389618339642065,1.246281787619865e-08,5.560420268244977,6.09307821468283e-08,6.459761934273261e-06,3.356900731782554e-09,0.13093423227411735
1547121790896452.0,3.0468728464053773e-13,3.0468728464053767e-11,0.09243285612311296,1.2535674481177905e-08,5.822679640728157,5.0975565421766487e-08,6.459761934273261e-06,3.0468728464053774e-09,0.11884174983306728
1704545786393496.2,2.76547770813371e-13,2.7654777081337094e-11,0.10183815932013694,1.2608774480159868e-08,6.097308005066257,3.709814500717613e-08,6.459761934273261e-06,2.7654777081337095e-09,0.10786607335671668
1877988116390173.2,2.5100709283642213e-13,2.510070928364221e-11,0.11220047858199093,1.268211787314454e-08,6.384889232086205,3.106936706111648e-08,6.459761934273261e-06,2.510070928364221e-09,0.09790405979161351
2069078691494026.5,2.2782523420415143e-13,2.278252342041514e-11,0.12361719298611215,1.275570466013192e-08,6.686033946610364,2.6020910340719942e-08,6.459761934273261e-06,2.278252342041514e-09,0.0888620919015124
2279613270303138.0,2.0678434522964574e-13,2.067843452296457e-11,0.13619559020507113,1.282953484112201e-08,7.001382191728369,2.1785389653871578e-08,6.459761934273261e-06,2.0678434522964577e-09,0.080655198506786
2511570334905832.0,1.8768669581937862e-13,1.876866958193786e-11,0.1500538747340074,1.2903608416114805e-08,7.331603751914159,1.8231740861674763e-08,6.459761934273261e-06,1.8768669581937863e-09,0.07320625597447059
2767129683509943.5,1.7035281732026273e-13,1.703528173202627e-11,0.1653222787080429,1.2977925385110315e-08,7.677400158851929,1.5254847698308355e-08,6.459761934273261e-06,1.7035281732026272e-09,0.06644526345501237
3048692914924437.5,1.5461981597714614e-13,1.5461981597714614e-11,0.18214428574849348,1.3052485748108528e-08,8.039506243983894,1.2762990289076438e-08,6.459761934273261e-06,1.5461981597714615e-09,0.06030868505480824
3358905997394718.0,1.4033984215160253e-13,1.4033984215160251e-11,0.20067797933887868,1.312728950510945e-08,8.418691001261882,1.0673418807970125e-08,6.459761934273261e-06,1.4033984215160251e-09,0.05473885276265943
3700684133880319.0,1.273787009166264e-13,1.2737870091662639e-11,0.22109752840197736,1.3202336656113085e-08,8.815760184824736,8.925114610962139e-09,6.459761934273261e-06,1.2737870091662641e-09,0.04968342451918901
4077239157444699.5,1.1561459097039473e-13,1.1561459097039473e-11,0.24359482403853747,1.3277627201119427e-08,9.231557168046601,6.470677625303659e-09,6.459761934273261e-06,1.1561459097039473e-09,0.045094892336468725
4492109714202875.5,1.0493696001814899e-13,1.0493696001814897e-11,0.2683812828087448,1.3353161140128478e-08,9.666965312513787,5.419424342162263e-09,6.459761934273261e-06,1.0493696001814898e-09,0.040930135845453096
4949194517469187.0,9.524546586572522e-14,9.52454658657252e-12,0.29568983350267275,1.342893847314024e-08,10.122909693431412,4.536109297194274e-09,6.459761934273261e-06,9.52454658657252e-10,0.03715001707571254
5452788985607715.0,8.644903346171013e-14,8.644903346171012e-12,0.3257771060701882,1.3504959200154704e-08,10.600358758687758,3.797533184476938e-09,6.459761934273261e-06,8.644903346171011e-10,0.033719012659447635
6007625607887603.0,7.846499902682767e-14,7.846499902682766e-12,0.3589258432806663,1.3581223321171877e-08,11.100326906642948,3.177514625476833e-09,6.459761934273261e-06,7.846499902682766e-10,0.03060488000344163
6618918417677365.0,7.121833322760004e-14,7.1218333227600034e-12,0.39544755777584556,1.3657730836191767e-08,11.623876173662856,2.658162474096405e-09,6.459761934273261e-06,7.121833322760005e-10,0.027778354291836425
7292411990911785.0,6.46409360941094e-14,6.4640936094109395e-12,0.43568545948528176,1.373448174521436e-08,12.17211880443074,2.223405423425004e-09,6.459761934273261e-06,6.464093609410939e-10,0.025212873472335792
8034435430291263.0,5.867099705590105e-14,5.8670997055901045e-12,0.4800176809145973,1.3811476048239663e-08,12.746219510435619,1.8589838998633429e-09,6.459761934273261e-06,5.867099705590105e-10,0.02288432864141368
8851961842524483.0,5.3252414082030315e-14,5.325241408203031e-12,0.5288608306158321,1.3888713745267673e-08,13.347397830867793,1.554056566078664e-09,6.459761934273261e-06,5.325241408203032e-10,0.020770837482797774
9752673867548824.0,4.83342664666507e-14,4.8334266466650695e-12,0.582673908233459,1.3966194836298394e-08,13.97693093792695,1.2990798149765845e-09,6.459761934273261e-06,4.83342664666507e-10,0.01885253863012791
1.0745035875532346e+16,4.38703363057028e-14,4.387033630570279e-12,0.6419626179172874,1.4043919321331822e-08,14.63615615891331,9.388168108226023e-10,6.459761934273261e-06,4.38703363057028e-10,0.01711140502133447
1.1838373510124974e+16,3.981867416780546e-14,3.981867416780545e-12,0.7072841206373334,1.4121887200367966e-08,15.326473943696184,7.858789817725644e-10,6.459761934273261e-06,3.9818674167805463e-10,0.015531074490744144
1.3042961325458048e+16,3.6141204877788086e-14,3.614120487778808e-12,0.7792522700600243,1.4200098473406805e-08,16.04935079564391,6.575963300259487e-10,6.459761934273261e-06,3.6141204877788084e-10,0.014096696006920515
1.4370119340456582e+16,3.280336970823433e-14,3.280336970823433e-12,0.8585433811896237,1.4278553140448367e-08,16.806322346064757,5.503105847703188e-10,6.459761934273261e-06,3.2803369708234336e-10,0.012794790111267183
1.583231941782289e+16,2.977380161657114e-14,2.9773801616571135e-12,0.9459025859850596,1.4357251201492629e-08,17.598996699128186,4.6030746243777793e-10,6.459761934273261e-06,2.977380161657114e-10,0.011613122245880396
1.744330246738282e+16,2.702403047575959e-14,2.7024030475759585e-12,1.0421508356787472,1.44361926565396e-08,18.42905777232199,3.8493022800095093e-10,6.459761934273261e-06,2.702403047575959e-10,0.010540587780255914
1.9218207575201024e+16,2.4528215528524125e-14,2.452821552852412e-12,1.148192615600984,1.4515377505589287e-08,19.298268924607456,3.218284300357456e-10,6.459761934273261e-06,2.452821552852413e-10,0.009567107656400675
2.1173714271946944e+16,2.2262902550875933e-14,2.2262902550875933e-12,1.2650244450094272,1.4594805748641671e-08,20.208476684603266,2.6902135473775506e-10,6.459761934273261e-06,2.2262902550875933e-10,0.00868353367168097
2.3328199277468972e+16,2.0206803442892647e-14,2.0206803442892646e-12,1.393744241800235,1.4674477385696778e-08,21.161614657566016,2.2481487532577317e-10,6.459761934273261e-06,2.0206803442892652e-10,0.007881562509309619
2.570190919456756e+16,1.8340596175481e-14,1.8340596175481e-12,1.535561640104765,1.4754392416754578e-08,22.15970766487267,1.8782758575992373e-10,6.459761934273261e-06,1.8340596175481002e-10,0.007153657708582404
2.831715077484857e+16,1.6646743213131994e-14,1.6646743213131994e-12,1.6918093577309439,1.48345508418151e-08,23.20487601614779,1.3520610637690214e-10,6.459761934273261e-06,1.6646743213131995e-10,0.006492978841582851
3.119850054465928e+16,1.5109326706316355e-14,1.5109326706316352e-12,1.8639557202735835,1.4914952660878326e-08,24.299340034088022,1.1316758265201455e-10,6.459761934273261e-06,1.5109326706316356e-10,0.005893317230801266
3.4373035761057044e+16,1.3713898904748633e-14,1.371389890474863e-12,2.0536184595883897,1.499559787394426e-08,25.44542476295499,9.463118885166404e-11,6.459761934273261e-06,1.3713898904748633e-10,0.005349037603577351
3.78705888681933e+16,1.2447346385795305e-14,1.2447346385795304e-12,2.2625799162992717,1.50764864810129e-08,26.645564902914558,7.918147761985949e-11,6.459761934273261e-06,1.2447346385795305e-10,0.004855025135070596
4.1724027845355336e+16,1.1297766822119503e-14,1.1297766822119502e-12,2.492803789203828,1.515761848208426e-08,27.902309993785657,6.621537839168207e-11,6.459761934273261e-06,1.1297766822119503e-10,0.004406637382097101
4.5969565081205064e+16,1.0254357130500149e-14,1.0254357130500148e-12,2.7464535889776593,1.5238993877158315e-08,29.218329820186586,5.5357448536850244e-11,6.459761934273261e-06,1.0254357130500149e-10,0.003999660656136522
5.064709767684589e+16,9.307311950709238e-15,9.307311950709237e-13,3.02591296959534,1.5320612666235086e-08,30.59642009142204,4.627974716625459e-11,6.459761934273261e-06,9.307311950709239e-11,0.0036302704255264536
5.580058237568046e+16,8.447731500413348e-15,8.447731500413348e-13,3.3338081285304537,1.5402474849314563e-08,32.039508376573465,3.867449834720605e-11,6.459761934273261e-06,8.447731500413351e-11,0.0032949953747281316
6.147844864343637e+16,7.6675379401717e-15,7.6675379401717e-13,3.6730324862390087,1.5484580426396747e-08,33.550660322390335,3.231140965277078e-11,6.459761934273261e-06,7.667537940171701e-11,0.0029906847829126696
6.7734053780251224e+16,6.959399462577056e-15,6.959399462577055e-13,4.046773876850004,1.5566929397481646e-08,35.1330861701768,2.699333144549134e-11,6.459761934273261e-06,6.959399462577055e-11,0.002714478915310556
7.462618434168539e+16,6.316661392174827e-15,6.316661392174827e-13,4.458544505584812,1.564952176256925e-08,36.790147571203065,2.254258047137977e-11,6.459761934273261e-06,6.316661392174828e-11,0.002463782149080071
8.221960858074315e+16,5.73328364867515e-15,5.733283648675149e-13,4.912213954428843,1.573235752165957e-08,38.5253647313276,1.6173094116053414e-11,6.459761934273261e-06,5.7332836486751504e-11,0.002236238581146275
9.058568510241323e+16,5.20378398577556e-15,5.20378398577556e-13,5.412045546222537,1.5815436674752586e-08,40.34242388766894,1.3530106825313603e-11,6.459761934273261e-06,5.203783985775561e-11,0.0020297098887879913
9.980303345053294e+16,4.723186472183613e-15,4.723186472183612e-13,5.962736408901612,1.589875922184832e-08,42.245185139037346,1.130929613777576e-11,6.459761934273261e-06,4.723186472183613e-11,0.001842255234918627
1.099582729287408e+17,4.286974730695635e-15,4.286974730695635e-13,6.569461616385792,1.5982325162946757e-08,44.237690647814105,9.458526820454037e-12,6.459761934273261e-06,4.286974730695635e-11,0.0016721130292229724
1.2114683659855213e+17,3.8910494958981e-15,3.8910494958980996e-13,7.237922820927881,1.6066134498047908e-08,46.32417322535052,7.90722001239219e-12,6.459761934273261e-06,3.8910494958981e-11,0.0015176843737511228
1.3347386810401629e+17,3.5316900916446992e-15,3.531690091644699e-13,7.974401833940445,1.6150187227151763e-08,48.5090653252378,6.60806056924941e-12,6.459761934273261e-06,3.5316900916446986e-11,0.00137751803740129
1.4705520975081942e+17,3.2055194662956786e-15,3.205519466295678e-13,8.785819658823126,1.6234483350258328e-08,50.79700845888186,5.522463679990923e-12,6.459761934273261e-06,3.205519466295679e-11,0.0012502968180899735
1.620184911252074e+17,2.9094724571416874e-15,2.909472457141687e-13,9.679801530545744,1.6319022867367604e-08,53.192863055589285,4.613302193003686e-12,6.459761934273261e-06,2.909472457141687e-11,0.0011348251644493757
1.7850432848294528e+17,2.6407669857791897e-15,2.6407669857791894e-13,10.664748573191863,1.6403805778479586e-08,55.70171878851038,3.853513347309781e-12,6.459761934273261e-06,2.64076698577919e-11,0.0010300179407278062
1.9666764617949248e+17,2.3968779137480714e-15,2.396877913748071e-13,11.74991674885988,1.6488832083594286e-08,58.32890538635248,3.218232093211415e-12,6.459761934273261e-06,2.396877913748072e-11,0.0009348902293120315
2.1667913255939386e+17,2.1755133127424425e-15,2.1755133127424424e-13,12.945503839835613,1.6574101782711676e-08,61.080003956139024,2.6869316959663575e-12,6.459761934273261e-06,2.1755133127424426e-11,0.0008485480750418115
2.3872684398654016e+17,1.9745929263950874e-15,1.974592926395087e-13,14.262745281447321,1.6659614875831794e-08,63.960858839307875,1.9191995763903427e-12,6.459761934273261e-06,1.9745929263950873e-11,0.0007701800843367648
2.6301797208899094e+17,1.7922286212325965e-15,1.7922286212325962e-13,15.714019746181567,1.6745371362954612e-08,66.97759002714788,1.6050103426327319e-12,6.459761934273261e-06,1.7922286212325963e-11,0.0006990498001892969
2.8978079082596243e+17,1.6267066430899273e-15,1.626706643089927e-13,17.312965471281892,1.683137124408014e-08,70.13660616214598,1.3414712875954623e-12,6.459761934273261e-06,1.6267066430899272e-11,0.0006344887813679413
3.1926680167432685e+17,1.4764715122410156e-15,1.4764715122410155e-13,19.074608423005937,1.6917614519208375e-08,73.44461815213761,1.1212476331381764e-12,6.459761934273261e-06,1.4764715122410155e-11,0.000575890320793689
3.5175309709391034e+17,1.3401114059007004e-15,1.3401114059007003e-13,21.015503501958566,1.7004101188339328e-08,76.9086534267491,9.371369780610108e-13,6.459761934273261e-06,1.3401114059007005e-11,0.0005227037440580541
3.875449644819941e+17,1.2163448907316333e-15,1.216344890731633e-13,23.15389011646247,1.7090831251472974e-08,80.53607086624476,7.829569812340559e-13,6.459761934273261e-06,1.2163448907316332e-11,0.00047442923450382164
4.26978755087559e+17,1.1040088806755266e-15,1.1040088806755264e-13,25.509863585959742,1.7177804708609338e-08,84.33457643448736,6.540397168566765e-13,6.459761934273261e-06,1.1040088806755264e-11,0.00043061313623742037
4.704250448455792e+17,1.0020477069437976e-15,1.0020477069437976e-13,28.105563985188965,1.726502155974841e-08,88.31223954922662,5.46388124074949e-13,6.459761934273261e-06,1.0020477069437977e-11,0.0003908436909334995
5.182921168351431e+17,9.095031974533845e-16,9.095031974533844e-14,30.965384203791384,1.7352481804890186e-08,92.47751022450095,4.562208381696792e-13,6.459761934273261e-06,9.095031974533845e-12,0.00035474716836853936
5.710297980874602e+17,8.255056724802423e-16,8.255056724802421e-14,34.116199176565736,1.7440185444034674e-08,96.83923702156308,3.809309135173696e-13,6.459761934273261e-06,8.255056724802423e-12,0.000321984354320582
6.291336867998717e+17,7.492657719127907e-16,7.492657719127906e-14,37.58761843854623,1.7528132477181873e-08,101.40668584646504,3.180344859273855e-13,6.459761934273261e-06,7.492657719127906e-12,0.0002922473628303584
6.931498096808233e+17,6.800670373025238e-16,6.800670373025238e-14,41.41226437827274,1.7616322904331785e-08,106.18955963424051,2.653962064665784e-13,6.459761934273261e-06,6.800670373025238e-12,0.0002652567428672698
7.636797531927293e+17,6.172591790023296e-16,6.172591790023295e-14,45.62607880411041,1.7704756725484395e-08,111.19801896149129,1.8886564571369418e-13,6.459761934273261e-06,6.172591790023296e-12,0.00024075885221040016
8.41386316913314e+17,5.602519651208111e-16,5.602519651208111e-14,50.26866070455955,1.7793433940639725e-08,116.44270363117822,1.5789053292740096e-13,6.459761934273261e-06,5.602519651208111e-12,0.00021852347386574635
9.269997421422884e+17,5.085096748647108e-16,5.085096748647107e-14,55.38363837662203,1.788235454979775e-08,121.9347552754583,1.3191438813084346e-13,6.459761934273261e-06,5.085096748647108e-12,0.00019834165262020266
1.0213245742863799e+18,4.615460641449995e-16,4.6154606414499946e-14,61.019079419282086,1.79715185529585e-08,127.68584102459745,1.1021198715219614e-13,6.459761934273261e-06,4.615460641449995e-12,0.00018002373140142225
1.1252472235112403e+18,4.189197961364594e-16,4.189197961364594e-14,67.22794244497078,1.8060925950121947e-08,133.70817829222688,9.207596287936055e-14,6.459761934273261e-06,4.189197961364594e-12,0.00016339756899046154
1.239744294711085e+18,3.8023029384966845e-16,3.802302938496684e-14,74.06857475395064,1.815057674128811e-08,140.0145607296106,7.689770688174019e-14,6.459761934273261e-06,3.802302938496684e-12,0.0001483069223382482
1.3658917650760328e+18,3.4511397574038804e-16,3.45113975740388e-14,81.60526064846033,1.824047092645697e-08,146.6183854040446,6.421182293887485e-14,6.459761934273261e-06,3.451139757403881e-12,0.00013460997828387115
1.5048750955029005e+18,3.132408389806709e-16,3.132408389806709e-14,89.90882553937561,1.8330608505628547e-08,153.53368125914088,5.361909568690751e-14,6.459761934273261e-06,3.132408389806709e-12,0.00012217802087658298
1.658000370870395e+18,2.843113582833414e-16,2.843113582833414e-14,99.05730152241668,1.8420989478802833e-08,160.77513891744297,4.476162180739908e-14,6.459761934273261e-06,2.8431135828334146e-12,0.00011089422177781628
1.8267065738686403e+18,2.580536711367546e-16,2.5805367113675453e-14,109.13666067860687,1.8511613845979827e-08,168.3581418886898,3.7361866014850436e-14,6.459761934273261e-06,2.5805367113675457e-12,0.0001006525423760942
2.0125791077255273e+18,2.342210229982836e-16,2.3422102299828356e-14,120.24162299012404,1.8602481607159534e-08,176.2987992500318,3.118447757628046e-14,6.459761934273261e-06,2.342210229982836e-12,9.135673729754235e-05
2.2173646949083139e+18,2.1258944843799695e-16,2.125894484379969e-14,132.47654646385115,1.8693592762341942e-08,184.61397986760903,2.6024615758105997e-14,6.459761934273261e-06,2.1258944843799693e-12,8.291944994759003e-05
2.442987791810272e+18,1.9295566644119146e-16,1.9295566644119142e-14,145.95640782751656,1.8784947311527063e-08,193.3213482322096,1.8420982746860633e-14,6.459761934273261e-06,1.9295566644119143e-12,7.526139158426149e-05
2.6915686736776356e+18,1.751351700911136e-16,1.751351700911136e-14,160.8078830144111,1.8876545254714892e-08,202.43940198511612,1.539662050318119e-14,6.459761934273261e-06,1.751351700911136e-12,6.8310596208486e-05
2.965443359729023e+18,1.5896049267975917e-16,1.5896049267975916e-14,177.17053759048184,1.8968386591905435e-08,211.98751121387957,1.2866717302470379e-14,6.459761934273261e-06,1.5896049267975915e-12,6.200174426929679e-05
3.267185565711527e+18,1.4427963395271274e-16,1.4427963395271273e-14,195.19813831071386,1.906047132309868e-08,221.98595960147796,1.0742528002292327e-14,6.459761934273261e-06,1.4427963395271274e-12,5.6275548828510334e-05
3.5996308901914957e+18,1.3095463169874303e-16,1.3095463169874302e-14,215.06009813008478,1.9152799448294634e-08,232.4559875162983,8.972632262403558e-15,6.459761934273261e-06,1.30954631698743e-12,5.1078198416399834e-05
3.96590346186806e+18,1.1886026526082098e-16,1.1886026526082095e-14,236.94306824842656,1.9245370967493298e-08,243.41983713445524,7.492943259205693e-15,6.459761934273261e-06,1.1886026526082096e-12,4.636085134265934e-05
4.369445298326226e+18,1.0788287878486942e-16,1.078828787848694e-14,261.0526921503569,1.9338185880694672e-08,254.90079969033135,6.2543884543265476e-15,6.459761934273261e-06,1.0788287878486943e-12,4.2079176710470375e-05
4.81404865212538e+18,9.791931314784908e-17,9.791931314784906e-15,287.61553812369067,1.943124418789876e-08,266.92326495569046,5.220409755518535e-15,6.459761934273261e-06,9.791931314784907e-13,3.8192937820399615e-05
5.303891648193305e+18,8.887593652804305e-17,8.887593652804304e-15,316.8812284170358,1.952454588910554e-08,279.5127730524881,4.357423296917488e-15,6.459761934273261e-06,8.887593652804306e-13,3.466561404919224e-05
5.843577547425727e+18,8.066776450739609e-17,8.066776450739608e-15,349.12478504519146,1.9618090984315044e-08,292.69606870945717,3.636174775016186e-15,6.459761934273261e-06,8.066776450739608e-13,3.1464057650094885e-05
6.438178005466914e+18,7.321766143715987e-17,7.321766143715987e-15,384.6492142868041,1.971187947352725e-08,306.5011580777034,3.0334092892281566e-15,6.459761934273261e-06,7.321766143715988e-13,2.855818224952433e-05
7.093280733193709e+18,6.645561556171567e-17,6.645561556171566e-15,423.7883541619805,1.9805911356742173e-08,320.95736822604283,2.531275860345066e-15,6.459761934273261e-06,6.645561556171567e-13,2.592068011274384e-05
7.815042006787088e+18,6.03180810886316e-17,6.031808108863159e-15,466.91001164870954,1.9900186633959797e-08,336.09540944243395,2.1117875877266973e-15,6.459761934273261e-06,6.03180810886316e-13,2.3526765521583245e-05
8.610244520852159e+18,5.4747381022088827e-17,5.474738102208881e-15,514.419419119937,1.9994705305180138e-08,351.9474404738924,1.487705403395004e-15,6.459761934273261e-06,5.474738102208883e-13,2.1353941852606784e-05
9.486361128254863e+18,4.9691165147869893e-17,4.969116514786989e-15,566.7630424827753,2.0089467370403175e-08,368.5471368434447,1.2431906771038316e-15,6.459761934273261e-06,4.969116514786989e-13,1.938179016687161e-05
1.0451625065667633e+19,4.510191807634789e-17,4.510191807634789e-15,624.4327768066684,2.0184472829628927e-08,385.9297623892911,1.038598670445836e-15,6.459761934273261e-06,4.5101918076347887e-13,1.759177732455889e-05
1.15151073247605e+19,4.0936512720366684e-17,4.093651272036668e-15,687.9705688684396,2.0279721682857386e-08,404.1322441781075,8.672464885983921e-16,6.459761934273261e-06,4.0936512720366687e-13,1.5967081821256694e-05
1.2686801896130204e+19,3.715580501183921e-17,3.71558050118392e-15,757.9735100544042,2.037521393008856e-08,423.1932509516816,7.238894839467599e-16,6.459761934273261e-06,3.71558050118392e-13,1.4492435709198389e-05
1.3977719687037247e+19,3.372426604846033e-17,3.3724266048460326e-15,835.0994474794973,2.0470949571322438e-08,443.153275273477,6.043618576016395e-16,6.459761934273261e-06,3.372426604846033e-13,1.3153981117929771e-05
1.5399991995538555e+19,3.060964821364901e-17,3.060964821364901e-15,920.0731660536594,2.056692860655902e-08,464.05471954968795,5.04382528641602e-16,6.459761934273261e-06,3.060964821364901e-13,1.1939140026064235e-05
1.6966984513403318e+19,2.778268213211756e-17,2.778268213211756e-15,1013.693199590814,2.066315103579832e-08,485.9419861074853,4.2082453171551587e-16,6.459761934273261e-06,2.778268213211756e-13,1.0836496060319862e-05
1.869342292914603e+19,2.5216801613228156e-17,2.521680161322815e-15,1116.8393349673283,2.0759616859040323e-08,508.86157152182403,3.511027136688597e-16,6.459761934273261e-06,2.5216801613228153e-13,9.835687211052822e-06
2.059553131152305e+19,2.288789399731132e-17,2.2887893997311317e-15,1230.4808798498086,2.0856326076285044e-08,532.8621653912213,2.9292885524008663e-16,6.459761934273261e-06,2.288789399731132e-13,8.927308456088887e-06
2.2691184573937283e+19,2.0774073558851336e-17,2.077407355885133e-15,1355.6857716873328,2.0953278687532453e-08,557.9947537722919,2.4431491604801544e-16,6.459761934273261e-06,2.0774073558851336e-13,8.102823377770448e-06
2.500007645252716e+19,1.8855475837106687e-17,1.8855475837106685e-15,1493.630613569407,2.105047469278259e-08,584.3127274928304,2.0372636563125882e-16,6.459761934273261e-06,1.8855475837106687e-13,7.354483942644791e-06
2.7543904576496484e+19,1.711407096140925e-17,1.7114070961409247e-15,1645.6117312605622,2.1147914092035428e-08,611.8719955734806,1.699316044246403e-16,6.459761934273261e-06,1.7114070961409245e-13,6.675257689931702e-06
3.034657436987395e+19,1.5533494216876375e-17,1.5533494216876373e-15,1813.0573553195104,2.1245596885290984e-08,640.731103999,1.1899041603433587e-16,6.459761934273261e-06,1.5533494216876374e-13,6.058761644527817e-06
3.3434423700847067e+19,1.4098892258295545e-17,1.4098892258295544e-15,1997.5410427829956,2.1343523072549235e-08,670.9513600913684,9.938673221612302e-17,6.459761934273261e-06,1.4098892258295545e-13,5.499202333502311e-06
3.6836470389801538e+19,1.279678352698399e-17,1.2796783526983987e-15,2200.7964645439633,2.1441692653810212e-08,702.596962749025,8.301531414789551e-17,6.459761934273261e-06,1.279678352698399e-13,4.991321342391887e-06
4.058468490199627e+19,1.1614931558905837e-17,1.1614931558905836e-15,2424.733697386835,2.1540105629073877e-08,735.7351388288353,6.933315653920225e-17,6.459761934273261e-06,1.1614931558905839e-13,4.530345899666191e-06
4.471429078748935e+19,1.0542229993466338e-17,1.0542229993466337e-15,2671.457173783458,2.163876199834026e-08,770.4362859605898,5.78886884348345e-17,6.459761934273261e-06,1.0542229993466337e-13,4.111944024983759e-06
4.926409569166874e+19,9.568598202365141e-18,9.568598202365139e-16,2943.285458131109,2.1737661761609357e-08,806.7741220973575,4.830258384020805e-17,6.459761934273261e-06,9.568598202365141e-14,3.7321838197488105e-06
5.427685604703615e+19,8.684886557687537e-18,8.684886557687535e-16,3242.7730352783774,2.183680491888116e-08,844.8258421194267,4.031543523125201e-17,6.459761934273261e-06,8.684886557687536e-14,3.387496517404552e-06
5.9799678873409585e+19,7.882790448997753e-18,7.882790448997753e-16,3572.7343160950763,2.1936191470155666e-08,884.6722818245397,3.3638942428000865e-17,6.459761934273261e-06,7.882790448997754e-14,3.074642946230924e-06
6.588446446242074e+19,7.154772241418414e-18,7.154772241418413e-16,3936.2700856760653,2.2035821415432883e-08,926.3980896527231,2.805853876579792e-17,6.459761934273261e-06,7.154772241418414e-14,2.7906830894842443e-06
7.2588394106413335e+19,6.493990441301107e-18,6.493990441301106e-16,4336.796642724678,2.2135694754712814e-08,970.0919065106235,2.3401042280968153e-17,6.459761934273261e-06,6.493990441301107e-14,2.5329484568216744e-06
7.9974467455121e+19,5.8942354038302685e-18,5.894235403830268e-16,4778.0779039499275,2.223581148799545e-08,1015.8465540772487,1.951553860679737e-17,6.459761934273261e-06,5.894235403830269e-14,2.299017007374019e-06
8.811209454990772e+19,5.349870978375687e-18,5.349870978375686e-16,5264.260775176974,2.23361716152808e-08,1063.7592319912558,1.627008403988014e-17,6.459761934273261e-06,5.349870978375687e-14,2.086690388807648e-06
9.707774809914884e+19,4.8557815432121554e-18,4.855781543212155e-16,5799.9141215670425,2.2436775136568848e-08,1113.9317243385758,1.3562171969769057e-17,6.459761934273261e-06,4.855781543212155e-14,1.893973278482088e-06
1.06955682124478e+20,4.4073239318676955e-18,4.407323931867695e-16,6390.071703167522,2.253762205185961e-08,1166.4706158791437,1.1307032188635373e-17,6.459761934273261e-06,4.4073239318676953e-14,1.7190546325628468e-06
1.1783872373129947e+20,4.000283799333436e-18,4.000283799333436e-16,7040.279479274342,2.263871236115308e-08,1221.4875184719506,9.425983305740103e-18,6.459761934273261e-06,4.0002837993334365e-14,1.5602906668800496e-06
1.2982914544419106e+20,3.630836018088703e-18,3.630836018088703e-16,7756.647726147115,2.2740046064449257e-08,1279.0993081795675,6.570410753151197e-18,6.459761934273261e-06,3.6308360180887034e-14,1.4161894095963162e-06
1.4303962630487985e+20,3.2955087317671787e-18,3.2955087317671786e-16,8545.908457847912,2.2841623161748154e-08,1339.4283735557196,5.485231475760584e-18,6.459761934273261e-06,3.295508731767179e-14,1.2853966805192264e-06
1.5759431076464014e+20,2.9911507286607737e-18,2.9911507286607733e-16,9415.478689811878,2.2943443653049744e-08,1402.6028756434066,4.58047639329224e-18,6.459761934273261e-06,2.9911507286607734e-14,1.1666833652998654e-06
1.7362997532198443e+20,2.7149018284561155e-18,2.714901828456115e-16,10373.530139664874,2.3045507538354052e-08,1468.7570202359625,3.823878645834961e-18,6.459761934273261e-06,2.7149018284561156e-14,1.0589338649276599e-06
1.9129731386900398e+20,2.4641660039159868e-18,2.4641660039159863e-16,11429.066020294378,2.314781481766107e-08,1538.0313429792982,3.1917527629503795e-18,6.459761934273261e-06,2.4641660039159867e-14,9.611356119768002e-07
2.107623538253362e+20,2.236586984918078e-18,2.2365869849180776e-16,12592.005646832624,2.3250365490970803e-08,1610.5730079211557,2.6624282415272597e-18,6.459761934273261e-06,2.236586984918078e-14,8.723695550837062e-07
2.322080163677269e+20,2.030026115592627e-18,2.0300261155926268e-16,13873.27765263705,2.335315955828323e-08,1686.5361201414335,2.221736750382269e-18,6.459761934273261e-06,2.0300261155926268e-14,7.918015222344282e-07
2.5583583541736417e+20,1.842542256472533e-18,1.8425422564725329e-16,15284.92269026049,2.345619701959837e-08,1766.0820531278962,1.853395693217461e-18,6.459761934273261e-06,1.842542256472533e-14,7.186743816989292e-07
2.8186785153898263e+20,1.6723735427885513e-18,1.672373542788551e-16,16840.2065825324,2.3559477874916216e-08,1849.3797915925454,1.5454671163705293e-18,6.459761934273261e-06,1.672373542788551e-14,6.523009269454582e-07
3.105486985495627e+20,1.517920827484046e-18,1.5179208274840458e-16,18553.744987082864,2.366300212423678e-08,1936.6062904571327,1.2885806606043172e-18,6.459761934273261e-06,1.517920827484046e-14,5.92057418671356e-07
3.421479024453012e+20,1.377732653356851e-18,1.3777326533568509e-16,20441.640745830657,2.376676976756005e-08,2027.9468507702013,1.0742265353799068e-18,6.459761934273261e-06,1.3777326533568511e-14,5.37377723262229e-07
