Iniciando Job Array ID: 0 em Tue Sep  1 08:03:38 AM -03 2026

=== INICIANDO TAREFA SLURM 0 ===
Processando arquivo: source.txt -> Pasta: data_helium

======================================================================
=== PIPELINE (He-4): lendo 'source.txt' -> salvando em 'data_helium/' ===
======================================================================
=== Carregando Tabelas de Fotodesintegração (TALYS) ===
   [AVISO] Nenhum canal de fotodesintegração encontrado em './xs_pd_thin.txt' para Z=2, N=2 (He-4). A perda por fotodesintegração será tratada como desprezível (rate ~1e-30). Verifique se este arquivo foi gerado pelo TALYS para o alvo Hélio-4, e não apenas para o Ferro-56 original.
=======================================================

[SDSS J010852.48-003919.4] Calculating Electrons (1D Transport)...
   [SDSS J010852.48-003919.4] -> Transport approx 0 (sem IC)...
   [Transport] Executando paralelização para electron...
   -> [Fótons] Generating photon table (Sync + IC)...
      Calculando componente Síncrotron...
      Calculando componente Compton Inverso (IC)...
        Progress: 40/1000
        Progress: 80/1000
        Progress: 120/1000
        Progress: 160/1000
        Progress: 200/1000
        Progress: 240/1000
        Progress: 280/1000
        Progress: 320/1000
        Progress: 360/1000
        Progress: 400/1000
        Progress: 440/1000
        Progress: 480/1000
        Progress: 520/1000
        Progress: 560/1000
        Progress: 600/1000
        Progress: 640/1000
        Progress: 680/1000
        Progress: 720/1000
        Progress: 760/1000
        Progress: 800/1000
        Progress: 840/1000
        Progress: 880/1000
        Progress: 920/1000
        Progress: 960/1000
        Progress: 1000/1000
   -> [IC] Generating IC rate table...
   [SDSS J010852.48-003919.4] -> Transport approx 1 (com IC)...
   [Transport] Executando paralelização para electron...
   -> [Fótons] Generating photon table (Sync + IC)...
      Calculando componente Síncrotron...
      Calculando componente Compton Inverso (IC)...
        Progress: 40/1000
        Progress: 80/1000
        Progress: 120/1000
        Progress: 160/1000
        Progress: 200/1000
        Progress: 240/1000
        Progress: 280/1000
        Progress: 320/1000
        Progress: 360/1000
        Progress: 400/1000
        Progress: 440/1000
        Progress: 480/1000
        Progress: 520/1000
        Progress: 560/1000
        Progress: 600/1000
        Progress: 640/1000
        Progress: 680/1000
        Progress: 720/1000
        Progress: 760/1000
        Progress: 800/1000
        Progress: 840/1000
        Progress: 880/1000
        Progress: 920/1000
        Progress: 960/1000
        Progress: 1000/1000
   === [Elétrons] Concluído em 5m 59.74s ===
[SDSS J011204.61-001442.4] Calculating Electrons (1D Transport)...
   [SDSS J011204.61-001442.4] -> Transport approx 0 (sem IC)...
   [Transport] Executando paralelização para electron...
   -> [Fótons] Generating photon table (Sync + IC)...
      Calculando componente Síncrotron...
      Calculando componente Compton Inverso (IC)...
        Progress: 40/1000
        Progress: 80/1000
        Progress: 120/1000
        Progress: 160/1000
        Progress: 200/1000
        Progress: 240/1000
        Progress: 280/1000
        Progress: 320/1000
        Progress: 360/1000
        Progress: 400/1000
        Progress: 440/1000
        Progress: 480/1000
        Progress: 520/1000
        Progress: 560/1000
        Progress: 600/1000
        Progress: 640/1000
        Progress: 680/1000
        Progress: 720/1000
        Progress: 760/1000
        Progress: 800/1000
        Progress: 840/1000
        Progress: 880/1000
        Progress: 920/1000
        Progress: 960/1000
        Progress: 1000/1000
   -> [IC] Generating IC rate table...
   [SDSS J011204.61-001442.4] -> Transport approx 1 (com IC)...
   [Transport] Executando paralelização para electron...
   -> [Fótons] Generating photon table (Sync + IC)...
      Calculando componente Síncrotron...
      Calculando componente Compton Inverso (IC)...
        Progress: 40/1000
        Progress: 80/1000
        Progress: 120/1000
        Progress: 160/1000
        Progress: 200/1000
        Progress: 240/1000
        Progress: 280/1000
        Progress: 320/1000
        Progress: 360/1000
        Progress: 400/1000
        Progress: 440/1000
        Progress: 480/1000
        Progress: 520/1000
        Progress: 560/1000
        Progress: 600/1000
        Progress: 640/1000
        Progress: 680/1000
        Progress: 720/1000
        Progress: 760/1000
        Progress: 800/1000
        Progress: 840/1000
        Progress: 880/1000
        Progress: 920/1000
        Progress: 960/1000
        Progress: 1000/1000
   === [Elétrons] Concluído em 6m 0.71s ===
[SDSS J011515.78+001248.4] Calculating Electrons (1D Transport)...
   [SDSS J011515.78+001248.4] -> Transport approx 0 (sem IC)...
   [Transport] Executando paralelização para electron...
   -> [Fótons] Generating photon table (Sync + IC)...
      Calculando componente Síncrotron...
      Calculando componente Compton Inverso (IC)...
        Progress: 40/1000
        Progress: 80/1000
        Progress: 120/1000
        Progress: 160/1000
        Progress: 200/1000
        Progress: 240/1000
        Progress: 280/1000
        Progress: 320/1000
        Progress: 360/1000
        Progress: 400/1000
        Progress: 440/1000
        Progress: 480/1000
        Progress: 520/1000
        Progress: 560/1000
        Progress: 600/1000
        Progress: 640/1000
        Progress: 680/1000
        Progress: 720/1000
        Progress: 760/1000
        Progress: 800/1000
        Progress: 840/1000
        Progress: 880/1000
        Progress: 920/1000
        Progress: 960/1000
        Progress: 1000/1000
   -> [IC] Generating IC rate table...
   [SDSS J011515.78+001248.4] -> Transport approx 1 (com IC)...
   [Transport] Executando paralelização para electron...
   -> [Fótons] Generating photon table (Sync + IC)...
      Calculando componente Síncrotron...
      Calculando componente Compton Inverso (IC)...
        Progress: 40/1000
        Progress: 80/1000
        Progress: 120/1000
        Progress: 160/1000
        Progress: 200/1000
        Progress: 240/1000
        Progress: 280/1000
        Progress: 320/1000
        Progress: 360/1000
        Progress: 400/1000
        Progress: 440/1000
        Progress: 480/1000
        Progress: 520/1000
        Progress: 560/1000
        Progress: 600/1000
        Progress: 640/1000
        Progress: 680/1000
        Progress: 720/1000
        Progress: 760/1000
        Progress: 800/1000
        Progress: 840/1000
        Progress: 880/1000
        Progress: 920/1000
        Progress: 960/1000
        Progress: 1000/1000
   === [Elétrons] Concluído em 5m 58.12s ===
[SDSS J015127.10-083019.3] Calculating Electrons (1D Transport)...
   [SDSS J015127.10-083019.3] -> Transport approx 0 (sem IC)...
   [Transport] Executando paralelização para electron...
   -> [Fótons] Generating photon table (Sync + IC)...
      Calculando componente Síncrotron...
      Calculando componente Compton Inverso (IC)...
        Progress: 40/1000
        Progress: 80/1000
        Progress: 120/1000
        Progress: 160/1000
        Progress: 200/1000
        Progress: 240/1000
        Progress: 280/1000
        Progress: 320/1000
        Progress: 360/1000
        Progress: 400/1000
        Progress: 440/1000
        Progress: 480/1000
        Progress: 520/1000
        Progress: 560/1000
        Progress: 600/1000
        Progress: 640/1000
        Progress: 680/1000
        Progress: 720/1000
        Progress: 760/1000
        Progress: 800/1000
        Progress: 840/1000
        Progress: 880/1000
        Progress: 920/1000
        Progress: 960/1000
        Progress: 1000/1000
   -> [IC] Generating IC rate table...
   [SDSS J015127.10-083019.3] -> Transport approx 1 (com IC)...
   [Transport] Executando paralelização para electron...
   -> [Fótons] Generating photon table (Sync + IC)...
      Calculando componente Síncrotron...
      Calculando componente Compton Inverso (IC)...
        Progress: 40/1000
        Progress: 80/1000
        Progress: 120/1000
        Progress: 160/1000
        Progress: 200/1000
        Progress: 240/1000
        Progress: 280/1000
        Progress: 320/1000
        Progress: 360/1000
        Progress: 400/1000
        Progress: 440/1000
        Progress: 480/1000
        Progress: 520/1000
        Progress: 560/1000
        Progress: 600/1000
        Progress: 640/1000
        Progress: 680/1000
        Progress: 720/1000
        Progress: 760/1000
        Progress: 800/1000
        Progress: 840/1000
        Progress: 880/1000
        Progress: 920/1000
        Progress: 960/1000
        Progress: 1000/1000
   === [Elétrons] Concluído em 6m 5.25s ===
[SDSS J020835.81-083754.8] Calculating Electrons (1D Transport)...
   [SDSS J020835.81-083754.8] -> Transport approx 0 (sem IC)...
   [Transport] Executando paralelização para electron...
   -> [Fótons] Generating photon table (Sync + IC)...
      Calculando componente Síncrotron...
      Calculando componente Compton Inverso (IC)...
        Progress: 40/1000
        Progress: 80/1000
        Progress: 120/1000
        Progress: 160/1000
        Progress: 200/1000
        Progress: 240/1000
        Progress: 280/1000
        Progress: 320/1000
        Progress: 360/1000
        Progress: 400/1000
        Progress: 440/1000
        Progress: 480/1000
        Progress: 520/1000
        Progress: 560/1000
        Progress: 600/1000
        Progress: 640/1000
        Progress: 680/1000
        Progress: 720/1000
        Progress: 760/1000
        Progress: 800/1000
        Progress: 840/1000
        Progress: 880/1000
        Progress: 920/1000
        Progress: 960/1000
        Progress: 1000/1000
   -> [IC] Generating IC rate table...
   [SDSS J020835.81-083754.8] -> Transport approx 1 (com IC)...
   [Transport] Executando paralelização para electron...
   -> [Fótons] Generating photon table (Sync + IC)...
      Calculando componente Síncrotron...
      Calculando componente Compton Inverso (IC)...
        Progress: 40/1000
        Progress: 80/1000
        Progress: 120/1000
        Progress: 160/1000
        Progress: 200/1000
        Progress: 240/1000
        Progress: 280/1000
        Progress: 320/1000
        Progress: 360/1000
        Progress: 400/1000
        Progress: 440/1000
        Progress: 480/1000
        Progress: 520/1000
        Progress: 560/1000
        Progress: 600/1000
        Progress: 640/1000
        Progress: 680/1000
        Progress: 720/1000
        Progress: 760/1000
        Progress: 800/1000
        Progress: 840/1000
        Progress: 880/1000
        Progress: 920/1000
        Progress: 960/1000
        Progress: 1000/1000
   === [Elétrons] Concluído em 5m 53.37s ===
[SDSS J075354.98+130916.5] Calculating Electrons (1D Transport)...
   [SDSS J075354.98+130916.5] -> Transport approx 0 (sem IC)...
   [Transport] Executando paralelização para electron...
   -> [Fótons] Generating photon table (Sync + IC)...
      Calculando componente Síncrotron...
      Calculando componente Compton Inverso (IC)...
        Progress: 40/1000
        Progress: 80/1000
        Progress: 120/1000
        Progress: 160/1000
        Progress: 200/1000
        Progress: 240/1000
        Progress: 280/1000
        Progress: 320/1000
        Progress: 360/1000
        Progress: 400/1000
        Progress: 440/1000
        Progress: 480/1000
        Progress: 520/1000
        Progress: 560/1000
        Progress: 600/1000
        Progress: 640/1000
        Progress: 680/1000
        Progress: 720/1000
        Progress: 760/1000
        Progress: 800/1000
        Progress: 840/1000
        Progress: 880/1000
        Progress: 920/1000
        Progress: 960/1000
        Progress: 1000/1000
   -> [IC] Generating IC rate table...
   [SDSS J075354.98+130916.5] -> Transport approx 1 (com IC)...
   [Transport] Executando paralelização para electron...
   -> [Fótons] Generating photon table (Sync + IC)...
      Calculando componente Síncrotron...
      Calculando componente Compton Inverso (IC)...
        Progress: 40/1000
        Progress: 80/1000
        Progress: 120/1000
        Progress: 160/1000
        Progress: 200/1000
        Progress: 240/1000
        Progress: 280/1000
        Progress: 320/1000
        Progress: 360/1000
        Progress: 400/1000
        Progress: 440/1000
        Progress: 480/1000
        Progress: 520/1000
        Progress: 560/1000
        Progress: 600/1000
        Progress: 640/1000
        Progress: 680/1000
        Progress: 720/1000
        Progress: 760/1000
        Progress: 800/1000
        Progress: 840/1000
        Progress: 880/1000
        Progress: 920/1000
        Progress: 960/1000
        Progress: 1000/1000
   === [Elétrons] Concluído em 5m 35.34s ===
[SDSS J080716.58+145703.3] Calculating Electrons (1D Transport)...
   [SDSS J080716.58+145703.3] -> Transport approx 0 (sem IC)...
   [Transport] Executando paralelização para electron...
   -> [Fótons] Generating photon table (Sync + IC)...
      Calculando componente Síncrotron...
      Calculando componente Compton Inverso (IC)...
        Progress: 40/1000
        Progress: 80/1000
        Progress: 120/1000
        Progress: 160/1000
        Progress: 200/1000
        Progress: 240/1000
        Progress: 280/1000
        Progress: 320/1000
        Progress: 360/1000
        Progress: 400/1000
        Progress: 440/1000
        Progress: 480/1000
        Progress: 520/1000
        Progress: 560/1000
        Progress: 600/1000
        Progress: 640/1000
        Progress: 680/1000
        Progress: 720/1000
        Progress: 760/1000
        Progress: 800/1000
        Progress: 840/1000
        Progress: 880/1000
        Progress: 920/1000
        Progress: 960/1000
        Progress: 1000/1000
   -> [IC] Generating IC rate table...
   [SDSS J080716.58+145703.3] -> Transport approx 1 (com IC)...
   [Transport] Executando paralelização para electron...
   -> [Fótons] Generating photon table (Sync + IC)...
      Calculando componente Síncrotron...
      Calculando componente Compton Inverso (IC)...
        Progress: 40/1000
        Progress: 80/1000
        Progress: 120/1000
        Progress: 160/1000
        Progress: 200/1000
        Progress: 240/1000
        Progress: 280/1000
        Progress: 320/1000
        Progress: 360/1000
        Progress: 400/1000
        Progress: 440/1000
        Progress: 480/1000
        Progress: 520/1000
        Progress: 560/1000
        Progress: 600/1000
        Progress: 640/1000
        Progress: 680/1000
        Progress: 720/1000
        Progress: 760/1000
        Progress: 800/1000
        Progress: 840/1000
        Progress: 880/1000
        Progress: 920/1000
        Progress: 960/1000
        Progress: 1000/1000
   === [Elétrons] Concluído em 5m 59.48s ===
[SDSS J083158.49+562052.3] Calculating Electrons (1D Transport)...
   [SDSS J083158.49+562052.3] -> Transport approx 0 (sem IC)...
   [Transport] Executando paralelização para electron...
   -> [Fótons] Generating photon table (Sync + IC)...
      Calculando componente Síncrotron...
      Calculando componente Compton Inverso (IC)...
        Progress: 40/1000
        Progress: 80/1000
        Progress: 120/1000
        Progress: 160/1000
        Progress: 200/1000
        Progress: 240/1000
        Progress: 280/1000
        Progress: 320/1000
        Progress: 360/1000
        Progress: 400/1000
        Progress: 440/1000
        Progress: 480/1000
        Progress: 520/1000
        Progress: 560/1000
        Progress: 600/1000
        Progress: 640/1000
        Progress: 680/1000
        Progress: 720/1000
        Progress: 760/1000
        Progress: 800/1000
        Progress: 840/1000
        Progress: 880/1000
        Progress: 920/1000
        Progress: 960/1000
        Progress: 1000/1000
   -> [IC] Generating IC rate table...
   [SDSS J083158.49+562052.3] -> Transport approx 1 (com IC)...
   [Transport] Executando paralelização para electron...
   -> [Fótons] Generating photon table (Sync + IC)...
      Calculando componente Síncrotron...
      Calculando componente Compton Inverso (IC)...
        Progress: 40/1000
        Progress: 80/1000
        Progress: 120/1000
        Progress: 160/1000
        Progress: 200/1000
        Progress: 240/1000
        Progress: 280/1000
        Progress: 320/1000
        Progress: 360/1000
        Progress: 400/1000
        Progress: 440/1000
        Progress: 480/1000
        Progress: 520/1000
        Progress: 560/1000
        Progress: 600/1000
        Progress: 640/1000
        Progress: 680/1000
        Progress: 720/1000
        Progress: 760/1000
        Progress: 800/1000
        Progress: 840/1000
        Progress: 880/1000
        Progress: 920/1000
        Progress: 960/1000
        Progress: 1000/1000
   === [Elétrons] Concluído em 5m 57.40s ===
[SDSS J083511.98+051829.2] Calculating Electrons (1D Transport)...
   [SDSS J083511.98+051829.2] -> Transport approx 0 (sem IC)...
   [Transport] Executando paralelização para electron...
   -> [Fótons] Generating photon table (Sync + IC)...
      Calculando componente Síncrotron...
      Calculando componente Compton Inverso (IC)...
        Progress: 40/1000
        Progress: 80/1000
        Progress: 120/1000
        Progress: 160/1000
        Progress: 200/1000
        Progress: 240/1000
        Progress: 280/1000
        Progress: 320/1000
        Progress: 360/1000
        Progress: 400/1000
        Progress: 440/1000
        Progress: 480/1000
        Progress: 520/1000
        Progress: 560/1000
        Progress: 600/1000
        Progress: 640/1000
        Progress: 680/1000
        Progress: 720/1000
        Progress: 760/1000
        Progress: 800/1000
        Progress: 840/1000
        Progress: 880/1000
        Progress: 920/1000
        Progress: 960/1000
        Progress: 1000/1000
   -> [IC] Generating IC rate table...
   [SDSS J083511.98+051829.2] -> Transport approx 1 (com IC)...
   [Transport] Executando paralelização para electron...
   -> [Fótons] Generating photon table (Sync + IC)...
      Calculando componente Síncrotron...
      Calculando componente Compton Inverso (IC)...
        Progress: 40/1000
        Progress: 80/1000
        Progress: 120/1000
        Progress: 160/1000
        Progress: 200/1000
        Progress: 240/1000
        Progress: 280/1000
        Progress: 320/1000
        Progress: 360/1000
        Progress: 400/1000
        Progress: 440/1000
        Progress: 480/1000
        Progress: 520/1000
        Progress: 560/1000
        Progress: 600/1000
        Progress: 640/1000
        Progress: 680/1000
        Progress: 720/1000
        Progress: 760/1000
        Progress: 800/1000
        Progress: 840/1000
        Progress: 880/1000
        Progress: 920/1000
        Progress: 960/1000
        Progress: 1000/1000
   === [Elétrons] Concluído em 5m 51.96s ===
[SDSS J084102.73+595610.5] Calculating Electrons (1D Transport)...
   [SDSS J084102.73+595610.5] -> Transport approx 0 (sem IC)...
   [Transport] Executando paralelização para electron...
   -> [Fótons] Generating photon table (Sync + IC)...
      Calculando componente Síncrotron...
      Calculando componente Compton Inverso (IC)...
        Progress: 40/1000
        Progress: 80/1000
        Progress: 120/1000
        Progress: 160/1000
        Progress: 200/1000
        Progress: 240/1000
        Progress: 280/1000
        Progress: 320/1000
        Progress: 360/1000
        Progress: 400/1000
        Progress: 440/1000
        Progress: 480/1000
        Progress: 520/1000
        Progress: 560/1000
        Progress: 600/1000
        Progress: 640/1000
        Progress: 680/1000
        Progress: 720/1000
        Progress: 760/1000
        Progress: 800/1000
        Progress: 840/1000
        Progress: 880/1000
        Progress: 920/1000
        Progress: 960/1000
        Progress: 1000/1000
   -> [IC] Generating IC rate table...
   [SDSS J084102.73+595610.5] -> Transport approx 1 (com IC)...
   [Transport] Executando paralelização para electron...
   -> [Fótons] Generating photon table (Sync + IC)...
      Calculando componente Síncrotron...
      Calculando componente Compton Inverso (IC)...
        Progress: 40/1000
        Progress: 80/1000
        Progress: 120/1000
        Progress: 160/1000
        Progress: 200/1000
        Progress: 240/1000
        Progress: 280/1000
        Progress: 320/1000
        Progress: 360/1000
        Progress: 400/1000
        Progress: 440/1000
        Progress: 480/1000
        Progress: 520/1000
        Progress: 560/1000
        Progress: 600/1000
        Progress: 640/1000
        Progress: 680/1000
        Progress: 720/1000
        Progress: 760/1000
        Progress: 800/1000
        Progress: 840/1000
        Progress: 880/1000
        Progress: 920/1000
        Progress: 960/1000
        Progress: 1000/1000
   === [Elétrons] Concluído em 5m 52.40s ===
[SDSS J084701.88+100106.6] Calculating Electrons (1D Transport)...
   [SDSS J084701.88+100106.6] -> Transport approx 0 (sem IC)...
   [Transport] Executando paralelização para electron...
   -> [Fótons] Generating photon table (Sync + IC)...
      Calculando componente Síncrotron...
      Calculando componente Compton Inverso (IC)...
        Progress: 40/1000
        Progress: 80/1000
        Progress: 120/1000
        Progress: 160/1000
        Progress: 200/1000
        Progress: 240/1000
        Progress: 280/1000
        Progress: 320/1000
        Progress: 360/1000
        Progress: 400/1000
        Progress: 440/1000
        Progress: 480/1000
        Progress: 520/1000
        Progress: 560/1000
        Progress: 600/1000
        Progress: 640/1000
        Progress: 680/1000
        Progress: 720/1000
        Progress: 760/1000
        Progress: 800/1000
        Progress: 840/1000
        Progress: 880/1000
        Progress: 920/1000
        Progress: 960/1000
        Progress: 1000/1000
   -> [IC] Generating IC rate table...
   [SDSS J084701.88+100106.6] -> Transport approx 1 (com IC)...
   [Transport] Executando paralelização para electron...
   -> [Fótons] Generating photon table (Sync + IC)...
      Calculando componente Síncrotron...
      Calculando componente Compton Inverso (IC)...
        Progress: 40/1000
        Progress: 80/1000
        Progress: 120/1000
        Progress: 160/1000
        Progress: 200/1000
        Progress: 240/1000
        Progress: 280/1000
        Progress: 320/1000
        Progress: 360/1000
        Progress: 400/1000
        Progress: 440/1000
        Progress: 480/1000
        Progress: 520/1000
        Progress: 560/1000
        Progress: 600/1000
        Progress: 640/1000
        Progress: 680/1000
        Progress: 720/1000
        Progress: 760/1000
        Progress: 800/1000
        Progress: 840/1000
        Progress: 880/1000
        Progress: 920/1000
        Progress: 960/1000
        Progress: 1000/1000
   === [Elétrons] Concluído em 5m 56.44s ===
[SDSS J090652.79+412429.7] Calculating Electrons (1D Transport)...
   [SDSS J090652.79+412429.7] -> Transport approx 0 (sem IC)...
   [Transport] Executando paralelização para electron...
   -> [Fótons] Generating photon table (Sync + IC)...
      Calculando componente Síncrotron...
      Calculando componente Compton Inverso (IC)...
        Progress: 40/1000
        Progress: 80/1000
        Progress: 120/1000
        Progress: 160/1000
        Progress: 200/1000
        Progress: 240/1000
        Progress: 280/1000
        Progress: 320/1000
        Progress: 360/1000
        Progress: 400/1000
        Progress: 440/1000
        Progress: 480/1000
        Progress: 520/1000
        Progress: 560/1000
        Progress: 600/1000
        Progress: 640/1000
        Progress: 680/1000
        Progress: 720/1000
        Progress: 760/1000
        Progress: 800/1000
        Progress: 840/1000
        Progress: 880/1000
        Progress: 920/1000
        Progress: 960/1000
        Progress: 1000/1000
   -> [IC] Generating IC rate table...
   [SDSS J090652.79+412429.7] -> Transport approx 1 (com IC)...
   [Transport] Executando paralelização para electron...
   -> [Fótons] Generating photon table (Sync + IC)...
      Calculando componente Síncrotron...
      Calculando componente Compton Inverso (IC)...
        Progress: 40/1000
        Progress: 80/1000
        Progress: 120/1000
        Progress: 160/1000
        Progress: 200/1000
        Progress: 240/1000
        Progress: 280/1000
        Progress: 320/1000
        Progress: 360/1000
        Progress: 400/1000
        Progress: 440/1000
        Progress: 480/1000
        Progress: 520/1000
        Progress: 560/1000
        Progress: 600/1000
        Progress: 640/1000
        Progress: 680/1000
        Progress: 720/1000
        Progress: 760/1000
        Progress: 800/1000
        Progress: 840/1000
        Progress: 880/1000
        Progress: 920/1000
        Progress: 960/1000
        Progress: 1000/1000
   === [Elétrons] Concluído em 6m 12.23s ===
[SDSS J090734.91+325722.9] Calculating Electrons (1D Transport)...
   [SDSS J090734.91+325722.9] -> Transport approx 0 (sem IC)...
   [Transport] Executando paralelização para electron...
   -> [Fótons] Generating photon table (Sync + IC)...
      Calculando componente Síncrotron...
      Calculando componente Compton Inverso (IC)...
        Progress: 40/1000
        Progress: 80/1000
        Progress: 120/1000
        Progress: 160/1000
        Progress: 200/1000
        Progress: 240/1000
        Progress: 280/1000
        Progress: 320/1000
        Progress: 360/1000
        Progress: 400/1000
        Progress: 440/1000
        Progress: 480/1000
        Progress: 520/1000
        Progress: 560/1000
        Progress: 600/1000
        Progress: 640/1000
        Progress: 680/1000
        Progress: 720/1000
        Progress: 760/1000
        Progress: 800/1000
        Progress: 840/1000
        Progress: 880/1000
        Progress: 920/1000
        Progress: 960/1000
        Progress: 1000/1000
   -> [IC] Generating IC rate table...
   [SDSS J090734.91+325722.9] -> Transport approx 1 (com IC)...
   [Transport] Executando paralelização para electron...
   -> [Fótons] Generating photon table (Sync + IC)...
      Calculando componente Síncrotron...
      Calculando componente Compton Inverso (IC)...
        Progress: 40/1000
        Progress: 80/1000
        Progress: 120/1000
        Progress: 160/1000
        Progress: 200/1000
        Progress: 240/1000
        Progress: 280/1000
        Progress: 320/1000
        Progress: 360/1000
        Progress: 400/1000
        Progress: 440/1000
        Progress: 480/1000
        Progress: 520/1000
        Progress: 560/1000
        Progress: 600/1000
        Progress: 640/1000
        Progress: 680/1000
        Progress: 720/1000
        Progress: 760/1000
        Progress: 800/1000
        Progress: 840/1000
        Progress: 880/1000
        Progress: 920/1000
        Progress: 960/1000
        Progress: 1000/1000
   === [Elétrons] Concluído em 6m 28.13s ===
[SDSS J090937.44+192808.2] Calculating Electrons (1D Transport)...
   [SDSS J090937.44+192808.2] -> Transport approx 0 (sem IC)...
   [Transport] Executando paralelização para electron...
   -> [Fótons] Generating photon table (Sync + IC)...
      Calculando componente Síncrotron...
      Calculando componente Compton Inverso (IC)...
        Progress: 40/1000
        Progress: 80/1000
        Progress: 120/1000
        Progress: 160/1000
        Progress: 200/1000
        Progress: 240/1000
        Progress: 280/1000
        Progress: 320/1000
        Progress: 360/1000
        Progress: 400/1000
        Progress: 440/1000
        Progress: 480/1000
        Progress: 520/1000
        Progress: 560/1000
        Progress: 600/1000
        Progress: 640/1000
        Progress: 680/1000
        Progress: 720/1000
        Progress: 760/1000
        Progress: 800/1000
        Progress: 840/1000
        Progress: 880/1000
        Progress: 920/1000
        Progress: 960/1000
        Progress: 1000/1000
   -> [IC] Generating IC rate table...
   [SDSS J090937.44+192808.2] -> Transport approx 1 (com IC)...
   [Transport] Executando paralelização para electron...
   -> [Fótons] Generating photon table (Sync + IC)...
      Calculando componente Síncrotron...
      Calculando componente Compton Inverso (IC)...
        Progress: 40/1000
        Progress: 80/1000
        Progress: 120/1000
        Progress: 160/1000
        Progress: 200/1000
        Progress: 240/1000
        Progress: 280/1000
        Progress: 320/1000
        Progress: 360/1000
        Progress: 400/1000
        Progress: 440/1000
        Progress: 480/1000
        Progress: 520/1000
        Progress: 560/1000
        Progress: 600/1000
        Progress: 640/1000
        Progress: 680/1000
        Progress: 720/1000
        Progress: 760/1000
        Progress: 800/1000
        Progress: 840/1000
        Progress: 880/1000
        Progress: 920/1000
        Progress: 960/1000
        Progress: 1000/1000
   === [Elétrons] Concluído em 5m 59.91s ===
[SDSS J091039.92+184147.6] Calculating Electrons (1D Transport)...
   [SDSS J091039.92+184147.6] -> Transport approx 0 (sem IC)...
   [Transport] Executando paralelização para electron...
   -> [Fótons] Generating photon table (Sync + IC)...
      Calculando componente Síncrotron...
      Calculando componente Compton Inverso (IC)...
        Progress: 40/1000
        Progress: 80/1000
        Progress: 120/1000
        Progress: 160/1000
        Progress: 200/1000
        Progress: 240/1000
        Progress: 280/1000
        Progress: 320/1000
        Progress: 360/1000
        Progress: 400/1000
        Progress: 440/1000
        Progress: 480/1000
        Progress: 520/1000
        Progress: 560/1000
        Progress: 600/1000
        Progress: 640/1000
        Progress: 680/1000
        Progress: 720/1000
        Progress: 760/1000
        Progress: 800/1000
        Progress: 840/1000
        Progress: 880/1000
        Progress: 920/1000
        Progress: 960/1000
        Progress: 1000/1000
   -> [IC] Generating IC rate table...
   [SDSS J091039.92+184147.6] -> Transport approx 1 (com IC)...
   [Transport] Executando paralelização para electron...
   -> [Fótons] Generating photon table (Sync + IC)...
      Calculando componente Síncrotron...
      Calculando componente Compton Inverso (IC)...
        Progress: 40/1000
        Progress: 80/1000
        Progress: 120/1000
        Progress: 160/1000
        Progress: 200/1000
        Progress: 240/1000
        Progress: 280/1000
        Progress: 320/1000
        Progress: 360/1000
        Progress: 400/1000
        Progress: 440/1000
        Progress: 480/1000
        Progress: 520/1000
        Progress: 560/1000
        Progress: 600/1000
        Progress: 640/1000
        Progress: 680/1000
        Progress: 720/1000
        Progress: 760/1000
        Progress: 800/1000
        Progress: 840/1000
        Progress: 880/1000
        Progress: 920/1000
        Progress: 960/1000
        Progress: 1000/1000
   === [Elétrons] Concluído em 6m 8.14s ===
[SDSS J091601.78+173523.3] Calculating Electrons (1D Transport)...
   [SDSS J091601.78+173523.3] -> Transport approx 0 (sem IC)...
   [Transport] Executando paralelização para electron...
   -> [Fótons] Generating photon table (Sync + IC)...
      Calculando componente Síncrotron...
      Calculando componente Compton Inverso (IC)...
        Progress: 40/1000
        Progress: 80/1000
        Progress: 120/1000
        Progress: 160/1000
        Progress: 200/1000
        Progress: 240/1000
        Progress: 280/1000
        Progress: 320/1000
        Progress: 360/1000
        Progress: 400/1000
        Progress: 440/1000
        Progress: 480/1000
        Progress: 520/1000
        Progress: 560/1000
        Progress: 600/1000
        Progress: 640/1000
        Progress: 680/1000
        Progress: 720/1000
        Progress: 760/1000
        Progress: 800/1000
        Progress: 840/1000
        Progress: 880/1000
        Progress: 920/1000
        Progress: 960/1000
        Progress: 1000/1000
   -> [IC] Generating IC rate table...
   [SDSS J091601.78+173523.3] -> Transport approx 1 (com IC)...
   [Transport] Executando paralelização para electron...
   -> [Fótons] Generating photon table (Sync + IC)...
      Calculando componente Síncrotron...
      Calculando componente Compton Inverso (IC)...
        Progress: 40/1000
        Progress: 80/1000
        Progress: 120/1000
        Progress: 160/1000
        Progress: 200/1000
        Progress: 240/1000
        Progress: 280/1000
        Progress: 320/1000
        Progress: 360/1000
        Progress: 400/1000
        Progress: 440/1000
        Progress: 480/1000
        Progress: 520/1000
        Progress: 560/1000
        Progress: 600/1000
        Progress: 640/1000
        Progress: 680/1000
        Progress: 720/1000
        Progress: 760/1000
        Progress: 800/1000
        Progress: 840/1000
        Progress: 880/1000
        Progress: 920/1000
        Progress: 960/1000
        Progress: 1000/1000
   === [Elétrons] Concluído em 5m 58.74s ===
[SDSS J091754.25+133145.5] Calculating Electrons (1D Transport)...
   [SDSS J091754.25+133145.5] -> Transport approx 0 (sem IC)...
   [Transport] Executando paralelização para electron...
   -> [Fótons] Generating photon table (Sync + IC)...
      Calculando componente Síncrotron...
      Calculando componente Compton Inverso (IC)...
        Progress: 40/1000
        Progress: 80/1000
        Progress: 120/1000
        Progress: 160/1000
        Progress: 200/1000
        Progress: 240/1000
        Progress: 280/1000
        Progress: 320/1000
        Progress: 360/1000
        Progress: 400/1000
        Progress: 440/1000
        Progress: 480/1000
        Progress: 520/1000
        Progress: 560/1000
        Progress: 600/1000
        Progress: 640/1000
        Progress: 680/1000
        Progress: 720/1000
        Progress: 760/1000
        Progress: 800/1000
        Progress: 840/1000
        Progress: 880/1000
        Progress: 920/1000
        Progress: 960/1000
        Progress: 1000/1000
   -> [IC] Generating IC rate table...
   [SDSS J091754.25+133145.5] -> Transport approx 1 (com IC)...
   [Transport] Executando paralelização para electron...
   -> [Fótons] Generating photon table (Sync + IC)...
      Calculando componente Síncrotron...
      Calculando componente Compton Inverso (IC)...
        Progress: 40/1000
        Progress: 80/1000
        Progress: 120/1000
        Progress: 160/1000
        Progress: 200/1000
        Progress: 240/1000
        Progress: 280/1000
        Progress: 320/1000
        Progress: 360/1000
        Progress: 400/1000
        Progress: 440/1000
        Progress: 480/1000
        Progress: 520/1000
        Progress: 560/1000
        Progress: 600/1000
        Progress: 640/1000
        Progress: 680/1000
        Progress: 720/1000
        Progress: 760/1000
        Progress: 800/1000
        Progress: 840/1000
        Progress: 880/1000
        Progress: 920/1000
        Progress: 960/1000
        Progress: 1000/1000
   === [Elétrons] Concluído em 6m 15.20s ===
[SDSS J093003.56+341325.3] Calculating Electrons (1D Transport)...
   [SDSS J093003.56+341325.3] -> Transport approx 0 (sem IC)...
   [Transport] Executando paralelização para electron...
   -> [Fótons] Generating photon table (Sync + IC)...
      Calculando componente Síncrotron...
      Calculando componente Compton Inverso (IC)...
        Progress: 40/1000
        Progress: 80/1000
        Progress: 120/1000
        Progress: 160/1000
        Progress: 200/1000
        Progress: 240/1000
        Progress: 280/1000
        Progress: 320/1000
        Progress: 360/1000
        Progress: 400/1000
        Progress: 440/1000
        Progress: 480/1000
        Progress: 520/1000
        Progress: 560/1000
        Progress: 600/1000
        Progress: 640/1000
        Progress: 680/1000
        Progress: 720/1000
        Progress: 760/1000
        Progress: 800/1000
        Progress: 840/1000
        Progress: 880/1000
        Progress: 920/1000
        Progress: 960/1000
        Progress: 1000/1000
   -> [IC] Generating IC rate table...
   [SDSS J093003.56+341325.3] -> Transport approx 1 (com IC)...
   [Transport] Executando paralelização para electron...
   -> [Fótons] Generating photon table (Sync + IC)...
      Calculando componente Síncrotron...
      Calculando componente Compton Inverso (IC)...
        Progress: 40/1000
        Progress: 80/1000
        Progress: 120/1000
        Progress: 160/1000
        Progress: 200/1000
        Progress: 240/1000
        Progress: 280/1000
        Progress: 320/1000
        Progress: 360/1000
        Progress: 400/1000
        Progress: 440/1000
        Progress: 480/1000
        Progress: 520/1000
        Progress: 560/1000
        Progress: 600/1000
        Progress: 640/1000
        Progress: 680/1000
        Progress: 720/1000
        Progress: 760/1000
        Progress: 800/1000
        Progress: 840/1000
        Progress: 880/1000
        Progress: 920/1000
        Progress: 960/1000
        Progress: 1000/1000
   === [Elétrons] Concluído em 6m 0.70s ===
[SDSS J093346.08+100909.0] Calculating Electrons (1D Transport)...
   [SDSS J093346.08+100909.0] -> Transport approx 0 (sem IC)...
   [Transport] Executando paralelização para electron...
   -> [Fótons] Generating photon table (Sync + IC)...
      Calculando componente Síncrotron...
      Calculando componente Compton Inverso (IC)...
        Progress: 40/1000
        Progress: 80/1000
        Progress: 120/1000
        Progress: 160/1000
        Progress: 200/1000
        Progress: 240/1000
        Progress: 280/1000
        Progress: 320/1000
        Progress: 360/1000
        Progress: 400/1000
        Progress: 440/1000
        Progress: 480/1000
        Progress: 520/1000
        Progress: 560/1000
        Progress: 600/1000
        Progress: 640/1000
        Progress: 680/1000
        Progress: 720/1000
        Progress: 760/1000
        Progress: 800/1000
        Progress: 840/1000
        Progress: 880/1000
        Progress: 920/1000
        Progress: 960/1000
        Progress: 1000/1000
   -> [IC] Generating IC rate table...
   [SDSS J093346.08+100909.0] -> Transport approx 1 (com IC)...
   [Transport] Executando paralelização para electron...
   -> [Fótons] Generating photon table (Sync + IC)...
      Calculando componente Síncrotron...
      Calculando componente Compton Inverso (IC)...
        Progress: 40/1000
        Progress: 80/1000
        Progress: 120/1000
        Progress: 160/1000
        Progress: 200/1000
        Progress: 240/1000
        Progress: 280/1000
        Progress: 320/1000
        Progress: 360/1000
        Progress: 400/1000
        Progress: 440/1000
        Progress: 480/1000
        Progress: 520/1000
        Progress: 560/1000
        Progress: 600/1000
        Progress: 640/1000
        Progress: 680/1000
        Progress: 720/1000
        Progress: 760/1000
        Progress: 800/1000
        Progress: 840/1000
        Progress: 880/1000
        Progress: 920/1000
        Progress: 960/1000
        Progress: 1000/1000
   === [Elétrons] Concluído em 5m 55.91s ===
[SDSS J093938.62+385358.6] Calculating Electrons (1D Transport)...
   [SDSS J093938.62+385358.6] -> Transport approx 0 (sem IC)...
   [Transport] Executando paralelização para electron...
   -> [Fótons] Generating photon table (Sync + IC)...
      Calculando componente Síncrotron...
      Calculando componente Compton Inverso (IC)...
        Progress: 40/1000
        Progress: 80/1000
        Progress: 120/1000
        Progress: 160/1000
        Progress: 200/1000
        Progress: 240/1000
        Progress: 280/1000
        Progress: 320/1000
        Progress: 360/1000
        Progress: 400/1000
        Progress: 440/1000
        Progress: 480/1000
        Progress: 520/1000
        Progress: 560/1000
        Progress: 600/1000
        Progress: 640/1000
        Progress: 680/1000
        Progress: 720/1000
        Progress: 760/1000
        Progress: 800/1000
        Progress: 840/1000
        Progress: 880/1000
        Progress: 920/1000
        Progress: 960/1000
        Progress: 1000/1000
   -> [IC] Generating IC rate table...
   [SDSS J093938.62+385358.6] -> Transport approx 1 (com IC)...
   [Transport] Executando paralelização para electron...
   -> [Fótons] Generating photon table (Sync + IC)...
      Calculando componente Síncrotron...
      Calculando componente Compton Inverso (IC)...
        Progress: 40/1000
        Progress: 80/1000
        Progress: 120/1000
        Progress: 160/1000
        Progress: 200/1000
        Progress: 240/1000
        Progress: 280/1000
        Progress: 320/1000
        Progress: 360/1000
        Progress: 400/1000
        Progress: 440/1000
        Progress: 480/1000
        Progress: 520/1000
        Progress: 560/1000
        Progress: 600/1000
        Progress: 640/1000
        Progress: 680/1000
        Progress: 720/1000
        Progress: 760/1000
        Progress: 800/1000
        Progress: 840/1000
        Progress: 880/1000
        Progress: 920/1000
        Progress: 960/1000
        Progress: 1000/1000
   === [Elétrons] Concluído em 6m 4.38s ===
[SDSS J094319.15+361452.1] Calculating Electrons (1D Transport)...
   [SDSS J094319.15+361452.1] -> Transport approx 0 (sem IC)...
   [Transport] Executando paralelização para electron...
   -> [Fótons] Generating photon table (Sync + IC)...
      Calculando componente Síncrotron...
      Calculando componente Compton Inverso (IC)...
        Progress: 40/1000
        Progress: 80/1000
        Progress: 120/1000
        Progress: 160/1000
        Progress: 200/1000
        Progress: 240/1000
        Progress: 280/1000
        Progress: 320/1000
        Progress: 360/1000
        Progress: 400/1000
        Progress: 440/1000
        Progress: 480/1000
        Progress: 520/1000
        Progress: 560/1000
        Progress: 600/1000
        Progress: 640/1000
        Progress: 680/1000
        Progress: 720/1000
        Progress: 760/1000
        Progress: 800/1000
        Progress: 840/1000
        Progress: 880/1000
        Progress: 920/1000
        Progress: 960/1000
        Progress: 1000/1000
   -> [IC] Generating IC rate table...
   [SDSS J094319.15+361452.1] -> Transport approx 1 (com IC)...
   [Transport] Executando paralelização para electron...
   -> [Fótons] Generating photon table (Sync + IC)...
      Calculando componente Síncrotron...
      Calculando componente Compton Inverso (IC)...
        Progress: 40/1000
        Progress: 80/1000
        Progress: 120/1000
        Progress: 160/1000
        Progress: 200/1000
        Progress: 240/1000
        Progress: 280/1000
        Progress: 320/1000
        Progress: 360/1000
        Progress: 400/1000
        Progress: 440/1000
        Progress: 480/1000
        Progress: 520/1000
        Progress: 560/1000
        Progress: 600/1000
        Progress: 640/1000
        Progress: 680/1000
        Progress: 720/1000
        Progress: 760/1000
        Progress: 800/1000
        Progress: 840/1000
        Progress: 880/1000
        Progress: 920/1000
        Progress: 960/1000
        Progress: 1000/1000
   === [Elétrons] Concluído em 6m 16.01s ===
[SDSS J100549.83+003800.0] Calculating Electrons (1D Transport)...
   [SDSS J100549.83+003800.0] -> Transport approx 0 (sem IC)...
   [Transport] Executando paralelização para electron...
   -> [Fótons] Generating photon table (Sync + IC)...
      Calculando componente Síncrotron...
      Calculando componente Compton Inverso (IC)...
        Progress: 40/1000
        Progress: 80/1000
        Progress: 120/1000
        Progress: 160/1000
        Progress: 200/1000
        Progress: 240/1000
        Progress: 280/1000
        Progress: 320/1000
        Progress: 360/1000
        Progress: 400/1000
        Progress: 440/1000
        Progress: 480/1000
        Progress: 520/1000
        Progress: 560/1000
        Progress: 600/1000
        Progress: 640/1000
        Progress: 680/1000
        Progress: 720/1000
        Progress: 760/1000
        Progress: 800/1000
        Progress: 840/1000
        Progress: 880/1000
        Progress: 920/1000
        Progress: 960/1000
        Progress: 1000/1000
   -> [IC] Generating IC rate table...
   [SDSS J100549.83+003800.0] -> Transport approx 1 (com IC)...
   [Transport] Executando paralelização para electron...
   -> [Fótons] Generating photon table (Sync + IC)...
      Calculando componente Síncrotron...
      Calculando componente Compton Inverso (IC)...
        Progress: 40/1000
        Progress: 80/1000
        Progress: 120/1000
        Progress: 160/1000
        Progress: 200/1000
        Progress: 240/1000
        Progress: 280/1000
        Progress: 320/1000
        Progress: 360/1000
        Progress: 400/1000
        Progress: 440/1000
        Progress: 480/1000
        Progress: 520/1000
        Progress: 560/1000
        Progress: 600/1000
        Progress: 640/1000
        Progress: 680/1000
        Progress: 720/1000
        Progress: 760/1000
        Progress: 800/1000
        Progress: 840/1000
        Progress: 880/1000
        Progress: 920/1000
        Progress: 960/1000
        Progress: 1000/1000
   === [Elétrons] Concluído em 5m 37.00s ===
[SDSS J101329.65+075415.6] Calculating Electrons (1D Transport)...
   [SDSS J101329.65+075415.6] -> Transport approx 0 (sem IC)...
   [Transport] Executando paralelização para electron...
   -> [Fótons] Generating photon table (Sync + IC)...
      Calculando componente Síncrotron...
      Calculando componente Compton Inverso (IC)...
        Progress: 40/1000
        Progress: 80/1000
        Progress: 120/1000
        Progress: 160/1000
        Progress: 200/1000
        Progress: 240/1000
        Progress: 280/1000
        Progress: 320/1000
        Progress: 360/1000
        Progress: 400/1000
        Progress: 440/1000
        Progress: 480/1000
        Progress: 520/1000
        Progress: 560/1000
        Progress: 600/1000
        Progress: 640/1000
        Progress: 680/1000
        Progress: 720/1000
        Progress: 760/1000
        Progress: 800/1000
        Progress: 840/1000
        Progress: 880/1000
        Progress: 920/1000
        Progress: 960/1000
        Progress: 1000/1000
   -> [IC] Generating IC rate table...
   [SDSS J101329.65+075415.6] -> Transport approx 1 (com IC)...
   [Transport] Executando paralelização para electron...
   -> [Fótons] Generating photon table (Sync + IC)...
      Calculando componente Síncrotron...
      Calculando componente Compton Inverso (IC)...
        Progress: 40/1000
        Progress: 80/1000
        Progress: 120/1000
        Progress: 160/1000
        Progress: 200/1000
        Progress: 240/1000
        Progress: 280/1000
        Progress: 320/1000
        Progress: 360/1000
        Progress: 400/1000
        Progress: 440/1000
        Progress: 480/1000
        Progress: 520/1000
        Progress: 560/1000
        Progress: 600/1000
        Progress: 640/1000
        Progress: 680/1000
        Progress: 720/1000
        Progress: 760/1000
        Progress: 800/1000
        Progress: 840/1000
        Progress: 880/1000
        Progress: 920/1000
        Progress: 960/1000
        Progress: 1000/1000
   === [Elétrons] Concluído em 5m 43.14s ===
[SDSS J101806.67+000559.7] Calculating Electrons (1D Transport)...
   [SDSS J101806.67+000559.7] -> Transport approx 0 (sem IC)...
   [Transport] Executando paralelização para electron...
   -> [Fótons] Generating photon table (Sync + IC)...
      Calculando componente Síncrotron...
      Calculando componente Compton Inverso (IC)...
        Progress: 40/1000
        Progress: 80/1000
        Progress: 120/1000
        Progress: 160/1000
        Progress: 200/1000
        Progress: 240/1000
        Progress: 280/1000
        Progress: 320/1000
        Progress: 360/1000
        Progress: 400/1000
        Progress: 440/1000
        Progress: 480/1000
        Progress: 520/1000
        Progress: 560/1000
        Progress: 600/1000
        Progress: 640/1000
        Progress: 680/1000
        Progress: 720/1000
        Progress: 760/1000
        Progress: 800/1000
        Progress: 840/1000
        Progress: 880/1000
        Progress: 920/1000
        Progress: 960/1000
        Progress: 1000/1000
   -> [IC] Generating IC rate table...
   [SDSS J101806.67+000559.7] -> Transport approx 1 (com IC)...
   [Transport] Executando paralelização para electron...
   -> [Fótons] Generating photon table (Sync + IC)...
      Calculando componente Síncrotron...
      Calculando componente Compton Inverso (IC)...
        Progress: 40/1000
        Progress: 80/1000
        Progress: 120/1000
        Progress: 160/1000
        Progress: 200/1000
        Progress: 240/1000
        Progress: 280/1000
        Progress: 320/1000
        Progress: 360/1000
        Progress: 400/1000
        Progress: 440/1000
        Progress: 480/1000
        Progress: 520/1000
        Progress: 560/1000
        Progress: 600/1000
        Progress: 640/1000
        Progress: 680/1000
        Progress: 720/1000
        Progress: 760/1000
        Progress: 800/1000
        Progress: 840/1000
        Progress: 880/1000
        Progress: 920/1000
        Progress: 960/1000
        Progress: 1000/1000
   === [Elétrons] Concluído em 6m 21.06s ===
[SDSS J102403.28+420629.8] Calculating Electrons (1D Transport)...
   [SDSS J102403.28+420629.8] -> Transport approx 0 (sem IC)...
   [Transport] Executando paralelização para electron...
   -> [Fótons] Generating photon table (Sync + IC)...
      Calculando componente Síncrotron...
      Calculando componente Compton Inverso (IC)...
        Progress: 40/1000
        Progress: 80/1000
        Progress: 120/1000
        Progress: 160/1000
        Progress: 200/1000
        Progress: 240/1000
        Progress: 280/1000
        Progress: 320/1000
        Progress: 360/1000
        Progress: 400/1000
        Progress: 440/1000
        Progress: 480/1000
        Progress: 520/1000
        Progress: 560/1000
        Progress: 600/1000
        Progress: 640/1000
        Progress: 680/1000
        Progress: 720/1000
        Progress: 760/1000
        Progress: 800/1000
        Progress: 840/1000
        Progress: 880/1000
        Progress: 920/1000
        Progress: 960/1000
        Progress: 1000/1000
   -> [IC] Generating IC rate table...
   [SDSS J102403.28+420629.8] -> Transport approx 1 (com IC)...
   [Transport] Executando paralelização para electron...
   -> [Fótons] Generating photon table (Sync + IC)...
      Calculando componente Síncrotron...
      Calculando componente Compton Inverso (IC)...
        Progress: 40/1000
        Progress: 80/1000
        Progress: 120/1000
        Progress: 160/1000
        Progress: 200/1000
        Progress: 240/1000
        Progress: 280/1000
        Progress: 320/1000
        Progress: 360/1000
        Progress: 400/1000
        Progress: 440/1000
        Progress: 480/1000
        Progress: 520/1000
        Progress: 560/1000
        Progress: 600/1000
        Progress: 640/1000
        Progress: 680/1000
        Progress: 720/1000
        Progress: 760/1000
        Progress: 800/1000
        Progress: 840/1000
        Progress: 880/1000
        Progress: 920/1000
        Progress: 960/1000
        Progress: 1000/1000
   === [Elétrons] Concluído em 5m 58.74s ===
[SDSS J102511.50+171519.9] Calculating Electrons (1D Transport)...
   [SDSS J102511.50+171519.9] -> Transport approx 0 (sem IC)...
   [Transport] Executando paralelização para electron...
   -> [Fótons] Generating photon table (Sync + IC)...
      Calculando componente Síncrotron...
      Calculando componente Compton Inverso (IC)...
        Progress: 40/1000
        Progress: 80/1000
        Progress: 120/1000
        Progress: 160/1000
        Progress: 200/1000
        Progress: 240/1000
        Progress: 280/1000
        Progress: 320/1000
        Progress: 360/1000
        Progress: 400/1000
        Progress: 440/1000
        Progress: 480/1000
        Progress: 520/1000
        Progress: 560/1000
        Progress: 600/1000
        Progress: 640/1000
        Progress: 680/1000
        Progress: 720/1000
        Progress: 760/1000
        Progress: 800/1000
        Progress: 840/1000
        Progress: 880/1000
        Progress: 920/1000
        Progress: 960/1000
        Progress: 1000/1000
   -> [IC] Generating IC rate table...
   [SDSS J102511.50+171519.9] -> Transport approx 1 (com IC)...
   [Transport] Executando paralelização para electron...
   -> [Fótons] Generating photon table (Sync + IC)...
      Calculando componente Síncrotron...
      Calculando componente Compton Inverso (IC)...
        Progress: 40/1000
        Progress: 80/1000
        Progress: 120/1000
        Progress: 160/1000
        Progress: 200/1000
        Progress: 240/1000
        Progress: 280/1000
        Progress: 320/1000
        Progress: 360/1000
        Progress: 400/1000
        Progress: 440/1000
        Progress: 480/1000
        Progress: 520/1000
        Progress: 560/1000
        Progress: 600/1000
        Progress: 640/1000
        Progress: 680/1000
        Progress: 720/1000
        Progress: 760/1000
        Progress: 800/1000
        Progress: 840/1000
        Progress: 880/1000
        Progress: 920/1000
        Progress: 960/1000
        Progress: 1000/1000
   === [Elétrons] Concluído em 5m 36.74s ===
[SDSS J102544.22+102230.4] Calculating Electrons (1D Transport)...
   [SDSS J102544.22+102230.4] -> Transport approx 0 (sem IC)...
   [Transport] Executando paralelização para electron...
   -> [Fótons] Generating photon table (Sync + IC)...
      Calculando componente Síncrotron...
      Calculando componente Compton Inverso (IC)...
        Progress: 40/1000
        Progress: 80/1000
        Progress: 120/1000
        Progress: 160/1000
        Progress: 200/1000
        Progress: 240/1000
        Progress: 280/1000
        Progress: 320/1000
        Progress: 360/1000
        Progress: 400/1000
        Progress: 440/1000
        Progress: 480/1000
        Progress: 520/1000
        Progress: 560/1000
        Progress: 600/1000
        Progress: 640/1000
        Progress: 680/1000
        Progress: 720/1000
        Progress: 760/1000
        Progress: 800/1000
        Progress: 840/1000
        Progress: 880/1000
        Progress: 920/1000
        Progress: 960/1000
        Progress: 1000/1000
   -> [IC] Generating IC rate table...
   [SDSS J102544.22+102230.4] -> Transport approx 1 (com IC)...
   [Transport] Executando paralelização para electron...
   -> [Fótons] Generating photon table (Sync + IC)...
      Calculando componente Síncrotron...
      Calculando componente Compton Inverso (IC)...
        Progress: 40/1000
        Progress: 80/1000
        Progress: 120/1000
        Progress: 160/1000
        Progress: 200/1000
        Progress: 240/1000
        Progress: 280/1000
        Progress: 320/1000
        Progress: 360/1000
        Progress: 400/1000
        Progress: 440/1000
        Progress: 480/1000
        Progress: 520/1000
        Progress: 560/1000
        Progress: 600/1000
        Progress: 640/1000
        Progress: 680/1000
        Progress: 720/1000
        Progress: 760/1000
        Progress: 800/1000
        Progress: 840/1000
        Progress: 880/1000
        Progress: 920/1000
        Progress: 960/1000
        Progress: 1000/1000
   === [Elétrons] Concluído em 6m 2.10s ===
[SDSS J103719.33+433515.3] Calculating Electrons (1D Transport)...
   [SDSS J103719.33+433515.3] -> Transport approx 0 (sem IC)...
   [Transport] Executando paralelização para electron...
   -> [Fótons] Generating photon table (Sync + IC)...
      Calculando componente Síncrotron...
      Calculando componente Compton Inverso (IC)...
        Progress: 40/1000
        Progress: 80/1000
        Progress: 120/1000
        Progress: 160/1000
        Progress: 200/1000
        Progress: 240/1000
        Progress: 280/1000
        Progress: 320/1000
        Progress: 360/1000
        Progress: 400/1000
        Progress: 440/1000
        Progress: 480/1000
        Progress: 520/1000
        Progress: 560/1000
        Progress: 600/1000
        Progress: 640/1000
        Progress: 680/1000
        Progress: 720/1000
        Progress: 760/1000
        Progress: 800/1000
        Progress: 840/1000
        Progress: 880/1000
        Progress: 920/1000
        Progress: 960/1000
        Progress: 1000/1000
   -> [IC] Generating IC rate table...
   [SDSS J103719.33+433515.3] -> Transport approx 1 (com IC)...
   [Transport] Executando paralelização para electron...
   -> [Fótons] Generating photon table (Sync + IC)...
      Calculando componente Síncrotron...
      Calculando componente Compton Inverso (IC)...
        Progress: 40/1000
        Progress: 80/1000
        Progress: 120/1000
        Progress: 160/1000
        Progress: 200/1000
        Progress: 240/1000
        Progress: 280/1000
        Progress: 320/1000
        Progress: 360/1000
        Progress: 400/1000
        Progress: 440/1000
        Progress: 480/1000
        Progress: 520/1000
        Progress: 560/1000
        Progress: 600/1000
        Progress: 640/1000
        Progress: 680/1000
        Progress: 720/1000
        Progress: 760/1000
        Progress: 800/1000
        Progress: 840/1000
        Progress: 880/1000
        Progress: 920/1000
        Progress: 960/1000
        Progress: 1000/1000
   === [Elétrons] Concluído em 6m 1.94s ===
[SDSS J103952.47+205049.3] Calculating Electrons (1D Transport)...
   [SDSS J103952.47+205049.3] -> Transport approx 0 (sem IC)...
   [Transport] Executando paralelização para electron...
   -> [Fótons] Generating photon table (Sync + IC)...
      Calculando componente Síncrotron...
      Calculando componente Compton Inverso (IC)...
        Progress: 40/1000
        Progress: 80/1000
        Progress: 120/1000
        Progress: 160/1000
        Progress: 200/1000
        Progress: 240/1000
        Progress: 280/1000
        Progress: 320/1000
        Progress: 360/1000
        Progress: 400/1000
        Progress: 440/1000
        Progress: 480/1000
        Progress: 520/1000
        Progress: 560/1000
        Progress: 600/1000
        Progress: 640/1000
        Progress: 680/1000
        Progress: 720/1000
        Progress: 760/1000
        Progress: 800/1000
        Progress: 840/1000
        Progress: 880/1000
        Progress: 920/1000
        Progress: 960/1000
        Progress: 1000/1000
   -> [IC] Generating IC rate table...
   [SDSS J103952.47+205049.3] -> Transport approx 1 (com IC)...
   [Transport] Executando paralelização para electron...
   -> [Fótons] Generating photon table (Sync + IC)...
      Calculando componente Síncrotron...
      Calculando componente Compton Inverso (IC)...
        Progress: 40/1000
        Progress: 80/1000
        Progress: 120/1000
        Progress: 160/1000
        Progress: 200/1000
        Progress: 240/1000
        Progress: 280/1000
        Progress: 320/1000
        Progress: 360/1000
        Progress: 400/1000
        Progress: 440/1000
        Progress: 480/1000
        Progress: 520/1000
        Progress: 560/1000
        Progress: 600/1000
        Progress: 640/1000
        Progress: 680/1000
        Progress: 720/1000
        Progress: 760/1000
        Progress: 800/1000
        Progress: 840/1000
        Progress: 880/1000
        Progress: 920/1000
        Progress: 960/1000
        Progress: 1000/1000
   === [Elétrons] Concluído em 6m 5.39s ===
[SDSS J104028.37+091057.1] Calculating Electrons (1D Transport)...
   [SDSS J104028.37+091057.1] -> Transport approx 0 (sem IC)...
   [Transport] Executando paralelização para electron...
   -> [Fótons] Generating photon table (Sync + IC)...
      Calculando componente Síncrotron...
      Calculando componente Compton Inverso (IC)...
        Progress: 40/1000
        Progress: 80/1000
        Progress: 120/1000
        Progress: 160/1000
        Progress: 200/1000
        Progress: 240/1000
        Progress: 280/1000
        Progress: 320/1000
        Progress: 360/1000
        Progress: 400/1000
        Progress: 440/1000
        Progress: 480/1000
        Progress: 520/1000
        Progress: 560/1000
        Progress: 600/1000
        Progress: 640/1000
        Progress: 680/1000
        Progress: 720/1000
        Progress: 760/1000
        Progress: 800/1000
        Progress: 840/1000
        Progress: 880/1000
        Progress: 920/1000
        Progress: 960/1000
        Progress: 1000/1000
   -> [IC] Generating IC rate table...
   [SDSS J104028.37+091057.1] -> Transport approx 1 (com IC)...
   [Transport] Executando paralelização para electron...
   -> [Fótons] Generating photon table (Sync + IC)...
      Calculando componente Síncrotron...
      Calculando componente Compton Inverso (IC)...
        Progress: 40/1000
        Progress: 80/1000
        Progress: 120/1000
        Progress: 160/1000
        Progress: 200/1000
        Progress: 240/1000
        Progress: 280/1000
        Progress: 320/1000
        Progress: 360/1000
        Progress: 400/1000
        Progress: 440/1000
        Progress: 480/1000
        Progress: 520/1000
        Progress: 560/1000
        Progress: 600/1000
        Progress: 640/1000
        Progress: 680/1000
        Progress: 720/1000
        Progress: 760/1000
        Progress: 800/1000
        Progress: 840/1000
        Progress: 880/1000
        Progress: 920/1000
        Progress: 960/1000
        Progress: 1000/1000
   === [Elétrons] Concluído em 5m 58.89s ===
[SDSS J104403.68+435412.0] Calculating Electrons (1D Transport)...
   [SDSS J104403.68+435412.0] -> Transport approx 0 (sem IC)...
   [Transport] Executando paralelização para electron...
   -> [Fótons] Generating photon table (Sync + IC)...
      Calculando componente Síncrotron...
      Calculando componente Compton Inverso (IC)...
        Progress: 40/1000
        Progress: 80/1000
        Progress: 120/1000
        Progress: 160/1000
        Progress: 200/1000
        Progress: 240/1000
        Progress: 280/1000
        Progress: 320/1000
        Progress: 360/1000
        Progress: 400/1000
        Progress: 440/1000
        Progress: 480/1000
        Progress: 520/1000
        Progress: 560/1000
        Progress: 600/1000
        Progress: 640/1000
        Progress: 680/1000
        Progress: 720/1000
        Progress: 760/1000
        Progress: 800/1000
        Progress: 840/1000
        Progress: 880/1000
        Progress: 920/1000
        Progress: 960/1000
        Progress: 1000/1000
   -> [IC] Generating IC rate table...
   [SDSS J104403.68+435412.0] -> Transport approx 1 (com IC)...
   [Transport] Executando paralelização para electron...
   -> [Fótons] Generating photon table (Sync + IC)...
      Calculando componente Síncrotron...
      Calculando componente Compton Inverso (IC)...
        Progress: 40/1000
        Progress: 80/1000
        Progress: 120/1000
        Progress: 160/1000
        Progress: 200/1000
        Progress: 240/1000
        Progress: 280/1000
        Progress: 320/1000
        Progress: 360/1000
        Progress: 400/1000
        Progress: 440/1000
        Progress: 480/1000
        Progress: 520/1000
        Progress: 560/1000
        Progress: 600/1000
        Progress: 640/1000
        Progress: 680/1000
        Progress: 720/1000
        Progress: 760/1000
        Progress: 800/1000
        Progress: 840/1000
        Progress: 880/1000
        Progress: 920/1000
        Progress: 960/1000
        Progress: 1000/1000
   === [Elétrons] Concluído em 6m 0.74s ===
[SDSS J104811.90+045954.8] Calculating Electrons (1D Transport)...
   [SDSS J104811.90+045954.8] -> Transport approx 0 (sem IC)...
   [Transport] Executando paralelização para electron...
   -> [Fótons] Generating photon table (Sync + IC)...
      Calculando componente Síncrotron...
      Calculando componente Compton Inverso (IC)...
        Progress: 40/1000
        Progress: 80/1000
        Progress: 120/1000
        Progress: 160/1000
        Progress: 200/1000
        Progress: 240/1000
        Progress: 280/1000
        Progress: 320/1000
        Progress: 360/1000
        Progress: 400/1000
        Progress: 440/1000
        Progress: 480/1000
        Progress: 520/1000
        Progress: 560/1000
        Progress: 600/1000
        Progress: 640/1000
        Progress: 680/1000
        Progress: 720/1000
        Progress: 760/1000
        Progress: 800/1000
        Progress: 840/1000
        Progress: 880/1000
        Progress: 920/1000
        Progress: 960/1000
        Progress: 1000/1000
   -> [IC] Generating IC rate table...
   [SDSS J104811.90+045954.8] -> Transport approx 1 (com IC)...
   [Transport] Executando paralelização para electron...
   -> [Fótons] Generating photon table (Sync + IC)...
      Calculando componente Síncrotron...
      Calculando componente Compton Inverso (IC)...
        Progress: 40/1000
        Progress: 80/1000
        Progress: 120/1000
        Progress: 160/1000
        Progress: 200/1000
        Progress: 240/1000
        Progress: 280/1000
        Progress: 320/1000
        Progress: 360/1000
        Progress: 400/1000
        Progress: 440/1000
        Progress: 480/1000
        Progress: 520/1000
        Progress: 560/1000
        Progress: 600/1000
        Progress: 640/1000
        Progress: 680/1000
        Progress: 720/1000
        Progress: 760/1000
        Progress: 800/1000
        Progress: 840/1000
        Progress: 880/1000
        Progress: 920/1000
        Progress: 960/1000
        Progress: 1000/1000
   === [Elétrons] Concluído em 6m 9.37s ===
[SDSS J104852.92+480314.8] Calculating Electrons (1D Transport)...
   [SDSS J104852.92+480314.8] -> Transport approx 0 (sem IC)...
   [Transport] Executando paralelização para electron...
   -> [Fótons] Generating photon table (Sync + IC)...
      Calculando componente Síncrotron...
      Calculando componente Compton Inverso (IC)...
        Progress: 40/1000
        Progress: 80/1000
        Progress: 120/1000
        Progress: 160/1000
        Progress: 200/1000
        Progress: 240/1000
        Progress: 280/1000
        Progress: 320/1000
        Progress: 360/1000
        Progress: 400/1000
        Progress: 440/1000
        Progress: 480/1000
        Progress: 520/1000
        Progress: 560/1000
        Progress: 600/1000
        Progress: 640/1000
        Progress: 680/1000
        Progress: 720/1000
        Progress: 760/1000
        Progress: 800/1000
        Progress: 840/1000
        Progress: 880/1000
        Progress: 920/1000
        Progress: 960/1000
        Progress: 1000/1000
   -> [IC] Generating IC rate table...
   [SDSS J104852.92+480314.8] -> Transport approx 1 (com IC)...
   [Transport] Executando paralelização para electron...
   -> [Fótons] Generating photon table (Sync + IC)...
      Calculando componente Síncrotron...
      Calculando componente Compton Inverso (IC)...
        Progress: 40/1000
        Progress: 80/1000
        Progress: 120/1000
        Progress: 160/1000
        Progress: 200/1000
        Progress: 240/1000
        Progress: 280/1000
        Progress: 320/1000
        Progress: 360/1000
        Progress: 400/1000
        Progress: 440/1000
        Progress: 480/1000
        Progress: 520/1000
        Progress: 560/1000
        Progress: 600/1000
        Progress: 640/1000
        Progress: 680/1000
        Progress: 720/1000
        Progress: 760/1000
        Progress: 800/1000
        Progress: 840/1000
        Progress: 880/1000
        Progress: 920/1000
        Progress: 960/1000
        Progress: 1000/1000
   === [Elétrons] Concluído em 6m 8.02s ===
[SDSS J105731.16+405646.1] Calculating Electrons (1D Transport)...
   [SDSS J105731.16+405646.1] -> Transport approx 0 (sem IC)...
   [Transport] Executando paralelização para electron...
   -> [Fótons] Generating photon table (Sync + IC)...
      Calculando componente Síncrotron...
      Calculando componente Compton Inverso (IC)...
        Progress: 40/1000
        Progress: 80/1000
        Progress: 120/1000
        Progress: 160/1000
        Progress: 200/1000
        Progress: 240/1000
        Progress: 280/1000
        Progress: 320/1000
        Progress: 360/1000
        Progress: 400/1000
        Progress: 440/1000
        Progress: 480/1000
        Progress: 520/1000
        Progress: 560/1000
        Progress: 600/1000
        Progress: 640/1000
        Progress: 680/1000
        Progress: 720/1000
        Progress: 760/1000
        Progress: 800/1000
        Progress: 840/1000
        Progress: 880/1000
        Progress: 920/1000
        Progress: 960/1000
        Progress: 1000/1000
   -> [IC] Generating IC rate table...
   [SDSS J105731.16+405646.1] -> Transport approx 1 (com IC)...
   [Transport] Executando paralelização para electron...
   -> [Fótons] Generating photon table (Sync + IC)...
      Calculando componente Síncrotron...
      Calculando componente Compton Inverso (IC)...
        Progress: 40/1000
        Progress: 80/1000
        Progress: 120/1000
        Progress: 160/1000
        Progress: 200/1000
        Progress: 240/1000
        Progress: 280/1000
        Progress: 320/1000
        Progress: 360/1000
        Progress: 400/1000
        Progress: 440/1000
        Progress: 480/1000
        Progress: 520/1000
        Progress: 560/1000
        Progress: 600/1000
        Progress: 640/1000
        Progress: 680/1000
        Progress: 720/1000
        Progress: 760/1000
        Progress: 800/1000
        Progress: 840/1000
        Progress: 880/1000
        Progress: 920/1000
        Progress: 960/1000
        Progress: 1000/1000
   === [Elétrons] Concluído em 5m 47.23s ===
[SDSS J111113.18+284147.0] Calculating Electrons (1D Transport)...
   [SDSS J111113.18+284147.0] -> Transport approx 0 (sem IC)...
   [Transport] Executando paralelização para electron...
   -> [Fótons] Generating photon table (Sync + IC)...
      Calculando componente Síncrotron...
      Calculando componente Compton Inverso (IC)...
        Progress: 40/1000
        Progress: 80/1000
        Progress: 120/1000
        Progress: 160/1000
        Progress: 200/1000
        Progress: 240/1000
        Progress: 280/1000
        Progress: 320/1000
        Progress: 360/1000
        Progress: 400/1000
        Progress: 440/1000
        Progress: 480/1000
        Progress: 520/1000
        Progress: 560/1000
        Progress: 600/1000
        Progress: 640/1000
        Progress: 680/1000
        Progress: 720/1000
        Progress: 760/1000
        Progress: 800/1000
        Progress: 840/1000
        Progress: 880/1000
        Progress: 920/1000
        Progress: 960/1000
        Progress: 1000/1000
   -> [IC] Generating IC rate table...
   [SDSS J111113.18+284147.0] -> Transport approx 1 (com IC)...
   [Transport] Executando paralelização para electron...
   -> [Fótons] Generating photon table (Sync + IC)...
      Calculando componente Síncrotron...
      Calculando componente Compton Inverso (IC)...
        Progress: 40/1000
        Progress: 80/1000
        Progress: 120/1000
        Progress: 160/1000
        Progress: 200/1000
        Progress: 240/1000
        Progress: 280/1000
        Progress: 320/1000
        Progress: 360/1000
        Progress: 400/1000
        Progress: 440/1000
        Progress: 480/1000
        Progress: 520/1000
        Progress: 560/1000
        Progress: 600/1000
        Progress: 640/1000
        Progress: 680/1000
        Progress: 720/1000
        Progress: 760/1000
        Progress: 800/1000
        Progress: 840/1000
        Progress: 880/1000
        Progress: 920/1000
        Progress: 960/1000
        Progress: 1000/1000
   === [Elétrons] Concluído em 7m 0.04s ===
[SDSS J111622.70+291508.2] Calculating Electrons (1D Transport)...
   [SDSS J111622.70+291508.2] -> Transport approx 0 (sem IC)...
   [Transport] Executando paralelização para electron...
   -> [Fótons] Generating photon table (Sync + IC)...
      Calculando componente Síncrotron...
      Calculando componente Compton Inverso (IC)...
        Progress: 40/1000
        Progress: 80/1000
        Progress: 120/1000
        Progress: 160/1000
        Progress: 200/1000
        Progress: 240/1000
        Progress: 280/1000
        Progress: 320/1000
        Progress: 360/1000
        Progress: 400/1000
        Progress: 440/1000
        Progress: 480/1000
        Progress: 520/1000
        Progress: 560/1000
        Progress: 600/1000
        Progress: 640/1000
        Progress: 680/1000
        Progress: 720/1000
        Progress: 760/1000
        Progress: 800/1000
        Progress: 840/1000
        Progress: 880/1000
        Progress: 920/1000
        Progress: 960/1000
        Progress: 1000/1000
   -> [IC] Generating IC rate table...
   [SDSS J111622.70+291508.2] -> Transport approx 1 (com IC)...
   [Transport] Executando paralelização para electron...
   -> [Fótons] Generating photon table (Sync + IC)...
      Calculando componente Síncrotron...
      Calculando componente Compton Inverso (IC)...
        Progress: 40/1000
        Progress: 80/1000
        Progress: 120/1000
        Progress: 160/1000
        Progress: 200/1000
        Progress: 240/1000
        Progress: 280/1000
        Progress: 320/1000
        Progress: 360/1000
        Progress: 400/1000
        Progress: 440/1000
        Progress: 480/1000
        Progress: 520/1000
        Progress: 560/1000
        Progress: 600/1000
        Progress: 640/1000
        Progress: 680/1000
        Progress: 720/1000
        Progress: 760/1000
        Progress: 800/1000
        Progress: 840/1000
        Progress: 880/1000
        Progress: 920/1000
        Progress: 960/1000
        Progress: 1000/1000
   === [Elétrons] Concluído em 6m 40.52s ===
[SDSS J111700.10+323550.9] Calculating Electrons (1D Transport)...
   [SDSS J111700.10+323550.9] -> Transport approx 0 (sem IC)...
   [Transport] Executando paralelização para electron...
   -> [Fótons] Generating photon table (Sync + IC)...
      Calculando componente Síncrotron...
      Calculando componente Compton Inverso (IC)...
        Progress: 40/1000
        Progress: 80/1000
        Progress: 120/1000
        Progress: 160/1000
        Progress: 200/1000
        Progress: 240/1000
        Progress: 280/1000
        Progress: 320/1000
        Progress: 360/1000
        Progress: 400/1000
        Progress: 440/1000
        Progress: 480/1000
        Progress: 520/1000
        Progress: 560/1000
        Progress: 600/1000
        Progress: 640/1000
        Progress: 680/1000
        Progress: 720/1000
        Progress: 760/1000
        Progress: 800/1000
        Progress: 840/1000
        Progress: 880/1000
        Progress: 920/1000
        Progress: 960/1000
        Progress: 1000/1000
   -> [IC] Generating IC rate table...
   [SDSS J111700.10+323550.9] -> Transport approx 1 (com IC)...
   [Transport] Executando paralelização para electron...
   -> [Fótons] Generating photon table (Sync + IC)...
      Calculando componente Síncrotron...
      Calculando componente Compton Inverso (IC)...
        Progress: 40/1000
        Progress: 80/1000
        Progress: 120/1000
        Progress: 160/1000
        Progress: 200/1000
        Progress: 240/1000
        Progress: 280/1000
        Progress: 320/1000
        Progress: 360/1000
        Progress: 400/1000
        Progress: 440/1000
        Progress: 480/1000
        Progress: 520/1000
        Progress: 560/1000
        Progress: 600/1000
        Progress: 640/1000
        Progress: 680/1000
        Progress: 720/1000
        Progress: 760/1000
        Progress: 800/1000
        Progress: 840/1000
        Progress: 880/1000
        Progress: 920/1000
        Progress: 960/1000
        Progress: 1000/1000
   === [Elétrons] Concluído em 6m 3.28s ===
[SDSS J112029.23+040742.1] Calculating Electrons (1D Transport)...
   [SDSS J112029.23+040742.1] -> Transport approx 0 (sem IC)...
   [Transport] Executando paralelização para electron...
   -> [Fótons] Generating photon table (Sync + IC)...
      Calculando componente Síncrotron...
      Calculando componente Compton Inverso (IC)...
        Progress: 40/1000
        Progress: 80/1000
        Progress: 120/1000
        Progress: 160/1000
        Progress: 200/1000
        Progress: 240/1000
        Progress: 280/1000
        Progress: 320/1000
        Progress: 360/1000
        Progress: 400/1000
        Progress: 440/1000
        Progress: 480/1000
        Progress: 520/1000
        Progress: 560/1000
        Progress: 600/1000
        Progress: 640/1000
        Progress: 680/1000
        Progress: 720/1000
        Progress: 760/1000
        Progress: 800/1000
        Progress: 840/1000
        Progress: 880/1000
        Progress: 920/1000
        Progress: 960/1000
        Progress: 1000/1000
   -> [IC] Generating IC rate table...
   [SDSS J112029.23+040742.1] -> Transport approx 1 (com IC)...
   [Transport] Executando paralelização para electron...
   -> [Fótons] Generating photon table (Sync + IC)...
      Calculando componente Síncrotron...
      Calculando componente Compton Inverso (IC)...
        Progress: 40/1000
        Progress: 80/1000
        Progress: 120/1000
        Progress: 160/1000
        Progress: 200/1000
        Progress: 240/1000
        Progress: 280/1000
        Progress: 320/1000
        Progress: 360/1000
        Progress: 400/1000
        Progress: 440/1000
        Progress: 480/1000
        Progress: 520/1000
        Progress: 560/1000
        Progress: 600/1000
        Progress: 640/1000
        Progress: 680/1000
        Progress: 720/1000
        Progress: 760/1000
        Progress: 800/1000
        Progress: 840/1000
        Progress: 880/1000
        Progress: 920/1000
        Progress: 960/1000
        Progress: 1000/1000
   === [Elétrons] Concluído em 5m 55.18s ===
[SDSS J112256.47+340641.3] Calculating Electrons (1D Transport)...
   [SDSS J112256.47+340641.3] -> Transport approx 0 (sem IC)...
   [Transport] Executando paralelização para electron...
   -> [Fótons] Generating photon table (Sync + IC)...
      Calculando componente Síncrotron...
      Calculando componente Compton Inverso (IC)...
        Progress: 40/1000
        Progress: 80/1000
        Progress: 120/1000
        Progress: 160/1000
        Progress: 200/1000
        Progress: 240/1000
        Progress: 280/1000
        Progress: 320/1000
        Progress: 360/1000
        Progress: 400/1000
        Progress: 440/1000
        Progress: 480/1000
        Progress: 520/1000
        Progress: 560/1000
        Progress: 600/1000
        Progress: 640/1000
        Progress: 680/1000
        Progress: 720/1000
        Progress: 760/1000
        Progress: 800/1000
        Progress: 840/1000
        Progress: 880/1000
        Progress: 920/1000
        Progress: 960/1000
        Progress: 1000/1000
   -> [IC] Generating IC rate table...
   [SDSS J112256.47+340641.3] -> Transport approx 1 (com IC)...
   [Transport] Executando paralelização para electron...
   -> [Fótons] Generating photon table (Sync + IC)...
      Calculando componente Síncrotron...
      Calculando componente Compton Inverso (IC)...
        Progress: 40/1000
        Progress: 80/1000
        Progress: 120/1000
        Progress: 160/1000
        Progress: 200/1000
        Progress: 240/1000
        Progress: 280/1000
        Progress: 320/1000
        Progress: 360/1000
        Progress: 400/1000
        Progress: 440/1000
        Progress: 480/1000
        Progress: 520/1000
        Progress: 560/1000
        Progress: 600/1000
        Progress: 640/1000
        Progress: 680/1000
        Progress: 720/1000
        Progress: 760/1000
        Progress: 800/1000
        Progress: 840/1000
        Progress: 880/1000
        Progress: 920/1000
        Progress: 960/1000
        Progress: 1000/1000
   === [Elétrons] Concluído em 5m 48.03s ===
[SDSS J112625.19+520503.5] Calculating Electrons (1D Transport)...
   [SDSS J112625.19+520503.5] -> Transport approx 0 (sem IC)...
   [Transport] Executando paralelização para electron...
   -> [Fótons] Generating photon table (Sync + IC)...
      Calculando componente Síncrotron...
      Calculando componente Compton Inverso (IC)...
        Progress: 40/1000
        Progress: 80/1000
        Progress: 120/1000
        Progress: 160/1000
        Progress: 200/1000
        Progress: 240/1000
        Progress: 280/1000
        Progress: 320/1000
        Progress: 360/1000
        Progress: 400/1000
        Progress: 440/1000
        Progress: 480/1000
        Progress: 520/1000
        Progress: 560/1000
        Progress: 600/1000
        Progress: 640/1000
        Progress: 680/1000
        Progress: 720/1000
        Progress: 760/1000
        Progress: 800/1000
        Progress: 840/1000
        Progress: 880/1000
        Progress: 920/1000
        Progress: 960/1000
        Progress: 1000/1000
   -> [IC] Generating IC rate table...
   [SDSS J112625.19+520503.5] -> Transport approx 1 (com IC)...
   [Transport] Executando paralelização para electron...
   -> [Fótons] Generating photon table (Sync + IC)...
      Calculando componente Síncrotron...
      Calculando componente Compton Inverso (IC)...
        Progress: 40/1000
        Progress: 80/1000
        Progress: 120/1000
        Progress: 160/1000
        Progress: 200/1000
        Progress: 240/1000
        Progress: 280/1000
        Progress: 320/1000
        Progress: 360/1000
        Progress: 400/1000
        Progress: 440/1000
        Progress: 480/1000
        Progress: 520/1000
        Progress: 560/1000
        Progress: 600/1000
        Progress: 640/1000
        Progress: 680/1000
        Progress: 720/1000
        Progress: 760/1000
        Progress: 800/1000
        Progress: 840/1000
        Progress: 880/1000
        Progress: 920/1000
        Progress: 960/1000
        Progress: 1000/1000
   === [Elétrons] Concluído em 6m 12.80s ===
[SDSS J112727.52+400409.4] Calculating Electrons (1D Transport)...
   [SDSS J112727.52+400409.4] -> Transport approx 0 (sem IC)...
   [Transport] Executando paralelização para electron...
   -> [Fótons] Generating photon table (Sync + IC)...
      Calculando componente Síncrotron...
      Calculando componente Compton Inverso (IC)...
        Progress: 40/1000
        Progress: 80/1000
        Progress: 120/1000
        Progress: 160/1000
        Progress: 200/1000
        Progress: 240/1000
        Progress: 280/1000
        Progress: 320/1000
        Progress: 360/1000
        Progress: 400/1000
        Progress: 440/1000
        Progress: 480/1000
        Progress: 520/1000
        Progress: 560/1000
        Progress: 600/1000
        Progress: 640/1000
        Progress: 680/1000
        Progress: 720/1000
        Progress: 760/1000
        Progress: 800/1000
        Progress: 840/1000
        Progress: 880/1000
        Progress: 920/1000
        Progress: 960/1000
        Progress: 1000/1000
   -> [IC] Generating IC rate table...
   [SDSS J112727.52+400409.4] -> Transport approx 1 (com IC)...
   [Transport] Executando paralelização para electron...
   -> [Fótons] Generating photon table (Sync + IC)...
      Calculando componente Síncrotron...
      Calculando componente Compton Inverso (IC)...
        Progress: 40/1000
        Progress: 80/1000
        Progress: 120/1000
        Progress: 160/1000
        Progress: 200/1000
        Progress: 240/1000
        Progress: 280/1000
        Progress: 320/1000
        Progress: 360/1000
        Progress: 400/1000
        Progress: 440/1000
        Progress: 480/1000
        Progress: 520/1000
        Progress: 560/1000
        Progress: 600/1000
        Progress: 640/1000
        Progress: 680/1000
        Progress: 720/1000
        Progress: 760/1000
        Progress: 800/1000
        Progress: 840/1000
        Progress: 880/1000
        Progress: 920/1000
        Progress: 960/1000
        Progress: 1000/1000
   === [Elétrons] Concluído em 6m 22.25s ===
[SDSS J113449.29+490439.4] Calculating Electrons (1D Transport)...
   [SDSS J113449.29+490439.4] -> Transport approx 0 (sem IC)...
   [Transport] Executando paralelização para electron...
   -> [Fótons] Generating photon table (Sync + IC)...
      Calculando componente Síncrotron...
      Calculando componente Compton Inverso (IC)...
        Progress: 40/1000
        Progress: 80/1000
        Progress: 120/1000
        Progress: 160/1000
        Progress: 200/1000
        Progress: 240/1000
        Progress: 280/1000
        Progress: 320/1000
        Progress: 360/1000
        Progress: 400/1000
        Progress: 440/1000
        Progress: 480/1000
        Progress: 520/1000
        Progress: 560/1000
        Progress: 600/1000
        Progress: 640/1000
        Progress: 680/1000
        Progress: 720/1000
        Progress: 760/1000
        Progress: 800/1000
        Progress: 840/1000
        Progress: 880/1000
        Progress: 920/1000
        Progress: 960/1000
        Progress: 1000/1000
   -> [IC] Generating IC rate table...
   [SDSS J113449.29+490439.4] -> Transport approx 1 (com IC)...
   [Transport] Executando paralelização para electron...
   -> [Fótons] Generating photon table (Sync + IC)...
      Calculando componente Síncrotron...
      Calculando componente Compton Inverso (IC)...
        Progress: 40/1000
        Progress: 80/1000
        Progress: 120/1000
        Progress: 160/1000
        Progress: 200/1000
        Progress: 240/1000
        Progress: 280/1000
        Progress: 320/1000
        Progress: 360/1000
        Progress: 400/1000
        Progress: 440/1000
        Progress: 480/1000
        Progress: 520/1000
        Progress: 560/1000
        Progress: 600/1000
        Progress: 640/1000
        Progress: 680/1000
        Progress: 720/1000
        Progress: 760/1000
        Progress: 800/1000
        Progress: 840/1000
        Progress: 880/1000
        Progress: 920/1000
        Progress: 960/1000
        Progress: 1000/1000
   === [Elétrons] Concluído em 5m 43.15s ===
[SDSS J113637.14+510008.5] Calculating Electrons (1D Transport)...
   [SDSS J113637.14+510008.5] -> Transport approx 0 (sem IC)...
   [Transport] Executando paralelização para electron...
   -> [Fótons] Generating photon table (Sync + IC)...
      Calculando componente Síncrotron...
      Calculando componente Compton Inverso (IC)...
        Progress: 40/1000
        Progress: 80/1000
        Progress: 120/1000
        Progress: 160/1000
        Progress: 200/1000
        Progress: 240/1000
        Progress: 280/1000
        Progress: 320/1000
        Progress: 360/1000
        Progress: 400/1000
        Progress: 440/1000
        Progress: 480/1000
        Progress: 520/1000
        Progress: 560/1000
        Progress: 600/1000
        Progress: 640/1000
        Progress: 680/1000
        Progress: 720/1000
        Progress: 760/1000
        Progress: 800/1000
        Progress: 840/1000
        Progress: 880/1000
        Progress: 920/1000
        Progress: 960/1000
        Progress: 1000/1000
   -> [IC] Generating IC rate table...
   [SDSS J113637.14+510008.5] -> Transport approx 1 (com IC)...
   [Transport] Executando paralelização para electron...
   -> [Fótons] Generating photon table (Sync + IC)...
      Calculando componente Síncrotron...
      Calculando componente Compton Inverso (IC)...
        Progress: 40/1000
        Progress: 80/1000
        Progress: 120/1000
        Progress: 160/1000
        Progress: 200/1000
        Progress: 240/1000
        Progress: 280/1000
        Progress: 320/1000
        Progress: 360/1000
        Progress: 400/1000
        Progress: 440/1000
        Progress: 480/1000
        Progress: 520/1000
        Progress: 560/1000
        Progress: 600/1000
        Progress: 640/1000
        Progress: 680/1000
        Progress: 720/1000
        Progress: 760/1000
        Progress: 800/1000
        Progress: 840/1000
        Progress: 880/1000
        Progress: 920/1000
        Progress: 960/1000
        Progress: 1000/1000
   === [Elétrons] Concluído em 5m 58.44s ===
[SDSS J114230.94-021505.3] Calculating Electrons (1D Transport)...
   [SDSS J114230.94-021505.3] -> Transport approx 0 (sem IC)...
   [Transport] Executando paralelização para electron...
   -> [Fótons] Generating photon table (Sync + IC)...
      Calculando componente Síncrotron...
      Calculando componente Compton Inverso (IC)...
        Progress: 40/1000
        Progress: 80/1000
        Progress: 120/1000
        Progress: 160/1000
        Progress: 200/1000
        Progress: 240/1000
        Progress: 280/1000
        Progress: 320/1000
        Progress: 360/1000
        Progress: 400/1000
        Progress: 440/1000
        Progress: 480/1000
        Progress: 520/1000
        Progress: 560/1000
        Progress: 600/1000
        Progress: 640/1000
        Progress: 680/1000
        Progress: 720/1000
        Progress: 760/1000
        Progress: 800/1000
        Progress: 840/1000
        Progress: 880/1000
        Progress: 920/1000
        Progress: 960/1000
        Progress: 1000/1000
   -> [IC] Generating IC rate table...
   [SDSS J114230.94-021505.3] -> Transport approx 1 (com IC)...
   [Transport] Executando paralelização para electron...
   -> [Fótons] Generating photon table (Sync + IC)...
      Calculando componente Síncrotron...
      Calculando componente Compton Inverso (IC)...
        Progress: 40/1000
        Progress: 80/1000
        Progress: 120/1000
        Progress: 160/1000
        Progress: 200/1000
        Progress: 240/1000
        Progress: 280/1000
        Progress: 320/1000
        Progress: 360/1000
        Progress: 400/1000
        Progress: 440/1000
        Progress: 480/1000
        Progress: 520/1000
        Progress: 560/1000
        Progress: 600/1000
        Progress: 640/1000
        Progress: 680/1000
        Progress: 720/1000
        Progress: 760/1000
        Progress: 800/1000
        Progress: 840/1000
        Progress: 880/1000
        Progress: 920/1000
        Progress: 960/1000
        Progress: 1000/1000
   === [Elétrons] Concluído em 5m 58.62s ===
[SDSS J114232.84+262919.9] Calculating Electrons (1D Transport)...
   [SDSS J114232.84+262919.9] -> Transport approx 0 (sem IC)...
   [Transport] Executando paralelização para electron...
   -> [Fótons] Generating photon table (Sync + IC)...
      Calculando componente Síncrotron...
      Calculando componente Compton Inverso (IC)...
        Progress: 40/1000
        Progress: 80/1000
        Progress: 120/1000
        Progress: 160/1000
        Progress: 200/1000
        Progress: 240/1000
        Progress: 280/1000
        Progress: 320/1000
        Progress: 360/1000
        Progress: 400/1000
        Progress: 440/1000
        Progress: 480/1000
        Progress: 520/1000
        Progress: 560/1000
        Progress: 600/1000
        Progress: 640/1000
        Progress: 680/1000
        Progress: 720/1000
        Progress: 760/1000
        Progress: 800/1000
        Progress: 840/1000
        Progress: 880/1000
        Progress: 920/1000
        Progress: 960/1000
        Progress: 1000/1000
   -> [IC] Generating IC rate table...
   [SDSS J114232.84+262919.9] -> Transport approx 1 (com IC)...
   [Transport] Executando paralelização para electron...
   -> [Fótons] Generating photon table (Sync + IC)...
      Calculando componente Síncrotron...
      Calculando componente Compton Inverso (IC)...
        Progress: 40/1000
        Progress: 80/1000
        Progress: 120/1000
        Progress: 160/1000
        Progress: 200/1000
        Progress: 240/1000
        Progress: 280/1000
        Progress: 320/1000
        Progress: 360/1000
        Progress: 400/1000
        Progress: 440/1000
        Progress: 480/1000
        Progress: 520/1000
        Progress: 560/1000
        Progress: 600/1000
        Progress: 640/1000
        Progress: 680/1000
        Progress: 720/1000
        Progress: 760/1000
        Progress: 800/1000
        Progress: 840/1000
        Progress: 880/1000
        Progress: 920/1000
        Progress: 960/1000
        Progress: 1000/1000
   === [Elétrons] Concluído em 5m 37.99s ===
[SDSS J114804.60+372638.0] Calculating Electrons (1D Transport)...
   [SDSS J114804.60+372638.0] -> Transport approx 0 (sem IC)...
   [Transport] Executando paralelização para electron...
   -> [Fótons] Generating photon table (Sync + IC)...
      Calculando componente Síncrotron...
      Calculando componente Compton Inverso (IC)...
        Progress: 40/1000
        Progress: 80/1000
        Progress: 120/1000
        Progress: 160/1000
        Progress: 200/1000
        Progress: 240/1000
        Progress: 280/1000
        Progress: 320/1000
        Progress: 360/1000
        Progress: 400/1000
        Progress: 440/1000
        Progress: 480/1000
        Progress: 520/1000
        Progress: 560/1000
        Progress: 600/1000
        Progress: 640/1000
        Progress: 680/1000
        Progress: 720/1000
        Progress: 760/1000
        Progress: 800/1000
        Progress: 840/1000
        Progress: 880/1000
        Progress: 920/1000
        Progress: 960/1000
        Progress: 1000/1000
   -> [IC] Generating IC rate table...
   [SDSS J114804.60+372638.0] -> Transport approx 1 (com IC)...
   [Transport] Executando paralelização para electron...
   -> [Fótons] Generating photon table (Sync + IC)...
      Calculando componente Síncrotron...
      Calculando componente Compton Inverso (IC)...
        Progress: 40/1000
        Progress: 80/1000
        Progress: 120/1000
        Progress: 160/1000
        Progress: 200/1000
        Progress: 240/1000
        Progress: 280/1000
        Progress: 320/1000
        Progress: 360/1000
        Progress: 400/1000
        Progress: 440/1000
        Progress: 480/1000
        Progress: 520/1000
        Progress: 560/1000
        Progress: 600/1000
        Progress: 640/1000
        Progress: 680/1000
        Progress: 720/1000
        Progress: 760/1000
        Progress: 800/1000
        Progress: 840/1000
        Progress: 880/1000
        Progress: 920/1000
        Progress: 960/1000
        Progress: 1000/1000
   === [Elétrons] Concluído em 5m 49.00s ===
[SDSS J115531.39+545200.4] Calculating Electrons (1D Transport)...
   [SDSS J115531.39+545200.4] -> Transport approx 0 (sem IC)...
   [Transport] Executando paralelização para electron...
   -> [Fótons] Generating photon table (Sync + IC)...
      Calculando componente Síncrotron...
      Calculando componente Compton Inverso (IC)...
        Progress: 40/1000
        Progress: 80/1000
        Progress: 120/1000
        Progress: 160/1000
        Progress: 200/1000
        Progress: 240/1000
        Progress: 280/1000
        Progress: 320/1000
        Progress: 360/1000
        Progress: 400/1000
        Progress: 440/1000
        Progress: 480/1000
        Progress: 520/1000
        Progress: 560/1000
        Progress: 600/1000
        Progress: 640/1000
        Progress: 680/1000
        Progress: 720/1000
        Progress: 760/1000
        Progress: 800/1000
        Progress: 840/1000
        Progress: 880/1000
        Progress: 920/1000
        Progress: 960/1000
        Progress: 1000/1000
   -> [IC] Generating IC rate table...
   [SDSS J115531.39+545200.4] -> Transport approx 1 (com IC)...
   [Transport] Executando paralelização para electron...
   -> [Fótons] Generating photon table (Sync + IC)...
      Calculando componente Síncrotron...
      Calculando componente Compton Inverso (IC)...
        Progress: 40/1000
        Progress: 80/1000
        Progress: 120/1000
        Progress: 160/1000
        Progress: 200/1000
        Progress: 240/1000
        Progress: 280/1000
        Progress: 320/1000
        Progress: 360/1000
        Progress: 400/1000
        Progress: 440/1000
        Progress: 480/1000
        Progress: 520/1000
        Progress: 560/1000
        Progress: 600/1000
        Progress: 640/1000
        Progress: 680/1000
        Progress: 720/1000
        Progress: 760/1000
        Progress: 800/1000
        Progress: 840/1000
        Progress: 880/1000
        Progress: 920/1000
        Progress: 960/1000
        Progress: 1000/1000
   === [Elétrons] Concluído em 6m 0.60s ===
[SDSS J120551.46+203119.0] Calculating Electrons (1D Transport)...
   [SDSS J120551.46+203119.0] -> Transport approx 0 (sem IC)...
   [Transport] Executando paralelização para electron...
   -> [Fótons] Generating photon table (Sync + IC)...
      Calculando componente Síncrotron...
      Calculando componente Compton Inverso (IC)...
        Progress: 40/1000
        Progress: 80/1000
        Progress: 120/1000
        Progress: 160/1000
        Progress: 200/1000
        Progress: 240/1000
        Progress: 280/1000
        Progress: 320/1000
        Progress: 360/1000
        Progress: 400/1000
        Progress: 440/1000
        Progress: 480/1000
        Progress: 520/1000
        Progress: 560/1000
        Progress: 600/1000
        Progress: 640/1000
        Progress: 680/1000
        Progress: 720/1000
        Progress: 760/1000
        Progress: 800/1000
        Progress: 840/1000
        Progress: 880/1000
        Progress: 920/1000
        Progress: 960/1000
        Progress: 1000/1000
   -> [IC] Generating IC rate table...
   [SDSS J120551.46+203119.0] -> Transport approx 1 (com IC)...
   [Transport] Executando paralelização para electron...
   -> [Fótons] Generating photon table (Sync + IC)...
      Calculando componente Síncrotron...
      Calculando componente Compton Inverso (IC)...
        Progress: 40/1000
        Progress: 80/1000
        Progress: 120/1000
        Progress: 160/1000
        Progress: 200/1000
        Progress: 240/1000
        Progress: 280/1000
        Progress: 320/1000
        Progress: 360/1000
        Progress: 400/1000
        Progress: 440/1000
        Progress: 480/1000
        Progress: 520/1000
        Progress: 560/1000
        Progress: 600/1000
        Progress: 640/1000
        Progress: 680/1000
        Progress: 720/1000
        Progress: 760/1000
        Progress: 800/1000
        Progress: 840/1000
        Progress: 880/1000
        Progress: 920/1000
        Progress: 960/1000
        Progress: 1000/1000
   === [Elétrons] Concluído em 6m 13.41s ===
[SDSS J120607.81+400902.6] Calculating Electrons (1D Transport)...
   [SDSS J120607.81+400902.6] -> Transport approx 0 (sem IC)...
   [Transport] Executando paralelização para electron...
   -> [Fótons] Generating photon table (Sync + IC)...
      Calculando componente Síncrotron...
      Calculando componente Compton Inverso (IC)...
        Progress: 40/1000
        Progress: 80/1000
        Progress: 120/1000
        Progress: 160/1000
        Progress: 200/1000
        Progress: 240/1000
        Progress: 280/1000
        Progress: 320/1000
        Progress: 360/1000
        Progress: 400/1000
        Progress: 440/1000
        Progress: 480/1000
        Progress: 520/1000
        Progress: 560/1000
        Progress: 600/1000
        Progress: 640/1000
        Progress: 680/1000
        Progress: 720/1000
        Progress: 760/1000
        Progress: 800/1000
        Progress: 840/1000
        Progress: 880/1000
        Progress: 920/1000
        Progress: 960/1000
        Progress: 1000/1000
   -> [IC] Generating IC rate table...
   [SDSS J120607.81+400902.6] -> Transport approx 1 (com IC)...
   [Transport] Executando paralelização para electron...
   -> [Fótons] Generating photon table (Sync + IC)...
      Calculando componente Síncrotron...
      Calculando componente Compton Inverso (IC)...
        Progress: 40/1000
        Progress: 80/1000
        Progress: 120/1000
        Progress: 160/1000
        Progress: 200/1000
        Progress: 240/1000
        Progress: 280/1000
        Progress: 320/1000
        Progress: 360/1000
        Progress: 400/1000
        Progress: 440/1000
        Progress: 480/1000
        Progress: 520/1000
        Progress: 560/1000
        Progress: 600/1000
        Progress: 640/1000
        Progress: 680/1000
        Progress: 720/1000
        Progress: 760/1000
        Progress: 800/1000
        Progress: 840/1000
        Progress: 880/1000
        Progress: 920/1000
        Progress: 960/1000
        Progress: 1000/1000
   === [Elétrons] Concluído em 5m 52.46s ===
[SDSS J121329.27+504429.4] Calculating Electrons (1D Transport)...
   [SDSS J121329.27+504429.4] -> Transport approx 0 (sem IC)...
   [Transport] Executando paralelização para electron...
   -> [Fótons] Generating photon table (Sync + IC)...
      Calculando componente Síncrotron...
      Calculando componente Compton Inverso (IC)...
        Progress: 40/1000
        Progress: 80/1000
        Progress: 120/1000
        Progress: 160/1000
        Progress: 200/1000
        Progress: 240/1000
        Progress: 280/1000
        Progress: 320/1000
        Progress: 360/1000
        Progress: 400/1000
        Progress: 440/1000
        Progress: 480/1000
        Progress: 520/1000
        Progress: 560/1000
        Progress: 600/1000
        Progress: 640/1000
        Progress: 680/1000
        Progress: 720/1000
        Progress: 760/1000
        Progress: 800/1000
        Progress: 840/1000
        Progress: 880/1000
        Progress: 920/1000
        Progress: 960/1000
        Progress: 1000/1000
   -> [IC] Generating IC rate table...
   [SDSS J121329.27+504429.4] -> Transport approx 1 (com IC)...
   [Transport] Executando paralelização para electron...
   -> [Fótons] Generating photon table (Sync + IC)...
      Calculando componente Síncrotron...
      Calculando componente Compton Inverso (IC)...
        Progress: 40/1000
        Progress: 80/1000
        Progress: 120/1000
        Progress: 160/1000
        Progress: 200/1000
        Progress: 240/1000
        Progress: 280/1000
        Progress: 320/1000
        Progress: 360/1000
        Progress: 400/1000
        Progress: 440/1000
        Progress: 480/1000
        Progress: 520/1000
        Progress: 560/1000
        Progress: 600/1000
        Progress: 640/1000
        Progress: 680/1000
        Progress: 720/1000
        Progress: 760/1000
        Progress: 800/1000
        Progress: 840/1000
        Progress: 880/1000
        Progress: 920/1000
        Progress: 960/1000
        Progress: 1000/1000
   === [Elétrons] Concluído em 5m 51.62s ===
[SDSS J121951.65+282521.3] Calculating Electrons (1D Transport)...
   [SDSS J121951.65+282521.3] -> Transport approx 0 (sem IC)...
   [Transport] Executando paralelização para electron...
   -> [Fótons] Generating photon table (Sync + IC)...
      Calculando componente Síncrotron...
      Calculando componente Compton Inverso (IC)...
        Progress: 40/1000
        Progress: 80/1000
        Progress: 120/1000
        Progress: 160/1000
        Progress: 200/1000
        Progress: 240/1000
        Progress: 280/1000
        Progress: 320/1000
        Progress: 360/1000
        Progress: 400/1000
        Progress: 440/1000
        Progress: 480/1000
        Progress: 520/1000
        Progress: 560/1000
        Progress: 600/1000
        Progress: 640/1000
        Progress: 680/1000
        Progress: 720/1000
        Progress: 760/1000
        Progress: 800/1000
        Progress: 840/1000
        Progress: 880/1000
        Progress: 920/1000
        Progress: 960/1000
        Progress: 1000/1000
   -> [IC] Generating IC rate table...
   [SDSS J121951.65+282521.3] -> Transport approx 1 (com IC)...
   [Transport] Executando paralelização para electron...
   -> [Fótons] Generating photon table (Sync + IC)...
      Calculando componente Síncrotron...
      Calculando componente Compton Inverso (IC)...
        Progress: 40/1000
        Progress: 80/1000
        Progress: 120/1000
        Progress: 160/1000
        Progress: 200/1000
        Progress: 240/1000
        Progress: 280/1000
        Progress: 320/1000
        Progress: 360/1000
        Progress: 400/1000
        Progress: 440/1000
        Progress: 480/1000
        Progress: 520/1000
        Progress: 560/1000
        Progress: 600/1000
        Progress: 640/1000
        Progress: 680/1000
        Progress: 720/1000
        Progress: 760/1000
        Progress: 800/1000
        Progress: 840/1000
        Progress: 880/1000
        Progress: 920/1000
        Progress: 960/1000
        Progress: 1000/1000
   === [Elétrons] Concluído em 5m 47.94s ===
[SDSS J122421.31+600641.2] Calculating Electrons (1D Transport)...
   [SDSS J122421.31+600641.2] -> Transport approx 0 (sem IC)...
   [Transport] Executando paralelização para electron...
   -> [Fótons] Generating photon table (Sync + IC)...
      Calculando componente Síncrotron...
      Calculando componente Compton Inverso (IC)...
        Progress: 40/1000
        Progress: 80/1000
        Progress: 120/1000
        Progress: 160/1000
        Progress: 200/1000
        Progress: 240/1000
        Progress: 280/1000
        Progress: 320/1000
        Progress: 360/1000
        Progress: 400/1000
        Progress: 440/1000
        Progress: 480/1000
        Progress: 520/1000
        Progress: 560/1000
        Progress: 600/1000
        Progress: 640/1000
        Progress: 680/1000
        Progress: 720/1000
        Progress: 760/1000
        Progress: 800/1000
        Progress: 840/1000
        Progress: 880/1000
        Progress: 920/1000
        Progress: 960/1000
        Progress: 1000/1000
   -> [IC] Generating IC rate table...
   [SDSS J122421.31+600641.2] -> Transport approx 1 (com IC)...
   [Transport] Executando paralelização para electron...
   -> [Fótons] Generating photon table (Sync + IC)...
      Calculando componente Síncrotron...
      Calculando componente Compton Inverso (IC)...
        Progress: 40/1000
        Progress: 80/1000
        Progress: 120/1000
        Progress: 160/1000
        Progress: 200/1000
        Progress: 240/1000
        Progress: 280/1000
        Progress: 320/1000
        Progress: 360/1000
        Progress: 400/1000
        Progress: 440/1000
        Progress: 480/1000
        Progress: 520/1000
        Progress: 560/1000
        Progress: 600/1000
        Progress: 640/1000
        Progress: 680/1000
        Progress: 720/1000
        Progress: 760/1000
        Progress: 800/1000
        Progress: 840/1000
        Progress: 880/1000
        Progress: 920/1000
        Progress: 960/1000
        Progress: 1000/1000
   === [Elétrons] Concluído em 5m 41.75s ===
[SDSS J123011.85+470022.7] Calculating Electrons (1D Transport)...
   [SDSS J123011.85+470022.7] -> Transport approx 0 (sem IC)...
   [Transport] Executando paralelização para electron...
   -> [Fótons] Generating photon table (Sync + IC)...
      Calculando componente Síncrotron...
      Calculando componente Compton Inverso (IC)...
        Progress: 40/1000
        Progress: 80/1000
        Progress: 120/1000
        Progress: 160/1000
        Progress: 200/1000
        Progress: 240/1000
        Progress: 280/1000
        Progress: 320/1000
        Progress: 360/1000
        Progress: 400/1000
        Progress: 440/1000
        Progress: 480/1000
        Progress: 520/1000
        Progress: 560/1000
        Progress: 600/1000
        Progress: 640/1000
        Progress: 680/1000
        Progress: 720/1000
        Progress: 760/1000
        Progress: 800/1000
        Progress: 840/1000
        Progress: 880/1000
        Progress: 920/1000
        Progress: 960/1000
        Progress: 1000/1000
   -> [IC] Generating IC rate table...
   [SDSS J123011.85+470022.7] -> Transport approx 1 (com IC)...
   [Transport] Executando paralelização para electron...
   -> [Fótons] Generating photon table (Sync + IC)...
      Calculando componente Síncrotron...
      Calculando componente Compton Inverso (IC)...
        Progress: 40/1000
        Progress: 80/1000
        Progress: 120/1000
        Progress: 160/1000
        Progress: 200/1000
        Progress: 240/1000
        Progress: 280/1000
        Progress: 320/1000
        Progress: 360/1000
        Progress: 400/1000
        Progress: 440/1000
        Progress: 480/1000
        Progress: 520/1000
        Progress: 560/1000
        Progress: 600/1000
        Progress: 640/1000
        Progress: 680/1000
        Progress: 720/1000
        Progress: 760/1000
        Progress: 800/1000
        Progress: 840/1000
        Progress: 880/1000
        Progress: 920/1000
        Progress: 960/1000
        Progress: 1000/1000
   === [Elétrons] Concluído em 6m 5.59s ===
[SDSS J124318.73+033300.6] Calculating Electrons (1D Transport)...
   [SDSS J124318.73+033300.6] -> Transport approx 0 (sem IC)...
   [Transport] Executando paralelização para electron...
   -> [Fótons] Generating photon table (Sync + IC)...
      Calculando componente Síncrotron...
      Calculando componente Compton Inverso (IC)...
        Progress: 40/1000
        Progress: 80/1000
        Progress: 120/1000
        Progress: 160/1000
        Progress: 200/1000
        Progress: 240/1000
        Progress: 280/1000
        Progress: 320/1000
        Progress: 360/1000
        Progress: 400/1000
        Progress: 440/1000
        Progress: 480/1000
        Progress: 520/1000
        Progress: 560/1000
        Progress: 600/1000
        Progress: 640/1000
        Progress: 680/1000
        Progress: 720/1000
        Progress: 760/1000
        Progress: 800/1000
        Progress: 840/1000
        Progress: 880/1000
        Progress: 920/1000
        Progress: 960/1000
        Progress: 1000/1000
   -> [IC] Generating IC rate table...
   [SDSS J124318.73+033300.6] -> Transport approx 1 (com IC)...
   [Transport] Executando paralelização para electron...
   -> [Fótons] Generating photon table (Sync + IC)...
      Calculando componente Síncrotron...
      Calculando componente Compton Inverso (IC)...
        Progress: 40/1000
        Progress: 80/1000
        Progress: 120/1000
        Progress: 160/1000
        Progress: 200/1000
        Progress: 240/1000
        Progress: 280/1000
        Progress: 320/1000
        Progress: 360/1000
        Progress: 400/1000
        Progress: 440/1000
        Progress: 480/1000
        Progress: 520/1000
        Progress: 560/1000
        Progress: 600/1000
        Progress: 640/1000
        Progress: 680/1000
        Progress: 720/1000
        Progress: 760/1000
        Progress: 800/1000
        Progress: 840/1000
        Progress: 880/1000
        Progress: 920/1000
        Progress: 960/1000
        Progress: 1000/1000
   === [Elétrons] Concluído em 6m 8.78s ===
[SDSS J124633.75+115347.8] Calculating Electrons (1D Transport)...
   [SDSS J124633.75+115347.8] -> Transport approx 0 (sem IC)...
   [Transport] Executando paralelização para electron...
   -> [Fótons] Generating photon table (Sync + IC)...
      Calculando componente Síncrotron...
      Calculando componente Compton Inverso (IC)...
        Progress: 40/1000
        Progress: 80/1000
        Progress: 120/1000
        Progress: 160/1000
        Progress: 200/1000
        Progress: 240/1000
        Progress: 280/1000
        Progress: 320/1000
        Progress: 360/1000
        Progress: 400/1000
        Progress: 440/1000
        Progress: 480/1000
        Progress: 520/1000
        Progress: 560/1000
        Progress: 600/1000
        Progress: 640/1000
        Progress: 680/1000
        Progress: 720/1000
        Progress: 760/1000
        Progress: 800/1000
        Progress: 840/1000
        Progress: 880/1000
        Progress: 920/1000
        Progress: 960/1000
        Progress: 1000/1000
   -> [IC] Generating IC rate table...
   [SDSS J124633.75+115347.8] -> Transport approx 1 (com IC)...
   [Transport] Executando paralelização para electron...
   -> [Fótons] Generating photon table (Sync + IC)...
      Calculando componente Síncrotron...
      Calculando componente Compton Inverso (IC)...
        Progress: 40/1000
        Progress: 80/1000
        Progress: 120/1000
        Progress: 160/1000
        Progress: 200/1000
        Progress: 240/1000
        Progress: 280/1000
        Progress: 320/1000
        Progress: 360/1000
        Progress: 400/1000
        Progress: 440/1000
        Progress: 480/1000
        Progress: 520/1000
        Progress: 560/1000
        Progress: 600/1000
        Progress: 640/1000
        Progress: 680/1000
        Progress: 720/1000
        Progress: 760/1000
        Progress: 800/1000
        Progress: 840/1000
        Progress: 880/1000
        Progress: 920/1000
        Progress: 960/1000
        Progress: 1000/1000
   === [Elétrons] Concluído em 5m 58.16s ===
[SDSS J125027.42+001345.6] Calculating Electrons (1D Transport)...
   [SDSS J125027.42+001345.6] -> Transport approx 0 (sem IC)...
   [Transport] Executando paralelização para electron...
   -> [Fótons] Generating photon table (Sync + IC)...
      Calculando componente Síncrotron...
      Calculando componente Compton Inverso (IC)...
        Progress: 40/1000
        Progress: 80/1000
        Progress: 120/1000
        Progress: 160/1000
        Progress: 200/1000
        Progress: 240/1000
        Progress: 280/1000
        Progress: 320/1000
        Progress: 360/1000
        Progress: 400/1000
        Progress: 440/1000
        Progress: 480/1000
        Progress: 520/1000
        Progress: 560/1000
        Progress: 600/1000
        Progress: 640/1000
        Progress: 680/1000
        Progress: 720/1000
        Progress: 760/1000
        Progress: 800/1000
        Progress: 840/1000
        Progress: 880/1000
        Progress: 920/1000
        Progress: 960/1000
        Progress: 1000/1000
   -> [IC] Generating IC rate table...
   [SDSS J125027.42+001345.6] -> Transport approx 1 (com IC)...
   [Transport] Executando paralelização para electron...
   -> [Fótons] Generating photon table (Sync + IC)...
      Calculando componente Síncrotron...
      Calculando componente Compton Inverso (IC)...
        Progress: 40/1000
        Progress: 80/1000
        Progress: 120/1000
        Progress: 160/1000
        Progress: 200/1000
        Progress: 240/1000
        Progress: 280/1000
        Progress: 320/1000
        Progress: 360/1000
        Progress: 400/1000
        Progress: 440/1000
        Progress: 480/1000
        Progress: 520/1000
        Progress: 560/1000
        Progress: 600/1000
        Progress: 640/1000
        Progress: 680/1000
        Progress: 720/1000
        Progress: 760/1000
        Progress: 800/1000
        Progress: 840/1000
        Progress: 880/1000
        Progress: 920/1000
        Progress: 960/1000
        Progress: 1000/1000
   === [Elétrons] Concluído em 6m 14.73s ===
[SDSS J125409.12-011527.1] Calculating Electrons (1D Transport)...
   [SDSS J125409.12-011527.1] -> Transport approx 0 (sem IC)...
   [Transport] Executando paralelização para electron...
   -> [Fótons] Generating photon table (Sync + IC)...
      Calculando componente Síncrotron...
      Calculando componente Compton Inverso (IC)...
        Progress: 40/1000
        Progress: 80/1000
        Progress: 120/1000
        Progress: 160/1000
        Progress: 200/1000
        Progress: 240/1000
        Progress: 280/1000
        Progress: 320/1000
        Progress: 360/1000
        Progress: 400/1000
        Progress: 440/1000
        Progress: 480/1000
        Progress: 520/1000
        Progress: 560/1000
        Progress: 600/1000
        Progress: 640/1000
        Progress: 680/1000
        Progress: 720/1000
        Progress: 760/1000
        Progress: 800/1000
        Progress: 840/1000
        Progress: 880/1000
        Progress: 920/1000
        Progress: 960/1000
        Progress: 1000/1000
   -> [IC] Generating IC rate table...
   [SDSS J125409.12-011527.1] -> Transport approx 1 (com IC)...
   [Transport] Executando paralelização para electron...
   -> [Fótons] Generating photon table (Sync + IC)...
      Calculando componente Síncrotron...
      Calculando componente Compton Inverso (IC)...
        Progress: 40/1000
        Progress: 80/1000
        Progress: 120/1000
        Progress: 160/1000
        Progress: 200/1000
        Progress: 240/1000
        Progress: 280/1000
        Progress: 320/1000
        Progress: 360/1000
        Progress: 400/1000
        Progress: 440/1000
        Progress: 480/1000
        Progress: 520/1000
        Progress: 560/1000
        Progress: 600/1000
        Progress: 640/1000
        Progress: 680/1000
        Progress: 720/1000
        Progress: 760/1000
        Progress: 800/1000
        Progress: 840/1000
        Progress: 880/1000
        Progress: 920/1000
        Progress: 960/1000
        Progress: 1000/1000
   === [Elétrons] Concluído em 6m 4.15s ===
[SDSS J130404.99+075428.4] Calculating Electrons (1D Transport)...
   [SDSS J130404.99+075428.4] -> Transport approx 0 (sem IC)...
   [Transport] Executando paralelização para electron...
   -> [Fótons] Generating photon table (Sync + IC)...
      Calculando componente Síncrotron...
      Calculando componente Compton Inverso (IC)...
        Progress: 40/1000
        Progress: 80/1000
        Progress: 120/1000
        Progress: 160/1000
        Progress: 200/1000
        Progress: 240/1000
        Progress: 280/1000
        Progress: 320/1000
        Progress: 360/1000
        Progress: 400/1000
        Progress: 440/1000
        Progress: 480/1000
        Progress: 520/1000
        Progress: 560/1000
        Progress: 600/1000
        Progress: 640/1000
        Progress: 680/1000
        Progress: 720/1000
        Progress: 760/1000
        Progress: 800/1000
        Progress: 840/1000
        Progress: 880/1000
        Progress: 920/1000
        Progress: 960/1000
        Progress: 1000/1000
   -> [IC] Generating IC rate table...
   [SDSS J130404.99+075428.4] -> Transport approx 1 (com IC)...
   [Transport] Executando paralelização para electron...
   -> [Fótons] Generating photon table (Sync + IC)...
      Calculando componente Síncrotron...
      Calculando componente Compton Inverso (IC)...
        Progress: 40/1000
        Progress: 80/1000
        Progress: 120/1000
        Progress: 160/1000
        Progress: 200/1000
        Progress: 240/1000
        Progress: 280/1000
        Progress: 320/1000
        Progress: 360/1000
        Progress: 400/1000
        Progress: 440/1000
        Progress: 480/1000
        Progress: 520/1000
        Progress: 560/1000
        Progress: 600/1000
        Progress: 640/1000
        Progress: 680/1000
        Progress: 720/1000
        Progress: 760/1000
        Progress: 800/1000
        Progress: 840/1000
        Progress: 880/1000
        Progress: 920/1000
        Progress: 960/1000
        Progress: 1000/1000
   === [Elétrons] Concluído em 5m 44.45s ===
[SDSS J130837.91+434415.1] Calculating Electrons (1D Transport)...
   [SDSS J130837.91+434415.1] -> Transport approx 0 (sem IC)...
   [Transport] Executando paralelização para electron...
   -> [Fótons] Generating photon table (Sync + IC)...
      Calculando componente Síncrotron...
      Calculando componente Compton Inverso (IC)...
        Progress: 40/1000
        Progress: 80/1000
        Progress: 120/1000
        Progress: 160/1000
        Progress: 200/1000
        Progress: 240/1000
        Progress: 280/1000
        Progress: 320/1000
        Progress: 360/1000
        Progress: 400/1000
        Progress: 440/1000
        Progress: 480/1000
        Progress: 520/1000
        Progress: 560/1000
        Progress: 600/1000
        Progress: 640/1000
        Progress: 680/1000
        Progress: 720/1000
        Progress: 760/1000
        Progress: 800/1000
        Progress: 840/1000
        Progress: 880/1000
        Progress: 920/1000
        Progress: 960/1000
        Progress: 1000/1000
   -> [IC] Generating IC rate table...
   [SDSS J130837.91+434415.1] -> Transport approx 1 (com IC)...
   [Transport] Executando paralelização para electron...
   -> [Fótons] Generating photon table (Sync + IC)...
      Calculando componente Síncrotron...
      Calculando componente Compton Inverso (IC)...
        Progress: 40/1000
        Progress: 80/1000
        Progress: 120/1000
        Progress: 160/1000
        Progress: 200/1000
        Progress: 240/1000
        Progress: 280/1000
        Progress: 320/1000
        Progress: 360/1000
        Progress: 400/1000
        Progress: 440/1000
        Progress: 480/1000
        Progress: 520/1000
        Progress: 560/1000
        Progress: 600/1000
        Progress: 640/1000
        Progress: 680/1000
        Progress: 720/1000
        Progress: 760/1000
        Progress: 800/1000
        Progress: 840/1000
        Progress: 880/1000
        Progress: 920/1000
        Progress: 960/1000
        Progress: 1000/1000
   === [Elétrons] Concluído em 5m 54.42s ===
[SDSS J133042.51+323249.0] Calculating Electrons (1D Transport)...
   [SDSS J133042.51+323249.0] -> Transport approx 0 (sem IC)...
   [Transport] Executando paralelização para electron...
   -> [Fótons] Generating photon table (Sync + IC)...
      Calculando componente Síncrotron...
      Calculando componente Compton Inverso (IC)...
        Progress: 40/1000
        Progress: 80/1000
        Progress: 120/1000
        Progress: 160/1000
        Progress: 200/1000
        Progress: 240/1000
        Progress: 280/1000
        Progress: 320/1000
        Progress: 360/1000
        Progress: 400/1000
        Progress: 440/1000
        Progress: 480/1000
        Progress: 520/1000
        Progress: 560/1000
        Progress: 600/1000
        Progress: 640/1000
        Progress: 680/1000
        Progress: 720/1000
        Progress: 760/1000
        Progress: 800/1000
        Progress: 840/1000
        Progress: 880/1000
        Progress: 920/1000
        Progress: 960/1000
        Progress: 1000/1000
   -> [IC] Generating IC rate table...
   [SDSS J133042.51+323249.0] -> Transport approx 1 (com IC)...
   [Transport] Executando paralelização para electron...
   -> [Fótons] Generating photon table (Sync + IC)...
      Calculando componente Síncrotron...
      Calculando componente Compton Inverso (IC)...
        Progress: 40/1000
        Progress: 80/1000
        Progress: 120/1000
        Progress: 160/1000
        Progress: 200/1000
        Progress: 240/1000
        Progress: 280/1000
        Progress: 320/1000
        Progress: 360/1000
        Progress: 400/1000
        Progress: 440/1000
        Progress: 480/1000
        Progress: 520/1000
        Progress: 560/1000
        Progress: 600/1000
        Progress: 640/1000
        Progress: 680/1000
        Progress: 720/1000
        Progress: 760/1000
        Progress: 800/1000
        Progress: 840/1000
        Progress: 880/1000
        Progress: 920/1000
        Progress: 960/1000
        Progress: 1000/1000
   === [Elétrons] Concluído em 6m 12.88s ===
[SDSS J133455.94+134431.7] Calculating Electrons (1D Transport)...
   [SDSS J133455.94+134431.7] -> Transport approx 0 (sem IC)...
   [Transport] Executando paralelização para electron...
   -> [Fótons] Generating photon table (Sync + IC)...
      Calculando componente Síncrotron...
      Calculando componente Compton Inverso (IC)...
        Progress: 40/1000
        Progress: 80/1000
        Progress: 120/1000
        Progress: 160/1000
        Progress: 200/1000
        Progress: 240/1000
        Progress: 280/1000
        Progress: 320/1000
        Progress: 360/1000
        Progress: 400/1000
        Progress: 440/1000
        Progress: 480/1000
        Progress: 520/1000
        Progress: 560/1000
        Progress: 600/1000
        Progress: 640/1000
        Progress: 680/1000
        Progress: 720/1000
        Progress: 760/1000
        Progress: 800/1000
        Progress: 840/1000
        Progress: 880/1000
        Progress: 920/1000
        Progress: 960/1000
        Progress: 1000/1000
   -> [IC] Generating IC rate table...
   [SDSS J133455.94+134431.7] -> Transport approx 1 (com IC)...
   [Transport] Executando paralelização para electron...
   -> [Fótons] Generating photon table (Sync + IC)...
      Calculando componente Síncrotron...
      Calculando componente Compton Inverso (IC)...
        Progress: 40/1000
        Progress: 80/1000
        Progress: 120/1000
        Progress: 160/1000
        Progress: 200/1000
        Progress: 240/1000
        Progress: 280/1000
        Progress: 320/1000
        Progress: 360/1000
        Progress: 400/1000
        Progress: 440/1000
        Progress: 480/1000
        Progress: 520/1000
        Progress: 560/1000
        Progress: 600/1000
        Progress: 640/1000
        Progress: 680/1000
        Progress: 720/1000
        Progress: 760/1000
        Progress: 800/1000
        Progress: 840/1000
        Progress: 880/1000
        Progress: 920/1000
        Progress: 960/1000
        Progress: 1000/1000
   === [Elétrons] Concluído em 5m 44.06s ===
[SDSS J133621.18+031951.0] Calculating Electrons (1D Transport)...
   [SDSS J133621.18+031951.0] -> Transport approx 0 (sem IC)...
   [Transport] Executando paralelização para electron...
   -> [Fótons] Generating photon table (Sync + IC)...
      Calculando componente Síncrotron...
      Calculando componente Compton Inverso (IC)...
        Progress: 40/1000
        Progress: 80/1000
        Progress: 120/1000
        Progress: 160/1000
        Progress: 200/1000
        Progress: 240/1000
        Progress: 280/1000
        Progress: 320/1000
        Progress: 360/1000
        Progress: 400/1000
        Progress: 440/1000
        Progress: 480/1000
        Progress: 520/1000
        Progress: 560/1000
        Progress: 600/1000
        Progress: 640/1000
        Progress: 680/1000
        Progress: 720/1000
        Progress: 760/1000
        Progress: 800/1000
        Progress: 840/1000
        Progress: 880/1000
        Progress: 920/1000
        Progress: 960/1000
        Progress: 1000/1000
   -> [IC] Generating IC rate table...
   [SDSS J133621.18+031951.0] -> Transport approx 1 (com IC)...
   [Transport] Executando paralelização para electron...
   -> [Fótons] Generating photon table (Sync + IC)...
      Calculando componente Síncrotron...
      Calculando componente Compton Inverso (IC)...
        Progress: 40/1000
        Progress: 80/1000
        Progress: 120/1000
        Progress: 160/1000
        Progress: 200/1000
        Progress: 240/1000
        Progress: 280/1000
        Progress: 320/1000
        Progress: 360/1000
        Progress: 400/1000
        Progress: 440/1000
        Progress: 480/1000
        Progress: 520/1000
        Progress: 560/1000
        Progress: 600/1000
        Progress: 640/1000
        Progress: 680/1000
        Progress: 720/1000
        Progress: 760/1000
        Progress: 800/1000
        Progress: 840/1000
        Progress: 880/1000
        Progress: 920/1000
        Progress: 960/1000
        Progress: 1000/1000
   === [Elétrons] Concluído em 5m 59.76s ===
[SDSS J133737.49+155820.0] Calculating Electrons (1D Transport)...
   [SDSS J133737.49+155820.0] -> Transport approx 0 (sem IC)...
   [Transport] Executando paralelização para electron...
   -> [Fótons] Generating photon table (Sync + IC)...
      Calculando componente Síncrotron...
      Calculando componente Compton Inverso (IC)...
        Progress: 40/1000
        Progress: 80/1000
        Progress: 120/1000
        Progress: 160/1000
        Progress: 200/1000
        Progress: 240/1000
        Progress: 280/1000
        Progress: 320/1000
        Progress: 360/1000
        Progress: 400/1000
        Progress: 440/1000
        Progress: 480/1000
        Progress: 520/1000
        Progress: 560/1000
        Progress: 600/1000
        Progress: 640/1000
        Progress: 680/1000
        Progress: 720/1000
        Progress: 760/1000
        Progress: 800/1000
        Progress: 840/1000
        Progress: 880/1000
        Progress: 920/1000
        Progress: 960/1000
        Progress: 1000/1000
   -> [IC] Generating IC rate table...
   [SDSS J133737.49+155820.0] -> Transport approx 1 (com IC)...
   [Transport] Executando paralelização para electron...
   -> [Fótons] Generating photon table (Sync + IC)...
      Calculando componente Síncrotron...
      Calculando componente Compton Inverso (IC)...
        Progress: 40/1000
        Progress: 80/1000
        Progress: 120/1000
        Progress: 160/1000
        Progress: 200/1000
        Progress: 240/1000
        Progress: 280/1000
        Progress: 320/1000
        Progress: 360/1000
        Progress: 400/1000
        Progress: 440/1000
        Progress: 480/1000
        Progress: 520/1000
        Progress: 560/1000
        Progress: 600/1000
        Progress: 640/1000
        Progress: 680/1000
        Progress: 720/1000
        Progress: 760/1000
        Progress: 800/1000
        Progress: 840/1000
        Progress: 880/1000
        Progress: 920/1000
        Progress: 960/1000
        Progress: 1000/1000
   === [Elétrons] Concluído em 5m 46.51s ===
[SDSS J134159.72+294653.5] Calculating Electrons (1D Transport)...
   [SDSS J134159.72+294653.5] -> Transport approx 0 (sem IC)...
   [Transport] Executando paralelização para electron...
   -> [Fótons] Generating photon table (Sync + IC)...
      Calculando componente Síncrotron...
      Calculando componente Compton Inverso (IC)...
        Progress: 40/1000
        Progress: 80/1000
        Progress: 120/1000
        Progress: 160/1000
        Progress: 200/1000
        Progress: 240/1000
        Progress: 280/1000
        Progress: 320/1000
        Progress: 360/1000
        Progress: 400/1000
        Progress: 440/1000
        Progress: 480/1000
        Progress: 520/1000
        Progress: 560/1000
        Progress: 600/1000
        Progress: 640/1000
        Progress: 680/1000
        Progress: 720/1000
        Progress: 760/1000
        Progress: 800/1000
        Progress: 840/1000
        Progress: 880/1000
        Progress: 920/1000
        Progress: 960/1000
        Progress: 1000/1000
   -> [IC] Generating IC rate table...
   [SDSS J134159.72+294653.5] -> Transport approx 1 (com IC)...
   [Transport] Executando paralelização para electron...
   -> [Fótons] Generating photon table (Sync + IC)...
      Calculando componente Síncrotron...
      Calculando componente Compton Inverso (IC)...
        Progress: 40/1000
        Progress: 80/1000
        Progress: 120/1000
        Progress: 160/1000
        Progress: 200/1000
        Progress: 240/1000
        Progress: 280/1000
        Progress: 320/1000
        Progress: 360/1000
        Progress: 400/1000
        Progress: 440/1000
        Progress: 480/1000
        Progress: 520/1000
        Progress: 560/1000
        Progress: 600/1000
        Progress: 640/1000
        Progress: 680/1000
        Progress: 720/1000
        Progress: 760/1000
        Progress: 800/1000
        Progress: 840/1000
        Progress: 880/1000
        Progress: 920/1000
        Progress: 960/1000
        Progress: 1000/1000
   === [Elétrons] Concluído em 6m 5.43s ===
[SDSS J135036.01+334217.3] Calculating Electrons (1D Transport)...
   [SDSS J135036.01+334217.3] -> Transport approx 0 (sem IC)...
   [Transport] Executando paralelização para electron...
   -> [Fótons] Generating photon table (Sync + IC)...
      Calculando componente Síncrotron...
      Calculando componente Compton Inverso (IC)...
        Progress: 40/1000
        Progress: 80/1000
        Progress: 120/1000
        Progress: 160/1000
        Progress: 200/1000
        Progress: 240/1000
        Progress: 280/1000
        Progress: 320/1000
        Progress: 360/1000
        Progress: 400/1000
        Progress: 440/1000
        Progress: 480/1000
        Progress: 520/1000
        Progress: 560/1000
        Progress: 600/1000
        Progress: 640/1000
        Progress: 680/1000
        Progress: 720/1000
        Progress: 760/1000
        Progress: 800/1000
        Progress: 840/1000
        Progress: 880/1000
        Progress: 920/1000
        Progress: 960/1000
        Progress: 1000/1000
   -> [IC] Generating IC rate table...
   [SDSS J135036.01+334217.3] -> Transport approx 1 (com IC)...
   [Transport] Executando paralelização para electron...
   -> [Fótons] Generating photon table (Sync + IC)...
      Calculando componente Síncrotron...
      Calculando componente Compton Inverso (IC)...
        Progress: 40/1000
        Progress: 80/1000
        Progress: 120/1000
        Progress: 160/1000
        Progress: 200/1000
        Progress: 240/1000
        Progress: 280/1000
        Progress: 320/1000
        Progress: 360/1000
        Progress: 400/1000
        Progress: 440/1000
        Progress: 480/1000
        Progress: 520/1000
        Progress: 560/1000
        Progress: 600/1000
        Progress: 640/1000
        Progress: 680/1000
        Progress: 720/1000
        Progress: 760/1000
        Progress: 800/1000
        Progress: 840/1000
        Progress: 880/1000
        Progress: 920/1000
        Progress: 960/1000
        Progress: 1000/1000
   === [Elétrons] Concluído em 6m 4.99s ===
[SDSS J135226.71+140528.5] Calculating Electrons (1D Transport)...
   [SDSS J135226.71+140528.5] -> Transport approx 0 (sem IC)...
   [Transport] Executando paralelização para electron...
   -> [Fótons] Generating photon table (Sync + IC)...
      Calculando componente Síncrotron...
      Calculando componente Compton Inverso (IC)...
        Progress: 40/1000
        Progress: 80/1000
        Progress: 120/1000
        Progress: 160/1000
        Progress: 200/1000
        Progress: 240/1000
        Progress: 280/1000
        Progress: 320/1000
        Progress: 360/1000
        Progress: 400/1000
        Progress: 440/1000
        Progress: 480/1000
        Progress: 520/1000
        Progress: 560/1000
        Progress: 600/1000
        Progress: 640/1000
        Progress: 680/1000
        Progress: 720/1000
        Progress: 760/1000
        Progress: 800/1000
        Progress: 840/1000
        Progress: 880/1000
        Progress: 920/1000
        Progress: 960/1000
        Progress: 1000/1000
   -> [IC] Generating IC rate table...
   [SDSS J135226.71+140528.5] -> Transport approx 1 (com IC)...
   [Transport] Executando paralelização para electron...
   -> [Fótons] Generating photon table (Sync + IC)...
      Calculando componente Síncrotron...
      Calculando componente Compton Inverso (IC)...
        Progress: 40/1000
        Progress: 80/1000
        Progress: 120/1000
        Progress: 160/1000
        Progress: 200/1000
        Progress: 240/1000
        Progress: 280/1000
        Progress: 320/1000
        Progress: 360/1000
        Progress: 400/1000
        Progress: 440/1000
        Progress: 480/1000
        Progress: 520/1000
        Progress: 560/1000
        Progress: 600/1000
        Progress: 640/1000
        Progress: 680/1000
        Progress: 720/1000
        Progress: 760/1000
        Progress: 800/1000
        Progress: 840/1000
        Progress: 880/1000
        Progress: 920/1000
        Progress: 960/1000
        Progress: 1000/1000
   === [Elétrons] Concluído em 5m 34.76s ===
[SDSS J140528.32+304602.0] Calculating Electrons (1D Transport)...
   [SDSS J140528.32+304602.0] -> Transport approx 0 (sem IC)...
   [Transport] Executando paralelização para electron...
   -> [Fótons] Generating photon table (Sync + IC)...
      Calculando componente Síncrotron...
      Calculando componente Compton Inverso (IC)...
        Progress: 40/1000
        Progress: 80/1000
        Progress: 120/1000
        Progress: 160/1000
        Progress: 200/1000
        Progress: 240/1000
        Progress: 280/1000
        Progress: 320/1000
        Progress: 360/1000
        Progress: 400/1000
        Progress: 440/1000
        Progress: 480/1000
        Progress: 520/1000
        Progress: 560/1000
        Progress: 600/1000
        Progress: 640/1000
        Progress: 680/1000
        Progress: 720/1000
        Progress: 760/1000
        Progress: 800/1000
        Progress: 840/1000
        Progress: 880/1000
        Progress: 920/1000
        Progress: 960/1000
        Progress: 1000/1000
   -> [IC] Generating IC rate table...
   [SDSS J140528.32+304602.0] -> Transport approx 1 (com IC)...
   [Transport] Executando paralelização para electron...
   -> [Fótons] Generating photon table (Sync + IC)...
      Calculando componente Síncrotron...
      Calculando componente Compton Inverso (IC)...
        Progress: 40/1000
        Progress: 80/1000
        Progress: 120/1000
        Progress: 160/1000
        Progress: 200/1000
        Progress: 240/1000
        Progress: 280/1000
        Progress: 320/1000
        Progress: 360/1000
        Progress: 400/1000
        Progress: 440/1000
        Progress: 480/1000
        Progress: 520/1000
        Progress: 560/1000
        Progress: 600/1000
        Progress: 640/1000
        Progress: 680/1000
        Progress: 720/1000
        Progress: 760/1000
        Progress: 800/1000
        Progress: 840/1000
        Progress: 880/1000
        Progress: 920/1000
        Progress: 960/1000
        Progress: 1000/1000
   === [Elétrons] Concluído em 6m 21.21s ===
[SDSS J141451.35+030751.2] Calculating Electrons (1D Transport)...
   [SDSS J141451.35+030751.2] -> Transport approx 0 (sem IC)...
   [Transport] Executando paralelização para electron...
   -> [Fótons] Generating photon table (Sync + IC)...
      Calculando componente Síncrotron...
      Calculando componente Compton Inverso (IC)...
        Progress: 40/1000
        Progress: 80/1000
        Progress: 120/1000
        Progress: 160/1000
        Progress: 200/1000
        Progress: 240/1000
        Progress: 280/1000
        Progress: 320/1000
        Progress: 360/1000
        Progress: 400/1000
        Progress: 440/1000
        Progress: 480/1000
        Progress: 520/1000
        Progress: 560/1000
        Progress: 600/1000
        Progress: 640/1000
        Progress: 680/1000
        Progress: 720/1000
        Progress: 760/1000
        Progress: 800/1000
        Progress: 840/1000
        Progress: 880/1000
        Progress: 920/1000
        Progress: 960/1000
        Progress: 1000/1000
   -> [IC] Generating IC rate table...
   [SDSS J141451.35+030751.2] -> Transport approx 1 (com IC)...
   [Transport] Executando paralelização para electron...
   -> [Fótons] Generating photon table (Sync + IC)...
      Calculando componente Síncrotron...
      Calculando componente Compton Inverso (IC)...
        Progress: 40/1000
        Progress: 80/1000
        Progress: 120/1000
        Progress: 160/1000
        Progress: 200/1000
        Progress: 240/1000
        Progress: 280/1000
        Progress: 320/1000
        Progress: 360/1000
        Progress: 400/1000
        Progress: 440/1000
        Progress: 480/1000
        Progress: 520/1000
        Progress: 560/1000
        Progress: 600/1000
        Progress: 640/1000
        Progress: 680/1000
        Progress: 720/1000
        Progress: 760/1000
        Progress: 800/1000
        Progress: 840/1000
        Progress: 880/1000
        Progress: 920/1000
        Progress: 960/1000
        Progress: 1000/1000
   === [Elétrons] Concluído em 6m 0.06s ===
[SDSS J141517.98-022641.0] Calculating Electrons (1D Transport)...
   [SDSS J141517.98-022641.0] -> Transport approx 0 (sem IC)...
   [Transport] Executando paralelização para electron...
   -> [Fótons] Generating photon table (Sync + IC)...
      Calculando componente Síncrotron...
      Calculando componente Compton Inverso (IC)...
        Progress: 40/1000
        Progress: 80/1000
        Progress: 120/1000
        Progress: 160/1000
        Progress: 200/1000
        Progress: 240/1000
        Progress: 280/1000
        Progress: 320/1000
        Progress: 360/1000
        Progress: 400/1000
        Progress: 440/1000
        Progress: 480/1000
        Progress: 520/1000
        Progress: 560/1000
        Progress: 600/1000
        Progress: 640/1000
        Progress: 680/1000
        Progress: 720/1000
        Progress: 760/1000
        Progress: 800/1000
        Progress: 840/1000
        Progress: 880/1000
        Progress: 920/1000
        Progress: 960/1000
        Progress: 1000/1000
   -> [IC] Generating IC rate table...
   [SDSS J141517.98-022641.0] -> Transport approx 1 (com IC)...
   [Transport] Executando paralelização para electron...
   -> [Fótons] Generating photon table (Sync + IC)...
      Calculando componente Síncrotron...
      Calculando componente Compton Inverso (IC)...
        Progress: 40/1000
        Progress: 80/1000
        Progress: 120/1000
        Progress: 160/1000
        Progress: 200/1000
        Progress: 240/1000
        Progress: 280/1000
        Progress: 320/1000
        Progress: 360/1000
        Progress: 400/1000
        Progress: 440/1000
        Progress: 480/1000
        Progress: 520/1000
        Progress: 560/1000
        Progress: 600/1000
        Progress: 640/1000
        Progress: 680/1000
        Progress: 720/1000
        Progress: 760/1000
        Progress: 800/1000
        Progress: 840/1000
        Progress: 880/1000
        Progress: 920/1000
        Progress: 960/1000
        Progress: 1000/1000
   === [Elétrons] Concluído em 5m 47.92s ===
[SDSS J142724.23+372817.0] Calculating Electrons (1D Transport)...
   [SDSS J142724.23+372817.0] -> Transport approx 0 (sem IC)...
   [Transport] Executando paralelização para electron...
   -> [Fótons] Generating photon table (Sync + IC)...
      Calculando componente Síncrotron...
      Calculando componente Compton Inverso (IC)...
        Progress: 40/1000
        Progress: 80/1000
        Progress: 120/1000
        Progress: 160/1000
        Progress: 200/1000
        Progress: 240/1000
        Progress: 280/1000
        Progress: 320/1000
        Progress: 360/1000
        Progress: 400/1000
        Progress: 440/1000
        Progress: 480/1000
        Progress: 520/1000
        Progress: 560/1000
        Progress: 600/1000
        Progress: 640/1000
        Progress: 680/1000
        Progress: 720/1000
        Progress: 760/1000
        Progress: 800/1000
        Progress: 840/1000
        Progress: 880/1000
        Progress: 920/1000
        Progress: 960/1000
        Progress: 1000/1000
   -> [IC] Generating IC rate table...
   [SDSS J142724.23+372817.0] -> Transport approx 1 (com IC)...
   [Transport] Executando paralelização para electron...
   -> [Fótons] Generating photon table (Sync + IC)...
      Calculando componente Síncrotron...
      Calculando componente Compton Inverso (IC)...
        Progress: 40/1000
        Progress: 80/1000
        Progress: 120/1000
        Progress: 160/1000
        Progress: 200/1000
        Progress: 240/1000
        Progress: 280/1000
        Progress: 320/1000
        Progress: 360/1000
        Progress: 400/1000
        Progress: 440/1000
        Progress: 480/1000
        Progress: 520/1000
        Progress: 560/1000
        Progress: 600/1000
        Progress: 640/1000
        Progress: 680/1000
        Progress: 720/1000
        Progress: 760/1000
        Progress: 800/1000
        Progress: 840/1000
        Progress: 880/1000
        Progress: 920/1000
        Progress: 960/1000
        Progress: 1000/1000
   === [Elétrons] Concluído em 5m 40.98s ===
[SDSS J143156.59+164615.4] Calculating Electrons (1D Transport)...
   [SDSS J143156.59+164615.4] -> Transport approx 0 (sem IC)...
   [Transport] Executando paralelização para electron...
   -> [Fótons] Generating photon table (Sync + IC)...
      Calculando componente Síncrotron...
      Calculando componente Compton Inverso (IC)...
        Progress: 40/1000
        Progress: 80/1000
        Progress: 120/1000
        Progress: 160/1000
        Progress: 200/1000
        Progress: 240/1000
        Progress: 280/1000
        Progress: 320/1000
        Progress: 360/1000
        Progress: 400/1000
        Progress: 440/1000
        Progress: 480/1000
        Progress: 520/1000
        Progress: 560/1000
        Progress: 600/1000
        Progress: 640/1000
        Progress: 680/1000
        Progress: 720/1000
        Progress: 760/1000
        Progress: 800/1000
        Progress: 840/1000
        Progress: 880/1000
        Progress: 920/1000
        Progress: 960/1000
        Progress: 1000/1000
   -> [IC] Generating IC rate table...
   [SDSS J143156.59+164615.4] -> Transport approx 1 (com IC)...
   [Transport] Executando paralelização para electron...
   -> [Fótons] Generating photon table (Sync + IC)...
      Calculando componente Síncrotron...
      Calculando componente Compton Inverso (IC)...
        Progress: 40/1000
        Progress: 80/1000
        Progress: 120/1000
        Progress: 160/1000
        Progress: 200/1000
        Progress: 240/1000
        Progress: 280/1000
        Progress: 320/1000
        Progress: 360/1000
        Progress: 400/1000
        Progress: 440/1000
        Progress: 480/1000
        Progress: 520/1000
        Progress: 560/1000
        Progress: 600/1000
        Progress: 640/1000
        Progress: 680/1000
        Progress: 720/1000
        Progress: 760/1000
        Progress: 800/1000
        Progress: 840/1000
        Progress: 880/1000
        Progress: 920/1000
        Progress: 960/1000
        Progress: 1000/1000
   === [Elétrons] Concluído em 5m 47.77s ===
[SDSS J143312.96+525747.3] Calculating Electrons (1D Transport)...
   [SDSS J143312.96+525747.3] -> Transport approx 0 (sem IC)...
   [Transport] Executando paralelização para electron...
   -> [Fótons] Generating photon table (Sync + IC)...
      Calculando componente Síncrotron...
      Calculando componente Compton Inverso (IC)...
        Progress: 40/1000
        Progress: 80/1000
        Progress: 120/1000
        Progress: 160/1000
        Progress: 200/1000
        Progress: 240/1000
        Progress: 280/1000
        Progress: 320/1000
        Progress: 360/1000
        Progress: 400/1000
        Progress: 440/1000
        Progress: 480/1000
        Progress: 520/1000
        Progress: 560/1000
        Progress: 600/1000
        Progress: 640/1000
        Progress: 680/1000
        Progress: 720/1000
        Progress: 760/1000
        Progress: 800/1000
        Progress: 840/1000
        Progress: 880/1000
        Progress: 920/1000
        Progress: 960/1000
        Progress: 1000/1000
   -> [IC] Generating IC rate table...
   [SDSS J143312.96+525747.3] -> Transport approx 1 (com IC)...
   [Transport] Executando paralelização para electron...
   -> [Fótons] Generating photon table (Sync + IC)...
      Calculando componente Síncrotron...
      Calculando componente Compton Inverso (IC)...
        Progress: 40/1000
        Progress: 80/1000
        Progress: 120/1000
        Progress: 160/1000
        Progress: 200/1000
        Progress: 240/1000
        Progress: 280/1000
        Progress: 320/1000
        Progress: 360/1000
        Progress: 400/1000
        Progress: 440/1000
        Progress: 480/1000
        Progress: 520/1000
        Progress: 560/1000
        Progress: 600/1000
        Progress: 640/1000
        Progress: 680/1000
        Progress: 720/1000
        Progress: 760/1000
        Progress: 800/1000
        Progress: 840/1000
        Progress: 880/1000
        Progress: 920/1000
        Progress: 960/1000
        Progress: 1000/1000
   === [Elétrons] Concluído em 5m 57.75s ===
[SDSS J143424.79+024756.2] Calculating Electrons (1D Transport)...
   [SDSS J143424.79+024756.2] -> Transport approx 0 (sem IC)...
   [Transport] Executando paralelização para electron...
   -> [Fótons] Generating photon table (Sync + IC)...
      Calculando componente Síncrotron...
      Calculando componente Compton Inverso (IC)...
        Progress: 40/1000
        Progress: 80/1000
        Progress: 120/1000
        Progress: 160/1000
        Progress: 200/1000
        Progress: 240/1000
        Progress: 280/1000
        Progress: 320/1000
        Progress: 360/1000
        Progress: 400/1000
        Progress: 440/1000
        Progress: 480/1000
        Progress: 520/1000
        Progress: 560/1000
        Progress: 600/1000
        Progress: 640/1000
        Progress: 680/1000
        Progress: 720/1000
        Progress: 760/1000
        Progress: 800/1000
        Progress: 840/1000
        Progress: 880/1000
        Progress: 920/1000
        Progress: 960/1000
        Progress: 1000/1000
   -> [IC] Generating IC rate table...
   [SDSS J143424.79+024756.2] -> Transport approx 1 (com IC)...
   [Transport] Executando paralelização para electron...
   -> [Fótons] Generating photon table (Sync + IC)...
      Calculando componente Síncrotron...
      Calculando componente Compton Inverso (IC)...
        Progress: 40/1000
        Progress: 80/1000
        Progress: 120/1000
        Progress: 160/1000
        Progress: 200/1000
        Progress: 240/1000
        Progress: 280/1000
        Progress: 320/1000
        Progress: 360/1000
        Progress: 400/1000
        Progress: 440/1000
        Progress: 480/1000
        Progress: 520/1000
        Progress: 560/1000
        Progress: 600/1000
        Progress: 640/1000
        Progress: 680/1000
        Progress: 720/1000
        Progress: 760/1000
        Progress: 800/1000
        Progress: 840/1000
        Progress: 880/1000
        Progress: 920/1000
        Progress: 960/1000
        Progress: 1000/1000
   === [Elétrons] Concluído em 5m 58.10s ===
[SDSS J143620.38+051951.5] Calculating Electrons (1D Transport)...
   [SDSS J143620.38+051951.5] -> Transport approx 0 (sem IC)...
   [Transport] Executando paralelização para electron...
   -> [Fótons] Generating photon table (Sync + IC)...
      Calculando componente Síncrotron...
      Calculando componente Compton Inverso (IC)...
        Progress: 40/1000
        Progress: 80/1000
        Progress: 120/1000
        Progress: 160/1000
        Progress: 200/1000
        Progress: 240/1000
        Progress: 280/1000
        Progress: 320/1000
        Progress: 360/1000
        Progress: 400/1000
        Progress: 440/1000
        Progress: 480/1000
        Progress: 520/1000
        Progress: 560/1000
        Progress: 600/1000
        Progress: 640/1000
        Progress: 680/1000
        Progress: 720/1000
        Progress: 760/1000
        Progress: 800/1000
        Progress: 840/1000
        Progress: 880/1000
        Progress: 920/1000
        Progress: 960/1000
        Progress: 1000/1000
   -> [IC] Generating IC rate table...
   [SDSS J143620.38+051951.5] -> Transport approx 1 (com IC)...
   [Transport] Executando paralelização para electron...
   -> [Fótons] Generating photon table (Sync + IC)...
      Calculando componente Síncrotron...
      Calculando componente Compton Inverso (IC)...
        Progress: 40/1000
        Progress: 80/1000
        Progress: 120/1000
        Progress: 160/1000
        Progress: 200/1000
        Progress: 240/1000
        Progress: 280/1000
        Progress: 320/1000
        Progress: 360/1000
        Progress: 400/1000
        Progress: 440/1000
        Progress: 480/1000
        Progress: 520/1000
        Progress: 560/1000
        Progress: 600/1000
        Progress: 640/1000
        Progress: 680/1000
        Progress: 720/1000
        Progress: 760/1000
        Progress: 800/1000
        Progress: 840/1000
        Progress: 880/1000
        Progress: 920/1000
        Progress: 960/1000
        Progress: 1000/1000
   === [Elétrons] Concluído em 5m 42.30s ===
[SDSS J144745.52+132032.2] Calculating Electrons (1D Transport)...
   [SDSS J144745.52+132032.2] -> Transport approx 0 (sem IC)...
   [Transport] Executando paralelização para electron...
   -> [Fótons] Generating photon table (Sync + IC)...
      Calculando componente Síncrotron...
      Calculando componente Compton Inverso (IC)...
        Progress: 40/1000
        Progress: 80/1000
        Progress: 120/1000
        Progress: 160/1000
        Progress: 200/1000
        Progress: 240/1000
        Progress: 280/1000
        Progress: 320/1000
        Progress: 360/1000
        Progress: 400/1000
        Progress: 440/1000
        Progress: 480/1000
        Progress: 520/1000
        Progress: 560/1000
        Progress: 600/1000
        Progress: 640/1000
        Progress: 680/1000
        Progress: 720/1000
        Progress: 760/1000
        Progress: 800/1000
        Progress: 840/1000
        Progress: 880/1000
        Progress: 920/1000
        Progress: 960/1000
        Progress: 1000/1000
   -> [IC] Generating IC rate table...
   [SDSS J144745.52+132032.2] -> Transport approx 1 (com IC)...
   [Transport] Executando paralelização para electron...
   -> [Fótons] Generating photon table (Sync + IC)...
      Calculando componente Síncrotron...
      Calculando componente Compton Inverso (IC)...
        Progress: 40/1000
        Progress: 80/1000
        Progress: 120/1000
        Progress: 160/1000
        Progress: 200/1000
        Progress: 240/1000
        Progress: 280/1000
        Progress: 320/1000
        Progress: 360/1000
        Progress: 400/1000
        Progress: 440/1000
        Progress: 480/1000
        Progress: 520/1000
        Progress: 560/1000
        Progress: 600/1000
        Progress: 640/1000
        Progress: 680/1000
        Progress: 720/1000
        Progress: 760/1000
        Progress: 800/1000
        Progress: 840/1000
        Progress: 880/1000
        Progress: 920/1000
        Progress: 960/1000
        Progress: 1000/1000
   === [Elétrons] Concluído em 6m 5.35s ===
[SDSS J145216.49+121711.5] Calculating Electrons (1D Transport)...
   [SDSS J145216.49+121711.5] -> Transport approx 0 (sem IC)...
   [Transport] Executando paralelização para electron...
   -> [Fótons] Generating photon table (Sync + IC)...
      Calculando componente Síncrotron...
      Calculando componente Compton Inverso (IC)...
        Progress: 40/1000
        Progress: 80/1000
        Progress: 120/1000
        Progress: 160/1000
        Progress: 200/1000
        Progress: 240/1000
        Progress: 280/1000
        Progress: 320/1000
        Progress: 360/1000
        Progress: 400/1000
        Progress: 440/1000
        Progress: 480/1000
        Progress: 520/1000
        Progress: 560/1000
        Progress: 600/1000
        Progress: 640/1000
        Progress: 680/1000
        Progress: 720/1000
        Progress: 760/1000
        Progress: 800/1000
        Progress: 840/1000
        Progress: 880/1000
        Progress: 920/1000
        Progress: 960/1000
        Progress: 1000/1000
   -> [IC] Generating IC rate table...
   [SDSS J145216.49+121711.5] -> Transport approx 1 (com IC)...
   [Transport] Executando paralelização para electron...
   -> [Fótons] Generating photon table (Sync + IC)...
      Calculando componente Síncrotron...
      Calculando componente Compton Inverso (IC)...
        Progress: 40/1000
        Progress: 80/1000
        Progress: 120/1000
        Progress: 160/1000
        Progress: 200/1000
        Progress: 240/1000
        Progress: 280/1000
        Progress: 320/1000
        Progress: 360/1000
        Progress: 400/1000
        Progress: 440/1000
        Progress: 480/1000
        Progress: 520/1000
        Progress: 560/1000
        Progress: 600/1000
        Progress: 640/1000
        Progress: 680/1000
        Progress: 720/1000
        Progress: 760/1000
        Progress: 800/1000
        Progress: 840/1000
        Progress: 880/1000
        Progress: 920/1000
        Progress: 960/1000
        Progress: 1000/1000
   === [Elétrons] Concluído em 6m 3.15s ===
[SDSS J145243.25+165413.4] Calculating Electrons (1D Transport)...
   [SDSS J145243.25+165413.4] -> Transport approx 0 (sem IC)...
   [Transport] Executando paralelização para electron...
   -> [Fótons] Generating photon table (Sync + IC)...
      Calculando componente Síncrotron...
      Calculando componente Compton Inverso (IC)...
        Progress: 40/1000
        Progress: 80/1000
        Progress: 120/1000
        Progress: 160/1000
        Progress: 200/1000
        Progress: 240/1000
        Progress: 280/1000
        Progress: 320/1000
        Progress: 360/1000
        Progress: 400/1000
        Progress: 440/1000
        Progress: 480/1000
        Progress: 520/1000
        Progress: 560/1000
        Progress: 600/1000
        Progress: 640/1000
        Progress: 680/1000
        Progress: 720/1000
        Progress: 760/1000
        Progress: 800/1000
        Progress: 840/1000
        Progress: 880/1000
        Progress: 920/1000
        Progress: 960/1000
        Progress: 1000/1000
   -> [IC] Generating IC rate table...
   [SDSS J145243.25+165413.4] -> Transport approx 1 (com IC)...
   [Transport] Executando paralelização para electron...
   -> [Fótons] Generating photon table (Sync + IC)...
      Calculando componente Síncrotron...
      Calculando componente Compton Inverso (IC)...
        Progress: 40/1000
        Progress: 80/1000
        Progress: 120/1000
        Progress: 160/1000
        Progress: 200/1000
        Progress: 240/1000
        Progress: 280/1000
        Progress: 320/1000
        Progress: 360/1000
        Progress: 400/1000
        Progress: 440/1000
        Progress: 480/1000
        Progress: 520/1000
        Progress: 560/1000
        Progress: 600/1000
        Progress: 640/1000
        Progress: 680/1000
        Progress: 720/1000
        Progress: 760/1000
        Progress: 800/1000
        Progress: 840/1000
        Progress: 880/1000
        Progress: 920/1000
        Progress: 960/1000
        Progress: 1000/1000
   === [Elétrons] Concluído em 5m 46.88s ===
[SDSS J145616.20+203120.6] Calculating Electrons (1D Transport)...
   [SDSS J145616.20+203120.6] -> Transport approx 0 (sem IC)...
   [Transport] Executando paralelização para electron...
   -> [Fótons] Generating photon table (Sync + IC)...
      Calculando componente Síncrotron...
      Calculando componente Compton Inverso (IC)...
        Progress: 40/1000
        Progress: 80/1000
        Progress: 120/1000
        Progress: 160/1000
        Progress: 200/1000
        Progress: 240/1000
        Progress: 280/1000
        Progress: 320/1000
        Progress: 360/1000
        Progress: 400/1000
        Progress: 440/1000
        Progress: 480/1000
        Progress: 520/1000
        Progress: 560/1000
        Progress: 600/1000
        Progress: 640/1000
        Progress: 680/1000
        Progress: 720/1000
        Progress: 760/1000
        Progress: 800/1000
        Progress: 840/1000
        Progress: 880/1000
        Progress: 920/1000
        Progress: 960/1000
        Progress: 1000/1000
   -> [IC] Generating IC rate table...
   [SDSS J145616.20+203120.6] -> Transport approx 1 (com IC)...
   [Transport] Executando paralelização para electron...
   -> [Fótons] Generating photon table (Sync + IC)...
      Calculando componente Síncrotron...
      Calculando componente Compton Inverso (IC)...
        Progress: 40/1000
        Progress: 80/1000
        Progress: 120/1000
        Progress: 160/1000
        Progress: 200/1000
        Progress: 240/1000
        Progress: 280/1000
        Progress: 320/1000
        Progress: 360/1000
        Progress: 400/1000
        Progress: 440/1000
        Progress: 480/1000
        Progress: 520/1000
        Progress: 560/1000
        Progress: 600/1000
        Progress: 640/1000
        Progress: 680/1000
        Progress: 720/1000
        Progress: 760/1000
        Progress: 800/1000
        Progress: 840/1000
        Progress: 880/1000
        Progress: 920/1000
        Progress: 960/1000
        Progress: 1000/1000
   === [Elétrons] Concluído em 5m 40.14s ===
[SDSS J150152.30+174228.2] Calculating Electrons (1D Transport)...
   [SDSS J150152.30+174228.2] -> Transport approx 0 (sem IC)...
   [Transport] Executando paralelização para electron...
   -> [Fótons] Generating photon table (Sync + IC)...
      Calculando componente Síncrotron...
      Calculando componente Compton Inverso (IC)...
        Progress: 40/1000
        Progress: 80/1000
        Progress: 120/1000
        Progress: 160/1000
        Progress: 200/1000
        Progress: 240/1000
        Progress: 280/1000
        Progress: 320/1000
        Progress: 360/1000
        Progress: 400/1000
        Progress: 440/1000
        Progress: 480/1000
        Progress: 520/1000
        Progress: 560/1000
        Progress: 600/1000
        Progress: 640/1000
        Progress: 680/1000
        Progress: 720/1000
        Progress: 760/1000
        Progress: 800/1000
        Progress: 840/1000
        Progress: 880/1000
        Progress: 920/1000
        Progress: 960/1000
        Progress: 1000/1000
   -> [IC] Generating IC rate table...
   [SDSS J150152.30+174228.2] -> Transport approx 1 (com IC)...
   [Transport] Executando paralelização para electron...
   -> [Fótons] Generating photon table (Sync + IC)...
      Calculando componente Síncrotron...
      Calculando componente Compton Inverso (IC)...
        Progress: 40/1000
        Progress: 80/1000
        Progress: 120/1000
        Progress: 160/1000
        Progress: 200/1000
        Progress: 240/1000
        Progress: 280/1000
        Progress: 320/1000
        Progress: 360/1000
        Progress: 400/1000
        Progress: 440/1000
        Progress: 480/1000
        Progress: 520/1000
        Progress: 560/1000
        Progress: 600/1000
        Progress: 640/1000
        Progress: 680/1000
        Progress: 720/1000
        Progress: 760/1000
        Progress: 800/1000
        Progress: 840/1000
        Progress: 880/1000
        Progress: 920/1000
        Progress: 960/1000
        Progress: 1000/1000
   === [Elétrons] Concluído em 6m 2.33s ===
[SDSS J150425.68+074929.7] Calculating Electrons (1D Transport)...
   [SDSS J150425.68+074929.7] -> Transport approx 0 (sem IC)...
   [Transport] Executando paralelização para electron...
   -> [Fótons] Generating photon table (Sync + IC)...
      Calculando componente Síncrotron...
      Calculando componente Compton Inverso (IC)...
        Progress: 40/1000
        Progress: 80/1000
        Progress: 120/1000
        Progress: 160/1000
        Progress: 200/1000
        Progress: 240/1000
        Progress: 280/1000
        Progress: 320/1000
        Progress: 360/1000
        Progress: 400/1000
        Progress: 440/1000
        Progress: 480/1000
        Progress: 520/1000
        Progress: 560/1000
        Progress: 600/1000
        Progress: 640/1000
        Progress: 680/1000
        Progress: 720/1000
        Progress: 760/1000
        Progress: 800/1000
        Progress: 840/1000
        Progress: 880/1000
        Progress: 920/1000
        Progress: 960/1000
        Progress: 1000/1000
   -> [IC] Generating IC rate table...
   [SDSS J150425.68+074929.7] -> Transport approx 1 (com IC)...
   [Transport] Executando paralelização para electron...
   -> [Fótons] Generating photon table (Sync + IC)...
      Calculando componente Síncrotron...
      Calculando componente Compton Inverso (IC)...
        Progress: 40/1000
        Progress: 80/1000
        Progress: 120/1000
        Progress: 160/1000
        Progress: 200/1000
        Progress: 240/1000
        Progress: 280/1000
        Progress: 320/1000
        Progress: 360/1000
        Progress: 400/1000
        Progress: 440/1000
        Progress: 480/1000
        Progress: 520/1000
        Progress: 560/1000
        Progress: 600/1000
        Progress: 640/1000
        Progress: 680/1000
        Progress: 720/1000
        Progress: 760/1000
        Progress: 800/1000
        Progress: 840/1000
        Progress: 880/1000
        Progress: 920/1000
        Progress: 960/1000
        Progress: 1000/1000
   === [Elétrons] Concluído em 5m 58.39s ===
[SDSS J150601.89+084723.2] Calculating Electrons (1D Transport)...
   [SDSS J150601.89+084723.2] -> Transport approx 0 (sem IC)...
   [Transport] Executando paralelização para electron...
   -> [Fótons] Generating photon table (Sync + IC)...
      Calculando componente Síncrotron...
      Calculando componente Compton Inverso (IC)...
        Progress: 40/1000
        Progress: 80/1000
        Progress: 120/1000
        Progress: 160/1000
        Progress: 200/1000
        Progress: 240/1000
        Progress: 280/1000
        Progress: 320/1000
        Progress: 360/1000
        Progress: 400/1000
        Progress: 440/1000
        Progress: 480/1000
        Progress: 520/1000
        Progress: 560/1000
        Progress: 600/1000
        Progress: 640/1000
        Progress: 680/1000
        Progress: 720/1000
        Progress: 760/1000
        Progress: 800/1000
        Progress: 840/1000
        Progress: 880/1000
        Progress: 920/1000
        Progress: 960/1000
        Progress: 1000/1000
   -> [IC] Generating IC rate table...
   [SDSS J150601.89+084723.2] -> Transport approx 1 (com IC)...
   [Transport] Executando paralelização para electron...
   -> [Fótons] Generating photon table (Sync + IC)...
      Calculando componente Síncrotron...
      Calculando componente Compton Inverso (IC)...
        Progress: 40/1000
        Progress: 80/1000
        Progress: 120/1000
        Progress: 160/1000
        Progress: 200/1000
        Progress: 240/1000
        Progress: 280/1000
        Progress: 320/1000
        Progress: 360/1000
        Progress: 400/1000
        Progress: 440/1000
        Progress: 480/1000
        Progress: 520/1000
        Progress: 560/1000
        Progress: 600/1000
        Progress: 640/1000
        Progress: 680/1000
        Progress: 720/1000
        Progress: 760/1000
        Progress: 800/1000
        Progress: 840/1000
        Progress: 880/1000
        Progress: 920/1000
        Progress: 960/1000
        Progress: 1000/1000
   === [Elétrons] Concluído em 5m 52.82s ===
[SDSS J150636.57+092618.3] Calculating Electrons (1D Transport)...
   [SDSS J150636.57+092618.3] -> Transport approx 0 (sem IC)...
   [Transport] Executando paralelização para electron...
   -> [Fótons] Generating photon table (Sync + IC)...
      Calculando componente Síncrotron...
      Calculando componente Compton Inverso (IC)...
        Progress: 40/1000
        Progress: 80/1000
        Progress: 120/1000
        Progress: 160/1000
        Progress: 200/1000
        Progress: 240/1000
        Progress: 280/1000
        Progress: 320/1000
        Progress: 360/1000
        Progress: 400/1000
        Progress: 440/1000
        Progress: 480/1000
        Progress: 520/1000
        Progress: 560/1000
        Progress: 600/1000
        Progress: 640/1000
        Progress: 680/1000
        Progress: 720/1000
        Progress: 760/1000
        Progress: 800/1000
        Progress: 840/1000
        Progress: 880/1000
        Progress: 920/1000
        Progress: 960/1000
        Progress: 1000/1000
   -> [IC] Generating IC rate table...
   [SDSS J150636.57+092618.3] -> Transport approx 1 (com IC)...
   [Transport] Executando paralelização para electron...
   -> [Fótons] Generating photon table (Sync + IC)...
      Calculando componente Síncrotron...
      Calculando componente Compton Inverso (IC)...
        Progress: 40/1000
        Progress: 80/1000
        Progress: 120/1000
        Progress: 160/1000
        Progress: 200/1000
        Progress: 240/1000
        Progress: 280/1000
        Progress: 320/1000
        Progress: 360/1000
        Progress: 400/1000
        Progress: 440/1000
        Progress: 480/1000
        Progress: 520/1000
        Progress: 560/1000
        Progress: 600/1000
        Progress: 640/1000
        Progress: 680/1000
        Progress: 720/1000
        Progress: 760/1000
        Progress: 800/1000
        Progress: 840/1000
        Progress: 880/1000
        Progress: 920/1000
        Progress: 960/1000
        Progress: 1000/1000
   === [Elétrons] Concluído em 6m 25.93s ===
[SDSS J150808.25+265457.6] Calculating Electrons (1D Transport)...
   [SDSS J150808.25+265457.6] -> Transport approx 0 (sem IC)...
   [Transport] Executando paralelização para electron...
   -> [Fótons] Generating photon table (Sync + IC)...
      Calculando componente Síncrotron...
      Calculando componente Compton Inverso (IC)...
        Progress: 40/1000
        Progress: 80/1000
        Progress: 120/1000
        Progress: 160/1000
        Progress: 200/1000
        Progress: 240/1000
        Progress: 280/1000
        Progress: 320/1000
        Progress: 360/1000
        Progress: 400/1000
        Progress: 440/1000
        Progress: 480/1000
        Progress: 520/1000
        Progress: 560/1000
        Progress: 600/1000
        Progress: 640/1000
        Progress: 680/1000
        Progress: 720/1000
        Progress: 760/1000
        Progress: 800/1000
        Progress: 840/1000
        Progress: 880/1000
        Progress: 920/1000
        Progress: 960/1000
        Progress: 1000/1000
   -> [IC] Generating IC rate table...
   [SDSS J150808.25+265457.6] -> Transport approx 1 (com IC)...
   [Transport] Executando paralelização para electron...
   -> [Fótons] Generating photon table (Sync + IC)...
      Calculando componente Síncrotron...
      Calculando componente Compton Inverso (IC)...
        Progress: 40/1000
        Progress: 80/1000
        Progress: 120/1000
        Progress: 160/1000
        Progress: 200/1000
        Progress: 240/1000
        Progress: 280/1000
        Progress: 320/1000
        Progress: 360/1000
        Progress: 400/1000
        Progress: 440/1000
        Progress: 480/1000
        Progress: 520/1000
        Progress: 560/1000
        Progress: 600/1000
        Progress: 640/1000
        Progress: 680/1000
        Progress: 720/1000
        Progress: 760/1000
        Progress: 800/1000
        Progress: 840/1000
        Progress: 880/1000
        Progress: 920/1000
        Progress: 960/1000
        Progress: 1000/1000
   === [Elétrons] Concluído em 6m 5.35s ===
[SDSS J152010.94+254319.3] Calculating Electrons (1D Transport)...
   [SDSS J152010.94+254319.3] -> Transport approx 0 (sem IC)...
   [Transport] Executando paralelização para electron...
   -> [Fótons] Generating photon table (Sync + IC)...
      Calculando componente Síncrotron...
      Calculando componente Compton Inverso (IC)...
        Progress: 40/1000
        Progress: 80/1000
        Progress: 120/1000
        Progress: 160/1000
        Progress: 200/1000
        Progress: 240/1000
        Progress: 280/1000
        Progress: 320/1000
        Progress: 360/1000
        Progress: 400/1000
        Progress: 440/1000
        Progress: 480/1000
        Progress: 520/1000
        Progress: 560/1000
        Progress: 600/1000
        Progress: 640/1000
        Progress: 680/1000
        Progress: 720/1000
        Progress: 760/1000
        Progress: 800/1000
        Progress: 840/1000
        Progress: 880/1000
        Progress: 920/1000
        Progress: 960/1000
        Progress: 1000/1000
   -> [IC] Generating IC rate table...
   [SDSS J152010.94+254319.3] -> Transport approx 1 (com IC)...
   [Transport] Executando paralelização para electron...
   -> [Fótons] Generating photon table (Sync + IC)...
      Calculando componente Síncrotron...
      Calculando componente Compton Inverso (IC)...
        Progress: 40/1000
        Progress: 80/1000
        Progress: 120/1000
        Progress: 160/1000
        Progress: 200/1000
        Progress: 240/1000
        Progress: 280/1000
        Progress: 320/1000
        Progress: 360/1000
        Progress: 400/1000
        Progress: 440/1000
        Progress: 480/1000
        Progress: 520/1000
        Progress: 560/1000
        Progress: 600/1000
        Progress: 640/1000
        Progress: 680/1000
        Progress: 720/1000
        Progress: 760/1000
        Progress: 800/1000
        Progress: 840/1000
        Progress: 880/1000
        Progress: 920/1000
        Progress: 960/1000
        Progress: 1000/1000
   === [Elétrons] Concluído em 5m 47.29s ===
[SDSS J152151.85+074231.7] Calculating Electrons (1D Transport)...
   [SDSS J152151.85+074231.7] -> Transport approx 0 (sem IC)...
   [Transport] Executando paralelização para electron...
   -> [Fótons] Generating photon table (Sync + IC)...
      Calculando componente Síncrotron...
      Calculando componente Compton Inverso (IC)...
        Progress: 40/1000
        Progress: 80/1000
        Progress: 120/1000
        Progress: 160/1000
        Progress: 200/1000
        Progress: 240/1000
        Progress: 280/1000
        Progress: 320/1000
        Progress: 360/1000
        Progress: 400/1000
        Progress: 440/1000
        Progress: 480/1000
        Progress: 520/1000
        Progress: 560/1000
        Progress: 600/1000
        Progress: 640/1000
        Progress: 680/1000
        Progress: 720/1000
        Progress: 760/1000
        Progress: 800/1000
        Progress: 840/1000
        Progress: 880/1000
        Progress: 920/1000
        Progress: 960/1000
        Progress: 1000/1000
   -> [IC] Generating IC rate table...
   [SDSS J152151.85+074231.7] -> Transport approx 1 (com IC)...
   [Transport] Executando paralelização para electron...
   -> [Fótons] Generating photon table (Sync + IC)...
      Calculando componente Síncrotron...
      Calculando componente Compton Inverso (IC)...
        Progress: 40/1000
        Progress: 80/1000
        Progress: 120/1000
        Progress: 160/1000
        Progress: 200/1000
        Progress: 240/1000
        Progress: 280/1000
        Progress: 320/1000
        Progress: 360/1000
        Progress: 400/1000
        Progress: 440/1000
        Progress: 480/1000
        Progress: 520/1000
        Progress: 560/1000
        Progress: 600/1000
        Progress: 640/1000
        Progress: 680/1000
        Progress: 720/1000
        Progress: 760/1000
        Progress: 800/1000
        Progress: 840/1000
        Progress: 880/1000
        Progress: 920/1000
        Progress: 960/1000
        Progress: 1000/1000
   === [Elétrons] Concluído em 5m 47.60s ===
[SDSS J153016.15+270551.0] Calculating Electrons (1D Transport)...
   [SDSS J153016.15+270551.0] -> Transport approx 0 (sem IC)...
   [Transport] Executando paralelização para electron...
   -> [Fótons] Generating photon table (Sync + IC)...
      Calculando componente Síncrotron...
      Calculando componente Compton Inverso (IC)...
        Progress: 40/1000
        Progress: 80/1000
        Progress: 120/1000
        Progress: 160/1000
        Progress: 200/1000
        Progress: 240/1000
        Progress: 280/1000
        Progress: 320/1000
        Progress: 360/1000
        Progress: 400/1000
        Progress: 440/1000
        Progress: 480/1000
        Progress: 520/1000
        Progress: 560/1000
        Progress: 600/1000
        Progress: 640/1000
        Progress: 680/1000
        Progress: 720/1000
        Progress: 760/1000
        Progress: 800/1000
        Progress: 840/1000
        Progress: 880/1000
        Progress: 920/1000
        Progress: 960/1000
        Progress: 1000/1000
   -> [IC] Generating IC rate table...
   [SDSS J153016.15+270551.0] -> Transport approx 1 (com IC)...
   [Transport] Executando paralelização para electron...
   -> [Fótons] Generating photon table (Sync + IC)...
      Calculando componente Síncrotron...
      Calculando componente Compton Inverso (IC)...
        Progress: 40/1000
        Progress: 80/1000
        Progress: 120/1000
        Progress: 160/1000
        Progress: 200/1000
        Progress: 240/1000
        Progress: 280/1000
        Progress: 320/1000
        Progress: 360/1000
        Progress: 400/1000
        Progress: 440/1000
        Progress: 480/1000
        Progress: 520/1000
        Progress: 560/1000
        Progress: 600/1000
        Progress: 640/1000
        Progress: 680/1000
        Progress: 720/1000
        Progress: 760/1000
        Progress: 800/1000
        Progress: 840/1000
        Progress: 880/1000
        Progress: 920/1000
        Progress: 960/1000
        Progress: 1000/1000
   === [Elétrons] Concluído em 6m 0.72s ===
[SDSS J154147.28+453321.7] Calculating Electrons (1D Transport)...
   [SDSS J154147.28+453321.7] -> Transport approx 0 (sem IC)...
   [Transport] Executando paralelização para electron...
   -> [Fótons] Generating photon table (Sync + IC)...
      Calculando componente Síncrotron...
      Calculando componente Compton Inverso (IC)...
        Progress: 40/1000
        Progress: 80/1000
        Progress: 120/1000
        Progress: 160/1000
        Progress: 200/1000
        Progress: 240/1000
        Progress: 280/1000
        Progress: 320/1000
        Progress: 360/1000
        Progress: 400/1000
        Progress: 440/1000
        Progress: 480/1000
        Progress: 520/1000
        Progress: 560/1000
        Progress: 600/1000
        Progress: 640/1000
        Progress: 680/1000
        Progress: 720/1000
        Progress: 760/1000
        Progress: 800/1000
        Progress: 840/1000
        Progress: 880/1000
        Progress: 920/1000
        Progress: 960/1000
        Progress: 1000/1000
   -> [IC] Generating IC rate table...
   [SDSS J154147.28+453321.7] -> Transport approx 1 (com IC)...
   [Transport] Executando paralelização para electron...
   -> [Fótons] Generating photon table (Sync + IC)...
      Calculando componente Síncrotron...
      Calculando componente Compton Inverso (IC)...
        Progress: 40/1000
        Progress: 80/1000
        Progress: 120/1000
        Progress: 160/1000
        Progress: 200/1000
        Progress: 240/1000
        Progress: 280/1000
        Progress: 320/1000
        Progress: 360/1000
        Progress: 400/1000
        Progress: 440/1000
        Progress: 480/1000
        Progress: 520/1000
        Progress: 560/1000
        Progress: 600/1000
        Progress: 640/1000
        Progress: 680/1000
        Progress: 720/1000
        Progress: 760/1000
        Progress: 800/1000
        Progress: 840/1000
        Progress: 880/1000
        Progress: 920/1000
        Progress: 960/1000
        Progress: 1000/1000
   === [Elétrons] Concluído em 5m 55.11s ===
[SDSS J154426.93+470024.2] Calculating Electrons (1D Transport)...
   [SDSS J154426.93+470024.2] -> Transport approx 0 (sem IC)...
   [Transport] Executando paralelização para electron...
   -> [Fótons] Generating photon table (Sync + IC)...
      Calculando componente Síncrotron...
      Calculando componente Compton Inverso (IC)...
        Progress: 40/1000
        Progress: 80/1000
        Progress: 120/1000
        Progress: 160/1000
        Progress: 200/1000
        Progress: 240/1000
        Progress: 280/1000
        Progress: 320/1000
        Progress: 360/1000
        Progress: 400/1000
        Progress: 440/1000
        Progress: 480/1000
        Progress: 520/1000
        Progress: 560/1000
        Progress: 600/1000
        Progress: 640/1000
        Progress: 680/1000
        Progress: 720/1000
        Progress: 760/1000
        Progress: 800/1000
        Progress: 840/1000
        Progress: 880/1000
        Progress: 920/1000
        Progress: 960/1000
        Progress: 1000/1000
   -> [IC] Generating IC rate table...
   [SDSS J154426.93+470024.2] -> Transport approx 1 (com IC)...
   [Transport] Executando paralelização para electron...
   -> [Fótons] Generating photon table (Sync + IC)...
      Calculando componente Síncrotron...
      Calculando componente Compton Inverso (IC)...
        Progress: 40/1000
        Progress: 80/1000
        Progress: 120/1000
        Progress: 160/1000
        Progress: 200/1000
        Progress: 240/1000
        Progress: 280/1000
        Progress: 320/1000
        Progress: 360/1000
        Progress: 400/1000
        Progress: 440/1000
        Progress: 480/1000
        Progress: 520/1000
        Progress: 560/1000
        Progress: 600/1000
        Progress: 640/1000
        Progress: 680/1000
        Progress: 720/1000
        Progress: 760/1000
        Progress: 800/1000
        Progress: 840/1000
        Progress: 880/1000
        Progress: 920/1000
        Progress: 960/1000
        Progress: 1000/1000
   === [Elétrons] Concluído em 5m 48.57s ===
[SDSS J154451.23+433050.6] Calculating Electrons (1D Transport)...
   [SDSS J154451.23+433050.6] -> Transport approx 0 (sem IC)...
   [Transport] Executando paralelização para electron...
   -> [Fótons] Generating photon table (Sync + IC)...
      Calculando componente Síncrotron...
      Calculando componente Compton Inverso (IC)...
        Progress: 40/1000
        Progress: 80/1000
        Progress: 120/1000
        Progress: 160/1000
        Progress: 200/1000
        Progress: 240/1000
        Progress: 280/1000
        Progress: 320/1000
        Progress: 360/1000
        Progress: 400/1000
        Progress: 440/1000
        Progress: 480/1000
        Progress: 520/1000
        Progress: 560/1000
        Progress: 600/1000
        Progress: 640/1000
        Progress: 680/1000
        Progress: 720/1000
        Progress: 760/1000
        Progress: 800/1000
        Progress: 840/1000
        Progress: 880/1000
        Progress: 920/1000
        Progress: 960/1000
        Progress: 1000/1000
   -> [IC] Generating IC rate table...
   [SDSS J154451.23+433050.6] -> Transport approx 1 (com IC)...
   [Transport] Executando paralelização para electron...
   -> [Fótons] Generating photon table (Sync + IC)...
      Calculando componente Síncrotron...
      Calculando componente Compton Inverso (IC)...
        Progress: 40/1000
        Progress: 80/1000
        Progress: 120/1000
        Progress: 160/1000
        Progress: 200/1000
        Progress: 240/1000
        Progress: 280/1000
        Progress: 320/1000
        Progress: 360/1000
        Progress: 400/1000
        Progress: 440/1000
        Progress: 480/1000
        Progress: 520/1000
        Progress: 560/1000
        Progress: 600/1000
        Progress: 640/1000
        Progress: 680/1000
        Progress: 720/1000
        Progress: 760/1000
        Progress: 800/1000
        Progress: 840/1000
        Progress: 880/1000
        Progress: 920/1000
        Progress: 960/1000
        Progress: 1000/1000
   === [Elétrons] Concluído em 5m 55.07s ===
[SDSS J155951.61+255626.3] Calculating Electrons (1D Transport)...
   [SDSS J155951.61+255626.3] -> Transport approx 0 (sem IC)...
   [Transport] Executando paralelização para electron...
   -> [Fótons] Generating photon table (Sync + IC)...
      Calculando componente Síncrotron...
      Calculando componente Compton Inverso (IC)...
        Progress: 40/1000
        Progress: 80/1000
        Progress: 120/1000
        Progress: 160/1000
        Progress: 200/1000
        Progress: 240/1000
        Progress: 280/1000
        Progress: 320/1000
        Progress: 360/1000
        Progress: 400/1000
        Progress: 440/1000
        Progress: 480/1000
        Progress: 520/1000
        Progress: 560/1000
        Progress: 600/1000
        Progress: 640/1000
        Progress: 680/1000
        Progress: 720/1000
        Progress: 760/1000
        Progress: 800/1000
        Progress: 840/1000
        Progress: 880/1000
        Progress: 920/1000
        Progress: 960/1000
        Progress: 1000/1000
   -> [IC] Generating IC rate table...
   [SDSS J155951.61+255626.3] -> Transport approx 1 (com IC)...
   [Transport] Executando paralelização para electron...
   -> [Fótons] Generating photon table (Sync + IC)...
      Calculando componente Síncrotron...
      Calculando componente Compton Inverso (IC)...
        Progress: 40/1000
        Progress: 80/1000
        Progress: 120/1000
        Progress: 160/1000
        Progress: 200/1000
        Progress: 240/1000
        Progress: 280/1000
        Progress: 320/1000
        Progress: 360/1000
        Progress: 400/1000
        Progress: 440/1000
        Progress: 480/1000
        Progress: 520/1000
        Progress: 560/1000
        Progress: 600/1000
        Progress: 640/1000
        Progress: 680/1000
        Progress: 720/1000
        Progress: 760/1000
        Progress: 800/1000
        Progress: 840/1000
        Progress: 880/1000
        Progress: 920/1000
        Progress: 960/1000
        Progress: 1000/1000
   === [Elétrons] Concluído em 6m 3.55s ===
[SDSS J155953.99+444232.4] Calculating Electrons (1D Transport)...
   [SDSS J155953.99+444232.4] -> Transport approx 0 (sem IC)...
   [Transport] Executando paralelização para electron...
   -> [Fótons] Generating photon table (Sync + IC)...
      Calculando componente Síncrotron...
      Calculando componente Compton Inverso (IC)...
        Progress: 40/1000
        Progress: 80/1000
        Progress: 120/1000
        Progress: 160/1000
        Progress: 200/1000
        Progress: 240/1000
        Progress: 280/1000
        Progress: 320/1000
        Progress: 360/1000
        Progress: 400/1000
        Progress: 440/1000
        Progress: 480/1000
        Progress: 520/1000
        Progress: 560/1000
        Progress: 600/1000
        Progress: 640/1000
        Progress: 680/1000
        Progress: 720/1000
        Progress: 760/1000
        Progress: 800/1000
        Progress: 840/1000
        Progress: 880/1000
        Progress: 920/1000
        Progress: 960/1000
        Progress: 1000/1000
   -> [IC] Generating IC rate table...
   [SDSS J155953.99+444232.4] -> Transport approx 1 (com IC)...
   [Transport] Executando paralelização para electron...
   -> [Fótons] Generating photon table (Sync + IC)...
      Calculando componente Síncrotron...
      Calculando componente Compton Inverso (IC)...
        Progress: 40/1000
        Progress: 80/1000
        Progress: 120/1000
        Progress: 160/1000
        Progress: 200/1000
        Progress: 240/1000
        Progress: 280/1000
        Progress: 320/1000
        Progress: 360/1000
        Progress: 400/1000
        Progress: 440/1000
        Progress: 480/1000
        Progress: 520/1000
        Progress: 560/1000
        Progress: 600/1000
        Progress: 640/1000
        Progress: 680/1000
        Progress: 720/1000
        Progress: 760/1000
        Progress: 800/1000
        Progress: 840/1000
        Progress: 880/1000
        Progress: 920/1000
        Progress: 960/1000
        Progress: 1000/1000
   === [Elétrons] Concluído em 6m 21.47s ===
[SDSS J160426.51+174431.1] Calculating Electrons (1D Transport)...
   [SDSS J160426.51+174431.1] -> Transport approx 0 (sem IC)...
   [Transport] Executando paralelização para electron...
   -> [Fótons] Generating photon table (Sync + IC)...
      Calculando componente Síncrotron...
      Calculando componente Compton Inverso (IC)...
        Progress: 40/1000
        Progress: 80/1000
        Progress: 120/1000
        Progress: 160/1000
        Progress: 200/1000
        Progress: 240/1000
        Progress: 280/1000
        Progress: 320/1000
        Progress: 360/1000
        Progress: 400/1000
        Progress: 440/1000
        Progress: 480/1000
        Progress: 520/1000
        Progress: 560/1000
        Progress: 600/1000
        Progress: 640/1000
        Progress: 680/1000
        Progress: 720/1000
        Progress: 760/1000
        Progress: 800/1000
        Progress: 840/1000
        Progress: 880/1000
        Progress: 920/1000
        Progress: 960/1000
        Progress: 1000/1000
   -> [IC] Generating IC rate table...
   [SDSS J160426.51+174431.1] -> Transport approx 1 (com IC)...
   [Transport] Executando paralelização para electron...
   -> [Fótons] Generating photon table (Sync + IC)...
      Calculando componente Síncrotron...
      Calculando componente Compton Inverso (IC)...
        Progress: 40/1000
        Progress: 80/1000
        Progress: 120/1000
        Progress: 160/1000
        Progress: 200/1000
        Progress: 240/1000
        Progress: 280/1000
        Progress: 320/1000
        Progress: 360/1000
        Progress: 400/1000
        Progress: 440/1000
        Progress: 480/1000
        Progress: 520/1000
        Progress: 560/1000
        Progress: 600/1000
        Progress: 640/1000
        Progress: 680/1000
        Progress: 720/1000
        Progress: 760/1000
        Progress: 800/1000
        Progress: 840/1000
        Progress: 880/1000
        Progress: 920/1000
        Progress: 960/1000
        Progress: 1000/1000
   === [Elétrons] Concluído em 6m 12.91s ===
[SDSS J160523.84+143851.6] Calculating Electrons (1D Transport)...
   [SDSS J160523.84+143851.6] -> Transport approx 0 (sem IC)...
   [Transport] Executando paralelização para electron...
   -> [Fótons] Generating photon table (Sync + IC)...
      Calculando componente Síncrotron...
      Calculando componente Compton Inverso (IC)...
        Progress: 40/1000
        Progress: 80/1000
        Progress: 120/1000
        Progress: 160/1000
        Progress: 200/1000
        Progress: 240/1000
        Progress: 280/1000
        Progress: 320/1000
        Progress: 360/1000
        Progress: 400/1000
        Progress: 440/1000
        Progress: 480/1000
        Progress: 520/1000
        Progress: 560/1000
        Progress: 600/1000
        Progress: 640/1000
        Progress: 680/1000
        Progress: 720/1000
        Progress: 760/1000
        Progress: 800/1000
        Progress: 840/1000
        Progress: 880/1000
        Progress: 920/1000
        Progress: 960/1000
        Progress: 1000/1000
   -> [IC] Generating IC rate table...
   [SDSS J160523.84+143851.6] -> Transport approx 1 (com IC)...
   [Transport] Executando paralelização para electron...
   -> [Fótons] Generating photon table (Sync + IC)...
      Calculando componente Síncrotron...
      Calculando componente Compton Inverso (IC)...
        Progress: 40/1000
        Progress: 80/1000
        Progress: 120/1000
        Progress: 160/1000
        Progress: 200/1000
        Progress: 240/1000
        Progress: 280/1000
        Progress: 320/1000
        Progress: 360/1000
        Progress: 400/1000
        Progress: 440/1000
        Progress: 480/1000
        Progress: 520/1000
        Progress: 560/1000
        Progress: 600/1000
        Progress: 640/1000
        Progress: 680/1000
        Progress: 720/1000
        Progress: 760/1000
        Progress: 800/1000
        Progress: 840/1000
        Progress: 880/1000
        Progress: 920/1000
        Progress: 960/1000
        Progress: 1000/1000
   === [Elétrons] Concluído em 5m 50.55s ===
[SDSS J160641.83+084436.8] Calculating Electrons (1D Transport)...
   [SDSS J160641.83+084436.8] -> Transport approx 0 (sem IC)...
   [Transport] Executando paralelização para electron...
   -> [Fótons] Generating photon table (Sync + IC)...
      Calculando componente Síncrotron...
      Calculando componente Compton Inverso (IC)...
        Progress: 40/1000
        Progress: 80/1000
        Progress: 120/1000
        Progress: 160/1000
        Progress: 200/1000
        Progress: 240/1000
        Progress: 280/1000
        Progress: 320/1000
        Progress: 360/1000
        Progress: 400/1000
        Progress: 440/1000
        Progress: 480/1000
        Progress: 520/1000
        Progress: 560/1000
        Progress: 600/1000
        Progress: 640/1000
        Progress: 680/1000
        Progress: 720/1000
        Progress: 760/1000
        Progress: 800/1000
        Progress: 840/1000
        Progress: 880/1000
        Progress: 920/1000
        Progress: 960/1000
        Progress: 1000/1000
   -> [IC] Generating IC rate table...
   [SDSS J160641.83+084436.8] -> Transport approx 1 (com IC)...
   [Transport] Executando paralelização para electron...
   -> [Fótons] Generating photon table (Sync + IC)...
      Calculando componente Síncrotron...
      Calculando componente Compton Inverso (IC)...
        Progress: 40/1000
        Progress: 80/1000
        Progress: 120/1000
        Progress: 160/1000
        Progress: 200/1000
        Progress: 240/1000
        Progress: 280/1000
        Progress: 320/1000
        Progress: 360/1000
        Progress: 400/1000
        Progress: 440/1000
        Progress: 480/1000
        Progress: 520/1000
        Progress: 560/1000
        Progress: 600/1000
        Progress: 640/1000
        Progress: 680/1000
        Progress: 720/1000
        Progress: 760/1000
        Progress: 800/1000
        Progress: 840/1000
        Progress: 880/1000
        Progress: 920/1000
        Progress: 960/1000
        Progress: 1000/1000
   === [Elétrons] Concluído em 6m 9.79s ===
[SDSS J161238.84+293836.9] Calculating Electrons (1D Transport)...
   [SDSS J161238.84+293836.9] -> Transport approx 0 (sem IC)...
   [Transport] Executando paralelização para electron...
   -> [Fótons] Generating photon table (Sync + IC)...
      Calculando componente Síncrotron...
      Calculando componente Compton Inverso (IC)...
        Progress: 40/1000
        Progress: 80/1000
        Progress: 120/1000
        Progress: 160/1000
        Progress: 200/1000
        Progress: 240/1000
        Progress: 280/1000
        Progress: 320/1000
        Progress: 360/1000
        Progress: 400/1000
        Progress: 440/1000
        Progress: 480/1000
        Progress: 520/1000
        Progress: 560/1000
        Progress: 600/1000
        Progress: 640/1000
        Progress: 680/1000
        Progress: 720/1000
        Progress: 760/1000
        Progress: 800/1000
        Progress: 840/1000
        Progress: 880/1000
        Progress: 920/1000
        Progress: 960/1000
        Progress: 1000/1000
   -> [IC] Generating IC rate table...
   [SDSS J161238.84+293836.9] -> Transport approx 1 (com IC)...
   [Transport] Executando paralelização para electron...
   -> [Fótons] Generating photon table (Sync + IC)...
      Calculando componente Síncrotron...
      Calculando componente Compton Inverso (IC)...
        Progress: 40/1000
        Progress: 80/1000
        Progress: 120/1000
        Progress: 160/1000
        Progress: 200/1000
        Progress: 240/1000
        Progress: 280/1000
        Progress: 320/1000
        Progress: 360/1000
        Progress: 400/1000
        Progress: 440/1000
        Progress: 480/1000
        Progress: 520/1000
        Progress: 560/1000
        Progress: 600/1000
        Progress: 640/1000
        Progress: 680/1000
        Progress: 720/1000
        Progress: 760/1000
        Progress: 800/1000
        Progress: 840/1000
        Progress: 880/1000
        Progress: 920/1000
        Progress: 960/1000
        Progress: 1000/1000
   === [Elétrons] Concluído em 5m 53.87s ===
[SDSS J161256.85+095201.5] Calculating Electrons (1D Transport)...
   [SDSS J161256.85+095201.5] -> Transport approx 0 (sem IC)...
   [Transport] Executando paralelização para electron...
   -> [Fótons] Generating photon table (Sync + IC)...
      Calculando componente Síncrotron...
      Calculando componente Compton Inverso (IC)...
        Progress: 40/1000
        Progress: 80/1000
        Progress: 120/1000
        Progress: 160/1000
        Progress: 200/1000
        Progress: 240/1000
        Progress: 280/1000
        Progress: 320/1000
        Progress: 360/1000
        Progress: 400/1000
        Progress: 440/1000
        Progress: 480/1000
        Progress: 520/1000
        Progress: 560/1000
        Progress: 600/1000
        Progress: 640/1000
        Progress: 680/1000
        Progress: 720/1000
        Progress: 760/1000
        Progress: 800/1000
        Progress: 840/1000
        Progress: 880/1000
        Progress: 920/1000
        Progress: 960/1000
        Progress: 1000/1000
   -> [IC] Generating IC rate table...
   [SDSS J161256.85+095201.5] -> Transport approx 1 (com IC)...
   [Transport] Executando paralelização para electron...
   -> [Fótons] Generating photon table (Sync + IC)...
      Calculando componente Síncrotron...
      Calculando componente Compton Inverso (IC)...
        Progress: 40/1000
        Progress: 80/1000
        Progress: 120/1000
        Progress: 160/1000
        Progress: 200/1000
        Progress: 240/1000
        Progress: 280/1000
        Progress: 320/1000
        Progress: 360/1000
        Progress: 400/1000
        Progress: 440/1000
        Progress: 480/1000
        Progress: 520/1000
        Progress: 560/1000
        Progress: 600/1000
        Progress: 640/1000
        Progress: 680/1000
        Progress: 720/1000
        Progress: 760/1000
        Progress: 800/1000
        Progress: 840/1000
        Progress: 880/1000
        Progress: 920/1000
        Progress: 960/1000
        Progress: 1000/1000
   === [Elétrons] Concluído em 5m 58.97s ===
[SDSS J162146.06+254914.4] Calculating Electrons (1D Transport)...
   [SDSS J162146.06+254914.4] -> Transport approx 0 (sem IC)...
   [Transport] Executando paralelização para electron...
   -> [Fótons] Generating photon table (Sync + IC)...
      Calculando componente Síncrotron...
      Calculando componente Compton Inverso (IC)...
        Progress: 40/1000
        Progress: 80/1000
        Progress: 120/1000
        Progress: 160/1000
        Progress: 200/1000
        Progress: 240/1000
        Progress: 280/1000
        Progress: 320/1000
        Progress: 360/1000
        Progress: 400/1000
        Progress: 440/1000
        Progress: 480/1000
        Progress: 520/1000
        Progress: 560/1000
        Progress: 600/1000
        Progress: 640/1000
        Progress: 680/1000
        Progress: 720/1000
        Progress: 760/1000
        Progress: 800/1000
        Progress: 840/1000
        Progress: 880/1000
        Progress: 920/1000
        Progress: 960/1000
        Progress: 1000/1000
   -> [IC] Generating IC rate table...
   [SDSS J162146.06+254914.4] -> Transport approx 1 (com IC)...
   [Transport] Executando paralelização para electron...
   -> [Fótons] Generating photon table (Sync + IC)...
      Calculando componente Síncrotron...
      Calculando componente Compton Inverso (IC)...
        Progress: 40/1000
        Progress: 80/1000
        Progress: 120/1000
        Progress: 160/1000
        Progress: 200/1000
        Progress: 240/1000
        Progress: 280/1000
        Progress: 320/1000
        Progress: 360/1000
        Progress: 400/1000
        Progress: 440/1000
        Progress: 480/1000
        Progress: 520/1000
        Progress: 560/1000
        Progress: 600/1000
        Progress: 640/1000
        Progress: 680/1000
        Progress: 720/1000
        Progress: 760/1000
        Progress: 800/1000
        Progress: 840/1000
        Progress: 880/1000
        Progress: 920/1000
        Progress: 960/1000
        Progress: 1000/1000
   === [Elétrons] Concluído em 6m 7.77s ===
[SDSS J162846.13+252940.9] Calculating Electrons (1D Transport)...
   [SDSS J162846.13+252940.9] -> Transport approx 0 (sem IC)...
   [Transport] Executando paralelização para electron...
   -> [Fótons] Generating photon table (Sync + IC)...
      Calculando componente Síncrotron...
      Calculando componente Compton Inverso (IC)...
        Progress: 40/1000
        Progress: 80/1000
        Progress: 120/1000
        Progress: 160/1000
        Progress: 200/1000
        Progress: 240/1000
        Progress: 280/1000
        Progress: 320/1000
        Progress: 360/1000
        Progress: 400/1000
        Progress: 440/1000
        Progress: 480/1000
        Progress: 520/1000
        Progress: 560/1000
        Progress: 600/1000
        Progress: 640/1000
        Progress: 680/1000
        Progress: 720/1000
        Progress: 760/1000
        Progress: 800/1000
        Progress: 840/1000
        Progress: 880/1000
        Progress: 920/1000
        Progress: 960/1000
        Progress: 1000/1000
   -> [IC] Generating IC rate table...
   [SDSS J162846.13+252940.9] -> Transport approx 1 (com IC)...
   [Transport] Executando paralelização para electron...
   -> [Fótons] Generating photon table (Sync + IC)...
      Calculando componente Síncrotron...
      Calculando componente Compton Inverso (IC)...
        Progress: 40/1000
        Progress: 80/1000
        Progress: 120/1000
        Progress: 160/1000
        Progress: 200/1000
        Progress: 240/1000
        Progress: 280/1000
        Progress: 320/1000
        Progress: 360/1000
        Progress: 400/1000
        Progress: 440/1000
        Progress: 480/1000
        Progress: 520/1000
        Progress: 560/1000
        Progress: 600/1000
        Progress: 640/1000
        Progress: 680/1000
        Progress: 720/1000
        Progress: 760/1000
        Progress: 800/1000
        Progress: 840/1000
        Progress: 880/1000
        Progress: 920/1000
        Progress: 960/1000
        Progress: 1000/1000
   === [Elétrons] Concluído em 5m 58.59s ===
[SDSS J162944.98+404841.6] Calculating Electrons (1D Transport)...
   [SDSS J162944.98+404841.6] -> Transport approx 0 (sem IC)...
   [Transport] Executando paralelização para electron...
   -> [Fótons] Generating photon table (Sync + IC)...
      Calculando componente Síncrotron...
      Calculando componente Compton Inverso (IC)...
        Progress: 40/1000
        Progress: 80/1000
        Progress: 120/1000
        Progress: 160/1000
        Progress: 200/1000
        Progress: 240/1000
        Progress: 280/1000
        Progress: 320/1000
        Progress: 360/1000
        Progress: 400/1000
        Progress: 440/1000
        Progress: 480/1000
        Progress: 520/1000
        Progress: 560/1000
        Progress: 600/1000
        Progress: 640/1000
        Progress: 680/1000
        Progress: 720/1000
        Progress: 760/1000
        Progress: 800/1000
        Progress: 840/1000
        Progress: 880/1000
        Progress: 920/1000
        Progress: 960/1000
        Progress: 1000/1000
   -> [IC] Generating IC rate table...
   [SDSS J162944.98+404841.6] -> Transport approx 1 (com IC)...
   [Transport] Executando paralelização para electron...
   -> [Fótons] Generating photon table (Sync + IC)...
      Calculando componente Síncrotron...
      Calculando componente Compton Inverso (IC)...
        Progress: 40/1000
        Progress: 80/1000
        Progress: 120/1000
        Progress: 160/1000
        Progress: 200/1000
        Progress: 240/1000
        Progress: 280/1000
        Progress: 320/1000
        Progress: 360/1000
        Progress: 400/1000
        Progress: 440/1000
        Progress: 480/1000
        Progress: 520/1000
        Progress: 560/1000
        Progress: 600/1000
        Progress: 640/1000
        Progress: 680/1000
        Progress: 720/1000
        Progress: 760/1000
        Progress: 800/1000
        Progress: 840/1000
        Progress: 880/1000
        Progress: 920/1000
        Progress: 960/1000
        Progress: 1000/1000
   === [Elétrons] Concluído em 5m 42.82s ===
[SDSS J164925.86+360321.3] Calculating Electrons (1D Transport)...
   [SDSS J164925.86+360321.3] -> Transport approx 0 (sem IC)...
   [Transport] Executando paralelização para electron...
   -> [Fótons] Generating photon table (Sync + IC)...
      Calculando componente Síncrotron...
      Calculando componente Compton Inverso (IC)...
        Progress: 40/1000
        Progress: 80/1000
        Progress: 120/1000
        Progress: 160/1000
        Progress: 200/1000
        Progress: 240/1000
        Progress: 280/1000
        Progress: 320/1000
        Progress: 360/1000
        Progress: 400/1000
        Progress: 440/1000
        Progress: 480/1000
        Progress: 520/1000
        Progress: 560/1000
        Progress: 600/1000
        Progress: 640/1000
        Progress: 680/1000
        Progress: 720/1000
        Progress: 760/1000
        Progress: 800/1000
        Progress: 840/1000
        Progress: 880/1000
        Progress: 920/1000
        Progress: 960/1000
        Progress: 1000/1000
   -> [IC] Generating IC rate table...
   [SDSS J164925.86+360321.3] -> Transport approx 1 (com IC)...
   [Transport] Executando paralelização para electron...
   -> [Fótons] Generating photon table (Sync + IC)...
      Calculando componente Síncrotron...
      Calculando componente Compton Inverso (IC)...
        Progress: 40/1000
        Progress: 80/1000
        Progress: 120/1000
        Progress: 160/1000
        Progress: 200/1000
        Progress: 240/1000
        Progress: 280/1000
        Progress: 320/1000
        Progress: 360/1000
        Progress: 400/1000
        Progress: 440/1000
        Progress: 480/1000
        Progress: 520/1000
        Progress: 560/1000
        Progress: 600/1000
        Progress: 640/1000
        Progress: 680/1000
        Progress: 720/1000
        Progress: 760/1000
        Progress: 800/1000
        Progress: 840/1000
        Progress: 880/1000
        Progress: 920/1000
        Progress: 960/1000
        Progress: 1000/1000
   === [Elétrons] Concluído em 6m 9.02s ===
[SDSS J165830.05+252324.9] Calculating Electrons (1D Transport)...
   [SDSS J165830.05+252324.9] -> Transport approx 0 (sem IC)...
   [Transport] Executando paralelização para electron...
   -> [Fótons] Generating photon table (Sync + IC)...
      Calculando componente Síncrotron...
      Calculando componente Compton Inverso (IC)...
        Progress: 40/1000
        Progress: 80/1000
        Progress: 120/1000
        Progress: 160/1000
        Progress: 200/1000
        Progress: 240/1000
        Progress: 280/1000
        Progress: 320/1000
        Progress: 360/1000
        Progress: 400/1000
        Progress: 440/1000
        Progress: 480/1000
        Progress: 520/1000
        Progress: 560/1000
        Progress: 600/1000
        Progress: 640/1000
        Progress: 680/1000
        Progress: 720/1000
        Progress: 760/1000
        Progress: 800/1000
        Progress: 840/1000
        Progress: 880/1000
        Progress: 920/1000
        Progress: 960/1000
        Progress: 1000/1000
   -> [IC] Generating IC rate table...
   [SDSS J165830.05+252324.9] -> Transport approx 1 (com IC)...
   [Transport] Executando paralelização para electron...
   -> [Fótons] Generating photon table (Sync + IC)...
      Calculando componente Síncrotron...
      Calculando componente Compton Inverso (IC)...
        Progress: 40/1000
        Progress: 80/1000
        Progress: 120/1000
        Progress: 160/1000
        Progress: 200/1000
        Progress: 240/1000
        Progress: 280/1000
        Progress: 320/1000
        Progress: 360/1000
        Progress: 400/1000
        Progress: 440/1000
        Progress: 480/1000
        Progress: 520/1000
        Progress: 560/1000
        Progress: 600/1000
        Progress: 640/1000
        Progress: 680/1000
        Progress: 720/1000
        Progress: 760/1000
        Progress: 800/1000
        Progress: 840/1000
        Progress: 880/1000
        Progress: 920/1000
        Progress: 960/1000
        Progress: 1000/1000
   === [Elétrons] Concluído em 5m 57.44s ===
[SDSS J170358.49+241039.5] Calculating Electrons (1D Transport)...
   [SDSS J170358.49+241039.5] -> Transport approx 0 (sem IC)...
   [Transport] Executando paralelização para electron...
   -> [Fótons] Generating photon table (Sync + IC)...
      Calculando componente Síncrotron...
      Calculando componente Compton Inverso (IC)...
        Progress: 40/1000
        Progress: 80/1000
        Progress: 120/1000
        Progress: 160/1000
        Progress: 200/1000
        Progress: 240/1000
        Progress: 280/1000
        Progress: 320/1000
        Progress: 360/1000
        Progress: 400/1000
        Progress: 440/1000
        Progress: 480/1000
        Progress: 520/1000
        Progress: 560/1000
        Progress: 600/1000
        Progress: 640/1000
        Progress: 680/1000
        Progress: 720/1000
        Progress: 760/1000
        Progress: 800/1000
        Progress: 840/1000
        Progress: 880/1000
        Progress: 920/1000
        Progress: 960/1000
        Progress: 1000/1000
   -> [IC] Generating IC rate table...
   [SDSS J170358.49+241039.5] -> Transport approx 1 (com IC)...
   [Transport] Executando paralelização para electron...
   -> [Fótons] Generating photon table (Sync + IC)...
      Calculando componente Síncrotron...
      Calculando componente Compton Inverso (IC)...
        Progress: 40/1000
        Progress: 80/1000
        Progress: 120/1000
        Progress: 160/1000
        Progress: 200/1000
        Progress: 240/1000
        Progress: 280/1000
        Progress: 320/1000
        Progress: 360/1000
        Progress: 400/1000
        Progress: 440/1000
        Progress: 480/1000
        Progress: 520/1000
        Progress: 560/1000
        Progress: 600/1000
        Progress: 640/1000
        Progress: 680/1000
        Progress: 720/1000
        Progress: 760/1000
        Progress: 800/1000
        Progress: 840/1000
        Progress: 880/1000
        Progress: 920/1000
        Progress: 960/1000
        Progress: 1000/1000
   === [Elétrons] Concluído em 5m 45.00s ===
[SDSS J171522.97+572440.2] Calculating Electrons (1D Transport)...
   [SDSS J171522.97+572440.2] -> Transport approx 0 (sem IC)...
   [Transport] Executando paralelização para electron...
   -> [Fótons] Generating photon table (Sync + IC)...
      Calculando componente Síncrotron...
      Calculando componente Compton Inverso (IC)...
        Progress: 40/1000
        Progress: 80/1000
        Progress: 120/1000
        Progress: 160/1000
        Progress: 200/1000
        Progress: 240/1000
        Progress: 280/1000
        Progress: 320/1000
        Progress: 360/1000
        Progress: 400/1000
        Progress: 440/1000
        Progress: 480/1000
        Progress: 520/1000
        Progress: 560/1000
        Progress: 600/1000
        Progress: 640/1000
        Progress: 680/1000
        Progress: 720/1000
        Progress: 760/1000
        Progress: 800/1000
        Progress: 840/1000
        Progress: 880/1000
        Progress: 920/1000
        Progress: 960/1000
        Progress: 1000/1000
   -> [IC] Generating IC rate table...
   [SDSS J171522.97+572440.2] -> Transport approx 1 (com IC)...
   [Transport] Executando paralelização para electron...
   -> [Fótons] Generating photon table (Sync + IC)...
      Calculando componente Síncrotron...
      Calculando componente Compton Inverso (IC)...
        Progress: 40/1000
        Progress: 80/1000
        Progress: 120/1000
        Progress: 160/1000
        Progress: 200/1000
        Progress: 240/1000
        Progress: 280/1000
        Progress: 320/1000
        Progress: 360/1000
        Progress: 400/1000
        Progress: 440/1000
        Progress: 480/1000
        Progress: 520/1000
        Progress: 560/1000
        Progress: 600/1000
        Progress: 640/1000
        Progress: 680/1000
        Progress: 720/1000
        Progress: 760/1000
        Progress: 800/1000
        Progress: 840/1000
        Progress: 880/1000
        Progress: 920/1000
        Progress: 960/1000
        Progress: 1000/1000
   === [Elétrons] Concluído em 5m 44.86s ===
[SDSS J172215.41+304239.8] Calculating Electrons (1D Transport)...
   [SDSS J172215.41+304239.8] -> Transport approx 0 (sem IC)...
   [Transport] Executando paralelização para electron...
   -> [Fótons] Generating photon table (Sync + IC)...
      Calculando componente Síncrotron...
      Calculando componente Compton Inverso (IC)...
        Progress: 40/1000
        Progress: 80/1000
        Progress: 120/1000
        Progress: 160/1000
        Progress: 200/1000
        Progress: 240/1000
        Progress: 280/1000
        Progress: 320/1000
        Progress: 360/1000
        Progress: 400/1000
        Progress: 440/1000
        Progress: 480/1000
        Progress: 520/1000
        Progress: 560/1000
        Progress: 600/1000
        Progress: 640/1000
        Progress: 680/1000
        Progress: 720/1000
        Progress: 760/1000
        Progress: 800/1000
        Progress: 840/1000
        Progress: 880/1000
        Progress: 920/1000
        Progress: 960/1000
        Progress: 1000/1000
   -> [IC] Generating IC rate table...
   [SDSS J172215.41+304239.8] -> Transport approx 1 (com IC)...
   [Transport] Executando paralelização para electron...
   -> [Fótons] Generating photon table (Sync + IC)...
      Calculando componente Síncrotron...
      Calculando componente Compton Inverso (IC)...
        Progress: 40/1000
        Progress: 80/1000
        Progress: 120/1000
        Progress: 160/1000
        Progress: 200/1000
        Progress: 240/1000
        Progress: 280/1000
        Progress: 320/1000
        Progress: 360/1000
        Progress: 400/1000
        Progress: 440/1000
        Progress: 480/1000
        Progress: 520/1000
        Progress: 560/1000
        Progress: 600/1000
        Progress: 640/1000
        Progress: 680/1000
        Progress: 720/1000
        Progress: 760/1000
        Progress: 800/1000
        Progress: 840/1000
        Progress: 880/1000
        Progress: 920/1000
        Progress: 960/1000
        Progress: 1000/1000
   === [Elétrons] Concluído em 5m 47.00s ===
=== [data_helium] Parâmetros salvos em 'data_helium/all_calculated_parameters.csv' ===

=== [data_helium] Calculando núcleos de hélio (104 fontes) ===
[SDSS J010852.48-003919.4] Calculating helium nuclei (Z=2, A=4)
   [SDSS J010852.48-003919.4] -> Transporte de hélio (sync + adiabático + He-p + p-gamma + fotodesintegração)...
   [Transport] Executando paralelização para helium...
   === [Hélio] Concluído em 50m 8.80s ===
[SDSS J011204.61-001442.4] Calculating helium nuclei (Z=2, A=4)
   [SDSS J011204.61-001442.4] -> Transporte de hélio (sync + adiabático + He-p + p-gamma + fotodesintegração)...
   [Transport] Executando paralelização para helium...
   === [Hélio] Concluído em 49m 53.49s ===
[SDSS J011515.78+001248.4] Calculating helium nuclei (Z=2, A=4)
   [SDSS J011515.78+001248.4] -> Transporte de hélio (sync + adiabático + He-p + p-gamma + fotodesintegração)...
   [Transport] Executando paralelização para helium...
   === [Hélio] Concluído em 49m 22.89s ===
[SDSS J015127.10-083019.3] Calculating helium nuclei (Z=2, A=4)
   [SDSS J015127.10-083019.3] -> Transporte de hélio (sync + adiabático + He-p + p-gamma + fotodesintegração)...
   [Transport] Executando paralelização para helium...
   === [Hélio] Concluído em 50m 7.27s ===
[SDSS J020835.81-083754.8] Calculating helium nuclei (Z=2, A=4)
   [SDSS J020835.81-083754.8] -> Transporte de hélio (sync + adiabático + He-p + p-gamma + fotodesintegração)...
   [Transport] Executando paralelização para helium...
   === [Hélio] Concluído em 50m 42.41s ===
[SDSS J075354.98+130916.5] Calculating helium nuclei (Z=2, A=4)
   [SDSS J075354.98+130916.5] -> Transporte de hélio (sync + adiabático + He-p + p-gamma + fotodesintegração)...
   [Transport] Executando paralelização para helium...
   === [Hélio] Concluído em 51m 40.13s ===
[SDSS J080716.58+145703.3] Calculating helium nuclei (Z=2, A=4)
   [SDSS J080716.58+145703.3] -> Transporte de hélio (sync + adiabático + He-p + p-gamma + fotodesintegração)...
   [Transport] Executando paralelização para helium...
   === [Hélio] Concluído em 49m 56.04s ===
[SDSS J083158.49+562052.3] Calculating helium nuclei (Z=2, A=4)
   [SDSS J083158.49+562052.3] -> Transporte de hélio (sync + adiabático + He-p + p-gamma + fotodesintegração)...
   [Transport] Executando paralelização para helium...
   === [Hélio] Concluído em 50m 13.91s ===
[SDSS J083511.98+051829.2] Calculating helium nuclei (Z=2, A=4)
   [SDSS J083511.98+051829.2] -> Transporte de hélio (sync + adiabático + He-p + p-gamma + fotodesintegração)...
   [Transport] Executando paralelização para helium...
   === [Hélio] Concluído em 51m 5.66s ===
[SDSS J084102.73+595610.5] Calculating helium nuclei (Z=2, A=4)
   [SDSS J084102.73+595610.5] -> Transporte de hélio (sync + adiabático + He-p + p-gamma + fotodesintegração)...
   [Transport] Executando paralelização para helium...
   === [Hélio] Concluído em 50m 47.95s ===
[SDSS J084701.88+100106.6] Calculating helium nuclei (Z=2, A=4)
   [SDSS J084701.88+100106.6] -> Transporte de hélio (sync + adiabático + He-p + p-gamma + fotodesintegração)...
   [Transport] Executando paralelização para helium...
   === [Hélio] Concluído em 49m 24.12s ===
[SDSS J090652.79+412429.7] Calculating helium nuclei (Z=2, A=4)
   [SDSS J090652.79+412429.7] -> Transporte de hélio (sync + adiabático + He-p + p-gamma + fotodesintegração)...
   [Transport] Executando paralelização para helium...
   === [Hélio] Concluído em 48m 28.72s ===
[SDSS J090734.91+325722.9] Calculating helium nuclei (Z=2, A=4)
   [SDSS J090734.91+325722.9] -> Transporte de hélio (sync + adiabático + He-p + p-gamma + fotodesintegração)...
   [Transport] Executando paralelização para helium...
   === [Hélio] Concluído em 46m 14.48s ===
[SDSS J090937.44+192808.2] Calculating helium nuclei (Z=2, A=4)
   [SDSS J090937.44+192808.2] -> Transporte de hélio (sync + adiabático + He-p + p-gamma + fotodesintegração)...
   [Transport] Executando paralelização para helium...
   === [Hélio] Concluído em 49m 11.20s ===
[SDSS J091039.92+184147.6] Calculating helium nuclei (Z=2, A=4)
   [SDSS J091039.92+184147.6] -> Transporte de hélio (sync + adiabático + He-p + p-gamma + fotodesintegração)...
   [Transport] Executando paralelização para helium...
   === [Hélio] Concluído em 49m 9.37s ===
[SDSS J091601.78+173523.3] Calculating helium nuclei (Z=2, A=4)
   [SDSS J091601.78+173523.3] -> Transporte de hélio (sync + adiabático + He-p + p-gamma + fotodesintegração)...
   [Transport] Executando paralelização para helium...
   === [Hélio] Concluído em 49m 59.82s ===
[SDSS J091754.25+133145.5] Calculating helium nuclei (Z=2, A=4)
   [SDSS J091754.25+133145.5] -> Transporte de hélio (sync + adiabático + He-p + p-gamma + fotodesintegração)...
   [Transport] Executando paralelização para helium...
   === [Hélio] Concluído em 48m 35.38s ===
[SDSS J093003.56+341325.3] Calculating helium nuclei (Z=2, A=4)
   [SDSS J093003.56+341325.3] -> Transporte de hélio (sync + adiabático + He-p + p-gamma + fotodesintegração)...
   [Transport] Executando paralelização para helium...
   === [Hélio] Concluído em 49m 29.24s ===
[SDSS J093346.08+100909.0] Calculating helium nuclei (Z=2, A=4)
   [SDSS J093346.08+100909.0] -> Transporte de hélio (sync + adiabático + He-p + p-gamma + fotodesintegração)...
   [Transport] Executando paralelização para helium...
   === [Hélio] Concluído em 51m 19.84s ===
[SDSS J093938.62+385358.6] Calculating helium nuclei (Z=2, A=4)
   [SDSS J093938.62+385358.6] -> Transporte de hélio (sync + adiabático + He-p + p-gamma + fotodesintegração)...
   [Transport] Executando paralelização para helium...
   === [Hélio] Concluído em 50m 31.62s ===
[SDSS J094319.15+361452.1] Calculating helium nuclei (Z=2, A=4)
   [SDSS J094319.15+361452.1] -> Transporte de hélio (sync + adiabático + He-p + p-gamma + fotodesintegração)...
   [Transport] Executando paralelização para helium...
   === [Hélio] Concluído em 48m 27.40s ===
[SDSS J100549.83+003800.0] Calculating helium nuclei (Z=2, A=4)
   [SDSS J100549.83+003800.0] -> Transporte de hélio (sync + adiabático + He-p + p-gamma + fotodesintegração)...
   [Transport] Executando paralelização para helium...
   === [Hélio] Concluído em 51m 45.32s ===
[SDSS J101329.65+075415.6] Calculating helium nuclei (Z=2, A=4)
   [SDSS J101329.65+075415.6] -> Transporte de hélio (sync + adiabático + He-p + p-gamma + fotodesintegração)...
   [Transport] Executando paralelização para helium...
   === [Hélio] Concluído em 51m 27.49s ===
[SDSS J101806.67+000559.7] Calculating helium nuclei (Z=2, A=4)
   [SDSS J101806.67+000559.7] -> Transporte de hélio (sync + adiabático + He-p + p-gamma + fotodesintegração)...
   [Transport] Executando paralelização para helium...
   === [Hélio] Concluído em 47m 36.51s ===
[SDSS J102403.28+420629.8] Calculating helium nuclei (Z=2, A=4)
   [SDSS J102403.28+420629.8] -> Transporte de hélio (sync + adiabático + He-p + p-gamma + fotodesintegração)...
   [Transport] Executando paralelização para helium...
   === [Hélio] Concluído em 50m 11.15s ===
[SDSS J102511.50+171519.9] Calculating helium nuclei (Z=2, A=4)
   [SDSS J102511.50+171519.9] -> Transporte de hélio (sync + adiabático + He-p + p-gamma + fotodesintegração)...
   [Transport] Executando paralelização para helium...
   === [Hélio] Concluído em 51m 35.52s ===
[SDSS J102544.22+102230.4] Calculating helium nuclei (Z=2, A=4)
   [SDSS J102544.22+102230.4] -> Transporte de hélio (sync + adiabático + He-p + p-gamma + fotodesintegração)...
   [Transport] Executando paralelização para helium...
   === [Hélio] Concluído em 48m 47.58s ===
[SDSS J103719.33+433515.3] Calculating helium nuclei (Z=2, A=4)
   [SDSS J103719.33+433515.3] -> Transporte de hélio (sync + adiabático + He-p + p-gamma + fotodesintegração)...
   [Transport] Executando paralelização para helium...
   === [Hélio] Concluído em 49m 4.23s ===
[SDSS J103952.47+205049.3] Calculating helium nuclei (Z=2, A=4)
   [SDSS J103952.47+205049.3] -> Transporte de hélio (sync + adiabático + He-p + p-gamma + fotodesintegração)...
   [Transport] Executando paralelização para helium...
   === [Hélio] Concluído em 49m 38.92s ===
[SDSS J104028.37+091057.1] Calculating helium nuclei (Z=2, A=4)
   [SDSS J104028.37+091057.1] -> Transporte de hélio (sync + adiabático + He-p + p-gamma + fotodesintegração)...
   [Transport] Executando paralelização para helium...
   === [Hélio] Concluído em 50m 4.85s ===
[SDSS J104403.68+435412.0] Calculating helium nuclei (Z=2, A=4)
   [SDSS J104403.68+435412.0] -> Transporte de hélio (sync + adiabático + He-p + p-gamma + fotodesintegração)...
   [Transport] Executando paralelização para helium...
   === [Hélio] Concluído em 50m 8.53s ===
[SDSS J104811.90+045954.8] Calculating helium nuclei (Z=2, A=4)
   [SDSS J104811.90+045954.8] -> Transporte de hélio (sync + adiabático + He-p + p-gamma + fotodesintegração)...
   [Transport] Executando paralelização para helium...
   === [Hélio] Concluído em 48m 34.20s ===
[SDSS J104852.92+480314.8] Calculating helium nuclei (Z=2, A=4)
   [SDSS J104852.92+480314.8] -> Transporte de hélio (sync + adiabático + He-p + p-gamma + fotodesintegração)...
   [Transport] Executando paralelização para helium...
   === [Hélio] Concluído em 49m 12.71s ===
[SDSS J105731.16+405646.1] Calculating helium nuclei (Z=2, A=4)
   [SDSS J105731.16+405646.1] -> Transporte de hélio (sync + adiabático + He-p + p-gamma + fotodesintegração)...
   [Transport] Executando paralelização para helium...
   === [Hélio] Concluído em 50m 46.24s ===
[SDSS J111113.18+284147.0] Calculating helium nuclei (Z=2, A=4)
   [SDSS J111113.18+284147.0] -> Transporte de hélio (sync + adiabático + He-p + p-gamma + fotodesintegração)...
   [Transport] Executando paralelização para helium...
   === [Hélio] Concluído em 49m 31.58s ===
[SDSS J111622.70+291508.2] Calculating helium nuclei (Z=2, A=4)
   [SDSS J111622.70+291508.2] -> Transporte de hélio (sync + adiabático + He-p + p-gamma + fotodesintegração)...
   [Transport] Executando paralelização para helium...
   === [Hélio] Concluído em 49m 37.59s ===
[SDSS J111700.10+323550.9] Calculating helium nuclei (Z=2, A=4)
   [SDSS J111700.10+323550.9] -> Transporte de hélio (sync + adiabático + He-p + p-gamma + fotodesintegração)...
   [Transport] Executando paralelização para helium...
   === [Hélio] Concluído em 49m 52.79s ===
[SDSS J112029.23+040742.1] Calculating helium nuclei (Z=2, A=4)
   [SDSS J112029.23+040742.1] -> Transporte de hélio (sync + adiabático + He-p + p-gamma + fotodesintegração)...
   [Transport] Executando paralelização para helium...
   === [Hélio] Concluído em 50m 30.62s ===
[SDSS J112256.47+340641.3] Calculating helium nuclei (Z=2, A=4)
   [SDSS J112256.47+340641.3] -> Transporte de hélio (sync + adiabático + He-p + p-gamma + fotodesintegração)...
   [Transport] Executando paralelização para helium...
   === [Hélio] Concluído em 50m 33.68s ===
[SDSS J112625.19+520503.5] Calculating helium nuclei (Z=2, A=4)
   [SDSS J112625.19+520503.5] -> Transporte de hélio (sync + adiabático + He-p + p-gamma + fotodesintegração)...
   [Transport] Executando paralelização para helium...
   === [Hélio] Concluído em 48m 43.80s ===
[SDSS J112727.52+400409.4] Calculating helium nuclei (Z=2, A=4)
   [SDSS J112727.52+400409.4] -> Transporte de hélio (sync + adiabático + He-p + p-gamma + fotodesintegração)...
   [Transport] Executando paralelização para helium...
   === [Hélio] Concluído em 48m 18.66s ===
[SDSS J113449.29+490439.4] Calculating helium nuclei (Z=2, A=4)
   [SDSS J113449.29+490439.4] -> Transporte de hélio (sync + adiabático + He-p + p-gamma + fotodesintegração)...
   [Transport] Executando paralelização para helium...
   === [Hélio] Concluído em 51m 20.61s ===
[SDSS J113637.14+510008.5] Calculating helium nuclei (Z=2, A=4)
   [SDSS J113637.14+510008.5] -> Transporte de hélio (sync + adiabático + He-p + p-gamma + fotodesintegração)...
   [Transport] Executando paralelização para helium...
   === [Hélio] Concluído em 49m 59.70s ===
[SDSS J114230.94-021505.3] Calculating helium nuclei (Z=2, A=4)
   [SDSS J114230.94-021505.3] -> Transporte de hélio (sync + adiabático + He-p + p-gamma + fotodesintegração)...
   [Transport] Executando paralelização para helium...
   === [Hélio] Concluído em 50m 1.21s ===
[SDSS J114232.84+262919.9] Calculating helium nuclei (Z=2, A=4)
   [SDSS J114232.84+262919.9] -> Transporte de hélio (sync + adiabático + He-p + p-gamma + fotodesintegração)...
   [Transport] Executando paralelização para helium...
   === [Hélio] Concluído em 51m 6.61s ===
[SDSS J114804.60+372638.0] Calculating helium nuclei (Z=2, A=4)
   [SDSS J114804.60+372638.0] -> Transporte de hélio (sync + adiabático + He-p + p-gamma + fotodesintegração)...
   [Transport] Executando paralelização para helium...
   === [Hélio] Concluído em 50m 21.66s ===
[SDSS J115531.39+545200.4] Calculating helium nuclei (Z=2, A=4)
   [SDSS J115531.39+545200.4] -> Transporte de hélio (sync + adiabático + He-p + p-gamma + fotodesintegração)...
   [Transport] Executando paralelização para helium...
   === [Hélio] Concluído em 49m 10.28s ===
[SDSS J120551.46+203119.0] Calculating helium nuclei (Z=2, A=4)
   [SDSS J120551.46+203119.0] -> Transporte de hélio (sync + adiabático + He-p + p-gamma + fotodesintegração)...
   [Transport] Executando paralelização para helium...
   === [Hélio] Concluído em 48m 21.92s ===
[SDSS J120607.81+400902.6] Calculating helium nuclei (Z=2, A=4)
   [SDSS J120607.81+400902.6] -> Transporte de hélio (sync + adiabático + He-p + p-gamma + fotodesintegração)...
   [Transport] Executando paralelização para helium...
   === [Hélio] Concluído em 50m 33.51s ===
[SDSS J121329.27+504429.4] Calculating helium nuclei (Z=2, A=4)
   [SDSS J121329.27+504429.4] -> Transporte de hélio (sync + adiabático + He-p + p-gamma + fotodesintegração)...
   [Transport] Executando paralelização para helium...
   === [Hélio] Concluído em 50m 5.61s ===
[SDSS J121951.65+282521.3] Calculating helium nuclei (Z=2, A=4)
   [SDSS J121951.65+282521.3] -> Transporte de hélio (sync + adiabático + He-p + p-gamma + fotodesintegração)...
   [Transport] Executando paralelização para helium...
   === [Hélio] Concluído em 51m 31.71s ===
[SDSS J122421.31+600641.2] Calculating helium nuclei (Z=2, A=4)
   [SDSS J122421.31+600641.2] -> Transporte de hélio (sync + adiabático + He-p + p-gamma + fotodesintegração)...
   [Transport] Executando paralelização para helium...
   === [Hélio] Concluído em 51m 44.92s ===
[SDSS J123011.85+470022.7] Calculating helium nuclei (Z=2, A=4)
   [SDSS J123011.85+470022.7] -> Transporte de hélio (sync + adiabático + He-p + p-gamma + fotodesintegração)...
   [Transport] Executando paralelização para helium...
   === [Hélio] Concluído em 49m 33.29s ===
[SDSS J124318.73+033300.6] Calculating helium nuclei (Z=2, A=4)
   [SDSS J124318.73+033300.6] -> Transporte de hélio (sync + adiabático + He-p + p-gamma + fotodesintegração)...
   [Transport] Executando paralelização para helium...
   === [Hélio] Concluído em 48m 11.12s ===
[SDSS J124633.75+115347.8] Calculating helium nuclei (Z=2, A=4)
   [SDSS J124633.75+115347.8] -> Transporte de hélio (sync + adiabático + He-p + p-gamma + fotodesintegração)...
   [Transport] Executando paralelização para helium...
   === [Hélio] Concluído em 51m 33.23s ===
[SDSS J125027.42+001345.6] Calculating helium nuclei (Z=2, A=4)
   [SDSS J125027.42+001345.6] -> Transporte de hélio (sync + adiabático + He-p + p-gamma + fotodesintegração)...
   [Transport] Executando paralelização para helium...
   === [Hélio] Concluído em 50m 4.53s ===
[SDSS J125409.12-011527.1] Calculating helium nuclei (Z=2, A=4)
   [SDSS J125409.12-011527.1] -> Transporte de hélio (sync + adiabático + He-p + p-gamma + fotodesintegração)...
   [Transport] Executando paralelização para helium...
   === [Hélio] Concluído em 52m 11.96s ===
[SDSS J130404.99+075428.4] Calculating helium nuclei (Z=2, A=4)
   [SDSS J130404.99+075428.4] -> Transporte de hélio (sync + adiabático + He-p + p-gamma + fotodesintegração)...
   [Transport] Executando paralelização para helium...
