Iniciando Job Array ID: 2 em Tue Aug 18 11:49:31 PM -03 2026

=== INICIANDO TAREFA SLURM 2 ===
Processando arquivo: source3.txt -> Pasta: data3_iron

======================================================================
=== PIPELINE (O-16): lendo 'source3.txt' -> salvando em 'data3_iron/' ===
======================================================================
=== Carregando Tabelas de Fotodesintegração (TALYS) ===
=======================================================

[SDSS J010852.48-003919.4] Calculating Electrons (1D Transport)...
   [SDSS J010852.48-003919.4] -> Transport approx 0 (sem IC)...
   [Transport] Executando paralelização para electron...
   -> [Fótons] Generating photon table (Sync + IC)...
      Calculando componente Síncrotron...
      Calculando componente Compton Inverso (IC)...
        Progress: 40/1000
        Progress: 80/1000
        Progress: 120/1000
        Progress: 160/1000
        Progress: 200/1000
        Progress: 240/1000
        Progress: 280/1000
        Progress: 320/1000
        Progress: 360/1000
        Progress: 400/1000
        Progress: 440/1000
        Progress: 480/1000
        Progress: 520/1000
        Progress: 560/1000
        Progress: 600/1000
        Progress: 640/1000
        Progress: 680/1000
        Progress: 720/1000
        Progress: 760/1000
        Progress: 800/1000
        Progress: 840/1000
        Progress: 880/1000
        Progress: 920/1000
        Progress: 960/1000
        Progress: 1000/1000
   -> [IC] Generating IC rate table...
   [SDSS J010852.48-003919.4] -> Transport approx 1 (com IC)...
   [Transport] Executando paralelização para electron...
   -> [Fótons] Generating photon table (Sync + IC)...
      Calculando componente Síncrotron...
      Calculando componente Compton Inverso (IC)...
        Progress: 40/1000
        Progress: 80/1000
        Progress: 120/1000
        Progress: 160/1000
        Progress: 200/1000
        Progress: 240/1000
        Progress: 280/1000
        Progress: 320/1000
        Progress: 360/1000
        Progress: 400/1000
        Progress: 440/1000
        Progress: 480/1000
        Progress: 520/1000
        Progress: 560/1000
        Progress: 600/1000
        Progress: 640/1000
        Progress: 680/1000
        Progress: 720/1000
        Progress: 760/1000
        Progress: 800/1000
        Progress: 840/1000
        Progress: 880/1000
        Progress: 920/1000
        Progress: 960/1000
        Progress: 1000/1000
   === [Elétrons] Concluído em 5m 1.43s ===
[SDSS J011204.61-001442.4] Calculating Electrons (1D Transport)...
   [SDSS J011204.61-001442.4] -> Transport approx 0 (sem IC)...
   [Transport] Executando paralelização para electron...
   -> [Fótons] Generating photon table (Sync + IC)...
      Calculando componente Síncrotron...
      Calculando componente Compton Inverso (IC)...
        Progress: 40/1000
        Progress: 80/1000
        Progress: 120/1000
        Progress: 160/1000
        Progress: 200/1000
        Progress: 240/1000
        Progress: 280/1000
        Progress: 320/1000
        Progress: 360/1000
        Progress: 400/1000
        Progress: 440/1000
        Progress: 480/1000
        Progress: 520/1000
        Progress: 560/1000
        Progress: 600/1000
        Progress: 640/1000
        Progress: 680/1000
        Progress: 720/1000
        Progress: 760/1000
        Progress: 800/1000
        Progress: 840/1000
        Progress: 880/1000
        Progress: 920/1000
        Progress: 960/1000
        Progress: 1000/1000
   -> [IC] Generating IC rate table...
   [SDSS J011204.61-001442.4] -> Transport approx 1 (com IC)...
   [Transport] Executando paralelização para electron...
   -> [Fótons] Generating photon table (Sync + IC)...
      Calculando componente Síncrotron...
      Calculando componente Compton Inverso (IC)...
        Progress: 40/1000
        Progress: 80/1000
        Progress: 120/1000
        Progress: 160/1000
        Progress: 200/1000
        Progress: 240/1000
        Progress: 280/1000
        Progress: 320/1000
        Progress: 360/1000
        Progress: 400/1000
        Progress: 440/1000
        Progress: 480/1000
        Progress: 520/1000
        Progress: 560/1000
        Progress: 600/1000
        Progress: 640/1000
        Progress: 680/1000
        Progress: 720/1000
        Progress: 760/1000
        Progress: 800/1000
        Progress: 840/1000
        Progress: 880/1000
        Progress: 920/1000
        Progress: 960/1000
        Progress: 1000/1000
   === [Elétrons] Concluído em 5m 2.59s ===
[SDSS J011515.78+001248.4] Calculating Electrons (1D Transport)...
   [SDSS J011515.78+001248.4] -> Transport approx 0 (sem IC)...
   [Transport] Executando paralelização para electron...
   -> [Fótons] Generating photon table (Sync + IC)...
      Calculando componente Síncrotron...
      Calculando componente Compton Inverso (IC)...
        Progress: 40/1000
        Progress: 80/1000
        Progress: 120/1000
        Progress: 160/1000
        Progress: 200/1000
        Progress: 240/1000
        Progress: 280/1000
        Progress: 320/1000
        Progress: 360/1000
        Progress: 400/1000
        Progress: 440/1000
        Progress: 480/1000
        Progress: 520/1000
        Progress: 560/1000
        Progress: 600/1000
        Progress: 640/1000
        Progress: 680/1000
        Progress: 720/1000
        Progress: 760/1000
        Progress: 800/1000
        Progress: 840/1000
        Progress: 880/1000
        Progress: 920/1000
        Progress: 960/1000
        Progress: 1000/1000
   -> [IC] Generating IC rate table...
   [SDSS J011515.78+001248.4] -> Transport approx 1 (com IC)...
   [Transport] Executando paralelização para electron...
   -> [Fótons] Generating photon table (Sync + IC)...
      Calculando componente Síncrotron...
      Calculando componente Compton Inverso (IC)...
        Progress: 40/1000
        Progress: 80/1000
        Progress: 120/1000
        Progress: 160/1000
        Progress: 200/1000
        Progress: 240/1000
        Progress: 280/1000
        Progress: 320/1000
        Progress: 360/1000
        Progress: 400/1000
        Progress: 440/1000
        Progress: 480/1000
        Progress: 520/1000
        Progress: 560/1000
        Progress: 600/1000
        Progress: 640/1000
        Progress: 680/1000
        Progress: 720/1000
        Progress: 760/1000
        Progress: 800/1000
        Progress: 840/1000
        Progress: 880/1000
        Progress: 920/1000
        Progress: 960/1000
        Progress: 1000/1000
   === [Elétrons] Concluído em 5m 0.58s ===
[SDSS J015127.10-083019.3] Calculating Electrons (1D Transport)...
   [SDSS J015127.10-083019.3] -> Transport approx 0 (sem IC)...
   [Transport] Executando paralelização para electron...
   -> [Fótons] Generating photon table (Sync + IC)...
      Calculando componente Síncrotron...
      Calculando componente Compton Inverso (IC)...
        Progress: 40/1000
        Progress: 80/1000
        Progress: 120/1000
        Progress: 160/1000
        Progress: 200/1000
        Progress: 240/1000
        Progress: 280/1000
        Progress: 320/1000
        Progress: 360/1000
        Progress: 400/1000
        Progress: 440/1000
        Progress: 480/1000
        Progress: 520/1000
        Progress: 560/1000
        Progress: 600/1000
        Progress: 640/1000
        Progress: 680/1000
        Progress: 720/1000
        Progress: 760/1000
        Progress: 800/1000
        Progress: 840/1000
        Progress: 880/1000
        Progress: 920/1000
        Progress: 960/1000
        Progress: 1000/1000
   -> [IC] Generating IC rate table...
   [SDSS J015127.10-083019.3] -> Transport approx 1 (com IC)...
   [Transport] Executando paralelização para electron...
   -> [Fótons] Generating photon table (Sync + IC)...
      Calculando componente Síncrotron...
      Calculando componente Compton Inverso (IC)...
        Progress: 40/1000
        Progress: 80/1000
        Progress: 120/1000
        Progress: 160/1000
        Progress: 200/1000
        Progress: 240/1000
        Progress: 280/1000
        Progress: 320/1000
        Progress: 360/1000
        Progress: 400/1000
        Progress: 440/1000
        Progress: 480/1000
        Progress: 520/1000
        Progress: 560/1000
        Progress: 600/1000
        Progress: 640/1000
        Progress: 680/1000
        Progress: 720/1000
        Progress: 760/1000
        Progress: 800/1000
        Progress: 840/1000
        Progress: 880/1000
        Progress: 920/1000
        Progress: 960/1000
        Progress: 1000/1000
   === [Elétrons] Concluído em 5m 6.78s ===
[SDSS J020835.81-083754.8] Calculating Electrons (1D Transport)...
   [SDSS J020835.81-083754.8] -> Transport approx 0 (sem IC)...
   [Transport] Executando paralelização para electron...
   -> [Fótons] Generating photon table (Sync + IC)...
      Calculando componente Síncrotron...
      Calculando componente Compton Inverso (IC)...
        Progress: 40/1000
        Progress: 80/1000
        Progress: 120/1000
        Progress: 160/1000
        Progress: 200/1000
        Progress: 240/1000
        Progress: 280/1000
        Progress: 320/1000
        Progress: 360/1000
        Progress: 400/1000
        Progress: 440/1000
        Progress: 480/1000
        Progress: 520/1000
        Progress: 560/1000
        Progress: 600/1000
        Progress: 640/1000
        Progress: 680/1000
        Progress: 720/1000
        Progress: 760/1000
        Progress: 800/1000
        Progress: 840/1000
        Progress: 880/1000
        Progress: 920/1000
        Progress: 960/1000
        Progress: 1000/1000
   -> [IC] Generating IC rate table...
   [SDSS J020835.81-083754.8] -> Transport approx 1 (com IC)...
   [Transport] Executando paralelização para electron...
   -> [Fótons] Generating photon table (Sync + IC)...
      Calculando componente Síncrotron...
      Calculando componente Compton Inverso (IC)...
        Progress: 40/1000
        Progress: 80/1000
        Progress: 120/1000
        Progress: 160/1000
        Progress: 200/1000
        Progress: 240/1000
        Progress: 280/1000
        Progress: 320/1000
        Progress: 360/1000
        Progress: 400/1000
        Progress: 440/1000
        Progress: 480/1000
        Progress: 520/1000
        Progress: 560/1000
        Progress: 600/1000
        Progress: 640/1000
        Progress: 680/1000
        Progress: 720/1000
        Progress: 760/1000
        Progress: 800/1000
        Progress: 840/1000
        Progress: 880/1000
        Progress: 920/1000
        Progress: 960/1000
        Progress: 1000/1000
   === [Elétrons] Concluído em 4m 55.77s ===
[SDSS J075354.98+130916.5] Calculating Electrons (1D Transport)...
   [SDSS J075354.98+130916.5] -> Transport approx 0 (sem IC)...
   [Transport] Executando paralelização para electron...
   -> [Fótons] Generating photon table (Sync + IC)...
      Calculando componente Síncrotron...
      Calculando componente Compton Inverso (IC)...
        Progress: 40/1000
        Progress: 80/1000
        Progress: 120/1000
        Progress: 160/1000
        Progress: 200/1000
        Progress: 240/1000
        Progress: 280/1000
        Progress: 320/1000
        Progress: 360/1000
        Progress: 400/1000
        Progress: 440/1000
        Progress: 480/1000
        Progress: 520/1000
        Progress: 560/1000
        Progress: 600/1000
        Progress: 640/1000
        Progress: 680/1000
        Progress: 720/1000
        Progress: 760/1000
        Progress: 800/1000
        Progress: 840/1000
        Progress: 880/1000
        Progress: 920/1000
        Progress: 960/1000
        Progress: 1000/1000
   -> [IC] Generating IC rate table...
   [SDSS J075354.98+130916.5] -> Transport approx 1 (com IC)...
   [Transport] Executando paralelização para electron...
   -> [Fótons] Generating photon table (Sync + IC)...
      Calculando componente Síncrotron...
      Calculando componente Compton Inverso (IC)...
        Progress: 40/1000
        Progress: 80/1000
        Progress: 120/1000
        Progress: 160/1000
        Progress: 200/1000
        Progress: 240/1000
        Progress: 280/1000
        Progress: 320/1000
        Progress: 360/1000
        Progress: 400/1000
        Progress: 440/1000
        Progress: 480/1000
        Progress: 520/1000
        Progress: 560/1000
        Progress: 600/1000
        Progress: 640/1000
        Progress: 680/1000
        Progress: 720/1000
        Progress: 760/1000
        Progress: 800/1000
        Progress: 840/1000
        Progress: 880/1000
        Progress: 920/1000
        Progress: 960/1000
        Progress: 1000/1000
   === [Elétrons] Concluído em 4m 40.34s ===
[SDSS J080716.58+145703.3] Calculating Electrons (1D Transport)...
   [SDSS J080716.58+145703.3] -> Transport approx 0 (sem IC)...
   [Transport] Executando paralelização para electron...
   -> [Fótons] Generating photon table (Sync + IC)...
      Calculando componente Síncrotron...
      Calculando componente Compton Inverso (IC)...
        Progress: 40/1000
        Progress: 80/1000
        Progress: 120/1000
        Progress: 160/1000
        Progress: 200/1000
        Progress: 240/1000
        Progress: 280/1000
        Progress: 320/1000
        Progress: 360/1000
        Progress: 400/1000
        Progress: 440/1000
        Progress: 480/1000
        Progress: 520/1000
        Progress: 560/1000
        Progress: 600/1000
        Progress: 640/1000
        Progress: 680/1000
        Progress: 720/1000
        Progress: 760/1000
        Progress: 800/1000
        Progress: 840/1000
        Progress: 880/1000
        Progress: 920/1000
        Progress: 960/1000
        Progress: 1000/1000
   -> [IC] Generating IC rate table...
   [SDSS J080716.58+145703.3] -> Transport approx 1 (com IC)...
   [Transport] Executando paralelização para electron...
   -> [Fótons] Generating photon table (Sync + IC)...
      Calculando componente Síncrotron...
      Calculando componente Compton Inverso (IC)...
        Progress: 40/1000
        Progress: 80/1000
        Progress: 120/1000
        Progress: 160/1000
        Progress: 200/1000
        Progress: 240/1000
        Progress: 280/1000
        Progress: 320/1000
        Progress: 360/1000
        Progress: 400/1000
        Progress: 440/1000
        Progress: 480/1000
        Progress: 520/1000
        Progress: 560/1000
        Progress: 600/1000
        Progress: 640/1000
        Progress: 680/1000
        Progress: 720/1000
        Progress: 760/1000
        Progress: 800/1000
        Progress: 840/1000
        Progress: 880/1000
        Progress: 920/1000
        Progress: 960/1000
        Progress: 1000/1000
   === [Elétrons] Concluído em 5m 0.96s ===
[SDSS J083158.49+562052.3] Calculating Electrons (1D Transport)...
   [SDSS J083158.49+562052.3] -> Transport approx 0 (sem IC)...
   [Transport] Executando paralelização para electron...
   -> [Fótons] Generating photon table (Sync + IC)...
      Calculando componente Síncrotron...
      Calculando componente Compton Inverso (IC)...
        Progress: 40/1000
        Progress: 80/1000
        Progress: 120/1000
        Progress: 160/1000
        Progress: 200/1000
        Progress: 240/1000
        Progress: 280/1000
        Progress: 320/1000
        Progress: 360/1000
        Progress: 400/1000
        Progress: 440/1000
        Progress: 480/1000
        Progress: 520/1000
        Progress: 560/1000
        Progress: 600/1000
        Progress: 640/1000
        Progress: 680/1000
        Progress: 720/1000
        Progress: 760/1000
        Progress: 800/1000
        Progress: 840/1000
        Progress: 880/1000
        Progress: 920/1000
        Progress: 960/1000
        Progress: 1000/1000
   -> [IC] Generating IC rate table...
   [SDSS J083158.49+562052.3] -> Transport approx 1 (com IC)...
   [Transport] Executando paralelização para electron...
   -> [Fótons] Generating photon table (Sync + IC)...
      Calculando componente Síncrotron...
      Calculando componente Compton Inverso (IC)...
        Progress: 40/1000
        Progress: 80/1000
        Progress: 120/1000
        Progress: 160/1000
        Progress: 200/1000
        Progress: 240/1000
        Progress: 280/1000
        Progress: 320/1000
        Progress: 360/1000
        Progress: 400/1000
        Progress: 440/1000
        Progress: 480/1000
        Progress: 520/1000
        Progress: 560/1000
        Progress: 600/1000
        Progress: 640/1000
        Progress: 680/1000
        Progress: 720/1000
        Progress: 760/1000
        Progress: 800/1000
        Progress: 840/1000
        Progress: 880/1000
        Progress: 920/1000
        Progress: 960/1000
        Progress: 1000/1000
   === [Elétrons] Concluído em 4m 59.89s ===
[SDSS J083511.98+051829.2] Calculating Electrons (1D Transport)...
   [SDSS J083511.98+051829.2] -> Transport approx 0 (sem IC)...
   [Transport] Executando paralelização para electron...
   -> [Fótons] Generating photon table (Sync + IC)...
      Calculando componente Síncrotron...
      Calculando componente Compton Inverso (IC)...
        Progress: 40/1000
        Progress: 80/1000
        Progress: 120/1000
        Progress: 160/1000
        Progress: 200/1000
        Progress: 240/1000
        Progress: 280/1000
        Progress: 320/1000
        Progress: 360/1000
        Progress: 400/1000
        Progress: 440/1000
        Progress: 480/1000
        Progress: 520/1000
        Progress: 560/1000
        Progress: 600/1000
        Progress: 640/1000
        Progress: 680/1000
        Progress: 720/1000
        Progress: 760/1000
        Progress: 800/1000
        Progress: 840/1000
        Progress: 880/1000
        Progress: 920/1000
        Progress: 960/1000
        Progress: 1000/1000
   -> [IC] Generating IC rate table...
   [SDSS J083511.98+051829.2] -> Transport approx 1 (com IC)...
   [Transport] Executando paralelização para electron...
   -> [Fótons] Generating photon table (Sync + IC)...
      Calculando componente Síncrotron...
      Calculando componente Compton Inverso (IC)...
        Progress: 40/1000
        Progress: 80/1000
        Progress: 120/1000
        Progress: 160/1000
        Progress: 200/1000
        Progress: 240/1000
        Progress: 280/1000
        Progress: 320/1000
        Progress: 360/1000
        Progress: 400/1000
        Progress: 440/1000
        Progress: 480/1000
        Progress: 520/1000
        Progress: 560/1000
        Progress: 600/1000
        Progress: 640/1000
        Progress: 680/1000
        Progress: 720/1000
        Progress: 760/1000
        Progress: 800/1000
        Progress: 840/1000
        Progress: 880/1000
        Progress: 920/1000
        Progress: 960/1000
        Progress: 1000/1000
   === [Elétrons] Concluído em 4m 54.66s ===
[SDSS J084102.73+595610.5] Calculating Electrons (1D Transport)...
   [SDSS J084102.73+595610.5] -> Transport approx 0 (sem IC)...
   [Transport] Executando paralelização para electron...
   -> [Fótons] Generating photon table (Sync + IC)...
      Calculando componente Síncrotron...
      Calculando componente Compton Inverso (IC)...
        Progress: 40/1000
        Progress: 80/1000
        Progress: 120/1000
        Progress: 160/1000
        Progress: 200/1000
        Progress: 240/1000
        Progress: 280/1000
        Progress: 320/1000
        Progress: 360/1000
        Progress: 400/1000
        Progress: 440/1000
        Progress: 480/1000
        Progress: 520/1000
        Progress: 560/1000
        Progress: 600/1000
        Progress: 640/1000
        Progress: 680/1000
        Progress: 720/1000
        Progress: 760/1000
        Progress: 800/1000
        Progress: 840/1000
        Progress: 880/1000
        Progress: 920/1000
        Progress: 960/1000
        Progress: 1000/1000
   -> [IC] Generating IC rate table...
   [SDSS J084102.73+595610.5] -> Transport approx 1 (com IC)...
   [Transport] Executando paralelização para electron...
   -> [Fótons] Generating photon table (Sync + IC)...
      Calculando componente Síncrotron...
      Calculando componente Compton Inverso (IC)...
        Progress: 40/1000
        Progress: 80/1000
        Progress: 120/1000
        Progress: 160/1000
        Progress: 200/1000
        Progress: 240/1000
        Progress: 280/1000
        Progress: 320/1000
        Progress: 360/1000
        Progress: 400/1000
        Progress: 440/1000
        Progress: 480/1000
        Progress: 520/1000
        Progress: 560/1000
        Progress: 600/1000
        Progress: 640/1000
        Progress: 680/1000
        Progress: 720/1000
        Progress: 760/1000
        Progress: 800/1000
        Progress: 840/1000
        Progress: 880/1000
        Progress: 920/1000
        Progress: 960/1000
        Progress: 1000/1000
   === [Elétrons] Concluído em 4m 55.46s ===
[SDSS J084701.88+100106.6] Calculating Electrons (1D Transport)...
   [SDSS J084701.88+100106.6] -> Transport approx 0 (sem IC)...
   [Transport] Executando paralelização para electron...
   -> [Fótons] Generating photon table (Sync + IC)...
      Calculando componente Síncrotron...
      Calculando componente Compton Inverso (IC)...
        Progress: 40/1000
        Progress: 80/1000
        Progress: 120/1000
        Progress: 160/1000
        Progress: 200/1000
        Progress: 240/1000
        Progress: 280/1000
        Progress: 320/1000
        Progress: 360/1000
        Progress: 400/1000
        Progress: 440/1000
        Progress: 480/1000
        Progress: 520/1000
        Progress: 560/1000
        Progress: 600/1000
        Progress: 640/1000
        Progress: 680/1000
        Progress: 720/1000
        Progress: 760/1000
        Progress: 800/1000
        Progress: 840/1000
        Progress: 880/1000
        Progress: 920/1000
        Progress: 960/1000
        Progress: 1000/1000
   -> [IC] Generating IC rate table...
   [SDSS J084701.88+100106.6] -> Transport approx 1 (com IC)...
   [Transport] Executando paralelização para electron...
   -> [Fótons] Generating photon table (Sync + IC)...
      Calculando componente Síncrotron...
      Calculando componente Compton Inverso (IC)...
        Progress: 40/1000
        Progress: 80/1000
        Progress: 120/1000
        Progress: 160/1000
        Progress: 200/1000
        Progress: 240/1000
        Progress: 280/1000
        Progress: 320/1000
        Progress: 360/1000
        Progress: 400/1000
        Progress: 440/1000
        Progress: 480/1000
        Progress: 520/1000
        Progress: 560/1000
        Progress: 600/1000
        Progress: 640/1000
        Progress: 680/1000
        Progress: 720/1000
        Progress: 760/1000
        Progress: 800/1000
        Progress: 840/1000
        Progress: 880/1000
        Progress: 920/1000
        Progress: 960/1000
        Progress: 1000/1000
   === [Elétrons] Concluído em 4m 58.79s ===
[SDSS J090652.79+412429.7] Calculating Electrons (1D Transport)...
   [SDSS J090652.79+412429.7] -> Transport approx 0 (sem IC)...
   [Transport] Executando paralelização para electron...
   -> [Fótons] Generating photon table (Sync + IC)...
      Calculando componente Síncrotron...
      Calculando componente Compton Inverso (IC)...
        Progress: 40/1000
        Progress: 80/1000
        Progress: 120/1000
        Progress: 160/1000
        Progress: 200/1000
        Progress: 240/1000
        Progress: 280/1000
        Progress: 320/1000
        Progress: 360/1000
        Progress: 400/1000
        Progress: 440/1000
        Progress: 480/1000
        Progress: 520/1000
        Progress: 560/1000
        Progress: 600/1000
        Progress: 640/1000
        Progress: 680/1000
        Progress: 720/1000
        Progress: 760/1000
        Progress: 800/1000
        Progress: 840/1000
        Progress: 880/1000
        Progress: 920/1000
        Progress: 960/1000
        Progress: 1000/1000
   -> [IC] Generating IC rate table...
   [SDSS J090652.79+412429.7] -> Transport approx 1 (com IC)...
   [Transport] Executando paralelização para electron...
   -> [Fótons] Generating photon table (Sync + IC)...
      Calculando componente Síncrotron...
      Calculando componente Compton Inverso (IC)...
        Progress: 40/1000
        Progress: 80/1000
        Progress: 120/1000
        Progress: 160/1000
        Progress: 200/1000
        Progress: 240/1000
        Progress: 280/1000
        Progress: 320/1000
        Progress: 360/1000
        Progress: 400/1000
        Progress: 440/1000
        Progress: 480/1000
        Progress: 520/1000
        Progress: 560/1000
        Progress: 600/1000
        Progress: 640/1000
        Progress: 680/1000
        Progress: 720/1000
        Progress: 760/1000
        Progress: 800/1000
        Progress: 840/1000
        Progress: 880/1000
        Progress: 920/1000
        Progress: 960/1000
        Progress: 1000/1000
   === [Elétrons] Concluído em 5m 12.90s ===
[SDSS J090734.91+325722.9] Calculating Electrons (1D Transport)...
   [SDSS J090734.91+325722.9] -> Transport approx 0 (sem IC)...
   [Transport] Executando paralelização para electron...
   -> [Fótons] Generating photon table (Sync + IC)...
      Calculando componente Síncrotron...
      Calculando componente Compton Inverso (IC)...
        Progress: 40/1000
        Progress: 80/1000
        Progress: 120/1000
        Progress: 160/1000
        Progress: 200/1000
        Progress: 240/1000
        Progress: 280/1000
        Progress: 320/1000
        Progress: 360/1000
        Progress: 400/1000
        Progress: 440/1000
        Progress: 480/1000
        Progress: 520/1000
        Progress: 560/1000
        Progress: 600/1000
        Progress: 640/1000
        Progress: 680/1000
        Progress: 720/1000
        Progress: 760/1000
        Progress: 800/1000
        Progress: 840/1000
        Progress: 880/1000
        Progress: 920/1000
        Progress: 960/1000
        Progress: 1000/1000
   -> [IC] Generating IC rate table...
   [SDSS J090734.91+325722.9] -> Transport approx 1 (com IC)...
   [Transport] Executando paralelização para electron...
   -> [Fótons] Generating photon table (Sync + IC)...
      Calculando componente Síncrotron...
      Calculando componente Compton Inverso (IC)...
        Progress: 40/1000
        Progress: 80/1000
        Progress: 120/1000
        Progress: 160/1000
        Progress: 200/1000
        Progress: 240/1000
        Progress: 280/1000
        Progress: 320/1000
        Progress: 360/1000
        Progress: 400/1000
        Progress: 440/1000
        Progress: 480/1000
        Progress: 520/1000
        Progress: 560/1000
        Progress: 600/1000
        Progress: 640/1000
        Progress: 680/1000
        Progress: 720/1000
        Progress: 760/1000
        Progress: 800/1000
        Progress: 840/1000
        Progress: 880/1000
        Progress: 920/1000
        Progress: 960/1000
        Progress: 1000/1000
   === [Elétrons] Concluído em 5m 27.72s ===
[SDSS J090937.44+192808.2] Calculating Electrons (1D Transport)...
   [SDSS J090937.44+192808.2] -> Transport approx 0 (sem IC)...
   [Transport] Executando paralelização para electron...
   -> [Fótons] Generating photon table (Sync + IC)...
      Calculando componente Síncrotron...
      Calculando componente Compton Inverso (IC)...
        Progress: 40/1000
        Progress: 80/1000
        Progress: 120/1000
        Progress: 160/1000
        Progress: 200/1000
        Progress: 240/1000
        Progress: 280/1000
        Progress: 320/1000
        Progress: 360/1000
        Progress: 400/1000
        Progress: 440/1000
        Progress: 480/1000
        Progress: 520/1000
        Progress: 560/1000
        Progress: 600/1000
        Progress: 640/1000
        Progress: 680/1000
        Progress: 720/1000
        Progress: 760/1000
        Progress: 800/1000
        Progress: 840/1000
        Progress: 880/1000
        Progress: 920/1000
        Progress: 960/1000
        Progress: 1000/1000
   -> [IC] Generating IC rate table...
   [SDSS J090937.44+192808.2] -> Transport approx 1 (com IC)...
   [Transport] Executando paralelização para electron...
   -> [Fótons] Generating photon table (Sync + IC)...
      Calculando componente Síncrotron...
      Calculando componente Compton Inverso (IC)...
        Progress: 40/1000
        Progress: 80/1000
        Progress: 120/1000
        Progress: 160/1000
        Progress: 200/1000
        Progress: 240/1000
        Progress: 280/1000
        Progress: 320/1000
        Progress: 360/1000
        Progress: 400/1000
        Progress: 440/1000
        Progress: 480/1000
        Progress: 520/1000
        Progress: 560/1000
        Progress: 600/1000
        Progress: 640/1000
        Progress: 680/1000
        Progress: 720/1000
        Progress: 760/1000
        Progress: 800/1000
        Progress: 840/1000
        Progress: 880/1000
        Progress: 920/1000
        Progress: 960/1000
        Progress: 1000/1000
   === [Elétrons] Concluído em 5m 1.05s ===
[SDSS J091039.92+184147.6] Calculating Electrons (1D Transport)...
   [SDSS J091039.92+184147.6] -> Transport approx 0 (sem IC)...
   [Transport] Executando paralelização para electron...
   -> [Fótons] Generating photon table (Sync + IC)...
      Calculando componente Síncrotron...
      Calculando componente Compton Inverso (IC)...
        Progress: 40/1000
        Progress: 80/1000
        Progress: 120/1000
        Progress: 160/1000
        Progress: 200/1000
        Progress: 240/1000
        Progress: 280/1000
        Progress: 320/1000
        Progress: 360/1000
        Progress: 400/1000
        Progress: 440/1000
        Progress: 480/1000
        Progress: 520/1000
        Progress: 560/1000
        Progress: 600/1000
        Progress: 640/1000
        Progress: 680/1000
        Progress: 720/1000
        Progress: 760/1000
        Progress: 800/1000
        Progress: 840/1000
        Progress: 880/1000
        Progress: 920/1000
        Progress: 960/1000
        Progress: 1000/1000
   -> [IC] Generating IC rate table...
   [SDSS J091039.92+184147.6] -> Transport approx 1 (com IC)...
   [Transport] Executando paralelização para electron...
   -> [Fótons] Generating photon table (Sync + IC)...
      Calculando componente Síncrotron...
      Calculando componente Compton Inverso (IC)...
        Progress: 40/1000
        Progress: 80/1000
        Progress: 120/1000
        Progress: 160/1000
        Progress: 200/1000
        Progress: 240/1000
        Progress: 280/1000
        Progress: 320/1000
        Progress: 360/1000
        Progress: 400/1000
        Progress: 440/1000
        Progress: 480/1000
        Progress: 520/1000
        Progress: 560/1000
        Progress: 600/1000
        Progress: 640/1000
        Progress: 680/1000
        Progress: 720/1000
        Progress: 760/1000
        Progress: 800/1000
        Progress: 840/1000
        Progress: 880/1000
        Progress: 920/1000
        Progress: 960/1000
        Progress: 1000/1000
   === [Elétrons] Concluído em 5m 9.86s ===
[SDSS J091601.78+173523.3] Calculating Electrons (1D Transport)...
   [SDSS J091601.78+173523.3] -> Transport approx 0 (sem IC)...
   [Transport] Executando paralelização para electron...
   -> [Fótons] Generating photon table (Sync + IC)...
      Calculando componente Síncrotron...
      Calculando componente Compton Inverso (IC)...
        Progress: 40/1000
        Progress: 80/1000
        Progress: 120/1000
        Progress: 160/1000
        Progress: 200/1000
        Progress: 240/1000
        Progress: 280/1000
        Progress: 320/1000
        Progress: 360/1000
        Progress: 400/1000
        Progress: 440/1000
        Progress: 480/1000
        Progress: 520/1000
        Progress: 560/1000
        Progress: 600/1000
        Progress: 640/1000
        Progress: 680/1000
        Progress: 720/1000
        Progress: 760/1000
        Progress: 800/1000
        Progress: 840/1000
        Progress: 880/1000
        Progress: 920/1000
        Progress: 960/1000
        Progress: 1000/1000
   -> [IC] Generating IC rate table...
   [SDSS J091601.78+173523.3] -> Transport approx 1 (com IC)...
   [Transport] Executando paralelização para electron...
   -> [Fótons] Generating photon table (Sync + IC)...
      Calculando componente Síncrotron...
      Calculando componente Compton Inverso (IC)...
        Progress: 40/1000
        Progress: 80/1000
        Progress: 120/1000
        Progress: 160/1000
        Progress: 200/1000
        Progress: 240/1000
        Progress: 280/1000
        Progress: 320/1000
        Progress: 360/1000
        Progress: 400/1000
        Progress: 440/1000
        Progress: 480/1000
        Progress: 520/1000
        Progress: 560/1000
        Progress: 600/1000
        Progress: 640/1000
        Progress: 680/1000
        Progress: 720/1000
        Progress: 760/1000
        Progress: 800/1000
        Progress: 840/1000
        Progress: 880/1000
        Progress: 920/1000
        Progress: 960/1000
        Progress: 1000/1000
   === [Elétrons] Concluído em 5m 0.39s ===
[SDSS J091754.25+133145.5] Calculating Electrons (1D Transport)...
   [SDSS J091754.25+133145.5] -> Transport approx 0 (sem IC)...
   [Transport] Executando paralelização para electron...
   -> [Fótons] Generating photon table (Sync + IC)...
      Calculando componente Síncrotron...
      Calculando componente Compton Inverso (IC)...
        Progress: 40/1000
        Progress: 80/1000
        Progress: 120/1000
        Progress: 160/1000
        Progress: 200/1000
        Progress: 240/1000
        Progress: 280/1000
        Progress: 320/1000
        Progress: 360/1000
        Progress: 400/1000
        Progress: 440/1000
        Progress: 480/1000
        Progress: 520/1000
        Progress: 560/1000
        Progress: 600/1000
        Progress: 640/1000
        Progress: 680/1000
        Progress: 720/1000
        Progress: 760/1000
        Progress: 800/1000
        Progress: 840/1000
        Progress: 880/1000
        Progress: 920/1000
        Progress: 960/1000
        Progress: 1000/1000
   -> [IC] Generating IC rate table...
   [SDSS J091754.25+133145.5] -> Transport approx 1 (com IC)...
   [Transport] Executando paralelização para electron...
   -> [Fótons] Generating photon table (Sync + IC)...
      Calculando componente Síncrotron...
      Calculando componente Compton Inverso (IC)...
        Progress: 40/1000
        Progress: 80/1000
        Progress: 120/1000
        Progress: 160/1000
        Progress: 200/1000
        Progress: 240/1000
        Progress: 280/1000
        Progress: 320/1000
        Progress: 360/1000
        Progress: 400/1000
        Progress: 440/1000
        Progress: 480/1000
        Progress: 520/1000
        Progress: 560/1000
        Progress: 600/1000
        Progress: 640/1000
        Progress: 680/1000
        Progress: 720/1000
        Progress: 760/1000
        Progress: 800/1000
        Progress: 840/1000
        Progress: 880/1000
        Progress: 920/1000
        Progress: 960/1000
        Progress: 1000/1000
   === [Elétrons] Concluído em 5m 15.33s ===
[SDSS J093003.56+341325.3] Calculating Electrons (1D Transport)...
   [SDSS J093003.56+341325.3] -> Transport approx 0 (sem IC)...
   [Transport] Executando paralelização para electron...
   -> [Fótons] Generating photon table (Sync + IC)...
      Calculando componente Síncrotron...
      Calculando componente Compton Inverso (IC)...
        Progress: 40/1000
        Progress: 80/1000
        Progress: 120/1000
        Progress: 160/1000
        Progress: 200/1000
        Progress: 240/1000
        Progress: 280/1000
        Progress: 320/1000
        Progress: 360/1000
        Progress: 400/1000
        Progress: 440/1000
        Progress: 480/1000
        Progress: 520/1000
        Progress: 560/1000
        Progress: 600/1000
        Progress: 640/1000
        Progress: 680/1000
        Progress: 720/1000
        Progress: 760/1000
        Progress: 800/1000
        Progress: 840/1000
        Progress: 880/1000
        Progress: 920/1000
        Progress: 960/1000
        Progress: 1000/1000
   -> [IC] Generating IC rate table...
   [SDSS J093003.56+341325.3] -> Transport approx 1 (com IC)...
   [Transport] Executando paralelização para electron...
   -> [Fótons] Generating photon table (Sync + IC)...
      Calculando componente Síncrotron...
      Calculando componente Compton Inverso (IC)...
        Progress: 40/1000
        Progress: 80/1000
        Progress: 120/1000
        Progress: 160/1000
        Progress: 200/1000
        Progress: 240/1000
        Progress: 280/1000
        Progress: 320/1000
        Progress: 360/1000
        Progress: 400/1000
        Progress: 440/1000
        Progress: 480/1000
        Progress: 520/1000
        Progress: 560/1000
        Progress: 600/1000
        Progress: 640/1000
        Progress: 680/1000
        Progress: 720/1000
        Progress: 760/1000
        Progress: 800/1000
        Progress: 840/1000
        Progress: 880/1000
        Progress: 920/1000
        Progress: 960/1000
        Progress: 1000/1000
   === [Elétrons] Concluído em 5m 2.51s ===
[SDSS J093346.08+100909.0] Calculating Electrons (1D Transport)...
   [SDSS J093346.08+100909.0] -> Transport approx 0 (sem IC)...
   [Transport] Executando paralelização para electron...
   -> [Fótons] Generating photon table (Sync + IC)...
      Calculando componente Síncrotron...
      Calculando componente Compton Inverso (IC)...
        Progress: 40/1000
        Progress: 80/1000
        Progress: 120/1000
        Progress: 160/1000
        Progress: 200/1000
        Progress: 240/1000
        Progress: 280/1000
        Progress: 320/1000
        Progress: 360/1000
        Progress: 400/1000
        Progress: 440/1000
        Progress: 480/1000
        Progress: 520/1000
        Progress: 560/1000
        Progress: 600/1000
        Progress: 640/1000
        Progress: 680/1000
        Progress: 720/1000
        Progress: 760/1000
        Progress: 800/1000
        Progress: 840/1000
        Progress: 880/1000
        Progress: 920/1000
        Progress: 960/1000
        Progress: 1000/1000
   -> [IC] Generating IC rate table...
   [SDSS J093346.08+100909.0] -> Transport approx 1 (com IC)...
   [Transport] Executando paralelização para electron...
   -> [Fótons] Generating photon table (Sync + IC)...
      Calculando componente Síncrotron...
      Calculando componente Compton Inverso (IC)...
        Progress: 40/1000
        Progress: 80/1000
        Progress: 120/1000
        Progress: 160/1000
        Progress: 200/1000
        Progress: 240/1000
        Progress: 280/1000
        Progress: 320/1000
        Progress: 360/1000
        Progress: 400/1000
        Progress: 440/1000
        Progress: 480/1000
        Progress: 520/1000
        Progress: 560/1000
        Progress: 600/1000
        Progress: 640/1000
        Progress: 680/1000
        Progress: 720/1000
        Progress: 760/1000
        Progress: 800/1000
        Progress: 840/1000
        Progress: 880/1000
        Progress: 920/1000
        Progress: 960/1000
        Progress: 1000/1000
   === [Elétrons] Concluído em 4m 58.79s ===
[SDSS J093938.62+385358.6] Calculating Electrons (1D Transport)...
   [SDSS J093938.62+385358.6] -> Transport approx 0 (sem IC)...
   [Transport] Executando paralelização para electron...
   -> [Fótons] Generating photon table (Sync + IC)...
      Calculando componente Síncrotron...
      Calculando componente Compton Inverso (IC)...
        Progress: 40/1000
        Progress: 80/1000
        Progress: 120/1000
        Progress: 160/1000
        Progress: 200/1000
        Progress: 240/1000
        Progress: 280/1000
        Progress: 320/1000
        Progress: 360/1000
        Progress: 400/1000
        Progress: 440/1000
        Progress: 480/1000
        Progress: 520/1000
        Progress: 560/1000
        Progress: 600/1000
        Progress: 640/1000
        Progress: 680/1000
        Progress: 720/1000
        Progress: 760/1000
        Progress: 800/1000
        Progress: 840/1000
        Progress: 880/1000
        Progress: 920/1000
        Progress: 960/1000
        Progress: 1000/1000
   -> [IC] Generating IC rate table...
   [SDSS J093938.62+385358.6] -> Transport approx 1 (com IC)...
   [Transport] Executando paralelização para electron...
   -> [Fótons] Generating photon table (Sync + IC)...
      Calculando componente Síncrotron...
      Calculando componente Compton Inverso (IC)...
        Progress: 40/1000
        Progress: 80/1000
        Progress: 120/1000
        Progress: 160/1000
        Progress: 200/1000
        Progress: 240/1000
        Progress: 280/1000
        Progress: 320/1000
        Progress: 360/1000
        Progress: 400/1000
        Progress: 440/1000
        Progress: 480/1000
        Progress: 520/1000
        Progress: 560/1000
        Progress: 600/1000
        Progress: 640/1000
        Progress: 680/1000
        Progress: 720/1000
        Progress: 760/1000
        Progress: 800/1000
        Progress: 840/1000
        Progress: 880/1000
        Progress: 920/1000
        Progress: 960/1000
        Progress: 1000/1000
   === [Elétrons] Concluído em 5m 5.12s ===
[SDSS J094319.15+361452.1] Calculating Electrons (1D Transport)...
   [SDSS J094319.15+361452.1] -> Transport approx 0 (sem IC)...
   [Transport] Executando paralelização para electron...
   -> [Fótons] Generating photon table (Sync + IC)...
      Calculando componente Síncrotron...
      Calculando componente Compton Inverso (IC)...
        Progress: 40/1000
        Progress: 80/1000
        Progress: 120/1000
        Progress: 160/1000
        Progress: 200/1000
        Progress: 240/1000
        Progress: 280/1000
        Progress: 320/1000
        Progress: 360/1000
        Progress: 400/1000
        Progress: 440/1000
        Progress: 480/1000
        Progress: 520/1000
        Progress: 560/1000
        Progress: 600/1000
        Progress: 640/1000
        Progress: 680/1000
        Progress: 720/1000
        Progress: 760/1000
        Progress: 800/1000
        Progress: 840/1000
        Progress: 880/1000
        Progress: 920/1000
        Progress: 960/1000
        Progress: 1000/1000
   -> [IC] Generating IC rate table...
   [SDSS J094319.15+361452.1] -> Transport approx 1 (com IC)...
   [Transport] Executando paralelização para electron...
   -> [Fótons] Generating photon table (Sync + IC)...
      Calculando componente Síncrotron...
      Calculando componente Compton Inverso (IC)...
        Progress: 40/1000
        Progress: 80/1000
        Progress: 120/1000
        Progress: 160/1000
        Progress: 200/1000
        Progress: 240/1000
        Progress: 280/1000
        Progress: 320/1000
        Progress: 360/1000
        Progress: 400/1000
        Progress: 440/1000
        Progress: 480/1000
        Progress: 520/1000
        Progress: 560/1000
        Progress: 600/1000
        Progress: 640/1000
        Progress: 680/1000
        Progress: 720/1000
        Progress: 760/1000
        Progress: 800/1000
        Progress: 840/1000
        Progress: 880/1000
        Progress: 920/1000
        Progress: 960/1000
        Progress: 1000/1000
   === [Elétrons] Concluído em 5m 16.82s ===
[SDSS J100549.83+003800.0] Calculating Electrons (1D Transport)...
   [SDSS J100549.83+003800.0] -> Transport approx 0 (sem IC)...
   [Transport] Executando paralelização para electron...
   -> [Fótons] Generating photon table (Sync + IC)...
      Calculando componente Síncrotron...
      Calculando componente Compton Inverso (IC)...
        Progress: 40/1000
        Progress: 80/1000
        Progress: 120/1000
        Progress: 160/1000
        Progress: 200/1000
        Progress: 240/1000
        Progress: 280/1000
        Progress: 320/1000
        Progress: 360/1000
        Progress: 400/1000
        Progress: 440/1000
        Progress: 480/1000
        Progress: 520/1000
        Progress: 560/1000
        Progress: 600/1000
        Progress: 640/1000
        Progress: 680/1000
        Progress: 720/1000
        Progress: 760/1000
        Progress: 800/1000
        Progress: 840/1000
        Progress: 880/1000
        Progress: 920/1000
        Progress: 960/1000
        Progress: 1000/1000
   -> [IC] Generating IC rate table...
   [SDSS J100549.83+003800.0] -> Transport approx 1 (com IC)...
   [Transport] Executando paralelização para electron...
   -> [Fótons] Generating photon table (Sync + IC)...
      Calculando componente Síncrotron...
      Calculando componente Compton Inverso (IC)...
        Progress: 40/1000
        Progress: 80/1000
        Progress: 120/1000
        Progress: 160/1000
        Progress: 200/1000
        Progress: 240/1000
        Progress: 280/1000
        Progress: 320/1000
        Progress: 360/1000
        Progress: 400/1000
        Progress: 440/1000
        Progress: 480/1000
        Progress: 520/1000
        Progress: 560/1000
        Progress: 600/1000
        Progress: 640/1000
        Progress: 680/1000
        Progress: 720/1000
        Progress: 760/1000
        Progress: 800/1000
        Progress: 840/1000
        Progress: 880/1000
        Progress: 920/1000
        Progress: 960/1000
        Progress: 1000/1000
   === [Elétrons] Concluído em 4m 42.35s ===
[SDSS J101329.65+075415.6] Calculating Electrons (1D Transport)...
   [SDSS J101329.65+075415.6] -> Transport approx 0 (sem IC)...
   [Transport] Executando paralelização para electron...
   -> [Fótons] Generating photon table (Sync + IC)...
      Calculando componente Síncrotron...
      Calculando componente Compton Inverso (IC)...
        Progress: 40/1000
        Progress: 80/1000
        Progress: 120/1000
        Progress: 160/1000
        Progress: 200/1000
        Progress: 240/1000
        Progress: 280/1000
        Progress: 320/1000
        Progress: 360/1000
        Progress: 400/1000
        Progress: 440/1000
        Progress: 480/1000
        Progress: 520/1000
        Progress: 560/1000
        Progress: 600/1000
        Progress: 640/1000
        Progress: 680/1000
        Progress: 720/1000
        Progress: 760/1000
        Progress: 800/1000
        Progress: 840/1000
        Progress: 880/1000
        Progress: 920/1000
        Progress: 960/1000
        Progress: 1000/1000
   -> [IC] Generating IC rate table...
   [SDSS J101329.65+075415.6] -> Transport approx 1 (com IC)...
   [Transport] Executando paralelização para electron...
   -> [Fótons] Generating photon table (Sync + IC)...
      Calculando componente Síncrotron...
      Calculando componente Compton Inverso (IC)...
        Progress: 40/1000
        Progress: 80/1000
        Progress: 120/1000
        Progress: 160/1000
        Progress: 200/1000
        Progress: 240/1000
        Progress: 280/1000
        Progress: 320/1000
        Progress: 360/1000
        Progress: 400/1000
        Progress: 440/1000
        Progress: 480/1000
        Progress: 520/1000
        Progress: 560/1000
        Progress: 600/1000
        Progress: 640/1000
        Progress: 680/1000
        Progress: 720/1000
        Progress: 760/1000
        Progress: 800/1000
        Progress: 840/1000
        Progress: 880/1000
        Progress: 920/1000
        Progress: 960/1000
        Progress: 1000/1000
   === [Elétrons] Concluído em 4m 47.12s ===
[SDSS J101806.67+000559.7] Calculating Electrons (1D Transport)...
   [SDSS J101806.67+000559.7] -> Transport approx 0 (sem IC)...
   [Transport] Executando paralelização para electron...
   -> [Fótons] Generating photon table (Sync + IC)...
      Calculando componente Síncrotron...
      Calculando componente Compton Inverso (IC)...
        Progress: 40/1000
        Progress: 80/1000
        Progress: 120/1000
        Progress: 160/1000
        Progress: 200/1000
        Progress: 240/1000
        Progress: 280/1000
        Progress: 320/1000
        Progress: 360/1000
        Progress: 400/1000
        Progress: 440/1000
        Progress: 480/1000
        Progress: 520/1000
        Progress: 560/1000
        Progress: 600/1000
        Progress: 640/1000
        Progress: 680/1000
        Progress: 720/1000
        Progress: 760/1000
        Progress: 800/1000
        Progress: 840/1000
        Progress: 880/1000
        Progress: 920/1000
        Progress: 960/1000
        Progress: 1000/1000
   -> [IC] Generating IC rate table...
   [SDSS J101806.67+000559.7] -> Transport approx 1 (com IC)...
   [Transport] Executando paralelização para electron...
   -> [Fótons] Generating photon table (Sync + IC)...
      Calculando componente Síncrotron...
      Calculando componente Compton Inverso (IC)...
        Progress: 40/1000
        Progress: 80/1000
        Progress: 120/1000
        Progress: 160/1000
        Progress: 200/1000
        Progress: 240/1000
        Progress: 280/1000
        Progress: 320/1000
        Progress: 360/1000
        Progress: 400/1000
        Progress: 440/1000
        Progress: 480/1000
        Progress: 520/1000
        Progress: 560/1000
        Progress: 600/1000
        Progress: 640/1000
        Progress: 680/1000
        Progress: 720/1000
        Progress: 760/1000
        Progress: 800/1000
        Progress: 840/1000
        Progress: 880/1000
        Progress: 920/1000
        Progress: 960/1000
        Progress: 1000/1000
   === [Elétrons] Concluído em 5m 22.86s ===
[SDSS J102403.28+420629.8] Calculating Electrons (1D Transport)...
   [SDSS J102403.28+420629.8] -> Transport approx 0 (sem IC)...
   [Transport] Executando paralelização para electron...
   -> [Fótons] Generating photon table (Sync + IC)...
      Calculando componente Síncrotron...
      Calculando componente Compton Inverso (IC)...
        Progress: 40/1000
        Progress: 80/1000
        Progress: 120/1000
        Progress: 160/1000
        Progress: 200/1000
        Progress: 240/1000
        Progress: 280/1000
        Progress: 320/1000
        Progress: 360/1000
        Progress: 400/1000
        Progress: 440/1000
        Progress: 480/1000
        Progress: 520/1000
        Progress: 560/1000
        Progress: 600/1000
        Progress: 640/1000
        Progress: 680/1000
        Progress: 720/1000
        Progress: 760/1000
        Progress: 800/1000
        Progress: 840/1000
        Progress: 880/1000
        Progress: 920/1000
        Progress: 960/1000
        Progress: 1000/1000
   -> [IC] Generating IC rate table...
   [SDSS J102403.28+420629.8] -> Transport approx 1 (com IC)...
   [Transport] Executando paralelização para electron...
   -> [Fótons] Generating photon table (Sync + IC)...
      Calculando componente Síncrotron...
      Calculando componente Compton Inverso (IC)...
        Progress: 40/1000
        Progress: 80/1000
        Progress: 120/1000
        Progress: 160/1000
        Progress: 200/1000
        Progress: 240/1000
        Progress: 280/1000
        Progress: 320/1000
        Progress: 360/1000
        Progress: 400/1000
        Progress: 440/1000
        Progress: 480/1000
        Progress: 520/1000
        Progress: 560/1000
        Progress: 600/1000
        Progress: 640/1000
        Progress: 680/1000
        Progress: 720/1000
        Progress: 760/1000
        Progress: 800/1000
        Progress: 840/1000
        Progress: 880/1000
        Progress: 920/1000
        Progress: 960/1000
        Progress: 1000/1000
   === [Elétrons] Concluído em 5m 1.95s ===
[SDSS J102511.50+171519.9] Calculating Electrons (1D Transport)...
   [SDSS J102511.50+171519.9] -> Transport approx 0 (sem IC)...
   [Transport] Executando paralelização para electron...
   -> [Fótons] Generating photon table (Sync + IC)...
      Calculando componente Síncrotron...
      Calculando componente Compton Inverso (IC)...
        Progress: 40/1000
        Progress: 80/1000
        Progress: 120/1000
        Progress: 160/1000
        Progress: 200/1000
        Progress: 240/1000
        Progress: 280/1000
        Progress: 320/1000
        Progress: 360/1000
        Progress: 400/1000
        Progress: 440/1000
        Progress: 480/1000
        Progress: 520/1000
        Progress: 560/1000
        Progress: 600/1000
        Progress: 640/1000
        Progress: 680/1000
        Progress: 720/1000
        Progress: 760/1000
        Progress: 800/1000
        Progress: 840/1000
        Progress: 880/1000
        Progress: 920/1000
        Progress: 960/1000
        Progress: 1000/1000
   -> [IC] Generating IC rate table...
   [SDSS J102511.50+171519.9] -> Transport approx 1 (com IC)...
   [Transport] Executando paralelização para electron...
   -> [Fótons] Generating photon table (Sync + IC)...
      Calculando componente Síncrotron...
      Calculando componente Compton Inverso (IC)...
        Progress: 40/1000
        Progress: 80/1000
        Progress: 120/1000
        Progress: 160/1000
        Progress: 200/1000
        Progress: 240/1000
        Progress: 280/1000
        Progress: 320/1000
        Progress: 360/1000
        Progress: 400/1000
        Progress: 440/1000
        Progress: 480/1000
        Progress: 520/1000
        Progress: 560/1000
        Progress: 600/1000
        Progress: 640/1000
        Progress: 680/1000
        Progress: 720/1000
        Progress: 760/1000
        Progress: 800/1000
        Progress: 840/1000
        Progress: 880/1000
        Progress: 920/1000
        Progress: 960/1000
        Progress: 1000/1000
   === [Elétrons] Concluído em 4m 41.55s ===
[SDSS J102544.22+102230.4] Calculating Electrons (1D Transport)...
   [SDSS J102544.22+102230.4] -> Transport approx 0 (sem IC)...
   [Transport] Executando paralelização para electron...
   -> [Fótons] Generating photon table (Sync + IC)...
      Calculando componente Síncrotron...
      Calculando componente Compton Inverso (IC)...
        Progress: 40/1000
        Progress: 80/1000
        Progress: 120/1000
        Progress: 160/1000
        Progress: 200/1000
        Progress: 240/1000
        Progress: 280/1000
        Progress: 320/1000
        Progress: 360/1000
        Progress: 400/1000
        Progress: 440/1000
        Progress: 480/1000
        Progress: 520/1000
        Progress: 560/1000
        Progress: 600/1000
        Progress: 640/1000
        Progress: 680/1000
        Progress: 720/1000
        Progress: 760/1000
        Progress: 800/1000
        Progress: 840/1000
        Progress: 880/1000
        Progress: 920/1000
        Progress: 960/1000
        Progress: 1000/1000
   -> [IC] Generating IC rate table...
   [SDSS J102544.22+102230.4] -> Transport approx 1 (com IC)...
   [Transport] Executando paralelização para electron...
   -> [Fótons] Generating photon table (Sync + IC)...
      Calculando componente Síncrotron...
      Calculando componente Compton Inverso (IC)...
        Progress: 40/1000
        Progress: 80/1000
        Progress: 120/1000
        Progress: 160/1000
        Progress: 200/1000
        Progress: 240/1000
        Progress: 280/1000
        Progress: 320/1000
        Progress: 360/1000
        Progress: 400/1000
        Progress: 440/1000
        Progress: 480/1000
        Progress: 520/1000
        Progress: 560/1000
        Progress: 600/1000
        Progress: 640/1000
        Progress: 680/1000
        Progress: 720/1000
        Progress: 760/1000
        Progress: 800/1000
        Progress: 840/1000
        Progress: 880/1000
        Progress: 920/1000
        Progress: 960/1000
        Progress: 1000/1000
   === [Elétrons] Concluído em 5m 3.60s ===
[SDSS J103719.33+433515.3] Calculating Electrons (1D Transport)...
   [SDSS J103719.33+433515.3] -> Transport approx 0 (sem IC)...
   [Transport] Executando paralelização para electron...
   -> [Fótons] Generating photon table (Sync + IC)...
      Calculando componente Síncrotron...
      Calculando componente Compton Inverso (IC)...
        Progress: 40/1000
        Progress: 80/1000
        Progress: 120/1000
        Progress: 160/1000
        Progress: 200/1000
        Progress: 240/1000
        Progress: 280/1000
        Progress: 320/1000
        Progress: 360/1000
        Progress: 400/1000
        Progress: 440/1000
        Progress: 480/1000
        Progress: 520/1000
        Progress: 560/1000
        Progress: 600/1000
        Progress: 640/1000
        Progress: 680/1000
        Progress: 720/1000
        Progress: 760/1000
        Progress: 800/1000
        Progress: 840/1000
        Progress: 880/1000
        Progress: 920/1000
        Progress: 960/1000
        Progress: 1000/1000
   -> [IC] Generating IC rate table...
   [SDSS J103719.33+433515.3] -> Transport approx 1 (com IC)...
   [Transport] Executando paralelização para electron...
   -> [Fótons] Generating photon table (Sync + IC)...
      Calculando componente Síncrotron...
      Calculando componente Compton Inverso (IC)...
        Progress: 40/1000
        Progress: 80/1000
        Progress: 120/1000
        Progress: 160/1000
        Progress: 200/1000
        Progress: 240/1000
        Progress: 280/1000
        Progress: 320/1000
        Progress: 360/1000
        Progress: 400/1000
        Progress: 440/1000
        Progress: 480/1000
        Progress: 520/1000
        Progress: 560/1000
        Progress: 600/1000
        Progress: 640/1000
        Progress: 680/1000
        Progress: 720/1000
        Progress: 760/1000
        Progress: 800/1000
        Progress: 840/1000
        Progress: 880/1000
        Progress: 920/1000
        Progress: 960/1000
        Progress: 1000/1000
   === [Elétrons] Concluído em 5m 3.17s ===
[SDSS J103952.47+205049.3] Calculating Electrons (1D Transport)...
   [SDSS J103952.47+205049.3] -> Transport approx 0 (sem IC)...
   [Transport] Executando paralelização para electron...
   -> [Fótons] Generating photon table (Sync + IC)...
      Calculando componente Síncrotron...
      Calculando componente Compton Inverso (IC)...
        Progress: 40/1000
        Progress: 80/1000
        Progress: 120/1000
        Progress: 160/1000
        Progress: 200/1000
        Progress: 240/1000
        Progress: 280/1000
        Progress: 320/1000
        Progress: 360/1000
        Progress: 400/1000
        Progress: 440/1000
        Progress: 480/1000
        Progress: 520/1000
        Progress: 560/1000
        Progress: 600/1000
        Progress: 640/1000
        Progress: 680/1000
        Progress: 720/1000
        Progress: 760/1000
        Progress: 800/1000
        Progress: 840/1000
        Progress: 880/1000
        Progress: 920/1000
        Progress: 960/1000
        Progress: 1000/1000
   -> [IC] Generating IC rate table...
   [SDSS J103952.47+205049.3] -> Transport approx 1 (com IC)...
   [Transport] Executando paralelização para electron...
   -> [Fótons] Generating photon table (Sync + IC)...
      Calculando componente Síncrotron...
      Calculando componente Compton Inverso (IC)...
        Progress: 40/1000
        Progress: 80/1000
        Progress: 120/1000
        Progress: 160/1000
        Progress: 200/1000
        Progress: 240/1000
        Progress: 280/1000
        Progress: 320/1000
        Progress: 360/1000
        Progress: 400/1000
        Progress: 440/1000
        Progress: 480/1000
        Progress: 520/1000
        Progress: 560/1000
        Progress: 600/1000
        Progress: 640/1000
        Progress: 680/1000
        Progress: 720/1000
        Progress: 760/1000
        Progress: 800/1000
        Progress: 840/1000
        Progress: 880/1000
        Progress: 920/1000
        Progress: 960/1000
        Progress: 1000/1000
   === [Elétrons] Concluído em 5m 5.49s ===
[SDSS J104028.37+091057.1] Calculating Electrons (1D Transport)...
   [SDSS J104028.37+091057.1] -> Transport approx 0 (sem IC)...
   [Transport] Executando paralelização para electron...
   -> [Fótons] Generating photon table (Sync + IC)...
      Calculando componente Síncrotron...
      Calculando componente Compton Inverso (IC)...
        Progress: 40/1000
        Progress: 80/1000
        Progress: 120/1000
        Progress: 160/1000
        Progress: 200/1000
        Progress: 240/1000
        Progress: 280/1000
        Progress: 320/1000
        Progress: 360/1000
        Progress: 400/1000
        Progress: 440/1000
        Progress: 480/1000
        Progress: 520/1000
        Progress: 560/1000
        Progress: 600/1000
        Progress: 640/1000
        Progress: 680/1000
        Progress: 720/1000
        Progress: 760/1000
        Progress: 800/1000
        Progress: 840/1000
        Progress: 880/1000
        Progress: 920/1000
        Progress: 960/1000
        Progress: 1000/1000
   -> [IC] Generating IC rate table...
   [SDSS J104028.37+091057.1] -> Transport approx 1 (com IC)...
   [Transport] Executando paralelização para electron...
   -> [Fótons] Generating photon table (Sync + IC)...
      Calculando componente Síncrotron...
      Calculando componente Compton Inverso (IC)...
        Progress: 40/1000
        Progress: 80/1000
        Progress: 120/1000
        Progress: 160/1000
        Progress: 200/1000
        Progress: 240/1000
        Progress: 280/1000
        Progress: 320/1000
        Progress: 360/1000
        Progress: 400/1000
        Progress: 440/1000
        Progress: 480/1000
        Progress: 520/1000
        Progress: 560/1000
        Progress: 600/1000
        Progress: 640/1000
        Progress: 680/1000
        Progress: 720/1000
        Progress: 760/1000
        Progress: 800/1000
        Progress: 840/1000
        Progress: 880/1000
        Progress: 920/1000
        Progress: 960/1000
        Progress: 1000/1000
   === [Elétrons] Concluído em 5m 1.32s ===
[SDSS J104403.68+435412.0] Calculating Electrons (1D Transport)...
   [SDSS J104403.68+435412.0] -> Transport approx 0 (sem IC)...
   [Transport] Executando paralelização para electron...
   -> [Fótons] Generating photon table (Sync + IC)...
      Calculando componente Síncrotron...
      Calculando componente Compton Inverso (IC)...
        Progress: 40/1000
        Progress: 80/1000
        Progress: 120/1000
        Progress: 160/1000
        Progress: 200/1000
        Progress: 240/1000
        Progress: 280/1000
        Progress: 320/1000
        Progress: 360/1000
        Progress: 400/1000
        Progress: 440/1000
        Progress: 480/1000
        Progress: 520/1000
        Progress: 560/1000
        Progress: 600/1000
        Progress: 640/1000
        Progress: 680/1000
        Progress: 720/1000
        Progress: 760/1000
        Progress: 800/1000
        Progress: 840/1000
        Progress: 880/1000
        Progress: 920/1000
        Progress: 960/1000
        Progress: 1000/1000
   -> [IC] Generating IC rate table...
   [SDSS J104403.68+435412.0] -> Transport approx 1 (com IC)...
   [Transport] Executando paralelização para electron...
   -> [Fótons] Generating photon table (Sync + IC)...
      Calculando componente Síncrotron...
      Calculando componente Compton Inverso (IC)...
        Progress: 40/1000
        Progress: 80/1000
        Progress: 120/1000
        Progress: 160/1000
        Progress: 200/1000
        Progress: 240/1000
        Progress: 280/1000
        Progress: 320/1000
        Progress: 360/1000
        Progress: 400/1000
        Progress: 440/1000
        Progress: 480/1000
        Progress: 520/1000
        Progress: 560/1000
        Progress: 600/1000
        Progress: 640/1000
        Progress: 680/1000
        Progress: 720/1000
        Progress: 760/1000
        Progress: 800/1000
        Progress: 840/1000
        Progress: 880/1000
        Progress: 920/1000
        Progress: 960/1000
        Progress: 1000/1000
   === [Elétrons] Concluído em 5m 3.77s ===
[SDSS J104811.90+045954.8] Calculating Electrons (1D Transport)...
   [SDSS J104811.90+045954.8] -> Transport approx 0 (sem IC)...
   [Transport] Executando paralelização para electron...
   -> [Fótons] Generating photon table (Sync + IC)...
      Calculando componente Síncrotron...
      Calculando componente Compton Inverso (IC)...
        Progress: 40/1000
        Progress: 80/1000
        Progress: 120/1000
        Progress: 160/1000
        Progress: 200/1000
        Progress: 240/1000
        Progress: 280/1000
        Progress: 320/1000
        Progress: 360/1000
        Progress: 400/1000
        Progress: 440/1000
        Progress: 480/1000
        Progress: 520/1000
        Progress: 560/1000
        Progress: 600/1000
        Progress: 640/1000
        Progress: 680/1000
        Progress: 720/1000
        Progress: 760/1000
        Progress: 800/1000
        Progress: 840/1000
        Progress: 880/1000
        Progress: 920/1000
        Progress: 960/1000
        Progress: 1000/1000
   -> [IC] Generating IC rate table...
   [SDSS J104811.90+045954.8] -> Transport approx 1 (com IC)...
   [Transport] Executando paralelização para electron...
   -> [Fótons] Generating photon table (Sync + IC)...
      Calculando componente Síncrotron...
      Calculando componente Compton Inverso (IC)...
        Progress: 40/1000
        Progress: 80/1000
        Progress: 120/1000
        Progress: 160/1000
        Progress: 200/1000
        Progress: 240/1000
        Progress: 280/1000
        Progress: 320/1000
        Progress: 360/1000
        Progress: 400/1000
        Progress: 440/1000
        Progress: 480/1000
        Progress: 520/1000
        Progress: 560/1000
        Progress: 600/1000
        Progress: 640/1000
        Progress: 680/1000
        Progress: 720/1000
        Progress: 760/1000
        Progress: 800/1000
        Progress: 840/1000
        Progress: 880/1000
        Progress: 920/1000
        Progress: 960/1000
        Progress: 1000/1000
   === [Elétrons] Concluído em 5m 11.73s ===
[SDSS J104852.92+480314.8] Calculating Electrons (1D Transport)...
   [SDSS J104852.92+480314.8] -> Transport approx 0 (sem IC)...
   [Transport] Executando paralelização para electron...
   -> [Fótons] Generating photon table (Sync + IC)...
      Calculando componente Síncrotron...
      Calculando componente Compton Inverso (IC)...
        Progress: 40/1000
        Progress: 80/1000
        Progress: 120/1000
        Progress: 160/1000
        Progress: 200/1000
        Progress: 240/1000
        Progress: 280/1000
        Progress: 320/1000
        Progress: 360/1000
        Progress: 400/1000
        Progress: 440/1000
        Progress: 480/1000
        Progress: 520/1000
        Progress: 560/1000
        Progress: 600/1000
        Progress: 640/1000
        Progress: 680/1000
        Progress: 720/1000
        Progress: 760/1000
        Progress: 800/1000
        Progress: 840/1000
        Progress: 880/1000
        Progress: 920/1000
        Progress: 960/1000
        Progress: 1000/1000
   -> [IC] Generating IC rate table...
   [SDSS J104852.92+480314.8] -> Transport approx 1 (com IC)...
   [Transport] Executando paralelização para electron...
   -> [Fótons] Generating photon table (Sync + IC)...
      Calculando componente Síncrotron...
      Calculando componente Compton Inverso (IC)...
        Progress: 40/1000
        Progress: 80/1000
        Progress: 120/1000
        Progress: 160/1000
        Progress: 200/1000
        Progress: 240/1000
        Progress: 280/1000
        Progress: 320/1000
        Progress: 360/1000
        Progress: 400/1000
        Progress: 440/1000
        Progress: 480/1000
        Progress: 520/1000
        Progress: 560/1000
        Progress: 600/1000
        Progress: 640/1000
        Progress: 680/1000
        Progress: 720/1000
        Progress: 760/1000
        Progress: 800/1000
        Progress: 840/1000
        Progress: 880/1000
        Progress: 920/1000
        Progress: 960/1000
        Progress: 1000/1000
   === [Elétrons] Concluído em 5m 9.12s ===
[SDSS J105731.16+405646.1] Calculating Electrons (1D Transport)...
   [SDSS J105731.16+405646.1] -> Transport approx 0 (sem IC)...
   [Transport] Executando paralelização para electron...
   -> [Fótons] Generating photon table (Sync + IC)...
      Calculando componente Síncrotron...
      Calculando componente Compton Inverso (IC)...
        Progress: 40/1000
        Progress: 80/1000
        Progress: 120/1000
        Progress: 160/1000
        Progress: 200/1000
        Progress: 240/1000
        Progress: 280/1000
        Progress: 320/1000
        Progress: 360/1000
        Progress: 400/1000
        Progress: 440/1000
        Progress: 480/1000
        Progress: 520/1000
        Progress: 560/1000
        Progress: 600/1000
        Progress: 640/1000
        Progress: 680/1000
        Progress: 720/1000
        Progress: 760/1000
        Progress: 800/1000
        Progress: 840/1000
        Progress: 880/1000
        Progress: 920/1000
        Progress: 960/1000
        Progress: 1000/1000
   -> [IC] Generating IC rate table...
   [SDSS J105731.16+405646.1] -> Transport approx 1 (com IC)...
   [Transport] Executando paralelização para electron...
   -> [Fótons] Generating photon table (Sync + IC)...
      Calculando componente Síncrotron...
      Calculando componente Compton Inverso (IC)...
        Progress: 40/1000
        Progress: 80/1000
        Progress: 120/1000
        Progress: 160/1000
        Progress: 200/1000
        Progress: 240/1000
        Progress: 280/1000
        Progress: 320/1000
        Progress: 360/1000
        Progress: 400/1000
        Progress: 440/1000
        Progress: 480/1000
        Progress: 520/1000
        Progress: 560/1000
        Progress: 600/1000
        Progress: 640/1000
        Progress: 680/1000
        Progress: 720/1000
        Progress: 760/1000
        Progress: 800/1000
        Progress: 840/1000
        Progress: 880/1000
        Progress: 920/1000
        Progress: 960/1000
        Progress: 1000/1000
   === [Elétrons] Concluído em 4m 48.97s ===
[SDSS J111113.18+284147.0] Calculating Electrons (1D Transport)...
   [SDSS J111113.18+284147.0] -> Transport approx 0 (sem IC)...
   [Transport] Executando paralelização para electron...
   -> [Fótons] Generating photon table (Sync + IC)...
      Calculando componente Síncrotron...
      Calculando componente Compton Inverso (IC)...
        Progress: 40/1000
        Progress: 80/1000
        Progress: 120/1000
        Progress: 160/1000
        Progress: 200/1000
        Progress: 240/1000
        Progress: 280/1000
        Progress: 320/1000
        Progress: 360/1000
        Progress: 400/1000
        Progress: 440/1000
        Progress: 480/1000
        Progress: 520/1000
        Progress: 560/1000
        Progress: 600/1000
        Progress: 640/1000
        Progress: 680/1000
        Progress: 720/1000
        Progress: 760/1000
        Progress: 800/1000
        Progress: 840/1000
        Progress: 880/1000
        Progress: 920/1000
        Progress: 960/1000
        Progress: 1000/1000
   -> [IC] Generating IC rate table...
   [SDSS J111113.18+284147.0] -> Transport approx 1 (com IC)...
   [Transport] Executando paralelização para electron...
   -> [Fótons] Generating photon table (Sync + IC)...
      Calculando componente Síncrotron...
      Calculando componente Compton Inverso (IC)...
        Progress: 40/1000
        Progress: 80/1000
        Progress: 120/1000
        Progress: 160/1000
        Progress: 200/1000
        Progress: 240/1000
        Progress: 280/1000
        Progress: 320/1000
        Progress: 360/1000
        Progress: 400/1000
        Progress: 440/1000
        Progress: 480/1000
        Progress: 520/1000
        Progress: 560/1000
        Progress: 600/1000
        Progress: 640/1000
        Progress: 680/1000
        Progress: 720/1000
        Progress: 760/1000
        Progress: 800/1000
        Progress: 840/1000
        Progress: 880/1000
        Progress: 920/1000
        Progress: 960/1000
        Progress: 1000/1000
   === [Elétrons] Concluído em 5m 3.04s ===
[SDSS J111622.70+291508.2] Calculating Electrons (1D Transport)...
   [SDSS J111622.70+291508.2] -> Transport approx 0 (sem IC)...
   [Transport] Executando paralelização para electron...
   -> [Fótons] Generating photon table (Sync + IC)...
      Calculando componente Síncrotron...
      Calculando componente Compton Inverso (IC)...
        Progress: 40/1000
        Progress: 80/1000
        Progress: 120/1000
        Progress: 160/1000
        Progress: 200/1000
        Progress: 240/1000
        Progress: 280/1000
        Progress: 320/1000
        Progress: 360/1000
        Progress: 400/1000
        Progress: 440/1000
        Progress: 480/1000
        Progress: 520/1000
        Progress: 560/1000
        Progress: 600/1000
        Progress: 640/1000
        Progress: 680/1000
        Progress: 720/1000
        Progress: 760/1000
        Progress: 800/1000
        Progress: 840/1000
        Progress: 880/1000
        Progress: 920/1000
        Progress: 960/1000
        Progress: 1000/1000
   -> [IC] Generating IC rate table...
   [SDSS J111622.70+291508.2] -> Transport approx 1 (com IC)...
   [Transport] Executando paralelização para electron...
   -> [Fótons] Generating photon table (Sync + IC)...
      Calculando componente Síncrotron...
      Calculando componente Compton Inverso (IC)...
        Progress: 40/1000
        Progress: 80/1000
        Progress: 120/1000
        Progress: 160/1000
        Progress: 200/1000
        Progress: 240/1000
        Progress: 280/1000
        Progress: 320/1000
        Progress: 360/1000
        Progress: 400/1000
        Progress: 440/1000
        Progress: 480/1000
        Progress: 520/1000
        Progress: 560/1000
        Progress: 600/1000
        Progress: 640/1000
        Progress: 680/1000
        Progress: 720/1000
        Progress: 760/1000
        Progress: 800/1000
        Progress: 840/1000
        Progress: 880/1000
        Progress: 920/1000
        Progress: 960/1000
        Progress: 1000/1000
   === [Elétrons] Concluído em 4m 56.73s ===
[SDSS J111700.10+323550.9] Calculating Electrons (1D Transport)...
   [SDSS J111700.10+323550.9] -> Transport approx 0 (sem IC)...
   [Transport] Executando paralelização para electron...
   -> [Fótons] Generating photon table (Sync + IC)...
      Calculando componente Síncrotron...
      Calculando componente Compton Inverso (IC)...
        Progress: 40/1000
        Progress: 80/1000
        Progress: 120/1000
        Progress: 160/1000
        Progress: 200/1000
        Progress: 240/1000
        Progress: 280/1000
        Progress: 320/1000
        Progress: 360/1000
        Progress: 400/1000
        Progress: 440/1000
        Progress: 480/1000
        Progress: 520/1000
        Progress: 560/1000
        Progress: 600/1000
        Progress: 640/1000
        Progress: 680/1000
        Progress: 720/1000
        Progress: 760/1000
        Progress: 800/1000
        Progress: 840/1000
        Progress: 880/1000
        Progress: 920/1000
        Progress: 960/1000
        Progress: 1000/1000
   -> [IC] Generating IC rate table...
   [SDSS J111700.10+323550.9] -> Transport approx 1 (com IC)...
   [Transport] Executando paralelização para electron...
   -> [Fótons] Generating photon table (Sync + IC)...
      Calculando componente Síncrotron...
      Calculando componente Compton Inverso (IC)...
        Progress: 40/1000
        Progress: 80/1000
        Progress: 120/1000
        Progress: 160/1000
        Progress: 200/1000
        Progress: 240/1000
        Progress: 280/1000
        Progress: 320/1000
        Progress: 360/1000
        Progress: 400/1000
        Progress: 440/1000
        Progress: 480/1000
        Progress: 520/1000
        Progress: 560/1000
        Progress: 600/1000
        Progress: 640/1000
        Progress: 680/1000
        Progress: 720/1000
        Progress: 760/1000
        Progress: 800/1000
        Progress: 840/1000
        Progress: 880/1000
        Progress: 920/1000
        Progress: 960/1000
        Progress: 1000/1000
   === [Elétrons] Concluído em 5m 4.04s ===
[SDSS J112029.23+040742.1] Calculating Electrons (1D Transport)...
   [SDSS J112029.23+040742.1] -> Transport approx 0 (sem IC)...
   [Transport] Executando paralelização para electron...
   -> [Fótons] Generating photon table (Sync + IC)...
      Calculando componente Síncrotron...
      Calculando componente Compton Inverso (IC)...
        Progress: 40/1000
        Progress: 80/1000
        Progress: 120/1000
        Progress: 160/1000
        Progress: 200/1000
        Progress: 240/1000
        Progress: 280/1000
        Progress: 320/1000
        Progress: 360/1000
        Progress: 400/1000
        Progress: 440/1000
        Progress: 480/1000
        Progress: 520/1000
        Progress: 560/1000
        Progress: 600/1000
        Progress: 640/1000
        Progress: 680/1000
        Progress: 720/1000
        Progress: 760/1000
        Progress: 800/1000
        Progress: 840/1000
        Progress: 880/1000
        Progress: 920/1000
        Progress: 960/1000
        Progress: 1000/1000
   -> [IC] Generating IC rate table...
   [SDSS J112029.23+040742.1] -> Transport approx 1 (com IC)...
   [Transport] Executando paralelização para electron...
   -> [Fótons] Generating photon table (Sync + IC)...
      Calculando componente Síncrotron...
      Calculando componente Compton Inverso (IC)...
        Progress: 40/1000
        Progress: 80/1000
        Progress: 120/1000
        Progress: 160/1000
        Progress: 200/1000
        Progress: 240/1000
        Progress: 280/1000
        Progress: 320/1000
        Progress: 360/1000
        Progress: 400/1000
        Progress: 440/1000
        Progress: 480/1000
        Progress: 520/1000
        Progress: 560/1000
        Progress: 600/1000
        Progress: 640/1000
        Progress: 680/1000
        Progress: 720/1000
        Progress: 760/1000
        Progress: 800/1000
        Progress: 840/1000
        Progress: 880/1000
        Progress: 920/1000
        Progress: 960/1000
        Progress: 1000/1000
   === [Elétrons] Concluído em 4m 57.23s ===
[SDSS J112256.47+340641.3] Calculating Electrons (1D Transport)...
   [SDSS J112256.47+340641.3] -> Transport approx 0 (sem IC)...
   [Transport] Executando paralelização para electron...
   -> [Fótons] Generating photon table (Sync + IC)...
      Calculando componente Síncrotron...
      Calculando componente Compton Inverso (IC)...
        Progress: 40/1000
        Progress: 80/1000
        Progress: 120/1000
        Progress: 160/1000
        Progress: 200/1000
        Progress: 240/1000
        Progress: 280/1000
        Progress: 320/1000
        Progress: 360/1000
        Progress: 400/1000
        Progress: 440/1000
        Progress: 480/1000
        Progress: 520/1000
        Progress: 560/1000
        Progress: 600/1000
        Progress: 640/1000
        Progress: 680/1000
        Progress: 720/1000
        Progress: 760/1000
        Progress: 800/1000
        Progress: 840/1000
        Progress: 880/1000
        Progress: 920/1000
        Progress: 960/1000
        Progress: 1000/1000
   -> [IC] Generating IC rate table...
   [SDSS J112256.47+340641.3] -> Transport approx 1 (com IC)...
   [Transport] Executando paralelização para electron...
   -> [Fótons] Generating photon table (Sync + IC)...
      Calculando componente Síncrotron...
      Calculando componente Compton Inverso (IC)...
        Progress: 40/1000
        Progress: 80/1000
        Progress: 120/1000
        Progress: 160/1000
        Progress: 200/1000
        Progress: 240/1000
        Progress: 280/1000
        Progress: 320/1000
        Progress: 360/1000
        Progress: 400/1000
        Progress: 440/1000
        Progress: 480/1000
        Progress: 520/1000
        Progress: 560/1000
        Progress: 600/1000
        Progress: 640/1000
        Progress: 680/1000
        Progress: 720/1000
        Progress: 760/1000
        Progress: 800/1000
        Progress: 840/1000
        Progress: 880/1000
        Progress: 920/1000
        Progress: 960/1000
        Progress: 1000/1000
   === [Elétrons] Concluído em 4m 50.04s ===
[SDSS J112625.19+520503.5] Calculating Electrons (1D Transport)...
   [SDSS J112625.19+520503.5] -> Transport approx 0 (sem IC)...
   [Transport] Executando paralelização para electron...
   -> [Fótons] Generating photon table (Sync + IC)...
      Calculando componente Síncrotron...
      Calculando componente Compton Inverso (IC)...
        Progress: 40/1000
        Progress: 80/1000
        Progress: 120/1000
        Progress: 160/1000
        Progress: 200/1000
        Progress: 240/1000
        Progress: 280/1000
        Progress: 320/1000
        Progress: 360/1000
        Progress: 400/1000
        Progress: 440/1000
        Progress: 480/1000
        Progress: 520/1000
        Progress: 560/1000
        Progress: 600/1000
        Progress: 640/1000
        Progress: 680/1000
        Progress: 720/1000
        Progress: 760/1000
        Progress: 800/1000
        Progress: 840/1000
        Progress: 880/1000
        Progress: 920/1000
        Progress: 960/1000
        Progress: 1000/1000
   -> [IC] Generating IC rate table...
   [SDSS J112625.19+520503.5] -> Transport approx 1 (com IC)...
   [Transport] Executando paralelização para electron...
   -> [Fótons] Generating photon table (Sync + IC)...
      Calculando componente Síncrotron...
      Calculando componente Compton Inverso (IC)...
        Progress: 40/1000
        Progress: 80/1000
        Progress: 120/1000
        Progress: 160/1000
        Progress: 200/1000
        Progress: 240/1000
        Progress: 280/1000
        Progress: 320/1000
        Progress: 360/1000
        Progress: 400/1000
        Progress: 440/1000
        Progress: 480/1000
        Progress: 520/1000
        Progress: 560/1000
        Progress: 600/1000
        Progress: 640/1000
        Progress: 680/1000
        Progress: 720/1000
        Progress: 760/1000
        Progress: 800/1000
        Progress: 840/1000
        Progress: 880/1000
        Progress: 920/1000
        Progress: 960/1000
        Progress: 1000/1000
   === [Elétrons] Concluído em 5m 12.68s ===
[SDSS J112727.52+400409.4] Calculating Electrons (1D Transport)...
   [SDSS J112727.52+400409.4] -> Transport approx 0 (sem IC)...
   [Transport] Executando paralelização para electron...
   -> [Fótons] Generating photon table (Sync + IC)...
      Calculando componente Síncrotron...
      Calculando componente Compton Inverso (IC)...
        Progress: 40/1000
        Progress: 80/1000
        Progress: 120/1000
        Progress: 160/1000
        Progress: 200/1000
        Progress: 240/1000
        Progress: 280/1000
        Progress: 320/1000
        Progress: 360/1000
        Progress: 400/1000
        Progress: 440/1000
        Progress: 480/1000
        Progress: 520/1000
        Progress: 560/1000
        Progress: 600/1000
        Progress: 640/1000
        Progress: 680/1000
        Progress: 720/1000
        Progress: 760/1000
        Progress: 800/1000
        Progress: 840/1000
        Progress: 880/1000
        Progress: 920/1000
        Progress: 960/1000
        Progress: 1000/1000
   -> [IC] Generating IC rate table...
   [SDSS J112727.52+400409.4] -> Transport approx 1 (com IC)...
   [Transport] Executando paralelização para electron...
   -> [Fótons] Generating photon table (Sync + IC)...
      Calculando componente Síncrotron...
      Calculando componente Compton Inverso (IC)...
        Progress: 40/1000
        Progress: 80/1000
        Progress: 120/1000
        Progress: 160/1000
        Progress: 200/1000
        Progress: 240/1000
        Progress: 280/1000
        Progress: 320/1000
        Progress: 360/1000
        Progress: 400/1000
        Progress: 440/1000
        Progress: 480/1000
        Progress: 520/1000
        Progress: 560/1000
        Progress: 600/1000
        Progress: 640/1000
        Progress: 680/1000
        Progress: 720/1000
        Progress: 760/1000
        Progress: 800/1000
        Progress: 840/1000
        Progress: 880/1000
        Progress: 920/1000
        Progress: 960/1000
        Progress: 1000/1000
   === [Elétrons] Concluído em 5m 21.01s ===
[SDSS J113449.29+490439.4] Calculating Electrons (1D Transport)...
   [SDSS J113449.29+490439.4] -> Transport approx 0 (sem IC)...
   [Transport] Executando paralelização para electron...
   -> [Fótons] Generating photon table (Sync + IC)...
      Calculando componente Síncrotron...
      Calculando componente Compton Inverso (IC)...
        Progress: 40/1000
        Progress: 80/1000
        Progress: 120/1000
        Progress: 160/1000
        Progress: 200/1000
        Progress: 240/1000
        Progress: 280/1000
        Progress: 320/1000
        Progress: 360/1000
        Progress: 400/1000
        Progress: 440/1000
        Progress: 480/1000
        Progress: 520/1000
        Progress: 560/1000
        Progress: 600/1000
        Progress: 640/1000
        Progress: 680/1000
        Progress: 720/1000
        Progress: 760/1000
        Progress: 800/1000
        Progress: 840/1000
        Progress: 880/1000
        Progress: 920/1000
        Progress: 960/1000
        Progress: 1000/1000
   -> [IC] Generating IC rate table...
   [SDSS J113449.29+490439.4] -> Transport approx 1 (com IC)...
   [Transport] Executando paralelização para electron...
   -> [Fótons] Generating photon table (Sync + IC)...
      Calculando componente Síncrotron...
      Calculando componente Compton Inverso (IC)...
        Progress: 40/1000
        Progress: 80/1000
        Progress: 120/1000
        Progress: 160/1000
        Progress: 200/1000
        Progress: 240/1000
        Progress: 280/1000
        Progress: 320/1000
        Progress: 360/1000
        Progress: 400/1000
        Progress: 440/1000
        Progress: 480/1000
        Progress: 520/1000
        Progress: 560/1000
        Progress: 600/1000
        Progress: 640/1000
        Progress: 680/1000
        Progress: 720/1000
        Progress: 760/1000
        Progress: 800/1000
        Progress: 840/1000
        Progress: 880/1000
        Progress: 920/1000
        Progress: 960/1000
        Progress: 1000/1000
   === [Elétrons] Concluído em 4m 46.81s ===
[SDSS J113637.14+510008.5] Calculating Electrons (1D Transport)...
   [SDSS J113637.14+510008.5] -> Transport approx 0 (sem IC)...
   [Transport] Executando paralelização para electron...
   -> [Fótons] Generating photon table (Sync + IC)...
      Calculando componente Síncrotron...
      Calculando componente Compton Inverso (IC)...
        Progress: 40/1000
        Progress: 80/1000
        Progress: 120/1000
        Progress: 160/1000
        Progress: 200/1000
        Progress: 240/1000
        Progress: 280/1000
        Progress: 320/1000
        Progress: 360/1000
        Progress: 400/1000
        Progress: 440/1000
        Progress: 480/1000
        Progress: 520/1000
        Progress: 560/1000
        Progress: 600/1000
        Progress: 640/1000
        Progress: 680/1000
        Progress: 720/1000
        Progress: 760/1000
        Progress: 800/1000
        Progress: 840/1000
        Progress: 880/1000
        Progress: 920/1000
        Progress: 960/1000
        Progress: 1000/1000
   -> [IC] Generating IC rate table...
   [SDSS J113637.14+510008.5] -> Transport approx 1 (com IC)...
   [Transport] Executando paralelização para electron...
   -> [Fótons] Generating photon table (Sync + IC)...
      Calculando componente Síncrotron...
      Calculando componente Compton Inverso (IC)...
        Progress: 40/1000
        Progress: 80/1000
        Progress: 120/1000
        Progress: 160/1000
        Progress: 200/1000
        Progress: 240/1000
        Progress: 280/1000
        Progress: 320/1000
        Progress: 360/1000
        Progress: 400/1000
        Progress: 440/1000
        Progress: 480/1000
        Progress: 520/1000
        Progress: 560/1000
        Progress: 600/1000
        Progress: 640/1000
        Progress: 680/1000
        Progress: 720/1000
        Progress: 760/1000
        Progress: 800/1000
        Progress: 840/1000
        Progress: 880/1000
        Progress: 920/1000
        Progress: 960/1000
        Progress: 1000/1000
   === [Elétrons] Concluído em 5m 0.86s ===
[SDSS J114230.94-021505.3] Calculating Electrons (1D Transport)...
   [SDSS J114230.94-021505.3] -> Transport approx 0 (sem IC)...
   [Transport] Executando paralelização para electron...
   -> [Fótons] Generating photon table (Sync + IC)...
      Calculando componente Síncrotron...
      Calculando componente Compton Inverso (IC)...
        Progress: 40/1000
        Progress: 80/1000
        Progress: 120/1000
        Progress: 160/1000
        Progress: 200/1000
        Progress: 240/1000
        Progress: 280/1000
        Progress: 320/1000
        Progress: 360/1000
        Progress: 400/1000
        Progress: 440/1000
        Progress: 480/1000
        Progress: 520/1000
        Progress: 560/1000
        Progress: 600/1000
        Progress: 640/1000
        Progress: 680/1000
        Progress: 720/1000
        Progress: 760/1000
        Progress: 800/1000
        Progress: 840/1000
        Progress: 880/1000
        Progress: 920/1000
        Progress: 960/1000
        Progress: 1000/1000
   -> [IC] Generating IC rate table...
   [SDSS J114230.94-021505.3] -> Transport approx 1 (com IC)...
   [Transport] Executando paralelização para electron...
   -> [Fótons] Generating photon table (Sync + IC)...
      Calculando componente Síncrotron...
      Calculando componente Compton Inverso (IC)...
        Progress: 40/1000
        Progress: 80/1000
        Progress: 120/1000
        Progress: 160/1000
        Progress: 200/1000
        Progress: 240/1000
        Progress: 280/1000
        Progress: 320/1000
        Progress: 360/1000
        Progress: 400/1000
        Progress: 440/1000
        Progress: 480/1000
        Progress: 520/1000
        Progress: 560/1000
        Progress: 600/1000
        Progress: 640/1000
        Progress: 680/1000
        Progress: 720/1000
        Progress: 760/1000
        Progress: 800/1000
        Progress: 840/1000
        Progress: 880/1000
        Progress: 920/1000
        Progress: 960/1000
        Progress: 1000/1000
   === [Elétrons] Concluído em 4m 59.62s ===
[SDSS J114232.84+262919.9] Calculating Electrons (1D Transport)...
   [SDSS J114232.84+262919.9] -> Transport approx 0 (sem IC)...
   [Transport] Executando paralelização para electron...
   -> [Fótons] Generating photon table (Sync + IC)...
      Calculando componente Síncrotron...
      Calculando componente Compton Inverso (IC)...
        Progress: 40/1000
        Progress: 80/1000
        Progress: 120/1000
        Progress: 160/1000
        Progress: 200/1000
        Progress: 240/1000
        Progress: 280/1000
        Progress: 320/1000
        Progress: 360/1000
        Progress: 400/1000
        Progress: 440/1000
        Progress: 480/1000
        Progress: 520/1000
        Progress: 560/1000
        Progress: 600/1000
        Progress: 640/1000
        Progress: 680/1000
        Progress: 720/1000
        Progress: 760/1000
        Progress: 800/1000
        Progress: 840/1000
        Progress: 880/1000
        Progress: 920/1000
        Progress: 960/1000
        Progress: 1000/1000
   -> [IC] Generating IC rate table...
   [SDSS J114232.84+262919.9] -> Transport approx 1 (com IC)...
   [Transport] Executando paralelização para electron...
   -> [Fótons] Generating photon table (Sync + IC)...
      Calculando componente Síncrotron...
      Calculando componente Compton Inverso (IC)...
        Progress: 40/1000
        Progress: 80/1000
        Progress: 120/1000
        Progress: 160/1000
        Progress: 200/1000
        Progress: 240/1000
        Progress: 280/1000
        Progress: 320/1000
        Progress: 360/1000
        Progress: 400/1000
        Progress: 440/1000
        Progress: 480/1000
        Progress: 520/1000
        Progress: 560/1000
        Progress: 600/1000
        Progress: 640/1000
        Progress: 680/1000
        Progress: 720/1000
        Progress: 760/1000
        Progress: 800/1000
        Progress: 840/1000
        Progress: 880/1000
        Progress: 920/1000
        Progress: 960/1000
        Progress: 1000/1000
   === [Elétrons] Concluído em 4m 41.63s ===
[SDSS J114804.60+372638.0] Calculating Electrons (1D Transport)...
   [SDSS J114804.60+372638.0] -> Transport approx 0 (sem IC)...
   [Transport] Executando paralelização para electron...
   -> [Fótons] Generating photon table (Sync + IC)...
      Calculando componente Síncrotron...
      Calculando componente Compton Inverso (IC)...
        Progress: 40/1000
        Progress: 80/1000
        Progress: 120/1000
        Progress: 160/1000
        Progress: 200/1000
        Progress: 240/1000
        Progress: 280/1000
        Progress: 320/1000
        Progress: 360/1000
        Progress: 400/1000
        Progress: 440/1000
        Progress: 480/1000
        Progress: 520/1000
        Progress: 560/1000
        Progress: 600/1000
        Progress: 640/1000
        Progress: 680/1000
        Progress: 720/1000
        Progress: 760/1000
        Progress: 800/1000
        Progress: 840/1000
        Progress: 880/1000
        Progress: 920/1000
        Progress: 960/1000
        Progress: 1000/1000
   -> [IC] Generating IC rate table...
   [SDSS J114804.60+372638.0] -> Transport approx 1 (com IC)...
   [Transport] Executando paralelização para electron...
   -> [Fótons] Generating photon table (Sync + IC)...
      Calculando componente Síncrotron...
      Calculando componente Compton Inverso (IC)...
        Progress: 40/1000
        Progress: 80/1000
        Progress: 120/1000
        Progress: 160/1000
        Progress: 200/1000
        Progress: 240/1000
        Progress: 280/1000
        Progress: 320/1000
        Progress: 360/1000
        Progress: 400/1000
        Progress: 440/1000
        Progress: 480/1000
        Progress: 520/1000
        Progress: 560/1000
        Progress: 600/1000
        Progress: 640/1000
        Progress: 680/1000
        Progress: 720/1000
        Progress: 760/1000
        Progress: 800/1000
        Progress: 840/1000
        Progress: 880/1000
        Progress: 920/1000
        Progress: 960/1000
        Progress: 1000/1000
   === [Elétrons] Concluído em 4m 51.47s ===
[SDSS J115531.39+545200.4] Calculating Electrons (1D Transport)...
   [SDSS J115531.39+545200.4] -> Transport approx 0 (sem IC)...
   [Transport] Executando paralelização para electron...
   -> [Fótons] Generating photon table (Sync + IC)...
      Calculando componente Síncrotron...
      Calculando componente Compton Inverso (IC)...
        Progress: 40/1000
        Progress: 80/1000
        Progress: 120/1000
        Progress: 160/1000
        Progress: 200/1000
        Progress: 240/1000
        Progress: 280/1000
        Progress: 320/1000
        Progress: 360/1000
        Progress: 400/1000
        Progress: 440/1000
        Progress: 480/1000
        Progress: 520/1000
        Progress: 560/1000
        Progress: 600/1000
        Progress: 640/1000
        Progress: 680/1000
        Progress: 720/1000
        Progress: 760/1000
        Progress: 800/1000
        Progress: 840/1000
        Progress: 880/1000
        Progress: 920/1000
        Progress: 960/1000
        Progress: 1000/1000
   -> [IC] Generating IC rate table...
   [SDSS J115531.39+545200.4] -> Transport approx 1 (com IC)...
   [Transport] Executando paralelização para electron...
   -> [Fótons] Generating photon table (Sync + IC)...
      Calculando componente Síncrotron...
      Calculando componente Compton Inverso (IC)...
        Progress: 40/1000
        Progress: 80/1000
        Progress: 120/1000
        Progress: 160/1000
        Progress: 200/1000
        Progress: 240/1000
        Progress: 280/1000
        Progress: 320/1000
        Progress: 360/1000
        Progress: 400/1000
        Progress: 440/1000
        Progress: 480/1000
        Progress: 520/1000
        Progress: 560/1000
        Progress: 600/1000
        Progress: 640/1000
        Progress: 680/1000
        Progress: 720/1000
        Progress: 760/1000
        Progress: 800/1000
        Progress: 840/1000
        Progress: 880/1000
        Progress: 920/1000
        Progress: 960/1000
        Progress: 1000/1000
   === [Elétrons] Concluído em 5m 3.45s ===
[SDSS J120551.46+203119.0] Calculating Electrons (1D Transport)...
   [SDSS J120551.46+203119.0] -> Transport approx 0 (sem IC)...
   [Transport] Executando paralelização para electron...
   -> [Fótons] Generating photon table (Sync + IC)...
      Calculando componente Síncrotron...
      Calculando componente Compton Inverso (IC)...
        Progress: 40/1000
        Progress: 80/1000
        Progress: 120/1000
        Progress: 160/1000
        Progress: 200/1000
        Progress: 240/1000
        Progress: 280/1000
        Progress: 320/1000
        Progress: 360/1000
        Progress: 400/1000
        Progress: 440/1000
        Progress: 480/1000
        Progress: 520/1000
        Progress: 560/1000
        Progress: 600/1000
        Progress: 640/1000
        Progress: 680/1000
        Progress: 720/1000
        Progress: 760/1000
        Progress: 800/1000
        Progress: 840/1000
        Progress: 880/1000
        Progress: 920/1000
        Progress: 960/1000
        Progress: 1000/1000
   -> [IC] Generating IC rate table...
   [SDSS J120551.46+203119.0] -> Transport approx 1 (com IC)...
   [Transport] Executando paralelização para electron...
   -> [Fótons] Generating photon table (Sync + IC)...
      Calculando componente Síncrotron...
      Calculando componente Compton Inverso (IC)...
        Progress: 40/1000
        Progress: 80/1000
        Progress: 120/1000
        Progress: 160/1000
        Progress: 200/1000
        Progress: 240/1000
        Progress: 280/1000
        Progress: 320/1000
        Progress: 360/1000
        Progress: 400/1000
        Progress: 440/1000
        Progress: 480/1000
        Progress: 520/1000
        Progress: 560/1000
        Progress: 600/1000
        Progress: 640/1000
        Progress: 680/1000
        Progress: 720/1000
        Progress: 760/1000
        Progress: 800/1000
        Progress: 840/1000
        Progress: 880/1000
        Progress: 920/1000
        Progress: 960/1000
        Progress: 1000/1000
   === [Elétrons] Concluído em 5m 13.97s ===
[SDSS J120607.81+400902.6] Calculating Electrons (1D Transport)...
   [SDSS J120607.81+400902.6] -> Transport approx 0 (sem IC)...
   [Transport] Executando paralelização para electron...
   -> [Fótons] Generating photon table (Sync + IC)...
      Calculando componente Síncrotron...
      Calculando componente Compton Inverso (IC)...
        Progress: 40/1000
        Progress: 80/1000
        Progress: 120/1000
        Progress: 160/1000
        Progress: 200/1000
        Progress: 240/1000
        Progress: 280/1000
        Progress: 320/1000
        Progress: 360/1000
        Progress: 400/1000
        Progress: 440/1000
        Progress: 480/1000
        Progress: 520/1000
        Progress: 560/1000
        Progress: 600/1000
        Progress: 640/1000
        Progress: 680/1000
        Progress: 720/1000
        Progress: 760/1000
        Progress: 800/1000
        Progress: 840/1000
        Progress: 880/1000
        Progress: 920/1000
        Progress: 960/1000
        Progress: 1000/1000
   -> [IC] Generating IC rate table...
   [SDSS J120607.81+400902.6] -> Transport approx 1 (com IC)...
   [Transport] Executando paralelização para electron...
   -> [Fótons] Generating photon table (Sync + IC)...
      Calculando componente Síncrotron...
      Calculando componente Compton Inverso (IC)...
        Progress: 40/1000
        Progress: 80/1000
        Progress: 120/1000
        Progress: 160/1000
        Progress: 200/1000
        Progress: 240/1000
        Progress: 280/1000
        Progress: 320/1000
        Progress: 360/1000
        Progress: 400/1000
        Progress: 440/1000
        Progress: 480/1000
        Progress: 520/1000
        Progress: 560/1000
        Progress: 600/1000
        Progress: 640/1000
        Progress: 680/1000
        Progress: 720/1000
        Progress: 760/1000
        Progress: 800/1000
        Progress: 840/1000
        Progress: 880/1000
        Progress: 920/1000
        Progress: 960/1000
        Progress: 1000/1000
   === [Elétrons] Concluído em 4m 54.98s ===
[SDSS J121329.27+504429.4] Calculating Electrons (1D Transport)...
   [SDSS J121329.27+504429.4] -> Transport approx 0 (sem IC)...
   [Transport] Executando paralelização para electron...
   -> [Fótons] Generating photon table (Sync + IC)...
      Calculando componente Síncrotron...
      Calculando componente Compton Inverso (IC)...
        Progress: 40/1000
        Progress: 80/1000
        Progress: 120/1000
        Progress: 160/1000
        Progress: 200/1000
        Progress: 240/1000
        Progress: 280/1000
        Progress: 320/1000
        Progress: 360/1000
        Progress: 400/1000
        Progress: 440/1000
        Progress: 480/1000
        Progress: 520/1000
        Progress: 560/1000
        Progress: 600/1000
        Progress: 640/1000
        Progress: 680/1000
        Progress: 720/1000
        Progress: 760/1000
        Progress: 800/1000
        Progress: 840/1000
        Progress: 880/1000
        Progress: 920/1000
        Progress: 960/1000
        Progress: 1000/1000
   -> [IC] Generating IC rate table...
   [SDSS J121329.27+504429.4] -> Transport approx 1 (com IC)...
   [Transport] Executando paralelização para electron...
   -> [Fótons] Generating photon table (Sync + IC)...
      Calculando componente Síncrotron...
      Calculando componente Compton Inverso (IC)...
        Progress: 40/1000
        Progress: 80/1000
        Progress: 120/1000
        Progress: 160/1000
        Progress: 200/1000
        Progress: 240/1000
        Progress: 280/1000
        Progress: 320/1000
        Progress: 360/1000
        Progress: 400/1000
        Progress: 440/1000
        Progress: 480/1000
        Progress: 520/1000
        Progress: 560/1000
        Progress: 600/1000
        Progress: 640/1000
        Progress: 680/1000
        Progress: 720/1000
        Progress: 760/1000
        Progress: 800/1000
        Progress: 840/1000
        Progress: 880/1000
        Progress: 920/1000
        Progress: 960/1000
        Progress: 1000/1000
   === [Elétrons] Concluído em 4m 55.11s ===
[SDSS J121951.65+282521.3] Calculating Electrons (1D Transport)...
   [SDSS J121951.65+282521.3] -> Transport approx 0 (sem IC)...
   [Transport] Executando paralelização para electron...
   -> [Fótons] Generating photon table (Sync + IC)...
      Calculando componente Síncrotron...
      Calculando componente Compton Inverso (IC)...
        Progress: 40/1000
        Progress: 80/1000
        Progress: 120/1000
        Progress: 160/1000
        Progress: 200/1000
        Progress: 240/1000
        Progress: 280/1000
        Progress: 320/1000
        Progress: 360/1000
        Progress: 400/1000
        Progress: 440/1000
        Progress: 480/1000
        Progress: 520/1000
        Progress: 560/1000
        Progress: 600/1000
        Progress: 640/1000
        Progress: 680/1000
        Progress: 720/1000
        Progress: 760/1000
        Progress: 800/1000
        Progress: 840/1000
        Progress: 880/1000
        Progress: 920/1000
        Progress: 960/1000
        Progress: 1000/1000
   -> [IC] Generating IC rate table...
   [SDSS J121951.65+282521.3] -> Transport approx 1 (com IC)...
   [Transport] Executando paralelização para electron...
   -> [Fótons] Generating photon table (Sync + IC)...
      Calculando componente Síncrotron...
      Calculando componente Compton Inverso (IC)...
        Progress: 40/1000
        Progress: 80/1000
        Progress: 120/1000
        Progress: 160/1000
        Progress: 200/1000
        Progress: 240/1000
        Progress: 280/1000
        Progress: 320/1000
        Progress: 360/1000
        Progress: 400/1000
        Progress: 440/1000
        Progress: 480/1000
        Progress: 520/1000
        Progress: 560/1000
        Progress: 600/1000
        Progress: 640/1000
        Progress: 680/1000
        Progress: 720/1000
        Progress: 760/1000
        Progress: 800/1000
        Progress: 840/1000
        Progress: 880/1000
        Progress: 920/1000
        Progress: 960/1000
        Progress: 1000/1000
   === [Elétrons] Concluído em 4m 51.70s ===
[SDSS J122421.31+600641.2] Calculating Electrons (1D Transport)...
   [SDSS J122421.31+600641.2] -> Transport approx 0 (sem IC)...
   [Transport] Executando paralelização para electron...
   -> [Fótons] Generating photon table (Sync + IC)...
      Calculando componente Síncrotron...
      Calculando componente Compton Inverso (IC)...
        Progress: 40/1000
        Progress: 80/1000
        Progress: 120/1000
        Progress: 160/1000
        Progress: 200/1000
        Progress: 240/1000
        Progress: 280/1000
        Progress: 320/1000
        Progress: 360/1000
        Progress: 400/1000
        Progress: 440/1000
        Progress: 480/1000
        Progress: 520/1000
        Progress: 560/1000
        Progress: 600/1000
        Progress: 640/1000
        Progress: 680/1000
        Progress: 720/1000
        Progress: 760/1000
        Progress: 800/1000
        Progress: 840/1000
        Progress: 880/1000
        Progress: 920/1000
        Progress: 960/1000
        Progress: 1000/1000
   -> [IC] Generating IC rate table...
   [SDSS J122421.31+600641.2] -> Transport approx 1 (com IC)...
   [Transport] Executando paralelização para electron...
   -> [Fótons] Generating photon table (Sync + IC)...
      Calculando componente Síncrotron...
      Calculando componente Compton Inverso (IC)...
        Progress: 40/1000
        Progress: 80/1000
        Progress: 120/1000
        Progress: 160/1000
        Progress: 200/1000
        Progress: 240/1000
        Progress: 280/1000
        Progress: 320/1000
        Progress: 360/1000
        Progress: 400/1000
        Progress: 440/1000
        Progress: 480/1000
        Progress: 520/1000
        Progress: 560/1000
        Progress: 600/1000
        Progress: 640/1000
        Progress: 680/1000
        Progress: 720/1000
        Progress: 760/1000
        Progress: 800/1000
        Progress: 840/1000
        Progress: 880/1000
        Progress: 920/1000
        Progress: 960/1000
        Progress: 1000/1000
   === [Elétrons] Concluído em 4m 45.87s ===
[SDSS J123011.85+470022.7] Calculating Electrons (1D Transport)...
   [SDSS J123011.85+470022.7] -> Transport approx 0 (sem IC)...
   [Transport] Executando paralelização para electron...
   -> [Fótons] Generating photon table (Sync + IC)...
      Calculando componente Síncrotron...
      Calculando componente Compton Inverso (IC)...
        Progress: 40/1000
        Progress: 80/1000
        Progress: 120/1000
        Progress: 160/1000
        Progress: 200/1000
        Progress: 240/1000
        Progress: 280/1000
        Progress: 320/1000
        Progress: 360/1000
        Progress: 400/1000
        Progress: 440/1000
        Progress: 480/1000
        Progress: 520/1000
        Progress: 560/1000
        Progress: 600/1000
        Progress: 640/1000
        Progress: 680/1000
        Progress: 720/1000
        Progress: 760/1000
        Progress: 800/1000
        Progress: 840/1000
        Progress: 880/1000
        Progress: 920/1000
        Progress: 960/1000
        Progress: 1000/1000
   -> [IC] Generating IC rate table...
   [SDSS J123011.85+470022.7] -> Transport approx 1 (com IC)...
   [Transport] Executando paralelização para electron...
   -> [Fótons] Generating photon table (Sync + IC)...
      Calculando componente Síncrotron...
      Calculando componente Compton Inverso (IC)...
        Progress: 40/1000
        Progress: 80/1000
        Progress: 120/1000
        Progress: 160/1000
        Progress: 200/1000
        Progress: 240/1000
        Progress: 280/1000
        Progress: 320/1000
        Progress: 360/1000
        Progress: 400/1000
        Progress: 440/1000
        Progress: 480/1000
        Progress: 520/1000
        Progress: 560/1000
        Progress: 600/1000
        Progress: 640/1000
        Progress: 680/1000
        Progress: 720/1000
        Progress: 760/1000
        Progress: 800/1000
        Progress: 840/1000
        Progress: 880/1000
        Progress: 920/1000
        Progress: 960/1000
        Progress: 1000/1000
   === [Elétrons] Concluído em 5m 7.21s ===
[SDSS J124318.73+033300.6] Calculating Electrons (1D Transport)...
   [SDSS J124318.73+033300.6] -> Transport approx 0 (sem IC)...
   [Transport] Executando paralelização para electron...
   -> [Fótons] Generating photon table (Sync + IC)...
      Calculando componente Síncrotron...
      Calculando componente Compton Inverso (IC)...
        Progress: 40/1000
        Progress: 80/1000
        Progress: 120/1000
        Progress: 160/1000
        Progress: 200/1000
        Progress: 240/1000
        Progress: 280/1000
        Progress: 320/1000
        Progress: 360/1000
        Progress: 400/1000
        Progress: 440/1000
        Progress: 480/1000
        Progress: 520/1000
        Progress: 560/1000
        Progress: 600/1000
        Progress: 640/1000
        Progress: 680/1000
        Progress: 720/1000
        Progress: 760/1000
        Progress: 800/1000
        Progress: 840/1000
        Progress: 880/1000
        Progress: 920/1000
        Progress: 960/1000
        Progress: 1000/1000
   -> [IC] Generating IC rate table...
   [SDSS J124318.73+033300.6] -> Transport approx 1 (com IC)...
   [Transport] Executando paralelização para electron...
   -> [Fótons] Generating photon table (Sync + IC)...
      Calculando componente Síncrotron...
      Calculando componente Compton Inverso (IC)...
        Progress: 40/1000
        Progress: 80/1000
        Progress: 120/1000
        Progress: 160/1000
        Progress: 200/1000
        Progress: 240/1000
        Progress: 280/1000
        Progress: 320/1000
        Progress: 360/1000
        Progress: 400/1000
        Progress: 440/1000
        Progress: 480/1000
        Progress: 520/1000
        Progress: 560/1000
        Progress: 600/1000
        Progress: 640/1000
        Progress: 680/1000
        Progress: 720/1000
        Progress: 760/1000
        Progress: 800/1000
        Progress: 840/1000
        Progress: 880/1000
        Progress: 920/1000
        Progress: 960/1000
        Progress: 1000/1000
   === [Elétrons] Concluído em 5m 9.72s ===
[SDSS J124633.75+115347.8] Calculating Electrons (1D Transport)...
   [SDSS J124633.75+115347.8] -> Transport approx 0 (sem IC)...
   [Transport] Executando paralelização para electron...
   -> [Fótons] Generating photon table (Sync + IC)...
      Calculando componente Síncrotron...
      Calculando componente Compton Inverso (IC)...
        Progress: 40/1000
        Progress: 80/1000
        Progress: 120/1000
        Progress: 160/1000
        Progress: 200/1000
        Progress: 240/1000
        Progress: 280/1000
        Progress: 320/1000
        Progress: 360/1000
        Progress: 400/1000
        Progress: 440/1000
        Progress: 480/1000
        Progress: 520/1000
        Progress: 560/1000
        Progress: 600/1000
        Progress: 640/1000
        Progress: 680/1000
        Progress: 720/1000
        Progress: 760/1000
        Progress: 800/1000
        Progress: 840/1000
        Progress: 880/1000
        Progress: 920/1000
        Progress: 960/1000
        Progress: 1000/1000
   -> [IC] Generating IC rate table...
   [SDSS J124633.75+115347.8] -> Transport approx 1 (com IC)...
   [Transport] Executando paralelização para electron...
   -> [Fótons] Generating photon table (Sync + IC)...
      Calculando componente Síncrotron...
      Calculando componente Compton Inverso (IC)...
        Progress: 40/1000
        Progress: 80/1000
        Progress: 120/1000
        Progress: 160/1000
        Progress: 200/1000
        Progress: 240/1000
        Progress: 280/1000
        Progress: 320/1000
        Progress: 360/1000
        Progress: 400/1000
        Progress: 440/1000
        Progress: 480/1000
        Progress: 520/1000
        Progress: 560/1000
        Progress: 600/1000
        Progress: 640/1000
        Progress: 680/1000
        Progress: 720/1000
        Progress: 760/1000
        Progress: 800/1000
        Progress: 840/1000
        Progress: 880/1000
        Progress: 920/1000
        Progress: 960/1000
        Progress: 1000/1000
   === [Elétrons] Concluído em 4m 59.17s ===
[SDSS J125027.42+001345.6] Calculating Electrons (1D Transport)...
   [SDSS J125027.42+001345.6] -> Transport approx 0 (sem IC)...
   [Transport] Executando paralelização para electron...
   -> [Fótons] Generating photon table (Sync + IC)...
      Calculando componente Síncrotron...
      Calculando componente Compton Inverso (IC)...
        Progress: 40/1000
        Progress: 80/1000
        Progress: 120/1000
        Progress: 160/1000
        Progress: 200/1000
        Progress: 240/1000
        Progress: 280/1000
        Progress: 320/1000
        Progress: 360/1000
        Progress: 400/1000
        Progress: 440/1000
        Progress: 480/1000
        Progress: 520/1000
        Progress: 560/1000
        Progress: 600/1000
        Progress: 640/1000
        Progress: 680/1000
        Progress: 720/1000
        Progress: 760/1000
        Progress: 800/1000
        Progress: 840/1000
        Progress: 880/1000
        Progress: 920/1000
        Progress: 960/1000
        Progress: 1000/1000
   -> [IC] Generating IC rate table...
   [SDSS J125027.42+001345.6] -> Transport approx 1 (com IC)...
   [Transport] Executando paralelização para electron...
   -> [Fótons] Generating photon table (Sync + IC)...
      Calculando componente Síncrotron...
      Calculando componente Compton Inverso (IC)...
        Progress: 40/1000
        Progress: 80/1000
        Progress: 120/1000
        Progress: 160/1000
        Progress: 200/1000
        Progress: 240/1000
        Progress: 280/1000
        Progress: 320/1000
        Progress: 360/1000
        Progress: 400/1000
        Progress: 440/1000
        Progress: 480/1000
        Progress: 520/1000
        Progress: 560/1000
        Progress: 600/1000
        Progress: 640/1000
        Progress: 680/1000
        Progress: 720/1000
        Progress: 760/1000
        Progress: 800/1000
        Progress: 840/1000
        Progress: 880/1000
        Progress: 920/1000
        Progress: 960/1000
        Progress: 1000/1000
   === [Elétrons] Concluído em 5m 14.67s ===
[SDSS J125409.12-011527.1] Calculating Electrons (1D Transport)...
   [SDSS J125409.12-011527.1] -> Transport approx 0 (sem IC)...
   [Transport] Executando paralelização para electron...
   -> [Fótons] Generating photon table (Sync + IC)...
      Calculando componente Síncrotron...
      Calculando componente Compton Inverso (IC)...
        Progress: 40/1000
        Progress: 80/1000
        Progress: 120/1000
        Progress: 160/1000
        Progress: 200/1000
        Progress: 240/1000
        Progress: 280/1000
        Progress: 320/1000
        Progress: 360/1000
        Progress: 400/1000
        Progress: 440/1000
        Progress: 480/1000
        Progress: 520/1000
        Progress: 560/1000
        Progress: 600/1000
        Progress: 640/1000
        Progress: 680/1000
        Progress: 720/1000
        Progress: 760/1000
        Progress: 800/1000
        Progress: 840/1000
        Progress: 880/1000
        Progress: 920/1000
        Progress: 960/1000
        Progress: 1000/1000
   -> [IC] Generating IC rate table...
   [SDSS J125409.12-011527.1] -> Transport approx 1 (com IC)...
   [Transport] Executando paralelização para electron...
   -> [Fótons] Generating photon table (Sync + IC)...
      Calculando componente Síncrotron...
      Calculando componente Compton Inverso (IC)...
        Progress: 40/1000
        Progress: 80/1000
        Progress: 120/1000
        Progress: 160/1000
        Progress: 200/1000
        Progress: 240/1000
        Progress: 280/1000
        Progress: 320/1000
        Progress: 360/1000
        Progress: 400/1000
        Progress: 440/1000
        Progress: 480/1000
        Progress: 520/1000
        Progress: 560/1000
        Progress: 600/1000
        Progress: 640/1000
        Progress: 680/1000
        Progress: 720/1000
        Progress: 760/1000
        Progress: 800/1000
        Progress: 840/1000
        Progress: 880/1000
        Progress: 920/1000
        Progress: 960/1000
        Progress: 1000/1000
   === [Elétrons] Concluído em 5m 5.85s ===
[SDSS J130404.99+075428.4] Calculating Electrons (1D Transport)...
   [SDSS J130404.99+075428.4] -> Transport approx 0 (sem IC)...
   [Transport] Executando paralelização para electron...
   -> [Fótons] Generating photon table (Sync + IC)...
      Calculando componente Síncrotron...
      Calculando componente Compton Inverso (IC)...
        Progress: 40/1000
        Progress: 80/1000
        Progress: 120/1000
        Progress: 160/1000
        Progress: 200/1000
        Progress: 240/1000
        Progress: 280/1000
        Progress: 320/1000
        Progress: 360/1000
        Progress: 400/1000
        Progress: 440/1000
        Progress: 480/1000
        Progress: 520/1000
        Progress: 560/1000
        Progress: 600/1000
        Progress: 640/1000
        Progress: 680/1000
        Progress: 720/1000
        Progress: 760/1000
        Progress: 800/1000
        Progress: 840/1000
        Progress: 880/1000
        Progress: 920/1000
        Progress: 960/1000
        Progress: 1000/1000
   -> [IC] Generating IC rate table...
   [SDSS J130404.99+075428.4] -> Transport approx 1 (com IC)...
   [Transport] Executando paralelização para electron...
   -> [Fótons] Generating photon table (Sync + IC)...
      Calculando componente Síncrotron...
      Calculando componente Compton Inverso (IC)...
        Progress: 40/1000
        Progress: 80/1000
        Progress: 120/1000
        Progress: 160/1000
        Progress: 200/1000
        Progress: 240/1000
        Progress: 280/1000
        Progress: 320/1000
        Progress: 360/1000
        Progress: 400/1000
        Progress: 440/1000
        Progress: 480/1000
        Progress: 520/1000
        Progress: 560/1000
        Progress: 600/1000
        Progress: 640/1000
        Progress: 680/1000
        Progress: 720/1000
        Progress: 760/1000
        Progress: 800/1000
        Progress: 840/1000
        Progress: 880/1000
        Progress: 920/1000
        Progress: 960/1000
        Progress: 1000/1000
   === [Elétrons] Concluído em 4m 48.43s ===
[SDSS J130837.91+434415.1] Calculating Electrons (1D Transport)...
   [SDSS J130837.91+434415.1] -> Transport approx 0 (sem IC)...
   [Transport] Executando paralelização para electron...
   -> [Fótons] Generating photon table (Sync + IC)...
      Calculando componente Síncrotron...
      Calculando componente Compton Inverso (IC)...
        Progress: 40/1000
        Progress: 80/1000
        Progress: 120/1000
        Progress: 160/1000
        Progress: 200/1000
        Progress: 240/1000
        Progress: 280/1000
        Progress: 320/1000
        Progress: 360/1000
        Progress: 400/1000
        Progress: 440/1000
        Progress: 480/1000
        Progress: 520/1000
        Progress: 560/1000
        Progress: 600/1000
        Progress: 640/1000
        Progress: 680/1000
        Progress: 720/1000
        Progress: 760/1000
        Progress: 800/1000
        Progress: 840/1000
        Progress: 880/1000
        Progress: 920/1000
        Progress: 960/1000
        Progress: 1000/1000
   -> [IC] Generating IC rate table...
   [SDSS J130837.91+434415.1] -> Transport approx 1 (com IC)...
   [Transport] Executando paralelização para electron...
   -> [Fótons] Generating photon table (Sync + IC)...
      Calculando componente Síncrotron...
      Calculando componente Compton Inverso (IC)...
        Progress: 40/1000
        Progress: 80/1000
        Progress: 120/1000
        Progress: 160/1000
        Progress: 200/1000
        Progress: 240/1000
        Progress: 280/1000
        Progress: 320/1000
        Progress: 360/1000
        Progress: 400/1000
        Progress: 440/1000
        Progress: 480/1000
        Progress: 520/1000
        Progress: 560/1000
        Progress: 600/1000
        Progress: 640/1000
        Progress: 680/1000
        Progress: 720/1000
        Progress: 760/1000
        Progress: 800/1000
        Progress: 840/1000
        Progress: 880/1000
        Progress: 920/1000
        Progress: 960/1000
        Progress: 1000/1000
   === [Elétrons] Concluído em 4m 56.42s ===
[SDSS J133042.51+323249.0] Calculating Electrons (1D Transport)...
   [SDSS J133042.51+323249.0] -> Transport approx 0 (sem IC)...
   [Transport] Executando paralelização para electron...
   -> [Fótons] Generating photon table (Sync + IC)...
      Calculando componente Síncrotron...
      Calculando componente Compton Inverso (IC)...
        Progress: 40/1000
        Progress: 80/1000
        Progress: 120/1000
        Progress: 160/1000
        Progress: 200/1000
        Progress: 240/1000
        Progress: 280/1000
        Progress: 320/1000
        Progress: 360/1000
        Progress: 400/1000
        Progress: 440/1000
        Progress: 480/1000
        Progress: 520/1000
        Progress: 560/1000
        Progress: 600/1000
        Progress: 640/1000
        Progress: 680/1000
        Progress: 720/1000
        Progress: 760/1000
        Progress: 800/1000
        Progress: 840/1000
        Progress: 880/1000
        Progress: 920/1000
        Progress: 960/1000
        Progress: 1000/1000
   -> [IC] Generating IC rate table...
   [SDSS J133042.51+323249.0] -> Transport approx 1 (com IC)...
   [Transport] Executando paralelização para electron...
   -> [Fótons] Generating photon table (Sync + IC)...
      Calculando componente Síncrotron...
      Calculando componente Compton Inverso (IC)...
        Progress: 40/1000
        Progress: 80/1000
        Progress: 120/1000
        Progress: 160/1000
        Progress: 200/1000
        Progress: 240/1000
        Progress: 280/1000
        Progress: 320/1000
        Progress: 360/1000
        Progress: 400/1000
        Progress: 440/1000
        Progress: 480/1000
        Progress: 520/1000
        Progress: 560/1000
        Progress: 600/1000
        Progress: 640/1000
        Progress: 680/1000
        Progress: 720/1000
        Progress: 760/1000
        Progress: 800/1000
        Progress: 840/1000
        Progress: 880/1000
        Progress: 920/1000
        Progress: 960/1000
        Progress: 1000/1000
   === [Elétrons] Concluído em 5m 12.42s ===
[SDSS J133455.94+134431.7] Calculating Electrons (1D Transport)...
   [SDSS J133455.94+134431.7] -> Transport approx 0 (sem IC)...
   [Transport] Executando paralelização para electron...
   -> [Fótons] Generating photon table (Sync + IC)...
      Calculando componente Síncrotron...
      Calculando componente Compton Inverso (IC)...
        Progress: 40/1000
        Progress: 80/1000
        Progress: 120/1000
        Progress: 160/1000
        Progress: 200/1000
        Progress: 240/1000
        Progress: 280/1000
        Progress: 320/1000
        Progress: 360/1000
        Progress: 400/1000
        Progress: 440/1000
        Progress: 480/1000
        Progress: 520/1000
        Progress: 560/1000
        Progress: 600/1000
        Progress: 640/1000
        Progress: 680/1000
        Progress: 720/1000
        Progress: 760/1000
        Progress: 800/1000
        Progress: 840/1000
        Progress: 880/1000
        Progress: 920/1000
        Progress: 960/1000
        Progress: 1000/1000
   -> [IC] Generating IC rate table...
   [SDSS J133455.94+134431.7] -> Transport approx 1 (com IC)...
   [Transport] Executando paralelização para electron...
   -> [Fótons] Generating photon table (Sync + IC)...
      Calculando componente Síncrotron...
      Calculando componente Compton Inverso (IC)...
        Progress: 40/1000
        Progress: 80/1000
        Progress: 120/1000
        Progress: 160/1000
        Progress: 200/1000
        Progress: 240/1000
        Progress: 280/1000
        Progress: 320/1000
        Progress: 360/1000
        Progress: 400/1000
        Progress: 440/1000
        Progress: 480/1000
        Progress: 520/1000
        Progress: 560/1000
        Progress: 600/1000
        Progress: 640/1000
        Progress: 680/1000
        Progress: 720/1000
        Progress: 760/1000
        Progress: 800/1000
        Progress: 840/1000
        Progress: 880/1000
        Progress: 920/1000
        Progress: 960/1000
        Progress: 1000/1000
   === [Elétrons] Concluído em 4m 46.94s ===
[SDSS J133621.18+031951.0] Calculating Electrons (1D Transport)...
   [SDSS J133621.18+031951.0] -> Transport approx 0 (sem IC)...
   [Transport] Executando paralelização para electron...
   -> [Fótons] Generating photon table (Sync + IC)...
      Calculando componente Síncrotron...
      Calculando componente Compton Inverso (IC)...
        Progress: 40/1000
        Progress: 80/1000
        Progress: 120/1000
        Progress: 160/1000
        Progress: 200/1000
        Progress: 240/1000
        Progress: 280/1000
        Progress: 320/1000
        Progress: 360/1000
        Progress: 400/1000
        Progress: 440/1000
        Progress: 480/1000
        Progress: 520/1000
        Progress: 560/1000
        Progress: 600/1000
        Progress: 640/1000
        Progress: 680/1000
        Progress: 720/1000
        Progress: 760/1000
        Progress: 800/1000
        Progress: 840/1000
        Progress: 880/1000
        Progress: 920/1000
        Progress: 960/1000
        Progress: 1000/1000
   -> [IC] Generating IC rate table...
   [SDSS J133621.18+031951.0] -> Transport approx 1 (com IC)...
   [Transport] Executando paralelização para electron...
   -> [Fótons] Generating photon table (Sync + IC)...
      Calculando componente Síncrotron...
      Calculando componente Compton Inverso (IC)...
        Progress: 40/1000
        Progress: 80/1000
        Progress: 120/1000
        Progress: 160/1000
        Progress: 200/1000
        Progress: 240/1000
        Progress: 280/1000
        Progress: 320/1000
        Progress: 360/1000
        Progress: 400/1000
        Progress: 440/1000
        Progress: 480/1000
        Progress: 520/1000
        Progress: 560/1000
        Progress: 600/1000
        Progress: 640/1000
        Progress: 680/1000
        Progress: 720/1000
        Progress: 760/1000
        Progress: 800/1000
        Progress: 840/1000
        Progress: 880/1000
        Progress: 920/1000
        Progress: 960/1000
        Progress: 1000/1000
   === [Elétrons] Concluído em 5m 1.81s ===
[SDSS J133737.49+155820.0] Calculating Electrons (1D Transport)...
   [SDSS J133737.49+155820.0] -> Transport approx 0 (sem IC)...
   [Transport] Executando paralelização para electron...
   -> [Fótons] Generating photon table (Sync + IC)...
      Calculando componente Síncrotron...
      Calculando componente Compton Inverso (IC)...
        Progress: 40/1000
        Progress: 80/1000
        Progress: 120/1000
        Progress: 160/1000
        Progress: 200/1000
        Progress: 240/1000
        Progress: 280/1000
        Progress: 320/1000
        Progress: 360/1000
        Progress: 400/1000
        Progress: 440/1000
        Progress: 480/1000
        Progress: 520/1000
        Progress: 560/1000
        Progress: 600/1000
        Progress: 640/1000
        Progress: 680/1000
        Progress: 720/1000
        Progress: 760/1000
        Progress: 800/1000
        Progress: 840/1000
        Progress: 880/1000
        Progress: 920/1000
        Progress: 960/1000
        Progress: 1000/1000
   -> [IC] Generating IC rate table...
   [SDSS J133737.49+155820.0] -> Transport approx 1 (com IC)...
   [Transport] Executando paralelização para electron...
   -> [Fótons] Generating photon table (Sync + IC)...
      Calculando componente Síncrotron...
      Calculando componente Compton Inverso (IC)...
        Progress: 40/1000
        Progress: 80/1000
        Progress: 120/1000
        Progress: 160/1000
        Progress: 200/1000
        Progress: 240/1000
        Progress: 280/1000
        Progress: 320/1000
        Progress: 360/1000
        Progress: 400/1000
        Progress: 440/1000
        Progress: 480/1000
        Progress: 520/1000
        Progress: 560/1000
        Progress: 600/1000
        Progress: 640/1000
        Progress: 680/1000
        Progress: 720/1000
        Progress: 760/1000
        Progress: 800/1000
        Progress: 840/1000
        Progress: 880/1000
        Progress: 920/1000
        Progress: 960/1000
        Progress: 1000/1000
   === [Elétrons] Concluído em 4m 49.88s ===
[SDSS J134159.72+294653.5] Calculating Electrons (1D Transport)...
   [SDSS J134159.72+294653.5] -> Transport approx 0 (sem IC)...
   [Transport] Executando paralelização para electron...
   -> [Fótons] Generating photon table (Sync + IC)...
      Calculando componente Síncrotron...
      Calculando componente Compton Inverso (IC)...
        Progress: 40/1000
        Progress: 80/1000
        Progress: 120/1000
        Progress: 160/1000
        Progress: 200/1000
        Progress: 240/1000
        Progress: 280/1000
        Progress: 320/1000
        Progress: 360/1000
        Progress: 400/1000
        Progress: 440/1000
        Progress: 480/1000
        Progress: 520/1000
        Progress: 560/1000
        Progress: 600/1000
        Progress: 640/1000
        Progress: 680/1000
        Progress: 720/1000
        Progress: 760/1000
        Progress: 800/1000
        Progress: 840/1000
        Progress: 880/1000
        Progress: 920/1000
        Progress: 960/1000
        Progress: 1000/1000
   -> [IC] Generating IC rate table...
   [SDSS J134159.72+294653.5] -> Transport approx 1 (com IC)...
   [Transport] Executando paralelização para electron...
   -> [Fótons] Generating photon table (Sync + IC)...
      Calculando componente Síncrotron...
      Calculando componente Compton Inverso (IC)...
        Progress: 40/1000
        Progress: 80/1000
        Progress: 120/1000
        Progress: 160/1000
        Progress: 200/1000
        Progress: 240/1000
        Progress: 280/1000
        Progress: 320/1000
        Progress: 360/1000
        Progress: 400/1000
        Progress: 440/1000
        Progress: 480/1000
        Progress: 520/1000
        Progress: 560/1000
        Progress: 600/1000
        Progress: 640/1000
        Progress: 680/1000
        Progress: 720/1000
        Progress: 760/1000
        Progress: 800/1000
        Progress: 840/1000
        Progress: 880/1000
        Progress: 920/1000
        Progress: 960/1000
        Progress: 1000/1000
   === [Elétrons] Concluído em 5m 6.72s ===
[SDSS J135036.01+334217.3] Calculating Electrons (1D Transport)...
   [SDSS J135036.01+334217.3] -> Transport approx 0 (sem IC)...
   [Transport] Executando paralelização para electron...
   -> [Fótons] Generating photon table (Sync + IC)...
      Calculando componente Síncrotron...
      Calculando componente Compton Inverso (IC)...
        Progress: 40/1000
        Progress: 80/1000
        Progress: 120/1000
        Progress: 160/1000
        Progress: 200/1000
        Progress: 240/1000
        Progress: 280/1000
        Progress: 320/1000
        Progress: 360/1000
        Progress: 400/1000
        Progress: 440/1000
        Progress: 480/1000
        Progress: 520/1000
        Progress: 560/1000
        Progress: 600/1000
        Progress: 640/1000
        Progress: 680/1000
        Progress: 720/1000
        Progress: 760/1000
        Progress: 800/1000
        Progress: 840/1000
        Progress: 880/1000
        Progress: 920/1000
        Progress: 960/1000
        Progress: 1000/1000
   -> [IC] Generating IC rate table...
   [SDSS J135036.01+334217.3] -> Transport approx 1 (com IC)...
   [Transport] Executando paralelização para electron...
   -> [Fótons] Generating photon table (Sync + IC)...
      Calculando componente Síncrotron...
      Calculando componente Compton Inverso (IC)...
        Progress: 40/1000
        Progress: 80/1000
        Progress: 120/1000
        Progress: 160/1000
        Progress: 200/1000
        Progress: 240/1000
        Progress: 280/1000
        Progress: 320/1000
        Progress: 360/1000
        Progress: 400/1000
        Progress: 440/1000
        Progress: 480/1000
        Progress: 520/1000
        Progress: 560/1000
        Progress: 600/1000
        Progress: 640/1000
        Progress: 680/1000
        Progress: 720/1000
        Progress: 760/1000
        Progress: 800/1000
        Progress: 840/1000
        Progress: 880/1000
        Progress: 920/1000
        Progress: 960/1000
        Progress: 1000/1000
   === [Elétrons] Concluído em 5m 6.79s ===
[SDSS J135226.71+140528.5] Calculating Electrons (1D Transport)...
   [SDSS J135226.71+140528.5] -> Transport approx 0 (sem IC)...
   [Transport] Executando paralelização para electron...
   -> [Fótons] Generating photon table (Sync + IC)...
      Calculando componente Síncrotron...
      Calculando componente Compton Inverso (IC)...
        Progress: 40/1000
        Progress: 80/1000
        Progress: 120/1000
        Progress: 160/1000
        Progress: 200/1000
        Progress: 240/1000
        Progress: 280/1000
        Progress: 320/1000
        Progress: 360/1000
        Progress: 400/1000
        Progress: 440/1000
        Progress: 480/1000
        Progress: 520/1000
        Progress: 560/1000
        Progress: 600/1000
        Progress: 640/1000
        Progress: 680/1000
        Progress: 720/1000
        Progress: 760/1000
        Progress: 800/1000
        Progress: 840/1000
        Progress: 880/1000
        Progress: 920/1000
        Progress: 960/1000
        Progress: 1000/1000
   -> [IC] Generating IC rate table...
   [SDSS J135226.71+140528.5] -> Transport approx 1 (com IC)...
   [Transport] Executando paralelização para electron...
   -> [Fótons] Generating photon table (Sync + IC)...
      Calculando componente Síncrotron...
      Calculando componente Compton Inverso (IC)...
        Progress: 40/1000
        Progress: 80/1000
        Progress: 120/1000
        Progress: 160/1000
        Progress: 200/1000
        Progress: 240/1000
        Progress: 280/1000
        Progress: 320/1000
        Progress: 360/1000
        Progress: 400/1000
        Progress: 440/1000
        Progress: 480/1000
        Progress: 520/1000
        Progress: 560/1000
        Progress: 600/1000
        Progress: 640/1000
        Progress: 680/1000
        Progress: 720/1000
        Progress: 760/1000
        Progress: 800/1000
        Progress: 840/1000
        Progress: 880/1000
        Progress: 920/1000
        Progress: 960/1000
        Progress: 1000/1000
   === [Elétrons] Concluído em 4m 38.93s ===
[SDSS J140528.32+304602.0] Calculating Electrons (1D Transport)...
   [SDSS J140528.32+304602.0] -> Transport approx 0 (sem IC)...
   [Transport] Executando paralelização para electron...
   -> [Fótons] Generating photon table (Sync + IC)...
      Calculando componente Síncrotron...
      Calculando componente Compton Inverso (IC)...
        Progress: 40/1000
        Progress: 80/1000
        Progress: 120/1000
        Progress: 160/1000
        Progress: 200/1000
        Progress: 240/1000
        Progress: 280/1000
        Progress: 320/1000
        Progress: 360/1000
        Progress: 400/1000
        Progress: 440/1000
        Progress: 480/1000
        Progress: 520/1000
        Progress: 560/1000
        Progress: 600/1000
        Progress: 640/1000
        Progress: 680/1000
        Progress: 720/1000
        Progress: 760/1000
        Progress: 800/1000
        Progress: 840/1000
        Progress: 880/1000
        Progress: 920/1000
        Progress: 960/1000
        Progress: 1000/1000
   -> [IC] Generating IC rate table...
   [SDSS J140528.32+304602.0] -> Transport approx 1 (com IC)...
   [Transport] Executando paralelização para electron...
   -> [Fótons] Generating photon table (Sync + IC)...
      Calculando componente Síncrotron...
      Calculando componente Compton Inverso (IC)...
        Progress: 40/1000
        Progress: 80/1000
        Progress: 120/1000
        Progress: 160/1000
        Progress: 200/1000
        Progress: 240/1000
        Progress: 280/1000
        Progress: 320/1000
        Progress: 360/1000
        Progress: 400/1000
        Progress: 440/1000
        Progress: 480/1000
        Progress: 520/1000
        Progress: 560/1000
        Progress: 600/1000
        Progress: 640/1000
        Progress: 680/1000
        Progress: 720/1000
        Progress: 760/1000
        Progress: 800/1000
        Progress: 840/1000
        Progress: 880/1000
        Progress: 920/1000
        Progress: 960/1000
        Progress: 1000/1000
   === [Elétrons] Concluído em 5m 21.62s ===
[SDSS J141451.35+030751.2] Calculating Electrons (1D Transport)...
   [SDSS J141451.35+030751.2] -> Transport approx 0 (sem IC)...
   [Transport] Executando paralelização para electron...
   -> [Fótons] Generating photon table (Sync + IC)...
      Calculando componente Síncrotron...
      Calculando componente Compton Inverso (IC)...
        Progress: 40/1000
        Progress: 80/1000
        Progress: 120/1000
        Progress: 160/1000
        Progress: 200/1000
        Progress: 240/1000
        Progress: 280/1000
        Progress: 320/1000
        Progress: 360/1000
        Progress: 400/1000
        Progress: 440/1000
        Progress: 480/1000
        Progress: 520/1000
        Progress: 560/1000
        Progress: 600/1000
        Progress: 640/1000
        Progress: 680/1000
        Progress: 720/1000
        Progress: 760/1000
        Progress: 800/1000
        Progress: 840/1000
        Progress: 880/1000
        Progress: 920/1000
        Progress: 960/1000
        Progress: 1000/1000
   -> [IC] Generating IC rate table...
   [SDSS J141451.35+030751.2] -> Transport approx 1 (com IC)...
   [Transport] Executando paralelização para electron...
   -> [Fótons] Generating photon table (Sync + IC)...
      Calculando componente Síncrotron...
      Calculando componente Compton Inverso (IC)...
        Progress: 40/1000
        Progress: 80/1000
        Progress: 120/1000
        Progress: 160/1000
        Progress: 200/1000
        Progress: 240/1000
        Progress: 280/1000
        Progress: 320/1000
        Progress: 360/1000
        Progress: 400/1000
        Progress: 440/1000
        Progress: 480/1000
        Progress: 520/1000
        Progress: 560/1000
        Progress: 600/1000
        Progress: 640/1000
        Progress: 680/1000
        Progress: 720/1000
        Progress: 760/1000
        Progress: 800/1000
        Progress: 840/1000
        Progress: 880/1000
        Progress: 920/1000
        Progress: 960/1000
        Progress: 1000/1000
   === [Elétrons] Concluído em 5m 2.21s ===
[SDSS J141517.98-022641.0] Calculating Electrons (1D Transport)...
   [SDSS J141517.98-022641.0] -> Transport approx 0 (sem IC)...
   [Transport] Executando paralelização para electron...
   -> [Fótons] Generating photon table (Sync + IC)...
      Calculando componente Síncrotron...
      Calculando componente Compton Inverso (IC)...
        Progress: 40/1000
        Progress: 80/1000
        Progress: 120/1000
        Progress: 160/1000
        Progress: 200/1000
        Progress: 240/1000
        Progress: 280/1000
        Progress: 320/1000
        Progress: 360/1000
        Progress: 400/1000
        Progress: 440/1000
        Progress: 480/1000
        Progress: 520/1000
        Progress: 560/1000
        Progress: 600/1000
        Progress: 640/1000
        Progress: 680/1000
        Progress: 720/1000
        Progress: 760/1000
        Progress: 800/1000
        Progress: 840/1000
        Progress: 880/1000
        Progress: 920/1000
        Progress: 960/1000
        Progress: 1000/1000
   -> [IC] Generating IC rate table...
   [SDSS J141517.98-022641.0] -> Transport approx 1 (com IC)...
   [Transport] Executando paralelização para electron...
   -> [Fótons] Generating photon table (Sync + IC)...
      Calculando componente Síncrotron...
      Calculando componente Compton Inverso (IC)...
        Progress: 40/1000
        Progress: 80/1000
        Progress: 120/1000
        Progress: 160/1000
        Progress: 200/1000
        Progress: 240/1000
        Progress: 280/1000
        Progress: 320/1000
        Progress: 360/1000
        Progress: 400/1000
        Progress: 440/1000
        Progress: 480/1000
        Progress: 520/1000
        Progress: 560/1000
        Progress: 600/1000
        Progress: 640/1000
        Progress: 680/1000
        Progress: 720/1000
        Progress: 760/1000
        Progress: 800/1000
        Progress: 840/1000
        Progress: 880/1000
        Progress: 920/1000
        Progress: 960/1000
        Progress: 1000/1000
   === [Elétrons] Concluído em 4m 51.56s ===
[SDSS J142724.23+372817.0] Calculating Electrons (1D Transport)...
   [SDSS J142724.23+372817.0] -> Transport approx 0 (sem IC)...
   [Transport] Executando paralelização para electron...
   -> [Fótons] Generating photon table (Sync + IC)...
      Calculando componente Síncrotron...
      Calculando componente Compton Inverso (IC)...
        Progress: 40/1000
        Progress: 80/1000
        Progress: 120/1000
        Progress: 160/1000
        Progress: 200/1000
        Progress: 240/1000
        Progress: 280/1000
        Progress: 320/1000
        Progress: 360/1000
        Progress: 400/1000
        Progress: 440/1000
        Progress: 480/1000
        Progress: 520/1000
        Progress: 560/1000
        Progress: 600/1000
        Progress: 640/1000
        Progress: 680/1000
        Progress: 720/1000
        Progress: 760/1000
        Progress: 800/1000
        Progress: 840/1000
        Progress: 880/1000
        Progress: 920/1000
        Progress: 960/1000
        Progress: 1000/1000
   -> [IC] Generating IC rate table...
   [SDSS J142724.23+372817.0] -> Transport approx 1 (com IC)...
   [Transport] Executando paralelização para electron...
   -> [Fótons] Generating photon table (Sync + IC)...
      Calculando componente Síncrotron...
      Calculando componente Compton Inverso (IC)...
        Progress: 40/1000
        Progress: 80/1000
        Progress: 120/1000
        Progress: 160/1000
        Progress: 200/1000
        Progress: 240/1000
        Progress: 280/1000
        Progress: 320/1000
        Progress: 360/1000
        Progress: 400/1000
        Progress: 440/1000
        Progress: 480/1000
        Progress: 520/1000
        Progress: 560/1000
        Progress: 600/1000
        Progress: 640/1000
        Progress: 680/1000
        Progress: 720/1000
        Progress: 760/1000
        Progress: 800/1000
        Progress: 840/1000
        Progress: 880/1000
        Progress: 920/1000
        Progress: 960/1000
        Progress: 1000/1000
   === [Elétrons] Concluído em 4m 44.81s ===
[SDSS J143156.59+164615.4] Calculating Electrons (1D Transport)...
   [SDSS J143156.59+164615.4] -> Transport approx 0 (sem IC)...
   [Transport] Executando paralelização para electron...
   -> [Fótons] Generating photon table (Sync + IC)...
      Calculando componente Síncrotron...
      Calculando componente Compton Inverso (IC)...
        Progress: 40/1000
        Progress: 80/1000
        Progress: 120/1000
        Progress: 160/1000
        Progress: 200/1000
        Progress: 240/1000
        Progress: 280/1000
        Progress: 320/1000
        Progress: 360/1000
        Progress: 400/1000
        Progress: 440/1000
        Progress: 480/1000
        Progress: 520/1000
        Progress: 560/1000
        Progress: 600/1000
        Progress: 640/1000
        Progress: 680/1000
        Progress: 720/1000
        Progress: 760/1000
        Progress: 800/1000
        Progress: 840/1000
        Progress: 880/1000
        Progress: 920/1000
        Progress: 960/1000
        Progress: 1000/1000
   -> [IC] Generating IC rate table...
   [SDSS J143156.59+164615.4] -> Transport approx 1 (com IC)...
   [Transport] Executando paralelização para electron...
   -> [Fótons] Generating photon table (Sync + IC)...
      Calculando componente Síncrotron...
      Calculando componente Compton Inverso (IC)...
        Progress: 40/1000
        Progress: 80/1000
        Progress: 120/1000
        Progress: 160/1000
        Progress: 200/1000
        Progress: 240/1000
        Progress: 280/1000
        Progress: 320/1000
        Progress: 360/1000
        Progress: 400/1000
        Progress: 440/1000
        Progress: 480/1000
        Progress: 520/1000
        Progress: 560/1000
        Progress: 600/1000
        Progress: 640/1000
        Progress: 680/1000
        Progress: 720/1000
        Progress: 760/1000
        Progress: 800/1000
        Progress: 840/1000
        Progress: 880/1000
        Progress: 920/1000
        Progress: 960/1000
        Progress: 1000/1000
   === [Elétrons] Concluído em 4m 50.57s ===
[SDSS J143312.96+525747.3] Calculating Electrons (1D Transport)...
   [SDSS J143312.96+525747.3] -> Transport approx 0 (sem IC)...
   [Transport] Executando paralelização para electron...
   -> [Fótons] Generating photon table (Sync + IC)...
      Calculando componente Síncrotron...
      Calculando componente Compton Inverso (IC)...
        Progress: 40/1000
        Progress: 80/1000
        Progress: 120/1000
        Progress: 160/1000
        Progress: 200/1000
        Progress: 240/1000
        Progress: 280/1000
        Progress: 320/1000
        Progress: 360/1000
        Progress: 400/1000
        Progress: 440/1000
        Progress: 480/1000
        Progress: 520/1000
        Progress: 560/1000
        Progress: 600/1000
        Progress: 640/1000
        Progress: 680/1000
        Progress: 720/1000
        Progress: 760/1000
        Progress: 800/1000
        Progress: 840/1000
        Progress: 880/1000
        Progress: 920/1000
        Progress: 960/1000
        Progress: 1000/1000
   -> [IC] Generating IC rate table...
   [SDSS J143312.96+525747.3] -> Transport approx 1 (com IC)...
   [Transport] Executando paralelização para electron...
   -> [Fótons] Generating photon table (Sync + IC)...
      Calculando componente Síncrotron...
      Calculando componente Compton Inverso (IC)...
        Progress: 40/1000
        Progress: 80/1000
        Progress: 120/1000
        Progress: 160/1000
        Progress: 200/1000
        Progress: 240/1000
        Progress: 280/1000
        Progress: 320/1000
        Progress: 360/1000
        Progress: 400/1000
        Progress: 440/1000
        Progress: 480/1000
        Progress: 520/1000
        Progress: 560/1000
        Progress: 600/1000
        Progress: 640/1000
        Progress: 680/1000
        Progress: 720/1000
        Progress: 760/1000
        Progress: 800/1000
        Progress: 840/1000
        Progress: 880/1000
        Progress: 920/1000
        Progress: 960/1000
        Progress: 1000/1000
   === [Elétrons] Concluído em 4m 59.91s ===
[SDSS J143424.79+024756.2] Calculating Electrons (1D Transport)...
   [SDSS J143424.79+024756.2] -> Transport approx 0 (sem IC)...
   [Transport] Executando paralelização para electron...
   -> [Fótons] Generating photon table (Sync + IC)...
      Calculando componente Síncrotron...
      Calculando componente Compton Inverso (IC)...
        Progress: 40/1000
        Progress: 80/1000
        Progress: 120/1000
        Progress: 160/1000
        Progress: 200/1000
        Progress: 240/1000
        Progress: 280/1000
        Progress: 320/1000
        Progress: 360/1000
        Progress: 400/1000
        Progress: 440/1000
        Progress: 480/1000
        Progress: 520/1000
        Progress: 560/1000
        Progress: 600/1000
        Progress: 640/1000
        Progress: 680/1000
        Progress: 720/1000
        Progress: 760/1000
        Progress: 800/1000
        Progress: 840/1000
        Progress: 880/1000
        Progress: 920/1000
        Progress: 960/1000
        Progress: 1000/1000
   -> [IC] Generating IC rate table...
   [SDSS J143424.79+024756.2] -> Transport approx 1 (com IC)...
   [Transport] Executando paralelização para electron...
   -> [Fótons] Generating photon table (Sync + IC)...
      Calculando componente Síncrotron...
      Calculando componente Compton Inverso (IC)...
        Progress: 40/1000
        Progress: 80/1000
        Progress: 120/1000
        Progress: 160/1000
        Progress: 200/1000
        Progress: 240/1000
        Progress: 280/1000
        Progress: 320/1000
        Progress: 360/1000
        Progress: 400/1000
        Progress: 440/1000
        Progress: 480/1000
        Progress: 520/1000
        Progress: 560/1000
        Progress: 600/1000
        Progress: 640/1000
        Progress: 680/1000
        Progress: 720/1000
        Progress: 760/1000
        Progress: 800/1000
        Progress: 840/1000
        Progress: 880/1000
        Progress: 920/1000
        Progress: 960/1000
        Progress: 1000/1000
   === [Elétrons] Concluído em 5m 0.23s ===
[SDSS J143620.38+051951.5] Calculating Electrons (1D Transport)...
   [SDSS J143620.38+051951.5] -> Transport approx 0 (sem IC)...
   [Transport] Executando paralelização para electron...
   -> [Fótons] Generating photon table (Sync + IC)...
      Calculando componente Síncrotron...
      Calculando componente Compton Inverso (IC)...
        Progress: 40/1000
        Progress: 80/1000
        Progress: 120/1000
        Progress: 160/1000
        Progress: 200/1000
        Progress: 240/1000
        Progress: 280/1000
        Progress: 320/1000
        Progress: 360/1000
        Progress: 400/1000
        Progress: 440/1000
        Progress: 480/1000
        Progress: 520/1000
        Progress: 560/1000
        Progress: 600/1000
        Progress: 640/1000
        Progress: 680/1000
        Progress: 720/1000
        Progress: 760/1000
        Progress: 800/1000
        Progress: 840/1000
        Progress: 880/1000
        Progress: 920/1000
        Progress: 960/1000
        Progress: 1000/1000
   -> [IC] Generating IC rate table...
   [SDSS J143620.38+051951.5] -> Transport approx 1 (com IC)...
   [Transport] Executando paralelização para electron...
   -> [Fótons] Generating photon table (Sync + IC)...
      Calculando componente Síncrotron...
      Calculando componente Compton Inverso (IC)...
        Progress: 40/1000
        Progress: 80/1000
        Progress: 120/1000
        Progress: 160/1000
        Progress: 200/1000
        Progress: 240/1000
        Progress: 280/1000
        Progress: 320/1000
        Progress: 360/1000
        Progress: 400/1000
        Progress: 440/1000
        Progress: 480/1000
        Progress: 520/1000
        Progress: 560/1000
        Progress: 600/1000
        Progress: 640/1000
        Progress: 680/1000
        Progress: 720/1000
        Progress: 760/1000
        Progress: 800/1000
        Progress: 840/1000
        Progress: 880/1000
        Progress: 920/1000
        Progress: 960/1000
        Progress: 1000/1000
   === [Elétrons] Concluído em 4m 46.25s ===
[SDSS J144745.52+132032.2] Calculating Electrons (1D Transport)...
   [SDSS J144745.52+132032.2] -> Transport approx 0 (sem IC)...
   [Transport] Executando paralelização para electron...
   -> [Fótons] Generating photon table (Sync + IC)...
      Calculando componente Síncrotron...
      Calculando componente Compton Inverso (IC)...
        Progress: 40/1000
        Progress: 80/1000
        Progress: 120/1000
        Progress: 160/1000
        Progress: 200/1000
        Progress: 240/1000
        Progress: 280/1000
        Progress: 320/1000
        Progress: 360/1000
        Progress: 400/1000
        Progress: 440/1000
        Progress: 480/1000
        Progress: 520/1000
        Progress: 560/1000
        Progress: 600/1000
        Progress: 640/1000
        Progress: 680/1000
        Progress: 720/1000
        Progress: 760/1000
        Progress: 800/1000
        Progress: 840/1000
        Progress: 880/1000
        Progress: 920/1000
        Progress: 960/1000
        Progress: 1000/1000
   -> [IC] Generating IC rate table...
   [SDSS J144745.52+132032.2] -> Transport approx 1 (com IC)...
   [Transport] Executando paralelização para electron...
   -> [Fótons] Generating photon table (Sync + IC)...
      Calculando componente Síncrotron...
      Calculando componente Compton Inverso (IC)...
        Progress: 40/1000
        Progress: 80/1000
        Progress: 120/1000
        Progress: 160/1000
        Progress: 200/1000
        Progress: 240/1000
        Progress: 280/1000
        Progress: 320/1000
        Progress: 360/1000
        Progress: 400/1000
        Progress: 440/1000
        Progress: 480/1000
        Progress: 520/1000
        Progress: 560/1000
        Progress: 600/1000
        Progress: 640/1000
        Progress: 680/1000
        Progress: 720/1000
        Progress: 760/1000
        Progress: 800/1000
        Progress: 840/1000
        Progress: 880/1000
        Progress: 920/1000
        Progress: 960/1000
        Progress: 1000/1000
   === [Elétrons] Concluído em 5m 7.21s ===
[SDSS J145216.49+121711.5] Calculating Electrons (1D Transport)...
   [SDSS J145216.49+121711.5] -> Transport approx 0 (sem IC)...
   [Transport] Executando paralelização para electron...
   -> [Fótons] Generating photon table (Sync + IC)...
      Calculando componente Síncrotron...
      Calculando componente Compton Inverso (IC)...
        Progress: 40/1000
        Progress: 80/1000
        Progress: 120/1000
        Progress: 160/1000
        Progress: 200/1000
        Progress: 240/1000
        Progress: 280/1000
        Progress: 320/1000
        Progress: 360/1000
        Progress: 400/1000
        Progress: 440/1000
        Progress: 480/1000
        Progress: 520/1000
        Progress: 560/1000
        Progress: 600/1000
        Progress: 640/1000
        Progress: 680/1000
        Progress: 720/1000
        Progress: 760/1000
        Progress: 800/1000
        Progress: 840/1000
        Progress: 880/1000
        Progress: 920/1000
        Progress: 960/1000
        Progress: 1000/1000
   -> [IC] Generating IC rate table...
   [SDSS J145216.49+121711.5] -> Transport approx 1 (com IC)...
   [Transport] Executando paralelização para electron...
   -> [Fótons] Generating photon table (Sync + IC)...
      Calculando componente Síncrotron...
      Calculando componente Compton Inverso (IC)...
        Progress: 40/1000
        Progress: 80/1000
        Progress: 120/1000
        Progress: 160/1000
        Progress: 200/1000
        Progress: 240/1000
        Progress: 280/1000
        Progress: 320/1000
        Progress: 360/1000
        Progress: 400/1000
        Progress: 440/1000
        Progress: 480/1000
        Progress: 520/1000
        Progress: 560/1000
        Progress: 600/1000
        Progress: 640/1000
        Progress: 680/1000
        Progress: 720/1000
        Progress: 760/1000
        Progress: 800/1000
        Progress: 840/1000
        Progress: 880/1000
        Progress: 920/1000
        Progress: 960/1000
        Progress: 1000/1000
   === [Elétrons] Concluído em 5m 5.02s ===
[SDSS J145243.25+165413.4] Calculating Electrons (1D Transport)...
   [SDSS J145243.25+165413.4] -> Transport approx 0 (sem IC)...
   [Transport] Executando paralelização para electron...
   -> [Fótons] Generating photon table (Sync + IC)...
      Calculando componente Síncrotron...
      Calculando componente Compton Inverso (IC)...
        Progress: 40/1000
        Progress: 80/1000
        Progress: 120/1000
        Progress: 160/1000
        Progress: 200/1000
        Progress: 240/1000
        Progress: 280/1000
        Progress: 320/1000
        Progress: 360/1000
        Progress: 400/1000
        Progress: 440/1000
        Progress: 480/1000
        Progress: 520/1000
        Progress: 560/1000
        Progress: 600/1000
        Progress: 640/1000
        Progress: 680/1000
        Progress: 720/1000
        Progress: 760/1000
        Progress: 800/1000
        Progress: 840/1000
        Progress: 880/1000
        Progress: 920/1000
        Progress: 960/1000
        Progress: 1000/1000
   -> [IC] Generating IC rate table...
   [SDSS J145243.25+165413.4] -> Transport approx 1 (com IC)...
   [Transport] Executando paralelização para electron...
   -> [Fótons] Generating photon table (Sync + IC)...
      Calculando componente Síncrotron...
      Calculando componente Compton Inverso (IC)...
        Progress: 40/1000
        Progress: 80/1000
        Progress: 120/1000
        Progress: 160/1000
        Progress: 200/1000
        Progress: 240/1000
        Progress: 280/1000
        Progress: 320/1000
        Progress: 360/1000
        Progress: 400/1000
        Progress: 440/1000
        Progress: 480/1000
        Progress: 520/1000
        Progress: 560/1000
        Progress: 600/1000
        Progress: 640/1000
        Progress: 680/1000
        Progress: 720/1000
        Progress: 760/1000
        Progress: 800/1000
        Progress: 840/1000
        Progress: 880/1000
        Progress: 920/1000
        Progress: 960/1000
        Progress: 1000/1000
   === [Elétrons] Concluído em 4m 50.48s ===
[SDSS J145616.20+203120.6] Calculating Electrons (1D Transport)...
   [SDSS J145616.20+203120.6] -> Transport approx 0 (sem IC)...
   [Transport] Executando paralelização para electron...
   -> [Fótons] Generating photon table (Sync + IC)...
      Calculando componente Síncrotron...
      Calculando componente Compton Inverso (IC)...
        Progress: 40/1000
        Progress: 80/1000
        Progress: 120/1000
        Progress: 160/1000
        Progress: 200/1000
        Progress: 240/1000
        Progress: 280/1000
        Progress: 320/1000
        Progress: 360/1000
        Progress: 400/1000
        Progress: 440/1000
        Progress: 480/1000
        Progress: 520/1000
        Progress: 560/1000
        Progress: 600/1000
        Progress: 640/1000
        Progress: 680/1000
        Progress: 720/1000
        Progress: 760/1000
        Progress: 800/1000
        Progress: 840/1000
        Progress: 880/1000
        Progress: 920/1000
        Progress: 960/1000
        Progress: 1000/1000
   -> [IC] Generating IC rate table...
   [SDSS J145616.20+203120.6] -> Transport approx 1 (com IC)...
   [Transport] Executando paralelização para electron...
   -> [Fótons] Generating photon table (Sync + IC)...
      Calculando componente Síncrotron...
      Calculando componente Compton Inverso (IC)...
        Progress: 40/1000
        Progress: 80/1000
        Progress: 120/1000
        Progress: 160/1000
        Progress: 200/1000
        Progress: 240/1000
        Progress: 280/1000
        Progress: 320/1000
        Progress: 360/1000
        Progress: 400/1000
        Progress: 440/1000
        Progress: 480/1000
        Progress: 520/1000
        Progress: 560/1000
        Progress: 600/1000
        Progress: 640/1000
        Progress: 680/1000
        Progress: 720/1000
        Progress: 760/1000
        Progress: 800/1000
        Progress: 840/1000
        Progress: 880/1000
        Progress: 920/1000
        Progress: 960/1000
        Progress: 1000/1000
   === [Elétrons] Concluído em 4m 42.82s ===
[SDSS J150152.30+174228.2] Calculating Electrons (1D Transport)...
   [SDSS J150152.30+174228.2] -> Transport approx 0 (sem IC)...
   [Transport] Executando paralelização para electron...
   -> [Fótons] Generating photon table (Sync + IC)...
      Calculando componente Síncrotron...
      Calculando componente Compton Inverso (IC)...
        Progress: 40/1000
        Progress: 80/1000
        Progress: 120/1000
        Progress: 160/1000
        Progress: 200/1000
        Progress: 240/1000
        Progress: 280/1000
        Progress: 320/1000
        Progress: 360/1000
        Progress: 400/1000
        Progress: 440/1000
        Progress: 480/1000
        Progress: 520/1000
        Progress: 560/1000
        Progress: 600/1000
        Progress: 640/1000
        Progress: 680/1000
        Progress: 720/1000
        Progress: 760/1000
        Progress: 800/1000
        Progress: 840/1000
        Progress: 880/1000
        Progress: 920/1000
        Progress: 960/1000
        Progress: 1000/1000
   -> [IC] Generating IC rate table...
   [SDSS J150152.30+174228.2] -> Transport approx 1 (com IC)...
   [Transport] Executando paralelização para electron...
   -> [Fótons] Generating photon table (Sync + IC)...
      Calculando componente Síncrotron...
      Calculando componente Compton Inverso (IC)...
        Progress: 40/1000
        Progress: 80/1000
        Progress: 120/1000
        Progress: 160/1000
        Progress: 200/1000
        Progress: 240/1000
        Progress: 280/1000
        Progress: 320/1000
        Progress: 360/1000
        Progress: 400/1000
        Progress: 440/1000
        Progress: 480/1000
        Progress: 520/1000
        Progress: 560/1000
        Progress: 600/1000
        Progress: 640/1000
        Progress: 680/1000
        Progress: 720/1000
        Progress: 760/1000
        Progress: 800/1000
        Progress: 840/1000
        Progress: 880/1000
        Progress: 920/1000
        Progress: 960/1000
        Progress: 1000/1000
   === [Elétrons] Concluído em 5m 3.47s ===
[SDSS J150425.68+074929.7] Calculating Electrons (1D Transport)...
   [SDSS J150425.68+074929.7] -> Transport approx 0 (sem IC)...
   [Transport] Executando paralelização para electron...
   -> [Fótons] Generating photon table (Sync + IC)...
      Calculando componente Síncrotron...
      Calculando componente Compton Inverso (IC)...
        Progress: 40/1000
        Progress: 80/1000
        Progress: 120/1000
        Progress: 160/1000
        Progress: 200/1000
        Progress: 240/1000
        Progress: 280/1000
        Progress: 320/1000
        Progress: 360/1000
        Progress: 400/1000
        Progress: 440/1000
        Progress: 480/1000
        Progress: 520/1000
        Progress: 560/1000
        Progress: 600/1000
        Progress: 640/1000
        Progress: 680/1000
        Progress: 720/1000
        Progress: 760/1000
        Progress: 800/1000
        Progress: 840/1000
        Progress: 880/1000
        Progress: 920/1000
        Progress: 960/1000
        Progress: 1000/1000
   -> [IC] Generating IC rate table...
   [SDSS J150425.68+074929.7] -> Transport approx 1 (com IC)...
   [Transport] Executando paralelização para electron...
   -> [Fótons] Generating photon table (Sync + IC)...
      Calculando componente Síncrotron...
      Calculando componente Compton Inverso (IC)...
        Progress: 40/1000
        Progress: 80/1000
        Progress: 120/1000
        Progress: 160/1000
        Progress: 200/1000
        Progress: 240/1000
        Progress: 280/1000
        Progress: 320/1000
        Progress: 360/1000
        Progress: 400/1000
        Progress: 440/1000
        Progress: 480/1000
        Progress: 520/1000
        Progress: 560/1000
        Progress: 600/1000
        Progress: 640/1000
        Progress: 680/1000
        Progress: 720/1000
        Progress: 760/1000
        Progress: 800/1000
        Progress: 840/1000
        Progress: 880/1000
        Progress: 920/1000
        Progress: 960/1000
        Progress: 1000/1000
   === [Elétrons] Concluído em 4m 59.49s ===
[SDSS J150601.89+084723.2] Calculating Electrons (1D Transport)...
   [SDSS J150601.89+084723.2] -> Transport approx 0 (sem IC)...
   [Transport] Executando paralelização para electron...
   -> [Fótons] Generating photon table (Sync + IC)...
      Calculando componente Síncrotron...
      Calculando componente Compton Inverso (IC)...
        Progress: 40/1000
        Progress: 80/1000
        Progress: 120/1000
        Progress: 160/1000
        Progress: 200/1000
        Progress: 240/1000
        Progress: 280/1000
        Progress: 320/1000
        Progress: 360/1000
        Progress: 400/1000
        Progress: 440/1000
        Progress: 480/1000
        Progress: 520/1000
        Progress: 560/1000
        Progress: 600/1000
        Progress: 640/1000
        Progress: 680/1000
        Progress: 720/1000
        Progress: 760/1000
        Progress: 800/1000
        Progress: 840/1000
        Progress: 880/1000
        Progress: 920/1000
        Progress: 960/1000
        Progress: 1000/1000
   -> [IC] Generating IC rate table...
   [SDSS J150601.89+084723.2] -> Transport approx 1 (com IC)...
   [Transport] Executando paralelização para electron...
   -> [Fótons] Generating photon table (Sync + IC)...
      Calculando componente Síncrotron...
      Calculando componente Compton Inverso (IC)...
        Progress: 40/1000
        Progress: 80/1000
        Progress: 120/1000
        Progress: 160/1000
        Progress: 200/1000
        Progress: 240/1000
        Progress: 280/1000
        Progress: 320/1000
        Progress: 360/1000
        Progress: 400/1000
        Progress: 440/1000
        Progress: 480/1000
        Progress: 520/1000
        Progress: 560/1000
        Progress: 600/1000
        Progress: 640/1000
        Progress: 680/1000
        Progress: 720/1000
        Progress: 760/1000
        Progress: 800/1000
        Progress: 840/1000
        Progress: 880/1000
        Progress: 920/1000
        Progress: 960/1000
        Progress: 1000/1000
   === [Elétrons] Concluído em 4m 56.99s ===
[SDSS J150636.57+092618.3] Calculating Electrons (1D Transport)...
   [SDSS J150636.57+092618.3] -> Transport approx 0 (sem IC)...
   [Transport] Executando paralelização para electron...
   -> [Fótons] Generating photon table (Sync + IC)...
      Calculando componente Síncrotron...
      Calculando componente Compton Inverso (IC)...
        Progress: 40/1000
        Progress: 80/1000
        Progress: 120/1000
        Progress: 160/1000
        Progress: 200/1000
        Progress: 240/1000
        Progress: 280/1000
        Progress: 320/1000
        Progress: 360/1000
        Progress: 400/1000
        Progress: 440/1000
        Progress: 480/1000
        Progress: 520/1000
        Progress: 560/1000
        Progress: 600/1000
        Progress: 640/1000
        Progress: 680/1000
        Progress: 720/1000
        Progress: 760/1000
        Progress: 800/1000
        Progress: 840/1000
        Progress: 880/1000
        Progress: 920/1000
        Progress: 960/1000
        Progress: 1000/1000
   -> [IC] Generating IC rate table...
   [SDSS J150636.57+092618.3] -> Transport approx 1 (com IC)...
   [Transport] Executando paralelização para electron...
   -> [Fótons] Generating photon table (Sync + IC)...
      Calculando componente Síncrotron...
      Calculando componente Compton Inverso (IC)...
        Progress: 40/1000
        Progress: 80/1000
        Progress: 120/1000
        Progress: 160/1000
        Progress: 200/1000
        Progress: 240/1000
        Progress: 280/1000
        Progress: 320/1000
        Progress: 360/1000
        Progress: 400/1000
        Progress: 440/1000
        Progress: 480/1000
        Progress: 520/1000
        Progress: 560/1000
        Progress: 600/1000
        Progress: 640/1000
        Progress: 680/1000
        Progress: 720/1000
        Progress: 760/1000
        Progress: 800/1000
        Progress: 840/1000
        Progress: 880/1000
        Progress: 920/1000
        Progress: 960/1000
        Progress: 1000/1000
   === [Elétrons] Concluído em 5m 25.39s ===
[SDSS J150808.25+265457.6] Calculating Electrons (1D Transport)...
   [SDSS J150808.25+265457.6] -> Transport approx 0 (sem IC)...
   [Transport] Executando paralelização para electron...
   -> [Fótons] Generating photon table (Sync + IC)...
      Calculando componente Síncrotron...
      Calculando componente Compton Inverso (IC)...
        Progress: 40/1000
        Progress: 80/1000
        Progress: 120/1000
        Progress: 160/1000
        Progress: 200/1000
        Progress: 240/1000
        Progress: 280/1000
        Progress: 320/1000
        Progress: 360/1000
        Progress: 400/1000
        Progress: 440/1000
        Progress: 480/1000
        Progress: 520/1000
        Progress: 560/1000
        Progress: 600/1000
        Progress: 640/1000
        Progress: 680/1000
        Progress: 720/1000
        Progress: 760/1000
        Progress: 800/1000
        Progress: 840/1000
        Progress: 880/1000
        Progress: 920/1000
        Progress: 960/1000
        Progress: 1000/1000
   -> [IC] Generating IC rate table...
   [SDSS J150808.25+265457.6] -> Transport approx 1 (com IC)...
   [Transport] Executando paralelização para electron...
   -> [Fótons] Generating photon table (Sync + IC)...
      Calculando componente Síncrotron...
      Calculando componente Compton Inverso (IC)...
        Progress: 40/1000
        Progress: 80/1000
        Progress: 120/1000
        Progress: 160/1000
        Progress: 200/1000
        Progress: 240/1000
        Progress: 280/1000
        Progress: 320/1000
        Progress: 360/1000
        Progress: 400/1000
        Progress: 440/1000
        Progress: 480/1000
        Progress: 520/1000
        Progress: 560/1000
        Progress: 600/1000
        Progress: 640/1000
        Progress: 680/1000
        Progress: 720/1000
        Progress: 760/1000
        Progress: 800/1000
        Progress: 840/1000
        Progress: 880/1000
        Progress: 920/1000
        Progress: 960/1000
        Progress: 1000/1000
   === [Elétrons] Concluído em 5m 6.51s ===
[SDSS J152010.94+254319.3] Calculating Electrons (1D Transport)...
   [SDSS J152010.94+254319.3] -> Transport approx 0 (sem IC)...
   [Transport] Executando paralelização para electron...
   -> [Fótons] Generating photon table (Sync + IC)...
      Calculando componente Síncrotron...
      Calculando componente Compton Inverso (IC)...
        Progress: 40/1000
        Progress: 80/1000
        Progress: 120/1000
        Progress: 160/1000
        Progress: 200/1000
        Progress: 240/1000
        Progress: 280/1000
        Progress: 320/1000
        Progress: 360/1000
        Progress: 400/1000
        Progress: 440/1000
        Progress: 480/1000
        Progress: 520/1000
        Progress: 560/1000
        Progress: 600/1000
        Progress: 640/1000
        Progress: 680/1000
        Progress: 720/1000
        Progress: 760/1000
        Progress: 800/1000
        Progress: 840/1000
        Progress: 880/1000
        Progress: 920/1000
        Progress: 960/1000
        Progress: 1000/1000
   -> [IC] Generating IC rate table...
   [SDSS J152010.94+254319.3] -> Transport approx 1 (com IC)...
   [Transport] Executando paralelização para electron...
   -> [Fótons] Generating photon table (Sync + IC)...
      Calculando componente Síncrotron...
      Calculando componente Compton Inverso (IC)...
        Progress: 40/1000
        Progress: 80/1000
        Progress: 120/1000
        Progress: 160/1000
        Progress: 200/1000
        Progress: 240/1000
        Progress: 280/1000
        Progress: 320/1000
        Progress: 360/1000
        Progress: 400/1000
        Progress: 440/1000
        Progress: 480/1000
        Progress: 520/1000
        Progress: 560/1000
        Progress: 600/1000
        Progress: 640/1000
        Progress: 680/1000
        Progress: 720/1000
        Progress: 760/1000
        Progress: 800/1000
        Progress: 840/1000
        Progress: 880/1000
        Progress: 920/1000
        Progress: 960/1000
        Progress: 1000/1000
   === [Elétrons] Concluído em 4m 50.53s ===
[SDSS J152151.85+074231.7] Calculating Electrons (1D Transport)...
   [SDSS J152151.85+074231.7] -> Transport approx 0 (sem IC)...
   [Transport] Executando paralelização para electron...
   -> [Fótons] Generating photon table (Sync + IC)...
      Calculando componente Síncrotron...
      Calculando componente Compton Inverso (IC)...
        Progress: 40/1000
        Progress: 80/1000
        Progress: 120/1000
        Progress: 160/1000
        Progress: 200/1000
        Progress: 240/1000
        Progress: 280/1000
        Progress: 320/1000
        Progress: 360/1000
        Progress: 400/1000
        Progress: 440/1000
        Progress: 480/1000
        Progress: 520/1000
        Progress: 560/1000
        Progress: 600/1000
        Progress: 640/1000
        Progress: 680/1000
        Progress: 720/1000
        Progress: 760/1000
        Progress: 800/1000
        Progress: 840/1000
        Progress: 880/1000
        Progress: 920/1000
        Progress: 960/1000
        Progress: 1000/1000
   -> [IC] Generating IC rate table...
   [SDSS J152151.85+074231.7] -> Transport approx 1 (com IC)...
   [Transport] Executando paralelização para electron...
   -> [Fótons] Generating photon table (Sync + IC)...
      Calculando componente Síncrotron...
      Calculando componente Compton Inverso (IC)...
        Progress: 40/1000
        Progress: 80/1000
        Progress: 120/1000
        Progress: 160/1000
        Progress: 200/1000
        Progress: 240/1000
        Progress: 280/1000
        Progress: 320/1000
        Progress: 360/1000
        Progress: 400/1000
        Progress: 440/1000
        Progress: 480/1000
        Progress: 520/1000
        Progress: 560/1000
        Progress: 600/1000
        Progress: 640/1000
        Progress: 680/1000
        Progress: 720/1000
        Progress: 760/1000
        Progress: 800/1000
        Progress: 840/1000
        Progress: 880/1000
        Progress: 920/1000
        Progress: 960/1000
        Progress: 1000/1000
   === [Elétrons] Concluído em 4m 51.30s ===
[SDSS J153016.15+270551.0] Calculating Electrons (1D Transport)...
   [SDSS J153016.15+270551.0] -> Transport approx 0 (sem IC)...
   [Transport] Executando paralelização para electron...
   -> [Fótons] Generating photon table (Sync + IC)...
      Calculando componente Síncrotron...
      Calculando componente Compton Inverso (IC)...
        Progress: 40/1000
        Progress: 80/1000
        Progress: 120/1000
        Progress: 160/1000
        Progress: 200/1000
        Progress: 240/1000
        Progress: 280/1000
        Progress: 320/1000
        Progress: 360/1000
        Progress: 400/1000
        Progress: 440/1000
        Progress: 480/1000
        Progress: 520/1000
        Progress: 560/1000
        Progress: 600/1000
        Progress: 640/1000
        Progress: 680/1000
        Progress: 720/1000
        Progress: 760/1000
        Progress: 800/1000
        Progress: 840/1000
        Progress: 880/1000
        Progress: 920/1000
        Progress: 960/1000
        Progress: 1000/1000
   -> [IC] Generating IC rate table...
   [SDSS J153016.15+270551.0] -> Transport approx 1 (com IC)...
   [Transport] Executando paralelização para electron...
   -> [Fótons] Generating photon table (Sync + IC)...
      Calculando componente Síncrotron...
      Calculando componente Compton Inverso (IC)...
        Progress: 40/1000
        Progress: 80/1000
        Progress: 120/1000
        Progress: 160/1000
        Progress: 200/1000
        Progress: 240/1000
        Progress: 280/1000
        Progress: 320/1000
        Progress: 360/1000
        Progress: 400/1000
        Progress: 440/1000
        Progress: 480/1000
        Progress: 520/1000
        Progress: 560/1000
        Progress: 600/1000
        Progress: 640/1000
        Progress: 680/1000
        Progress: 720/1000
        Progress: 760/1000
        Progress: 800/1000
        Progress: 840/1000
        Progress: 880/1000
        Progress: 920/1000
        Progress: 960/1000
        Progress: 1000/1000
   === [Elétrons] Concluído em 5m 1.95s ===
[SDSS J154147.28+453321.7] Calculating Electrons (1D Transport)...
   [SDSS J154147.28+453321.7] -> Transport approx 0 (sem IC)...
   [Transport] Executando paralelização para electron...
   -> [Fótons] Generating photon table (Sync + IC)...
      Calculando componente Síncrotron...
      Calculando componente Compton Inverso (IC)...
        Progress: 40/1000
        Progress: 80/1000
        Progress: 120/1000
        Progress: 160/1000
        Progress: 200/1000
        Progress: 240/1000
        Progress: 280/1000
        Progress: 320/1000
        Progress: 360/1000
        Progress: 400/1000
        Progress: 440/1000
        Progress: 480/1000
        Progress: 520/1000
        Progress: 560/1000
        Progress: 600/1000
        Progress: 640/1000
        Progress: 680/1000
        Progress: 720/1000
        Progress: 760/1000
        Progress: 800/1000
        Progress: 840/1000
        Progress: 880/1000
        Progress: 920/1000
        Progress: 960/1000
        Progress: 1000/1000
   -> [IC] Generating IC rate table...
   [SDSS J154147.28+453321.7] -> Transport approx 1 (com IC)...
   [Transport] Executando paralelização para electron...
   -> [Fótons] Generating photon table (Sync + IC)...
      Calculando componente Síncrotron...
      Calculando componente Compton Inverso (IC)...
        Progress: 40/1000
        Progress: 80/1000
        Progress: 120/1000
        Progress: 160/1000
        Progress: 200/1000
        Progress: 240/1000
        Progress: 280/1000
        Progress: 320/1000
        Progress: 360/1000
        Progress: 400/1000
        Progress: 440/1000
        Progress: 480/1000
        Progress: 520/1000
        Progress: 560/1000
        Progress: 600/1000
        Progress: 640/1000
        Progress: 680/1000
        Progress: 720/1000
        Progress: 760/1000
        Progress: 800/1000
        Progress: 840/1000
        Progress: 880/1000
        Progress: 920/1000
        Progress: 960/1000
        Progress: 1000/1000
   === [Elétrons] Concluído em 4m 58.16s ===
[SDSS J154426.93+470024.2] Calculating Electrons (1D Transport)...
   [SDSS J154426.93+470024.2] -> Transport approx 0 (sem IC)...
   [Transport] Executando paralelização para electron...
   -> [Fótons] Generating photon table (Sync + IC)...
      Calculando componente Síncrotron...
      Calculando componente Compton Inverso (IC)...
        Progress: 40/1000
        Progress: 80/1000
        Progress: 120/1000
        Progress: 160/1000
        Progress: 200/1000
        Progress: 240/1000
        Progress: 280/1000
        Progress: 320/1000
        Progress: 360/1000
        Progress: 400/1000
        Progress: 440/1000
        Progress: 480/1000
        Progress: 520/1000
        Progress: 560/1000
        Progress: 600/1000
        Progress: 640/1000
        Progress: 680/1000
        Progress: 720/1000
        Progress: 760/1000
        Progress: 800/1000
        Progress: 840/1000
        Progress: 880/1000
        Progress: 920/1000
        Progress: 960/1000
        Progress: 1000/1000
   -> [IC] Generating IC rate table...
   [SDSS J154426.93+470024.2] -> Transport approx 1 (com IC)...
   [Transport] Executando paralelização para electron...
   -> [Fótons] Generating photon table (Sync + IC)...
      Calculando componente Síncrotron...
      Calculando componente Compton Inverso (IC)...
        Progress: 40/1000
        Progress: 80/1000
        Progress: 120/1000
        Progress: 160/1000
        Progress: 200/1000
        Progress: 240/1000
        Progress: 280/1000
        Progress: 320/1000
        Progress: 360/1000
        Progress: 400/1000
        Progress: 440/1000
        Progress: 480/1000
        Progress: 520/1000
        Progress: 560/1000
        Progress: 600/1000
        Progress: 640/1000
        Progress: 680/1000
        Progress: 720/1000
        Progress: 760/1000
        Progress: 800/1000
        Progress: 840/1000
        Progress: 880/1000
        Progress: 920/1000
        Progress: 960/1000
        Progress: 1000/1000
   === [Elétrons] Concluído em 4m 51.53s ===
[SDSS J154451.23+433050.6] Calculating Electrons (1D Transport)...
   [SDSS J154451.23+433050.6] -> Transport approx 0 (sem IC)...
   [Transport] Executando paralelização para electron...
   -> [Fótons] Generating photon table (Sync + IC)...
      Calculando componente Síncrotron...
      Calculando componente Compton Inverso (IC)...
        Progress: 40/1000
        Progress: 80/1000
        Progress: 120/1000
        Progress: 160/1000
        Progress: 200/1000
        Progress: 240/1000
        Progress: 280/1000
        Progress: 320/1000
        Progress: 360/1000
        Progress: 400/1000
        Progress: 440/1000
        Progress: 480/1000
        Progress: 520/1000
        Progress: 560/1000
        Progress: 600/1000
        Progress: 640/1000
        Progress: 680/1000
        Progress: 720/1000
        Progress: 760/1000
        Progress: 800/1000
        Progress: 840/1000
        Progress: 880/1000
        Progress: 920/1000
        Progress: 960/1000
        Progress: 1000/1000
   -> [IC] Generating IC rate table...
   [SDSS J154451.23+433050.6] -> Transport approx 1 (com IC)...
   [Transport] Executando paralelização para electron...
   -> [Fótons] Generating photon table (Sync + IC)...
      Calculando componente Síncrotron...
      Calculando componente Compton Inverso (IC)...
        Progress: 40/1000
        Progress: 80/1000
        Progress: 120/1000
        Progress: 160/1000
        Progress: 200/1000
        Progress: 240/1000
        Progress: 280/1000
        Progress: 320/1000
        Progress: 360/1000
        Progress: 400/1000
        Progress: 440/1000
        Progress: 480/1000
        Progress: 520/1000
        Progress: 560/1000
        Progress: 600/1000
        Progress: 640/1000
        Progress: 680/1000
        Progress: 720/1000
        Progress: 760/1000
        Progress: 800/1000
        Progress: 840/1000
        Progress: 880/1000
        Progress: 920/1000
        Progress: 960/1000
        Progress: 1000/1000
   === [Elétrons] Concluído em 4m 59.33s ===
[SDSS J155951.61+255626.3] Calculating Electrons (1D Transport)...
   [SDSS J155951.61+255626.3] -> Transport approx 0 (sem IC)...
   [Transport] Executando paralelização para electron...
   -> [Fótons] Generating photon table (Sync + IC)...
      Calculando componente Síncrotron...
      Calculando componente Compton Inverso (IC)...
        Progress: 40/1000
        Progress: 80/1000
        Progress: 120/1000
        Progress: 160/1000
        Progress: 200/1000
        Progress: 240/1000
        Progress: 280/1000
        Progress: 320/1000
        Progress: 360/1000
        Progress: 400/1000
        Progress: 440/1000
        Progress: 480/1000
        Progress: 520/1000
        Progress: 560/1000
        Progress: 600/1000
        Progress: 640/1000
        Progress: 680/1000
        Progress: 720/1000
        Progress: 760/1000
        Progress: 800/1000
        Progress: 840/1000
        Progress: 880/1000
        Progress: 920/1000
        Progress: 960/1000
        Progress: 1000/1000
   -> [IC] Generating IC rate table...
   [SDSS J155951.61+255626.3] -> Transport approx 1 (com IC)...
   [Transport] Executando paralelização para electron...
   -> [Fótons] Generating photon table (Sync + IC)...
      Calculando componente Síncrotron...
      Calculando componente Compton Inverso (IC)...
        Progress: 40/1000
        Progress: 80/1000
        Progress: 120/1000
        Progress: 160/1000
        Progress: 200/1000
        Progress: 240/1000
        Progress: 280/1000
        Progress: 320/1000
        Progress: 360/1000
        Progress: 400/1000
        Progress: 440/1000
        Progress: 480/1000
        Progress: 520/1000
        Progress: 560/1000
        Progress: 600/1000
        Progress: 640/1000
        Progress: 680/1000
        Progress: 720/1000
        Progress: 760/1000
        Progress: 800/1000
        Progress: 840/1000
        Progress: 880/1000
        Progress: 920/1000
        Progress: 960/1000
        Progress: 1000/1000
   === [Elétrons] Concluído em 5m 6.58s ===
[SDSS J155953.99+444232.4] Calculating Electrons (1D Transport)...
   [SDSS J155953.99+444232.4] -> Transport approx 0 (sem IC)...
   [Transport] Executando paralelização para electron...
   -> [Fótons] Generating photon table (Sync + IC)...
      Calculando componente Síncrotron...
      Calculando componente Compton Inverso (IC)...
        Progress: 40/1000
        Progress: 80/1000
        Progress: 120/1000
        Progress: 160/1000
        Progress: 200/1000
        Progress: 240/1000
        Progress: 280/1000
        Progress: 320/1000
        Progress: 360/1000
        Progress: 400/1000
        Progress: 440/1000
        Progress: 480/1000
        Progress: 520/1000
        Progress: 560/1000
        Progress: 600/1000
        Progress: 640/1000
        Progress: 680/1000
        Progress: 720/1000
        Progress: 760/1000
        Progress: 800/1000
        Progress: 840/1000
        Progress: 880/1000
        Progress: 920/1000
        Progress: 960/1000
        Progress: 1000/1000
   -> [IC] Generating IC rate table...
   [SDSS J155953.99+444232.4] -> Transport approx 1 (com IC)...
   [Transport] Executando paralelização para electron...
   -> [Fótons] Generating photon table (Sync + IC)...
      Calculando componente Síncrotron...
      Calculando componente Compton Inverso (IC)...
        Progress: 40/1000
        Progress: 80/1000
        Progress: 120/1000
        Progress: 160/1000
        Progress: 200/1000
        Progress: 240/1000
        Progress: 280/1000
        Progress: 320/1000
        Progress: 360/1000
        Progress: 400/1000
        Progress: 440/1000
        Progress: 480/1000
        Progress: 520/1000
        Progress: 560/1000
        Progress: 600/1000
        Progress: 640/1000
        Progress: 680/1000
        Progress: 720/1000
        Progress: 760/1000
        Progress: 800/1000
        Progress: 840/1000
        Progress: 880/1000
        Progress: 920/1000
        Progress: 960/1000
        Progress: 1000/1000
   === [Elétrons] Concluído em 5m 17.50s ===
[SDSS J160426.51+174431.1] Calculating Electrons (1D Transport)...
   [SDSS J160426.51+174431.1] -> Transport approx 0 (sem IC)...
   [Transport] Executando paralelização para electron...
   -> [Fótons] Generating photon table (Sync + IC)...
      Calculando componente Síncrotron...
      Calculando componente Compton Inverso (IC)...
        Progress: 40/1000
        Progress: 80/1000
        Progress: 120/1000
        Progress: 160/1000
        Progress: 200/1000
        Progress: 240/1000
        Progress: 280/1000
        Progress: 320/1000
        Progress: 360/1000
        Progress: 400/1000
        Progress: 440/1000
        Progress: 480/1000
        Progress: 520/1000
        Progress: 560/1000
        Progress: 600/1000
        Progress: 640/1000
        Progress: 680/1000
        Progress: 720/1000
        Progress: 760/1000
        Progress: 800/1000
        Progress: 840/1000
        Progress: 880/1000
        Progress: 920/1000
        Progress: 960/1000
        Progress: 1000/1000
   -> [IC] Generating IC rate table...
   [SDSS J160426.51+174431.1] -> Transport approx 1 (com IC)...
   [Transport] Executando paralelização para electron...
   -> [Fótons] Generating photon table (Sync + IC)...
      Calculando componente Síncrotron...
      Calculando componente Compton Inverso (IC)...
        Progress: 40/1000
        Progress: 80/1000
        Progress: 120/1000
        Progress: 160/1000
        Progress: 200/1000
        Progress: 240/1000
        Progress: 280/1000
        Progress: 320/1000
        Progress: 360/1000
        Progress: 400/1000
        Progress: 440/1000
        Progress: 480/1000
        Progress: 520/1000
        Progress: 560/1000
        Progress: 600/1000
        Progress: 640/1000
        Progress: 680/1000
        Progress: 720/1000
        Progress: 760/1000
        Progress: 800/1000
        Progress: 840/1000
        Progress: 880/1000
        Progress: 920/1000
        Progress: 960/1000
        Progress: 1000/1000
   === [Elétrons] Concluído em 5m 9.63s ===
[SDSS J160523.84+143851.6] Calculating Electrons (1D Transport)...
   [SDSS J160523.84+143851.6] -> Transport approx 0 (sem IC)...
   [Transport] Executando paralelização para electron...
   -> [Fótons] Generating photon table (Sync + IC)...
      Calculando componente Síncrotron...
      Calculando componente Compton Inverso (IC)...
        Progress: 40/1000
        Progress: 80/1000
        Progress: 120/1000
        Progress: 160/1000
        Progress: 200/1000
        Progress: 240/1000
        Progress: 280/1000
        Progress: 320/1000
        Progress: 360/1000
        Progress: 400/1000
        Progress: 440/1000
        Progress: 480/1000
        Progress: 520/1000
        Progress: 560/1000
        Progress: 600/1000
        Progress: 640/1000
        Progress: 680/1000
        Progress: 720/1000
        Progress: 760/1000
        Progress: 800/1000
        Progress: 840/1000
        Progress: 880/1000
        Progress: 920/1000
        Progress: 960/1000
        Progress: 1000/1000
   -> [IC] Generating IC rate table...
   [SDSS J160523.84+143851.6] -> Transport approx 1 (com IC)...
   [Transport] Executando paralelização para electron...
   -> [Fótons] Generating photon table (Sync + IC)...
      Calculando componente Síncrotron...
      Calculando componente Compton Inverso (IC)...
        Progress: 40/1000
        Progress: 80/1000
        Progress: 120/1000
        Progress: 160/1000
        Progress: 200/1000
        Progress: 240/1000
        Progress: 280/1000
        Progress: 320/1000
        Progress: 360/1000
        Progress: 400/1000
        Progress: 440/1000
        Progress: 480/1000
        Progress: 520/1000
        Progress: 560/1000
        Progress: 600/1000
        Progress: 640/1000
        Progress: 680/1000
        Progress: 720/1000
        Progress: 760/1000
        Progress: 800/1000
        Progress: 840/1000
        Progress: 880/1000
        Progress: 920/1000
        Progress: 960/1000
        Progress: 1000/1000
   === [Elétrons] Concluído em 4m 50.03s ===
[SDSS J160641.83+084436.8] Calculating Electrons (1D Transport)...
   [SDSS J160641.83+084436.8] -> Transport approx 0 (sem IC)...
   [Transport] Executando paralelização para electron...
   -> [Fótons] Generating photon table (Sync + IC)...
      Calculando componente Síncrotron...
      Calculando componente Compton Inverso (IC)...
        Progress: 40/1000
        Progress: 80/1000
        Progress: 120/1000
        Progress: 160/1000
        Progress: 200/1000
        Progress: 240/1000
        Progress: 280/1000
        Progress: 320/1000
        Progress: 360/1000
        Progress: 400/1000
        Progress: 440/1000
        Progress: 480/1000
        Progress: 520/1000
        Progress: 560/1000
        Progress: 600/1000
        Progress: 640/1000
        Progress: 680/1000
        Progress: 720/1000
        Progress: 760/1000
        Progress: 800/1000
        Progress: 840/1000
        Progress: 880/1000
        Progress: 920/1000
        Progress: 960/1000
        Progress: 1000/1000
   -> [IC] Generating IC rate table...
   [SDSS J160641.83+084436.8] -> Transport approx 1 (com IC)...
   [Transport] Executando paralelização para electron...
   -> [Fótons] Generating photon table (Sync + IC)...
      Calculando componente Síncrotron...
      Calculando componente Compton Inverso (IC)...
        Progress: 40/1000
        Progress: 80/1000
        Progress: 120/1000
        Progress: 160/1000
        Progress: 200/1000
        Progress: 240/1000
        Progress: 280/1000
        Progress: 320/1000
        Progress: 360/1000
        Progress: 400/1000
        Progress: 440/1000
        Progress: 480/1000
        Progress: 520/1000
        Progress: 560/1000
        Progress: 600/1000
        Progress: 640/1000
        Progress: 680/1000
        Progress: 720/1000
        Progress: 760/1000
        Progress: 800/1000
        Progress: 840/1000
        Progress: 880/1000
        Progress: 920/1000
        Progress: 960/1000
        Progress: 1000/1000
   === [Elétrons] Concluído em 5m 9.80s ===
[SDSS J161238.84+293836.9] Calculating Electrons (1D Transport)...
   [SDSS J161238.84+293836.9] -> Transport approx 0 (sem IC)...
   [Transport] Executando paralelização para electron...
   -> [Fótons] Generating photon table (Sync + IC)...
      Calculando componente Síncrotron...
      Calculando componente Compton Inverso (IC)...
        Progress: 40/1000
        Progress: 80/1000
        Progress: 120/1000
        Progress: 160/1000
        Progress: 200/1000
        Progress: 240/1000
        Progress: 280/1000
        Progress: 320/1000
        Progress: 360/1000
        Progress: 400/1000
        Progress: 440/1000
        Progress: 480/1000
        Progress: 520/1000
        Progress: 560/1000
        Progress: 600/1000
        Progress: 640/1000
        Progress: 680/1000
        Progress: 720/1000
        Progress: 760/1000
        Progress: 800/1000
        Progress: 840/1000
        Progress: 880/1000
        Progress: 920/1000
        Progress: 960/1000
        Progress: 1000/1000
   -> [IC] Generating IC rate table...
   [SDSS J161238.84+293836.9] -> Transport approx 1 (com IC)...
   [Transport] Executando paralelização para electron...
   -> [Fótons] Generating photon table (Sync + IC)...
      Calculando componente Síncrotron...
      Calculando componente Compton Inverso (IC)...
        Progress: 40/1000
        Progress: 80/1000
        Progress: 120/1000
        Progress: 160/1000
        Progress: 200/1000
        Progress: 240/1000
        Progress: 280/1000
        Progress: 320/1000
        Progress: 360/1000
        Progress: 400/1000
        Progress: 440/1000
        Progress: 480/1000
        Progress: 520/1000
        Progress: 560/1000
        Progress: 600/1000
        Progress: 640/1000
        Progress: 680/1000
        Progress: 720/1000
        Progress: 760/1000
        Progress: 800/1000
        Progress: 840/1000
        Progress: 880/1000
        Progress: 920/1000
        Progress: 960/1000
        Progress: 1000/1000
   === [Elétrons] Concluído em 4m 55.47s ===
[SDSS J161256.85+095201.5] Calculating Electrons (1D Transport)...
   [SDSS J161256.85+095201.5] -> Transport approx 0 (sem IC)...
   [Transport] Executando paralelização para electron...
   -> [Fótons] Generating photon table (Sync + IC)...
      Calculando componente Síncrotron...
      Calculando componente Compton Inverso (IC)...
        Progress: 40/1000
        Progress: 80/1000
        Progress: 120/1000
        Progress: 160/1000
        Progress: 200/1000
        Progress: 240/1000
        Progress: 280/1000
        Progress: 320/1000
        Progress: 360/1000
        Progress: 400/1000
        Progress: 440/1000
        Progress: 480/1000
        Progress: 520/1000
        Progress: 560/1000
        Progress: 600/1000
        Progress: 640/1000
        Progress: 680/1000
        Progress: 720/1000
        Progress: 760/1000
        Progress: 800/1000
        Progress: 840/1000
        Progress: 880/1000
        Progress: 920/1000
        Progress: 960/1000
        Progress: 1000/1000
   -> [IC] Generating IC rate table...
   [SDSS J161256.85+095201.5] -> Transport approx 1 (com IC)...
   [Transport] Executando paralelização para electron...
   -> [Fótons] Generating photon table (Sync + IC)...
      Calculando componente Síncrotron...
      Calculando componente Compton Inverso (IC)...
        Progress: 40/1000
        Progress: 80/1000
        Progress: 120/1000
        Progress: 160/1000
        Progress: 200/1000
        Progress: 240/1000
        Progress: 280/1000
        Progress: 320/1000
        Progress: 360/1000
        Progress: 400/1000
        Progress: 440/1000
        Progress: 480/1000
        Progress: 520/1000
        Progress: 560/1000
        Progress: 600/1000
        Progress: 640/1000
        Progress: 680/1000
        Progress: 720/1000
        Progress: 760/1000
        Progress: 800/1000
        Progress: 840/1000
        Progress: 880/1000
        Progress: 920/1000
        Progress: 960/1000
        Progress: 1000/1000
   === [Elétrons] Concluído em 4m 57.85s ===
[SDSS J162146.06+254914.4] Calculating Electrons (1D Transport)...
   [SDSS J162146.06+254914.4] -> Transport approx 0 (sem IC)...
   [Transport] Executando paralelização para electron...
   -> [Fótons] Generating photon table (Sync + IC)...
      Calculando componente Síncrotron...
      Calculando componente Compton Inverso (IC)...
        Progress: 40/1000
        Progress: 80/1000
        Progress: 120/1000
        Progress: 160/1000
        Progress: 200/1000
        Progress: 240/1000
        Progress: 280/1000
        Progress: 320/1000
        Progress: 360/1000
        Progress: 400/1000
        Progress: 440/1000
        Progress: 480/1000
        Progress: 520/1000
        Progress: 560/1000
        Progress: 600/1000
        Progress: 640/1000
        Progress: 680/1000
        Progress: 720/1000
        Progress: 760/1000
        Progress: 800/1000
        Progress: 840/1000
        Progress: 880/1000
        Progress: 920/1000
        Progress: 960/1000
        Progress: 1000/1000
   -> [IC] Generating IC rate table...
   [SDSS J162146.06+254914.4] -> Transport approx 1 (com IC)...
   [Transport] Executando paralelização para electron...
   -> [Fótons] Generating photon table (Sync + IC)...
      Calculando componente Síncrotron...
      Calculando componente Compton Inverso (IC)...
        Progress: 40/1000
        Progress: 80/1000
        Progress: 120/1000
        Progress: 160/1000
        Progress: 200/1000
        Progress: 240/1000
        Progress: 280/1000
        Progress: 320/1000
        Progress: 360/1000
        Progress: 400/1000
        Progress: 440/1000
        Progress: 480/1000
        Progress: 520/1000
        Progress: 560/1000
        Progress: 600/1000
        Progress: 640/1000
        Progress: 680/1000
        Progress: 720/1000
        Progress: 760/1000
        Progress: 800/1000
        Progress: 840/1000
        Progress: 880/1000
        Progress: 920/1000
        Progress: 960/1000
        Progress: 1000/1000
   === [Elétrons] Concluído em 5m 6.86s ===
[SDSS J162846.13+252940.9] Calculating Electrons (1D Transport)...
   [SDSS J162846.13+252940.9] -> Transport approx 0 (sem IC)...
   [Transport] Executando paralelização para electron...
   -> [Fótons] Generating photon table (Sync + IC)...
      Calculando componente Síncrotron...
      Calculando componente Compton Inverso (IC)...
        Progress: 40/1000
        Progress: 80/1000
        Progress: 120/1000
        Progress: 160/1000
        Progress: 200/1000
        Progress: 240/1000
        Progress: 280/1000
        Progress: 320/1000
        Progress: 360/1000
        Progress: 400/1000
        Progress: 440/1000
        Progress: 480/1000
        Progress: 520/1000
        Progress: 560/1000
        Progress: 600/1000
        Progress: 640/1000
        Progress: 680/1000
        Progress: 720/1000
        Progress: 760/1000
        Progress: 800/1000
        Progress: 840/1000
        Progress: 880/1000
        Progress: 920/1000
        Progress: 960/1000
        Progress: 1000/1000
   -> [IC] Generating IC rate table...
   [SDSS J162846.13+252940.9] -> Transport approx 1 (com IC)...
   [Transport] Executando paralelização para electron...
   -> [Fótons] Generating photon table (Sync + IC)...
      Calculando componente Síncrotron...
      Calculando componente Compton Inverso (IC)...
        Progress: 40/1000
        Progress: 80/1000
        Progress: 120/1000
        Progress: 160/1000
        Progress: 200/1000
        Progress: 240/1000
        Progress: 280/1000
        Progress: 320/1000
        Progress: 360/1000
        Progress: 400/1000
        Progress: 440/1000
        Progress: 480/1000
        Progress: 520/1000
        Progress: 560/1000
        Progress: 600/1000
        Progress: 640/1000
        Progress: 680/1000
        Progress: 720/1000
        Progress: 760/1000
        Progress: 800/1000
        Progress: 840/1000
        Progress: 880/1000
        Progress: 920/1000
        Progress: 960/1000
        Progress: 1000/1000
   === [Elétrons] Concluído em 4m 57.85s ===
[SDSS J162944.98+404841.6] Calculating Electrons (1D Transport)...
   [SDSS J162944.98+404841.6] -> Transport approx 0 (sem IC)...
   [Transport] Executando paralelização para electron...
   -> [Fótons] Generating photon table (Sync + IC)...
      Calculando componente Síncrotron...
      Calculando componente Compton Inverso (IC)...
        Progress: 40/1000
        Progress: 80/1000
        Progress: 120/1000
        Progress: 160/1000
        Progress: 200/1000
        Progress: 240/1000
        Progress: 280/1000
        Progress: 320/1000
        Progress: 360/1000
        Progress: 400/1000
        Progress: 440/1000
        Progress: 480/1000
        Progress: 520/1000
        Progress: 560/1000
        Progress: 600/1000
        Progress: 640/1000
        Progress: 680/1000
        Progress: 720/1000
        Progress: 760/1000
        Progress: 800/1000
        Progress: 840/1000
        Progress: 880/1000
        Progress: 920/1000
        Progress: 960/1000
        Progress: 1000/1000
   -> [IC] Generating IC rate table...
   [SDSS J162944.98+404841.6] -> Transport approx 1 (com IC)...
   [Transport] Executando paralelização para electron...
   -> [Fótons] Generating photon table (Sync + IC)...
      Calculando componente Síncrotron...
      Calculando componente Compton Inverso (IC)...
        Progress: 40/1000
        Progress: 80/1000
        Progress: 120/1000
        Progress: 160/1000
        Progress: 200/1000
        Progress: 240/1000
        Progress: 280/1000
        Progress: 320/1000
        Progress: 360/1000
        Progress: 400/1000
        Progress: 440/1000
        Progress: 480/1000
        Progress: 520/1000
        Progress: 560/1000
        Progress: 600/1000
        Progress: 640/1000
        Progress: 680/1000
        Progress: 720/1000
        Progress: 760/1000
        Progress: 800/1000
        Progress: 840/1000
        Progress: 880/1000
        Progress: 920/1000
        Progress: 960/1000
        Progress: 1000/1000
   === [Elétrons] Concluído em 4m 46.36s ===
[SDSS J164925.86+360321.3] Calculating Electrons (1D Transport)...
   [SDSS J164925.86+360321.3] -> Transport approx 0 (sem IC)...
   [Transport] Executando paralelização para electron...
   -> [Fótons] Generating photon table (Sync + IC)...
      Calculando componente Síncrotron...
      Calculando componente Compton Inverso (IC)...
        Progress: 40/1000
        Progress: 80/1000
        Progress: 120/1000
        Progress: 160/1000
        Progress: 200/1000
        Progress: 240/1000
        Progress: 280/1000
        Progress: 320/1000
        Progress: 360/1000
        Progress: 400/1000
        Progress: 440/1000
        Progress: 480/1000
        Progress: 520/1000
        Progress: 560/1000
        Progress: 600/1000
        Progress: 640/1000
        Progress: 680/1000
        Progress: 720/1000
        Progress: 760/1000
        Progress: 800/1000
        Progress: 840/1000
        Progress: 880/1000
        Progress: 920/1000
        Progress: 960/1000
        Progress: 1000/1000
   -> [IC] Generating IC rate table...
   [SDSS J164925.86+360321.3] -> Transport approx 1 (com IC)...
   [Transport] Executando paralelização para electron...
   -> [Fótons] Generating photon table (Sync + IC)...
      Calculando componente Síncrotron...
      Calculando componente Compton Inverso (IC)...
        Progress: 40/1000
        Progress: 80/1000
        Progress: 120/1000
        Progress: 160/1000
        Progress: 200/1000
        Progress: 240/1000
        Progress: 280/1000
        Progress: 320/1000
        Progress: 360/1000
        Progress: 400/1000
        Progress: 440/1000
        Progress: 480/1000
        Progress: 520/1000
        Progress: 560/1000
        Progress: 600/1000
        Progress: 640/1000
        Progress: 680/1000
        Progress: 720/1000
        Progress: 760/1000
        Progress: 800/1000
        Progress: 840/1000
        Progress: 880/1000
        Progress: 920/1000
        Progress: 960/1000
        Progress: 1000/1000
   === [Elétrons] Concluído em 5m 4.89s ===
[SDSS J165830.05+252324.9] Calculating Electrons (1D Transport)...
   [SDSS J165830.05+252324.9] -> Transport approx 0 (sem IC)...
   [Transport] Executando paralelização para electron...
   -> [Fótons] Generating photon table (Sync + IC)...
      Calculando componente Síncrotron...
      Calculando componente Compton Inverso (IC)...
        Progress: 40/1000
        Progress: 80/1000
        Progress: 120/1000
        Progress: 160/1000
        Progress: 200/1000
        Progress: 240/1000
        Progress: 280/1000
        Progress: 320/1000
        Progress: 360/1000
        Progress: 400/1000
        Progress: 440/1000
        Progress: 480/1000
        Progress: 520/1000
        Progress: 560/1000
        Progress: 600/1000
        Progress: 640/1000
        Progress: 680/1000
        Progress: 720/1000
        Progress: 760/1000
        Progress: 800/1000
        Progress: 840/1000
        Progress: 880/1000
        Progress: 920/1000
        Progress: 960/1000
        Progress: 1000/1000
   -> [IC] Generating IC rate table...
   [SDSS J165830.05+252324.9] -> Transport approx 1 (com IC)...
   [Transport] Executando paralelização para electron...
   -> [Fótons] Generating photon table (Sync + IC)...
      Calculando componente Síncrotron...
      Calculando componente Compton Inverso (IC)...
        Progress: 40/1000
        Progress: 80/1000
        Progress: 120/1000
        Progress: 160/1000
        Progress: 200/1000
        Progress: 240/1000
        Progress: 280/1000
        Progress: 320/1000
        Progress: 360/1000
        Progress: 400/1000
        Progress: 440/1000
        Progress: 480/1000
        Progress: 520/1000
        Progress: 560/1000
        Progress: 600/1000
        Progress: 640/1000
        Progress: 680/1000
        Progress: 720/1000
        Progress: 760/1000
        Progress: 800/1000
        Progress: 840/1000
        Progress: 880/1000
        Progress: 920/1000
        Progress: 960/1000
        Progress: 1000/1000
   === [Elétrons] Concluído em 4m 59.81s ===
[SDSS J170358.49+241039.5] Calculating Electrons (1D Transport)...
   [SDSS J170358.49+241039.5] -> Transport approx 0 (sem IC)...
   [Transport] Executando paralelização para electron...
   -> [Fótons] Generating photon table (Sync + IC)...
      Calculando componente Síncrotron...
      Calculando componente Compton Inverso (IC)...
        Progress: 40/1000
        Progress: 80/1000
        Progress: 120/1000
        Progress: 160/1000
        Progress: 200/1000
        Progress: 240/1000
        Progress: 280/1000
        Progress: 320/1000
        Progress: 360/1000
        Progress: 400/1000
        Progress: 440/1000
        Progress: 480/1000
        Progress: 520/1000
        Progress: 560/1000
        Progress: 600/1000
        Progress: 640/1000
        Progress: 680/1000
        Progress: 720/1000
        Progress: 760/1000
        Progress: 800/1000
        Progress: 840/1000
        Progress: 880/1000
        Progress: 920/1000
        Progress: 960/1000
        Progress: 1000/1000
   -> [IC] Generating IC rate table...
   [SDSS J170358.49+241039.5] -> Transport approx 1 (com IC)...
   [Transport] Executando paralelização para electron...
   -> [Fótons] Generating photon table (Sync + IC)...
      Calculando componente Síncrotron...
      Calculando componente Compton Inverso (IC)...
        Progress: 40/1000
        Progress: 80/1000
        Progress: 120/1000
        Progress: 160/1000
        Progress: 200/1000
        Progress: 240/1000
        Progress: 280/1000
        Progress: 320/1000
        Progress: 360/1000
        Progress: 400/1000
        Progress: 440/1000
        Progress: 480/1000
        Progress: 520/1000
        Progress: 560/1000
        Progress: 600/1000
        Progress: 640/1000
        Progress: 680/1000
        Progress: 720/1000
        Progress: 760/1000
        Progress: 800/1000
        Progress: 840/1000
        Progress: 880/1000
        Progress: 920/1000
        Progress: 960/1000
        Progress: 1000/1000
   === [Elétrons] Concluído em 4m 47.31s ===
[SDSS J171522.97+572440.2] Calculating Electrons (1D Transport)...
   [SDSS J171522.97+572440.2] -> Transport approx 0 (sem IC)...
   [Transport] Executando paralelização para electron...
   -> [Fótons] Generating photon table (Sync + IC)...
      Calculando componente Síncrotron...
      Calculando componente Compton Inverso (IC)...
        Progress: 40/1000
        Progress: 80/1000
        Progress: 120/1000
        Progress: 160/1000
        Progress: 200/1000
        Progress: 240/1000
        Progress: 280/1000
        Progress: 320/1000
        Progress: 360/1000
        Progress: 400/1000
        Progress: 440/1000
        Progress: 480/1000
        Progress: 520/1000
        Progress: 560/1000
        Progress: 600/1000
        Progress: 640/1000
        Progress: 680/1000
        Progress: 720/1000
        Progress: 760/1000
        Progress: 800/1000
        Progress: 840/1000
        Progress: 880/1000
        Progress: 920/1000
        Progress: 960/1000
        Progress: 1000/1000
   -> [IC] Generating IC rate table...
   [SDSS J171522.97+572440.2] -> Transport approx 1 (com IC)...
   [Transport] Executando paralelização para electron...
   -> [Fótons] Generating photon table (Sync + IC)...
      Calculando componente Síncrotron...
      Calculando componente Compton Inverso (IC)...
        Progress: 40/1000
        Progress: 80/1000
        Progress: 120/1000
        Progress: 160/1000
        Progress: 200/1000
        Progress: 240/1000
        Progress: 280/1000
        Progress: 320/1000
        Progress: 360/1000
        Progress: 400/1000
        Progress: 440/1000
        Progress: 480/1000
        Progress: 520/1000
        Progress: 560/1000
        Progress: 600/1000
        Progress: 640/1000
        Progress: 680/1000
        Progress: 720/1000
        Progress: 760/1000
        Progress: 800/1000
        Progress: 840/1000
        Progress: 880/1000
        Progress: 920/1000
        Progress: 960/1000
        Progress: 1000/1000
   === [Elétrons] Concluído em 4m 49.24s ===
[SDSS J172215.41+304239.8] Calculating Electrons (1D Transport)...
   [SDSS J172215.41+304239.8] -> Transport approx 0 (sem IC)...
   [Transport] Executando paralelização para electron...
   -> [Fótons] Generating photon table (Sync + IC)...
      Calculando componente Síncrotron...
      Calculando componente Compton Inverso (IC)...
        Progress: 40/1000
        Progress: 80/1000
        Progress: 120/1000
        Progress: 160/1000
        Progress: 200/1000
        Progress: 240/1000
        Progress: 280/1000
        Progress: 320/1000
        Progress: 360/1000
        Progress: 400/1000
        Progress: 440/1000
        Progress: 480/1000
        Progress: 520/1000
        Progress: 560/1000
        Progress: 600/1000
        Progress: 640/1000
        Progress: 680/1000
        Progress: 720/1000
        Progress: 760/1000
        Progress: 800/1000
        Progress: 840/1000
        Progress: 880/1000
        Progress: 920/1000
        Progress: 960/1000
        Progress: 1000/1000
   -> [IC] Generating IC rate table...
   [SDSS J172215.41+304239.8] -> Transport approx 1 (com IC)...
   [Transport] Executando paralelização para electron...
   -> [Fótons] Generating photon table (Sync + IC)...
      Calculando componente Síncrotron...
      Calculando componente Compton Inverso (IC)...
        Progress: 40/1000
        Progress: 80/1000
        Progress: 120/1000
        Progress: 160/1000
        Progress: 200/1000
        Progress: 240/1000
        Progress: 280/1000
        Progress: 320/1000
        Progress: 360/1000
        Progress: 400/1000
        Progress: 440/1000
        Progress: 480/1000
        Progress: 520/1000
        Progress: 560/1000
        Progress: 600/1000
        Progress: 640/1000
        Progress: 680/1000
        Progress: 720/1000
        Progress: 760/1000
        Progress: 800/1000
        Progress: 840/1000
        Progress: 880/1000
        Progress: 920/1000
        Progress: 960/1000
        Progress: 1000/1000
   === [Elétrons] Concluído em 4m 51.49s ===
=== [data3_iron] Parâmetros salvos em 'data3_iron/all_calculated_parameters.csv' ===

=== [data3_iron] Calculando núcleos de oxigênio (104 fontes) ===
[SDSS J010852.48-003919.4] Calculating iron nuclei (Z=26, A=56)
   [SDSS J010852.48-003919.4] -> Transporte de oxigênio (sync + adiabático + O-p + p-gamma + fotodesintegração)...
   [Transport] Executando paralelização para iron...
   === [Oxigênio] Concluído em 44m 9.90s ===
[SDSS J011204.61-001442.4] Calculating iron nuclei (Z=26, A=56)
   [SDSS J011204.61-001442.4] -> Transporte de oxigênio (sync + adiabático + O-p + p-gamma + fotodesintegração)...
   [Transport] Executando paralelização para iron...
   === [Oxigênio] Concluído em 44m 12.66s ===
[SDSS J011515.78+001248.4] Calculating iron nuclei (Z=26, A=56)
   [SDSS J011515.78+001248.4] -> Transporte de oxigênio (sync + adiabático + O-p + p-gamma + fotodesintegração)...
   [Transport] Executando paralelização para iron...
   === [Oxigênio] Concluído em 41m 20.74s ===
[SDSS J015127.10-083019.3] Calculating iron nuclei (Z=26, A=56)
   [SDSS J015127.10-083019.3] -> Transporte de oxigênio (sync + adiabático + O-p + p-gamma + fotodesintegração)...
   [Transport] Executando paralelização para iron...
   === [Oxigênio] Concluído em 42m 17.58s ===
[SDSS J020835.81-083754.8] Calculating iron nuclei (Z=26, A=56)
   [SDSS J020835.81-083754.8] -> Transporte de oxigênio (sync + adiabático + O-p + p-gamma + fotodesintegração)...
   [Transport] Executando paralelização para iron...
   === [Oxigênio] Concluído em 44m 39.32s ===
[SDSS J075354.98+130916.5] Calculating iron nuclei (Z=26, A=56)
   [SDSS J075354.98+130916.5] -> Transporte de oxigênio (sync + adiabático + O-p + p-gamma + fotodesintegração)...
   [Transport] Executando paralelização para iron...
   === [Oxigênio] Concluído em 46m 22.51s ===
[SDSS J080716.58+145703.3] Calculating iron nuclei (Z=26, A=56)
   [SDSS J080716.58+145703.3] -> Transporte de oxigênio (sync + adiabático + O-p + p-gamma + fotodesintegração)...
   [Transport] Executando paralelização para iron...
   === [Oxigênio] Concluído em 43m 53.44s ===
[SDSS J083158.49+562052.3] Calculating iron nuclei (Z=26, A=56)
   [SDSS J083158.49+562052.3] -> Transporte de oxigênio (sync + adiabático + O-p + p-gamma + fotodesintegração)...
   [Transport] Executando paralelização para iron...
   === [Oxigênio] Concluído em 42m 7.81s ===
[SDSS J083511.98+051829.2] Calculating iron nuclei (Z=26, A=56)
   [SDSS J083511.98+051829.2] -> Transporte de oxigênio (sync + adiabático + O-p + p-gamma + fotodesintegração)...
   [Transport] Executando paralelização para iron...
   === [Oxigênio] Concluído em 42m 44.07s ===
[SDSS J084102.73+595610.5] Calculating iron nuclei (Z=26, A=56)
   [SDSS J084102.73+595610.5] -> Transporte de oxigênio (sync + adiabático + O-p + p-gamma + fotodesintegração)...
   [Transport] Executando paralelização para iron...
   === [Oxigênio] Concluído em 44m 58.51s ===
[SDSS J084701.88+100106.6] Calculating iron nuclei (Z=26, A=56)
   [SDSS J084701.88+100106.6] -> Transporte de oxigênio (sync + adiabático + O-p + p-gamma + fotodesintegração)...
   [Transport] Executando paralelização para iron...
   === [Oxigênio] Concluído em 44m 32.58s ===
[SDSS J090652.79+412429.7] Calculating iron nuclei (Z=26, A=56)
   [SDSS J090652.79+412429.7] -> Transporte de oxigênio (sync + adiabático + O-p + p-gamma + fotodesintegração)...
   [Transport] Executando paralelização para iron...
   === [Oxigênio] Concluído em 42m 41.97s ===
[SDSS J090734.91+325722.9] Calculating iron nuclei (Z=26, A=56)
   [SDSS J090734.91+325722.9] -> Transporte de oxigênio (sync + adiabático + O-p + p-gamma + fotodesintegração)...
   [Transport] Executando paralelização para iron...
   === [Oxigênio] Concluído em 41m 42.76s ===
[SDSS J090937.44+192808.2] Calculating iron nuclei (Z=26, A=56)
   [SDSS J090937.44+192808.2] -> Transporte de oxigênio (sync + adiabático + O-p + p-gamma + fotodesintegração)...
   [Transport] Executando paralelização para iron...
   === [Oxigênio] Concluído em 44m 22.01s ===
[SDSS J091039.92+184147.6] Calculating iron nuclei (Z=26, A=56)
   [SDSS J091039.92+184147.6] -> Transporte de oxigênio (sync + adiabático + O-p + p-gamma + fotodesintegração)...
   [Transport] Executando paralelização para iron...
   === [Oxigênio] Concluído em 43m 5.28s ===
[SDSS J091601.78+173523.3] Calculating iron nuclei (Z=26, A=56)
   [SDSS J091601.78+173523.3] -> Transporte de oxigênio (sync + adiabático + O-p + p-gamma + fotodesintegração)...
   [Transport] Executando paralelização para iron...
   === [Oxigênio] Concluído em 42m 11.51s ===
[SDSS J091754.25+133145.5] Calculating iron nuclei (Z=26, A=56)
   [SDSS J091754.25+133145.5] -> Transporte de oxigênio (sync + adiabático + O-p + p-gamma + fotodesintegração)...
   [Transport] Executando paralelização para iron...
   === [Oxigênio] Concluído em 41m 35.02s ===
[SDSS J093003.56+341325.3] Calculating iron nuclei (Z=26, A=56)
   [SDSS J093003.56+341325.3] -> Transporte de oxigênio (sync + adiabático + O-p + p-gamma + fotodesintegração)...
   [Transport] Executando paralelização para iron...
   === [Oxigênio] Concluído em 43m 56.27s ===
[SDSS J093346.08+100909.0] Calculating iron nuclei (Z=26, A=56)
   [SDSS J093346.08+100909.0] -> Transporte de oxigênio (sync + adiabático + O-p + p-gamma + fotodesintegração)...
   [Transport] Executando paralelização para iron...
   === [Oxigênio] Concluído em 44m 51.51s ===
[SDSS J093938.62+385358.6] Calculating iron nuclei (Z=26, A=56)
   [SDSS J093938.62+385358.6] -> Transporte de oxigênio (sync + adiabático + O-p + p-gamma + fotodesintegração)...
   [Transport] Executando paralelização para iron...
   === [Oxigênio] Concluído em 43m 36.91s ===
[SDSS J094319.15+361452.1] Calculating iron nuclei (Z=26, A=56)
   [SDSS J094319.15+361452.1] -> Transporte de oxigênio (sync + adiabático + O-p + p-gamma + fotodesintegração)...
   [Transport] Executando paralelização para iron...
   === [Oxigênio] Concluído em 41m 19.47s ===
[SDSS J100549.83+003800.0] Calculating iron nuclei (Z=26, A=56)
   [SDSS J100549.83+003800.0] -> Transporte de oxigênio (sync + adiabático + O-p + p-gamma + fotodesintegração)...
   [Transport] Executando paralelização para iron...
   === [Oxigênio] Concluído em 44m 7.42s ===
[SDSS J101329.65+075415.6] Calculating iron nuclei (Z=26, A=56)
   [SDSS J101329.65+075415.6] -> Transporte de oxigênio (sync + adiabático + O-p + p-gamma + fotodesintegração)...
   [Transport] Executando paralelização para iron...
   === [Oxigênio] Concluído em 45m 57.53s ===
[SDSS J101806.67+000559.7] Calculating iron nuclei (Z=26, A=56)
   [SDSS J101806.67+000559.7] -> Transporte de oxigênio (sync + adiabático + O-p + p-gamma + fotodesintegração)...
   [Transport] Executando paralelização para iron...
   === [Oxigênio] Concluído em 42m 32.68s ===
[SDSS J102403.28+420629.8] Calculating iron nuclei (Z=26, A=56)
   [SDSS J102403.28+420629.8] -> Transporte de oxigênio (sync + adiabático + O-p + p-gamma + fotodesintegração)...
   [Transport] Executando paralelização para iron...
   === [Oxigênio] Concluído em 44m 19.46s ===
[SDSS J102511.50+171519.9] Calculating iron nuclei (Z=26, A=56)
   [SDSS J102511.50+171519.9] -> Transporte de oxigênio (sync + adiabático + O-p + p-gamma + fotodesintegração)...
   [Transport] Executando paralelização para iron...
   === [Oxigênio] Concluído em 45m 45.98s ===
[SDSS J102544.22+102230.4] Calculating iron nuclei (Z=26, A=56)
   [SDSS J102544.22+102230.4] -> Transporte de oxigênio (sync + adiabático + O-p + p-gamma + fotodesintegração)...
   [Transport] Executando paralelização para iron...
   === [Oxigênio] Concluído em 43m 48.94s ===
[SDSS J103719.33+433515.3] Calculating iron nuclei (Z=26, A=56)
   [SDSS J103719.33+433515.3] -> Transporte de oxigênio (sync + adiabático + O-p + p-gamma + fotodesintegração)...
   [Transport] Executando paralelização para iron...
   === [Oxigênio] Concluído em 42m 58.06s ===
[SDSS J103952.47+205049.3] Calculating iron nuclei (Z=26, A=56)
   [SDSS J103952.47+205049.3] -> Transporte de oxigênio (sync + adiabático + O-p + p-gamma + fotodesintegração)...
   [Transport] Executando paralelização para iron...
   === [Oxigênio] Concluído em 42m 17.77s ===
[SDSS J104028.37+091057.1] Calculating iron nuclei (Z=26, A=56)
   [SDSS J104028.37+091057.1] -> Transporte de oxigênio (sync + adiabático + O-p + p-gamma + fotodesintegração)...
   [Transport] Executando paralelização para iron...
   === [Oxigênio] Concluído em 44m 7.70s ===
[SDSS J104403.68+435412.0] Calculating iron nuclei (Z=26, A=56)
   [SDSS J104403.68+435412.0] -> Transporte de oxigênio (sync + adiabático + O-p + p-gamma + fotodesintegração)...
   [Transport] Executando paralelização para iron...
   === [Oxigênio] Concluído em 43m 58.59s ===
[SDSS J104811.90+045954.8] Calculating iron nuclei (Z=26, A=56)
   [SDSS J104811.90+045954.8] -> Transporte de oxigênio (sync + adiabático + O-p + p-gamma + fotodesintegração)...
   [Transport] Executando paralelização para iron...
   === [Oxigênio] Concluído em 43m 1.16s ===
[SDSS J104852.92+480314.8] Calculating iron nuclei (Z=26, A=56)
   [SDSS J104852.92+480314.8] -> Transporte de oxigênio (sync + adiabático + O-p + p-gamma + fotodesintegração)...
   [Transport] Executando paralelização para iron...
   === [Oxigênio] Concluído em 44m 10.09s ===
[SDSS J105731.16+405646.1] Calculating iron nuclei (Z=26, A=56)
   [SDSS J105731.16+405646.1] -> Transporte de oxigênio (sync + adiabático + O-p + p-gamma + fotodesintegração)...
   [Transport] Executando paralelização para iron...
   === [Oxigênio] Concluído em 45m 17.30s ===
[SDSS J111113.18+284147.0] Calculating iron nuclei (Z=26, A=56)
   [SDSS J111113.18+284147.0] -> Transporte de oxigênio (sync + adiabático + O-p + p-gamma + fotodesintegração)...
   [Transport] Executando paralelização para iron...
   === [Oxigênio] Concluído em 44m 8.89s ===
[SDSS J111622.70+291508.2] Calculating iron nuclei (Z=26, A=56)
   [SDSS J111622.70+291508.2] -> Transporte de oxigênio (sync + adiabático + O-p + p-gamma + fotodesintegração)...
   [Transport] Executando paralelização para iron...
   === [Oxigênio] Concluído em 43m 40.82s ===
[SDSS J111700.10+323550.9] Calculating iron nuclei (Z=26, A=56)
   [SDSS J111700.10+323550.9] -> Transporte de oxigênio (sync + adiabático + O-p + p-gamma + fotodesintegração)...
   [Transport] Executando paralelização para iron...
   === [Oxigênio] Concluído em 42m 56.94s ===
[SDSS J112029.23+040742.1] Calculating iron nuclei (Z=26, A=56)
   [SDSS J112029.23+040742.1] -> Transporte de oxigênio (sync + adiabático + O-p + p-gamma + fotodesintegração)...
   [Transport] Executando paralelização para iron...
   === [Oxigênio] Concluído em 41m 20.95s ===
[SDSS J112256.47+340641.3] Calculating iron nuclei (Z=26, A=56)
   [SDSS J112256.47+340641.3] -> Transporte de oxigênio (sync + adiabático + O-p + p-gamma + fotodesintegração)...
   [Transport] Executando paralelização para iron...
   === [Oxigênio] Concluído em 45m 14.30s ===
[SDSS J112625.19+520503.5] Calculating iron nuclei (Z=26, A=56)
   [SDSS J112625.19+520503.5] -> Transporte de oxigênio (sync + adiabático + O-p + p-gamma + fotodesintegração)...
   [Transport] Executando paralelização para iron...
   === [Oxigênio] Concluído em 43m 30.51s ===
[SDSS J112727.52+400409.4] Calculating iron nuclei (Z=26, A=56)
   [SDSS J112727.52+400409.4] -> Transporte de oxigênio (sync + adiabático + O-p + p-gamma + fotodesintegração)...
   [Transport] Executando paralelização para iron...
   === [Oxigênio] Concluído em 42m 26.43s ===
[SDSS J113449.29+490439.4] Calculating iron nuclei (Z=26, A=56)
   [SDSS J113449.29+490439.4] -> Transporte de oxigênio (sync + adiabático + O-p + p-gamma + fotodesintegração)...
   [Transport] Executando paralelização para iron...
   === [Oxigênio] Concluído em 45m 35.05s ===
[SDSS J113637.14+510008.5] Calculating iron nuclei (Z=26, A=56)
   [SDSS J113637.14+510008.5] -> Transporte de oxigênio (sync + adiabático + O-p + p-gamma + fotodesintegração)...
   [Transport] Executando paralelização para iron...
   === [Oxigênio] Concluído em 44m 45.09s ===
[SDSS J114230.94-021505.3] Calculating iron nuclei (Z=26, A=56)
   [SDSS J114230.94-021505.3] -> Transporte de oxigênio (sync + adiabático + O-p + p-gamma + fotodesintegração)...
   [Transport] Executando paralelização para iron...
   === [Oxigênio] Concluído em 44m 37.40s ===
[SDSS J114232.84+262919.9] Calculating iron nuclei (Z=26, A=56)
   [SDSS J114232.84+262919.9] -> Transporte de oxigênio (sync + adiabático + O-p + p-gamma + fotodesintegração)...
   [Transport] Executando paralelização para iron...
   === [Oxigênio] Concluído em 46m 18.26s ===
[SDSS J114804.60+372638.0] Calculating iron nuclei (Z=26, A=56)
   [SDSS J114804.60+372638.0] -> Transporte de oxigênio (sync + adiabático + O-p + p-gamma + fotodesintegração)...
   [Transport] Executando paralelização para iron...
   === [Oxigênio] Concluído em 44m 12.99s ===
[SDSS J115531.39+545200.4] Calculating iron nuclei (Z=26, A=56)
   [SDSS J115531.39+545200.4] -> Transporte de oxigênio (sync + adiabático + O-p + p-gamma + fotodesintegração)...
   [Transport] Executando paralelização para iron...
   === [Oxigênio] Concluído em 43m 9.03s ===
[SDSS J120551.46+203119.0] Calculating iron nuclei (Z=26, A=56)
   [SDSS J120551.46+203119.0] -> Transporte de oxigênio (sync + adiabático + O-p + p-gamma + fotodesintegração)...
   [Transport] Executando paralelização para iron...
   === [Oxigênio] Concluído em 42m 20.15s ===
[SDSS J120607.81+400902.6] Calculating iron nuclei (Z=26, A=56)
   [SDSS J120607.81+400902.6] -> Transporte de oxigênio (sync + adiabático + O-p + p-gamma + fotodesintegração)...
   [Transport] Executando paralelização para iron...
   === [Oxigênio] Concluído em 43m 18.56s ===
[SDSS J121329.27+504429.4] Calculating iron nuclei (Z=26, A=56)
   [SDSS J121329.27+504429.4] -> Transporte de oxigênio (sync + adiabático + O-p + p-gamma + fotodesintegração)...
   [Transport] Executando paralelização para iron...
   === [Oxigênio] Concluído em 42m 41.90s ===
[SDSS J121951.65+282521.3] Calculating iron nuclei (Z=26, A=56)
   [SDSS J121951.65+282521.3] -> Transporte de oxigênio (sync + adiabático + O-p + p-gamma + fotodesintegração)...
   [Transport] Executando paralelização para iron...
   === [Oxigênio] Concluído em 41m 34.34s ===
[SDSS J122421.31+600641.2] Calculating iron nuclei (Z=26, A=56)
   [SDSS J122421.31+600641.2] -> Transporte de oxigênio (sync + adiabático + O-p + p-gamma + fotodesintegração)...
   [Transport] Executando paralelização para iron...
   === [Oxigênio] Concluído em 42m 4.34s ===
[SDSS J123011.85+470022.7] Calculating iron nuclei (Z=26, A=56)
   [SDSS J123011.85+470022.7] -> Transporte de oxigênio (sync + adiabático + O-p + p-gamma + fotodesintegração)...
   [Transport] Executando paralelização para iron...
   === [Oxigênio] Concluído em 39m 57.57s ===
[SDSS J124318.73+033300.6] Calculating iron nuclei (Z=26, A=56)
   [SDSS J124318.73+033300.6] -> Transporte de oxigênio (sync + adiabático + O-p + p-gamma + fotodesintegração)...
   [Transport] Executando paralelização para iron...
   === [Oxigênio] Concluído em 40m 56.86s ===
[SDSS J124633.75+115347.8] Calculating iron nuclei (Z=26, A=56)
   [SDSS J124633.75+115347.8] -> Transporte de oxigênio (sync + adiabático + O-p + p-gamma + fotodesintegração)...
   [Transport] Executando paralelização para iron...
   === [Oxigênio] Concluído em 42m 22.09s ===
[SDSS J125027.42+001345.6] Calculating iron nuclei (Z=26, A=56)
   [SDSS J125027.42+001345.6] -> Transporte de oxigênio (sync + adiabático + O-p + p-gamma + fotodesintegração)...
   [Transport] Executando paralelização para iron...
   === [Oxigênio] Concluído em 41m 37.16s ===
[SDSS J125409.12-011527.1] Calculating iron nuclei (Z=26, A=56)
   [SDSS J125409.12-011527.1] -> Transporte de oxigênio (sync + adiabático + O-p + p-gamma + fotodesintegração)...
   [Transport] Executando paralelização para iron...
   === [Oxigênio] Concluído em 42m 8.07s ===
[SDSS J130404.99+075428.4] Calculating iron nuclei (Z=26, A=56)
   [SDSS J130404.99+075428.4] -> Transporte de oxigênio (sync + adiabático + O-p + p-gamma + fotodesintegração)...
   [Transport] Executando paralelização para iron...
   === [Oxigênio] Concluído em 43m 30.17s ===
[SDSS J130837.91+434415.1] Calculating iron nuclei (Z=26, A=56)
   [SDSS J130837.91+434415.1] -> Transporte de oxigênio (sync + adiabático + O-p + p-gamma + fotodesintegração)...
   [Transport] Executando paralelização para iron...
   === [Oxigênio] Concluído em 42m 19.03s ===
[SDSS J133042.51+323249.0] Calculating iron nuclei (Z=26, A=56)
   [SDSS J133042.51+323249.0] -> Transporte de oxigênio (sync + adiabático + O-p + p-gamma + fotodesintegração)...
   [Transport] Executando paralelização para iron...
   === [Oxigênio] Concluído em 41m 27.64s ===
[SDSS J133455.94+134431.7] Calculating iron nuclei (Z=26, A=56)
   [SDSS J133455.94+134431.7] -> Transporte de oxigênio (sync + adiabático + O-p + p-gamma + fotodesintegração)...
   [Transport] Executando paralelização para iron...
   === [Oxigênio] Concluído em 43m 35.36s ===
[SDSS J133621.18+031951.0] Calculating iron nuclei (Z=26, A=56)
   [SDSS J133621.18+031951.0] -> Transporte de oxigênio (sync + adiabático + O-p + p-gamma + fotodesintegração)...
   [Transport] Executando paralelização para iron...
   === [Oxigênio] Concluído em 42m 21.86s ===
[SDSS J133737.49+155820.0] Calculating iron nuclei (Z=26, A=56)
   [SDSS J133737.49+155820.0] -> Transporte de oxigênio (sync + adiabático + O-p + p-gamma + fotodesintegração)...
   [Transport] Executando paralelização para iron...
   === [Oxigênio] Concluído em 42m 18.37s ===
[SDSS J134159.72+294653.5] Calculating iron nuclei (Z=26, A=56)
   [SDSS J134159.72+294653.5] -> Transporte de oxigênio (sync + adiabático + O-p + p-gamma + fotodesintegração)...
   [Transport] Executando paralelização para iron...
   === [Oxigênio] Concluído em 39m 14.31s ===
[SDSS J135036.01+334217.3] Calculating iron nuclei (Z=26, A=56)
   [SDSS J135036.01+334217.3] -> Transporte de oxigênio (sync + adiabático + O-p + p-gamma + fotodesintegração)...
   [Transport] Executando paralelização para iron...
   === [Oxigênio] Concluído em 38m 34.45s ===
[SDSS J135226.71+140528.5] Calculating iron nuclei (Z=26, A=56)
   [SDSS J135226.71+140528.5] -> Transporte de oxigênio (sync + adiabático + O-p + p-gamma + fotodesintegração)...
   [Transport] Executando paralelização para iron...
   === [Oxigênio] Concluído em 40m 56.11s ===
[SDSS J140528.32+304602.0] Calculating iron nuclei (Z=26, A=56)
   [SDSS J140528.32+304602.0] -> Transporte de oxigênio (sync + adiabático + O-p + p-gamma + fotodesintegração)...
   [Transport] Executando paralelização para iron...
   === [Oxigênio] Concluído em 39m 45.96s ===
[SDSS J141451.35+030751.2] Calculating iron nuclei (Z=26, A=56)
   [SDSS J141451.35+030751.2] -> Transporte de oxigênio (sync + adiabático + O-p + p-gamma + fotodesintegração)...
   [Transport] Executando paralelização para iron...
   === [Oxigênio] Concluído em 42m 15.09s ===
[SDSS J141517.98-022641.0] Calculating iron nuclei (Z=26, A=56)
   [SDSS J141517.98-022641.0] -> Transporte de oxigênio (sync + adiabático + O-p + p-gamma + fotodesintegração)...
   [Transport] Executando paralelização para iron...
   === [Oxigênio] Concluído em 43m 26.92s ===
[SDSS J142724.23+372817.0] Calculating iron nuclei (Z=26, A=56)
   [SDSS J142724.23+372817.0] -> Transporte de oxigênio (sync + adiabático + O-p + p-gamma + fotodesintegração)...
   [Transport] Executando paralelização para iron...
   === [Oxigênio] Concluído em 44m 27.02s ===
[SDSS J143156.59+164615.4] Calculating iron nuclei (Z=26, A=56)
   [SDSS J143156.59+164615.4] -> Transporte de oxigênio (sync + adiabático + O-p + p-gamma + fotodesintegração)...
   [Transport] Executando paralelização para iron...
   === [Oxigênio] Concluído em 43m 29.93s ===
[SDSS J143312.96+525747.3] Calculating iron nuclei (Z=26, A=56)
   [SDSS J143312.96+525747.3] -> Transporte de oxigênio (sync + adiabático + O-p + p-gamma + fotodesintegração)...
   [Transport] Executando paralelização para iron...
   === [Oxigênio] Concluído em 42m 34.24s ===
[SDSS J143424.79+024756.2] Calculating iron nuclei (Z=26, A=56)
   [SDSS J143424.79+024756.2] -> Transporte de oxigênio (sync + adiabático + O-p + p-gamma + fotodesintegração)...
   [Transport] Executando paralelização para iron...
   === [Oxigênio] Concluído em 43m 7.71s ===
[SDSS J143620.38+051951.5] Calculating iron nuclei (Z=26, A=56)
   [SDSS J143620.38+051951.5] -> Transporte de oxigênio (sync + adiabático + O-p + p-gamma + fotodesintegração)...
   [Transport] Executando paralelização para iron...
   === [Oxigênio] Concluído em 44m 24.59s ===
[SDSS J144745.52+132032.2] Calculating iron nuclei (Z=26, A=56)
   [SDSS J144745.52+132032.2] -> Transporte de oxigênio (sync + adiabático + O-p + p-gamma + fotodesintegração)...
   [Transport] Executando paralelização para iron...
   === [Oxigênio] Concluído em 42m 10.95s ===
[SDSS J145216.49+121711.5] Calculating iron nuclei (Z=26, A=56)
   [SDSS J145216.49+121711.5] -> Transporte de oxigênio (sync + adiabático + O-p + p-gamma + fotodesintegração)...
   [Transport] Executando paralelização para iron...
   === [Oxigênio] Concluído em 42m 25.71s ===
[SDSS J145243.25+165413.4] Calculating iron nuclei (Z=26, A=56)
   [SDSS J145243.25+165413.4] -> Transporte de oxigênio (sync + adiabático + O-p + p-gamma + fotodesintegração)...
   [Transport] Executando paralelização para iron...
   === [Oxigênio] Concluído em 42m 38.61s ===
[SDSS J145616.20+203120.6] Calculating iron nuclei (Z=26, A=56)
   [SDSS J145616.20+203120.6] -> Transporte de oxigênio (sync + adiabático + O-p + p-gamma + fotodesintegração)...
   [Transport] Executando paralelização para iron...
   === [Oxigênio] Concluído em 43m 27.81s ===
[SDSS J150152.30+174228.2] Calculating iron nuclei (Z=26, A=56)
   [SDSS J150152.30+174228.2] -> Transporte de oxigênio (sync + adiabático + O-p + p-gamma + fotodesintegração)...
   [Transport] Executando paralelização para iron...
   === [Oxigênio] Concluído em 41m 37.14s ===
[SDSS J150425.68+074929.7] Calculating iron nuclei (Z=26, A=56)
   [SDSS J150425.68+074929.7] -> Transporte de oxigênio (sync + adiabático + O-p + p-gamma + fotodesintegração)...
   [Transport] Executando paralelização para iron...
   === [Oxigênio] Concluído em 41m 3.52s ===
[SDSS J150601.89+084723.2] Calculating iron nuclei (Z=26, A=56)
   [SDSS J150601.89+084723.2] -> Transporte de oxigênio (sync + adiabático + O-p + p-gamma + fotodesintegração)...
   [Transport] Executando paralelização para iron...
   === [Oxigênio] Concluído em 41m 21.06s ===
[SDSS J150636.57+092618.3] Calculating iron nuclei (Z=26, A=56)
   [SDSS J150636.57+092618.3] -> Transporte de oxigênio (sync + adiabático + O-p + p-gamma + fotodesintegração)...
   [Transport] Executando paralelização para iron...
   === [Oxigênio] Concluído em 36m 55.13s ===
[SDSS J150808.25+265457.6] Calculating iron nuclei (Z=26, A=56)
   [SDSS J150808.25+265457.6] -> Transporte de oxigênio (sync + adiabático + O-p + p-gamma + fotodesintegração)...
   [Transport] Executando paralelização para iron...
   === [Oxigênio] Concluído em 38m 11.40s ===
[SDSS J152010.94+254319.3] Calculating iron nuclei (Z=26, A=56)
   [SDSS J152010.94+254319.3] -> Transporte de oxigênio (sync + adiabático + O-p + p-gamma + fotodesintegração)...
   [Transport] Executando paralelização para iron...
   === [Oxigênio] Concluído em 40m 13.28s ===
[SDSS J152151.85+074231.7] Calculating iron nuclei (Z=26, A=56)
   [SDSS J152151.85+074231.7] -> Transporte de oxigênio (sync + adiabático + O-p + p-gamma + fotodesintegração)...
   [Transport] Executando paralelização para iron...
   === [Oxigênio] Concluído em 43m 5.85s ===
[SDSS J153016.15+270551.0] Calculating iron nuclei (Z=26, A=56)
   [SDSS J153016.15+270551.0] -> Transporte de oxigênio (sync + adiabático + O-p + p-gamma + fotodesintegração)...
   [Transport] Executando paralelização para iron...
   === [Oxigênio] Concluído em 43m 0.17s ===
[SDSS J154147.28+453321.7] Calculating iron nuclei (Z=26, A=56)
   [SDSS J154147.28+453321.7] -> Transporte de oxigênio (sync + adiabático + O-p + p-gamma + fotodesintegração)...
   [Transport] Executando paralelização para iron...
   === [Oxigênio] Concluído em 42m 56.16s ===
[SDSS J154426.93+470024.2] Calculating iron nuclei (Z=26, A=56)
   [SDSS J154426.93+470024.2] -> Transporte de oxigênio (sync + adiabático + O-p + p-gamma + fotodesintegração)...
   [Transport] Executando paralelização para iron...
   === [Oxigênio] Concluído em 43m 25.63s ===
[SDSS J154451.23+433050.6] Calculating iron nuclei (Z=26, A=56)
   [SDSS J154451.23+433050.6] -> Transporte de oxigênio (sync + adiabático + O-p + p-gamma + fotodesintegração)...
   [Transport] Executando paralelização para iron...
   === [Oxigênio] Concluído em 42m 42.41s ===
[SDSS J155951.61+255626.3] Calculating iron nuclei (Z=26, A=56)
   [SDSS J155951.61+255626.3] -> Transporte de oxigênio (sync + adiabático + O-p + p-gamma + fotodesintegração)...
   [Transport] Executando paralelização para iron...
   === [Oxigênio] Concluído em 41m 29.10s ===
[SDSS J155953.99+444232.4] Calculating iron nuclei (Z=26, A=56)
   [SDSS J155953.99+444232.4] -> Transporte de oxigênio (sync + adiabático + O-p + p-gamma + fotodesintegração)...
   [Transport] Executando paralelização para iron...
   === [Oxigênio] Concluído em 41m 8.05s ===
[SDSS J160426.51+174431.1] Calculating iron nuclei (Z=26, A=56)
   [SDSS J160426.51+174431.1] -> Transporte de oxigênio (sync + adiabático + O-p + p-gamma + fotodesintegração)...
   [Transport] Executando paralelização para iron...
   === [Oxigênio] Concluído em 40m 59.52s ===
[SDSS J160523.84+143851.6] Calculating iron nuclei (Z=26, A=56)
   [SDSS J160523.84+143851.6] -> Transporte de oxigênio (sync + adiabático + O-p + p-gamma + fotodesintegração)...
   [Transport] Executando paralelização para iron...
   === [Oxigênio] Concluído em 43m 34.32s ===
[SDSS J160641.83+084436.8] Calculating iron nuclei (Z=26, A=56)
   [SDSS J160641.83+084436.8] -> Transporte de oxigênio (sync + adiabático + O-p + p-gamma + fotodesintegração)...
   [Transport] Executando paralelização para iron...
   === [Oxigênio] Concluído em 41m 35.63s ===
[SDSS J161238.84+293836.9] Calculating iron nuclei (Z=26, A=56)
   [SDSS J161238.84+293836.9] -> Transporte de oxigênio (sync + adiabático + O-p + p-gamma + fotodesintegração)...
   [Transport] Executando paralelização para iron...
   === [Oxigênio] Concluído em 43m 0.04s ===
[SDSS J161256.85+095201.5] Calculating iron nuclei (Z=26, A=56)
   [SDSS J161256.85+095201.5] -> Transporte de oxigênio (sync + adiabático + O-p + p-gamma + fotodesintegração)...
   [Transport] Executando paralelização para iron...
   === [Oxigênio] Concluído em 43m 38.29s ===
[SDSS J162146.06+254914.4] Calculating iron nuclei (Z=26, A=56)
   [SDSS J162146.06+254914.4] -> Transporte de oxigênio (sync + adiabático + O-p + p-gamma + fotodesintegração)...
   [Transport] Executando paralelização para iron...
   === [Oxigênio] Concluído em 42m 25.96s ===
[SDSS J162846.13+252940.9] Calculating iron nuclei (Z=26, A=56)
   [SDSS J162846.13+252940.9] -> Transporte de oxigênio (sync + adiabático + O-p + p-gamma + fotodesintegração)...
   [Transport] Executando paralelização para iron...
   === [Oxigênio] Concluído em 42m 53.57s ===
[SDSS J162944.98+404841.6] Calculating iron nuclei (Z=26, A=56)
   [SDSS J162944.98+404841.6] -> Transporte de oxigênio (sync + adiabático + O-p + p-gamma + fotodesintegração)...
   [Transport] Executando paralelização para iron...
   === [Oxigênio] Concluído em 45m 11.14s ===
[SDSS J164925.86+360321.3] Calculating iron nuclei (Z=26, A=56)
   [SDSS J164925.86+360321.3] -> Transporte de oxigênio (sync + adiabático + O-p + p-gamma + fotodesintegração)...
   [Transport] Executando paralelização para iron...
   === [Oxigênio] Concluído em 42m 33.49s ===
[SDSS J165830.05+252324.9] Calculating iron nuclei (Z=26, A=56)
   [SDSS J165830.05+252324.9] -> Transporte de oxigênio (sync + adiabático + O-p + p-gamma + fotodesintegração)...
   [Transport] Executando paralelização para iron...
   === [Oxigênio] Concluído em 43m 19.45s ===
[SDSS J170358.49+241039.5] Calculating iron nuclei (Z=26, A=56)
   [SDSS J170358.49+241039.5] -> Transporte de oxigênio (sync + adiabático + O-p + p-gamma + fotodesintegração)...
   [Transport] Executando paralelização para iron...
   === [Oxigênio] Concluído em 43m 58.49s ===
[SDSS J171522.97+572440.2] Calculating iron nuclei (Z=26, A=56)
   [SDSS J171522.97+572440.2] -> Transporte de oxigênio (sync + adiabático + O-p + p-gamma + fotodesintegração)...
   [Transport] Executando paralelização para iron...
   === [Oxigênio] Concluído em 43m 16.52s ===
[SDSS J172215.41+304239.8] Calculating iron nuclei (Z=26, A=56)
   [SDSS J172215.41+304239.8] -> Transporte de oxigênio (sync + adiabático + O-p + p-gamma + fotodesintegração)...
   [Transport] Executando paralelização para iron...
   === [Oxigênio] Concluído em 44m 30.85s ===
=== [data3_iron] PIPELINE CONCLUÍDO para 'source3.txt' ===

=== TAREFA 2 FINALIZADA com 104 fontes ===
Finalizado em Sat Aug 22 10:50:17 AM -03 2026
