Iniciando Job Array ID: 1 em Tue Aug 18 11:49:31 PM -03 2026

=== INICIANDO TAREFA SLURM 1 ===
Processando arquivo: source2.txt -> Pasta: data2_iron

======================================================================
=== PIPELINE (O-16): lendo 'source2.txt' -> salvando em 'data2_iron/' ===
======================================================================
=== Carregando Tabelas de Fotodesintegração (TALYS) ===
=======================================================

[SDSS J010852.48-003919.4] Calculating Electrons (1D Transport)...
   [SDSS J010852.48-003919.4] -> Transport approx 0 (sem IC)...
   [Transport] Executando paralelização para electron...
   -> [Fótons] Generating photon table (Sync + IC)...
      Calculando componente Síncrotron...
      Calculando componente Compton Inverso (IC)...
        Progress: 40/1000
        Progress: 80/1000
        Progress: 120/1000
        Progress: 160/1000
        Progress: 200/1000
        Progress: 240/1000
        Progress: 280/1000
        Progress: 320/1000
        Progress: 360/1000
        Progress: 400/1000
        Progress: 440/1000
        Progress: 480/1000
        Progress: 520/1000
        Progress: 560/1000
        Progress: 600/1000
        Progress: 640/1000
        Progress: 680/1000
        Progress: 720/1000
        Progress: 760/1000
        Progress: 800/1000
        Progress: 840/1000
        Progress: 880/1000
        Progress: 920/1000
        Progress: 960/1000
        Progress: 1000/1000
   -> [IC] Generating IC rate table...
   [SDSS J010852.48-003919.4] -> Transport approx 1 (com IC)...
   [Transport] Executando paralelização para electron...
   -> [Fótons] Generating photon table (Sync + IC)...
      Calculando componente Síncrotron...
      Calculando componente Compton Inverso (IC)...
        Progress: 40/1000
        Progress: 80/1000
        Progress: 120/1000
        Progress: 160/1000
        Progress: 200/1000
        Progress: 240/1000
        Progress: 280/1000
        Progress: 320/1000
        Progress: 360/1000
        Progress: 400/1000
        Progress: 440/1000
        Progress: 480/1000
        Progress: 520/1000
        Progress: 560/1000
        Progress: 600/1000
        Progress: 640/1000
        Progress: 680/1000
        Progress: 720/1000
        Progress: 760/1000
        Progress: 800/1000
        Progress: 840/1000
        Progress: 880/1000
        Progress: 920/1000
        Progress: 960/1000
        Progress: 1000/1000
   === [Elétrons] Concluído em 5m 1.37s ===
[SDSS J011204.61-001442.4] Calculating Electrons (1D Transport)...
   [SDSS J011204.61-001442.4] -> Transport approx 0 (sem IC)...
   [Transport] Executando paralelização para electron...
   -> [Fótons] Generating photon table (Sync + IC)...
      Calculando componente Síncrotron...
      Calculando componente Compton Inverso (IC)...
        Progress: 40/1000
        Progress: 80/1000
        Progress: 120/1000
        Progress: 160/1000
        Progress: 200/1000
        Progress: 240/1000
        Progress: 280/1000
        Progress: 320/1000
        Progress: 360/1000
        Progress: 400/1000
        Progress: 440/1000
        Progress: 480/1000
        Progress: 520/1000
        Progress: 560/1000
        Progress: 600/1000
        Progress: 640/1000
        Progress: 680/1000
        Progress: 720/1000
        Progress: 760/1000
        Progress: 800/1000
        Progress: 840/1000
        Progress: 880/1000
        Progress: 920/1000
        Progress: 960/1000
        Progress: 1000/1000
   -> [IC] Generating IC rate table...
   [SDSS J011204.61-001442.4] -> Transport approx 1 (com IC)...
   [Transport] Executando paralelização para electron...
   -> [Fótons] Generating photon table (Sync + IC)...
      Calculando componente Síncrotron...
      Calculando componente Compton Inverso (IC)...
        Progress: 40/1000
        Progress: 80/1000
        Progress: 120/1000
        Progress: 160/1000
        Progress: 200/1000
        Progress: 240/1000
        Progress: 280/1000
        Progress: 320/1000
        Progress: 360/1000
        Progress: 400/1000
        Progress: 440/1000
        Progress: 480/1000
        Progress: 520/1000
        Progress: 560/1000
        Progress: 600/1000
        Progress: 640/1000
        Progress: 680/1000
        Progress: 720/1000
        Progress: 760/1000
        Progress: 800/1000
        Progress: 840/1000
        Progress: 880/1000
        Progress: 920/1000
        Progress: 960/1000
        Progress: 1000/1000
   === [Elétrons] Concluído em 5m 4.20s ===
[SDSS J011515.78+001248.4] Calculating Electrons (1D Transport)...
   [SDSS J011515.78+001248.4] -> Transport approx 0 (sem IC)...
   [Transport] Executando paralelização para electron...
   -> [Fótons] Generating photon table (Sync + IC)...
      Calculando componente Síncrotron...
      Calculando componente Compton Inverso (IC)...
        Progress: 40/1000
        Progress: 80/1000
        Progress: 120/1000
        Progress: 160/1000
        Progress: 200/1000
        Progress: 240/1000
        Progress: 280/1000
        Progress: 320/1000
        Progress: 360/1000
        Progress: 400/1000
        Progress: 440/1000
        Progress: 480/1000
        Progress: 520/1000
        Progress: 560/1000
        Progress: 600/1000
        Progress: 640/1000
        Progress: 680/1000
        Progress: 720/1000
        Progress: 760/1000
        Progress: 800/1000
        Progress: 840/1000
        Progress: 880/1000
        Progress: 920/1000
        Progress: 960/1000
        Progress: 1000/1000
   -> [IC] Generating IC rate table...
   [SDSS J011515.78+001248.4] -> Transport approx 1 (com IC)...
   [Transport] Executando paralelização para electron...
   -> [Fótons] Generating photon table (Sync + IC)...
      Calculando componente Síncrotron...
      Calculando componente Compton Inverso (IC)...
        Progress: 40/1000
        Progress: 80/1000
        Progress: 120/1000
        Progress: 160/1000
        Progress: 200/1000
        Progress: 240/1000
        Progress: 280/1000
        Progress: 320/1000
        Progress: 360/1000
        Progress: 400/1000
        Progress: 440/1000
        Progress: 480/1000
        Progress: 520/1000
        Progress: 560/1000
        Progress: 600/1000
        Progress: 640/1000
        Progress: 680/1000
        Progress: 720/1000
        Progress: 760/1000
        Progress: 800/1000
        Progress: 840/1000
        Progress: 880/1000
        Progress: 920/1000
        Progress: 960/1000
        Progress: 1000/1000
   === [Elétrons] Concluído em 5m 0.70s ===
[SDSS J015127.10-083019.3] Calculating Electrons (1D Transport)...
   [SDSS J015127.10-083019.3] -> Transport approx 0 (sem IC)...
   [Transport] Executando paralelização para electron...
   -> [Fótons] Generating photon table (Sync + IC)...
      Calculando componente Síncrotron...
      Calculando componente Compton Inverso (IC)...
        Progress: 40/1000
        Progress: 80/1000
        Progress: 120/1000
        Progress: 160/1000
        Progress: 200/1000
        Progress: 240/1000
        Progress: 280/1000
        Progress: 320/1000
        Progress: 360/1000
        Progress: 400/1000
        Progress: 440/1000
        Progress: 480/1000
        Progress: 520/1000
        Progress: 560/1000
        Progress: 600/1000
        Progress: 640/1000
        Progress: 680/1000
        Progress: 720/1000
        Progress: 760/1000
        Progress: 800/1000
        Progress: 840/1000
        Progress: 880/1000
        Progress: 920/1000
        Progress: 960/1000
        Progress: 1000/1000
   -> [IC] Generating IC rate table...
   [SDSS J015127.10-083019.3] -> Transport approx 1 (com IC)...
   [Transport] Executando paralelização para electron...
   -> [Fótons] Generating photon table (Sync + IC)...
      Calculando componente Síncrotron...
      Calculando componente Compton Inverso (IC)...
        Progress: 40/1000
        Progress: 80/1000
        Progress: 120/1000
        Progress: 160/1000
        Progress: 200/1000
        Progress: 240/1000
        Progress: 280/1000
        Progress: 320/1000
        Progress: 360/1000
        Progress: 400/1000
        Progress: 440/1000
        Progress: 480/1000
        Progress: 520/1000
        Progress: 560/1000
        Progress: 600/1000
        Progress: 640/1000
        Progress: 680/1000
        Progress: 720/1000
        Progress: 760/1000
        Progress: 800/1000
        Progress: 840/1000
        Progress: 880/1000
        Progress: 920/1000
        Progress: 960/1000
        Progress: 1000/1000
   === [Elétrons] Concluído em 5m 7.32s ===
[SDSS J020835.81-083754.8] Calculating Electrons (1D Transport)...
   [SDSS J020835.81-083754.8] -> Transport approx 0 (sem IC)...
   [Transport] Executando paralelização para electron...
   -> [Fótons] Generating photon table (Sync + IC)...
      Calculando componente Síncrotron...
      Calculando componente Compton Inverso (IC)...
        Progress: 40/1000
        Progress: 80/1000
        Progress: 120/1000
        Progress: 160/1000
        Progress: 200/1000
        Progress: 240/1000
        Progress: 280/1000
        Progress: 320/1000
        Progress: 360/1000
        Progress: 400/1000
        Progress: 440/1000
        Progress: 480/1000
        Progress: 520/1000
        Progress: 560/1000
        Progress: 600/1000
        Progress: 640/1000
        Progress: 680/1000
        Progress: 720/1000
        Progress: 760/1000
        Progress: 800/1000
        Progress: 840/1000
        Progress: 880/1000
        Progress: 920/1000
        Progress: 960/1000
        Progress: 1000/1000
   -> [IC] Generating IC rate table...
   [SDSS J020835.81-083754.8] -> Transport approx 1 (com IC)...
   [Transport] Executando paralelização para electron...
   -> [Fótons] Generating photon table (Sync + IC)...
      Calculando componente Síncrotron...
      Calculando componente Compton Inverso (IC)...
        Progress: 40/1000
        Progress: 80/1000
        Progress: 120/1000
        Progress: 160/1000
        Progress: 200/1000
        Progress: 240/1000
        Progress: 280/1000
        Progress: 320/1000
        Progress: 360/1000
        Progress: 400/1000
        Progress: 440/1000
        Progress: 480/1000
        Progress: 520/1000
        Progress: 560/1000
        Progress: 600/1000
        Progress: 640/1000
        Progress: 680/1000
        Progress: 720/1000
        Progress: 760/1000
        Progress: 800/1000
        Progress: 840/1000
        Progress: 880/1000
        Progress: 920/1000
        Progress: 960/1000
        Progress: 1000/1000
   === [Elétrons] Concluído em 4m 56.29s ===
[SDSS J075354.98+130916.5] Calculating Electrons (1D Transport)...
   [SDSS J075354.98+130916.5] -> Transport approx 0 (sem IC)...
   [Transport] Executando paralelização para electron...
   -> [Fótons] Generating photon table (Sync + IC)...
      Calculando componente Síncrotron...
      Calculando componente Compton Inverso (IC)...
        Progress: 40/1000
        Progress: 80/1000
        Progress: 120/1000
        Progress: 160/1000
        Progress: 200/1000
        Progress: 240/1000
        Progress: 280/1000
        Progress: 320/1000
        Progress: 360/1000
        Progress: 400/1000
        Progress: 440/1000
        Progress: 480/1000
        Progress: 520/1000
        Progress: 560/1000
        Progress: 600/1000
        Progress: 640/1000
        Progress: 680/1000
        Progress: 720/1000
        Progress: 760/1000
        Progress: 800/1000
        Progress: 840/1000
        Progress: 880/1000
        Progress: 920/1000
        Progress: 960/1000
        Progress: 1000/1000
   -> [IC] Generating IC rate table...
   [SDSS J075354.98+130916.5] -> Transport approx 1 (com IC)...
   [Transport] Executando paralelização para electron...
   -> [Fótons] Generating photon table (Sync + IC)...
      Calculando componente Síncrotron...
      Calculando componente Compton Inverso (IC)...
        Progress: 40/1000
        Progress: 80/1000
        Progress: 120/1000
        Progress: 160/1000
        Progress: 200/1000
        Progress: 240/1000
        Progress: 280/1000
        Progress: 320/1000
        Progress: 360/1000
        Progress: 400/1000
        Progress: 440/1000
        Progress: 480/1000
        Progress: 520/1000
        Progress: 560/1000
        Progress: 600/1000
        Progress: 640/1000
        Progress: 680/1000
        Progress: 720/1000
        Progress: 760/1000
        Progress: 800/1000
        Progress: 840/1000
        Progress: 880/1000
        Progress: 920/1000
        Progress: 960/1000
        Progress: 1000/1000
   === [Elétrons] Concluído em 4m 42.00s ===
[SDSS J080716.58+145703.3] Calculating Electrons (1D Transport)...
   [SDSS J080716.58+145703.3] -> Transport approx 0 (sem IC)...
   [Transport] Executando paralelização para electron...
   -> [Fótons] Generating photon table (Sync + IC)...
      Calculando componente Síncrotron...
      Calculando componente Compton Inverso (IC)...
        Progress: 40/1000
        Progress: 80/1000
        Progress: 120/1000
        Progress: 160/1000
        Progress: 200/1000
        Progress: 240/1000
        Progress: 280/1000
        Progress: 320/1000
        Progress: 360/1000
        Progress: 400/1000
        Progress: 440/1000
        Progress: 480/1000
        Progress: 520/1000
        Progress: 560/1000
        Progress: 600/1000
        Progress: 640/1000
        Progress: 680/1000
        Progress: 720/1000
        Progress: 760/1000
        Progress: 800/1000
        Progress: 840/1000
        Progress: 880/1000
        Progress: 920/1000
        Progress: 960/1000
        Progress: 1000/1000
   -> [IC] Generating IC rate table...
   [SDSS J080716.58+145703.3] -> Transport approx 1 (com IC)...
   [Transport] Executando paralelização para electron...
   -> [Fótons] Generating photon table (Sync + IC)...
      Calculando componente Síncrotron...
      Calculando componente Compton Inverso (IC)...
        Progress: 40/1000
        Progress: 80/1000
        Progress: 120/1000
        Progress: 160/1000
        Progress: 200/1000
        Progress: 240/1000
        Progress: 280/1000
        Progress: 320/1000
        Progress: 360/1000
        Progress: 400/1000
        Progress: 440/1000
        Progress: 480/1000
        Progress: 520/1000
        Progress: 560/1000
        Progress: 600/1000
        Progress: 640/1000
        Progress: 680/1000
        Progress: 720/1000
        Progress: 760/1000
        Progress: 800/1000
        Progress: 840/1000
        Progress: 880/1000
        Progress: 920/1000
        Progress: 960/1000
        Progress: 1000/1000
   === [Elétrons] Concluído em 5m 0.55s ===
[SDSS J083158.49+562052.3] Calculating Electrons (1D Transport)...
   [SDSS J083158.49+562052.3] -> Transport approx 0 (sem IC)...
   [Transport] Executando paralelização para electron...
   -> [Fótons] Generating photon table (Sync + IC)...
      Calculando componente Síncrotron...
      Calculando componente Compton Inverso (IC)...
        Progress: 40/1000
        Progress: 80/1000
        Progress: 120/1000
        Progress: 160/1000
        Progress: 200/1000
        Progress: 240/1000
        Progress: 280/1000
        Progress: 320/1000
        Progress: 360/1000
        Progress: 400/1000
        Progress: 440/1000
        Progress: 480/1000
        Progress: 520/1000
        Progress: 560/1000
        Progress: 600/1000
        Progress: 640/1000
        Progress: 680/1000
        Progress: 720/1000
        Progress: 760/1000
        Progress: 800/1000
        Progress: 840/1000
        Progress: 880/1000
        Progress: 920/1000
        Progress: 960/1000
        Progress: 1000/1000
   -> [IC] Generating IC rate table...
   [SDSS J083158.49+562052.3] -> Transport approx 1 (com IC)...
   [Transport] Executando paralelização para electron...
   -> [Fótons] Generating photon table (Sync + IC)...
      Calculando componente Síncrotron...
      Calculando componente Compton Inverso (IC)...
        Progress: 40/1000
        Progress: 80/1000
        Progress: 120/1000
        Progress: 160/1000
        Progress: 200/1000
        Progress: 240/1000
        Progress: 280/1000
        Progress: 320/1000
        Progress: 360/1000
        Progress: 400/1000
        Progress: 440/1000
        Progress: 480/1000
        Progress: 520/1000
        Progress: 560/1000
        Progress: 600/1000
        Progress: 640/1000
        Progress: 680/1000
        Progress: 720/1000
        Progress: 760/1000
        Progress: 800/1000
        Progress: 840/1000
        Progress: 880/1000
        Progress: 920/1000
        Progress: 960/1000
        Progress: 1000/1000
   === [Elétrons] Concluído em 5m 0.93s ===
[SDSS J083511.98+051829.2] Calculating Electrons (1D Transport)...
   [SDSS J083511.98+051829.2] -> Transport approx 0 (sem IC)...
   [Transport] Executando paralelização para electron...
   -> [Fótons] Generating photon table (Sync + IC)...
      Calculando componente Síncrotron...
      Calculando componente Compton Inverso (IC)...
        Progress: 40/1000
        Progress: 80/1000
        Progress: 120/1000
        Progress: 160/1000
        Progress: 200/1000
        Progress: 240/1000
        Progress: 280/1000
        Progress: 320/1000
        Progress: 360/1000
        Progress: 400/1000
        Progress: 440/1000
        Progress: 480/1000
        Progress: 520/1000
        Progress: 560/1000
        Progress: 600/1000
        Progress: 640/1000
        Progress: 680/1000
        Progress: 720/1000
        Progress: 760/1000
        Progress: 800/1000
        Progress: 840/1000
        Progress: 880/1000
        Progress: 920/1000
        Progress: 960/1000
        Progress: 1000/1000
   -> [IC] Generating IC rate table...
   [SDSS J083511.98+051829.2] -> Transport approx 1 (com IC)...
   [Transport] Executando paralelização para electron...
   -> [Fótons] Generating photon table (Sync + IC)...
      Calculando componente Síncrotron...
      Calculando componente Compton Inverso (IC)...
        Progress: 40/1000
        Progress: 80/1000
        Progress: 120/1000
        Progress: 160/1000
        Progress: 200/1000
        Progress: 240/1000
        Progress: 280/1000
        Progress: 320/1000
        Progress: 360/1000
        Progress: 400/1000
        Progress: 440/1000
        Progress: 480/1000
        Progress: 520/1000
        Progress: 560/1000
        Progress: 600/1000
        Progress: 640/1000
        Progress: 680/1000
        Progress: 720/1000
        Progress: 760/1000
        Progress: 800/1000
        Progress: 840/1000
        Progress: 880/1000
        Progress: 920/1000
        Progress: 960/1000
        Progress: 1000/1000
   === [Elétrons] Concluído em 4m 54.42s ===
[SDSS J084102.73+595610.5] Calculating Electrons (1D Transport)...
   [SDSS J084102.73+595610.5] -> Transport approx 0 (sem IC)...
   [Transport] Executando paralelização para electron...
   -> [Fótons] Generating photon table (Sync + IC)...
      Calculando componente Síncrotron...
      Calculando componente Compton Inverso (IC)...
        Progress: 40/1000
        Progress: 80/1000
        Progress: 120/1000
        Progress: 160/1000
        Progress: 200/1000
        Progress: 240/1000
        Progress: 280/1000
        Progress: 320/1000
        Progress: 360/1000
        Progress: 400/1000
        Progress: 440/1000
        Progress: 480/1000
        Progress: 520/1000
        Progress: 560/1000
        Progress: 600/1000
        Progress: 640/1000
        Progress: 680/1000
        Progress: 720/1000
        Progress: 760/1000
        Progress: 800/1000
        Progress: 840/1000
        Progress: 880/1000
        Progress: 920/1000
        Progress: 960/1000
        Progress: 1000/1000
   -> [IC] Generating IC rate table...
   [SDSS J084102.73+595610.5] -> Transport approx 1 (com IC)...
   [Transport] Executando paralelização para electron...
   -> [Fótons] Generating photon table (Sync + IC)...
      Calculando componente Síncrotron...
      Calculando componente Compton Inverso (IC)...
        Progress: 40/1000
        Progress: 80/1000
        Progress: 120/1000
        Progress: 160/1000
        Progress: 200/1000
        Progress: 240/1000
        Progress: 280/1000
        Progress: 320/1000
        Progress: 360/1000
        Progress: 400/1000
        Progress: 440/1000
        Progress: 480/1000
        Progress: 520/1000
        Progress: 560/1000
        Progress: 600/1000
        Progress: 640/1000
        Progress: 680/1000
        Progress: 720/1000
        Progress: 760/1000
        Progress: 800/1000
        Progress: 840/1000
        Progress: 880/1000
        Progress: 920/1000
        Progress: 960/1000
        Progress: 1000/1000
   === [Elétrons] Concluído em 4m 55.31s ===
[SDSS J084701.88+100106.6] Calculating Electrons (1D Transport)...
   [SDSS J084701.88+100106.6] -> Transport approx 0 (sem IC)...
   [Transport] Executando paralelização para electron...
   -> [Fótons] Generating photon table (Sync + IC)...
      Calculando componente Síncrotron...
      Calculando componente Compton Inverso (IC)...
        Progress: 40/1000
        Progress: 80/1000
        Progress: 120/1000
        Progress: 160/1000
        Progress: 200/1000
        Progress: 240/1000
        Progress: 280/1000
        Progress: 320/1000
        Progress: 360/1000
        Progress: 400/1000
        Progress: 440/1000
        Progress: 480/1000
        Progress: 520/1000
        Progress: 560/1000
        Progress: 600/1000
        Progress: 640/1000
        Progress: 680/1000
        Progress: 720/1000
        Progress: 760/1000
        Progress: 800/1000
        Progress: 840/1000
        Progress: 880/1000
        Progress: 920/1000
        Progress: 960/1000
        Progress: 1000/1000
   -> [IC] Generating IC rate table...
   [SDSS J084701.88+100106.6] -> Transport approx 1 (com IC)...
   [Transport] Executando paralelização para electron...
   -> [Fótons] Generating photon table (Sync + IC)...
      Calculando componente Síncrotron...
      Calculando componente Compton Inverso (IC)...
        Progress: 40/1000
        Progress: 80/1000
        Progress: 120/1000
        Progress: 160/1000
        Progress: 200/1000
        Progress: 240/1000
        Progress: 280/1000
        Progress: 320/1000
        Progress: 360/1000
        Progress: 400/1000
        Progress: 440/1000
        Progress: 480/1000
        Progress: 520/1000
        Progress: 560/1000
        Progress: 600/1000
        Progress: 640/1000
        Progress: 680/1000
        Progress: 720/1000
        Progress: 760/1000
        Progress: 800/1000
        Progress: 840/1000
        Progress: 880/1000
        Progress: 920/1000
        Progress: 960/1000
        Progress: 1000/1000
   === [Elétrons] Concluído em 4m 57.90s ===
[SDSS J090652.79+412429.7] Calculating Electrons (1D Transport)...
   [SDSS J090652.79+412429.7] -> Transport approx 0 (sem IC)...
   [Transport] Executando paralelização para electron...
   -> [Fótons] Generating photon table (Sync + IC)...
      Calculando componente Síncrotron...
      Calculando componente Compton Inverso (IC)...
        Progress: 40/1000
        Progress: 80/1000
        Progress: 120/1000
        Progress: 160/1000
        Progress: 200/1000
        Progress: 240/1000
        Progress: 280/1000
        Progress: 320/1000
        Progress: 360/1000
        Progress: 400/1000
        Progress: 440/1000
        Progress: 480/1000
        Progress: 520/1000
        Progress: 560/1000
        Progress: 600/1000
        Progress: 640/1000
        Progress: 680/1000
        Progress: 720/1000
        Progress: 760/1000
        Progress: 800/1000
        Progress: 840/1000
        Progress: 880/1000
        Progress: 920/1000
        Progress: 960/1000
        Progress: 1000/1000
   -> [IC] Generating IC rate table...
   [SDSS J090652.79+412429.7] -> Transport approx 1 (com IC)...
   [Transport] Executando paralelização para electron...
   -> [Fótons] Generating photon table (Sync + IC)...
      Calculando componente Síncrotron...
      Calculando componente Compton Inverso (IC)...
        Progress: 40/1000
        Progress: 80/1000
        Progress: 120/1000
        Progress: 160/1000
        Progress: 200/1000
        Progress: 240/1000
        Progress: 280/1000
        Progress: 320/1000
        Progress: 360/1000
        Progress: 400/1000
        Progress: 440/1000
        Progress: 480/1000
        Progress: 520/1000
        Progress: 560/1000
        Progress: 600/1000
        Progress: 640/1000
        Progress: 680/1000
        Progress: 720/1000
        Progress: 760/1000
        Progress: 800/1000
        Progress: 840/1000
        Progress: 880/1000
        Progress: 920/1000
        Progress: 960/1000
        Progress: 1000/1000
   === [Elétrons] Concluído em 5m 13.38s ===
[SDSS J090734.91+325722.9] Calculating Electrons (1D Transport)...
   [SDSS J090734.91+325722.9] -> Transport approx 0 (sem IC)...
   [Transport] Executando paralelização para electron...
   -> [Fótons] Generating photon table (Sync + IC)...
      Calculando componente Síncrotron...
      Calculando componente Compton Inverso (IC)...
        Progress: 40/1000
        Progress: 80/1000
        Progress: 120/1000
        Progress: 160/1000
        Progress: 200/1000
        Progress: 240/1000
        Progress: 280/1000
        Progress: 320/1000
        Progress: 360/1000
        Progress: 400/1000
        Progress: 440/1000
        Progress: 480/1000
        Progress: 520/1000
        Progress: 560/1000
        Progress: 600/1000
        Progress: 640/1000
        Progress: 680/1000
        Progress: 720/1000
        Progress: 760/1000
        Progress: 800/1000
        Progress: 840/1000
        Progress: 880/1000
        Progress: 920/1000
        Progress: 960/1000
        Progress: 1000/1000
   -> [IC] Generating IC rate table...
   [SDSS J090734.91+325722.9] -> Transport approx 1 (com IC)...
   [Transport] Executando paralelização para electron...
   -> [Fótons] Generating photon table (Sync + IC)...
      Calculando componente Síncrotron...
      Calculando componente Compton Inverso (IC)...
        Progress: 40/1000
        Progress: 80/1000
        Progress: 120/1000
        Progress: 160/1000
        Progress: 200/1000
        Progress: 240/1000
        Progress: 280/1000
        Progress: 320/1000
        Progress: 360/1000
        Progress: 400/1000
        Progress: 440/1000
        Progress: 480/1000
        Progress: 520/1000
        Progress: 560/1000
        Progress: 600/1000
        Progress: 640/1000
        Progress: 680/1000
        Progress: 720/1000
        Progress: 760/1000
        Progress: 800/1000
        Progress: 840/1000
        Progress: 880/1000
        Progress: 920/1000
        Progress: 960/1000
        Progress: 1000/1000
   === [Elétrons] Concluído em 5m 27.21s ===
[SDSS J090937.44+192808.2] Calculating Electrons (1D Transport)...
   [SDSS J090937.44+192808.2] -> Transport approx 0 (sem IC)...
   [Transport] Executando paralelização para electron...
   -> [Fótons] Generating photon table (Sync + IC)...
      Calculando componente Síncrotron...
      Calculando componente Compton Inverso (IC)...
        Progress: 40/1000
        Progress: 80/1000
        Progress: 120/1000
        Progress: 160/1000
        Progress: 200/1000
        Progress: 240/1000
        Progress: 280/1000
        Progress: 320/1000
        Progress: 360/1000
        Progress: 400/1000
        Progress: 440/1000
        Progress: 480/1000
        Progress: 520/1000
        Progress: 560/1000
        Progress: 600/1000
        Progress: 640/1000
        Progress: 680/1000
        Progress: 720/1000
        Progress: 760/1000
        Progress: 800/1000
        Progress: 840/1000
        Progress: 880/1000
        Progress: 920/1000
        Progress: 960/1000
        Progress: 1000/1000
   -> [IC] Generating IC rate table...
   [SDSS J090937.44+192808.2] -> Transport approx 1 (com IC)...
   [Transport] Executando paralelização para electron...
   -> [Fótons] Generating photon table (Sync + IC)...
      Calculando componente Síncrotron...
      Calculando componente Compton Inverso (IC)...
        Progress: 40/1000
        Progress: 80/1000
        Progress: 120/1000
        Progress: 160/1000
        Progress: 200/1000
        Progress: 240/1000
        Progress: 280/1000
        Progress: 320/1000
        Progress: 360/1000
        Progress: 400/1000
        Progress: 440/1000
        Progress: 480/1000
        Progress: 520/1000
        Progress: 560/1000
        Progress: 600/1000
        Progress: 640/1000
        Progress: 680/1000
        Progress: 720/1000
        Progress: 760/1000
        Progress: 800/1000
        Progress: 840/1000
        Progress: 880/1000
        Progress: 920/1000
        Progress: 960/1000
        Progress: 1000/1000
   === [Elétrons] Concluído em 5m 1.23s ===
[SDSS J091039.92+184147.6] Calculating Electrons (1D Transport)...
   [SDSS J091039.92+184147.6] -> Transport approx 0 (sem IC)...
   [Transport] Executando paralelização para electron...
   -> [Fótons] Generating photon table (Sync + IC)...
      Calculando componente Síncrotron...
      Calculando componente Compton Inverso (IC)...
        Progress: 40/1000
        Progress: 80/1000
        Progress: 120/1000
        Progress: 160/1000
        Progress: 200/1000
        Progress: 240/1000
        Progress: 280/1000
        Progress: 320/1000
        Progress: 360/1000
        Progress: 400/1000
        Progress: 440/1000
        Progress: 480/1000
        Progress: 520/1000
        Progress: 560/1000
        Progress: 600/1000
        Progress: 640/1000
        Progress: 680/1000
        Progress: 720/1000
        Progress: 760/1000
        Progress: 800/1000
        Progress: 840/1000
        Progress: 880/1000
        Progress: 920/1000
        Progress: 960/1000
        Progress: 1000/1000
   -> [IC] Generating IC rate table...
   [SDSS J091039.92+184147.6] -> Transport approx 1 (com IC)...
   [Transport] Executando paralelização para electron...
   -> [Fótons] Generating photon table (Sync + IC)...
      Calculando componente Síncrotron...
      Calculando componente Compton Inverso (IC)...
        Progress: 40/1000
        Progress: 80/1000
        Progress: 120/1000
        Progress: 160/1000
        Progress: 200/1000
        Progress: 240/1000
        Progress: 280/1000
        Progress: 320/1000
        Progress: 360/1000
        Progress: 400/1000
        Progress: 440/1000
        Progress: 480/1000
        Progress: 520/1000
        Progress: 560/1000
        Progress: 600/1000
        Progress: 640/1000
        Progress: 680/1000
        Progress: 720/1000
        Progress: 760/1000
        Progress: 800/1000
        Progress: 840/1000
        Progress: 880/1000
        Progress: 920/1000
        Progress: 960/1000
        Progress: 1000/1000
   === [Elétrons] Concluído em 5m 9.36s ===
[SDSS J091601.78+173523.3] Calculating Electrons (1D Transport)...
   [SDSS J091601.78+173523.3] -> Transport approx 0 (sem IC)...
   [Transport] Executando paralelização para electron...
   -> [Fótons] Generating photon table (Sync + IC)...
      Calculando componente Síncrotron...
      Calculando componente Compton Inverso (IC)...
        Progress: 40/1000
        Progress: 80/1000
        Progress: 120/1000
        Progress: 160/1000
        Progress: 200/1000
        Progress: 240/1000
        Progress: 280/1000
        Progress: 320/1000
        Progress: 360/1000
        Progress: 400/1000
        Progress: 440/1000
        Progress: 480/1000
        Progress: 520/1000
        Progress: 560/1000
        Progress: 600/1000
        Progress: 640/1000
        Progress: 680/1000
        Progress: 720/1000
        Progress: 760/1000
        Progress: 800/1000
        Progress: 840/1000
        Progress: 880/1000
        Progress: 920/1000
        Progress: 960/1000
        Progress: 1000/1000
   -> [IC] Generating IC rate table...
   [SDSS J091601.78+173523.3] -> Transport approx 1 (com IC)...
   [Transport] Executando paralelização para electron...
   -> [Fótons] Generating photon table (Sync + IC)...
      Calculando componente Síncrotron...
      Calculando componente Compton Inverso (IC)...
        Progress: 40/1000
        Progress: 80/1000
        Progress: 120/1000
        Progress: 160/1000
        Progress: 200/1000
        Progress: 240/1000
        Progress: 280/1000
        Progress: 320/1000
        Progress: 360/1000
        Progress: 400/1000
        Progress: 440/1000
        Progress: 480/1000
        Progress: 520/1000
        Progress: 560/1000
        Progress: 600/1000
        Progress: 640/1000
        Progress: 680/1000
        Progress: 720/1000
        Progress: 760/1000
        Progress: 800/1000
        Progress: 840/1000
        Progress: 880/1000
        Progress: 920/1000
        Progress: 960/1000
        Progress: 1000/1000
   === [Elétrons] Concluído em 5m 0.24s ===
[SDSS J091754.25+133145.5] Calculating Electrons (1D Transport)...
   [SDSS J091754.25+133145.5] -> Transport approx 0 (sem IC)...
   [Transport] Executando paralelização para electron...
   -> [Fótons] Generating photon table (Sync + IC)...
      Calculando componente Síncrotron...
      Calculando componente Compton Inverso (IC)...
        Progress: 40/1000
        Progress: 80/1000
        Progress: 120/1000
        Progress: 160/1000
        Progress: 200/1000
        Progress: 240/1000
        Progress: 280/1000
        Progress: 320/1000
        Progress: 360/1000
        Progress: 400/1000
        Progress: 440/1000
        Progress: 480/1000
        Progress: 520/1000
        Progress: 560/1000
        Progress: 600/1000
        Progress: 640/1000
        Progress: 680/1000
        Progress: 720/1000
        Progress: 760/1000
        Progress: 800/1000
        Progress: 840/1000
        Progress: 880/1000
        Progress: 920/1000
        Progress: 960/1000
        Progress: 1000/1000
   -> [IC] Generating IC rate table...
   [SDSS J091754.25+133145.5] -> Transport approx 1 (com IC)...
   [Transport] Executando paralelização para electron...
   -> [Fótons] Generating photon table (Sync + IC)...
      Calculando componente Síncrotron...
      Calculando componente Compton Inverso (IC)...
        Progress: 40/1000
        Progress: 80/1000
        Progress: 120/1000
        Progress: 160/1000
        Progress: 200/1000
        Progress: 240/1000
        Progress: 280/1000
        Progress: 320/1000
        Progress: 360/1000
        Progress: 400/1000
        Progress: 440/1000
        Progress: 480/1000
        Progress: 520/1000
        Progress: 560/1000
        Progress: 600/1000
        Progress: 640/1000
        Progress: 680/1000
        Progress: 720/1000
        Progress: 760/1000
        Progress: 800/1000
        Progress: 840/1000
        Progress: 880/1000
        Progress: 920/1000
        Progress: 960/1000
        Progress: 1000/1000
   === [Elétrons] Concluído em 5m 15.57s ===
[SDSS J093003.56+341325.3] Calculating Electrons (1D Transport)...
   [SDSS J093003.56+341325.3] -> Transport approx 0 (sem IC)...
   [Transport] Executando paralelização para electron...
   -> [Fótons] Generating photon table (Sync + IC)...
      Calculando componente Síncrotron...
      Calculando componente Compton Inverso (IC)...
        Progress: 40/1000
        Progress: 80/1000
        Progress: 120/1000
        Progress: 160/1000
        Progress: 200/1000
        Progress: 240/1000
        Progress: 280/1000
        Progress: 320/1000
        Progress: 360/1000
        Progress: 400/1000
        Progress: 440/1000
        Progress: 480/1000
        Progress: 520/1000
        Progress: 560/1000
        Progress: 600/1000
        Progress: 640/1000
        Progress: 680/1000
        Progress: 720/1000
        Progress: 760/1000
        Progress: 800/1000
        Progress: 840/1000
        Progress: 880/1000
        Progress: 920/1000
        Progress: 960/1000
        Progress: 1000/1000
   -> [IC] Generating IC rate table...
   [SDSS J093003.56+341325.3] -> Transport approx 1 (com IC)...
   [Transport] Executando paralelização para electron...
   -> [Fótons] Generating photon table (Sync + IC)...
      Calculando componente Síncrotron...
      Calculando componente Compton Inverso (IC)...
        Progress: 40/1000
        Progress: 80/1000
        Progress: 120/1000
        Progress: 160/1000
        Progress: 200/1000
        Progress: 240/1000
        Progress: 280/1000
        Progress: 320/1000
        Progress: 360/1000
        Progress: 400/1000
        Progress: 440/1000
        Progress: 480/1000
        Progress: 520/1000
        Progress: 560/1000
        Progress: 600/1000
        Progress: 640/1000
        Progress: 680/1000
        Progress: 720/1000
        Progress: 760/1000
        Progress: 800/1000
        Progress: 840/1000
        Progress: 880/1000
        Progress: 920/1000
        Progress: 960/1000
        Progress: 1000/1000
   === [Elétrons] Concluído em 5m 2.10s ===
[SDSS J093346.08+100909.0] Calculating Electrons (1D Transport)...
   [SDSS J093346.08+100909.0] -> Transport approx 0 (sem IC)...
   [Transport] Executando paralelização para electron...
   -> [Fótons] Generating photon table (Sync + IC)...
      Calculando componente Síncrotron...
      Calculando componente Compton Inverso (IC)...
        Progress: 40/1000
        Progress: 80/1000
        Progress: 120/1000
        Progress: 160/1000
        Progress: 200/1000
        Progress: 240/1000
        Progress: 280/1000
        Progress: 320/1000
        Progress: 360/1000
        Progress: 400/1000
        Progress: 440/1000
        Progress: 480/1000
        Progress: 520/1000
        Progress: 560/1000
        Progress: 600/1000
        Progress: 640/1000
        Progress: 680/1000
        Progress: 720/1000
        Progress: 760/1000
        Progress: 800/1000
        Progress: 840/1000
        Progress: 880/1000
        Progress: 920/1000
        Progress: 960/1000
        Progress: 1000/1000
   -> [IC] Generating IC rate table...
   [SDSS J093346.08+100909.0] -> Transport approx 1 (com IC)...
   [Transport] Executando paralelização para electron...
   -> [Fótons] Generating photon table (Sync + IC)...
      Calculando componente Síncrotron...
      Calculando componente Compton Inverso (IC)...
        Progress: 40/1000
        Progress: 80/1000
        Progress: 120/1000
        Progress: 160/1000
        Progress: 200/1000
        Progress: 240/1000
        Progress: 280/1000
        Progress: 320/1000
        Progress: 360/1000
        Progress: 400/1000
        Progress: 440/1000
        Progress: 480/1000
        Progress: 520/1000
        Progress: 560/1000
        Progress: 600/1000
        Progress: 640/1000
        Progress: 680/1000
        Progress: 720/1000
        Progress: 760/1000
        Progress: 800/1000
        Progress: 840/1000
        Progress: 880/1000
        Progress: 920/1000
        Progress: 960/1000
        Progress: 1000/1000
   === [Elétrons] Concluído em 4m 58.51s ===
[SDSS J093938.62+385358.6] Calculating Electrons (1D Transport)...
   [SDSS J093938.62+385358.6] -> Transport approx 0 (sem IC)...
   [Transport] Executando paralelização para electron...
   -> [Fótons] Generating photon table (Sync + IC)...
      Calculando componente Síncrotron...
      Calculando componente Compton Inverso (IC)...
        Progress: 40/1000
        Progress: 80/1000
        Progress: 120/1000
        Progress: 160/1000
        Progress: 200/1000
        Progress: 240/1000
        Progress: 280/1000
        Progress: 320/1000
        Progress: 360/1000
        Progress: 400/1000
        Progress: 440/1000
        Progress: 480/1000
        Progress: 520/1000
        Progress: 560/1000
        Progress: 600/1000
        Progress: 640/1000
        Progress: 680/1000
        Progress: 720/1000
        Progress: 760/1000
        Progress: 800/1000
        Progress: 840/1000
        Progress: 880/1000
        Progress: 920/1000
        Progress: 960/1000
        Progress: 1000/1000
   -> [IC] Generating IC rate table...
   [SDSS J093938.62+385358.6] -> Transport approx 1 (com IC)...
   [Transport] Executando paralelização para electron...
   -> [Fótons] Generating photon table (Sync + IC)...
      Calculando componente Síncrotron...
      Calculando componente Compton Inverso (IC)...
        Progress: 40/1000
        Progress: 80/1000
        Progress: 120/1000
        Progress: 160/1000
        Progress: 200/1000
        Progress: 240/1000
        Progress: 280/1000
        Progress: 320/1000
        Progress: 360/1000
        Progress: 400/1000
        Progress: 440/1000
        Progress: 480/1000
        Progress: 520/1000
        Progress: 560/1000
        Progress: 600/1000
        Progress: 640/1000
        Progress: 680/1000
        Progress: 720/1000
        Progress: 760/1000
        Progress: 800/1000
        Progress: 840/1000
        Progress: 880/1000
        Progress: 920/1000
        Progress: 960/1000
        Progress: 1000/1000
   === [Elétrons] Concluído em 5m 4.18s ===
[SDSS J094319.15+361452.1] Calculating Electrons (1D Transport)...
   [SDSS J094319.15+361452.1] -> Transport approx 0 (sem IC)...
   [Transport] Executando paralelização para electron...
   -> [Fótons] Generating photon table (Sync + IC)...
      Calculando componente Síncrotron...
      Calculando componente Compton Inverso (IC)...
        Progress: 40/1000
        Progress: 80/1000
        Progress: 120/1000
        Progress: 160/1000
        Progress: 200/1000
        Progress: 240/1000
        Progress: 280/1000
        Progress: 320/1000
        Progress: 360/1000
        Progress: 400/1000
        Progress: 440/1000
        Progress: 480/1000
        Progress: 520/1000
        Progress: 560/1000
        Progress: 600/1000
        Progress: 640/1000
        Progress: 680/1000
        Progress: 720/1000
        Progress: 760/1000
        Progress: 800/1000
        Progress: 840/1000
        Progress: 880/1000
        Progress: 920/1000
        Progress: 960/1000
        Progress: 1000/1000
   -> [IC] Generating IC rate table...
   [SDSS J094319.15+361452.1] -> Transport approx 1 (com IC)...
   [Transport] Executando paralelização para electron...
   -> [Fótons] Generating photon table (Sync + IC)...
      Calculando componente Síncrotron...
      Calculando componente Compton Inverso (IC)...
        Progress: 40/1000
        Progress: 80/1000
        Progress: 120/1000
        Progress: 160/1000
        Progress: 200/1000
        Progress: 240/1000
        Progress: 280/1000
        Progress: 320/1000
        Progress: 360/1000
        Progress: 400/1000
        Progress: 440/1000
        Progress: 480/1000
        Progress: 520/1000
        Progress: 560/1000
        Progress: 600/1000
        Progress: 640/1000
        Progress: 680/1000
        Progress: 720/1000
        Progress: 760/1000
        Progress: 800/1000
        Progress: 840/1000
        Progress: 880/1000
        Progress: 920/1000
        Progress: 960/1000
        Progress: 1000/1000
   === [Elétrons] Concluído em 5m 15.65s ===
[SDSS J100549.83+003800.0] Calculating Electrons (1D Transport)...
   [SDSS J100549.83+003800.0] -> Transport approx 0 (sem IC)...
   [Transport] Executando paralelização para electron...
   -> [Fótons] Generating photon table (Sync + IC)...
      Calculando componente Síncrotron...
      Calculando componente Compton Inverso (IC)...
        Progress: 40/1000
        Progress: 80/1000
        Progress: 120/1000
        Progress: 160/1000
        Progress: 200/1000
        Progress: 240/1000
        Progress: 280/1000
        Progress: 320/1000
        Progress: 360/1000
        Progress: 400/1000
        Progress: 440/1000
        Progress: 480/1000
        Progress: 520/1000
        Progress: 560/1000
        Progress: 600/1000
        Progress: 640/1000
        Progress: 680/1000
        Progress: 720/1000
        Progress: 760/1000
        Progress: 800/1000
        Progress: 840/1000
        Progress: 880/1000
        Progress: 920/1000
        Progress: 960/1000
        Progress: 1000/1000
   -> [IC] Generating IC rate table...
   [SDSS J100549.83+003800.0] -> Transport approx 1 (com IC)...
   [Transport] Executando paralelização para electron...
   -> [Fótons] Generating photon table (Sync + IC)...
      Calculando componente Síncrotron...
      Calculando componente Compton Inverso (IC)...
        Progress: 40/1000
        Progress: 80/1000
        Progress: 120/1000
        Progress: 160/1000
        Progress: 200/1000
        Progress: 240/1000
        Progress: 280/1000
        Progress: 320/1000
        Progress: 360/1000
        Progress: 400/1000
        Progress: 440/1000
        Progress: 480/1000
        Progress: 520/1000
        Progress: 560/1000
        Progress: 600/1000
        Progress: 640/1000
        Progress: 680/1000
        Progress: 720/1000
        Progress: 760/1000
        Progress: 800/1000
        Progress: 840/1000
        Progress: 880/1000
        Progress: 920/1000
        Progress: 960/1000
        Progress: 1000/1000
   === [Elétrons] Concluído em 4m 41.52s ===
[SDSS J101329.65+075415.6] Calculating Electrons (1D Transport)...
   [SDSS J101329.65+075415.6] -> Transport approx 0 (sem IC)...
   [Transport] Executando paralelização para electron...
   -> [Fótons] Generating photon table (Sync + IC)...
      Calculando componente Síncrotron...
      Calculando componente Compton Inverso (IC)...
        Progress: 40/1000
        Progress: 80/1000
        Progress: 120/1000
        Progress: 160/1000
        Progress: 200/1000
        Progress: 240/1000
        Progress: 280/1000
        Progress: 320/1000
        Progress: 360/1000
        Progress: 400/1000
        Progress: 440/1000
        Progress: 480/1000
        Progress: 520/1000
        Progress: 560/1000
        Progress: 600/1000
        Progress: 640/1000
        Progress: 680/1000
        Progress: 720/1000
        Progress: 760/1000
        Progress: 800/1000
        Progress: 840/1000
        Progress: 880/1000
        Progress: 920/1000
        Progress: 960/1000
        Progress: 1000/1000
   -> [IC] Generating IC rate table...
   [SDSS J101329.65+075415.6] -> Transport approx 1 (com IC)...
   [Transport] Executando paralelização para electron...
   -> [Fótons] Generating photon table (Sync + IC)...
      Calculando componente Síncrotron...
      Calculando componente Compton Inverso (IC)...
        Progress: 40/1000
        Progress: 80/1000
        Progress: 120/1000
        Progress: 160/1000
        Progress: 200/1000
        Progress: 240/1000
        Progress: 280/1000
        Progress: 320/1000
        Progress: 360/1000
        Progress: 400/1000
        Progress: 440/1000
        Progress: 480/1000
        Progress: 520/1000
        Progress: 560/1000
        Progress: 600/1000
        Progress: 640/1000
        Progress: 680/1000
        Progress: 720/1000
        Progress: 760/1000
        Progress: 800/1000
        Progress: 840/1000
        Progress: 880/1000
        Progress: 920/1000
        Progress: 960/1000
        Progress: 1000/1000
   === [Elétrons] Concluído em 4m 47.26s ===
[SDSS J101806.67+000559.7] Calculating Electrons (1D Transport)...
   [SDSS J101806.67+000559.7] -> Transport approx 0 (sem IC)...
   [Transport] Executando paralelização para electron...
   -> [Fótons] Generating photon table (Sync + IC)...
      Calculando componente Síncrotron...
      Calculando componente Compton Inverso (IC)...
        Progress: 40/1000
        Progress: 80/1000
        Progress: 120/1000
        Progress: 160/1000
        Progress: 200/1000
        Progress: 240/1000
        Progress: 280/1000
        Progress: 320/1000
        Progress: 360/1000
        Progress: 400/1000
        Progress: 440/1000
        Progress: 480/1000
        Progress: 520/1000
        Progress: 560/1000
        Progress: 600/1000
        Progress: 640/1000
        Progress: 680/1000
        Progress: 720/1000
        Progress: 760/1000
        Progress: 800/1000
        Progress: 840/1000
        Progress: 880/1000
        Progress: 920/1000
        Progress: 960/1000
        Progress: 1000/1000
   -> [IC] Generating IC rate table...
   [SDSS J101806.67+000559.7] -> Transport approx 1 (com IC)...
   [Transport] Executando paralelização para electron...
   -> [Fótons] Generating photon table (Sync + IC)...
      Calculando componente Síncrotron...
      Calculando componente Compton Inverso (IC)...
        Progress: 40/1000
        Progress: 80/1000
        Progress: 120/1000
        Progress: 160/1000
        Progress: 200/1000
        Progress: 240/1000
        Progress: 280/1000
        Progress: 320/1000
        Progress: 360/1000
        Progress: 400/1000
        Progress: 440/1000
        Progress: 480/1000
        Progress: 520/1000
        Progress: 560/1000
        Progress: 600/1000
        Progress: 640/1000
        Progress: 680/1000
        Progress: 720/1000
        Progress: 760/1000
        Progress: 800/1000
        Progress: 840/1000
        Progress: 880/1000
        Progress: 920/1000
        Progress: 960/1000
        Progress: 1000/1000
   === [Elétrons] Concluído em 5m 21.32s ===
[SDSS J102403.28+420629.8] Calculating Electrons (1D Transport)...
   [SDSS J102403.28+420629.8] -> Transport approx 0 (sem IC)...
   [Transport] Executando paralelização para electron...
   -> [Fótons] Generating photon table (Sync + IC)...
      Calculando componente Síncrotron...
      Calculando componente Compton Inverso (IC)...
        Progress: 40/1000
        Progress: 80/1000
        Progress: 120/1000
        Progress: 160/1000
        Progress: 200/1000
        Progress: 240/1000
        Progress: 280/1000
        Progress: 320/1000
        Progress: 360/1000
        Progress: 400/1000
        Progress: 440/1000
        Progress: 480/1000
        Progress: 520/1000
        Progress: 560/1000
        Progress: 600/1000
        Progress: 640/1000
        Progress: 680/1000
        Progress: 720/1000
        Progress: 760/1000
        Progress: 800/1000
        Progress: 840/1000
        Progress: 880/1000
        Progress: 920/1000
        Progress: 960/1000
        Progress: 1000/1000
   -> [IC] Generating IC rate table...
   [SDSS J102403.28+420629.8] -> Transport approx 1 (com IC)...
   [Transport] Executando paralelização para electron...
   -> [Fótons] Generating photon table (Sync + IC)...
      Calculando componente Síncrotron...
      Calculando componente Compton Inverso (IC)...
        Progress: 40/1000
        Progress: 80/1000
        Progress: 120/1000
        Progress: 160/1000
        Progress: 200/1000
        Progress: 240/1000
        Progress: 280/1000
        Progress: 320/1000
        Progress: 360/1000
        Progress: 400/1000
        Progress: 440/1000
        Progress: 480/1000
        Progress: 520/1000
        Progress: 560/1000
        Progress: 600/1000
        Progress: 640/1000
        Progress: 680/1000
        Progress: 720/1000
        Progress: 760/1000
        Progress: 800/1000
        Progress: 840/1000
        Progress: 880/1000
        Progress: 920/1000
        Progress: 960/1000
        Progress: 1000/1000
   === [Elétrons] Concluído em 5m 0.71s ===
[SDSS J102511.50+171519.9] Calculating Electrons (1D Transport)...
   [SDSS J102511.50+171519.9] -> Transport approx 0 (sem IC)...
   [Transport] Executando paralelização para electron...
   -> [Fótons] Generating photon table (Sync + IC)...
      Calculando componente Síncrotron...
      Calculando componente Compton Inverso (IC)...
        Progress: 40/1000
        Progress: 80/1000
        Progress: 120/1000
        Progress: 160/1000
        Progress: 200/1000
        Progress: 240/1000
        Progress: 280/1000
        Progress: 320/1000
        Progress: 360/1000
        Progress: 400/1000
        Progress: 440/1000
        Progress: 480/1000
        Progress: 520/1000
        Progress: 560/1000
        Progress: 600/1000
        Progress: 640/1000
        Progress: 680/1000
        Progress: 720/1000
        Progress: 760/1000
        Progress: 800/1000
        Progress: 840/1000
        Progress: 880/1000
        Progress: 920/1000
        Progress: 960/1000
        Progress: 1000/1000
   -> [IC] Generating IC rate table...
   [SDSS J102511.50+171519.9] -> Transport approx 1 (com IC)...
   [Transport] Executando paralelização para electron...
   -> [Fótons] Generating photon table (Sync + IC)...
      Calculando componente Síncrotron...
      Calculando componente Compton Inverso (IC)...
        Progress: 40/1000
        Progress: 80/1000
        Progress: 120/1000
        Progress: 160/1000
        Progress: 200/1000
        Progress: 240/1000
        Progress: 280/1000
        Progress: 320/1000
        Progress: 360/1000
        Progress: 400/1000
        Progress: 440/1000
        Progress: 480/1000
        Progress: 520/1000
        Progress: 560/1000
        Progress: 600/1000
        Progress: 640/1000
        Progress: 680/1000
        Progress: 720/1000
        Progress: 760/1000
        Progress: 800/1000
        Progress: 840/1000
        Progress: 880/1000
        Progress: 920/1000
        Progress: 960/1000
        Progress: 1000/1000
   === [Elétrons] Concluído em 4m 41.90s ===
[SDSS J102544.22+102230.4] Calculating Electrons (1D Transport)...
   [SDSS J102544.22+102230.4] -> Transport approx 0 (sem IC)...
   [Transport] Executando paralelização para electron...
   -> [Fótons] Generating photon table (Sync + IC)...
      Calculando componente Síncrotron...
      Calculando componente Compton Inverso (IC)...
        Progress: 40/1000
        Progress: 80/1000
        Progress: 120/1000
        Progress: 160/1000
        Progress: 200/1000
        Progress: 240/1000
        Progress: 280/1000
        Progress: 320/1000
        Progress: 360/1000
        Progress: 400/1000
        Progress: 440/1000
        Progress: 480/1000
        Progress: 520/1000
        Progress: 560/1000
        Progress: 600/1000
        Progress: 640/1000
        Progress: 680/1000
        Progress: 720/1000
        Progress: 760/1000
        Progress: 800/1000
        Progress: 840/1000
        Progress: 880/1000
        Progress: 920/1000
        Progress: 960/1000
        Progress: 1000/1000
   -> [IC] Generating IC rate table...
   [SDSS J102544.22+102230.4] -> Transport approx 1 (com IC)...
   [Transport] Executando paralelização para electron...
   -> [Fótons] Generating photon table (Sync + IC)...
      Calculando componente Síncrotron...
      Calculando componente Compton Inverso (IC)...
        Progress: 40/1000
        Progress: 80/1000
        Progress: 120/1000
        Progress: 160/1000
        Progress: 200/1000
        Progress: 240/1000
        Progress: 280/1000
        Progress: 320/1000
        Progress: 360/1000
        Progress: 400/1000
        Progress: 440/1000
        Progress: 480/1000
        Progress: 520/1000
        Progress: 560/1000
        Progress: 600/1000
        Progress: 640/1000
        Progress: 680/1000
        Progress: 720/1000
        Progress: 760/1000
        Progress: 800/1000
        Progress: 840/1000
        Progress: 880/1000
        Progress: 920/1000
        Progress: 960/1000
        Progress: 1000/1000
   === [Elétrons] Concluído em 5m 4.05s ===
[SDSS J103719.33+433515.3] Calculating Electrons (1D Transport)...
   [SDSS J103719.33+433515.3] -> Transport approx 0 (sem IC)...
   [Transport] Executando paralelização para electron...
   -> [Fótons] Generating photon table (Sync + IC)...
      Calculando componente Síncrotron...
      Calculando componente Compton Inverso (IC)...
        Progress: 40/1000
        Progress: 80/1000
        Progress: 120/1000
        Progress: 160/1000
        Progress: 200/1000
        Progress: 240/1000
        Progress: 280/1000
        Progress: 320/1000
        Progress: 360/1000
        Progress: 400/1000
        Progress: 440/1000
        Progress: 480/1000
        Progress: 520/1000
        Progress: 560/1000
        Progress: 600/1000
        Progress: 640/1000
        Progress: 680/1000
        Progress: 720/1000
        Progress: 760/1000
        Progress: 800/1000
        Progress: 840/1000
        Progress: 880/1000
        Progress: 920/1000
        Progress: 960/1000
        Progress: 1000/1000
   -> [IC] Generating IC rate table...
   [SDSS J103719.33+433515.3] -> Transport approx 1 (com IC)...
   [Transport] Executando paralelização para electron...
   -> [Fótons] Generating photon table (Sync + IC)...
      Calculando componente Síncrotron...
      Calculando componente Compton Inverso (IC)...
        Progress: 40/1000
        Progress: 80/1000
        Progress: 120/1000
        Progress: 160/1000
        Progress: 200/1000
        Progress: 240/1000
        Progress: 280/1000
        Progress: 320/1000
        Progress: 360/1000
        Progress: 400/1000
        Progress: 440/1000
        Progress: 480/1000
        Progress: 520/1000
        Progress: 560/1000
        Progress: 600/1000
        Progress: 640/1000
        Progress: 680/1000
        Progress: 720/1000
        Progress: 760/1000
        Progress: 800/1000
        Progress: 840/1000
        Progress: 880/1000
        Progress: 920/1000
        Progress: 960/1000
        Progress: 1000/1000
   === [Elétrons] Concluído em 5m 5.67s ===
[SDSS J103952.47+205049.3] Calculating Electrons (1D Transport)...
   [SDSS J103952.47+205049.3] -> Transport approx 0 (sem IC)...
   [Transport] Executando paralelização para electron...
   -> [Fótons] Generating photon table (Sync + IC)...
      Calculando componente Síncrotron...
      Calculando componente Compton Inverso (IC)...
        Progress: 40/1000
        Progress: 80/1000
        Progress: 120/1000
        Progress: 160/1000
        Progress: 200/1000
        Progress: 240/1000
        Progress: 280/1000
        Progress: 320/1000
        Progress: 360/1000
        Progress: 400/1000
        Progress: 440/1000
        Progress: 480/1000
        Progress: 520/1000
        Progress: 560/1000
        Progress: 600/1000
        Progress: 640/1000
        Progress: 680/1000
        Progress: 720/1000
        Progress: 760/1000
        Progress: 800/1000
        Progress: 840/1000
        Progress: 880/1000
        Progress: 920/1000
        Progress: 960/1000
        Progress: 1000/1000
   -> [IC] Generating IC rate table...
   [SDSS J103952.47+205049.3] -> Transport approx 1 (com IC)...
   [Transport] Executando paralelização para electron...
   -> [Fótons] Generating photon table (Sync + IC)...
      Calculando componente Síncrotron...
      Calculando componente Compton Inverso (IC)...
        Progress: 40/1000
        Progress: 80/1000
        Progress: 120/1000
        Progress: 160/1000
        Progress: 200/1000
        Progress: 240/1000
        Progress: 280/1000
        Progress: 320/1000
        Progress: 360/1000
        Progress: 400/1000
        Progress: 440/1000
        Progress: 480/1000
        Progress: 520/1000
        Progress: 560/1000
        Progress: 600/1000
        Progress: 640/1000
        Progress: 680/1000
        Progress: 720/1000
        Progress: 760/1000
        Progress: 800/1000
        Progress: 840/1000
        Progress: 880/1000
        Progress: 920/1000
        Progress: 960/1000
        Progress: 1000/1000
   === [Elétrons] Concluído em 5m 5.22s ===
[SDSS J104028.37+091057.1] Calculating Electrons (1D Transport)...
   [SDSS J104028.37+091057.1] -> Transport approx 0 (sem IC)...
   [Transport] Executando paralelização para electron...
   -> [Fótons] Generating photon table (Sync + IC)...
      Calculando componente Síncrotron...
      Calculando componente Compton Inverso (IC)...
        Progress: 40/1000
        Progress: 80/1000
        Progress: 120/1000
        Progress: 160/1000
        Progress: 200/1000
        Progress: 240/1000
        Progress: 280/1000
        Progress: 320/1000
        Progress: 360/1000
        Progress: 400/1000
        Progress: 440/1000
        Progress: 480/1000
        Progress: 520/1000
        Progress: 560/1000
        Progress: 600/1000
        Progress: 640/1000
        Progress: 680/1000
        Progress: 720/1000
        Progress: 760/1000
        Progress: 800/1000
        Progress: 840/1000
        Progress: 880/1000
        Progress: 920/1000
        Progress: 960/1000
        Progress: 1000/1000
   -> [IC] Generating IC rate table...
   [SDSS J104028.37+091057.1] -> Transport approx 1 (com IC)...
   [Transport] Executando paralelização para electron...
   -> [Fótons] Generating photon table (Sync + IC)...
      Calculando componente Síncrotron...
      Calculando componente Compton Inverso (IC)...
        Progress: 40/1000
        Progress: 80/1000
        Progress: 120/1000
        Progress: 160/1000
        Progress: 200/1000
        Progress: 240/1000
        Progress: 280/1000
        Progress: 320/1000
        Progress: 360/1000
        Progress: 400/1000
        Progress: 440/1000
        Progress: 480/1000
        Progress: 520/1000
        Progress: 560/1000
        Progress: 600/1000
        Progress: 640/1000
        Progress: 680/1000
        Progress: 720/1000
        Progress: 760/1000
        Progress: 800/1000
        Progress: 840/1000
        Progress: 880/1000
        Progress: 920/1000
        Progress: 960/1000
        Progress: 1000/1000
   === [Elétrons] Concluído em 5m 1.23s ===
[SDSS J104403.68+435412.0] Calculating Electrons (1D Transport)...
   [SDSS J104403.68+435412.0] -> Transport approx 0 (sem IC)...
   [Transport] Executando paralelização para electron...
   -> [Fótons] Generating photon table (Sync + IC)...
      Calculando componente Síncrotron...
      Calculando componente Compton Inverso (IC)...
        Progress: 40/1000
        Progress: 80/1000
        Progress: 120/1000
        Progress: 160/1000
        Progress: 200/1000
        Progress: 240/1000
        Progress: 280/1000
        Progress: 320/1000
        Progress: 360/1000
        Progress: 400/1000
        Progress: 440/1000
        Progress: 480/1000
        Progress: 520/1000
        Progress: 560/1000
        Progress: 600/1000
        Progress: 640/1000
        Progress: 680/1000
        Progress: 720/1000
        Progress: 760/1000
        Progress: 800/1000
        Progress: 840/1000
        Progress: 880/1000
        Progress: 920/1000
        Progress: 960/1000
        Progress: 1000/1000
   -> [IC] Generating IC rate table...
   [SDSS J104403.68+435412.0] -> Transport approx 1 (com IC)...
   [Transport] Executando paralelização para electron...
   -> [Fótons] Generating photon table (Sync + IC)...
      Calculando componente Síncrotron...
      Calculando componente Compton Inverso (IC)...
        Progress: 40/1000
        Progress: 80/1000
        Progress: 120/1000
        Progress: 160/1000
        Progress: 200/1000
        Progress: 240/1000
        Progress: 280/1000
        Progress: 320/1000
        Progress: 360/1000
        Progress: 400/1000
        Progress: 440/1000
        Progress: 480/1000
        Progress: 520/1000
        Progress: 560/1000
        Progress: 600/1000
        Progress: 640/1000
        Progress: 680/1000
        Progress: 720/1000
        Progress: 760/1000
        Progress: 800/1000
        Progress: 840/1000
        Progress: 880/1000
        Progress: 920/1000
        Progress: 960/1000
        Progress: 1000/1000
   === [Elétrons] Concluído em 5m 3.34s ===
[SDSS J104811.90+045954.8] Calculating Electrons (1D Transport)...
   [SDSS J104811.90+045954.8] -> Transport approx 0 (sem IC)...
   [Transport] Executando paralelização para electron...
   -> [Fótons] Generating photon table (Sync + IC)...
      Calculando componente Síncrotron...
      Calculando componente Compton Inverso (IC)...
        Progress: 40/1000
        Progress: 80/1000
        Progress: 120/1000
        Progress: 160/1000
        Progress: 200/1000
        Progress: 240/1000
        Progress: 280/1000
        Progress: 320/1000
        Progress: 360/1000
        Progress: 400/1000
        Progress: 440/1000
        Progress: 480/1000
        Progress: 520/1000
        Progress: 560/1000
        Progress: 600/1000
        Progress: 640/1000
        Progress: 680/1000
        Progress: 720/1000
        Progress: 760/1000
        Progress: 800/1000
        Progress: 840/1000
        Progress: 880/1000
        Progress: 920/1000
        Progress: 960/1000
        Progress: 1000/1000
   -> [IC] Generating IC rate table...
   [SDSS J104811.90+045954.8] -> Transport approx 1 (com IC)...
   [Transport] Executando paralelização para electron...
   -> [Fótons] Generating photon table (Sync + IC)...
      Calculando componente Síncrotron...
      Calculando componente Compton Inverso (IC)...
        Progress: 40/1000
        Progress: 80/1000
        Progress: 120/1000
        Progress: 160/1000
        Progress: 200/1000
        Progress: 240/1000
        Progress: 280/1000
        Progress: 320/1000
        Progress: 360/1000
        Progress: 400/1000
        Progress: 440/1000
        Progress: 480/1000
        Progress: 520/1000
        Progress: 560/1000
        Progress: 600/1000
        Progress: 640/1000
        Progress: 680/1000
        Progress: 720/1000
        Progress: 760/1000
        Progress: 800/1000
        Progress: 840/1000
        Progress: 880/1000
        Progress: 920/1000
        Progress: 960/1000
        Progress: 1000/1000
   === [Elétrons] Concluído em 5m 11.18s ===
[SDSS J104852.92+480314.8] Calculating Electrons (1D Transport)...
   [SDSS J104852.92+480314.8] -> Transport approx 0 (sem IC)...
   [Transport] Executando paralelização para electron...
   -> [Fótons] Generating photon table (Sync + IC)...
      Calculando componente Síncrotron...
      Calculando componente Compton Inverso (IC)...
        Progress: 40/1000
        Progress: 80/1000
        Progress: 120/1000
        Progress: 160/1000
        Progress: 200/1000
        Progress: 240/1000
        Progress: 280/1000
        Progress: 320/1000
        Progress: 360/1000
        Progress: 400/1000
        Progress: 440/1000
        Progress: 480/1000
        Progress: 520/1000
        Progress: 560/1000
        Progress: 600/1000
        Progress: 640/1000
        Progress: 680/1000
        Progress: 720/1000
        Progress: 760/1000
        Progress: 800/1000
        Progress: 840/1000
        Progress: 880/1000
        Progress: 920/1000
        Progress: 960/1000
        Progress: 1000/1000
   -> [IC] Generating IC rate table...
   [SDSS J104852.92+480314.8] -> Transport approx 1 (com IC)...
   [Transport] Executando paralelização para electron...
   -> [Fótons] Generating photon table (Sync + IC)...
      Calculando componente Síncrotron...
      Calculando componente Compton Inverso (IC)...
        Progress: 40/1000
        Progress: 80/1000
        Progress: 120/1000
        Progress: 160/1000
        Progress: 200/1000
        Progress: 240/1000
        Progress: 280/1000
        Progress: 320/1000
        Progress: 360/1000
        Progress: 400/1000
        Progress: 440/1000
        Progress: 480/1000
        Progress: 520/1000
        Progress: 560/1000
        Progress: 600/1000
        Progress: 640/1000
        Progress: 680/1000
        Progress: 720/1000
        Progress: 760/1000
        Progress: 800/1000
        Progress: 840/1000
        Progress: 880/1000
        Progress: 920/1000
        Progress: 960/1000
        Progress: 1000/1000
   === [Elétrons] Concluído em 5m 8.58s ===
[SDSS J105731.16+405646.1] Calculating Electrons (1D Transport)...
   [SDSS J105731.16+405646.1] -> Transport approx 0 (sem IC)...
   [Transport] Executando paralelização para electron...
   -> [Fótons] Generating photon table (Sync + IC)...
      Calculando componente Síncrotron...
      Calculando componente Compton Inverso (IC)...
        Progress: 40/1000
        Progress: 80/1000
        Progress: 120/1000
        Progress: 160/1000
        Progress: 200/1000
        Progress: 240/1000
        Progress: 280/1000
        Progress: 320/1000
        Progress: 360/1000
        Progress: 400/1000
        Progress: 440/1000
        Progress: 480/1000
        Progress: 520/1000
        Progress: 560/1000
        Progress: 600/1000
        Progress: 640/1000
        Progress: 680/1000
        Progress: 720/1000
        Progress: 760/1000
        Progress: 800/1000
        Progress: 840/1000
        Progress: 880/1000
        Progress: 920/1000
        Progress: 960/1000
        Progress: 1000/1000
   -> [IC] Generating IC rate table...
   [SDSS J105731.16+405646.1] -> Transport approx 1 (com IC)...
   [Transport] Executando paralelização para electron...
   -> [Fótons] Generating photon table (Sync + IC)...
      Calculando componente Síncrotron...
      Calculando componente Compton Inverso (IC)...
        Progress: 40/1000
        Progress: 80/1000
        Progress: 120/1000
        Progress: 160/1000
        Progress: 200/1000
        Progress: 240/1000
        Progress: 280/1000
        Progress: 320/1000
        Progress: 360/1000
        Progress: 400/1000
        Progress: 440/1000
        Progress: 480/1000
        Progress: 520/1000
        Progress: 560/1000
        Progress: 600/1000
        Progress: 640/1000
        Progress: 680/1000
        Progress: 720/1000
        Progress: 760/1000
        Progress: 800/1000
        Progress: 840/1000
        Progress: 880/1000
        Progress: 920/1000
        Progress: 960/1000
        Progress: 1000/1000
   === [Elétrons] Concluído em 4m 49.81s ===
[SDSS J111113.18+284147.0] Calculating Electrons (1D Transport)...
   [SDSS J111113.18+284147.0] -> Transport approx 0 (sem IC)...
   [Transport] Executando paralelização para electron...
   -> [Fótons] Generating photon table (Sync + IC)...
      Calculando componente Síncrotron...
      Calculando componente Compton Inverso (IC)...
        Progress: 40/1000
        Progress: 80/1000
        Progress: 120/1000
        Progress: 160/1000
        Progress: 200/1000
        Progress: 240/1000
        Progress: 280/1000
        Progress: 320/1000
        Progress: 360/1000
        Progress: 400/1000
        Progress: 440/1000
        Progress: 480/1000
        Progress: 520/1000
        Progress: 560/1000
        Progress: 600/1000
        Progress: 640/1000
        Progress: 680/1000
        Progress: 720/1000
        Progress: 760/1000
        Progress: 800/1000
        Progress: 840/1000
        Progress: 880/1000
        Progress: 920/1000
        Progress: 960/1000
        Progress: 1000/1000
   -> [IC] Generating IC rate table...
   [SDSS J111113.18+284147.0] -> Transport approx 1 (com IC)...
   [Transport] Executando paralelização para electron...
   -> [Fótons] Generating photon table (Sync + IC)...
      Calculando componente Síncrotron...
      Calculando componente Compton Inverso (IC)...
        Progress: 40/1000
        Progress: 80/1000
        Progress: 120/1000
        Progress: 160/1000
        Progress: 200/1000
        Progress: 240/1000
        Progress: 280/1000
        Progress: 320/1000
        Progress: 360/1000
        Progress: 400/1000
        Progress: 440/1000
        Progress: 480/1000
        Progress: 520/1000
        Progress: 560/1000
        Progress: 600/1000
        Progress: 640/1000
        Progress: 680/1000
        Progress: 720/1000
        Progress: 760/1000
        Progress: 800/1000
        Progress: 840/1000
        Progress: 880/1000
        Progress: 920/1000
        Progress: 960/1000
        Progress: 1000/1000
   === [Elétrons] Concluído em 5m 2.90s ===
[SDSS J111622.70+291508.2] Calculating Electrons (1D Transport)...
   [SDSS J111622.70+291508.2] -> Transport approx 0 (sem IC)...
   [Transport] Executando paralelização para electron...
   -> [Fótons] Generating photon table (Sync + IC)...
      Calculando componente Síncrotron...
      Calculando componente Compton Inverso (IC)...
        Progress: 40/1000
        Progress: 80/1000
        Progress: 120/1000
        Progress: 160/1000
        Progress: 200/1000
        Progress: 240/1000
        Progress: 280/1000
        Progress: 320/1000
        Progress: 360/1000
        Progress: 400/1000
        Progress: 440/1000
        Progress: 480/1000
        Progress: 520/1000
        Progress: 560/1000
        Progress: 600/1000
        Progress: 640/1000
        Progress: 680/1000
        Progress: 720/1000
        Progress: 760/1000
        Progress: 800/1000
        Progress: 840/1000
        Progress: 880/1000
        Progress: 920/1000
        Progress: 960/1000
        Progress: 1000/1000
   -> [IC] Generating IC rate table...
   [SDSS J111622.70+291508.2] -> Transport approx 1 (com IC)...
   [Transport] Executando paralelização para electron...
   -> [Fótons] Generating photon table (Sync + IC)...
      Calculando componente Síncrotron...
      Calculando componente Compton Inverso (IC)...
        Progress: 40/1000
        Progress: 80/1000
        Progress: 120/1000
        Progress: 160/1000
        Progress: 200/1000
        Progress: 240/1000
        Progress: 280/1000
        Progress: 320/1000
        Progress: 360/1000
        Progress: 400/1000
        Progress: 440/1000
        Progress: 480/1000
        Progress: 520/1000
        Progress: 560/1000
        Progress: 600/1000
        Progress: 640/1000
        Progress: 680/1000
        Progress: 720/1000
        Progress: 760/1000
        Progress: 800/1000
        Progress: 840/1000
        Progress: 880/1000
        Progress: 920/1000
        Progress: 960/1000
        Progress: 1000/1000
   === [Elétrons] Concluído em 4m 58.13s ===
[SDSS J111700.10+323550.9] Calculating Electrons (1D Transport)...
   [SDSS J111700.10+323550.9] -> Transport approx 0 (sem IC)...
   [Transport] Executando paralelização para electron...
   -> [Fótons] Generating photon table (Sync + IC)...
      Calculando componente Síncrotron...
      Calculando componente Compton Inverso (IC)...
        Progress: 40/1000
        Progress: 80/1000
        Progress: 120/1000
        Progress: 160/1000
        Progress: 200/1000
        Progress: 240/1000
        Progress: 280/1000
        Progress: 320/1000
        Progress: 360/1000
        Progress: 400/1000
        Progress: 440/1000
        Progress: 480/1000
        Progress: 520/1000
        Progress: 560/1000
        Progress: 600/1000
        Progress: 640/1000
        Progress: 680/1000
        Progress: 720/1000
        Progress: 760/1000
        Progress: 800/1000
        Progress: 840/1000
        Progress: 880/1000
        Progress: 920/1000
        Progress: 960/1000
        Progress: 1000/1000
   -> [IC] Generating IC rate table...
   [SDSS J111700.10+323550.9] -> Transport approx 1 (com IC)...
   [Transport] Executando paralelização para electron...
   -> [Fótons] Generating photon table (Sync + IC)...
      Calculando componente Síncrotron...
      Calculando componente Compton Inverso (IC)...
        Progress: 40/1000
        Progress: 80/1000
        Progress: 120/1000
        Progress: 160/1000
        Progress: 200/1000
        Progress: 240/1000
        Progress: 280/1000
        Progress: 320/1000
        Progress: 360/1000
        Progress: 400/1000
        Progress: 440/1000
        Progress: 480/1000
        Progress: 520/1000
        Progress: 560/1000
        Progress: 600/1000
        Progress: 640/1000
        Progress: 680/1000
        Progress: 720/1000
        Progress: 760/1000
        Progress: 800/1000
        Progress: 840/1000
        Progress: 880/1000
        Progress: 920/1000
        Progress: 960/1000
        Progress: 1000/1000
   === [Elétrons] Concluído em 5m 4.72s ===
[SDSS J112029.23+040742.1] Calculating Electrons (1D Transport)...
   [SDSS J112029.23+040742.1] -> Transport approx 0 (sem IC)...
   [Transport] Executando paralelização para electron...
   -> [Fótons] Generating photon table (Sync + IC)...
      Calculando componente Síncrotron...
      Calculando componente Compton Inverso (IC)...
        Progress: 40/1000
        Progress: 80/1000
        Progress: 120/1000
        Progress: 160/1000
        Progress: 200/1000
        Progress: 240/1000
        Progress: 280/1000
        Progress: 320/1000
        Progress: 360/1000
        Progress: 400/1000
        Progress: 440/1000
        Progress: 480/1000
        Progress: 520/1000
        Progress: 560/1000
        Progress: 600/1000
        Progress: 640/1000
        Progress: 680/1000
        Progress: 720/1000
        Progress: 760/1000
        Progress: 800/1000
        Progress: 840/1000
        Progress: 880/1000
        Progress: 920/1000
        Progress: 960/1000
        Progress: 1000/1000
   -> [IC] Generating IC rate table...
   [SDSS J112029.23+040742.1] -> Transport approx 1 (com IC)...
   [Transport] Executando paralelização para electron...
   -> [Fótons] Generating photon table (Sync + IC)...
      Calculando componente Síncrotron...
      Calculando componente Compton Inverso (IC)...
        Progress: 40/1000
        Progress: 80/1000
        Progress: 120/1000
        Progress: 160/1000
        Progress: 200/1000
        Progress: 240/1000
        Progress: 280/1000
        Progress: 320/1000
        Progress: 360/1000
        Progress: 400/1000
        Progress: 440/1000
        Progress: 480/1000
        Progress: 520/1000
        Progress: 560/1000
        Progress: 600/1000
        Progress: 640/1000
        Progress: 680/1000
        Progress: 720/1000
        Progress: 760/1000
        Progress: 800/1000
        Progress: 840/1000
        Progress: 880/1000
        Progress: 920/1000
        Progress: 960/1000
        Progress: 1000/1000
   === [Elétrons] Concluído em 4m 56.63s ===
[SDSS J112256.47+340641.3] Calculating Electrons (1D Transport)...
   [SDSS J112256.47+340641.3] -> Transport approx 0 (sem IC)...
   [Transport] Executando paralelização para electron...
   -> [Fótons] Generating photon table (Sync + IC)...
      Calculando componente Síncrotron...
      Calculando componente Compton Inverso (IC)...
        Progress: 40/1000
        Progress: 80/1000
        Progress: 120/1000
        Progress: 160/1000
        Progress: 200/1000
        Progress: 240/1000
        Progress: 280/1000
        Progress: 320/1000
        Progress: 360/1000
        Progress: 400/1000
        Progress: 440/1000
        Progress: 480/1000
        Progress: 520/1000
        Progress: 560/1000
        Progress: 600/1000
        Progress: 640/1000
        Progress: 680/1000
        Progress: 720/1000
        Progress: 760/1000
        Progress: 800/1000
        Progress: 840/1000
        Progress: 880/1000
        Progress: 920/1000
        Progress: 960/1000
        Progress: 1000/1000
   -> [IC] Generating IC rate table...
   [SDSS J112256.47+340641.3] -> Transport approx 1 (com IC)...
   [Transport] Executando paralelização para electron...
   -> [Fótons] Generating photon table (Sync + IC)...
      Calculando componente Síncrotron...
      Calculando componente Compton Inverso (IC)...
        Progress: 40/1000
        Progress: 80/1000
        Progress: 120/1000
        Progress: 160/1000
        Progress: 200/1000
        Progress: 240/1000
        Progress: 280/1000
        Progress: 320/1000
        Progress: 360/1000
        Progress: 400/1000
        Progress: 440/1000
        Progress: 480/1000
        Progress: 520/1000
        Progress: 560/1000
        Progress: 600/1000
        Progress: 640/1000
        Progress: 680/1000
        Progress: 720/1000
        Progress: 760/1000
        Progress: 800/1000
        Progress: 840/1000
        Progress: 880/1000
        Progress: 920/1000
        Progress: 960/1000
        Progress: 1000/1000
   === [Elétrons] Concluído em 4m 49.87s ===
[SDSS J112625.19+520503.5] Calculating Electrons (1D Transport)...
   [SDSS J112625.19+520503.5] -> Transport approx 0 (sem IC)...
   [Transport] Executando paralelização para electron...
   -> [Fótons] Generating photon table (Sync + IC)...
      Calculando componente Síncrotron...
      Calculando componente Compton Inverso (IC)...
        Progress: 40/1000
        Progress: 80/1000
        Progress: 120/1000
        Progress: 160/1000
        Progress: 200/1000
        Progress: 240/1000
        Progress: 280/1000
        Progress: 320/1000
        Progress: 360/1000
        Progress: 400/1000
        Progress: 440/1000
        Progress: 480/1000
        Progress: 520/1000
        Progress: 560/1000
        Progress: 600/1000
        Progress: 640/1000
        Progress: 680/1000
        Progress: 720/1000
        Progress: 760/1000
        Progress: 800/1000
        Progress: 840/1000
        Progress: 880/1000
        Progress: 920/1000
        Progress: 960/1000
        Progress: 1000/1000
   -> [IC] Generating IC rate table...
   [SDSS J112625.19+520503.5] -> Transport approx 1 (com IC)...
   [Transport] Executando paralelização para electron...
   -> [Fótons] Generating photon table (Sync + IC)...
      Calculando componente Síncrotron...
      Calculando componente Compton Inverso (IC)...
        Progress: 40/1000
        Progress: 80/1000
        Progress: 120/1000
        Progress: 160/1000
        Progress: 200/1000
        Progress: 240/1000
        Progress: 280/1000
        Progress: 320/1000
        Progress: 360/1000
        Progress: 400/1000
        Progress: 440/1000
        Progress: 480/1000
        Progress: 520/1000
        Progress: 560/1000
        Progress: 600/1000
        Progress: 640/1000
        Progress: 680/1000
        Progress: 720/1000
        Progress: 760/1000
        Progress: 800/1000
        Progress: 840/1000
        Progress: 880/1000
        Progress: 920/1000
        Progress: 960/1000
        Progress: 1000/1000
   === [Elétrons] Concluído em 5m 13.30s ===
[SDSS J112727.52+400409.4] Calculating Electrons (1D Transport)...
   [SDSS J112727.52+400409.4] -> Transport approx 0 (sem IC)...
   [Transport] Executando paralelização para electron...
   -> [Fótons] Generating photon table (Sync + IC)...
      Calculando componente Síncrotron...
      Calculando componente Compton Inverso (IC)...
        Progress: 40/1000
        Progress: 80/1000
        Progress: 120/1000
        Progress: 160/1000
        Progress: 200/1000
        Progress: 240/1000
        Progress: 280/1000
        Progress: 320/1000
        Progress: 360/1000
        Progress: 400/1000
        Progress: 440/1000
        Progress: 480/1000
        Progress: 520/1000
        Progress: 560/1000
        Progress: 600/1000
        Progress: 640/1000
        Progress: 680/1000
        Progress: 720/1000
        Progress: 760/1000
        Progress: 800/1000
        Progress: 840/1000
        Progress: 880/1000
        Progress: 920/1000
        Progress: 960/1000
        Progress: 1000/1000
   -> [IC] Generating IC rate table...
   [SDSS J112727.52+400409.4] -> Transport approx 1 (com IC)...
   [Transport] Executando paralelização para electron...
   -> [Fótons] Generating photon table (Sync + IC)...
      Calculando componente Síncrotron...
      Calculando componente Compton Inverso (IC)...
        Progress: 40/1000
        Progress: 80/1000
        Progress: 120/1000
        Progress: 160/1000
        Progress: 200/1000
        Progress: 240/1000
        Progress: 280/1000
        Progress: 320/1000
        Progress: 360/1000
        Progress: 400/1000
        Progress: 440/1000
        Progress: 480/1000
        Progress: 520/1000
        Progress: 560/1000
        Progress: 600/1000
        Progress: 640/1000
        Progress: 680/1000
        Progress: 720/1000
        Progress: 760/1000
        Progress: 800/1000
        Progress: 840/1000
        Progress: 880/1000
        Progress: 920/1000
        Progress: 960/1000
        Progress: 1000/1000
   === [Elétrons] Concluído em 5m 22.56s ===
[SDSS J113449.29+490439.4] Calculating Electrons (1D Transport)...
   [SDSS J113449.29+490439.4] -> Transport approx 0 (sem IC)...
   [Transport] Executando paralelização para electron...
   -> [Fótons] Generating photon table (Sync + IC)...
      Calculando componente Síncrotron...
      Calculando componente Compton Inverso (IC)...
        Progress: 40/1000
        Progress: 80/1000
        Progress: 120/1000
        Progress: 160/1000
        Progress: 200/1000
        Progress: 240/1000
        Progress: 280/1000
        Progress: 320/1000
        Progress: 360/1000
        Progress: 400/1000
        Progress: 440/1000
        Progress: 480/1000
        Progress: 520/1000
        Progress: 560/1000
        Progress: 600/1000
        Progress: 640/1000
        Progress: 680/1000
        Progress: 720/1000
        Progress: 760/1000
        Progress: 800/1000
        Progress: 840/1000
        Progress: 880/1000
        Progress: 920/1000
        Progress: 960/1000
        Progress: 1000/1000
   -> [IC] Generating IC rate table...
   [SDSS J113449.29+490439.4] -> Transport approx 1 (com IC)...
   [Transport] Executando paralelização para electron...
   -> [Fótons] Generating photon table (Sync + IC)...
      Calculando componente Síncrotron...
      Calculando componente Compton Inverso (IC)...
        Progress: 40/1000
        Progress: 80/1000
        Progress: 120/1000
        Progress: 160/1000
        Progress: 200/1000
        Progress: 240/1000
        Progress: 280/1000
        Progress: 320/1000
        Progress: 360/1000
        Progress: 400/1000
        Progress: 440/1000
        Progress: 480/1000
        Progress: 520/1000
        Progress: 560/1000
        Progress: 600/1000
        Progress: 640/1000
        Progress: 680/1000
        Progress: 720/1000
        Progress: 760/1000
        Progress: 800/1000
        Progress: 840/1000
        Progress: 880/1000
        Progress: 920/1000
        Progress: 960/1000
        Progress: 1000/1000
   === [Elétrons] Concluído em 4m 46.57s ===
[SDSS J113637.14+510008.5] Calculating Electrons (1D Transport)...
   [SDSS J113637.14+510008.5] -> Transport approx 0 (sem IC)...
   [Transport] Executando paralelização para electron...
   -> [Fótons] Generating photon table (Sync + IC)...
      Calculando componente Síncrotron...
      Calculando componente Compton Inverso (IC)...
        Progress: 40/1000
        Progress: 80/1000
        Progress: 120/1000
        Progress: 160/1000
        Progress: 200/1000
        Progress: 240/1000
        Progress: 280/1000
        Progress: 320/1000
        Progress: 360/1000
        Progress: 400/1000
        Progress: 440/1000
        Progress: 480/1000
        Progress: 520/1000
        Progress: 560/1000
        Progress: 600/1000
        Progress: 640/1000
        Progress: 680/1000
        Progress: 720/1000
        Progress: 760/1000
        Progress: 800/1000
        Progress: 840/1000
        Progress: 880/1000
        Progress: 920/1000
        Progress: 960/1000
        Progress: 1000/1000
   -> [IC] Generating IC rate table...
   [SDSS J113637.14+510008.5] -> Transport approx 1 (com IC)...
   [Transport] Executando paralelização para electron...
   -> [Fótons] Generating photon table (Sync + IC)...
      Calculando componente Síncrotron...
      Calculando componente Compton Inverso (IC)...
        Progress: 40/1000
        Progress: 80/1000
        Progress: 120/1000
        Progress: 160/1000
        Progress: 200/1000
        Progress: 240/1000
        Progress: 280/1000
        Progress: 320/1000
        Progress: 360/1000
        Progress: 400/1000
        Progress: 440/1000
        Progress: 480/1000
        Progress: 520/1000
        Progress: 560/1000
        Progress: 600/1000
        Progress: 640/1000
        Progress: 680/1000
        Progress: 720/1000
        Progress: 760/1000
        Progress: 800/1000
        Progress: 840/1000
        Progress: 880/1000
        Progress: 920/1000
        Progress: 960/1000
        Progress: 1000/1000
   === [Elétrons] Concluído em 5m 0.47s ===
[SDSS J114230.94-021505.3] Calculating Electrons (1D Transport)...
   [SDSS J114230.94-021505.3] -> Transport approx 0 (sem IC)...
   [Transport] Executando paralelização para electron...
   -> [Fótons] Generating photon table (Sync + IC)...
      Calculando componente Síncrotron...
      Calculando componente Compton Inverso (IC)...
        Progress: 40/1000
        Progress: 80/1000
        Progress: 120/1000
        Progress: 160/1000
        Progress: 200/1000
        Progress: 240/1000
        Progress: 280/1000
        Progress: 320/1000
        Progress: 360/1000
        Progress: 400/1000
        Progress: 440/1000
        Progress: 480/1000
        Progress: 520/1000
        Progress: 560/1000
        Progress: 600/1000
        Progress: 640/1000
        Progress: 680/1000
        Progress: 720/1000
        Progress: 760/1000
        Progress: 800/1000
        Progress: 840/1000
        Progress: 880/1000
        Progress: 920/1000
        Progress: 960/1000
        Progress: 1000/1000
   -> [IC] Generating IC rate table...
   [SDSS J114230.94-021505.3] -> Transport approx 1 (com IC)...
   [Transport] Executando paralelização para electron...
   -> [Fótons] Generating photon table (Sync + IC)...
      Calculando componente Síncrotron...
      Calculando componente Compton Inverso (IC)...
        Progress: 40/1000
        Progress: 80/1000
        Progress: 120/1000
        Progress: 160/1000
        Progress: 200/1000
        Progress: 240/1000
        Progress: 280/1000
        Progress: 320/1000
        Progress: 360/1000
        Progress: 400/1000
        Progress: 440/1000
        Progress: 480/1000
        Progress: 520/1000
        Progress: 560/1000
        Progress: 600/1000
        Progress: 640/1000
        Progress: 680/1000
        Progress: 720/1000
        Progress: 760/1000
        Progress: 800/1000
        Progress: 840/1000
        Progress: 880/1000
        Progress: 920/1000
        Progress: 960/1000
        Progress: 1000/1000
   === [Elétrons] Concluído em 5m 0.05s ===
[SDSS J114232.84+262919.9] Calculating Electrons (1D Transport)...
   [SDSS J114232.84+262919.9] -> Transport approx 0 (sem IC)...
   [Transport] Executando paralelização para electron...
   -> [Fótons] Generating photon table (Sync + IC)...
      Calculando componente Síncrotron...
      Calculando componente Compton Inverso (IC)...
        Progress: 40/1000
        Progress: 80/1000
        Progress: 120/1000
        Progress: 160/1000
        Progress: 200/1000
        Progress: 240/1000
        Progress: 280/1000
        Progress: 320/1000
        Progress: 360/1000
        Progress: 400/1000
        Progress: 440/1000
        Progress: 480/1000
        Progress: 520/1000
        Progress: 560/1000
        Progress: 600/1000
        Progress: 640/1000
        Progress: 680/1000
        Progress: 720/1000
        Progress: 760/1000
        Progress: 800/1000
        Progress: 840/1000
        Progress: 880/1000
        Progress: 920/1000
        Progress: 960/1000
        Progress: 1000/1000
   -> [IC] Generating IC rate table...
   [SDSS J114232.84+262919.9] -> Transport approx 1 (com IC)...
   [Transport] Executando paralelização para electron...
   -> [Fótons] Generating photon table (Sync + IC)...
      Calculando componente Síncrotron...
      Calculando componente Compton Inverso (IC)...
        Progress: 40/1000
        Progress: 80/1000
        Progress: 120/1000
        Progress: 160/1000
        Progress: 200/1000
        Progress: 240/1000
        Progress: 280/1000
        Progress: 320/1000
        Progress: 360/1000
        Progress: 400/1000
        Progress: 440/1000
        Progress: 480/1000
        Progress: 520/1000
        Progress: 560/1000
        Progress: 600/1000
        Progress: 640/1000
        Progress: 680/1000
        Progress: 720/1000
        Progress: 760/1000
        Progress: 800/1000
        Progress: 840/1000
        Progress: 880/1000
        Progress: 920/1000
        Progress: 960/1000
        Progress: 1000/1000
   === [Elétrons] Concluído em 4m 41.15s ===
[SDSS J114804.60+372638.0] Calculating Electrons (1D Transport)...
   [SDSS J114804.60+372638.0] -> Transport approx 0 (sem IC)...
   [Transport] Executando paralelização para electron...
   -> [Fótons] Generating photon table (Sync + IC)...
      Calculando componente Síncrotron...
      Calculando componente Compton Inverso (IC)...
        Progress: 40/1000
        Progress: 80/1000
        Progress: 120/1000
        Progress: 160/1000
        Progress: 200/1000
        Progress: 240/1000
        Progress: 280/1000
        Progress: 320/1000
        Progress: 360/1000
        Progress: 400/1000
        Progress: 440/1000
        Progress: 480/1000
        Progress: 520/1000
        Progress: 560/1000
        Progress: 600/1000
        Progress: 640/1000
        Progress: 680/1000
        Progress: 720/1000
        Progress: 760/1000
        Progress: 800/1000
        Progress: 840/1000
        Progress: 880/1000
        Progress: 920/1000
        Progress: 960/1000
        Progress: 1000/1000
   -> [IC] Generating IC rate table...
   [SDSS J114804.60+372638.0] -> Transport approx 1 (com IC)...
   [Transport] Executando paralelização para electron...
   -> [Fótons] Generating photon table (Sync + IC)...
      Calculando componente Síncrotron...
      Calculando componente Compton Inverso (IC)...
        Progress: 40/1000
        Progress: 80/1000
        Progress: 120/1000
        Progress: 160/1000
        Progress: 200/1000
        Progress: 240/1000
        Progress: 280/1000
        Progress: 320/1000
        Progress: 360/1000
        Progress: 400/1000
        Progress: 440/1000
        Progress: 480/1000
        Progress: 520/1000
        Progress: 560/1000
        Progress: 600/1000
        Progress: 640/1000
        Progress: 680/1000
        Progress: 720/1000
        Progress: 760/1000
        Progress: 800/1000
        Progress: 840/1000
        Progress: 880/1000
        Progress: 920/1000
        Progress: 960/1000
        Progress: 1000/1000
   === [Elétrons] Concluído em 4m 51.78s ===
[SDSS J115531.39+545200.4] Calculating Electrons (1D Transport)...
   [SDSS J115531.39+545200.4] -> Transport approx 0 (sem IC)...
   [Transport] Executando paralelização para electron...
   -> [Fótons] Generating photon table (Sync + IC)...
      Calculando componente Síncrotron...
      Calculando componente Compton Inverso (IC)...
        Progress: 40/1000
        Progress: 80/1000
        Progress: 120/1000
        Progress: 160/1000
        Progress: 200/1000
        Progress: 240/1000
        Progress: 280/1000
        Progress: 320/1000
        Progress: 360/1000
        Progress: 400/1000
        Progress: 440/1000
        Progress: 480/1000
        Progress: 520/1000
        Progress: 560/1000
        Progress: 600/1000
        Progress: 640/1000
        Progress: 680/1000
        Progress: 720/1000
        Progress: 760/1000
        Progress: 800/1000
        Progress: 840/1000
        Progress: 880/1000
        Progress: 920/1000
        Progress: 960/1000
        Progress: 1000/1000
   -> [IC] Generating IC rate table...
   [SDSS J115531.39+545200.4] -> Transport approx 1 (com IC)...
   [Transport] Executando paralelização para electron...
   -> [Fótons] Generating photon table (Sync + IC)...
      Calculando componente Síncrotron...
      Calculando componente Compton Inverso (IC)...
        Progress: 40/1000
        Progress: 80/1000
        Progress: 120/1000
        Progress: 160/1000
        Progress: 200/1000
        Progress: 240/1000
        Progress: 280/1000
        Progress: 320/1000
        Progress: 360/1000
        Progress: 400/1000
        Progress: 440/1000
        Progress: 480/1000
        Progress: 520/1000
        Progress: 560/1000
        Progress: 600/1000
        Progress: 640/1000
        Progress: 680/1000
        Progress: 720/1000
        Progress: 760/1000
        Progress: 800/1000
        Progress: 840/1000
        Progress: 880/1000
        Progress: 920/1000
        Progress: 960/1000
        Progress: 1000/1000
   === [Elétrons] Concluído em 5m 3.22s ===
[SDSS J120551.46+203119.0] Calculating Electrons (1D Transport)...
   [SDSS J120551.46+203119.0] -> Transport approx 0 (sem IC)...
   [Transport] Executando paralelização para electron...
   -> [Fótons] Generating photon table (Sync + IC)...
      Calculando componente Síncrotron...
      Calculando componente Compton Inverso (IC)...
        Progress: 40/1000
        Progress: 80/1000
        Progress: 120/1000
        Progress: 160/1000
        Progress: 200/1000
        Progress: 240/1000
        Progress: 280/1000
        Progress: 320/1000
        Progress: 360/1000
        Progress: 400/1000
        Progress: 440/1000
        Progress: 480/1000
        Progress: 520/1000
        Progress: 560/1000
        Progress: 600/1000
        Progress: 640/1000
        Progress: 680/1000
        Progress: 720/1000
        Progress: 760/1000
        Progress: 800/1000
        Progress: 840/1000
        Progress: 880/1000
        Progress: 920/1000
        Progress: 960/1000
        Progress: 1000/1000
   -> [IC] Generating IC rate table...
   [SDSS J120551.46+203119.0] -> Transport approx 1 (com IC)...
   [Transport] Executando paralelização para electron...
   -> [Fótons] Generating photon table (Sync + IC)...
      Calculando componente Síncrotron...
      Calculando componente Compton Inverso (IC)...
        Progress: 40/1000
        Progress: 80/1000
        Progress: 120/1000
        Progress: 160/1000
        Progress: 200/1000
        Progress: 240/1000
        Progress: 280/1000
        Progress: 320/1000
        Progress: 360/1000
        Progress: 400/1000
        Progress: 440/1000
        Progress: 480/1000
        Progress: 520/1000
        Progress: 560/1000
        Progress: 600/1000
        Progress: 640/1000
        Progress: 680/1000
        Progress: 720/1000
        Progress: 760/1000
        Progress: 800/1000
        Progress: 840/1000
        Progress: 880/1000
        Progress: 920/1000
        Progress: 960/1000
        Progress: 1000/1000
   === [Elétrons] Concluído em 5m 13.52s ===
[SDSS J120607.81+400902.6] Calculating Electrons (1D Transport)...
   [SDSS J120607.81+400902.6] -> Transport approx 0 (sem IC)...
   [Transport] Executando paralelização para electron...
   -> [Fótons] Generating photon table (Sync + IC)...
      Calculando componente Síncrotron...
      Calculando componente Compton Inverso (IC)...
        Progress: 40/1000
        Progress: 80/1000
        Progress: 120/1000
        Progress: 160/1000
        Progress: 200/1000
        Progress: 240/1000
        Progress: 280/1000
        Progress: 320/1000
        Progress: 360/1000
        Progress: 400/1000
        Progress: 440/1000
        Progress: 480/1000
        Progress: 520/1000
        Progress: 560/1000
        Progress: 600/1000
        Progress: 640/1000
        Progress: 680/1000
        Progress: 720/1000
        Progress: 760/1000
        Progress: 800/1000
        Progress: 840/1000
        Progress: 880/1000
        Progress: 920/1000
        Progress: 960/1000
        Progress: 1000/1000
   -> [IC] Generating IC rate table...
   [SDSS J120607.81+400902.6] -> Transport approx 1 (com IC)...
   [Transport] Executando paralelização para electron...
   -> [Fótons] Generating photon table (Sync + IC)...
      Calculando componente Síncrotron...
      Calculando componente Compton Inverso (IC)...
        Progress: 40/1000
        Progress: 80/1000
        Progress: 120/1000
        Progress: 160/1000
        Progress: 200/1000
        Progress: 240/1000
        Progress: 280/1000
        Progress: 320/1000
        Progress: 360/1000
        Progress: 400/1000
        Progress: 440/1000
        Progress: 480/1000
        Progress: 520/1000
        Progress: 560/1000
        Progress: 600/1000
        Progress: 640/1000
        Progress: 680/1000
        Progress: 720/1000
        Progress: 760/1000
        Progress: 800/1000
        Progress: 840/1000
        Progress: 880/1000
        Progress: 920/1000
        Progress: 960/1000
        Progress: 1000/1000
   === [Elétrons] Concluído em 4m 55.06s ===
[SDSS J121329.27+504429.4] Calculating Electrons (1D Transport)...
   [SDSS J121329.27+504429.4] -> Transport approx 0 (sem IC)...
   [Transport] Executando paralelização para electron...
   -> [Fótons] Generating photon table (Sync + IC)...
      Calculando componente Síncrotron...
      Calculando componente Compton Inverso (IC)...
        Progress: 40/1000
        Progress: 80/1000
        Progress: 120/1000
        Progress: 160/1000
        Progress: 200/1000
        Progress: 240/1000
        Progress: 280/1000
        Progress: 320/1000
        Progress: 360/1000
        Progress: 400/1000
        Progress: 440/1000
        Progress: 480/1000
        Progress: 520/1000
        Progress: 560/1000
        Progress: 600/1000
        Progress: 640/1000
        Progress: 680/1000
        Progress: 720/1000
        Progress: 760/1000
        Progress: 800/1000
        Progress: 840/1000
        Progress: 880/1000
        Progress: 920/1000
        Progress: 960/1000
        Progress: 1000/1000
   -> [IC] Generating IC rate table...
   [SDSS J121329.27+504429.4] -> Transport approx 1 (com IC)...
   [Transport] Executando paralelização para electron...
   -> [Fótons] Generating photon table (Sync + IC)...
      Calculando componente Síncrotron...
      Calculando componente Compton Inverso (IC)...
        Progress: 40/1000
        Progress: 80/1000
        Progress: 120/1000
        Progress: 160/1000
        Progress: 200/1000
        Progress: 240/1000
        Progress: 280/1000
        Progress: 320/1000
        Progress: 360/1000
        Progress: 400/1000
        Progress: 440/1000
        Progress: 480/1000
        Progress: 520/1000
        Progress: 560/1000
        Progress: 600/1000
        Progress: 640/1000
        Progress: 680/1000
        Progress: 720/1000
        Progress: 760/1000
        Progress: 800/1000
        Progress: 840/1000
        Progress: 880/1000
        Progress: 920/1000
        Progress: 960/1000
        Progress: 1000/1000
   === [Elétrons] Concluído em 4m 54.54s ===
[SDSS J121951.65+282521.3] Calculating Electrons (1D Transport)...
   [SDSS J121951.65+282521.3] -> Transport approx 0 (sem IC)...
   [Transport] Executando paralelização para electron...
   -> [Fótons] Generating photon table (Sync + IC)...
      Calculando componente Síncrotron...
      Calculando componente Compton Inverso (IC)...
        Progress: 40/1000
        Progress: 80/1000
        Progress: 120/1000
        Progress: 160/1000
        Progress: 200/1000
        Progress: 240/1000
        Progress: 280/1000
        Progress: 320/1000
        Progress: 360/1000
        Progress: 400/1000
        Progress: 440/1000
        Progress: 480/1000
        Progress: 520/1000
        Progress: 560/1000
        Progress: 600/1000
        Progress: 640/1000
        Progress: 680/1000
        Progress: 720/1000
        Progress: 760/1000
        Progress: 800/1000
        Progress: 840/1000
        Progress: 880/1000
        Progress: 920/1000
        Progress: 960/1000
        Progress: 1000/1000
   -> [IC] Generating IC rate table...
   [SDSS J121951.65+282521.3] -> Transport approx 1 (com IC)...
   [Transport] Executando paralelização para electron...
   -> [Fótons] Generating photon table (Sync + IC)...
      Calculando componente Síncrotron...
      Calculando componente Compton Inverso (IC)...
        Progress: 40/1000
        Progress: 80/1000
        Progress: 120/1000
        Progress: 160/1000
        Progress: 200/1000
        Progress: 240/1000
        Progress: 280/1000
        Progress: 320/1000
        Progress: 360/1000
        Progress: 400/1000
        Progress: 440/1000
        Progress: 480/1000
        Progress: 520/1000
        Progress: 560/1000
        Progress: 600/1000
        Progress: 640/1000
        Progress: 680/1000
        Progress: 720/1000
        Progress: 760/1000
        Progress: 800/1000
        Progress: 840/1000
        Progress: 880/1000
        Progress: 920/1000
        Progress: 960/1000
        Progress: 1000/1000
   === [Elétrons] Concluído em 4m 52.11s ===
[SDSS J122421.31+600641.2] Calculating Electrons (1D Transport)...
   [SDSS J122421.31+600641.2] -> Transport approx 0 (sem IC)...
   [Transport] Executando paralelização para electron...
   -> [Fótons] Generating photon table (Sync + IC)...
      Calculando componente Síncrotron...
      Calculando componente Compton Inverso (IC)...
        Progress: 40/1000
        Progress: 80/1000
        Progress: 120/1000
        Progress: 160/1000
        Progress: 200/1000
        Progress: 240/1000
        Progress: 280/1000
        Progress: 320/1000
        Progress: 360/1000
        Progress: 400/1000
        Progress: 440/1000
        Progress: 480/1000
        Progress: 520/1000
        Progress: 560/1000
        Progress: 600/1000
        Progress: 640/1000
        Progress: 680/1000
        Progress: 720/1000
        Progress: 760/1000
        Progress: 800/1000
        Progress: 840/1000
        Progress: 880/1000
        Progress: 920/1000
        Progress: 960/1000
        Progress: 1000/1000
   -> [IC] Generating IC rate table...
   [SDSS J122421.31+600641.2] -> Transport approx 1 (com IC)...
   [Transport] Executando paralelização para electron...
   -> [Fótons] Generating photon table (Sync + IC)...
      Calculando componente Síncrotron...
      Calculando componente Compton Inverso (IC)...
        Progress: 40/1000
        Progress: 80/1000
        Progress: 120/1000
        Progress: 160/1000
        Progress: 200/1000
        Progress: 240/1000
        Progress: 280/1000
        Progress: 320/1000
        Progress: 360/1000
        Progress: 400/1000
        Progress: 440/1000
        Progress: 480/1000
        Progress: 520/1000
        Progress: 560/1000
        Progress: 600/1000
        Progress: 640/1000
        Progress: 680/1000
        Progress: 720/1000
        Progress: 760/1000
        Progress: 800/1000
        Progress: 840/1000
        Progress: 880/1000
        Progress: 920/1000
        Progress: 960/1000
        Progress: 1000/1000
   === [Elétrons] Concluído em 4m 46.45s ===
[SDSS J123011.85+470022.7] Calculating Electrons (1D Transport)...
   [SDSS J123011.85+470022.7] -> Transport approx 0 (sem IC)...
   [Transport] Executando paralelização para electron...
   -> [Fótons] Generating photon table (Sync + IC)...
      Calculando componente Síncrotron...
      Calculando componente Compton Inverso (IC)...
        Progress: 40/1000
        Progress: 80/1000
        Progress: 120/1000
        Progress: 160/1000
        Progress: 200/1000
        Progress: 240/1000
        Progress: 280/1000
        Progress: 320/1000
        Progress: 360/1000
        Progress: 400/1000
        Progress: 440/1000
        Progress: 480/1000
        Progress: 520/1000
        Progress: 560/1000
        Progress: 600/1000
        Progress: 640/1000
        Progress: 680/1000
        Progress: 720/1000
        Progress: 760/1000
        Progress: 800/1000
        Progress: 840/1000
        Progress: 880/1000
        Progress: 920/1000
        Progress: 960/1000
        Progress: 1000/1000
   -> [IC] Generating IC rate table...
   [SDSS J123011.85+470022.7] -> Transport approx 1 (com IC)...
   [Transport] Executando paralelização para electron...
   -> [Fótons] Generating photon table (Sync + IC)...
      Calculando componente Síncrotron...
      Calculando componente Compton Inverso (IC)...
        Progress: 40/1000
        Progress: 80/1000
        Progress: 120/1000
        Progress: 160/1000
        Progress: 200/1000
        Progress: 240/1000
        Progress: 280/1000
        Progress: 320/1000
        Progress: 360/1000
        Progress: 400/1000
        Progress: 440/1000
        Progress: 480/1000
        Progress: 520/1000
        Progress: 560/1000
        Progress: 600/1000
        Progress: 640/1000
        Progress: 680/1000
        Progress: 720/1000
        Progress: 760/1000
        Progress: 800/1000
        Progress: 840/1000
        Progress: 880/1000
        Progress: 920/1000
        Progress: 960/1000
        Progress: 1000/1000
   === [Elétrons] Concluído em 5m 5.53s ===
[SDSS J124318.73+033300.6] Calculating Electrons (1D Transport)...
   [SDSS J124318.73+033300.6] -> Transport approx 0 (sem IC)...
   [Transport] Executando paralelização para electron...
   -> [Fótons] Generating photon table (Sync + IC)...
      Calculando componente Síncrotron...
      Calculando componente Compton Inverso (IC)...
        Progress: 40/1000
        Progress: 80/1000
        Progress: 120/1000
        Progress: 160/1000
        Progress: 200/1000
        Progress: 240/1000
        Progress: 280/1000
        Progress: 320/1000
        Progress: 360/1000
        Progress: 400/1000
        Progress: 440/1000
        Progress: 480/1000
        Progress: 520/1000
        Progress: 560/1000
        Progress: 600/1000
        Progress: 640/1000
        Progress: 680/1000
        Progress: 720/1000
        Progress: 760/1000
        Progress: 800/1000
        Progress: 840/1000
        Progress: 880/1000
        Progress: 920/1000
        Progress: 960/1000
        Progress: 1000/1000
   -> [IC] Generating IC rate table...
   [SDSS J124318.73+033300.6] -> Transport approx 1 (com IC)...
   [Transport] Executando paralelização para electron...
   -> [Fótons] Generating photon table (Sync + IC)...
      Calculando componente Síncrotron...
      Calculando componente Compton Inverso (IC)...
        Progress: 40/1000
        Progress: 80/1000
        Progress: 120/1000
        Progress: 160/1000
        Progress: 200/1000
        Progress: 240/1000
        Progress: 280/1000
        Progress: 320/1000
        Progress: 360/1000
        Progress: 400/1000
        Progress: 440/1000
        Progress: 480/1000
        Progress: 520/1000
        Progress: 560/1000
        Progress: 600/1000
        Progress: 640/1000
        Progress: 680/1000
        Progress: 720/1000
        Progress: 760/1000
        Progress: 800/1000
        Progress: 840/1000
        Progress: 880/1000
        Progress: 920/1000
        Progress: 960/1000
        Progress: 1000/1000
   === [Elétrons] Concluído em 5m 9.03s ===
[SDSS J124633.75+115347.8] Calculating Electrons (1D Transport)...
   [SDSS J124633.75+115347.8] -> Transport approx 0 (sem IC)...
   [Transport] Executando paralelização para electron...
   -> [Fótons] Generating photon table (Sync + IC)...
      Calculando componente Síncrotron...
      Calculando componente Compton Inverso (IC)...
        Progress: 40/1000
        Progress: 80/1000
        Progress: 120/1000
        Progress: 160/1000
        Progress: 200/1000
        Progress: 240/1000
        Progress: 280/1000
        Progress: 320/1000
        Progress: 360/1000
        Progress: 400/1000
        Progress: 440/1000
        Progress: 480/1000
        Progress: 520/1000
        Progress: 560/1000
        Progress: 600/1000
        Progress: 640/1000
        Progress: 680/1000
        Progress: 720/1000
        Progress: 760/1000
        Progress: 800/1000
        Progress: 840/1000
        Progress: 880/1000
        Progress: 920/1000
        Progress: 960/1000
        Progress: 1000/1000
   -> [IC] Generating IC rate table...
   [SDSS J124633.75+115347.8] -> Transport approx 1 (com IC)...
   [Transport] Executando paralelização para electron...
   -> [Fótons] Generating photon table (Sync + IC)...
      Calculando componente Síncrotron...
      Calculando componente Compton Inverso (IC)...
        Progress: 40/1000
        Progress: 80/1000
        Progress: 120/1000
        Progress: 160/1000
        Progress: 200/1000
        Progress: 240/1000
        Progress: 280/1000
        Progress: 320/1000
        Progress: 360/1000
        Progress: 400/1000
        Progress: 440/1000
        Progress: 480/1000
        Progress: 520/1000
        Progress: 560/1000
        Progress: 600/1000
        Progress: 640/1000
        Progress: 680/1000
        Progress: 720/1000
        Progress: 760/1000
        Progress: 800/1000
        Progress: 840/1000
        Progress: 880/1000
        Progress: 920/1000
        Progress: 960/1000
        Progress: 1000/1000
   === [Elétrons] Concluído em 4m 59.53s ===
[SDSS J125027.42+001345.6] Calculating Electrons (1D Transport)...
   [SDSS J125027.42+001345.6] -> Transport approx 0 (sem IC)...
   [Transport] Executando paralelização para electron...
   -> [Fótons] Generating photon table (Sync + IC)...
      Calculando componente Síncrotron...
      Calculando componente Compton Inverso (IC)...
        Progress: 40/1000
        Progress: 80/1000
        Progress: 120/1000
        Progress: 160/1000
        Progress: 200/1000
        Progress: 240/1000
        Progress: 280/1000
        Progress: 320/1000
        Progress: 360/1000
        Progress: 400/1000
        Progress: 440/1000
        Progress: 480/1000
        Progress: 520/1000
        Progress: 560/1000
        Progress: 600/1000
        Progress: 640/1000
        Progress: 680/1000
        Progress: 720/1000
        Progress: 760/1000
        Progress: 800/1000
        Progress: 840/1000
        Progress: 880/1000
        Progress: 920/1000
        Progress: 960/1000
        Progress: 1000/1000
   -> [IC] Generating IC rate table...
   [SDSS J125027.42+001345.6] -> Transport approx 1 (com IC)...
   [Transport] Executando paralelização para electron...
   -> [Fótons] Generating photon table (Sync + IC)...
      Calculando componente Síncrotron...
      Calculando componente Compton Inverso (IC)...
        Progress: 40/1000
        Progress: 80/1000
        Progress: 120/1000
        Progress: 160/1000
        Progress: 200/1000
        Progress: 240/1000
        Progress: 280/1000
        Progress: 320/1000
        Progress: 360/1000
        Progress: 400/1000
        Progress: 440/1000
        Progress: 480/1000
        Progress: 520/1000
        Progress: 560/1000
        Progress: 600/1000
        Progress: 640/1000
        Progress: 680/1000
        Progress: 720/1000
        Progress: 760/1000
        Progress: 800/1000
        Progress: 840/1000
        Progress: 880/1000
        Progress: 920/1000
        Progress: 960/1000
        Progress: 1000/1000
   === [Elétrons] Concluído em 5m 14.80s ===
[SDSS J125409.12-011527.1] Calculating Electrons (1D Transport)...
   [SDSS J125409.12-011527.1] -> Transport approx 0 (sem IC)...
   [Transport] Executando paralelização para electron...
   -> [Fótons] Generating photon table (Sync + IC)...
      Calculando componente Síncrotron...
      Calculando componente Compton Inverso (IC)...
        Progress: 40/1000
        Progress: 80/1000
        Progress: 120/1000
        Progress: 160/1000
        Progress: 200/1000
        Progress: 240/1000
        Progress: 280/1000
        Progress: 320/1000
        Progress: 360/1000
        Progress: 400/1000
        Progress: 440/1000
        Progress: 480/1000
        Progress: 520/1000
        Progress: 560/1000
        Progress: 600/1000
        Progress: 640/1000
        Progress: 680/1000
        Progress: 720/1000
        Progress: 760/1000
        Progress: 800/1000
        Progress: 840/1000
        Progress: 880/1000
        Progress: 920/1000
        Progress: 960/1000
        Progress: 1000/1000
   -> [IC] Generating IC rate table...
   [SDSS J125409.12-011527.1] -> Transport approx 1 (com IC)...
   [Transport] Executando paralelização para electron...
   -> [Fótons] Generating photon table (Sync + IC)...
      Calculando componente Síncrotron...
      Calculando componente Compton Inverso (IC)...
        Progress: 40/1000
        Progress: 80/1000
        Progress: 120/1000
        Progress: 160/1000
        Progress: 200/1000
        Progress: 240/1000
        Progress: 280/1000
        Progress: 320/1000
        Progress: 360/1000
        Progress: 400/1000
        Progress: 440/1000
        Progress: 480/1000
        Progress: 520/1000
        Progress: 560/1000
        Progress: 600/1000
        Progress: 640/1000
        Progress: 680/1000
        Progress: 720/1000
        Progress: 760/1000
        Progress: 800/1000
        Progress: 840/1000
        Progress: 880/1000
        Progress: 920/1000
        Progress: 960/1000
        Progress: 1000/1000
   === [Elétrons] Concluído em 5m 5.62s ===
[SDSS J130404.99+075428.4] Calculating Electrons (1D Transport)...
   [SDSS J130404.99+075428.4] -> Transport approx 0 (sem IC)...
   [Transport] Executando paralelização para electron...
   -> [Fótons] Generating photon table (Sync + IC)...
      Calculando componente Síncrotron...
      Calculando componente Compton Inverso (IC)...
        Progress: 40/1000
        Progress: 80/1000
        Progress: 120/1000
        Progress: 160/1000
        Progress: 200/1000
        Progress: 240/1000
        Progress: 280/1000
        Progress: 320/1000
        Progress: 360/1000
        Progress: 400/1000
        Progress: 440/1000
        Progress: 480/1000
        Progress: 520/1000
        Progress: 560/1000
        Progress: 600/1000
        Progress: 640/1000
        Progress: 680/1000
        Progress: 720/1000
        Progress: 760/1000
        Progress: 800/1000
        Progress: 840/1000
        Progress: 880/1000
        Progress: 920/1000
        Progress: 960/1000
        Progress: 1000/1000
   -> [IC] Generating IC rate table...
   [SDSS J130404.99+075428.4] -> Transport approx 1 (com IC)...
   [Transport] Executando paralelização para electron...
   -> [Fótons] Generating photon table (Sync + IC)...
      Calculando componente Síncrotron...
      Calculando componente Compton Inverso (IC)...
        Progress: 40/1000
        Progress: 80/1000
        Progress: 120/1000
        Progress: 160/1000
        Progress: 200/1000
        Progress: 240/1000
        Progress: 280/1000
        Progress: 320/1000
        Progress: 360/1000
        Progress: 400/1000
        Progress: 440/1000
        Progress: 480/1000
        Progress: 520/1000
        Progress: 560/1000
        Progress: 600/1000
        Progress: 640/1000
        Progress: 680/1000
        Progress: 720/1000
        Progress: 760/1000
        Progress: 800/1000
        Progress: 840/1000
        Progress: 880/1000
        Progress: 920/1000
        Progress: 960/1000
        Progress: 1000/1000
   === [Elétrons] Concluído em 4m 47.56s ===
[SDSS J130837.91+434415.1] Calculating Electrons (1D Transport)...
   [SDSS J130837.91+434415.1] -> Transport approx 0 (sem IC)...
   [Transport] Executando paralelização para electron...
   -> [Fótons] Generating photon table (Sync + IC)...
      Calculando componente Síncrotron...
      Calculando componente Compton Inverso (IC)...
        Progress: 40/1000
        Progress: 80/1000
        Progress: 120/1000
        Progress: 160/1000
        Progress: 200/1000
        Progress: 240/1000
        Progress: 280/1000
        Progress: 320/1000
        Progress: 360/1000
        Progress: 400/1000
        Progress: 440/1000
        Progress: 480/1000
        Progress: 520/1000
        Progress: 560/1000
        Progress: 600/1000
        Progress: 640/1000
        Progress: 680/1000
        Progress: 720/1000
        Progress: 760/1000
        Progress: 800/1000
        Progress: 840/1000
        Progress: 880/1000
        Progress: 920/1000
        Progress: 960/1000
        Progress: 1000/1000
   -> [IC] Generating IC rate table...
   [SDSS J130837.91+434415.1] -> Transport approx 1 (com IC)...
   [Transport] Executando paralelização para electron...
   -> [Fótons] Generating photon table (Sync + IC)...
      Calculando componente Síncrotron...
      Calculando componente Compton Inverso (IC)...
        Progress: 40/1000
        Progress: 80/1000
        Progress: 120/1000
        Progress: 160/1000
        Progress: 200/1000
        Progress: 240/1000
        Progress: 280/1000
        Progress: 320/1000
        Progress: 360/1000
        Progress: 400/1000
        Progress: 440/1000
        Progress: 480/1000
        Progress: 520/1000
        Progress: 560/1000
        Progress: 600/1000
        Progress: 640/1000
        Progress: 680/1000
        Progress: 720/1000
        Progress: 760/1000
        Progress: 800/1000
        Progress: 840/1000
        Progress: 880/1000
        Progress: 920/1000
        Progress: 960/1000
        Progress: 1000/1000
   === [Elétrons] Concluído em 4m 56.83s ===
[SDSS J133042.51+323249.0] Calculating Electrons (1D Transport)...
   [SDSS J133042.51+323249.0] -> Transport approx 0 (sem IC)...
   [Transport] Executando paralelização para electron...
   -> [Fótons] Generating photon table (Sync + IC)...
      Calculando componente Síncrotron...
      Calculando componente Compton Inverso (IC)...
        Progress: 40/1000
        Progress: 80/1000
        Progress: 120/1000
        Progress: 160/1000
        Progress: 200/1000
        Progress: 240/1000
        Progress: 280/1000
        Progress: 320/1000
        Progress: 360/1000
        Progress: 400/1000
        Progress: 440/1000
        Progress: 480/1000
        Progress: 520/1000
        Progress: 560/1000
        Progress: 600/1000
        Progress: 640/1000
        Progress: 680/1000
        Progress: 720/1000
        Progress: 760/1000
        Progress: 800/1000
        Progress: 840/1000
        Progress: 880/1000
        Progress: 920/1000
        Progress: 960/1000
        Progress: 1000/1000
   -> [IC] Generating IC rate table...
   [SDSS J133042.51+323249.0] -> Transport approx 1 (com IC)...
   [Transport] Executando paralelização para electron...
   -> [Fótons] Generating photon table (Sync + IC)...
      Calculando componente Síncrotron...
      Calculando componente Compton Inverso (IC)...
        Progress: 40/1000
        Progress: 80/1000
        Progress: 120/1000
        Progress: 160/1000
        Progress: 200/1000
        Progress: 240/1000
        Progress: 280/1000
        Progress: 320/1000
        Progress: 360/1000
        Progress: 400/1000
        Progress: 440/1000
        Progress: 480/1000
        Progress: 520/1000
        Progress: 560/1000
        Progress: 600/1000
        Progress: 640/1000
        Progress: 680/1000
        Progress: 720/1000
        Progress: 760/1000
        Progress: 800/1000
        Progress: 840/1000
        Progress: 880/1000
        Progress: 920/1000
        Progress: 960/1000
        Progress: 1000/1000
   === [Elétrons] Concluído em 5m 14.16s ===
[SDSS J133455.94+134431.7] Calculating Electrons (1D Transport)...
   [SDSS J133455.94+134431.7] -> Transport approx 0 (sem IC)...
   [Transport] Executando paralelização para electron...
   -> [Fótons] Generating photon table (Sync + IC)...
      Calculando componente Síncrotron...
      Calculando componente Compton Inverso (IC)...
        Progress: 40/1000
        Progress: 80/1000
        Progress: 120/1000
        Progress: 160/1000
        Progress: 200/1000
        Progress: 240/1000
        Progress: 280/1000
        Progress: 320/1000
        Progress: 360/1000
        Progress: 400/1000
        Progress: 440/1000
        Progress: 480/1000
        Progress: 520/1000
        Progress: 560/1000
        Progress: 600/1000
        Progress: 640/1000
        Progress: 680/1000
        Progress: 720/1000
        Progress: 760/1000
        Progress: 800/1000
        Progress: 840/1000
        Progress: 880/1000
        Progress: 920/1000
        Progress: 960/1000
        Progress: 1000/1000
   -> [IC] Generating IC rate table...
   [SDSS J133455.94+134431.7] -> Transport approx 1 (com IC)...
   [Transport] Executando paralelização para electron...
   -> [Fótons] Generating photon table (Sync + IC)...
      Calculando componente Síncrotron...
      Calculando componente Compton Inverso (IC)...
        Progress: 40/1000
        Progress: 80/1000
        Progress: 120/1000
        Progress: 160/1000
        Progress: 200/1000
        Progress: 240/1000
        Progress: 280/1000
        Progress: 320/1000
        Progress: 360/1000
        Progress: 400/1000
        Progress: 440/1000
        Progress: 480/1000
        Progress: 520/1000
        Progress: 560/1000
        Progress: 600/1000
        Progress: 640/1000
        Progress: 680/1000
        Progress: 720/1000
        Progress: 760/1000
        Progress: 800/1000
        Progress: 840/1000
        Progress: 880/1000
        Progress: 920/1000
        Progress: 960/1000
        Progress: 1000/1000
   === [Elétrons] Concluído em 4m 48.73s ===
[SDSS J133621.18+031951.0] Calculating Electrons (1D Transport)...
   [SDSS J133621.18+031951.0] -> Transport approx 0 (sem IC)...
   [Transport] Executando paralelização para electron...
   -> [Fótons] Generating photon table (Sync + IC)...
      Calculando componente Síncrotron...
      Calculando componente Compton Inverso (IC)...
        Progress: 40/1000
        Progress: 80/1000
        Progress: 120/1000
        Progress: 160/1000
        Progress: 200/1000
        Progress: 240/1000
        Progress: 280/1000
        Progress: 320/1000
        Progress: 360/1000
        Progress: 400/1000
        Progress: 440/1000
        Progress: 480/1000
        Progress: 520/1000
        Progress: 560/1000
        Progress: 600/1000
        Progress: 640/1000
        Progress: 680/1000
        Progress: 720/1000
        Progress: 760/1000
        Progress: 800/1000
        Progress: 840/1000
        Progress: 880/1000
        Progress: 920/1000
        Progress: 960/1000
        Progress: 1000/1000
   -> [IC] Generating IC rate table...
   [SDSS J133621.18+031951.0] -> Transport approx 1 (com IC)...
   [Transport] Executando paralelização para electron...
   -> [Fótons] Generating photon table (Sync + IC)...
      Calculando componente Síncrotron...
      Calculando componente Compton Inverso (IC)...
        Progress: 40/1000
        Progress: 80/1000
        Progress: 120/1000
        Progress: 160/1000
        Progress: 200/1000
        Progress: 240/1000
        Progress: 280/1000
        Progress: 320/1000
        Progress: 360/1000
        Progress: 400/1000
        Progress: 440/1000
        Progress: 480/1000
        Progress: 520/1000
        Progress: 560/1000
        Progress: 600/1000
        Progress: 640/1000
        Progress: 680/1000
        Progress: 720/1000
        Progress: 760/1000
        Progress: 800/1000
        Progress: 840/1000
        Progress: 880/1000
        Progress: 920/1000
        Progress: 960/1000
        Progress: 1000/1000
   === [Elétrons] Concluído em 5m 1.93s ===
[SDSS J133737.49+155820.0] Calculating Electrons (1D Transport)...
   [SDSS J133737.49+155820.0] -> Transport approx 0 (sem IC)...
   [Transport] Executando paralelização para electron...
   -> [Fótons] Generating photon table (Sync + IC)...
      Calculando componente Síncrotron...
      Calculando componente Compton Inverso (IC)...
        Progress: 40/1000
        Progress: 80/1000
        Progress: 120/1000
        Progress: 160/1000
        Progress: 200/1000
        Progress: 240/1000
        Progress: 280/1000
        Progress: 320/1000
        Progress: 360/1000
        Progress: 400/1000
        Progress: 440/1000
        Progress: 480/1000
        Progress: 520/1000
        Progress: 560/1000
        Progress: 600/1000
        Progress: 640/1000
        Progress: 680/1000
        Progress: 720/1000
        Progress: 760/1000
        Progress: 800/1000
        Progress: 840/1000
        Progress: 880/1000
        Progress: 920/1000
        Progress: 960/1000
        Progress: 1000/1000
   -> [IC] Generating IC rate table...
   [SDSS J133737.49+155820.0] -> Transport approx 1 (com IC)...
   [Transport] Executando paralelização para electron...
   -> [Fótons] Generating photon table (Sync + IC)...
      Calculando componente Síncrotron...
      Calculando componente Compton Inverso (IC)...
        Progress: 40/1000
        Progress: 80/1000
        Progress: 120/1000
        Progress: 160/1000
        Progress: 200/1000
        Progress: 240/1000
        Progress: 280/1000
        Progress: 320/1000
        Progress: 360/1000
        Progress: 400/1000
        Progress: 440/1000
        Progress: 480/1000
        Progress: 520/1000
        Progress: 560/1000
        Progress: 600/1000
        Progress: 640/1000
        Progress: 680/1000
        Progress: 720/1000
        Progress: 760/1000
        Progress: 800/1000
        Progress: 840/1000
        Progress: 880/1000
        Progress: 920/1000
        Progress: 960/1000
        Progress: 1000/1000
   === [Elétrons] Concluído em 4m 50.27s ===
[SDSS J134159.72+294653.5] Calculating Electrons (1D Transport)...
   [SDSS J134159.72+294653.5] -> Transport approx 0 (sem IC)...
   [Transport] Executando paralelização para electron...
   -> [Fótons] Generating photon table (Sync + IC)...
      Calculando componente Síncrotron...
      Calculando componente Compton Inverso (IC)...
        Progress: 40/1000
        Progress: 80/1000
        Progress: 120/1000
        Progress: 160/1000
        Progress: 200/1000
        Progress: 240/1000
        Progress: 280/1000
        Progress: 320/1000
        Progress: 360/1000
        Progress: 400/1000
        Progress: 440/1000
        Progress: 480/1000
        Progress: 520/1000
        Progress: 560/1000
        Progress: 600/1000
        Progress: 640/1000
        Progress: 680/1000
        Progress: 720/1000
        Progress: 760/1000
        Progress: 800/1000
        Progress: 840/1000
        Progress: 880/1000
        Progress: 920/1000
        Progress: 960/1000
        Progress: 1000/1000
   -> [IC] Generating IC rate table...
   [SDSS J134159.72+294653.5] -> Transport approx 1 (com IC)...
   [Transport] Executando paralelização para electron...
   -> [Fótons] Generating photon table (Sync + IC)...
      Calculando componente Síncrotron...
      Calculando componente Compton Inverso (IC)...
        Progress: 40/1000
        Progress: 80/1000
        Progress: 120/1000
        Progress: 160/1000
        Progress: 200/1000
        Progress: 240/1000
        Progress: 280/1000
        Progress: 320/1000
        Progress: 360/1000
        Progress: 400/1000
        Progress: 440/1000
        Progress: 480/1000
        Progress: 520/1000
        Progress: 560/1000
        Progress: 600/1000
        Progress: 640/1000
        Progress: 680/1000
        Progress: 720/1000
        Progress: 760/1000
        Progress: 800/1000
        Progress: 840/1000
        Progress: 880/1000
        Progress: 920/1000
        Progress: 960/1000
        Progress: 1000/1000
   === [Elétrons] Concluído em 5m 7.44s ===
[SDSS J135036.01+334217.3] Calculating Electrons (1D Transport)...
   [SDSS J135036.01+334217.3] -> Transport approx 0 (sem IC)...
   [Transport] Executando paralelização para electron...
   -> [Fótons] Generating photon table (Sync + IC)...
      Calculando componente Síncrotron...
      Calculando componente Compton Inverso (IC)...
        Progress: 40/1000
        Progress: 80/1000
        Progress: 120/1000
        Progress: 160/1000
        Progress: 200/1000
        Progress: 240/1000
        Progress: 280/1000
        Progress: 320/1000
        Progress: 360/1000
        Progress: 400/1000
        Progress: 440/1000
        Progress: 480/1000
        Progress: 520/1000
        Progress: 560/1000
        Progress: 600/1000
        Progress: 640/1000
        Progress: 680/1000
        Progress: 720/1000
        Progress: 760/1000
        Progress: 800/1000
        Progress: 840/1000
        Progress: 880/1000
        Progress: 920/1000
        Progress: 960/1000
        Progress: 1000/1000
   -> [IC] Generating IC rate table...
   [SDSS J135036.01+334217.3] -> Transport approx 1 (com IC)...
   [Transport] Executando paralelização para electron...
   -> [Fótons] Generating photon table (Sync + IC)...
      Calculando componente Síncrotron...
      Calculando componente Compton Inverso (IC)...
        Progress: 40/1000
        Progress: 80/1000
        Progress: 120/1000
        Progress: 160/1000
        Progress: 200/1000
        Progress: 240/1000
        Progress: 280/1000
        Progress: 320/1000
        Progress: 360/1000
        Progress: 400/1000
        Progress: 440/1000
        Progress: 480/1000
        Progress: 520/1000
        Progress: 560/1000
        Progress: 600/1000
        Progress: 640/1000
        Progress: 680/1000
        Progress: 720/1000
        Progress: 760/1000
        Progress: 800/1000
        Progress: 840/1000
        Progress: 880/1000
        Progress: 920/1000
        Progress: 960/1000
        Progress: 1000/1000
   === [Elétrons] Concluído em 5m 7.94s ===
[SDSS J135226.71+140528.5] Calculating Electrons (1D Transport)...
   [SDSS J135226.71+140528.5] -> Transport approx 0 (sem IC)...
   [Transport] Executando paralelização para electron...
   -> [Fótons] Generating photon table (Sync + IC)...
      Calculando componente Síncrotron...
      Calculando componente Compton Inverso (IC)...
        Progress: 40/1000
        Progress: 80/1000
        Progress: 120/1000
        Progress: 160/1000
        Progress: 200/1000
        Progress: 240/1000
        Progress: 280/1000
        Progress: 320/1000
        Progress: 360/1000
        Progress: 400/1000
        Progress: 440/1000
        Progress: 480/1000
        Progress: 520/1000
        Progress: 560/1000
        Progress: 600/1000
        Progress: 640/1000
        Progress: 680/1000
        Progress: 720/1000
        Progress: 760/1000
        Progress: 800/1000
        Progress: 840/1000
        Progress: 880/1000
        Progress: 920/1000
        Progress: 960/1000
        Progress: 1000/1000
   -> [IC] Generating IC rate table...
   [SDSS J135226.71+140528.5] -> Transport approx 1 (com IC)...
   [Transport] Executando paralelização para electron...
   -> [Fótons] Generating photon table (Sync + IC)...
      Calculando componente Síncrotron...
      Calculando componente Compton Inverso (IC)...
        Progress: 40/1000
        Progress: 80/1000
        Progress: 120/1000
        Progress: 160/1000
        Progress: 200/1000
        Progress: 240/1000
        Progress: 280/1000
        Progress: 320/1000
        Progress: 360/1000
        Progress: 400/1000
        Progress: 440/1000
        Progress: 480/1000
        Progress: 520/1000
        Progress: 560/1000
        Progress: 600/1000
        Progress: 640/1000
        Progress: 680/1000
        Progress: 720/1000
        Progress: 760/1000
        Progress: 800/1000
        Progress: 840/1000
        Progress: 880/1000
        Progress: 920/1000
        Progress: 960/1000
        Progress: 1000/1000
   === [Elétrons] Concluído em 4m 40.23s ===
[SDSS J140528.32+304602.0] Calculating Electrons (1D Transport)...
   [SDSS J140528.32+304602.0] -> Transport approx 0 (sem IC)...
   [Transport] Executando paralelização para electron...
   -> [Fótons] Generating photon table (Sync + IC)...
      Calculando componente Síncrotron...
      Calculando componente Compton Inverso (IC)...
        Progress: 40/1000
        Progress: 80/1000
        Progress: 120/1000
        Progress: 160/1000
        Progress: 200/1000
        Progress: 240/1000
        Progress: 280/1000
        Progress: 320/1000
        Progress: 360/1000
        Progress: 400/1000
        Progress: 440/1000
        Progress: 480/1000
        Progress: 520/1000
        Progress: 560/1000
        Progress: 600/1000
        Progress: 640/1000
        Progress: 680/1000
        Progress: 720/1000
        Progress: 760/1000
        Progress: 800/1000
        Progress: 840/1000
        Progress: 880/1000
        Progress: 920/1000
        Progress: 960/1000
        Progress: 1000/1000
   -> [IC] Generating IC rate table...
   [SDSS J140528.32+304602.0] -> Transport approx 1 (com IC)...
   [Transport] Executando paralelização para electron...
   -> [Fótons] Generating photon table (Sync + IC)...
      Calculando componente Síncrotron...
      Calculando componente Compton Inverso (IC)...
        Progress: 40/1000
        Progress: 80/1000
        Progress: 120/1000
        Progress: 160/1000
        Progress: 200/1000
        Progress: 240/1000
        Progress: 280/1000
        Progress: 320/1000
        Progress: 360/1000
        Progress: 400/1000
        Progress: 440/1000
        Progress: 480/1000
        Progress: 520/1000
        Progress: 560/1000
        Progress: 600/1000
        Progress: 640/1000
        Progress: 680/1000
        Progress: 720/1000
        Progress: 760/1000
        Progress: 800/1000
        Progress: 840/1000
        Progress: 880/1000
        Progress: 920/1000
        Progress: 960/1000
        Progress: 1000/1000
   === [Elétrons] Concluído em 5m 22.94s ===
[SDSS J141451.35+030751.2] Calculating Electrons (1D Transport)...
   [SDSS J141451.35+030751.2] -> Transport approx 0 (sem IC)...
   [Transport] Executando paralelização para electron...
   -> [Fótons] Generating photon table (Sync + IC)...
      Calculando componente Síncrotron...
      Calculando componente Compton Inverso (IC)...
        Progress: 40/1000
        Progress: 80/1000
        Progress: 120/1000
        Progress: 160/1000
        Progress: 200/1000
        Progress: 240/1000
        Progress: 280/1000
        Progress: 320/1000
        Progress: 360/1000
        Progress: 400/1000
        Progress: 440/1000
        Progress: 480/1000
        Progress: 520/1000
        Progress: 560/1000
        Progress: 600/1000
        Progress: 640/1000
        Progress: 680/1000
        Progress: 720/1000
        Progress: 760/1000
        Progress: 800/1000
        Progress: 840/1000
        Progress: 880/1000
        Progress: 920/1000
        Progress: 960/1000
        Progress: 1000/1000
   -> [IC] Generating IC rate table...
   [SDSS J141451.35+030751.2] -> Transport approx 1 (com IC)...
   [Transport] Executando paralelização para electron...
   -> [Fótons] Generating photon table (Sync + IC)...
      Calculando componente Síncrotron...
      Calculando componente Compton Inverso (IC)...
        Progress: 40/1000
        Progress: 80/1000
        Progress: 120/1000
        Progress: 160/1000
        Progress: 200/1000
        Progress: 240/1000
        Progress: 280/1000
        Progress: 320/1000
        Progress: 360/1000
        Progress: 400/1000
        Progress: 440/1000
        Progress: 480/1000
        Progress: 520/1000
        Progress: 560/1000
        Progress: 600/1000
        Progress: 640/1000
        Progress: 680/1000
        Progress: 720/1000
        Progress: 760/1000
        Progress: 800/1000
        Progress: 840/1000
        Progress: 880/1000
        Progress: 920/1000
        Progress: 960/1000
        Progress: 1000/1000
   === [Elétrons] Concluído em 5m 3.49s ===
[SDSS J141517.98-022641.0] Calculating Electrons (1D Transport)...
   [SDSS J141517.98-022641.0] -> Transport approx 0 (sem IC)...
   [Transport] Executando paralelização para electron...
   -> [Fótons] Generating photon table (Sync + IC)...
      Calculando componente Síncrotron...
      Calculando componente Compton Inverso (IC)...
        Progress: 40/1000
        Progress: 80/1000
        Progress: 120/1000
        Progress: 160/1000
        Progress: 200/1000
        Progress: 240/1000
        Progress: 280/1000
        Progress: 320/1000
        Progress: 360/1000
        Progress: 400/1000
        Progress: 440/1000
        Progress: 480/1000
        Progress: 520/1000
        Progress: 560/1000
        Progress: 600/1000
        Progress: 640/1000
        Progress: 680/1000
        Progress: 720/1000
        Progress: 760/1000
        Progress: 800/1000
        Progress: 840/1000
        Progress: 880/1000
        Progress: 920/1000
        Progress: 960/1000
        Progress: 1000/1000
   -> [IC] Generating IC rate table...
   [SDSS J141517.98-022641.0] -> Transport approx 1 (com IC)...
   [Transport] Executando paralelização para electron...
   -> [Fótons] Generating photon table (Sync + IC)...
      Calculando componente Síncrotron...
      Calculando componente Compton Inverso (IC)...
        Progress: 40/1000
        Progress: 80/1000
        Progress: 120/1000
        Progress: 160/1000
        Progress: 200/1000
        Progress: 240/1000
        Progress: 280/1000
        Progress: 320/1000
        Progress: 360/1000
        Progress: 400/1000
        Progress: 440/1000
        Progress: 480/1000
        Progress: 520/1000
        Progress: 560/1000
        Progress: 600/1000
        Progress: 640/1000
        Progress: 680/1000
        Progress: 720/1000
        Progress: 760/1000
        Progress: 800/1000
        Progress: 840/1000
        Progress: 880/1000
        Progress: 920/1000
        Progress: 960/1000
        Progress: 1000/1000
   === [Elétrons] Concluído em 4m 52.12s ===
[SDSS J142724.23+372817.0] Calculating Electrons (1D Transport)...
   [SDSS J142724.23+372817.0] -> Transport approx 0 (sem IC)...
   [Transport] Executando paralelização para electron...
   -> [Fótons] Generating photon table (Sync + IC)...
      Calculando componente Síncrotron...
      Calculando componente Compton Inverso (IC)...
        Progress: 40/1000
        Progress: 80/1000
        Progress: 120/1000
        Progress: 160/1000
        Progress: 200/1000
        Progress: 240/1000
        Progress: 280/1000
        Progress: 320/1000
        Progress: 360/1000
        Progress: 400/1000
        Progress: 440/1000
        Progress: 480/1000
        Progress: 520/1000
        Progress: 560/1000
        Progress: 600/1000
        Progress: 640/1000
        Progress: 680/1000
        Progress: 720/1000
        Progress: 760/1000
        Progress: 800/1000
        Progress: 840/1000
        Progress: 880/1000
        Progress: 920/1000
        Progress: 960/1000
        Progress: 1000/1000
   -> [IC] Generating IC rate table...
   [SDSS J142724.23+372817.0] -> Transport approx 1 (com IC)...
   [Transport] Executando paralelização para electron...
   -> [Fótons] Generating photon table (Sync + IC)...
      Calculando componente Síncrotron...
      Calculando componente Compton Inverso (IC)...
        Progress: 40/1000
        Progress: 80/1000
        Progress: 120/1000
        Progress: 160/1000
        Progress: 200/1000
        Progress: 240/1000
        Progress: 280/1000
        Progress: 320/1000
        Progress: 360/1000
        Progress: 400/1000
        Progress: 440/1000
        Progress: 480/1000
        Progress: 520/1000
        Progress: 560/1000
        Progress: 600/1000
        Progress: 640/1000
        Progress: 680/1000
        Progress: 720/1000
        Progress: 760/1000
        Progress: 800/1000
        Progress: 840/1000
        Progress: 880/1000
        Progress: 920/1000
        Progress: 960/1000
        Progress: 1000/1000
   === [Elétrons] Concluído em 4m 45.30s ===
[SDSS J143156.59+164615.4] Calculating Electrons (1D Transport)...
   [SDSS J143156.59+164615.4] -> Transport approx 0 (sem IC)...
   [Transport] Executando paralelização para electron...
   -> [Fótons] Generating photon table (Sync + IC)...
      Calculando componente Síncrotron...
      Calculando componente Compton Inverso (IC)...
        Progress: 40/1000
        Progress: 80/1000
        Progress: 120/1000
        Progress: 160/1000
        Progress: 200/1000
        Progress: 240/1000
        Progress: 280/1000
        Progress: 320/1000
        Progress: 360/1000
        Progress: 400/1000
        Progress: 440/1000
        Progress: 480/1000
        Progress: 520/1000
        Progress: 560/1000
        Progress: 600/1000
        Progress: 640/1000
        Progress: 680/1000
        Progress: 720/1000
        Progress: 760/1000
        Progress: 800/1000
        Progress: 840/1000
        Progress: 880/1000
        Progress: 920/1000
        Progress: 960/1000
        Progress: 1000/1000
   -> [IC] Generating IC rate table...
   [SDSS J143156.59+164615.4] -> Transport approx 1 (com IC)...
   [Transport] Executando paralelização para electron...
   -> [Fótons] Generating photon table (Sync + IC)...
      Calculando componente Síncrotron...
      Calculando componente Compton Inverso (IC)...
        Progress: 40/1000
        Progress: 80/1000
        Progress: 120/1000
        Progress: 160/1000
        Progress: 200/1000
        Progress: 240/1000
        Progress: 280/1000
        Progress: 320/1000
        Progress: 360/1000
        Progress: 400/1000
        Progress: 440/1000
        Progress: 480/1000
        Progress: 520/1000
        Progress: 560/1000
        Progress: 600/1000
        Progress: 640/1000
        Progress: 680/1000
        Progress: 720/1000
        Progress: 760/1000
        Progress: 800/1000
        Progress: 840/1000
        Progress: 880/1000
        Progress: 920/1000
        Progress: 960/1000
        Progress: 1000/1000
   === [Elétrons] Concluído em 4m 50.75s ===
[SDSS J143312.96+525747.3] Calculating Electrons (1D Transport)...
   [SDSS J143312.96+525747.3] -> Transport approx 0 (sem IC)...
   [Transport] Executando paralelização para electron...
   -> [Fótons] Generating photon table (Sync + IC)...
      Calculando componente Síncrotron...
      Calculando componente Compton Inverso (IC)...
        Progress: 40/1000
        Progress: 80/1000
        Progress: 120/1000
        Progress: 160/1000
        Progress: 200/1000
        Progress: 240/1000
        Progress: 280/1000
        Progress: 320/1000
        Progress: 360/1000
        Progress: 400/1000
        Progress: 440/1000
        Progress: 480/1000
        Progress: 520/1000
        Progress: 560/1000
        Progress: 600/1000
        Progress: 640/1000
        Progress: 680/1000
        Progress: 720/1000
        Progress: 760/1000
        Progress: 800/1000
        Progress: 840/1000
        Progress: 880/1000
        Progress: 920/1000
        Progress: 960/1000
        Progress: 1000/1000
   -> [IC] Generating IC rate table...
   [SDSS J143312.96+525747.3] -> Transport approx 1 (com IC)...
   [Transport] Executando paralelização para electron...
   -> [Fótons] Generating photon table (Sync + IC)...
      Calculando componente Síncrotron...
      Calculando componente Compton Inverso (IC)...
        Progress: 40/1000
        Progress: 80/1000
        Progress: 120/1000
        Progress: 160/1000
        Progress: 200/1000
        Progress: 240/1000
        Progress: 280/1000
        Progress: 320/1000
        Progress: 360/1000
        Progress: 400/1000
        Progress: 440/1000
        Progress: 480/1000
        Progress: 520/1000
        Progress: 560/1000
        Progress: 600/1000
        Progress: 640/1000
        Progress: 680/1000
        Progress: 720/1000
        Progress: 760/1000
        Progress: 800/1000
        Progress: 840/1000
        Progress: 880/1000
        Progress: 920/1000
        Progress: 960/1000
        Progress: 1000/1000
   === [Elétrons] Concluído em 4m 59.17s ===
[SDSS J143424.79+024756.2] Calculating Electrons (1D Transport)...
   [SDSS J143424.79+024756.2] -> Transport approx 0 (sem IC)...
   [Transport] Executando paralelização para electron...
   -> [Fótons] Generating photon table (Sync + IC)...
      Calculando componente Síncrotron...
      Calculando componente Compton Inverso (IC)...
        Progress: 40/1000
        Progress: 80/1000
        Progress: 120/1000
        Progress: 160/1000
        Progress: 200/1000
        Progress: 240/1000
        Progress: 280/1000
        Progress: 320/1000
        Progress: 360/1000
        Progress: 400/1000
        Progress: 440/1000
        Progress: 480/1000
        Progress: 520/1000
        Progress: 560/1000
        Progress: 600/1000
        Progress: 640/1000
        Progress: 680/1000
        Progress: 720/1000
        Progress: 760/1000
        Progress: 800/1000
        Progress: 840/1000
        Progress: 880/1000
        Progress: 920/1000
        Progress: 960/1000
        Progress: 1000/1000
   -> [IC] Generating IC rate table...
   [SDSS J143424.79+024756.2] -> Transport approx 1 (com IC)...
   [Transport] Executando paralelização para electron...
   -> [Fótons] Generating photon table (Sync + IC)...
      Calculando componente Síncrotron...
      Calculando componente Compton Inverso (IC)...
        Progress: 40/1000
        Progress: 80/1000
        Progress: 120/1000
        Progress: 160/1000
        Progress: 200/1000
        Progress: 240/1000
        Progress: 280/1000
        Progress: 320/1000
        Progress: 360/1000
        Progress: 400/1000
        Progress: 440/1000
        Progress: 480/1000
        Progress: 520/1000
        Progress: 560/1000
        Progress: 600/1000
        Progress: 640/1000
        Progress: 680/1000
        Progress: 720/1000
        Progress: 760/1000
        Progress: 800/1000
        Progress: 840/1000
        Progress: 880/1000
        Progress: 920/1000
        Progress: 960/1000
        Progress: 1000/1000
   === [Elétrons] Concluído em 5m 0.54s ===
[SDSS J143620.38+051951.5] Calculating Electrons (1D Transport)...
   [SDSS J143620.38+051951.5] -> Transport approx 0 (sem IC)...
   [Transport] Executando paralelização para electron...
   -> [Fótons] Generating photon table (Sync + IC)...
      Calculando componente Síncrotron...
      Calculando componente Compton Inverso (IC)...
        Progress: 40/1000
        Progress: 80/1000
        Progress: 120/1000
        Progress: 160/1000
        Progress: 200/1000
        Progress: 240/1000
        Progress: 280/1000
        Progress: 320/1000
        Progress: 360/1000
        Progress: 400/1000
        Progress: 440/1000
        Progress: 480/1000
        Progress: 520/1000
        Progress: 560/1000
        Progress: 600/1000
        Progress: 640/1000
        Progress: 680/1000
        Progress: 720/1000
        Progress: 760/1000
        Progress: 800/1000
        Progress: 840/1000
        Progress: 880/1000
        Progress: 920/1000
        Progress: 960/1000
        Progress: 1000/1000
   -> [IC] Generating IC rate table...
   [SDSS J143620.38+051951.5] -> Transport approx 1 (com IC)...
   [Transport] Executando paralelização para electron...
   -> [Fótons] Generating photon table (Sync + IC)...
      Calculando componente Síncrotron...
      Calculando componente Compton Inverso (IC)...
        Progress: 40/1000
        Progress: 80/1000
        Progress: 120/1000
        Progress: 160/1000
        Progress: 200/1000
        Progress: 240/1000
        Progress: 280/1000
        Progress: 320/1000
        Progress: 360/1000
        Progress: 400/1000
        Progress: 440/1000
        Progress: 480/1000
        Progress: 520/1000
        Progress: 560/1000
        Progress: 600/1000
        Progress: 640/1000
        Progress: 680/1000
        Progress: 720/1000
        Progress: 760/1000
        Progress: 800/1000
        Progress: 840/1000
        Progress: 880/1000
        Progress: 920/1000
        Progress: 960/1000
        Progress: 1000/1000
   === [Elétrons] Concluído em 4m 46.28s ===
[SDSS J144745.52+132032.2] Calculating Electrons (1D Transport)...
   [SDSS J144745.52+132032.2] -> Transport approx 0 (sem IC)...
   [Transport] Executando paralelização para electron...
   -> [Fótons] Generating photon table (Sync + IC)...
      Calculando componente Síncrotron...
      Calculando componente Compton Inverso (IC)...
        Progress: 40/1000
        Progress: 80/1000
        Progress: 120/1000
        Progress: 160/1000
        Progress: 200/1000
        Progress: 240/1000
        Progress: 280/1000
        Progress: 320/1000
        Progress: 360/1000
        Progress: 400/1000
        Progress: 440/1000
        Progress: 480/1000
        Progress: 520/1000
        Progress: 560/1000
        Progress: 600/1000
        Progress: 640/1000
        Progress: 680/1000
        Progress: 720/1000
        Progress: 760/1000
        Progress: 800/1000
        Progress: 840/1000
        Progress: 880/1000
        Progress: 920/1000
        Progress: 960/1000
        Progress: 1000/1000
   -> [IC] Generating IC rate table...
   [SDSS J144745.52+132032.2] -> Transport approx 1 (com IC)...
   [Transport] Executando paralelização para electron...
   -> [Fótons] Generating photon table (Sync + IC)...
      Calculando componente Síncrotron...
      Calculando componente Compton Inverso (IC)...
        Progress: 40/1000
        Progress: 80/1000
        Progress: 120/1000
        Progress: 160/1000
        Progress: 200/1000
        Progress: 240/1000
        Progress: 280/1000
        Progress: 320/1000
        Progress: 360/1000
        Progress: 400/1000
        Progress: 440/1000
        Progress: 480/1000
        Progress: 520/1000
        Progress: 560/1000
        Progress: 600/1000
        Progress: 640/1000
        Progress: 680/1000
        Progress: 720/1000
        Progress: 760/1000
        Progress: 800/1000
        Progress: 840/1000
        Progress: 880/1000
        Progress: 920/1000
        Progress: 960/1000
        Progress: 1000/1000
   === [Elétrons] Concluído em 5m 9.05s ===
[SDSS J145216.49+121711.5] Calculating Electrons (1D Transport)...
   [SDSS J145216.49+121711.5] -> Transport approx 0 (sem IC)...
   [Transport] Executando paralelização para electron...
   -> [Fótons] Generating photon table (Sync + IC)...
      Calculando componente Síncrotron...
      Calculando componente Compton Inverso (IC)...
        Progress: 40/1000
        Progress: 80/1000
        Progress: 120/1000
        Progress: 160/1000
        Progress: 200/1000
        Progress: 240/1000
        Progress: 280/1000
        Progress: 320/1000
        Progress: 360/1000
        Progress: 400/1000
        Progress: 440/1000
        Progress: 480/1000
        Progress: 520/1000
        Progress: 560/1000
        Progress: 600/1000
        Progress: 640/1000
        Progress: 680/1000
        Progress: 720/1000
        Progress: 760/1000
        Progress: 800/1000
        Progress: 840/1000
        Progress: 880/1000
        Progress: 920/1000
        Progress: 960/1000
        Progress: 1000/1000
   -> [IC] Generating IC rate table...
   [SDSS J145216.49+121711.5] -> Transport approx 1 (com IC)...
   [Transport] Executando paralelização para electron...
   -> [Fótons] Generating photon table (Sync + IC)...
      Calculando componente Síncrotron...
      Calculando componente Compton Inverso (IC)...
        Progress: 40/1000
        Progress: 80/1000
        Progress: 120/1000
        Progress: 160/1000
        Progress: 200/1000
        Progress: 240/1000
        Progress: 280/1000
        Progress: 320/1000
        Progress: 360/1000
        Progress: 400/1000
        Progress: 440/1000
        Progress: 480/1000
        Progress: 520/1000
        Progress: 560/1000
        Progress: 600/1000
        Progress: 640/1000
        Progress: 680/1000
        Progress: 720/1000
        Progress: 760/1000
        Progress: 800/1000
        Progress: 840/1000
        Progress: 880/1000
        Progress: 920/1000
        Progress: 960/1000
        Progress: 1000/1000
   === [Elétrons] Concluído em 5m 4.56s ===
[SDSS J145243.25+165413.4] Calculating Electrons (1D Transport)...
   [SDSS J145243.25+165413.4] -> Transport approx 0 (sem IC)...
   [Transport] Executando paralelização para electron...
   -> [Fótons] Generating photon table (Sync + IC)...
      Calculando componente Síncrotron...
      Calculando componente Compton Inverso (IC)...
        Progress: 40/1000
        Progress: 80/1000
        Progress: 120/1000
        Progress: 160/1000
        Progress: 200/1000
        Progress: 240/1000
        Progress: 280/1000
        Progress: 320/1000
        Progress: 360/1000
        Progress: 400/1000
        Progress: 440/1000
        Progress: 480/1000
        Progress: 520/1000
        Progress: 560/1000
        Progress: 600/1000
        Progress: 640/1000
        Progress: 680/1000
        Progress: 720/1000
        Progress: 760/1000
        Progress: 800/1000
        Progress: 840/1000
        Progress: 880/1000
        Progress: 920/1000
        Progress: 960/1000
        Progress: 1000/1000
   -> [IC] Generating IC rate table...
   [SDSS J145243.25+165413.4] -> Transport approx 1 (com IC)...
   [Transport] Executando paralelização para electron...
   -> [Fótons] Generating photon table (Sync + IC)...
      Calculando componente Síncrotron...
      Calculando componente Compton Inverso (IC)...
        Progress: 40/1000
        Progress: 80/1000
        Progress: 120/1000
        Progress: 160/1000
        Progress: 200/1000
        Progress: 240/1000
        Progress: 280/1000
        Progress: 320/1000
        Progress: 360/1000
        Progress: 400/1000
        Progress: 440/1000
        Progress: 480/1000
        Progress: 520/1000
        Progress: 560/1000
        Progress: 600/1000
        Progress: 640/1000
        Progress: 680/1000
        Progress: 720/1000
        Progress: 760/1000
        Progress: 800/1000
        Progress: 840/1000
        Progress: 880/1000
        Progress: 920/1000
        Progress: 960/1000
        Progress: 1000/1000
   === [Elétrons] Concluído em 4m 50.65s ===
[SDSS J145616.20+203120.6] Calculating Electrons (1D Transport)...
   [SDSS J145616.20+203120.6] -> Transport approx 0 (sem IC)...
   [Transport] Executando paralelização para electron...
   -> [Fótons] Generating photon table (Sync + IC)...
      Calculando componente Síncrotron...
      Calculando componente Compton Inverso (IC)...
        Progress: 40/1000
        Progress: 80/1000
        Progress: 120/1000
        Progress: 160/1000
        Progress: 200/1000
        Progress: 240/1000
        Progress: 280/1000
        Progress: 320/1000
        Progress: 360/1000
        Progress: 400/1000
        Progress: 440/1000
        Progress: 480/1000
        Progress: 520/1000
        Progress: 560/1000
        Progress: 600/1000
        Progress: 640/1000
        Progress: 680/1000
        Progress: 720/1000
        Progress: 760/1000
        Progress: 800/1000
        Progress: 840/1000
        Progress: 880/1000
        Progress: 920/1000
        Progress: 960/1000
        Progress: 1000/1000
   -> [IC] Generating IC rate table...
   [SDSS J145616.20+203120.6] -> Transport approx 1 (com IC)...
   [Transport] Executando paralelização para electron...
   -> [Fótons] Generating photon table (Sync + IC)...
      Calculando componente Síncrotron...
      Calculando componente Compton Inverso (IC)...
        Progress: 40/1000
        Progress: 80/1000
        Progress: 120/1000
        Progress: 160/1000
        Progress: 200/1000
        Progress: 240/1000
        Progress: 280/1000
        Progress: 320/1000
        Progress: 360/1000
        Progress: 400/1000
        Progress: 440/1000
        Progress: 480/1000
        Progress: 520/1000
        Progress: 560/1000
        Progress: 600/1000
        Progress: 640/1000
        Progress: 680/1000
        Progress: 720/1000
        Progress: 760/1000
        Progress: 800/1000
        Progress: 840/1000
        Progress: 880/1000
        Progress: 920/1000
        Progress: 960/1000
        Progress: 1000/1000
   === [Elétrons] Concluído em 4m 42.82s ===
[SDSS J150152.30+174228.2] Calculating Electrons (1D Transport)...
   [SDSS J150152.30+174228.2] -> Transport approx 0 (sem IC)...
   [Transport] Executando paralelização para electron...
   -> [Fótons] Generating photon table (Sync + IC)...
      Calculando componente Síncrotron...
      Calculando componente Compton Inverso (IC)...
        Progress: 40/1000
        Progress: 80/1000
        Progress: 120/1000
        Progress: 160/1000
        Progress: 200/1000
        Progress: 240/1000
        Progress: 280/1000
        Progress: 320/1000
        Progress: 360/1000
        Progress: 400/1000
        Progress: 440/1000
        Progress: 480/1000
        Progress: 520/1000
        Progress: 560/1000
        Progress: 600/1000
        Progress: 640/1000
        Progress: 680/1000
        Progress: 720/1000
        Progress: 760/1000
        Progress: 800/1000
        Progress: 840/1000
        Progress: 880/1000
        Progress: 920/1000
        Progress: 960/1000
        Progress: 1000/1000
   -> [IC] Generating IC rate table...
   [SDSS J150152.30+174228.2] -> Transport approx 1 (com IC)...
   [Transport] Executando paralelização para electron...
   -> [Fótons] Generating photon table (Sync + IC)...
      Calculando componente Síncrotron...
      Calculando componente Compton Inverso (IC)...
        Progress: 40/1000
        Progress: 80/1000
        Progress: 120/1000
        Progress: 160/1000
        Progress: 200/1000
        Progress: 240/1000
        Progress: 280/1000
        Progress: 320/1000
        Progress: 360/1000
        Progress: 400/1000
        Progress: 440/1000
        Progress: 480/1000
        Progress: 520/1000
        Progress: 560/1000
        Progress: 600/1000
        Progress: 640/1000
        Progress: 680/1000
        Progress: 720/1000
        Progress: 760/1000
        Progress: 800/1000
        Progress: 840/1000
        Progress: 880/1000
        Progress: 920/1000
        Progress: 960/1000
        Progress: 1000/1000
   === [Elétrons] Concluído em 5m 3.46s ===
[SDSS J150425.68+074929.7] Calculating Electrons (1D Transport)...
   [SDSS J150425.68+074929.7] -> Transport approx 0 (sem IC)...
   [Transport] Executando paralelização para electron...
   -> [Fótons] Generating photon table (Sync + IC)...
      Calculando componente Síncrotron...
      Calculando componente Compton Inverso (IC)...
        Progress: 40/1000
        Progress: 80/1000
        Progress: 120/1000
        Progress: 160/1000
        Progress: 200/1000
        Progress: 240/1000
        Progress: 280/1000
        Progress: 320/1000
        Progress: 360/1000
        Progress: 400/1000
        Progress: 440/1000
        Progress: 480/1000
        Progress: 520/1000
        Progress: 560/1000
        Progress: 600/1000
        Progress: 640/1000
        Progress: 680/1000
        Progress: 720/1000
        Progress: 760/1000
        Progress: 800/1000
        Progress: 840/1000
        Progress: 880/1000
        Progress: 920/1000
        Progress: 960/1000
        Progress: 1000/1000
   -> [IC] Generating IC rate table...
   [SDSS J150425.68+074929.7] -> Transport approx 1 (com IC)...
   [Transport] Executando paralelização para electron...
   -> [Fótons] Generating photon table (Sync + IC)...
      Calculando componente Síncrotron...
      Calculando componente Compton Inverso (IC)...
        Progress: 40/1000
        Progress: 80/1000
        Progress: 120/1000
        Progress: 160/1000
        Progress: 200/1000
        Progress: 240/1000
        Progress: 280/1000
        Progress: 320/1000
        Progress: 360/1000
        Progress: 400/1000
        Progress: 440/1000
        Progress: 480/1000
        Progress: 520/1000
        Progress: 560/1000
        Progress: 600/1000
        Progress: 640/1000
        Progress: 680/1000
        Progress: 720/1000
        Progress: 760/1000
        Progress: 800/1000
        Progress: 840/1000
        Progress: 880/1000
        Progress: 920/1000
        Progress: 960/1000
        Progress: 1000/1000
   === [Elétrons] Concluído em 4m 59.70s ===
[SDSS J150601.89+084723.2] Calculating Electrons (1D Transport)...
   [SDSS J150601.89+084723.2] -> Transport approx 0 (sem IC)...
   [Transport] Executando paralelização para electron...
   -> [Fótons] Generating photon table (Sync + IC)...
      Calculando componente Síncrotron...
      Calculando componente Compton Inverso (IC)...
        Progress: 40/1000
        Progress: 80/1000
        Progress: 120/1000
        Progress: 160/1000
        Progress: 200/1000
        Progress: 240/1000
        Progress: 280/1000
        Progress: 320/1000
        Progress: 360/1000
        Progress: 400/1000
        Progress: 440/1000
        Progress: 480/1000
        Progress: 520/1000
        Progress: 560/1000
        Progress: 600/1000
        Progress: 640/1000
        Progress: 680/1000
        Progress: 720/1000
        Progress: 760/1000
        Progress: 800/1000
        Progress: 840/1000
        Progress: 880/1000
        Progress: 920/1000
        Progress: 960/1000
        Progress: 1000/1000
   -> [IC] Generating IC rate table...
   [SDSS J150601.89+084723.2] -> Transport approx 1 (com IC)...
   [Transport] Executando paralelização para electron...
   -> [Fótons] Generating photon table (Sync + IC)...
      Calculando componente Síncrotron...
      Calculando componente Compton Inverso (IC)...
        Progress: 40/1000
        Progress: 80/1000
        Progress: 120/1000
        Progress: 160/1000
        Progress: 200/1000
        Progress: 240/1000
        Progress: 280/1000
        Progress: 320/1000
        Progress: 360/1000
        Progress: 400/1000
        Progress: 440/1000
        Progress: 480/1000
        Progress: 520/1000
        Progress: 560/1000
        Progress: 600/1000
        Progress: 640/1000
        Progress: 680/1000
        Progress: 720/1000
        Progress: 760/1000
        Progress: 800/1000
        Progress: 840/1000
        Progress: 880/1000
        Progress: 920/1000
        Progress: 960/1000
        Progress: 1000/1000
   === [Elétrons] Concluído em 4m 55.86s ===
[SDSS J150636.57+092618.3] Calculating Electrons (1D Transport)...
   [SDSS J150636.57+092618.3] -> Transport approx 0 (sem IC)...
   [Transport] Executando paralelização para electron...
   -> [Fótons] Generating photon table (Sync + IC)...
      Calculando componente Síncrotron...
      Calculando componente Compton Inverso (IC)...
        Progress: 40/1000
        Progress: 80/1000
        Progress: 120/1000
        Progress: 160/1000
        Progress: 200/1000
        Progress: 240/1000
        Progress: 280/1000
        Progress: 320/1000
        Progress: 360/1000
        Progress: 400/1000
        Progress: 440/1000
        Progress: 480/1000
        Progress: 520/1000
        Progress: 560/1000
        Progress: 600/1000
        Progress: 640/1000
        Progress: 680/1000
        Progress: 720/1000
        Progress: 760/1000
        Progress: 800/1000
        Progress: 840/1000
        Progress: 880/1000
        Progress: 920/1000
        Progress: 960/1000
        Progress: 1000/1000
   -> [IC] Generating IC rate table...
   [SDSS J150636.57+092618.3] -> Transport approx 1 (com IC)...
   [Transport] Executando paralelização para electron...
   -> [Fótons] Generating photon table (Sync + IC)...
      Calculando componente Síncrotron...
      Calculando componente Compton Inverso (IC)...
        Progress: 40/1000
        Progress: 80/1000
        Progress: 120/1000
        Progress: 160/1000
        Progress: 200/1000
        Progress: 240/1000
        Progress: 280/1000
        Progress: 320/1000
        Progress: 360/1000
        Progress: 400/1000
        Progress: 440/1000
        Progress: 480/1000
        Progress: 520/1000
        Progress: 560/1000
        Progress: 600/1000
        Progress: 640/1000
        Progress: 680/1000
        Progress: 720/1000
        Progress: 760/1000
        Progress: 800/1000
        Progress: 840/1000
        Progress: 880/1000
        Progress: 920/1000
        Progress: 960/1000
        Progress: 1000/1000
   === [Elétrons] Concluído em 5m 25.29s ===
[SDSS J150808.25+265457.6] Calculating Electrons (1D Transport)...
   [SDSS J150808.25+265457.6] -> Transport approx 0 (sem IC)...
   [Transport] Executando paralelização para electron...
   -> [Fótons] Generating photon table (Sync + IC)...
      Calculando componente Síncrotron...
      Calculando componente Compton Inverso (IC)...
        Progress: 40/1000
        Progress: 80/1000
        Progress: 120/1000
        Progress: 160/1000
        Progress: 200/1000
        Progress: 240/1000
        Progress: 280/1000
        Progress: 320/1000
        Progress: 360/1000
        Progress: 400/1000
        Progress: 440/1000
        Progress: 480/1000
        Progress: 520/1000
        Progress: 560/1000
        Progress: 600/1000
        Progress: 640/1000
        Progress: 680/1000
        Progress: 720/1000
        Progress: 760/1000
        Progress: 800/1000
        Progress: 840/1000
        Progress: 880/1000
        Progress: 920/1000
        Progress: 960/1000
        Progress: 1000/1000
   -> [IC] Generating IC rate table...
   [SDSS J150808.25+265457.6] -> Transport approx 1 (com IC)...
   [Transport] Executando paralelização para electron...
   -> [Fótons] Generating photon table (Sync + IC)...
      Calculando componente Síncrotron...
      Calculando componente Compton Inverso (IC)...
        Progress: 40/1000
        Progress: 80/1000
        Progress: 120/1000
        Progress: 160/1000
        Progress: 200/1000
        Progress: 240/1000
        Progress: 280/1000
        Progress: 320/1000
        Progress: 360/1000
        Progress: 400/1000
        Progress: 440/1000
        Progress: 480/1000
        Progress: 520/1000
        Progress: 560/1000
        Progress: 600/1000
        Progress: 640/1000
        Progress: 680/1000
        Progress: 720/1000
        Progress: 760/1000
        Progress: 800/1000
        Progress: 840/1000
        Progress: 880/1000
        Progress: 920/1000
        Progress: 960/1000
        Progress: 1000/1000
   === [Elétrons] Concluído em 5m 6.87s ===
[SDSS J152010.94+254319.3] Calculating Electrons (1D Transport)...
   [SDSS J152010.94+254319.3] -> Transport approx 0 (sem IC)...
   [Transport] Executando paralelização para electron...
   -> [Fótons] Generating photon table (Sync + IC)...
      Calculando componente Síncrotron...
      Calculando componente Compton Inverso (IC)...
        Progress: 40/1000
        Progress: 80/1000
        Progress: 120/1000
        Progress: 160/1000
        Progress: 200/1000
        Progress: 240/1000
        Progress: 280/1000
        Progress: 320/1000
        Progress: 360/1000
        Progress: 400/1000
        Progress: 440/1000
        Progress: 480/1000
        Progress: 520/1000
        Progress: 560/1000
        Progress: 600/1000
        Progress: 640/1000
        Progress: 680/1000
        Progress: 720/1000
        Progress: 760/1000
        Progress: 800/1000
        Progress: 840/1000
        Progress: 880/1000
        Progress: 920/1000
        Progress: 960/1000
        Progress: 1000/1000
   -> [IC] Generating IC rate table...
   [SDSS J152010.94+254319.3] -> Transport approx 1 (com IC)...
   [Transport] Executando paralelização para electron...
   -> [Fótons] Generating photon table (Sync + IC)...
      Calculando componente Síncrotron...
      Calculando componente Compton Inverso (IC)...
        Progress: 40/1000
        Progress: 80/1000
        Progress: 120/1000
        Progress: 160/1000
        Progress: 200/1000
        Progress: 240/1000
        Progress: 280/1000
        Progress: 320/1000
        Progress: 360/1000
        Progress: 400/1000
        Progress: 440/1000
        Progress: 480/1000
        Progress: 520/1000
        Progress: 560/1000
        Progress: 600/1000
        Progress: 640/1000
        Progress: 680/1000
        Progress: 720/1000
        Progress: 760/1000
        Progress: 800/1000
        Progress: 840/1000
        Progress: 880/1000
        Progress: 920/1000
        Progress: 960/1000
        Progress: 1000/1000
   === [Elétrons] Concluído em 4m 51.26s ===
[SDSS J152151.85+074231.7] Calculating Electrons (1D Transport)...
   [SDSS J152151.85+074231.7] -> Transport approx 0 (sem IC)...
   [Transport] Executando paralelização para electron...
   -> [Fótons] Generating photon table (Sync + IC)...
      Calculando componente Síncrotron...
      Calculando componente Compton Inverso (IC)...
        Progress: 40/1000
        Progress: 80/1000
        Progress: 120/1000
        Progress: 160/1000
        Progress: 200/1000
        Progress: 240/1000
        Progress: 280/1000
        Progress: 320/1000
        Progress: 360/1000
        Progress: 400/1000
        Progress: 440/1000
        Progress: 480/1000
        Progress: 520/1000
        Progress: 560/1000
        Progress: 600/1000
        Progress: 640/1000
        Progress: 680/1000
        Progress: 720/1000
        Progress: 760/1000
        Progress: 800/1000
        Progress: 840/1000
        Progress: 880/1000
        Progress: 920/1000
        Progress: 960/1000
        Progress: 1000/1000
   -> [IC] Generating IC rate table...
   [SDSS J152151.85+074231.7] -> Transport approx 1 (com IC)...
   [Transport] Executando paralelização para electron...
   -> [Fótons] Generating photon table (Sync + IC)...
      Calculando componente Síncrotron...
      Calculando componente Compton Inverso (IC)...
        Progress: 40/1000
        Progress: 80/1000
        Progress: 120/1000
        Progress: 160/1000
        Progress: 200/1000
        Progress: 240/1000
        Progress: 280/1000
        Progress: 320/1000
        Progress: 360/1000
        Progress: 400/1000
        Progress: 440/1000
        Progress: 480/1000
        Progress: 520/1000
        Progress: 560/1000
        Progress: 600/1000
        Progress: 640/1000
        Progress: 680/1000
        Progress: 720/1000
        Progress: 760/1000
        Progress: 800/1000
        Progress: 840/1000
        Progress: 880/1000
        Progress: 920/1000
        Progress: 960/1000
        Progress: 1000/1000
   === [Elétrons] Concluído em 4m 51.42s ===
[SDSS J153016.15+270551.0] Calculating Electrons (1D Transport)...
   [SDSS J153016.15+270551.0] -> Transport approx 0 (sem IC)...
   [Transport] Executando paralelização para electron...
   -> [Fótons] Generating photon table (Sync + IC)...
      Calculando componente Síncrotron...
      Calculando componente Compton Inverso (IC)...
        Progress: 40/1000
        Progress: 80/1000
        Progress: 120/1000
        Progress: 160/1000
        Progress: 200/1000
        Progress: 240/1000
        Progress: 280/1000
        Progress: 320/1000
        Progress: 360/1000
        Progress: 400/1000
        Progress: 440/1000
        Progress: 480/1000
        Progress: 520/1000
        Progress: 560/1000
        Progress: 600/1000
        Progress: 640/1000
        Progress: 680/1000
        Progress: 720/1000
        Progress: 760/1000
        Progress: 800/1000
        Progress: 840/1000
        Progress: 880/1000
        Progress: 920/1000
        Progress: 960/1000
        Progress: 1000/1000
   -> [IC] Generating IC rate table...
   [SDSS J153016.15+270551.0] -> Transport approx 1 (com IC)...
   [Transport] Executando paralelização para electron...
   -> [Fótons] Generating photon table (Sync + IC)...
      Calculando componente Síncrotron...
      Calculando componente Compton Inverso (IC)...
        Progress: 40/1000
        Progress: 80/1000
        Progress: 120/1000
        Progress: 160/1000
        Progress: 200/1000
        Progress: 240/1000
        Progress: 280/1000
        Progress: 320/1000
        Progress: 360/1000
        Progress: 400/1000
        Progress: 440/1000
        Progress: 480/1000
        Progress: 520/1000
        Progress: 560/1000
        Progress: 600/1000
        Progress: 640/1000
        Progress: 680/1000
        Progress: 720/1000
        Progress: 760/1000
        Progress: 800/1000
        Progress: 840/1000
        Progress: 880/1000
        Progress: 920/1000
        Progress: 960/1000
        Progress: 1000/1000
   === [Elétrons] Concluído em 5m 1.54s ===
[SDSS J154147.28+453321.7] Calculating Electrons (1D Transport)...
   [SDSS J154147.28+453321.7] -> Transport approx 0 (sem IC)...
   [Transport] Executando paralelização para electron...
   -> [Fótons] Generating photon table (Sync + IC)...
      Calculando componente Síncrotron...
      Calculando componente Compton Inverso (IC)...
        Progress: 40/1000
        Progress: 80/1000
        Progress: 120/1000
        Progress: 160/1000
        Progress: 200/1000
        Progress: 240/1000
        Progress: 280/1000
        Progress: 320/1000
        Progress: 360/1000
        Progress: 400/1000
        Progress: 440/1000
        Progress: 480/1000
        Progress: 520/1000
        Progress: 560/1000
        Progress: 600/1000
        Progress: 640/1000
        Progress: 680/1000
        Progress: 720/1000
        Progress: 760/1000
        Progress: 800/1000
        Progress: 840/1000
        Progress: 880/1000
        Progress: 920/1000
        Progress: 960/1000
        Progress: 1000/1000
   -> [IC] Generating IC rate table...
   [SDSS J154147.28+453321.7] -> Transport approx 1 (com IC)...
   [Transport] Executando paralelização para electron...
   -> [Fótons] Generating photon table (Sync + IC)...
      Calculando componente Síncrotron...
      Calculando componente Compton Inverso (IC)...
        Progress: 40/1000
        Progress: 80/1000
        Progress: 120/1000
        Progress: 160/1000
        Progress: 200/1000
        Progress: 240/1000
        Progress: 280/1000
        Progress: 320/1000
        Progress: 360/1000
        Progress: 400/1000
        Progress: 440/1000
        Progress: 480/1000
        Progress: 520/1000
        Progress: 560/1000
        Progress: 600/1000
        Progress: 640/1000
        Progress: 680/1000
        Progress: 720/1000
        Progress: 760/1000
        Progress: 800/1000
        Progress: 840/1000
        Progress: 880/1000
        Progress: 920/1000
        Progress: 960/1000
        Progress: 1000/1000
   === [Elétrons] Concluído em 4m 57.52s ===
[SDSS J154426.93+470024.2] Calculating Electrons (1D Transport)...
   [SDSS J154426.93+470024.2] -> Transport approx 0 (sem IC)...
   [Transport] Executando paralelização para electron...
   -> [Fótons] Generating photon table (Sync + IC)...
      Calculando componente Síncrotron...
      Calculando componente Compton Inverso (IC)...
        Progress: 40/1000
        Progress: 80/1000
        Progress: 120/1000
        Progress: 160/1000
        Progress: 200/1000
        Progress: 240/1000
        Progress: 280/1000
        Progress: 320/1000
        Progress: 360/1000
        Progress: 400/1000
        Progress: 440/1000
        Progress: 480/1000
        Progress: 520/1000
        Progress: 560/1000
        Progress: 600/1000
        Progress: 640/1000
        Progress: 680/1000
        Progress: 720/1000
        Progress: 760/1000
        Progress: 800/1000
        Progress: 840/1000
        Progress: 880/1000
        Progress: 920/1000
        Progress: 960/1000
        Progress: 1000/1000
   -> [IC] Generating IC rate table...
   [SDSS J154426.93+470024.2] -> Transport approx 1 (com IC)...
   [Transport] Executando paralelização para electron...
   -> [Fótons] Generating photon table (Sync + IC)...
      Calculando componente Síncrotron...
      Calculando componente Compton Inverso (IC)...
        Progress: 40/1000
        Progress: 80/1000
        Progress: 120/1000
        Progress: 160/1000
        Progress: 200/1000
        Progress: 240/1000
        Progress: 280/1000
        Progress: 320/1000
        Progress: 360/1000
        Progress: 400/1000
        Progress: 440/1000
        Progress: 480/1000
        Progress: 520/1000
        Progress: 560/1000
        Progress: 600/1000
        Progress: 640/1000
        Progress: 680/1000
        Progress: 720/1000
        Progress: 760/1000
        Progress: 800/1000
        Progress: 840/1000
        Progress: 880/1000
        Progress: 920/1000
        Progress: 960/1000
        Progress: 1000/1000
   === [Elétrons] Concluído em 4m 51.50s ===
[SDSS J154451.23+433050.6] Calculating Electrons (1D Transport)...
   [SDSS J154451.23+433050.6] -> Transport approx 0 (sem IC)...
   [Transport] Executando paralelização para electron...
   -> [Fótons] Generating photon table (Sync + IC)...
      Calculando componente Síncrotron...
      Calculando componente Compton Inverso (IC)...
        Progress: 40/1000
        Progress: 80/1000
        Progress: 120/1000
        Progress: 160/1000
        Progress: 200/1000
        Progress: 240/1000
        Progress: 280/1000
        Progress: 320/1000
        Progress: 360/1000
        Progress: 400/1000
        Progress: 440/1000
        Progress: 480/1000
        Progress: 520/1000
        Progress: 560/1000
        Progress: 600/1000
        Progress: 640/1000
        Progress: 680/1000
        Progress: 720/1000
        Progress: 760/1000
        Progress: 800/1000
        Progress: 840/1000
        Progress: 880/1000
        Progress: 920/1000
        Progress: 960/1000
        Progress: 1000/1000
   -> [IC] Generating IC rate table...
   [SDSS J154451.23+433050.6] -> Transport approx 1 (com IC)...
   [Transport] Executando paralelização para electron...
   -> [Fótons] Generating photon table (Sync + IC)...
      Calculando componente Síncrotron...
      Calculando componente Compton Inverso (IC)...
        Progress: 40/1000
        Progress: 80/1000
        Progress: 120/1000
        Progress: 160/1000
        Progress: 200/1000
        Progress: 240/1000
        Progress: 280/1000
        Progress: 320/1000
        Progress: 360/1000
        Progress: 400/1000
        Progress: 440/1000
        Progress: 480/1000
        Progress: 520/1000
        Progress: 560/1000
        Progress: 600/1000
        Progress: 640/1000
        Progress: 680/1000
        Progress: 720/1000
        Progress: 760/1000
        Progress: 800/1000
        Progress: 840/1000
        Progress: 880/1000
        Progress: 920/1000
        Progress: 960/1000
        Progress: 1000/1000
   === [Elétrons] Concluído em 5m 0.41s ===
[SDSS J155951.61+255626.3] Calculating Electrons (1D Transport)...
   [SDSS J155951.61+255626.3] -> Transport approx 0 (sem IC)...
   [Transport] Executando paralelização para electron...
   -> [Fótons] Generating photon table (Sync + IC)...
      Calculando componente Síncrotron...
      Calculando componente Compton Inverso (IC)...
        Progress: 40/1000
        Progress: 80/1000
        Progress: 120/1000
        Progress: 160/1000
        Progress: 200/1000
        Progress: 240/1000
        Progress: 280/1000
        Progress: 320/1000
        Progress: 360/1000
        Progress: 400/1000
        Progress: 440/1000
        Progress: 480/1000
        Progress: 520/1000
        Progress: 560/1000
        Progress: 600/1000
        Progress: 640/1000
        Progress: 680/1000
        Progress: 720/1000
        Progress: 760/1000
        Progress: 800/1000
        Progress: 840/1000
        Progress: 880/1000
        Progress: 920/1000
        Progress: 960/1000
        Progress: 1000/1000
   -> [IC] Generating IC rate table...
   [SDSS J155951.61+255626.3] -> Transport approx 1 (com IC)...
   [Transport] Executando paralelização para electron...
   -> [Fótons] Generating photon table (Sync + IC)...
      Calculando componente Síncrotron...
      Calculando componente Compton Inverso (IC)...
        Progress: 40/1000
        Progress: 80/1000
        Progress: 120/1000
        Progress: 160/1000
        Progress: 200/1000
        Progress: 240/1000
        Progress: 280/1000
        Progress: 320/1000
        Progress: 360/1000
        Progress: 400/1000
        Progress: 440/1000
        Progress: 480/1000
        Progress: 520/1000
        Progress: 560/1000
        Progress: 600/1000
        Progress: 640/1000
        Progress: 680/1000
        Progress: 720/1000
        Progress: 760/1000
        Progress: 800/1000
        Progress: 840/1000
        Progress: 880/1000
        Progress: 920/1000
        Progress: 960/1000
        Progress: 1000/1000
   === [Elétrons] Concluído em 5m 6.38s ===
[SDSS J155953.99+444232.4] Calculating Electrons (1D Transport)...
   [SDSS J155953.99+444232.4] -> Transport approx 0 (sem IC)...
   [Transport] Executando paralelização para electron...
   -> [Fótons] Generating photon table (Sync + IC)...
      Calculando componente Síncrotron...
      Calculando componente Compton Inverso (IC)...
        Progress: 40/1000
        Progress: 80/1000
        Progress: 120/1000
        Progress: 160/1000
        Progress: 200/1000
        Progress: 240/1000
        Progress: 280/1000
        Progress: 320/1000
        Progress: 360/1000
        Progress: 400/1000
        Progress: 440/1000
        Progress: 480/1000
        Progress: 520/1000
        Progress: 560/1000
        Progress: 600/1000
        Progress: 640/1000
        Progress: 680/1000
        Progress: 720/1000
        Progress: 760/1000
        Progress: 800/1000
        Progress: 840/1000
        Progress: 880/1000
        Progress: 920/1000
        Progress: 960/1000
        Progress: 1000/1000
   -> [IC] Generating IC rate table...
   [SDSS J155953.99+444232.4] -> Transport approx 1 (com IC)...
   [Transport] Executando paralelização para electron...
   -> [Fótons] Generating photon table (Sync + IC)...
      Calculando componente Síncrotron...
      Calculando componente Compton Inverso (IC)...
        Progress: 40/1000
        Progress: 80/1000
        Progress: 120/1000
        Progress: 160/1000
        Progress: 200/1000
        Progress: 240/1000
        Progress: 280/1000
        Progress: 320/1000
        Progress: 360/1000
        Progress: 400/1000
        Progress: 440/1000
        Progress: 480/1000
        Progress: 520/1000
        Progress: 560/1000
        Progress: 600/1000
        Progress: 640/1000
        Progress: 680/1000
        Progress: 720/1000
        Progress: 760/1000
        Progress: 800/1000
        Progress: 840/1000
        Progress: 880/1000
        Progress: 920/1000
        Progress: 960/1000
        Progress: 1000/1000
   === [Elétrons] Concluído em 5m 17.20s ===
[SDSS J160426.51+174431.1] Calculating Electrons (1D Transport)...
   [SDSS J160426.51+174431.1] -> Transport approx 0 (sem IC)...
   [Transport] Executando paralelização para electron...
   -> [Fótons] Generating photon table (Sync + IC)...
      Calculando componente Síncrotron...
      Calculando componente Compton Inverso (IC)...
        Progress: 40/1000
        Progress: 80/1000
        Progress: 120/1000
        Progress: 160/1000
        Progress: 200/1000
        Progress: 240/1000
        Progress: 280/1000
        Progress: 320/1000
        Progress: 360/1000
        Progress: 400/1000
        Progress: 440/1000
        Progress: 480/1000
        Progress: 520/1000
        Progress: 560/1000
        Progress: 600/1000
        Progress: 640/1000
        Progress: 680/1000
        Progress: 720/1000
        Progress: 760/1000
        Progress: 800/1000
        Progress: 840/1000
        Progress: 880/1000
        Progress: 920/1000
        Progress: 960/1000
        Progress: 1000/1000
   -> [IC] Generating IC rate table...
   [SDSS J160426.51+174431.1] -> Transport approx 1 (com IC)...
   [Transport] Executando paralelização para electron...
   -> [Fótons] Generating photon table (Sync + IC)...
      Calculando componente Síncrotron...
      Calculando componente Compton Inverso (IC)...
        Progress: 40/1000
        Progress: 80/1000
        Progress: 120/1000
        Progress: 160/1000
        Progress: 200/1000
        Progress: 240/1000
        Progress: 280/1000
        Progress: 320/1000
        Progress: 360/1000
        Progress: 400/1000
        Progress: 440/1000
        Progress: 480/1000
        Progress: 520/1000
        Progress: 560/1000
        Progress: 600/1000
        Progress: 640/1000
        Progress: 680/1000
        Progress: 720/1000
        Progress: 760/1000
        Progress: 800/1000
        Progress: 840/1000
        Progress: 880/1000
        Progress: 920/1000
        Progress: 960/1000
        Progress: 1000/1000
   === [Elétrons] Concluído em 5m 9.65s ===
[SDSS J160523.84+143851.6] Calculating Electrons (1D Transport)...
   [SDSS J160523.84+143851.6] -> Transport approx 0 (sem IC)...
   [Transport] Executando paralelização para electron...
   -> [Fótons] Generating photon table (Sync + IC)...
      Calculando componente Síncrotron...
      Calculando componente Compton Inverso (IC)...
        Progress: 40/1000
        Progress: 80/1000
        Progress: 120/1000
        Progress: 160/1000
        Progress: 200/1000
        Progress: 240/1000
        Progress: 280/1000
        Progress: 320/1000
        Progress: 360/1000
        Progress: 400/1000
        Progress: 440/1000
        Progress: 480/1000
        Progress: 520/1000
        Progress: 560/1000
        Progress: 600/1000
        Progress: 640/1000
        Progress: 680/1000
        Progress: 720/1000
        Progress: 760/1000
        Progress: 800/1000
        Progress: 840/1000
        Progress: 880/1000
        Progress: 920/1000
        Progress: 960/1000
        Progress: 1000/1000
   -> [IC] Generating IC rate table...
   [SDSS J160523.84+143851.6] -> Transport approx 1 (com IC)...
   [Transport] Executando paralelização para electron...
   -> [Fótons] Generating photon table (Sync + IC)...
      Calculando componente Síncrotron...
      Calculando componente Compton Inverso (IC)...
        Progress: 40/1000
        Progress: 80/1000
        Progress: 120/1000
        Progress: 160/1000
        Progress: 200/1000
        Progress: 240/1000
        Progress: 280/1000
        Progress: 320/1000
        Progress: 360/1000
        Progress: 400/1000
        Progress: 440/1000
        Progress: 480/1000
        Progress: 520/1000
        Progress: 560/1000
        Progress: 600/1000
        Progress: 640/1000
        Progress: 680/1000
        Progress: 720/1000
        Progress: 760/1000
        Progress: 800/1000
        Progress: 840/1000
        Progress: 880/1000
        Progress: 920/1000
        Progress: 960/1000
        Progress: 1000/1000
   === [Elétrons] Concluído em 4m 49.39s ===
[SDSS J160641.83+084436.8] Calculating Electrons (1D Transport)...
   [SDSS J160641.83+084436.8] -> Transport approx 0 (sem IC)...
   [Transport] Executando paralelização para electron...
   -> [Fótons] Generating photon table (Sync + IC)...
      Calculando componente Síncrotron...
      Calculando componente Compton Inverso (IC)...
        Progress: 40/1000
        Progress: 80/1000
        Progress: 120/1000
        Progress: 160/1000
        Progress: 200/1000
        Progress: 240/1000
        Progress: 280/1000
        Progress: 320/1000
        Progress: 360/1000
        Progress: 400/1000
        Progress: 440/1000
        Progress: 480/1000
        Progress: 520/1000
        Progress: 560/1000
        Progress: 600/1000
        Progress: 640/1000
        Progress: 680/1000
        Progress: 720/1000
        Progress: 760/1000
        Progress: 800/1000
        Progress: 840/1000
        Progress: 880/1000
        Progress: 920/1000
        Progress: 960/1000
        Progress: 1000/1000
   -> [IC] Generating IC rate table...
   [SDSS J160641.83+084436.8] -> Transport approx 1 (com IC)...
   [Transport] Executando paralelização para electron...
   -> [Fótons] Generating photon table (Sync + IC)...
      Calculando componente Síncrotron...
      Calculando componente Compton Inverso (IC)...
        Progress: 40/1000
        Progress: 80/1000
        Progress: 120/1000
        Progress: 160/1000
        Progress: 200/1000
        Progress: 240/1000
        Progress: 280/1000
        Progress: 320/1000
        Progress: 360/1000
        Progress: 400/1000
        Progress: 440/1000
        Progress: 480/1000
        Progress: 520/1000
        Progress: 560/1000
        Progress: 600/1000
        Progress: 640/1000
        Progress: 680/1000
        Progress: 720/1000
        Progress: 760/1000
        Progress: 800/1000
        Progress: 840/1000
        Progress: 880/1000
        Progress: 920/1000
        Progress: 960/1000
        Progress: 1000/1000
   === [Elétrons] Concluído em 5m 9.33s ===
[SDSS J161238.84+293836.9] Calculating Electrons (1D Transport)...
   [SDSS J161238.84+293836.9] -> Transport approx 0 (sem IC)...
   [Transport] Executando paralelização para electron...
   -> [Fótons] Generating photon table (Sync + IC)...
      Calculando componente Síncrotron...
      Calculando componente Compton Inverso (IC)...
        Progress: 40/1000
        Progress: 80/1000
        Progress: 120/1000
        Progress: 160/1000
        Progress: 200/1000
        Progress: 240/1000
        Progress: 280/1000
        Progress: 320/1000
        Progress: 360/1000
        Progress: 400/1000
        Progress: 440/1000
        Progress: 480/1000
        Progress: 520/1000
        Progress: 560/1000
        Progress: 600/1000
        Progress: 640/1000
        Progress: 680/1000
        Progress: 720/1000
        Progress: 760/1000
        Progress: 800/1000
        Progress: 840/1000
        Progress: 880/1000
        Progress: 920/1000
        Progress: 960/1000
        Progress: 1000/1000
   -> [IC] Generating IC rate table...
   [SDSS J161238.84+293836.9] -> Transport approx 1 (com IC)...
   [Transport] Executando paralelização para electron...
   -> [Fótons] Generating photon table (Sync + IC)...
      Calculando componente Síncrotron...
      Calculando componente Compton Inverso (IC)...
        Progress: 40/1000
        Progress: 80/1000
        Progress: 120/1000
        Progress: 160/1000
        Progress: 200/1000
        Progress: 240/1000
        Progress: 280/1000
        Progress: 320/1000
        Progress: 360/1000
        Progress: 400/1000
        Progress: 440/1000
        Progress: 480/1000
        Progress: 520/1000
        Progress: 560/1000
        Progress: 600/1000
        Progress: 640/1000
        Progress: 680/1000
        Progress: 720/1000
        Progress: 760/1000
        Progress: 800/1000
        Progress: 840/1000
        Progress: 880/1000
        Progress: 920/1000
        Progress: 960/1000
        Progress: 1000/1000
   === [Elétrons] Concluído em 4m 55.74s ===
[SDSS J161256.85+095201.5] Calculating Electrons (1D Transport)...
   [SDSS J161256.85+095201.5] -> Transport approx 0 (sem IC)...
   [Transport] Executando paralelização para electron...
   -> [Fótons] Generating photon table (Sync + IC)...
      Calculando componente Síncrotron...
      Calculando componente Compton Inverso (IC)...
        Progress: 40/1000
        Progress: 80/1000
        Progress: 120/1000
        Progress: 160/1000
        Progress: 200/1000
        Progress: 240/1000
        Progress: 280/1000
        Progress: 320/1000
        Progress: 360/1000
        Progress: 400/1000
        Progress: 440/1000
        Progress: 480/1000
        Progress: 520/1000
        Progress: 560/1000
        Progress: 600/1000
        Progress: 640/1000
        Progress: 680/1000
        Progress: 720/1000
        Progress: 760/1000
        Progress: 800/1000
        Progress: 840/1000
        Progress: 880/1000
        Progress: 920/1000
        Progress: 960/1000
        Progress: 1000/1000
   -> [IC] Generating IC rate table...
   [SDSS J161256.85+095201.5] -> Transport approx 1 (com IC)...
   [Transport] Executando paralelização para electron...
   -> [Fótons] Generating photon table (Sync + IC)...
      Calculando componente Síncrotron...
      Calculando componente Compton Inverso (IC)...
        Progress: 40/1000
        Progress: 80/1000
        Progress: 120/1000
        Progress: 160/1000
        Progress: 200/1000
        Progress: 240/1000
        Progress: 280/1000
        Progress: 320/1000
        Progress: 360/1000
        Progress: 400/1000
        Progress: 440/1000
        Progress: 480/1000
        Progress: 520/1000
        Progress: 560/1000
        Progress: 600/1000
        Progress: 640/1000
        Progress: 680/1000
        Progress: 720/1000
        Progress: 760/1000
        Progress: 800/1000
        Progress: 840/1000
        Progress: 880/1000
        Progress: 920/1000
        Progress: 960/1000
        Progress: 1000/1000
   === [Elétrons] Concluído em 4m 57.60s ===
[SDSS J162146.06+254914.4] Calculating Electrons (1D Transport)...
   [SDSS J162146.06+254914.4] -> Transport approx 0 (sem IC)...
   [Transport] Executando paralelização para electron...
   -> [Fótons] Generating photon table (Sync + IC)...
      Calculando componente Síncrotron...
      Calculando componente Compton Inverso (IC)...
        Progress: 40/1000
        Progress: 80/1000
        Progress: 120/1000
        Progress: 160/1000
        Progress: 200/1000
        Progress: 240/1000
        Progress: 280/1000
        Progress: 320/1000
        Progress: 360/1000
        Progress: 400/1000
        Progress: 440/1000
        Progress: 480/1000
        Progress: 520/1000
        Progress: 560/1000
        Progress: 600/1000
        Progress: 640/1000
        Progress: 680/1000
        Progress: 720/1000
        Progress: 760/1000
        Progress: 800/1000
        Progress: 840/1000
        Progress: 880/1000
        Progress: 920/1000
        Progress: 960/1000
        Progress: 1000/1000
   -> [IC] Generating IC rate table...
   [SDSS J162146.06+254914.4] -> Transport approx 1 (com IC)...
   [Transport] Executando paralelização para electron...
   -> [Fótons] Generating photon table (Sync + IC)...
      Calculando componente Síncrotron...
      Calculando componente Compton Inverso (IC)...
        Progress: 40/1000
        Progress: 80/1000
        Progress: 120/1000
        Progress: 160/1000
        Progress: 200/1000
        Progress: 240/1000
        Progress: 280/1000
        Progress: 320/1000
        Progress: 360/1000
        Progress: 400/1000
        Progress: 440/1000
        Progress: 480/1000
        Progress: 520/1000
        Progress: 560/1000
        Progress: 600/1000
        Progress: 640/1000
        Progress: 680/1000
        Progress: 720/1000
        Progress: 760/1000
        Progress: 800/1000
        Progress: 840/1000
        Progress: 880/1000
        Progress: 920/1000
        Progress: 960/1000
        Progress: 1000/1000
   === [Elétrons] Concluído em 5m 6.87s ===
[SDSS J162846.13+252940.9] Calculating Electrons (1D Transport)...
   [SDSS J162846.13+252940.9] -> Transport approx 0 (sem IC)...
   [Transport] Executando paralelização para electron...
   -> [Fótons] Generating photon table (Sync + IC)...
      Calculando componente Síncrotron...
      Calculando componente Compton Inverso (IC)...
        Progress: 40/1000
        Progress: 80/1000
        Progress: 120/1000
        Progress: 160/1000
        Progress: 200/1000
        Progress: 240/1000
        Progress: 280/1000
        Progress: 320/1000
        Progress: 360/1000
        Progress: 400/1000
        Progress: 440/1000
        Progress: 480/1000
        Progress: 520/1000
        Progress: 560/1000
        Progress: 600/1000
        Progress: 640/1000
        Progress: 680/1000
        Progress: 720/1000
        Progress: 760/1000
        Progress: 800/1000
        Progress: 840/1000
        Progress: 880/1000
        Progress: 920/1000
        Progress: 960/1000
        Progress: 1000/1000
   -> [IC] Generating IC rate table...
   [SDSS J162846.13+252940.9] -> Transport approx 1 (com IC)...
   [Transport] Executando paralelização para electron...
   -> [Fótons] Generating photon table (Sync + IC)...
      Calculando componente Síncrotron...
      Calculando componente Compton Inverso (IC)...
        Progress: 40/1000
        Progress: 80/1000
        Progress: 120/1000
        Progress: 160/1000
        Progress: 200/1000
        Progress: 240/1000
        Progress: 280/1000
        Progress: 320/1000
        Progress: 360/1000
        Progress: 400/1000
        Progress: 440/1000
        Progress: 480/1000
        Progress: 520/1000
        Progress: 560/1000
        Progress: 600/1000
        Progress: 640/1000
        Progress: 680/1000
        Progress: 720/1000
        Progress: 760/1000
        Progress: 800/1000
        Progress: 840/1000
        Progress: 880/1000
        Progress: 920/1000
        Progress: 960/1000
        Progress: 1000/1000
   === [Elétrons] Concluído em 4m 59.13s ===
[SDSS J162944.98+404841.6] Calculating Electrons (1D Transport)...
   [SDSS J162944.98+404841.6] -> Transport approx 0 (sem IC)...
   [Transport] Executando paralelização para electron...
   -> [Fótons] Generating photon table (Sync + IC)...
      Calculando componente Síncrotron...
      Calculando componente Compton Inverso (IC)...
        Progress: 40/1000
        Progress: 80/1000
        Progress: 120/1000
        Progress: 160/1000
        Progress: 200/1000
        Progress: 240/1000
        Progress: 280/1000
        Progress: 320/1000
        Progress: 360/1000
        Progress: 400/1000
        Progress: 440/1000
        Progress: 480/1000
        Progress: 520/1000
        Progress: 560/1000
        Progress: 600/1000
        Progress: 640/1000
        Progress: 680/1000
        Progress: 720/1000
        Progress: 760/1000
        Progress: 800/1000
        Progress: 840/1000
        Progress: 880/1000
        Progress: 920/1000
        Progress: 960/1000
        Progress: 1000/1000
   -> [IC] Generating IC rate table...
   [SDSS J162944.98+404841.6] -> Transport approx 1 (com IC)...
   [Transport] Executando paralelização para electron...
   -> [Fótons] Generating photon table (Sync + IC)...
      Calculando componente Síncrotron...
      Calculando componente Compton Inverso (IC)...
        Progress: 40/1000
        Progress: 80/1000
        Progress: 120/1000
        Progress: 160/1000
        Progress: 200/1000
        Progress: 240/1000
        Progress: 280/1000
        Progress: 320/1000
        Progress: 360/1000
        Progress: 400/1000
        Progress: 440/1000
        Progress: 480/1000
        Progress: 520/1000
        Progress: 560/1000
        Progress: 600/1000
        Progress: 640/1000
        Progress: 680/1000
        Progress: 720/1000
        Progress: 760/1000
        Progress: 800/1000
        Progress: 840/1000
        Progress: 880/1000
        Progress: 920/1000
        Progress: 960/1000
        Progress: 1000/1000
   === [Elétrons] Concluído em 4m 48.31s ===
[SDSS J164925.86+360321.3] Calculating Electrons (1D Transport)...
   [SDSS J164925.86+360321.3] -> Transport approx 0 (sem IC)...
   [Transport] Executando paralelização para electron...
   -> [Fótons] Generating photon table (Sync + IC)...
      Calculando componente Síncrotron...
      Calculando componente Compton Inverso (IC)...
        Progress: 40/1000
        Progress: 80/1000
        Progress: 120/1000
        Progress: 160/1000
        Progress: 200/1000
        Progress: 240/1000
        Progress: 280/1000
        Progress: 320/1000
        Progress: 360/1000
        Progress: 400/1000
        Progress: 440/1000
        Progress: 480/1000
        Progress: 520/1000
        Progress: 560/1000
        Progress: 600/1000
        Progress: 640/1000
        Progress: 680/1000
        Progress: 720/1000
        Progress: 760/1000
        Progress: 800/1000
        Progress: 840/1000
        Progress: 880/1000
        Progress: 920/1000
        Progress: 960/1000
        Progress: 1000/1000
   -> [IC] Generating IC rate table...
   [SDSS J164925.86+360321.3] -> Transport approx 1 (com IC)...
   [Transport] Executando paralelização para electron...
   -> [Fótons] Generating photon table (Sync + IC)...
      Calculando componente Síncrotron...
      Calculando componente Compton Inverso (IC)...
        Progress: 40/1000
        Progress: 80/1000
        Progress: 120/1000
        Progress: 160/1000
        Progress: 200/1000
        Progress: 240/1000
        Progress: 280/1000
        Progress: 320/1000
        Progress: 360/1000
        Progress: 400/1000
        Progress: 440/1000
        Progress: 480/1000
        Progress: 520/1000
        Progress: 560/1000
        Progress: 600/1000
        Progress: 640/1000
        Progress: 680/1000
        Progress: 720/1000
        Progress: 760/1000
        Progress: 800/1000
        Progress: 840/1000
        Progress: 880/1000
        Progress: 920/1000
        Progress: 960/1000
        Progress: 1000/1000
   === [Elétrons] Concluído em 5m 7.04s ===
[SDSS J165830.05+252324.9] Calculating Electrons (1D Transport)...
   [SDSS J165830.05+252324.9] -> Transport approx 0 (sem IC)...
   [Transport] Executando paralelização para electron...
   -> [Fótons] Generating photon table (Sync + IC)...
      Calculando componente Síncrotron...
      Calculando componente Compton Inverso (IC)...
        Progress: 40/1000
        Progress: 80/1000
        Progress: 120/1000
        Progress: 160/1000
        Progress: 200/1000
        Progress: 240/1000
        Progress: 280/1000
        Progress: 320/1000
        Progress: 360/1000
        Progress: 400/1000
        Progress: 440/1000
        Progress: 480/1000
        Progress: 520/1000
        Progress: 560/1000
        Progress: 600/1000
        Progress: 640/1000
        Progress: 680/1000
        Progress: 720/1000
        Progress: 760/1000
        Progress: 800/1000
        Progress: 840/1000
        Progress: 880/1000
        Progress: 920/1000
        Progress: 960/1000
        Progress: 1000/1000
   -> [IC] Generating IC rate table...
   [SDSS J165830.05+252324.9] -> Transport approx 1 (com IC)...
   [Transport] Executando paralelização para electron...
   -> [Fótons] Generating photon table (Sync + IC)...
      Calculando componente Síncrotron...
      Calculando componente Compton Inverso (IC)...
        Progress: 40/1000
        Progress: 80/1000
        Progress: 120/1000
        Progress: 160/1000
        Progress: 200/1000
        Progress: 240/1000
        Progress: 280/1000
        Progress: 320/1000
        Progress: 360/1000
        Progress: 400/1000
        Progress: 440/1000
        Progress: 480/1000
        Progress: 520/1000
        Progress: 560/1000
        Progress: 600/1000
        Progress: 640/1000
        Progress: 680/1000
        Progress: 720/1000
        Progress: 760/1000
        Progress: 800/1000
        Progress: 840/1000
        Progress: 880/1000
        Progress: 920/1000
        Progress: 960/1000
        Progress: 1000/1000
   === [Elétrons] Concluído em 5m 1.43s ===
[SDSS J170358.49+241039.5] Calculating Electrons (1D Transport)...
   [SDSS J170358.49+241039.5] -> Transport approx 0 (sem IC)...
   [Transport] Executando paralelização para electron...
   -> [Fótons] Generating photon table (Sync + IC)...
      Calculando componente Síncrotron...
      Calculando componente Compton Inverso (IC)...
        Progress: 40/1000
        Progress: 80/1000
        Progress: 120/1000
        Progress: 160/1000
        Progress: 200/1000
        Progress: 240/1000
        Progress: 280/1000
        Progress: 320/1000
        Progress: 360/1000
        Progress: 400/1000
        Progress: 440/1000
        Progress: 480/1000
        Progress: 520/1000
        Progress: 560/1000
        Progress: 600/1000
        Progress: 640/1000
        Progress: 680/1000
        Progress: 720/1000
        Progress: 760/1000
        Progress: 800/1000
        Progress: 840/1000
        Progress: 880/1000
        Progress: 920/1000
        Progress: 960/1000
        Progress: 1000/1000
   -> [IC] Generating IC rate table...
   [SDSS J170358.49+241039.5] -> Transport approx 1 (com IC)...
   [Transport] Executando paralelização para electron...
   -> [Fótons] Generating photon table (Sync + IC)...
      Calculando componente Síncrotron...
      Calculando componente Compton Inverso (IC)...
        Progress: 40/1000
        Progress: 80/1000
        Progress: 120/1000
        Progress: 160/1000
        Progress: 200/1000
        Progress: 240/1000
        Progress: 280/1000
        Progress: 320/1000
        Progress: 360/1000
        Progress: 400/1000
        Progress: 440/1000
        Progress: 480/1000
        Progress: 520/1000
        Progress: 560/1000
        Progress: 600/1000
        Progress: 640/1000
        Progress: 680/1000
        Progress: 720/1000
        Progress: 760/1000
        Progress: 800/1000
        Progress: 840/1000
        Progress: 880/1000
        Progress: 920/1000
        Progress: 960/1000
        Progress: 1000/1000
   === [Elétrons] Concluído em 4m 49.05s ===
[SDSS J171522.97+572440.2] Calculating Electrons (1D Transport)...
   [SDSS J171522.97+572440.2] -> Transport approx 0 (sem IC)...
   [Transport] Executando paralelização para electron...
   -> [Fótons] Generating photon table (Sync + IC)...
      Calculando componente Síncrotron...
      Calculando componente Compton Inverso (IC)...
        Progress: 40/1000
        Progress: 80/1000
        Progress: 120/1000
        Progress: 160/1000
        Progress: 200/1000
        Progress: 240/1000
        Progress: 280/1000
        Progress: 320/1000
        Progress: 360/1000
        Progress: 400/1000
        Progress: 440/1000
        Progress: 480/1000
        Progress: 520/1000
        Progress: 560/1000
        Progress: 600/1000
        Progress: 640/1000
        Progress: 680/1000
        Progress: 720/1000
        Progress: 760/1000
        Progress: 800/1000
        Progress: 840/1000
        Progress: 880/1000
        Progress: 920/1000
        Progress: 960/1000
        Progress: 1000/1000
   -> [IC] Generating IC rate table...
   [SDSS J171522.97+572440.2] -> Transport approx 1 (com IC)...
   [Transport] Executando paralelização para electron...
   -> [Fótons] Generating photon table (Sync + IC)...
      Calculando componente Síncrotron...
      Calculando componente Compton Inverso (IC)...
        Progress: 40/1000
        Progress: 80/1000
        Progress: 120/1000
        Progress: 160/1000
        Progress: 200/1000
        Progress: 240/1000
        Progress: 280/1000
        Progress: 320/1000
        Progress: 360/1000
        Progress: 400/1000
        Progress: 440/1000
        Progress: 480/1000
        Progress: 520/1000
        Progress: 560/1000
        Progress: 600/1000
        Progress: 640/1000
        Progress: 680/1000
        Progress: 720/1000
        Progress: 760/1000
        Progress: 800/1000
        Progress: 840/1000
        Progress: 880/1000
        Progress: 920/1000
        Progress: 960/1000
        Progress: 1000/1000
   === [Elétrons] Concluído em 4m 49.10s ===
[SDSS J172215.41+304239.8] Calculating Electrons (1D Transport)...
   [SDSS J172215.41+304239.8] -> Transport approx 0 (sem IC)...
   [Transport] Executando paralelização para electron...
   -> [Fótons] Generating photon table (Sync + IC)...
      Calculando componente Síncrotron...
      Calculando componente Compton Inverso (IC)...
        Progress: 40/1000
        Progress: 80/1000
        Progress: 120/1000
        Progress: 160/1000
        Progress: 200/1000
        Progress: 240/1000
        Progress: 280/1000
        Progress: 320/1000
        Progress: 360/1000
        Progress: 400/1000
        Progress: 440/1000
        Progress: 480/1000
        Progress: 520/1000
        Progress: 560/1000
        Progress: 600/1000
        Progress: 640/1000
        Progress: 680/1000
        Progress: 720/1000
        Progress: 760/1000
        Progress: 800/1000
        Progress: 840/1000
        Progress: 880/1000
        Progress: 920/1000
        Progress: 960/1000
        Progress: 1000/1000
   -> [IC] Generating IC rate table...
   [SDSS J172215.41+304239.8] -> Transport approx 1 (com IC)...
   [Transport] Executando paralelização para electron...
   -> [Fótons] Generating photon table (Sync + IC)...
      Calculando componente Síncrotron...
      Calculando componente Compton Inverso (IC)...
        Progress: 40/1000
        Progress: 80/1000
        Progress: 120/1000
        Progress: 160/1000
        Progress: 200/1000
        Progress: 240/1000
        Progress: 280/1000
        Progress: 320/1000
        Progress: 360/1000
        Progress: 400/1000
        Progress: 440/1000
        Progress: 480/1000
        Progress: 520/1000
        Progress: 560/1000
        Progress: 600/1000
        Progress: 640/1000
        Progress: 680/1000
        Progress: 720/1000
        Progress: 760/1000
        Progress: 800/1000
        Progress: 840/1000
        Progress: 880/1000
        Progress: 920/1000
        Progress: 960/1000
        Progress: 1000/1000
   === [Elétrons] Concluído em 4m 54.49s ===
=== [data2_iron] Parâmetros salvos em 'data2_iron/all_calculated_parameters.csv' ===

=== [data2_iron] Calculando núcleos de oxigênio (104 fontes) ===
[SDSS J010852.48-003919.4] Calculating iron nuclei (Z=26, A=56)
   [SDSS J010852.48-003919.4] -> Transporte de oxigênio (sync + adiabático + O-p + p-gamma + fotodesintegração)...
   [Transport] Executando paralelização para iron...
   === [Oxigênio] Concluído em 42m 56.35s ===
[SDSS J011204.61-001442.4] Calculating iron nuclei (Z=26, A=56)
   [SDSS J011204.61-001442.4] -> Transporte de oxigênio (sync + adiabático + O-p + p-gamma + fotodesintegração)...
   [Transport] Executando paralelização para iron...
   === [Oxigênio] Concluído em 42m 30.54s ===
[SDSS J011515.78+001248.4] Calculating iron nuclei (Z=26, A=56)
   [SDSS J011515.78+001248.4] -> Transporte de oxigênio (sync + adiabático + O-p + p-gamma + fotodesintegração)...
   [Transport] Executando paralelização para iron...
   === [Oxigênio] Concluído em 40m 32.61s ===
[SDSS J015127.10-083019.3] Calculating iron nuclei (Z=26, A=56)
   [SDSS J015127.10-083019.3] -> Transporte de oxigênio (sync + adiabático + O-p + p-gamma + fotodesintegração)...
   [Transport] Executando paralelização para iron...
   === [Oxigênio] Concluído em 40m 27.60s ===
[SDSS J020835.81-083754.8] Calculating iron nuclei (Z=26, A=56)
   [SDSS J020835.81-083754.8] -> Transporte de oxigênio (sync + adiabático + O-p + p-gamma + fotodesintegração)...
   [Transport] Executando paralelização para iron...
   === [Oxigênio] Concluído em 42m 56.75s ===
[SDSS J075354.98+130916.5] Calculating iron nuclei (Z=26, A=56)
   [SDSS J075354.98+130916.5] -> Transporte de oxigênio (sync + adiabático + O-p + p-gamma + fotodesintegração)...
   [Transport] Executando paralelização para iron...
   === [Oxigênio] Concluído em 44m 29.94s ===
[SDSS J080716.58+145703.3] Calculating iron nuclei (Z=26, A=56)
   [SDSS J080716.58+145703.3] -> Transporte de oxigênio (sync + adiabático + O-p + p-gamma + fotodesintegração)...
   [Transport] Executando paralelização para iron...
   === [Oxigênio] Concluído em 42m 29.29s ===
[SDSS J083158.49+562052.3] Calculating iron nuclei (Z=26, A=56)
   [SDSS J083158.49+562052.3] -> Transporte de oxigênio (sync + adiabático + O-p + p-gamma + fotodesintegração)...
   [Transport] Executando paralelização para iron...
   === [Oxigênio] Concluído em 40m 51.62s ===
[SDSS J083511.98+051829.2] Calculating iron nuclei (Z=26, A=56)
   [SDSS J083511.98+051829.2] -> Transporte de oxigênio (sync + adiabático + O-p + p-gamma + fotodesintegração)...
   [Transport] Executando paralelização para iron...
   === [Oxigênio] Concluído em 40m 50.29s ===
[SDSS J084102.73+595610.5] Calculating iron nuclei (Z=26, A=56)
   [SDSS J084102.73+595610.5] -> Transporte de oxigênio (sync + adiabático + O-p + p-gamma + fotodesintegração)...
   [Transport] Executando paralelização para iron...
   === [Oxigênio] Concluído em 43m 44.10s ===
[SDSS J084701.88+100106.6] Calculating iron nuclei (Z=26, A=56)
   [SDSS J084701.88+100106.6] -> Transporte de oxigênio (sync + adiabático + O-p + p-gamma + fotodesintegração)...
   [Transport] Executando paralelização para iron...
   === [Oxigênio] Concluído em 42m 37.86s ===
[SDSS J090652.79+412429.7] Calculating iron nuclei (Z=26, A=56)
   [SDSS J090652.79+412429.7] -> Transporte de oxigênio (sync + adiabático + O-p + p-gamma + fotodesintegração)...
   [Transport] Executando paralelização para iron...
   === [Oxigênio] Concluído em 41m 14.56s ===
[SDSS J090734.91+325722.9] Calculating iron nuclei (Z=26, A=56)
   [SDSS J090734.91+325722.9] -> Transporte de oxigênio (sync + adiabático + O-p + p-gamma + fotodesintegração)...
   [Transport] Executando paralelização para iron...
   === [Oxigênio] Concluído em 38m 47.70s ===
[SDSS J090937.44+192808.2] Calculating iron nuclei (Z=26, A=56)
   [SDSS J090937.44+192808.2] -> Transporte de oxigênio (sync + adiabático + O-p + p-gamma + fotodesintegração)...
   [Transport] Executando paralelização para iron...
   === [Oxigênio] Concluído em 42m 33.36s ===
[SDSS J091039.92+184147.6] Calculating iron nuclei (Z=26, A=56)
   [SDSS J091039.92+184147.6] -> Transporte de oxigênio (sync + adiabático + O-p + p-gamma + fotodesintegração)...
   [Transport] Executando paralelização para iron...
   === [Oxigênio] Concluído em 41m 51.56s ===
[SDSS J091601.78+173523.3] Calculating iron nuclei (Z=26, A=56)
   [SDSS J091601.78+173523.3] -> Transporte de oxigênio (sync + adiabático + O-p + p-gamma + fotodesintegração)...
   [Transport] Executando paralelização para iron...
   === [Oxigênio] Concluído em 41m 21.58s ===
[SDSS J091754.25+133145.5] Calculating iron nuclei (Z=26, A=56)
   [SDSS J091754.25+133145.5] -> Transporte de oxigênio (sync + adiabático + O-p + p-gamma + fotodesintegração)...
   [Transport] Executando paralelização para iron...
   === [Oxigênio] Concluído em 39m 13.85s ===
[SDSS J093003.56+341325.3] Calculating iron nuclei (Z=26, A=56)
   [SDSS J093003.56+341325.3] -> Transporte de oxigênio (sync + adiabático + O-p + p-gamma + fotodesintegração)...
   [Transport] Executando paralelização para iron...
   === [Oxigênio] Concluído em 41m 42.54s ===
[SDSS J093346.08+100909.0] Calculating iron nuclei (Z=26, A=56)
   [SDSS J093346.08+100909.0] -> Transporte de oxigênio (sync + adiabático + O-p + p-gamma + fotodesintegração)...
   [Transport] Executando paralelização para iron...
   === [Oxigênio] Concluído em 43m 55.48s ===
[SDSS J093938.62+385358.6] Calculating iron nuclei (Z=26, A=56)
   [SDSS J093938.62+385358.6] -> Transporte de oxigênio (sync + adiabático + O-p + p-gamma + fotodesintegração)...
   [Transport] Executando paralelização para iron...
   === [Oxigênio] Concluído em 42m 29.61s ===
[SDSS J094319.15+361452.1] Calculating iron nuclei (Z=26, A=56)
   [SDSS J094319.15+361452.1] -> Transporte de oxigênio (sync + adiabático + O-p + p-gamma + fotodesintegração)...
   [Transport] Executando paralelização para iron...
   === [Oxigênio] Concluído em 40m 3.20s ===
[SDSS J100549.83+003800.0] Calculating iron nuclei (Z=26, A=56)
   [SDSS J100549.83+003800.0] -> Transporte de oxigênio (sync + adiabático + O-p + p-gamma + fotodesintegração)...
   [Transport] Executando paralelização para iron...
   === [Oxigênio] Concluído em 42m 51.39s ===
[SDSS J101329.65+075415.6] Calculating iron nuclei (Z=26, A=56)
   [SDSS J101329.65+075415.6] -> Transporte de oxigênio (sync + adiabático + O-p + p-gamma + fotodesintegração)...
   [Transport] Executando paralelização para iron...
   === [Oxigênio] Concluído em 42m 40.67s ===
[SDSS J101806.67+000559.7] Calculating iron nuclei (Z=26, A=56)
   [SDSS J101806.67+000559.7] -> Transporte de oxigênio (sync + adiabático + O-p + p-gamma + fotodesintegração)...
   [Transport] Executando paralelização para iron...
   === [Oxigênio] Concluído em 40m 54.45s ===
[SDSS J102403.28+420629.8] Calculating iron nuclei (Z=26, A=56)
   [SDSS J102403.28+420629.8] -> Transporte de oxigênio (sync + adiabático + O-p + p-gamma + fotodesintegração)...
   [Transport] Executando paralelização para iron...
   === [Oxigênio] Concluído em 42m 26.33s ===
[SDSS J102511.50+171519.9] Calculating iron nuclei (Z=26, A=56)
   [SDSS J102511.50+171519.9] -> Transporte de oxigênio (sync + adiabático + O-p + p-gamma + fotodesintegração)...
   [Transport] Executando paralelização para iron...
   === [Oxigênio] Concluído em 43m 44.56s ===
[SDSS J102544.22+102230.4] Calculating iron nuclei (Z=26, A=56)
   [SDSS J102544.22+102230.4] -> Transporte de oxigênio (sync + adiabático + O-p + p-gamma + fotodesintegração)...
   [Transport] Executando paralelização para iron...
   === [Oxigênio] Concluído em 41m 45.58s ===
[SDSS J103719.33+433515.3] Calculating iron nuclei (Z=26, A=56)
   [SDSS J103719.33+433515.3] -> Transporte de oxigênio (sync + adiabático + O-p + p-gamma + fotodesintegração)...
   [Transport] Executando paralelização para iron...
   === [Oxigênio] Concluído em 42m 16.67s ===
[SDSS J103952.47+205049.3] Calculating iron nuclei (Z=26, A=56)
   [SDSS J103952.47+205049.3] -> Transporte de oxigênio (sync + adiabático + O-p + p-gamma + fotodesintegração)...
   [Transport] Executando paralelização para iron...
   === [Oxigênio] Concluído em 41m 59.36s ===
[SDSS J104028.37+091057.1] Calculating iron nuclei (Z=26, A=56)
   [SDSS J104028.37+091057.1] -> Transporte de oxigênio (sync + adiabático + O-p + p-gamma + fotodesintegração)...
   [Transport] Executando paralelização para iron...
   === [Oxigênio] Concluído em 41m 6.15s ===
[SDSS J104403.68+435412.0] Calculating iron nuclei (Z=26, A=56)
   [SDSS J104403.68+435412.0] -> Transporte de oxigênio (sync + adiabático + O-p + p-gamma + fotodesintegração)...
   [Transport] Executando paralelização para iron...
   === [Oxigênio] Concluído em 41m 39.85s ===
[SDSS J104811.90+045954.8] Calculating iron nuclei (Z=26, A=56)
   [SDSS J104811.90+045954.8] -> Transporte de oxigênio (sync + adiabático + O-p + p-gamma + fotodesintegração)...
   [Transport] Executando paralelização para iron...
   === [Oxigênio] Concluído em 41m 6.69s ===
[SDSS J104852.92+480314.8] Calculating iron nuclei (Z=26, A=56)
   [SDSS J104852.92+480314.8] -> Transporte de oxigênio (sync + adiabático + O-p + p-gamma + fotodesintegração)...
   [Transport] Executando paralelização para iron...
   === [Oxigênio] Concluído em 41m 7.41s ===
[SDSS J105731.16+405646.1] Calculating iron nuclei (Z=26, A=56)
   [SDSS J105731.16+405646.1] -> Transporte de oxigênio (sync + adiabático + O-p + p-gamma + fotodesintegração)...
   [Transport] Executando paralelização para iron...
   === [Oxigênio] Concluído em 43m 50.13s ===
[SDSS J111113.18+284147.0] Calculating iron nuclei (Z=26, A=56)
   [SDSS J111113.18+284147.0] -> Transporte de oxigênio (sync + adiabático + O-p + p-gamma + fotodesintegração)...
   [Transport] Executando paralelização para iron...
   === [Oxigênio] Concluído em 42m 22.20s ===
[SDSS J111622.70+291508.2] Calculating iron nuclei (Z=26, A=56)
   [SDSS J111622.70+291508.2] -> Transporte de oxigênio (sync + adiabático + O-p + p-gamma + fotodesintegração)...
   [Transport] Executando paralelização para iron...
   === [Oxigênio] Concluído em 41m 59.35s ===
[SDSS J111700.10+323550.9] Calculating iron nuclei (Z=26, A=56)
   [SDSS J111700.10+323550.9] -> Transporte de oxigênio (sync + adiabático + O-p + p-gamma + fotodesintegração)...
   [Transport] Executando paralelização para iron...
   === [Oxigênio] Concluído em 42m 7.57s ===
[SDSS J112029.23+040742.1] Calculating iron nuclei (Z=26, A=56)
   [SDSS J112029.23+040742.1] -> Transporte de oxigênio (sync + adiabático + O-p + p-gamma + fotodesintegração)...
   [Transport] Executando paralelização para iron...
   === [Oxigênio] Concluído em 41m 57.23s ===
[SDSS J112256.47+340641.3] Calculating iron nuclei (Z=26, A=56)
   [SDSS J112256.47+340641.3] -> Transporte de oxigênio (sync + adiabático + O-p + p-gamma + fotodesintegração)...
   [Transport] Executando paralelização para iron...
   === [Oxigênio] Concluído em 41m 1.85s ===
[SDSS J112625.19+520503.5] Calculating iron nuclei (Z=26, A=56)
   [SDSS J112625.19+520503.5] -> Transporte de oxigênio (sync + adiabático + O-p + p-gamma + fotodesintegração)...
   [Transport] Executando paralelização para iron...
   === [Oxigênio] Concluído em 39m 42.83s ===
[SDSS J112727.52+400409.4] Calculating iron nuclei (Z=26, A=56)
   [SDSS J112727.52+400409.4] -> Transporte de oxigênio (sync + adiabático + O-p + p-gamma + fotodesintegração)...
   [Transport] Executando paralelização para iron...
   === [Oxigênio] Concluído em 41m 4.07s ===
[SDSS J113449.29+490439.4] Calculating iron nuclei (Z=26, A=56)
   [SDSS J113449.29+490439.4] -> Transporte de oxigênio (sync + adiabático + O-p + p-gamma + fotodesintegração)...
   [Transport] Executando paralelização para iron...
   === [Oxigênio] Concluído em 43m 28.72s ===
[SDSS J113637.14+510008.5] Calculating iron nuclei (Z=26, A=56)
   [SDSS J113637.14+510008.5] -> Transporte de oxigênio (sync + adiabático + O-p + p-gamma + fotodesintegração)...
   [Transport] Executando paralelização para iron...
   === [Oxigênio] Concluído em 42m 1.84s ===
[SDSS J114230.94-021505.3] Calculating iron nuclei (Z=26, A=56)
   [SDSS J114230.94-021505.3] -> Transporte de oxigênio (sync + adiabático + O-p + p-gamma + fotodesintegração)...
   [Transport] Executando paralelização para iron...
   === [Oxigênio] Concluído em 43m 2.68s ===
[SDSS J114232.84+262919.9] Calculating iron nuclei (Z=26, A=56)
   [SDSS J114232.84+262919.9] -> Transporte de oxigênio (sync + adiabático + O-p + p-gamma + fotodesintegração)...
   [Transport] Executando paralelização para iron...
   === [Oxigênio] Concluído em 44m 38.47s ===
[SDSS J114804.60+372638.0] Calculating iron nuclei (Z=26, A=56)
   [SDSS J114804.60+372638.0] -> Transporte de oxigênio (sync + adiabático + O-p + p-gamma + fotodesintegração)...
   [Transport] Executando paralelização para iron...
   === [Oxigênio] Concluído em 43m 42.50s ===
[SDSS J115531.39+545200.4] Calculating iron nuclei (Z=26, A=56)
   [SDSS J115531.39+545200.4] -> Transporte de oxigênio (sync + adiabático + O-p + p-gamma + fotodesintegração)...
   [Transport] Executando paralelização para iron...
   === [Oxigênio] Concluído em 41m 54.49s ===
[SDSS J120551.46+203119.0] Calculating iron nuclei (Z=26, A=56)
   [SDSS J120551.46+203119.0] -> Transporte de oxigênio (sync + adiabático + O-p + p-gamma + fotodesintegração)...
   [Transport] Executando paralelização para iron...
   === [Oxigênio] Concluído em 40m 48.09s ===
[SDSS J120607.81+400902.6] Calculating iron nuclei (Z=26, A=56)
   [SDSS J120607.81+400902.6] -> Transporte de oxigênio (sync + adiabático + O-p + p-gamma + fotodesintegração)...
   [Transport] Executando paralelização para iron...
   === [Oxigênio] Concluído em 43m 7.37s ===
[SDSS J121329.27+504429.4] Calculating iron nuclei (Z=26, A=56)
   [SDSS J121329.27+504429.4] -> Transporte de oxigênio (sync + adiabático + O-p + p-gamma + fotodesintegração)...
   [Transport] Executando paralelização para iron...
   === [Oxigênio] Concluído em 42m 22.27s ===
[SDSS J121951.65+282521.3] Calculating iron nuclei (Z=26, A=56)
   [SDSS J121951.65+282521.3] -> Transporte de oxigênio (sync + adiabático + O-p + p-gamma + fotodesintegração)...
   [Transport] Executando paralelização para iron...
   === [Oxigênio] Concluído em 42m 22.59s ===
[SDSS J122421.31+600641.2] Calculating iron nuclei (Z=26, A=56)
   [SDSS J122421.31+600641.2] -> Transporte de oxigênio (sync + adiabático + O-p + p-gamma + fotodesintegração)...
   [Transport] Executando paralelização para iron...
   === [Oxigênio] Concluído em 42m 10.88s ===
[SDSS J123011.85+470022.7] Calculating iron nuclei (Z=26, A=56)
   [SDSS J123011.85+470022.7] -> Transporte de oxigênio (sync + adiabático + O-p + p-gamma + fotodesintegração)...
   [Transport] Executando paralelização para iron...
   === [Oxigênio] Concluído em 39m 22.74s ===
[SDSS J124318.73+033300.6] Calculating iron nuclei (Z=26, A=56)
   [SDSS J124318.73+033300.6] -> Transporte de oxigênio (sync + adiabático + O-p + p-gamma + fotodesintegração)...
   [Transport] Executando paralelização para iron...
   === [Oxigênio] Concluído em 39m 59.43s ===
[SDSS J124633.75+115347.8] Calculating iron nuclei (Z=26, A=56)
   [SDSS J124633.75+115347.8] -> Transporte de oxigênio (sync + adiabático + O-p + p-gamma + fotodesintegração)...
   [Transport] Executando paralelização para iron...
   === [Oxigênio] Concluído em 41m 6.24s ===
[SDSS J125027.42+001345.6] Calculating iron nuclei (Z=26, A=56)
   [SDSS J125027.42+001345.6] -> Transporte de oxigênio (sync + adiabático + O-p + p-gamma + fotodesintegração)...
   [Transport] Executando paralelização para iron...
   === [Oxigênio] Concluído em 40m 55.05s ===
[SDSS J125409.12-011527.1] Calculating iron nuclei (Z=26, A=56)
   [SDSS J125409.12-011527.1] -> Transporte de oxigênio (sync + adiabático + O-p + p-gamma + fotodesintegração)...
   [Transport] Executando paralelização para iron...
   === [Oxigênio] Concluído em 43m 4.87s ===
[SDSS J130404.99+075428.4] Calculating iron nuclei (Z=26, A=56)
   [SDSS J130404.99+075428.4] -> Transporte de oxigênio (sync + adiabático + O-p + p-gamma + fotodesintegração)...
   [Transport] Executando paralelização para iron...
   === [Oxigênio] Concluído em 44m 11.47s ===
[SDSS J130837.91+434415.1] Calculating iron nuclei (Z=26, A=56)
   [SDSS J130837.91+434415.1] -> Transporte de oxigênio (sync + adiabático + O-p + p-gamma + fotodesintegração)...
   [Transport] Executando paralelização para iron...
   === [Oxigênio] Concluído em 42m 25.82s ===
[SDSS J133042.51+323249.0] Calculating iron nuclei (Z=26, A=56)
   [SDSS J133042.51+323249.0] -> Transporte de oxigênio (sync + adiabático + O-p + p-gamma + fotodesintegração)...
   [Transport] Executando paralelização para iron...
   === [Oxigênio] Concluído em 41m 33.36s ===
[SDSS J133455.94+134431.7] Calculating iron nuclei (Z=26, A=56)
   [SDSS J133455.94+134431.7] -> Transporte de oxigênio (sync + adiabático + O-p + p-gamma + fotodesintegração)...
   [Transport] Executando paralelização para iron...
   === [Oxigênio] Concluído em 44m 11.04s ===
[SDSS J133621.18+031951.0] Calculating iron nuclei (Z=26, A=56)
   [SDSS J133621.18+031951.0] -> Transporte de oxigênio (sync + adiabático + O-p + p-gamma + fotodesintegração)...
   [Transport] Executando paralelização para iron...
   === [Oxigênio] Concluído em 42m 45.82s ===
[SDSS J133737.49+155820.0] Calculating iron nuclei (Z=26, A=56)
   [SDSS J133737.49+155820.0] -> Transporte de oxigênio (sync + adiabático + O-p + p-gamma + fotodesintegração)...
   [Transport] Executando paralelização para iron...
   === [Oxigênio] Concluído em 43m 39.71s ===
[SDSS J134159.72+294653.5] Calculating iron nuclei (Z=26, A=56)
   [SDSS J134159.72+294653.5] -> Transporte de oxigênio (sync + adiabático + O-p + p-gamma + fotodesintegração)...
   [Transport] Executando paralelização para iron...
   === [Oxigênio] Concluído em 42m 2.57s ===
[SDSS J135036.01+334217.3] Calculating iron nuclei (Z=26, A=56)
   [SDSS J135036.01+334217.3] -> Transporte de oxigênio (sync + adiabático + O-p + p-gamma + fotodesintegração)...
   [Transport] Executando paralelização para iron...
   === [Oxigênio] Concluído em 40m 54.61s ===
[SDSS J135226.71+140528.5] Calculating iron nuclei (Z=26, A=56)
   [SDSS J135226.71+140528.5] -> Transporte de oxigênio (sync + adiabático + O-p + p-gamma + fotodesintegração)...
   [Transport] Executando paralelização para iron...
   === [Oxigênio] Concluído em 41m 40.34s ===
[SDSS J140528.32+304602.0] Calculating iron nuclei (Z=26, A=56)
   [SDSS J140528.32+304602.0] -> Transporte de oxigênio (sync + adiabático + O-p + p-gamma + fotodesintegração)...
   [Transport] Executando paralelização para iron...
   === [Oxigênio] Concluído em 37m 37.66s ===
[SDSS J141451.35+030751.2] Calculating iron nuclei (Z=26, A=56)
   [SDSS J141451.35+030751.2] -> Transporte de oxigênio (sync + adiabático + O-p + p-gamma + fotodesintegração)...
   [Transport] Executando paralelização para iron...
   === [Oxigênio] Concluído em 39m 11.55s ===
[SDSS J141517.98-022641.0] Calculating iron nuclei (Z=26, A=56)
   [SDSS J141517.98-022641.0] -> Transporte de oxigênio (sync + adiabático + O-p + p-gamma + fotodesintegração)...
   [Transport] Executando paralelização para iron...
   === [Oxigênio] Concluído em 41m 56.71s ===
[SDSS J142724.23+372817.0] Calculating iron nuclei (Z=26, A=56)
   [SDSS J142724.23+372817.0] -> Transporte de oxigênio (sync + adiabático + O-p + p-gamma + fotodesintegração)...
   [Transport] Executando paralelização para iron...
   === [Oxigênio] Concluído em 43m 59.79s ===
[SDSS J143156.59+164615.4] Calculating iron nuclei (Z=26, A=56)
   [SDSS J143156.59+164615.4] -> Transporte de oxigênio (sync + adiabático + O-p + p-gamma + fotodesintegração)...
   [Transport] Executando paralelização para iron...
   === [Oxigênio] Concluído em 43m 45.03s ===
[SDSS J143312.96+525747.3] Calculating iron nuclei (Z=26, A=56)
   [SDSS J143312.96+525747.3] -> Transporte de oxigênio (sync + adiabático + O-p + p-gamma + fotodesintegração)...
   [Transport] Executando paralelização para iron...
   === [Oxigênio] Concluído em 42m 49.80s ===
[SDSS J143424.79+024756.2] Calculating iron nuclei (Z=26, A=56)
   [SDSS J143424.79+024756.2] -> Transporte de oxigênio (sync + adiabático + O-p + p-gamma + fotodesintegração)...
   [Transport] Executando paralelização para iron...
   === [Oxigênio] Concluído em 43m 0.94s ===
[SDSS J143620.38+051951.5] Calculating iron nuclei (Z=26, A=56)
   [SDSS J143620.38+051951.5] -> Transporte de oxigênio (sync + adiabático + O-p + p-gamma + fotodesintegração)...
   [Transport] Executando paralelização para iron...
   === [Oxigênio] Concluído em 43m 46.84s ===
[SDSS J144745.52+132032.2] Calculating iron nuclei (Z=26, A=56)
   [SDSS J144745.52+132032.2] -> Transporte de oxigênio (sync + adiabático + O-p + p-gamma + fotodesintegração)...
   [Transport] Executando paralelização para iron...
   === [Oxigênio] Concluído em 42m 34.55s ===
[SDSS J145216.49+121711.5] Calculating iron nuclei (Z=26, A=56)
   [SDSS J145216.49+121711.5] -> Transporte de oxigênio (sync + adiabático + O-p + p-gamma + fotodesintegração)...
   [Transport] Executando paralelização para iron...
   === [Oxigênio] Concluído em 42m 18.61s ===
[SDSS J145243.25+165413.4] Calculating iron nuclei (Z=26, A=56)
   [SDSS J145243.25+165413.4] -> Transporte de oxigênio (sync + adiabático + O-p + p-gamma + fotodesintegração)...
   [Transport] Executando paralelização para iron...
   === [Oxigênio] Concluído em 43m 22.47s ===
[SDSS J145616.20+203120.6] Calculating iron nuclei (Z=26, A=56)
   [SDSS J145616.20+203120.6] -> Transporte de oxigênio (sync + adiabático + O-p + p-gamma + fotodesintegração)...
   [Transport] Executando paralelização para iron...
   === [Oxigênio] Concluído em 43m 31.33s ===
[SDSS J150152.30+174228.2] Calculating iron nuclei (Z=26, A=56)
   [SDSS J150152.30+174228.2] -> Transporte de oxigênio (sync + adiabático + O-p + p-gamma + fotodesintegração)...
   [Transport] Executando paralelização para iron...
   === [Oxigênio] Concluído em 41m 47.83s ===
[SDSS J150425.68+074929.7] Calculating iron nuclei (Z=26, A=56)
   [SDSS J150425.68+074929.7] -> Transporte de oxigênio (sync + adiabático + O-p + p-gamma + fotodesintegração)...
   [Transport] Executando paralelização para iron...
   === [Oxigênio] Concluído em 42m 17.56s ===
[SDSS J150601.89+084723.2] Calculating iron nuclei (Z=26, A=56)
   [SDSS J150601.89+084723.2] -> Transporte de oxigênio (sync + adiabático + O-p + p-gamma + fotodesintegração)...
   [Transport] Executando paralelização para iron...
   === [Oxigênio] Concluído em 42m 32.16s ===
[SDSS J150636.57+092618.3] Calculating iron nuclei (Z=26, A=56)
   [SDSS J150636.57+092618.3] -> Transporte de oxigênio (sync + adiabático + O-p + p-gamma + fotodesintegração)...
   [Transport] Executando paralelização para iron...
   === [Oxigênio] Concluído em 39m 15.64s ===
[SDSS J150808.25+265457.6] Calculating iron nuclei (Z=26, A=56)
   [SDSS J150808.25+265457.6] -> Transporte de oxigênio (sync + adiabático + O-p + p-gamma + fotodesintegração)...
   [Transport] Executando paralelização para iron...
   === [Oxigênio] Concluído em 40m 30.43s ===
[SDSS J152010.94+254319.3] Calculating iron nuclei (Z=26, A=56)
   [SDSS J152010.94+254319.3] -> Transporte de oxigênio (sync + adiabático + O-p + p-gamma + fotodesintegração)...
   [Transport] Executando paralelização para iron...
   === [Oxigênio] Concluído em 39m 24.90s ===
[SDSS J152151.85+074231.7] Calculating iron nuclei (Z=26, A=56)
   [SDSS J152151.85+074231.7] -> Transporte de oxigênio (sync + adiabático + O-p + p-gamma + fotodesintegração)...
   [Transport] Executando paralelização para iron...
   === [Oxigênio] Concluído em 39m 25.75s ===
[SDSS J153016.15+270551.0] Calculating iron nuclei (Z=26, A=56)
   [SDSS J153016.15+270551.0] -> Transporte de oxigênio (sync + adiabático + O-p + p-gamma + fotodesintegração)...
   [Transport] Executando paralelização para iron...
   === [Oxigênio] Concluído em 39m 55.46s ===
[SDSS J154147.28+453321.7] Calculating iron nuclei (Z=26, A=56)
   [SDSS J154147.28+453321.7] -> Transporte de oxigênio (sync + adiabático + O-p + p-gamma + fotodesintegração)...
   [Transport] Executando paralelização para iron...
   === [Oxigênio] Concluído em 42m 59.56s ===
[SDSS J154426.93+470024.2] Calculating iron nuclei (Z=26, A=56)
   [SDSS J154426.93+470024.2] -> Transporte de oxigênio (sync + adiabático + O-p + p-gamma + fotodesintegração)...
   [Transport] Executando paralelização para iron...
   === [Oxigênio] Concluído em 43m 44.03s ===
[SDSS J154451.23+433050.6] Calculating iron nuclei (Z=26, A=56)
   [SDSS J154451.23+433050.6] -> Transporte de oxigênio (sync + adiabático + O-p + p-gamma + fotodesintegração)...
   [Transport] Executando paralelização para iron...
   === [Oxigênio] Concluído em 42m 47.94s ===
[SDSS J155951.61+255626.3] Calculating iron nuclei (Z=26, A=56)
   [SDSS J155951.61+255626.3] -> Transporte de oxigênio (sync + adiabático + O-p + p-gamma + fotodesintegração)...
   [Transport] Executando paralelização para iron...
   === [Oxigênio] Concluído em 40m 53.03s ===
[SDSS J155953.99+444232.4] Calculating iron nuclei (Z=26, A=56)
   [SDSS J155953.99+444232.4] -> Transporte de oxigênio (sync + adiabático + O-p + p-gamma + fotodesintegração)...
   [Transport] Executando paralelização para iron...
   === [Oxigênio] Concluído em 40m 50.80s ===
[SDSS J160426.51+174431.1] Calculating iron nuclei (Z=26, A=56)
   [SDSS J160426.51+174431.1] -> Transporte de oxigênio (sync + adiabático + O-p + p-gamma + fotodesintegração)...
   [Transport] Executando paralelização para iron...
   === [Oxigênio] Concluído em 41m 21.60s ===
[SDSS J160523.84+143851.6] Calculating iron nuclei (Z=26, A=56)
   [SDSS J160523.84+143851.6] -> Transporte de oxigênio (sync + adiabático + O-p + p-gamma + fotodesintegração)...
   [Transport] Executando paralelização para iron...
   === [Oxigênio] Concluído em 44m 18.81s ===
[SDSS J160641.83+084436.8] Calculating iron nuclei (Z=26, A=56)
   [SDSS J160641.83+084436.8] -> Transporte de oxigênio (sync + adiabático + O-p + p-gamma + fotodesintegração)...
   [Transport] Executando paralelização para iron...
   === [Oxigênio] Concluído em 42m 27.86s ===
[SDSS J161238.84+293836.9] Calculating iron nuclei (Z=26, A=56)
   [SDSS J161238.84+293836.9] -> Transporte de oxigênio (sync + adiabático + O-p + p-gamma + fotodesintegração)...
   [Transport] Executando paralelização para iron...
   === [Oxigênio] Concluído em 43m 13.95s ===
[SDSS J161256.85+095201.5] Calculating iron nuclei (Z=26, A=56)
   [SDSS J161256.85+095201.5] -> Transporte de oxigênio (sync + adiabático + O-p + p-gamma + fotodesintegração)...
   [Transport] Executando paralelização para iron...
   === [Oxigênio] Concluído em 43m 52.33s ===
[SDSS J162146.06+254914.4] Calculating iron nuclei (Z=26, A=56)
   [SDSS J162146.06+254914.4] -> Transporte de oxigênio (sync + adiabático + O-p + p-gamma + fotodesintegração)...
   [Transport] Executando paralelização para iron...
   === [Oxigênio] Concluído em 42m 13.43s ===
[SDSS J162846.13+252940.9] Calculating iron nuclei (Z=26, A=56)
   [SDSS J162846.13+252940.9] -> Transporte de oxigênio (sync + adiabático + O-p + p-gamma + fotodesintegração)...
   [Transport] Executando paralelização para iron...
   === [Oxigênio] Concluído em 42m 37.67s ===
[SDSS J162944.98+404841.6] Calculating iron nuclei (Z=26, A=56)
   [SDSS J162944.98+404841.6] -> Transporte de oxigênio (sync + adiabático + O-p + p-gamma + fotodesintegração)...
   [Transport] Executando paralelização para iron...
   === [Oxigênio] Concluído em 44m 8.98s ===
[SDSS J164925.86+360321.3] Calculating iron nuclei (Z=26, A=56)
   [SDSS J164925.86+360321.3] -> Transporte de oxigênio (sync + adiabático + O-p + p-gamma + fotodesintegração)...
   [Transport] Executando paralelização para iron...
   === [Oxigênio] Concluído em 42m 42.69s ===
[SDSS J165830.05+252324.9] Calculating iron nuclei (Z=26, A=56)
   [SDSS J165830.05+252324.9] -> Transporte de oxigênio (sync + adiabático + O-p + p-gamma + fotodesintegração)...
   [Transport] Executando paralelização para iron...
   === [Oxigênio] Concluído em 43m 14.33s ===
[SDSS J170358.49+241039.5] Calculating iron nuclei (Z=26, A=56)
   [SDSS J170358.49+241039.5] -> Transporte de oxigênio (sync + adiabático + O-p + p-gamma + fotodesintegração)...
   [Transport] Executando paralelização para iron...
   === [Oxigênio] Concluído em 44m 0.92s ===
[SDSS J171522.97+572440.2] Calculating iron nuclei (Z=26, A=56)
   [SDSS J171522.97+572440.2] -> Transporte de oxigênio (sync + adiabático + O-p + p-gamma + fotodesintegração)...
   [Transport] Executando paralelização para iron...
   === [Oxigênio] Concluído em 43m 44.02s ===
[SDSS J172215.41+304239.8] Calculating iron nuclei (Z=26, A=56)
   [SDSS J172215.41+304239.8] -> Transporte de oxigênio (sync + adiabático + O-p + p-gamma + fotodesintegração)...
   [Transport] Executando paralelização para iron...
   === [Oxigênio] Concluído em 43m 42.36s ===
=== [data2_iron] PIPELINE CONCLUÍDO para 'source2.txt' ===

=== TAREFA 1 FINALIZADA com 104 fontes ===
Finalizado em Sat Aug 22 09:28:56 AM -03 2026
