Iniciando Job Array ID: 0 em Mon Aug 17 08:24:05 AM -03 2026

=== INICIANDO TAREFA SLURM 0 ===
Processando arquivo: source.txt -> Pasta: data_iron

======================================================================
=== PIPELINE (O-16): lendo 'source.txt' -> salvando em 'data_iron/' ===
======================================================================
=== Carregando Tabelas de Fotodesintegração (TALYS) ===
=======================================================

[SDSS J010852.48-003919.4] Calculating Electrons (1D Transport)...
   [SDSS J010852.48-003919.4] -> Transport approx 0 (sem IC)...
   [Transport] Executando paralelização para electron...
   -> [Fótons] Generating photon table (Sync + IC)...
      Calculando componente Síncrotron...
      Calculando componente Compton Inverso (IC)...
        Progress: 40/1000
        Progress: 80/1000
        Progress: 120/1000
        Progress: 160/1000
        Progress: 200/1000
        Progress: 240/1000
        Progress: 280/1000
        Progress: 320/1000
        Progress: 360/1000
        Progress: 400/1000
        Progress: 440/1000
        Progress: 480/1000
        Progress: 520/1000
        Progress: 560/1000
        Progress: 600/1000
        Progress: 640/1000
        Progress: 680/1000
        Progress: 720/1000
        Progress: 760/1000
        Progress: 800/1000
        Progress: 840/1000
        Progress: 880/1000
        Progress: 920/1000
        Progress: 960/1000
        Progress: 1000/1000
   -> [IC] Generating IC rate table...
   [SDSS J010852.48-003919.4] -> Transport approx 1 (com IC)...
   [Transport] Executando paralelização para electron...
   -> [Fótons] Generating photon table (Sync + IC)...
      Calculando componente Síncrotron...
      Calculando componente Compton Inverso (IC)...
        Progress: 40/1000
        Progress: 80/1000
        Progress: 120/1000
        Progress: 160/1000
        Progress: 200/1000
        Progress: 240/1000
        Progress: 280/1000
        Progress: 320/1000
        Progress: 360/1000
        Progress: 400/1000
        Progress: 440/1000
        Progress: 480/1000
        Progress: 520/1000
        Progress: 560/1000
        Progress: 600/1000
        Progress: 640/1000
        Progress: 680/1000
        Progress: 720/1000
        Progress: 760/1000
        Progress: 800/1000
        Progress: 840/1000
        Progress: 880/1000
        Progress: 920/1000
        Progress: 960/1000
        Progress: 1000/1000
   === [Elétrons] Concluído em 5m 33.93s ===
[SDSS J011204.61-001442.4] Calculating Electrons (1D Transport)...
   [SDSS J011204.61-001442.4] -> Transport approx 0 (sem IC)...
   [Transport] Executando paralelização para electron...
   -> [Fótons] Generating photon table (Sync + IC)...
      Calculando componente Síncrotron...
      Calculando componente Compton Inverso (IC)...
        Progress: 40/1000
        Progress: 80/1000
        Progress: 120/1000
        Progress: 160/1000
        Progress: 200/1000
        Progress: 240/1000
        Progress: 280/1000
        Progress: 320/1000
        Progress: 360/1000
        Progress: 400/1000
        Progress: 440/1000
        Progress: 480/1000
        Progress: 520/1000
        Progress: 560/1000
        Progress: 600/1000
        Progress: 640/1000
        Progress: 680/1000
        Progress: 720/1000
        Progress: 760/1000
        Progress: 800/1000
        Progress: 840/1000
        Progress: 880/1000
        Progress: 920/1000
        Progress: 960/1000
        Progress: 1000/1000
   -> [IC] Generating IC rate table...
   [SDSS J011204.61-001442.4] -> Transport approx 1 (com IC)...
   [Transport] Executando paralelização para electron...
   -> [Fótons] Generating photon table (Sync + IC)...
      Calculando componente Síncrotron...
      Calculando componente Compton Inverso (IC)...
        Progress: 40/1000
        Progress: 80/1000
        Progress: 120/1000
        Progress: 160/1000
        Progress: 200/1000
        Progress: 240/1000
        Progress: 280/1000
        Progress: 320/1000
        Progress: 360/1000
        Progress: 400/1000
        Progress: 440/1000
        Progress: 480/1000
        Progress: 520/1000
        Progress: 560/1000
        Progress: 600/1000
        Progress: 640/1000
        Progress: 680/1000
        Progress: 720/1000
        Progress: 760/1000
        Progress: 800/1000
        Progress: 840/1000
        Progress: 880/1000
        Progress: 920/1000
        Progress: 960/1000
        Progress: 1000/1000
   === [Elétrons] Concluído em 5m 34.92s ===
[SDSS J011515.78+001248.4] Calculating Electrons (1D Transport)...
   [SDSS J011515.78+001248.4] -> Transport approx 0 (sem IC)...
   [Transport] Executando paralelização para electron...
   -> [Fótons] Generating photon table (Sync + IC)...
      Calculando componente Síncrotron...
      Calculando componente Compton Inverso (IC)...
        Progress: 40/1000
        Progress: 80/1000
        Progress: 120/1000
        Progress: 160/1000
        Progress: 200/1000
        Progress: 240/1000
        Progress: 280/1000
        Progress: 320/1000
        Progress: 360/1000
        Progress: 400/1000
        Progress: 440/1000
        Progress: 480/1000
        Progress: 520/1000
        Progress: 560/1000
        Progress: 600/1000
        Progress: 640/1000
        Progress: 680/1000
        Progress: 720/1000
        Progress: 760/1000
        Progress: 800/1000
        Progress: 840/1000
        Progress: 880/1000
        Progress: 920/1000
        Progress: 960/1000
        Progress: 1000/1000
   -> [IC] Generating IC rate table...
   [SDSS J011515.78+001248.4] -> Transport approx 1 (com IC)...
   [Transport] Executando paralelização para electron...
   -> [Fótons] Generating photon table (Sync + IC)...
      Calculando componente Síncrotron...
      Calculando componente Compton Inverso (IC)...
        Progress: 40/1000
        Progress: 80/1000
        Progress: 120/1000
        Progress: 160/1000
        Progress: 200/1000
        Progress: 240/1000
        Progress: 280/1000
        Progress: 320/1000
        Progress: 360/1000
        Progress: 400/1000
        Progress: 440/1000
        Progress: 480/1000
        Progress: 520/1000
        Progress: 560/1000
        Progress: 600/1000
        Progress: 640/1000
        Progress: 680/1000
        Progress: 720/1000
        Progress: 760/1000
        Progress: 800/1000
        Progress: 840/1000
        Progress: 880/1000
        Progress: 920/1000
        Progress: 960/1000
        Progress: 1000/1000
   === [Elétrons] Concluído em 5m 32.04s ===
[SDSS J015127.10-083019.3] Calculating Electrons (1D Transport)...
   [SDSS J015127.10-083019.3] -> Transport approx 0 (sem IC)...
   [Transport] Executando paralelização para electron...
   -> [Fótons] Generating photon table (Sync + IC)...
      Calculando componente Síncrotron...
      Calculando componente Compton Inverso (IC)...
        Progress: 40/1000
        Progress: 80/1000
        Progress: 120/1000
        Progress: 160/1000
        Progress: 200/1000
        Progress: 240/1000
        Progress: 280/1000
        Progress: 320/1000
        Progress: 360/1000
        Progress: 400/1000
        Progress: 440/1000
        Progress: 480/1000
        Progress: 520/1000
        Progress: 560/1000
        Progress: 600/1000
        Progress: 640/1000
        Progress: 680/1000
        Progress: 720/1000
        Progress: 760/1000
        Progress: 800/1000
        Progress: 840/1000
        Progress: 880/1000
        Progress: 920/1000
        Progress: 960/1000
        Progress: 1000/1000
   -> [IC] Generating IC rate table...
   [SDSS J015127.10-083019.3] -> Transport approx 1 (com IC)...
   [Transport] Executando paralelização para electron...
   -> [Fótons] Generating photon table (Sync + IC)...
      Calculando componente Síncrotron...
      Calculando componente Compton Inverso (IC)...
        Progress: 40/1000
        Progress: 80/1000
        Progress: 120/1000
        Progress: 160/1000
        Progress: 200/1000
        Progress: 240/1000
        Progress: 280/1000
        Progress: 320/1000
        Progress: 360/1000
        Progress: 400/1000
        Progress: 440/1000
        Progress: 480/1000
        Progress: 520/1000
        Progress: 560/1000
        Progress: 600/1000
        Progress: 640/1000
        Progress: 680/1000
        Progress: 720/1000
        Progress: 760/1000
        Progress: 800/1000
        Progress: 840/1000
        Progress: 880/1000
        Progress: 920/1000
        Progress: 960/1000
        Progress: 1000/1000
   === [Elétrons] Concluído em 5m 38.34s ===
[SDSS J020835.81-083754.8] Calculating Electrons (1D Transport)...
   [SDSS J020835.81-083754.8] -> Transport approx 0 (sem IC)...
   [Transport] Executando paralelização para electron...
   -> [Fótons] Generating photon table (Sync + IC)...
      Calculando componente Síncrotron...
      Calculando componente Compton Inverso (IC)...
        Progress: 40/1000
        Progress: 80/1000
        Progress: 120/1000
        Progress: 160/1000
        Progress: 200/1000
        Progress: 240/1000
        Progress: 280/1000
        Progress: 320/1000
        Progress: 360/1000
        Progress: 400/1000
        Progress: 440/1000
        Progress: 480/1000
        Progress: 520/1000
        Progress: 560/1000
        Progress: 600/1000
        Progress: 640/1000
        Progress: 680/1000
        Progress: 720/1000
        Progress: 760/1000
        Progress: 800/1000
        Progress: 840/1000
        Progress: 880/1000
        Progress: 920/1000
        Progress: 960/1000
        Progress: 1000/1000
   -> [IC] Generating IC rate table...
   [SDSS J020835.81-083754.8] -> Transport approx 1 (com IC)...
   [Transport] Executando paralelização para electron...
   -> [Fótons] Generating photon table (Sync + IC)...
      Calculando componente Síncrotron...
      Calculando componente Compton Inverso (IC)...
        Progress: 40/1000
        Progress: 80/1000
        Progress: 120/1000
        Progress: 160/1000
        Progress: 200/1000
        Progress: 240/1000
        Progress: 280/1000
        Progress: 320/1000
        Progress: 360/1000
        Progress: 400/1000
        Progress: 440/1000
        Progress: 480/1000
        Progress: 520/1000
        Progress: 560/1000
        Progress: 600/1000
        Progress: 640/1000
        Progress: 680/1000
        Progress: 720/1000
        Progress: 760/1000
        Progress: 800/1000
        Progress: 840/1000
        Progress: 880/1000
        Progress: 920/1000
        Progress: 960/1000
        Progress: 1000/1000
   === [Elétrons] Concluído em 5m 27.38s ===
[SDSS J075354.98+130916.5] Calculating Electrons (1D Transport)...
   [SDSS J075354.98+130916.5] -> Transport approx 0 (sem IC)...
   [Transport] Executando paralelização para electron...
   -> [Fótons] Generating photon table (Sync + IC)...
      Calculando componente Síncrotron...
      Calculando componente Compton Inverso (IC)...
        Progress: 40/1000
        Progress: 80/1000
        Progress: 120/1000
        Progress: 160/1000
        Progress: 200/1000
        Progress: 240/1000
        Progress: 280/1000
        Progress: 320/1000
        Progress: 360/1000
        Progress: 400/1000
        Progress: 440/1000
        Progress: 480/1000
        Progress: 520/1000
        Progress: 560/1000
        Progress: 600/1000
        Progress: 640/1000
        Progress: 680/1000
        Progress: 720/1000
        Progress: 760/1000
        Progress: 800/1000
        Progress: 840/1000
        Progress: 880/1000
        Progress: 920/1000
        Progress: 960/1000
        Progress: 1000/1000
   -> [IC] Generating IC rate table...
   [SDSS J075354.98+130916.5] -> Transport approx 1 (com IC)...
   [Transport] Executando paralelização para electron...
   -> [Fótons] Generating photon table (Sync + IC)...
      Calculando componente Síncrotron...
      Calculando componente Compton Inverso (IC)...
        Progress: 40/1000
        Progress: 80/1000
        Progress: 120/1000
        Progress: 160/1000
        Progress: 200/1000
        Progress: 240/1000
        Progress: 280/1000
        Progress: 320/1000
        Progress: 360/1000
        Progress: 400/1000
        Progress: 440/1000
        Progress: 480/1000
        Progress: 520/1000
        Progress: 560/1000
        Progress: 600/1000
        Progress: 640/1000
        Progress: 680/1000
        Progress: 720/1000
        Progress: 760/1000
        Progress: 800/1000
        Progress: 840/1000
        Progress: 880/1000
        Progress: 920/1000
        Progress: 960/1000
        Progress: 1000/1000
   === [Elétrons] Concluído em 5m 10.07s ===
[SDSS J080716.58+145703.3] Calculating Electrons (1D Transport)...
   [SDSS J080716.58+145703.3] -> Transport approx 0 (sem IC)...
   [Transport] Executando paralelização para electron...
   -> [Fótons] Generating photon table (Sync + IC)...
      Calculando componente Síncrotron...
      Calculando componente Compton Inverso (IC)...
        Progress: 40/1000
        Progress: 80/1000
        Progress: 120/1000
        Progress: 160/1000
        Progress: 200/1000
        Progress: 240/1000
        Progress: 280/1000
        Progress: 320/1000
        Progress: 360/1000
        Progress: 400/1000
        Progress: 440/1000
        Progress: 480/1000
        Progress: 520/1000
        Progress: 560/1000
        Progress: 600/1000
        Progress: 640/1000
        Progress: 680/1000
        Progress: 720/1000
        Progress: 760/1000
        Progress: 800/1000
        Progress: 840/1000
        Progress: 880/1000
        Progress: 920/1000
        Progress: 960/1000
        Progress: 1000/1000
   -> [IC] Generating IC rate table...
   [SDSS J080716.58+145703.3] -> Transport approx 1 (com IC)...
   [Transport] Executando paralelização para electron...
   -> [Fótons] Generating photon table (Sync + IC)...
      Calculando componente Síncrotron...
      Calculando componente Compton Inverso (IC)...
        Progress: 40/1000
        Progress: 80/1000
        Progress: 120/1000
        Progress: 160/1000
        Progress: 200/1000
        Progress: 240/1000
        Progress: 280/1000
        Progress: 320/1000
        Progress: 360/1000
        Progress: 400/1000
        Progress: 440/1000
        Progress: 480/1000
        Progress: 520/1000
        Progress: 560/1000
        Progress: 600/1000
        Progress: 640/1000
        Progress: 680/1000
        Progress: 720/1000
        Progress: 760/1000
        Progress: 800/1000
        Progress: 840/1000
        Progress: 880/1000
        Progress: 920/1000
        Progress: 960/1000
        Progress: 1000/1000
   === [Elétrons] Concluído em 5m 31.99s ===
[SDSS J083158.49+562052.3] Calculating Electrons (1D Transport)...
   [SDSS J083158.49+562052.3] -> Transport approx 0 (sem IC)...
   [Transport] Executando paralelização para electron...
   -> [Fótons] Generating photon table (Sync + IC)...
      Calculando componente Síncrotron...
      Calculando componente Compton Inverso (IC)...
        Progress: 40/1000
        Progress: 80/1000
        Progress: 120/1000
        Progress: 160/1000
        Progress: 200/1000
        Progress: 240/1000
        Progress: 280/1000
        Progress: 320/1000
        Progress: 360/1000
        Progress: 400/1000
        Progress: 440/1000
        Progress: 480/1000
        Progress: 520/1000
        Progress: 560/1000
        Progress: 600/1000
        Progress: 640/1000
        Progress: 680/1000
        Progress: 720/1000
        Progress: 760/1000
        Progress: 800/1000
        Progress: 840/1000
        Progress: 880/1000
        Progress: 920/1000
        Progress: 960/1000
        Progress: 1000/1000
   -> [IC] Generating IC rate table...
   [SDSS J083158.49+562052.3] -> Transport approx 1 (com IC)...
   [Transport] Executando paralelização para electron...
   -> [Fótons] Generating photon table (Sync + IC)...
      Calculando componente Síncrotron...
      Calculando componente Compton Inverso (IC)...
        Progress: 40/1000
        Progress: 80/1000
        Progress: 120/1000
        Progress: 160/1000
        Progress: 200/1000
        Progress: 240/1000
        Progress: 280/1000
        Progress: 320/1000
        Progress: 360/1000
        Progress: 400/1000
        Progress: 440/1000
        Progress: 480/1000
        Progress: 520/1000
        Progress: 560/1000
        Progress: 600/1000
        Progress: 640/1000
        Progress: 680/1000
        Progress: 720/1000
        Progress: 760/1000
        Progress: 800/1000
        Progress: 840/1000
        Progress: 880/1000
        Progress: 920/1000
        Progress: 960/1000
        Progress: 1000/1000
   === [Elétrons] Concluído em 5m 31.01s ===
[SDSS J083511.98+051829.2] Calculating Electrons (1D Transport)...
   [SDSS J083511.98+051829.2] -> Transport approx 0 (sem IC)...
   [Transport] Executando paralelização para electron...
   -> [Fótons] Generating photon table (Sync + IC)...
      Calculando componente Síncrotron...
      Calculando componente Compton Inverso (IC)...
        Progress: 40/1000
        Progress: 80/1000
        Progress: 120/1000
        Progress: 160/1000
        Progress: 200/1000
        Progress: 240/1000
        Progress: 280/1000
        Progress: 320/1000
        Progress: 360/1000
        Progress: 400/1000
        Progress: 440/1000
        Progress: 480/1000
        Progress: 520/1000
        Progress: 560/1000
        Progress: 600/1000
        Progress: 640/1000
        Progress: 680/1000
        Progress: 720/1000
        Progress: 760/1000
        Progress: 800/1000
        Progress: 840/1000
        Progress: 880/1000
        Progress: 920/1000
        Progress: 960/1000
        Progress: 1000/1000
   -> [IC] Generating IC rate table...
   [SDSS J083511.98+051829.2] -> Transport approx 1 (com IC)...
   [Transport] Executando paralelização para electron...
   -> [Fótons] Generating photon table (Sync + IC)...
      Calculando componente Síncrotron...
      Calculando componente Compton Inverso (IC)...
        Progress: 40/1000
        Progress: 80/1000
        Progress: 120/1000
        Progress: 160/1000
        Progress: 200/1000
        Progress: 240/1000
        Progress: 280/1000
        Progress: 320/1000
        Progress: 360/1000
        Progress: 400/1000
        Progress: 440/1000
        Progress: 480/1000
        Progress: 520/1000
        Progress: 560/1000
        Progress: 600/1000
        Progress: 640/1000
        Progress: 680/1000
        Progress: 720/1000
        Progress: 760/1000
        Progress: 800/1000
        Progress: 840/1000
        Progress: 880/1000
        Progress: 920/1000
        Progress: 960/1000
        Progress: 1000/1000
   === [Elétrons] Concluído em 5m 24.62s ===
[SDSS J084102.73+595610.5] Calculating Electrons (1D Transport)...
   [SDSS J084102.73+595610.5] -> Transport approx 0 (sem IC)...
   [Transport] Executando paralelização para electron...
   -> [Fótons] Generating photon table (Sync + IC)...
      Calculando componente Síncrotron...
      Calculando componente Compton Inverso (IC)...
        Progress: 40/1000
        Progress: 80/1000
        Progress: 120/1000
        Progress: 160/1000
        Progress: 200/1000
        Progress: 240/1000
        Progress: 280/1000
        Progress: 320/1000
        Progress: 360/1000
        Progress: 400/1000
        Progress: 440/1000
        Progress: 480/1000
        Progress: 520/1000
        Progress: 560/1000
        Progress: 600/1000
        Progress: 640/1000
        Progress: 680/1000
        Progress: 720/1000
        Progress: 760/1000
        Progress: 800/1000
        Progress: 840/1000
        Progress: 880/1000
        Progress: 920/1000
        Progress: 960/1000
        Progress: 1000/1000
   -> [IC] Generating IC rate table...
   [SDSS J084102.73+595610.5] -> Transport approx 1 (com IC)...
   [Transport] Executando paralelização para electron...
   -> [Fótons] Generating photon table (Sync + IC)...
      Calculando componente Síncrotron...
      Calculando componente Compton Inverso (IC)...
        Progress: 40/1000
        Progress: 80/1000
        Progress: 120/1000
        Progress: 160/1000
        Progress: 200/1000
        Progress: 240/1000
        Progress: 280/1000
        Progress: 320/1000
        Progress: 360/1000
        Progress: 400/1000
        Progress: 440/1000
        Progress: 480/1000
        Progress: 520/1000
        Progress: 560/1000
        Progress: 600/1000
        Progress: 640/1000
        Progress: 680/1000
        Progress: 720/1000
        Progress: 760/1000
        Progress: 800/1000
        Progress: 840/1000
        Progress: 880/1000
        Progress: 920/1000
        Progress: 960/1000
        Progress: 1000/1000
   === [Elétrons] Concluído em 5m 25.63s ===
[SDSS J084701.88+100106.6] Calculating Electrons (1D Transport)...
   [SDSS J084701.88+100106.6] -> Transport approx 0 (sem IC)...
   [Transport] Executando paralelização para electron...
   -> [Fótons] Generating photon table (Sync + IC)...
      Calculando componente Síncrotron...
      Calculando componente Compton Inverso (IC)...
        Progress: 40/1000
        Progress: 80/1000
        Progress: 120/1000
        Progress: 160/1000
        Progress: 200/1000
        Progress: 240/1000
        Progress: 280/1000
        Progress: 320/1000
        Progress: 360/1000
        Progress: 400/1000
        Progress: 440/1000
        Progress: 480/1000
        Progress: 520/1000
        Progress: 560/1000
        Progress: 600/1000
        Progress: 640/1000
        Progress: 680/1000
        Progress: 720/1000
        Progress: 760/1000
        Progress: 800/1000
        Progress: 840/1000
        Progress: 880/1000
        Progress: 920/1000
        Progress: 960/1000
        Progress: 1000/1000
   -> [IC] Generating IC rate table...
   [SDSS J084701.88+100106.6] -> Transport approx 1 (com IC)...
   [Transport] Executando paralelização para electron...
   -> [Fótons] Generating photon table (Sync + IC)...
      Calculando componente Síncrotron...
      Calculando componente Compton Inverso (IC)...
        Progress: 40/1000
        Progress: 80/1000
        Progress: 120/1000
        Progress: 160/1000
        Progress: 200/1000
        Progress: 240/1000
        Progress: 280/1000
        Progress: 320/1000
        Progress: 360/1000
        Progress: 400/1000
        Progress: 440/1000
        Progress: 480/1000
        Progress: 520/1000
        Progress: 560/1000
        Progress: 600/1000
        Progress: 640/1000
        Progress: 680/1000
        Progress: 720/1000
        Progress: 760/1000
        Progress: 800/1000
        Progress: 840/1000
        Progress: 880/1000
        Progress: 920/1000
        Progress: 960/1000
        Progress: 1000/1000
   === [Elétrons] Concluído em 5m 29.45s ===
[SDSS J090652.79+412429.7] Calculating Electrons (1D Transport)...
   [SDSS J090652.79+412429.7] -> Transport approx 0 (sem IC)...
   [Transport] Executando paralelização para electron...
   -> [Fótons] Generating photon table (Sync + IC)...
      Calculando componente Síncrotron...
      Calculando componente Compton Inverso (IC)...
        Progress: 40/1000
        Progress: 80/1000
        Progress: 120/1000
        Progress: 160/1000
        Progress: 200/1000
        Progress: 240/1000
        Progress: 280/1000
        Progress: 320/1000
        Progress: 360/1000
        Progress: 400/1000
        Progress: 440/1000
        Progress: 480/1000
        Progress: 520/1000
        Progress: 560/1000
        Progress: 600/1000
        Progress: 640/1000
        Progress: 680/1000
        Progress: 720/1000
        Progress: 760/1000
        Progress: 800/1000
        Progress: 840/1000
        Progress: 880/1000
        Progress: 920/1000
        Progress: 960/1000
        Progress: 1000/1000
   -> [IC] Generating IC rate table...
   [SDSS J090652.79+412429.7] -> Transport approx 1 (com IC)...
   [Transport] Executando paralelização para electron...
   -> [Fótons] Generating photon table (Sync + IC)...
      Calculando componente Síncrotron...
      Calculando componente Compton Inverso (IC)...
        Progress: 40/1000
        Progress: 80/1000
        Progress: 120/1000
        Progress: 160/1000
        Progress: 200/1000
        Progress: 240/1000
        Progress: 280/1000
        Progress: 320/1000
        Progress: 360/1000
        Progress: 400/1000
        Progress: 440/1000
        Progress: 480/1000
        Progress: 520/1000
        Progress: 560/1000
        Progress: 600/1000
        Progress: 640/1000
        Progress: 680/1000
        Progress: 720/1000
        Progress: 760/1000
        Progress: 800/1000
        Progress: 840/1000
        Progress: 880/1000
        Progress: 920/1000
        Progress: 960/1000
        Progress: 1000/1000
   === [Elétrons] Concluído em 5m 44.48s ===
[SDSS J090734.91+325722.9] Calculating Electrons (1D Transport)...
   [SDSS J090734.91+325722.9] -> Transport approx 0 (sem IC)...
   [Transport] Executando paralelização para electron...
   -> [Fótons] Generating photon table (Sync + IC)...
      Calculando componente Síncrotron...
      Calculando componente Compton Inverso (IC)...
        Progress: 40/1000
        Progress: 80/1000
        Progress: 120/1000
        Progress: 160/1000
        Progress: 200/1000
        Progress: 240/1000
        Progress: 280/1000
        Progress: 320/1000
        Progress: 360/1000
        Progress: 400/1000
        Progress: 440/1000
        Progress: 480/1000
        Progress: 520/1000
        Progress: 560/1000
        Progress: 600/1000
        Progress: 640/1000
        Progress: 680/1000
        Progress: 720/1000
        Progress: 760/1000
        Progress: 800/1000
        Progress: 840/1000
        Progress: 880/1000
        Progress: 920/1000
        Progress: 960/1000
        Progress: 1000/1000
   -> [IC] Generating IC rate table...
   [SDSS J090734.91+325722.9] -> Transport approx 1 (com IC)...
   [Transport] Executando paralelização para electron...
   -> [Fótons] Generating photon table (Sync + IC)...
      Calculando componente Síncrotron...
      Calculando componente Compton Inverso (IC)...
        Progress: 40/1000
        Progress: 80/1000
        Progress: 120/1000
        Progress: 160/1000
        Progress: 200/1000
        Progress: 240/1000
        Progress: 280/1000
        Progress: 320/1000
        Progress: 360/1000
        Progress: 400/1000
        Progress: 440/1000
        Progress: 480/1000
        Progress: 520/1000
        Progress: 560/1000
        Progress: 600/1000
        Progress: 640/1000
        Progress: 680/1000
        Progress: 720/1000
        Progress: 760/1000
        Progress: 800/1000
        Progress: 840/1000
        Progress: 880/1000
        Progress: 920/1000
        Progress: 960/1000
        Progress: 1000/1000
   === [Elétrons] Concluído em 6m 1.02s ===
[SDSS J090937.44+192808.2] Calculating Electrons (1D Transport)...
   [SDSS J090937.44+192808.2] -> Transport approx 0 (sem IC)...
   [Transport] Executando paralelização para electron...
   -> [Fótons] Generating photon table (Sync + IC)...
      Calculando componente Síncrotron...
      Calculando componente Compton Inverso (IC)...
        Progress: 40/1000
        Progress: 80/1000
        Progress: 120/1000
        Progress: 160/1000
        Progress: 200/1000
        Progress: 240/1000
        Progress: 280/1000
        Progress: 320/1000
        Progress: 360/1000
        Progress: 400/1000
        Progress: 440/1000
        Progress: 480/1000
        Progress: 520/1000
        Progress: 560/1000
        Progress: 600/1000
        Progress: 640/1000
        Progress: 680/1000
        Progress: 720/1000
        Progress: 760/1000
        Progress: 800/1000
        Progress: 840/1000
        Progress: 880/1000
        Progress: 920/1000
        Progress: 960/1000
        Progress: 1000/1000
   -> [IC] Generating IC rate table...
   [SDSS J090937.44+192808.2] -> Transport approx 1 (com IC)...
   [Transport] Executando paralelização para electron...
   -> [Fótons] Generating photon table (Sync + IC)...
      Calculando componente Síncrotron...
      Calculando componente Compton Inverso (IC)...
        Progress: 40/1000
        Progress: 80/1000
        Progress: 120/1000
        Progress: 160/1000
        Progress: 200/1000
        Progress: 240/1000
        Progress: 280/1000
        Progress: 320/1000
        Progress: 360/1000
        Progress: 400/1000
        Progress: 440/1000
        Progress: 480/1000
        Progress: 520/1000
        Progress: 560/1000
        Progress: 600/1000
        Progress: 640/1000
        Progress: 680/1000
        Progress: 720/1000
        Progress: 760/1000
        Progress: 800/1000
        Progress: 840/1000
        Progress: 880/1000
        Progress: 920/1000
        Progress: 960/1000
        Progress: 1000/1000
   === [Elétrons] Concluído em 5m 32.27s ===
[SDSS J091039.92+184147.6] Calculating Electrons (1D Transport)...
   [SDSS J091039.92+184147.6] -> Transport approx 0 (sem IC)...
   [Transport] Executando paralelização para electron...
   -> [Fótons] Generating photon table (Sync + IC)...
      Calculando componente Síncrotron...
      Calculando componente Compton Inverso (IC)...
        Progress: 40/1000
        Progress: 80/1000
        Progress: 120/1000
        Progress: 160/1000
        Progress: 200/1000
        Progress: 240/1000
        Progress: 280/1000
        Progress: 320/1000
        Progress: 360/1000
        Progress: 400/1000
        Progress: 440/1000
        Progress: 480/1000
        Progress: 520/1000
        Progress: 560/1000
        Progress: 600/1000
        Progress: 640/1000
        Progress: 680/1000
        Progress: 720/1000
        Progress: 760/1000
        Progress: 800/1000
        Progress: 840/1000
        Progress: 880/1000
        Progress: 920/1000
        Progress: 960/1000
        Progress: 1000/1000
   -> [IC] Generating IC rate table...
   [SDSS J091039.92+184147.6] -> Transport approx 1 (com IC)...
   [Transport] Executando paralelização para electron...
   -> [Fótons] Generating photon table (Sync + IC)...
      Calculando componente Síncrotron...
      Calculando componente Compton Inverso (IC)...
        Progress: 40/1000
        Progress: 80/1000
        Progress: 120/1000
        Progress: 160/1000
        Progress: 200/1000
        Progress: 240/1000
        Progress: 280/1000
        Progress: 320/1000
        Progress: 360/1000
        Progress: 400/1000
        Progress: 440/1000
        Progress: 480/1000
        Progress: 520/1000
        Progress: 560/1000
        Progress: 600/1000
        Progress: 640/1000
        Progress: 680/1000
        Progress: 720/1000
        Progress: 760/1000
        Progress: 800/1000
        Progress: 840/1000
        Progress: 880/1000
        Progress: 920/1000
        Progress: 960/1000
        Progress: 1000/1000
   === [Elétrons] Concluído em 5m 42.06s ===
[SDSS J091601.78+173523.3] Calculating Electrons (1D Transport)...
   [SDSS J091601.78+173523.3] -> Transport approx 0 (sem IC)...
   [Transport] Executando paralelização para electron...
   -> [Fótons] Generating photon table (Sync + IC)...
      Calculando componente Síncrotron...
      Calculando componente Compton Inverso (IC)...
        Progress: 40/1000
        Progress: 80/1000
        Progress: 120/1000
        Progress: 160/1000
        Progress: 200/1000
        Progress: 240/1000
        Progress: 280/1000
        Progress: 320/1000
        Progress: 360/1000
        Progress: 400/1000
        Progress: 440/1000
        Progress: 480/1000
        Progress: 520/1000
        Progress: 560/1000
        Progress: 600/1000
        Progress: 640/1000
        Progress: 680/1000
        Progress: 720/1000
        Progress: 760/1000
        Progress: 800/1000
        Progress: 840/1000
        Progress: 880/1000
        Progress: 920/1000
        Progress: 960/1000
        Progress: 1000/1000
   -> [IC] Generating IC rate table...
   [SDSS J091601.78+173523.3] -> Transport approx 1 (com IC)...
   [Transport] Executando paralelização para electron...
   -> [Fótons] Generating photon table (Sync + IC)...
      Calculando componente Síncrotron...
      Calculando componente Compton Inverso (IC)...
        Progress: 40/1000
        Progress: 80/1000
        Progress: 120/1000
        Progress: 160/1000
        Progress: 200/1000
        Progress: 240/1000
        Progress: 280/1000
        Progress: 320/1000
        Progress: 360/1000
        Progress: 400/1000
        Progress: 440/1000
        Progress: 480/1000
        Progress: 520/1000
        Progress: 560/1000
        Progress: 600/1000
        Progress: 640/1000
        Progress: 680/1000
        Progress: 720/1000
        Progress: 760/1000
        Progress: 800/1000
        Progress: 840/1000
        Progress: 880/1000
        Progress: 920/1000
        Progress: 960/1000
        Progress: 1000/1000
   === [Elétrons] Concluído em 5m 31.28s ===
[SDSS J091754.25+133145.5] Calculating Electrons (1D Transport)...
   [SDSS J091754.25+133145.5] -> Transport approx 0 (sem IC)...
   [Transport] Executando paralelização para electron...
   -> [Fótons] Generating photon table (Sync + IC)...
      Calculando componente Síncrotron...
      Calculando componente Compton Inverso (IC)...
        Progress: 40/1000
        Progress: 80/1000
        Progress: 120/1000
        Progress: 160/1000
        Progress: 200/1000
        Progress: 240/1000
        Progress: 280/1000
        Progress: 320/1000
        Progress: 360/1000
        Progress: 400/1000
        Progress: 440/1000
        Progress: 480/1000
        Progress: 520/1000
        Progress: 560/1000
        Progress: 600/1000
        Progress: 640/1000
        Progress: 680/1000
        Progress: 720/1000
        Progress: 760/1000
        Progress: 800/1000
        Progress: 840/1000
        Progress: 880/1000
        Progress: 920/1000
        Progress: 960/1000
        Progress: 1000/1000
   -> [IC] Generating IC rate table...
   [SDSS J091754.25+133145.5] -> Transport approx 1 (com IC)...
   [Transport] Executando paralelização para electron...
   -> [Fótons] Generating photon table (Sync + IC)...
      Calculando componente Síncrotron...
      Calculando componente Compton Inverso (IC)...
        Progress: 40/1000
        Progress: 80/1000
        Progress: 120/1000
        Progress: 160/1000
        Progress: 200/1000
        Progress: 240/1000
        Progress: 280/1000
        Progress: 320/1000
        Progress: 360/1000
        Progress: 400/1000
        Progress: 440/1000
        Progress: 480/1000
        Progress: 520/1000
        Progress: 560/1000
        Progress: 600/1000
        Progress: 640/1000
        Progress: 680/1000
        Progress: 720/1000
        Progress: 760/1000
        Progress: 800/1000
        Progress: 840/1000
        Progress: 880/1000
        Progress: 920/1000
        Progress: 960/1000
        Progress: 1000/1000
   === [Elétrons] Concluído em 5m 48.03s ===
[SDSS J093003.56+341325.3] Calculating Electrons (1D Transport)...
   [SDSS J093003.56+341325.3] -> Transport approx 0 (sem IC)...
   [Transport] Executando paralelização para electron...
   -> [Fótons] Generating photon table (Sync + IC)...
      Calculando componente Síncrotron...
      Calculando componente Compton Inverso (IC)...
        Progress: 40/1000
        Progress: 80/1000
        Progress: 120/1000
        Progress: 160/1000
        Progress: 200/1000
        Progress: 240/1000
        Progress: 280/1000
        Progress: 320/1000
        Progress: 360/1000
        Progress: 400/1000
        Progress: 440/1000
        Progress: 480/1000
        Progress: 520/1000
        Progress: 560/1000
        Progress: 600/1000
        Progress: 640/1000
        Progress: 680/1000
        Progress: 720/1000
        Progress: 760/1000
        Progress: 800/1000
        Progress: 840/1000
        Progress: 880/1000
        Progress: 920/1000
        Progress: 960/1000
        Progress: 1000/1000
   -> [IC] Generating IC rate table...
   [SDSS J093003.56+341325.3] -> Transport approx 1 (com IC)...
   [Transport] Executando paralelização para electron...
   -> [Fótons] Generating photon table (Sync + IC)...
      Calculando componente Síncrotron...
      Calculando componente Compton Inverso (IC)...
        Progress: 40/1000
        Progress: 80/1000
        Progress: 120/1000
        Progress: 160/1000
        Progress: 200/1000
        Progress: 240/1000
        Progress: 280/1000
        Progress: 320/1000
        Progress: 360/1000
        Progress: 400/1000
        Progress: 440/1000
        Progress: 480/1000
        Progress: 520/1000
        Progress: 560/1000
        Progress: 600/1000
        Progress: 640/1000
        Progress: 680/1000
        Progress: 720/1000
        Progress: 760/1000
        Progress: 800/1000
        Progress: 840/1000
        Progress: 880/1000
        Progress: 920/1000
        Progress: 960/1000
        Progress: 1000/1000
   === [Elétrons] Concluído em 5m 34.72s ===
[SDSS J093346.08+100909.0] Calculating Electrons (1D Transport)...
   [SDSS J093346.08+100909.0] -> Transport approx 0 (sem IC)...
   [Transport] Executando paralelização para electron...
   -> [Fótons] Generating photon table (Sync + IC)...
      Calculando componente Síncrotron...
      Calculando componente Compton Inverso (IC)...
        Progress: 40/1000
        Progress: 80/1000
        Progress: 120/1000
        Progress: 160/1000
        Progress: 200/1000
        Progress: 240/1000
        Progress: 280/1000
        Progress: 320/1000
        Progress: 360/1000
        Progress: 400/1000
        Progress: 440/1000
        Progress: 480/1000
        Progress: 520/1000
        Progress: 560/1000
        Progress: 600/1000
        Progress: 640/1000
        Progress: 680/1000
        Progress: 720/1000
        Progress: 760/1000
        Progress: 800/1000
        Progress: 840/1000
        Progress: 880/1000
        Progress: 920/1000
        Progress: 960/1000
        Progress: 1000/1000
   -> [IC] Generating IC rate table...
   [SDSS J093346.08+100909.0] -> Transport approx 1 (com IC)...
   [Transport] Executando paralelização para electron...
   -> [Fótons] Generating photon table (Sync + IC)...
      Calculando componente Síncrotron...
      Calculando componente Compton Inverso (IC)...
        Progress: 40/1000
        Progress: 80/1000
        Progress: 120/1000
        Progress: 160/1000
        Progress: 200/1000
        Progress: 240/1000
        Progress: 280/1000
        Progress: 320/1000
        Progress: 360/1000
        Progress: 400/1000
        Progress: 440/1000
        Progress: 480/1000
        Progress: 520/1000
        Progress: 560/1000
        Progress: 600/1000
        Progress: 640/1000
        Progress: 680/1000
        Progress: 720/1000
        Progress: 760/1000
        Progress: 800/1000
        Progress: 840/1000
        Progress: 880/1000
        Progress: 920/1000
        Progress: 960/1000
        Progress: 1000/1000
   === [Elétrons] Concluído em 5m 29.18s ===
[SDSS J093938.62+385358.6] Calculating Electrons (1D Transport)...
   [SDSS J093938.62+385358.6] -> Transport approx 0 (sem IC)...
   [Transport] Executando paralelização para electron...
   -> [Fótons] Generating photon table (Sync + IC)...
      Calculando componente Síncrotron...
      Calculando componente Compton Inverso (IC)...
        Progress: 40/1000
        Progress: 80/1000
        Progress: 120/1000
        Progress: 160/1000
        Progress: 200/1000
        Progress: 240/1000
        Progress: 280/1000
        Progress: 320/1000
        Progress: 360/1000
        Progress: 400/1000
        Progress: 440/1000
        Progress: 480/1000
        Progress: 520/1000
        Progress: 560/1000
        Progress: 600/1000
        Progress: 640/1000
        Progress: 680/1000
        Progress: 720/1000
        Progress: 760/1000
        Progress: 800/1000
        Progress: 840/1000
        Progress: 880/1000
        Progress: 920/1000
        Progress: 960/1000
        Progress: 1000/1000
   -> [IC] Generating IC rate table...
   [SDSS J093938.62+385358.6] -> Transport approx 1 (com IC)...
   [Transport] Executando paralelização para electron...
   -> [Fótons] Generating photon table (Sync + IC)...
      Calculando componente Síncrotron...
      Calculando componente Compton Inverso (IC)...
        Progress: 40/1000
        Progress: 80/1000
        Progress: 120/1000
        Progress: 160/1000
        Progress: 200/1000
        Progress: 240/1000
        Progress: 280/1000
        Progress: 320/1000
        Progress: 360/1000
        Progress: 400/1000
        Progress: 440/1000
        Progress: 480/1000
        Progress: 520/1000
        Progress: 560/1000
        Progress: 600/1000
        Progress: 640/1000
        Progress: 680/1000
        Progress: 720/1000
        Progress: 760/1000
        Progress: 800/1000
        Progress: 840/1000
        Progress: 880/1000
        Progress: 920/1000
        Progress: 960/1000
        Progress: 1000/1000
   === [Elétrons] Concluído em 5m 36.42s ===
[SDSS J094319.15+361452.1] Calculating Electrons (1D Transport)...
   [SDSS J094319.15+361452.1] -> Transport approx 0 (sem IC)...
   [Transport] Executando paralelização para electron...
   -> [Fótons] Generating photon table (Sync + IC)...
      Calculando componente Síncrotron...
      Calculando componente Compton Inverso (IC)...
        Progress: 40/1000
        Progress: 80/1000
        Progress: 120/1000
        Progress: 160/1000
        Progress: 200/1000
        Progress: 240/1000
        Progress: 280/1000
        Progress: 320/1000
        Progress: 360/1000
        Progress: 400/1000
        Progress: 440/1000
        Progress: 480/1000
        Progress: 520/1000
        Progress: 560/1000
        Progress: 600/1000
        Progress: 640/1000
        Progress: 680/1000
        Progress: 720/1000
        Progress: 760/1000
        Progress: 800/1000
        Progress: 840/1000
        Progress: 880/1000
        Progress: 920/1000
        Progress: 960/1000
        Progress: 1000/1000
   -> [IC] Generating IC rate table...
   [SDSS J094319.15+361452.1] -> Transport approx 1 (com IC)...
   [Transport] Executando paralelização para electron...
   -> [Fótons] Generating photon table (Sync + IC)...
      Calculando componente Síncrotron...
      Calculando componente Compton Inverso (IC)...
        Progress: 40/1000
        Progress: 80/1000
        Progress: 120/1000
        Progress: 160/1000
        Progress: 200/1000
        Progress: 240/1000
        Progress: 280/1000
        Progress: 320/1000
        Progress: 360/1000
        Progress: 400/1000
        Progress: 440/1000
        Progress: 480/1000
        Progress: 520/1000
        Progress: 560/1000
        Progress: 600/1000
        Progress: 640/1000
        Progress: 680/1000
        Progress: 720/1000
        Progress: 760/1000
        Progress: 800/1000
        Progress: 840/1000
        Progress: 880/1000
        Progress: 920/1000
        Progress: 960/1000
        Progress: 1000/1000
   === [Elétrons] Concluído em 5m 49.04s ===
[SDSS J100549.83+003800.0] Calculating Electrons (1D Transport)...
   [SDSS J100549.83+003800.0] -> Transport approx 0 (sem IC)...
   [Transport] Executando paralelização para electron...
   -> [Fótons] Generating photon table (Sync + IC)...
      Calculando componente Síncrotron...
      Calculando componente Compton Inverso (IC)...
        Progress: 40/1000
        Progress: 80/1000
        Progress: 120/1000
        Progress: 160/1000
        Progress: 200/1000
        Progress: 240/1000
        Progress: 280/1000
        Progress: 320/1000
        Progress: 360/1000
        Progress: 400/1000
        Progress: 440/1000
        Progress: 480/1000
        Progress: 520/1000
        Progress: 560/1000
        Progress: 600/1000
        Progress: 640/1000
        Progress: 680/1000
        Progress: 720/1000
        Progress: 760/1000
        Progress: 800/1000
        Progress: 840/1000
        Progress: 880/1000
        Progress: 920/1000
        Progress: 960/1000
        Progress: 1000/1000
   -> [IC] Generating IC rate table...
   [SDSS J100549.83+003800.0] -> Transport approx 1 (com IC)...
   [Transport] Executando paralelização para electron...
   -> [Fótons] Generating photon table (Sync + IC)...
      Calculando componente Síncrotron...
      Calculando componente Compton Inverso (IC)...
        Progress: 40/1000
        Progress: 80/1000
        Progress: 120/1000
        Progress: 160/1000
        Progress: 200/1000
        Progress: 240/1000
        Progress: 280/1000
        Progress: 320/1000
        Progress: 360/1000
        Progress: 400/1000
        Progress: 440/1000
        Progress: 480/1000
        Progress: 520/1000
        Progress: 560/1000
        Progress: 600/1000
        Progress: 640/1000
        Progress: 680/1000
        Progress: 720/1000
        Progress: 760/1000
        Progress: 800/1000
        Progress: 840/1000
        Progress: 880/1000
        Progress: 920/1000
        Progress: 960/1000
        Progress: 1000/1000
   === [Elétrons] Concluído em 5m 12.22s ===
[SDSS J101329.65+075415.6] Calculating Electrons (1D Transport)...
   [SDSS J101329.65+075415.6] -> Transport approx 0 (sem IC)...
   [Transport] Executando paralelização para electron...
   -> [Fótons] Generating photon table (Sync + IC)...
      Calculando componente Síncrotron...
      Calculando componente Compton Inverso (IC)...
        Progress: 40/1000
        Progress: 80/1000
        Progress: 120/1000
        Progress: 160/1000
        Progress: 200/1000
        Progress: 240/1000
        Progress: 280/1000
        Progress: 320/1000
        Progress: 360/1000
        Progress: 400/1000
        Progress: 440/1000
        Progress: 480/1000
        Progress: 520/1000
        Progress: 560/1000
        Progress: 600/1000
        Progress: 640/1000
        Progress: 680/1000
        Progress: 720/1000
        Progress: 760/1000
        Progress: 800/1000
        Progress: 840/1000
        Progress: 880/1000
        Progress: 920/1000
        Progress: 960/1000
        Progress: 1000/1000
   -> [IC] Generating IC rate table...
   [SDSS J101329.65+075415.6] -> Transport approx 1 (com IC)...
   [Transport] Executando paralelização para electron...
   -> [Fótons] Generating photon table (Sync + IC)...
      Calculando componente Síncrotron...
      Calculando componente Compton Inverso (IC)...
        Progress: 40/1000
        Progress: 80/1000
        Progress: 120/1000
        Progress: 160/1000
        Progress: 200/1000
        Progress: 240/1000
        Progress: 280/1000
        Progress: 320/1000
        Progress: 360/1000
        Progress: 400/1000
        Progress: 440/1000
        Progress: 480/1000
        Progress: 520/1000
        Progress: 560/1000
        Progress: 600/1000
        Progress: 640/1000
        Progress: 680/1000
        Progress: 720/1000
        Progress: 760/1000
        Progress: 800/1000
        Progress: 840/1000
        Progress: 880/1000
        Progress: 920/1000
        Progress: 960/1000
        Progress: 1000/1000
   === [Elétrons] Concluído em 5m 16.78s ===
[SDSS J101806.67+000559.7] Calculating Electrons (1D Transport)...
   [SDSS J101806.67+000559.7] -> Transport approx 0 (sem IC)...
   [Transport] Executando paralelização para electron...
   -> [Fótons] Generating photon table (Sync + IC)...
      Calculando componente Síncrotron...
      Calculando componente Compton Inverso (IC)...
        Progress: 40/1000
        Progress: 80/1000
        Progress: 120/1000
        Progress: 160/1000
        Progress: 200/1000
        Progress: 240/1000
        Progress: 280/1000
        Progress: 320/1000
        Progress: 360/1000
        Progress: 400/1000
        Progress: 440/1000
        Progress: 480/1000
        Progress: 520/1000
        Progress: 560/1000
        Progress: 600/1000
        Progress: 640/1000
        Progress: 680/1000
        Progress: 720/1000
        Progress: 760/1000
        Progress: 800/1000
        Progress: 840/1000
        Progress: 880/1000
        Progress: 920/1000
        Progress: 960/1000
        Progress: 1000/1000
   -> [IC] Generating IC rate table...
   [SDSS J101806.67+000559.7] -> Transport approx 1 (com IC)...
   [Transport] Executando paralelização para electron...
   -> [Fótons] Generating photon table (Sync + IC)...
      Calculando componente Síncrotron...
      Calculando componente Compton Inverso (IC)...
        Progress: 40/1000
        Progress: 80/1000
        Progress: 120/1000
        Progress: 160/1000
        Progress: 200/1000
        Progress: 240/1000
        Progress: 280/1000
        Progress: 320/1000
        Progress: 360/1000
        Progress: 400/1000
        Progress: 440/1000
        Progress: 480/1000
        Progress: 520/1000
        Progress: 560/1000
        Progress: 600/1000
        Progress: 640/1000
        Progress: 680/1000
        Progress: 720/1000
        Progress: 760/1000
        Progress: 800/1000
        Progress: 840/1000
        Progress: 880/1000
        Progress: 920/1000
        Progress: 960/1000
        Progress: 1000/1000
   === [Elétrons] Concluído em 5m 53.98s ===
[SDSS J102403.28+420629.8] Calculating Electrons (1D Transport)...
   [SDSS J102403.28+420629.8] -> Transport approx 0 (sem IC)...
   [Transport] Executando paralelização para electron...
   -> [Fótons] Generating photon table (Sync + IC)...
      Calculando componente Síncrotron...
      Calculando componente Compton Inverso (IC)...
        Progress: 40/1000
        Progress: 80/1000
        Progress: 120/1000
        Progress: 160/1000
        Progress: 200/1000
        Progress: 240/1000
        Progress: 280/1000
        Progress: 320/1000
        Progress: 360/1000
        Progress: 400/1000
        Progress: 440/1000
        Progress: 480/1000
        Progress: 520/1000
        Progress: 560/1000
        Progress: 600/1000
        Progress: 640/1000
        Progress: 680/1000
        Progress: 720/1000
        Progress: 760/1000
        Progress: 800/1000
        Progress: 840/1000
        Progress: 880/1000
        Progress: 920/1000
        Progress: 960/1000
        Progress: 1000/1000
   -> [IC] Generating IC rate table...
   [SDSS J102403.28+420629.8] -> Transport approx 1 (com IC)...
   [Transport] Executando paralelização para electron...
   -> [Fótons] Generating photon table (Sync + IC)...
      Calculando componente Síncrotron...
      Calculando componente Compton Inverso (IC)...
        Progress: 40/1000
        Progress: 80/1000
        Progress: 120/1000
        Progress: 160/1000
        Progress: 200/1000
        Progress: 240/1000
        Progress: 280/1000
        Progress: 320/1000
        Progress: 360/1000
        Progress: 400/1000
        Progress: 440/1000
        Progress: 480/1000
        Progress: 520/1000
        Progress: 560/1000
        Progress: 600/1000
        Progress: 640/1000
        Progress: 680/1000
        Progress: 720/1000
        Progress: 760/1000
        Progress: 800/1000
        Progress: 840/1000
        Progress: 880/1000
        Progress: 920/1000
        Progress: 960/1000
        Progress: 1000/1000
   === [Elétrons] Concluído em 5m 33.03s ===
[SDSS J102511.50+171519.9] Calculating Electrons (1D Transport)...
   [SDSS J102511.50+171519.9] -> Transport approx 0 (sem IC)...
   [Transport] Executando paralelização para electron...
   -> [Fótons] Generating photon table (Sync + IC)...
      Calculando componente Síncrotron...
      Calculando componente Compton Inverso (IC)...
        Progress: 40/1000
        Progress: 80/1000
        Progress: 120/1000
        Progress: 160/1000
        Progress: 200/1000
        Progress: 240/1000
        Progress: 280/1000
        Progress: 320/1000
        Progress: 360/1000
        Progress: 400/1000
        Progress: 440/1000
        Progress: 480/1000
        Progress: 520/1000
        Progress: 560/1000
        Progress: 600/1000
        Progress: 640/1000
        Progress: 680/1000
        Progress: 720/1000
        Progress: 760/1000
        Progress: 800/1000
        Progress: 840/1000
        Progress: 880/1000
        Progress: 920/1000
        Progress: 960/1000
        Progress: 1000/1000
   -> [IC] Generating IC rate table...
   [SDSS J102511.50+171519.9] -> Transport approx 1 (com IC)...
   [Transport] Executando paralelização para electron...
   -> [Fótons] Generating photon table (Sync + IC)...
      Calculando componente Síncrotron...
      Calculando componente Compton Inverso (IC)...
        Progress: 40/1000
        Progress: 80/1000
        Progress: 120/1000
        Progress: 160/1000
        Progress: 200/1000
        Progress: 240/1000
        Progress: 280/1000
        Progress: 320/1000
        Progress: 360/1000
        Progress: 400/1000
        Progress: 440/1000
        Progress: 480/1000
        Progress: 520/1000
        Progress: 560/1000
        Progress: 600/1000
        Progress: 640/1000
        Progress: 680/1000
        Progress: 720/1000
        Progress: 760/1000
        Progress: 800/1000
        Progress: 840/1000
        Progress: 880/1000
        Progress: 920/1000
        Progress: 960/1000
        Progress: 1000/1000
   === [Elétrons] Concluído em 5m 10.04s ===
[SDSS J102544.22+102230.4] Calculating Electrons (1D Transport)...
   [SDSS J102544.22+102230.4] -> Transport approx 0 (sem IC)...
   [Transport] Executando paralelização para electron...
   -> [Fótons] Generating photon table (Sync + IC)...
      Calculando componente Síncrotron...
      Calculando componente Compton Inverso (IC)...
        Progress: 40/1000
        Progress: 80/1000
        Progress: 120/1000
        Progress: 160/1000
        Progress: 200/1000
        Progress: 240/1000
        Progress: 280/1000
        Progress: 320/1000
        Progress: 360/1000
        Progress: 400/1000
        Progress: 440/1000
        Progress: 480/1000
        Progress: 520/1000
        Progress: 560/1000
        Progress: 600/1000
        Progress: 640/1000
        Progress: 680/1000
        Progress: 720/1000
        Progress: 760/1000
        Progress: 800/1000
        Progress: 840/1000
        Progress: 880/1000
        Progress: 920/1000
        Progress: 960/1000
        Progress: 1000/1000
   -> [IC] Generating IC rate table...
   [SDSS J102544.22+102230.4] -> Transport approx 1 (com IC)...
   [Transport] Executando paralelização para electron...
   -> [Fótons] Generating photon table (Sync + IC)...
      Calculando componente Síncrotron...
      Calculando componente Compton Inverso (IC)...
        Progress: 40/1000
        Progress: 80/1000
        Progress: 120/1000
        Progress: 160/1000
        Progress: 200/1000
        Progress: 240/1000
        Progress: 280/1000
        Progress: 320/1000
        Progress: 360/1000
        Progress: 400/1000
        Progress: 440/1000
        Progress: 480/1000
        Progress: 520/1000
        Progress: 560/1000
        Progress: 600/1000
        Progress: 640/1000
        Progress: 680/1000
        Progress: 720/1000
        Progress: 760/1000
        Progress: 800/1000
        Progress: 840/1000
        Progress: 880/1000
        Progress: 920/1000
        Progress: 960/1000
        Progress: 1000/1000
   === [Elétrons] Concluído em 5m 34.10s ===
[SDSS J103719.33+433515.3] Calculating Electrons (1D Transport)...
   [SDSS J103719.33+433515.3] -> Transport approx 0 (sem IC)...
   [Transport] Executando paralelização para electron...
   -> [Fótons] Generating photon table (Sync + IC)...
      Calculando componente Síncrotron...
      Calculando componente Compton Inverso (IC)...
        Progress: 40/1000
        Progress: 80/1000
        Progress: 120/1000
        Progress: 160/1000
        Progress: 200/1000
        Progress: 240/1000
        Progress: 280/1000
        Progress: 320/1000
        Progress: 360/1000
        Progress: 400/1000
        Progress: 440/1000
        Progress: 480/1000
        Progress: 520/1000
        Progress: 560/1000
        Progress: 600/1000
        Progress: 640/1000
        Progress: 680/1000
        Progress: 720/1000
        Progress: 760/1000
        Progress: 800/1000
        Progress: 840/1000
        Progress: 880/1000
        Progress: 920/1000
        Progress: 960/1000
        Progress: 1000/1000
   -> [IC] Generating IC rate table...
   [SDSS J103719.33+433515.3] -> Transport approx 1 (com IC)...
   [Transport] Executando paralelização para electron...
   -> [Fótons] Generating photon table (Sync + IC)...
      Calculando componente Síncrotron...
      Calculando componente Compton Inverso (IC)...
        Progress: 40/1000
        Progress: 80/1000
        Progress: 120/1000
        Progress: 160/1000
        Progress: 200/1000
        Progress: 240/1000
        Progress: 280/1000
        Progress: 320/1000
        Progress: 360/1000
        Progress: 400/1000
        Progress: 440/1000
        Progress: 480/1000
        Progress: 520/1000
        Progress: 560/1000
        Progress: 600/1000
        Progress: 640/1000
        Progress: 680/1000
        Progress: 720/1000
        Progress: 760/1000
        Progress: 800/1000
        Progress: 840/1000
        Progress: 880/1000
        Progress: 920/1000
        Progress: 960/1000
        Progress: 1000/1000
   === [Elétrons] Concluído em 5m 34.38s ===
[SDSS J103952.47+205049.3] Calculating Electrons (1D Transport)...
   [SDSS J103952.47+205049.3] -> Transport approx 0 (sem IC)...
   [Transport] Executando paralelização para electron...
   -> [Fótons] Generating photon table (Sync + IC)...
      Calculando componente Síncrotron...
      Calculando componente Compton Inverso (IC)...
        Progress: 40/1000
        Progress: 80/1000
        Progress: 120/1000
        Progress: 160/1000
        Progress: 200/1000
        Progress: 240/1000
        Progress: 280/1000
        Progress: 320/1000
        Progress: 360/1000
        Progress: 400/1000
        Progress: 440/1000
        Progress: 480/1000
        Progress: 520/1000
        Progress: 560/1000
        Progress: 600/1000
        Progress: 640/1000
        Progress: 680/1000
        Progress: 720/1000
        Progress: 760/1000
        Progress: 800/1000
        Progress: 840/1000
        Progress: 880/1000
        Progress: 920/1000
        Progress: 960/1000
        Progress: 1000/1000
   -> [IC] Generating IC rate table...
   [SDSS J103952.47+205049.3] -> Transport approx 1 (com IC)...
   [Transport] Executando paralelização para electron...
   -> [Fótons] Generating photon table (Sync + IC)...
      Calculando componente Síncrotron...
      Calculando componente Compton Inverso (IC)...
        Progress: 40/1000
        Progress: 80/1000
        Progress: 120/1000
        Progress: 160/1000
        Progress: 200/1000
        Progress: 240/1000
        Progress: 280/1000
        Progress: 320/1000
        Progress: 360/1000
        Progress: 400/1000
        Progress: 440/1000
        Progress: 480/1000
        Progress: 520/1000
        Progress: 560/1000
        Progress: 600/1000
        Progress: 640/1000
        Progress: 680/1000
        Progress: 720/1000
        Progress: 760/1000
        Progress: 800/1000
        Progress: 840/1000
        Progress: 880/1000
        Progress: 920/1000
        Progress: 960/1000
        Progress: 1000/1000
   === [Elétrons] Concluído em 5m 37.21s ===
[SDSS J104028.37+091057.1] Calculating Electrons (1D Transport)...
   [SDSS J104028.37+091057.1] -> Transport approx 0 (sem IC)...
   [Transport] Executando paralelização para electron...
   -> [Fótons] Generating photon table (Sync + IC)...
      Calculando componente Síncrotron...
      Calculando componente Compton Inverso (IC)...
        Progress: 40/1000
        Progress: 80/1000
        Progress: 120/1000
        Progress: 160/1000
        Progress: 200/1000
        Progress: 240/1000
        Progress: 280/1000
        Progress: 320/1000
        Progress: 360/1000
        Progress: 400/1000
        Progress: 440/1000
        Progress: 480/1000
        Progress: 520/1000
        Progress: 560/1000
        Progress: 600/1000
        Progress: 640/1000
        Progress: 680/1000
        Progress: 720/1000
        Progress: 760/1000
        Progress: 800/1000
        Progress: 840/1000
        Progress: 880/1000
        Progress: 920/1000
        Progress: 960/1000
        Progress: 1000/1000
   -> [IC] Generating IC rate table...
   [SDSS J104028.37+091057.1] -> Transport approx 1 (com IC)...
   [Transport] Executando paralelização para electron...
   -> [Fótons] Generating photon table (Sync + IC)...
      Calculando componente Síncrotron...
      Calculando componente Compton Inverso (IC)...
        Progress: 40/1000
        Progress: 80/1000
        Progress: 120/1000
        Progress: 160/1000
        Progress: 200/1000
        Progress: 240/1000
        Progress: 280/1000
        Progress: 320/1000
        Progress: 360/1000
        Progress: 400/1000
        Progress: 440/1000
        Progress: 480/1000
        Progress: 520/1000
        Progress: 560/1000
        Progress: 600/1000
        Progress: 640/1000
        Progress: 680/1000
        Progress: 720/1000
        Progress: 760/1000
        Progress: 800/1000
        Progress: 840/1000
        Progress: 880/1000
        Progress: 920/1000
        Progress: 960/1000
        Progress: 1000/1000
   === [Elétrons] Concluído em 5m 32.23s ===
[SDSS J104403.68+435412.0] Calculating Electrons (1D Transport)...
   [SDSS J104403.68+435412.0] -> Transport approx 0 (sem IC)...
   [Transport] Executando paralelização para electron...
   -> [Fótons] Generating photon table (Sync + IC)...
      Calculando componente Síncrotron...
      Calculando componente Compton Inverso (IC)...
        Progress: 40/1000
        Progress: 80/1000
        Progress: 120/1000
        Progress: 160/1000
        Progress: 200/1000
        Progress: 240/1000
        Progress: 280/1000
        Progress: 320/1000
        Progress: 360/1000
        Progress: 400/1000
        Progress: 440/1000
        Progress: 480/1000
        Progress: 520/1000
        Progress: 560/1000
        Progress: 600/1000
        Progress: 640/1000
        Progress: 680/1000
        Progress: 720/1000
        Progress: 760/1000
        Progress: 800/1000
        Progress: 840/1000
        Progress: 880/1000
        Progress: 920/1000
        Progress: 960/1000
        Progress: 1000/1000
   -> [IC] Generating IC rate table...
   [SDSS J104403.68+435412.0] -> Transport approx 1 (com IC)...
   [Transport] Executando paralelização para electron...
   -> [Fótons] Generating photon table (Sync + IC)...
      Calculando componente Síncrotron...
      Calculando componente Compton Inverso (IC)...
        Progress: 40/1000
        Progress: 80/1000
        Progress: 120/1000
        Progress: 160/1000
        Progress: 200/1000
        Progress: 240/1000
        Progress: 280/1000
        Progress: 320/1000
        Progress: 360/1000
        Progress: 400/1000
        Progress: 440/1000
        Progress: 480/1000
        Progress: 520/1000
        Progress: 560/1000
        Progress: 600/1000
        Progress: 640/1000
        Progress: 680/1000
        Progress: 720/1000
        Progress: 760/1000
        Progress: 800/1000
        Progress: 840/1000
        Progress: 880/1000
        Progress: 920/1000
        Progress: 960/1000
        Progress: 1000/1000
   === [Elétrons] Concluído em 5m 35.15s ===
[SDSS J104811.90+045954.8] Calculating Electrons (1D Transport)...
   [SDSS J104811.90+045954.8] -> Transport approx 0 (sem IC)...
   [Transport] Executando paralelização para electron...
   -> [Fótons] Generating photon table (Sync + IC)...
      Calculando componente Síncrotron...
      Calculando componente Compton Inverso (IC)...
        Progress: 40/1000
        Progress: 80/1000
        Progress: 120/1000
        Progress: 160/1000
        Progress: 200/1000
        Progress: 240/1000
        Progress: 280/1000
        Progress: 320/1000
        Progress: 360/1000
        Progress: 400/1000
        Progress: 440/1000
        Progress: 480/1000
        Progress: 520/1000
        Progress: 560/1000
        Progress: 600/1000
        Progress: 640/1000
        Progress: 680/1000
        Progress: 720/1000
        Progress: 760/1000
        Progress: 800/1000
        Progress: 840/1000
        Progress: 880/1000
        Progress: 920/1000
        Progress: 960/1000
        Progress: 1000/1000
   -> [IC] Generating IC rate table...
   [SDSS J104811.90+045954.8] -> Transport approx 1 (com IC)...
   [Transport] Executando paralelização para electron...
   -> [Fótons] Generating photon table (Sync + IC)...
      Calculando componente Síncrotron...
      Calculando componente Compton Inverso (IC)...
        Progress: 40/1000
        Progress: 80/1000
        Progress: 120/1000
        Progress: 160/1000
        Progress: 200/1000
        Progress: 240/1000
        Progress: 280/1000
        Progress: 320/1000
        Progress: 360/1000
        Progress: 400/1000
        Progress: 440/1000
        Progress: 480/1000
        Progress: 520/1000
        Progress: 560/1000
        Progress: 600/1000
        Progress: 640/1000
        Progress: 680/1000
        Progress: 720/1000
        Progress: 760/1000
        Progress: 800/1000
        Progress: 840/1000
        Progress: 880/1000
        Progress: 920/1000
        Progress: 960/1000
        Progress: 1000/1000
   === [Elétrons] Concluído em 5m 43.02s ===
[SDSS J104852.92+480314.8] Calculating Electrons (1D Transport)...
   [SDSS J104852.92+480314.8] -> Transport approx 0 (sem IC)...
   [Transport] Executando paralelização para electron...
   -> [Fótons] Generating photon table (Sync + IC)...
      Calculando componente Síncrotron...
      Calculando componente Compton Inverso (IC)...
        Progress: 40/1000
        Progress: 80/1000
        Progress: 120/1000
        Progress: 160/1000
        Progress: 200/1000
        Progress: 240/1000
        Progress: 280/1000
        Progress: 320/1000
        Progress: 360/1000
        Progress: 400/1000
        Progress: 440/1000
        Progress: 480/1000
        Progress: 520/1000
        Progress: 560/1000
        Progress: 600/1000
        Progress: 640/1000
        Progress: 680/1000
        Progress: 720/1000
        Progress: 760/1000
        Progress: 800/1000
        Progress: 840/1000
        Progress: 880/1000
        Progress: 920/1000
        Progress: 960/1000
        Progress: 1000/1000
   -> [IC] Generating IC rate table...
   [SDSS J104852.92+480314.8] -> Transport approx 1 (com IC)...
   [Transport] Executando paralelização para electron...
   -> [Fótons] Generating photon table (Sync + IC)...
      Calculando componente Síncrotron...
      Calculando componente Compton Inverso (IC)...
        Progress: 40/1000
        Progress: 80/1000
        Progress: 120/1000
        Progress: 160/1000
        Progress: 200/1000
        Progress: 240/1000
        Progress: 280/1000
        Progress: 320/1000
        Progress: 360/1000
        Progress: 400/1000
        Progress: 440/1000
        Progress: 480/1000
        Progress: 520/1000
        Progress: 560/1000
        Progress: 600/1000
        Progress: 640/1000
        Progress: 680/1000
        Progress: 720/1000
        Progress: 760/1000
        Progress: 800/1000
        Progress: 840/1000
        Progress: 880/1000
        Progress: 920/1000
        Progress: 960/1000
        Progress: 1000/1000
   === [Elétrons] Concluído em 5m 41.06s ===
[SDSS J105731.16+405646.1] Calculating Electrons (1D Transport)...
   [SDSS J105731.16+405646.1] -> Transport approx 0 (sem IC)...
   [Transport] Executando paralelização para electron...
   -> [Fótons] Generating photon table (Sync + IC)...
      Calculando componente Síncrotron...
      Calculando componente Compton Inverso (IC)...
        Progress: 40/1000
        Progress: 80/1000
        Progress: 120/1000
        Progress: 160/1000
        Progress: 200/1000
        Progress: 240/1000
        Progress: 280/1000
        Progress: 320/1000
        Progress: 360/1000
        Progress: 400/1000
        Progress: 440/1000
        Progress: 480/1000
        Progress: 520/1000
        Progress: 560/1000
        Progress: 600/1000
        Progress: 640/1000
        Progress: 680/1000
        Progress: 720/1000
        Progress: 760/1000
        Progress: 800/1000
        Progress: 840/1000
        Progress: 880/1000
        Progress: 920/1000
        Progress: 960/1000
        Progress: 1000/1000
   -> [IC] Generating IC rate table...
   [SDSS J105731.16+405646.1] -> Transport approx 1 (com IC)...
   [Transport] Executando paralelização para electron...
   -> [Fótons] Generating photon table (Sync + IC)...
      Calculando componente Síncrotron...
      Calculando componente Compton Inverso (IC)...
        Progress: 40/1000
        Progress: 80/1000
        Progress: 120/1000
        Progress: 160/1000
        Progress: 200/1000
        Progress: 240/1000
        Progress: 280/1000
        Progress: 320/1000
        Progress: 360/1000
        Progress: 400/1000
        Progress: 440/1000
        Progress: 480/1000
        Progress: 520/1000
        Progress: 560/1000
        Progress: 600/1000
        Progress: 640/1000
        Progress: 680/1000
        Progress: 720/1000
        Progress: 760/1000
        Progress: 800/1000
        Progress: 840/1000
        Progress: 880/1000
        Progress: 920/1000
        Progress: 960/1000
        Progress: 1000/1000
   === [Elétrons] Concluído em 5m 19.49s ===
[SDSS J111113.18+284147.0] Calculating Electrons (1D Transport)...
   [SDSS J111113.18+284147.0] -> Transport approx 0 (sem IC)...
   [Transport] Executando paralelização para electron...
   -> [Fótons] Generating photon table (Sync + IC)...
      Calculando componente Síncrotron...
      Calculando componente Compton Inverso (IC)...
        Progress: 40/1000
        Progress: 80/1000
        Progress: 120/1000
        Progress: 160/1000
        Progress: 200/1000
        Progress: 240/1000
        Progress: 280/1000
        Progress: 320/1000
        Progress: 360/1000
        Progress: 400/1000
        Progress: 440/1000
        Progress: 480/1000
        Progress: 520/1000
        Progress: 560/1000
        Progress: 600/1000
        Progress: 640/1000
        Progress: 680/1000
        Progress: 720/1000
        Progress: 760/1000
        Progress: 800/1000
        Progress: 840/1000
        Progress: 880/1000
        Progress: 920/1000
        Progress: 960/1000
        Progress: 1000/1000
   -> [IC] Generating IC rate table...
   [SDSS J111113.18+284147.0] -> Transport approx 1 (com IC)...
   [Transport] Executando paralelização para electron...
   -> [Fótons] Generating photon table (Sync + IC)...
      Calculando componente Síncrotron...
      Calculando componente Compton Inverso (IC)...
        Progress: 40/1000
        Progress: 80/1000
        Progress: 120/1000
        Progress: 160/1000
        Progress: 200/1000
        Progress: 240/1000
        Progress: 280/1000
        Progress: 320/1000
        Progress: 360/1000
        Progress: 400/1000
        Progress: 440/1000
        Progress: 480/1000
        Progress: 520/1000
        Progress: 560/1000
        Progress: 600/1000
        Progress: 640/1000
        Progress: 680/1000
        Progress: 720/1000
        Progress: 760/1000
        Progress: 800/1000
        Progress: 840/1000
        Progress: 880/1000
        Progress: 920/1000
        Progress: 960/1000
        Progress: 1000/1000
   === [Elétrons] Concluído em 5m 33.72s ===
[SDSS J111622.70+291508.2] Calculating Electrons (1D Transport)...
   [SDSS J111622.70+291508.2] -> Transport approx 0 (sem IC)...
   [Transport] Executando paralelização para electron...
   -> [Fótons] Generating photon table (Sync + IC)...
      Calculando componente Síncrotron...
      Calculando componente Compton Inverso (IC)...
        Progress: 40/1000
        Progress: 80/1000
        Progress: 120/1000
        Progress: 160/1000
        Progress: 200/1000
        Progress: 240/1000
        Progress: 280/1000
        Progress: 320/1000
        Progress: 360/1000
        Progress: 400/1000
        Progress: 440/1000
        Progress: 480/1000
        Progress: 520/1000
        Progress: 560/1000
        Progress: 600/1000
        Progress: 640/1000
        Progress: 680/1000
        Progress: 720/1000
        Progress: 760/1000
        Progress: 800/1000
        Progress: 840/1000
        Progress: 880/1000
        Progress: 920/1000
        Progress: 960/1000
        Progress: 1000/1000
   -> [IC] Generating IC rate table...
   [SDSS J111622.70+291508.2] -> Transport approx 1 (com IC)...
   [Transport] Executando paralelização para electron...
   -> [Fótons] Generating photon table (Sync + IC)...
      Calculando componente Síncrotron...
      Calculando componente Compton Inverso (IC)...
        Progress: 40/1000
        Progress: 80/1000
        Progress: 120/1000
        Progress: 160/1000
        Progress: 200/1000
        Progress: 240/1000
        Progress: 280/1000
        Progress: 320/1000
        Progress: 360/1000
        Progress: 400/1000
        Progress: 440/1000
        Progress: 480/1000
        Progress: 520/1000
        Progress: 560/1000
        Progress: 600/1000
        Progress: 640/1000
        Progress: 680/1000
        Progress: 720/1000
        Progress: 760/1000
        Progress: 800/1000
        Progress: 840/1000
        Progress: 880/1000
        Progress: 920/1000
        Progress: 960/1000
        Progress: 1000/1000
   === [Elétrons] Concluído em 5m 27.19s ===
[SDSS J111700.10+323550.9] Calculating Electrons (1D Transport)...
   [SDSS J111700.10+323550.9] -> Transport approx 0 (sem IC)...
   [Transport] Executando paralelização para electron...
   -> [Fótons] Generating photon table (Sync + IC)...
      Calculando componente Síncrotron...
      Calculando componente Compton Inverso (IC)...
        Progress: 40/1000
        Progress: 80/1000
        Progress: 120/1000
        Progress: 160/1000
        Progress: 200/1000
        Progress: 240/1000
        Progress: 280/1000
        Progress: 320/1000
        Progress: 360/1000
        Progress: 400/1000
        Progress: 440/1000
        Progress: 480/1000
        Progress: 520/1000
        Progress: 560/1000
        Progress: 600/1000
        Progress: 640/1000
        Progress: 680/1000
        Progress: 720/1000
        Progress: 760/1000
        Progress: 800/1000
        Progress: 840/1000
        Progress: 880/1000
        Progress: 920/1000
        Progress: 960/1000
        Progress: 1000/1000
   -> [IC] Generating IC rate table...
   [SDSS J111700.10+323550.9] -> Transport approx 1 (com IC)...
   [Transport] Executando paralelização para electron...
   -> [Fótons] Generating photon table (Sync + IC)...
      Calculando componente Síncrotron...
      Calculando componente Compton Inverso (IC)...
        Progress: 40/1000
        Progress: 80/1000
        Progress: 120/1000
        Progress: 160/1000
        Progress: 200/1000
        Progress: 240/1000
        Progress: 280/1000
        Progress: 320/1000
        Progress: 360/1000
        Progress: 400/1000
        Progress: 440/1000
        Progress: 480/1000
        Progress: 520/1000
        Progress: 560/1000
        Progress: 600/1000
        Progress: 640/1000
        Progress: 680/1000
        Progress: 720/1000
        Progress: 760/1000
        Progress: 800/1000
        Progress: 840/1000
        Progress: 880/1000
        Progress: 920/1000
        Progress: 960/1000
        Progress: 1000/1000
   === [Elétrons] Concluído em 5m 34.64s ===
[SDSS J112029.23+040742.1] Calculating Electrons (1D Transport)...
   [SDSS J112029.23+040742.1] -> Transport approx 0 (sem IC)...
   [Transport] Executando paralelização para electron...
   -> [Fótons] Generating photon table (Sync + IC)...
      Calculando componente Síncrotron...
      Calculando componente Compton Inverso (IC)...
        Progress: 40/1000
        Progress: 80/1000
        Progress: 120/1000
        Progress: 160/1000
        Progress: 200/1000
        Progress: 240/1000
        Progress: 280/1000
        Progress: 320/1000
        Progress: 360/1000
        Progress: 400/1000
        Progress: 440/1000
        Progress: 480/1000
        Progress: 520/1000
        Progress: 560/1000
        Progress: 600/1000
        Progress: 640/1000
        Progress: 680/1000
        Progress: 720/1000
        Progress: 760/1000
        Progress: 800/1000
        Progress: 840/1000
        Progress: 880/1000
        Progress: 920/1000
        Progress: 960/1000
        Progress: 1000/1000
   -> [IC] Generating IC rate table...
   [SDSS J112029.23+040742.1] -> Transport approx 1 (com IC)...
   [Transport] Executando paralelização para electron...
   -> [Fótons] Generating photon table (Sync + IC)...
      Calculando componente Síncrotron...
      Calculando componente Compton Inverso (IC)...
        Progress: 40/1000
        Progress: 80/1000
        Progress: 120/1000
        Progress: 160/1000
        Progress: 200/1000
        Progress: 240/1000
        Progress: 280/1000
        Progress: 320/1000
        Progress: 360/1000
        Progress: 400/1000
        Progress: 440/1000
        Progress: 480/1000
        Progress: 520/1000
        Progress: 560/1000
        Progress: 600/1000
        Progress: 640/1000
        Progress: 680/1000
        Progress: 720/1000
        Progress: 760/1000
        Progress: 800/1000
        Progress: 840/1000
        Progress: 880/1000
        Progress: 920/1000
        Progress: 960/1000
        Progress: 1000/1000
   === [Elétrons] Concluído em 5m 27.14s ===
[SDSS J112256.47+340641.3] Calculating Electrons (1D Transport)...
   [SDSS J112256.47+340641.3] -> Transport approx 0 (sem IC)...
   [Transport] Executando paralelização para electron...
   -> [Fótons] Generating photon table (Sync + IC)...
      Calculando componente Síncrotron...
      Calculando componente Compton Inverso (IC)...
        Progress: 40/1000
        Progress: 80/1000
        Progress: 120/1000
        Progress: 160/1000
        Progress: 200/1000
        Progress: 240/1000
        Progress: 280/1000
        Progress: 320/1000
        Progress: 360/1000
        Progress: 400/1000
        Progress: 440/1000
        Progress: 480/1000
        Progress: 520/1000
        Progress: 560/1000
        Progress: 600/1000
        Progress: 640/1000
        Progress: 680/1000
        Progress: 720/1000
        Progress: 760/1000
        Progress: 800/1000
        Progress: 840/1000
        Progress: 880/1000
        Progress: 920/1000
        Progress: 960/1000
        Progress: 1000/1000
   -> [IC] Generating IC rate table...
   [SDSS J112256.47+340641.3] -> Transport approx 1 (com IC)...
   [Transport] Executando paralelização para electron...
   -> [Fótons] Generating photon table (Sync + IC)...
      Calculando componente Síncrotron...
      Calculando componente Compton Inverso (IC)...
        Progress: 40/1000
        Progress: 80/1000
        Progress: 120/1000
        Progress: 160/1000
        Progress: 200/1000
        Progress: 240/1000
        Progress: 280/1000
        Progress: 320/1000
        Progress: 360/1000
        Progress: 400/1000
        Progress: 440/1000
        Progress: 480/1000
        Progress: 520/1000
        Progress: 560/1000
        Progress: 600/1000
        Progress: 640/1000
        Progress: 680/1000
        Progress: 720/1000
        Progress: 760/1000
        Progress: 800/1000
        Progress: 840/1000
        Progress: 880/1000
        Progress: 920/1000
        Progress: 960/1000
        Progress: 1000/1000
   === [Elétrons] Concluído em 5m 20.12s ===
[SDSS J112625.19+520503.5] Calculating Electrons (1D Transport)...
   [SDSS J112625.19+520503.5] -> Transport approx 0 (sem IC)...
   [Transport] Executando paralelização para electron...
   -> [Fótons] Generating photon table (Sync + IC)...
      Calculando componente Síncrotron...
      Calculando componente Compton Inverso (IC)...
        Progress: 40/1000
        Progress: 80/1000
        Progress: 120/1000
        Progress: 160/1000
        Progress: 200/1000
        Progress: 240/1000
        Progress: 280/1000
        Progress: 320/1000
        Progress: 360/1000
        Progress: 400/1000
        Progress: 440/1000
        Progress: 480/1000
        Progress: 520/1000
        Progress: 560/1000
        Progress: 600/1000
        Progress: 640/1000
        Progress: 680/1000
        Progress: 720/1000
        Progress: 760/1000
        Progress: 800/1000
        Progress: 840/1000
        Progress: 880/1000
        Progress: 920/1000
        Progress: 960/1000
        Progress: 1000/1000
   -> [IC] Generating IC rate table...
   [SDSS J112625.19+520503.5] -> Transport approx 1 (com IC)...
   [Transport] Executando paralelização para electron...
   -> [Fótons] Generating photon table (Sync + IC)...
      Calculando componente Síncrotron...
      Calculando componente Compton Inverso (IC)...
        Progress: 40/1000
        Progress: 80/1000
        Progress: 120/1000
        Progress: 160/1000
        Progress: 200/1000
        Progress: 240/1000
        Progress: 280/1000
        Progress: 320/1000
        Progress: 360/1000
        Progress: 400/1000
        Progress: 440/1000
        Progress: 480/1000
        Progress: 520/1000
        Progress: 560/1000
        Progress: 600/1000
        Progress: 640/1000
        Progress: 680/1000
        Progress: 720/1000
        Progress: 760/1000
        Progress: 800/1000
        Progress: 840/1000
        Progress: 880/1000
        Progress: 920/1000
        Progress: 960/1000
        Progress: 1000/1000
   === [Elétrons] Concluído em 5m 45.38s ===
[SDSS J112727.52+400409.4] Calculating Electrons (1D Transport)...
   [SDSS J112727.52+400409.4] -> Transport approx 0 (sem IC)...
   [Transport] Executando paralelização para electron...
   -> [Fótons] Generating photon table (Sync + IC)...
      Calculando componente Síncrotron...
      Calculando componente Compton Inverso (IC)...
        Progress: 40/1000
        Progress: 80/1000
        Progress: 120/1000
        Progress: 160/1000
        Progress: 200/1000
        Progress: 240/1000
        Progress: 280/1000
        Progress: 320/1000
        Progress: 360/1000
        Progress: 400/1000
        Progress: 440/1000
        Progress: 480/1000
        Progress: 520/1000
        Progress: 560/1000
        Progress: 600/1000
        Progress: 640/1000
        Progress: 680/1000
        Progress: 720/1000
        Progress: 760/1000
        Progress: 800/1000
        Progress: 840/1000
        Progress: 880/1000
        Progress: 920/1000
        Progress: 960/1000
        Progress: 1000/1000
   -> [IC] Generating IC rate table...
   [SDSS J112727.52+400409.4] -> Transport approx 1 (com IC)...
   [Transport] Executando paralelização para electron...
   -> [Fótons] Generating photon table (Sync + IC)...
      Calculando componente Síncrotron...
      Calculando componente Compton Inverso (IC)...
        Progress: 40/1000
        Progress: 80/1000
        Progress: 120/1000
        Progress: 160/1000
        Progress: 200/1000
        Progress: 240/1000
        Progress: 280/1000
        Progress: 320/1000
        Progress: 360/1000
        Progress: 400/1000
        Progress: 440/1000
        Progress: 480/1000
        Progress: 520/1000
        Progress: 560/1000
        Progress: 600/1000
        Progress: 640/1000
        Progress: 680/1000
        Progress: 720/1000
        Progress: 760/1000
        Progress: 800/1000
        Progress: 840/1000
        Progress: 880/1000
        Progress: 920/1000
        Progress: 960/1000
        Progress: 1000/1000
   === [Elétrons] Concluído em 5m 53.96s ===
[SDSS J113449.29+490439.4] Calculating Electrons (1D Transport)...
   [SDSS J113449.29+490439.4] -> Transport approx 0 (sem IC)...
   [Transport] Executando paralelização para electron...
   -> [Fótons] Generating photon table (Sync + IC)...
      Calculando componente Síncrotron...
      Calculando componente Compton Inverso (IC)...
        Progress: 40/1000
        Progress: 80/1000
        Progress: 120/1000
        Progress: 160/1000
        Progress: 200/1000
        Progress: 240/1000
        Progress: 280/1000
        Progress: 320/1000
        Progress: 360/1000
        Progress: 400/1000
        Progress: 440/1000
        Progress: 480/1000
        Progress: 520/1000
        Progress: 560/1000
        Progress: 600/1000
        Progress: 640/1000
        Progress: 680/1000
        Progress: 720/1000
        Progress: 760/1000
        Progress: 800/1000
        Progress: 840/1000
        Progress: 880/1000
        Progress: 920/1000
        Progress: 960/1000
        Progress: 1000/1000
   -> [IC] Generating IC rate table...
   [SDSS J113449.29+490439.4] -> Transport approx 1 (com IC)...
   [Transport] Executando paralelização para electron...
   -> [Fótons] Generating photon table (Sync + IC)...
      Calculando componente Síncrotron...
      Calculando componente Compton Inverso (IC)...
        Progress: 40/1000
        Progress: 80/1000
        Progress: 120/1000
        Progress: 160/1000
        Progress: 200/1000
        Progress: 240/1000
        Progress: 280/1000
        Progress: 320/1000
        Progress: 360/1000
        Progress: 400/1000
        Progress: 440/1000
        Progress: 480/1000
        Progress: 520/1000
        Progress: 560/1000
        Progress: 600/1000
        Progress: 640/1000
        Progress: 680/1000
        Progress: 720/1000
        Progress: 760/1000
        Progress: 800/1000
        Progress: 840/1000
        Progress: 880/1000
        Progress: 920/1000
        Progress: 960/1000
        Progress: 1000/1000
   === [Elétrons] Concluído em 5m 14.70s ===
[SDSS J113637.14+510008.5] Calculating Electrons (1D Transport)...
   [SDSS J113637.14+510008.5] -> Transport approx 0 (sem IC)...
   [Transport] Executando paralelização para electron...
   -> [Fótons] Generating photon table (Sync + IC)...
      Calculando componente Síncrotron...
      Calculando componente Compton Inverso (IC)...
        Progress: 40/1000
        Progress: 80/1000
        Progress: 120/1000
        Progress: 160/1000
        Progress: 200/1000
        Progress: 240/1000
        Progress: 280/1000
        Progress: 320/1000
        Progress: 360/1000
        Progress: 400/1000
        Progress: 440/1000
        Progress: 480/1000
        Progress: 520/1000
        Progress: 560/1000
        Progress: 600/1000
        Progress: 640/1000
        Progress: 680/1000
        Progress: 720/1000
        Progress: 760/1000
        Progress: 800/1000
        Progress: 840/1000
        Progress: 880/1000
        Progress: 920/1000
        Progress: 960/1000
        Progress: 1000/1000
   -> [IC] Generating IC rate table...
   [SDSS J113637.14+510008.5] -> Transport approx 1 (com IC)...
   [Transport] Executando paralelização para electron...
   -> [Fótons] Generating photon table (Sync + IC)...
      Calculando componente Síncrotron...
      Calculando componente Compton Inverso (IC)...
        Progress: 40/1000
        Progress: 80/1000
        Progress: 120/1000
        Progress: 160/1000
        Progress: 200/1000
        Progress: 240/1000
        Progress: 280/1000
        Progress: 320/1000
        Progress: 360/1000
        Progress: 400/1000
        Progress: 440/1000
        Progress: 480/1000
        Progress: 520/1000
        Progress: 560/1000
        Progress: 600/1000
        Progress: 640/1000
        Progress: 680/1000
        Progress: 720/1000
        Progress: 760/1000
        Progress: 800/1000
        Progress: 840/1000
        Progress: 880/1000
        Progress: 920/1000
        Progress: 960/1000
        Progress: 1000/1000
   === [Elétrons] Concluído em 5m 23.14s ===
[SDSS J114230.94-021505.3] Calculating Electrons (1D Transport)...
   [SDSS J114230.94-021505.3] -> Transport approx 0 (sem IC)...
   [Transport] Executando paralelização para electron...
   -> [Fótons] Generating photon table (Sync + IC)...
      Calculando componente Síncrotron...
      Calculando componente Compton Inverso (IC)...
        Progress: 40/1000
        Progress: 80/1000
        Progress: 120/1000
        Progress: 160/1000
        Progress: 200/1000
        Progress: 240/1000
        Progress: 280/1000
        Progress: 320/1000
        Progress: 360/1000
        Progress: 400/1000
        Progress: 440/1000
        Progress: 480/1000
        Progress: 520/1000
        Progress: 560/1000
        Progress: 600/1000
        Progress: 640/1000
        Progress: 680/1000
        Progress: 720/1000
        Progress: 760/1000
        Progress: 800/1000
        Progress: 840/1000
        Progress: 880/1000
        Progress: 920/1000
        Progress: 960/1000
        Progress: 1000/1000
   -> [IC] Generating IC rate table...
   [SDSS J114230.94-021505.3] -> Transport approx 1 (com IC)...
   [Transport] Executando paralelização para electron...
   -> [Fótons] Generating photon table (Sync + IC)...
      Calculando componente Síncrotron...
      Calculando componente Compton Inverso (IC)...
        Progress: 40/1000
        Progress: 80/1000
        Progress: 120/1000
        Progress: 160/1000
        Progress: 200/1000
        Progress: 240/1000
        Progress: 280/1000
        Progress: 320/1000
        Progress: 360/1000
        Progress: 400/1000
        Progress: 440/1000
        Progress: 480/1000
        Progress: 520/1000
        Progress: 560/1000
        Progress: 600/1000
        Progress: 640/1000
        Progress: 680/1000
        Progress: 720/1000
        Progress: 760/1000
        Progress: 800/1000
        Progress: 840/1000
        Progress: 880/1000
        Progress: 920/1000
        Progress: 960/1000
        Progress: 1000/1000
   === [Elétrons] Concluído em 5m 3.02s ===
[SDSS J114232.84+262919.9] Calculating Electrons (1D Transport)...
   [SDSS J114232.84+262919.9] -> Transport approx 0 (sem IC)...
   [Transport] Executando paralelização para electron...
   -> [Fótons] Generating photon table (Sync + IC)...
      Calculando componente Síncrotron...
      Calculando componente Compton Inverso (IC)...
        Progress: 40/1000
        Progress: 80/1000
        Progress: 120/1000
        Progress: 160/1000
        Progress: 200/1000
        Progress: 240/1000
        Progress: 280/1000
        Progress: 320/1000
        Progress: 360/1000
        Progress: 400/1000
        Progress: 440/1000
        Progress: 480/1000
        Progress: 520/1000
        Progress: 560/1000
        Progress: 600/1000
        Progress: 640/1000
        Progress: 680/1000
        Progress: 720/1000
        Progress: 760/1000
        Progress: 800/1000
        Progress: 840/1000
        Progress: 880/1000
        Progress: 920/1000
        Progress: 960/1000
        Progress: 1000/1000
   -> [IC] Generating IC rate table...
   [SDSS J114232.84+262919.9] -> Transport approx 1 (com IC)...
   [Transport] Executando paralelização para electron...
   -> [Fótons] Generating photon table (Sync + IC)...
      Calculando componente Síncrotron...
      Calculando componente Compton Inverso (IC)...
        Progress: 40/1000
        Progress: 80/1000
        Progress: 120/1000
        Progress: 160/1000
        Progress: 200/1000
        Progress: 240/1000
        Progress: 280/1000
        Progress: 320/1000
        Progress: 360/1000
        Progress: 400/1000
        Progress: 440/1000
        Progress: 480/1000
        Progress: 520/1000
        Progress: 560/1000
        Progress: 600/1000
        Progress: 640/1000
        Progress: 680/1000
        Progress: 720/1000
        Progress: 760/1000
        Progress: 800/1000
        Progress: 840/1000
        Progress: 880/1000
        Progress: 920/1000
        Progress: 960/1000
        Progress: 1000/1000
   === [Elétrons] Concluído em 5m 10.61s ===
[SDSS J114804.60+372638.0] Calculating Electrons (1D Transport)...
   [SDSS J114804.60+372638.0] -> Transport approx 0 (sem IC)...
   [Transport] Executando paralelização para electron...
   -> [Fótons] Generating photon table (Sync + IC)...
      Calculando componente Síncrotron...
      Calculando componente Compton Inverso (IC)...
        Progress: 40/1000
        Progress: 80/1000
        Progress: 120/1000
        Progress: 160/1000
        Progress: 200/1000
        Progress: 240/1000
        Progress: 280/1000
        Progress: 320/1000
        Progress: 360/1000
        Progress: 400/1000
        Progress: 440/1000
        Progress: 480/1000
        Progress: 520/1000
        Progress: 560/1000
        Progress: 600/1000
        Progress: 640/1000
        Progress: 680/1000
        Progress: 720/1000
        Progress: 760/1000
        Progress: 800/1000
        Progress: 840/1000
        Progress: 880/1000
        Progress: 920/1000
        Progress: 960/1000
        Progress: 1000/1000
   -> [IC] Generating IC rate table...
   [SDSS J114804.60+372638.0] -> Transport approx 1 (com IC)...
   [Transport] Executando paralelização para electron...
   -> [Fótons] Generating photon table (Sync + IC)...
      Calculando componente Síncrotron...
      Calculando componente Compton Inverso (IC)...
        Progress: 40/1000
        Progress: 80/1000
        Progress: 120/1000
        Progress: 160/1000
        Progress: 200/1000
        Progress: 240/1000
        Progress: 280/1000
        Progress: 320/1000
        Progress: 360/1000
        Progress: 400/1000
        Progress: 440/1000
        Progress: 480/1000
        Progress: 520/1000
        Progress: 560/1000
        Progress: 600/1000
        Progress: 640/1000
        Progress: 680/1000
        Progress: 720/1000
        Progress: 760/1000
        Progress: 800/1000
        Progress: 840/1000
        Progress: 880/1000
        Progress: 920/1000
        Progress: 960/1000
        Progress: 1000/1000
   === [Elétrons] Concluído em 5m 23.49s ===
[SDSS J115531.39+545200.4] Calculating Electrons (1D Transport)...
   [SDSS J115531.39+545200.4] -> Transport approx 0 (sem IC)...
   [Transport] Executando paralelização para electron...
   -> [Fótons] Generating photon table (Sync + IC)...
      Calculando componente Síncrotron...
      Calculando componente Compton Inverso (IC)...
        Progress: 40/1000
        Progress: 80/1000
        Progress: 120/1000
        Progress: 160/1000
        Progress: 200/1000
        Progress: 240/1000
        Progress: 280/1000
        Progress: 320/1000
        Progress: 360/1000
        Progress: 400/1000
        Progress: 440/1000
        Progress: 480/1000
        Progress: 520/1000
        Progress: 560/1000
        Progress: 600/1000
        Progress: 640/1000
        Progress: 680/1000
        Progress: 720/1000
        Progress: 760/1000
        Progress: 800/1000
        Progress: 840/1000
        Progress: 880/1000
        Progress: 920/1000
        Progress: 960/1000
        Progress: 1000/1000
   -> [IC] Generating IC rate table...
   [SDSS J115531.39+545200.4] -> Transport approx 1 (com IC)...
   [Transport] Executando paralelização para electron...
   -> [Fótons] Generating photon table (Sync + IC)...
      Calculando componente Síncrotron...
      Calculando componente Compton Inverso (IC)...
        Progress: 40/1000
        Progress: 80/1000
        Progress: 120/1000
        Progress: 160/1000
        Progress: 200/1000
        Progress: 240/1000
        Progress: 280/1000
        Progress: 320/1000
        Progress: 360/1000
        Progress: 400/1000
        Progress: 440/1000
        Progress: 480/1000
        Progress: 520/1000
        Progress: 560/1000
        Progress: 600/1000
        Progress: 640/1000
        Progress: 680/1000
        Progress: 720/1000
        Progress: 760/1000
        Progress: 800/1000
        Progress: 840/1000
        Progress: 880/1000
        Progress: 920/1000
        Progress: 960/1000
        Progress: 1000/1000
   === [Elétrons] Concluído em 5m 34.74s ===
[SDSS J120551.46+203119.0] Calculating Electrons (1D Transport)...
   [SDSS J120551.46+203119.0] -> Transport approx 0 (sem IC)...
   [Transport] Executando paralelização para electron...
   -> [Fótons] Generating photon table (Sync + IC)...
      Calculando componente Síncrotron...
      Calculando componente Compton Inverso (IC)...
        Progress: 40/1000
        Progress: 80/1000
        Progress: 120/1000
        Progress: 160/1000
        Progress: 200/1000
        Progress: 240/1000
        Progress: 280/1000
        Progress: 320/1000
        Progress: 360/1000
        Progress: 400/1000
        Progress: 440/1000
        Progress: 480/1000
        Progress: 520/1000
        Progress: 560/1000
        Progress: 600/1000
        Progress: 640/1000
        Progress: 680/1000
        Progress: 720/1000
        Progress: 760/1000
        Progress: 800/1000
        Progress: 840/1000
        Progress: 880/1000
        Progress: 920/1000
        Progress: 960/1000
        Progress: 1000/1000
   -> [IC] Generating IC rate table...
   [SDSS J120551.46+203119.0] -> Transport approx 1 (com IC)...
   [Transport] Executando paralelização para electron...
   -> [Fótons] Generating photon table (Sync + IC)...
      Calculando componente Síncrotron...
      Calculando componente Compton Inverso (IC)...
        Progress: 40/1000
        Progress: 80/1000
        Progress: 120/1000
        Progress: 160/1000
        Progress: 200/1000
        Progress: 240/1000
        Progress: 280/1000
        Progress: 320/1000
        Progress: 360/1000
        Progress: 400/1000
        Progress: 440/1000
        Progress: 480/1000
        Progress: 520/1000
        Progress: 560/1000
        Progress: 600/1000
        Progress: 640/1000
        Progress: 680/1000
        Progress: 720/1000
        Progress: 760/1000
        Progress: 800/1000
        Progress: 840/1000
        Progress: 880/1000
        Progress: 920/1000
        Progress: 960/1000
        Progress: 1000/1000
   === [Elétrons] Concluído em 5m 46.40s ===
[SDSS J120607.81+400902.6] Calculating Electrons (1D Transport)...
   [SDSS J120607.81+400902.6] -> Transport approx 0 (sem IC)...
   [Transport] Executando paralelização para electron...
   -> [Fótons] Generating photon table (Sync + IC)...
      Calculando componente Síncrotron...
      Calculando componente Compton Inverso (IC)...
        Progress: 40/1000
        Progress: 80/1000
        Progress: 120/1000
        Progress: 160/1000
        Progress: 200/1000
        Progress: 240/1000
        Progress: 280/1000
        Progress: 320/1000
        Progress: 360/1000
        Progress: 400/1000
        Progress: 440/1000
        Progress: 480/1000
        Progress: 520/1000
        Progress: 560/1000
        Progress: 600/1000
        Progress: 640/1000
        Progress: 680/1000
        Progress: 720/1000
        Progress: 760/1000
        Progress: 800/1000
        Progress: 840/1000
        Progress: 880/1000
        Progress: 920/1000
        Progress: 960/1000
        Progress: 1000/1000
   -> [IC] Generating IC rate table...
   [SDSS J120607.81+400902.6] -> Transport approx 1 (com IC)...
   [Transport] Executando paralelização para electron...
   -> [Fótons] Generating photon table (Sync + IC)...
      Calculando componente Síncrotron...
      Calculando componente Compton Inverso (IC)...
        Progress: 40/1000
        Progress: 80/1000
        Progress: 120/1000
        Progress: 160/1000
        Progress: 200/1000
        Progress: 240/1000
        Progress: 280/1000
        Progress: 320/1000
        Progress: 360/1000
        Progress: 400/1000
        Progress: 440/1000
        Progress: 480/1000
        Progress: 520/1000
        Progress: 560/1000
        Progress: 600/1000
        Progress: 640/1000
        Progress: 680/1000
        Progress: 720/1000
        Progress: 760/1000
        Progress: 800/1000
        Progress: 840/1000
        Progress: 880/1000
        Progress: 920/1000
        Progress: 960/1000
        Progress: 1000/1000
   === [Elétrons] Concluído em 5m 25.94s ===
[SDSS J121329.27+504429.4] Calculating Electrons (1D Transport)...
   [SDSS J121329.27+504429.4] -> Transport approx 0 (sem IC)...
   [Transport] Executando paralelização para electron...
   -> [Fótons] Generating photon table (Sync + IC)...
      Calculando componente Síncrotron...
      Calculando componente Compton Inverso (IC)...
        Progress: 40/1000
        Progress: 80/1000
        Progress: 120/1000
        Progress: 160/1000
        Progress: 200/1000
        Progress: 240/1000
        Progress: 280/1000
        Progress: 320/1000
        Progress: 360/1000
        Progress: 400/1000
        Progress: 440/1000
        Progress: 480/1000
        Progress: 520/1000
        Progress: 560/1000
        Progress: 600/1000
        Progress: 640/1000
        Progress: 680/1000
        Progress: 720/1000
        Progress: 760/1000
        Progress: 800/1000
        Progress: 840/1000
        Progress: 880/1000
        Progress: 920/1000
        Progress: 960/1000
        Progress: 1000/1000
   -> [IC] Generating IC rate table...
   [SDSS J121329.27+504429.4] -> Transport approx 1 (com IC)...
   [Transport] Executando paralelização para electron...
   -> [Fótons] Generating photon table (Sync + IC)...
      Calculando componente Síncrotron...
      Calculando componente Compton Inverso (IC)...
        Progress: 40/1000
        Progress: 80/1000
        Progress: 120/1000
        Progress: 160/1000
        Progress: 200/1000
        Progress: 240/1000
        Progress: 280/1000
        Progress: 320/1000
        Progress: 360/1000
        Progress: 400/1000
        Progress: 440/1000
        Progress: 480/1000
        Progress: 520/1000
        Progress: 560/1000
        Progress: 600/1000
        Progress: 640/1000
        Progress: 680/1000
        Progress: 720/1000
        Progress: 760/1000
        Progress: 800/1000
        Progress: 840/1000
        Progress: 880/1000
        Progress: 920/1000
        Progress: 960/1000
        Progress: 1000/1000
   === [Elétrons] Concluído em 5m 25.82s ===
[SDSS J121951.65+282521.3] Calculating Electrons (1D Transport)...
   [SDSS J121951.65+282521.3] -> Transport approx 0 (sem IC)...
   [Transport] Executando paralelização para electron...
   -> [Fótons] Generating photon table (Sync + IC)...
      Calculando componente Síncrotron...
      Calculando componente Compton Inverso (IC)...
        Progress: 40/1000
        Progress: 80/1000
        Progress: 120/1000
        Progress: 160/1000
        Progress: 200/1000
        Progress: 240/1000
        Progress: 280/1000
        Progress: 320/1000
        Progress: 360/1000
        Progress: 400/1000
        Progress: 440/1000
        Progress: 480/1000
        Progress: 520/1000
        Progress: 560/1000
        Progress: 600/1000
        Progress: 640/1000
        Progress: 680/1000
        Progress: 720/1000
        Progress: 760/1000
        Progress: 800/1000
        Progress: 840/1000
        Progress: 880/1000
        Progress: 920/1000
        Progress: 960/1000
        Progress: 1000/1000
   -> [IC] Generating IC rate table...
   [SDSS J121951.65+282521.3] -> Transport approx 1 (com IC)...
   [Transport] Executando paralelização para electron...
   -> [Fótons] Generating photon table (Sync + IC)...
      Calculando componente Síncrotron...
      Calculando componente Compton Inverso (IC)...
        Progress: 40/1000
        Progress: 80/1000
        Progress: 120/1000
        Progress: 160/1000
        Progress: 200/1000
        Progress: 240/1000
        Progress: 280/1000
        Progress: 320/1000
        Progress: 360/1000
        Progress: 400/1000
        Progress: 440/1000
        Progress: 480/1000
        Progress: 520/1000
        Progress: 560/1000
        Progress: 600/1000
        Progress: 640/1000
        Progress: 680/1000
        Progress: 720/1000
        Progress: 760/1000
        Progress: 800/1000
        Progress: 840/1000
        Progress: 880/1000
        Progress: 920/1000
        Progress: 960/1000
        Progress: 1000/1000
   === [Elétrons] Concluído em 5m 21.84s ===
[SDSS J122421.31+600641.2] Calculating Electrons (1D Transport)...
   [SDSS J122421.31+600641.2] -> Transport approx 0 (sem IC)...
   [Transport] Executando paralelização para electron...
   -> [Fótons] Generating photon table (Sync + IC)...
      Calculando componente Síncrotron...
      Calculando componente Compton Inverso (IC)...
        Progress: 40/1000
        Progress: 80/1000
        Progress: 120/1000
        Progress: 160/1000
        Progress: 200/1000
        Progress: 240/1000
        Progress: 280/1000
        Progress: 320/1000
        Progress: 360/1000
        Progress: 400/1000
        Progress: 440/1000
        Progress: 480/1000
        Progress: 520/1000
        Progress: 560/1000
        Progress: 600/1000
        Progress: 640/1000
        Progress: 680/1000
        Progress: 720/1000
        Progress: 760/1000
        Progress: 800/1000
        Progress: 840/1000
        Progress: 880/1000
        Progress: 920/1000
        Progress: 960/1000
        Progress: 1000/1000
   -> [IC] Generating IC rate table...
   [SDSS J122421.31+600641.2] -> Transport approx 1 (com IC)...
   [Transport] Executando paralelização para electron...
   -> [Fótons] Generating photon table (Sync + IC)...
      Calculando componente Síncrotron...
      Calculando componente Compton Inverso (IC)...
        Progress: 40/1000
        Progress: 80/1000
        Progress: 120/1000
        Progress: 160/1000
        Progress: 200/1000
        Progress: 240/1000
        Progress: 280/1000
        Progress: 320/1000
        Progress: 360/1000
        Progress: 400/1000
        Progress: 440/1000
        Progress: 480/1000
        Progress: 520/1000
        Progress: 560/1000
        Progress: 600/1000
        Progress: 640/1000
        Progress: 680/1000
        Progress: 720/1000
        Progress: 760/1000
        Progress: 800/1000
        Progress: 840/1000
        Progress: 880/1000
        Progress: 920/1000
        Progress: 960/1000
        Progress: 1000/1000
   === [Elétrons] Concluído em 5m 14.74s ===
[SDSS J123011.85+470022.7] Calculating Electrons (1D Transport)...
   [SDSS J123011.85+470022.7] -> Transport approx 0 (sem IC)...
   [Transport] Executando paralelização para electron...
   -> [Fótons] Generating photon table (Sync + IC)...
      Calculando componente Síncrotron...
      Calculando componente Compton Inverso (IC)...
        Progress: 40/1000
        Progress: 80/1000
        Progress: 120/1000
        Progress: 160/1000
        Progress: 200/1000
        Progress: 240/1000
        Progress: 280/1000
        Progress: 320/1000
        Progress: 360/1000
        Progress: 400/1000
        Progress: 440/1000
        Progress: 480/1000
        Progress: 520/1000
        Progress: 560/1000
        Progress: 600/1000
        Progress: 640/1000
        Progress: 680/1000
        Progress: 720/1000
        Progress: 760/1000
        Progress: 800/1000
        Progress: 840/1000
        Progress: 880/1000
        Progress: 920/1000
        Progress: 960/1000
        Progress: 1000/1000
   -> [IC] Generating IC rate table...
   [SDSS J123011.85+470022.7] -> Transport approx 1 (com IC)...
   [Transport] Executando paralelização para electron...
   -> [Fótons] Generating photon table (Sync + IC)...
      Calculando componente Síncrotron...
      Calculando componente Compton Inverso (IC)...
        Progress: 40/1000
        Progress: 80/1000
        Progress: 120/1000
        Progress: 160/1000
        Progress: 200/1000
        Progress: 240/1000
        Progress: 280/1000
        Progress: 320/1000
        Progress: 360/1000
        Progress: 400/1000
        Progress: 440/1000
        Progress: 480/1000
        Progress: 520/1000
        Progress: 560/1000
        Progress: 600/1000
        Progress: 640/1000
        Progress: 680/1000
        Progress: 720/1000
        Progress: 760/1000
        Progress: 800/1000
        Progress: 840/1000
        Progress: 880/1000
        Progress: 920/1000
        Progress: 960/1000
        Progress: 1000/1000
   === [Elétrons] Concluído em 5m 37.20s ===
[SDSS J124318.73+033300.6] Calculating Electrons (1D Transport)...
   [SDSS J124318.73+033300.6] -> Transport approx 0 (sem IC)...
   [Transport] Executando paralelização para electron...
   -> [Fótons] Generating photon table (Sync + IC)...
      Calculando componente Síncrotron...
      Calculando componente Compton Inverso (IC)...
        Progress: 40/1000
        Progress: 80/1000
        Progress: 120/1000
        Progress: 160/1000
        Progress: 200/1000
        Progress: 240/1000
        Progress: 280/1000
        Progress: 320/1000
        Progress: 360/1000
        Progress: 400/1000
        Progress: 440/1000
        Progress: 480/1000
        Progress: 520/1000
        Progress: 560/1000
        Progress: 600/1000
        Progress: 640/1000
        Progress: 680/1000
        Progress: 720/1000
        Progress: 760/1000
        Progress: 800/1000
        Progress: 840/1000
        Progress: 880/1000
        Progress: 920/1000
        Progress: 960/1000
        Progress: 1000/1000
   -> [IC] Generating IC rate table...
   [SDSS J124318.73+033300.6] -> Transport approx 1 (com IC)...
   [Transport] Executando paralelização para electron...
   -> [Fótons] Generating photon table (Sync + IC)...
      Calculando componente Síncrotron...
      Calculando componente Compton Inverso (IC)...
        Progress: 40/1000
        Progress: 80/1000
        Progress: 120/1000
        Progress: 160/1000
        Progress: 200/1000
        Progress: 240/1000
        Progress: 280/1000
        Progress: 320/1000
        Progress: 360/1000
        Progress: 400/1000
        Progress: 440/1000
        Progress: 480/1000
        Progress: 520/1000
        Progress: 560/1000
        Progress: 600/1000
        Progress: 640/1000
        Progress: 680/1000
        Progress: 720/1000
        Progress: 760/1000
        Progress: 800/1000
        Progress: 840/1000
        Progress: 880/1000
        Progress: 920/1000
        Progress: 960/1000
        Progress: 1000/1000
   === [Elétrons] Concluído em 5m 40.79s ===
[SDSS J124633.75+115347.8] Calculating Electrons (1D Transport)...
   [SDSS J124633.75+115347.8] -> Transport approx 0 (sem IC)...
   [Transport] Executando paralelização para electron...
   -> [Fótons] Generating photon table (Sync + IC)...
      Calculando componente Síncrotron...
      Calculando componente Compton Inverso (IC)...
        Progress: 40/1000
        Progress: 80/1000
        Progress: 120/1000
        Progress: 160/1000
        Progress: 200/1000
        Progress: 240/1000
        Progress: 280/1000
        Progress: 320/1000
        Progress: 360/1000
        Progress: 400/1000
        Progress: 440/1000
        Progress: 480/1000
        Progress: 520/1000
        Progress: 560/1000
        Progress: 600/1000
        Progress: 640/1000
        Progress: 680/1000
        Progress: 720/1000
        Progress: 760/1000
        Progress: 800/1000
        Progress: 840/1000
        Progress: 880/1000
        Progress: 920/1000
        Progress: 960/1000
        Progress: 1000/1000
   -> [IC] Generating IC rate table...
   [SDSS J124633.75+115347.8] -> Transport approx 1 (com IC)...
   [Transport] Executando paralelização para electron...
   -> [Fótons] Generating photon table (Sync + IC)...
      Calculando componente Síncrotron...
      Calculando componente Compton Inverso (IC)...
        Progress: 40/1000
        Progress: 80/1000
        Progress: 120/1000
        Progress: 160/1000
        Progress: 200/1000
        Progress: 240/1000
        Progress: 280/1000
        Progress: 320/1000
        Progress: 360/1000
        Progress: 400/1000
        Progress: 440/1000
        Progress: 480/1000
        Progress: 520/1000
        Progress: 560/1000
        Progress: 600/1000
        Progress: 640/1000
        Progress: 680/1000
        Progress: 720/1000
        Progress: 760/1000
        Progress: 800/1000
        Progress: 840/1000
        Progress: 880/1000
        Progress: 920/1000
        Progress: 960/1000
        Progress: 1000/1000
   === [Elétrons] Concluído em 5m 30.69s ===
[SDSS J125027.42+001345.6] Calculating Electrons (1D Transport)...
   [SDSS J125027.42+001345.6] -> Transport approx 0 (sem IC)...
   [Transport] Executando paralelização para electron...
   -> [Fótons] Generating photon table (Sync + IC)...
      Calculando componente Síncrotron...
      Calculando componente Compton Inverso (IC)...
        Progress: 40/1000
        Progress: 80/1000
        Progress: 120/1000
        Progress: 160/1000
        Progress: 200/1000
        Progress: 240/1000
        Progress: 280/1000
        Progress: 320/1000
        Progress: 360/1000
        Progress: 400/1000
        Progress: 440/1000
        Progress: 480/1000
        Progress: 520/1000
        Progress: 560/1000
        Progress: 600/1000
        Progress: 640/1000
        Progress: 680/1000
        Progress: 720/1000
        Progress: 760/1000
        Progress: 800/1000
        Progress: 840/1000
        Progress: 880/1000
        Progress: 920/1000
        Progress: 960/1000
        Progress: 1000/1000
   -> [IC] Generating IC rate table...
   [SDSS J125027.42+001345.6] -> Transport approx 1 (com IC)...
   [Transport] Executando paralelização para electron...
   -> [Fótons] Generating photon table (Sync + IC)...
      Calculando componente Síncrotron...
      Calculando componente Compton Inverso (IC)...
        Progress: 40/1000
        Progress: 80/1000
        Progress: 120/1000
        Progress: 160/1000
        Progress: 200/1000
        Progress: 240/1000
        Progress: 280/1000
        Progress: 320/1000
        Progress: 360/1000
        Progress: 400/1000
        Progress: 440/1000
        Progress: 480/1000
        Progress: 520/1000
        Progress: 560/1000
        Progress: 600/1000
        Progress: 640/1000
        Progress: 680/1000
        Progress: 720/1000
        Progress: 760/1000
        Progress: 800/1000
        Progress: 840/1000
        Progress: 880/1000
        Progress: 920/1000
        Progress: 960/1000
        Progress: 1000/1000
   === [Elétrons] Concluído em 5m 47.08s ===
[SDSS J125409.12-011527.1] Calculating Electrons (1D Transport)...
   [SDSS J125409.12-011527.1] -> Transport approx 0 (sem IC)...
   [Transport] Executando paralelização para electron...
   -> [Fótons] Generating photon table (Sync + IC)...
      Calculando componente Síncrotron...
      Calculando componente Compton Inverso (IC)...
        Progress: 40/1000
        Progress: 80/1000
        Progress: 120/1000
        Progress: 160/1000
        Progress: 200/1000
        Progress: 240/1000
        Progress: 280/1000
        Progress: 320/1000
        Progress: 360/1000
        Progress: 400/1000
        Progress: 440/1000
        Progress: 480/1000
        Progress: 520/1000
        Progress: 560/1000
        Progress: 600/1000
        Progress: 640/1000
        Progress: 680/1000
        Progress: 720/1000
        Progress: 760/1000
        Progress: 800/1000
        Progress: 840/1000
        Progress: 880/1000
        Progress: 920/1000
        Progress: 960/1000
        Progress: 1000/1000
   -> [IC] Generating IC rate table...
   [SDSS J125409.12-011527.1] -> Transport approx 1 (com IC)...
   [Transport] Executando paralelização para electron...
   -> [Fótons] Generating photon table (Sync + IC)...
      Calculando componente Síncrotron...
      Calculando componente Compton Inverso (IC)...
        Progress: 40/1000
        Progress: 80/1000
        Progress: 120/1000
        Progress: 160/1000
        Progress: 200/1000
        Progress: 240/1000
        Progress: 280/1000
        Progress: 320/1000
        Progress: 360/1000
        Progress: 400/1000
        Progress: 440/1000
        Progress: 480/1000
        Progress: 520/1000
        Progress: 560/1000
        Progress: 600/1000
        Progress: 640/1000
        Progress: 680/1000
        Progress: 720/1000
        Progress: 760/1000
        Progress: 800/1000
        Progress: 840/1000
        Progress: 880/1000
        Progress: 920/1000
        Progress: 960/1000
        Progress: 1000/1000
   === [Elétrons] Concluído em 5m 38.19s ===
[SDSS J130404.99+075428.4] Calculating Electrons (1D Transport)...
   [SDSS J130404.99+075428.4] -> Transport approx 0 (sem IC)...
   [Transport] Executando paralelização para electron...
   -> [Fótons] Generating photon table (Sync + IC)...
      Calculando componente Síncrotron...
      Calculando componente Compton Inverso (IC)...
        Progress: 40/1000
        Progress: 80/1000
        Progress: 120/1000
        Progress: 160/1000
        Progress: 200/1000
        Progress: 240/1000
        Progress: 280/1000
        Progress: 320/1000
        Progress: 360/1000
        Progress: 400/1000
        Progress: 440/1000
        Progress: 480/1000
        Progress: 520/1000
        Progress: 560/1000
        Progress: 600/1000
        Progress: 640/1000
        Progress: 680/1000
        Progress: 720/1000
        Progress: 760/1000
        Progress: 800/1000
        Progress: 840/1000
        Progress: 880/1000
        Progress: 920/1000
        Progress: 960/1000
        Progress: 1000/1000
   -> [IC] Generating IC rate table...
   [SDSS J130404.99+075428.4] -> Transport approx 1 (com IC)...
   [Transport] Executando paralelização para electron...
   -> [Fótons] Generating photon table (Sync + IC)...
      Calculando componente Síncrotron...
      Calculando componente Compton Inverso (IC)...
        Progress: 40/1000
        Progress: 80/1000
        Progress: 120/1000
        Progress: 160/1000
        Progress: 200/1000
        Progress: 240/1000
        Progress: 280/1000
        Progress: 320/1000
        Progress: 360/1000
        Progress: 400/1000
        Progress: 440/1000
        Progress: 480/1000
        Progress: 520/1000
        Progress: 560/1000
        Progress: 600/1000
        Progress: 640/1000
        Progress: 680/1000
        Progress: 720/1000
        Progress: 760/1000
        Progress: 800/1000
        Progress: 840/1000
        Progress: 880/1000
        Progress: 920/1000
        Progress: 960/1000
        Progress: 1000/1000
   === [Elétrons] Concluído em 5m 18.00s ===
[SDSS J130837.91+434415.1] Calculating Electrons (1D Transport)...
   [SDSS J130837.91+434415.1] -> Transport approx 0 (sem IC)...
   [Transport] Executando paralelização para electron...
   -> [Fótons] Generating photon table (Sync + IC)...
      Calculando componente Síncrotron...
      Calculando componente Compton Inverso (IC)...
        Progress: 40/1000
        Progress: 80/1000
        Progress: 120/1000
        Progress: 160/1000
        Progress: 200/1000
        Progress: 240/1000
        Progress: 280/1000
        Progress: 320/1000
        Progress: 360/1000
        Progress: 400/1000
        Progress: 440/1000
        Progress: 480/1000
        Progress: 520/1000
        Progress: 560/1000
        Progress: 600/1000
        Progress: 640/1000
        Progress: 680/1000
        Progress: 720/1000
        Progress: 760/1000
        Progress: 800/1000
        Progress: 840/1000
        Progress: 880/1000
        Progress: 920/1000
        Progress: 960/1000
        Progress: 1000/1000
   -> [IC] Generating IC rate table...
   [SDSS J130837.91+434415.1] -> Transport approx 1 (com IC)...
   [Transport] Executando paralelização para electron...
   -> [Fótons] Generating photon table (Sync + IC)...
      Calculando componente Síncrotron...
      Calculando componente Compton Inverso (IC)...
        Progress: 40/1000
        Progress: 80/1000
        Progress: 120/1000
        Progress: 160/1000
        Progress: 200/1000
        Progress: 240/1000
        Progress: 280/1000
        Progress: 320/1000
        Progress: 360/1000
        Progress: 400/1000
        Progress: 440/1000
        Progress: 480/1000
        Progress: 520/1000
        Progress: 560/1000
        Progress: 600/1000
        Progress: 640/1000
        Progress: 680/1000
        Progress: 720/1000
        Progress: 760/1000
        Progress: 800/1000
        Progress: 840/1000
        Progress: 880/1000
        Progress: 920/1000
        Progress: 960/1000
        Progress: 1000/1000
   === [Elétrons] Concluído em 5m 26.73s ===
[SDSS J133042.51+323249.0] Calculating Electrons (1D Transport)...
   [SDSS J133042.51+323249.0] -> Transport approx 0 (sem IC)...
   [Transport] Executando paralelização para electron...
   -> [Fótons] Generating photon table (Sync + IC)...
      Calculando componente Síncrotron...
      Calculando componente Compton Inverso (IC)...
        Progress: 40/1000
        Progress: 80/1000
        Progress: 120/1000
        Progress: 160/1000
        Progress: 200/1000
        Progress: 240/1000
        Progress: 280/1000
        Progress: 320/1000
        Progress: 360/1000
        Progress: 400/1000
        Progress: 440/1000
        Progress: 480/1000
        Progress: 520/1000
        Progress: 560/1000
        Progress: 600/1000
        Progress: 640/1000
        Progress: 680/1000
        Progress: 720/1000
        Progress: 760/1000
        Progress: 800/1000
        Progress: 840/1000
        Progress: 880/1000
        Progress: 920/1000
        Progress: 960/1000
        Progress: 1000/1000
   -> [IC] Generating IC rate table...
   [SDSS J133042.51+323249.0] -> Transport approx 1 (com IC)...
   [Transport] Executando paralelização para electron...
   -> [Fótons] Generating photon table (Sync + IC)...
      Calculando componente Síncrotron...
      Calculando componente Compton Inverso (IC)...
        Progress: 40/1000
        Progress: 80/1000
        Progress: 120/1000
        Progress: 160/1000
        Progress: 200/1000
        Progress: 240/1000
        Progress: 280/1000
        Progress: 320/1000
        Progress: 360/1000
        Progress: 400/1000
        Progress: 440/1000
        Progress: 480/1000
        Progress: 520/1000
        Progress: 560/1000
        Progress: 600/1000
        Progress: 640/1000
        Progress: 680/1000
        Progress: 720/1000
        Progress: 760/1000
        Progress: 800/1000
        Progress: 840/1000
        Progress: 880/1000
        Progress: 920/1000
        Progress: 960/1000
        Progress: 1000/1000
   === [Elétrons] Concluído em 5m 44.27s ===
[SDSS J133455.94+134431.7] Calculating Electrons (1D Transport)...
   [SDSS J133455.94+134431.7] -> Transport approx 0 (sem IC)...
   [Transport] Executando paralelização para electron...
   -> [Fótons] Generating photon table (Sync + IC)...
      Calculando componente Síncrotron...
      Calculando componente Compton Inverso (IC)...
        Progress: 40/1000
        Progress: 80/1000
        Progress: 120/1000
        Progress: 160/1000
        Progress: 200/1000
        Progress: 240/1000
        Progress: 280/1000
        Progress: 320/1000
        Progress: 360/1000
        Progress: 400/1000
        Progress: 440/1000
        Progress: 480/1000
        Progress: 520/1000
        Progress: 560/1000
        Progress: 600/1000
        Progress: 640/1000
        Progress: 680/1000
        Progress: 720/1000
        Progress: 760/1000
        Progress: 800/1000
        Progress: 840/1000
        Progress: 880/1000
        Progress: 920/1000
        Progress: 960/1000
        Progress: 1000/1000
   -> [IC] Generating IC rate table...
   [SDSS J133455.94+134431.7] -> Transport approx 1 (com IC)...
   [Transport] Executando paralelização para electron...
   -> [Fótons] Generating photon table (Sync + IC)...
      Calculando componente Síncrotron...
      Calculando componente Compton Inverso (IC)...
        Progress: 40/1000
        Progress: 80/1000
        Progress: 120/1000
        Progress: 160/1000
        Progress: 200/1000
        Progress: 240/1000
        Progress: 280/1000
        Progress: 320/1000
        Progress: 360/1000
        Progress: 400/1000
        Progress: 440/1000
        Progress: 480/1000
        Progress: 520/1000
        Progress: 560/1000
        Progress: 600/1000
        Progress: 640/1000
        Progress: 680/1000
        Progress: 720/1000
        Progress: 760/1000
        Progress: 800/1000
        Progress: 840/1000
        Progress: 880/1000
        Progress: 920/1000
        Progress: 960/1000
        Progress: 1000/1000
   === [Elétrons] Concluído em 5m 16.02s ===
[SDSS J133621.18+031951.0] Calculating Electrons (1D Transport)...
   [SDSS J133621.18+031951.0] -> Transport approx 0 (sem IC)...
   [Transport] Executando paralelização para electron...
   -> [Fótons] Generating photon table (Sync + IC)...
      Calculando componente Síncrotron...
      Calculando componente Compton Inverso (IC)...
        Progress: 40/1000
        Progress: 80/1000
        Progress: 120/1000
        Progress: 160/1000
        Progress: 200/1000
        Progress: 240/1000
        Progress: 280/1000
        Progress: 320/1000
        Progress: 360/1000
        Progress: 400/1000
        Progress: 440/1000
        Progress: 480/1000
        Progress: 520/1000
        Progress: 560/1000
        Progress: 600/1000
        Progress: 640/1000
        Progress: 680/1000
        Progress: 720/1000
        Progress: 760/1000
        Progress: 800/1000
        Progress: 840/1000
        Progress: 880/1000
        Progress: 920/1000
        Progress: 960/1000
        Progress: 1000/1000
   -> [IC] Generating IC rate table...
   [SDSS J133621.18+031951.0] -> Transport approx 1 (com IC)...
   [Transport] Executando paralelização para electron...
   -> [Fótons] Generating photon table (Sync + IC)...
      Calculando componente Síncrotron...
      Calculando componente Compton Inverso (IC)...
        Progress: 40/1000
        Progress: 80/1000
        Progress: 120/1000
        Progress: 160/1000
        Progress: 200/1000
        Progress: 240/1000
        Progress: 280/1000
        Progress: 320/1000
        Progress: 360/1000
        Progress: 400/1000
        Progress: 440/1000
        Progress: 480/1000
        Progress: 520/1000
        Progress: 560/1000
        Progress: 600/1000
        Progress: 640/1000
        Progress: 680/1000
        Progress: 720/1000
        Progress: 760/1000
        Progress: 800/1000
        Progress: 840/1000
        Progress: 880/1000
        Progress: 920/1000
        Progress: 960/1000
        Progress: 1000/1000
   === [Elétrons] Concluído em 5m 33.03s ===
[SDSS J133737.49+155820.0] Calculating Electrons (1D Transport)...
   [SDSS J133737.49+155820.0] -> Transport approx 0 (sem IC)...
   [Transport] Executando paralelização para electron...
   -> [Fótons] Generating photon table (Sync + IC)...
      Calculando componente Síncrotron...
      Calculando componente Compton Inverso (IC)...
        Progress: 40/1000
        Progress: 80/1000
        Progress: 120/1000
        Progress: 160/1000
        Progress: 200/1000
        Progress: 240/1000
        Progress: 280/1000
        Progress: 320/1000
        Progress: 360/1000
        Progress: 400/1000
        Progress: 440/1000
        Progress: 480/1000
        Progress: 520/1000
        Progress: 560/1000
        Progress: 600/1000
        Progress: 640/1000
        Progress: 680/1000
        Progress: 720/1000
        Progress: 760/1000
        Progress: 800/1000
        Progress: 840/1000
        Progress: 880/1000
        Progress: 920/1000
        Progress: 960/1000
        Progress: 1000/1000
   -> [IC] Generating IC rate table...
   [SDSS J133737.49+155820.0] -> Transport approx 1 (com IC)...
   [Transport] Executando paralelização para electron...
   -> [Fótons] Generating photon table (Sync + IC)...
      Calculando componente Síncrotron...
      Calculando componente Compton Inverso (IC)...
        Progress: 40/1000
        Progress: 80/1000
        Progress: 120/1000
        Progress: 160/1000
        Progress: 200/1000
        Progress: 240/1000
        Progress: 280/1000
        Progress: 320/1000
        Progress: 360/1000
        Progress: 400/1000
        Progress: 440/1000
        Progress: 480/1000
        Progress: 520/1000
        Progress: 560/1000
        Progress: 600/1000
        Progress: 640/1000
        Progress: 680/1000
        Progress: 720/1000
        Progress: 760/1000
        Progress: 800/1000
        Progress: 840/1000
        Progress: 880/1000
        Progress: 920/1000
        Progress: 960/1000
        Progress: 1000/1000
   === [Elétrons] Concluído em 5m 19.68s ===
[SDSS J134159.72+294653.5] Calculating Electrons (1D Transport)...
   [SDSS J134159.72+294653.5] -> Transport approx 0 (sem IC)...
   [Transport] Executando paralelização para electron...
   -> [Fótons] Generating photon table (Sync + IC)...
      Calculando componente Síncrotron...
      Calculando componente Compton Inverso (IC)...
        Progress: 40/1000
        Progress: 80/1000
        Progress: 120/1000
        Progress: 160/1000
        Progress: 200/1000
        Progress: 240/1000
        Progress: 280/1000
        Progress: 320/1000
        Progress: 360/1000
        Progress: 400/1000
        Progress: 440/1000
        Progress: 480/1000
        Progress: 520/1000
        Progress: 560/1000
        Progress: 600/1000
        Progress: 640/1000
        Progress: 680/1000
        Progress: 720/1000
        Progress: 760/1000
        Progress: 800/1000
        Progress: 840/1000
        Progress: 880/1000
        Progress: 920/1000
        Progress: 960/1000
        Progress: 1000/1000
   -> [IC] Generating IC rate table...
   [SDSS J134159.72+294653.5] -> Transport approx 1 (com IC)...
   [Transport] Executando paralelização para electron...
   -> [Fótons] Generating photon table (Sync + IC)...
      Calculando componente Síncrotron...
      Calculando componente Compton Inverso (IC)...
        Progress: 40/1000
        Progress: 80/1000
        Progress: 120/1000
        Progress: 160/1000
        Progress: 200/1000
        Progress: 240/1000
        Progress: 280/1000
        Progress: 320/1000
        Progress: 360/1000
        Progress: 400/1000
        Progress: 440/1000
        Progress: 480/1000
        Progress: 520/1000
        Progress: 560/1000
        Progress: 600/1000
        Progress: 640/1000
        Progress: 680/1000
        Progress: 720/1000
        Progress: 760/1000
        Progress: 800/1000
        Progress: 840/1000
        Progress: 880/1000
        Progress: 920/1000
        Progress: 960/1000
        Progress: 1000/1000
   === [Elétrons] Concluído em 5m 37.37s ===
[SDSS J135036.01+334217.3] Calculating Electrons (1D Transport)...
   [SDSS J135036.01+334217.3] -> Transport approx 0 (sem IC)...
   [Transport] Executando paralelização para electron...
   -> [Fótons] Generating photon table (Sync + IC)...
      Calculando componente Síncrotron...
      Calculando componente Compton Inverso (IC)...
        Progress: 40/1000
        Progress: 80/1000
        Progress: 120/1000
        Progress: 160/1000
        Progress: 200/1000
        Progress: 240/1000
        Progress: 280/1000
        Progress: 320/1000
        Progress: 360/1000
        Progress: 400/1000
        Progress: 440/1000
        Progress: 480/1000
        Progress: 520/1000
        Progress: 560/1000
        Progress: 600/1000
        Progress: 640/1000
        Progress: 680/1000
        Progress: 720/1000
        Progress: 760/1000
        Progress: 800/1000
        Progress: 840/1000
        Progress: 880/1000
        Progress: 920/1000
        Progress: 960/1000
        Progress: 1000/1000
   -> [IC] Generating IC rate table...
   [SDSS J135036.01+334217.3] -> Transport approx 1 (com IC)...
   [Transport] Executando paralelização para electron...
   -> [Fótons] Generating photon table (Sync + IC)...
      Calculando componente Síncrotron...
      Calculando componente Compton Inverso (IC)...
        Progress: 40/1000
        Progress: 80/1000
        Progress: 120/1000
        Progress: 160/1000
        Progress: 200/1000
        Progress: 240/1000
        Progress: 280/1000
        Progress: 320/1000
        Progress: 360/1000
        Progress: 400/1000
        Progress: 440/1000
        Progress: 480/1000
        Progress: 520/1000
        Progress: 560/1000
        Progress: 600/1000
        Progress: 640/1000
        Progress: 680/1000
        Progress: 720/1000
        Progress: 760/1000
        Progress: 800/1000
        Progress: 840/1000
        Progress: 880/1000
        Progress: 920/1000
        Progress: 960/1000
        Progress: 1000/1000
   === [Elétrons] Concluído em 5m 37.62s ===
[SDSS J135226.71+140528.5] Calculating Electrons (1D Transport)...
   [SDSS J135226.71+140528.5] -> Transport approx 0 (sem IC)...
   [Transport] Executando paralelização para electron...
   -> [Fótons] Generating photon table (Sync + IC)...
      Calculando componente Síncrotron...
      Calculando componente Compton Inverso (IC)...
        Progress: 40/1000
        Progress: 80/1000
        Progress: 120/1000
        Progress: 160/1000
        Progress: 200/1000
        Progress: 240/1000
        Progress: 280/1000
        Progress: 320/1000
        Progress: 360/1000
        Progress: 400/1000
        Progress: 440/1000
        Progress: 480/1000
        Progress: 520/1000
        Progress: 560/1000
        Progress: 600/1000
        Progress: 640/1000
        Progress: 680/1000
        Progress: 720/1000
        Progress: 760/1000
        Progress: 800/1000
        Progress: 840/1000
        Progress: 880/1000
        Progress: 920/1000
        Progress: 960/1000
        Progress: 1000/1000
   -> [IC] Generating IC rate table...
   [SDSS J135226.71+140528.5] -> Transport approx 1 (com IC)...
   [Transport] Executando paralelização para electron...
   -> [Fótons] Generating photon table (Sync + IC)...
      Calculando componente Síncrotron...
      Calculando componente Compton Inverso (IC)...
        Progress: 40/1000
        Progress: 80/1000
        Progress: 120/1000
        Progress: 160/1000
        Progress: 200/1000
        Progress: 240/1000
        Progress: 280/1000
        Progress: 320/1000
        Progress: 360/1000
        Progress: 400/1000
        Progress: 440/1000
        Progress: 480/1000
        Progress: 520/1000
        Progress: 560/1000
        Progress: 600/1000
        Progress: 640/1000
        Progress: 680/1000
        Progress: 720/1000
        Progress: 760/1000
        Progress: 800/1000
        Progress: 840/1000
        Progress: 880/1000
        Progress: 920/1000
        Progress: 960/1000
        Progress: 1000/1000
   === [Elétrons] Concluído em 5m 7.27s ===
[SDSS J140528.32+304602.0] Calculating Electrons (1D Transport)...
   [SDSS J140528.32+304602.0] -> Transport approx 0 (sem IC)...
   [Transport] Executando paralelização para electron...
   -> [Fótons] Generating photon table (Sync + IC)...
      Calculando componente Síncrotron...
      Calculando componente Compton Inverso (IC)...
        Progress: 40/1000
        Progress: 80/1000
        Progress: 120/1000
        Progress: 160/1000
        Progress: 200/1000
        Progress: 240/1000
        Progress: 280/1000
        Progress: 320/1000
        Progress: 360/1000
        Progress: 400/1000
        Progress: 440/1000
        Progress: 480/1000
        Progress: 520/1000
        Progress: 560/1000
        Progress: 600/1000
        Progress: 640/1000
        Progress: 680/1000
        Progress: 720/1000
        Progress: 760/1000
        Progress: 800/1000
        Progress: 840/1000
        Progress: 880/1000
        Progress: 920/1000
        Progress: 960/1000
        Progress: 1000/1000
   -> [IC] Generating IC rate table...
   [SDSS J140528.32+304602.0] -> Transport approx 1 (com IC)...
   [Transport] Executando paralelização para electron...
   -> [Fótons] Generating photon table (Sync + IC)...
      Calculando componente Síncrotron...
      Calculando componente Compton Inverso (IC)...
        Progress: 40/1000
        Progress: 80/1000
        Progress: 120/1000
        Progress: 160/1000
        Progress: 200/1000
        Progress: 240/1000
        Progress: 280/1000
        Progress: 320/1000
        Progress: 360/1000
        Progress: 400/1000
        Progress: 440/1000
        Progress: 480/1000
        Progress: 520/1000
        Progress: 560/1000
        Progress: 600/1000
        Progress: 640/1000
        Progress: 680/1000
        Progress: 720/1000
        Progress: 760/1000
        Progress: 800/1000
        Progress: 840/1000
        Progress: 880/1000
        Progress: 920/1000
        Progress: 960/1000
        Progress: 1000/1000
   === [Elétrons] Concluído em 5m 51.91s ===
[SDSS J141451.35+030751.2] Calculating Electrons (1D Transport)...
   [SDSS J141451.35+030751.2] -> Transport approx 0 (sem IC)...
   [Transport] Executando paralelização para electron...
   -> [Fótons] Generating photon table (Sync + IC)...
      Calculando componente Síncrotron...
      Calculando componente Compton Inverso (IC)...
        Progress: 40/1000
        Progress: 80/1000
        Progress: 120/1000
        Progress: 160/1000
        Progress: 200/1000
        Progress: 240/1000
        Progress: 280/1000
        Progress: 320/1000
        Progress: 360/1000
        Progress: 400/1000
        Progress: 440/1000
        Progress: 480/1000
        Progress: 520/1000
        Progress: 560/1000
        Progress: 600/1000
        Progress: 640/1000
        Progress: 680/1000
        Progress: 720/1000
        Progress: 760/1000
        Progress: 800/1000
        Progress: 840/1000
        Progress: 880/1000
        Progress: 920/1000
        Progress: 960/1000
        Progress: 1000/1000
   -> [IC] Generating IC rate table...
   [SDSS J141451.35+030751.2] -> Transport approx 1 (com IC)...
   [Transport] Executando paralelização para electron...
   -> [Fótons] Generating photon table (Sync + IC)...
      Calculando componente Síncrotron...
      Calculando componente Compton Inverso (IC)...
        Progress: 40/1000
        Progress: 80/1000
        Progress: 120/1000
        Progress: 160/1000
        Progress: 200/1000
        Progress: 240/1000
        Progress: 280/1000
        Progress: 320/1000
        Progress: 360/1000
        Progress: 400/1000
        Progress: 440/1000
        Progress: 480/1000
        Progress: 520/1000
        Progress: 560/1000
        Progress: 600/1000
        Progress: 640/1000
        Progress: 680/1000
        Progress: 720/1000
        Progress: 760/1000
        Progress: 800/1000
        Progress: 840/1000
        Progress: 880/1000
        Progress: 920/1000
        Progress: 960/1000
        Progress: 1000/1000
   === [Elétrons] Concluído em 5m 31.38s ===
[SDSS J141517.98-022641.0] Calculating Electrons (1D Transport)...
   [SDSS J141517.98-022641.0] -> Transport approx 0 (sem IC)...
   [Transport] Executando paralelização para electron...
   -> [Fótons] Generating photon table (Sync + IC)...
      Calculando componente Síncrotron...
      Calculando componente Compton Inverso (IC)...
        Progress: 40/1000
        Progress: 80/1000
        Progress: 120/1000
        Progress: 160/1000
        Progress: 200/1000
        Progress: 240/1000
        Progress: 280/1000
        Progress: 320/1000
        Progress: 360/1000
        Progress: 400/1000
        Progress: 440/1000
        Progress: 480/1000
        Progress: 520/1000
        Progress: 560/1000
        Progress: 600/1000
        Progress: 640/1000
        Progress: 680/1000
        Progress: 720/1000
        Progress: 760/1000
        Progress: 800/1000
        Progress: 840/1000
        Progress: 880/1000
        Progress: 920/1000
        Progress: 960/1000
        Progress: 1000/1000
   -> [IC] Generating IC rate table...
   [SDSS J141517.98-022641.0] -> Transport approx 1 (com IC)...
   [Transport] Executando paralelização para electron...
   -> [Fótons] Generating photon table (Sync + IC)...
      Calculando componente Síncrotron...
      Calculando componente Compton Inverso (IC)...
        Progress: 40/1000
        Progress: 80/1000
        Progress: 120/1000
        Progress: 160/1000
        Progress: 200/1000
        Progress: 240/1000
        Progress: 280/1000
        Progress: 320/1000
        Progress: 360/1000
        Progress: 400/1000
        Progress: 440/1000
        Progress: 480/1000
        Progress: 520/1000
        Progress: 560/1000
        Progress: 600/1000
        Progress: 640/1000
        Progress: 680/1000
        Progress: 720/1000
        Progress: 760/1000
        Progress: 800/1000
        Progress: 840/1000
        Progress: 880/1000
        Progress: 920/1000
        Progress: 960/1000
        Progress: 1000/1000
   === [Elétrons] Concluído em 5m 19.20s ===
[SDSS J142724.23+372817.0] Calculating Electrons (1D Transport)...
   [SDSS J142724.23+372817.0] -> Transport approx 0 (sem IC)...
   [Transport] Executando paralelização para electron...
   -> [Fótons] Generating photon table (Sync + IC)...
      Calculando componente Síncrotron...
      Calculando componente Compton Inverso (IC)...
        Progress: 40/1000
        Progress: 80/1000
        Progress: 120/1000
        Progress: 160/1000
        Progress: 200/1000
        Progress: 240/1000
        Progress: 280/1000
        Progress: 320/1000
        Progress: 360/1000
        Progress: 400/1000
        Progress: 440/1000
        Progress: 480/1000
        Progress: 520/1000
        Progress: 560/1000
        Progress: 600/1000
        Progress: 640/1000
        Progress: 680/1000
        Progress: 720/1000
        Progress: 760/1000
        Progress: 800/1000
        Progress: 840/1000
        Progress: 880/1000
        Progress: 920/1000
        Progress: 960/1000
        Progress: 1000/1000
   -> [IC] Generating IC rate table...
   [SDSS J142724.23+372817.0] -> Transport approx 1 (com IC)...
   [Transport] Executando paralelização para electron...
   -> [Fótons] Generating photon table (Sync + IC)...
      Calculando componente Síncrotron...
      Calculando componente Compton Inverso (IC)...
        Progress: 40/1000
        Progress: 80/1000
        Progress: 120/1000
        Progress: 160/1000
        Progress: 200/1000
        Progress: 240/1000
        Progress: 280/1000
        Progress: 320/1000
        Progress: 360/1000
        Progress: 400/1000
        Progress: 440/1000
        Progress: 480/1000
        Progress: 520/1000
        Progress: 560/1000
        Progress: 600/1000
        Progress: 640/1000
        Progress: 680/1000
        Progress: 720/1000
        Progress: 760/1000
        Progress: 800/1000
        Progress: 840/1000
        Progress: 880/1000
        Progress: 920/1000
        Progress: 960/1000
        Progress: 1000/1000
   === [Elétrons] Concluído em 5m 11.56s ===
[SDSS J143156.59+164615.4] Calculating Electrons (1D Transport)...
   [SDSS J143156.59+164615.4] -> Transport approx 0 (sem IC)...
   [Transport] Executando paralelização para electron...
   -> [Fótons] Generating photon table (Sync + IC)...
      Calculando componente Síncrotron...
      Calculando componente Compton Inverso (IC)...
        Progress: 40/1000
        Progress: 80/1000
        Progress: 120/1000
        Progress: 160/1000
        Progress: 200/1000
        Progress: 240/1000
        Progress: 280/1000
        Progress: 320/1000
        Progress: 360/1000
        Progress: 400/1000
        Progress: 440/1000
        Progress: 480/1000
        Progress: 520/1000
        Progress: 560/1000
        Progress: 600/1000
        Progress: 640/1000
        Progress: 680/1000
        Progress: 720/1000
        Progress: 760/1000
        Progress: 800/1000
        Progress: 840/1000
        Progress: 880/1000
        Progress: 920/1000
        Progress: 960/1000
        Progress: 1000/1000
   -> [IC] Generating IC rate table...
   [SDSS J143156.59+164615.4] -> Transport approx 1 (com IC)...
   [Transport] Executando paralelização para electron...
   -> [Fótons] Generating photon table (Sync + IC)...
      Calculando componente Síncrotron...
      Calculando componente Compton Inverso (IC)...
        Progress: 40/1000
        Progress: 80/1000
        Progress: 120/1000
        Progress: 160/1000
        Progress: 200/1000
        Progress: 240/1000
        Progress: 280/1000
        Progress: 320/1000
        Progress: 360/1000
        Progress: 400/1000
        Progress: 440/1000
        Progress: 480/1000
        Progress: 520/1000
        Progress: 560/1000
        Progress: 600/1000
        Progress: 640/1000
        Progress: 680/1000
        Progress: 720/1000
        Progress: 760/1000
        Progress: 800/1000
        Progress: 840/1000
        Progress: 880/1000
        Progress: 920/1000
        Progress: 960/1000
        Progress: 1000/1000
   === [Elétrons] Concluído em 5m 19.44s ===
[SDSS J143312.96+525747.3] Calculating Electrons (1D Transport)...
   [SDSS J143312.96+525747.3] -> Transport approx 0 (sem IC)...
   [Transport] Executando paralelização para electron...
   -> [Fótons] Generating photon table (Sync + IC)...
      Calculando componente Síncrotron...
      Calculando componente Compton Inverso (IC)...
        Progress: 40/1000
        Progress: 80/1000
        Progress: 120/1000
        Progress: 160/1000
        Progress: 200/1000
        Progress: 240/1000
        Progress: 280/1000
        Progress: 320/1000
        Progress: 360/1000
        Progress: 400/1000
        Progress: 440/1000
        Progress: 480/1000
        Progress: 520/1000
        Progress: 560/1000
        Progress: 600/1000
        Progress: 640/1000
        Progress: 680/1000
        Progress: 720/1000
        Progress: 760/1000
        Progress: 800/1000
        Progress: 840/1000
        Progress: 880/1000
        Progress: 920/1000
        Progress: 960/1000
        Progress: 1000/1000
   -> [IC] Generating IC rate table...
   [SDSS J143312.96+525747.3] -> Transport approx 1 (com IC)...
   [Transport] Executando paralelização para electron...
   -> [Fótons] Generating photon table (Sync + IC)...
      Calculando componente Síncrotron...
      Calculando componente Compton Inverso (IC)...
        Progress: 40/1000
        Progress: 80/1000
        Progress: 120/1000
        Progress: 160/1000
        Progress: 200/1000
        Progress: 240/1000
        Progress: 280/1000
        Progress: 320/1000
        Progress: 360/1000
        Progress: 400/1000
        Progress: 440/1000
        Progress: 480/1000
        Progress: 520/1000
        Progress: 560/1000
        Progress: 600/1000
        Progress: 640/1000
        Progress: 680/1000
        Progress: 720/1000
        Progress: 760/1000
        Progress: 800/1000
        Progress: 840/1000
        Progress: 880/1000
        Progress: 920/1000
        Progress: 960/1000
        Progress: 1000/1000
   === [Elétrons] Concluído em 5m 28.69s ===
[SDSS J143424.79+024756.2] Calculating Electrons (1D Transport)...
   [SDSS J143424.79+024756.2] -> Transport approx 0 (sem IC)...
   [Transport] Executando paralelização para electron...
   -> [Fótons] Generating photon table (Sync + IC)...
      Calculando componente Síncrotron...
      Calculando componente Compton Inverso (IC)...
        Progress: 40/1000
        Progress: 80/1000
        Progress: 120/1000
        Progress: 160/1000
        Progress: 200/1000
        Progress: 240/1000
        Progress: 280/1000
        Progress: 320/1000
        Progress: 360/1000
        Progress: 400/1000
        Progress: 440/1000
        Progress: 480/1000
        Progress: 520/1000
        Progress: 560/1000
        Progress: 600/1000
        Progress: 640/1000
        Progress: 680/1000
        Progress: 720/1000
        Progress: 760/1000
        Progress: 800/1000
        Progress: 840/1000
        Progress: 880/1000
        Progress: 920/1000
        Progress: 960/1000
        Progress: 1000/1000
   -> [IC] Generating IC rate table...
   [SDSS J143424.79+024756.2] -> Transport approx 1 (com IC)...
   [Transport] Executando paralelização para electron...
   -> [Fótons] Generating photon table (Sync + IC)...
      Calculando componente Síncrotron...
      Calculando componente Compton Inverso (IC)...
        Progress: 40/1000
        Progress: 80/1000
        Progress: 120/1000
        Progress: 160/1000
        Progress: 200/1000
        Progress: 240/1000
        Progress: 280/1000
        Progress: 320/1000
        Progress: 360/1000
        Progress: 400/1000
        Progress: 440/1000
        Progress: 480/1000
        Progress: 520/1000
        Progress: 560/1000
        Progress: 600/1000
        Progress: 640/1000
        Progress: 680/1000
        Progress: 720/1000
        Progress: 760/1000
        Progress: 800/1000
        Progress: 840/1000
        Progress: 880/1000
        Progress: 920/1000
        Progress: 960/1000
        Progress: 1000/1000
   === [Elétrons] Concluído em 5m 30.02s ===
[SDSS J143620.38+051951.5] Calculating Electrons (1D Transport)...
   [SDSS J143620.38+051951.5] -> Transport approx 0 (sem IC)...
   [Transport] Executando paralelização para electron...
   -> [Fótons] Generating photon table (Sync + IC)...
      Calculando componente Síncrotron...
      Calculando componente Compton Inverso (IC)...
        Progress: 40/1000
        Progress: 80/1000
        Progress: 120/1000
        Progress: 160/1000
        Progress: 200/1000
        Progress: 240/1000
        Progress: 280/1000
        Progress: 320/1000
        Progress: 360/1000
        Progress: 400/1000
        Progress: 440/1000
        Progress: 480/1000
        Progress: 520/1000
        Progress: 560/1000
        Progress: 600/1000
        Progress: 640/1000
        Progress: 680/1000
        Progress: 720/1000
        Progress: 760/1000
        Progress: 800/1000
        Progress: 840/1000
        Progress: 880/1000
        Progress: 920/1000
        Progress: 960/1000
        Progress: 1000/1000
   -> [IC] Generating IC rate table...
   [SDSS J143620.38+051951.5] -> Transport approx 1 (com IC)...
   [Transport] Executando paralelização para electron...
   -> [Fótons] Generating photon table (Sync + IC)...
      Calculando componente Síncrotron...
      Calculando componente Compton Inverso (IC)...
        Progress: 40/1000
        Progress: 80/1000
        Progress: 120/1000
        Progress: 160/1000
        Progress: 200/1000
        Progress: 240/1000
        Progress: 280/1000
        Progress: 320/1000
        Progress: 360/1000
        Progress: 400/1000
        Progress: 440/1000
        Progress: 480/1000
        Progress: 520/1000
        Progress: 560/1000
        Progress: 600/1000
        Progress: 640/1000
        Progress: 680/1000
        Progress: 720/1000
        Progress: 760/1000
        Progress: 800/1000
        Progress: 840/1000
        Progress: 880/1000
        Progress: 920/1000
        Progress: 960/1000
        Progress: 1000/1000
   === [Elétrons] Concluído em 5m 14.54s ===
[SDSS J144745.52+132032.2] Calculating Electrons (1D Transport)...
   [SDSS J144745.52+132032.2] -> Transport approx 0 (sem IC)...
   [Transport] Executando paralelização para electron...
   -> [Fótons] Generating photon table (Sync + IC)...
      Calculando componente Síncrotron...
      Calculando componente Compton Inverso (IC)...
        Progress: 40/1000
        Progress: 80/1000
        Progress: 120/1000
        Progress: 160/1000
        Progress: 200/1000
        Progress: 240/1000
        Progress: 280/1000
        Progress: 320/1000
        Progress: 360/1000
        Progress: 400/1000
        Progress: 440/1000
        Progress: 480/1000
        Progress: 520/1000
        Progress: 560/1000
        Progress: 600/1000
        Progress: 640/1000
        Progress: 680/1000
        Progress: 720/1000
        Progress: 760/1000
        Progress: 800/1000
        Progress: 840/1000
        Progress: 880/1000
        Progress: 920/1000
        Progress: 960/1000
        Progress: 1000/1000
   -> [IC] Generating IC rate table...
   [SDSS J144745.52+132032.2] -> Transport approx 1 (com IC)...
   [Transport] Executando paralelização para electron...
   -> [Fótons] Generating photon table (Sync + IC)...
      Calculando componente Síncrotron...
      Calculando componente Compton Inverso (IC)...
        Progress: 40/1000
        Progress: 80/1000
        Progress: 120/1000
        Progress: 160/1000
        Progress: 200/1000
        Progress: 240/1000
        Progress: 280/1000
        Progress: 320/1000
        Progress: 360/1000
        Progress: 400/1000
        Progress: 440/1000
        Progress: 480/1000
        Progress: 520/1000
        Progress: 560/1000
        Progress: 600/1000
        Progress: 640/1000
        Progress: 680/1000
        Progress: 720/1000
        Progress: 760/1000
        Progress: 800/1000
        Progress: 840/1000
        Progress: 880/1000
        Progress: 920/1000
        Progress: 960/1000
        Progress: 1000/1000
   === [Elétrons] Concluído em 5m 36.74s ===
[SDSS J145216.49+121711.5] Calculating Electrons (1D Transport)...
   [SDSS J145216.49+121711.5] -> Transport approx 0 (sem IC)...
   [Transport] Executando paralelização para electron...
   -> [Fótons] Generating photon table (Sync + IC)...
      Calculando componente Síncrotron...
      Calculando componente Compton Inverso (IC)...
        Progress: 40/1000
        Progress: 80/1000
        Progress: 120/1000
        Progress: 160/1000
        Progress: 200/1000
        Progress: 240/1000
        Progress: 280/1000
        Progress: 320/1000
        Progress: 360/1000
        Progress: 400/1000
        Progress: 440/1000
        Progress: 480/1000
        Progress: 520/1000
        Progress: 560/1000
        Progress: 600/1000
        Progress: 640/1000
        Progress: 680/1000
        Progress: 720/1000
        Progress: 760/1000
        Progress: 800/1000
        Progress: 840/1000
        Progress: 880/1000
        Progress: 920/1000
        Progress: 960/1000
        Progress: 1000/1000
   -> [IC] Generating IC rate table...
   [SDSS J145216.49+121711.5] -> Transport approx 1 (com IC)...
   [Transport] Executando paralelização para electron...
   -> [Fótons] Generating photon table (Sync + IC)...
      Calculando componente Síncrotron...
      Calculando componente Compton Inverso (IC)...
        Progress: 40/1000
        Progress: 80/1000
        Progress: 120/1000
        Progress: 160/1000
        Progress: 200/1000
        Progress: 240/1000
        Progress: 280/1000
        Progress: 320/1000
        Progress: 360/1000
        Progress: 400/1000
        Progress: 440/1000
        Progress: 480/1000
        Progress: 520/1000
        Progress: 560/1000
        Progress: 600/1000
        Progress: 640/1000
        Progress: 680/1000
        Progress: 720/1000
        Progress: 760/1000
        Progress: 800/1000
        Progress: 840/1000
        Progress: 880/1000
        Progress: 920/1000
        Progress: 960/1000
        Progress: 1000/1000
   === [Elétrons] Concluído em 5m 34.05s ===
[SDSS J145243.25+165413.4] Calculating Electrons (1D Transport)...
   [SDSS J145243.25+165413.4] -> Transport approx 0 (sem IC)...
   [Transport] Executando paralelização para electron...
   -> [Fótons] Generating photon table (Sync + IC)...
      Calculando componente Síncrotron...
      Calculando componente Compton Inverso (IC)...
        Progress: 40/1000
        Progress: 80/1000
        Progress: 120/1000
        Progress: 160/1000
        Progress: 200/1000
        Progress: 240/1000
        Progress: 280/1000
        Progress: 320/1000
        Progress: 360/1000
        Progress: 400/1000
        Progress: 440/1000
        Progress: 480/1000
        Progress: 520/1000
        Progress: 560/1000
        Progress: 600/1000
        Progress: 640/1000
        Progress: 680/1000
        Progress: 720/1000
        Progress: 760/1000
        Progress: 800/1000
        Progress: 840/1000
        Progress: 880/1000
        Progress: 920/1000
        Progress: 960/1000
        Progress: 1000/1000
   -> [IC] Generating IC rate table...
   [SDSS J145243.25+165413.4] -> Transport approx 1 (com IC)...
   [Transport] Executando paralelização para electron...
   -> [Fótons] Generating photon table (Sync + IC)...
      Calculando componente Síncrotron...
      Calculando componente Compton Inverso (IC)...
        Progress: 40/1000
        Progress: 80/1000
        Progress: 120/1000
        Progress: 160/1000
        Progress: 200/1000
        Progress: 240/1000
        Progress: 280/1000
        Progress: 320/1000
        Progress: 360/1000
        Progress: 400/1000
        Progress: 440/1000
        Progress: 480/1000
        Progress: 520/1000
        Progress: 560/1000
        Progress: 600/1000
        Progress: 640/1000
        Progress: 680/1000
        Progress: 720/1000
        Progress: 760/1000
        Progress: 800/1000
        Progress: 840/1000
        Progress: 880/1000
        Progress: 920/1000
        Progress: 960/1000
        Progress: 1000/1000
   === [Elétrons] Concluído em 5m 18.97s ===
[SDSS J145616.20+203120.6] Calculating Electrons (1D Transport)...
   [SDSS J145616.20+203120.6] -> Transport approx 0 (sem IC)...
   [Transport] Executando paralelização para electron...
   -> [Fótons] Generating photon table (Sync + IC)...
      Calculando componente Síncrotron...
      Calculando componente Compton Inverso (IC)...
        Progress: 40/1000
        Progress: 80/1000
        Progress: 120/1000
        Progress: 160/1000
        Progress: 200/1000
        Progress: 240/1000
        Progress: 280/1000
        Progress: 320/1000
        Progress: 360/1000
        Progress: 400/1000
        Progress: 440/1000
        Progress: 480/1000
        Progress: 520/1000
        Progress: 560/1000
        Progress: 600/1000
        Progress: 640/1000
        Progress: 680/1000
        Progress: 720/1000
        Progress: 760/1000
        Progress: 800/1000
        Progress: 840/1000
        Progress: 880/1000
        Progress: 920/1000
        Progress: 960/1000
        Progress: 1000/1000
   -> [IC] Generating IC rate table...
   [SDSS J145616.20+203120.6] -> Transport approx 1 (com IC)...
   [Transport] Executando paralelização para electron...
   -> [Fótons] Generating photon table (Sync + IC)...
      Calculando componente Síncrotron...
      Calculando componente Compton Inverso (IC)...
        Progress: 40/1000
        Progress: 80/1000
        Progress: 120/1000
        Progress: 160/1000
        Progress: 200/1000
        Progress: 240/1000
        Progress: 280/1000
        Progress: 320/1000
        Progress: 360/1000
        Progress: 400/1000
        Progress: 440/1000
        Progress: 480/1000
        Progress: 520/1000
        Progress: 560/1000
        Progress: 600/1000
        Progress: 640/1000
        Progress: 680/1000
        Progress: 720/1000
        Progress: 760/1000
        Progress: 800/1000
        Progress: 840/1000
        Progress: 880/1000
        Progress: 920/1000
        Progress: 960/1000
        Progress: 1000/1000
   === [Elétrons] Concluído em 5m 9.95s ===
[SDSS J150152.30+174228.2] Calculating Electrons (1D Transport)...
   [SDSS J150152.30+174228.2] -> Transport approx 0 (sem IC)...
   [Transport] Executando paralelização para electron...
   -> [Fótons] Generating photon table (Sync + IC)...
      Calculando componente Síncrotron...
      Calculando componente Compton Inverso (IC)...
        Progress: 40/1000
        Progress: 80/1000
        Progress: 120/1000
        Progress: 160/1000
        Progress: 200/1000
        Progress: 240/1000
        Progress: 280/1000
        Progress: 320/1000
        Progress: 360/1000
        Progress: 400/1000
        Progress: 440/1000
        Progress: 480/1000
        Progress: 520/1000
        Progress: 560/1000
        Progress: 600/1000
        Progress: 640/1000
        Progress: 680/1000
        Progress: 720/1000
        Progress: 760/1000
        Progress: 800/1000
        Progress: 840/1000
        Progress: 880/1000
        Progress: 920/1000
        Progress: 960/1000
        Progress: 1000/1000
   -> [IC] Generating IC rate table...
   [SDSS J150152.30+174228.2] -> Transport approx 1 (com IC)...
   [Transport] Executando paralelização para electron...
   -> [Fótons] Generating photon table (Sync + IC)...
      Calculando componente Síncrotron...
      Calculando componente Compton Inverso (IC)...
        Progress: 40/1000
        Progress: 80/1000
        Progress: 120/1000
        Progress: 160/1000
        Progress: 200/1000
        Progress: 240/1000
        Progress: 280/1000
        Progress: 320/1000
        Progress: 360/1000
        Progress: 400/1000
        Progress: 440/1000
        Progress: 480/1000
        Progress: 520/1000
        Progress: 560/1000
        Progress: 600/1000
        Progress: 640/1000
        Progress: 680/1000
        Progress: 720/1000
        Progress: 760/1000
        Progress: 800/1000
        Progress: 840/1000
        Progress: 880/1000
        Progress: 920/1000
        Progress: 960/1000
        Progress: 1000/1000
   === [Elétrons] Concluído em 5m 33.29s ===
[SDSS J150425.68+074929.7] Calculating Electrons (1D Transport)...
   [SDSS J150425.68+074929.7] -> Transport approx 0 (sem IC)...
   [Transport] Executando paralelização para electron...
   -> [Fótons] Generating photon table (Sync + IC)...
      Calculando componente Síncrotron...
      Calculando componente Compton Inverso (IC)...
        Progress: 40/1000
        Progress: 80/1000
        Progress: 120/1000
        Progress: 160/1000
        Progress: 200/1000
        Progress: 240/1000
        Progress: 280/1000
        Progress: 320/1000
        Progress: 360/1000
        Progress: 400/1000
        Progress: 440/1000
        Progress: 480/1000
        Progress: 520/1000
        Progress: 560/1000
        Progress: 600/1000
        Progress: 640/1000
        Progress: 680/1000
        Progress: 720/1000
        Progress: 760/1000
        Progress: 800/1000
        Progress: 840/1000
        Progress: 880/1000
        Progress: 920/1000
        Progress: 960/1000
        Progress: 1000/1000
   -> [IC] Generating IC rate table...
   [SDSS J150425.68+074929.7] -> Transport approx 1 (com IC)...
   [Transport] Executando paralelização para electron...
   -> [Fótons] Generating photon table (Sync + IC)...
      Calculando componente Síncrotron...
      Calculando componente Compton Inverso (IC)...
        Progress: 40/1000
        Progress: 80/1000
        Progress: 120/1000
        Progress: 160/1000
        Progress: 200/1000
        Progress: 240/1000
        Progress: 280/1000
        Progress: 320/1000
        Progress: 360/1000
        Progress: 400/1000
        Progress: 440/1000
        Progress: 480/1000
        Progress: 520/1000
        Progress: 560/1000
        Progress: 600/1000
        Progress: 640/1000
        Progress: 680/1000
        Progress: 720/1000
        Progress: 760/1000
        Progress: 800/1000
        Progress: 840/1000
        Progress: 880/1000
        Progress: 920/1000
        Progress: 960/1000
        Progress: 1000/1000
   === [Elétrons] Concluído em 5m 29.04s ===
[SDSS J150601.89+084723.2] Calculating Electrons (1D Transport)...
   [SDSS J150601.89+084723.2] -> Transport approx 0 (sem IC)...
   [Transport] Executando paralelização para electron...
   -> [Fótons] Generating photon table (Sync + IC)...
      Calculando componente Síncrotron...
      Calculando componente Compton Inverso (IC)...
        Progress: 40/1000
        Progress: 80/1000
        Progress: 120/1000
        Progress: 160/1000
        Progress: 200/1000
        Progress: 240/1000
        Progress: 280/1000
        Progress: 320/1000
        Progress: 360/1000
        Progress: 400/1000
        Progress: 440/1000
        Progress: 480/1000
        Progress: 520/1000
        Progress: 560/1000
        Progress: 600/1000
        Progress: 640/1000
        Progress: 680/1000
        Progress: 720/1000
        Progress: 760/1000
        Progress: 800/1000
        Progress: 840/1000
        Progress: 880/1000
        Progress: 920/1000
        Progress: 960/1000
        Progress: 1000/1000
   -> [IC] Generating IC rate table...
   [SDSS J150601.89+084723.2] -> Transport approx 1 (com IC)...
   [Transport] Executando paralelização para electron...
   -> [Fótons] Generating photon table (Sync + IC)...
      Calculando componente Síncrotron...
      Calculando componente Compton Inverso (IC)...
        Progress: 40/1000
        Progress: 80/1000
        Progress: 120/1000
        Progress: 160/1000
        Progress: 200/1000
        Progress: 240/1000
        Progress: 280/1000
        Progress: 320/1000
        Progress: 360/1000
        Progress: 400/1000
        Progress: 440/1000
        Progress: 480/1000
        Progress: 520/1000
        Progress: 560/1000
        Progress: 600/1000
        Progress: 640/1000
        Progress: 680/1000
        Progress: 720/1000
        Progress: 760/1000
        Progress: 800/1000
        Progress: 840/1000
        Progress: 880/1000
        Progress: 920/1000
        Progress: 960/1000
        Progress: 1000/1000
   === [Elétrons] Concluído em 5m 26.96s ===
[SDSS J150636.57+092618.3] Calculating Electrons (1D Transport)...
   [SDSS J150636.57+092618.3] -> Transport approx 0 (sem IC)...
   [Transport] Executando paralelização para electron...
   -> [Fótons] Generating photon table (Sync + IC)...
      Calculando componente Síncrotron...
      Calculando componente Compton Inverso (IC)...
        Progress: 40/1000
        Progress: 80/1000
        Progress: 120/1000
        Progress: 160/1000
        Progress: 200/1000
        Progress: 240/1000
        Progress: 280/1000
        Progress: 320/1000
        Progress: 360/1000
        Progress: 400/1000
        Progress: 440/1000
        Progress: 480/1000
        Progress: 520/1000
        Progress: 560/1000
        Progress: 600/1000
        Progress: 640/1000
        Progress: 680/1000
        Progress: 720/1000
        Progress: 760/1000
        Progress: 800/1000
        Progress: 840/1000
        Progress: 880/1000
        Progress: 920/1000
        Progress: 960/1000
        Progress: 1000/1000
   -> [IC] Generating IC rate table...
   [SDSS J150636.57+092618.3] -> Transport approx 1 (com IC)...
   [Transport] Executando paralelização para electron...
   -> [Fótons] Generating photon table (Sync + IC)...
      Calculando componente Síncrotron...
      Calculando componente Compton Inverso (IC)...
        Progress: 40/1000
        Progress: 80/1000
        Progress: 120/1000
        Progress: 160/1000
        Progress: 200/1000
        Progress: 240/1000
        Progress: 280/1000
        Progress: 320/1000
        Progress: 360/1000
        Progress: 400/1000
        Progress: 440/1000
        Progress: 480/1000
        Progress: 520/1000
        Progress: 560/1000
        Progress: 600/1000
        Progress: 640/1000
        Progress: 680/1000
        Progress: 720/1000
        Progress: 760/1000
        Progress: 800/1000
        Progress: 840/1000
        Progress: 880/1000
        Progress: 920/1000
        Progress: 960/1000
        Progress: 1000/1000
   === [Elétrons] Concluído em 5m 57.57s ===
[SDSS J150808.25+265457.6] Calculating Electrons (1D Transport)...
   [SDSS J150808.25+265457.6] -> Transport approx 0 (sem IC)...
   [Transport] Executando paralelização para electron...
   -> [Fótons] Generating photon table (Sync + IC)...
      Calculando componente Síncrotron...
      Calculando componente Compton Inverso (IC)...
        Progress: 40/1000
        Progress: 80/1000
        Progress: 120/1000
        Progress: 160/1000
        Progress: 200/1000
        Progress: 240/1000
        Progress: 280/1000
        Progress: 320/1000
        Progress: 360/1000
        Progress: 400/1000
        Progress: 440/1000
        Progress: 480/1000
        Progress: 520/1000
        Progress: 560/1000
        Progress: 600/1000
        Progress: 640/1000
        Progress: 680/1000
        Progress: 720/1000
        Progress: 760/1000
        Progress: 800/1000
        Progress: 840/1000
        Progress: 880/1000
        Progress: 920/1000
        Progress: 960/1000
        Progress: 1000/1000
   -> [IC] Generating IC rate table...
   [SDSS J150808.25+265457.6] -> Transport approx 1 (com IC)...
   [Transport] Executando paralelização para electron...
   -> [Fótons] Generating photon table (Sync + IC)...
      Calculando componente Síncrotron...
      Calculando componente Compton Inverso (IC)...
        Progress: 40/1000
        Progress: 80/1000
        Progress: 120/1000
        Progress: 160/1000
        Progress: 200/1000
        Progress: 240/1000
        Progress: 280/1000
        Progress: 320/1000
        Progress: 360/1000
        Progress: 400/1000
        Progress: 440/1000
        Progress: 480/1000
        Progress: 520/1000
        Progress: 560/1000
        Progress: 600/1000
        Progress: 640/1000
        Progress: 680/1000
        Progress: 720/1000
        Progress: 760/1000
        Progress: 800/1000
        Progress: 840/1000
        Progress: 880/1000
        Progress: 920/1000
        Progress: 960/1000
        Progress: 1000/1000
   === [Elétrons] Concluído em 5m 36.90s ===
[SDSS J152010.94+254319.3] Calculating Electrons (1D Transport)...
   [SDSS J152010.94+254319.3] -> Transport approx 0 (sem IC)...
   [Transport] Executando paralelização para electron...
   -> [Fótons] Generating photon table (Sync + IC)...
      Calculando componente Síncrotron...
      Calculando componente Compton Inverso (IC)...
        Progress: 40/1000
        Progress: 80/1000
        Progress: 120/1000
        Progress: 160/1000
        Progress: 200/1000
        Progress: 240/1000
        Progress: 280/1000
        Progress: 320/1000
        Progress: 360/1000
        Progress: 400/1000
        Progress: 440/1000
        Progress: 480/1000
        Progress: 520/1000
        Progress: 560/1000
        Progress: 600/1000
        Progress: 640/1000
        Progress: 680/1000
        Progress: 720/1000
        Progress: 760/1000
        Progress: 800/1000
        Progress: 840/1000
        Progress: 880/1000
        Progress: 920/1000
        Progress: 960/1000
        Progress: 1000/1000
   -> [IC] Generating IC rate table...
   [SDSS J152010.94+254319.3] -> Transport approx 1 (com IC)...
   [Transport] Executando paralelização para electron...
   -> [Fótons] Generating photon table (Sync + IC)...
      Calculando componente Síncrotron...
      Calculando componente Compton Inverso (IC)...
        Progress: 40/1000
        Progress: 80/1000
        Progress: 120/1000
        Progress: 160/1000
        Progress: 200/1000
        Progress: 240/1000
        Progress: 280/1000
        Progress: 320/1000
        Progress: 360/1000
        Progress: 400/1000
        Progress: 440/1000
        Progress: 480/1000
        Progress: 520/1000
        Progress: 560/1000
        Progress: 600/1000
        Progress: 640/1000
        Progress: 680/1000
        Progress: 720/1000
        Progress: 760/1000
        Progress: 800/1000
        Progress: 840/1000
        Progress: 880/1000
        Progress: 920/1000
        Progress: 960/1000
        Progress: 1000/1000
   === [Elétrons] Concluído em 5m 19.68s ===
[SDSS J152151.85+074231.7] Calculating Electrons (1D Transport)...
   [SDSS J152151.85+074231.7] -> Transport approx 0 (sem IC)...
   [Transport] Executando paralelização para electron...
   -> [Fótons] Generating photon table (Sync + IC)...
      Calculando componente Síncrotron...
      Calculando componente Compton Inverso (IC)...
        Progress: 40/1000
        Progress: 80/1000
        Progress: 120/1000
        Progress: 160/1000
        Progress: 200/1000
        Progress: 240/1000
        Progress: 280/1000
        Progress: 320/1000
        Progress: 360/1000
        Progress: 400/1000
        Progress: 440/1000
        Progress: 480/1000
        Progress: 520/1000
        Progress: 560/1000
        Progress: 600/1000
        Progress: 640/1000
        Progress: 680/1000
        Progress: 720/1000
        Progress: 760/1000
        Progress: 800/1000
        Progress: 840/1000
        Progress: 880/1000
        Progress: 920/1000
        Progress: 960/1000
        Progress: 1000/1000
   -> [IC] Generating IC rate table...
   [SDSS J152151.85+074231.7] -> Transport approx 1 (com IC)...
   [Transport] Executando paralelização para electron...
   -> [Fótons] Generating photon table (Sync + IC)...
      Calculando componente Síncrotron...
      Calculando componente Compton Inverso (IC)...
        Progress: 40/1000
        Progress: 80/1000
        Progress: 120/1000
        Progress: 160/1000
        Progress: 200/1000
        Progress: 240/1000
        Progress: 280/1000
        Progress: 320/1000
        Progress: 360/1000
        Progress: 400/1000
        Progress: 440/1000
        Progress: 480/1000
        Progress: 520/1000
        Progress: 560/1000
        Progress: 600/1000
        Progress: 640/1000
        Progress: 680/1000
        Progress: 720/1000
        Progress: 760/1000
        Progress: 800/1000
        Progress: 840/1000
        Progress: 880/1000
        Progress: 920/1000
        Progress: 960/1000
        Progress: 1000/1000
   === [Elétrons] Concluído em 5m 19.91s ===
[SDSS J153016.15+270551.0] Calculating Electrons (1D Transport)...
   [SDSS J153016.15+270551.0] -> Transport approx 0 (sem IC)...
   [Transport] Executando paralelização para electron...
   -> [Fótons] Generating photon table (Sync + IC)...
      Calculando componente Síncrotron...
      Calculando componente Compton Inverso (IC)...
        Progress: 40/1000
        Progress: 80/1000
        Progress: 120/1000
        Progress: 160/1000
        Progress: 200/1000
        Progress: 240/1000
        Progress: 280/1000
        Progress: 320/1000
        Progress: 360/1000
        Progress: 400/1000
        Progress: 440/1000
        Progress: 480/1000
        Progress: 520/1000
        Progress: 560/1000
        Progress: 600/1000
        Progress: 640/1000
        Progress: 680/1000
        Progress: 720/1000
        Progress: 760/1000
        Progress: 800/1000
        Progress: 840/1000
        Progress: 880/1000
        Progress: 920/1000
        Progress: 960/1000
        Progress: 1000/1000
   -> [IC] Generating IC rate table...
   [SDSS J153016.15+270551.0] -> Transport approx 1 (com IC)...
   [Transport] Executando paralelização para electron...
   -> [Fótons] Generating photon table (Sync + IC)...
      Calculando componente Síncrotron...
      Calculando componente Compton Inverso (IC)...
        Progress: 40/1000
        Progress: 80/1000
        Progress: 120/1000
        Progress: 160/1000
        Progress: 200/1000
        Progress: 240/1000
        Progress: 280/1000
        Progress: 320/1000
        Progress: 360/1000
        Progress: 400/1000
        Progress: 440/1000
        Progress: 480/1000
        Progress: 520/1000
        Progress: 560/1000
        Progress: 600/1000
        Progress: 640/1000
        Progress: 680/1000
        Progress: 720/1000
        Progress: 760/1000
        Progress: 800/1000
        Progress: 840/1000
        Progress: 880/1000
        Progress: 920/1000
        Progress: 960/1000
        Progress: 1000/1000
   === [Elétrons] Concluído em 5m 31.69s ===
[SDSS J154147.28+453321.7] Calculating Electrons (1D Transport)...
   [SDSS J154147.28+453321.7] -> Transport approx 0 (sem IC)...
   [Transport] Executando paralelização para electron...
   -> [Fótons] Generating photon table (Sync + IC)...
      Calculando componente Síncrotron...
      Calculando componente Compton Inverso (IC)...
        Progress: 40/1000
        Progress: 80/1000
        Progress: 120/1000
        Progress: 160/1000
        Progress: 200/1000
        Progress: 240/1000
        Progress: 280/1000
        Progress: 320/1000
        Progress: 360/1000
        Progress: 400/1000
        Progress: 440/1000
        Progress: 480/1000
        Progress: 520/1000
        Progress: 560/1000
        Progress: 600/1000
        Progress: 640/1000
        Progress: 680/1000
        Progress: 720/1000
        Progress: 760/1000
        Progress: 800/1000
        Progress: 840/1000
        Progress: 880/1000
        Progress: 920/1000
        Progress: 960/1000
        Progress: 1000/1000
   -> [IC] Generating IC rate table...
   [SDSS J154147.28+453321.7] -> Transport approx 1 (com IC)...
   [Transport] Executando paralelização para electron...
   -> [Fótons] Generating photon table (Sync + IC)...
      Calculando componente Síncrotron...
      Calculando componente Compton Inverso (IC)...
        Progress: 40/1000
        Progress: 80/1000
        Progress: 120/1000
        Progress: 160/1000
        Progress: 200/1000
        Progress: 240/1000
        Progress: 280/1000
        Progress: 320/1000
        Progress: 360/1000
        Progress: 400/1000
        Progress: 440/1000
        Progress: 480/1000
        Progress: 520/1000
        Progress: 560/1000
        Progress: 600/1000
        Progress: 640/1000
        Progress: 680/1000
        Progress: 720/1000
        Progress: 760/1000
        Progress: 800/1000
        Progress: 840/1000
        Progress: 880/1000
        Progress: 920/1000
        Progress: 960/1000
        Progress: 1000/1000
   === [Elétrons] Concluído em 5m 27.36s ===
[SDSS J154426.93+470024.2] Calculating Electrons (1D Transport)...
   [SDSS J154426.93+470024.2] -> Transport approx 0 (sem IC)...
   [Transport] Executando paralelização para electron...
   -> [Fótons] Generating photon table (Sync + IC)...
      Calculando componente Síncrotron...
      Calculando componente Compton Inverso (IC)...
        Progress: 40/1000
        Progress: 80/1000
        Progress: 120/1000
        Progress: 160/1000
        Progress: 200/1000
        Progress: 240/1000
        Progress: 280/1000
        Progress: 320/1000
        Progress: 360/1000
        Progress: 400/1000
        Progress: 440/1000
        Progress: 480/1000
        Progress: 520/1000
        Progress: 560/1000
        Progress: 600/1000
        Progress: 640/1000
        Progress: 680/1000
        Progress: 720/1000
        Progress: 760/1000
        Progress: 800/1000
        Progress: 840/1000
        Progress: 880/1000
        Progress: 920/1000
        Progress: 960/1000
        Progress: 1000/1000
   -> [IC] Generating IC rate table...
   [SDSS J154426.93+470024.2] -> Transport approx 1 (com IC)...
   [Transport] Executando paralelização para electron...
   -> [Fótons] Generating photon table (Sync + IC)...
      Calculando componente Síncrotron...
      Calculando componente Compton Inverso (IC)...
        Progress: 40/1000
        Progress: 80/1000
        Progress: 120/1000
        Progress: 160/1000
        Progress: 200/1000
        Progress: 240/1000
        Progress: 280/1000
        Progress: 320/1000
        Progress: 360/1000
        Progress: 400/1000
        Progress: 440/1000
        Progress: 480/1000
        Progress: 520/1000
        Progress: 560/1000
        Progress: 600/1000
        Progress: 640/1000
        Progress: 680/1000
        Progress: 720/1000
        Progress: 760/1000
        Progress: 800/1000
        Progress: 840/1000
        Progress: 880/1000
        Progress: 920/1000
        Progress: 960/1000
        Progress: 1000/1000
   === [Elétrons] Concluído em 5m 20.43s ===
[SDSS J154451.23+433050.6] Calculating Electrons (1D Transport)...
   [SDSS J154451.23+433050.6] -> Transport approx 0 (sem IC)...
   [Transport] Executando paralelização para electron...
   -> [Fótons] Generating photon table (Sync + IC)...
      Calculando componente Síncrotron...
      Calculando componente Compton Inverso (IC)...
        Progress: 40/1000
        Progress: 80/1000
        Progress: 120/1000
        Progress: 160/1000
        Progress: 200/1000
        Progress: 240/1000
        Progress: 280/1000
        Progress: 320/1000
        Progress: 360/1000
        Progress: 400/1000
        Progress: 440/1000
        Progress: 480/1000
        Progress: 520/1000
        Progress: 560/1000
        Progress: 600/1000
        Progress: 640/1000
        Progress: 680/1000
        Progress: 720/1000
        Progress: 760/1000
        Progress: 800/1000
        Progress: 840/1000
        Progress: 880/1000
        Progress: 920/1000
        Progress: 960/1000
        Progress: 1000/1000
   -> [IC] Generating IC rate table...
   [SDSS J154451.23+433050.6] -> Transport approx 1 (com IC)...
   [Transport] Executando paralelização para electron...
   -> [Fótons] Generating photon table (Sync + IC)...
      Calculando componente Síncrotron...
      Calculando componente Compton Inverso (IC)...
        Progress: 40/1000
        Progress: 80/1000
        Progress: 120/1000
        Progress: 160/1000
        Progress: 200/1000
        Progress: 240/1000
        Progress: 280/1000
        Progress: 320/1000
        Progress: 360/1000
        Progress: 400/1000
        Progress: 440/1000
        Progress: 480/1000
        Progress: 520/1000
        Progress: 560/1000
        Progress: 600/1000
        Progress: 640/1000
        Progress: 680/1000
        Progress: 720/1000
        Progress: 760/1000
        Progress: 800/1000
        Progress: 840/1000
        Progress: 880/1000
        Progress: 920/1000
        Progress: 960/1000
        Progress: 1000/1000
   === [Elétrons] Concluído em 5m 28.52s ===
[SDSS J155951.61+255626.3] Calculating Electrons (1D Transport)...
   [SDSS J155951.61+255626.3] -> Transport approx 0 (sem IC)...
   [Transport] Executando paralelização para electron...
   -> [Fótons] Generating photon table (Sync + IC)...
      Calculando componente Síncrotron...
      Calculando componente Compton Inverso (IC)...
        Progress: 40/1000
        Progress: 80/1000
        Progress: 120/1000
        Progress: 160/1000
        Progress: 200/1000
        Progress: 240/1000
        Progress: 280/1000
        Progress: 320/1000
        Progress: 360/1000
        Progress: 400/1000
        Progress: 440/1000
        Progress: 480/1000
        Progress: 520/1000
        Progress: 560/1000
        Progress: 600/1000
        Progress: 640/1000
        Progress: 680/1000
        Progress: 720/1000
        Progress: 760/1000
        Progress: 800/1000
        Progress: 840/1000
        Progress: 880/1000
        Progress: 920/1000
        Progress: 960/1000
        Progress: 1000/1000
   -> [IC] Generating IC rate table...
   [SDSS J155951.61+255626.3] -> Transport approx 1 (com IC)...
   [Transport] Executando paralelização para electron...
   -> [Fótons] Generating photon table (Sync + IC)...
      Calculando componente Síncrotron...
      Calculando componente Compton Inverso (IC)...
        Progress: 40/1000
        Progress: 80/1000
        Progress: 120/1000
        Progress: 160/1000
        Progress: 200/1000
        Progress: 240/1000
        Progress: 280/1000
        Progress: 320/1000
        Progress: 360/1000
        Progress: 400/1000
        Progress: 440/1000
        Progress: 480/1000
        Progress: 520/1000
        Progress: 560/1000
        Progress: 600/1000
        Progress: 640/1000
        Progress: 680/1000
        Progress: 720/1000
        Progress: 760/1000
        Progress: 800/1000
        Progress: 840/1000
        Progress: 880/1000
        Progress: 920/1000
        Progress: 960/1000
        Progress: 1000/1000
   === [Elétrons] Concluído em 5m 36.72s ===
[SDSS J155953.99+444232.4] Calculating Electrons (1D Transport)...
   [SDSS J155953.99+444232.4] -> Transport approx 0 (sem IC)...
   [Transport] Executando paralelização para electron...
   -> [Fótons] Generating photon table (Sync + IC)...
      Calculando componente Síncrotron...
      Calculando componente Compton Inverso (IC)...
        Progress: 40/1000
        Progress: 80/1000
        Progress: 120/1000
        Progress: 160/1000
        Progress: 200/1000
        Progress: 240/1000
        Progress: 280/1000
        Progress: 320/1000
        Progress: 360/1000
        Progress: 400/1000
        Progress: 440/1000
        Progress: 480/1000
        Progress: 520/1000
        Progress: 560/1000
        Progress: 600/1000
        Progress: 640/1000
        Progress: 680/1000
        Progress: 720/1000
        Progress: 760/1000
        Progress: 800/1000
        Progress: 840/1000
        Progress: 880/1000
        Progress: 920/1000
        Progress: 960/1000
        Progress: 1000/1000
   -> [IC] Generating IC rate table...
   [SDSS J155953.99+444232.4] -> Transport approx 1 (com IC)...
   [Transport] Executando paralelização para electron...
   -> [Fótons] Generating photon table (Sync + IC)...
      Calculando componente Síncrotron...
      Calculando componente Compton Inverso (IC)...
        Progress: 40/1000
        Progress: 80/1000
        Progress: 120/1000
        Progress: 160/1000
        Progress: 200/1000
        Progress: 240/1000
        Progress: 280/1000
        Progress: 320/1000
        Progress: 360/1000
        Progress: 400/1000
        Progress: 440/1000
        Progress: 480/1000
        Progress: 520/1000
        Progress: 560/1000
        Progress: 600/1000
        Progress: 640/1000
        Progress: 680/1000
        Progress: 720/1000
        Progress: 760/1000
        Progress: 800/1000
        Progress: 840/1000
        Progress: 880/1000
        Progress: 920/1000
        Progress: 960/1000
        Progress: 1000/1000
   === [Elétrons] Concluído em 5m 48.19s ===
[SDSS J160426.51+174431.1] Calculating Electrons (1D Transport)...
   [SDSS J160426.51+174431.1] -> Transport approx 0 (sem IC)...
   [Transport] Executando paralelização para electron...
   -> [Fótons] Generating photon table (Sync + IC)...
      Calculando componente Síncrotron...
      Calculando componente Compton Inverso (IC)...
        Progress: 40/1000
        Progress: 80/1000
        Progress: 120/1000
        Progress: 160/1000
        Progress: 200/1000
        Progress: 240/1000
        Progress: 280/1000
        Progress: 320/1000
        Progress: 360/1000
        Progress: 400/1000
        Progress: 440/1000
        Progress: 480/1000
        Progress: 520/1000
        Progress: 560/1000
        Progress: 600/1000
        Progress: 640/1000
        Progress: 680/1000
        Progress: 720/1000
        Progress: 760/1000
        Progress: 800/1000
        Progress: 840/1000
        Progress: 880/1000
        Progress: 920/1000
        Progress: 960/1000
        Progress: 1000/1000
   -> [IC] Generating IC rate table...
   [SDSS J160426.51+174431.1] -> Transport approx 1 (com IC)...
   [Transport] Executando paralelização para electron...
   -> [Fótons] Generating photon table (Sync + IC)...
      Calculando componente Síncrotron...
      Calculando componente Compton Inverso (IC)...
        Progress: 40/1000
        Progress: 80/1000
        Progress: 120/1000
        Progress: 160/1000
        Progress: 200/1000
        Progress: 240/1000
        Progress: 280/1000
        Progress: 320/1000
        Progress: 360/1000
        Progress: 400/1000
        Progress: 440/1000
        Progress: 480/1000
        Progress: 520/1000
        Progress: 560/1000
        Progress: 600/1000
        Progress: 640/1000
        Progress: 680/1000
        Progress: 720/1000
        Progress: 760/1000
        Progress: 800/1000
        Progress: 840/1000
        Progress: 880/1000
        Progress: 920/1000
        Progress: 960/1000
        Progress: 1000/1000
   === [Elétrons] Concluído em 5m 40.25s ===
[SDSS J160523.84+143851.6] Calculating Electrons (1D Transport)...
   [SDSS J160523.84+143851.6] -> Transport approx 0 (sem IC)...
   [Transport] Executando paralelização para electron...
   -> [Fótons] Generating photon table (Sync + IC)...
      Calculando componente Síncrotron...
      Calculando componente Compton Inverso (IC)...
        Progress: 40/1000
        Progress: 80/1000
        Progress: 120/1000
        Progress: 160/1000
        Progress: 200/1000
        Progress: 240/1000
        Progress: 280/1000
        Progress: 320/1000
        Progress: 360/1000
        Progress: 400/1000
        Progress: 440/1000
        Progress: 480/1000
        Progress: 520/1000
        Progress: 560/1000
        Progress: 600/1000
        Progress: 640/1000
        Progress: 680/1000
        Progress: 720/1000
        Progress: 760/1000
        Progress: 800/1000
        Progress: 840/1000
        Progress: 880/1000
        Progress: 920/1000
        Progress: 960/1000
        Progress: 1000/1000
   -> [IC] Generating IC rate table...
   [SDSS J160523.84+143851.6] -> Transport approx 1 (com IC)...
   [Transport] Executando paralelização para electron...
   -> [Fótons] Generating photon table (Sync + IC)...
      Calculando componente Síncrotron...
      Calculando componente Compton Inverso (IC)...
        Progress: 40/1000
        Progress: 80/1000
        Progress: 120/1000
        Progress: 160/1000
        Progress: 200/1000
        Progress: 240/1000
        Progress: 280/1000
        Progress: 320/1000
        Progress: 360/1000
        Progress: 400/1000
        Progress: 440/1000
        Progress: 480/1000
        Progress: 520/1000
        Progress: 560/1000
        Progress: 600/1000
        Progress: 640/1000
        Progress: 680/1000
        Progress: 720/1000
        Progress: 760/1000
        Progress: 800/1000
        Progress: 840/1000
        Progress: 880/1000
        Progress: 920/1000
        Progress: 960/1000
        Progress: 1000/1000
   === [Elétrons] Concluído em 5m 18.77s ===
[SDSS J160641.83+084436.8] Calculating Electrons (1D Transport)...
   [SDSS J160641.83+084436.8] -> Transport approx 0 (sem IC)...
   [Transport] Executando paralelização para electron...
   -> [Fótons] Generating photon table (Sync + IC)...
      Calculando componente Síncrotron...
      Calculando componente Compton Inverso (IC)...
        Progress: 40/1000
        Progress: 80/1000
        Progress: 120/1000
        Progress: 160/1000
        Progress: 200/1000
        Progress: 240/1000
        Progress: 280/1000
        Progress: 320/1000
        Progress: 360/1000
        Progress: 400/1000
        Progress: 440/1000
        Progress: 480/1000
        Progress: 520/1000
        Progress: 560/1000
        Progress: 600/1000
        Progress: 640/1000
        Progress: 680/1000
        Progress: 720/1000
        Progress: 760/1000
        Progress: 800/1000
        Progress: 840/1000
        Progress: 880/1000
        Progress: 920/1000
        Progress: 960/1000
        Progress: 1000/1000
   -> [IC] Generating IC rate table...
   [SDSS J160641.83+084436.8] -> Transport approx 1 (com IC)...
   [Transport] Executando paralelização para electron...
   -> [Fótons] Generating photon table (Sync + IC)...
      Calculando componente Síncrotron...
      Calculando componente Compton Inverso (IC)...
        Progress: 40/1000
        Progress: 80/1000
        Progress: 120/1000
        Progress: 160/1000
        Progress: 200/1000
        Progress: 240/1000
        Progress: 280/1000
        Progress: 320/1000
        Progress: 360/1000
        Progress: 400/1000
        Progress: 440/1000
        Progress: 480/1000
        Progress: 520/1000
        Progress: 560/1000
        Progress: 600/1000
        Progress: 640/1000
        Progress: 680/1000
        Progress: 720/1000
        Progress: 760/1000
        Progress: 800/1000
        Progress: 840/1000
        Progress: 880/1000
        Progress: 920/1000
        Progress: 960/1000
        Progress: 1000/1000
   === [Elétrons] Concluído em 5m 39.71s ===
[SDSS J161238.84+293836.9] Calculating Electrons (1D Transport)...
   [SDSS J161238.84+293836.9] -> Transport approx 0 (sem IC)...
   [Transport] Executando paralelização para electron...
   -> [Fótons] Generating photon table (Sync + IC)...
      Calculando componente Síncrotron...
      Calculando componente Compton Inverso (IC)...
        Progress: 40/1000
        Progress: 80/1000
        Progress: 120/1000
        Progress: 160/1000
        Progress: 200/1000
        Progress: 240/1000
        Progress: 280/1000
        Progress: 320/1000
        Progress: 360/1000
        Progress: 400/1000
        Progress: 440/1000
        Progress: 480/1000
        Progress: 520/1000
        Progress: 560/1000
        Progress: 600/1000
        Progress: 640/1000
        Progress: 680/1000
        Progress: 720/1000
        Progress: 760/1000
        Progress: 800/1000
        Progress: 840/1000
        Progress: 880/1000
        Progress: 920/1000
        Progress: 960/1000
        Progress: 1000/1000
   -> [IC] Generating IC rate table...
   [SDSS J161238.84+293836.9] -> Transport approx 1 (com IC)...
   [Transport] Executando paralelização para electron...
   -> [Fótons] Generating photon table (Sync + IC)...
      Calculando componente Síncrotron...
      Calculando componente Compton Inverso (IC)...
        Progress: 40/1000
        Progress: 80/1000
        Progress: 120/1000
        Progress: 160/1000
        Progress: 200/1000
        Progress: 240/1000
        Progress: 280/1000
        Progress: 320/1000
        Progress: 360/1000
        Progress: 400/1000
        Progress: 440/1000
        Progress: 480/1000
        Progress: 520/1000
        Progress: 560/1000
        Progress: 600/1000
        Progress: 640/1000
        Progress: 680/1000
        Progress: 720/1000
        Progress: 760/1000
        Progress: 800/1000
        Progress: 840/1000
        Progress: 880/1000
        Progress: 920/1000
        Progress: 960/1000
        Progress: 1000/1000
   === [Elétrons] Concluído em 5m 24.52s ===
[SDSS J161256.85+095201.5] Calculating Electrons (1D Transport)...
   [SDSS J161256.85+095201.5] -> Transport approx 0 (sem IC)...
   [Transport] Executando paralelização para electron...
   -> [Fótons] Generating photon table (Sync + IC)...
      Calculando componente Síncrotron...
      Calculando componente Compton Inverso (IC)...
        Progress: 40/1000
        Progress: 80/1000
        Progress: 120/1000
        Progress: 160/1000
        Progress: 200/1000
        Progress: 240/1000
        Progress: 280/1000
        Progress: 320/1000
        Progress: 360/1000
        Progress: 400/1000
        Progress: 440/1000
        Progress: 480/1000
        Progress: 520/1000
        Progress: 560/1000
        Progress: 600/1000
        Progress: 640/1000
        Progress: 680/1000
        Progress: 720/1000
        Progress: 760/1000
        Progress: 800/1000
        Progress: 840/1000
        Progress: 880/1000
        Progress: 920/1000
        Progress: 960/1000
        Progress: 1000/1000
   -> [IC] Generating IC rate table...
   [SDSS J161256.85+095201.5] -> Transport approx 1 (com IC)...
   [Transport] Executando paralelização para electron...
   -> [Fótons] Generating photon table (Sync + IC)...
      Calculando componente Síncrotron...
      Calculando componente Compton Inverso (IC)...
        Progress: 40/1000
        Progress: 80/1000
        Progress: 120/1000
        Progress: 160/1000
        Progress: 200/1000
        Progress: 240/1000
        Progress: 280/1000
        Progress: 320/1000
        Progress: 360/1000
        Progress: 400/1000
        Progress: 440/1000
        Progress: 480/1000
        Progress: 520/1000
        Progress: 560/1000
        Progress: 600/1000
        Progress: 640/1000
        Progress: 680/1000
        Progress: 720/1000
        Progress: 760/1000
        Progress: 800/1000
        Progress: 840/1000
        Progress: 880/1000
        Progress: 920/1000
        Progress: 960/1000
        Progress: 1000/1000
   === [Elétrons] Concluído em 5m 26.83s ===
[SDSS J162146.06+254914.4] Calculating Electrons (1D Transport)...
   [SDSS J162146.06+254914.4] -> Transport approx 0 (sem IC)...
   [Transport] Executando paralelização para electron...
   -> [Fótons] Generating photon table (Sync + IC)...
      Calculando componente Síncrotron...
      Calculando componente Compton Inverso (IC)...
        Progress: 40/1000
        Progress: 80/1000
        Progress: 120/1000
        Progress: 160/1000
        Progress: 200/1000
        Progress: 240/1000
        Progress: 280/1000
        Progress: 320/1000
        Progress: 360/1000
        Progress: 400/1000
        Progress: 440/1000
        Progress: 480/1000
        Progress: 520/1000
        Progress: 560/1000
        Progress: 600/1000
        Progress: 640/1000
        Progress: 680/1000
        Progress: 720/1000
        Progress: 760/1000
        Progress: 800/1000
        Progress: 840/1000
        Progress: 880/1000
        Progress: 920/1000
        Progress: 960/1000
        Progress: 1000/1000
   -> [IC] Generating IC rate table...
   [SDSS J162146.06+254914.4] -> Transport approx 1 (com IC)...
   [Transport] Executando paralelização para electron...
   -> [Fótons] Generating photon table (Sync + IC)...
      Calculando componente Síncrotron...
      Calculando componente Compton Inverso (IC)...
        Progress: 40/1000
        Progress: 80/1000
        Progress: 120/1000
        Progress: 160/1000
        Progress: 200/1000
        Progress: 240/1000
        Progress: 280/1000
        Progress: 320/1000
        Progress: 360/1000
        Progress: 400/1000
        Progress: 440/1000
        Progress: 480/1000
        Progress: 520/1000
        Progress: 560/1000
        Progress: 600/1000
        Progress: 640/1000
        Progress: 680/1000
        Progress: 720/1000
        Progress: 760/1000
        Progress: 800/1000
        Progress: 840/1000
        Progress: 880/1000
        Progress: 920/1000
        Progress: 960/1000
        Progress: 1000/1000
   === [Elétrons] Concluído em 5m 36.53s ===
[SDSS J162846.13+252940.9] Calculating Electrons (1D Transport)...
   [SDSS J162846.13+252940.9] -> Transport approx 0 (sem IC)...
   [Transport] Executando paralelização para electron...
   -> [Fótons] Generating photon table (Sync + IC)...
      Calculando componente Síncrotron...
      Calculando componente Compton Inverso (IC)...
        Progress: 40/1000
        Progress: 80/1000
        Progress: 120/1000
        Progress: 160/1000
        Progress: 200/1000
        Progress: 240/1000
        Progress: 280/1000
        Progress: 320/1000
        Progress: 360/1000
        Progress: 400/1000
        Progress: 440/1000
        Progress: 480/1000
        Progress: 520/1000
        Progress: 560/1000
        Progress: 600/1000
        Progress: 640/1000
        Progress: 680/1000
        Progress: 720/1000
        Progress: 760/1000
        Progress: 800/1000
        Progress: 840/1000
        Progress: 880/1000
        Progress: 920/1000
        Progress: 960/1000
        Progress: 1000/1000
   -> [IC] Generating IC rate table...
   [SDSS J162846.13+252940.9] -> Transport approx 1 (com IC)...
   [Transport] Executando paralelização para electron...
   -> [Fótons] Generating photon table (Sync + IC)...
      Calculando componente Síncrotron...
      Calculando componente Compton Inverso (IC)...
        Progress: 40/1000
        Progress: 80/1000
        Progress: 120/1000
        Progress: 160/1000
        Progress: 200/1000
        Progress: 240/1000
        Progress: 280/1000
        Progress: 320/1000
        Progress: 360/1000
        Progress: 400/1000
        Progress: 440/1000
        Progress: 480/1000
        Progress: 520/1000
        Progress: 560/1000
        Progress: 600/1000
        Progress: 640/1000
        Progress: 680/1000
        Progress: 720/1000
        Progress: 760/1000
        Progress: 800/1000
        Progress: 840/1000
        Progress: 880/1000
        Progress: 920/1000
        Progress: 960/1000
        Progress: 1000/1000
   === [Elétrons] Concluído em 5m 25.91s ===
[SDSS J162944.98+404841.6] Calculating Electrons (1D Transport)...
   [SDSS J162944.98+404841.6] -> Transport approx 0 (sem IC)...
   [Transport] Executando paralelização para electron...
   -> [Fótons] Generating photon table (Sync + IC)...
      Calculando componente Síncrotron...
      Calculando componente Compton Inverso (IC)...
        Progress: 40/1000
        Progress: 80/1000
        Progress: 120/1000
        Progress: 160/1000
        Progress: 200/1000
        Progress: 240/1000
        Progress: 280/1000
        Progress: 320/1000
        Progress: 360/1000
        Progress: 400/1000
        Progress: 440/1000
        Progress: 480/1000
        Progress: 520/1000
        Progress: 560/1000
        Progress: 600/1000
        Progress: 640/1000
        Progress: 680/1000
        Progress: 720/1000
        Progress: 760/1000
        Progress: 800/1000
        Progress: 840/1000
        Progress: 880/1000
        Progress: 920/1000
        Progress: 960/1000
        Progress: 1000/1000
   -> [IC] Generating IC rate table...
   [SDSS J162944.98+404841.6] -> Transport approx 1 (com IC)...
   [Transport] Executando paralelização para electron...
   -> [Fótons] Generating photon table (Sync + IC)...
      Calculando componente Síncrotron...
      Calculando componente Compton Inverso (IC)...
        Progress: 40/1000
        Progress: 80/1000
        Progress: 120/1000
        Progress: 160/1000
        Progress: 200/1000
        Progress: 240/1000
        Progress: 280/1000
        Progress: 320/1000
        Progress: 360/1000
        Progress: 400/1000
        Progress: 440/1000
        Progress: 480/1000
        Progress: 520/1000
        Progress: 560/1000
        Progress: 600/1000
        Progress: 640/1000
        Progress: 680/1000
        Progress: 720/1000
        Progress: 760/1000
        Progress: 800/1000
        Progress: 840/1000
        Progress: 880/1000
        Progress: 920/1000
        Progress: 960/1000
        Progress: 1000/1000
   === [Elétrons] Concluído em 5m 14.36s ===
[SDSS J164925.86+360321.3] Calculating Electrons (1D Transport)...
   [SDSS J164925.86+360321.3] -> Transport approx 0 (sem IC)...
   [Transport] Executando paralelização para electron...
   -> [Fótons] Generating photon table (Sync + IC)...
      Calculando componente Síncrotron...
      Calculando componente Compton Inverso (IC)...
        Progress: 40/1000
        Progress: 80/1000
        Progress: 120/1000
        Progress: 160/1000
        Progress: 200/1000
        Progress: 240/1000
        Progress: 280/1000
        Progress: 320/1000
        Progress: 360/1000
        Progress: 400/1000
        Progress: 440/1000
        Progress: 480/1000
        Progress: 520/1000
        Progress: 560/1000
        Progress: 600/1000
        Progress: 640/1000
        Progress: 680/1000
        Progress: 720/1000
        Progress: 760/1000
        Progress: 800/1000
        Progress: 840/1000
        Progress: 880/1000
        Progress: 920/1000
        Progress: 960/1000
        Progress: 1000/1000
   -> [IC] Generating IC rate table...
   [SDSS J164925.86+360321.3] -> Transport approx 1 (com IC)...
   [Transport] Executando paralelização para electron...
   -> [Fótons] Generating photon table (Sync + IC)...
      Calculando componente Síncrotron...
      Calculando componente Compton Inverso (IC)...
        Progress: 40/1000
        Progress: 80/1000
        Progress: 120/1000
        Progress: 160/1000
        Progress: 200/1000
        Progress: 240/1000
        Progress: 280/1000
        Progress: 320/1000
        Progress: 360/1000
        Progress: 400/1000
        Progress: 440/1000
        Progress: 480/1000
        Progress: 520/1000
        Progress: 560/1000
        Progress: 600/1000
        Progress: 640/1000
        Progress: 680/1000
        Progress: 720/1000
        Progress: 760/1000
        Progress: 800/1000
        Progress: 840/1000
        Progress: 880/1000
        Progress: 920/1000
        Progress: 960/1000
        Progress: 1000/1000
   === [Elétrons] Concluído em 5m 33.79s ===
[SDSS J165830.05+252324.9] Calculating Electrons (1D Transport)...
   [SDSS J165830.05+252324.9] -> Transport approx 0 (sem IC)...
   [Transport] Executando paralelização para electron...
   -> [Fótons] Generating photon table (Sync + IC)...
      Calculando componente Síncrotron...
      Calculando componente Compton Inverso (IC)...
        Progress: 40/1000
        Progress: 80/1000
        Progress: 120/1000
        Progress: 160/1000
        Progress: 200/1000
        Progress: 240/1000
        Progress: 280/1000
        Progress: 320/1000
        Progress: 360/1000
        Progress: 400/1000
        Progress: 440/1000
        Progress: 480/1000
        Progress: 520/1000
        Progress: 560/1000
        Progress: 600/1000
        Progress: 640/1000
        Progress: 680/1000
        Progress: 720/1000
        Progress: 760/1000
        Progress: 800/1000
        Progress: 840/1000
        Progress: 880/1000
        Progress: 920/1000
        Progress: 960/1000
        Progress: 1000/1000
   -> [IC] Generating IC rate table...
   [SDSS J165830.05+252324.9] -> Transport approx 1 (com IC)...
   [Transport] Executando paralelização para electron...
   -> [Fótons] Generating photon table (Sync + IC)...
      Calculando componente Síncrotron...
      Calculando componente Compton Inverso (IC)...
        Progress: 40/1000
        Progress: 80/1000
        Progress: 120/1000
        Progress: 160/1000
        Progress: 200/1000
        Progress: 240/1000
        Progress: 280/1000
        Progress: 320/1000
        Progress: 360/1000
        Progress: 400/1000
        Progress: 440/1000
        Progress: 480/1000
        Progress: 520/1000
        Progress: 560/1000
        Progress: 600/1000
        Progress: 640/1000
        Progress: 680/1000
        Progress: 720/1000
        Progress: 760/1000
        Progress: 800/1000
        Progress: 840/1000
        Progress: 880/1000
        Progress: 920/1000
        Progress: 960/1000
        Progress: 1000/1000
   === [Elétrons] Concluído em 5m 28.67s ===
[SDSS J170358.49+241039.5] Calculating Electrons (1D Transport)...
   [SDSS J170358.49+241039.5] -> Transport approx 0 (sem IC)...
   [Transport] Executando paralelização para electron...
   -> [Fótons] Generating photon table (Sync + IC)...
      Calculando componente Síncrotron...
      Calculando componente Compton Inverso (IC)...
        Progress: 40/1000
        Progress: 80/1000
        Progress: 120/1000
        Progress: 160/1000
        Progress: 200/1000
        Progress: 240/1000
        Progress: 280/1000
        Progress: 320/1000
        Progress: 360/1000
        Progress: 400/1000
        Progress: 440/1000
        Progress: 480/1000
        Progress: 520/1000
        Progress: 560/1000
        Progress: 600/1000
        Progress: 640/1000
        Progress: 680/1000
        Progress: 720/1000
        Progress: 760/1000
        Progress: 800/1000
        Progress: 840/1000
        Progress: 880/1000
        Progress: 920/1000
        Progress: 960/1000
        Progress: 1000/1000
   -> [IC] Generating IC rate table...
   [SDSS J170358.49+241039.5] -> Transport approx 1 (com IC)...
   [Transport] Executando paralelização para electron...
   -> [Fótons] Generating photon table (Sync + IC)...
      Calculando componente Síncrotron...
      Calculando componente Compton Inverso (IC)...
        Progress: 40/1000
        Progress: 80/1000
        Progress: 120/1000
        Progress: 160/1000
        Progress: 200/1000
        Progress: 240/1000
        Progress: 280/1000
        Progress: 320/1000
        Progress: 360/1000
        Progress: 400/1000
        Progress: 440/1000
        Progress: 480/1000
        Progress: 520/1000
        Progress: 560/1000
        Progress: 600/1000
        Progress: 640/1000
        Progress: 680/1000
        Progress: 720/1000
        Progress: 760/1000
        Progress: 800/1000
        Progress: 840/1000
        Progress: 880/1000
        Progress: 920/1000
        Progress: 960/1000
        Progress: 1000/1000
   === [Elétrons] Concluído em 5m 15.04s ===
[SDSS J171522.97+572440.2] Calculating Electrons (1D Transport)...
   [SDSS J171522.97+572440.2] -> Transport approx 0 (sem IC)...
   [Transport] Executando paralelização para electron...
   -> [Fótons] Generating photon table (Sync + IC)...
      Calculando componente Síncrotron...
      Calculando componente Compton Inverso (IC)...
        Progress: 40/1000
        Progress: 80/1000
        Progress: 120/1000
        Progress: 160/1000
        Progress: 200/1000
        Progress: 240/1000
        Progress: 280/1000
        Progress: 320/1000
        Progress: 360/1000
        Progress: 400/1000
        Progress: 440/1000
        Progress: 480/1000
        Progress: 520/1000
        Progress: 560/1000
        Progress: 600/1000
        Progress: 640/1000
        Progress: 680/1000
        Progress: 720/1000
        Progress: 760/1000
        Progress: 800/1000
        Progress: 840/1000
        Progress: 880/1000
        Progress: 920/1000
        Progress: 960/1000
        Progress: 1000/1000
   -> [IC] Generating IC rate table...
   [SDSS J171522.97+572440.2] -> Transport approx 1 (com IC)...
   [Transport] Executando paralelização para electron...
   -> [Fótons] Generating photon table (Sync + IC)...
      Calculando componente Síncrotron...
      Calculando componente Compton Inverso (IC)...
        Progress: 40/1000
        Progress: 80/1000
        Progress: 120/1000
        Progress: 160/1000
        Progress: 200/1000
        Progress: 240/1000
        Progress: 280/1000
        Progress: 320/1000
        Progress: 360/1000
        Progress: 400/1000
        Progress: 440/1000
        Progress: 480/1000
        Progress: 520/1000
        Progress: 560/1000
        Progress: 600/1000
        Progress: 640/1000
        Progress: 680/1000
        Progress: 720/1000
        Progress: 760/1000
        Progress: 800/1000
        Progress: 840/1000
        Progress: 880/1000
        Progress: 920/1000
        Progress: 960/1000
        Progress: 1000/1000
   === [Elétrons] Concluído em 5m 15.65s ===
[SDSS J172215.41+304239.8] Calculating Electrons (1D Transport)...
   [SDSS J172215.41+304239.8] -> Transport approx 0 (sem IC)...
   [Transport] Executando paralelização para electron...
   -> [Fótons] Generating photon table (Sync + IC)...
      Calculando componente Síncrotron...
      Calculando componente Compton Inverso (IC)...
        Progress: 40/1000
        Progress: 80/1000
        Progress: 120/1000
        Progress: 160/1000
        Progress: 200/1000
        Progress: 240/1000
        Progress: 280/1000
        Progress: 320/1000
        Progress: 360/1000
        Progress: 400/1000
        Progress: 440/1000
        Progress: 480/1000
        Progress: 520/1000
        Progress: 560/1000
        Progress: 600/1000
        Progress: 640/1000
        Progress: 680/1000
        Progress: 720/1000
        Progress: 760/1000
        Progress: 800/1000
        Progress: 840/1000
        Progress: 880/1000
        Progress: 920/1000
        Progress: 960/1000
        Progress: 1000/1000
   -> [IC] Generating IC rate table...
   [SDSS J172215.41+304239.8] -> Transport approx 1 (com IC)...
   [Transport] Executando paralelização para electron...
   -> [Fótons] Generating photon table (Sync + IC)...
      Calculando componente Síncrotron...
      Calculando componente Compton Inverso (IC)...
        Progress: 40/1000
        Progress: 80/1000
        Progress: 120/1000
        Progress: 160/1000
        Progress: 200/1000
        Progress: 240/1000
        Progress: 280/1000
        Progress: 320/1000
        Progress: 360/1000
        Progress: 400/1000
        Progress: 440/1000
        Progress: 480/1000
        Progress: 520/1000
        Progress: 560/1000
        Progress: 600/1000
        Progress: 640/1000
        Progress: 680/1000
        Progress: 720/1000
        Progress: 760/1000
        Progress: 800/1000
        Progress: 840/1000
        Progress: 880/1000
        Progress: 920/1000
        Progress: 960/1000
        Progress: 1000/1000
   === [Elétrons] Concluído em 5m 19.14s ===
=== [data_iron] Parâmetros salvos em 'data_iron/all_calculated_parameters.csv' ===

=== [data_iron] Calculando núcleos de oxigênio (104 fontes) ===
[SDSS J010852.48-003919.4] Calculating iron nuclei (Z=26, A=56)
   [SDSS J010852.48-003919.4] -> Transporte de oxigênio (sync + adiabático + O-p + p-gamma + fotodesintegração)...
Finalizado em Mon Aug 17 05:56:00 PM -03 2026
