Iniciando Job Array ID: 1 em Fri Aug 14 08:46:19 AM -03 2026

=== INICIANDO TAREFA SLURM 1 ===
Processando arquivo: source2.txt -> Pasta: data2_iron

======================================================================
=== PIPELINE (O-16): lendo 'source2.txt' -> salvando em 'data2_iron/' ===
======================================================================
=== Carregando Tabelas de Fotodesintegração (TALYS) ===
=======================================================

[SDSS J010852.48-003919.4] Calculating Electrons (1D Transport)...
   [SDSS J010852.48-003919.4] -> Transport approx 0 (sem IC)...
   [Transport] Executando paralelização para electron...
   -> [Fótons] Generating photon table (Sync + IC)...
      Calculando componente Síncrotron...
      Calculando componente Compton Inverso (IC)...
        Progress: 40/1000
        Progress: 80/1000
        Progress: 120/1000
        Progress: 160/1000
        Progress: 200/1000
        Progress: 240/1000
        Progress: 280/1000
        Progress: 320/1000
        Progress: 360/1000
        Progress: 400/1000
        Progress: 440/1000
        Progress: 480/1000
        Progress: 520/1000
        Progress: 560/1000
        Progress: 600/1000
        Progress: 640/1000
        Progress: 680/1000
        Progress: 720/1000
        Progress: 760/1000
        Progress: 800/1000
        Progress: 840/1000
        Progress: 880/1000
        Progress: 920/1000
        Progress: 960/1000
        Progress: 1000/1000
   -> [IC] Generating IC rate table...
   [SDSS J010852.48-003919.4] -> Transport approx 1 (com IC)...
   [Transport] Executando paralelização para electron...
   -> [Fótons] Generating photon table (Sync + IC)...
      Calculando componente Síncrotron...
      Calculando componente Compton Inverso (IC)...
        Progress: 40/1000
        Progress: 80/1000
        Progress: 120/1000
        Progress: 160/1000
        Progress: 200/1000
        Progress: 240/1000
        Progress: 280/1000
        Progress: 320/1000
        Progress: 360/1000
        Progress: 400/1000
        Progress: 440/1000
        Progress: 480/1000
        Progress: 520/1000
        Progress: 560/1000
        Progress: 600/1000
        Progress: 640/1000
        Progress: 680/1000
        Progress: 720/1000
        Progress: 760/1000
        Progress: 800/1000
        Progress: 840/1000
        Progress: 880/1000
        Progress: 920/1000
        Progress: 960/1000
        Progress: 1000/1000
   === [Elétrons] Concluído em 6m 14.26s ===
[SDSS J011204.61-001442.4] Calculating Electrons (1D Transport)...
   [SDSS J011204.61-001442.4] -> Transport approx 0 (sem IC)...
   [Transport] Executando paralelização para electron...
   -> [Fótons] Generating photon table (Sync + IC)...
      Calculando componente Síncrotron...
      Calculando componente Compton Inverso (IC)...
        Progress: 40/1000
        Progress: 80/1000
        Progress: 120/1000
        Progress: 160/1000
        Progress: 200/1000
        Progress: 240/1000
        Progress: 280/1000
        Progress: 320/1000
        Progress: 360/1000
        Progress: 400/1000
        Progress: 440/1000
        Progress: 480/1000
        Progress: 520/1000
        Progress: 560/1000
        Progress: 600/1000
        Progress: 640/1000
        Progress: 680/1000
        Progress: 720/1000
        Progress: 760/1000
        Progress: 800/1000
        Progress: 840/1000
        Progress: 880/1000
        Progress: 920/1000
        Progress: 960/1000
        Progress: 1000/1000
   -> [IC] Generating IC rate table...
   [SDSS J011204.61-001442.4] -> Transport approx 1 (com IC)...
   [Transport] Executando paralelização para electron...
   -> [Fótons] Generating photon table (Sync + IC)...
      Calculando componente Síncrotron...
      Calculando componente Compton Inverso (IC)...
        Progress: 40/1000
        Progress: 80/1000
        Progress: 120/1000
        Progress: 160/1000
        Progress: 200/1000
        Progress: 240/1000
        Progress: 280/1000
        Progress: 320/1000
        Progress: 360/1000
        Progress: 400/1000
        Progress: 440/1000
        Progress: 480/1000
        Progress: 520/1000
        Progress: 560/1000
        Progress: 600/1000
        Progress: 640/1000
        Progress: 680/1000
        Progress: 720/1000
        Progress: 760/1000
        Progress: 800/1000
        Progress: 840/1000
        Progress: 880/1000
        Progress: 920/1000
        Progress: 960/1000
        Progress: 1000/1000
   === [Elétrons] Concluído em 6m 18.35s ===
[SDSS J011515.78+001248.4] Calculating Electrons (1D Transport)...
   [SDSS J011515.78+001248.4] -> Transport approx 0 (sem IC)...
   [Transport] Executando paralelização para electron...
   -> [Fótons] Generating photon table (Sync + IC)...
      Calculando componente Síncrotron...
      Calculando componente Compton Inverso (IC)...
        Progress: 40/1000
        Progress: 80/1000
        Progress: 120/1000
        Progress: 160/1000
        Progress: 200/1000
        Progress: 240/1000
        Progress: 280/1000
        Progress: 320/1000
        Progress: 360/1000
        Progress: 400/1000
        Progress: 440/1000
        Progress: 480/1000
        Progress: 520/1000
        Progress: 560/1000
        Progress: 600/1000
        Progress: 640/1000
        Progress: 680/1000
        Progress: 720/1000
        Progress: 760/1000
        Progress: 800/1000
        Progress: 840/1000
        Progress: 880/1000
        Progress: 920/1000
        Progress: 960/1000
        Progress: 1000/1000
   -> [IC] Generating IC rate table...
   [SDSS J011515.78+001248.4] -> Transport approx 1 (com IC)...
   [Transport] Executando paralelização para electron...
   -> [Fótons] Generating photon table (Sync + IC)...
      Calculando componente Síncrotron...
      Calculando componente Compton Inverso (IC)...
        Progress: 40/1000
        Progress: 80/1000
        Progress: 120/1000
        Progress: 160/1000
        Progress: 200/1000
        Progress: 240/1000
        Progress: 280/1000
        Progress: 320/1000
        Progress: 360/1000
        Progress: 400/1000
        Progress: 440/1000
        Progress: 480/1000
        Progress: 520/1000
        Progress: 560/1000
        Progress: 600/1000
        Progress: 640/1000
        Progress: 680/1000
        Progress: 720/1000
        Progress: 760/1000
        Progress: 800/1000
        Progress: 840/1000
        Progress: 880/1000
        Progress: 920/1000
        Progress: 960/1000
        Progress: 1000/1000
   === [Elétrons] Concluído em 6m 13.78s ===
[SDSS J015127.10-083019.3] Calculating Electrons (1D Transport)...
   [SDSS J015127.10-083019.3] -> Transport approx 0 (sem IC)...
   [Transport] Executando paralelização para electron...
   -> [Fótons] Generating photon table (Sync + IC)...
      Calculando componente Síncrotron...
      Calculando componente Compton Inverso (IC)...
        Progress: 40/1000
        Progress: 80/1000
        Progress: 120/1000
        Progress: 160/1000
        Progress: 200/1000
        Progress: 240/1000
        Progress: 280/1000
        Progress: 320/1000
        Progress: 360/1000
        Progress: 400/1000
        Progress: 440/1000
        Progress: 480/1000
        Progress: 520/1000
        Progress: 560/1000
        Progress: 600/1000
        Progress: 640/1000
        Progress: 680/1000
        Progress: 720/1000
        Progress: 760/1000
        Progress: 800/1000
        Progress: 840/1000
        Progress: 880/1000
        Progress: 920/1000
        Progress: 960/1000
        Progress: 1000/1000
   -> [IC] Generating IC rate table...
   [SDSS J015127.10-083019.3] -> Transport approx 1 (com IC)...
   [Transport] Executando paralelização para electron...
   -> [Fótons] Generating photon table (Sync + IC)...
      Calculando componente Síncrotron...
      Calculando componente Compton Inverso (IC)...
        Progress: 40/1000
        Progress: 80/1000
        Progress: 120/1000
        Progress: 160/1000
        Progress: 200/1000
        Progress: 240/1000
        Progress: 280/1000
        Progress: 320/1000
        Progress: 360/1000
        Progress: 400/1000
        Progress: 440/1000
        Progress: 480/1000
        Progress: 520/1000
        Progress: 560/1000
        Progress: 600/1000
        Progress: 640/1000
        Progress: 680/1000
        Progress: 720/1000
        Progress: 760/1000
        Progress: 800/1000
        Progress: 840/1000
        Progress: 880/1000
        Progress: 920/1000
        Progress: 960/1000
        Progress: 1000/1000
   === [Elétrons] Concluído em 6m 21.43s ===
[SDSS J020835.81-083754.8] Calculating Electrons (1D Transport)...
   [SDSS J020835.81-083754.8] -> Transport approx 0 (sem IC)...
   [Transport] Executando paralelização para electron...
   -> [Fótons] Generating photon table (Sync + IC)...
      Calculando componente Síncrotron...
      Calculando componente Compton Inverso (IC)...
        Progress: 40/1000
        Progress: 80/1000
        Progress: 120/1000
        Progress: 160/1000
        Progress: 200/1000
        Progress: 240/1000
        Progress: 280/1000
        Progress: 320/1000
        Progress: 360/1000
        Progress: 400/1000
        Progress: 440/1000
        Progress: 480/1000
        Progress: 520/1000
        Progress: 560/1000
        Progress: 600/1000
        Progress: 640/1000
        Progress: 680/1000
        Progress: 720/1000
        Progress: 760/1000
        Progress: 800/1000
        Progress: 840/1000
        Progress: 880/1000
        Progress: 920/1000
        Progress: 960/1000
        Progress: 1000/1000
   -> [IC] Generating IC rate table...
   [SDSS J020835.81-083754.8] -> Transport approx 1 (com IC)...
   [Transport] Executando paralelização para electron...
   -> [Fótons] Generating photon table (Sync + IC)...
      Calculando componente Síncrotron...
      Calculando componente Compton Inverso (IC)...
        Progress: 40/1000
        Progress: 80/1000
        Progress: 120/1000
        Progress: 160/1000
        Progress: 200/1000
        Progress: 240/1000
        Progress: 280/1000
        Progress: 320/1000
        Progress: 360/1000
        Progress: 400/1000
        Progress: 440/1000
        Progress: 480/1000
        Progress: 520/1000
        Progress: 560/1000
        Progress: 600/1000
        Progress: 640/1000
        Progress: 680/1000
        Progress: 720/1000
        Progress: 760/1000
        Progress: 800/1000
        Progress: 840/1000
        Progress: 880/1000
        Progress: 920/1000
        Progress: 960/1000
        Progress: 1000/1000
   === [Elétrons] Concluído em 6m 8.36s ===
[SDSS J075354.98+130916.5] Calculating Electrons (1D Transport)...
   [SDSS J075354.98+130916.5] -> Transport approx 0 (sem IC)...
   [Transport] Executando paralelização para electron...
   -> [Fótons] Generating photon table (Sync + IC)...
      Calculando componente Síncrotron...
      Calculando componente Compton Inverso (IC)...
        Progress: 40/1000
        Progress: 80/1000
        Progress: 120/1000
        Progress: 160/1000
        Progress: 200/1000
        Progress: 240/1000
        Progress: 280/1000
        Progress: 320/1000
        Progress: 360/1000
        Progress: 400/1000
        Progress: 440/1000
        Progress: 480/1000
        Progress: 520/1000
        Progress: 560/1000
        Progress: 600/1000
        Progress: 640/1000
        Progress: 680/1000
        Progress: 720/1000
        Progress: 760/1000
        Progress: 800/1000
        Progress: 840/1000
        Progress: 880/1000
        Progress: 920/1000
        Progress: 960/1000
        Progress: 1000/1000
   -> [IC] Generating IC rate table...
   [SDSS J075354.98+130916.5] -> Transport approx 1 (com IC)...
   [Transport] Executando paralelização para electron...
   -> [Fótons] Generating photon table (Sync + IC)...
      Calculando componente Síncrotron...
      Calculando componente Compton Inverso (IC)...
        Progress: 40/1000
        Progress: 80/1000
        Progress: 120/1000
        Progress: 160/1000
        Progress: 200/1000
        Progress: 240/1000
        Progress: 280/1000
        Progress: 320/1000
        Progress: 360/1000
        Progress: 400/1000
        Progress: 440/1000
        Progress: 480/1000
        Progress: 520/1000
        Progress: 560/1000
        Progress: 600/1000
        Progress: 640/1000
        Progress: 680/1000
        Progress: 720/1000
        Progress: 760/1000
        Progress: 800/1000
        Progress: 840/1000
        Progress: 880/1000
        Progress: 920/1000
        Progress: 960/1000
        Progress: 1000/1000
   === [Elétrons] Concluído em 5m 49.69s ===
[SDSS J080716.58+145703.3] Calculating Electrons (1D Transport)...
   [SDSS J080716.58+145703.3] -> Transport approx 0 (sem IC)...
   [Transport] Executando paralelização para electron...
   -> [Fótons] Generating photon table (Sync + IC)...
      Calculando componente Síncrotron...
      Calculando componente Compton Inverso (IC)...
        Progress: 40/1000
        Progress: 80/1000
        Progress: 120/1000
        Progress: 160/1000
        Progress: 200/1000
        Progress: 240/1000
        Progress: 280/1000
        Progress: 320/1000
        Progress: 360/1000
        Progress: 400/1000
        Progress: 440/1000
        Progress: 480/1000
        Progress: 520/1000
        Progress: 560/1000
        Progress: 600/1000
        Progress: 640/1000
        Progress: 680/1000
        Progress: 720/1000
        Progress: 760/1000
        Progress: 800/1000
        Progress: 840/1000
        Progress: 880/1000
        Progress: 920/1000
        Progress: 960/1000
        Progress: 1000/1000
   -> [IC] Generating IC rate table...
   [SDSS J080716.58+145703.3] -> Transport approx 1 (com IC)...
   [Transport] Executando paralelização para electron...
   -> [Fótons] Generating photon table (Sync + IC)...
      Calculando componente Síncrotron...
      Calculando componente Compton Inverso (IC)...
        Progress: 40/1000
        Progress: 80/1000
        Progress: 120/1000
        Progress: 160/1000
        Progress: 200/1000
        Progress: 240/1000
        Progress: 280/1000
        Progress: 320/1000
        Progress: 360/1000
        Progress: 400/1000
        Progress: 440/1000
        Progress: 480/1000
        Progress: 520/1000
        Progress: 560/1000
        Progress: 600/1000
        Progress: 640/1000
        Progress: 680/1000
        Progress: 720/1000
        Progress: 760/1000
        Progress: 800/1000
        Progress: 840/1000
        Progress: 880/1000
        Progress: 920/1000
        Progress: 960/1000
        Progress: 1000/1000
   === [Elétrons] Concluído em 6m 14.16s ===
[SDSS J083158.49+562052.3] Calculating Electrons (1D Transport)...
   [SDSS J083158.49+562052.3] -> Transport approx 0 (sem IC)...
   [Transport] Executando paralelização para electron...
   -> [Fótons] Generating photon table (Sync + IC)...
      Calculando componente Síncrotron...
      Calculando componente Compton Inverso (IC)...
        Progress: 40/1000
        Progress: 80/1000
        Progress: 120/1000
        Progress: 160/1000
        Progress: 200/1000
        Progress: 240/1000
        Progress: 280/1000
        Progress: 320/1000
        Progress: 360/1000
        Progress: 400/1000
        Progress: 440/1000
        Progress: 480/1000
        Progress: 520/1000
        Progress: 560/1000
        Progress: 600/1000
        Progress: 640/1000
        Progress: 680/1000
        Progress: 720/1000
        Progress: 760/1000
        Progress: 800/1000
        Progress: 840/1000
        Progress: 880/1000
        Progress: 920/1000
        Progress: 960/1000
        Progress: 1000/1000
   -> [IC] Generating IC rate table...
   [SDSS J083158.49+562052.3] -> Transport approx 1 (com IC)...
   [Transport] Executando paralelização para electron...
   -> [Fótons] Generating photon table (Sync + IC)...
      Calculando componente Síncrotron...
      Calculando componente Compton Inverso (IC)...
        Progress: 40/1000
        Progress: 80/1000
        Progress: 120/1000
        Progress: 160/1000
        Progress: 200/1000
        Progress: 240/1000
        Progress: 280/1000
        Progress: 320/1000
        Progress: 360/1000
        Progress: 400/1000
        Progress: 440/1000
        Progress: 480/1000
        Progress: 520/1000
        Progress: 560/1000
        Progress: 600/1000
        Progress: 640/1000
        Progress: 680/1000
        Progress: 720/1000
        Progress: 760/1000
        Progress: 800/1000
        Progress: 840/1000
        Progress: 880/1000
        Progress: 920/1000
        Progress: 960/1000
        Progress: 1000/1000
   === [Elétrons] Concluído em 6m 11.32s ===
[SDSS J083511.98+051829.2] Calculating Electrons (1D Transport)...
   [SDSS J083511.98+051829.2] -> Transport approx 0 (sem IC)...
   [Transport] Executando paralelização para electron...
   -> [Fótons] Generating photon table (Sync + IC)...
      Calculando componente Síncrotron...
      Calculando componente Compton Inverso (IC)...
        Progress: 40/1000
        Progress: 80/1000
        Progress: 120/1000
        Progress: 160/1000
        Progress: 200/1000
        Progress: 240/1000
        Progress: 280/1000
        Progress: 320/1000
        Progress: 360/1000
        Progress: 400/1000
        Progress: 440/1000
        Progress: 480/1000
        Progress: 520/1000
        Progress: 560/1000
        Progress: 600/1000
        Progress: 640/1000
        Progress: 680/1000
        Progress: 720/1000
        Progress: 760/1000
        Progress: 800/1000
        Progress: 840/1000
        Progress: 880/1000
        Progress: 920/1000
        Progress: 960/1000
        Progress: 1000/1000
   -> [IC] Generating IC rate table...
   [SDSS J083511.98+051829.2] -> Transport approx 1 (com IC)...
   [Transport] Executando paralelização para electron...
   -> [Fótons] Generating photon table (Sync + IC)...
      Calculando componente Síncrotron...
      Calculando componente Compton Inverso (IC)...
        Progress: 40/1000
        Progress: 80/1000
        Progress: 120/1000
        Progress: 160/1000
        Progress: 200/1000
        Progress: 240/1000
        Progress: 280/1000
        Progress: 320/1000
        Progress: 360/1000
        Progress: 400/1000
        Progress: 440/1000
        Progress: 480/1000
        Progress: 520/1000
        Progress: 560/1000
        Progress: 600/1000
        Progress: 640/1000
        Progress: 680/1000
        Progress: 720/1000
        Progress: 760/1000
        Progress: 800/1000
        Progress: 840/1000
        Progress: 880/1000
        Progress: 920/1000
        Progress: 960/1000
        Progress: 1000/1000
   === [Elétrons] Concluído em 6m 5.74s ===
[SDSS J084102.73+595610.5] Calculating Electrons (1D Transport)...
   [SDSS J084102.73+595610.5] -> Transport approx 0 (sem IC)...
   [Transport] Executando paralelização para electron...
   -> [Fótons] Generating photon table (Sync + IC)...
      Calculando componente Síncrotron...
      Calculando componente Compton Inverso (IC)...
        Progress: 40/1000
        Progress: 80/1000
        Progress: 120/1000
        Progress: 160/1000
        Progress: 200/1000
        Progress: 240/1000
        Progress: 280/1000
        Progress: 320/1000
        Progress: 360/1000
        Progress: 400/1000
        Progress: 440/1000
        Progress: 480/1000
        Progress: 520/1000
        Progress: 560/1000
        Progress: 600/1000
        Progress: 640/1000
        Progress: 680/1000
        Progress: 720/1000
        Progress: 760/1000
        Progress: 800/1000
        Progress: 840/1000
        Progress: 880/1000
        Progress: 920/1000
        Progress: 960/1000
        Progress: 1000/1000
   -> [IC] Generating IC rate table...
   [SDSS J084102.73+595610.5] -> Transport approx 1 (com IC)...
   [Transport] Executando paralelização para electron...
   -> [Fótons] Generating photon table (Sync + IC)...
      Calculando componente Síncrotron...
      Calculando componente Compton Inverso (IC)...
        Progress: 40/1000
        Progress: 80/1000
        Progress: 120/1000
        Progress: 160/1000
        Progress: 200/1000
        Progress: 240/1000
        Progress: 280/1000
        Progress: 320/1000
        Progress: 360/1000
        Progress: 400/1000
        Progress: 440/1000
        Progress: 480/1000
        Progress: 520/1000
        Progress: 560/1000
        Progress: 600/1000
        Progress: 640/1000
        Progress: 680/1000
        Progress: 720/1000
        Progress: 760/1000
        Progress: 800/1000
        Progress: 840/1000
        Progress: 880/1000
        Progress: 920/1000
        Progress: 960/1000
        Progress: 1000/1000
   === [Elétrons] Concluído em 6m 7.34s ===
[SDSS J084701.88+100106.6] Calculating Electrons (1D Transport)...
   [SDSS J084701.88+100106.6] -> Transport approx 0 (sem IC)...
   [Transport] Executando paralelização para electron...
   -> [Fótons] Generating photon table (Sync + IC)...
      Calculando componente Síncrotron...
      Calculando componente Compton Inverso (IC)...
        Progress: 40/1000
        Progress: 80/1000
        Progress: 120/1000
        Progress: 160/1000
        Progress: 200/1000
        Progress: 240/1000
        Progress: 280/1000
        Progress: 320/1000
        Progress: 360/1000
        Progress: 400/1000
        Progress: 440/1000
        Progress: 480/1000
        Progress: 520/1000
        Progress: 560/1000
        Progress: 600/1000
        Progress: 640/1000
        Progress: 680/1000
        Progress: 720/1000
        Progress: 760/1000
        Progress: 800/1000
        Progress: 840/1000
        Progress: 880/1000
        Progress: 920/1000
        Progress: 960/1000
        Progress: 1000/1000
   -> [IC] Generating IC rate table...
   [SDSS J084701.88+100106.6] -> Transport approx 1 (com IC)...
   [Transport] Executando paralelização para electron...
   -> [Fótons] Generating photon table (Sync + IC)...
      Calculando componente Síncrotron...
      Calculando componente Compton Inverso (IC)...
        Progress: 40/1000
        Progress: 80/1000
        Progress: 120/1000
        Progress: 160/1000
        Progress: 200/1000
        Progress: 240/1000
        Progress: 280/1000
        Progress: 320/1000
        Progress: 360/1000
        Progress: 400/1000
        Progress: 440/1000
        Progress: 480/1000
        Progress: 520/1000
        Progress: 560/1000
        Progress: 600/1000
        Progress: 640/1000
        Progress: 680/1000
        Progress: 720/1000
        Progress: 760/1000
        Progress: 800/1000
        Progress: 840/1000
        Progress: 880/1000
        Progress: 920/1000
        Progress: 960/1000
        Progress: 1000/1000
   === [Elétrons] Concluído em 6m 10.94s ===
[SDSS J090652.79+412429.7] Calculating Electrons (1D Transport)...
   [SDSS J090652.79+412429.7] -> Transport approx 0 (sem IC)...
   [Transport] Executando paralelização para electron...
   -> [Fótons] Generating photon table (Sync + IC)...
      Calculando componente Síncrotron...
      Calculando componente Compton Inverso (IC)...
        Progress: 40/1000
        Progress: 80/1000
        Progress: 120/1000
        Progress: 160/1000
        Progress: 200/1000
        Progress: 240/1000
        Progress: 280/1000
        Progress: 320/1000
        Progress: 360/1000
        Progress: 400/1000
        Progress: 440/1000
        Progress: 480/1000
        Progress: 520/1000
        Progress: 560/1000
        Progress: 600/1000
        Progress: 640/1000
        Progress: 680/1000
        Progress: 720/1000
        Progress: 760/1000
        Progress: 800/1000
        Progress: 840/1000
        Progress: 880/1000
        Progress: 920/1000
        Progress: 960/1000
        Progress: 1000/1000
   -> [IC] Generating IC rate table...
   [SDSS J090652.79+412429.7] -> Transport approx 1 (com IC)...
   [Transport] Executando paralelização para electron...
   -> [Fótons] Generating photon table (Sync + IC)...
      Calculando componente Síncrotron...
      Calculando componente Compton Inverso (IC)...
        Progress: 40/1000
        Progress: 80/1000
        Progress: 120/1000
        Progress: 160/1000
        Progress: 200/1000
        Progress: 240/1000
        Progress: 280/1000
        Progress: 320/1000
        Progress: 360/1000
        Progress: 400/1000
        Progress: 440/1000
        Progress: 480/1000
        Progress: 520/1000
        Progress: 560/1000
        Progress: 600/1000
        Progress: 640/1000
        Progress: 680/1000
        Progress: 720/1000
        Progress: 760/1000
        Progress: 800/1000
        Progress: 840/1000
        Progress: 880/1000
        Progress: 920/1000
        Progress: 960/1000
        Progress: 1000/1000
   === [Elétrons] Concluído em 6m 28.66s ===
[SDSS J090734.91+325722.9] Calculating Electrons (1D Transport)...
   [SDSS J090734.91+325722.9] -> Transport approx 0 (sem IC)...
   [Transport] Executando paralelização para electron...
   -> [Fótons] Generating photon table (Sync + IC)...
      Calculando componente Síncrotron...
      Calculando componente Compton Inverso (IC)...
        Progress: 40/1000
        Progress: 80/1000
        Progress: 120/1000
        Progress: 160/1000
        Progress: 200/1000
        Progress: 240/1000
        Progress: 280/1000
        Progress: 320/1000
        Progress: 360/1000
        Progress: 400/1000
        Progress: 440/1000
        Progress: 480/1000
        Progress: 520/1000
        Progress: 560/1000
        Progress: 600/1000
        Progress: 640/1000
        Progress: 680/1000
        Progress: 720/1000
        Progress: 760/1000
        Progress: 800/1000
        Progress: 840/1000
        Progress: 880/1000
        Progress: 920/1000
        Progress: 960/1000
        Progress: 1000/1000
   -> [IC] Generating IC rate table...
   [SDSS J090734.91+325722.9] -> Transport approx 1 (com IC)...
   [Transport] Executando paralelização para electron...
   -> [Fótons] Generating photon table (Sync + IC)...
      Calculando componente Síncrotron...
      Calculando componente Compton Inverso (IC)...
        Progress: 40/1000
        Progress: 80/1000
        Progress: 120/1000
        Progress: 160/1000
        Progress: 200/1000
        Progress: 240/1000
        Progress: 280/1000
        Progress: 320/1000
        Progress: 360/1000
        Progress: 400/1000
        Progress: 440/1000
        Progress: 480/1000
        Progress: 520/1000
        Progress: 560/1000
        Progress: 600/1000
        Progress: 640/1000
        Progress: 680/1000
        Progress: 720/1000
        Progress: 760/1000
        Progress: 800/1000
        Progress: 840/1000
        Progress: 880/1000
        Progress: 920/1000
        Progress: 960/1000
        Progress: 1000/1000
   === [Elétrons] Concluído em 6m 46.91s ===
[SDSS J090937.44+192808.2] Calculating Electrons (1D Transport)...
   [SDSS J090937.44+192808.2] -> Transport approx 0 (sem IC)...
   [Transport] Executando paralelização para electron...
   -> [Fótons] Generating photon table (Sync + IC)...
      Calculando componente Síncrotron...
      Calculando componente Compton Inverso (IC)...
        Progress: 40/1000
        Progress: 80/1000
        Progress: 120/1000
        Progress: 160/1000
        Progress: 200/1000
        Progress: 240/1000
        Progress: 280/1000
        Progress: 320/1000
        Progress: 360/1000
        Progress: 400/1000
        Progress: 440/1000
        Progress: 480/1000
        Progress: 520/1000
        Progress: 560/1000
        Progress: 600/1000
        Progress: 640/1000
        Progress: 680/1000
        Progress: 720/1000
        Progress: 760/1000
        Progress: 800/1000
        Progress: 840/1000
        Progress: 880/1000
        Progress: 920/1000
        Progress: 960/1000
        Progress: 1000/1000
   -> [IC] Generating IC rate table...
   [SDSS J090937.44+192808.2] -> Transport approx 1 (com IC)...
   [Transport] Executando paralelização para electron...
   -> [Fótons] Generating photon table (Sync + IC)...
      Calculando componente Síncrotron...
      Calculando componente Compton Inverso (IC)...
        Progress: 40/1000
        Progress: 80/1000
        Progress: 120/1000
        Progress: 160/1000
        Progress: 200/1000
        Progress: 240/1000
        Progress: 280/1000
        Progress: 320/1000
        Progress: 360/1000
        Progress: 400/1000
        Progress: 440/1000
        Progress: 480/1000
        Progress: 520/1000
        Progress: 560/1000
        Progress: 600/1000
        Progress: 640/1000
        Progress: 680/1000
        Progress: 720/1000
        Progress: 760/1000
        Progress: 800/1000
        Progress: 840/1000
        Progress: 880/1000
        Progress: 920/1000
        Progress: 960/1000
        Progress: 1000/1000
   === [Elétrons] Concluído em 6m 13.65s ===
[SDSS J091039.92+184147.6] Calculating Electrons (1D Transport)...
   [SDSS J091039.92+184147.6] -> Transport approx 0 (sem IC)...
   [Transport] Executando paralelização para electron...
   -> [Fótons] Generating photon table (Sync + IC)...
      Calculando componente Síncrotron...
      Calculando componente Compton Inverso (IC)...
        Progress: 40/1000
        Progress: 80/1000
        Progress: 120/1000
        Progress: 160/1000
        Progress: 200/1000
        Progress: 240/1000
        Progress: 280/1000
        Progress: 320/1000
        Progress: 360/1000
        Progress: 400/1000
        Progress: 440/1000
        Progress: 480/1000
        Progress: 520/1000
        Progress: 560/1000
        Progress: 600/1000
        Progress: 640/1000
        Progress: 680/1000
        Progress: 720/1000
        Progress: 760/1000
        Progress: 800/1000
        Progress: 840/1000
        Progress: 880/1000
        Progress: 920/1000
        Progress: 960/1000
        Progress: 1000/1000
   -> [IC] Generating IC rate table...
   [SDSS J091039.92+184147.6] -> Transport approx 1 (com IC)...
   [Transport] Executando paralelização para electron...
   -> [Fótons] Generating photon table (Sync + IC)...
      Calculando componente Síncrotron...
      Calculando componente Compton Inverso (IC)...
        Progress: 40/1000
        Progress: 80/1000
        Progress: 120/1000
        Progress: 160/1000
        Progress: 200/1000
        Progress: 240/1000
        Progress: 280/1000
        Progress: 320/1000
        Progress: 360/1000
        Progress: 400/1000
        Progress: 440/1000
        Progress: 480/1000
        Progress: 520/1000
        Progress: 560/1000
        Progress: 600/1000
        Progress: 640/1000
        Progress: 680/1000
        Progress: 720/1000
        Progress: 760/1000
        Progress: 800/1000
        Progress: 840/1000
        Progress: 880/1000
        Progress: 920/1000
        Progress: 960/1000
        Progress: 1000/1000
   === [Elétrons] Concluído em 6m 25.13s ===
[SDSS J091601.78+173523.3] Calculating Electrons (1D Transport)...
   [SDSS J091601.78+173523.3] -> Transport approx 0 (sem IC)...
   [Transport] Executando paralelização para electron...
   -> [Fótons] Generating photon table (Sync + IC)...
      Calculando componente Síncrotron...
      Calculando componente Compton Inverso (IC)...
        Progress: 40/1000
        Progress: 80/1000
        Progress: 120/1000
        Progress: 160/1000
        Progress: 200/1000
        Progress: 240/1000
        Progress: 280/1000
        Progress: 320/1000
        Progress: 360/1000
        Progress: 400/1000
        Progress: 440/1000
        Progress: 480/1000
        Progress: 520/1000
        Progress: 560/1000
        Progress: 600/1000
        Progress: 640/1000
        Progress: 680/1000
        Progress: 720/1000
        Progress: 760/1000
        Progress: 800/1000
        Progress: 840/1000
        Progress: 880/1000
        Progress: 920/1000
        Progress: 960/1000
        Progress: 1000/1000
   -> [IC] Generating IC rate table...
   [SDSS J091601.78+173523.3] -> Transport approx 1 (com IC)...
   [Transport] Executando paralelização para electron...
   -> [Fótons] Generating photon table (Sync + IC)...
      Calculando componente Síncrotron...
      Calculando componente Compton Inverso (IC)...
        Progress: 40/1000
        Progress: 80/1000
        Progress: 120/1000
        Progress: 160/1000
        Progress: 200/1000
        Progress: 240/1000
        Progress: 280/1000
        Progress: 320/1000
        Progress: 360/1000
        Progress: 400/1000
        Progress: 440/1000
        Progress: 480/1000
        Progress: 520/1000
        Progress: 560/1000
        Progress: 600/1000
        Progress: 640/1000
        Progress: 680/1000
        Progress: 720/1000
        Progress: 760/1000
        Progress: 800/1000
        Progress: 840/1000
        Progress: 880/1000
        Progress: 920/1000
        Progress: 960/1000
        Progress: 1000/1000
   === [Elétrons] Concluído em 6m 12.93s ===
[SDSS J091754.25+133145.5] Calculating Electrons (1D Transport)...
   [SDSS J091754.25+133145.5] -> Transport approx 0 (sem IC)...
   [Transport] Executando paralelização para electron...
   -> [Fótons] Generating photon table (Sync + IC)...
      Calculando componente Síncrotron...
      Calculando componente Compton Inverso (IC)...
        Progress: 40/1000
        Progress: 80/1000
        Progress: 120/1000
        Progress: 160/1000
        Progress: 200/1000
        Progress: 240/1000
        Progress: 280/1000
        Progress: 320/1000
        Progress: 360/1000
        Progress: 400/1000
        Progress: 440/1000
        Progress: 480/1000
        Progress: 520/1000
        Progress: 560/1000
        Progress: 600/1000
        Progress: 640/1000
        Progress: 680/1000
        Progress: 720/1000
        Progress: 760/1000
        Progress: 800/1000
        Progress: 840/1000
        Progress: 880/1000
        Progress: 920/1000
        Progress: 960/1000
        Progress: 1000/1000
   -> [IC] Generating IC rate table...
   [SDSS J091754.25+133145.5] -> Transport approx 1 (com IC)...
   [Transport] Executando paralelização para electron...
   -> [Fótons] Generating photon table (Sync + IC)...
      Calculando componente Síncrotron...
      Calculando componente Compton Inverso (IC)...
        Progress: 40/1000
        Progress: 80/1000
        Progress: 120/1000
        Progress: 160/1000
        Progress: 200/1000
        Progress: 240/1000
        Progress: 280/1000
        Progress: 320/1000
        Progress: 360/1000
        Progress: 400/1000
        Progress: 440/1000
        Progress: 480/1000
        Progress: 520/1000
        Progress: 560/1000
        Progress: 600/1000
        Progress: 640/1000
        Progress: 680/1000
        Progress: 720/1000
        Progress: 760/1000
        Progress: 800/1000
        Progress: 840/1000
        Progress: 880/1000
        Progress: 920/1000
        Progress: 960/1000
        Progress: 1000/1000
   === [Elétrons] Concluído em 6m 30.71s ===
[SDSS J093003.56+341325.3] Calculating Electrons (1D Transport)...
   [SDSS J093003.56+341325.3] -> Transport approx 0 (sem IC)...
   [Transport] Executando paralelização para electron...
   -> [Fótons] Generating photon table (Sync + IC)...
      Calculando componente Síncrotron...
      Calculando componente Compton Inverso (IC)...
        Progress: 40/1000
        Progress: 80/1000
        Progress: 120/1000
        Progress: 160/1000
        Progress: 200/1000
        Progress: 240/1000
        Progress: 280/1000
        Progress: 320/1000
        Progress: 360/1000
        Progress: 400/1000
        Progress: 440/1000
        Progress: 480/1000
        Progress: 520/1000
        Progress: 560/1000
        Progress: 600/1000
        Progress: 640/1000
        Progress: 680/1000
        Progress: 720/1000
        Progress: 760/1000
        Progress: 800/1000
        Progress: 840/1000
        Progress: 880/1000
        Progress: 920/1000
        Progress: 960/1000
        Progress: 1000/1000
   -> [IC] Generating IC rate table...
   [SDSS J093003.56+341325.3] -> Transport approx 1 (com IC)...
   [Transport] Executando paralelização para electron...
   -> [Fótons] Generating photon table (Sync + IC)...
      Calculando componente Síncrotron...
      Calculando componente Compton Inverso (IC)...
        Progress: 40/1000
        Progress: 80/1000
        Progress: 120/1000
        Progress: 160/1000
        Progress: 200/1000
        Progress: 240/1000
        Progress: 280/1000
        Progress: 320/1000
        Progress: 360/1000
        Progress: 400/1000
        Progress: 440/1000
        Progress: 480/1000
        Progress: 520/1000
        Progress: 560/1000
        Progress: 600/1000
        Progress: 640/1000
        Progress: 680/1000
        Progress: 720/1000
        Progress: 760/1000
        Progress: 800/1000
        Progress: 840/1000
        Progress: 880/1000
        Progress: 920/1000
        Progress: 960/1000
        Progress: 1000/1000
   === [Elétrons] Concluído em 6m 15.30s ===
[SDSS J093346.08+100909.0] Calculating Electrons (1D Transport)...
   [SDSS J093346.08+100909.0] -> Transport approx 0 (sem IC)...
   [Transport] Executando paralelização para electron...
   -> [Fótons] Generating photon table (Sync + IC)...
      Calculando componente Síncrotron...
      Calculando componente Compton Inverso (IC)...
        Progress: 40/1000
        Progress: 80/1000
        Progress: 120/1000
        Progress: 160/1000
        Progress: 200/1000
        Progress: 240/1000
        Progress: 280/1000
        Progress: 320/1000
        Progress: 360/1000
        Progress: 400/1000
        Progress: 440/1000
        Progress: 480/1000
        Progress: 520/1000
        Progress: 560/1000
        Progress: 600/1000
        Progress: 640/1000
        Progress: 680/1000
        Progress: 720/1000
        Progress: 760/1000
        Progress: 800/1000
        Progress: 840/1000
        Progress: 880/1000
        Progress: 920/1000
        Progress: 960/1000
        Progress: 1000/1000
   -> [IC] Generating IC rate table...
   [SDSS J093346.08+100909.0] -> Transport approx 1 (com IC)...
   [Transport] Executando paralelização para electron...
   -> [Fótons] Generating photon table (Sync + IC)...
      Calculando componente Síncrotron...
      Calculando componente Compton Inverso (IC)...
        Progress: 40/1000
        Progress: 80/1000
        Progress: 120/1000
        Progress: 160/1000
        Progress: 200/1000
        Progress: 240/1000
        Progress: 280/1000
        Progress: 320/1000
        Progress: 360/1000
        Progress: 400/1000
        Progress: 440/1000
        Progress: 480/1000
        Progress: 520/1000
        Progress: 560/1000
        Progress: 600/1000
        Progress: 640/1000
        Progress: 680/1000
        Progress: 720/1000
        Progress: 760/1000
        Progress: 800/1000
        Progress: 840/1000
        Progress: 880/1000
        Progress: 920/1000
        Progress: 960/1000
        Progress: 1000/1000
   === [Elétrons] Concluído em 6m 10.20s ===
[SDSS J093938.62+385358.6] Calculating Electrons (1D Transport)...
   [SDSS J093938.62+385358.6] -> Transport approx 0 (sem IC)...
   [Transport] Executando paralelização para electron...
   -> [Fótons] Generating photon table (Sync + IC)...
      Calculando componente Síncrotron...
      Calculando componente Compton Inverso (IC)...
        Progress: 40/1000
        Progress: 80/1000
        Progress: 120/1000
        Progress: 160/1000
        Progress: 200/1000
        Progress: 240/1000
        Progress: 280/1000
        Progress: 320/1000
        Progress: 360/1000
        Progress: 400/1000
        Progress: 440/1000
        Progress: 480/1000
        Progress: 520/1000
        Progress: 560/1000
        Progress: 600/1000
        Progress: 640/1000
        Progress: 680/1000
        Progress: 720/1000
        Progress: 760/1000
        Progress: 800/1000
        Progress: 840/1000
        Progress: 880/1000
        Progress: 920/1000
        Progress: 960/1000
        Progress: 1000/1000
   -> [IC] Generating IC rate table...
   [SDSS J093938.62+385358.6] -> Transport approx 1 (com IC)...
   [Transport] Executando paralelização para electron...
   -> [Fótons] Generating photon table (Sync + IC)...
      Calculando componente Síncrotron...
      Calculando componente Compton Inverso (IC)...
        Progress: 40/1000
        Progress: 80/1000
        Progress: 120/1000
        Progress: 160/1000
        Progress: 200/1000
        Progress: 240/1000
        Progress: 280/1000
        Progress: 320/1000
        Progress: 360/1000
        Progress: 400/1000
        Progress: 440/1000
        Progress: 480/1000
        Progress: 520/1000
        Progress: 560/1000
        Progress: 600/1000
        Progress: 640/1000
        Progress: 680/1000
        Progress: 720/1000
        Progress: 760/1000
        Progress: 800/1000
        Progress: 840/1000
        Progress: 880/1000
        Progress: 920/1000
        Progress: 960/1000
        Progress: 1000/1000
   === [Elétrons] Concluído em 6m 18.20s ===
[SDSS J094319.15+361452.1] Calculating Electrons (1D Transport)...
   [SDSS J094319.15+361452.1] -> Transport approx 0 (sem IC)...
   [Transport] Executando paralelização para electron...
   -> [Fótons] Generating photon table (Sync + IC)...
      Calculando componente Síncrotron...
      Calculando componente Compton Inverso (IC)...
        Progress: 40/1000
        Progress: 80/1000
        Progress: 120/1000
        Progress: 160/1000
        Progress: 200/1000
        Progress: 240/1000
        Progress: 280/1000
        Progress: 320/1000
        Progress: 360/1000
        Progress: 400/1000
        Progress: 440/1000
        Progress: 480/1000
        Progress: 520/1000
        Progress: 560/1000
        Progress: 600/1000
        Progress: 640/1000
        Progress: 680/1000
        Progress: 720/1000
        Progress: 760/1000
        Progress: 800/1000
        Progress: 840/1000
        Progress: 880/1000
        Progress: 920/1000
        Progress: 960/1000
        Progress: 1000/1000
   -> [IC] Generating IC rate table...
   [SDSS J094319.15+361452.1] -> Transport approx 1 (com IC)...
   [Transport] Executando paralelização para electron...
   -> [Fótons] Generating photon table (Sync + IC)...
      Calculando componente Síncrotron...
      Calculando componente Compton Inverso (IC)...
        Progress: 40/1000
        Progress: 80/1000
        Progress: 120/1000
        Progress: 160/1000
        Progress: 200/1000
        Progress: 240/1000
        Progress: 280/1000
        Progress: 320/1000
        Progress: 360/1000
        Progress: 400/1000
        Progress: 440/1000
        Progress: 480/1000
        Progress: 520/1000
        Progress: 560/1000
        Progress: 600/1000
        Progress: 640/1000
        Progress: 680/1000
        Progress: 720/1000
        Progress: 760/1000
        Progress: 800/1000
        Progress: 840/1000
        Progress: 880/1000
        Progress: 920/1000
        Progress: 960/1000
        Progress: 1000/1000
   === [Elétrons] Concluído em 6m 32.13s ===
[SDSS J100549.83+003800.0] Calculating Electrons (1D Transport)...
   [SDSS J100549.83+003800.0] -> Transport approx 0 (sem IC)...
   [Transport] Executando paralelização para electron...
   -> [Fótons] Generating photon table (Sync + IC)...
      Calculando componente Síncrotron...
      Calculando componente Compton Inverso (IC)...
        Progress: 40/1000
        Progress: 80/1000
        Progress: 120/1000
        Progress: 160/1000
        Progress: 200/1000
        Progress: 240/1000
        Progress: 280/1000
        Progress: 320/1000
        Progress: 360/1000
        Progress: 400/1000
        Progress: 440/1000
        Progress: 480/1000
        Progress: 520/1000
        Progress: 560/1000
        Progress: 600/1000
        Progress: 640/1000
        Progress: 680/1000
        Progress: 720/1000
        Progress: 760/1000
        Progress: 800/1000
        Progress: 840/1000
        Progress: 880/1000
        Progress: 920/1000
        Progress: 960/1000
        Progress: 1000/1000
   -> [IC] Generating IC rate table...
   [SDSS J100549.83+003800.0] -> Transport approx 1 (com IC)...
   [Transport] Executando paralelização para electron...
   -> [Fótons] Generating photon table (Sync + IC)...
      Calculando componente Síncrotron...
      Calculando componente Compton Inverso (IC)...
        Progress: 40/1000
        Progress: 80/1000
        Progress: 120/1000
        Progress: 160/1000
        Progress: 200/1000
        Progress: 240/1000
        Progress: 280/1000
        Progress: 320/1000
        Progress: 360/1000
        Progress: 400/1000
        Progress: 440/1000
        Progress: 480/1000
        Progress: 520/1000
        Progress: 560/1000
        Progress: 600/1000
        Progress: 640/1000
        Progress: 680/1000
        Progress: 720/1000
        Progress: 760/1000
        Progress: 800/1000
        Progress: 840/1000
        Progress: 880/1000
        Progress: 920/1000
        Progress: 960/1000
        Progress: 1000/1000
   === [Elétrons] Concluído em 5m 50.77s ===
[SDSS J101329.65+075415.6] Calculating Electrons (1D Transport)...
   [SDSS J101329.65+075415.6] -> Transport approx 0 (sem IC)...
   [Transport] Executando paralelização para electron...
   -> [Fótons] Generating photon table (Sync + IC)...
      Calculando componente Síncrotron...
      Calculando componente Compton Inverso (IC)...
        Progress: 40/1000
        Progress: 80/1000
        Progress: 120/1000
        Progress: 160/1000
        Progress: 200/1000
        Progress: 240/1000
        Progress: 280/1000
        Progress: 320/1000
        Progress: 360/1000
        Progress: 400/1000
        Progress: 440/1000
        Progress: 480/1000
        Progress: 520/1000
        Progress: 560/1000
        Progress: 600/1000
        Progress: 640/1000
        Progress: 680/1000
        Progress: 720/1000
        Progress: 760/1000
        Progress: 800/1000
        Progress: 840/1000
        Progress: 880/1000
        Progress: 920/1000
        Progress: 960/1000
        Progress: 1000/1000
   -> [IC] Generating IC rate table...
   [SDSS J101329.65+075415.6] -> Transport approx 1 (com IC)...
   [Transport] Executando paralelização para electron...
   -> [Fótons] Generating photon table (Sync + IC)...
      Calculando componente Síncrotron...
      Calculando componente Compton Inverso (IC)...
        Progress: 40/1000
        Progress: 80/1000
        Progress: 120/1000
        Progress: 160/1000
        Progress: 200/1000
        Progress: 240/1000
        Progress: 280/1000
        Progress: 320/1000
        Progress: 360/1000
        Progress: 400/1000
        Progress: 440/1000
        Progress: 480/1000
        Progress: 520/1000
        Progress: 560/1000
        Progress: 600/1000
        Progress: 640/1000
        Progress: 680/1000
        Progress: 720/1000
        Progress: 760/1000
        Progress: 800/1000
        Progress: 840/1000
        Progress: 880/1000
        Progress: 920/1000
        Progress: 960/1000
        Progress: 1000/1000
   === [Elétrons] Concluído em 5m 58.34s ===
[SDSS J101806.67+000559.7] Calculating Electrons (1D Transport)...
   [SDSS J101806.67+000559.7] -> Transport approx 0 (sem IC)...
   [Transport] Executando paralelização para electron...
   -> [Fótons] Generating photon table (Sync + IC)...
      Calculando componente Síncrotron...
      Calculando componente Compton Inverso (IC)...
        Progress: 40/1000
        Progress: 80/1000
        Progress: 120/1000
        Progress: 160/1000
        Progress: 200/1000
        Progress: 240/1000
        Progress: 280/1000
        Progress: 320/1000
        Progress: 360/1000
        Progress: 400/1000
        Progress: 440/1000
        Progress: 480/1000
        Progress: 520/1000
        Progress: 560/1000
        Progress: 600/1000
        Progress: 640/1000
        Progress: 680/1000
        Progress: 720/1000
        Progress: 760/1000
        Progress: 800/1000
        Progress: 840/1000
        Progress: 880/1000
        Progress: 920/1000
        Progress: 960/1000
        Progress: 1000/1000
   -> [IC] Generating IC rate table...
   [SDSS J101806.67+000559.7] -> Transport approx 1 (com IC)...
   [Transport] Executando paralelização para electron...
   -> [Fótons] Generating photon table (Sync + IC)...
      Calculando componente Síncrotron...
      Calculando componente Compton Inverso (IC)...
        Progress: 40/1000
        Progress: 80/1000
        Progress: 120/1000
        Progress: 160/1000
        Progress: 200/1000
        Progress: 240/1000
        Progress: 280/1000
        Progress: 320/1000
        Progress: 360/1000
        Progress: 400/1000
        Progress: 440/1000
        Progress: 480/1000
        Progress: 520/1000
        Progress: 560/1000
        Progress: 600/1000
        Progress: 640/1000
        Progress: 680/1000
        Progress: 720/1000
        Progress: 760/1000
        Progress: 800/1000
        Progress: 840/1000
        Progress: 880/1000
        Progress: 920/1000
        Progress: 960/1000
        Progress: 1000/1000
   === [Elétrons] Concluído em 6m 38.29s ===
[SDSS J102403.28+420629.8] Calculating Electrons (1D Transport)...
   [SDSS J102403.28+420629.8] -> Transport approx 0 (sem IC)...
   [Transport] Executando paralelização para electron...
   -> [Fótons] Generating photon table (Sync + IC)...
      Calculando componente Síncrotron...
      Calculando componente Compton Inverso (IC)...
        Progress: 40/1000
        Progress: 80/1000
        Progress: 120/1000
        Progress: 160/1000
        Progress: 200/1000
        Progress: 240/1000
        Progress: 280/1000
        Progress: 320/1000
        Progress: 360/1000
        Progress: 400/1000
        Progress: 440/1000
        Progress: 480/1000
        Progress: 520/1000
        Progress: 560/1000
        Progress: 600/1000
        Progress: 640/1000
        Progress: 680/1000
        Progress: 720/1000
        Progress: 760/1000
        Progress: 800/1000
        Progress: 840/1000
        Progress: 880/1000
        Progress: 920/1000
        Progress: 960/1000
        Progress: 1000/1000
   -> [IC] Generating IC rate table...
   [SDSS J102403.28+420629.8] -> Transport approx 1 (com IC)...
   [Transport] Executando paralelização para electron...
   -> [Fótons] Generating photon table (Sync + IC)...
      Calculando componente Síncrotron...
      Calculando componente Compton Inverso (IC)...
        Progress: 40/1000
        Progress: 80/1000
        Progress: 120/1000
        Progress: 160/1000
        Progress: 200/1000
        Progress: 240/1000
        Progress: 280/1000
        Progress: 320/1000
        Progress: 360/1000
        Progress: 400/1000
        Progress: 440/1000
        Progress: 480/1000
        Progress: 520/1000
        Progress: 560/1000
        Progress: 600/1000
        Progress: 640/1000
        Progress: 680/1000
        Progress: 720/1000
        Progress: 760/1000
        Progress: 800/1000
        Progress: 840/1000
        Progress: 880/1000
        Progress: 920/1000
        Progress: 960/1000
        Progress: 1000/1000
   === [Elétrons] Concluído em 6m 13.16s ===
[SDSS J102511.50+171519.9] Calculating Electrons (1D Transport)...
   [SDSS J102511.50+171519.9] -> Transport approx 0 (sem IC)...
   [Transport] Executando paralelização para electron...
   -> [Fótons] Generating photon table (Sync + IC)...
      Calculando componente Síncrotron...
      Calculando componente Compton Inverso (IC)...
        Progress: 40/1000
        Progress: 80/1000
        Progress: 120/1000
        Progress: 160/1000
        Progress: 200/1000
        Progress: 240/1000
        Progress: 280/1000
        Progress: 320/1000
        Progress: 360/1000
        Progress: 400/1000
        Progress: 440/1000
        Progress: 480/1000
        Progress: 520/1000
        Progress: 560/1000
        Progress: 600/1000
        Progress: 640/1000
        Progress: 680/1000
        Progress: 720/1000
        Progress: 760/1000
        Progress: 800/1000
        Progress: 840/1000
        Progress: 880/1000
        Progress: 920/1000
        Progress: 960/1000
        Progress: 1000/1000
   -> [IC] Generating IC rate table...
   [SDSS J102511.50+171519.9] -> Transport approx 1 (com IC)...
   [Transport] Executando paralelização para electron...
   -> [Fótons] Generating photon table (Sync + IC)...
      Calculando componente Síncrotron...
      Calculando componente Compton Inverso (IC)...
        Progress: 40/1000
        Progress: 80/1000
        Progress: 120/1000
        Progress: 160/1000
        Progress: 200/1000
        Progress: 240/1000
        Progress: 280/1000
        Progress: 320/1000
        Progress: 360/1000
        Progress: 400/1000
        Progress: 440/1000
        Progress: 480/1000
        Progress: 520/1000
        Progress: 560/1000
        Progress: 600/1000
        Progress: 640/1000
        Progress: 680/1000
        Progress: 720/1000
        Progress: 760/1000
        Progress: 800/1000
        Progress: 840/1000
        Progress: 880/1000
        Progress: 920/1000
        Progress: 960/1000
        Progress: 1000/1000
   === [Elétrons] Concluído em 5m 51.11s ===
[SDSS J102544.22+102230.4] Calculating Electrons (1D Transport)...
   [SDSS J102544.22+102230.4] -> Transport approx 0 (sem IC)...
   [Transport] Executando paralelização para electron...
   -> [Fótons] Generating photon table (Sync + IC)...
      Calculando componente Síncrotron...
      Calculando componente Compton Inverso (IC)...
        Progress: 40/1000
        Progress: 80/1000
        Progress: 120/1000
        Progress: 160/1000
        Progress: 200/1000
        Progress: 240/1000
        Progress: 280/1000
        Progress: 320/1000
        Progress: 360/1000
        Progress: 400/1000
        Progress: 440/1000
        Progress: 480/1000
        Progress: 520/1000
        Progress: 560/1000
        Progress: 600/1000
        Progress: 640/1000
        Progress: 680/1000
        Progress: 720/1000
        Progress: 760/1000
        Progress: 800/1000
        Progress: 840/1000
        Progress: 880/1000
        Progress: 920/1000
        Progress: 960/1000
        Progress: 1000/1000
   -> [IC] Generating IC rate table...
   [SDSS J102544.22+102230.4] -> Transport approx 1 (com IC)...
   [Transport] Executando paralelização para electron...
   -> [Fótons] Generating photon table (Sync + IC)...
      Calculando componente Síncrotron...
      Calculando componente Compton Inverso (IC)...
        Progress: 40/1000
        Progress: 80/1000
        Progress: 120/1000
        Progress: 160/1000
        Progress: 200/1000
        Progress: 240/1000
        Progress: 280/1000
        Progress: 320/1000
        Progress: 360/1000
        Progress: 400/1000
        Progress: 440/1000
        Progress: 480/1000
        Progress: 520/1000
        Progress: 560/1000
        Progress: 600/1000
        Progress: 640/1000
        Progress: 680/1000
        Progress: 720/1000
        Progress: 760/1000
        Progress: 800/1000
        Progress: 840/1000
        Progress: 880/1000
        Progress: 920/1000
        Progress: 960/1000
        Progress: 1000/1000
   === [Elétrons] Concluído em 6m 17.67s ===
[SDSS J103719.33+433515.3] Calculating Electrons (1D Transport)...
   [SDSS J103719.33+433515.3] -> Transport approx 0 (sem IC)...
   [Transport] Executando paralelização para electron...
   -> [Fótons] Generating photon table (Sync + IC)...
      Calculando componente Síncrotron...
      Calculando componente Compton Inverso (IC)...
        Progress: 40/1000
        Progress: 80/1000
        Progress: 120/1000
        Progress: 160/1000
        Progress: 200/1000
        Progress: 240/1000
        Progress: 280/1000
        Progress: 320/1000
        Progress: 360/1000
        Progress: 400/1000
        Progress: 440/1000
        Progress: 480/1000
        Progress: 520/1000
        Progress: 560/1000
        Progress: 600/1000
        Progress: 640/1000
        Progress: 680/1000
        Progress: 720/1000
        Progress: 760/1000
        Progress: 800/1000
        Progress: 840/1000
        Progress: 880/1000
        Progress: 920/1000
        Progress: 960/1000
        Progress: 1000/1000
   -> [IC] Generating IC rate table...
   [SDSS J103719.33+433515.3] -> Transport approx 1 (com IC)...
   [Transport] Executando paralelização para electron...
   -> [Fótons] Generating photon table (Sync + IC)...
      Calculando componente Síncrotron...
      Calculando componente Compton Inverso (IC)...
        Progress: 40/1000
        Progress: 80/1000
        Progress: 120/1000
        Progress: 160/1000
        Progress: 200/1000
        Progress: 240/1000
        Progress: 280/1000
        Progress: 320/1000
        Progress: 360/1000
        Progress: 400/1000
        Progress: 440/1000
        Progress: 480/1000
        Progress: 520/1000
        Progress: 560/1000
        Progress: 600/1000
        Progress: 640/1000
        Progress: 680/1000
        Progress: 720/1000
        Progress: 760/1000
        Progress: 800/1000
        Progress: 840/1000
        Progress: 880/1000
        Progress: 920/1000
        Progress: 960/1000
        Progress: 1000/1000
   === [Elétrons] Concluído em 6m 18.03s ===
[SDSS J103952.47+205049.3] Calculating Electrons (1D Transport)...
   [SDSS J103952.47+205049.3] -> Transport approx 0 (sem IC)...
   [Transport] Executando paralelização para electron...
   -> [Fótons] Generating photon table (Sync + IC)...
      Calculando componente Síncrotron...
      Calculando componente Compton Inverso (IC)...
        Progress: 40/1000
        Progress: 80/1000
        Progress: 120/1000
        Progress: 160/1000
        Progress: 200/1000
        Progress: 240/1000
        Progress: 280/1000
        Progress: 320/1000
        Progress: 360/1000
        Progress: 400/1000
        Progress: 440/1000
        Progress: 480/1000
        Progress: 520/1000
        Progress: 560/1000
        Progress: 600/1000
        Progress: 640/1000
        Progress: 680/1000
        Progress: 720/1000
        Progress: 760/1000
        Progress: 800/1000
        Progress: 840/1000
        Progress: 880/1000
        Progress: 920/1000
        Progress: 960/1000
        Progress: 1000/1000
   -> [IC] Generating IC rate table...
   [SDSS J103952.47+205049.3] -> Transport approx 1 (com IC)...
   [Transport] Executando paralelização para electron...
   -> [Fótons] Generating photon table (Sync + IC)...
      Calculando componente Síncrotron...
      Calculando componente Compton Inverso (IC)...
        Progress: 40/1000
        Progress: 80/1000
        Progress: 120/1000
        Progress: 160/1000
        Progress: 200/1000
        Progress: 240/1000
        Progress: 280/1000
        Progress: 320/1000
        Progress: 360/1000
        Progress: 400/1000
        Progress: 440/1000
        Progress: 480/1000
        Progress: 520/1000
        Progress: 560/1000
        Progress: 600/1000
        Progress: 640/1000
        Progress: 680/1000
        Progress: 720/1000
        Progress: 760/1000
        Progress: 800/1000
        Progress: 840/1000
        Progress: 880/1000
        Progress: 920/1000
        Progress: 960/1000
        Progress: 1000/1000
   === [Elétrons] Concluído em 6m 19.24s ===
[SDSS J104028.37+091057.1] Calculating Electrons (1D Transport)...
   [SDSS J104028.37+091057.1] -> Transport approx 0 (sem IC)...
   [Transport] Executando paralelização para electron...
   -> [Fótons] Generating photon table (Sync + IC)...
      Calculando componente Síncrotron...
      Calculando componente Compton Inverso (IC)...
        Progress: 40/1000
        Progress: 80/1000
        Progress: 120/1000
        Progress: 160/1000
        Progress: 200/1000
        Progress: 240/1000
        Progress: 280/1000
        Progress: 320/1000
        Progress: 360/1000
        Progress: 400/1000
        Progress: 440/1000
        Progress: 480/1000
        Progress: 520/1000
        Progress: 560/1000
        Progress: 600/1000
        Progress: 640/1000
        Progress: 680/1000
        Progress: 720/1000
        Progress: 760/1000
        Progress: 800/1000
        Progress: 840/1000
        Progress: 880/1000
        Progress: 920/1000
        Progress: 960/1000
        Progress: 1000/1000
   -> [IC] Generating IC rate table...
   [SDSS J104028.37+091057.1] -> Transport approx 1 (com IC)...
   [Transport] Executando paralelização para electron...
   -> [Fótons] Generating photon table (Sync + IC)...
      Calculando componente Síncrotron...
      Calculando componente Compton Inverso (IC)...
        Progress: 40/1000
        Progress: 80/1000
        Progress: 120/1000
        Progress: 160/1000
        Progress: 200/1000
        Progress: 240/1000
        Progress: 280/1000
        Progress: 320/1000
        Progress: 360/1000
        Progress: 400/1000
        Progress: 440/1000
        Progress: 480/1000
        Progress: 520/1000
        Progress: 560/1000
        Progress: 600/1000
        Progress: 640/1000
        Progress: 680/1000
        Progress: 720/1000
        Progress: 760/1000
        Progress: 800/1000
        Progress: 840/1000
        Progress: 880/1000
        Progress: 920/1000
        Progress: 960/1000
        Progress: 1000/1000
   === [Elétrons] Concluído em 6m 15.55s ===
[SDSS J104403.68+435412.0] Calculating Electrons (1D Transport)...
   [SDSS J104403.68+435412.0] -> Transport approx 0 (sem IC)...
   [Transport] Executando paralelização para electron...
   -> [Fótons] Generating photon table (Sync + IC)...
      Calculando componente Síncrotron...
      Calculando componente Compton Inverso (IC)...
        Progress: 40/1000
        Progress: 80/1000
        Progress: 120/1000
        Progress: 160/1000
        Progress: 200/1000
        Progress: 240/1000
        Progress: 280/1000
        Progress: 320/1000
        Progress: 360/1000
        Progress: 400/1000
        Progress: 440/1000
        Progress: 480/1000
        Progress: 520/1000
        Progress: 560/1000
        Progress: 600/1000
        Progress: 640/1000
        Progress: 680/1000
        Progress: 720/1000
        Progress: 760/1000
        Progress: 800/1000
        Progress: 840/1000
        Progress: 880/1000
        Progress: 920/1000
        Progress: 960/1000
        Progress: 1000/1000
   -> [IC] Generating IC rate table...
   [SDSS J104403.68+435412.0] -> Transport approx 1 (com IC)...
   [Transport] Executando paralelização para electron...
   -> [Fótons] Generating photon table (Sync + IC)...
      Calculando componente Síncrotron...
      Calculando componente Compton Inverso (IC)...
        Progress: 40/1000
        Progress: 80/1000
        Progress: 120/1000
        Progress: 160/1000
        Progress: 200/1000
        Progress: 240/1000
        Progress: 280/1000
        Progress: 320/1000
        Progress: 360/1000
        Progress: 400/1000
        Progress: 440/1000
        Progress: 480/1000
        Progress: 520/1000
        Progress: 560/1000
        Progress: 600/1000
        Progress: 640/1000
        Progress: 680/1000
        Progress: 720/1000
        Progress: 760/1000
        Progress: 800/1000
        Progress: 840/1000
        Progress: 880/1000
        Progress: 920/1000
        Progress: 960/1000
        Progress: 1000/1000
   === [Elétrons] Concluído em 6m 16.99s ===
[SDSS J104811.90+045954.8] Calculating Electrons (1D Transport)...
   [SDSS J104811.90+045954.8] -> Transport approx 0 (sem IC)...
   [Transport] Executando paralelização para electron...
   -> [Fótons] Generating photon table (Sync + IC)...
      Calculando componente Síncrotron...
      Calculando componente Compton Inverso (IC)...
        Progress: 40/1000
        Progress: 80/1000
        Progress: 120/1000
        Progress: 160/1000
        Progress: 200/1000
        Progress: 240/1000
        Progress: 280/1000
        Progress: 320/1000
        Progress: 360/1000
        Progress: 400/1000
        Progress: 440/1000
        Progress: 480/1000
        Progress: 520/1000
        Progress: 560/1000
        Progress: 600/1000
        Progress: 640/1000
        Progress: 680/1000
        Progress: 720/1000
        Progress: 760/1000
        Progress: 800/1000
        Progress: 840/1000
        Progress: 880/1000
        Progress: 920/1000
        Progress: 960/1000
        Progress: 1000/1000
   -> [IC] Generating IC rate table...
   [SDSS J104811.90+045954.8] -> Transport approx 1 (com IC)...
   [Transport] Executando paralelização para electron...
   -> [Fótons] Generating photon table (Sync + IC)...
      Calculando componente Síncrotron...
      Calculando componente Compton Inverso (IC)...
        Progress: 40/1000
        Progress: 80/1000
        Progress: 120/1000
        Progress: 160/1000
        Progress: 200/1000
        Progress: 240/1000
        Progress: 280/1000
        Progress: 320/1000
        Progress: 360/1000
        Progress: 400/1000
        Progress: 440/1000
        Progress: 480/1000
        Progress: 520/1000
        Progress: 560/1000
        Progress: 600/1000
        Progress: 640/1000
        Progress: 680/1000
        Progress: 720/1000
        Progress: 760/1000
        Progress: 800/1000
        Progress: 840/1000
        Progress: 880/1000
        Progress: 920/1000
        Progress: 960/1000
        Progress: 1000/1000
   === [Elétrons] Concluído em 6m 26.66s ===
[SDSS J104852.92+480314.8] Calculating Electrons (1D Transport)...
   [SDSS J104852.92+480314.8] -> Transport approx 0 (sem IC)...
   [Transport] Executando paralelização para electron...
   -> [Fótons] Generating photon table (Sync + IC)...
      Calculando componente Síncrotron...
      Calculando componente Compton Inverso (IC)...
        Progress: 40/1000
        Progress: 80/1000
        Progress: 120/1000
        Progress: 160/1000
        Progress: 200/1000
        Progress: 240/1000
        Progress: 280/1000
        Progress: 320/1000
        Progress: 360/1000
        Progress: 400/1000
        Progress: 440/1000
        Progress: 480/1000
        Progress: 520/1000
        Progress: 560/1000
        Progress: 600/1000
        Progress: 640/1000
        Progress: 680/1000
        Progress: 720/1000
        Progress: 760/1000
        Progress: 800/1000
        Progress: 840/1000
        Progress: 880/1000
        Progress: 920/1000
        Progress: 960/1000
        Progress: 1000/1000
   -> [IC] Generating IC rate table...
   [SDSS J104852.92+480314.8] -> Transport approx 1 (com IC)...
   [Transport] Executando paralelização para electron...
   -> [Fótons] Generating photon table (Sync + IC)...
      Calculando componente Síncrotron...
      Calculando componente Compton Inverso (IC)...
        Progress: 40/1000
        Progress: 80/1000
        Progress: 120/1000
        Progress: 160/1000
        Progress: 200/1000
        Progress: 240/1000
        Progress: 280/1000
        Progress: 320/1000
        Progress: 360/1000
        Progress: 400/1000
        Progress: 440/1000
        Progress: 480/1000
        Progress: 520/1000
        Progress: 560/1000
        Progress: 600/1000
        Progress: 640/1000
        Progress: 680/1000
        Progress: 720/1000
        Progress: 760/1000
        Progress: 800/1000
        Progress: 840/1000
        Progress: 880/1000
        Progress: 920/1000
        Progress: 960/1000
        Progress: 1000/1000
   === [Elétrons] Concluído em 6m 25.24s ===
[SDSS J105731.16+405646.1] Calculating Electrons (1D Transport)...
   [SDSS J105731.16+405646.1] -> Transport approx 0 (sem IC)...
   [Transport] Executando paralelização para electron...
   -> [Fótons] Generating photon table (Sync + IC)...
      Calculando componente Síncrotron...
      Calculando componente Compton Inverso (IC)...
        Progress: 40/1000
        Progress: 80/1000
        Progress: 120/1000
        Progress: 160/1000
        Progress: 200/1000
        Progress: 240/1000
        Progress: 280/1000
        Progress: 320/1000
        Progress: 360/1000
        Progress: 400/1000
        Progress: 440/1000
        Progress: 480/1000
        Progress: 520/1000
        Progress: 560/1000
        Progress: 600/1000
        Progress: 640/1000
        Progress: 680/1000
        Progress: 720/1000
        Progress: 760/1000
        Progress: 800/1000
        Progress: 840/1000
        Progress: 880/1000
        Progress: 920/1000
        Progress: 960/1000
        Progress: 1000/1000
   -> [IC] Generating IC rate table...
   [SDSS J105731.16+405646.1] -> Transport approx 1 (com IC)...
   [Transport] Executando paralelização para electron...
   -> [Fótons] Generating photon table (Sync + IC)...
      Calculando componente Síncrotron...
      Calculando componente Compton Inverso (IC)...
        Progress: 40/1000
        Progress: 80/1000
        Progress: 120/1000
        Progress: 160/1000
        Progress: 200/1000
        Progress: 240/1000
        Progress: 280/1000
        Progress: 320/1000
        Progress: 360/1000
        Progress: 400/1000
        Progress: 440/1000
        Progress: 480/1000
        Progress: 520/1000
        Progress: 560/1000
        Progress: 600/1000
        Progress: 640/1000
        Progress: 680/1000
        Progress: 720/1000
        Progress: 760/1000
        Progress: 800/1000
        Progress: 840/1000
        Progress: 880/1000
        Progress: 920/1000
        Progress: 960/1000
        Progress: 1000/1000
   === [Elétrons] Concluído em 6m 1.46s ===
[SDSS J111113.18+284147.0] Calculating Electrons (1D Transport)...
   [SDSS J111113.18+284147.0] -> Transport approx 0 (sem IC)...
   [Transport] Executando paralelização para electron...
   -> [Fótons] Generating photon table (Sync + IC)...
      Calculando componente Síncrotron...
      Calculando componente Compton Inverso (IC)...
        Progress: 40/1000
        Progress: 80/1000
        Progress: 120/1000
        Progress: 160/1000
        Progress: 200/1000
        Progress: 240/1000
        Progress: 280/1000
        Progress: 320/1000
        Progress: 360/1000
        Progress: 400/1000
        Progress: 440/1000
        Progress: 480/1000
        Progress: 520/1000
        Progress: 560/1000
        Progress: 600/1000
        Progress: 640/1000
        Progress: 680/1000
        Progress: 720/1000
        Progress: 760/1000
        Progress: 800/1000
        Progress: 840/1000
        Progress: 880/1000
        Progress: 920/1000
        Progress: 960/1000
        Progress: 1000/1000
   -> [IC] Generating IC rate table...
   [SDSS J111113.18+284147.0] -> Transport approx 1 (com IC)...
   [Transport] Executando paralelização para electron...
   -> [Fótons] Generating photon table (Sync + IC)...
      Calculando componente Síncrotron...
      Calculando componente Compton Inverso (IC)...
        Progress: 40/1000
        Progress: 80/1000
        Progress: 120/1000
        Progress: 160/1000
        Progress: 200/1000
        Progress: 240/1000
        Progress: 280/1000
        Progress: 320/1000
        Progress: 360/1000
        Progress: 400/1000
        Progress: 440/1000
        Progress: 480/1000
        Progress: 520/1000
        Progress: 560/1000
        Progress: 600/1000
        Progress: 640/1000
        Progress: 680/1000
        Progress: 720/1000
        Progress: 760/1000
        Progress: 800/1000
        Progress: 840/1000
        Progress: 880/1000
        Progress: 920/1000
        Progress: 960/1000
        Progress: 1000/1000
   === [Elétrons] Concluído em 6m 16.32s ===
[SDSS J111622.70+291508.2] Calculating Electrons (1D Transport)...
   [SDSS J111622.70+291508.2] -> Transport approx 0 (sem IC)...
   [Transport] Executando paralelização para electron...
   -> [Fótons] Generating photon table (Sync + IC)...
      Calculando componente Síncrotron...
      Calculando componente Compton Inverso (IC)...
        Progress: 40/1000
        Progress: 80/1000
        Progress: 120/1000
        Progress: 160/1000
        Progress: 200/1000
        Progress: 240/1000
        Progress: 280/1000
        Progress: 320/1000
        Progress: 360/1000
        Progress: 400/1000
        Progress: 440/1000
        Progress: 480/1000
        Progress: 520/1000
        Progress: 560/1000
        Progress: 600/1000
        Progress: 640/1000
        Progress: 680/1000
        Progress: 720/1000
        Progress: 760/1000
        Progress: 800/1000
        Progress: 840/1000
        Progress: 880/1000
        Progress: 920/1000
        Progress: 960/1000
        Progress: 1000/1000
   -> [IC] Generating IC rate table...
   [SDSS J111622.70+291508.2] -> Transport approx 1 (com IC)...
   [Transport] Executando paralelização para electron...
   -> [Fótons] Generating photon table (Sync + IC)...
      Calculando componente Síncrotron...
      Calculando componente Compton Inverso (IC)...
        Progress: 40/1000
        Progress: 80/1000
        Progress: 120/1000
        Progress: 160/1000
        Progress: 200/1000
        Progress: 240/1000
        Progress: 280/1000
        Progress: 320/1000
        Progress: 360/1000
        Progress: 400/1000
        Progress: 440/1000
        Progress: 480/1000
        Progress: 520/1000
        Progress: 560/1000
        Progress: 600/1000
        Progress: 640/1000
        Progress: 680/1000
        Progress: 720/1000
        Progress: 760/1000
        Progress: 800/1000
        Progress: 840/1000
        Progress: 880/1000
        Progress: 920/1000
        Progress: 960/1000
        Progress: 1000/1000
   === [Elétrons] Concluído em 6m 7.69s ===
[SDSS J111700.10+323550.9] Calculating Electrons (1D Transport)...
   [SDSS J111700.10+323550.9] -> Transport approx 0 (sem IC)...
   [Transport] Executando paralelização para electron...
   -> [Fótons] Generating photon table (Sync + IC)...
      Calculando componente Síncrotron...
      Calculando componente Compton Inverso (IC)...
        Progress: 40/1000
        Progress: 80/1000
        Progress: 120/1000
        Progress: 160/1000
        Progress: 200/1000
        Progress: 240/1000
        Progress: 280/1000
        Progress: 320/1000
        Progress: 360/1000
        Progress: 400/1000
        Progress: 440/1000
        Progress: 480/1000
        Progress: 520/1000
        Progress: 560/1000
        Progress: 600/1000
        Progress: 640/1000
        Progress: 680/1000
        Progress: 720/1000
        Progress: 760/1000
        Progress: 800/1000
        Progress: 840/1000
        Progress: 880/1000
        Progress: 920/1000
        Progress: 960/1000
        Progress: 1000/1000
   -> [IC] Generating IC rate table...
   [SDSS J111700.10+323550.9] -> Transport approx 1 (com IC)...
   [Transport] Executando paralelização para electron...
   -> [Fótons] Generating photon table (Sync + IC)...
      Calculando componente Síncrotron...
      Calculando componente Compton Inverso (IC)...
        Progress: 40/1000
        Progress: 80/1000
        Progress: 120/1000
        Progress: 160/1000
        Progress: 200/1000
        Progress: 240/1000
        Progress: 280/1000
        Progress: 320/1000
        Progress: 360/1000
        Progress: 400/1000
        Progress: 440/1000
        Progress: 480/1000
        Progress: 520/1000
        Progress: 560/1000
        Progress: 600/1000
        Progress: 640/1000
        Progress: 680/1000
        Progress: 720/1000
        Progress: 760/1000
        Progress: 800/1000
        Progress: 840/1000
        Progress: 880/1000
        Progress: 920/1000
        Progress: 960/1000
        Progress: 1000/1000
   === [Elétrons] Concluído em 6m 16.42s ===
[SDSS J112029.23+040742.1] Calculating Electrons (1D Transport)...
   [SDSS J112029.23+040742.1] -> Transport approx 0 (sem IC)...
   [Transport] Executando paralelização para electron...
   -> [Fótons] Generating photon table (Sync + IC)...
      Calculando componente Síncrotron...
      Calculando componente Compton Inverso (IC)...
        Progress: 40/1000
        Progress: 80/1000
        Progress: 120/1000
        Progress: 160/1000
        Progress: 200/1000
        Progress: 240/1000
        Progress: 280/1000
        Progress: 320/1000
        Progress: 360/1000
        Progress: 400/1000
        Progress: 440/1000
        Progress: 480/1000
        Progress: 520/1000
        Progress: 560/1000
        Progress: 600/1000
        Progress: 640/1000
        Progress: 680/1000
        Progress: 720/1000
        Progress: 760/1000
        Progress: 800/1000
        Progress: 840/1000
        Progress: 880/1000
        Progress: 920/1000
        Progress: 960/1000
        Progress: 1000/1000
   -> [IC] Generating IC rate table...
   [SDSS J112029.23+040742.1] -> Transport approx 1 (com IC)...
   [Transport] Executando paralelização para electron...
   -> [Fótons] Generating photon table (Sync + IC)...
      Calculando componente Síncrotron...
      Calculando componente Compton Inverso (IC)...
        Progress: 40/1000
        Progress: 80/1000
        Progress: 120/1000
        Progress: 160/1000
        Progress: 200/1000
        Progress: 240/1000
        Progress: 280/1000
        Progress: 320/1000
        Progress: 360/1000
        Progress: 400/1000
        Progress: 440/1000
        Progress: 480/1000
        Progress: 520/1000
        Progress: 560/1000
        Progress: 600/1000
        Progress: 640/1000
        Progress: 680/1000
        Progress: 720/1000
        Progress: 760/1000
        Progress: 800/1000
        Progress: 840/1000
        Progress: 880/1000
        Progress: 920/1000
        Progress: 960/1000
        Progress: 1000/1000
   === [Elétrons] Concluído em 6m 9.29s ===
[SDSS J112256.47+340641.3] Calculating Electrons (1D Transport)...
   [SDSS J112256.47+340641.3] -> Transport approx 0 (sem IC)...
   [Transport] Executando paralelização para electron...
   -> [Fótons] Generating photon table (Sync + IC)...
      Calculando componente Síncrotron...
      Calculando componente Compton Inverso (IC)...
        Progress: 40/1000
        Progress: 80/1000
        Progress: 120/1000
        Progress: 160/1000
        Progress: 200/1000
        Progress: 240/1000
        Progress: 280/1000
        Progress: 320/1000
        Progress: 360/1000
        Progress: 400/1000
        Progress: 440/1000
        Progress: 480/1000
        Progress: 520/1000
        Progress: 560/1000
        Progress: 600/1000
        Progress: 640/1000
        Progress: 680/1000
        Progress: 720/1000
        Progress: 760/1000
        Progress: 800/1000
        Progress: 840/1000
        Progress: 880/1000
        Progress: 920/1000
        Progress: 960/1000
        Progress: 1000/1000
   -> [IC] Generating IC rate table...
   [SDSS J112256.47+340641.3] -> Transport approx 1 (com IC)...
   [Transport] Executando paralelização para electron...
   -> [Fótons] Generating photon table (Sync + IC)...
      Calculando componente Síncrotron...
      Calculando componente Compton Inverso (IC)...
        Progress: 40/1000
        Progress: 80/1000
        Progress: 120/1000
        Progress: 160/1000
        Progress: 200/1000
        Progress: 240/1000
        Progress: 280/1000
        Progress: 320/1000
        Progress: 360/1000
        Progress: 400/1000
        Progress: 440/1000
        Progress: 480/1000
        Progress: 520/1000
        Progress: 560/1000
        Progress: 600/1000
        Progress: 640/1000
        Progress: 680/1000
        Progress: 720/1000
        Progress: 760/1000
        Progress: 800/1000
        Progress: 840/1000
        Progress: 880/1000
        Progress: 920/1000
        Progress: 960/1000
        Progress: 1000/1000
   === [Elétrons] Concluído em 6m 2.07s ===
[SDSS J112625.19+520503.5] Calculating Electrons (1D Transport)...
   [SDSS J112625.19+520503.5] -> Transport approx 0 (sem IC)...
   [Transport] Executando paralelização para electron...
   -> [Fótons] Generating photon table (Sync + IC)...
      Calculando componente Síncrotron...
      Calculando componente Compton Inverso (IC)...
        Progress: 40/1000
        Progress: 80/1000
        Progress: 120/1000
        Progress: 160/1000
        Progress: 200/1000
        Progress: 240/1000
        Progress: 280/1000
        Progress: 320/1000
        Progress: 360/1000
        Progress: 400/1000
        Progress: 440/1000
        Progress: 480/1000
        Progress: 520/1000
        Progress: 560/1000
        Progress: 600/1000
        Progress: 640/1000
        Progress: 680/1000
        Progress: 720/1000
        Progress: 760/1000
        Progress: 800/1000
        Progress: 840/1000
        Progress: 880/1000
        Progress: 920/1000
        Progress: 960/1000
        Progress: 1000/1000
   -> [IC] Generating IC rate table...
   [SDSS J112625.19+520503.5] -> Transport approx 1 (com IC)...
   [Transport] Executando paralelização para electron...
   -> [Fótons] Generating photon table (Sync + IC)...
      Calculando componente Síncrotron...
      Calculando componente Compton Inverso (IC)...
        Progress: 40/1000
        Progress: 80/1000
        Progress: 120/1000
        Progress: 160/1000
        Progress: 200/1000
        Progress: 240/1000
        Progress: 280/1000
        Progress: 320/1000
        Progress: 360/1000
        Progress: 400/1000
        Progress: 440/1000
        Progress: 480/1000
        Progress: 520/1000
        Progress: 560/1000
        Progress: 600/1000
        Progress: 640/1000
        Progress: 680/1000
        Progress: 720/1000
        Progress: 760/1000
        Progress: 800/1000
        Progress: 840/1000
        Progress: 880/1000
        Progress: 920/1000
        Progress: 960/1000
        Progress: 1000/1000
   === [Elétrons] Concluído em 6m 29.52s ===
[SDSS J112727.52+400409.4] Calculating Electrons (1D Transport)...
   [SDSS J112727.52+400409.4] -> Transport approx 0 (sem IC)...
   [Transport] Executando paralelização para electron...
   -> [Fótons] Generating photon table (Sync + IC)...
      Calculando componente Síncrotron...
      Calculando componente Compton Inverso (IC)...
        Progress: 40/1000
        Progress: 80/1000
        Progress: 120/1000
        Progress: 160/1000
        Progress: 200/1000
        Progress: 240/1000
        Progress: 280/1000
        Progress: 320/1000
        Progress: 360/1000
        Progress: 400/1000
        Progress: 440/1000
        Progress: 480/1000
        Progress: 520/1000
        Progress: 560/1000
        Progress: 600/1000
        Progress: 640/1000
        Progress: 680/1000
        Progress: 720/1000
        Progress: 760/1000
        Progress: 800/1000
        Progress: 840/1000
        Progress: 880/1000
        Progress: 920/1000
        Progress: 960/1000
        Progress: 1000/1000
   -> [IC] Generating IC rate table...
   [SDSS J112727.52+400409.4] -> Transport approx 1 (com IC)...
   [Transport] Executando paralelização para electron...
   -> [Fótons] Generating photon table (Sync + IC)...
      Calculando componente Síncrotron...
      Calculando componente Compton Inverso (IC)...
        Progress: 40/1000
        Progress: 80/1000
        Progress: 120/1000
        Progress: 160/1000
        Progress: 200/1000
        Progress: 240/1000
        Progress: 280/1000
        Progress: 320/1000
        Progress: 360/1000
        Progress: 400/1000
        Progress: 440/1000
        Progress: 480/1000
        Progress: 520/1000
        Progress: 560/1000
        Progress: 600/1000
        Progress: 640/1000
        Progress: 680/1000
        Progress: 720/1000
        Progress: 760/1000
        Progress: 800/1000
        Progress: 840/1000
        Progress: 880/1000
        Progress: 920/1000
        Progress: 960/1000
        Progress: 1000/1000
   === [Elétrons] Concluído em 6m 38.84s ===
[SDSS J113449.29+490439.4] Calculating Electrons (1D Transport)...
   [SDSS J113449.29+490439.4] -> Transport approx 0 (sem IC)...
   [Transport] Executando paralelização para electron...
   -> [Fótons] Generating photon table (Sync + IC)...
      Calculando componente Síncrotron...
      Calculando componente Compton Inverso (IC)...
        Progress: 40/1000
        Progress: 80/1000
        Progress: 120/1000
        Progress: 160/1000
        Progress: 200/1000
        Progress: 240/1000
        Progress: 280/1000
        Progress: 320/1000
        Progress: 360/1000
        Progress: 400/1000
        Progress: 440/1000
        Progress: 480/1000
        Progress: 520/1000
        Progress: 560/1000
        Progress: 600/1000
        Progress: 640/1000
        Progress: 680/1000
        Progress: 720/1000
        Progress: 760/1000
        Progress: 800/1000
        Progress: 840/1000
        Progress: 880/1000
        Progress: 920/1000
        Progress: 960/1000
        Progress: 1000/1000
   -> [IC] Generating IC rate table...
   [SDSS J113449.29+490439.4] -> Transport approx 1 (com IC)...
   [Transport] Executando paralelização para electron...
   -> [Fótons] Generating photon table (Sync + IC)...
      Calculando componente Síncrotron...
      Calculando componente Compton Inverso (IC)...
        Progress: 40/1000
        Progress: 80/1000
        Progress: 120/1000
        Progress: 160/1000
        Progress: 200/1000
        Progress: 240/1000
        Progress: 280/1000
        Progress: 320/1000
        Progress: 360/1000
        Progress: 400/1000
        Progress: 440/1000
        Progress: 480/1000
        Progress: 520/1000
        Progress: 560/1000
        Progress: 600/1000
        Progress: 640/1000
        Progress: 680/1000
        Progress: 720/1000
        Progress: 760/1000
        Progress: 800/1000
        Progress: 840/1000
        Progress: 880/1000
        Progress: 920/1000
        Progress: 960/1000
        Progress: 1000/1000
   === [Elétrons] Concluído em 5m 58.12s ===
[SDSS J113637.14+510008.5] Calculating Electrons (1D Transport)...
   [SDSS J113637.14+510008.5] -> Transport approx 0 (sem IC)...
   [Transport] Executando paralelização para electron...
   -> [Fótons] Generating photon table (Sync + IC)...
      Calculando componente Síncrotron...
      Calculando componente Compton Inverso (IC)...
        Progress: 40/1000
        Progress: 80/1000
        Progress: 120/1000
        Progress: 160/1000
        Progress: 200/1000
        Progress: 240/1000
        Progress: 280/1000
        Progress: 320/1000
        Progress: 360/1000
        Progress: 400/1000
        Progress: 440/1000
        Progress: 480/1000
        Progress: 520/1000
        Progress: 560/1000
        Progress: 600/1000
        Progress: 640/1000
        Progress: 680/1000
        Progress: 720/1000
        Progress: 760/1000
        Progress: 800/1000
        Progress: 840/1000
        Progress: 880/1000
        Progress: 920/1000
        Progress: 960/1000
        Progress: 1000/1000
   -> [IC] Generating IC rate table...
   [SDSS J113637.14+510008.5] -> Transport approx 1 (com IC)...
   [Transport] Executando paralelização para electron...
   -> [Fótons] Generating photon table (Sync + IC)...
      Calculando componente Síncrotron...
      Calculando componente Compton Inverso (IC)...
        Progress: 40/1000
        Progress: 80/1000
        Progress: 120/1000
        Progress: 160/1000
        Progress: 200/1000
        Progress: 240/1000
        Progress: 280/1000
        Progress: 320/1000
        Progress: 360/1000
        Progress: 400/1000
        Progress: 440/1000
        Progress: 480/1000
        Progress: 520/1000
        Progress: 560/1000
        Progress: 600/1000
        Progress: 640/1000
        Progress: 680/1000
        Progress: 720/1000
        Progress: 760/1000
        Progress: 800/1000
        Progress: 840/1000
        Progress: 880/1000
        Progress: 920/1000
        Progress: 960/1000
        Progress: 1000/1000
   === [Elétrons] Concluído em 6m 13.09s ===
[SDSS J114230.94-021505.3] Calculating Electrons (1D Transport)...
   [SDSS J114230.94-021505.3] -> Transport approx 0 (sem IC)...
   [Transport] Executando paralelização para electron...
   -> [Fótons] Generating photon table (Sync + IC)...
      Calculando componente Síncrotron...
      Calculando componente Compton Inverso (IC)...
        Progress: 40/1000
        Progress: 80/1000
        Progress: 120/1000
        Progress: 160/1000
        Progress: 200/1000
        Progress: 240/1000
        Progress: 280/1000
        Progress: 320/1000
        Progress: 360/1000
        Progress: 400/1000
        Progress: 440/1000
        Progress: 480/1000
        Progress: 520/1000
        Progress: 560/1000
        Progress: 600/1000
        Progress: 640/1000
        Progress: 680/1000
        Progress: 720/1000
        Progress: 760/1000
        Progress: 800/1000
        Progress: 840/1000
        Progress: 880/1000
        Progress: 920/1000
        Progress: 960/1000
        Progress: 1000/1000
   -> [IC] Generating IC rate table...
   [SDSS J114230.94-021505.3] -> Transport approx 1 (com IC)...
   [Transport] Executando paralelização para electron...
   -> [Fótons] Generating photon table (Sync + IC)...
      Calculando componente Síncrotron...
      Calculando componente Compton Inverso (IC)...
        Progress: 40/1000
        Progress: 80/1000
        Progress: 120/1000
        Progress: 160/1000
        Progress: 200/1000
        Progress: 240/1000
        Progress: 280/1000
        Progress: 320/1000
        Progress: 360/1000
        Progress: 400/1000
        Progress: 440/1000
        Progress: 480/1000
        Progress: 520/1000
        Progress: 560/1000
        Progress: 600/1000
        Progress: 640/1000
        Progress: 680/1000
        Progress: 720/1000
        Progress: 760/1000
        Progress: 800/1000
        Progress: 840/1000
        Progress: 880/1000
        Progress: 920/1000
        Progress: 960/1000
        Progress: 1000/1000
   === [Elétrons] Concluído em 6m 11.89s ===
[SDSS J114232.84+262919.9] Calculating Electrons (1D Transport)...
   [SDSS J114232.84+262919.9] -> Transport approx 0 (sem IC)...
   [Transport] Executando paralelização para electron...
   -> [Fótons] Generating photon table (Sync + IC)...
      Calculando componente Síncrotron...
      Calculando componente Compton Inverso (IC)...
        Progress: 40/1000
        Progress: 80/1000
        Progress: 120/1000
        Progress: 160/1000
        Progress: 200/1000
        Progress: 240/1000
        Progress: 280/1000
        Progress: 320/1000
        Progress: 360/1000
        Progress: 400/1000
        Progress: 440/1000
        Progress: 480/1000
        Progress: 520/1000
        Progress: 560/1000
        Progress: 600/1000
        Progress: 640/1000
        Progress: 680/1000
        Progress: 720/1000
        Progress: 760/1000
        Progress: 800/1000
        Progress: 840/1000
        Progress: 880/1000
        Progress: 920/1000
        Progress: 960/1000
        Progress: 1000/1000
   -> [IC] Generating IC rate table...
   [SDSS J114232.84+262919.9] -> Transport approx 1 (com IC)...
   [Transport] Executando paralelização para electron...
   -> [Fótons] Generating photon table (Sync + IC)...
      Calculando componente Síncrotron...
      Calculando componente Compton Inverso (IC)...
        Progress: 40/1000
        Progress: 80/1000
        Progress: 120/1000
        Progress: 160/1000
        Progress: 200/1000
        Progress: 240/1000
        Progress: 280/1000
        Progress: 320/1000
        Progress: 360/1000
        Progress: 400/1000
        Progress: 440/1000
        Progress: 480/1000
        Progress: 520/1000
        Progress: 560/1000
        Progress: 600/1000
        Progress: 640/1000
        Progress: 680/1000
        Progress: 720/1000
        Progress: 760/1000
        Progress: 800/1000
        Progress: 840/1000
        Progress: 880/1000
        Progress: 920/1000
        Progress: 960/1000
        Progress: 1000/1000
   === [Elétrons] Concluído em 5m 50.18s ===
[SDSS J114804.60+372638.0] Calculating Electrons (1D Transport)...
   [SDSS J114804.60+372638.0] -> Transport approx 0 (sem IC)...
   [Transport] Executando paralelização para electron...
   -> [Fótons] Generating photon table (Sync + IC)...
      Calculando componente Síncrotron...
      Calculando componente Compton Inverso (IC)...
        Progress: 40/1000
        Progress: 80/1000
        Progress: 120/1000
        Progress: 160/1000
        Progress: 200/1000
        Progress: 240/1000
        Progress: 280/1000
        Progress: 320/1000
        Progress: 360/1000
        Progress: 400/1000
        Progress: 440/1000
        Progress: 480/1000
        Progress: 520/1000
        Progress: 560/1000
        Progress: 600/1000
        Progress: 640/1000
        Progress: 680/1000
        Progress: 720/1000
        Progress: 760/1000
        Progress: 800/1000
        Progress: 840/1000
        Progress: 880/1000
        Progress: 920/1000
        Progress: 960/1000
        Progress: 1000/1000
   -> [IC] Generating IC rate table...
   [SDSS J114804.60+372638.0] -> Transport approx 1 (com IC)...
   [Transport] Executando paralelização para electron...
   -> [Fótons] Generating photon table (Sync + IC)...
      Calculando componente Síncrotron...
      Calculando componente Compton Inverso (IC)...
        Progress: 40/1000
        Progress: 80/1000
        Progress: 120/1000
        Progress: 160/1000
        Progress: 200/1000
        Progress: 240/1000
        Progress: 280/1000
        Progress: 320/1000
        Progress: 360/1000
        Progress: 400/1000
        Progress: 440/1000
        Progress: 480/1000
        Progress: 520/1000
        Progress: 560/1000
        Progress: 600/1000
        Progress: 640/1000
        Progress: 680/1000
        Progress: 720/1000
        Progress: 760/1000
        Progress: 800/1000
        Progress: 840/1000
        Progress: 880/1000
        Progress: 920/1000
        Progress: 960/1000
        Progress: 1000/1000
   === [Elétrons] Concluído em 6m 3.17s ===
[SDSS J115531.39+545200.4] Calculating Electrons (1D Transport)...
   [SDSS J115531.39+545200.4] -> Transport approx 0 (sem IC)...
   [Transport] Executando paralelização para electron...
   -> [Fótons] Generating photon table (Sync + IC)...
      Calculando componente Síncrotron...
      Calculando componente Compton Inverso (IC)...
        Progress: 40/1000
        Progress: 80/1000
        Progress: 120/1000
        Progress: 160/1000
        Progress: 200/1000
        Progress: 240/1000
        Progress: 280/1000
        Progress: 320/1000
        Progress: 360/1000
        Progress: 400/1000
        Progress: 440/1000
        Progress: 480/1000
        Progress: 520/1000
        Progress: 560/1000
        Progress: 600/1000
        Progress: 640/1000
        Progress: 680/1000
        Progress: 720/1000
        Progress: 760/1000
        Progress: 800/1000
        Progress: 840/1000
        Progress: 880/1000
        Progress: 920/1000
        Progress: 960/1000
        Progress: 1000/1000
   -> [IC] Generating IC rate table...
   [SDSS J115531.39+545200.4] -> Transport approx 1 (com IC)...
   [Transport] Executando paralelização para electron...
   -> [Fótons] Generating photon table (Sync + IC)...
      Calculando componente Síncrotron...
      Calculando componente Compton Inverso (IC)...
        Progress: 40/1000
        Progress: 80/1000
        Progress: 120/1000
        Progress: 160/1000
        Progress: 200/1000
        Progress: 240/1000
        Progress: 280/1000
        Progress: 320/1000
        Progress: 360/1000
        Progress: 400/1000
        Progress: 440/1000
        Progress: 480/1000
        Progress: 520/1000
        Progress: 560/1000
        Progress: 600/1000
        Progress: 640/1000
        Progress: 680/1000
        Progress: 720/1000
        Progress: 760/1000
        Progress: 800/1000
        Progress: 840/1000
        Progress: 880/1000
        Progress: 920/1000
        Progress: 960/1000
        Progress: 1000/1000
   === [Elétrons] Concluído em 6m 16.72s ===
[SDSS J120551.46+203119.0] Calculating Electrons (1D Transport)...
   [SDSS J120551.46+203119.0] -> Transport approx 0 (sem IC)...
   [Transport] Executando paralelização para electron...
   -> [Fótons] Generating photon table (Sync + IC)...
      Calculando componente Síncrotron...
      Calculando componente Compton Inverso (IC)...
        Progress: 40/1000
        Progress: 80/1000
        Progress: 120/1000
        Progress: 160/1000
        Progress: 200/1000
        Progress: 240/1000
        Progress: 280/1000
        Progress: 320/1000
        Progress: 360/1000
        Progress: 400/1000
        Progress: 440/1000
        Progress: 480/1000
        Progress: 520/1000
        Progress: 560/1000
        Progress: 600/1000
        Progress: 640/1000
        Progress: 680/1000
        Progress: 720/1000
        Progress: 760/1000
        Progress: 800/1000
        Progress: 840/1000
        Progress: 880/1000
        Progress: 920/1000
        Progress: 960/1000
        Progress: 1000/1000
   -> [IC] Generating IC rate table...
   [SDSS J120551.46+203119.0] -> Transport approx 1 (com IC)...
   [Transport] Executando paralelização para electron...
   -> [Fótons] Generating photon table (Sync + IC)...
      Calculando componente Síncrotron...
      Calculando componente Compton Inverso (IC)...
        Progress: 40/1000
        Progress: 80/1000
        Progress: 120/1000
        Progress: 160/1000
        Progress: 200/1000
        Progress: 240/1000
        Progress: 280/1000
        Progress: 320/1000
        Progress: 360/1000
        Progress: 400/1000
        Progress: 440/1000
        Progress: 480/1000
        Progress: 520/1000
        Progress: 560/1000
        Progress: 600/1000
        Progress: 640/1000
        Progress: 680/1000
        Progress: 720/1000
        Progress: 760/1000
        Progress: 800/1000
        Progress: 840/1000
        Progress: 880/1000
        Progress: 920/1000
        Progress: 960/1000
        Progress: 1000/1000
   === [Elétrons] Concluído em 6m 30.14s ===
[SDSS J120607.81+400902.6] Calculating Electrons (1D Transport)...
   [SDSS J120607.81+400902.6] -> Transport approx 0 (sem IC)...
   [Transport] Executando paralelização para electron...
   -> [Fótons] Generating photon table (Sync + IC)...
      Calculando componente Síncrotron...
      Calculando componente Compton Inverso (IC)...
        Progress: 40/1000
        Progress: 80/1000
        Progress: 120/1000
        Progress: 160/1000
        Progress: 200/1000
        Progress: 240/1000
        Progress: 280/1000
        Progress: 320/1000
        Progress: 360/1000
        Progress: 400/1000
        Progress: 440/1000
        Progress: 480/1000
        Progress: 520/1000
        Progress: 560/1000
        Progress: 600/1000
        Progress: 640/1000
        Progress: 680/1000
        Progress: 720/1000
        Progress: 760/1000
        Progress: 800/1000
        Progress: 840/1000
        Progress: 880/1000
        Progress: 920/1000
        Progress: 960/1000
        Progress: 1000/1000
   -> [IC] Generating IC rate table...
   [SDSS J120607.81+400902.6] -> Transport approx 1 (com IC)...
   [Transport] Executando paralelização para electron...
   -> [Fótons] Generating photon table (Sync + IC)...
      Calculando componente Síncrotron...
      Calculando componente Compton Inverso (IC)...
        Progress: 40/1000
        Progress: 80/1000
        Progress: 120/1000
        Progress: 160/1000
        Progress: 200/1000
        Progress: 240/1000
        Progress: 280/1000
        Progress: 320/1000
        Progress: 360/1000
        Progress: 400/1000
        Progress: 440/1000
        Progress: 480/1000
        Progress: 520/1000
        Progress: 560/1000
        Progress: 600/1000
        Progress: 640/1000
        Progress: 680/1000
        Progress: 720/1000
        Progress: 760/1000
        Progress: 800/1000
        Progress: 840/1000
        Progress: 880/1000
        Progress: 920/1000
        Progress: 960/1000
        Progress: 1000/1000
   === [Elétrons] Concluído em 6m 6.08s ===
[SDSS J121329.27+504429.4] Calculating Electrons (1D Transport)...
   [SDSS J121329.27+504429.4] -> Transport approx 0 (sem IC)...
   [Transport] Executando paralelização para electron...
   -> [Fótons] Generating photon table (Sync + IC)...
      Calculando componente Síncrotron...
      Calculando componente Compton Inverso (IC)...
        Progress: 40/1000
        Progress: 80/1000
        Progress: 120/1000
        Progress: 160/1000
        Progress: 200/1000
        Progress: 240/1000
        Progress: 280/1000
        Progress: 320/1000
        Progress: 360/1000
        Progress: 400/1000
        Progress: 440/1000
        Progress: 480/1000
        Progress: 520/1000
        Progress: 560/1000
        Progress: 600/1000
        Progress: 640/1000
        Progress: 680/1000
        Progress: 720/1000
        Progress: 760/1000
        Progress: 800/1000
        Progress: 840/1000
        Progress: 880/1000
        Progress: 920/1000
        Progress: 960/1000
        Progress: 1000/1000
   -> [IC] Generating IC rate table...
   [SDSS J121329.27+504429.4] -> Transport approx 1 (com IC)...
   [Transport] Executando paralelização para electron...
   -> [Fótons] Generating photon table (Sync + IC)...
      Calculando componente Síncrotron...
      Calculando componente Compton Inverso (IC)...
        Progress: 40/1000
        Progress: 80/1000
        Progress: 120/1000
        Progress: 160/1000
        Progress: 200/1000
        Progress: 240/1000
        Progress: 280/1000
        Progress: 320/1000
        Progress: 360/1000
        Progress: 400/1000
        Progress: 440/1000
        Progress: 480/1000
        Progress: 520/1000
        Progress: 560/1000
        Progress: 600/1000
        Progress: 640/1000
        Progress: 680/1000
        Progress: 720/1000
        Progress: 760/1000
        Progress: 800/1000
        Progress: 840/1000
        Progress: 880/1000
        Progress: 920/1000
        Progress: 960/1000
        Progress: 1000/1000
   === [Elétrons] Concluído em 6m 6.36s ===
[SDSS J121951.65+282521.3] Calculating Electrons (1D Transport)...
   [SDSS J121951.65+282521.3] -> Transport approx 0 (sem IC)...
   [Transport] Executando paralelização para electron...
   -> [Fótons] Generating photon table (Sync + IC)...
      Calculando componente Síncrotron...
      Calculando componente Compton Inverso (IC)...
        Progress: 40/1000
        Progress: 80/1000
        Progress: 120/1000
        Progress: 160/1000
        Progress: 200/1000
        Progress: 240/1000
        Progress: 280/1000
        Progress: 320/1000
        Progress: 360/1000
        Progress: 400/1000
        Progress: 440/1000
        Progress: 480/1000
        Progress: 520/1000
        Progress: 560/1000
        Progress: 600/1000
        Progress: 640/1000
        Progress: 680/1000
        Progress: 720/1000
        Progress: 760/1000
        Progress: 800/1000
        Progress: 840/1000
        Progress: 880/1000
        Progress: 920/1000
        Progress: 960/1000
        Progress: 1000/1000
   -> [IC] Generating IC rate table...
   [SDSS J121951.65+282521.3] -> Transport approx 1 (com IC)...
   [Transport] Executando paralelização para electron...
   -> [Fótons] Generating photon table (Sync + IC)...
      Calculando componente Síncrotron...
      Calculando componente Compton Inverso (IC)...
        Progress: 40/1000
        Progress: 80/1000
        Progress: 120/1000
        Progress: 160/1000
        Progress: 200/1000
        Progress: 240/1000
        Progress: 280/1000
        Progress: 320/1000
        Progress: 360/1000
        Progress: 400/1000
        Progress: 440/1000
        Progress: 480/1000
        Progress: 520/1000
        Progress: 560/1000
        Progress: 600/1000
        Progress: 640/1000
        Progress: 680/1000
        Progress: 720/1000
        Progress: 760/1000
        Progress: 800/1000
        Progress: 840/1000
        Progress: 880/1000
        Progress: 920/1000
        Progress: 960/1000
        Progress: 1000/1000
   === [Elétrons] Concluído em 6m 3.55s ===
[SDSS J122421.31+600641.2] Calculating Electrons (1D Transport)...
   [SDSS J122421.31+600641.2] -> Transport approx 0 (sem IC)...
   [Transport] Executando paralelização para electron...
   -> [Fótons] Generating photon table (Sync + IC)...
      Calculando componente Síncrotron...
      Calculando componente Compton Inverso (IC)...
        Progress: 40/1000
        Progress: 80/1000
        Progress: 120/1000
        Progress: 160/1000
        Progress: 200/1000
        Progress: 240/1000
        Progress: 280/1000
        Progress: 320/1000
        Progress: 360/1000
        Progress: 400/1000
        Progress: 440/1000
        Progress: 480/1000
        Progress: 520/1000
        Progress: 560/1000
        Progress: 600/1000
        Progress: 640/1000
        Progress: 680/1000
        Progress: 720/1000
        Progress: 760/1000
        Progress: 800/1000
        Progress: 840/1000
        Progress: 880/1000
        Progress: 920/1000
        Progress: 960/1000
        Progress: 1000/1000
   -> [IC] Generating IC rate table...
   [SDSS J122421.31+600641.2] -> Transport approx 1 (com IC)...
   [Transport] Executando paralelização para electron...
   -> [Fótons] Generating photon table (Sync + IC)...
      Calculando componente Síncrotron...
      Calculando componente Compton Inverso (IC)...
        Progress: 40/1000
        Progress: 80/1000
        Progress: 120/1000
        Progress: 160/1000
        Progress: 200/1000
        Progress: 240/1000
        Progress: 280/1000
        Progress: 320/1000
        Progress: 360/1000
        Progress: 400/1000
        Progress: 440/1000
        Progress: 480/1000
        Progress: 520/1000
        Progress: 560/1000
        Progress: 600/1000
        Progress: 640/1000
        Progress: 680/1000
        Progress: 720/1000
        Progress: 760/1000
        Progress: 800/1000
        Progress: 840/1000
        Progress: 880/1000
        Progress: 920/1000
        Progress: 960/1000
        Progress: 1000/1000
   === [Elétrons] Concluído em 5m 55.58s ===
[SDSS J123011.85+470022.7] Calculating Electrons (1D Transport)...
   [SDSS J123011.85+470022.7] -> Transport approx 0 (sem IC)...
   [Transport] Executando paralelização para electron...
   -> [Fótons] Generating photon table (Sync + IC)...
      Calculando componente Síncrotron...
      Calculando componente Compton Inverso (IC)...
        Progress: 40/1000
        Progress: 80/1000
        Progress: 120/1000
        Progress: 160/1000
        Progress: 200/1000
        Progress: 240/1000
        Progress: 280/1000
        Progress: 320/1000
        Progress: 360/1000
        Progress: 400/1000
        Progress: 440/1000
        Progress: 480/1000
        Progress: 520/1000
        Progress: 560/1000
        Progress: 600/1000
        Progress: 640/1000
        Progress: 680/1000
        Progress: 720/1000
        Progress: 760/1000
        Progress: 800/1000
        Progress: 840/1000
        Progress: 880/1000
        Progress: 920/1000
        Progress: 960/1000
        Progress: 1000/1000
   -> [IC] Generating IC rate table...
   [SDSS J123011.85+470022.7] -> Transport approx 1 (com IC)...
   [Transport] Executando paralelização para electron...
   -> [Fótons] Generating photon table (Sync + IC)...
      Calculando componente Síncrotron...
      Calculando componente Compton Inverso (IC)...
        Progress: 40/1000
        Progress: 80/1000
        Progress: 120/1000
        Progress: 160/1000
        Progress: 200/1000
        Progress: 240/1000
        Progress: 280/1000
        Progress: 320/1000
        Progress: 360/1000
        Progress: 400/1000
        Progress: 440/1000
        Progress: 480/1000
        Progress: 520/1000
        Progress: 560/1000
        Progress: 600/1000
        Progress: 640/1000
        Progress: 680/1000
        Progress: 720/1000
        Progress: 760/1000
        Progress: 800/1000
        Progress: 840/1000
        Progress: 880/1000
        Progress: 920/1000
        Progress: 960/1000
        Progress: 1000/1000
   === [Elétrons] Concluído em 6m 20.12s ===
[SDSS J124318.73+033300.6] Calculating Electrons (1D Transport)...
   [SDSS J124318.73+033300.6] -> Transport approx 0 (sem IC)...
   [Transport] Executando paralelização para electron...
   -> [Fótons] Generating photon table (Sync + IC)...
      Calculando componente Síncrotron...
      Calculando componente Compton Inverso (IC)...
        Progress: 40/1000
        Progress: 80/1000
        Progress: 120/1000
        Progress: 160/1000
        Progress: 200/1000
        Progress: 240/1000
        Progress: 280/1000
        Progress: 320/1000
        Progress: 360/1000
        Progress: 400/1000
        Progress: 440/1000
        Progress: 480/1000
        Progress: 520/1000
        Progress: 560/1000
        Progress: 600/1000
        Progress: 640/1000
        Progress: 680/1000
        Progress: 720/1000
        Progress: 760/1000
        Progress: 800/1000
        Progress: 840/1000
        Progress: 880/1000
        Progress: 920/1000
        Progress: 960/1000
        Progress: 1000/1000
   -> [IC] Generating IC rate table...
   [SDSS J124318.73+033300.6] -> Transport approx 1 (com IC)...
   [Transport] Executando paralelização para electron...
   -> [Fótons] Generating photon table (Sync + IC)...
      Calculando componente Síncrotron...
      Calculando componente Compton Inverso (IC)...
        Progress: 40/1000
        Progress: 80/1000
        Progress: 120/1000
        Progress: 160/1000
        Progress: 200/1000
        Progress: 240/1000
        Progress: 280/1000
        Progress: 320/1000
        Progress: 360/1000
        Progress: 400/1000
        Progress: 440/1000
        Progress: 480/1000
        Progress: 520/1000
        Progress: 560/1000
        Progress: 600/1000
        Progress: 640/1000
        Progress: 680/1000
        Progress: 720/1000
        Progress: 760/1000
        Progress: 800/1000
        Progress: 840/1000
        Progress: 880/1000
        Progress: 920/1000
        Progress: 960/1000
        Progress: 1000/1000
   === [Elétrons] Concluído em 6m 23.31s ===
[SDSS J124633.75+115347.8] Calculating Electrons (1D Transport)...
   [SDSS J124633.75+115347.8] -> Transport approx 0 (sem IC)...
   [Transport] Executando paralelização para electron...
   -> [Fótons] Generating photon table (Sync + IC)...
      Calculando componente Síncrotron...
      Calculando componente Compton Inverso (IC)...
        Progress: 40/1000
        Progress: 80/1000
        Progress: 120/1000
        Progress: 160/1000
        Progress: 200/1000
        Progress: 240/1000
        Progress: 280/1000
        Progress: 320/1000
        Progress: 360/1000
        Progress: 400/1000
        Progress: 440/1000
        Progress: 480/1000
        Progress: 520/1000
        Progress: 560/1000
        Progress: 600/1000
        Progress: 640/1000
        Progress: 680/1000
        Progress: 720/1000
        Progress: 760/1000
        Progress: 800/1000
        Progress: 840/1000
        Progress: 880/1000
        Progress: 920/1000
        Progress: 960/1000
        Progress: 1000/1000
   -> [IC] Generating IC rate table...
   [SDSS J124633.75+115347.8] -> Transport approx 1 (com IC)...
   [Transport] Executando paralelização para electron...
   -> [Fótons] Generating photon table (Sync + IC)...
      Calculando componente Síncrotron...
      Calculando componente Compton Inverso (IC)...
        Progress: 40/1000
        Progress: 80/1000
        Progress: 120/1000
        Progress: 160/1000
        Progress: 200/1000
        Progress: 240/1000
        Progress: 280/1000
        Progress: 320/1000
        Progress: 360/1000
        Progress: 400/1000
        Progress: 440/1000
        Progress: 480/1000
        Progress: 520/1000
        Progress: 560/1000
        Progress: 600/1000
        Progress: 640/1000
        Progress: 680/1000
        Progress: 720/1000
        Progress: 760/1000
        Progress: 800/1000
        Progress: 840/1000
        Progress: 880/1000
        Progress: 920/1000
        Progress: 960/1000
        Progress: 1000/1000
   === [Elétrons] Concluído em 6m 12.45s ===
[SDSS J125027.42+001345.6] Calculating Electrons (1D Transport)...
   [SDSS J125027.42+001345.6] -> Transport approx 0 (sem IC)...
   [Transport] Executando paralelização para electron...
   -> [Fótons] Generating photon table (Sync + IC)...
      Calculando componente Síncrotron...
      Calculando componente Compton Inverso (IC)...
        Progress: 40/1000
        Progress: 80/1000
        Progress: 120/1000
        Progress: 160/1000
        Progress: 200/1000
        Progress: 240/1000
        Progress: 280/1000
        Progress: 320/1000
        Progress: 360/1000
        Progress: 400/1000
        Progress: 440/1000
        Progress: 480/1000
        Progress: 520/1000
        Progress: 560/1000
        Progress: 600/1000
        Progress: 640/1000
        Progress: 680/1000
        Progress: 720/1000
        Progress: 760/1000
        Progress: 800/1000
        Progress: 840/1000
        Progress: 880/1000
        Progress: 920/1000
        Progress: 960/1000
        Progress: 1000/1000
   -> [IC] Generating IC rate table...
   [SDSS J125027.42+001345.6] -> Transport approx 1 (com IC)...
   [Transport] Executando paralelização para electron...
   -> [Fótons] Generating photon table (Sync + IC)...
      Calculando componente Síncrotron...
      Calculando componente Compton Inverso (IC)...
        Progress: 40/1000
        Progress: 80/1000
        Progress: 120/1000
        Progress: 160/1000
        Progress: 200/1000
        Progress: 240/1000
        Progress: 280/1000
        Progress: 320/1000
        Progress: 360/1000
        Progress: 400/1000
        Progress: 440/1000
        Progress: 480/1000
        Progress: 520/1000
        Progress: 560/1000
        Progress: 600/1000
        Progress: 640/1000
        Progress: 680/1000
        Progress: 720/1000
        Progress: 760/1000
        Progress: 800/1000
        Progress: 840/1000
        Progress: 880/1000
        Progress: 920/1000
        Progress: 960/1000
        Progress: 1000/1000
   === [Elétrons] Concluído em 6m 31.92s ===
[SDSS J125409.12-011527.1] Calculating Electrons (1D Transport)...
   [SDSS J125409.12-011527.1] -> Transport approx 0 (sem IC)...
   [Transport] Executando paralelização para electron...
   -> [Fótons] Generating photon table (Sync + IC)...
      Calculando componente Síncrotron...
      Calculando componente Compton Inverso (IC)...
        Progress: 40/1000
        Progress: 80/1000
        Progress: 120/1000
        Progress: 160/1000
        Progress: 200/1000
        Progress: 240/1000
        Progress: 280/1000
        Progress: 320/1000
        Progress: 360/1000
        Progress: 400/1000
        Progress: 440/1000
        Progress: 480/1000
        Progress: 520/1000
        Progress: 560/1000
        Progress: 600/1000
        Progress: 640/1000
        Progress: 680/1000
        Progress: 720/1000
        Progress: 760/1000
        Progress: 800/1000
        Progress: 840/1000
        Progress: 880/1000
        Progress: 920/1000
        Progress: 960/1000
        Progress: 1000/1000
   -> [IC] Generating IC rate table...
   [SDSS J125409.12-011527.1] -> Transport approx 1 (com IC)...
   [Transport] Executando paralelização para electron...
   -> [Fótons] Generating photon table (Sync + IC)...
      Calculando componente Síncrotron...
      Calculando componente Compton Inverso (IC)...
        Progress: 40/1000
        Progress: 80/1000
        Progress: 120/1000
        Progress: 160/1000
        Progress: 200/1000
        Progress: 240/1000
        Progress: 280/1000
        Progress: 320/1000
        Progress: 360/1000
        Progress: 400/1000
        Progress: 440/1000
        Progress: 480/1000
        Progress: 520/1000
        Progress: 560/1000
        Progress: 600/1000
        Progress: 640/1000
        Progress: 680/1000
        Progress: 720/1000
        Progress: 760/1000
        Progress: 800/1000
        Progress: 840/1000
        Progress: 880/1000
        Progress: 920/1000
        Progress: 960/1000
        Progress: 1000/1000
   === [Elétrons] Concluído em 6m 20.88s ===
[SDSS J130404.99+075428.4] Calculating Electrons (1D Transport)...
   [SDSS J130404.99+075428.4] -> Transport approx 0 (sem IC)...
   [Transport] Executando paralelização para electron...
   -> [Fótons] Generating photon table (Sync + IC)...
      Calculando componente Síncrotron...
      Calculando componente Compton Inverso (IC)...
        Progress: 40/1000
        Progress: 80/1000
        Progress: 120/1000
        Progress: 160/1000
        Progress: 200/1000
        Progress: 240/1000
        Progress: 280/1000
        Progress: 320/1000
        Progress: 360/1000
        Progress: 400/1000
        Progress: 440/1000
        Progress: 480/1000
        Progress: 520/1000
        Progress: 560/1000
        Progress: 600/1000
        Progress: 640/1000
        Progress: 680/1000
        Progress: 720/1000
        Progress: 760/1000
        Progress: 800/1000
        Progress: 840/1000
        Progress: 880/1000
        Progress: 920/1000
        Progress: 960/1000
        Progress: 1000/1000
   -> [IC] Generating IC rate table...
   [SDSS J130404.99+075428.4] -> Transport approx 1 (com IC)...
   [Transport] Executando paralelização para electron...
   -> [Fótons] Generating photon table (Sync + IC)...
      Calculando componente Síncrotron...
      Calculando componente Compton Inverso (IC)...
        Progress: 40/1000
        Progress: 80/1000
        Progress: 120/1000
        Progress: 160/1000
        Progress: 200/1000
        Progress: 240/1000
        Progress: 280/1000
        Progress: 320/1000
        Progress: 360/1000
        Progress: 400/1000
        Progress: 440/1000
        Progress: 480/1000
        Progress: 520/1000
        Progress: 560/1000
        Progress: 600/1000
        Progress: 640/1000
        Progress: 680/1000
        Progress: 720/1000
        Progress: 760/1000
        Progress: 800/1000
        Progress: 840/1000
        Progress: 880/1000
        Progress: 920/1000
        Progress: 960/1000
        Progress: 1000/1000
   === [Elétrons] Concluído em 5m 58.97s ===
[SDSS J130837.91+434415.1] Calculating Electrons (1D Transport)...
   [SDSS J130837.91+434415.1] -> Transport approx 0 (sem IC)...
   [Transport] Executando paralelização para electron...
   -> [Fótons] Generating photon table (Sync + IC)...
      Calculando componente Síncrotron...
      Calculando componente Compton Inverso (IC)...
        Progress: 40/1000
        Progress: 80/1000
        Progress: 120/1000
        Progress: 160/1000
        Progress: 200/1000
        Progress: 240/1000
        Progress: 280/1000
        Progress: 320/1000
        Progress: 360/1000
        Progress: 400/1000
        Progress: 440/1000
        Progress: 480/1000
        Progress: 520/1000
        Progress: 560/1000
        Progress: 600/1000
        Progress: 640/1000
        Progress: 680/1000
        Progress: 720/1000
        Progress: 760/1000
        Progress: 800/1000
        Progress: 840/1000
        Progress: 880/1000
        Progress: 920/1000
        Progress: 960/1000
        Progress: 1000/1000
   -> [IC] Generating IC rate table...
   [SDSS J130837.91+434415.1] -> Transport approx 1 (com IC)...
   [Transport] Executando paralelização para electron...
   -> [Fótons] Generating photon table (Sync + IC)...
      Calculando componente Síncrotron...
      Calculando componente Compton Inverso (IC)...
        Progress: 40/1000
        Progress: 80/1000
        Progress: 120/1000
        Progress: 160/1000
        Progress: 200/1000
        Progress: 240/1000
        Progress: 280/1000
        Progress: 320/1000
        Progress: 360/1000
        Progress: 400/1000
        Progress: 440/1000
        Progress: 480/1000
        Progress: 520/1000
        Progress: 560/1000
        Progress: 600/1000
        Progress: 640/1000
        Progress: 680/1000
        Progress: 720/1000
        Progress: 760/1000
        Progress: 800/1000
        Progress: 840/1000
        Progress: 880/1000
        Progress: 920/1000
        Progress: 960/1000
        Progress: 1000/1000
   === [Elétrons] Concluído em 6m 7.98s ===
[SDSS J133042.51+323249.0] Calculating Electrons (1D Transport)...
   [SDSS J133042.51+323249.0] -> Transport approx 0 (sem IC)...
   [Transport] Executando paralelização para electron...
   -> [Fótons] Generating photon table (Sync + IC)...
      Calculando componente Síncrotron...
      Calculando componente Compton Inverso (IC)...
        Progress: 40/1000
        Progress: 80/1000
        Progress: 120/1000
        Progress: 160/1000
        Progress: 200/1000
        Progress: 240/1000
        Progress: 280/1000
        Progress: 320/1000
        Progress: 360/1000
        Progress: 400/1000
        Progress: 440/1000
        Progress: 480/1000
        Progress: 520/1000
        Progress: 560/1000
        Progress: 600/1000
        Progress: 640/1000
        Progress: 680/1000
        Progress: 720/1000
        Progress: 760/1000
        Progress: 800/1000
        Progress: 840/1000
        Progress: 880/1000
        Progress: 920/1000
        Progress: 960/1000
        Progress: 1000/1000
   -> [IC] Generating IC rate table...
   [SDSS J133042.51+323249.0] -> Transport approx 1 (com IC)...
   [Transport] Executando paralelização para electron...
   -> [Fótons] Generating photon table (Sync + IC)...
      Calculando componente Síncrotron...
      Calculando componente Compton Inverso (IC)...
        Progress: 40/1000
        Progress: 80/1000
        Progress: 120/1000
        Progress: 160/1000
        Progress: 200/1000
        Progress: 240/1000
        Progress: 280/1000
        Progress: 320/1000
        Progress: 360/1000
        Progress: 400/1000
        Progress: 440/1000
        Progress: 480/1000
        Progress: 520/1000
        Progress: 560/1000
        Progress: 600/1000
        Progress: 640/1000
        Progress: 680/1000
        Progress: 720/1000
        Progress: 760/1000
        Progress: 800/1000
        Progress: 840/1000
        Progress: 880/1000
        Progress: 920/1000
        Progress: 960/1000
        Progress: 1000/1000
   === [Elétrons] Concluído em 6m 28.29s ===
[SDSS J133455.94+134431.7] Calculating Electrons (1D Transport)...
   [SDSS J133455.94+134431.7] -> Transport approx 0 (sem IC)...
   [Transport] Executando paralelização para electron...
   -> [Fótons] Generating photon table (Sync + IC)...
      Calculando componente Síncrotron...
      Calculando componente Compton Inverso (IC)...
        Progress: 40/1000
        Progress: 80/1000
        Progress: 120/1000
        Progress: 160/1000
        Progress: 200/1000
        Progress: 240/1000
        Progress: 280/1000
        Progress: 320/1000
        Progress: 360/1000
        Progress: 400/1000
        Progress: 440/1000
        Progress: 480/1000
        Progress: 520/1000
        Progress: 560/1000
        Progress: 600/1000
        Progress: 640/1000
        Progress: 680/1000
        Progress: 720/1000
        Progress: 760/1000
        Progress: 800/1000
        Progress: 840/1000
        Progress: 880/1000
        Progress: 920/1000
        Progress: 960/1000
        Progress: 1000/1000
   -> [IC] Generating IC rate table...
   [SDSS J133455.94+134431.7] -> Transport approx 1 (com IC)...
   [Transport] Executando paralelização para electron...
   -> [Fótons] Generating photon table (Sync + IC)...
      Calculando componente Síncrotron...
      Calculando componente Compton Inverso (IC)...
        Progress: 40/1000
        Progress: 80/1000
        Progress: 120/1000
        Progress: 160/1000
        Progress: 200/1000
        Progress: 240/1000
        Progress: 280/1000
        Progress: 320/1000
        Progress: 360/1000
        Progress: 400/1000
        Progress: 440/1000
        Progress: 480/1000
        Progress: 520/1000
        Progress: 560/1000
        Progress: 600/1000
        Progress: 640/1000
        Progress: 680/1000
        Progress: 720/1000
        Progress: 760/1000
        Progress: 800/1000
        Progress: 840/1000
        Progress: 880/1000
        Progress: 920/1000
        Progress: 960/1000
        Progress: 1000/1000
   === [Elétrons] Concluído em 5m 57.77s ===
[SDSS J133621.18+031951.0] Calculating Electrons (1D Transport)...
   [SDSS J133621.18+031951.0] -> Transport approx 0 (sem IC)...
   [Transport] Executando paralelização para electron...
   -> [Fótons] Generating photon table (Sync + IC)...
      Calculando componente Síncrotron...
      Calculando componente Compton Inverso (IC)...
        Progress: 40/1000
        Progress: 80/1000
        Progress: 120/1000
        Progress: 160/1000
        Progress: 200/1000
        Progress: 240/1000
        Progress: 280/1000
        Progress: 320/1000
        Progress: 360/1000
        Progress: 400/1000
        Progress: 440/1000
        Progress: 480/1000
        Progress: 520/1000
        Progress: 560/1000
        Progress: 600/1000
        Progress: 640/1000
        Progress: 680/1000
        Progress: 720/1000
        Progress: 760/1000
        Progress: 800/1000
        Progress: 840/1000
        Progress: 880/1000
        Progress: 920/1000
        Progress: 960/1000
        Progress: 1000/1000
   -> [IC] Generating IC rate table...
   [SDSS J133621.18+031951.0] -> Transport approx 1 (com IC)...
   [Transport] Executando paralelização para electron...
   -> [Fótons] Generating photon table (Sync + IC)...
      Calculando componente Síncrotron...
      Calculando componente Compton Inverso (IC)...
        Progress: 40/1000
        Progress: 80/1000
        Progress: 120/1000
        Progress: 160/1000
        Progress: 200/1000
        Progress: 240/1000
        Progress: 280/1000
        Progress: 320/1000
        Progress: 360/1000
        Progress: 400/1000
        Progress: 440/1000
        Progress: 480/1000
        Progress: 520/1000
        Progress: 560/1000
        Progress: 600/1000
        Progress: 640/1000
        Progress: 680/1000
        Progress: 720/1000
        Progress: 760/1000
        Progress: 800/1000
        Progress: 840/1000
        Progress: 880/1000
        Progress: 920/1000
        Progress: 960/1000
        Progress: 1000/1000
   === [Elétrons] Concluído em 6m 14.83s ===
[SDSS J133737.49+155820.0] Calculating Electrons (1D Transport)...
   [SDSS J133737.49+155820.0] -> Transport approx 0 (sem IC)...
   [Transport] Executando paralelização para electron...
   -> [Fótons] Generating photon table (Sync + IC)...
      Calculando componente Síncrotron...
      Calculando componente Compton Inverso (IC)...
        Progress: 40/1000
        Progress: 80/1000
        Progress: 120/1000
        Progress: 160/1000
        Progress: 200/1000
        Progress: 240/1000
        Progress: 280/1000
        Progress: 320/1000
        Progress: 360/1000
        Progress: 400/1000
        Progress: 440/1000
        Progress: 480/1000
        Progress: 520/1000
        Progress: 560/1000
        Progress: 600/1000
        Progress: 640/1000
        Progress: 680/1000
        Progress: 720/1000
        Progress: 760/1000
        Progress: 800/1000
        Progress: 840/1000
        Progress: 880/1000
        Progress: 920/1000
        Progress: 960/1000
        Progress: 1000/1000
   -> [IC] Generating IC rate table...
   [SDSS J133737.49+155820.0] -> Transport approx 1 (com IC)...
   [Transport] Executando paralelização para electron...
   -> [Fótons] Generating photon table (Sync + IC)...
      Calculando componente Síncrotron...
      Calculando componente Compton Inverso (IC)...
        Progress: 40/1000
        Progress: 80/1000
        Progress: 120/1000
        Progress: 160/1000
        Progress: 200/1000
        Progress: 240/1000
        Progress: 280/1000
        Progress: 320/1000
        Progress: 360/1000
        Progress: 400/1000
        Progress: 440/1000
        Progress: 480/1000
        Progress: 520/1000
        Progress: 560/1000
        Progress: 600/1000
        Progress: 640/1000
        Progress: 680/1000
        Progress: 720/1000
        Progress: 760/1000
        Progress: 800/1000
        Progress: 840/1000
        Progress: 880/1000
        Progress: 920/1000
        Progress: 960/1000
        Progress: 1000/1000
   === [Elétrons] Concluído em 6m 0.66s ===
[SDSS J134159.72+294653.5] Calculating Electrons (1D Transport)...
   [SDSS J134159.72+294653.5] -> Transport approx 0 (sem IC)...
   [Transport] Executando paralelização para electron...
   -> [Fótons] Generating photon table (Sync + IC)...
      Calculando componente Síncrotron...
      Calculando componente Compton Inverso (IC)...
        Progress: 40/1000
        Progress: 80/1000
        Progress: 120/1000
        Progress: 160/1000
        Progress: 200/1000
        Progress: 240/1000
        Progress: 280/1000
        Progress: 320/1000
        Progress: 360/1000
        Progress: 400/1000
        Progress: 440/1000
        Progress: 480/1000
        Progress: 520/1000
        Progress: 560/1000
        Progress: 600/1000
        Progress: 640/1000
        Progress: 680/1000
        Progress: 720/1000
        Progress: 760/1000
        Progress: 800/1000
        Progress: 840/1000
        Progress: 880/1000
        Progress: 920/1000
        Progress: 960/1000
        Progress: 1000/1000
   -> [IC] Generating IC rate table...
   [SDSS J134159.72+294653.5] -> Transport approx 1 (com IC)...
   [Transport] Executando paralelização para electron...
   -> [Fótons] Generating photon table (Sync + IC)...
      Calculando componente Síncrotron...
      Calculando componente Compton Inverso (IC)...
        Progress: 40/1000
        Progress: 80/1000
        Progress: 120/1000
        Progress: 160/1000
        Progress: 200/1000
        Progress: 240/1000
        Progress: 280/1000
        Progress: 320/1000
        Progress: 360/1000
        Progress: 400/1000
        Progress: 440/1000
        Progress: 480/1000
        Progress: 520/1000
        Progress: 560/1000
        Progress: 600/1000
        Progress: 640/1000
        Progress: 680/1000
        Progress: 720/1000
        Progress: 760/1000
        Progress: 800/1000
        Progress: 840/1000
        Progress: 880/1000
        Progress: 920/1000
        Progress: 960/1000
        Progress: 1000/1000
   === [Elétrons] Concluído em 6m 21.72s ===
[SDSS J135036.01+334217.3] Calculating Electrons (1D Transport)...
   [SDSS J135036.01+334217.3] -> Transport approx 0 (sem IC)...
   [Transport] Executando paralelização para electron...
   -> [Fótons] Generating photon table (Sync + IC)...
      Calculando componente Síncrotron...
      Calculando componente Compton Inverso (IC)...
        Progress: 40/1000
        Progress: 80/1000
        Progress: 120/1000
        Progress: 160/1000
        Progress: 200/1000
        Progress: 240/1000
        Progress: 280/1000
        Progress: 320/1000
        Progress: 360/1000
        Progress: 400/1000
        Progress: 440/1000
        Progress: 480/1000
        Progress: 520/1000
        Progress: 560/1000
        Progress: 600/1000
        Progress: 640/1000
        Progress: 680/1000
        Progress: 720/1000
        Progress: 760/1000
        Progress: 800/1000
        Progress: 840/1000
        Progress: 880/1000
        Progress: 920/1000
        Progress: 960/1000
        Progress: 1000/1000
   -> [IC] Generating IC rate table...
   [SDSS J135036.01+334217.3] -> Transport approx 1 (com IC)...
   [Transport] Executando paralelização para electron...
   -> [Fótons] Generating photon table (Sync + IC)...
      Calculando componente Síncrotron...
      Calculando componente Compton Inverso (IC)...
        Progress: 40/1000
        Progress: 80/1000
        Progress: 120/1000
        Progress: 160/1000
        Progress: 200/1000
        Progress: 240/1000
        Progress: 280/1000
        Progress: 320/1000
        Progress: 360/1000
        Progress: 400/1000
        Progress: 440/1000
        Progress: 480/1000
        Progress: 520/1000
        Progress: 560/1000
        Progress: 600/1000
        Progress: 640/1000
        Progress: 680/1000
        Progress: 720/1000
        Progress: 760/1000
        Progress: 800/1000
        Progress: 840/1000
        Progress: 880/1000
        Progress: 920/1000
        Progress: 960/1000
        Progress: 1000/1000
   === [Elétrons] Concluído em 6m 19.35s ===
[SDSS J135226.71+140528.5] Calculating Electrons (1D Transport)...
   [SDSS J135226.71+140528.5] -> Transport approx 0 (sem IC)...
   [Transport] Executando paralelização para electron...
   -> [Fótons] Generating photon table (Sync + IC)...
      Calculando componente Síncrotron...
      Calculando componente Compton Inverso (IC)...
        Progress: 40/1000
        Progress: 80/1000
        Progress: 120/1000
        Progress: 160/1000
        Progress: 200/1000
        Progress: 240/1000
        Progress: 280/1000
        Progress: 320/1000
        Progress: 360/1000
        Progress: 400/1000
        Progress: 440/1000
        Progress: 480/1000
        Progress: 520/1000
        Progress: 560/1000
        Progress: 600/1000
        Progress: 640/1000
        Progress: 680/1000
        Progress: 720/1000
        Progress: 760/1000
        Progress: 800/1000
        Progress: 840/1000
        Progress: 880/1000
        Progress: 920/1000
        Progress: 960/1000
        Progress: 1000/1000
   -> [IC] Generating IC rate table...
   [SDSS J135226.71+140528.5] -> Transport approx 1 (com IC)...
   [Transport] Executando paralelização para electron...
   -> [Fótons] Generating photon table (Sync + IC)...
      Calculando componente Síncrotron...
      Calculando componente Compton Inverso (IC)...
        Progress: 40/1000
        Progress: 80/1000
        Progress: 120/1000
        Progress: 160/1000
        Progress: 200/1000
        Progress: 240/1000
        Progress: 280/1000
        Progress: 320/1000
        Progress: 360/1000
        Progress: 400/1000
        Progress: 440/1000
        Progress: 480/1000
        Progress: 520/1000
        Progress: 560/1000
        Progress: 600/1000
        Progress: 640/1000
        Progress: 680/1000
        Progress: 720/1000
        Progress: 760/1000
        Progress: 800/1000
        Progress: 840/1000
        Progress: 880/1000
        Progress: 920/1000
        Progress: 960/1000
        Progress: 1000/1000
   === [Elétrons] Concluído em 5m 48.53s ===
[SDSS J140528.32+304602.0] Calculating Electrons (1D Transport)...
   [SDSS J140528.32+304602.0] -> Transport approx 0 (sem IC)...
   [Transport] Executando paralelização para electron...
   -> [Fótons] Generating photon table (Sync + IC)...
      Calculando componente Síncrotron...
      Calculando componente Compton Inverso (IC)...
        Progress: 40/1000
        Progress: 80/1000
        Progress: 120/1000
        Progress: 160/1000
        Progress: 200/1000
        Progress: 240/1000
        Progress: 280/1000
        Progress: 320/1000
        Progress: 360/1000
        Progress: 400/1000
        Progress: 440/1000
        Progress: 480/1000
        Progress: 520/1000
        Progress: 560/1000
        Progress: 600/1000
        Progress: 640/1000
        Progress: 680/1000
        Progress: 720/1000
        Progress: 760/1000
        Progress: 800/1000
        Progress: 840/1000
        Progress: 880/1000
        Progress: 920/1000
        Progress: 960/1000
        Progress: 1000/1000
   -> [IC] Generating IC rate table...
   [SDSS J140528.32+304602.0] -> Transport approx 1 (com IC)...
   [Transport] Executando paralelização para electron...
   -> [Fótons] Generating photon table (Sync + IC)...
      Calculando componente Síncrotron...
      Calculando componente Compton Inverso (IC)...
        Progress: 40/1000
        Progress: 80/1000
        Progress: 120/1000
        Progress: 160/1000
        Progress: 200/1000
        Progress: 240/1000
        Progress: 280/1000
        Progress: 320/1000
        Progress: 360/1000
        Progress: 400/1000
        Progress: 440/1000
        Progress: 480/1000
        Progress: 520/1000
        Progress: 560/1000
        Progress: 600/1000
        Progress: 640/1000
        Progress: 680/1000
        Progress: 720/1000
        Progress: 760/1000
        Progress: 800/1000
        Progress: 840/1000
        Progress: 880/1000
        Progress: 920/1000
        Progress: 960/1000
        Progress: 1000/1000
   === [Elétrons] Concluído em 6m 38.51s ===
[SDSS J141451.35+030751.2] Calculating Electrons (1D Transport)...
   [SDSS J141451.35+030751.2] -> Transport approx 0 (sem IC)...
   [Transport] Executando paralelização para electron...
   -> [Fótons] Generating photon table (Sync + IC)...
      Calculando componente Síncrotron...
      Calculando componente Compton Inverso (IC)...
        Progress: 40/1000
        Progress: 80/1000
        Progress: 120/1000
        Progress: 160/1000
        Progress: 200/1000
        Progress: 240/1000
        Progress: 280/1000
        Progress: 320/1000
        Progress: 360/1000
        Progress: 400/1000
        Progress: 440/1000
        Progress: 480/1000
        Progress: 520/1000
        Progress: 560/1000
        Progress: 600/1000
        Progress: 640/1000
        Progress: 680/1000
        Progress: 720/1000
        Progress: 760/1000
        Progress: 800/1000
        Progress: 840/1000
        Progress: 880/1000
        Progress: 920/1000
        Progress: 960/1000
        Progress: 1000/1000
   -> [IC] Generating IC rate table...
   [SDSS J141451.35+030751.2] -> Transport approx 1 (com IC)...
   [Transport] Executando paralelização para electron...
   -> [Fótons] Generating photon table (Sync + IC)...
      Calculando componente Síncrotron...
      Calculando componente Compton Inverso (IC)...
        Progress: 40/1000
        Progress: 80/1000
        Progress: 120/1000
        Progress: 160/1000
        Progress: 200/1000
        Progress: 240/1000
        Progress: 280/1000
        Progress: 320/1000
        Progress: 360/1000
        Progress: 400/1000
        Progress: 440/1000
        Progress: 480/1000
        Progress: 520/1000
        Progress: 560/1000
        Progress: 600/1000
        Progress: 640/1000
        Progress: 680/1000
        Progress: 720/1000
        Progress: 760/1000
        Progress: 800/1000
        Progress: 840/1000
        Progress: 880/1000
        Progress: 920/1000
        Progress: 960/1000
        Progress: 1000/1000
   === [Elétrons] Concluído em 6m 14.88s ===
[SDSS J141517.98-022641.0] Calculating Electrons (1D Transport)...
   [SDSS J141517.98-022641.0] -> Transport approx 0 (sem IC)...
   [Transport] Executando paralelização para electron...
   -> [Fótons] Generating photon table (Sync + IC)...
      Calculando componente Síncrotron...
      Calculando componente Compton Inverso (IC)...
        Progress: 40/1000
        Progress: 80/1000
        Progress: 120/1000
        Progress: 160/1000
        Progress: 200/1000
        Progress: 240/1000
        Progress: 280/1000
        Progress: 320/1000
        Progress: 360/1000
        Progress: 400/1000
        Progress: 440/1000
        Progress: 480/1000
        Progress: 520/1000
        Progress: 560/1000
        Progress: 600/1000
        Progress: 640/1000
        Progress: 680/1000
        Progress: 720/1000
        Progress: 760/1000
        Progress: 800/1000
        Progress: 840/1000
        Progress: 880/1000
        Progress: 920/1000
        Progress: 960/1000
        Progress: 1000/1000
   -> [IC] Generating IC rate table...
   [SDSS J141517.98-022641.0] -> Transport approx 1 (com IC)...
   [Transport] Executando paralelização para electron...
   -> [Fótons] Generating photon table (Sync + IC)...
      Calculando componente Síncrotron...
      Calculando componente Compton Inverso (IC)...
        Progress: 40/1000
        Progress: 80/1000
        Progress: 120/1000
        Progress: 160/1000
        Progress: 200/1000
        Progress: 240/1000
        Progress: 280/1000
        Progress: 320/1000
        Progress: 360/1000
        Progress: 400/1000
        Progress: 440/1000
        Progress: 480/1000
        Progress: 520/1000
        Progress: 560/1000
        Progress: 600/1000
        Progress: 640/1000
        Progress: 680/1000
        Progress: 720/1000
        Progress: 760/1000
        Progress: 800/1000
        Progress: 840/1000
        Progress: 880/1000
        Progress: 920/1000
        Progress: 960/1000
        Progress: 1000/1000
   === [Elétrons] Concluído em 6m 2.00s ===
[SDSS J142724.23+372817.0] Calculating Electrons (1D Transport)...
   [SDSS J142724.23+372817.0] -> Transport approx 0 (sem IC)...
   [Transport] Executando paralelização para electron...
   -> [Fótons] Generating photon table (Sync + IC)...
      Calculando componente Síncrotron...
      Calculando componente Compton Inverso (IC)...
        Progress: 40/1000
        Progress: 80/1000
        Progress: 120/1000
        Progress: 160/1000
        Progress: 200/1000
        Progress: 240/1000
        Progress: 280/1000
        Progress: 320/1000
        Progress: 360/1000
        Progress: 400/1000
        Progress: 440/1000
        Progress: 480/1000
        Progress: 520/1000
        Progress: 560/1000
        Progress: 600/1000
        Progress: 640/1000
        Progress: 680/1000
        Progress: 720/1000
        Progress: 760/1000
        Progress: 800/1000
        Progress: 840/1000
        Progress: 880/1000
        Progress: 920/1000
        Progress: 960/1000
        Progress: 1000/1000
   -> [IC] Generating IC rate table...
   [SDSS J142724.23+372817.0] -> Transport approx 1 (com IC)...
   [Transport] Executando paralelização para electron...
   -> [Fótons] Generating photon table (Sync + IC)...
      Calculando componente Síncrotron...
      Calculando componente Compton Inverso (IC)...
        Progress: 40/1000
        Progress: 80/1000
        Progress: 120/1000
        Progress: 160/1000
        Progress: 200/1000
        Progress: 240/1000
        Progress: 280/1000
        Progress: 320/1000
        Progress: 360/1000
        Progress: 400/1000
        Progress: 440/1000
        Progress: 480/1000
        Progress: 520/1000
        Progress: 560/1000
        Progress: 600/1000
        Progress: 640/1000
        Progress: 680/1000
        Progress: 720/1000
        Progress: 760/1000
        Progress: 800/1000
        Progress: 840/1000
        Progress: 880/1000
        Progress: 920/1000
        Progress: 960/1000
        Progress: 1000/1000
   === [Elétrons] Concluído em 5m 55.44s ===
[SDSS J143156.59+164615.4] Calculating Electrons (1D Transport)...
   [SDSS J143156.59+164615.4] -> Transport approx 0 (sem IC)...
   [Transport] Executando paralelização para electron...
   -> [Fótons] Generating photon table (Sync + IC)...
      Calculando componente Síncrotron...
      Calculando componente Compton Inverso (IC)...
        Progress: 40/1000
        Progress: 80/1000
        Progress: 120/1000
        Progress: 160/1000
        Progress: 200/1000
        Progress: 240/1000
        Progress: 280/1000
        Progress: 320/1000
        Progress: 360/1000
        Progress: 400/1000
        Progress: 440/1000
        Progress: 480/1000
        Progress: 520/1000
        Progress: 560/1000
        Progress: 600/1000
        Progress: 640/1000
        Progress: 680/1000
        Progress: 720/1000
        Progress: 760/1000
        Progress: 800/1000
        Progress: 840/1000
        Progress: 880/1000
        Progress: 920/1000
        Progress: 960/1000
        Progress: 1000/1000
   -> [IC] Generating IC rate table...
   [SDSS J143156.59+164615.4] -> Transport approx 1 (com IC)...
   [Transport] Executando paralelização para electron...
   -> [Fótons] Generating photon table (Sync + IC)...
      Calculando componente Síncrotron...
      Calculando componente Compton Inverso (IC)...
        Progress: 40/1000
        Progress: 80/1000
        Progress: 120/1000
        Progress: 160/1000
        Progress: 200/1000
        Progress: 240/1000
        Progress: 280/1000
        Progress: 320/1000
        Progress: 360/1000
        Progress: 400/1000
        Progress: 440/1000
        Progress: 480/1000
        Progress: 520/1000
        Progress: 560/1000
        Progress: 600/1000
        Progress: 640/1000
        Progress: 680/1000
        Progress: 720/1000
        Progress: 760/1000
        Progress: 800/1000
        Progress: 840/1000
        Progress: 880/1000
        Progress: 920/1000
        Progress: 960/1000
        Progress: 1000/1000
   === [Elétrons] Concluído em 6m 1.89s ===
[SDSS J143312.96+525747.3] Calculating Electrons (1D Transport)...
   [SDSS J143312.96+525747.3] -> Transport approx 0 (sem IC)...
   [Transport] Executando paralelização para electron...
   -> [Fótons] Generating photon table (Sync + IC)...
      Calculando componente Síncrotron...
      Calculando componente Compton Inverso (IC)...
        Progress: 40/1000
        Progress: 80/1000
        Progress: 120/1000
        Progress: 160/1000
        Progress: 200/1000
        Progress: 240/1000
        Progress: 280/1000
        Progress: 320/1000
        Progress: 360/1000
        Progress: 400/1000
        Progress: 440/1000
        Progress: 480/1000
        Progress: 520/1000
        Progress: 560/1000
        Progress: 600/1000
        Progress: 640/1000
        Progress: 680/1000
        Progress: 720/1000
        Progress: 760/1000
        Progress: 800/1000
        Progress: 840/1000
        Progress: 880/1000
        Progress: 920/1000
        Progress: 960/1000
        Progress: 1000/1000
   -> [IC] Generating IC rate table...
   [SDSS J143312.96+525747.3] -> Transport approx 1 (com IC)...
   [Transport] Executando paralelização para electron...
   -> [Fótons] Generating photon table (Sync + IC)...
      Calculando componente Síncrotron...
      Calculando componente Compton Inverso (IC)...
        Progress: 40/1000
        Progress: 80/1000
        Progress: 120/1000
        Progress: 160/1000
        Progress: 200/1000
        Progress: 240/1000
        Progress: 280/1000
        Progress: 320/1000
        Progress: 360/1000
        Progress: 400/1000
        Progress: 440/1000
        Progress: 480/1000
        Progress: 520/1000
        Progress: 560/1000
        Progress: 600/1000
        Progress: 640/1000
        Progress: 680/1000
        Progress: 720/1000
        Progress: 760/1000
        Progress: 800/1000
        Progress: 840/1000
        Progress: 880/1000
        Progress: 920/1000
        Progress: 960/1000
        Progress: 1000/1000
   === [Elétrons] Concluído em 6m 12.26s ===
[SDSS J143424.79+024756.2] Calculating Electrons (1D Transport)...
   [SDSS J143424.79+024756.2] -> Transport approx 0 (sem IC)...
   [Transport] Executando paralelização para electron...
   -> [Fótons] Generating photon table (Sync + IC)...
      Calculando componente Síncrotron...
      Calculando componente Compton Inverso (IC)...
        Progress: 40/1000
        Progress: 80/1000
        Progress: 120/1000
        Progress: 160/1000
        Progress: 200/1000
        Progress: 240/1000
        Progress: 280/1000
        Progress: 320/1000
        Progress: 360/1000
        Progress: 400/1000
        Progress: 440/1000
        Progress: 480/1000
        Progress: 520/1000
        Progress: 560/1000
        Progress: 600/1000
        Progress: 640/1000
        Progress: 680/1000
        Progress: 720/1000
        Progress: 760/1000
        Progress: 800/1000
        Progress: 840/1000
        Progress: 880/1000
        Progress: 920/1000
        Progress: 960/1000
        Progress: 1000/1000
   -> [IC] Generating IC rate table...
   [SDSS J143424.79+024756.2] -> Transport approx 1 (com IC)...
   [Transport] Executando paralelização para electron...
   -> [Fótons] Generating photon table (Sync + IC)...
      Calculando componente Síncrotron...
      Calculando componente Compton Inverso (IC)...
        Progress: 40/1000
        Progress: 80/1000
        Progress: 120/1000
        Progress: 160/1000
        Progress: 200/1000
        Progress: 240/1000
        Progress: 280/1000
        Progress: 320/1000
        Progress: 360/1000
        Progress: 400/1000
        Progress: 440/1000
        Progress: 480/1000
        Progress: 520/1000
        Progress: 560/1000
        Progress: 600/1000
        Progress: 640/1000
        Progress: 680/1000
        Progress: 720/1000
        Progress: 760/1000
        Progress: 800/1000
        Progress: 840/1000
        Progress: 880/1000
        Progress: 920/1000
        Progress: 960/1000
        Progress: 1000/1000
   === [Elétrons] Concluído em 6m 13.07s ===
[SDSS J143620.38+051951.5] Calculating Electrons (1D Transport)...
   [SDSS J143620.38+051951.5] -> Transport approx 0 (sem IC)...
   [Transport] Executando paralelização para electron...
   -> [Fótons] Generating photon table (Sync + IC)...
      Calculando componente Síncrotron...
      Calculando componente Compton Inverso (IC)...
        Progress: 40/1000
        Progress: 80/1000
        Progress: 120/1000
        Progress: 160/1000
        Progress: 200/1000
        Progress: 240/1000
        Progress: 280/1000
        Progress: 320/1000
        Progress: 360/1000
        Progress: 400/1000
        Progress: 440/1000
        Progress: 480/1000
        Progress: 520/1000
        Progress: 560/1000
        Progress: 600/1000
        Progress: 640/1000
        Progress: 680/1000
        Progress: 720/1000
        Progress: 760/1000
        Progress: 800/1000
        Progress: 840/1000
        Progress: 880/1000
        Progress: 920/1000
        Progress: 960/1000
        Progress: 1000/1000
   -> [IC] Generating IC rate table...
   [SDSS J143620.38+051951.5] -> Transport approx 1 (com IC)...
   [Transport] Executando paralelização para electron...
   -> [Fótons] Generating photon table (Sync + IC)...
      Calculando componente Síncrotron...
      Calculando componente Compton Inverso (IC)...
        Progress: 40/1000
        Progress: 80/1000
        Progress: 120/1000
        Progress: 160/1000
        Progress: 200/1000
        Progress: 240/1000
        Progress: 280/1000
        Progress: 320/1000
        Progress: 360/1000
        Progress: 400/1000
        Progress: 440/1000
        Progress: 480/1000
        Progress: 520/1000
        Progress: 560/1000
        Progress: 600/1000
        Progress: 640/1000
        Progress: 680/1000
        Progress: 720/1000
        Progress: 760/1000
        Progress: 800/1000
        Progress: 840/1000
        Progress: 880/1000
        Progress: 920/1000
        Progress: 960/1000
        Progress: 1000/1000
   === [Elétrons] Concluído em 5m 57.53s ===
[SDSS J144745.52+132032.2] Calculating Electrons (1D Transport)...
   [SDSS J144745.52+132032.2] -> Transport approx 0 (sem IC)...
   [Transport] Executando paralelização para electron...
   -> [Fótons] Generating photon table (Sync + IC)...
      Calculando componente Síncrotron...
      Calculando componente Compton Inverso (IC)...
        Progress: 40/1000
        Progress: 80/1000
        Progress: 120/1000
        Progress: 160/1000
        Progress: 200/1000
        Progress: 240/1000
        Progress: 280/1000
        Progress: 320/1000
        Progress: 360/1000
        Progress: 400/1000
        Progress: 440/1000
        Progress: 480/1000
        Progress: 520/1000
        Progress: 560/1000
        Progress: 600/1000
        Progress: 640/1000
        Progress: 680/1000
        Progress: 720/1000
        Progress: 760/1000
        Progress: 800/1000
        Progress: 840/1000
        Progress: 880/1000
        Progress: 920/1000
        Progress: 960/1000
        Progress: 1000/1000
   -> [IC] Generating IC rate table...
   [SDSS J144745.52+132032.2] -> Transport approx 1 (com IC)...
   [Transport] Executando paralelização para electron...
   -> [Fótons] Generating photon table (Sync + IC)...
      Calculando componente Síncrotron...
      Calculando componente Compton Inverso (IC)...
        Progress: 40/1000
        Progress: 80/1000
        Progress: 120/1000
        Progress: 160/1000
        Progress: 200/1000
        Progress: 240/1000
        Progress: 280/1000
        Progress: 320/1000
        Progress: 360/1000
        Progress: 400/1000
        Progress: 440/1000
        Progress: 480/1000
        Progress: 520/1000
        Progress: 560/1000
        Progress: 600/1000
        Progress: 640/1000
        Progress: 680/1000
        Progress: 720/1000
        Progress: 760/1000
        Progress: 800/1000
        Progress: 840/1000
        Progress: 880/1000
        Progress: 920/1000
        Progress: 960/1000
        Progress: 1000/1000
   === [Elétrons] Concluído em 6m 22.21s ===
[SDSS J145216.49+121711.5] Calculating Electrons (1D Transport)...
   [SDSS J145216.49+121711.5] -> Transport approx 0 (sem IC)...
   [Transport] Executando paralelização para electron...
   -> [Fótons] Generating photon table (Sync + IC)...
      Calculando componente Síncrotron...
      Calculando componente Compton Inverso (IC)...
        Progress: 40/1000
        Progress: 80/1000
        Progress: 120/1000
        Progress: 160/1000
        Progress: 200/1000
        Progress: 240/1000
        Progress: 280/1000
        Progress: 320/1000
        Progress: 360/1000
        Progress: 400/1000
        Progress: 440/1000
        Progress: 480/1000
        Progress: 520/1000
        Progress: 560/1000
        Progress: 600/1000
        Progress: 640/1000
        Progress: 680/1000
        Progress: 720/1000
        Progress: 760/1000
        Progress: 800/1000
        Progress: 840/1000
        Progress: 880/1000
        Progress: 920/1000
        Progress: 960/1000
        Progress: 1000/1000
   -> [IC] Generating IC rate table...
   [SDSS J145216.49+121711.5] -> Transport approx 1 (com IC)...
   [Transport] Executando paralelização para electron...
   -> [Fótons] Generating photon table (Sync + IC)...
      Calculando componente Síncrotron...
      Calculando componente Compton Inverso (IC)...
        Progress: 40/1000
        Progress: 80/1000
        Progress: 120/1000
        Progress: 160/1000
        Progress: 200/1000
        Progress: 240/1000
        Progress: 280/1000
        Progress: 320/1000
        Progress: 360/1000
        Progress: 400/1000
        Progress: 440/1000
        Progress: 480/1000
        Progress: 520/1000
        Progress: 560/1000
        Progress: 600/1000
        Progress: 640/1000
        Progress: 680/1000
        Progress: 720/1000
        Progress: 760/1000
        Progress: 800/1000
        Progress: 840/1000
        Progress: 880/1000
        Progress: 920/1000
        Progress: 960/1000
        Progress: 1000/1000
   === [Elétrons] Concluído em 6m 20.09s ===
[SDSS J145243.25+165413.4] Calculating Electrons (1D Transport)...
   [SDSS J145243.25+165413.4] -> Transport approx 0 (sem IC)...
   [Transport] Executando paralelização para electron...
   -> [Fótons] Generating photon table (Sync + IC)...
      Calculando componente Síncrotron...
      Calculando componente Compton Inverso (IC)...
        Progress: 40/1000
        Progress: 80/1000
        Progress: 120/1000
        Progress: 160/1000
        Progress: 200/1000
        Progress: 240/1000
        Progress: 280/1000
        Progress: 320/1000
        Progress: 360/1000
        Progress: 400/1000
        Progress: 440/1000
        Progress: 480/1000
        Progress: 520/1000
        Progress: 560/1000
        Progress: 600/1000
        Progress: 640/1000
        Progress: 680/1000
        Progress: 720/1000
        Progress: 760/1000
        Progress: 800/1000
        Progress: 840/1000
        Progress: 880/1000
        Progress: 920/1000
        Progress: 960/1000
        Progress: 1000/1000
   -> [IC] Generating IC rate table...
   [SDSS J145243.25+165413.4] -> Transport approx 1 (com IC)...
   [Transport] Executando paralelização para electron...
   -> [Fótons] Generating photon table (Sync + IC)...
      Calculando componente Síncrotron...
      Calculando componente Compton Inverso (IC)...
        Progress: 40/1000
        Progress: 80/1000
        Progress: 120/1000
        Progress: 160/1000
        Progress: 200/1000
        Progress: 240/1000
        Progress: 280/1000
        Progress: 320/1000
        Progress: 360/1000
        Progress: 400/1000
        Progress: 440/1000
        Progress: 480/1000
        Progress: 520/1000
        Progress: 560/1000
        Progress: 600/1000
        Progress: 640/1000
        Progress: 680/1000
        Progress: 720/1000
        Progress: 760/1000
        Progress: 800/1000
        Progress: 840/1000
        Progress: 880/1000
        Progress: 920/1000
        Progress: 960/1000
        Progress: 1000/1000
   === [Elétrons] Concluído em 6m 2.64s ===
[SDSS J145616.20+203120.6] Calculating Electrons (1D Transport)...
   [SDSS J145616.20+203120.6] -> Transport approx 0 (sem IC)...
   [Transport] Executando paralelização para electron...
   -> [Fótons] Generating photon table (Sync + IC)...
      Calculando componente Síncrotron...
      Calculando componente Compton Inverso (IC)...
        Progress: 40/1000
        Progress: 80/1000
        Progress: 120/1000
        Progress: 160/1000
        Progress: 200/1000
        Progress: 240/1000
        Progress: 280/1000
        Progress: 320/1000
        Progress: 360/1000
        Progress: 400/1000
        Progress: 440/1000
        Progress: 480/1000
        Progress: 520/1000
        Progress: 560/1000
        Progress: 600/1000
        Progress: 640/1000
        Progress: 680/1000
        Progress: 720/1000
        Progress: 760/1000
        Progress: 800/1000
        Progress: 840/1000
        Progress: 880/1000
        Progress: 920/1000
        Progress: 960/1000
        Progress: 1000/1000
   -> [IC] Generating IC rate table...
   [SDSS J145616.20+203120.6] -> Transport approx 1 (com IC)...
   [Transport] Executando paralelização para electron...
   -> [Fótons] Generating photon table (Sync + IC)...
      Calculando componente Síncrotron...
      Calculando componente Compton Inverso (IC)...
        Progress: 40/1000
        Progress: 80/1000
        Progress: 120/1000
        Progress: 160/1000
        Progress: 200/1000
        Progress: 240/1000
        Progress: 280/1000
        Progress: 320/1000
        Progress: 360/1000
        Progress: 400/1000
        Progress: 440/1000
        Progress: 480/1000
        Progress: 520/1000
        Progress: 560/1000
        Progress: 600/1000
        Progress: 640/1000
        Progress: 680/1000
        Progress: 720/1000
        Progress: 760/1000
        Progress: 800/1000
        Progress: 840/1000
        Progress: 880/1000
        Progress: 920/1000
        Progress: 960/1000
        Progress: 1000/1000
   === [Elétrons] Concluído em 5m 54.25s ===
[SDSS J150152.30+174228.2] Calculating Electrons (1D Transport)...
   [SDSS J150152.30+174228.2] -> Transport approx 0 (sem IC)...
   [Transport] Executando paralelização para electron...
   -> [Fótons] Generating photon table (Sync + IC)...
      Calculando componente Síncrotron...
      Calculando componente Compton Inverso (IC)...
        Progress: 40/1000
        Progress: 80/1000
        Progress: 120/1000
        Progress: 160/1000
        Progress: 200/1000
        Progress: 240/1000
        Progress: 280/1000
        Progress: 320/1000
        Progress: 360/1000
        Progress: 400/1000
        Progress: 440/1000
        Progress: 480/1000
        Progress: 520/1000
        Progress: 560/1000
        Progress: 600/1000
        Progress: 640/1000
        Progress: 680/1000
        Progress: 720/1000
        Progress: 760/1000
        Progress: 800/1000
        Progress: 840/1000
        Progress: 880/1000
        Progress: 920/1000
        Progress: 960/1000
        Progress: 1000/1000
   -> [IC] Generating IC rate table...
   [SDSS J150152.30+174228.2] -> Transport approx 1 (com IC)...
   [Transport] Executando paralelização para electron...
   -> [Fótons] Generating photon table (Sync + IC)...
      Calculando componente Síncrotron...
      Calculando componente Compton Inverso (IC)...
        Progress: 40/1000
        Progress: 80/1000
        Progress: 120/1000
        Progress: 160/1000
        Progress: 200/1000
        Progress: 240/1000
        Progress: 280/1000
        Progress: 320/1000
        Progress: 360/1000
        Progress: 400/1000
        Progress: 440/1000
        Progress: 480/1000
        Progress: 520/1000
        Progress: 560/1000
        Progress: 600/1000
        Progress: 640/1000
        Progress: 680/1000
        Progress: 720/1000
        Progress: 760/1000
        Progress: 800/1000
        Progress: 840/1000
        Progress: 880/1000
        Progress: 920/1000
        Progress: 960/1000
        Progress: 1000/1000
   === [Elétrons] Concluído em 6m 20.18s ===
[SDSS J150425.68+074929.7] Calculating Electrons (1D Transport)...
   [SDSS J150425.68+074929.7] -> Transport approx 0 (sem IC)...
   [Transport] Executando paralelização para electron...
   -> [Fótons] Generating photon table (Sync + IC)...
      Calculando componente Síncrotron...
      Calculando componente Compton Inverso (IC)...
        Progress: 40/1000
        Progress: 80/1000
        Progress: 120/1000
        Progress: 160/1000
        Progress: 200/1000
        Progress: 240/1000
        Progress: 280/1000
        Progress: 320/1000
        Progress: 360/1000
        Progress: 400/1000
        Progress: 440/1000
        Progress: 480/1000
        Progress: 520/1000
        Progress: 560/1000
        Progress: 600/1000
        Progress: 640/1000
        Progress: 680/1000
        Progress: 720/1000
        Progress: 760/1000
        Progress: 800/1000
        Progress: 840/1000
        Progress: 880/1000
        Progress: 920/1000
        Progress: 960/1000
        Progress: 1000/1000
   -> [IC] Generating IC rate table...
   [SDSS J150425.68+074929.7] -> Transport approx 1 (com IC)...
   [Transport] Executando paralelização para electron...
   -> [Fótons] Generating photon table (Sync + IC)...
      Calculando componente Síncrotron...
      Calculando componente Compton Inverso (IC)...
        Progress: 40/1000
        Progress: 80/1000
        Progress: 120/1000
        Progress: 160/1000
        Progress: 200/1000
        Progress: 240/1000
        Progress: 280/1000
        Progress: 320/1000
        Progress: 360/1000
        Progress: 400/1000
        Progress: 440/1000
        Progress: 480/1000
        Progress: 520/1000
        Progress: 560/1000
        Progress: 600/1000
        Progress: 640/1000
        Progress: 680/1000
        Progress: 720/1000
        Progress: 760/1000
        Progress: 800/1000
        Progress: 840/1000
        Progress: 880/1000
        Progress: 920/1000
        Progress: 960/1000
        Progress: 1000/1000
   === [Elétrons] Concluído em 6m 12.80s ===
[SDSS J150601.89+084723.2] Calculating Electrons (1D Transport)...
   [SDSS J150601.89+084723.2] -> Transport approx 0 (sem IC)...
   [Transport] Executando paralelização para electron...
   -> [Fótons] Generating photon table (Sync + IC)...
      Calculando componente Síncrotron...
      Calculando componente Compton Inverso (IC)...
        Progress: 40/1000
        Progress: 80/1000
        Progress: 120/1000
        Progress: 160/1000
        Progress: 200/1000
        Progress: 240/1000
        Progress: 280/1000
        Progress: 320/1000
        Progress: 360/1000
        Progress: 400/1000
        Progress: 440/1000
        Progress: 480/1000
        Progress: 520/1000
        Progress: 560/1000
        Progress: 600/1000
        Progress: 640/1000
        Progress: 680/1000
        Progress: 720/1000
        Progress: 760/1000
        Progress: 800/1000
        Progress: 840/1000
        Progress: 880/1000
        Progress: 920/1000
        Progress: 960/1000
        Progress: 1000/1000
   -> [IC] Generating IC rate table...
   [SDSS J150601.89+084723.2] -> Transport approx 1 (com IC)...
   [Transport] Executando paralelização para electron...
   -> [Fótons] Generating photon table (Sync + IC)...
      Calculando componente Síncrotron...
      Calculando componente Compton Inverso (IC)...
        Progress: 40/1000
        Progress: 80/1000
        Progress: 120/1000
        Progress: 160/1000
        Progress: 200/1000
        Progress: 240/1000
        Progress: 280/1000
        Progress: 320/1000
        Progress: 360/1000
        Progress: 400/1000
        Progress: 440/1000
        Progress: 480/1000
        Progress: 520/1000
        Progress: 560/1000
        Progress: 600/1000
        Progress: 640/1000
        Progress: 680/1000
        Progress: 720/1000
        Progress: 760/1000
        Progress: 800/1000
        Progress: 840/1000
        Progress: 880/1000
        Progress: 920/1000
        Progress: 960/1000
        Progress: 1000/1000
   === [Elétrons] Concluído em 6m 9.40s ===
[SDSS J150636.57+092618.3] Calculating Electrons (1D Transport)...
   [SDSS J150636.57+092618.3] -> Transport approx 0 (sem IC)...
   [Transport] Executando paralelização para electron...
   -> [Fótons] Generating photon table (Sync + IC)...
      Calculando componente Síncrotron...
      Calculando componente Compton Inverso (IC)...
        Progress: 40/1000
        Progress: 80/1000
        Progress: 120/1000
        Progress: 160/1000
        Progress: 200/1000
        Progress: 240/1000
        Progress: 280/1000
        Progress: 320/1000
        Progress: 360/1000
        Progress: 400/1000
        Progress: 440/1000
        Progress: 480/1000
        Progress: 520/1000
        Progress: 560/1000
        Progress: 600/1000
        Progress: 640/1000
        Progress: 680/1000
        Progress: 720/1000
        Progress: 760/1000
        Progress: 800/1000
        Progress: 840/1000
        Progress: 880/1000
        Progress: 920/1000
        Progress: 960/1000
        Progress: 1000/1000
   -> [IC] Generating IC rate table...
   [SDSS J150636.57+092618.3] -> Transport approx 1 (com IC)...
   [Transport] Executando paralelização para electron...
   -> [Fótons] Generating photon table (Sync + IC)...
      Calculando componente Síncrotron...
      Calculando componente Compton Inverso (IC)...
        Progress: 40/1000
        Progress: 80/1000
        Progress: 120/1000
        Progress: 160/1000
        Progress: 200/1000
        Progress: 240/1000
        Progress: 280/1000
        Progress: 320/1000
        Progress: 360/1000
        Progress: 400/1000
        Progress: 440/1000
        Progress: 480/1000
        Progress: 520/1000
        Progress: 560/1000
        Progress: 600/1000
        Progress: 640/1000
        Progress: 680/1000
        Progress: 720/1000
        Progress: 760/1000
        Progress: 800/1000
        Progress: 840/1000
        Progress: 880/1000
        Progress: 920/1000
        Progress: 960/1000
        Progress: 1000/1000
   === [Elétrons] Concluído em 6m 44.15s ===
[SDSS J150808.25+265457.6] Calculating Electrons (1D Transport)...
   [SDSS J150808.25+265457.6] -> Transport approx 0 (sem IC)...
   [Transport] Executando paralelização para electron...
   -> [Fótons] Generating photon table (Sync + IC)...
      Calculando componente Síncrotron...
      Calculando componente Compton Inverso (IC)...
        Progress: 40/1000
        Progress: 80/1000
        Progress: 120/1000
        Progress: 160/1000
        Progress: 200/1000
        Progress: 240/1000
        Progress: 280/1000
        Progress: 320/1000
        Progress: 360/1000
        Progress: 400/1000
        Progress: 440/1000
        Progress: 480/1000
        Progress: 520/1000
        Progress: 560/1000
        Progress: 600/1000
        Progress: 640/1000
        Progress: 680/1000
        Progress: 720/1000
        Progress: 760/1000
        Progress: 800/1000
        Progress: 840/1000
        Progress: 880/1000
        Progress: 920/1000
        Progress: 960/1000
        Progress: 1000/1000
   -> [IC] Generating IC rate table...
   [SDSS J150808.25+265457.6] -> Transport approx 1 (com IC)...
   [Transport] Executando paralelização para electron...
   -> [Fótons] Generating photon table (Sync + IC)...
      Calculando componente Síncrotron...
      Calculando componente Compton Inverso (IC)...
        Progress: 40/1000
        Progress: 80/1000
        Progress: 120/1000
        Progress: 160/1000
        Progress: 200/1000
        Progress: 240/1000
        Progress: 280/1000
        Progress: 320/1000
        Progress: 360/1000
        Progress: 400/1000
        Progress: 440/1000
        Progress: 480/1000
        Progress: 520/1000
        Progress: 560/1000
        Progress: 600/1000
        Progress: 640/1000
        Progress: 680/1000
        Progress: 720/1000
        Progress: 760/1000
        Progress: 800/1000
        Progress: 840/1000
        Progress: 880/1000
        Progress: 920/1000
        Progress: 960/1000
        Progress: 1000/1000
   === [Elétrons] Concluído em 6m 21.06s ===
[SDSS J152010.94+254319.3] Calculating Electrons (1D Transport)...
   [SDSS J152010.94+254319.3] -> Transport approx 0 (sem IC)...
   [Transport] Executando paralelização para electron...
   -> [Fótons] Generating photon table (Sync + IC)...
      Calculando componente Síncrotron...
      Calculando componente Compton Inverso (IC)...
        Progress: 40/1000
        Progress: 80/1000
        Progress: 120/1000
        Progress: 160/1000
        Progress: 200/1000
        Progress: 240/1000
        Progress: 280/1000
        Progress: 320/1000
        Progress: 360/1000
        Progress: 400/1000
        Progress: 440/1000
        Progress: 480/1000
        Progress: 520/1000
        Progress: 560/1000
        Progress: 600/1000
        Progress: 640/1000
        Progress: 680/1000
        Progress: 720/1000
        Progress: 760/1000
        Progress: 800/1000
        Progress: 840/1000
        Progress: 880/1000
        Progress: 920/1000
        Progress: 960/1000
        Progress: 1000/1000
   -> [IC] Generating IC rate table...
   [SDSS J152010.94+254319.3] -> Transport approx 1 (com IC)...
   [Transport] Executando paralelização para electron...
   -> [Fótons] Generating photon table (Sync + IC)...
      Calculando componente Síncrotron...
      Calculando componente Compton Inverso (IC)...
        Progress: 40/1000
        Progress: 80/1000
        Progress: 120/1000
        Progress: 160/1000
        Progress: 200/1000
        Progress: 240/1000
        Progress: 280/1000
        Progress: 320/1000
        Progress: 360/1000
        Progress: 400/1000
        Progress: 440/1000
        Progress: 480/1000
        Progress: 520/1000
        Progress: 560/1000
        Progress: 600/1000
        Progress: 640/1000
        Progress: 680/1000
        Progress: 720/1000
        Progress: 760/1000
        Progress: 800/1000
        Progress: 840/1000
        Progress: 880/1000
        Progress: 920/1000
        Progress: 960/1000
        Progress: 1000/1000
   === [Elétrons] Concluído em 6m 1.74s ===
[SDSS J152151.85+074231.7] Calculating Electrons (1D Transport)...
   [SDSS J152151.85+074231.7] -> Transport approx 0 (sem IC)...
   [Transport] Executando paralelização para electron...
   -> [Fótons] Generating photon table (Sync + IC)...
      Calculando componente Síncrotron...
      Calculando componente Compton Inverso (IC)...
        Progress: 40/1000
        Progress: 80/1000
        Progress: 120/1000
        Progress: 160/1000
        Progress: 200/1000
        Progress: 240/1000
        Progress: 280/1000
        Progress: 320/1000
        Progress: 360/1000
        Progress: 400/1000
        Progress: 440/1000
        Progress: 480/1000
        Progress: 520/1000
        Progress: 560/1000
        Progress: 600/1000
        Progress: 640/1000
        Progress: 680/1000
        Progress: 720/1000
        Progress: 760/1000
        Progress: 800/1000
        Progress: 840/1000
        Progress: 880/1000
        Progress: 920/1000
        Progress: 960/1000
        Progress: 1000/1000
   -> [IC] Generating IC rate table...
   [SDSS J152151.85+074231.7] -> Transport approx 1 (com IC)...
   [Transport] Executando paralelização para electron...
   -> [Fótons] Generating photon table (Sync + IC)...
      Calculando componente Síncrotron...
      Calculando componente Compton Inverso (IC)...
        Progress: 40/1000
        Progress: 80/1000
        Progress: 120/1000
        Progress: 160/1000
        Progress: 200/1000
        Progress: 240/1000
        Progress: 280/1000
        Progress: 320/1000
        Progress: 360/1000
        Progress: 400/1000
        Progress: 440/1000
        Progress: 480/1000
        Progress: 520/1000
        Progress: 560/1000
        Progress: 600/1000
        Progress: 640/1000
        Progress: 680/1000
        Progress: 720/1000
        Progress: 760/1000
        Progress: 800/1000
        Progress: 840/1000
        Progress: 880/1000
        Progress: 920/1000
        Progress: 960/1000
        Progress: 1000/1000
   === [Elétrons] Concluído em 6m 5.23s ===
[SDSS J153016.15+270551.0] Calculating Electrons (1D Transport)...
   [SDSS J153016.15+270551.0] -> Transport approx 0 (sem IC)...
   [Transport] Executando paralelização para electron...
   -> [Fótons] Generating photon table (Sync + IC)...
      Calculando componente Síncrotron...
      Calculando componente Compton Inverso (IC)...
        Progress: 40/1000
        Progress: 80/1000
        Progress: 120/1000
        Progress: 160/1000
        Progress: 200/1000
        Progress: 240/1000
        Progress: 280/1000
        Progress: 320/1000
        Progress: 360/1000
        Progress: 400/1000
        Progress: 440/1000
        Progress: 480/1000
        Progress: 520/1000
        Progress: 560/1000
        Progress: 600/1000
        Progress: 640/1000
        Progress: 680/1000
        Progress: 720/1000
        Progress: 760/1000
        Progress: 800/1000
        Progress: 840/1000
        Progress: 880/1000
        Progress: 920/1000
        Progress: 960/1000
        Progress: 1000/1000
   -> [IC] Generating IC rate table...
   [SDSS J153016.15+270551.0] -> Transport approx 1 (com IC)...
   [Transport] Executando paralelização para electron...
   -> [Fótons] Generating photon table (Sync + IC)...
      Calculando componente Síncrotron...
      Calculando componente Compton Inverso (IC)...
        Progress: 40/1000
        Progress: 80/1000
        Progress: 120/1000
        Progress: 160/1000
        Progress: 200/1000
        Progress: 240/1000
        Progress: 280/1000
        Progress: 320/1000
        Progress: 360/1000
        Progress: 400/1000
        Progress: 440/1000
        Progress: 480/1000
        Progress: 520/1000
        Progress: 560/1000
        Progress: 600/1000
        Progress: 640/1000
        Progress: 680/1000
        Progress: 720/1000
        Progress: 760/1000
        Progress: 800/1000
        Progress: 840/1000
        Progress: 880/1000
        Progress: 920/1000
        Progress: 960/1000
        Progress: 1000/1000
   === [Elétrons] Concluído em 6m 15.53s ===
[SDSS J154147.28+453321.7] Calculating Electrons (1D Transport)...
   [SDSS J154147.28+453321.7] -> Transport approx 0 (sem IC)...
   [Transport] Executando paralelização para electron...
   -> [Fótons] Generating photon table (Sync + IC)...
      Calculando componente Síncrotron...
      Calculando componente Compton Inverso (IC)...
        Progress: 40/1000
        Progress: 80/1000
        Progress: 120/1000
        Progress: 160/1000
        Progress: 200/1000
        Progress: 240/1000
        Progress: 280/1000
        Progress: 320/1000
        Progress: 360/1000
        Progress: 400/1000
        Progress: 440/1000
        Progress: 480/1000
        Progress: 520/1000
        Progress: 560/1000
        Progress: 600/1000
        Progress: 640/1000
        Progress: 680/1000
        Progress: 720/1000
        Progress: 760/1000
        Progress: 800/1000
        Progress: 840/1000
        Progress: 880/1000
        Progress: 920/1000
        Progress: 960/1000
        Progress: 1000/1000
   -> [IC] Generating IC rate table...
   [SDSS J154147.28+453321.7] -> Transport approx 1 (com IC)...
   [Transport] Executando paralelização para electron...
   -> [Fótons] Generating photon table (Sync + IC)...
      Calculando componente Síncrotron...
      Calculando componente Compton Inverso (IC)...
        Progress: 40/1000
        Progress: 80/1000
        Progress: 120/1000
        Progress: 160/1000
        Progress: 200/1000
        Progress: 240/1000
        Progress: 280/1000
        Progress: 320/1000
        Progress: 360/1000
        Progress: 400/1000
        Progress: 440/1000
        Progress: 480/1000
        Progress: 520/1000
        Progress: 560/1000
        Progress: 600/1000
        Progress: 640/1000
        Progress: 680/1000
        Progress: 720/1000
        Progress: 760/1000
        Progress: 800/1000
        Progress: 840/1000
        Progress: 880/1000
        Progress: 920/1000
        Progress: 960/1000
        Progress: 1000/1000
   === [Elétrons] Concluído em 6m 9.47s ===
[SDSS J154426.93+470024.2] Calculating Electrons (1D Transport)...
   [SDSS J154426.93+470024.2] -> Transport approx 0 (sem IC)...
   [Transport] Executando paralelização para electron...
   -> [Fótons] Generating photon table (Sync + IC)...
      Calculando componente Síncrotron...
      Calculando componente Compton Inverso (IC)...
        Progress: 40/1000
        Progress: 80/1000
        Progress: 120/1000
        Progress: 160/1000
        Progress: 200/1000
        Progress: 240/1000
        Progress: 280/1000
        Progress: 320/1000
        Progress: 360/1000
        Progress: 400/1000
        Progress: 440/1000
        Progress: 480/1000
        Progress: 520/1000
        Progress: 560/1000
        Progress: 600/1000
        Progress: 640/1000
        Progress: 680/1000
        Progress: 720/1000
        Progress: 760/1000
        Progress: 800/1000
        Progress: 840/1000
        Progress: 880/1000
        Progress: 920/1000
        Progress: 960/1000
        Progress: 1000/1000
   -> [IC] Generating IC rate table...
   [SDSS J154426.93+470024.2] -> Transport approx 1 (com IC)...
   [Transport] Executando paralelização para electron...
   -> [Fótons] Generating photon table (Sync + IC)...
      Calculando componente Síncrotron...
      Calculando componente Compton Inverso (IC)...
        Progress: 40/1000
        Progress: 80/1000
        Progress: 120/1000
        Progress: 160/1000
        Progress: 200/1000
        Progress: 240/1000
        Progress: 280/1000
        Progress: 320/1000
        Progress: 360/1000
        Progress: 400/1000
        Progress: 440/1000
        Progress: 480/1000
        Progress: 520/1000
        Progress: 560/1000
        Progress: 600/1000
        Progress: 640/1000
        Progress: 680/1000
        Progress: 720/1000
        Progress: 760/1000
        Progress: 800/1000
        Progress: 840/1000
        Progress: 880/1000
        Progress: 920/1000
        Progress: 960/1000
        Progress: 1000/1000
   === [Elétrons] Concluído em 6m 38.12s ===
[SDSS J154451.23+433050.6] Calculating Electrons (1D Transport)...
   [SDSS J154451.23+433050.6] -> Transport approx 0 (sem IC)...
   [Transport] Executando paralelização para electron...
   -> [Fótons] Generating photon table (Sync + IC)...
      Calculando componente Síncrotron...
      Calculando componente Compton Inverso (IC)...
        Progress: 40/1000
        Progress: 80/1000
        Progress: 120/1000
        Progress: 160/1000
        Progress: 200/1000
        Progress: 240/1000
        Progress: 280/1000
        Progress: 320/1000
        Progress: 360/1000
        Progress: 400/1000
        Progress: 440/1000
        Progress: 480/1000
        Progress: 520/1000
        Progress: 560/1000
        Progress: 600/1000
        Progress: 640/1000
        Progress: 680/1000
        Progress: 720/1000
        Progress: 760/1000
        Progress: 800/1000
        Progress: 840/1000
        Progress: 880/1000
        Progress: 920/1000
        Progress: 960/1000
        Progress: 1000/1000
   -> [IC] Generating IC rate table...
   [SDSS J154451.23+433050.6] -> Transport approx 1 (com IC)...
   [Transport] Executando paralelização para electron...
   -> [Fótons] Generating photon table (Sync + IC)...
      Calculando componente Síncrotron...
      Calculando componente Compton Inverso (IC)...
        Progress: 40/1000
        Progress: 80/1000
        Progress: 120/1000
        Progress: 160/1000
        Progress: 200/1000
        Progress: 240/1000
        Progress: 280/1000
        Progress: 320/1000
        Progress: 360/1000
        Progress: 400/1000
        Progress: 440/1000
        Progress: 480/1000
        Progress: 520/1000
        Progress: 560/1000
        Progress: 600/1000
        Progress: 640/1000
        Progress: 680/1000
        Progress: 720/1000
        Progress: 760/1000
        Progress: 800/1000
        Progress: 840/1000
        Progress: 880/1000
        Progress: 920/1000
        Progress: 960/1000
        Progress: 1000/1000
   === [Elétrons] Concluído em 7m 47.28s ===
[SDSS J155951.61+255626.3] Calculating Electrons (1D Transport)...
   [SDSS J155951.61+255626.3] -> Transport approx 0 (sem IC)...
   [Transport] Executando paralelização para electron...
   -> [Fótons] Generating photon table (Sync + IC)...
      Calculando componente Síncrotron...
      Calculando componente Compton Inverso (IC)...
        Progress: 40/1000
        Progress: 80/1000
        Progress: 120/1000
        Progress: 160/1000
        Progress: 200/1000
        Progress: 240/1000
        Progress: 280/1000
        Progress: 320/1000
        Progress: 360/1000
        Progress: 400/1000
        Progress: 440/1000
        Progress: 480/1000
        Progress: 520/1000
        Progress: 560/1000
        Progress: 600/1000
        Progress: 640/1000
        Progress: 680/1000
        Progress: 720/1000
        Progress: 760/1000
        Progress: 800/1000
        Progress: 840/1000
        Progress: 880/1000
        Progress: 920/1000
        Progress: 960/1000
        Progress: 1000/1000
   -> [IC] Generating IC rate table...
   [SDSS J155951.61+255626.3] -> Transport approx 1 (com IC)...
   [Transport] Executando paralelização para electron...
   -> [Fótons] Generating photon table (Sync + IC)...
      Calculando componente Síncrotron...
      Calculando componente Compton Inverso (IC)...
        Progress: 40/1000
        Progress: 80/1000
        Progress: 120/1000
        Progress: 160/1000
        Progress: 200/1000
        Progress: 240/1000
        Progress: 280/1000
        Progress: 320/1000
        Progress: 360/1000
        Progress: 400/1000
        Progress: 440/1000
        Progress: 480/1000
        Progress: 520/1000
        Progress: 560/1000
        Progress: 600/1000
        Progress: 640/1000
        Progress: 680/1000
        Progress: 720/1000
        Progress: 760/1000
        Progress: 800/1000
        Progress: 840/1000
        Progress: 880/1000
        Progress: 920/1000
        Progress: 960/1000
        Progress: 1000/1000
   === [Elétrons] Concluído em 7m 54.81s ===
[SDSS J155953.99+444232.4] Calculating Electrons (1D Transport)...
   [SDSS J155953.99+444232.4] -> Transport approx 0 (sem IC)...
   [Transport] Executando paralelização para electron...
   -> [Fótons] Generating photon table (Sync + IC)...
      Calculando componente Síncrotron...
      Calculando componente Compton Inverso (IC)...
        Progress: 40/1000
        Progress: 80/1000
        Progress: 120/1000
        Progress: 160/1000
        Progress: 200/1000
        Progress: 240/1000
        Progress: 280/1000
        Progress: 320/1000
        Progress: 360/1000
        Progress: 400/1000
        Progress: 440/1000
        Progress: 480/1000
        Progress: 520/1000
        Progress: 560/1000
        Progress: 600/1000
        Progress: 640/1000
        Progress: 680/1000
        Progress: 720/1000
        Progress: 760/1000
        Progress: 800/1000
        Progress: 840/1000
        Progress: 880/1000
        Progress: 920/1000
        Progress: 960/1000
        Progress: 1000/1000
   -> [IC] Generating IC rate table...
   [SDSS J155953.99+444232.4] -> Transport approx 1 (com IC)...
   [Transport] Executando paralelização para electron...
   -> [Fótons] Generating photon table (Sync + IC)...
      Calculando componente Síncrotron...
      Calculando componente Compton Inverso (IC)...
        Progress: 40/1000
        Progress: 80/1000
        Progress: 120/1000
        Progress: 160/1000
        Progress: 200/1000
        Progress: 240/1000
        Progress: 280/1000
        Progress: 320/1000
        Progress: 360/1000
        Progress: 400/1000
        Progress: 440/1000
        Progress: 480/1000
        Progress: 520/1000
        Progress: 560/1000
        Progress: 600/1000
        Progress: 640/1000
        Progress: 680/1000
        Progress: 720/1000
        Progress: 760/1000
        Progress: 800/1000
        Progress: 840/1000
        Progress: 880/1000
        Progress: 920/1000
        Progress: 960/1000
        Progress: 1000/1000
   === [Elétrons] Concluído em 8m 14.98s ===
[SDSS J160426.51+174431.1] Calculating Electrons (1D Transport)...
   [SDSS J160426.51+174431.1] -> Transport approx 0 (sem IC)...
   [Transport] Executando paralelização para electron...
   -> [Fótons] Generating photon table (Sync + IC)...
      Calculando componente Síncrotron...
      Calculando componente Compton Inverso (IC)...
        Progress: 40/1000
        Progress: 80/1000
        Progress: 120/1000
        Progress: 160/1000
        Progress: 200/1000
        Progress: 240/1000
        Progress: 280/1000
        Progress: 320/1000
        Progress: 360/1000
        Progress: 400/1000
        Progress: 440/1000
        Progress: 480/1000
        Progress: 520/1000
        Progress: 560/1000
        Progress: 600/1000
        Progress: 640/1000
        Progress: 680/1000
        Progress: 720/1000
        Progress: 760/1000
        Progress: 800/1000
        Progress: 840/1000
        Progress: 880/1000
        Progress: 920/1000
        Progress: 960/1000
        Progress: 1000/1000
   -> [IC] Generating IC rate table...
   [SDSS J160426.51+174431.1] -> Transport approx 1 (com IC)...
   [Transport] Executando paralelização para electron...
   -> [Fótons] Generating photon table (Sync + IC)...
      Calculando componente Síncrotron...
      Calculando componente Compton Inverso (IC)...
        Progress: 40/1000
        Progress: 80/1000
        Progress: 120/1000
        Progress: 160/1000
        Progress: 200/1000
        Progress: 240/1000
        Progress: 280/1000
        Progress: 320/1000
        Progress: 360/1000
        Progress: 400/1000
        Progress: 440/1000
        Progress: 480/1000
        Progress: 520/1000
        Progress: 560/1000
        Progress: 600/1000
        Progress: 640/1000
        Progress: 680/1000
        Progress: 720/1000
        Progress: 760/1000
        Progress: 800/1000
        Progress: 840/1000
        Progress: 880/1000
        Progress: 920/1000
        Progress: 960/1000
        Progress: 1000/1000
   === [Elétrons] Concluído em 8m 1.61s ===
[SDSS J160523.84+143851.6] Calculating Electrons (1D Transport)...
   [SDSS J160523.84+143851.6] -> Transport approx 0 (sem IC)...
   [Transport] Executando paralelização para electron...
   -> [Fótons] Generating photon table (Sync + IC)...
      Calculando componente Síncrotron...
      Calculando componente Compton Inverso (IC)...
        Progress: 40/1000
        Progress: 80/1000
        Progress: 120/1000
        Progress: 160/1000
        Progress: 200/1000
        Progress: 240/1000
        Progress: 280/1000
        Progress: 320/1000
        Progress: 360/1000
        Progress: 400/1000
        Progress: 440/1000
        Progress: 480/1000
        Progress: 520/1000
        Progress: 560/1000
        Progress: 600/1000
        Progress: 640/1000
        Progress: 680/1000
        Progress: 720/1000
        Progress: 760/1000
        Progress: 800/1000
        Progress: 840/1000
        Progress: 880/1000
        Progress: 920/1000
        Progress: 960/1000
        Progress: 1000/1000
   -> [IC] Generating IC rate table...
   [SDSS J160523.84+143851.6] -> Transport approx 1 (com IC)...
   [Transport] Executando paralelização para electron...
   -> [Fótons] Generating photon table (Sync + IC)...
      Calculando componente Síncrotron...
      Calculando componente Compton Inverso (IC)...
        Progress: 40/1000
        Progress: 80/1000
        Progress: 120/1000
        Progress: 160/1000
        Progress: 200/1000
        Progress: 240/1000
        Progress: 280/1000
        Progress: 320/1000
        Progress: 360/1000
        Progress: 400/1000
        Progress: 440/1000
        Progress: 480/1000
        Progress: 520/1000
        Progress: 560/1000
        Progress: 600/1000
        Progress: 640/1000
        Progress: 680/1000
        Progress: 720/1000
        Progress: 760/1000
        Progress: 800/1000
        Progress: 840/1000
        Progress: 880/1000
        Progress: 920/1000
        Progress: 960/1000
        Progress: 1000/1000
   === [Elétrons] Concluído em 7m 34.13s ===
[SDSS J160641.83+084436.8] Calculating Electrons (1D Transport)...
   [SDSS J160641.83+084436.8] -> Transport approx 0 (sem IC)...
   [Transport] Executando paralelização para electron...
   -> [Fótons] Generating photon table (Sync + IC)...
      Calculando componente Síncrotron...
      Calculando componente Compton Inverso (IC)...
        Progress: 40/1000
        Progress: 80/1000
        Progress: 120/1000
        Progress: 160/1000
        Progress: 200/1000
        Progress: 240/1000
        Progress: 280/1000
        Progress: 320/1000
        Progress: 360/1000
        Progress: 400/1000
        Progress: 440/1000
        Progress: 480/1000
        Progress: 520/1000
        Progress: 560/1000
        Progress: 600/1000
        Progress: 640/1000
        Progress: 680/1000
        Progress: 720/1000
        Progress: 760/1000
        Progress: 800/1000
        Progress: 840/1000
        Progress: 880/1000
        Progress: 920/1000
        Progress: 960/1000
        Progress: 1000/1000
   -> [IC] Generating IC rate table...
   [SDSS J160641.83+084436.8] -> Transport approx 1 (com IC)...
   [Transport] Executando paralelização para electron...
   -> [Fótons] Generating photon table (Sync + IC)...
      Calculando componente Síncrotron...
      Calculando componente Compton Inverso (IC)...
        Progress: 40/1000
        Progress: 80/1000
        Progress: 120/1000
        Progress: 160/1000
        Progress: 200/1000
        Progress: 240/1000
        Progress: 280/1000
        Progress: 320/1000
        Progress: 360/1000
        Progress: 400/1000
        Progress: 440/1000
        Progress: 480/1000
        Progress: 520/1000
        Progress: 560/1000
        Progress: 600/1000
        Progress: 640/1000
        Progress: 680/1000
        Progress: 720/1000
        Progress: 760/1000
        Progress: 800/1000
        Progress: 840/1000
        Progress: 880/1000
        Progress: 920/1000
        Progress: 960/1000
        Progress: 1000/1000
   === [Elétrons] Concluído em 7m 59.60s ===
[SDSS J161238.84+293836.9] Calculating Electrons (1D Transport)...
   [SDSS J161238.84+293836.9] -> Transport approx 0 (sem IC)...
   [Transport] Executando paralelização para electron...
   -> [Fótons] Generating photon table (Sync + IC)...
      Calculando componente Síncrotron...
      Calculando componente Compton Inverso (IC)...
        Progress: 40/1000
        Progress: 80/1000
        Progress: 120/1000
        Progress: 160/1000
        Progress: 200/1000
        Progress: 240/1000
        Progress: 280/1000
        Progress: 320/1000
        Progress: 360/1000
        Progress: 400/1000
        Progress: 440/1000
        Progress: 480/1000
        Progress: 520/1000
        Progress: 560/1000
        Progress: 600/1000
        Progress: 640/1000
        Progress: 680/1000
        Progress: 720/1000
        Progress: 760/1000
        Progress: 800/1000
        Progress: 840/1000
        Progress: 880/1000
        Progress: 920/1000
        Progress: 960/1000
        Progress: 1000/1000
   -> [IC] Generating IC rate table...
   [SDSS J161238.84+293836.9] -> Transport approx 1 (com IC)...
   [Transport] Executando paralelização para electron...
   -> [Fótons] Generating photon table (Sync + IC)...
      Calculando componente Síncrotron...
      Calculando componente Compton Inverso (IC)...
        Progress: 40/1000
        Progress: 80/1000
        Progress: 120/1000
        Progress: 160/1000
        Progress: 200/1000
        Progress: 240/1000
        Progress: 280/1000
        Progress: 320/1000
        Progress: 360/1000
        Progress: 400/1000
        Progress: 440/1000
        Progress: 480/1000
        Progress: 520/1000
        Progress: 560/1000
        Progress: 600/1000
        Progress: 640/1000
        Progress: 680/1000
        Progress: 720/1000
        Progress: 760/1000
        Progress: 800/1000
        Progress: 840/1000
        Progress: 880/1000
        Progress: 920/1000
        Progress: 960/1000
        Progress: 1000/1000
   === [Elétrons] Concluído em 7m 39.36s ===
[SDSS J161256.85+095201.5] Calculating Electrons (1D Transport)...
   [SDSS J161256.85+095201.5] -> Transport approx 0 (sem IC)...
   [Transport] Executando paralelização para electron...
   -> [Fótons] Generating photon table (Sync + IC)...
      Calculando componente Síncrotron...
      Calculando componente Compton Inverso (IC)...
        Progress: 40/1000
        Progress: 80/1000
        Progress: 120/1000
        Progress: 160/1000
        Progress: 200/1000
        Progress: 240/1000
        Progress: 280/1000
        Progress: 320/1000
        Progress: 360/1000
        Progress: 400/1000
        Progress: 440/1000
        Progress: 480/1000
        Progress: 520/1000
        Progress: 560/1000
        Progress: 600/1000
        Progress: 640/1000
        Progress: 680/1000
        Progress: 720/1000
        Progress: 760/1000
        Progress: 800/1000
        Progress: 840/1000
        Progress: 880/1000
        Progress: 920/1000
        Progress: 960/1000
        Progress: 1000/1000
   -> [IC] Generating IC rate table...
   [SDSS J161256.85+095201.5] -> Transport approx 1 (com IC)...
   [Transport] Executando paralelização para electron...
   -> [Fótons] Generating photon table (Sync + IC)...
      Calculando componente Síncrotron...
      Calculando componente Compton Inverso (IC)...
        Progress: 40/1000
        Progress: 80/1000
        Progress: 120/1000
        Progress: 160/1000
        Progress: 200/1000
        Progress: 240/1000
        Progress: 280/1000
        Progress: 320/1000
        Progress: 360/1000
        Progress: 400/1000
        Progress: 440/1000
        Progress: 480/1000
        Progress: 520/1000
        Progress: 560/1000
        Progress: 600/1000
        Progress: 640/1000
        Progress: 680/1000
        Progress: 720/1000
        Progress: 760/1000
        Progress: 800/1000
        Progress: 840/1000
        Progress: 880/1000
        Progress: 920/1000
        Progress: 960/1000
        Progress: 1000/1000
   === [Elétrons] Concluído em 7m 42.75s ===
[SDSS J162146.06+254914.4] Calculating Electrons (1D Transport)...
   [SDSS J162146.06+254914.4] -> Transport approx 0 (sem IC)...
   [Transport] Executando paralelização para electron...
   -> [Fótons] Generating photon table (Sync + IC)...
      Calculando componente Síncrotron...
      Calculando componente Compton Inverso (IC)...
        Progress: 40/1000
        Progress: 80/1000
        Progress: 120/1000
        Progress: 160/1000
        Progress: 200/1000
        Progress: 240/1000
        Progress: 280/1000
        Progress: 320/1000
        Progress: 360/1000
        Progress: 400/1000
        Progress: 440/1000
        Progress: 480/1000
        Progress: 520/1000
        Progress: 560/1000
        Progress: 600/1000
        Progress: 640/1000
        Progress: 680/1000
        Progress: 720/1000
        Progress: 760/1000
        Progress: 800/1000
        Progress: 840/1000
        Progress: 880/1000
        Progress: 920/1000
        Progress: 960/1000
        Progress: 1000/1000
   -> [IC] Generating IC rate table...
   [SDSS J162146.06+254914.4] -> Transport approx 1 (com IC)...
   [Transport] Executando paralelização para electron...
   -> [Fótons] Generating photon table (Sync + IC)...
      Calculando componente Síncrotron...
      Calculando componente Compton Inverso (IC)...
        Progress: 40/1000
        Progress: 80/1000
        Progress: 120/1000
        Progress: 160/1000
        Progress: 200/1000
        Progress: 240/1000
        Progress: 280/1000
        Progress: 320/1000
        Progress: 360/1000
        Progress: 400/1000
        Progress: 440/1000
        Progress: 480/1000
        Progress: 520/1000
        Progress: 560/1000
        Progress: 600/1000
        Progress: 640/1000
        Progress: 680/1000
        Progress: 720/1000
        Progress: 760/1000
        Progress: 800/1000
        Progress: 840/1000
        Progress: 880/1000
        Progress: 920/1000
        Progress: 960/1000
        Progress: 1000/1000
   === [Elétrons] Concluído em 7m 58.01s ===
[SDSS J162846.13+252940.9] Calculating Electrons (1D Transport)...
   [SDSS J162846.13+252940.9] -> Transport approx 0 (sem IC)...
   [Transport] Executando paralelização para electron...
   -> [Fótons] Generating photon table (Sync + IC)...
      Calculando componente Síncrotron...
      Calculando componente Compton Inverso (IC)...
        Progress: 40/1000
        Progress: 80/1000
        Progress: 120/1000
        Progress: 160/1000
        Progress: 200/1000
        Progress: 240/1000
        Progress: 280/1000
        Progress: 320/1000
        Progress: 360/1000
        Progress: 400/1000
        Progress: 440/1000
        Progress: 480/1000
        Progress: 520/1000
        Progress: 560/1000
        Progress: 600/1000
        Progress: 640/1000
        Progress: 680/1000
        Progress: 720/1000
        Progress: 760/1000
        Progress: 800/1000
        Progress: 840/1000
        Progress: 880/1000
        Progress: 920/1000
        Progress: 960/1000
        Progress: 1000/1000
   -> [IC] Generating IC rate table...
   [SDSS J162846.13+252940.9] -> Transport approx 1 (com IC)...
   [Transport] Executando paralelização para electron...
   -> [Fótons] Generating photon table (Sync + IC)...
      Calculando componente Síncrotron...
      Calculando componente Compton Inverso (IC)...
        Progress: 40/1000
        Progress: 80/1000
        Progress: 120/1000
        Progress: 160/1000
        Progress: 200/1000
        Progress: 240/1000
        Progress: 280/1000
        Progress: 320/1000
        Progress: 360/1000
        Progress: 400/1000
        Progress: 440/1000
        Progress: 480/1000
        Progress: 520/1000
        Progress: 560/1000
        Progress: 600/1000
        Progress: 640/1000
        Progress: 680/1000
        Progress: 720/1000
        Progress: 760/1000
        Progress: 800/1000
        Progress: 840/1000
        Progress: 880/1000
        Progress: 920/1000
        Progress: 960/1000
        Progress: 1000/1000
   === [Elétrons] Concluído em 7m 43.34s ===
[SDSS J162944.98+404841.6] Calculating Electrons (1D Transport)...
   [SDSS J162944.98+404841.6] -> Transport approx 0 (sem IC)...
   [Transport] Executando paralelização para electron...
   -> [Fótons] Generating photon table (Sync + IC)...
      Calculando componente Síncrotron...
      Calculando componente Compton Inverso (IC)...
        Progress: 40/1000
        Progress: 80/1000
        Progress: 120/1000
        Progress: 160/1000
        Progress: 200/1000
        Progress: 240/1000
        Progress: 280/1000
        Progress: 320/1000
        Progress: 360/1000
        Progress: 400/1000
        Progress: 440/1000
        Progress: 480/1000
        Progress: 520/1000
        Progress: 560/1000
        Progress: 600/1000
        Progress: 640/1000
        Progress: 680/1000
        Progress: 720/1000
        Progress: 760/1000
        Progress: 800/1000
        Progress: 840/1000
        Progress: 880/1000
        Progress: 920/1000
        Progress: 960/1000
        Progress: 1000/1000
   -> [IC] Generating IC rate table...
   [SDSS J162944.98+404841.6] -> Transport approx 1 (com IC)...
   [Transport] Executando paralelização para electron...
   -> [Fótons] Generating photon table (Sync + IC)...
      Calculando componente Síncrotron...
      Calculando componente Compton Inverso (IC)...
        Progress: 40/1000
        Progress: 80/1000
        Progress: 120/1000
        Progress: 160/1000
        Progress: 200/1000
        Progress: 240/1000
        Progress: 280/1000
        Progress: 320/1000
        Progress: 360/1000
        Progress: 400/1000
        Progress: 440/1000
        Progress: 480/1000
        Progress: 520/1000
        Progress: 560/1000
        Progress: 600/1000
        Progress: 640/1000
        Progress: 680/1000
        Progress: 720/1000
        Progress: 760/1000
        Progress: 800/1000
        Progress: 840/1000
        Progress: 880/1000
        Progress: 920/1000
        Progress: 960/1000
        Progress: 1000/1000
   === [Elétrons] Concluído em 7m 26.67s ===
[SDSS J164925.86+360321.3] Calculating Electrons (1D Transport)...
   [SDSS J164925.86+360321.3] -> Transport approx 0 (sem IC)...
   [Transport] Executando paralelização para electron...
   -> [Fótons] Generating photon table (Sync + IC)...
      Calculando componente Síncrotron...
      Calculando componente Compton Inverso (IC)...
        Progress: 40/1000
        Progress: 80/1000
        Progress: 120/1000
        Progress: 160/1000
        Progress: 200/1000
        Progress: 240/1000
        Progress: 280/1000
        Progress: 320/1000
        Progress: 360/1000
        Progress: 400/1000
        Progress: 440/1000
        Progress: 480/1000
        Progress: 520/1000
        Progress: 560/1000
        Progress: 600/1000
        Progress: 640/1000
        Progress: 680/1000
        Progress: 720/1000
        Progress: 760/1000
        Progress: 800/1000
        Progress: 840/1000
        Progress: 880/1000
        Progress: 920/1000
        Progress: 960/1000
        Progress: 1000/1000
   -> [IC] Generating IC rate table...
   [SDSS J164925.86+360321.3] -> Transport approx 1 (com IC)...
   [Transport] Executando paralelização para electron...
   -> [Fótons] Generating photon table (Sync + IC)...
      Calculando componente Síncrotron...
      Calculando componente Compton Inverso (IC)...
        Progress: 40/1000
        Progress: 80/1000
        Progress: 120/1000
        Progress: 160/1000
        Progress: 200/1000
        Progress: 240/1000
        Progress: 280/1000
        Progress: 320/1000
        Progress: 360/1000
        Progress: 400/1000
        Progress: 440/1000
        Progress: 480/1000
        Progress: 520/1000
        Progress: 560/1000
        Progress: 600/1000
        Progress: 640/1000
        Progress: 680/1000
        Progress: 720/1000
        Progress: 760/1000
        Progress: 800/1000
        Progress: 840/1000
        Progress: 880/1000
        Progress: 920/1000
        Progress: 960/1000
        Progress: 1000/1000
   === [Elétrons] Concluído em 7m 52.04s ===
[SDSS J165830.05+252324.9] Calculating Electrons (1D Transport)...
   [SDSS J165830.05+252324.9] -> Transport approx 0 (sem IC)...
   [Transport] Executando paralelização para electron...
   -> [Fótons] Generating photon table (Sync + IC)...
      Calculando componente Síncrotron...
      Calculando componente Compton Inverso (IC)...
        Progress: 40/1000
        Progress: 80/1000
        Progress: 120/1000
        Progress: 160/1000
        Progress: 200/1000
        Progress: 240/1000
        Progress: 280/1000
        Progress: 320/1000
        Progress: 360/1000
        Progress: 400/1000
        Progress: 440/1000
        Progress: 480/1000
        Progress: 520/1000
        Progress: 560/1000
        Progress: 600/1000
        Progress: 640/1000
        Progress: 680/1000
        Progress: 720/1000
        Progress: 760/1000
        Progress: 800/1000
        Progress: 840/1000
        Progress: 880/1000
        Progress: 920/1000
        Progress: 960/1000
        Progress: 1000/1000
   -> [IC] Generating IC rate table...
   [SDSS J165830.05+252324.9] -> Transport approx 1 (com IC)...
   [Transport] Executando paralelização para electron...
   -> [Fótons] Generating photon table (Sync + IC)...
      Calculando componente Síncrotron...
      Calculando componente Compton Inverso (IC)...
        Progress: 40/1000
        Progress: 80/1000
        Progress: 120/1000
        Progress: 160/1000
        Progress: 200/1000
        Progress: 240/1000
        Progress: 280/1000
        Progress: 320/1000
        Progress: 360/1000
        Progress: 400/1000
        Progress: 440/1000
        Progress: 480/1000
        Progress: 520/1000
        Progress: 560/1000
        Progress: 600/1000
        Progress: 640/1000
        Progress: 680/1000
        Progress: 720/1000
        Progress: 760/1000
        Progress: 800/1000
        Progress: 840/1000
        Progress: 880/1000
        Progress: 920/1000
        Progress: 960/1000
        Progress: 1000/1000
   === [Elétrons] Concluído em 7m 43.76s ===
[SDSS J170358.49+241039.5] Calculating Electrons (1D Transport)...
   [SDSS J170358.49+241039.5] -> Transport approx 0 (sem IC)...
   [Transport] Executando paralelização para electron...
   -> [Fótons] Generating photon table (Sync + IC)...
      Calculando componente Síncrotron...
      Calculando componente Compton Inverso (IC)...
        Progress: 40/1000
        Progress: 80/1000
        Progress: 120/1000
        Progress: 160/1000
        Progress: 200/1000
        Progress: 240/1000
        Progress: 280/1000
        Progress: 320/1000
        Progress: 360/1000
        Progress: 400/1000
        Progress: 440/1000
        Progress: 480/1000
        Progress: 520/1000
        Progress: 560/1000
        Progress: 600/1000
        Progress: 640/1000
        Progress: 680/1000
        Progress: 720/1000
        Progress: 760/1000
        Progress: 800/1000
        Progress: 840/1000
        Progress: 880/1000
        Progress: 920/1000
        Progress: 960/1000
        Progress: 1000/1000
   -> [IC] Generating IC rate table...
   [SDSS J170358.49+241039.5] -> Transport approx 1 (com IC)...
   [Transport] Executando paralelização para electron...
   -> [Fótons] Generating photon table (Sync + IC)...
      Calculando componente Síncrotron...
      Calculando componente Compton Inverso (IC)...
        Progress: 40/1000
        Progress: 80/1000
        Progress: 120/1000
        Progress: 160/1000
        Progress: 200/1000
        Progress: 240/1000
        Progress: 280/1000
        Progress: 320/1000
        Progress: 360/1000
        Progress: 400/1000
        Progress: 440/1000
        Progress: 480/1000
        Progress: 520/1000
        Progress: 560/1000
        Progress: 600/1000
        Progress: 640/1000
        Progress: 680/1000
        Progress: 720/1000
        Progress: 760/1000
        Progress: 800/1000
        Progress: 840/1000
        Progress: 880/1000
        Progress: 920/1000
        Progress: 960/1000
        Progress: 1000/1000
   === [Elétrons] Concluído em 7m 28.51s ===
[SDSS J171522.97+572440.2] Calculating Electrons (1D Transport)...
   [SDSS J171522.97+572440.2] -> Transport approx 0 (sem IC)...
   [Transport] Executando paralelização para electron...
   -> [Fótons] Generating photon table (Sync + IC)...
      Calculando componente Síncrotron...
      Calculando componente Compton Inverso (IC)...
        Progress: 40/1000
        Progress: 80/1000
        Progress: 120/1000
        Progress: 160/1000
        Progress: 200/1000
        Progress: 240/1000
        Progress: 280/1000
        Progress: 320/1000
        Progress: 360/1000
        Progress: 400/1000
        Progress: 440/1000
        Progress: 480/1000
        Progress: 520/1000
        Progress: 560/1000
        Progress: 600/1000
        Progress: 640/1000
        Progress: 680/1000
        Progress: 720/1000
        Progress: 760/1000
        Progress: 800/1000
        Progress: 840/1000
        Progress: 880/1000
        Progress: 920/1000
        Progress: 960/1000
        Progress: 1000/1000
   -> [IC] Generating IC rate table...
   [SDSS J171522.97+572440.2] -> Transport approx 1 (com IC)...
   [Transport] Executando paralelização para electron...
   -> [Fótons] Generating photon table (Sync + IC)...
      Calculando componente Síncrotron...
      Calculando componente Compton Inverso (IC)...
        Progress: 40/1000
        Progress: 80/1000
        Progress: 120/1000
        Progress: 160/1000
        Progress: 200/1000
        Progress: 240/1000
        Progress: 280/1000
        Progress: 320/1000
        Progress: 360/1000
        Progress: 400/1000
        Progress: 440/1000
        Progress: 480/1000
        Progress: 520/1000
        Progress: 560/1000
        Progress: 600/1000
        Progress: 640/1000
        Progress: 680/1000
        Progress: 720/1000
        Progress: 760/1000
        Progress: 800/1000
        Progress: 840/1000
        Progress: 880/1000
        Progress: 920/1000
        Progress: 960/1000
        Progress: 1000/1000
   === [Elétrons] Concluído em 7m 29.45s ===
[SDSS J172215.41+304239.8] Calculating Electrons (1D Transport)...
   [SDSS J172215.41+304239.8] -> Transport approx 0 (sem IC)...
   [Transport] Executando paralelização para electron...
   -> [Fótons] Generating photon table (Sync + IC)...
      Calculando componente Síncrotron...
      Calculando componente Compton Inverso (IC)...
        Progress: 40/1000
        Progress: 80/1000
        Progress: 120/1000
        Progress: 160/1000
        Progress: 200/1000
        Progress: 240/1000
        Progress: 280/1000
        Progress: 320/1000
        Progress: 360/1000
        Progress: 400/1000
        Progress: 440/1000
        Progress: 480/1000
        Progress: 520/1000
        Progress: 560/1000
        Progress: 600/1000
        Progress: 640/1000
        Progress: 680/1000
        Progress: 720/1000
        Progress: 760/1000
        Progress: 800/1000
        Progress: 840/1000
        Progress: 880/1000
        Progress: 920/1000
        Progress: 960/1000
        Progress: 1000/1000
   -> [IC] Generating IC rate table...
   [SDSS J172215.41+304239.8] -> Transport approx 1 (com IC)...
   [Transport] Executando paralelização para electron...
   -> [Fótons] Generating photon table (Sync + IC)...
      Calculando componente Síncrotron...
      Calculando componente Compton Inverso (IC)...
        Progress: 40/1000
        Progress: 80/1000
        Progress: 120/1000
        Progress: 160/1000
        Progress: 200/1000
        Progress: 240/1000
        Progress: 280/1000
        Progress: 320/1000
        Progress: 360/1000
        Progress: 400/1000
        Progress: 440/1000
        Progress: 480/1000
        Progress: 520/1000
        Progress: 560/1000
        Progress: 600/1000
        Progress: 640/1000
        Progress: 680/1000
        Progress: 720/1000
        Progress: 760/1000
        Progress: 800/1000
        Progress: 840/1000
        Progress: 880/1000
        Progress: 920/1000
        Progress: 960/1000
        Progress: 1000/1000
   === [Elétrons] Concluído em 7m 33.32s ===
=== [data2_iron] Parâmetros salvos em 'data2_iron/all_calculated_parameters.csv' ===

=== [data2_iron] Calculando núcleos de oxigênio (104 fontes) ===
[SDSS J010852.48-003919.4] Calculating iron nuclei (Z=26, A=56)
   [SDSS J010852.48-003919.4] -> Transporte de oxigênio (sync + adiabático + O-p + p-gamma + fotodesintegração)...
Finalizado em Fri Aug 14 07:58:27 PM -03 2026
