E_prime_GeV_total,rate_acc,rate_acc_2,rate_sync,rate_Op,rate_pg,rate_photodisintegration,t_ad_val,Shear,ESC
157.6352446283938,5.912943495091554,591.2943495091554,2.5918280156261853e-15,1.7581708456939382e-09,4.417518974950005e-12,3.491977952619302e-13,4.066304325160061e-06,6.185157962368834e-12,5820384898660.289
157.6352446283938,5.912943495091554,591.2943495091554,2.5918280156261853e-15,1.7581708456939382e-09,4.417518974950005e-12,3.491977952619302e-13,4.066304325160061e-06,6.185157962368834e-12,5820384898660.289
157.6352446283938,5.912943495091554,591.2943495091554,2.5918280156261853e-15,1.7581708456939382e-09,4.417518974950005e-12,3.491977952619302e-13,4.066304325160061e-06,6.185157962368834e-12,5820384898660.289
157.6352446283938,5.912943495091554,591.2943495091554,2.5918280156261853e-15,1.7581708456939382e-09,4.417518974950005e-12,3.491977952619302e-13,4.066304325160061e-06,6.185157962368834e-12,5820384898660.289
157.6352446283938,5.912943495091554,591.2943495091554,2.5918280156261853e-15,1.7581708456939382e-09,4.417518974950005e-12,3.491977952619302e-13,4.066304325160061e-06,6.185157962368834e-12,5820384898660.289
157.6352446283938,5.912943495091554,591.2943495091554,2.5918280156261853e-15,1.7581708456939382e-09,4.417518974950005e-12,3.491977952619302e-13,4.066304325160061e-06,6.185157962368834e-12,5820384898660.289
157.6352446283938,5.912943495091554,591.2943495091554,2.5918280156261853e-15,1.7581708456939382e-09,4.417518974950005e-12,3.491977952619302e-13,4.066304325160061e-06,6.185157962368834e-12,5820384898660.289
157.6352446283938,5.912943495091554,591.2943495091554,2.5918280156261853e-15,1.7581708456939382e-09,4.417518974950005e-12,3.491977952619302e-13,4.066304325160061e-06,6.185157962368834e-12,5820384898660.289
157.6352446283938,5.912943495091554,591.2943495091554,2.5918280156261853e-15,1.7581708456939382e-09,4.417518974950005e-12,3.491977952619302e-13,4.066304325160061e-06,6.185157962368834e-12,5820384898660.289
157.6352446283938,5.912943495091554,591.2943495091554,2.5918280156261853e-15,1.7581708456939382e-09,4.417518974950005e-12,3.491977952619302e-13,4.066304325160061e-06,6.185157962368834e-12,5820384898660.289
157.6352446283938,5.912943495091554,591.2943495091554,2.5918280156261853e-15,1.7581708456939382e-09,4.417518974950005e-12,3.491977952619302e-13,4.066304325160061e-06,6.185157962368834e-12,5820384898660.289
157.6352446283938,5.912943495091554,591.2943495091554,2.5918280156261853e-15,1.7581708456939382e-09,4.417518974950005e-12,3.491977952619302e-13,4.066304325160061e-06,6.185157962368834e-12,5820384898660.289
157.6352446283938,5.912943495091554,591.2943495091554,2.5918280156261853e-15,1.7581708456939382e-09,4.417518974950005e-12,3.491977952619302e-13,4.066304325160061e-06,6.185157962368834e-12,5820384898660.289
157.6352446283938,5.912943495091554,591.2943495091554,2.5918280156261853e-15,1.7581708456939382e-09,4.417518974950005e-12,3.491977952619302e-13,4.066304325160061e-06,6.185157962368834e-12,5820384898660.289
157.6352446283938,5.912943495091554,591.2943495091554,2.5918280156261853e-15,1.7581708456939382e-09,4.417518974950005e-12,3.491977952619302e-13,4.066304325160061e-06,6.185157962368834e-12,5820384898660.289
157.6352446283938,5.912943495091554,591.2943495091554,2.5918280156261853e-15,1.7581708456939382e-09,4.417518974950005e-12,3.491977952619302e-13,4.066304325160061e-06,6.185157962368834e-12,5820384898660.289
157.6352446283938,5.912943495091554,591.2943495091554,2.5918280156261853e-15,1.7581708456939382e-09,4.417518974950005e-12,3.491977952619302e-13,4.066304325160061e-06,6.185157962368834e-12,5820384898660.289
157.6352446283938,5.912943495091554,591.2943495091554,2.5918280156261853e-15,1.7581708456939382e-09,4.417518974950005e-12,3.491977952619302e-13,4.066304325160061e-06,6.185157962368834e-12,5820384898660.289
157.6352446283938,5.912943495091554,591.2943495091554,2.5918280156261853e-15,1.7581708456939382e-09,4.417518974950005e-12,3.491977952619302e-13,4.066304325160061e-06,6.185157962368834e-12,5820384898660.289
157.6352446283938,5.912943495091554,591.2943495091554,2.5918280156261853e-15,1.7581708456939382e-09,4.417518974950005e-12,3.491977952619302e-13,4.066304325160061e-06,6.185157962368834e-12,5820384898660.289
157.6352446283938,5.912943495091554,591.2943495091554,2.5918280156261853e-15,1.7581708456939382e-09,4.417518974950005e-12,3.491977952619302e-13,4.066304325160061e-06,6.185157962368834e-12,5820384898660.289
157.6352446283938,5.912943495091554,591.2943495091554,2.5918280156261853e-15,1.7581708456939382e-09,4.417518974950005e-12,3.491977952619302e-13,4.066304325160061e-06,6.185157962368834e-12,5820384898660.289
157.6352446283938,5.912943495091554,591.2943495091554,2.5918280156261853e-15,1.7581708456939382e-09,4.417518974950005e-12,3.491977952619302e-13,4.066304325160061e-06,6.185157962368834e-12,5820384898660.289
157.6352446283938,5.912943495091554,591.2943495091554,2.5918280156261853e-15,1.7581708456939382e-09,4.417518974950005e-12,3.491977952619302e-13,4.066304325160061e-06,6.185157962368834e-12,5820384898660.289
157.6352446283938,5.912943495091554,591.2943495091554,2.5918280156261853e-15,1.7581708456939382e-09,4.417518974950005e-12,3.491977952619302e-13,4.066304325160061e-06,6.185157962368834e-12,5820384898660.289
157.6352446283938,5.912943495091554,591.2943495091554,2.5918280156261853e-15,1.7581708456939382e-09,4.417518974950005e-12,3.491977952619302e-13,4.066304325160061e-06,6.185157962368834e-12,5820384898660.289
157.6352446283938,5.912943495091554,591.2943495091554,2.5918280156261853e-15,1.7581708456939382e-09,4.417518974950005e-12,3.491977952619302e-13,4.066304325160061e-06,6.185157962368834e-12,5820384898660.289
157.6352446283938,5.912943495091554,591.2943495091554,2.5918280156261853e-15,1.7581708456939382e-09,4.417518974950005e-12,3.491977952619302e-13,4.066304325160061e-06,6.185157962368834e-12,5820384898660.289
157.6352446283938,5.912943495091554,591.2943495091554,2.5918280156261853e-15,1.7581708456939382e-09,4.417518974950005e-12,3.491977952619302e-13,4.066304325160061e-06,6.185157962368834e-12,5820384898660.289
157.6352446283938,5.912943495091554,591.2943495091554,2.5918280156261853e-15,1.7581708456939382e-09,4.417518974950005e-12,3.491977952619302e-13,4.066304325160061e-06,6.185157962368834e-12,5820384898660.289
157.6352446283938,5.912943495091554,591.2943495091554,2.5918280156261853e-15,1.7581708456939382e-09,4.417518974950005e-12,3.491977952619302e-13,4.066304325160061e-06,6.185157962368834e-12,5820384898660.289
157.6352446283938,5.912943495091554,591.2943495091554,2.5918280156261853e-15,1.7581708456939382e-09,4.417518974950005e-12,3.491977952619302e-13,4.066304325160061e-06,6.185157962368834e-12,5820384898660.289
157.6352446283938,5.912943495091554,591.2943495091554,2.5918280156261853e-15,1.7581708456939382e-09,4.417518974950005e-12,3.491977952619302e-13,4.066304325160061e-06,6.185157962368834e-12,5820384898660.289
157.6352446283938,5.912943495091554,591.2943495091554,2.5918280156261853e-15,1.7581708456939382e-09,4.417518974950005e-12,3.491977952619302e-13,4.066304325160061e-06,6.185157962368834e-12,5820384898660.289
157.6352446283938,5.912943495091554,591.2943495091554,2.5918280156261853e-15,1.7581708456939382e-09,4.417518974950005e-12,3.491977952619302e-13,4.066304325160061e-06,6.185157962368834e-12,5820384898660.289
157.6352446283938,5.912943495091554,591.2943495091554,2.5918280156261853e-15,1.7581708456939382e-09,4.417518974950005e-12,3.491977952619302e-13,4.066304325160061e-06,6.185157962368834e-12,5820384898660.289
157.6352446283938,5.912943495091554,591.2943495091554,2.5918280156261853e-15,1.7581708456939382e-09,4.417518974950005e-12,3.491977952619302e-13,4.066304325160061e-06,6.185157962368834e-12,5820384898660.289
157.6352446283938,5.912943495091554,591.2943495091554,2.5918280156261853e-15,1.7581708456939382e-09,4.417518974950005e-12,3.491977952619302e-13,4.066304325160061e-06,6.185157962368834e-12,5820384898660.289
157.6352446283938,5.912943495091554,591.2943495091554,2.5918280156261853e-15,1.7581708456939382e-09,4.417518974950005e-12,3.491977952619302e-13,4.066304325160061e-06,6.185157962368834e-12,5820384898660.289
157.6352446283938,5.912943495091554,591.2943495091554,2.5918280156261853e-15,1.7581708456939382e-09,4.417518974950005e-12,3.491977952619302e-13,4.066304325160061e-06,6.185157962368834e-12,5820384898660.289
157.6352446283938,5.912943495091554,591.2943495091554,2.5918280156261853e-15,1.7581708456939382e-09,4.417518974950005e-12,3.491977952619302e-13,4.066304325160061e-06,6.185157962368834e-12,5820384898660.289
138.29195419423903,6.740003782240687,674.0003782240688,2.273786944418903e-15,1.6782478631310094e-09,3.5264568079150094e-12,2.986965692756402e-13,4.066304325160061e-06,5.42618234667283e-12,6634498750686.862
106.9980525005307,8.711264107521993,871.1264107521994,1.7592547322907821e-15,1.3317055127984868e-09,2.268489880259936e-12,2.1998451940534557e-13,4.066304325160061e-06,4.198298787442681e-12,8574901840640.257
94.0644214350279,9.909041910882726,990.9041910882727,1.54660084629995e-15,1.0028874987687678e-09,1.8215048359114863e-12,1.8933471913425587e-13,4.066304325160061e-06,3.690819946935166e-12,9753930161208.262
86.01977407219596,10.835744506144948,1083.574450614495,1.414331299220087e-15,7.005199576538138e-10,1.5653202978940277e-12,1.7172029461644147e-13,4.066304325160061e-06,3.375170900251688e-12,10666126564825.344
80.60663084810464,11.563419591113497,1156.34195911135,1.3253287649589779e-15,4.5380568941400503e-10,1.403418745031753e-12,1.5876309723467217e-13,4.066304325160061e-06,3.162774579918256e-12,11382410946571.617
76.95444140297124,12.112209215342816,1211.2209215342816,1.2652797134630031e-15,2.7855103327771855e-10,1.2990593343763327e-12,1.5111824714233579e-13,4.066304325160061e-06,3.019473069650688e-12,11922610061286.191
74.63324322651167,12.488915850725418,1248.8915850725418,1.2271147302592105e-15,1.7242002099718613e-10,1.2347003880995519e-12,1.463608411154924e-13,4.066304325160061e-06,2.928395865328712e-12,12293419897981.932
73.40341097068013,12.698160507758084,1269.8160507758087,1.2068939116047335e-15,1.2115654425532283e-10,1.2012492204721419e-12,1.4381560506425171e-13,4.066304325160061e-06,2.8801407508873547e-12,12499389131905.656
73.12333295330848,12.746797180563341,1274.6797180563342,1.2022888878126483e-15,1.1020628569669533e-10,1.1937427911331745e-12,1.4325570655193795e-13,4.066304325160061e-06,2.8691512873107635e-12,12547264467794.086
73.70836590530256,12.645624182201178,1264.562418220118,1.211907959985355e-15,1.3341385094911414e-10,1.209496926963048e-12,1.4444529826128273e-13,4.066304325160061e-06,2.892106313832939e-12,12447675186701.148
75.11025196299532,12.409601485318413,1240.9601485318415,1.2349576755969189e-15,1.9343333524156558e-10,1.2478383068151349e-12,1.4739807227419101e-13,4.066304325160061e-06,2.9471123293500448e-12,12215347084493.188
77.30591424612874,12.05714082049425,1205.7140820494253,1.2710586061451241e-15,2.9524181849819e-10,1.308926365640534e-12,1.5182943043446958e-13,4.066304325160061e-06,3.033263862817133e-12,11868403682680.324
80.29101043125708,11.608874882956602,1160.8874882956604,1.3201393554419782e-15,4.3869920075787073e-10,1.3942085497347137e-12,1.5800434373139211e-13,4.066304325160061e-06,3.1503905338316537e-12,11427154701425.256
84.07609948807251,11.086245675025136,1108.6245675025136,1.382373533352007e-15,6.152704496975851e-10,1.5063285239779306e-12,1.6701288939098162e-13,4.066304325160061e-06,3.2989066462862424e-12,10912706499447.977
88.68434097134956,10.51017895733981,1051.0178957339813,1.4581419277062275e-15,8.099016393215318e-10,1.6481149913972927e-12,1.7792427269919966e-13,4.066304325160061e-06,3.47972091513837e-12,10345657274807.188
94.15014642096354,9.900019593756971,990.0019593756973,1.548010330712595e-15,1.0056653494413318e-09,1.8243753033724526e-12,1.8951733875940017e-13,4.066304325160061e-06,3.694183551188668e-12,9745049075435.457
100.51845495005709,9.27280761314664,927.280761314664,1.6527176282256966e-15,1.1881422530211087e-09,2.039019542184359e-12,2.0345391941346668e-13,4.066304325160061e-06,3.944057837224124e-12,9127655193144.238
107.84444039496618,8.642896109516403,864.2896109516405,1.7731709847256746e-15,1.3478200194625993e-09,2.299285096774302e-12,2.2212834958539792e-13,4.066304325160061e-06,4.2315086374153885e-12,8507604044969.845
116.19353364129194,8.021860297321991,802.1860297321991,1.9104462104019806e-15,1.480389221283278e-09,2.6132359489662185e-12,2.417071001648442e-13,4.066304325160061e-06,4.559103273328239e-12,7896289652091.884
125.64168865112634,7.418622786189932,741.8622786189933,2.0657921351550096e-15,1.585701685970505e-09,2.989437462872994e-12,2.6409709389852466e-13,4.066304325160061e-06,4.929821962074106e-12,7302494953560.93
136.2758482593395,6.839717427763266,683.9717427763267,2.240638267187101e-15,1.6662691398821573e-09,3.4385792433313883e-12,2.9331167010362053e-13,4.066304325160061e-06,5.347076092829541e-12,6732651523002.674
148.19458335688333,6.289624581473162,628.9624581473163,2.4366053024111317e-15,1.72589308455262e-09,3.971644472066744e-12,3.2478533699183596e-13,4.066304325160061e-06,5.814733306568272e-12,6191169586287.77
161.50889069677223,5.771126842005205,577.1126842005206,2.655518241922412e-15,1.76867669965591e-09,4.6062738961734546e-12,3.6081066263303874e-13,4.066304325160061e-06,6.337148799695285e-12,5680788180598.035
176.34314256327315,5.285650923387549,528.565092338755,2.8994220063951874e-15,1.798437330973687e-09,5.3603117501570226e-12,4.06513341349705e-13,4.066304325160061e-06,6.91920258636062e-12,5202911686812.652
192.83618730665881,4.833575623647694,483.3575623647694,3.170599531000516e-15,1.8184316203140777e-09,6.2511798503128685e-12,4.570341287758598e-13,4.066304325160061e-06,7.566342680308128e-12,4757912973422.71
211.1426040988573,4.414496535650483,441.4496535650483,3.4715923960136697e-15,1.8312836179464374e-09,7.297651306556049e-12,5.179740598859498e-13,4.066304325160061e-06,8.28463432791289e-12,4345393963703.0796
231.4341187324637,4.027445475315223,402.7445475315223,3.805224105285599e-15,1.839024435833617e-09,8.532803283762677e-12,5.888639317694298e-13,4.066304325160061e-06,9.080815560101418e-12,3964401629097.5015
253.90119020440338,3.671067053967917,367.10670539679177,4.17462617274406e-15,1.8431808047340732e-09,9.987766715022205e-12,6.7386691548162e-13,4.066304325160061e-06,9.962359445375072e-12,3613601797585.475
278.7547804203989,3.343757165049923,334.37571650499234,4.583267219754606e-15,1.8448754471283546e-09,1.169536591543186e-11,7.761014078569362e-13,4.066304325160061e-06,1.0937543527972221e-11,3291415472581.371
306.22832178121257,3.043769070414608,304.3769070414608,5.034985326040308e-15,1.8449203639070435e-09,1.3688713335233891e-11,8.934475261517018e-13,4.066304325160061e-06,1.2015527030347538e-11,2996123258603.225
336.5798997759256,2.7692928037091775,276.9292803709178,5.534023915732647e-15,1.8438953846251594e-09,1.602128438490161e-11,1.0374808165732334e-12,4.066304325160061e-06,1.3206436491915012e-11,2725943521709.2227
370.094670092428,2.518513152566736,251.85131525667364,6.08507149933846e-15,1.8422104975845515e-09,1.874757410479295e-11,1.214215920907827e-12,4.066304325160061e-06,1.4521460609578223e-11,2479089464062.226
407.0875322237158,2.289650801219812,228.96508012198123,6.693305632993611e-15,1.840153403056926e-09,2.1930280623225108e-11,1.4146068429154965e-12,4.066304325160061e-06,1.597295514242544e-11,2253809622515.0684
447.9060841521014,2.0809904739005627,208.0990473900563,7.364441499180645e-15,1.8379248074604192e-09,2.5607567689499793e-11,1.6636079277238317e-12,4.066304325160061e-06,1.757455884512141e-11,2048415571466.4434
492.9338854763338,1.8908992093775978,189.08992093775979,8.104785558843899e-15,1.8356641000612561e-09,2.988426806296456e-11,1.9654362288579982e-12,4.066304325160061e-06,1.9341321503720237e-11,1861299911336.2305
542.5940593492325,1.71783726390322,171.78372639032202,8.92129477420412e-15,1.8334677569871328e-09,3.485322561154749e-11,2.308082004583208e-12,4.066304325160061e-06,2.1289845265437763e-11,1690947000842.8345
597.3532668540741,1.5603636006402293,156.03636006402294,9.821641955185828e-15,1.8314023849056721e-09,4.0609153971919963e-11,2.72305707296475e-12,4.066304325160061e-06,2.3438440581859603e-11,1535938360500.9343
657.7260910046923,1.4171374787623825,141.71374787623824,1.0814287840850032e-14,1.8295138865353457e-09,4.724017785757943e-11,3.245811274999579e-12,4.066304325160061e-06,2.5807298224616918e-11,1394954236846.8672
724.279871445598,1.2869172968486087,128.6917296848609,1.190856059120616e-14,1.827833858728274e-09,5.487223037726093e-11,3.854848630414987e-12,4.066304325160061e-06,2.8418678985247066e-11,1266772463937.842
797.6400351950391,1.1685575612998318,116.8557561299832,1.3114743434928391e-14,1.8263840361789834e-09,6.367864865664818e-11,4.56940315642542e-12,4.066304325160061e-06,3.129712283836624e-11,1150265479223.8167
878.4959734585965,1.0610046289148487,106.10046289148487,1.4444171295526783e-14,1.8251793658577324e-09,7.381097201246866e-11,5.432365072009993e-12,4.066304325160061e-06,3.446967953109436e-11,1044396132767.2098
967.6075196897356,0.963291701806433,96.3291701806433,1.5909337303180073e-14,1.8242301279277471e-09,8.546890569122137e-11,6.4614624414386124e-12,4.066304325160061e-06,3.796616276369784e-11,948212760506.3678
1065.8120897367928,0.8745334222590873,87.45334222590874,1.7524010192548882e-14,1.823543395764235e-09,9.877866620497156e-11,7.691265208891658e-12,4.066304325160061e-06,4.18194303486181e-11,860843863723.0171
1174.0325511472502,0.7939203162738561,79.39203162738562,1.930336368934355e-14,1.8231240395247382e-09,1.140125913308035e-10,9.135972525603964e-12,4.066304325160061e-06,4.606569297955483e-11,781492639565.3649
1293.2858955595116,0.7207132603262324,72.07132603262325,2.126411910120241e-14,1.8229754153183436e-09,1.3145524422733348e-10,1.0796458257352558e-11,4.066304325160061e-06,5.074485451141541e-11,709431534420.9244
1424.6927956646784,0.6542380905967654,65.42380905967654,2.342470245260995e-14,1.8230998382408095e-09,1.5137159222631341e-10,1.2872540982972614e-11,4.066304325160061e-06,5.590088694827109e-11,643996937531.8367
1569.4881365373813,0.5938804331321729,59.388043313217295,2.5805417640325128e-14,1.8234989070322005e-09,1.741247066780707e-10,1.525720478870619e-11,4.066304325160061e-06,6.158224366277956e-11,584584092082.3495
1729.032620294306,0.5390808035559053,53.90808035559053,2.842863723639083e-14,1.8241737269604671e-09,1.999562471418091e-10,1.8063109831723403e-11,4.066304325160061e-06,6.784231472992859e-11,530642271616.3403
1904.8255531277696,0.4893300033654606,48.933000336546066,3.131901273167392e-14,1.8251250629269203e-09,2.2931538822785514e-10,2.133549089872011e-11,4.066304325160061e-06,7.473992865380875e-11,481670248398.9518
2098.518934874581,0.44416482445431615,44.41648244543162,3.450370619560209e-14,1.8263534447328423e-09,2.626789124764235e-10,2.5298035751249247e-11,4.066304325160061e-06,8.233990520216021e-11,437212065178.0338
2311.932983522162,0.4031640626981401,40.31640626981401,3.8012645529042104e-14,1.827859239538708e-09,3.006014575307505e-10,2.9726199689107916e-11,4.066304325160061e-06,9.071366454376996e-11,396853111171.909
2547.0732405395092,0.36594483405007866,36.59448340500787,4.187880570899292e-14,1.8296427018106267e-09,3.4360833485886525e-10,3.498880432052213e-11,4.066304325160061e-06,9.99398984129331e-11,360216495830.8711
2806.149417777053,0.3321591816949645,33.215918169496454,4.6138518668036667e-14,1.8317040078042464e-09,3.923378055497923e-10,4.129127463880088e-11,4.066304325160061e-06,1.10105309608116e-10,326959709101.49817
3091.596163045957,0.30149095973915896,30.149095973915898,5.083181472058706e-14,1.8340432794158735e-09,4.471467323072993e-10,4.830391737904479e-11,4.066304325160061e-06,1.21305426774136e-10,296771553897.832
3406.0959395188247,0.27365297715433756,27.36529771543376,5.60027987444462e-14,1.8366606007114145e-09,5.091677282387903e-10,5.6751881823900096e-11,4.066304325160061e-06,1.3364550212467085e-10,269369334752.60168
3752.6042339581786,0.24838438487276265,24.838438487276267,6.170006465278989e-14,1.839556029404422e-09,5.792556808786798e-10,6.622144689964046e-11,4.066304325160061e-06,1.4724150054133694e-10,244496285813.74908
4134.377330664454,0.2254482887687532,22.54482887687532,6.797715205153943e-14,1.8427296048433085e-09,6.583444975954995e-10,7.720992780243968e-11,4.066304325160061e-06,1.62221189344292e-10,221919221191.22794
4555.002912146568,0.20462957155023542,20.462957155023545,7.48930493735145e-14,1.8461813535808212e-09,7.476103135818796e-10,9.05009577168969e-11,4.066304325160061e-06,1.7872533897537963e-10,201426390943.69934
5018.43377408202,0.18573290717443533,18.573290717443534,8.25127482175238e-14,1.8499112932651346e-09,8.480516460151737e-10,1.051167116899729e-10,4.066304325160061e-06,1.9690904587712413e-10,182825526575.68027
5529.024971399947,0.16858095218307947,16.85809521830795,9.090785410174656e-14,1.8539194353629853e-09,9.60350290995546e-10,1.2188935488735374e-10,4.066304325160061e-06,2.169431899992158e-10,165942060684.78174
6091.574744564392,0.1530126992456826,15.30126992456826,1.0015725937091019e-13,1.8582057870679988e-09,1.0866903049520768e-09,1.4167795460402674e-10,4.066304325160061e-06,2.390160406292843e-10,150617506277.89987
6711.369610659018,0.1388819791480835,13.88819791480835,1.1034788458085122e-13,1.8627703526391113e-09,1.2286568716997983e-09,1.6399829789001071e-10,4.066304325160061e-06,2.6333502563861756e-10,136707982208.9594
7394.234043013295,0.1260560984275773,12.605609842757731,1.215754953275642e-13,1.8676131343393936e-09,1.3881757911304396e-09,1.8925296995076454e-10,4.066304325160061e-06,2.9012868076917697e-10,124082872139.90123
8146.58520623009,0.11441460080842383,11.441460080842385,1.3394560219681827e-13,1.8727341330940228e-09,1.5671081085737225e-09,2.20045147958875e-10,4.066304325160061e-06,3.1964879728016196e-10,112623605364.13078
8975.49326098305,0.10384814151378896,10.384814151378897,1.4757445229155115e-13,1.8781333489504454e-09,1.7678069624341802e-09,2.5306784542598246e-10,4.066304325160061e-06,3.521727881364774e-10,102222548739.48108
9888.7478052932,0.09425746441058021,9.42574644105802,1.625901216548391e-13,1.8838107813989796e-09,1.9912658428975876e-09,2.8980931493609353e-10,4.066304325160061e-06,3.880062949751631e-10,92781999844.36957
10894.931076661114,0.08555247277509871,8.555247277509872,1.79133718854396e-13,1.8897664295948397e-09,2.2413663257508146e-09,3.351387990937366e-10,4.066304325160061e-06,4.274860603485383e-10,84213272289.27292
12003.498602966381,0.0776513852463217,7.765138524632172,1.9736071103920008e-13,1.896000292510488e-09,2.5208407123943936e-09,3.8345754219301673e-10,4.066304325160061e-06,4.709830922357555e-10,76435864882.34236
13224.86806004446,0.07047996925872493,7.047996925872495,2.1744238492975407e-13,1.9025123690387933e-09,2.833559266242846e-09,4.3807574967139505e-10,4.066304325160061e-06,5.189061505609993e-10,69376707061.72922
14570.517170972818,0.06397084491822433,6.397084491822434,2.3956745647151745e-13,1.9093026580614756e-09,3.1827903016696413e-09,5.051707876585567e-10,4.066304325160061e-06,5.717055884825989e-10,62969473668.34378
16053.091567067855,0.05806285290459323,5.806285290459324,2.639438442781124e-13,1.9163711584931882e-09,3.572951548503558e-09,5.774107078607494e-10,4.066304325160061e-06,6.298775845512983e-10,57153962742.848
17686.52362420687,0.05270048055384458,5.270048055384459,2.908006235300808e-13,1.9237178693085505e-09,4.008628753304904e-09,6.541406781828569e-10,4.066304325160061e-06,6.939688055090136e-10,51875530591.88972
19486.163391230883,0.047833340797197824,4.783334079719783,3.2039017869081584e-13,1.931342789557373e-09,4.492205968501905e-09,7.494020762952208e-10,4.066304325160061e-06,7.645815435464005e-10,47084578883.52788
21468.922840817042,0.04341569911232465,4.341569911232465,3.5299057526963596e-13,1.9392459183718107e-09,5.0302636597611935e-09,8.540099698920949e-10,4.066304325160061e-06,8.423793762961771e-10,42736089003.37388
23653.434798407125,0.039406044080557624,3.940604408055763,3.889081729204632e-13,1.9474272549680676e-09,5.629785294343838e-09,9.684185880126526e-10,4.066304325160061e-06,9.280934027515557e-10,38789199334.107285
26060.22804271396,0.035766697543662684,3.576669754366269,4.284805044324904e-13,1.9558867986445618e-09,6.297203628246259e-09,1.095986136843701e-09,4.066304325160061e-06,1.0225291137113275e-09,35206821514.68133
28711.92022329924,0.03246346071852947,3.2463460718529475,4.720794476679289e-13,1.9646245487778493e-09,7.039893518526014e-09,1.2567344557540483e-09,4.066304325160061e-06,1.1265739613160744e-09,31955292094.577137
31633.43040815024,0.029465292960528165,2.946529296052817,5.201147202548701e-13,1.9736405048172616e-09,7.866402810799162e-09,1.4178813425508625e-09,4.066304325160061e-06,1.2412056988096194e-09,29004056325.656467
34852.21325865441,0.026744020168967982,2.6744020168967984,5.730377298763564e-13,1.9829346662788724e-09,8.785295477015338e-09,1.5993254282478356e-09,4.066304325160061e-06,1.3675015688979645e-09,26325381132.111973
38398.517032612945,0.02427407010356619,2.427407010356619,6.313458163384558e-13,1.9925070327392545e-09,9.809608455117164e-09,1.8081705749483837e-09,4.066304325160061e-06,1.5066484270525991e-09,23894094570.17486
42305.667839856585,0.02203223213142371,2.2032232131423712,6.955869252818456e-13,2.0023576038293038e-09,1.0938312095787705e-08,2.054370005895342e-09,4.066304325160061e-06,1.6599538948911407e-09,21687349335.90482
46610.38282173192,0.019997439151863052,1.9997439151863057,7.66364757457713e-13,2.012486379228324e-09,1.2191792803922948e-08,2.308058133915056e-09,4.066304325160061e-06,1.828858648448257e-09,19684408103.679935
51353.115197539635,0.0181505696536066,1.8150569653606603,8.443444419579244e-13,2.0228933586584838e-09,1.3584049537737164e-08,2.598290196202761e-09,4.066304325160061e-06,2.0149499568150144e-09,17866448681.884083
56578.43442047049,0.01647426804700327,1.647426804700327,9.302587867131758e-13,2.0335785418797047e-09,1.5128996609964004e-08,2.932084302247628e-09,4.066304325160061e-06,2.219976598374894e-09,16216387157.57335
62335.44501552361,0.01495278158502768,1.4952781585027681,1.0249151649976792e-12,2.0445419286850084e-09,1.6843890965425885e-08,3.315473303674346e-09,4.066304325160061e-06,2.4458652948106193e-09,14718717370.241537
68678.24803540477,0.013571812342127888,1.357181234212789,1.129203102655786e-12,2.0557835188963215e-09,1.8745867080922323e-08,3.716433535603619e-09,4.066304325160061e-06,2.694738817319104e-09,13359365207.725426
75666.44947090036,0.012318382861099982,1.2318382861099983,1.2441026373509231e-12,2.067303312360735e-09,2.085518617599526e-08,4.1597755297947885e-09,4.066304325160061e-06,2.9689359351862803e-09,12125556356.183632
83365.72039346964,0.011180714206311122,1.1180714206311124,1.3706935283921565e-12,2.079101308947159e-09,2.319438571251183e-08,4.662308198303481e-09,4.066304325160061e-06,3.271033394186807e-09,11005696262.220446
91848.41409395733,0.010148115277952835,1.0148115277952836,1.5101654036871028e-12,2.0911775085434004e-09,2.5780892699348015e-08,5.260376266848333e-09,4.066304325160061e-06,3.6038701313491815e-09,9989261179.76473
101194.24601693363,0.009210882347664838,0.9210882347664839,1.6638289391763007e-12,2.103531911053569e-09,2.863213782886515e-08,5.887794229426855e-09,4.066304325160061e-06,3.970573953642394e-09,9066699278.318567
111491.04288029237,0.00836020787179655,0.836020787179655,1.833128175806901e-12,2.116164516395819e-09,3.179288989346002e-08,6.578558675463592e-09,4.066304325160061e-06,4.3745909312950316e-09,8229340883.615542
122835.56801990303,0.0075880977256652625,0.7588097725665264,2.0196540897935393e-12,2.1290753245003817e-09,3.529074838844825e-08,7.342269252301068e-09,4.066304325160061e-06,4.819717781968359e-09,7469317007.457169
135334.43071541953,0.006887296081236097,0.6887296081236097,2.2251595436916936e-12,2.142264335307849e-09,3.9165505925204036e-08,8.243801545843157e-09,4.066304325160061e-06,5.310137550110765e-09,6779485401.324315
149105.08804257453,0.006251217222422915,0.6251217222422916,2.4515757587852534e-12,2.1557315487676895e-09,4.345345701970475e-08,9.25063509916367e-09,4.066304325160061e-06,5.850458916787947e-09,6153363439.011196
164276.9486667775,0.0056738836573674905,0.5673883657367491,2.701030463586099e-12,2.1694769648369655e-09,4.81965910179905e-08,1.0299651306822411e-08,4.066304325160061e-06,6.445759509399432e-09,5585067197.667481
180992.58895083395,0.005149869946198878,0.5149869946198878,2.9758678889948546e-12,2.1835005834792253e-09,5.344896696519319e-08,1.1433531385278976e-08,4.066304325160061e-06,7.10163361828131e-09,5069256164.853021
199409.09280506358,0.0046742517164641475,0.4674251716464148,3.2786707980257847e-12,2.1978024046635537e-09,5.925422995048172e-08,1.2737678050452665e-08,4.066304325160061e-06,7.824244768608203e-09,4601083052.058426
219699.52787094982,0.004242559387155943,0.4242559387155943,3.612284757118378e-12,2.2123824283637503e-09,6.56785927268523e-08,1.4310517001350172e-08,4.066304325160061e-06,8.620383641634628e-09,4176148243.1161904
242054.5719106409,0.0038507361664985415,0.3850736166498542,3.97984487712337e-12,2.2272406545576267e-09,7.273015308686724e-08,1.5917553147308073e-08,4.066304325160061e-06,9.497531889586125e-09,3790458449.4707894
266684.3046861698,0.00349509992880719,0.349509992880719,4.3848052752595104e-12,2.2423770832264086e-09,8.053068627619278e-08,1.7679724599432364e-08,4.066304325160061e-06,1.0463932443895536e-08,3440389183.800755
293820.182167442,0.0031723086121818863,0.31723086121818866,4.8309715349075926e-12,2.2577917143542228e-09,8.914887778946032e-08,1.962325458355084e-08,4.066304325160061e-06,1.1528666977500744e-08,3122650699.361628
323717.2116214397,0.002879328811878642,0.2879328811878642,5.3225364682798284e-12,2.273484547927652e-09,9.86750778558236e-08,2.1938056065519334e-08,4.066304325160061e-06,1.2701741249149137e-08,2834257074.9826574
356656.3480228903,0.0026134072742280347,0.26134072742280345,5.864119518041749e-12,2.2894555839353695e-09,1.0919821354326901e-07,2.4404286910215295e-08,4.066304325160061e-06,1.3994179131725861e-08,2572498155.2069235
392947.1343064709,0.0023720450232261117,0.2372045023226112,6.460810168160133e-12,2.3057048223678136e-09,1.2081811633149485e-07,2.7125415001295953e-08,4.066304325160061e-06,1.541812620822936e-08,2334914081.893114
432930.61027209944,0.0021529738766607512,0.21529738766607517,7.11821577192678e-12,2.322232263216919e-09,1.3364638620014491e-07,3.0020107075928395e-08,4.066304325160061e-06,1.6986963908928715e-08,2119272177.9480336
476982.5174795434,0.001954135131090212,0.19541351310902122,7.842514246618603e-12,2.339037906475887e-09,1.4782381046311618e-07,3.319653562946815e-08,4.066304325160061e-06,1.871543526229874e-08,1923545965.961054
525516.8302500739,0.001773660215371372,0.1773660215371372,8.64051212998768e-12,2.3561217521389882e-09,1.6349618951312808e-07,3.691435236642367e-08,4.066304325160061e-06,2.06197834414665e-08,1745896124.5734422
578989.6459574744,0.0016098531309333413,0.16098531309333414,9.519708544162513e-12,2.3734838002014e-09,1.8076989659877674e-07,4.09958635883622e-08,4.066304325160061e-06,2.271790440814869e-08,1584653203.624149
637903.471167114,0.001461174513782265,0.14611745137822651,1.0488365668056394e-11,2.3911240506590594e-09,1.9979801953370608e-07,4.5576612597972e-08,4.066304325160061e-06,2.502951508853947e-08,1438301935.6409228
702811.9439017437,0.0013262271684627732,0.13262271684627733,1.1555586380541775e-11,2.40904250350855e-09,2.2073486473834365e-07,5.0349217471839455e-08,4.066304325160061e-06,2.7576338661568522e-08,1305466996.2467144
774325.0364111095,0.0012037429380337855,0.12037429380337857,1.2731399804035874e-11,2.427239158746998e-09,2.438259413721042e-07,5.580083519929879e-08,4.066304325160061e-06,3.0382308700760197e-08,1184900079.667061
853114.7873380339,0.0010925707866710566,0.10925707866710567,1.4026855552387144e-11,2.445714016371987e-09,2.6931708469946053e-07,6.199180325660723e-08,4.066304325160061e-06,3.347379408810196e-08,1075468167.8822887
939921.6171485222,0.0009916659829043411,0.09916659829043412,1.5454127568749353e-11,2.464467076381486e-09,2.9741814993499545e-07,6.890333372947086e-08,4.066304325160061e-06,3.687984681353178e-08,976142883.1854868
1035561.2861746569,0.0009000802818399505,0.09000802818399506,1.702662852925158e-11,2.4834983387737908e-09,3.284452444210024e-07,7.607282835983239e-08,4.066304325160061e-06,4.063247498872076e-08,885990824.0882028
1140932.560657935,0.0008169530141072712,0.08169530141072712,1.875913588756353e-11,2.5028078035474688e-09,3.6264608407444664e-07,8.378137218941985e-08,4.066304325160061e-06,4.476694364077629e-08,804164793.7566402
1257025.6588340881,0.0007415029977885687,0.07415029977885687,2.066793074485014e-11,2.5223954707013187e-09,4.0035266248882343e-07,9.284070299066691e-08,4.066304325160061e-06,4.932210611255109e-08,729895838.5485289
1384931.5564308036,0.0006730211973252827,0.06730211973252828,2.277095085013482e-11,2.5422613402343304e-09,4.41967351605659e-07,1.0241206377024011e-07,4.066304325160061e-06,5.43407691838663e-08,662486021.8336467
1525852.2390260156,0.0006108640604136078,0.06108640604136079,2.5087959168880104e-11,2.5624054121456586e-09,4.878683676013574e-07,1.1323513245680187e-07,4.066304325160061e-06,5.987009534484608e-08,601301865.1906834
1681111.9976125227,0.0005544474702734605,0.05544474702734606,2.7640729603896026e-11,2.582827686434595e-09,5.384994659868677e-07,1.2471044228171834e-07,4.066304325160061e-06,6.596204600169698e-08,545768395.3447083
1852169.8735180576,0.0005032412564578621,0.050324125645786214,3.045325161387307e-11,2.6035281631005423e-09,5.943324018318465e-07,1.3798271237286693e-07,4.066304325160061e-06,7.267386977992105e-08,495363740.9019106
2040633.3696310364,0.00045676421261853434,0.045676421261853443,3.3551955652427225e-11,2.6245068421430046e-09,6.554609006502412e-07,1.5287719236364303e-07,4.066304325160061e-06,8.006864051375662e-08,449614228.1048824
2248273.556782056,0.0004145795744076271,0.041457957440762715,3.6965961546201444e-11,2.645763723561562e-09,7.228825675084653e-07,1.6930768111182434e-07,4.066304325160061e-06,8.821584997755666e-08,408089929.52126974
2477041.7172422726,0.00037629091501952363,0.03762909150195237,4.072735214613873e-11,2.667298807355866e-09,7.972045142457791e-07,1.8750824641418152e-07,4.066304325160061e-06,9.719206092925465e-08,370400623.834946
2729087.6817445178,0.00034153841980145066,0.034153841980145073,4.487147482354138e-11,2.6891120935256237e-09,8.790554957670573e-07,2.0676596011893523e-07,4.066304325160061e-06,1.0708162660283873e-07,336192128.77221686
3006780.032347958,0.00030999550492384056,0.030999550492384058,4.943727364420338e-11,2.7112035820705904e-09,9.69235145973168e-07,2.2865418895515548e-07,4.066304325160061e-06,1.1797748341121147e-07,305142972.7020173
3312728.3610010482,0.0002813657483346948,0.028136574833469482,5.44676553421949e-11,2.7335732729905586e-09,1.0685844224696544e-06,2.518749211578722e-07,4.066304325160061e-06,1.2998202430879471e-07,276961373.6317553
3649807.7929759375,0.0002553801041568361,0.02553801041568361,6.000989253250983e-11,2.7562211662853588e-09,1.1781734141999588e-06,2.7693945821719967e-07,4.066304325160061e-06,1.432080610212389e-07,251382497.20915437
4021186.005631258,0.00023179437435058537,0.02317943743505854,6.611606795173369e-11,2.7791472619548466e-09,1.298748745118491e-06,3.045767010348562e-07,4.066304325160061e-06,1.5777988418470935e-07,228165967.9624027
4430352.996410129,0.00021038691388200643,0.021038691388200647,7.284356390145051e-11,2.802351559998903e-09,1.4316840792276659e-06,3.357341378709598e-07,4.066304325160061e-06,1.738344313573318e-07,207093610.3906761
4881153.879815669,0.00019095654783123252,0.019095654783123254,8.025560149389294e-11,2.825834060417426e-09,1.578192044407924e-06,3.706618467429865e-07,4.066304325160061e-06,1.915225738790864e-07,187967398.67712834
5377825.02157109,0.00017332068086706257,0.01733206808670626,8.842183476735514e-11,2.849594763210333e-09,1.7395158419788152e-06,4.0764148322385625e-07,4.066304325160061e-06,2.1101053467331876e-07,170607595.75693366
5925033.849532221,0.00015731358132176998,0.015731358132177,9.741900525452022e-11,2.8736336683775516e-09,1.9173489847064086e-06,4.4762082359867855e-07,4.066304325160061e-06,2.3248145031354269e-07,154851064.2524278
6527922.715472429,0.00014278482374085078,0.014278482374085081,1.0733166315495699e-10,2.8979507759190255e-09,2.1133704585111833e-06,4.922268880261696e-07,4.066304325160061e-06,2.5613709203493683e-07,140549733.4024923
7192157.219927555,0.00012959787527169986,0.012959787527169987,1.1825296188894756e-10,2.9225460858347053e-09,2.3278202703069732e-06,5.470892256466952e-07,4.066304325160061e-06,2.821997618636022e-07,127569207.57927555
7923979.45422977,0.00011762881260691357,0.011762881260691358,1.3028553349940186e-10,2.9474195981245483e-09,2.563927339725461e-06,6.066067474246721e-07,4.066304325160061e-06,3.109143816823073e-07,115787503.3158963
8730266.660068274,0.00010676515742479481,0.010676515742479483,1.4354245312838168e-10,2.972571312788523e-09,2.823865525876978e-06,6.708054463163668e-07,4.066304325160061e-06,3.4255079486455237e-07,105093902.97644682
9618595.857825246,9.690481938320788e-05,0.00969048193832079,1.5814830163182316e-10,2.9980012298265986e-09,3.1101526594521197e-06,7.378467509276802e-07,4.066304325160061e-06,3.774063021063736e-07,95387914.29575345
10597315.051026948,8.795513673364854e-05,0.008795513673364855,1.7424033631829905e-10,3.0237093492387526e-09,3.4252327538358423e-06,8.118105783445494e-07,4.066304325160061e-06,4.1580845528617286e-07,86578326.01124868
11675621.676047966,7.983200553977917e-05,0.007983200553977917,1.9196978081374271e-10,3.049695671024965e-09,3.7720955442165183e-06,8.950215721068721e-07,4.066304325160061e-06,4.581181356076413e-07,78582350.71233346
12863649.034293652,7.245908931732669e-05,0.00724590893173267,2.1150324617353768e-10,3.075960195185219e-09,4.153894965036542e-06,9.882116058616171e-07,4.066304325160061e-06,5.047329449523894e-07,71324846.85222165
14172561.51910038,6.576710166799773e-05,0.006576710166799773,2.33024296596762e-10,3.1025029217195002e-09,4.574915430882663e-06,1.0837998379892087e-06,4.066304325160061e-06,5.560909423122518e-07,64737612.61118611
15614659.532240674,5.9693155166020704e-05,0.005969315516602071,2.5673517445625965e-10,3.1293238506277983e-09,5.037433060445105e-06,1.1862004337259449e-06,4.066304325160061e-06,6.126747604140848e-07,58758744.97534206
17203495.075978205,5.418017037852569e-05,0.00541801703785257,2.8285870085537966e-10,3.156422981910103e-09,5.547374890290974e-06,1.2994800383280176e-06,4.066304325160061e-06,6.75016141222731e-07,53332058.00795999
18953999.106939454,4.917633946607974e-05,0.0049176339466079745,3.1164036957170885e-10,3.183800315566405e-09,6.108252750341675e-06,1.4224640942521517e-06,4.066304325160061e-06,7.437009329441662e-07,48406554.846560515
20882621.848600272,4.463463932260514e-05,0.0044634639322605136,3.433506540654718e-10,3.2114558515966988e-09,6.7263561763343255e-06,1.5746552739508013e-06,4.066304325160061e-06,8.193745954877797e-07,43935948.463924415
23007487.380962547,4.0512389679451895e-05,0.0040512389679451906,3.782875492325251e-10,3.2393895900009806e-09,7.4071665979685575e-06,1.7300122624917502e-06,4.066304325160061e-06,9.027482661249254e-07,39878226.68940823
25348563.96016569,3.6770852020941635e-05,0.003677085202094164,4.1677937178787316e-10,3.267601530779242e-09,8.155462277694534e-06,1.898637604206923e-06,4.066304325160061e-06,9.946054423453082e-07,36195257.40288628
27927851.668597832,3.337486554222393e-05,0.0033374865542223934,4.591878455960874e-10,3.2960916739314816e-09,8.979640864844868e-06,2.093930869492163e-06,4.066304325160061e-06,1.0958093447128093e-06,32852430.191161506
30769589.15893364,3.0292516728388116e-05,0.0030292516728388117,5.059115009427732e-10,3.3248600194576964e-09,9.881348365620597e-06,2.307732089526836e-06,4.066304325160061e-06,1.2073110289126037e-06,29818331.09933928
33900481.43495981,2.749483944972571e-05,0.002749483944972571,5.573894196914755e-10,3.353906567357882e-09,1.0873485876828628e-05,2.5621894342097667e-06,4.066304325160061e-06,1.330158323221901e-06,27064447.420665707
37349950.80974086,2.495554275481237e-05,0.0024955542754812373,6.141053615208428e-10,3.3832313176320377e-09,1.1965353974225013e-05,2.843068035080416e-06,4.066304325160061e-06,1.4655056753934942e-06,24564899.750616014
41150413.39948335,2.265076380336751e-05,0.0022650763803367512,6.765923100180166e-10,3.4128342702801622e-09,1.3167226365025836e-05,3.129410263355769e-06,4.066304325160061e-06,1.6146250014873784e-06,22296198.78723364
45337583.751430005,2.0558843617095664e-05,0.002055884361709567,7.454374813498339e-10,3.44271542530225e-09,1.4488816686596921e-05,3.438692780481031e-06,4.066304325160061e-06,1.7789176386015576e-06,20237024.59226854
49950810.46849934,1.8660123541147206e-05,0.0018660123541147208,8.212878425804204e-10,3.4728747826983037e-09,1.5943155527291996e-05,3.786457029567377e-06,4.066304325160061e-06,1.9599275138268505e-06,18368026.238739982
55033445.98467466,1.6936760503461633e-05,0.0016936760503461633,9.048561914930912e-10,3.5033123424683215e-09,1.7543584087101284e-05,4.157155146924638e-06,4.066304325160061e-06,2.1593556531798175e-06,16671639.962128164
60633253.96608206,1.537255933590555e-05,0.001537255933590555,9.969278550512832e-10,3.534028104612302e-09,1.9304329736116887e-05,4.580407551254314e-06,4.066304325160061e-06,2.3790761668605494e-06,15131924.10628279
66802858.16627281,1.395282058145854e-05,0.001395282058145854,1.0983680694467075e-09,3.5650220691302445e-09,2.1243952611309862e-05,5.028736766613895e-06,4.066304325160061e-06,2.6211538610553445e-06,13734409.312967788
73600236.95379397,1.2664202357225961e-05,0.0012664202357225963,1.2101301110881688e-09,3.5962942360221485e-09,2.3373062220498855e-05,5.4992721965308105e-06,4.066304325160061e-06,2.887863641789878e-06,12465962.547209274
81089268.1593313,1.1494594975147365e-05,0.0011494594975147367,1.3332642549413904e-09,3.6278446052880126e-09,2.5718863333832975e-05,6.011021219158419e-06,4.066304325160061e-06,3.1817118931790503e-06,11314663.680635808
89340329.36258133,1.043300714215876e-05,0.0010433007142158762,1.468927644405105e-09,3.659673176927838e-09,2.830051418499968e-05,6.576962071795703e-06,4.066304325160061e-06,3.5054600309738763e-06,10269693.473012894
98430959.26000251,9.469462670383439e-06,0.0009469462670383441,1.6183951654748267e-09,3.6917799509416238e-09,3.113928263133435e-05,7.198353232332444e-06,4.066304325160061e-06,3.862150452748088e-06,9321231.899286686
108446586.3285954,8.594906726693822e-06,0.0008594906726693823,1.7830714273833722e-09,3.7241649273293683e-09,3.426588366338207e-05,7.904726052847163e-06,4.066304325160061e-06,4.255135128589203e-06,8460365.86667363
119481331.63327295,7.801120740631757e-06,0.0007801120740631759,1.9645039623052687e-09,3.756828106091073e-09,3.7704066976294204e-05,8.68513371919686e-06,4.066304325160061e-06,4.688107100972875e-06,7679005.454574467
131638893.32213928,7.080645171041305e-06,0.0007080645171041306,2.164397768168222e-09,3.789769487226735e-09,4.148865849626443e-05,9.60662028347924e-06,4.066304325160061e-06,5.165135189838081e-06,6969807.890183905
145033521.12165472,6.426709405619321e-06,0.0006426709405619322,2.3846313312366187e-09,3.8229890707363595e-09,4.5651933580935466e-05,1.057590503508747e-05,4.066304325160061e-06,5.690702229001461e-06,6326108.545362577
159791089.98941877,5.833168134620954e-06,0.0005833168134620954,2.627274279037863e-09,3.856486856619941e-09,5.020610630832938e-05,1.1663649172121285e-05,4.066304325160061e-06,6.269747193234136e-06,5741858.306320331
176050283.01415417,5.294443600796077e-06,0.0005294443600796077,2.894606829523799e-09,3.890262844877483e-09,5.521087235291783e-05,1.2856488948364783e-05,4.066304325160061e-06,6.9077116118875e-06,5211566.727546574
193963894.6790846,4.805473182855898e-06,0.00048054731828558984,3.1891412192389013e-09,3.924317035508982e-09,6.0716509070022166e-05,1.4206497835850065e-05,4.066304325160061e-06,7.6105907052357006e-06,4730250.435782051
213700266.73603478,4.361661819888854e-06,0.0004361661819888854,3.513645311864969e-09,3.958649428514441e-09,6.677866516767042e-05,1.5760218419358492e-05,4.066304325160061e-06,8.38498972408514e-06,4293386.299161846
235444870.18375427,3.958838829638434e-06,0.0003958838829638435,3.87116860900159e-09,3.993260023893859e-09,7.343911047696328e-05,1.747230766681663e-05,4.066304325160061e-06,9.238186022097478e-06,3896868.921440749
259402048.21699166,3.5932187148457993e-06,0.00035932187148458,4.26507090761676e-09,4.028148821647235e-09,8.076125488172899e-05,1.9247154343431252e-05,4.066304325160061e-06,1.0178197444146397e-05,3536972.0618560044
285796936.5255406,3.261365589338043e-06,0.00032613655893380433,4.69905387347374e-09,4.063315821774569e-09,8.882061941097132e-05,2.1152859528607844e-05,4.066304325160061e-06,1.121385767338203e-05,3210313.6180738257
314877578.9891147,2.960160889559079e-06,0.0002960160889559079,5.1771958272429025e-09,4.0987610242758625e-09,9.768903541732995e-05,2.3194226116973336e-05,4.066304325160061e-06,1.2354899245071121e-05,2913823.843149663
346917258.6501315,2.6867740681147385e-06,0.0002686774068114739,5.703990070198353e-09,4.134484429151114e-09,0.00010743105736975215,2.5403989292998467e-05,4.066304325160061e-06,1.36120450073291e-05,2644716.4978235536
382217065.86953586,2.4386359939270253e-06,0.00024386359939270258,6.28438710966205e-09,4.170486036400324e-09,0.00011815281391594708,2.7888141178030378e-05,4.066304325160061e-06,1.4997108888238992e-05,2400462.6670565726
421108727.79969996,2.2134148090275964e-06,0.00022134148090275965,6.9238411810055925e-09,4.206765846023491e-09,0.000129951799350529,3.064329700307931e-05,4.066304325160061e-06,1.652310691630804e-05,2178766.994751367
463957725.76416636,2.0089940151064866e-06,0.0002008994015106487,7.628361503396804e-09,4.243323858020616e-09,0.00014292939262953934,3.353434634841758e-05,4.066304325160061e-06,1.82043795375687e-05,1977546.1133243325
511166729.83953094,1.8234525838863467e-06,0.0001823452583886347,8.404568750962437e-09,4.280160072391702e-09,0.00015718717716902238,3.6629167116648974e-05,4.066304325160061e-06,2.0056726378788054e-05,1794909.0654232348
563179382.9157114,1.6550469044107897e-06,0.00016550469044107898,9.259757270050811e-09,4.317274489136746e-09,0.00017289260290933195,3.995178428061164e-05,4.066304325160061e-06,2.2097554723213496e-05,1629139.5338047054
620484469.7949923,1.5021943975980386e-06,0.00015021943975980387,1.0201963627275954e-08,4.354667108255747e-09,0.00019015270132569532,4.36302867684261e-05,4.066304325160061e-06,2.434604309414333e-05,1478679.7123784006
683620510.5086279,1.3634586440789113e-06,0.00013634586440789114,1.1240042132518055e-08,4.392337929748707e-09,0.00020914787690826166,4.7674970938878097e-05,4.066304325160061e-06,2.6823321483585725e-05,1342115.6668472195
753180821.0163348,1.2375358855591625e-06,0.00012375358855591626,1.2383748046601798e-08,4.430286953615626e-09,0.00023002992839730841,5.2504547670381035e-05,4.066304325160061e-06,2.9552669919691086e-05,1218164.047371335
829819088.8461933,1.123242772853818e-06,0.00011232427728538181,1.3643829255589953e-08,4.468514179856503e-09,0.0002530128439461977,5.7801935068336025e-05,4.066304325160061e-06,3.255973723897904e-05,1105660.0283893703
914255516.07161,1.0195052454565887e-06,0.00010195052454565889,1.5032127273194558e-08,4.5070196084713385e-09,0.0002783001636300852,6.357673594184965e-05,4.066304325160061e-06,3.587278211925571e-05,1003546.3622621006
1007283587.3534502,9.253484381410478e-07,9.253484381410479e-05,1.6561688520467262e-08,4.5458032394601324e-09,0.0003060598904745344,7.018548296648982e-05,4.066304325160061e-06,3.952293863830772e-05,910863.4438712231
1109777526.6495245,8.398875197415913e-07,8.398875197415914e-05,1.824688692851164e-08,4.584865072822884e-09,0.0003364503037392803,7.780984066530194e-05,4.066304325160061e-06,4.3544508853941305e-05,826740.2928059794
1222700512.6652255,7.623193780224022e-07,7.623193780224022e-05,2.0103559016366156e-08,4.624205108559594e-09,0.00036987424042849375,8.58736829928191e-05,4.066304325160061e-06,4.7975285154862966e-05,750386.3683934956
1347113730.2494152,6.919150724935843e-07,6.919150724935844e-05,2.2149152713442303e-08,4.663823346670262e-09,0.0004066303053930684,9.472827261348679e-05,4.066304325160061e-06,5.285690541167049e-05,681084.1406551851
1484186342.7952623,6.280129842504586e-07,6.280129842504586e-05,2.4402891325063732e-08,4.703719787154887e-09,0.00044708955701319735,0.00010486037123649387,4.066304325160061e-06,5.8235244265454564e-05,618182.3473754257
1635206479.3609757,5.700125984621091e-07,5.700125984621091e-05,2.688595418196118e-08,4.743894430013472e-09,0.0004914870013200961,0.00011586786681800325,4.066304325160061e-06,6.416084423111859e-05,561089.8739162737
1801593339.760958,5.173688610806586e-07,5.173688610806587e-05,2.9621675671361396e-08,4.784347275246016e-09,0.0005403501166239468,0.00012764023895185607,4.066304325160061e-06,7.068939066667334e-05,509270.1982643101
1984910531.384053,4.695870567388715e-07,4.6958705673887156e-05,3.263576452004943e-08,4.825078322852519e-09,0.000594103495910486,0.00014153594408626737,4.066304325160061e-06,7.788223507199389e-05,462236.34910736454
2186880763.070584,4.2621815970153233e-07,4.262181597015324e-05,3.595654539009968e-08,4.866087572832979e-09,0.0006531720974793993,0.00015625438753833574,4.066304325160061e-06,8.58069716346979e-05,419546.3295600403
2409402034.1327124,3.868546141815395e-07,3.8685461418153956e-05,3.9615225057652216e-08,4.907375025187397e-09,0.0007181729628024582,0.00017147043314648264,4.066304325160061e-06,9.453807244118878e-05,380798.96353286924
2654565470.6531796,3.5112650436656147e-07,3.511265043665615e-05,4.364618567612855e-08,4.9489406799157754e-09,0.0007895450787471443,0.00018774623099975462,4.066304325160061e-06,0.00010415758732221014,345630.1257116726
2924674976.6776342,3.186980781643841e-07,3.186980781643841e-05,4.808730787980501e-08,4.99078453701811e-09,0.000868190273561046,0.00020596860118482686,4.066304325160061e-06,0.00011475591490965464,313709.31971865834
3222268884.9710717,2.892645919991233e-07,2.8926459199912328e-05,5.29803267640837e-08,5.032906596494403e-09,0.0009545704511742072,0.00022552094459851727,4.066304325160061e-06,0.00012643265215057285,284736.5722987951
3550143810.799645,2.625494470075229e-07,2.6254944700752294e-05,5.837122408775738e-08,5.0753068583446544e-09,0.0010495156048641785,0.0002470293254964896,4.066304325160061e-06,0.00013929753026162192,258439.61434482384
3911380932.9019213,2.3830158972296631e-07,2.3830158972296634e-05,6.431066038295893e-08,5.117985322568863e-09,0.0011538667937892122,0.0002712676498967936,4.066304325160061e-06,0.00015347144591951436,234571.32226980923
4309374948.622941,2.162931528203354e-07,2.1629315282033542e-05,7.085445103351438e-08,5.160941989167031e-09,0.0012684514187958624,0.00029668907942153894,4.066304325160061e-06,0.00016908759737799736,212907.39568273345
4747865975.31451,1.9631731375081267e-07,1.963173137508127e-05,7.806409079560595e-08,5.204176858139158e-09,0.0013943747328550912,0.00032361219263029705,4.066304325160061e-06,0.00018629273618792641,193244.24954327958
5230974697.7929125,1.7818635114329644e-07,1.7818635114329646e-05,8.600733168989108e-08,5.247689929485244e-09,0.001532366096799978,0.00035277527651103065,4.066304325160061e-06,0.00020524854628338585,175397.1009874776
5763241092.1491995,1.6172988070763445e-07,1.6172988070763446e-05,9.475881969576864e-08,5.291481203205286e-09,0.001683719228406973,0.00038482835094141935,4.066304325160061e-06,0.00022613316339369636,159198.2328453268
6349667089.816237,1.4679325406170262e-07,1.4679325406170264e-05,1.044007962310795e-07,5.335550679299288e-09,0.0018491040330116761,0.0004212293962155311,4.066304325160061e-06,0.0002491428490598741,144495.41753192552
6995763582.824563,1.332361054354403e-07,1.3323610543544029e-05,1.1502387100933997e-07,5.379898357767249e-09,0.002029895118590052,0.00046206207179346035,4.066304325160061e-06,0.0002744938349869718,131150.48650075748
7707602211.975292,1.2093103259460413e-07,1.2093103259460414e-05,1.2672787353737283e-07,5.4245242386091674e-09,0.0022268994398586955,0.0005094533736782625,4.066304325160061e-06,0.0003024243550644615,119038.03181568044
8491872424.605372,1.0976239958832662e-07,1.0976239958832663e-05,1.3962279125521935e-07,5.469428321825044e-09,0.0024407847651958248,0.0005611220688768006,4.066304325160061e-06,0.0003331968841504086,108044.22763974353
9355944338.14098,9.962525006939409e-08,9.962525006939409e-06,1.538298031344265e-07,5.5146106074148785e-09,0.0026726289491129894,0.0006170132623741579,4.066304325160061e-06,0.0003671006046582359,98065.7605658682
10307938000.194365,9.042432097525728e-08,9.04243209752573e-06,1.6948241844786824e-07,5.560071095378671e-09,0.0029217350545678636,0.0006795635116574152,4.066304325160061e-06,0.00040445412412563,89008.85873725894
11356799696.070377,8.207314730091994e-08,8.207314730091995e-06,1.8672773141259955e-07,5.605809785716423e-09,0.0031908895365325134,0.0007487927665960662,4.066304325160061e-06,0.00044560846930373027,80788.4106337802
12512386020.776596,7.449324955087789e-08,7.44932495508779e-06,2.057278034961531e-07,5.6518266784281314e-09,0.0034798124847469497,0.0008261869324553159,4.066304325160061e-06,0.0004909503849033195,73327.16524316263
13785556505.5971,6.761339623425344e-08,6.761339623425345e-06,2.2666118637639111e-07,5.6981217735138e-09,0.003789684781774074,0.000916108436023888,4.066304325160061e-06,0.000540905967997724,66555.00610071191
15188275669.680408,6.136893447248313e-08,6.136893447248314e-06,2.4972459986680296e-07,5.744695070973425e-09,0.004120544292488439,0.0010204961379006925,4.066304325160061e-06,0.0005959446722364236,60408.292375366764
16733725455.664097,5.570118242899282e-08,5.570118242899282e-06,2.7513478057542943e-07,5.791546570807011e-09,0.004472659146977603,0.0011328816432626388,4.066304325160061e-06,0.0005570118242899282,54829.260810010805
18436429105.940273,5.05568778512703e-08,5.05568778512703e-06,3.031305186700297e-07,5.838676273014555e-09,0.004847237575937064,0.0012501245063149301,4.066304325160061e-06,0.000505568778512703,49765.48289582298
20312387643.679817,4.5887677543050696e-08,4.5887677543050705e-06,3.339749018898385e-07,5.886084177596055e-09,0.005243396992419694,0.0013791800939077315,4.066304325160061e-06,0.00045887677543050696,45169.37217950359
22379230241.18472,4.1649703062945196e-08,4.16497030629452e-06,3.6795778789183034e-07,5.9337702845515145e-09,0.005660859776536474,0.0015186547009216837,4.066304325160061e-06,0.000416497030629452,40997.737073335236
24656379888.643436,3.780312838025101e-08,3.7803128380251008e-06,4.053985281651747e-07,5.981734593880934e-09,0.006100775163564229,0.0016689563884955984,4.066304325160061e-06,0.00037803128380251006,37211.37496564599
27165235920.148323,3.4311805612971007e-08,3.431180561297101e-06,4.466489691116522e-07,6.02997710558431e-09,0.00656238980354079,0.0018371586325921885,4.066304325160061e-06,0.00034311805612971004,33774.70381736018
29929375112.24878,3.1142925330945655e-08,3.1142925330945656e-06,4.920967584944452e-07,6.078497819661645e-09,0.007045303306331466,0.0020349736978892926,4.066304325160061e-06,0.0003114292533094565,30655.427782594503
32974773244.848213,2.8266708231822367e-08,2.8266708231822367e-06,5.421689883273993e-07,6.1272967361129365e-09,0.0075493422843192015,0.002242430290215565,4.066304325160061e-06,0.00028266708231822364,27824.233710995064
36330049206.54543,2.5656125292412114e-08,2.5656125292412113e-06,5.973362084385137e-07,6.1763738549381874e-09,0.008072083794222319,0.0024534313824483805,4.066304325160061e-06,0.0002565612529241211,25254.51567972063
40026733938.381966,2.328664376557688e-08,2.328664376557688e-06,6.581168484248185e-07,6.225729176137395e-09,0.008616242360808293,0.0026839644041639302,4.066304325160061e-06,0.00023286643765576878,22922.124966382216
44099566743.37146,2.113599663567506e-08,2.113599663567506e-06,7.250820895535892e-07,6.2753626997105635e-09,0.009178712136557748,0.0029358188270572926,4.066304325160061e-06,0.00021135996635675055,20805.143113330727
48586821746.35832,1.918397336603909e-08,1.9183973366039093e-06,7.988612323932308e-07,6.32527442565769e-09,0.009758847883162043,0.0031995705928397735,4.066304325160061e-06,0.00019183973366039087,18883.675950680845
53530667572.08507,1.7412229972052285e-08,1.7412229972052285e-06,8.801476106157003e-07,6.375464353978775e-09,0.010356256871061587,0.0034832441066707256,4.066304325160061e-06,0.0001741222997205228,17139.666642419685
58977563621.51554,1.5804116635001057e-08,1.5804116635001058e-06,9.697051065449743e-07,6.42593248467382e-09,0.010969142556181019,0.003805195552760723,4.066304325160061e-06,0.00015804116635001055,15556.725998715421
64978696670.38832,1.434452123671776e-08,1.4344521236717762e-06,1.0683753296808927e-06,6.47667881774282e-09,0.011597441500044459,0.004160151560849491,4.066304325160061e-06,0.0001434452123671776,14119.978459799426
71590461892.90251,1.301972734464274e-08,1.301972734464274e-06,1.1770855256580205e-06,6.52770335318578e-09,0.012239660170143635,0.004513158717970818,4.066304325160061e-06,0.0001301972734464274,12815.922304067219
78874992830.9157,1.1817285312732064e-08,1.1817285312732066e-06,1.2968572899633075e-06,6.579006091002697e-09,0.012895567682016934,0.0048948041949000935,4.066304325160061e-06,0.00011817285312732063,11632.302766715473
86900745289.00018,1.0725895286891283e-08,1.0725895286891285e-06,1.4288161682990555e-06,6.630587031193574e-09,0.013565354640879554,0.0053218322310884525,4.066304325160061e-06,0.00010725895286891282,10557.99687655682
95743140642.46387,9.735301015488397e-09,9.735301015488398e-07,1.574202233809826e-06,6.682446173758409e-09,0.014246385377557076,0.0057692525475542015,4.066304325160061e-06,9.735301015488396e-05,9582.908928776003
105485274603.77194,8.836193467038642e-09,8.836193467038643e-07,1.7343817405719417e-06,6.734583518697201e-09,0.014939744815616218,0.006236709867080045,4.066304325160061e-06,8.836193467038643e-05,8697.875611340693
116218698107.94592,8.02012334931585e-09,8.02012334931585e-07,1.910859962858329e-06,6.78699906600995e-09,0.015649302628205297,0.0067275955190626655,4.066304325160061e-06,8.020123349315851e-05,7894.57989349989
128044277655.25256,7.279421707795399e-09,7.2794217077954e-07,2.105295340834738e-06,6.839692815696659e-09,0.016371351378908185,0.007260761238604665,4.066304325160061e-06,7.279421707795398e-05,7165.472867143677
141073143196.17606,6.607127857259596e-09,6.607127857259597e-07,2.3195150656202537e-06,6.892664767757327e-09,0.017107715757618824,0.007838049463422241,4.066304325160061e-06,6.607127857259596e-05,6503.70280653528
155427732466.3592,5.996923969307525e-09,5.996923969307526e-07,2.555532250171673e-06,6.945914922191954e-09,0.017865369775810158,0.008401419849138071,4.066304325160061e-06,5.996923969307526e-05,5903.050779759056
171242941585.5598,5.4430757010613385e-09,5.443075701061339e-07,2.8155648473536086e-06,6.999443279000538e-09,0.01864306741962214,0.008976356639198954,4.066304325160061e-06,5.443075701061339e-05,5357.872206798696
188667392733.29102,4.940378307131589e-09,4.940378307131589e-07,3.1020564929755097e-06,7.053249838183081e-09,0.01944538905322737,0.0096003940287672,4.066304325160061e-06,4.940378307131589e-05,4863.043815041962
207864830814.022,4.484107728433254e-09,4.4841077284332546e-07,3.417699469666303e-06,7.107334599739582e-09,0.020278839248197785,0.010233492129966255,4.066304325160061e-06,4.484107728433254e-05,4413.915493730707
229015662236.9959,4.069976198213287e-09,4.0699761982132875e-07,3.7654600073879293e-06,7.16169756367004e-09,0.021142138445806914,0.010854016513760893,4.066304325160061e-06,4.069976198213287e-05,4006.2665949119882
252318650271.2211,3.6940919481009875e-09,3.694091948100988e-07,4.148606158347291e-06,7.216338729974459e-09,0.02204560861641282,0.011441011669127869,4.066304325160061e-06,3.6940919481009874e-05,3636.266270232072
277992782907.60596,3.3529226355218615e-09,3.3529226355218616e-07,4.570738508258962e-06,7.271258098652835e-09,0.022995590211319365,0.012028873164677222,4.066304325160061e-06,3.352922635521861e-05,3300.437470841336
306279330781.3193,3.043262148787081e-09,3.0432621487870817e-07,5.035824012565248e-06,7.326455669705169e-09,0.02399436474666546,0.012630165714761056,4.066304325160061e-06,3.0432621487870806e-05,2995.6242721021513
337444114493.54297,2.762200477911914e-09,2.7622004779119143e-07,5.548233275586894e-06,7.381931443131461e-09,0.025051545270596245,0.013173336464068715,4.066304325160061e-06,2.7622004779119138e-05,2718.9622160361614
371780002639.58997,2.5070963680265765e-09,2.5070963680265764e-07,6.1127816229321926e-06,7.437685418931712e-09,0.026178998091300174,0.01366404104729726,4.066304325160061e-06,2.5070963680265763e-05,2467.85139280652
409609664018.4221,2.275552498391997e-09,2.2755524983919972e-07,6.734774353139486e-06,7.49371759710592e-09,0.027381353428081002,0.014151273239913232,4.066304325160061e-06,2.2755524983919968e-05,2239.9320082703407
451288599887.2127,2.0653929537674493e-09,2.0653929537674496e-07,7.420056593801297e-06,7.550027977654087e-09,0.028670561982684483,0.014564927203503244,4.066304325160061e-06,2.0653929537674494e-05,2033.0622079995533
497208484756.3582,1.874642776418766e-09,1.874642776418766e-07,8.175068230689653e-06,7.606616560576213e-09,0.030064884037753356,0.014913139724567995,4.066304325160061e-06,1.8746427764187658e-05,1845.2979493729183
547800847119.77844,1.7015094066088998e-09,1.7015094066089e-07,9.006904426074384e-06,7.6634833458723e-09,0.03156596204593889,0.015178526750561963,4.066304325160061e-06,1.7015094066088996e-05,1674.8747325889215
603541124709.8776,1.5443658371592856e-09,1.5443658371592857e-07,9.923382294950524e-06,7.72062833354234e-09,0.03319049786530445,0.015369711001687544,4.066304325160061e-06,1.5443658371592854e-05,1520.1910189181642
664953132386.1162,1.4017353237782692e-09,1.4017353237782693e-07,1.0933114365759615e-05,7.77805152358634e-09,0.03497020033227394,0.015486291550776589,4.066304325160061e-06,1.4017353237782691e-05,1379.7931803695349
732613984643.8054,1.2722775074731958e-09,1.272277507473196e-07,1.2045589515945895e-05,7.8357529160043e-09,0.036900742015694314,0.015525228880417082,4.066304325160061e-06,1.2722775074731956e-05,1252.3618393359063
807159519002.0353,1.1547758186325456e-09,1.1547758186325457e-07,1.327126214293329e-05,7.89373251079622e-09,0.03899620297271563,0.015498453732313082,4.066304325160061e-06,1.1547758186325454e-05,1136.6994698471867
889290271236.5731,1.0481260444090347e-09,1.0481260444090349e-07,1.4621650408500047e-05,7.951990307962094e-09,0.04130057483535625,0.015393514787244532,4.066304325160061e-06,1.0481260444090346e-05,1031.719143914537
979778058609.5328,9.513259519665243e-10,9.513259519665245e-08,1.6109444479795056e-05,8.010526307501927e-09,0.043817271073746236,0.015211698991548195,4.066304325160061e-06,9.513259519665244e-06,936.4343172103739
1079473232961.1716,8.634658700760521e-10,8.634658700760521e-08,1.7748625784181927e-05,8.069340509415718e-09,0.04655471911530308,0.014937649384779086,4.066304325160061e-06,8.63465870076052e-06,849.9495580959216
1189312671824.2192,7.837201405522314e-10,7.837201405522315e-08,1.9554598398599575e-05,8.128432913703469e-09,0.04955043942698125,0.014592779295961924,4.066304325160061e-06,7.837201405522314e-06,771.4521328730366
1310328582656.517,7.113393591956468e-10,7.113393591956468e-08,2.154433380815896e-05,8.187803520365176e-09,0.052822111683384985,0.014192775747794905,4.066304325160061e-06,7.113393591956467e-06,700.2043681834512
1443658202929.167,6.456433333260115e-10,6.456433333260116e-08,2.3736530394335414e-05,8.247452329400844e-09,0.0563800988405801,0.01372457762692917,4.066304325160061e-06,6.456433333260114e-06,635.5367187815858
1590554487225.8972,5.860146897251486e-10,5.860146897251486e-08,2.615178915153263e-05,8.307379340810469e-09,0.06024626166161548,0.01321254968134457,4.066304325160061e-06,5.860146897251485e-06,576.8414755359568
1752397881784.8777,5.318930729208955e-10,5.318930729208956e-08,2.88128072833017e-05,8.367584554594054e-09,0.0644721148840002,0.012663983555276476,4.066304325160061e-06,5.318930729208955e-06,523.5670545305729
1930709297133.2993,4.827698792907786e-10,4.8276987929077864e-08,3.1744591497520194e-05,8.428067970751598e-09,0.06903788659220617,0.012102110247153823,4.066304325160061e-06,4.827698792907786e-06,475.2128135986171
2127164400724.0125,4.3818347749961243e-10,4.381834774996125e-08,3.4974693004955797e-05,8.488829589283097e-09,0.07397050050370464,0.011511132829102573,4.066304325160061e-06,4.381834774996124e-06,431.3243475771969
2343609363888.1675,3.9771487035546096e-10,3.97714870355461e-08,3.8533466429595046e-05,8.549869410188558e-09,0.0793444204266918,0.010796114490413114,4.066304325160061e-06,3.977148703554609e-06,391.489218070689
2582078211084.6016,3.609837573165932e-10,3.609837573165932e-08,4.245435506382671e-05,8.611187433467973e-09,0.08514481721435298,0.010162146666762873,4.066304325160061e-06,3.6098375731659316e-06,355.3330775934664
2844811934484.1484,3.2764496064715896e-10,3.27644960647159e-08,4.67742051491424e-05,8.67278365912135e-09,0.09139142669942624,0.009517990920497908,4.066304325160061e-06,3.2764496064715892e-06,322.5161516689482
3134279553516.6943,2.9738518163665845e-10,2.9738518163665848e-08,5.1533612135782895e-05,8.734658087148684e-09,0.09810481169582358,0.008887427242739944,4.066304325160061e-06,2.9738518163665846e-06,292.7300458257725
3453201317286.412,2.69920056400036e-10,2.6992005640003602e-08,5.677730217527792e-05,8.796810717549972e-09,0.10537683039148396,0.008268270476242283,4.066304325160061e-06,2.69920056400036e-06,265.69484748508955
3804574267898.0737,2.449914835905098e-10,2.4499148359050987e-08,6.255455243092602e-05,8.859241550325223e-09,0.1131883554592419,0.007662159143427467,4.066304325160061e-06,2.449914835905098e-06,241.15649550419127
4191700404923.5938,2.223651989125442e-10,2.223651989125442e-08,6.891965415604591e-05,8.921950585474432e-09,0.12154831030706663,0.007072642485846839,4.066304325160061e-06,2.2236519891254416e-06,218.88439265698136
4618217715682.493,2.018285736416132e-10,2.0182857364161322e-08,7.593242289174613e-05,8.984937822997599e-09,0.13058800322990544,0.006507891937614452,4.066304325160061e-06,2.0182857364161318e-06,198.6692386147354
5088134362940.568,1.8318861646254724e-10,1.8318861646254725e-08,8.365876057875111e-05,9.048203262894724e-09,0.14021959489871805,0.005964343036145483,4.066304325160061e-06,1.8318861646254724e-06,180.32106306278382
5605866351303.152,1.6627015984887894e-10,1.6627015984887896e-08,9.2171274865688e-05,9.111746905165809e-09,0.15061077772951698,0.0054423599560070425,4.066304325160061e-06,1.6627015984887893e-06,163.66744046947176
6176279026269.886,1.5091421393983782e-10,1.5091421393983784e-08,0.00010154996143373459,9.17556874981085e-09,0.16171688970803225,0.004948750193156463,4.066304325160061e-06,1.5091421393983782e-06,148.55186973083357
6804732795935.053,1.3697647244568208e-10,1.3697647244568208e-08,0.00011188295574971935,9.23966879682985e-09,0.1735461588062911,0.004479591829953563,4.066304325160061e-06,1.3697647244568207e-06,134.83230346382004
7497133504999.561,1.243259565407301e-10,1.2432595654073011e-08,0.00012326736131221489,9.304047046222808e-09,0.18627258163802873,0.004038442095241342,4.066304325160061e-06,1.243259565407301e-06,122.37981312722768
8259987934480.462,1.128437840001825e-10,1.1284378400018251e-08,0.00013581016217400254,9.368703497989725e-09,0.19975925920940313,0.0036260201555594397,4.066304325160061e-06,1.128437840001825e-06,111.07737742590693
9100464948671.975,1.0242205201379803e-10,1.0242205201379804e-08,0.0001496292283162645,9.4336381521306e-09,0.2142249349809094,0.003243582371749417,4.066304325160061e-06,1.0242205201379802e-06,100.81878261237779
10026462863981.904,9.296282317775003e-11,9.296282317775003e-09,0.00016485442332242887,9.498851008645432e-09,0.22958817157160774,0.0028901509790772873,4.066304325160061e-06,9.296282317775001e-07,91.5076243515202
11046683672736.834,8.437720513560253e-11,8.437720513560252e-09,0.00018162882476094788,9.564342067534223e-09,0.24584860292159155,0.0025664070740354455,4.066304325160061e-06,8.437720513560251e-07,83.05640176844243
12170714819468.053,7.658451521940812e-11,7.658451521940812e-09,0.00020011006874545237,9.630111328796974e-09,0.2632130614437924,0.0022695244605292807,4.066304325160061e-06,7.658451521940811e-07,75.38569516591673
13409119298164.941,6.951152224070262e-11,6.951152224070262e-09,0.00022047183130768962,9.696158792433684e-09,0.28150072770887496,0.001999504029767827,4.066304325160061e-06,6.951152224070261e-07,68.42341968404179
14773534917177.396,6.309175830619081e-11,6.3091758306190816e-09,0.00024290546050432583,9.76248445844435e-09,0.3009659409681827,0.0017552256894797138,4.066304325160061e-06,6.309175830619081e-07,62.10414788846074
16276783664601.186,5.726489419096577e-11,5.726489419096578e-09,0.00026762177459520493,9.829088326828976e-09,0.32150037285584065,0.0015354725668635632,4.066304325160061e-06,5.726489419096577e-07,56.36849492121111
17932992201899.223,5.197617239937865e-11,5.197617239937866e-09,0.0002948530431913088,9.895970397587558e-09,0.34309677536421873,0.0013395917455531336,4.066304325160061e-06,5.197617239937864e-07,51.16256043620844
19757724618087.676,4.717589258579526e-11,4.717589258579527e-09,0.0003248551699900933,9.963130670720101e-09,0.36598310517458466,0.0011654232785840513,4.066304325160061e-06,4.7175892585795263e-07,46.43742207499839
21768128692034.184,4.281894449952029e-11,4.281894449952029e-09,0.0003579100976102901,1.00305691462266e-08,0.38996472458564185,0.0010110866333398244,4.066304325160061e-06,4.2818944499520285e-07,42.14867572275389
23983097037356.39,3.8864384064776694e-11,3.8864384064776696e-09,0.0003943284571254136,1.0098285824107061e-08,0.41530675170053205,0.0008752282079949038,4.066304325160061e-06,3.8864384064776694e-07,38.2560182241108
26423444644267.324,3.527504861198509e-11,3.5275048611985092e-09,0.00043445248719475757,1.0166280704361477e-08,0.44189716746037727,0.0007559531664762405,4.066304325160061e-06,3.527504861198508e-07,34.72286863744612
29112104486803.24,3.2017207644509187e-11,3.201720764450919e-09,0.0004786592502241878,1.023455378698985e-08,0.4697235986930199,0.0006517326972554799,4.066304325160061e-06,3.2017207644509183e-07,31.51602446836618
32074343033636.855,2.906024585897618e-11,2.9060245858976183e-09,0.0005273641757803363,1.0303105071992184e-08,0.49900961424384355,0.0005495621157258992,4.066304325160061e-06,2.906024585897618e-07,28.605349651886232
35337997687723.34,2.6376375440378743e-11,2.6376375440378745e-09,0.0005810249645571789,1.0371934559368474e-08,0.5295765833995483,0.00047049038403476585,4.066304325160061e-06,2.637637544037874e-07,25.963491351137545
38933738386096.734,2.3940374928277534e-11,2.3940374928277537e-09,0.00064014588958217,1.0441042249118725e-08,0.5616574348387152,0.00040226364217488123,4.066304325160061e-06,2.3940374928277537e-07,23.565622911242524
42895355818183.07,2.1729352200116745e-11,2.1729352200116748e-09,0.000705282535082227,1.0510428141242934e-08,0.5951526480390936,0.0003435184742753929,4.066304325160061e-06,2.1729352200116742e-07,21.389210552784412
47260078971137.26,1.9722529344309248e-11,1.972252934430925e-09,0.0007770470175426503,1.05800922357411e-08,0.6300418380321967,0.0002930401464775765,4.066304325160061e-06,1.9722529344309244e-07,19.41380161239382
52068924986311.836,1.7901047401452198e-11,1.79010474014522e-09,0.0008561137380234886,1.0650034532613226e-08,0.6665104128487811,0.0002496906527028668,4.066304325160061e-06,1.79010474014522e-07,17.62083234045874
57367084614605.56,1.6247789138744535e-11,1.6247789138744536e-09,0.0009432257197902735,1.0720255031859308e-08,0.7044308478991209,0.00021258475886730784,4.066304325160061e-06,1.6247789138744532e-07,15.993453449752792
63204346892978.15,1.4747218192142725e-11,1.4747218192142726e-09,0.0010392015908165103,1.079075373347935e-08,0.7439738492240718,0.0001792908520389406,4.066304325160061e-06,1.4747218192142722e-07,14.516371775588356
69635567032996.01,1.338523306460573e-11,1.3385233064605733e-09,0.0011449432767754587,1.0861530637473347e-08,0.7850866620681496,0.00015233723903629917,4.066304325160061e-06,1.3385233064605729e-07,13.175706559508276
76721181918353.25,1.2149034608389585e-11,1.2149034608389585e-09,0.0012614444768154589,1.0932585743841308e-08,0.8277654564007317,0.00012934408072922955,4.066304325160061e-06,1.2149034608389586e-07,11.958859005953865
84527778055716.42,1.1027005746066594e-11,1.1027005746066596e-09,0.0013898000017692517,1.1003919052583224e-08,0.8721618362488005,0.00010973312808628262,4.066304325160061e-06,1.1027005746066594e-07,10.854393886077965
93128717316165.83,1.0008602299957045e-11,1.0008602299957046e-09,0.0015312160625523777,1.1075530563699098e-08,0.918251535687821,9.302142838148658e-05,4.066304325160061e-06,1.0008602299957047e-07,9.851932076084324
102604826347588.62,9.084253904051683e-12,9.084253904051683e-10,0.0016870216054350514,1.1147420277188932e-08,0.96616497900238,7.878446721656884e-05,4.066304325160061e-06,9.084253904051684e-08,8.942053020230919
113045156136724.62,8.245274067252336e-12,8.245274067252337e-10,0.00185868080070987,1.1219588193052718e-08,1.0159428044643366,6.668307166463333e-05,4.066304325160061e-06,8.245274067252338e-08,8.116206201900756
124547818858783.98,7.483778542757592e-12,7.483778542757592e-10,0.002047806802116553,1.1292034311290472e-08,1.0676384392567229,5.5109556166067265e-05,4.066304325160061e-06,7.483778542757592e-08,7.366630790796987
137220909878871.6,6.7926112364755865e-12,6.792611236475587e-10,0.002256176906326911,1.1364758631902181e-08,1.1214109168367072,4.658933974568061e-05,4.066304325160061e-06,6.792611236475587e-08,6.686282711152567
151183523569649.6,6.165276958194574e-12,6.165276958194574e-10,0.0024857492549500548,1.1437761154887845e-08,1.1773503841266422,3.937160246415712e-05,4.066304325160061e-06,6.165276958194574e-08,6.068768445584194
166566872491304.22,5.595880383545578e-12,5.595880383545578e-10,0.0027386812360136073,1.1511041880247471e-08,1.2355922643638353,3.3249549553988985e-05,4.066304325160061e-06,5.595880383545578e-08,5.50828495251733
183515520451226.03,5.079070653156845e-12,5.079070653156846e-10,0.0030173497578474514,1.1584600807981051e-08,1.2962662147450539,2.8066154682866903e-05,4.066304325160061e-06,5.079070653156845e-08,4.99956513256094
202188741030978.78,4.609991088375267e-12,4.6099910883752677e-10,0.0033243735858921406,1.1658437938088595e-08,1.3594840082355388,2.3680650042127348e-05,4.066304325160061e-06,4.609991088375267e-08,4.537828331356726
222762014347212.34,4.184233551012021e-12,4.184233551012021e-10,0.0036626379523404555,1.1732553270570096e-08,1.4254255249985814,1.9967690355234117e-05,4.066304325160061e-06,4.18423355101202e-08,4.118735413757069
245428676112210.38,3.7977970182118196e-12,3.7977970182118196e-10,0.004035321669879236,1.1806946805425554e-08,1.4942446116117167,1.5786022348357134e-05,4.066304325160061e-06,3.797797018211819e-08,3.7383479871449183
270401734490986.25,3.4470499831564422e-12,3.447049983156443e-10,0.004445927004330698,1.188161854265497e-08,1.5660933415153684,1.3295943351310754e-05,4.066304325160061e-06,3.447049983156442e-08,3.393091390700041
297915871828703.56,3.128696328265993e-12,3.1286963282659933e-10,0.004898312586919105,1.1956568482258338e-08,1.6411491652665675,1.1192438861108067e-05,4.066304325160061e-06,3.128696328265992e-08,3.07972110280606
328229650059494.6,2.839744350194071e-12,2.8397443501940717e-10,0.005396729675453197,1.2031796624235673e-08,1.7195637758586602,9.417508672185378e-06,4.066304325160061e-06,2.839744350194071e-08,2.7952922509146227
361627940521826.06,2.5774786455317344e-12,2.577478645531735e-10,0.005945862105185854,1.2107302968586965e-08,1.801533898060153,7.920105520135673e-06,4.066304325160061e-06,2.5774786455317342e-08,2.537131937338089
398424601014421.56,2.3394345930182375e-12,2.3394345930182376e-10,0.006550870304786262,1.2183087515312217e-08,1.8872505491751586,6.658407859199803e-06,4.066304325160061e-06,2.3394345930182375e-08,2.3028141209044306
438965425250154.3,2.123375192457254e-12,2.1233751924572544e-10,0.007217439791061051,1.2259150264411425e-08,1.9768927755490104,5.596072881203456e-06,4.066304325160061e-06,2.123375192457254e-08,2.0901368184267977
483631392425173.5,1.9272700426840836e-12,1.927270042684084e-10,0.007951834598149781,1.233549121588459e-08,2.0706733109482363,4.700257914952801e-06,4.066304325160061e-06,1.9272700426840833e-08,1.8971014117403
532842247440830.6,1.7492762610309546e-12,1.7492762610309547e-10,0.008760956143291372,1.2412110369731714e-08,2.168786228770702,3.411194715605363e-06,4.066304325160061e-06,1.7492762610309546e-08,1.7218938658455514
587060445423263.4,1.5877211649825983e-12,1.5877211649825986e-10,0.009652408082347927,1.2489007725952794e-08,2.271455552307112,2.8645862807148237e-06,4.066304325160061e-06,1.5877211649825984e-08,1.5628676816579237
646795497608944.1,1.4410865532743275e-12,1.4410865532743276e-10,0.010634567764560598,1.256618328454784e-08,2.378912826643433,2.4044293780019006e-06,4.066304325160061e-06,1.4410865532743275e-08,1.4185284231623507
712608759436314.5,1.3079944387154663e-12,1.3079944387154665e-10,0.01171666495802792,1.2643637045516836e-08,2.4913800790143648,2.017779537585615e-06,4.066304325160061e-06,1.3079944387154662e-08,1.2875196735688175
785118705839211.5,1.187194098663488e-12,1.1871940986634882e-10,0.012908868585723059,1.2721369008859798e-08,2.6091111196534964,1.6925781869480632e-06,4.066304325160061e-06,1.187194098663488e-08,1.168610288492633
865006743316248.4,1.0775503214566888e-12,1.0775503214566888e-10,0.014222382287144899,1.2799379174576711e-08,2.732353060426757,1.4192484268416192e-06,4.066304325160061e-06,1.077550321456689e-08,1.0606828263722383
953023613394602.6,9.78032738352195e-13,9.780327383521951e-11,0.01566954970363596,1.2877667542667582e-08,2.8613749753613664,1.1898606265418583e-06,4.066304325160061e-06,9.780327383521949e-09,0.9627230474003275
1049996447664279.2,8.877061407170096e-13,8.877061407170097e-11,0.0172639704767779,1.2956234113132418e-08,2.996459590110802,9.970403238020847e-07,4.066304325160061e-06,8.877061407170096e-09,0.8738103822852932
1156836540681930.5,8.05721691478712e-13,8.05721691478712e-11,0.019020628049949695,1.3035078885971206e-08,3.1378883825210973,7.231946844945126e-07,4.066304325160061e-06,8.057216914787121e-09,0.7931092812739803
1274547913789541.2,7.313089482460502e-13,7.313089482460503e-11,0.0209560304740544,1.3114201861183958e-08,3.285970247519505,6.071119149405254e-07,4.066304325160061e-06,7.3130894824605014e-09,0.7198613621388146
1404236750325747.8,6.637686231373775e-13,6.637686231373776e-11,0.02308836554062466,1.3193603038770663e-08,3.441018636264913,5.094270637624159e-07,4.066304325160061e-06,6.637686231373775e-09,0.653378283340674
1547121790896452.0,6.024660112779776e-13,6.024660112779777e-11,0.02543767170015803,1.3273282418731331e-08,3.6033662516794145,4.2737058784855317e-07,4.066304325160061e-06,6.024660112779776e-09,0.5930352753936043
1704545786393496.2,5.468250262110902e-13,5.4682502621109025e-11,0.02802602637187436,1.3353240001065954e-08,3.773362235252476,3.584283628888504e-07,4.066304325160061e-06,5.468250262110901e-09,0.5382652696428761
1877988116390173.2,4.963227861709083e-13,4.9632278617090835e-11,0.030877753414520117,1.3433475785774538e-08,3.951364316232276,3.004657995972008e-07,4.066304325160061e-06,4.963227861709083e-09,0.4885535692820663
2069078691494026.5,4.50484700342446e-13,4.504847003424461e-11,0.03401965170791151,1.3513989772857079e-08,4.137754739405475,2.5182927667768477e-07,4.066304325160061e-06,4.50484700342446e-09,0.4434330125304335
2279613270303138.0,4.0888000893181317e-13,4.0888000893181324e-11,0.037481246993292416,1.359478196231358e-08,4.332929366881811,2.109981167621838e-07,4.066304325160061e-06,4.0888000893181314e-09,0.4024795825169577
2511570334905832.0,3.711177351350482e-13,3.711177351350482e-11,0.0412950693391575,1.3675852354144034e-08,4.537304205216401,1.5235413274187052e-07,4.066304325160061e-06,3.711177351350482e-09,0.3653084226152576
2767129683509943.5,3.3684301096446155e-13,3.368430109644616e-11,0.045496958840003335,1.3757200948348454e-08,4.751315385418781,1.2786616896351434e-07,4.066304325160061e-06,3.368430109644616e-09,0.3315702197838198
3048692914924437.5,3.057337424047279e-13,3.057337424047279e-11,0.050126402420787926,1.3838827744926825e-08,4.975415986190614,1.072814340279983e-07,4.066304325160061e-06,3.057337424047279e-09,0.30094792192425984
3358905997394718.0,2.774975825597937e-13,2.774975825597937e-11,0.0552269049121921,1.3920732743879157e-08,5.21008359689601,8.997463401964614e-08,4.066304325160061e-06,2.7749758255979364e-09,0.27315375840924583
3700684133880319.0,2.5186918434600203e-13,2.5186918434600206e-11,0.06084639788383134,1.4002915945205448e-08,5.455816790857436,7.544652367860421e-08,4.066304325160061e-06,2.51869184346002e-09,0.24792653578074753
4077239157444699.5,2.286077069138099e-13,2.286077069138099e-11,0.06703769007739922,1.40853773489057e-08,5.713137950621215,6.324205195108102e-08,4.066304325160061e-06,2.2860770691380985e-09,0.22502918320512275
4492109714202875.5,2.0749455236491834e-13,2.0749455236491837e-11,0.07385896367264819,1.4168116954979905e-08,5.9825947562464385,5.299096851536395e-08,4.066304325160061e-06,2.0749455236491834e-09,0.20424652461867435
4949194517469187.0,1.8833131149576605e-13,1.8833131149576607e-11,0.08137432104983476,1.4251134763428073e-08,6.264759226592973,4.4394242468540554e-08,4.066304325160061e-06,1.8833131149576605e-09,0.18538325662756414
5452788985607715.0,1.7093789926271013e-13,1.7093789926271013e-11,0.08965438718677468,1.4334430774250196e-08,6.560231162995323,3.717825129505863e-08,4.066304325160061e-06,1.709378992627101e-09,0.16826211315959594
6007625607887603.0,1.551508624470304e-13,1.5515086244703043e-11,0.09877697335150218,1.4418004987446277e-08,6.869638803013952,2.675876391703555e-08,4.066304325160061e-06,1.551508624470304e-09,0.1527221996202812
6618918417677365.0,1.4082184361621195e-13,1.4082184361621195e-11,0.10882780832751852,1.4501857403016316e-08,7.19363928997446,2.2447608069613573e-08,4.066304325160061e-06,1.4082184361621194e-09,0.1386174808985909
7292411990911785.0,1.2781618694668483e-13,1.2781618694668486e-11,0.11990134404326629,1.4585988020960314e-08,7.532921446730678,1.8825801920373e-08,4.066304325160061e-06,1.2781618694668483e-09,0.12581540901352817
8034435430291263.0,1.160116728063414e-13,1.1601167280634144e-11,0.13210164317667858,1.467039684127827e-08,7.888206040785239,1.578195285250347e-08,4.066304325160061e-06,1.160116728063414e-09,0.11419567750492989
8851961842524483.0,1.0529736920519819e-13,1.052973692051982e-11,0.14554335707597466,1.4755083863970184e-08,8.260247624471875,1.3227726776232542e-08,4.066304325160061e-06,1.052973692051982e-09,0.10364909086301069
9752673867548824.0,9.557258932076769e-14,9.55725893207677e-12,0.16035280318666373,1.4840049089036063e-08,8.649837061508213,1.1084988618617745e-08,4.066304325160061e-06,9.557258932076768e-10,0.09407653837217073
1.0745035875532346e+16,8.674594530159705e-14,8.674594530159707e-12,0.1766691521097615,1.492529251647589e-08,9.057801616165689,9.285227614927113e-09,4.066304325160061e-06,8.674594530159706e-10,0.08538806272587411
1.1838373510124974e+16,7.873448945714055e-14,7.873448945714057e-12,0.19464573544653907,1.5010814146289685e-08,9.485008289020017,7.775918630199203e-09,4.066304325160061e-06,7.873448945714055e-10,0.07750201465995457
1.3042961325458048e+16,7.146293476338997e-14,7.146293476338998e-12,0.21445148672013367,1.509661397847743e-08,9.932364730438474,6.510656224529528e-09,4.066304325160061e-06,7.146293476338996e-10,0.07034428566010507
1.4370119340456582e+16,6.486294735900304e-14,6.486294735900305e-12,0.23627252891501127,1.518269201303914e-08,10.400820964996559,4.666371135297378e-09,4.066304325160061e-06,6.486294735900304e-10,0.06384761153295836
1.583231941782289e+16,5.887250438323955e-14,5.8872504383239565e-12,0.26031392355301053,1.5269048249974803e-08,10.89137256161088,3.912829289613775e-09,4.066304325160061e-06,5.887250438323955e-10,0.05795094029614324
1.744330246738282e+16,5.343531112101828e-14,5.343531112101829e-12,0.2868015977428234,1.5355682689284423e-08,11.405061298233813,3.2806572308716403e-09,4.066304325160061e-06,5.343531112101828e-10,0.052598858447094526
1.9218207575201024e+16,4.8500271977777154e-14,4.8500271977777156e-12,0.31598446731216223,1.544259533096801e-08,11.942978652380939,2.7495151395036847e-09,4.066304325160061e-06,4.850027197777715e-10,0.04774107021903818
2.1173714271946944e+16,4.40210103126569e-14,4.40210103126569e-12,0.348136775974598,1.5529786175025547e-08,12.506267445883188,2.303600740015062e-09,4.066304325160061e-06,4.402101031265689e-10,0.043331924930493496
2.3328199277468972e+16,3.995543261767589e-14,3.995543261767589e-12,0.3835606725132322,1.5617255221457047e-08,13.096124068860501,1.929920743111669e-09,4.066304325160061e-06,3.995543261767589e-10,0.03932998798659392
2.570190919456756e+16,3.626533294731413e-14,3.6265332947314134e-12,0.422589050200018,1.57050024702625e-08,13.71380182785718,1.6163749206543394e-09,4.066304325160061e-06,3.6265332947314135e-10,0.03569765150075502
2.831715077484857e+16,3.291603388115277e-14,3.2916033881152775e-12,0.4655886751340342,1.5793027921441923e-08,14.360612700717283,1.353210256465597e-09,4.066304325160061e-06,3.2916033881152767e-10,0.03240078087752563
3.119850054465928e+16,2.987606064555518e-14,2.987606064555518e-12,0.5129636328969274,1.5881331574995298e-08,15.037930866034488,1.1327839898960096e-09,4.066304325160061e-06,2.987606064555518e-10,0.029408394035423786
3.4373035761057044e+16,2.711684533196329e-14,2.711684533196329e-12,0.5651591259153054,1.5969913430922627e-08,15.747195232858841,9.47946606637208e-10,4.066304325160061e-06,2.711684533196329e-10,0.02669237025526862
3.78705888681933e+16,2.4612458432233886e-14,2.461245843223389e-12,0.6226656572153707,1.605877348922392e-08,16.489912423141124,6.772869718530578e-10,4.066304325160061e-06,2.461245843223389e-10,0.02422718591794358
4.1724027845355336e+16,2.2339365168130234e-14,2.2339365168130236e-12,0.6860236398864331,1.614791174989917e-08,17.267660342739568,5.676713678906799e-10,4.066304325160061e-06,2.233936516813023e-10,0.02198967464819814
4.5969565081205064e+16,2.0276204325102846e-14,2.027620432510285e-12,0.7558284755702256,1.623732821294837e-08,18.082091130220537,4.757309133334685e-10,4.066304325160061e-06,2.0276204325102843e-10,0.01995880961046656
5.064709767684589e+16,1.840358751196015e-14,1.8403587511960152e-12,0.8327361497008804,1.6327022878371533e-08,18.934934977224895,3.9853157640010524e-10,4.066304325160061e-06,1.840358751196015e-10,0.01811550591083864
5.580058237568046e+16,1.6703916959993206e-14,1.6703916959993209e-12,0.9174693960762562,1.641699574616866e-08,19.82800365101057,3.3375906205511477e-10,4.066304325160061e-06,1.6703916959993208e-10,0.016442441248276225
6.147844864343637e+16,1.5161220149333414e-14,1.5161220149333416e-12,1.010824488691743,1.650724681633974e-08,20.763194308531883,2.794931135724122e-10,4.066304325160061e-06,1.5161220149333411e-10,0.01492389312965656
6.7734053780251224e+16,1.376099970845669e-14,1.376099970845669e-12,1.1136787246623416,1.6597776088884784e-08,21.742493674714783,2.339731845927064e-10,4.066304325160061e-06,1.376099970845669e-10,0.013545591118883135
7.462618434168539e+16,1.2490097176279885e-14,1.2490097176279887e-12,1.226998668552992,1.668858356380378e-08,22.767982106573324,1.9581308559372562e-10,4.066304325160061e-06,1.2490097176279885e-10,0.012294582731589817
8.221960858074315e+16,1.1336569346560153e-14,1.1336569346560154e-12,1.3518492355928695,1.677966924109674e-08,23.841838131302797,1.6386661499562167e-10,4.066304325160061e-06,1.1336569346560152e-10,0.011159111715190202
9.058568510241323e+16,1.0289576032557883e-14,1.0289576032557883e-12,1.4894036991321191,1.687103312076365e-08,24.966343015763773,1.37080489657789e-10,4.066304325160061e-06,1.0289576032557882e-10,0.010128507570422747
9.980303345053294e+16,9.339278197236494e-15,9.339278197236495e-13,1.6409547163856506,1.6962675202804526e-08,26.1438856006476,9.751533196367894e-11,4.066304325160061e-06,9.339278197236493e-11,0.009193085276175282
1.099582729287408e+17,8.476745491689134e-15,8.476745491689134e-13,1.807926476077209,1.7054595487219356e-08,27.376967430399013,8.171929345579984e-11,4.066304325160061e-06,8.476745491689133e-11,0.008344054275264166
1.2114683659855213e+17,7.693872332889017e-15,7.693872332889018e-13,1.9918880821405964,1.7146793974008154e-08,28.668208008048584,6.845492933773517e-11,4.066304325160061e-06,7.693872332889017e-11,0.00757343586586634
1.3347386810401629e+17,6.983301732113209e-15,6.983301732113209e-13,2.1945682992499482,1.7239270663170893e-08,30.020350405488507,5.7335682193056576e-11,4.066304325160061e-06,6.983301732113209e-11,0.006873988222299191
1.4705520975081942e+17,6.33835615822127e-15,6.33835615822127e-13,2.4178717987494163,1.7332025554707597e-08,31.43626706904061,4.800268163444714e-11,4.066304325160061e-06,6.338356158221269e-11,0.006239138340534794
1.620184911252074e+17,5.752974786083596e-15,5.752974786083597e-13,2.663897057651768,1.742505864861827e-08,32.91896591492707,4.017682074158986e-11,4.066304325160061e-06,5.7529747860835965e-11,0.00566292026891353
1.7850432848294528e+17,5.221656540455717e-15,5.221656540455717e-13,2.934956078910428,1.7518369944902886e-08,34.47159674313277,3.3626872478538656e-11,4.066304325160061e-06,5.221656540455717e-11,0.005139919043584333
1.9666764617949248e+17,4.73940840005752e-15,4.739408400057521e-13,3.2335961182849116,1.761195944356147e-08,36.09745790372964,2.8135877941676527e-11,4.066304325160061e-06,4.7394084000575203e-11,0.004665219801808946
2.1667913255939386e+17,4.3016984760502144e-15,4.3016984760502146e-13,3.5626236219755922,1.7705827144594008e-08,37.80000332200115,2.3534736370370942e-11,4.066304325160061e-06,4.301698476050214e-11,0.0042343615949276
2.3872684398654016e+17,3.9044134239682725e-15,3.904413423968273e-13,3.925130599980602,1.779997304800051e-08,39.582849827605315,1.968491406015259e-11,4.066304325160061e-06,3.904413423968273e-11,0.003843295466945702
2.6301797208899094e+17,3.5438197888897837e-15,3.5438197888897837e-13,4.324523683015513,1.7894397153780964e-08,41.44978483540872,1.645984576679547e-11,4.066304325160061e-06,3.5438197888897833e-11,0.003488346404789755
2.8978079082596243e+17,3.2165289205881964e-15,3.2165289205881965e-13,4.764556136056879,1.7989099461935385e-08,43.40477440003376,1.1667962219732408e-11,4.066304325160061e-06,3.2165289205881963e-11,0.00316617880266176
3.1926680167432685e+17,2.9194651289595033e-15,2.9194651289595036e-13,5.2493631293533705,1.8084079972463754e-08,45.45197163240523,9.773979497322764e-12,4.066304325160061e-06,2.9194651289595035e-11,0.0028737651159472313
3.5175309709391034e+17,2.64983678046701e-15,2.64983678046701e-13,5.783500598362119,1.817933868536609e-08,47.59572552908725,8.184028398142668e-12,4.066304325160061e-06,2.64983678046701e-11,0.0026083574101034056
3.875449644819941e+17,2.405110063985706e-15,2.4051100639857063e-13,6.371988057792262,1.8274875600642375e-08,49.84059020801607,6.851798093456224e-12,4.066304325160061e-06,2.4051100639857057e-11,0.0023674615371614563
4.26978755087559e+17,2.1829851795120036e-15,2.182985179512004e-13,7.020355772098649,1.8370690718292625e-08,52.191334582117875,5.7342653717010916e-12,4.066304325160061e-06,2.1829851795120034e-11,0.0021488136971676156
4.704250448455792e+17,1.981374725974873e-15,1.9813747259748734e-13,7.734696725705206,1.846678403831683e-08,54.65295249351163,4.797619245245012e-12,4.066304325160061e-06,1.981374725974873e-11,0.001950359164301934
5.182921168351431e+17,1.798384085048901e-15,1.7983840850489012e-13,8.521723881345503,1.856315556071499e-08,57.23067331892694,4.013493205991113e-12,4.066304325160061e-06,1.798384085048901e-11,0.0017702329777544326
5.710297980874602e+17,1.6322936166281573e-15,1.6322936166281576e-13,9.388833264600132,1.8659805285487118e-08,59.92997308131258,3.3565162762975836e-12,4.066304325160061e-06,1.6322936166281572e-11,0.0016067424159031322
6.291336867998717e+17,1.4815424986440528e-15,1.481542498644053e-13,10.344173467463172,1.8756733212633197e-08,62.756586081728656,2.806671983383339e-12,4.066304325160061e-06,1.4815424986440528e-11,0.0014583510890962368
6.931498096808233e+17,1.344714059363052e-15,1.3447140593630522e-13,11.396722224092771,1.885393934215324e-08,65.71651708072422,2.346520582996646e-12,4.066304325160061e-06,1.344714059363052e-11,0.0013236645015515572
7.636797531927293e+17,1.2205224643259548e-15,1.220522464325955e-13,12.556370778358811,1.8951423674047235e-08,68.81605405588908,1.961417014171136e-12,4.066304325160061e-06,1.2205224643259546e-11,0.0012014169466925428
8.41386316913314e+17,1.1078006328199626e-15,1.1078006328199627e-13,13.834016836027159,1.9049186208315197e-08,72.06178155856041,1.3837701437277763e-12,4.066304325160061e-06,1.1078006328199624e-11,0.0010904596127705403
9.269997421422884e+17,1.0054892703298697e-15,1.0054892703298698e-13,15.241666975088789,1.91472269449571e-08,75.46059470271939,1.158784390854856e-12,4.066304325160061e-06,1.0054892703298697e-11,0.0009897497869971292
1.0213245742863799e+18,9.126269139013871e-16,9.126269139013873e-14,16.792549476629684,1.924554588397298e-08,79.01971381232413,9.701330313224253e-13,4.066304325160061e-06,9.12626913901387e-12,0.0008983410567329175
1.1252472235112403e+18,8.283408968689769e-16,8.283408968689769e-14,18.50123863655737,1.934414302536281e-08,82.74669976002752,8.119499243271216e-13,4.066304325160061e-06,8.283408968689769e-12,0.0008153744156495211
1.239744294711085e+18,7.518391480396726e-16,7.518391480396727e-14,20.383791726397604,1.9443018369126605e-08,86.64947002916563,6.793655003215737e-13,4.066304325160061e-06,7.518391480396727e-12,0.0007400701912853256
1.3658917650760328e+18,6.824027482666183e-16,6.824027482666184e-14,22.45789989023493,1.9542171915264352e-08,90.73631553343198,5.682744827778373e-13,4.066304325160061e-06,6.824027482666182e-12,0.0006717207181351232
1.5048750955029005e+18,6.193791744630745e-16,6.193791744630746e-14,24.743054395844158,1.964160366377605e-08,95.01591822981612,4.752419109104553e-13,4.066304325160061e-06,6.193791744630745e-12,0.0006096836874193293
1.658000370870395e+18,5.621761675682326e-16,5.621761675682327e-14,27.260729802340528,1.974131361466172e-08,99.49736956225811,3.973410503098918e-13,4.066304325160061e-06,5.621761675682326e-12,0.0005533761110379415
1.8267065738686403e+18,5.102561668394445e-16,5.102561668394445e-14,30.03458576565351,1.9841301767921343e-08,104.19018977520375,3.3215096694030947e-13,4.066304325160061e-06,5.102561668394444e-12,0.0005022688429858913
2.0125791077255273e+18,4.631312581675393e-16,4.631312581675393e-14,33.09068937827753,1.994156812355492e-08,109.10434813809236,2.776044927624433e-13,4.066304325160061e-06,4.631312581675392e-12,0.0004558816067451947
2.2173646949083139e+18,4.2035858894252303e-16,4.203585889425231e-14,36.45776013271465,2.004211268156246e-08,114.25028412373365,2.3197022758509633e-13,4.066304325160061e-06,4.2035858894252305e-12,0.00041377848192431036
2.442987791810272e+18,3.8153620638109796e-16,3.81536206381098e-14,40.167439810640595,2.0142935441943966e-08,119.63892958557436,1.6264323460734264e-13,4.066304325160061e-06,3.81536206381098e-12,0.00037556380773063583
2.6915686736776356e+18,3.4629928020713077e-16,3.462992802071308e-14,44.254589834048794,2.0244036404699416e-08,125.2817319809562,1.3616044414856711e-13,4.066304325160061e-06,3.462992802071308e-12,0.00034087846477946147
2.965443359729023e+18,3.143166741879027e-16,3.1431667418790277e-14,48.75761887271437,2.0345415569828833e-08,131.19067868971163,1.13979794446842e-13,4.066304325160061e-06,3.1431667418790267e-12,0.0003093965002978721
3.267185565711527e+18,2.852878343075187e-16,2.852878343075187e-14,53.718843786634636,2.0447072937332202e-08,137.37832247974654,9.53926703366335e-14,4.066304325160061e-06,2.852878343075187e-12,0.0002808220650093106
3.5996308901914957e+18,2.589399643342435e-16,2.589399643342435e-14,59.1848872953838,2.054900850720954e-08,143.85780817372137,7.980633642725923e-14,4.066304325160061e-06,2.589399643342434e-12,0.00025488663291333016
3.96590346186806e+18,2.350254622394629e-16,2.3502546223946292e-14,65.2071161114374,2.0651222279460825e-08,150.64290057346594,6.675534903618086e-14,4.066304325160061e-06,2.350254622394629e-12,0.00023134647783371775
4.369445298326226e+18,2.1331959337714463e-16,2.1331959337714465e-14,71.84212365480198,2.0753714254086068e-08,157.74801370146548,5.582349963230072e-14,4.066304325160061e-06,2.133195933771446e-12,0.00020998038302097143
4.81404865212538e+18,1.9361837855774772e-16,1.9361837855774775e-14,79.15226188521167,2.0856484431085282e-08,165.1882414215234,4.667020372759319e-14,4.066304325160061e-06,1.9361837855774773e-12,0.0001905875622853651
5.303891648193305e+18,1.7573667716989083e-16,1.7573667716989085e-14,87.20622724974687,2.095953281045844e-08,172.97938950365622,3.90061565287615e-14,4.066304325160061e-06,1.7573667716989081e-12,0.00017298577312458037
5.843577547425727e+18,1.5950644733605698e-16,1.59506447336057e-14,96.07970625227861,2.106285939220556e-08,181.13800920134503,3.259487046087724e-14,4.066304325160061e-06,1.5950644733605699e-12,0.00015700960411416275
6.438178005466914e+18,1.4477516675232551e-16,1.447751667523255e-14,105.85608671140925,2.116646417632664e-08,189.68143241245613,2.7230928366195478e-14,4.066304325160061e-06,1.447751667523255e-12,0.00014250892046672827
7.093280733193709e+18,1.314043993720462e-16,1.3140439937204622e-14,116.62724139092312,2.1270347162821685e-08,198.62780849854877,2.274591109390618e-14,4.066304325160061e-06,1.314043993720462e-12,0.0001293474531521362
7.815042006787088e+18,1.1926849446402733e-16,1.1926849446402735e-14,128.49439136682642,2.137450835169068e-08,207.99614284076335,1.8995881884583242e-14,4.066304325160061e-06,1.1926849446402733e-12,0.00011740151832004347
8.610244520852159e+18,1.0825340581969648e-16,1.0825340581969649e-14,141.56905724442797,2.147894774293364e-08,217.80633721422058,1.3270722564955846e-14,4.066304325160061e-06,1.0825340581969648e-12,0.0001065588549906732
9.486361128254863e+18,9.82556200128654e-17,9.82556200128654e-15,155.97410716441698,2.158366533655055e-08,228.0792320666782,1.1104062428518841e-14,4.066304325160061e-06,9.825562001286539e-13,9.671757009112608e-05
1.0451625065667633e+19,8.918118364046831e-17,8.918118364046832e-15,171.84491144652878,2.1688661132541427e-08,238.83665079128534,9.290462149412494e-15,4.066304325160061e-06,8.918118364046831e-13,8.778518092326107e-05
1.15151073247605e+19,8.094482040288003e-17,8.094482040288003e-15,189.33061472142847,2.1793935130906254e-08,250.10144608745819,7.772022392084283e-15,4.066304325160061e-06,8.094482040288002e-13,7.967774606484673e-05
1.2686801896130204e+19,7.346912972661278e-17,7.34691297266128e-15,208.59553750561975,2.189948733164505e-08,261.8975485083965,6.499117227557822e-15,4.066304325160061e-06,7.346912972661277e-13,7.231907653666317e-05
1.3977719687037247e+19,6.668385939854219e-17,6.6683859398542195e-15,229.8207203905168,2.200531773475779e-08,274.2500172983386,5.434139445845465e-15,4.066304325160061e-06,6.66838593985422e-13,6.564001982258945e-05
1.5399991995538555e+19,6.052524537627403e-17,6.052524537627403e-15,253.20562535712494,2.211142634024449e-08,287.1850936275862,4.5422834778949605e-15,4.066304325160061e-06,6.052524537627402e-13,5.9577810014286164e-05
1.6966984513403318e+19,5.4935412570590256e-17,5.493541257059027e-15,278.97001020426194,2.221781314810516e-08,300.73025633836346,3.796255743620684e-15,4.066304325160061e-06,5.493541257059026e-13,5.407547797352751e-05
1.869342292914603e+19,4.986183096886726e-17,4.986183096886727e-15,307.35599370511954,2.2324478158339785e-08,314.9142803199431,3.171371303544722e-15,4.066304325160061e-06,4.986183096886726e-13,4.9081315969222425e-05
2.059553131152305e+19,4.525682198842475e-17,4.5256821988424754e-15,338.63033089934225,2.2431421370948364e-08,329.7672976370635,2.6491830690086894e-15,4.066304325160061e-06,4.525682198842475e-13,4.45483917580893e-05
2.2691184573937283e+19,4.1077110420811086e-17,4.107711042081109e-15,373.0869199024417,2.25386427859309e-08,345.320861541468,2.2125237606245775e-15,4.066304325160061e-06,4.1077110420811083e-13,4.043410754260694e-05
2.500007645252716e+19,3.728341775644473e-17,3.728341775644473e-15,411.0495637901598,2.2646142403287397e-08,361.6080135025819,1.8471776306788777e-15,4.066304325160061e-06,3.7283417756444723e-13,3.6699799661571724e-05
2.7543904576496484e+19,3.384009306792284e-17,3.3840093067922845e-15,452.8750135122957,2.2753920223017853e-08,378.6633533996928,1.5420268711609448e-15,4.066304325160061e-06,3.3840093067922835e-13,3.3310375251395344e-05
3.034657436987395e+19,3.071477798324222e-17,3.071477798324222e-15,498.95632043162743,2.2861976245122274e-08,396.5231130247836,1.0716307510075597e-15,4.066304325160061e-06,3.0714777983242214e-13,3.023398246368638e-05
3.3434423700847067e+19,2.787810260055454e-17,2.787810260055454e-15,549.726529993044,2.297031046960064e-08,415.22523305212485,8.962857683224362e-16,4.066304325160061e-06,2.7878102600554536e-13,2.7441711140021192e-05
3.6836470389801538e+19,2.5303409486829737e-17,2.530340948682974e-15,605.6627512339647,2.3078922896452985e-08,434.8094436381816,7.49512228078538e-16,4.066304325160061e-06,2.5303409486829737e-13,2.490732113100988e-05
4.058468490199627e+19,2.296650316673469e-17,2.2966503166734693e-15,667.2906403788336,2.3187813525679257e-08,455.31734882301276,6.26713143113871e-16,4.066304325160061e-06,2.296650316673469e-13,2.2606995706565013e-05
4.471429078748935e+19,2.0845422747561877e-17,2.0845422747561877e-15,735.1893406520327,2.32969823572795e-08,476.7925149125102,5.24019423193159e-16,4.066304325160061e-06,2.0845422747561874e-13,2.051911774005887e-05
4.926409569166874e+19,1.8920235543474235e-17,1.8920235543474236e-15,809.9969247306095,2.3406429391253716e-08,499.2805630291912,4.3796053078321155e-16,4.066304325160061e-06,1.892023554347423e-13,1.8624066563082886e-05
5.427685604703615e+19,1.7172849759663346e-17,1.7172849759663348e-15,892.4163909818853,2.3516154627601875e-08,522.8292660281767,3.6602657449819856e-16,4.066304325160061e-06,1.7172849759663348e-13,1.6904033581764996e-05
5.9799678873409585e+19,1.5586844476134596e-17,1.5586844476134598e-15,983.222269835174,2.3626158066323993e-08,547.4886499842542,3.058450768442428e-16,4.066304325160061e-06,1.5586844476134597e-13,1.5342854921913244e-05
6.588446446242074e+19,1.4147315333408723e-17,1.4147315333408724e-15,1083.2679023703038,2.3736439707420073e-08,573.3111004655777,2.554855026225446e-16,4.066304325160061e-06,1.4147315333408722e-13,1.3925859530284978e-05
7.2588394106413335e+19,1.284073446997879e-17,1.2840734469978791e-15,1193.493459523131,2.3846999550890117e-08,600.3514738198285,2.1334599503042855e-16,4.066304325160061e-06,1.2840734469978789e-13,1.2639731304520772e-05
7.9974467455121e+19,1.1654823395300303e-17,1.1654823395300303e-15,1314.9347772676415,2.3957837596734112e-08,628.6672137091817,1.7813266717670568e-16,4.066304325160061e-06,1.1654823395300302e-13,1.1472383956124407e-05
8.811209454990772e+19,1.057843760364454e-17,1.057843760364454e-15,1448.733090802836,2.4068953844952075e-08,658.3184731417141,1.4872112823140434e-16,4.066304325160061e-06,1.057843760364454e-13,1.0412847430519794e-05
9.707774809914884e+19,9.601461844486269e-18,9.60146184448627e-16,1596.145759220365,2.4180348295543977e-08,689.3682422584179,1.2410664720097266e-16,4.066304325160061e-06,9.601461844486267e-14,9.451164816829616e-06
1.06955682124478e+20,8.714715065234557e-18,8.714715065234558e-16,1758.558081437447,2.429202094850986e-08,721.8824821473638,8.564525563029773e-17,4.066304325160061e-06,8.714715065234557e-14,8.578298778590503e-06
1.1783872373129947e+20,7.909864133016338e-18,7.90986413301634e-16,1937.4963144340072,2.4403971803849688e-08,755.9302649692012,7.161396212991151e-17,4.066304325160061e-06,7.909864133016338e-14,7.786046626097534e-06
1.2982914544419106e+20,7.179345524717319e-18,7.179345524717319e-16,2134.642016132289,2.451620086156347e-08,791.5839206917607,5.986924271553679e-17,4.066304325160061e-06,7.179345524717319e-14,7.066963232274555e-06
1.4303962630487985e+20,6.516294249370731e-18,6.516294249370732e-16,2351.847847704674,2.462870812165122e-08,828.9191907454025,5.0036643224786734e-17,4.066304325160061e-06,6.51629424937073e-14,6.414291067680333e-06
1.5759431076464014e+20,5.914479334946665e-18,5.914479334946666e-16,2591.1549838107776,2.4741493584112916e-08,868.0153889255611,4.1819790431213886e-17,4.066304325160061e-06,5.914479334946665e-14,5.821896697159102e-06
1.7362997532198443e+20,5.368245273283806e-18,5.368245273283806e-16,2854.8122943753374,2.4854557248948586e-08,908.9555698843337,3.4949562507458456e-17,4.066304325160061e-06,5.3682452732838066e-14,5.284213141367377e-06
1.9129731386900398e+20,4.872458872898235e-18,4.872458872898235e-16,3145.2974781656994,2.496789911615821e-08,951.8267055689738,2.920249775427629e-17,4.066304325160061e-06,4.872458872898235e-14,4.796187561525329e-06
2.107623538253362e+20,4.422461020221243e-18,4.4224610202212433e-16,3465.3403467705907,2.5081519185741793e-08,996.7198699822002,2.4393928875284114e-17,4.066304325160061e-06,4.422461020221243e-14,4.353233775762801e-06
2.322080163677269e+20,4.014022895947583e-18,4.0140228959475836e-16,3817.948477788909,2.5195417457699337e-08,1043.7304326567319,2.0376135042760964e-17,4.066304325160061e-06,4.014022895947583e-14,3.951189160837433e-06
2.5583583541736417e+20,3.643306235039518e-18,3.6433062350395185e-16,4206.435478303039,2.5309593932030826e-08,1092.9582612551508,1.701833613017869e-17,4.066304325160061e-06,3.6433062350395177e-14,3.586275534210994e-06
2.8186785153898263e+20,3.3068272569343302e-18,3.3068272569343303e-16,4634.452124239657,2.5424048608736283e-08,1144.5079337253824,1.420886364080157e-17,4.066304325160061e-06,3.30682725693433e-14,3.2550636488774345e-06
3.105486985495627e+20,3.0014239269911743e-18,3.0014239269911746e-16,5106.020668248629,2.55387814878157e-08,1198.4889604626162,1.1861526352660429e-17,4.066304325160061e-06,3.001423926991174e-14,2.9544409672845354e-06
3.421479024453012e+20,2.724226241520329e-18,2.724226241520329e-16,5625.57263850457,2.5653792569269065e-08,1255.016016949481,9.900243128472791e-18,4.066304325160061e-06,2.724226241520329e-14,2.6815824115081432e-06
