E_prime_GeV_total,rate_acc,rate_acc_2,rate_sync,rate_Op,rate_pg,rate_photodisintegration,t_ad_val,Shear,ESC
157.6352446283938,4.640448950222592,464.0448950222593,1.5963154644788222e-15,1.0828632506694198e-09,2.2494024075162936e-12,2.0175747258590314e-13,2.5644281045607416e-06,3.134554489826849e-12,11484885688488.58
157.6352446283938,4.640448950222592,464.0448950222593,1.5963154644788222e-15,1.0828632506694198e-09,2.2494024075162936e-12,2.0175747258590314e-13,2.5644281045607416e-06,3.134554489826849e-12,11484885688488.58
157.6352446283938,4.640448950222592,464.0448950222593,1.5963154644788222e-15,1.0828632506694198e-09,2.2494024075162936e-12,2.0175747258590314e-13,2.5644281045607416e-06,3.134554489826849e-12,11484885688488.58
157.6352446283938,4.640448950222592,464.0448950222593,1.5963154644788222e-15,1.0828632506694198e-09,2.2494024075162936e-12,2.0175747258590314e-13,2.5644281045607416e-06,3.134554489826849e-12,11484885688488.58
157.6352446283938,4.640448950222592,464.0448950222593,1.5963154644788222e-15,1.0828632506694198e-09,2.2494024075162936e-12,2.0175747258590314e-13,2.5644281045607416e-06,3.134554489826849e-12,11484885688488.58
157.6352446283938,4.640448950222592,464.0448950222593,1.5963154644788222e-15,1.0828632506694198e-09,2.2494024075162936e-12,2.0175747258590314e-13,2.5644281045607416e-06,3.134554489826849e-12,11484885688488.58
157.6352446283938,4.640448950222592,464.0448950222593,1.5963154644788222e-15,1.0828632506694198e-09,2.2494024075162936e-12,2.0175747258590314e-13,2.5644281045607416e-06,3.134554489826849e-12,11484885688488.58
157.6352446283938,4.640448950222592,464.0448950222593,1.5963154644788222e-15,1.0828632506694198e-09,2.2494024075162936e-12,2.0175747258590314e-13,2.5644281045607416e-06,3.134554489826849e-12,11484885688488.58
157.6352446283938,4.640448950222592,464.0448950222593,1.5963154644788222e-15,1.0828632506694198e-09,2.2494024075162936e-12,2.0175747258590314e-13,2.5644281045607416e-06,3.134554489826849e-12,11484885688488.58
157.6352446283938,4.640448950222592,464.0448950222593,1.5963154644788222e-15,1.0828632506694198e-09,2.2494024075162936e-12,2.0175747258590314e-13,2.5644281045607416e-06,3.134554489826849e-12,11484885688488.58
157.6352446283938,4.640448950222592,464.0448950222593,1.5963154644788222e-15,1.0828632506694198e-09,2.2494024075162936e-12,2.0175747258590314e-13,2.5644281045607416e-06,3.134554489826849e-12,11484885688488.58
157.6352446283938,4.640448950222592,464.0448950222593,1.5963154644788222e-15,1.0828632506694198e-09,2.2494024075162936e-12,2.0175747258590314e-13,2.5644281045607416e-06,3.134554489826849e-12,11484885688488.58
157.6352446283938,4.640448950222592,464.0448950222593,1.5963154644788222e-15,1.0828632506694198e-09,2.2494024075162936e-12,2.0175747258590314e-13,2.5644281045607416e-06,3.134554489826849e-12,11484885688488.58
157.6352446283938,4.640448950222592,464.0448950222593,1.5963154644788222e-15,1.0828632506694198e-09,2.2494024075162936e-12,2.0175747258590314e-13,2.5644281045607416e-06,3.134554489826849e-12,11484885688488.58
157.6352446283938,4.640448950222592,464.0448950222593,1.5963154644788222e-15,1.0828632506694198e-09,2.2494024075162936e-12,2.0175747258590314e-13,2.5644281045607416e-06,3.134554489826849e-12,11484885688488.58
157.6352446283938,4.640448950222592,464.0448950222593,1.5963154644788222e-15,1.0828632506694198e-09,2.2494024075162936e-12,2.0175747258590314e-13,2.5644281045607416e-06,3.134554489826849e-12,11484885688488.58
157.6352446283938,4.640448950222592,464.0448950222593,1.5963154644788222e-15,1.0828632506694198e-09,2.2494024075162936e-12,2.0175747258590314e-13,2.5644281045607416e-06,3.134554489826849e-12,11484885688488.58
157.6352446283938,4.640448950222592,464.0448950222593,1.5963154644788222e-15,1.0828632506694198e-09,2.2494024075162936e-12,2.0175747258590314e-13,2.5644281045607416e-06,3.134554489826849e-12,11484885688488.58
157.6352446283938,4.640448950222592,464.0448950222593,1.5963154644788222e-15,1.0828632506694198e-09,2.2494024075162936e-12,2.0175747258590314e-13,2.5644281045607416e-06,3.134554489826849e-12,11484885688488.58
157.6352446283938,4.640448950222592,464.0448950222593,1.5963154644788222e-15,1.0828632506694198e-09,2.2494024075162936e-12,2.0175747258590314e-13,2.5644281045607416e-06,3.134554489826849e-12,11484885688488.58
157.6352446283938,4.640448950222592,464.0448950222593,1.5963154644788222e-15,1.0828632506694198e-09,2.2494024075162936e-12,2.0175747258590314e-13,2.5644281045607416e-06,3.134554489826849e-12,11484885688488.58
157.6352446283938,4.640448950222592,464.0448950222593,1.5963154644788222e-15,1.0828632506694198e-09,2.2494024075162936e-12,2.0175747258590314e-13,2.5644281045607416e-06,3.134554489826849e-12,11484885688488.58
157.6352446283938,4.640448950222592,464.0448950222593,1.5963154644788222e-15,1.0828632506694198e-09,2.2494024075162936e-12,2.0175747258590314e-13,2.5644281045607416e-06,3.134554489826849e-12,11484885688488.58
157.6352446283938,4.640448950222592,464.0448950222593,1.5963154644788222e-15,1.0828632506694198e-09,2.2494024075162936e-12,2.0175747258590314e-13,2.5644281045607416e-06,3.134554489826849e-12,11484885688488.58
157.6352446283938,4.640448950222592,464.0448950222593,1.5963154644788222e-15,1.0828632506694198e-09,2.2494024075162936e-12,2.0175747258590314e-13,2.5644281045607416e-06,3.134554489826849e-12,11484885688488.58
157.6352446283938,4.640448950222592,464.0448950222593,1.5963154644788222e-15,1.0828632506694198e-09,2.2494024075162936e-12,2.0175747258590314e-13,2.5644281045607416e-06,3.134554489826849e-12,11484885688488.58
157.6352446283938,4.640448950222592,464.0448950222593,1.5963154644788222e-15,1.0828632506694198e-09,2.2494024075162936e-12,2.0175747258590314e-13,2.5644281045607416e-06,3.134554489826849e-12,11484885688488.58
157.6352446283938,4.640448950222592,464.0448950222593,1.5963154644788222e-15,1.0828632506694198e-09,2.2494024075162936e-12,2.0175747258590314e-13,2.5644281045607416e-06,3.134554489826849e-12,11484885688488.58
157.6352446283938,4.640448950222592,464.0448950222593,1.5963154644788222e-15,1.0828632506694198e-09,2.2494024075162936e-12,2.0175747258590314e-13,2.5644281045607416e-06,3.134554489826849e-12,11484885688488.58
157.6352446283938,4.640448950222592,464.0448950222593,1.5963154644788222e-15,1.0828632506694198e-09,2.2494024075162936e-12,2.0175747258590314e-13,2.5644281045607416e-06,3.134554489826849e-12,11484885688488.58
157.6352446283938,4.640448950222592,464.0448950222593,1.5963154644788222e-15,1.0828632506694198e-09,2.2494024075162936e-12,2.0175747258590314e-13,2.5644281045607416e-06,3.134554489826849e-12,11484885688488.58
157.6352446283938,4.640448950222592,464.0448950222593,1.5963154644788222e-15,1.0828632506694198e-09,2.2494024075162936e-12,2.0175747258590314e-13,2.5644281045607416e-06,3.134554489826849e-12,11484885688488.58
157.6352446283938,4.640448950222592,464.0448950222593,1.5963154644788222e-15,1.0828632506694198e-09,2.2494024075162936e-12,2.0175747258590314e-13,2.5644281045607416e-06,3.134554489826849e-12,11484885688488.58
157.6352446283938,4.640448950222592,464.0448950222593,1.5963154644788222e-15,1.0828632506694198e-09,2.2494024075162936e-12,2.0175747258590314e-13,2.5644281045607416e-06,3.134554489826849e-12,11484885688488.58
157.6352446283938,4.640448950222592,464.0448950222593,1.5963154644788222e-15,1.0828632506694198e-09,2.2494024075162936e-12,2.0175747258590314e-13,2.5644281045607416e-06,3.134554489826849e-12,11484885688488.58
157.6352446283938,4.640448950222592,464.0448950222593,1.5963154644788222e-15,1.0828632506694198e-09,2.2494024075162936e-12,2.0175747258590314e-13,2.5644281045607416e-06,3.134554489826849e-12,11484885688488.58
157.6352446283938,4.640448950222592,464.0448950222593,1.5963154644788222e-15,1.0828632506694198e-09,2.2494024075162936e-12,2.0175747258590314e-13,2.5644281045607416e-06,3.134554489826849e-12,11484885688488.58
157.6352446283938,4.640448950222592,464.0448950222593,1.5963154644788222e-15,1.0828632506694198e-09,2.2494024075162936e-12,2.0175747258590314e-13,2.5644281045607416e-06,3.134554489826849e-12,11484885688488.58
157.6352446283938,4.640448950222592,464.0448950222593,1.5963154644788222e-15,1.0828632506694198e-09,2.2494024075162936e-12,2.0175747258590314e-13,2.5644281045607416e-06,3.134554489826849e-12,11484885688488.58
157.6352446283938,4.640448950222592,464.0448950222593,1.5963154644788222e-15,1.0828632506694198e-09,2.2494024075162936e-12,2.0175747258590314e-13,2.5644281045607416e-06,3.134554489826849e-12,11484885688488.58
157.6352446283938,4.640448950222592,464.0448950222593,1.5963154644788222e-15,1.0828632506694198e-09,2.2494024075162936e-12,2.0175747258590314e-13,2.5644281045607416e-06,3.134554489826849e-12,11484885688488.58
138.29195419423903,5.289521792616221,528.9521792616222,1.4004329146928418e-15,1.0336384208337678e-09,1.797715909177934e-12,1.7446741440740507e-13,2.5644281045607416e-06,2.749915902045679e-12,13091309437215.654
106.9980525005307,6.8365571929478195,683.6557192947821,1.083530820016557e-15,8.202018387776114e-10,1.1633471976571722e-12,1.307759073189159e-13,2.5644281045607416e-06,2.1276411037323034e-12,16920146887954.402
94.0644214350279,7.776567317316373,777.6567317316375,9.525565868722072e-16,6.17681734191104e-10,9.387800606245877e-13,1.1332877267107374e-13,2.5644281045607416e-06,1.8704576837318663e-12,19246626273936.42
86.01977407219596,8.503838952657198,850.38389526572,8.710913344672618e-16,4.314525635331029e-10,8.1023469905419e-13,1.0317319631114889e-13,2.5644281045607416e-06,1.7104910114963317e-12,21046588235799.805
80.60663084810464,9.074914777573932,907.4914777573933,8.162743786498872e-16,2.79500428081078e-10,7.290359777392425e-13,9.565501951314563e-14,2.5644281045607416e-06,1.6028514259635994e-12,22459973155875.992
76.95444140297124,9.505602173413582,950.5602173413585,7.792899688231607e-16,1.715605045500477e-10,6.766955784485698e-13,9.118941364304691e-14,2.5644281045607416e-06,1.5302281566564821e-12,23525903534973.035
74.63324322651167,9.801239686634233,980.1239686634234,7.557840291842342e-16,1.061940623545094e-10,6.444052709100807e-13,8.839948745379858e-14,2.5644281045607416e-06,1.4840714600182942e-12,24257592016193.227
73.40341097068013,9.965453863528188,996.5453863528189,7.433299599605224e-16,7.462071713537609e-11,6.276170504844587e-13,8.69035024349158e-14,2.5644281045607416e-06,1.4596164199773554e-12,24664014125408.723
73.12333295330848,10.003623684946035,1000.3623684946037,7.404937105453302e-16,6.787641659853838e-11,6.238496143328922e-13,8.657438619354246e-14,2.5644281045607416e-06,1.45404710831153e-12,24758482578878.727
73.70836590530256,9.924223613825738,992.422361382574,7.464181289753548e-16,8.217003295038843e-11,6.317560517917166e-13,8.727374241427264e-14,2.5644281045607416e-06,1.4656804056156497e-12,24561971260629.926
75.11025196299532,9.73899416306445,973.8994163064452,7.606145252102681e-16,1.191362322384752e-10,6.509978596937165e-13,8.900924797350519e-14,2.5644281045607416e-06,1.4935567111127196e-12,24103537369652.016
77.30591424612874,9.462384768194406,946.2384768194408,7.828492079780801e-16,1.8184041448276598e-10,6.816432978000121e-13,9.160576895956088e-14,2.5644281045607416e-06,1.5372171443106624e-12,23418942556839.332
80.29101043125708,9.110587866872095,911.0587866872097,8.130782041299901e-16,2.701962916528995e-10,7.244151465909884e-13,9.521234740791975e-14,2.5644281045607416e-06,1.5965753587234156e-12,22548262318657.33
84.07609948807251,8.700431036976042,870.0431036976044,8.514084405569248e-16,3.789471090549206e-10,7.806457518128191e-13,1.0044669935778016e-13,2.5644281045607416e-06,1.6718413179662527e-12,21533144092761.734
88.68434097134956,8.248336712455586,824.8336712455588,8.980744457459885e-16,4.988211037773493e-10,8.517703011525639e-13,1.0675870825194487e-13,2.5644281045607416e-06,1.76347554650229e-12,20414232605268.086
94.15014642096354,7.769486647245783,776.9486647245784,9.534246929931696e-16,6.193926216264941e-10,9.40220376333884e-13,1.1343355967433967e-13,2.5644281045607416e-06,1.872162312923062e-12,19229101959536.902
100.51845495005709,7.277253772129296,727.7253772129296,1.0179142645450716e-15,7.317807512934362e-10,1.0480079693253737e-12,1.2139711516494477e-13,2.5644281045607416e-06,1.99879522512192e-12,18010849509510.97
107.84444039496618,6.782902324634396,678.2902324634397,1.0921018860114749e-15,8.301268168376062e-10,1.1788354735506088e-12,1.3198676084814808e-13,2.5644281045607416e-06,2.144471407011827e-12,16787353695782.549
116.19353364129194,6.295516476090349,629.551647609035,1.1766501524534381e-15,9.117766275905144e-10,1.3368444234336466e-12,1.4296889549779021e-13,2.5644281045607416e-06,2.3104919424761373e-12,15581097401023.207
125.64168865112634,5.822098646613135,582.2098646613136,1.2723282223453985e-15,9.766389236105627e-10,1.526465671751359e-12,1.5543066465519327e-13,2.5644281045607416e-06,2.4983671652822555e-12,14409411274796.697
136.2758482593395,5.367776570811249,536.777657081125,1.3800165345267538e-15,1.0262606854857554e-09,1.75327499088913e-12,1.7152636170311043e-13,2.5644281045607416e-06,2.7098259213747736e-12,13284986211120.215
148.19458335688333,4.93606641271302,493.606641271302,1.5007132809814397e-15,1.0629832706097896e-09,2.0231458637789557e-12,1.8862263437587725e-13,2.5644281045607416e-06,2.9468282789448357e-12,12216524545125.664
161.50889069677223,4.52915193893119,452.9151938931191,1.6355424859323497e-15,1.0893338409423628e-09,2.345319134108907e-12,2.0800289822289106e-13,2.5644281045607416e-06,3.2115813926889556e-12,11209430993077.941
176.34314256327315,4.148152827612477,414.8152827612477,1.7857636227998845e-15,1.107663512401579e-09,2.729258328905486e-12,2.323300080918182e-13,2.5644281045607416e-06,3.5065583878462125e-12,10266476703988.895
192.83618730665881,3.7933663575843384,379.3366357584339,1.9527827589218414e-15,1.119978061469997e-09,3.1843257176476406e-12,2.588043614849919e-13,2.5644281045607416e-06,3.834520244175787e-12,9388397428512.738
211.1426040988573,3.4644751521176795,346.447515211768,2.1381652620128885e-15,1.1278936494049567e-09,3.720670465630799e-12,2.9056511986285353e-13,2.5644281045607416e-06,4.198540746595152e-12,8574407674665.192
231.4341187324637,3.1607193851115736,316.07193851115744,2.343650137452285e-15,1.1326612447957465e-09,4.355960066544718e-12,3.2686367147100576e-13,2.5644281045607416e-06,4.6020346381426856e-12,7822626909763.781
253.90119020440338,2.881035354206171,288.1035354206171,2.571166095046379e-15,1.1352211661762838e-09,5.107229399688352e-12,3.7012794648248794e-13,2.5644281045607416e-06,5.048789168968874e-12,7130422522149.478
278.7547804203989,2.62416416446999,262.41641644699905,2.8228494701896747e-15,1.1362649020431866e-09,5.992408630602428e-12,4.218271939313142e-13,2.5644281045607416e-06,5.542999286658715e-12,6494678808032.208
306.22832178121257,2.3887349844033587,238.8734984403359,3.1010641489035094e-15,1.1362925664360413e-09,7.029869119352331e-12,4.80430035661401e-13,2.5644281045607416e-06,6.089306761405198e-12,5912003026054.227
336.5798997759256,2.1733273613216317,217.33273613216323,3.4084236701737194e-15,1.1356612782994144e-09,8.248767987617762e-12,5.520765967345868e-13,2.5644281045607416e-06,6.692843586567208e-12,5378879624835.902
370.094670092428,1.976516725494118,197.65167254941184,3.747815703159798e-15,1.1346235507871695e-09,9.679152294923682e-12,6.397244354225345e-13,2.5644281045607416e-06,7.35928004256891e-12,4891782863508.677
407.0875322237158,1.7969066786646641,179.69066786646644,4.122429121844918e-15,1.1333565794501265e-09,1.1355677189744816e-11,7.382898313153945e-13,2.5644281045607416e-06,8.094877861181916e-12,4447256724234.715
447.9060841521014,1.633151080853608,163.31510808536083,4.535783926060936e-15,1.1319839800363827e-09,1.3300829998665035e-11,8.607960417243936e-13,2.5644281045607416e-06,8.906548979001876e-12,4041969575968.6245
492.9338854763338,1.4839683921243259,148.3968392124326,4.9917642860039e-15,1.1305916028569603e-09,1.557240540142742e-11,1.0091888988222728e-12,2.5644281045607416e-06,9.801920424268636e-12,3672749669632.8384
542.5940593492325,1.3481502291625602,134.81502291625605,5.4946550177618424e-15,1.1292388678786416e-09,1.8222439686206433e-11,1.177175987198075e-12,2.5644281045607416e-06,1.078940594088538e-11,3336606315235.7236
597.3532668540741,1.224565673351557,122.45656733515573,6.0491818303959655e-15,1.1279667983687585e-09,2.1304560737669637e-11,1.3809265211396645e-12,2.5644281045607416e-06,1.1878285018329614e-11,3030740544148.224
657.7260910046923,1.1121625178902825,111.21625178902826,6.660555721133933e-15,1.1268036659637456e-09,2.4869313217803274e-11,1.6384617586607144e-12,2.5644281045607416e-06,1.307879006687356e-11,2752548195660.86
724.279871445598,1.0099663600948985,100.99663600948986,7.334521934640285e-15,1.12576893126954e-09,2.8988101583922263e-11,1.9380137981531374e-12,2.5644281045607416e-06,1.4402202554910611e-11,2499617670473.976
797.6400351950391,0.9170782222272049,91.70782222272051,8.077413945535403e-15,1.1248759807565316e-09,3.3758998207553495e-11,2.2915870347261648e-12,2.5644281045607416e-06,1.586095901002524e-11,2269724042363.7354
878.4959734585965,0.8326712102891466,83.26712102891467,8.896212970774537e-15,1.1241340203132393e-09,3.9269430091672554e-11,2.719804200155911e-12,2.5644281045607416e-06,1.7468767878598183e-11,2060820788860.8623
967.6075196897356,0.7559865860576067,75.59865860576069,9.798613570638638e-15,1.1235493815262635e-09,4.563327940250049e-11,3.2317643764106277e-12,2.5644281045607416e-06,1.9240738341121994e-11,1871030069727.6006
1065.8120897367928,0.6863295251553756,68.63295251553757,1.0793095954436548e-14,1.1231264209108367e-09,5.2925378989386064e-11,3.846641565722165e-12,2.5644281045607416e-06,2.119352229301159e-11,1698632228389.4607
1174.0325511472502,0.6230647563724707,62.30647563724708,1.1889005670120963e-14,1.1228681380131296e-09,6.130134499993543e-11,4.572536769337532e-12,2.5644281045607416e-06,2.3345470824604e-11,1542054999467.36
1293.2858955595116,0.5656122192049772,56.56122192049772,1.3096641426482917e-14,1.1227765998718512e-09,7.092499953000562e-11,5.409191082550667e-12,2.5644281045607416e-06,2.5716806670439274e-11,1399862761397.2366
1424.6927956646784,0.5134428332057629,51.3442833205763,1.4427351873068653e-14,1.1228532323621518e-09,8.19509650958802e-11,6.4612212380972144e-12,2.5644281045607416e-06,2.8329814248090378e-11,1270746065778.622
1569.4881365373813,0.4660744407203674,46.60744407203675,1.5893642247181758e-14,1.1230990201533353e-09,9.458969698667714e-11,7.676412878437943e-12,2.5644281045607416e-06,3.120904907218369e-11,1153511595843.0925
1729.032620294306,0.42306796116397166,42.30679611639717,1.7509291890089055e-14,1.1235146439835957e-09,1.0898504529303954e-10,9.113059980002819e-12,2.5644281045607416e-06,3.438156851138844e-11,1047072648476.6243
1904.8255531277696,0.3840237780581921,38.402377805819214,1.928948373671368e-14,1.124100574958185e-09,1.2539792359320035e-10,1.0795432683950881e-11,2.5644281045607416e-06,3.787718605676642e-11,950440192311.1953
2098.518934874581,0.34857836796103525,34.857836796103534,2.1250946995634792e-14,1.1248571393834693e-09,1.441074158872543e-10,1.2845452475036941e-11,2.5644281045607416e-06,4.172875149085116e-11,862714524490.2147
2311.932983522162,0.316401171948979,31.640117194897908,2.3412114360181163e-14,1.1257845633948014e-09,1.6543670366889135e-10,1.514709477696046e-11,2.5644281045607416e-06,4.597245959025106e-11,783077527738.6763
2547.0732405395092,0.28719170450668663,28.71917045066867,2.5793295227969824e-14,1.1268830037187018e-09,1.896964584554257e-10,1.7895181619604402e-11,2.5644281045607416e-06,5.064819026273041e-11,710785515005.6702
2806.149417777053,0.26067689083832984,26.067689083832988,2.8416866556686837e-14,1.128152568911608e-09,2.1726123786904316e-10,2.1204973603932566e-11,2.5644281045607416e-06,5.5799883315140854e-11,645162639439.278
3091.596163045957,0.23660862120271617,23.66086212027162,3.1307483149645285e-14,1.129593334049859e-09,2.4835069474895127e-10,2.4904776473144545e-11,2.5644281045607416e-06,6.147595137402177e-11,585594841484.8398
3406.0959395188247,0.21476150949443001,21.476150949443007,3.449230934725276e-14,1.1312053509099254e-09,2.836245879263061e-10,2.9383937355686175e-11,2.5644281045607416e-06,6.772973483923929e-11,531524301482.181
3752.6042339581786,0.19493084264906363,19.493084264906365,3.800127430168078e-14,1.1329886550377754e-09,3.2358940195923113e-10,3.442665924497667e-11,2.5644281045607416e-06,7.462000314603569e-11,482444364543.18964
4134.377330664454,0.17693070732282418,17.69307073228242,4.186735323365348e-14,1.1349432706682268e-09,3.68801539989328e-10,4.030890823210086e-11,2.5644281045607416e-06,8.221150704604743e-11,437894904174.8628
4555.002912146568,0.1605922805237438,16.059228052374383,4.612687731443986e-14,1.1370692141552046e-09,4.1995503897995483e-10,4.745946188541399e-11,2.5644281045607416e-06,9.057558709730078e-11,397458091674.60345
5018.43377408202,0.14576227133488845,14.576227133488846,5.0819875085136755e-14,1.1393664963682777e-09,4.776480573534812e-10,5.534795287912378e-11,2.5644281045607416e-06,9.979084408141333e-11,360754539470.87335
5529.024971399947,0.13230150148312614,13.230150148312617,5.599044862170076e-14,1.1418351243698474e-09,5.422969649852166e-10,6.444714937382127e-11,2.5644281045607416e-06,1.09943877648189e-10,327439788099.8606
6091.574744564392,0.12008361320800325,12.008361320800327,6.168718798070896e-14,1.1444751025904915e-09,6.151900306407903e-10,7.523602561956094e-11,2.5644281045607416e-06,1.2113010012895816e-10,297201108243.7271
6711.369610659018,0.10899389362972109,10.89938936297211,6.796362782056709e-14,1.1472864336533028e-09,6.972740934710095e-10,8.744215482197144e-11,2.5644281045607416e-06,1.3345463316640425e-10,269754591098.47226
7394.234043013295,0.09892820557189337,9.892820557189339,7.487875048922782e-14,1.1502691189521142e-09,7.896974192161166e-10,1.013170426085759e-10,2.5644281045607416e-06,1.4703329558688695e-10,244842502212.20392
8146.58520623009,0.08979201554222979,8.97920155422298,8.249754030614209e-14,1.1534231590567452e-09,8.935776333093174e-10,1.1830301519613953e-10,2.5644281045607416e-06,1.6199369179870515e-10,222230875784.55792
8975.49326098305,0.08149951029808845,8.149951029808847,9.089159424726731e-14,1.1567485539964184e-09,1.0103197114449415e-09,1.3658991394444725e-10,2.5644281045607416e-06,1.7847641094444323e-10,201707328209.36325
9888.7478052932,0.07397279411477749,7.39727941147775,1.0013979477199477e-13,1.1602453034572193e-09,1.1405386636415864e-09,1.570069798394311e-10,2.5644281045607416e-06,1.966363480763359e-10,183079071352.69058
10894.931076661114,0.06714115952701265,6.714115952701266,1.1032905111483156e-13,1.163913406918841e-09,1.2865429626852143e-09,1.8229451348431157e-10,2.5644281045607416e-06,2.1664415977028787e-10,166171107673.39178
12003.498602966381,0.06094042492520797,6.094042492520798,1.215551160080717e-13,1.1677528637484202e-09,1.449977498438062e-09,2.093433334282604e-10,2.5644281045607416e-06,2.386878678575751e-10,150824590806.10324
13224.86806004446,0.055312332957328,5.5312332957328,1.339234855105393e-13,1.1717636732640705e-09,1.6331576205332038e-09,2.400184900583602e-10,2.5644281045607416e-06,2.629746263451619e-10,136895336635.05978
14570.517170972818,0.05020400421415325,5.020400421415325,1.475503903984719e-13,1.1759458347770403e-09,1.8380594720986828e-09,2.778422168525808e-10,2.5644281045607416e-06,2.8973266812912616e-10,124252471191.67021
16053.091567067855,0.04556744116220861,4.5567441162208615,1.6256388843506878e-13,1.1802993476188607e-09,2.0673323279771997e-09,3.186749654418926e-10,2.5644281045607416e-06,3.1921344979529016e-10,112777202912.61725
17686.52362420687,0.0413590777360418,4.13590777360418,1.7910506778321056e-13,1.184824211157996e-09,2.3237372186532347e-09,3.6221014786664767e-10,2.5644281045607416e-06,3.5169401466263434e-10,102361707902.63043
19486.163391230883,0.037539370412089365,3.7539370412089377,1.9732937287033596e-13,1.189520424809222e-09,2.608737864539073e-09,4.163960983345211e-10,2.5644281045607416e-06,3.874795962760241e-10,92908117862.17284
21468.922840817042,0.03407242696234279,3.4072426962342797,2.174080651651795e-13,1.1943879880380293e-09,2.9262855296132132e-09,4.760734297487684e-10,2.5644281045607416e-06,4.269064868143564e-10,84327601270.80212
23653.434798407125,0.030925669429759616,3.0925669429759624,2.3952983259390737e-13,1.199426900361676e-09,3.2805780144156654e-09,5.41528221074532e-10,2.5644281045607416e-06,4.703451973697689e-10,76539529267.68817
26060.22804271396,0.028069528181217406,2.806952818121741,2.6390256272001094e-13,1.2046371613480553e-09,3.6755008039404037e-09,6.14715698399579e-10,2.5644281045607416e-06,5.18203939796385e-10,69470718447.53877
28711.92022329924,0.025477164180064592,2.5477164180064595,2.907552963512778e-13,1.2100187706131857e-09,4.115508866506033e-09,7.071865715369629e-10,2.5644281045607416e-06,5.709324628489967e-10,63054743498.657
31633.43040815024,0.023124216881184143,2.3124216881184148,3.2034037993270674e-13,1.2155717278179092e-09,4.605761795593342e-09,8.00126084124283e-10,2.5644281045607416e-06,6.290262786614919e-10,57231313255.47252
34852.21325865441,0.020988575389032656,2.0988575389032658,3.529358369523074e-13,1.2212960326641732e-09,5.151440989597162e-09,9.050053723870036e-10,2.5644281045607416e-06,6.930313192830243e-10,51945704325.80711
38398.517032612945,0.01905017073530807,1.9050170735308074,3.888479806448857e-13,1.2271916848911883e-09,5.760395340614889e-09,1.0260213010950926e-09,2.5644281045607416e-06,7.635490670313558e-10,47148246988.1947
42305.667839856585,0.01729078732955871,1.7290787329558712,4.2841429254649774e-13,1.2332586842716215e-09,6.432105690035243e-09,1.1690110248218782e-09,2.5644281045607416e-06,8.412422068754774e-10,42793858541.29974
46610.38282173192,0.015693891814869482,1.5693891814869485,4.720065939505424e-13,1.2394970306079551e-09,7.1788316197288054e-09,1.3167077901149386e-09,2.5644281045607416e-06,9.268408539652905e-10,38841619730.0558
51353.115197539635,0.014244477723309728,1.424447772330973,5.200345400690246e-13,1.245906723729072e-09,8.009039739368652e-09,1.4859689007126641e-09,2.5644281045607416e-06,1.0211494148311103e-09,35254390275.44672
56578.43442047049,0.012928924473549062,1.2928924473549066,5.729494697350804e-13,1.2524877634871069e-09,8.931162790798932e-09,1.681042616186548e-09,2.5644281045607416e-06,1.1250541467305538e-09,31998459900.456562
62335.44501552361,0.011734869387260234,1.1734869387260236,6.31248646824037e-13,1.2592401497545812e-09,9.95564257199717e-09,1.905584190538633e-09,2.5644281045607416e-06,1.239531486181163e-09,29043231576.885036
68678.24803540477,0.010651091522847411,1.0651091522847411,6.954799332514347e-13,1.266163882421819e-09,1.1092883759694594e-08,2.1408970413190888e-09,2.5644281045607416e-06,1.3656572249455169e-09,26360934019.469067
75666.44947090036,0.009667406235774676,0.9667406235774677,7.662469374621504e-13,1.273258961394643e-09,1.235515593168079e-08,2.4014904239869956e-09,2.5644281045607416e-06,1.5046166196994331e-09,23926360727.8188
83365.72039346964,0.008774569475335723,0.8774569475335725,8.442146867930994e-13,1.2805253865923141e-09,1.3756137264048846e-08,2.697414269779941e-09,2.5644281045607416e-06,1.6577155303879997e-09,21716633125.572483
91848.41409395733,0.007964190919024661,0.7964190919024662,9.301158770151656e-13,1.2879631579457333e-09,1.5306383096721238e-08,3.050172177020553e-09,2.5644281045607416e-06,1.826392691941376e-09,19710985572.184673
101194.24601693363,0.007228655128588084,0.7228655128588085,1.0247577577838759e-12,1.2955722753958403e-09,1.701657076690118e-08,3.4208388838521354e-09,2.5644281045607416e-06,2.012233234672743e-09,17890570227.985924
111491.04288029237,0.00656104998712156,0.6561049987121561,1.1290297187043204e-12,1.303352738892227e-09,1.8913747949362973e-08,3.829633207585186e-09,2.5644281045607416e-06,2.2169835804153e-09,16238279939.473543
122835.56801990303,0.00595510174492283,0.5955101744922832,1.2439116472997951e-12,1.311304548391922e-09,2.1014695708576206e-08,4.282326998277467e-09,2.5644281045607416e-06,2.4425678543836547e-09,14738587480.954163
135334.43071541953,0.005405116063864799,0.5405116063864799,1.370483137427432e-12,1.3194277038583357e-09,2.3343568191267042e-08,4.817232462245973e-09,2.5644281045607416e-06,2.6911059669886038e-09,13377399642.23135
149105.08804257453,0.004905924506379314,0.4905924506379315,1.509933634676298e-12,1.327722205260346e-09,2.5922417642243233e-08,5.415561281504395e-09,2.5644281045607416e-06,2.9649335355279664e-09,12141924791.440382
164276.9486667775,0.004452835966278487,0.44528359662784883,1.6635736140884277e-12,1.3361880525715072e-09,2.8776773288191086e-08,6.0398061118087e-09,2.5644281045607416e-06,3.2666238329657803e-09,11020552668.690802
180992.58895083395,0.004041592585056732,0.40415925850567336,1.832846895244603e-12,1.3448252457693686e-09,3.1939435335690376e-08,6.715516068408284e-09,2.5644281045607416e-06,3.59901197006188e-09,10002745281.055855
199409.09280506358,0.0036683297394517647,0.3668329739451765,2.0193442104449196e-12,1.3536337848348892e-09,3.543702337825154e-08,7.493755076958284e-09,2.5644281045607416e-06,3.965221538101531e-09,9078937873.73002
219699.52787094982,0.0033295397242892088,0.3329539724289209,2.224818153490036e-12,1.3626136697519324e-09,3.930974286882277e-08,8.433019977183086e-09,2.5644281045607416e-06,4.368693962598011e-09,8240449046.833945
242054.5719106409,0.003022038789351842,0.30220387893518424,2.4511996495430838e-12,1.3717649005068321e-09,4.356261220617782e-08,9.394056166023195e-09,2.5644281045607416e-06,4.813220843817244e-09,7479399173.267376
266684.3046861698,0.0027429372205264504,0.2742937220526451,2.700616100846486e-12,1.3810874770880254e-09,4.8269606923864336e-08,1.044898771262023e-08,2.5644281045607416e-06,5.3029795880420336e-09,6788636351.001292
293820.182167442,0.00248961218408423,0.24896121840842306,2.9754113788166704e-12,1.3905813994857358e-09,5.347252848079208e-08,1.1613699887919564e-08,2.5644281045607416e-06,5.842572664418e-09,6161669193.99129
323717.2116214397,0.0022596830789131405,0.2259683078913141,3.278167850390661e-12,1.4002466676916992e-09,5.922633478810493e-08,1.3001877512203925e-08,2.5644281045607416e-06,6.4370708562940175e-09,5592605830.150221
356656.3480228903,0.0020509891650855013,0.20509891650855014,3.611730645615592e-12,1.41008328169894e-09,6.55851585260051e-08,1.4482580883500137e-08,2.5644281045607416e-06,7.092060913508598e-09,5076098533.139926
392947.1343064709,0.001861569258533884,0.18615692585338842,3.979234394533813e-12,1.4200912415015687e-09,7.260982543450107e-08,1.611817505926988e-08,2.5644281045607416e-06,7.813698053430633e-09,4607293467.680655
432930.61027209944,0.0016896433010226755,0.16896433010226758,4.384132684621242e-12,1.4302705470946183e-09,8.036828309458146e-08,1.7859516455132925e-08,2.5644281045607416e-06,8.608763804128684e-09,4181785076.1261134
476982.5174795434,0.0015335956322241595,0.15335956322241598,4.83023051560315e-12,1.440621198473901e-09,8.894623770206709e-08,1.9771915823588378e-08,2.5644281045607416e-06,9.484729733245891e-09,3795574677.6645346
525516.8302500739,0.0013919598067027058,0.1391959806702706,5.3217200566387885e-12,1.4511431956358884e-09,9.843248970191229e-08,2.201138470750888e-08,2.5644281045607416e-06,1.0449827661467231e-08,3445032891.0922284
578989.6459574744,0.001263404813127934,0.12634048131279343,5.86322004190017e-12,1.4618365385776099e-09,1.0889205976488691e-07,2.4472382327951747e-08,2.5644281045607416e-06,1.1513127020404657e-08,3126865528.035726
637903.471167114,0.0011467225662145334,0.11467225662145336,6.4598191747619216e-12,1.4727012272965634e-09,1.2041805318581163e-07,2.723691176407803e-08,2.5644281045607416e-06,1.2684620081864894e-08,2838082636.1105547
702811.9439017437,0.0010408165538464131,0.10408165538464134,7.117123948489713e-12,1.4837372617906445e-09,1.3310465346022676e-07,3.0119197149749655e-08,2.5644281045607416e-06,1.3975315859435242e-08,2575970401.105109
774325.0364111095,0.0009446915326983433,0.09446915326983435,7.84131133281812e-12,1.4949446420580835e-09,1.4710151024245935e-07,3.3413221417652356e-08,2.5644281045607416e-06,1.539734356481972e-08,2338065644.1448646
853114.7873380339,0.0008574441755210912,0.08574441755210914,8.639186821536267e-12,1.5063233680973919e-09,1.6255837627159887e-07,3.7155645987184e-08,2.5644281045607416e-06,1.696406659114885e-08,2122132674.177506
939921.6171485222,0.0007782545821991916,0.07782545821991918,9.51824838657858e-12,1.5178734399073186e-09,1.796033270845583e-07,4.133697181409746e-08,2.5644281045607416e-06,1.8690208094411944e-08,1926142278.2533596
1035561.2861746569,0.0007063785748075345,0.07063785748075346,1.0486756939624306e-11,1.5295948574868142e-09,1.9842914572935588e-07,4.567695127462424e-08,2.5644281045607416e-06,2.059198935315353e-08,1748252652.164801
1140932.560657935,0.000641140704260454,0.06411407042604542,1.155381396336303e-11,1.5414876208349966e-09,2.1918694648947814e-07,5.0346689170572905e-08,2.5644281045607416e-06,2.268728220665822e-08,1586792092.242534
1257025.6588340881,0.0005819279028340506,0.058192790283405064,1.2729447041959913e-11,1.5535517299511255e-09,2.420793577422806e-07,5.583782646068628e-08,2.5644281045607416e-06,2.499577700414986e-08,1440243285.6567407
1384931.5564308036,0.0005281837229119849,0.0528183722911985,1.4024704094486505e-11,1.5657871848345794e-09,2.673518704503134e-07,6.16417408402795e-08,2.5644281045607416e-06,2.753916764329441e-08,1307229051.5928407
1525852.2390260156,0.0004794031078139275,0.047940310781392756,1.545175719686821e-11,1.578193985484837e-09,2.952354853037591e-07,6.82076643777691e-08,2.5644281045607416e-06,3.034135543689093e-08,1186499399.3059695
1681111.9976125227,0.00043512764556601167,0.04351276455660118,1.7024016968007283e-11,1.590772131901462e-09,3.260011873503881e-07,7.517323442012945e-08,2.5644281045607416e-06,3.342867372357253e-08,1076919781.4334548
1852169.8735180576,0.00039494126101105695,0.039494126101105705,1.8756258595015355e-11,1.6035216240840873e-09,3.5993683261779436e-07,8.323329457657895e-08,2.5644281045607416e-06,3.6830135333277534e-08,977460432.1769224
2040633.3696310364,0.0003584663057755312,0.03584663057755312,2.066476068186848e-11,1.6164424620324066e-09,3.970999674718521e-07,9.22818339881971e-08,2.5644281045607416e-06,4.0577705233029474e-08,887186690.1605043
2248273.556782056,0.00032536000934908554,0.03253600093490856,2.2767458226302947e-11,1.6295346457461618e-09,4.3809910993820104e-07,1.022661799458886e-07,2.5644281045607416e-06,4.4706600915191415e-08,805250215.0251174
2477041.7172422726,0.0002953112579259664,0.02953112579259665,2.5084111162541275e-11,1.6427981752251383e-09,4.833049015115325e-07,1.1333101911389761e-07,2.5644281045607416e-06,4.925562335107144e-08,730881015.2174616
2729087.6817445178,0.0002680376707377592,0.026803767073775926,2.7636490053714337e-11,1.6562330504691553e-09,5.331015661598185e-07,1.2504525986861578e-07,2.5644281045607416e-06,5.426752161998779e-08,663380212.0556117
3006780.032347958,0.00024328294640253194,0.024328294640253198,3.044858067901034e-11,1.6698392714780623e-09,5.879774440687714e-07,1.3836295747291806e-07,2.5644281045607416e-06,5.978939464036815e-08,602113472.072082
3312728.3610010482,0.00022081445435292668,0.02208144543529267,3.3546809438141566e-11,1.6836168382517319e-09,6.484463755314152e-07,1.5249763775417026e-07,2.5644281045607416e-06,6.58731337781182e-08,546505045.915373
3649807.7929759375,0.0002004210487088338,0.020042104870883384,3.6960291691350384e-11,1.697565750790059e-09,7.151627500687425e-07,1.6775891576626893e-07,2.5644281045607416e-06,7.257591049163786e-08,496032357.79105914
4021186.005631258,0.00018191108405070627,0.01819110840507063,4.0721105368708734e-11,1.7116860090929552e-09,7.885829547399114e-07,1.8459175940243347e-07,2.5644281045607416e-06,7.996071359608855e-08,450221094.59714746
4430352.996410129,0.0001651106144468934,0.01651106144468934,4.4864592419934615e-11,1.725977613160347e-09,8.695467383788203e-07,2.035749895676891e-07,2.5644281045607416e-06,8.809694119581297e-08,408640748.6042318
4881153.879815669,0.0001498617588105081,0.014986175881050813,4.942969093757512e-11,1.7404405629921714e-09,9.587952901141117e-07,2.2486066346561537e-07,2.5644281045607416e-06,9.706105284754331e-08,370900571.7931607
5377825.02157109,0.00013602121722439567,0.01360212172243957,5.445930107465815e-11,1.7550748585883776e-09,1.057088365752587e-06,2.474053037893895e-07,2.5644281045607416e-06,1.0693728808305143e-07,336645903.83142203
5925033.849532221,0.00012345892429148957,0.01234589242914896,6.000068819549461e-11,1.7698804999489212e-09,1.1654609141620488e-06,2.717873355896608e-07,2.5644281045607416e-06,1.1781845804350008e-07,305554839.18070245
6527922.715472429,0.00011205682685552025,0.011205682685552026,6.610592704820929e-11,1.7848574870737677e-09,1.2849399369832386e-06,2.9899542230724313e-07,2.5644281045607416e-06,1.2980681766481728e-07,277335202.015028
7192157.219927555,0.00010170777460580594,0.010170777460580595,7.283239113307649e-11,1.8000058199628861e-09,1.4156728143187363e-06,3.324632204187271e-07,2.5644281045607416e-06,1.4301502661038637e-07,251721800.52152312
7923979.45422977,9.231451314067231e-05,0.009231451314067234,8.024329186546033e-11,1.8153254986162507e-09,1.5596320036734886e-06,3.687786766207987e-07,2.5644281045607416e-06,1.5756720798134062e-07,228473934.7812978
8730266.660068274,8.378877002689298e-05,0.008378877002689298,8.840827260010236e-11,1.8308165230338417e-09,1.7181462517517632e-06,4.079608355215325e-07,2.5644281045607416e-06,1.7360011475361073e-07,207373134.81096783
9618595.857825246,7.605042526646946e-05,0.007605042526646948,9.740406309905081e-11,1.8464788932156403e-09,1.8927554681543187e-06,4.4888905484369463e-07,2.5644281045607416e-06,1.9126441490322228e-07,188221107.50823987
10597315.051026948,6.902675837527588e-05,0.006902675837527589,1.0731520059354422e-10,1.8623126091616322e-09,2.0849590798268836e-06,4.940504269530404e-07,2.5644281045607416e-06,2.107261072967108e-07,170837873.20813817
11675621.676047966,6.265176499805135e-05,0.006265176499805136,1.182348242159696e-10,1.878317670871806e-09,2.296582099697243e-06,5.448687873109278e-07,2.5644281045607416e-06,2.3216808165236735e-07,155060074.3383147
12863649.034293652,5.686553663768226e-05,0.005686553663768227,1.3026555026750844e-10,1.8944940783461505e-09,2.5295584839474654e-06,6.017888615903274e-07,2.5644281045607416e-06,2.5579183723193253e-07,140739440.2791593
14172561.51910038,5.161369766982986e-05,0.005161369766982987,1.435204365467284e-10,1.9108418315846573e-09,2.786508956128716e-06,6.601920635028288e-07,2.5644281045607416e-06,2.8181937641400655e-07,127741394.00235641
15614659.532240674,4.68468943522935e-05,0.004684689435229351,1.5812404480132163e-10,1.92736093058732e-09,3.068825401202082e-06,7.227694159831607e-07,2.5644281045607416e-06,3.104952909438786e-07,115943787.39388652
17203495.075978205,4.252033102711357e-05,0.004252033102711358,1.7421361128729894e-10,1.944051375354132e-09,3.380134873513687e-06,7.920045646412399e-07,2.5644281045607416e-06,3.420890604651516e-07,105235753.37676516
18953999.106939454,3.859334915691195e-05,0.003859334915691195,1.919403364358742e-10,1.9609131658850873e-09,3.7225898735928114e-06,8.671834318468212e-07,2.5644281045607416e-06,3.7689758493342424e-07,95516664.04643875
20882621.848600272,3.5029045239496244e-05,0.003502904523949625,2.1147080574758396e-10,1.9779463021801836e-09,4.100036075463397e-06,9.60222758984557e-07,2.5644281045607416e-06,4.152479747101922e-07,86695185.02799426
23007487.380962547,3.1793924010111025e-05,0.0031793924010111033,2.3298855526638004e-10,1.9951507842394175e-09,4.515831616644562e-06,1.055213792554488e-06,2.5644281045607416e-06,4.575006245566515e-07,78688417.16858067
25348563.96016569,2.885758367233085e-05,0.0028857583672330855,2.5669579634511793e-10,2.0125266120627844e-09,4.972902571938088e-06,1.1583203520939429e-06,2.5644281045607416e-06,5.040526004150244e-07,71421117.49916276
27927851.668597832,2.6192430199577817e-05,0.0026192430199577822,2.8281531591078704e-10,2.0300737856502835e-09,5.47638475845e-06,1.2777521549901925e-06,2.5644281045607416e-06,5.553413708044155e-07,64824992.14465829
30769589.15893364,2.3773418022434936e-05,0.002377341802243494,3.1159257008707294e-10,2.0477923050019127e-09,6.027287871913884e-06,1.4085192857416971e-06,2.5644281045607416e-06,6.118489178966913e-07,58838054.53763748
33900481.43495981,2.1577814664884238e-05,0.002157781466488424,3.43297990848907e-10,2.065682170117669e-09,6.633517451140203e-06,1.5641654306401288e-06,2.5644281045607416e-06,6.741062669059009e-07,53404042.90444799
37349950.80974086,1.9584987117657383e-05,0.0019584987117657387,3.782295273856115e-10,2.0837433809975524e-09,7.300761173019357e-06,1.7359720604552616e-06,2.5644281045607416e-06,7.426984763558207e-07,48471891.54963702
41150413.39948335,1.777620794115997e-05,0.0017776207941159973,4.167154460548835e-10,2.101975937641562e-09,8.035320003914451e-06,1.911160679124322e-06,2.5644281045607416e-06,8.182701361212445e-07,43995250.97010973
45337583.751430005,1.6134479275835675e-05,0.0016134479275835677,4.591174152399888e-10,2.1203798400496943e-09,8.843142355546847e-06,2.100412693921084e-06,2.5644281045607416e-06,9.015314249104657e-07,39932052.28933121
49950810.46849934,1.4644373106122452e-05,0.0014644373106122454,5.05833904099855e-10,2.1389550882219514e-09,9.732204317326105e-06,2.3132229521412266e-06,2.5644281045607416e-06,9.932647841136539e-07,36244111.91837917
55033445.98467466,1.3291886276894497e-05,0.00132918862768945,5.573039271515307e-10,2.1577016821583315e-09,1.0710685568424166e-05,2.5400974642305697e-06,2.5644281045607416e-06,1.0943322707340354e-06,32896772.728681944
60633253.96608206,1.2064308899916673e-05,0.0012064308899916675,6.140111698744721e-10,2.1766196218588335e-09,1.1787293673390503e-05,2.7991291848291678e-06,2.5644281045607416e-06,1.2056836585005695e-06,29858578.364386942
66802858.16627281,1.0950104913673108e-05,0.001095010491367311,6.764885341066587e-10,2.195708907323458e-09,1.2973409087413122e-05,3.0735412433414526e-06,2.5644281045607416e-06,1.3283653632916003e-06,27100977.63373957
73600236.95379397,9.938803674139586e-06,0.0009938803674139588,7.453231459475557e-10,2.2149695385522047e-09,1.4275532185321574e-05,3.3615923582196807e-06,2.5644281045607416e-06,1.4635302767454813e-06,24598056.20151216
81089268.1593313,9.02090155773264e-06,0.0009020901557732642,8.211618732292993e-10,2.2344015155450718e-09,1.571031834416343e-05,3.6749032570144856e-06,2.5644281045607416e-06,1.6124486004687666e-06,22326293.06108373
89340329.36258133,8.18777265175706e-06,0.0008187772651757061,9.047174044060932e-10,2.2540048383020603e-09,1.7289520462794488e-05,4.021411484143753e-06,2.5644281045607416e-06,1.7765197826555508e-06,20264339.497636788
98430959.26000251,7.4315876930720565e-06,0.0007431587693072058,9.967749459877116e-10,2.27377950682317e-09,1.9026160881904933e-05,4.401788967206979e-06,2.5644281045607416e-06,1.957285669291433e-06,18392818.46529462
108446586.3285954,6.745240493208855e-06,0.0006745240493208856,1.098199601455704e-09,2.2937255211083993e-09,2.093907548305877e-05,4.834280865044802e-06,2.5644281045607416e-06,2.156444993529474e-06,16694142.49286204
119481331.63327295,6.122281158525398e-06,0.0006122281158525399,1.2099445010050843e-09,2.3138428811577496e-09,2.3042817648610782e-05,5.312202484945139e-06,2.5644281045607416e-06,2.3758693394009327e-06,15152348.406952914
131638893.32213928,5.556855477839898e-06,0.0005556855477839899,1.3330597585101105e-09,2.3341315869712194e-09,2.535871764786627e-05,5.8765209830013256e-06,2.5644281045607416e-06,2.6176207298784823e-06,13752947.319328124
145033521.12165472,5.043649907943197e-06,0.0005043649907943198,1.4687023398865668e-09,2.354591638548811e-09,2.79065843435905e-05,6.470154505040051e-06,2.5644281045607416e-06,2.883971004574399e-06,12482788.46871163
159791089.98941877,4.577841639996015e-06,0.00045778416399960153,1.6181469355875951e-09,2.375223035890522e-09,3.0693875320304865e-05,7.136249825673062e-06,2.5644281045607416e-06,3.1774231691739297e-06,11329935.637549758
176050283.01415417,4.155053277563321e-06,0.0004155053277563322,1.7827979394066747e-09,2.3960257789963535e-09,3.3757213485655046e-05,7.866846999873815e-06,2.5644281045607416e-06,3.500734917233764e-06,10283554.982348317
193963894.6790846,3.7713117003769363e-06,0.00037713117003769373,1.9642026461574263e-09,2.416999867866305e-09,3.712739605695584e-05,8.693768615597463e-06,2.5644281045607416e-06,3.856944545389524e-06,9333813.223483682
213700266.73603478,3.423010727251302e-06,0.00034230107272513027,2.164065792254529e-09,2.438145302500376e-09,4.083855346239382e-05,9.64553766813661e-06,2.5644281045607416e-06,4.249399505508659e-06,8471785.237733433
235444870.18375427,3.1068772272804657e-06,0.0003106877227280466,2.3842655758396135e-09,2.4594620828985677e-09,4.491627674858928e-05,1.0694352736604431e-05,2.5644281045607416e-06,4.681787862105127e-06,7689370.185135406
259402048.21699166,2.8199403608486853e-06,0.0002819940360848686,2.626871307000072e-09,2.480950209060879e-09,4.939946458970539e-05,1.178163873219997e-05,2.5644281045607416e-06,5.158172950634619e-06,6979215.381983432
285796936.5255406,2.559503661399605e-06,0.00025595036613996054,2.8941628539472984e-09,2.5026096809873093e-09,5.433440802452593e-05,1.2949071516700718e-05,2.5644281045607416e-06,5.683031562368822e-06,6334647.204562481
314877578.9891147,2.323119695604619e-06,0.00023231196956046196,3.1886520678982578e-09,2.5244404986778607e-09,5.9765155112234805e-05,1.419978030161007e-05,2.5644281045607416e-06,6.261296014688049e-06,5749608.374296547
346917258.6501315,2.108567063801322e-06,0.00021085670638013222,3.513106387999057e-09,2.546442662132531e-09,6.573130191922847e-05,1.55537817094091e-05,2.5644281045607416e-06,6.898400502144559e-06,5218601.034951277
382217065.86953586,1.9138295245654933e-06,0.00019138295245654937,3.870574848115916e-09,2.568616171351322e-09,7.229789987733563e-05,1.7076011921696493e-05,2.5644281045607416e-06,7.600332163876983e-06,4736635.086963902
421108727.79969996,1.7370770472414628e-06,0.0001737077047241463,4.264416729890245e-09,2.5909610263342314e-09,7.952476654276209e-05,1.876435568847969e-05,2.5644281045607416e-06,8.3736873472778e-06,4299181.293376476
463957725.76416636,1.5766486143734103e-06,0.00015766486143734107,4.698333131322838e-09,2.6134772270812608e-09,8.747406208592597e-05,2.0535868409652767e-05,2.5644281045607416e-06,9.22573359664751e-06,3902128.7166889203
511166729.83953094,1.4310366124249687e-06,0.0001431036612424969,5.17640174755014e-09,2.6361647735924107e-09,9.620809681183146e-05,2.2432470922360475e-05,2.5644281045607416e-06,1.0164477949368447e-05,3541746.086648434
563179382.9157114,1.2988726640999777e-06,0.0001298872664099978,5.703115190662489e-09,2.6590236658676805e-09,0.00010582952074625203,2.446884985896838e-05,2.5644281045607416e-06,1.1198742181406698e-05,3214646.735931728
620484469.7949923,1.178914769124839e-06,0.00011789147691248392,6.28342320867169e-09,2.6820539039070696e-09,0.0001164040874724518,2.6723436901254417e-05,2.5644281045607416e-06,1.2338245709255527e-05,2917756.7742061275
683620510.5086279,1.0700356326489702e-06,0.00010700356326489704,6.922779200377285e-09,2.7052554877105785e-09,0.00012804238230715957,2.9202540971393393e-05,2.5644281045607416e-06,1.3593696927384763e-05,2648286.2014877875
753180821.0163348,9.71212071580414e-07,9.712120715804142e-05,7.6271914632514e-09,2.7286284172782076e-09,0.00014083755137033493,3.216274673881593e-05,2.5644281045607416e-06,1.4976893839532721e-05,2403702.68933703
829819088.8461933,8.815153993034915e-07,8.815153993034916e-05,8.403279655939982e-09,2.7521726926099556e-09,0.00015492078734557642,3.540970165033801e-05,2.5644281045607416e-06,1.6500834929515114e-05,2181707.7835017093
914255516.07161,8.001026984196137e-07,8.001026984196139e-05,9.258337005982593e-09,2.7758883137058247e-09,0.0001704170720778081,3.894956901164016e-05,2.5644281045607416e-06,1.8179841313450994e-05,1980215.304374749
1007283587.3534502,7.262088994975681e-07,7.262088994975683e-05,1.0200398847342473e-08,2.7997752805658127e-09,0.0001874293962121458,4.3000864908007554e-05,2.5644281045607416e-06,2.0029691321321e-05,1797331.7422859676
1109777526.6495245,6.591395913939099e-07,6.5913959139391e-05,1.1238318131823393e-08,2.823833593189921e-09,0.00020605493232575463,4.767477973062997e-05,2.5644281045607416e-06,2.206776877257825e-05,1631338.4633943667
1222700512.6652255,5.982644955790539e-07,5.9826449557905394e-05,1.2381848623985423e-08,2.8480632515781473e-09,0.00022654072209889837,5.2618331854600484e-05,2.5644281045607416e-06,2.431322633921949e-05,1480675.5589622697
1347113730.2494152,5.430115431445244e-07,5.430115431445246e-05,1.3641736561377805e-08,2.8724642557304942e-09,0.000249070109800894,5.804680227782616e-05,2.5644281045607416e-06,2.6787165531508998e-05,1343927.1862360428
1484186342.7952623,4.928614988305541e-07,4.928614988305542e-05,1.50298216414579e-08,2.8970366056469605e-09,0.0002738707162831241,6.425871841820315e-05,2.5644281045607416e-06,2.951283499775531e-05,1219808.2631756011
1635206479.3609757,4.4734308155369754e-07,4.473430815536976e-05,1.6559148284213836e-08,2.9217803013275474e-09,0.0003010867517383235,7.100767759746258e-05,2.5644281045607416e-06,3.25158490016493e-05,1107152.3919973297
1801593339.760958,4.060285355800491e-07,4.060285355800492e-05,1.824408821607174e-08,2.946695342772254e-09,0.00033104203276828454,7.822571915095015e-05,2.5644281045607416e-06,3.582442813028544e-05,1004900.898042979
1984910531.384053,3.68529610724493e-07,3.6852961072449304e-05,2.01004755270606e-08,2.9717817299810806e-09,0.00036399704960525926,8.674615641655245e-05,2.5644281045607416e-06,3.9469664494901836e-05,912092.8809681167
2186880763.070584,3.3449391380022933e-07,3.344939138002294e-05,2.2145755470423636e-08,2.9970394629540265e-09,0.0004002129434182151,9.577143999114462e-05,2.5644281045607416e-06,4.348581391654171e-05,827856.1847569753
2409402034.1327124,3.0360159703161435e-07,3.036015970316144e-05,2.4399148403008823e-08,3.0224685416910913e-09,0.00044006893443065596,0.00010510188009032517,2.5644281045607416e-06,4.791061784242805e-05,751399.2017051299
2654565470.6531796,2.7556235230993187e-07,2.7556235230993194e-05,2.6881830407055405e-08,3.048068966192278e-09,0.0004838358873720867,0.00011508280171094654,2.5644281045607416e-06,5.278565801823523e-05,682003.433348572
2924674976.6776342,2.5011268304585333e-07,2.5011268304585338e-05,2.961713229075551e-08,3.073840736457583e-09,0.0005320697788766443,0.000126257754844196,2.5644281045607416e-06,5.815674724926218e-05,619016.7384310979
3222268884.9710717,2.270134279810354e-07,2.2701342798103544e-05,3.263075883768281e-08,3.0997838524870072e-09,0.0005850600139511303,0.00013824856323329238,2.5644281045607416e-06,6.407435992265472e-05,561847.2044583237
3550143810.799645,2.0604751368907128e-07,2.0604751368907134e-05,3.59510303654673e-08,3.1258983142805516e-09,0.0006433259643381342,0.00015143948576589887,2.5644281045607416e-06,7.059410633647466e-05,509957.5852467371
3911380932.9019213,1.8701791464509706e-07,1.870179146450971e-05,3.960914886374519e-08,3.152184121838215e-09,0.0007074020220262367,0.0001663051828659965,2.5644281045607416e-06,7.777725529308725e-05,462860.25219508656
4309374948.622941,1.6974580169396992e-07,1.6974580169396995e-05,4.36394912123944e-08,3.1786412751599987e-09,0.0007778254634427024,0.0001818969160127047,2.5644281045607416e-06,8.569130986789666e-05,420112.61183308176
4747865975.31451,1.5406886151740108e-07,1.540688615174011e-05,4.8079932235549085e-08,3.205269774245902e-09,0.000855320057494727,0.00019841061214982426,2.5644281045607416e-06,9.44106417641677e-05,381312.9465841987
5230974697.7929125,1.3983977130735313e-07,1.3983977130735316e-05,5.297220062727125e-08,3.2320696190959267e-09,0.0009403994763614678,0.00021629850323688394,2.5644281045607416e-06,0.00010401719021523932,346096.639656449
5763241092.1491995,1.269248143115812e-07,1.2692481431158123e-05,5.836227109365908e-08,3.259040809710069e-09,0.001033948699427065,0.00023595979709469152,2.5644281045607416e-06,0.00011460123200200181,314132.7485848596
6349667089.816237,1.1520262324100546e-07,1.1520262324100548e-05,6.430079639651952e-08,3.286183346088332e-09,0.0011364986235983256,0.0002582885394158191,2.5644281045607416e-06,0.00012626222982182122,285120.8952257733
6995763582.824563,1.045630397301915e-07,1.0456303973019152e-05,7.08435833586996e-08,3.3134972282307153e-09,0.0012490418530751916,0.00028333611013243553,2.5644281045607416e-06,0.00013910976698138763,258788.44297695265
7707602211.975292,9.490607913280522e-08,9.490607913280523e-06,7.805211730429948e-08,3.3409824561372175e-09,0.0013722533832757789,0.0003124085086337452,2.5644281045607416e-06,0.0001532645771971907,234887.93469662778
8491872424.605372,8.614099092378973e-08,8.614099092378973e-06,8.599413986215317e-08,3.3686390298078394e-09,0.001506749368378556,0.00034410503830906115,2.5644281045607416e-06,0.0001688596791810923,213194.76724453605
9355944338.14098,7.818540587846847e-08,7.818540587846848e-06,9.474428556243936e-08,3.3964669492425815e-09,0.001653400430374369,0.0003783937662298062,2.5644281045607416e-06,0.0001860416266731727,193505.08079163777
10307938000.194365,7.096456201425722e-08,7.096456201425723e-06,1.0438478320878811e-07,3.4244662144414422e-09,0.0018120090507532975,0.00041676799256365964,2.5644281045607416e-06,0.00020497188566893693,175633.8430634623
11356799696.070377,6.441060202083347e-08,6.441060202083348e-06,1.1500622861697303e-07,3.452636825404424e-09,0.001984543000956915,0.00045924190980849736,2.5644281045607416e-06,0.00022582835178326272,159413.1105139126
12512386020.776596,5.8461935576417766e-08,5.846193557641778e-06,1.2670843598194014e-07,3.480978782131524e-09,0.0021710872846821628,0.0005067263628450755,2.5644281045607416e-06,0.00024880702201040265,144690.45008904467
13785556505.5971,5.306266055758537e-08,5.306266055758538e-06,1.3960137587382832e-07,3.5094920846227446e-09,0.0023726256711014953,0.0005618988316331531,2.5644281045607416e-06,0.00027412383659027034,131327.5067494724
15188275669.680408,4.8162037703474455e-08,4.816203770347447e-06,1.5380620867772065e-07,3.5381767328780844e-09,0.002589409681647939,0.0006259497925604334,2.5644281045607416e-06,0.0003020167082897984,119198.70328980741
16733725455.664097,4.371401379758571e-08,4.371401379758572e-06,1.6945642318880264e-07,3.567032726897545e-09,0.0028218525984060236,0.0006949097161404063,2.5644281045607416e-06,0.00033274775816939195,108190.06023677991
18436429105.940273,3.9676788886315335e-08,3.967678888631534e-06,1.8669909106277894e-07,3.5960600666811253e-09,0.0030709191858684574,0.0007668536768910953,2.5644281045607416e-06,0.0003666057788449053,98198.12473613519
20312387643.679817,3.601242346718982e-08,3.6012423467189823e-06,2.0569624891015103e-07,3.625258752228824e-09,0.0033362684080661138,0.0008460516593704943,2.5644281045607416e-06,0.00036012423467189826,89128.99836260006
22379230241.18472,3.268648195538594e-08,3.2686481955385943e-06,2.2662642102247544e-07,3.654628783540643e-09,0.003617898192951641,0.000931650668433032,2.5644281045607416e-06,0.0003268648195538594,80897.45471684264
24656379888.643436,2.966770907804007e-08,2.9667709078040076e-06,2.496862970403042e-07,3.684170160616583e-09,0.0039167052574561444,0.0010239073394160507,2.5644281045607416e-06,0.0002966770907804008,73426.13851711072
27165235920.148323,2.6927736155288195e-08,2.69277361552882e-06,2.750925803285583e-07,3.7138828834566418e-09,0.0042323992932469705,0.0011271746024327776,2.5644281045607416e-06,0.00026927736155288204,66644.83865907657
29929375112.24878,2.444081450783586e-08,2.4440814507835867e-06,3.0308402442929697e-07,3.74376695206082e-09,0.004564789938327642,0.001248695433957446,2.5644281045607416e-06,0.00024440814507835866,60489.82841252538
32974773244.848213,2.2183573485776636e-08,2.218357348577664e-06,3.3392367672928616e-07,3.773822366429118e-09,0.0049139484089387704,0.0013762315626871023,2.5644281045607416e-06,0.00022183573485776641,54903.26655443753
36330049206.54543,2.013480084475417e-08,2.0134800844754176e-06,3.6790135042705366e-07,3.804049126561535e-09,0.005278234876761494,0.0015060903350891481,2.5644281045607416e-06,0.00020134800844754175,49832.653810660406
40026733938.381966,1.8275243405569792e-08,1.8275243405569795e-06,4.0533634802955355e-07,3.834447232458072e-09,0.00565970073790227,0.0016482057434527666,2.5644281045607416e-06,0.00018275243405569796,45230.33949812245
44099566743.37146,1.6587426123950796e-08,1.65874261239508e-06,4.4658046197226957e-07,3.86501668411873e-09,0.006056133151743081,0.001803831837770093,2.5644281045607416e-06,0.00016587426123950802,41053.07373130051
48586821746.35832,1.5055487870200914e-08,1.5055487870200915e-06,4.920212805608662e-07,3.895757481543507e-09,0.006467152205145294,0.0019674061764660324,2.5644281045607416e-06,0.00015055487870200917,37261.60098483353
53530667572.08507,1.3665032375485823e-08,1.3665032375485827e-06,5.420858303016996e-07,3.926669624732403e-09,0.006892381554071359,0.0021441846244928957,2.5644281045607416e-06,0.00013665032375485825,33820.29119282135
58977563621.51554,1.240299294403295e-08,1.2402992944032952e-06,5.972445888497122e-07,3.957753113685422e-09,0.007330568837164639,0.0023461514014624122,2.5644281045607416e-06,0.00012402992944032952,30696.804918092243
64978696670.38832,1.1257509659889274e-08,1.1257509659889277e-06,6.580159062850585e-07,3.9890079484025565e-09,0.007781343495483434,0.0025707183454726926,2.5644281045607416e-06,0.00011257509659889277,27861.789444894646
71590461892.90251,1.0217817934297088e-08,1.021781793429709e-06,7.249708762670796e-07,4.0204341288838136e-09,0.00824363404018741,0.002796158124742662,2.5644281045607416e-06,0.0001021781793429709,25288.602939067245
78874992830.9157,9.274147346320834e-09,9.274147346320836e-07,7.987387028418881e-07,4.052031655129189e-09,0.008716864813258183,0.0030424675339389756,2.5644281045607416e-06,9.274147346320836e-05,22953.064083505396
86900745289.00018,8.417629826087395e-09,8.417629826087396e-07,8.80012613337736e-07,4.083800527138685e-09,0.00920061742148677,0.003320996616559223,2.5644281045607416e-06,8.417629826087397e-05,20833.22483614186
95743140642.46387,7.64021631779936e-09,7.640216317799361e-07,9.695563729141223e-07,4.1157407449123e-09,0.009692843263168622,0.0036170278098859574,2.5644281045607416e-06,7.640216317799361e-05,18909.16417495375
105485274603.77194,6.9346011393684585e-09,6.934601139368459e-07,1.0682114619845983e-06,4.147852308450034e-09,0.01019367218815108,0.003931250911085614,2.5644281045607416e-06,6.93460113936846e-05,17162.800891730334
116218698107.94592,6.294153327844745e-09,6.294153327844746e-07,1.1769049839625328e-06,4.1801352177518875e-09,0.010704996347644088,0.004266766802975256,2.5644281045607416e-06,6.294153327844746e-05,15577.72367534598
128044277655.25256,5.712854325465473e-09,5.712854325465474e-07,1.2966583776422972e-06,4.212589472817862e-09,0.011223779441020246,0.00463740921855808,2.5644281045607416e-06,5.712854325465474e-05,14139.036887758724
141073143196.17606,5.185241420733721e-09,5.185241420733722e-07,1.4285970160896865e-06,4.245215073647956e-09,0.011750418227105248,0.005045163453573832,2.5644281045607416e-06,5.185241420733722e-05,12833.220583427887
155427732466.3592,4.706356413018103e-09,4.706356413018104e-07,1.5739607822465075e-06,4.27801202024217e-09,0.012289144130129066,0.00545143913816388,2.5644281045607416e-06,4.706356413018104e-05,11648.003456692548
171242941585.5598,4.2716990182537e-09,4.2716990182537007e-07,1.73411572063266e-06,4.3109803126005035e-09,0.01283864282129354,0.005874263391630937,2.5644281045607416e-06,4.271699018253701e-05,10572.247523145219
188667392733.29102,3.877184577877702e-09,3.877184577877703e-07,1.9105668746417103e-06,4.3441199507229576e-09,0.013401240311019568,0.0063394525245391575,2.5644281045607416e-06,3.877184577877703e-05,9595.843451302335
207864830814.022,3.519105673572976e-09,3.5191056735729763e-07,2.104972430067388e-06,4.377430934609531e-09,0.013980746708155417,0.006820336946338043,2.5644281045607416e-06,3.5191056735729764e-05,8709.615560959579
229015662236.9959,3.1940972870970002e-09,3.194097287097001e-07,2.3191592977737254e-06,4.410913264260222e-09,0.014575773553883589,0.007302468882658082,2.5644281045607416e-06,3.1940972870970005e-05,7905.235595461274
252318650271.2211,2.899105177788535e-09,2.899105177788536e-07,2.5551402819457015e-06,4.444566939675035e-09,0.01519271849598523,0.007772868847906963,2.5644281045607416e-06,2.8991051777885355e-05,7175.144457565802
277992782907.60596,2.6313571805820342e-09,2.631357180582035e-07,2.815132995257731e-06,4.4783919608539675e-09,0.015834818094058824,0.008252539158512024,2.5644281045607416e-06,2.6313571805820345e-05,6512.481173425824
306279330781.3193,2.3883371548052485e-09,2.3883371548052487e-07,3.101580698713737e-06,4.512388327797019e-09,0.016503447342096186,0.00875123283668623,2.5644281045607416e-06,2.388337154805249e-05,5911.0184171280625
337444114493.54297,2.167761338945827e-09,2.1677613389458274e-07,3.417175261999614e-06,4.546556040504191e-09,0.017204058542616214,0.009216406802420486,2.5644281045607416e-06,2.1677613389458274e-05,5365.1039898895
371780002639.58997,1.9675568891827648e-09,1.967556889182765e-07,3.7648824601161266e-06,4.580895098975482e-09,0.017943610570564927,0.009652515730396776,2.5644281045607416e-06,1.9675568891827652e-05,4869.607703965434
409609664018.4221,1.7858424000001442e-09,1.7858424000001443e-07,4.147969844015487e-06,4.615405503210892e-09,0.0187248032378907,0.01009436580123226,2.5644281045607416e-06,1.7858424000001444e-05,4419.873172114936
451288599887.2127,1.620910223827346e-09,1.6209102238273464e-07,4.570037447153442e-06,4.650087253210422e-09,0.01955485185679811,0.010488026339671332,2.5644281045607416e-06,1.6209102238273464e-05,4011.674049569393
497208484756.3582,1.4712104235557444e-09,1.4712104235557446e-07,5.035051616519603e-06,4.684940348974073e-09,0.020444846843343117,0.010839071152475047,2.5644281045607416e-06,1.4712104235557447e-05,3641.174317291023
547800847119.77844,1.335336207127053e-09,1.3353362071270534e-07,5.547382286070243e-06,4.719964790501845e-09,0.02139583949764076,0.01113283352824146,2.5644281045607416e-06,1.3353362071270534e-05,3304.8922332867105
603541124709.8776,1.2120107073159977e-09,1.212010707315998e-07,6.1118440428377435e-06,4.7551605777937336e-09,0.022418226398865027,0.011375428257641226,2.5644281045607416e-06,1.212010707315998e-05,2999.6676132124503
664953132386.1162,1.1000749824713284e-09,1.1000749824713285e-07,6.733741371632282e-06,4.790527710849743e-09,0.02353207340859229,0.011565313029257267,2.5644281045607416e-06,1.1000749824713287e-05,2722.632132790351
732613984643.8054,9.984771254531316e-10,9.984771254531319e-08,7.418918503519139e-06,4.8260661896698725e-09,0.02473526569328073,0.011698176550505151,2.5644281045607416e-06,9.984771254531317e-06,2471.1823729576467
807159519002.0353,9.062623784184934e-10,9.062623784184936e-08,8.173814336518947e-06,4.8617760142541224e-09,0.026037472043079678,0.011782701888482142,2.5644281045607416e-06,9.062623784184937e-06,2242.955354441495
889290271236.5731,8.225641605600283e-10,8.225641605600285e-08,9.005522944643603e-06,4.897657184602491e-09,0.027466830743911905,0.011808170571360787,2.5644281045607416e-06,8.225641605600285e-06,2035.80633184777
979778058609.5328,7.465959244811306e-10,7.465959244811308e-08,9.921860243896977e-06,4.933709700714979e-09,0.029027241224590206,0.011771031328076288,2.5644281045607416e-06,7.465959244811307e-06,1847.7886385854829
1079473232961.1716,6.776437646789e-10,6.776437646789001e-08,1.0931437441728585e-05,4.969933562591586e-09,0.030725437325808257,0.011656567403685187,2.5644281045607416e-06,6.776437646789002e-06,1677.1353932211462
1189312671824.2192,6.150597086735046e-10,6.150597086735047e-08,1.2043741960176205e-05,5.006328770232315e-09,0.03258661214937343,0.011481113474617983,2.5644281045607416e-06,6.150597086735047e-06,1522.2428953499098
1310328582656.517,5.582556277379648e-10,5.5825562773796486e-08,1.3269226593165392e-05,5.042895323637161e-09,0.034623794098265964,0.011256535016197214,2.5644281045607416e-06,5.582556277379648e-06,1381.6555549476336
1443658202929.167,5.066977100048401e-10,5.066977100048401e-08,1.4619407735815663e-05,5.079633222806129e-09,0.036846092033593694,0.010969698026772678,2.5644281045607416e-06,5.0669771000484015e-06,1254.052213578469
1590554487225.8972,4.5990144401134314e-10,4.5990144401134326e-08,1.610697360885463e-05,5.116542467739216e-09,0.03926980563807235,0.010640083655466797,2.5644281045607416e-06,4.599014440113432e-06,1138.2337289127477
1752397881784.8777,4.1742706554110607e-10,4.1742706554110615e-08,1.7745903495170884e-05,5.153623058436423e-09,0.04192835015155412,0.010271988580875304,2.5644281045607416e-06,4.174270655411062e-06,1033.1117058815764
1930709297133.2993,3.7887542497466297e-10,3.78875424974663e-08,1.9551599109021707e-05,5.1908749948977505e-09,0.04481218199436875,0.009887290315270702,2.5644281045607416e-06,3.78875424974663e-06,937.6982685700724
2127164400724.0125,3.4388423631240497e-10,3.43884236312405e-08,2.1541029332427193e-05,5.2282982771231965e-09,0.047940513323242985,0.009468358889576749,2.5644281045607416e-06,3.4388423631240506e-06,851.0967767314231
2343609363888.1675,3.1212467262049104e-10,3.121246726204911e-08,2.373288967889983e-05,5.265892905112763e-09,0.05136081013838942,0.008949426747634924,2.5644281045607416e-06,3.121246726204911e-06,772.4933996809317
2582078211084.6016,2.832982759056883e-10,2.8329827590568835e-08,2.614777798305727e-05,5.303658878866449e-09,0.05506632392002996,0.008478993718761471,2.5644281045607416e-06,2.832982759056884e-06,701.1494683863849
2844811934484.1484,2.5713415237993743e-10,2.571341523799375e-08,2.8808387967147414e-05,5.341596198384255e-09,0.05906981509142803,0.007991223176426006,2.5644281045607416e-06,2.571341523799375e-06,636.3945338841253
3134279553516.6943,2.333864267573589e-10,2.3338642675735896e-08,3.173972250351217e-05,5.37970486366618e-09,0.06338568621520901,0.00750766179221094,2.5644281045607416e-06,2.33386426757359e-06,577.6200667878279
3453201317286.412,2.1183193166065863e-10,2.1183193166065866e-08,3.4969328577106966e-05,5.417984874712223e-09,0.06807114595241875,0.007026861696604669,2.5644281045607416e-06,2.118319316606587e-06,524.2737386816183
3804574267898.0737,1.9226811042331025e-10,1.9226811042331027e-08,3.852755615611831e-05,5.456436231522388e-09,0.07311685187920863,0.006550994175374246,2.5644281045607416e-06,1.922681104233103e-06,475.85423165736927
4191700404923.5938,1.7451111357927437e-10,1.745111135792744e-08,4.244784340339341e-05,5.495058934096672e-09,0.0785277975504113,0.0060831619421145375,2.5644281045607416e-06,1.745111135792744e-06,431.9065272192411
4618217715682.493,1.5839407115214546e-10,1.583940711521455e-08,4.676703090893755e-05,5.5338529824350765e-09,0.0843884127082215,0.005631080429792437,2.5644281045607416e-06,1.583940711521455e-06,392.0176302832632
5088134362940.568,1.4376552450772138e-10,1.437655245077214e-08,5.1525707896450455e-05,5.5728183765376e-09,0.0906446233540078,0.005191691832540538,2.5644281045607416e-06,1.4376552450772142e-06,355.8126880886347
5605866351303.152,1.3048800303344118e-10,1.304880030334412e-08,5.6768593657352785e-05,5.611955116404244e-09,0.0974044853416457,0.004765683338017126,2.5644281045607416e-06,1.304880030334412e-06,322.95146754848713
6176279026269.886,1.1843673226915302e-10,1.1843673226915304e-08,6.254495779679801e-05,5.6512632020350066e-09,0.10464333076643242,0.004359589730069005,2.5644281045607416e-06,1.1843673226915303e-06,293.125157936303
6804732795935.053,1.0749846134897275e-10,1.0749846134897277e-08,6.890908324089818e-05,5.69074263342989e-09,0.11236819724529304,0.003969901469669817,2.5644281045607416e-06,1.0749846134897278e-06,266.0534688614856
7497133504999.561,9.757039873521027e-11,9.757039873521028e-09,7.592077635623775e-05,5.730393410588892e-09,0.12069708401074587,0.003600172820626041,2.5644281045607416e-06,9.757039873521027e-07,241.48199626253586
8259987934480.462,8.855924624300574e-11,8.855924624300575e-09,8.364592897548382e-05,5.770215533512015e-09,0.1295426785085884,0.003251475653774802,2.5644281045607416e-06,8.855924624300576e-07,219.17983166496097
9100464948671.975,8.038032227800171e-11,8.038032227800171e-09,9.215713761068286e-05,5.810209002199258e-09,0.1390556161571912,0.002925269303865974,2.5644281045607416e-06,8.038032227800174e-07,198.93739223711094
10026462863981.904,7.295676604774305e-11,7.295676604774306e-09,0.00010153438567325312,5.850373816650618e-09,0.14918596036619422,0.002621133297136344,2.5644281045607416e-06,7.295676604774307e-07,180.56445125205857
11046683672736.834,6.621881526844534e-11,6.6218815268445346e-09,0.0001118657951117819,5.8907099768661e-09,0.1599372020240393,0.002340252816054609,2.5644281045607416e-06,6.621881526844534e-07,163.88835044694468
12170714819468.053,6.010315057944011e-11,6.010315057944013e-09,0.00012324845453108102,5.931217482845702e-09,0.17145762000767129,0.002080398458196066,2.5644281045607416e-06,6.010315057944012e-07,148.7523774805829
13409119298164.941,5.455230050447969e-11,5.45523005044797e-09,0.00013578933157468853,5.971896334589423e-09,0.18362207350138376,0.0018421512166261846,2.5644281045607416e-06,5.45523005044797e-07,135.0142932415998
14773534917177.396,4.951410136807463e-11,4.9514101368074635e-09,0.00014960627814485745,6.012746532097264e-09,0.1966161582526381,0.001624780561791701,2.5644281045607416e-06,4.951410136807463e-07,122.54499516761099
16276783664601.186,4.494120709147085e-11,4.494120709147086e-09,0.00016482913790650484,6.053768075369225e-09,0.21036450960522501,0.0014277114855889368,2.5644281045607416e-06,4.4941207091470854e-07,111.2273040140818
17932992201899.223,4.079064426161079e-11,4.07906442616108e-09,0.0001816009664828059,6.094960964405304e-09,0.22486475428985522,0.001250693399363433,2.5644281045607416e-06,4.07906442616108e-07,100.9548626716238
19757724618087.676,3.702340829187609e-11,3.7023408291876094e-09,0.00020007937580912203,6.136325199205504e-09,0.24028713430524673,0.001092176611862605,2.5644281045607416e-06,3.702340829187609e-07,91.63113668345402
21768128692034.184,3.360409687956299e-11,3.3604096879563e-09,0.00022043801527872438,6.177860779769824e-09,0.256484600412887,0.00095076997523031,2.5644281045607416e-06,3.3604096879562996e-07,83.16850707045576
23983097037356.39,3.050057731553686e-11,3.0500577315536864e-09,0.0002428682035992621,6.219567706098264e-09,0.27366092820130655,0.0008255530621560351,2.5644281045607416e-06,3.050057731553687e-07,75.48744693873763
26423444644267.324,2.7683684519634087e-11,2.768368451963409e-09,0.0002675807266952178,6.261445978190824e-09,0.29172990378756675,0.0007150612075133707,2.5644281045607416e-06,2.7683684519634094e-07,68.51577413192473
29112104486803.24,2.512694696412298e-11,2.5126946964122983e-09,0.00029480781855199784,6.303495596047501e-09,0.3106839386736465,0.0006180837166113888,2.5644281045607416e-06,2.5126946964122986e-07,62.187972905040795
32074343033636.855,2.2806337909611373e-11,2.2806337909611375e-09,0.00032480534361647843,6.3457165596683e-09,0.330697720396356,0.0005218704211570498,2.5644281045607416e-06,2.2806337909611378e-07,56.44457824546611
35337997687723.34,2.0700049615658868e-11,2.070004961565887e-09,0.00035785520126295896,6.388108869053217e-09,0.35162541084219623,0.00044770252910915874,2.5644281045607416e-06,2.0700049615658874e-07,51.231617055173146
38933738386096.734,1.878828840425789e-11,1.8788288404257896e-09,0.0003942679749202749,6.430672524202256e-09,0.37365634418029836,0.00038350726278741986,2.5644281045607416e-06,1.8788288404257894e-07,46.50010094279926
42895355818183.07,1.7053088650306383e-11,1.7053088650306386e-09,0.00043438585075506256,6.473407525115415e-09,0.39670560561309964,0.00032806512795401126,2.5644281045607416e-06,1.7053088650306384e-07,42.205565859104254
47260078971137.26,1.5478143951063926e-11,1.5478143951063929e-09,0.0004785858333392526,6.516313871792692e-09,0.4207557211559941,0.0002803036347206195,2.5644281045607416e-06,1.5478143951063928e-07,38.30765424957711
52068924986311.836,1.404865388801885e-11,1.4048653888018852e-09,0.0005272832885207814,6.559391564234089e-09,0.4459556897797154,0.00023920184621279675,2.5644281045607416e-06,1.4048653888018851e-07,34.76973579750245
57367084614605.56,1.2751184941123422e-11,1.2751184941123424e-09,0.0005809358467913653,6.6026406024396055e-09,0.47218584006590514,0.00020394533147876197,2.5644281045607416e-06,1.2751184941123422e-07,31.558563193450233
63204346892978.15,1.1573544248349464e-11,1.1573544248349466e-09,0.000640047703832926,6.646060986409243e-09,0.49958842353502886,0.00017218550244531728,2.5644281045607416e-06,1.1573544248349466e-07,28.643959696309587
69635567032996.01,1.0504665024229638e-11,1.050466502422964e-09,0.0007051743586567226,6.689652716142998e-09,0.5281021856272848,0.00014648011781356613,2.5644281045607416e-06,1.0504665024229641e-07,25.998535549745558
76721181918353.25,9.534502560614522e-12,9.534502560614523e-10,0.0007769278338614659,6.733415791640876e-09,0.5577125743133431,0.0001245233547084792,2.5644281045607416e-06,9.534502560614523e-08,23.59743058912583
84527778055716.42,8.653939832320506e-12,8.653939832320508e-10,0.0008559824270673868,6.777350212902871e-09,0.5885359547051634,0.00010576191697769787,2.5644281045607416e-06,8.653939832320508e-08,21.418080620085593
93128717316165.83,7.854701820605167e-12,7.854701820605168e-10,0.0009430810475749058,6.821455979928986e-09,0.6205221877254674,8.974894136221035e-05,2.5644281045607416e-06,7.854701820605168e-08,19.440005373291797
102604826347588.62,7.12927774933175e-12,7.129277749331751e-10,0.0010390421977961484,6.865733092719222e-09,0.6537723978184197,7.609463953550168e-05,2.5644281045607416e-06,7.129277749331751e-08,17.644616042728522
113045156136724.62,6.470850503043111e-12,6.470850503043112e-10,0.0011447676650667767,6.910181551273574e-09,0.6882901028373257,6.446295078448269e-05,2.5644281045607416e-06,6.470850503043112e-08,16.015040598859326
124547818858783.98,5.873232563657387e-12,5.873232563657387e-10,0.001261250996121284,6.954801355592051e-09,0.7240978990002697,5.3281294487046165e-05,2.5644281045607416e-06,5.873232563657388e-08,14.535965235061623
137220909878871.6,5.3308078637550494e-12,5.330807863755051e-10,0.0013895868338700303,6.999592505674646e-09,0.7613093198730471,4.508359574802687e-05,2.5644281045607416e-06,5.33080786375505e-08,13.193490457337317
151183523569649.6,4.838479010028586e-12,4.838479010028588e-10,0.0015309812042196035,7.04455500152136e-09,0.7999680294050012,3.8130967743542293e-05,2.5644281045607416e-06,4.8384790100285874e-08,11.975000464914965
166566872491304.22,4.391619380931224e-12,4.391619380931225e-10,0.0016867628496060802,7.089688843132194e-09,0.8401712676917344,3.223020521397765e-05,2.5644281045607416e-06,4.391619380931225e-08,10.869044594257787
183515520451226.03,3.9860296483660416e-12,3.9860296483660425e-10,0.0018583957157472177,7.134994030507146e-09,0.8819987648121713,2.7224255999406832e-05,2.5644281045607416e-06,3.986029648366042e-08,9.865229712356689
202188741030978.78,3.617898314831653e-12,3.6178983148316536e-10,0.0020474927089567828,7.180470563646221e-09,0.9255216088386778,2.2986670146981913e-05,2.5644281045607416e-06,3.6178983148316535e-08,8.954122548083172
222762014347212.34,3.283765895175232e-12,3.2837658951752325e-10,0.002255830853304342,7.226118442549415e-09,0.9708697720330255,1.9399177456538418e-05,2.5644281045607416e-06,3.283765895175233e-08,8.127161043768377
245428676112210.38,2.9804924063538095e-12,2.98049240635381e-10,0.002485367990058718,7.271937667216727e-09,1.0181465960361162,1.5315195346103525e-05,2.5644281045607416e-06,2.98049240635381e-08,7.376573893941831
270401734490986.25,2.705227859691469e-12,2.7052278596914694e-10,0.0027382611763467784,7.31792823764816e-09,1.0674598602204026,1.2908452712211347e-05,2.5644281045607416e-06,2.7052278596914695e-08,6.695307515101706
297915871828703.56,2.4553854783356776e-12,2.4553854783356777e-10,0.003016886955927553,7.3640901538437085e-09,1.118932148774433,1.0872134604230131e-05,2.5644281045607416e-06,2.4553854783356778e-08,6.07695976022049
328229650059494.6,2.2286173882259596e-12,2.2286173882259602e-10,0.0033238636925746632,7.4104234158033815e-09,1.1726659220131823,9.153847094532496e-06,2.5644281045607416e-06,2.2286173882259602e-08,5.515719755073562
361627940521826.06,2.0227925541327522e-12,2.0227925541327527e-10,0.0036620761759431964,7.456928023527174e-09,1.228802296608907,7.704104253198525e-06,2.5644281045607416e-06,2.022792554132753e-08,5.006313291007358
398424601014421.56,1.8359767534219955e-12,1.8359767534219958e-10,0.004034702731152835,7.503603977015086e-09,1.2874738437020463,6.480289792259267e-06,2.5644281045607416e-06,1.835976753421996e-08,4.543953260979749
438965425250154.3,1.6664143993505886e-12,1.6664143993505889e-10,0.004445245086847325,7.550451276267118e-09,1.3488043708327078,5.449192152747318e-06,2.5644281045607416e-06,1.666414399350589e-08,4.124294673099428
483631392425173.5,1.5125120430785262e-12,1.5125120430785265e-10,0.004897561282413044,7.597469921283267e-09,1.412942675407784,4.580083219710043e-06,2.5644281045607416e-06,1.5125120430785264e-08,3.7433938189075295
532842247440830.6,1.3728233993591896e-12,1.3728233993591899e-10,0.005395901923599633,7.644659912063538e-09,1.4800205401339808,3.3110889287806916e-06,2.5644281045607416e-06,1.3728233993591899e-08,3.397671212688657
587060445423263.4,1.246035755187884e-12,1.2460357551878841e-10,0.00594495012725207,7.692021248607927e-09,1.5501951403165273,2.782117519661729e-06,2.5644281045607416e-06,1.2460357551878844e-08,3.083877953536358
646795497608944.1,1.1309576336849815e-12,1.1309576336849816e-10,0.006549865530531598,7.73955393091644e-09,1.6236268746689806,2.336417230394577e-06,2.5644281045607416e-06,1.1309576336849817e-08,2.799065194063282
712608759436314.5,1.0265075972859764e-12,1.0265075972859766e-10,0.007216332778198756,7.787257958989069e-09,1.7004671948127041,1.9616609366224777e-06,2.5644281045607416e-06,1.0265075972859766e-08,2.5405564288405755
785118705839211.5,9.317040850173286e-13,9.317040850173287e-11,0.007950614943613848,7.83513333282582e-09,1.7808924741223493,1.6465334412025325e-06,2.5644281045607416e-06,9.317040850173287e-09,2.305922342149369
865006743316248.4,8.456561883546776e-13,8.456561883546778e-11,0.00875961238547456,7.883180052426687e-09,1.8650707598274199,1.3812963970094488e-06,2.5644281045607416e-06,8.456561883546777e-09,2.092957978678025
953023613394602.6,7.67555278980304e-13,7.675552789803041e-11,0.009650927593392169,7.931398117791673e-09,1.9531877799845194,1.1586388093329823e-06,2.5644281045607416e-06,7.67555278980304e-09,1.8996620226286298
1049996447664279.2,6.966674097623208e-13,6.966674097623208e-11,0.010632936631687809,7.979787528920785e-09,2.045438532186905,9.714906018649725e-07,2.5644281045607416e-06,6.966674097623209e-09,1.7242179905097088
1156836540681930.5,6.323264175444432e-13,6.323264175444432e-11,0.011714867852795657,8.028348285814012e-09,2.1420143665102747,7.019264957971023e-07,2.5644281045607416e-06,6.3232641754444334e-09,1.5649771608760132
1274547913789541.2,5.739276629302927e-13,5.739276629302928e-11,0.012906888619976738,8.077080388471361e-09,2.243128214429932,5.895910018995649e-07,2.5644281045607416e-06,5.739276629302928e-09,1.4204430805988364
1404236750325747.8,5.20922348232392e-13,5.209223482323921e-11,0.014220200854312704,8.125983836892829e-09,2.3489936604976753,4.950118309244396e-07,2.5644281045607416e-06,5.20922348232392e-09,1.2892575020658474
1547121790896452.0,4.728123601892117e-13,4.728123601892118e-11,0.015667146303875036,8.175058631078416e-09,2.4598387974223663,4.1545518363430177e-07,2.5644281045607416e-06,4.7281236018921185e-09,1.1701876191563556
1704545786393496.2,4.291455889851025e-13,4.2914558898510256e-11,0.017261322524328663,8.224304771028122e-09,2.5759031335402036,3.486082596810833e-07,2.5644281045607416e-06,4.291455889851026e-09,1.0621144820430763
1877988116390173.2,3.895116795839908e-13,3.8951167958399084e-11,0.01901771066088797,8.273722256741952e-09,2.6974301045872493,2.9240005688371566e-07,2.5644281045607416e-06,3.895116795839908e-09,0.9640224819494545
2069078691494026.5,3.535381754503093e-13,3.535381754503094e-11,0.020952816232446728,8.323311088219899e-09,2.8246818202247166,2.451693748271049e-07,2.5644281045607416e-06,3.535381754503094e-09,0.8749898070463323
2279613270303138.0,3.208870184181015e-13,3.208870184181016e-11,0.023084824240889177,8.373071265461966e-09,2.9579283649358965,2.0553376801444996e-07,2.5644281045607416e-06,3.2088701841810157e-09,0.7941797797980402
2511570334905832.0,2.912513718160866e-13,2.9125137181608665e-11,0.025433770063210046,8.42300278846815e-09,3.097454212464343,1.4783915911779242e-07,2.5644281045607416e-06,2.912513718160867e-09,0.7208329943512873
2767129683509943.5,2.643527369942591e-13,2.6435273699425917e-11,0.028021727732388518,8.473105657238458e-09,3.243557644597558,1.2414066734051906e-07,2.5644281045607416e-06,2.6435273699425924e-09,0.6542601800785932
3048692914924437.5,2.399383361548049e-13,2.3993833615480494e-11,0.030873017376371017,8.523379871772882e-09,3.3965474845515,1.0421017726905754e-07,2.5644281045607416e-06,2.399383361548049e-09,0.5938357242119638
3358905997394718.0,2.1777873689269263e-13,2.1777873689269266e-11,0.03401443376455453,8.573825432071427e-09,3.5567503309618136,8.744471040639388e-08,2.5644281045607416e-06,2.1777873689269266e-09,0.5389917926962713
3700684133880319.0,1.976656961227614e-13,1.9766569612276143e-11,0.03747549810951666,8.624442338134092e-09,3.7245064122216665,7.335316201277302e-08,2.5644281045607416e-06,1.9766569612276144e-09,0.4892129940135512
4077239157444699.5,1.7941020313175806e-13,1.794102031317581e-11,0.04128873549028155,8.67523058996088e-09,3.900172552210888,6.152059195429971e-08,2.5644281045607416e-06,1.794102031317581e-09,0.4440315358318766
4492109714202875.5,1.6284070336508154e-13,1.6284070336508157e-11,0.04548998050418198,8.726190187551783e-09,4.084122912822215,5.1574447840501466e-08,2.5644281045607416e-06,1.6284070336508156e-09,0.4030228289638504
4949194517469187.0,1.4780148625638775e-13,1.4780148625638778e-11,0.0501187140196616,8.777321130906809e-09,4.276747784700272,4.322551586493811e-08,2.5644281045607416e-06,1.4780148625638776e-09,0.36580149732320716
5452788985607715.0,1.3415122194984148e-13,1.341512219498415e-11,0.05521843419461744,8.828623420025952e-09,4.478456893976245,3.6221918910569384e-08,2.5644281045607416e-06,1.3415122194984153e-09,0.332017756383482
6007625607887603.0,1.2176163316394153e-13,1.2176163316394156e-11,0.06083706524690843,8.880097054909214e-09,4.689679147073879,2.5966295141469236e-08,2.5644281045607416e-06,1.2176163316394155e-09,0.3013541261055074
6618918417677365.0,1.10516289715896e-13,1.1051628971589601e-11,0.06702740781840935,8.931742035556598e-09,4.910863235405878,2.1794403311962234e-08,2.5644281045607416e-06,1.1051628971589603e-09,0.273522447443812
7292411990911785.0,1.0030951437817091e-13,1.0030951437817091e-11,0.07384763516487393,8.9835583619681e-09,5.142479498008849,1.82875019394757e-08,2.5644281045607416e-06,1.0030951437817091e-09,0.24826117439473896
8034435430291263.0,9.104538978507834e-14,9.104538978507836e-12,0.08136183983451839,9.035546034143723e-09,5.38501992383776,1.533908540683302e-08,2.5644281045607416e-06,9.104538978507835e-10,0.22533291613850273
8851961842524483.0,8.263685705690935e-14,8.263685705690937e-12,0.08964063597268045,9.087705052083464e-09,5.638999673994268,1.2861217543235973e-08,2.5644281045607416e-06,8.263685705690937e-10,0.20452220617771252
9752673867548824.0,7.500489767097706e-14,7.500489767097707e-12,0.0987618229126816,9.14003541578733e-09,5.90495870120126,1.0782641756102324e-08,2.5644281045607416e-06,7.500489767097706e-10,0.18563347750795406
1.0745035875532346e+16,6.807779089129105e-14,6.807779089129107e-12,0.10881111628891692,9.19253712525531e-09,6.18346173405471,9.036283632113067e-09,2.5644281045607416e-06,6.807779089129107e-10,0.16848922479231287
1.1838373510124974e+16,6.179043977859669e-14,6.1790439778596706e-12,0.11988295354277008,9.245210180487413e-09,6.475100701266358,7.570807769498078e-09,2.5644281045607416e-06,6.179043977859671e-10,0.1529283362689681
1.3042961325458048e+16,5.608375944703053e-14,5.608375944703054e-12,0.13208138139100895,9.298054581483632e-09,6.780495226397612,6.34231505272133e-09,2.5644281045607416e-06,5.608375944703053e-10,0.13880457971613722
1.4370119340456582e+16,5.0904121818564496e-14,5.090412181856451e-12,0.1455210335966019,9.351070328243976e-09,7.100293827526373,4.526993818372995e-09,2.5644281045607416e-06,5.090412181856451e-10,0.12598522824630304
1.583231941782289e+16,4.620285165737897e-14,4.620285165737898e-12,0.16032820823044985,9.404257420768433e-09,7.435176212455988,3.798614371319332e-09,2.5644281045607416e-06,4.620285165737898e-10,0.1143498130157728
1.744330246738282e+16,4.1935769148172375e-14,4.1935769148172385e-12,0.1766420545475479,9.457615859057012e-09,7.785853511464273,3.1864506646444077e-09,2.5644281045607416e-06,4.193576914817238e-10,0.103788991128219
1.9218207575201024e+16,3.806277471983544e-14,3.8062774719835445e-12,0.19461588063112353,9.511145643109717e-09,8.153070881387151,2.6719384607484065e-09,2.5644281045607416e-06,3.806277471983545e-10,0.09420351809344524
2.1173714271946944e+16,3.4547472212897184e-14,3.454747221289719e-12,0.21441859409324437,9.564846772926535e-09,8.537608505408308,2.239800565269025e-09,2.5644281045607416e-06,3.454747221289719e-10,0.08550331518512391
2.3328199277468972e+16,3.135682684948654e-14,3.135682684948655e-12,0.236236289370783,9.618719248507476e-09,8.94028306582875,1.877078092056059e-09,2.5644281045607416e-06,3.1356826849486545e-10,0.07760662293306939
2.570190919456756e+16,2.846085479161694e-14,2.8460854791616946e-12,0.26027399653318684,9.672763069852531e-09,9.361950209076698,1.572826934674405e-09,2.5644281045607416e-06,2.8460854791616946e-10,0.07043923279507552
2.831715077484857e+16,2.5832341370433074e-14,2.583234137043308e-12,0.2867576080363889,9.726978236961715e-09,9.803505526273089,1.3173750510480266e-09,2.5644281045607416e-06,2.583234137043308e-10,0.06393378978799176
3.119850054465928e+16,2.3446585338510227e-14,2.344658533851023e-12,0.3159360015293175,9.781364749835015e-09,10.26588715269887,1.1031903273025144e-09,2.5644281045607416e-06,2.344658533851023e-10,0.058029159524589834
3.4373035761057044e+16,2.128116674182916e-14,2.1281166741829165e-12,0.34808337866197936,9.835922608472433e-09,10.750077393587828,9.236835738926208e-10,2.5644281045607416e-06,2.1281166741829164e-10,0.0526698537079799
3.78705888681933e+16,1.931573623002946e-14,1.931573623002946e-12,0.38350184187380276,9.890651812873972e-09,11.257104733829038,6.571288953251765e-10,2.5644281045607416e-06,1.9315736230029463e-10,0.04780550868472425
4.1724027845355336e+16,1.753182382499395e-14,1.7531823824993953e-12,0.42252423337749323,9.945552363039633e-09,11.788046387214372,5.511605580533395e-10,2.5644281045607416e-06,1.7531823824993955e-10,0.04339041215637503
4.5969565081205064e+16,1.5912665350688496e-14,1.59126653506885e-12,0.4655172630174324,1.0000624258969407e-08,12.344030186432708,4.621216730273902e-10,2.5644281045607416e-06,1.59126653506885e-10,0.039383073601760896
5.064709767684589e+16,1.4443044893139602e-14,1.4443044893139604e-12,0.512884954396523,1.0055867500663303e-08,12.926237287748167,3.873376091024075e-10,2.5644281045607416e-06,1.4443044893139605e-10,0.03574583437308589
5.580058237568046e+16,1.3109151810084336e-14,1.3109151810084339e-12,0.5650724416561002,1.0111282088121322e-08,13.5359045277005,3.245620003548105e-10,2.5644281045607416e-06,1.3109151810084337e-10,0.03244451380176046
6.147844864343637e+16,1.1898450946549847e-14,1.1898450946549849e-12,0.6225701525888798,1.0166868021343459e-08,14.174327015474649,2.7186068445643887e-10,2.5644281045607416e-06,1.189845094654985e-10,0.02944808798826648
6.7734053780251224e+16,1.0799564836723086e-14,1.079956483672309e-12,0.6859184173954676,1.0222625300329717e-08,14.842861032503905,2.2769248182521437e-10,2.5644281045607416e-06,1.0799564836723088e-10,0.02672839825750824
7.462618434168539e+16,9.80216678511465e-15,9.802166785114652e-13,0.7557125463947304,1.0278553925080092e-08,15.542926756991221,1.9063687631678803e-10,2.5644281045607416e-06,9.802166785114653e-11,0.02425988653988776
8.221960858074315e+16,8.896883822252074e-15,8.896883822252076e-13,0.8326084244055854,1.033465389559459e-08,16.276011399761455,1.5957425783876468e-10,2.5644281045607416e-06,8.896883822252077e-11,0.02201935519136076
9.058568510241323e+16,8.075208622939742e-15,8.075208622939744e-13,0.9173286743727657,1.0390925211873204e-08,17.043672305030977,1.3355969374371708e-10,2.5644281045607416e-06,8.075208622939744e-11,0.019985748995409496
9.980303345053294e+16,7.329419559341113e-15,7.329419559341114e-13,1.0106694481589695,1.044736787391594e-08,17.847540246681167,9.459728505264801e-11,2.5644281045607416e-06,7.329419559341114e-11,0.018139957298305632
1.099582729287408e+17,6.652508137591102e-15,6.652508137591103e-13,1.113507908319097,1.0503981881722794e-08,18.689322947858354,7.931394120669058e-11,2.5644281045607416e-06,6.652508137591104e-11,0.016464634418251484
1.2114683659855213e+17,6.038113136027639e-15,6.03811313602764e-13,1.226810471166192,1.0560767235293775e-08,19.57080864935408,6.648535937666015e-11,2.5644281045607416e-06,6.038113136027641e-11,0.014944036640703116
1.3347386810401629e+17,5.480460826113576e-15,5.480460826113577e-13,1.3516418885924042,1.0617723934628865e-08,20.49386995403957,5.571268774051736e-11,2.5644281045607416e-06,5.4804608261135774e-11,0.01356387426805652
1.4705520975081942e+17,4.97431071427808e-15,4.974310714278082e-13,1.4891752539909249,1.0674851979728078e-08,21.460467783212696,4.6668902265711905e-11,2.5644281045607416e-06,4.974310714278082e-11,0.012311177333341285
1.620184911252074e+17,4.514906294792068e-15,4.514906294792069e-13,1.6407030263085438,1.0732151370591416e-08,22.472655535649743,3.908041414628012e-11,2.5644281045607416e-06,4.514906294792069e-11,0.011174173715980031
1.7850432848294528e+17,4.097930350881103e-15,4.0979303508811036e-13,1.8076491758265523,1.0789622107218866e-08,23.532583473752243,3.2720129136516016e-11,2.5644281045607416e-06,4.0979303508811036e-11,0.010142178514214619
1.9666764617949248e+17,3.719464384021232e-15,3.7194643840212327e-13,1.9915825658091733,1.0847264189610442e-08,24.64250326646193,2.7387937841398484e-11,2.5644281045607416e-06,3.719464384021233e-11,0.009205493634584507
2.1667913255939386e+17,3.3759517901586617e-15,3.3759517901586624e-13,2.194231695772143,1.0905077617766133e-08,25.804772790871375,2.2917287130520487e-11,2.5644281045607416e-06,3.375951790158663e-11,0.008355316654859609
2.3872684398654016e+17,3.0641644368035747e-15,3.0641644368035753e-13,2.4175009449206333,1.0963062391685948e-08,27.02186113297247,1.917437093165245e-11,2.5644281045607416e-06,3.064164436803575e-11,0.0075836581039713784
2.6301797208899094e+17,2.7811723269100884e-15,2.7811723269100886e-13,2.6634884684023827,1.1021218511369882e-08,28.296353830261808,1.6040135129715023e-11,2.5644281045607416e-06,2.7811723269100886e-11,0.0068832663815896495
2.8978079082596243e+17,2.52431606446004e-15,2.52431606446004e-13,2.9345059145552583,1.1079545976817936e-08,29.63095837306843,1.1319874307585362e-11,2.5644281045607416e-06,2.5243160644600406e-11,0.006247559611780294
3.1926680167432685e+17,2.291181862998985e-15,2.291181862998985e-13,3.233100148439907,1.1138044788030106e-08,31.02850994744225,9.486750194671502e-12,2.5644281045607416e-06,2.2911818629989848e-11,0.005670563790346064
3.5175309709391034e+17,2.079578862268319e-15,2.0795788622683194e-13,3.5620771858033384,1.1196714945006402e-08,32.491977464743435,7.949230079484865e-12,2.5644281045607416e-06,2.0795788622683193e-11,0.00514685664459322
3.875449644819941e+17,1.8875185397690754e-15,1.8875185397690757e-13,3.924528562390233,1.125555644774681e-08,34.024469865566125,6.658182933475825e-12,2.5644281045607416e-06,1.8875185397690757e-11,0.00467151667795222
4.26978755087559e+17,1.713196023778527e-15,1.7131960237785274e-13,4.323860386406348,1.1314569296251344e-08,35.62924272327095,5.575146248495254e-12,2.5644281045607416e-06,1.7131960237785275e-11,0.004240076920601774
4.704250448455792e+17,1.5549731322107475e-15,1.554973132210748e-13,4.763825347151321,1.1373753490519993e-08,37.30970516330319,4.667053785809175e-12,2.5644281045607416e-06,1.554973132210748e-11,0.003848482951472795
5.182921168351431e+17,1.4113629779296539e-15,1.411362977929654e-13,5.2485579806203875,1.1433109030552763e-08,39.06942710209003,3.90562739014473e-12,2.5644281045607416e-06,1.411362977929654e-11,0.0034930547971461635
5.710297980874602e+17,1.281015995844535e-15,1.2810159958445351e-13,5.782613523480026,1.1492635916349655e-08,40.91214683335039,3.2677480867596687e-12,2.5644281045607416e-06,1.2810159958445353e-11,0.0031704523495930553
6.291336867998717e+17,1.1627072604786495e-15,1.1627072604786498e-13,6.371010720544877,1.1552334147910664e-08,42.841778968413465,2.7333640400923763e-12,2.5644281045607416e-06,1.1627072604786498e-11,0.002877643977773414
6.931498096808233e+17,1.055324974828669e-15,1.0553249748286691e-13,7.019278988036325,1.1612203725235799e-08,44.862422751908625,2.285817438519983e-12,2.5644281045607416e-06,1.0553249748286691e-11,0.00261187803812236
7.636797531927293e+17,9.578600223401548e-16,9.57860022340155e-14,7.733510375834696,1.1672244648325043e-08,46.978370771305215,1.911454167799141e-12,2.5644281045607416e-06,9.57860022340155e-12,0.00237065701619713
8.41386316913314e+17,8.693964838143143e-16,8.693964838143144e-14,8.5204168170376,1.1732456917178418e-08,49.19411807467857,1.3422427715897122e-12,2.5644281045607416e-06,8.693964838143144e-12,0.0021517140564820472
9.269997421422884e+17,7.891030301296798e-16,7.891030301296799e-14,9.387393202821036,1.1792840531795902e-08,51.51437172073787,1.124540840495741e-12,2.5644281045607416e-06,7.8910303012968e-12,0.0019529916597928764
1.0213245742863799e+18,7.162251098922439e-16,7.16225109892244e-14,10.342586875346102,1.1853395492177516e-08,53.944060777927575,9.419529651929048e-13,2.5644281045607416e-06,7.16225109892244e-12,0.0017726223480904837
1.1252472235112403e+18,6.500778585983371e-16,6.500778585983373e-14,11.39497419176336,1.1914121798323241e-08,56.48834679568026,7.888384188489697e-13,2.5644281045607416e-06,6.5007785859833725e-12,0.0016089111150034768
1.239744294711085e+18,5.900396626744574e-16,5.900396626744574e-14,12.55444487882139,1.1975019450233093e-08,59.15263476936288,6.603601548460859e-13,2.5644281045607416e-06,5.9003966267445755e-12,0.0014603194971394846
1.3658917650760328e+18,5.355463179128199e-16,5.355463179128199e-14,13.831894970792625,1.2036088447907061e-08,61.942584622507304,5.526913652619573e-13,2.5644281045607416e-06,5.3554631791282e-12,0.001325451116496964
1.5048750955029005e+18,4.860857274068044e-16,4.860857274068045e-14,15.23932920409616,1.2097328791345144e-08,64.86412323056123,4.624433613876317e-13,2.5644281045607416e-06,4.860857274068044e-12,0.0012030385581130424
1.658000370870395e+18,4.4119308916070955e-16,4.4119308916070965e-14,16.789973830860554,1.2158740480547356e-08,67.92345701174081,3.8679336292202507e-13,2.5644281045607416e-06,4.411930891607097e-12,0.0010919314596314746
1.8267065738686403e+18,4.0044652814968963e-16,4.004465281496897e-14,18.498400911583932,1.2220323515513683e-08,71.12708511173444,3.234641878744457e-13,2.5644281045607416e-06,4.004465281496897e-12,0.000991085700863211
2.0125791077255273e+18,3.6346313178248113e-16,3.634631317824812e-14,20.38066525492335,1.2282077896244129e-08,74.48181321026959,2.7042865518486513e-13,2.5644281045607416e-06,3.6346313178248122e-12,0.0008995535917492686
2.2173646949083139e+18,3.2989535151057254e-16,3.298953515105726e-14,22.454455291490945,1.2344003622738696e-08,77.99476797886683,2.2603690849053016e-13,2.5644281045607416e-06,3.2989535151057258e-12,0.0008164749665182595
2.442987791810272e+18,2.99427736768126e-16,2.9942773676812606e-14,24.73925929948578,1.2406100694997386e-08,81.67341222050202,1.5770782009093212e-13,2.5644281045607416e-06,2.9942773676812604e-12,0.0007410691003463835
2.6915686736776356e+18,2.7177397055020184e-16,2.7177397055020192e-14,27.256548544248872,1.2468369113020188e-08,85.52556072333101,1.320960447150821e-13,2.5644281045607416e-06,2.7177397055020192e-12,0.0006726273725575643
2.965443359729023e+18,2.466741787712832e-16,2.466741787712832e-14,30.02997905278608,1.2530808876807118e-08,89.55939686216416,1.1061728684277333e-13,2.5644281045607416e-06,2.466741787712832e-12,0.0006105066074165279
3.267185565711527e+18,2.2389248811908425e-16,2.238924881190843e-14,33.085613919413255,1.2593419986358161e-08,93.78348998294955,9.261595900890767e-14,2.5644281045607416e-06,2.2389248811908426e-12,0.000554123029935633
3.5996308901914957e+18,2.0321480945369842e-16,2.0321480945369846e-14,36.452168231629955,1.265620244167333e-08,98.20681360720545,7.753064331259984e-14,2.5644281045607416e-06,2.0321480945369847e-12,0.0005029467798954588
3.96590346186806e+18,1.8444682592181754e-16,1.8444682592181758e-14,40.16127891788579,1.2719156242752613e-08,102.8387644950642,6.4879706041851e-14,2.5644281045607416e-06,1.8444682592181758e-12,0.0004564969325252493
4.369445298326226e+18,1.6741216687942558e-16,1.6741216687942563e-14,44.24780205312074,1.2782281389596015e-08,107.68918260743592,5.428295283751803e-14,2.5644281045607416e-06,1.6741216687942563e-12,0.00041433697905030254
4.81404865212538e+18,1.5195075046259839e-16,1.519507504625984e-14,48.750140415977576,1.2845577882203546e-08,112.76837200968932,4.5407003072139186e-14,2.5644281045607416e-06,1.519507504625984e-12,0.00037607072463522845
5.303891648193305e+18,1.3791727923082406e-16,1.3791727923082408e-14,53.71060437588201,1.2909045720575184e-08,118.08712276126,3.7967853362201657e-14,2.5644281045607416e-06,1.3791727923082408e-12,0.00034133856517425863
5.843577547425727e+18,1.2517987474576403e-16,1.2517987474576406e-14,59.17580950140315,1.2972684904710948e-08,123.65673383769322,3.174036624161016e-14,2.5644281045607416e-06,1.2517987474576407e-12,0.00030981410794002074
6.438178005466914e+18,1.1361883825404753e-16,1.1361883825404754e-14,65.19711462637626,1.3036495434610832e-08,129.4890371338039,2.6528332621977752e-14,2.5644281045607416e-06,1.1361883825404754e-12,0.0002812011043336692
7.093280733193709e+18,1.031255258276742e-16,1.0312552582767422e-14,71.83110449049435,1.310047731027484e-08,135.59642259896006,2.216813640127584e-14,2.5644281045607416e-06,1.031255258276742e-12,0.0002552306659120347
7.815042006787088e+18,9.360132739128352e-17,9.360132739128353e-15,79.14012148992946,1.3164630531702961e-08,141.99186455787122,1.851865537248605e-14,2.5644281045607416e-06,9.360132739128353e-13,0.00023165873752972128
8.610244520852159e+18,8.49567400417468e-17,8.495674004174681e-15,87.19285153508501,1.3228955098895207e-08,148.68894927281193,1.2873262990797063e-14,2.5644281045607416e-06,8.495674004174681e-13,0.00021026380385012086
9.486361128254863e+18,7.711052695170588e-17,7.71105269517059e-15,96.06496952101254,1.3293451011851568e-08,155.70190380581644,1.0776005112181676e-14,2.5644281045607416e-06,7.71105269517059e-13,0.00019084480767253762
1.0451625065667633e+19,6.998895395289274e-17,6.9988953952892755e-15,105.8398504762718,1.3358118270572051e-08,163.04562624217687,9.018395450124049e-15,2.5644281045607416e-06,6.998895395289276e-13,0.00017321926051299557
1.15151073247605e+19,6.352509662510904e-17,6.352509662510905e-15,116.60935307317409,1.3422956875056652e-08,170.73571733942913,7.547134768587048e-15,2.5644281045607416e-06,6.352509662510905e-13,0.00015722152768312913
1.2686801896130204e+19,5.765821137926314e-17,5.765821137926314e-15,128.47468286241363,1.3487966825305378e-08,178.788513669085,6.314286968903097e-15,2.5644281045607416e-06,5.765821137926315e-13,0.00014270127175125682
1.3977719687037247e+19,5.2333164624290864e-17,5.233316462429087e-15,141.5473433442344,1.3553148121318216e-08,187.22112232149013,5.281599987991681e-15,2.5644281045607416e-06,5.233316462429087e-13,0.00012952203975824457
1.5399991995538555e+19,4.749991465358098e-17,4.749991465358099e-15,155.9501838137805,1.3618500763095172e-08,196.05145724755707,4.417122725664197e-15,2.5644281045607416e-06,4.749991465358099e-13,0.00011755998091158254
1.6966984513403318e+19,4.311304138198828e-17,4.311304138198829e-15,171.81855382764965,1.3684024750636258e-08,205.2982773145603,3.6935483688415646e-15,2.5644281045607416e-06,4.3113041381988293e-13,0.00010670268270734061
1.869342292914603e+19,3.9131319514169285e-17,3.913131951416929e-15,189.30157514066383,1.3749720083941459e-08,214.9812261568408,3.0872877114476423e-15,2.5644281045607416e-06,3.9131319514169296e-13,9.684811454253776e-05
2.059553131152305e+19,3.55173311331203e-17,3.5517331133120306e-15,208.56354306580076,1.3815586763010781e-08,225.1208739060898,2.5799792372788976e-15,2.5644281045607416e-06,3.5517331133120307e-13,8.790366889059656e-05
2.2691184573937283e+19,3.223711406825796e-17,3.2237114068257967e-15,229.7854704264207,1.3881624787844218e-08,235.73876088983977,2.1555428748499206e-15,2.5644281045607416e-06,3.223711406825797e-13,7.978529102942726e-05
2.500007645252716e+19,2.9259842738599594e-17,2.92598427385996e-15,253.16678860999838,1.3947834158441778e-08,246.85744339101956,1.8005743118884297e-15,2.5644281045607416e-06,2.92598427385996e-13,7.24166891438057e-05
2.7543904576496484e+19,2.6557538471800658e-17,2.6557538471800663e-15,278.92722170883434,1.4014214874803458e-08,258.5005415657587,1.5035122225876303e-15,2.5644281045607416e-06,2.6557538471800664e-13,6.572861737906578e-05
3.034657436987395e+19,2.4104806576787602e-17,2.4104806576787606e-15,307.3088513598867,1.4080766936929262e-08,270.69278962126157,1.0396024154949577e-15,2.5644281045607416e-06,2.410480657678761e-13,5.965822510864037e-05
3.3434423700847067e+19,2.1878597699154567e-17,2.187859769915457e-15,338.57839168783124,1.4147490344819177e-08,283.46008836032007,8.69902809332507e-16,2.5644281045607416e-06,2.1878597699154574e-13,5.414846630026313e-05
3.6836470389801538e+19,1.9857991216672937e-17,1.985799121667294e-15,373.0296957300163,1.4214385098473224e-08,296.82956020411723,7.276540317029372e-16,2.5644281045607416e-06,1.985799121667294e-13,4.9147563430378656e-05
4.058468490199627e+19,1.802399863939638e-17,1.8023998639396383e-15,410.9865168971695,1.4281451197891372e-08,310.82960681018113,6.086464651908859e-16,2.5644281045607416e-06,1.8023998639396384e-13,4.460852090895464e-05
4.471429078748935e+19,1.6359385166824075e-17,1.6359385166824078e-15,452.80555142054385,1.4348688643073649e-08,325.4899694079213,5.090318333364944e-16,2.5644281045607416e-06,1.6359385166824075e-13,4.048868344213068e-05
4.926409569166874e+19,1.4848507725223875e-17,1.4848507725223878e-15,498.87979037658835,1.4416097434020054e-08,340.8417919798944,4.2563155878646563e-16,2.5644281045607416e-06,1.4848507725223877e-13,3.674933518246239e-05
5.427685604703615e+19,1.3477167963081676e-17,1.3477167963081678e-15,549.6422127895645,1.4483677570730569e-08,356.9176874230333,3.558112795471579e-16,2.5644281045607416e-06,1.3477167963081677e-13,3.3355335899801004e-05
5.9799678873409585e+19,1.223247882321285e-17,1.2232478823212852e-15,605.5698545177809,1.4551429053205203e-08,373.75180683039963,2.9743442605266696e-16,2.5644281045607416e-06,1.2232478823212852e-13,3.027479075375195e-05
6.588446446242074e+19,1.11027434376604e-17,1.1102743437660401e-15,667.1882911603869,1.4619351881443961e-08,391.37991204060967,2.486036764120256e-16,2.5644281045607416e-06,1.11027434376604e-13,2.7478750564431885e-05
7.2588394106413335e+19,1.0077345207300601e-17,1.0077345207300603e-15,735.0765771126249,1.468744605544684e-08,409.83945160909605,2.077096872357641e-16,2.5644281045607416e-06,1.0077345207300603e-13,2.4940939764833313e-05
7.9974467455121e+19,9.146648033191393e-18,9.146648033191394e-16,809.872687183768,1.4755711575213836e-08,429.1696403625511,1.7351085617622228e-16,2.5644281045607416e-06,9.146648033191395e-14,2.2637509478259233e-05
8.811209454990772e+19,8.301905762092428e-18,8.301905762092429e-16,892.2795119150823,1.4824148440744957e-08,449.41154270560054,1.4491542916526933e-16,2.5644281045607416e-06,8.30190576209243e-14,2.0546813400385027e-05
9.707774809914884e+19,7.535179995180844e-18,7.535179995180846e-16,983.0714629381666,1.4892756652040185e-08,470.6081598566364,1.2099889251585866e-16,2.5644281045607416e-06,7.535179995180846e-14,1.8649204379823372e-05
1.06955682124478e+20,6.839265487574316e-18,6.839265487574317e-16,1083.1017504471965,1.496153620909955e-08,492.80452119817465,8.306058892485683e-17,2.5644281045607416e-06,6.839265487574318e-14,1.6926849785568343e-05
1.1783872373129947e+20,6.207622437611451e-18,6.207622437611453e-16,1193.3104011743212,1.5030487111923022e-08,516.0477799357512,6.94878275805678e-17,2.5644281045607416e-06,6.207622437611453e-14,1.5363563926254277e-05
1.2982914544419106e+20,5.634315029581372e-18,5.634315029581373e-16,1314.7330922167525,1.5099609360510613e-08,540.3873132686235,5.811904506793811e-17,2.5644281045607416e-06,5.634315029581373e-14,1.3944655946397434e-05
1.4303962630487985e+20,5.1139556523642584e-18,5.113955652364259e-16,1448.51088373052,1.5168902954862333e-08,565.8748272850313,4.859364560573098e-17,2.5644281045607416e-06,5.1139556523642595e-14,1.2656791770241593e-05
1.5759431076464014e+20,4.641654269781164e-18,4.641654269781165e-16,1595.9009419531974,1.523836789497816e-08,592.564466804868,4.062289734658813e-17,2.5644281045607416e-06,4.6416542697811656e-14,1.148786879583375e-05
1.7362997532198443e+20,4.212972466864664e-18,4.212972466864665e-16,1758.2883533244797,1.5308004180858116e-08,620.5129304031365,3.3957248898869754e-17,2.5644281045607416e-06,4.2129724668646656e-14,1.0426902161776709e-05
1.9129731386900398e+20,3.8238817402048044e-18,3.823881740204805e-16,1937.199140726589,1.5377811812502193e-08,649.7795908584828,2.837969230555916e-17,2.5644281045607416e-06,3.8238817402048055e-14,9.463921517861836e-06
2.107623538253362e+20,3.470725640405979e-18,3.4707256404059804e-16,2134.3146041639734,1.544779078991039e-08,680.4266212827517,2.3714974911077283e-17,2.5644281045607416e-06,3.47072564040598e-14,8.589877329489197e-06
2.322080163677269e+20,3.1501854108925495e-18,3.15018541089255e-16,2351.4871206472963,1.5517941113082705e-08,712.519127199443,1.9815106785714686e-17,2.5644281045607416e-06,3.15018541089255e-14,7.79655583538095e-06
2.5583583541736417e+20,2.8592488001556295e-18,2.8592488001556297e-16,2590.7575517603236,1.5588262782019133e-08,746.1252848517219,1.6555496874234825e-17,2.5644281045607416e-06,2.85924880015563e-14,7.076501859407452e-06
2.8186785153898263e+20,2.5951817543574834e-18,2.595181754357484e-16,2854.3744224954394,1.565875579671969e-08,781.3164860337204,1.3829848692880932e-17,2.5644281045607416e-06,2.595181754357484e-14,6.4229487511584946e-06
3.105486985495627e+20,2.355502724276162e-18,2.3555027242761625e-16,3144.8150515899642,1.5729420157184364e-08,818.1674897528945,1.1548682099077624e-17,2.5644281045607416e-06,2.3555027242761624e-14,5.8297547968796196e-06
3.421479024453012e+20,2.1379593451427207e-18,2.1379593451427212e-16,3464.8088319333037,1.5800255863413153e-08,856.7565810455286,9.643057729367777e-18,2.5644281045607416e-06,2.1379593451427212e-14,5.291345503202278e-06
