E_prime_GeV_total,rate_acc,rate_acc_2,rate_sync,rate_Hep,rate_pg,rate_photodisintegration,t_ad_val,Shear,ESC
11.259660330599557,3.8358855789171136,383.58855789171133,9.035898450138606e-17,5.933354622137944e-11,9.270859395122813e-15,1.823709368731452e-15,2.0372103505292916e-06,2.3931001364000417e-12,15043248484434.531
11.259660330599557,3.8358855789171136,383.58855789171133,9.035898450138606e-17,5.933354622137944e-11,9.270859395122813e-15,1.823709368731452e-15,2.0372103505292916e-06,2.3931001364000417e-12,15043248484434.531
11.259660330599557,3.8358855789171136,383.58855789171133,9.035898450138606e-17,5.933354622137944e-11,9.270859395122813e-15,1.823709368731452e-15,2.0372103505292916e-06,2.3931001364000417e-12,15043248484434.531
11.259660330599557,3.8358855789171136,383.58855789171133,9.035898450138606e-17,5.933354622137944e-11,9.270859395122813e-15,1.823709368731452e-15,2.0372103505292916e-06,2.3931001364000417e-12,15043248484434.531
11.259660330599557,3.8358855789171136,383.58855789171133,9.035898450138606e-17,5.933354622137944e-11,9.270859395122813e-15,1.823709368731452e-15,2.0372103505292916e-06,2.3931001364000417e-12,15043248484434.531
11.259660330599557,3.8358855789171136,383.58855789171133,9.035898450138606e-17,5.933354622137944e-11,9.270859395122813e-15,1.823709368731452e-15,2.0372103505292916e-06,2.3931001364000417e-12,15043248484434.531
11.259660330599557,3.8358855789171136,383.58855789171133,9.035898450138606e-17,5.933354622137944e-11,9.270859395122813e-15,1.823709368731452e-15,2.0372103505292916e-06,2.3931001364000417e-12,15043248484434.531
11.259660330599557,3.8358855789171136,383.58855789171133,9.035898450138606e-17,5.933354622137944e-11,9.270859395122813e-15,1.823709368731452e-15,2.0372103505292916e-06,2.3931001364000417e-12,15043248484434.531
11.259660330599557,3.8358855789171136,383.58855789171133,9.035898450138606e-17,5.933354622137944e-11,9.270859395122813e-15,1.823709368731452e-15,2.0372103505292916e-06,2.3931001364000417e-12,15043248484434.531
11.259660330599557,3.8358855789171136,383.58855789171133,9.035898450138606e-17,5.933354622137944e-11,9.270859395122813e-15,1.823709368731452e-15,2.0372103505292916e-06,2.3931001364000417e-12,15043248484434.531
11.259660330599557,3.8358855789171136,383.58855789171133,9.035898450138606e-17,5.933354622137944e-11,9.270859395122813e-15,1.823709368731452e-15,2.0372103505292916e-06,2.3931001364000417e-12,15043248484434.531
11.259660330599557,3.8358855789171136,383.58855789171133,9.035898450138606e-17,5.933354622137944e-11,9.270859395122813e-15,1.823709368731452e-15,2.0372103505292916e-06,2.3931001364000417e-12,15043248484434.531
11.259660330599557,3.8358855789171136,383.58855789171133,9.035898450138606e-17,5.933354622137944e-11,9.270859395122813e-15,1.823709368731452e-15,2.0372103505292916e-06,2.3931001364000417e-12,15043248484434.531
11.259660330599557,3.8358855789171136,383.58855789171133,9.035898450138606e-17,5.933354622137944e-11,9.270859395122813e-15,1.823709368731452e-15,2.0372103505292916e-06,2.3931001364000417e-12,15043248484434.531
9.002376002113031,4.797707702445913,479.7707702445913,7.224423559562801e-17,5.3634014833570554e-11,6.59485348470784e-15,1.4333999959372817e-15,2.0372103505292916e-06,1.9133425526197915e-12,18815240350301.1
7.377006519065004,5.854782502093564,585.4782502093564,5.920061512968611e-17,4.2316453773361996e-11,4.9020664167968716e-15,1.1556015846340236e-15,2.0372103505292916e-06,1.567890574729124e-12,22960786026932.734
6.561880789040202,6.582071524034711,658.207152403471,5.265921591839481e-17,3.1335250801229226e-11,4.132413514724878e-15,1.016653244522479e-15,2.0372103505292916e-06,1.3946457841732027e-12,25813006003773.297
6.039965397430348,7.150830483900965,715.0830483900965,4.84708351505179e-17,2.149281788968412e-11,3.667558212759916e-15,9.243580187558262e-16,2.0372103505292916e-06,1.2837191879723812e-12,28043516321401.695
5.68669703784298,7.595053578242778,759.5053578242778,4.5635849965215655e-17,1.3706813082448892e-11,3.3659124839902752e-15,8.6305201321830235e-16,2.0372103505292916e-06,1.208636411521581e-12,29785632516795.31
5.450178542711941,7.9246520728036085,792.4652072803608,4.373778462324822e-17,8.366264727106906e-12,3.1700676175604823e-15,8.234819851436937e-16,2.0372103505292916e-06,1.1583673602056184e-12,31078223745539.367
5.303842240240531,8.143298146758834,814.3298146758833,4.2563433062120766e-17,5.268383306476346e-12,3.0510342263185122e-15,7.981189710850331e-16,2.0372103505292916e-06,1.1272654072938679e-12,31935691246325.21
5.23260796367478,8.254157197612741,825.4157197612741,4.199177666191128e-17,3.893591978517021e-12,2.9938657764441545e-15,7.855821309855277e-16,2.0372103505292916e-06,1.1121254517392068e-12,32370448804764.87
5.227502362892653,8.262218873824134,826.2218873824133,4.195080412025399e-17,3.799677975304177e-12,2.9899170090628467e-15,7.846787702447123e-16,2.0372103505292916e-06,1.1110403200772061e-12,32402064398075.465
5.283187259108811,8.175134926589282,817.513492658928,4.239767645267089e-17,4.858313720532234e-12,3.034461103071e-15,7.944843453706975e-16,2.0372103505292916e-06,1.1228754490968762e-12,32060546010650.285
5.396692538372284,8.003192395814875,800.3192395814873,4.330855843921903e-17,7.201921164633231e-12,3.1263360334199977e-15,8.143045587445792e-16,2.0372103505292916e-06,1.146999578183555e-12,31386236477097.375
5.566715897607109,7.758752104489073,775.8752104489073,4.467299907338468e-17,1.097730391801091e-11,3.2658891449016973e-15,8.431378980312254e-16,2.0372103505292916e-06,1.1831359190881113e-12,30427611417415.676
5.7932160348141855,7.4554044637897325,745.5404463789732,4.649066690585349e-17,1.6116337463849077e-11,3.4557401074609045e-15,8.810869092823555e-16,2.0372103505292916e-06,1.2312756935866214e-12,29237968545561.453
6.077169661395446,7.107053298185265,710.7053298185265,4.8769400063872495e-17,2.226855204699759e-11,3.699934461794054e-15,9.310095288018463e-16,2.0372103505292916e-06,1.2916264894855164e-12,27871834692968.863
6.420425950410127,6.727087738297639,672.7087738297639,5.1524038195787555e-17,2.8895906894444543e-11,4.004009423375711e-15,9.921218051251174e-16,2.0372103505292916e-06,1.3645813254168301e-12,26381718208699.15
6.825622297518961,6.327740798278761,632.7740798278761,5.4775746451046774e-17,3.543567241611737e-11,4.376158347542331e-15,1.0609196972726615e-15,2.0372103505292916e-06,1.4507007468792809e-12,24815593482971.934
7.296140779554359,5.919673151960478,591.9673151960478,5.855166605941284e-17,4.143562830915363e-11,4.82351625486911e-15,1.1411627083716464e-15,2.0372103505292916e-06,1.5507035720513345e-12,23215268636015.15
7.836093108910487,5.511773288724626,551.1773288724626,6.288479358966221e-17,4.661716781937217e-11,5.358931032930772e-15,1.2364907502116192e-15,2.0372103505292916e-06,1.6654636940347716e-12,21615601786422.605
8.45032667472491,5.111135977125755,511.11359771257554,6.781402943018077e-17,5.087190571300938e-11,5.99666975117976e-15,1.3389671734309561e-15,2.0372103505292916e-06,1.7960113648323778e-12,20044416591628.805
9.144447112656906,4.723168951993963,472.3168951993963,7.338435891185642e-17,5.422047721019883e-11,6.752556132337796e-15,1.4588322195764997e-15,2.0372103505292916e-06,1.943537992272361e-12,18522920644277.836
9.924854609358636,4.351778477936112,435.1778477936112,7.96471436521384e-17,5.67615753754564e-11,7.643957343047946e-15,1.597145211576177e-15,2.0372103505292916e-06,2.1094038560701442e-12,17066433199315.672
10.7987922819404,3.999592506088202,399.9592506088202,8.666050980114977e-17,5.862833769003369e-11,8.694842683051575e-15,1.7423274434039055e-15,2.0372103505292916e-06,2.295148390279302e-12,15685260331084.332
11.774405730439957,3.6681909621979782,366.8190962197978,9.448982595136625e-17,5.99583045271339e-11,9.932899582823512e-15,1.9162924134050642e-15,2.0372103505292916e-06,2.5025028404249295e-12,14385598057458.002
12.860813388551875,3.358323255362561,335.83232553625606,1.0320826770353365e-16,6.087639050981608e-11,1.1391147759703356e-14,2.101055839868482e-15,2.0372103505292916e-06,2.733405215672269e-12,13170385347035.33
14.068187681537712,3.070101825719388,307.0101825719388,1.1289746896041293e-16,6.148753445475972e-11,1.310029618382888e-14,2.303348498577736e-15,2.0372103505292916e-06,2.990017537926617e-12,12040063157945.11
15.407847293595376,2.8031669747664987,280.3166974766499,1.2364826237414337e-16,6.187539667152475e-11,1.5100407835234105e-14,2.546180769879023e-15,2.0372103505292916e-06,3.274745452109985e-12,10993220855320.059
16.892361083648005,2.5568224875006424,255.68224875006422,1.3556151327238927e-16,6.210423780935391e-11,1.7450339621443025e-14,2.7968876808488124e-15,2.0372103505292916e-06,3.5902603121638067e-12,10027128082616.17
18.53566439036909,2.3301440820267194,233.01440820267194,1.4874905300833977e-16,6.222208615713094e-11,2.0207429934954034e-14,3.096785308718999e-15,2.0372103505292916e-06,3.939523900229031e-12,9138160070029.55
20.35318864891637,2.122063988629687,212.20639886296868,1.6333471913741935e-16,6.226410873910192e-11,2.3433272265333525e-14,3.4247551679741304e-15,2.0372103505292916e-06,4.325815975063608e-12,8322129329477.695
22.362005413427422,1.9314353917344882,193.1435391734488,1.794555112005058e-16,6.225565619885236e-11,2.719345196787895e-14,3.763023211376143e-15,2.0372103505292916e-06,4.752764882224655e-12,7574538377574.711
24.580986048087524,1.7570803954389091,175.70803954389092,1.9726287224773298e-16,6.221478493513909e-11,3.1593296403462393e-14,4.19011792498921e-15,2.0372103505292916e-06,5.2243814944099175e-12,6890767842761.859
27.03097852096265,1.5978248309493233,159.78248309493233,2.1692410761230358e-16,6.215423733971179e-11,3.6721523458082046e-14,4.654460902283856e-15,2.0372103505292916e-06,5.7450967867782736e-12,6266212970136.579
29.735002913060246,1.452522766247372,145.2522766247372,2.386239538743538e-16,6.208294157548421e-11,4.2695742437273236e-14,5.161416301987337e-15,2.0372103505292916e-06,6.319803389958127e-12,5696379741370.171
32.71846744377385,1.3200730981631268,132.00730981631267,2.6256631246918277e-16,6.200711888842522e-11,4.962747593318252e-14,5.7924027732953894e-15,2.0372103505292916e-06,6.953901503556835e-12,5176949944083.3955
36.00940701607062,1.199430156302667,119.94301563026669,2.8897616401683853e-16,6.193108606478279e-11,5.769367516258681e-14,6.441154217349509e-15,2.0372103505292916e-06,7.653349595960202e-12,4703822757424.082
39.63874650332671,1.08960985136165,108.96098513616498,3.1810168120389017e-16,6.185782892391961e-11,6.707229314139284e-14,7.194805595966393e-15,2.0372103505292916e-06,8.424720362660063e-12,4273138863998.233
43.64059123732531,0.9896925651344374,98.96925651344374,3.502165599550397e-16,6.178940787409646e-11,7.79594005692402e-14,8.147834386751981e-15,2.0372103505292916e-06,9.275262465849236e-12,3881291783661.0103
48.05254741633067,0.8988237046299349,89.88237046299348,3.856225907139011e-16,6.172724240273299e-11,9.051512106290028e-14,9.182105150320241e-15,2.0372103505292916e-06,1.0212968633154774e-11,3524930046600.921
52.91607543611734,0.8162126221509713,81.62126221509713,4.2465249393111127e-16,6.167230940821083e-11,1.0501923727604744e-13,1.0368820987657176e-14,2.0372103505292916e-06,1.1246650753734086e-11,3200952958199.3438
58.276879458301956,0.7411304292048724,74.11304292048723,4.676730463574699e-16,6.162528081090198e-11,1.2179948506065687e-13,1.1853772390693427e-14,2.0372103505292916e-06,1.238602267615697e-11,2906502025811.709
64.18533687240357,0.6729070967020472,67.29070967020472,5.150885274849967e-16,6.158661868886179e-11,1.4116859282562293e-13,1.3539699163034744e-14,2.0372103505292916e-06,1.3641791485201273e-11,2638949586573.955
70.69697168410599,0.6109281296890688,61.092812968906884,5.673445184965812e-16,6.155664087090461e-11,1.6352479591488682e-13,1.5426795515562395e-14,2.0372103505292916e-06,1.5025758114614025e-11,2395885766654.6934
77.87297627583945,0.5546310254363828,55.46310254363827,6.249320894043967e-16,6.15355660721283e-11,1.890940840127529e-13,1.7846069262694927e-14,2.0372103505292916e-06,1.65509282408047e-11,2175104590886.0571
85.78078644101417,0.5035016636895886,50.35016636895886,6.883924137103678e-16,6.152354491034931e-11,2.18506800255395e-13,2.072779865010253e-14,2.0372103505292916e-06,1.823163449918768e-11,1974589826359.4521
94.49471509434736,0.45707073292436007,45.70707329243601,7.583218539433833e-16,6.152068120237888e-11,2.522665629465433e-13,2.399111600626075e-14,2.0372103505292916e-06,2.0083671171395312e-11,1792500967217.285
104.09665061247894,0.41491026302506506,41.491026302506505,8.353775658557835e-16,6.152704658067909e-11,2.9102047384641513e-13,2.7930202345970868e-14,2.0372103505292916e-06,2.2124442608851413e-11,1627159636808.0857
114.6768263667012,0.3766303101861325,37.66303101861325,9.202836739378914e-16,6.154269052553788e-11,3.3547296810560897e-13,3.28279529447349e-14,2.0372103505292916e-06,2.4373126787339197e-11,1477036586815.7908
126.33466867883976,0.3418758218731618,34.187582187316174,1.0138380762797995e-15,6.156764725312146e-11,3.8604161144558227e-13,3.850802027460124e-14,2.0372103505292916e-06,2.685085552943025e-11,1340739402531.9492
139.17973116845,0.3103236967269172,31.032369672691715,1.1169199427250745e-15,6.160194044795446e-11,4.4385858045918194e-13,4.524442365982166e-14,2.0372103505292916e-06,2.9580913088308355e-11,1217000972638.2905
153.33272427145863,0.28168004508409733,28.168004508409734,1.2304979767770916e-15,6.164558651751235e-11,5.099252634567129e-13,5.344716137452882e-14,2.0372103505292916e-06,3.2588954959095e-11,1104668745751.0215
168.92664960482503,0.2556776493625449,25.567764936254488,1.3556395188966307e-15,6.169859683317539e-11,5.851706800127011e-13,6.345395724604417e-14,2.0372103505292916e-06,3.590324897388648e-11,1002694770776.4244
186.1080498371456,0.23207361918759642,23.20736191875964,1.493520576736827e-15,6.17609792754837e-11,6.710680696481358e-13,7.522390509575319e-14,2.0372103505292916e-06,3.955494094613629e-11,910126500985.6239
205.03838581062408,0.21064723327242466,21.064723327242465,1.645436876572711e-15,6.183273930144125e-11,7.685967748335426e-13,8.89086191734105e-14,2.0372103505292916e-06,4.35783473607255e-11,826098330485.2124
225.8955538557023,0.1911979582973172,19.119795829731718,1.812816039779464e-15,6.191388068305458e-11,8.790449503719673e-13,1.0569465556546283e-13,2.0372103505292916e-06,4.8011277860231736e-11,749823824827.1912
248.87555755711787,0.17354363405389658,17.354363405389655,1.9972309987862643e-15,6.20044060193847e-11,1.0046069822436951e-12,1.2581666646703087e-13,2.0372103505292916e-06,5.2895390557919385e-11,680588603662.558
274.194349681625,0.15751881370204013,15.751881370204012,2.2004147785806528e-15,6.210431709229989e-11,1.1473184477697025e-12,1.4989354154182904e-13,2.0372103505292916e-06,5.82765835164654e-11,617743831702.6357
302.08986157670415,0.14297324796080682,14.297324796080682,2.4242767826710966e-15,6.221361511415347e-11,1.3091515932095225e-12,1.7785521339255196e-13,2.0372103505292916e-06,6.420542607130188e-11,560700274148.4966
332.8242391113429,0.1297705022956664,12.977050229566638,2.670920736553522e-15,6.23323009005695e-11,1.4927337006139828e-12,2.110248032888575e-13,2.0372103505292916e-06,7.073763405189537e-11,508922873693.92737
366.68630617094004,0.11778669658178476,11.778669658178474,2.942664457303942e-15,6.246037499121052e-11,1.7000017464793602e-12,2.5062808196616606e-13,2.0372103505292916e-06,7.793459336681232e-11,461925807844.5335
403.99427885682303,0.10690935725096962,10.690935725096962,3.2420616350802928e-15,6.259783773432487e-11,1.933657198673609e-12,2.982881870012515e-13,2.0372103505292916e-06,8.586393687291804e-11,419267987365.655
445.09875589682434,0.09703637252058221,9.70363725205822,3.5719258312231695e-15,6.27446893460109e-11,2.1982106960001372e-12,3.5402759479962175e-13,2.0372103505292916e-06,9.460017994978547e-11,380548958988.3347
490.3860133690692,0.08807504192242561,8.807504192242561,3.935356918475777e-15,6.290092995178628e-11,2.4973534085849033e-12,4.18097934382869e-13,2.0372103505292916e-06,1.0422542075207549e-10,345405177932.8808
540.2816347008726,0.07994121197468528,7.994121197468528,4.335770211792892e-15,6.306655961574372e-11,2.835238026716036e-12,4.943560492434618e-13,2.0372103505292916e-06,1.1483011172045262e-10,313506618260.8962
595.2545100553561,0.07255849045416787,7.255849045416787,4.77692856349318e-15,6.32415783609769e-11,3.2169509329205214e-12,5.838493878929978e-13,2.0372103505292916e-06,1.2651390960124642e-10,284553691475.2441
655.8212426897151,0.06585753231858416,6.5857532318584155,5.262977724366598e-15,6.342598618385558e-11,3.648155683973104e-12,6.913249898810873e-13,2.0372103505292916e-06,1.3938661196285233e-10,258274446111.03894
722.5510036935286,0.059775390892642624,5.977539089264262,5.79848530304004e-15,6.361978306395933e-11,4.131168097665466e-12,8.145180707174004e-13,2.0372103505292916e-06,1.535691890097094e-10,234422023272.6755
796.0708807291333,0.05425492846327058,5.425492846327058,6.38848368971875e-15,6.38229689709443e-11,4.676387008974712e-12,9.547268435431248e-13,2.0372103505292916e-06,1.6919492039024485e-10,212772345156.50168
877.0717710384243,0.049244280926423474,4.924428092642347,7.038517347675995e-15,6.403554386924272e-11,5.2905028073172e-12,1.1214874765396734e-12,2.0372103505292916e-06,1.864106476818485e-10,193122015548.39328
966.3148740951405,0.044696371590156755,4.469637159015675,7.75469491690894e-15,6.425750772123172e-11,5.982914020542509e-12,1.3144042111325106e-12,2.0372103505292916e-06,2.0537815432300291e-10,175286413098.16223
1064.6388449168464,0.04056846966637344,4.056846966637344,8.54374661960095e-15,6.448886048932393e-11,6.762604188468633e-12,1.5421742053605127e-12,2.0372103505292916e-06,2.2627568596037947e-10,159097959850.19595
1172.9676752592488,0.03682178937804568,3.6821789378045677,9.413087506853204e-15,6.472960213730103e-11,7.640896894861043e-12,1.8033087989329332e-12,2.0372103505292916e-06,2.492996254982302e-10,144404549056.39468
1292.3193767558053,0.03342112597125687,3.342112597125687,1.0370887141042269e-14,6.497973263111917e-11,8.629709727249322e-12,2.1008397338369167e-12,2.0372103505292916e-06,2.746663385912332e-10,131068117719.28229
1423.815547601696,0.030334525253923064,3.033452525392306,1.1426146368637705e-14,6.52392519393492e-11,9.737853389479177e-12,2.443943698255674e-12,2.0372103505292916e-06,3.026142069236545e-10,118963350617.18474
1568.6919126843384,0.027532983587417167,2.753298358741717,1.2588781904946338e-14,6.550816003336797e-11,1.0983088383360518e-11,2.842389731392421e-12,2.0372103505292916e-06,3.334058683824112e-10,107976503757.0022
1728.3099362104933,0.024990175535501678,2.4990175535501677,1.3869719525661734e-14,6.578645688738324e-11,1.2384699878637263e-11,3.2987332155101994e-12,2.0372103505292916e-06,3.6733068517588617e-10,98004336291.05176
1904.1696159586827,0.022682206628902066,2.2682206628902066,1.528099674097887e-14,6.607414247835033e-11,1.3961132507701658e-11,3.829976922294861e-12,2.0372103505292916e-06,4.0470746309244067e-10,88953140930.28502
2097.923579389951,0.020587388935402143,2.058738893540214,1.683587591714633e-14,6.637121678582231e-11,1.573373316853124e-11,4.436211356319361e-12,2.0372103505292916e-06,4.4588744745265513e-10,80737863794.25388
2311.3926140839744,0.0186860373363133,1.8686037336313297,1.854896890850622e-14,6.667767979176168e-11,1.7727566781421556e-11,5.1143473844673976e-12,2.0372103505292916e-06,4.912576239095012e-10,73281305465.56538
2546.5827784466433,0.01696028460225326,1.6960284602253262,2.0436374371242166e-14,6.699353148033434e-11,1.997101245870267e-11,5.897855505145145e-12,2.0372103505292916e-06,5.412443551154756e-10,66513395769.86319
2805.704253485636,0.015393913535966721,1.5393913535966721,2.2515829049230476e-14,6.731877183769854e-11,2.24878463694682e-11,6.7944976776294796e-12,2.0372103505292916e-06,5.963173874319818e-10,60370535487.87607
3091.1921128119525,0.013972204608908231,1.397220460890823,2.480687445369046e-14,6.7653400851798e-11,2.5303551273881366e-11,7.809488563843946e-12,2.0372103505292916e-06,6.569942653336783e-10,54794998829.5805
3405.7292060520335,0.012681797662862117,1.2681797662862118,2.73310405029942e-14,6.79974185121652e-11,2.847217060488923e-11,8.977436751414062e-12,2.0372103505292916e-06,7.238451949918405e-10,49734391067.42404
3752.2713707153644,0.011510566379269548,1.1510566379269547,3.011204784837505e-14,6.83508248097373e-11,3.2031681529485586e-11,1.0311482625264554e-11,2.0372103505292916e-06,7.974984027418493e-10,45141156240.85233
4134.075209444193,0.010447504338330296,1.0447504338330296,3.3176030786875556e-14,6.871361973668739e-11,3.603077182546013e-11,1.1800958109890034e-11,2.0372103505292916e-06,8.786460387905975e-10,40972130312.62486
4554.728693679843,0.009482621598424425,0.9482621598424423,3.655178285634131e-14,6.90858032862711e-11,4.052314494962974e-11,1.3473988747031128e-11,2.0372103505292916e-06,9.680506816434322e-10,37188135582.82281
5018.184881341147,0.008606850824935905,0.8606850824935904,4.02710274204204e-14,6.94673754526886e-11,4.556614657594071e-11,1.540059999569056e-11,2.0372103505292916e-06,1.0665525043754732e-09,33753612552.886024
5528.799065374266,0.0078119620870555516,0.7811962087055551,4.4368715786369514e-14,6.985833623096157e-11,5.123528784642532e-11,1.7552467182137154e-11,2.0372103505292916e-06,1.175077170091778e-09,30636285782.99097
6091.369702274411,0.007090485522414648,0.7090485522414648,4.88833556572055e-14,7.025868561682398e-11,5.760415390586796e-11,1.9992510000062635e-11,2.0372103505292916e-06,1.2946445307733151e-09,27806860604.81523
6711.183505202018,0.006435641143201287,0.6435641143201287,5.3857373004805056e-14,7.066842360662575e-11,6.473217999839908e-11,2.2767239072700718e-11,2.0372103505292916e-06,1.4263782112554603e-09,25238747841.159016
7394.065125452515,0.005841275124420638,0.5841275124420637,5.933751076462771e-14,7.108755019724833e-11,7.272731069399445e-11,2.5921925679022173e-11,2.0372103505292916e-06,1.5715161684037222e-09,22907813946.68515
8146.43188915709,0.005301801975799846,0.5301801975799846,6.537526809876213e-14,7.151606538603077e-11,8.169376656977187e-11,2.9371167983418854e-11,2.0372103505292916e-06,1.7314223247156688e-09,20792154222.63419
8975.354103598556,0.00481215205407162,0.48121520540716195,7.20273843552374e-14,7.195396917070525e-11,9.17575309600418e-11,3.327545917431766e-11,2.0372103505292916e-06,1.907599385674955e-09,18871886974.980503
9888.621499866033,0.00436772392251408,0.436772392251408,7.935637227156827e-14,7.240126154934135e-11,1.0306628035451686e-10,3.771951091812854e-11,2.0372103505292916e-06,2.1017029613075106e-09,17128966682.144133
10894.816436238041,0.0039643411101440845,0.3964341110144084,8.743110543327193e-14,7.285794252029736e-11,1.1573978845043959e-10,4.2664160723324844e-11,2.0372103505292916e-06,2.3155571246460835e-09,15547014416.887838
12003.394550217161,0.0035982128642826744,0.35982128642826744,9.63274655079529e-14,7.332401208217875e-11,1.299665176988893e-10,4.8139320479155204e-11,2.0372103505292916e-06,2.551171553312624e-09,14111163929.079964
13224.77361713712,0.0032658985277210224,0.32658985277210223,1.0612905533728492e-13,7.379947023380178e-11,1.4593054954375147e-10,5.4382046158807196e-11,2.0372103505292916e-06,2.810760415305113e-09,12807921943.10597
14570.431450384305,0.002964275205763571,0.2964275205763571,1.1692798458811754e-13,7.428431697416273e-11,1.6384668364544964e-10,6.148139383799394e-11,2.0372103505292916e-06,3.0967631764665724e-09,11625041357.239416
16053.013763243192,0.0026905084193316045,0.2690508419331604,1.2882573534580066e-13,7.47785523024111e-11,1.8390090785053608e-10,6.926511789125161e-11,2.0372103505292916e-06,3.411867525172797e-09,10551406153.489721
17686.453005988926,0.0024420254683642237,0.24420254683642237,1.4193411578407256e-13,7.528217621782678e-11,2.0632335686821096e-10,7.781096333818649e-11,2.0372103505292916e-06,3.759034629671752e-09,9576926936.462835
19486.099294989155,0.0022164912552179407,0.22164912552179403,1.5637631087354822e-13,7.579518871980061e-11,2.3145345065386963e-10,8.75466653971004e-11,2.0372103505292916e-06,4.14152696542847e-09,8692446119.634417
21468.86466421102,0.002011786340879577,0.20117863408795766,1.7228804000275755e-13,7.631758980781746e-11,2.5963028175425297e-10,9.854548834388729e-11,2.0372103505292916e-06,4.562938973980727e-09,7889651868.079545
23653.38199472605,0.0018259870277866437,0.18259870277866436,1.8981883239039128e-13,7.684937948144222e-11,2.911844321097053e-10,1.1059305840348996e-10,2.0372103505292916e-06,5.0272308414198045e-09,7160999988.978581
26060.180115738818,0.0016573472820921621,0.1657347282092162,2.091334322743274e-13,7.739055774030745e-11,3.265282294397502e-10,1.2374860984258838e-10,2.0372103505292916e-06,5.538765713926595e-09,6499643035.899154
28711.876722639652,0.0015042823254947841,0.1504282325494784,2.304133470826076e-13,7.794112458410306e-11,3.66114627067088e-10,1.3883660640229937e-10,2.0372103505292916e-06,6.102350700093582e-09,5899365960.636765
31633.39092501181,0.0013653537424437785,0.13653537424437784,2.5385855313516605e-13,7.850108001256759e-11,4.1045828540353557e-10,1.5587036219849762e-10,2.0372103505292916e-06,6.723282045348398e-09,5354527707.923117
34852.17742199724,0.001239255962767816,0.1239255962767816,2.796893749055143e-13,7.907042402548051e-11,4.6005481494966717e-10,1.746503345591412e-10,2.0372103505292916e-06,7.4073949030022734e-09,4860008204.1540575
38398.48450566475,0.001124803992701332,0.11248039927013319,3.081485555025905e-13,7.964915662265617e-11,5.156388528631052e-10,1.948743931474363e-10,2.0372103505292916e-06,8.1611181696427e-09,4411160241.976512
42305.63831694768,0.0010209222790133312,0.1020922279013331,3.395035378299701e-13,8.023727780393813e-11,5.777332419001089e-10,2.176990359023442e-10,2.0372103505292916e-06,8.99153490018179e-09,4003765808.5798182
46610.35602542304,0.0009266346015914161,0.0926634601591416,3.7404897785944344e-13,8.083478756919484e-11,6.470287237409886e-10,2.4369638259896757e-10,2.0372103505292916e-06,9.906448870305745e-09,3633996447.2949357
51353.090876014576,0.0008410548994982694,0.08410548994982694,4.1210951363725446e-13,8.144168591831552e-11,7.244954048745509e-10,2.7231743456784114e-10,2.0372103505292916e-06,1.0914457911840968e-08,3298377280.0061855
56578.41234516955,0.0007633789442898605,0.07633789442898604,4.54042816044521e-13,8.205797285120702e-11,8.110765652113781e-10,3.033105853391194e-10,2.0372103505292916e-06,1.2025034710200121e-08,2993754352.28169
62335.42497899587,0.0006928767823465583,0.06928767823465583,5.002429499811099e-13,8.26836483677911e-11,9.078167922342723e-10,3.371570730242489e-10,2.0372103505292916e-06,1.3248615823195643e-08,2717264994.3529415
68678.22984935853,0.0006288858751949233,0.06288858751949232,5.511440775594315e-13,8.331871246800192e-11,1.0158994192648766e-09,3.7621222428237633e-10,2.0372103505292916e-06,1.4596699757768069e-08,2466310919.414612
75666.43296443355,0.0005708048733571653,0.05708048733571653,6.072245381086336e-13,8.396316515178432e-11,1.13650912136511e-09,4.2011880729158637e-10,2.0372103505292916e-06,1.6081955026297716e-08,2238533806.43906
83365.705411464,0.0005180879652187597,0.05180879652187597,6.690113433306813e-13,8.461700641909182e-11,1.2712801336266563e-09,4.679405817166139e-10,2.0372103505292916e-06,1.7718339197949594e-08,2031793138.04795
91848.40049562084,0.00047023974780825055,0.047023974780825054,7.370851298512465e-13,8.528023626988558e-11,1.4216665397731563e-09,5.193694028260036e-10,2.0372103505292916e-06,1.9521230063828383e-08,1844146085.1745074
101194.23367447684,0.0004268105712879714,0.04268105712879714,8.12085615706562e-13,8.595285470413287e-11,1.5894371958208176e-09,5.768023627269478e-10,2.0372103505292916e-06,2.1507570148556442e-08,1673829249.4848037
111491.03167772814,0.00038739231340595697,0.038739231340595696,8.947176120431819e-13,8.663486172180627e-11,1.77686519344599e-09,6.426006512566057e-10,2.0372103505292916e-06,2.369602592631189e-08,1519242091.9841194
122835.55785195586,0.00035161454419986766,0.03516145441998676,9.857576465251125e-13,8.732625732288284e-11,1.9856881649868247e-09,7.152725794964089e-10,2.0372103505292916e-06,2.6107163237546624e-08,1378931892.0803225
135334.4214865372,0.0003191410449110943,0.03191410449110943,1.0860612606912367e-12,8.802704150734335e-11,2.2187871002706943e-09,7.93894750017596e-10,2.0372103505292916e-06,2.8763640554848558e-08,1251580095.758485
149105.07966602928,0.00028966664839583003,0.028966664839583003,1.1965710498394103e-12,8.87372142751716e-11,2.4771472596638752e-09,8.782730734950773e-10,2.0372103505292916e-06,3.169042191414967e-08,1135989924.5748487
164276.94106385112,0.0002629143713411644,0.02629143713411644,1.3183255209913799e-12,8.945677562635411e-11,2.7653096980908326e-09,9.721730773870351e-10,2.0372103505292916e-06,3.4915011512283355e-08,1031075129.0268068
180992.5820500791,0.00023863281133644154,0.02386328113364415,1.4524688521805615e-12,9.018572556087954e-11,3.0862646412318577e-09,1.0810447024636132e-09,2.0372103505292916e-06,3.846771217550365e-08,935849780.6096436
199409.08654163044,0.00021659378433908547,0.021659378433908544,1.600261644774793e-12,9.092406407873838e-11,3.4437411714838805e-09,1.201184851035243e-09,2.0372103505292916e-06,4.238191012790287e-08,849419006.6317651
219699.52218597868,0.00019659018033316592,0.01965901803331659,1.7630927698782278e-12,9.167179117992275e-11,3.841764588779743e-09,1.3315189817660014e-09,2.0372103505292916e-06,4.6694388735818434e-08,770970580.7195854
242054.5667507075,0.00017843401702945022,0.01784340170294502,1.9424924201378872e-12,9.242890686442601e-11,4.284143997124754e-09,1.4718177335094285e-09,2.0372103505292916e-06,5.1445674176614044e-08,699767289.9846015
266684.30000278424,0.00016195467331673073,0.016195467331673073,2.140146489608309e-12,9.319541113224253e-11,4.776605139569845e-09,1.6264139156189316e-09,2.0372103505292916e-06,5.668041628023334e-08,635140007.1236703
293820.1779165922,0.00014699728586343942,0.01469972858634394,2.3579124168078833e-12,9.397130398336774e-11,5.32424057185439e-09,1.80557371255873e-09,2.0372103505292916e-06,6.24478081224534e-08,576481402.3481479
323717.20776317845,0.00013342129380174616,0.013342129380174615,2.5978366398507034e-12,9.475658541779771e-11,5.933565923191706e-09,2.003336029235347e-09,2.0372103505292916e-06,6.880204831293097e-08,523240236.0502688
356656.3445209606,0.0001210991178179185,0.01210991178179185,2.862173827687256e-12,9.555125543552918e-11,6.61037000568876e-09,2.2180218658503186e-09,2.0372103505292916e-06,7.580285032235985e-08,474916178.5725219
392947.13112796313,0.00010991496123580777,0.010991496123580776,3.15340806817794e-12,9.635531403655948e-11,7.3620073300148175e-09,2.4487949258842942e-09,2.0372103505292916e-06,8.351600363509909e-08,431055108.3992525
432930.60738714365,9.976372182673849e-05,0.009976372182673849,3.4742762121126564e-12,9.716876122088629e-11,8.197765423308697e-09,2.6978474739247043e-09,2.0372103505292916e-06,9.201399200065911e-08,391244844.5856161
476982.51486102893,9.055000411961802e-05,0.009055000411961802,3.827793592550129e-12,9.799159698850776e-11,9.126683289309949e-09,2.9795700983033015e-09,2.0372103505292916e-06,1.013766745940179e-07,355111273.31971407
525516.8278733945,8.218722292953347e-05,0.008218722292953345,4.217282361172357e-12,9.882382133942227e-11,1.0153514546970856e-08,3.2998356071440635e-09,2.0372103505292916e-06,1.1169203648591517e-07,322314832.2176017
578989.6438002931,7.459678968031668e-05,0.007459678968031668,4.6464027079427846e-12,9.966543427362848e-11,1.1293310039719365e-08,3.6538260243414393e-09,2.0372103505292916e-06,1.2305701547560925e-07,292547319.3126113
637903.4692091612,6.770737387460449e-05,0.006770737387460449,5.1191872574527084e-12,1.0051643579112533e-10,1.2558522686378815e-08,4.037215033296017e-09,2.0372103505292916e-06,1.3557841305619713e-07,265528996.7517029
702811.9421246179,6.145423277112392e-05,0.006145423277112391,5.640078965192535e-12,1.0137682589191189e-10,1.3962824597545627e-08,4.448170073090432e-09,2.0372103505292916e-06,1.4937389807321506e-07,241005961.98108682
774325.0347981103,5.5778602969892434e-05,0.005577860296989243,6.2139728698753775e-12,1.0224660457598735e-10,1.5518046334244315e-08,4.899817471806095e-09,2.0372103505292916e-06,1.6457311250832857e-07,218747761.71701893
853114.7858740031,5.062714818780647e-05,0.005062714818780647,6.84626209417701e-12,1.0312577184335112e-10,1.7243296838468997e-08,5.419445034301024e-09,2.0372103505292916e-06,1.813188897796225e-07,198545226.27926356
939921.6158197038,4.5951458035131315e-05,0.004595145803513131,7.54288852618061e-12,1.0401432769400265e-10,1.915663135882663e-08,6.000647616555171e-09,2.0372103505292916e-06,1.99768597007376e-07,180208503.9355349
1035561.2849685624,4.170759308268571e-05,0.004170759308268571,8.310398657801004e-12,1.049122721279414e-10,2.1276339190129377e-08,6.634127911105701e-09,2.0372103505292916e-06,2.200956138591535e-07,163565276.78483224
1140932.559563229,3.785567194452422e-05,0.0037855671944524217,9.156005104925841e-12,1.0581960514516715e-10,2.3622573207729333e-08,7.317263485284494e-09,2.0372103505292916e-06,2.424909618715492e-07,148459141.41356617
1257025.6578404848,3.4359496495761104e-05,0.0034359496495761106,1.0087654387404142e-11,1.067363267456795e-10,2.6226437678619464e-08,8.048140266256057e-09,2.0372103505292916e-06,2.671650995600003e-07,134748139.10682625
1384931.555528964,3.118621170354918e-05,0.0031186211703549175,1.1114101605839348e-11,1.0766243692947817e-10,2.9105758452914034e-08,8.851608320049051e-09,2.0372103505292916e-06,2.9434990018607476e-07,122303421.80256361
1525852.2382074671,2.830599687450167e-05,0.0028305996874501667,1.2244992716956334e-11,1.0859793569656302e-10,3.2293887225511535e-08,9.753094289673118e-09,2.0372103505292916e-06,3.243008307681482e-07,111008041.25209725
1681111.9968695694,2.569178541708006e-05,0.002569178541708006,1.3490955180718404e-11,1.0954282304693383e-10,3.582778573563658e-08,1.076931723427298e-08,2.0372103505292916e-06,3.572993528125454e-07,100755850.00817828
1852169.872843721,2.3319010485436292e-05,0.002331901048543629,1.486369783104357e-11,1.1049709898059039e-10,3.973508138849352e-08,1.1893595173654449e-08,2.0372103505292916e-06,3.93655567325834e-07,91450503.9127322
2040633.3690189777,2.1165374114418035e-05,0.0021165374114418033,1.6376120908647216e-11,1.1146076349753269e-10,4.4056885894875666e-08,1.3114942859167827e-08,2.0372103505292916e-06,4.33711128964559e-07,83004556.71023783
2248273.5562265264,1.92106376762011e-05,0.0019210637676201098,1.8042437290036023e-11,1.1243381659776057e-10,4.882880084189725e-08,1.4423611241912407e-08,2.0372103505292916e-06,4.778424567079114e-07,75338638.2784432
2477041.7167380466,1.7436431689381785e-05,0.0017436431689381783,1.9878306051893284e-11,1.1341625828127388e-10,5.4100443125032525e-08,1.586341659092569e-08,2.0372103505292916e-06,5.264642712253797e-07,68380708.75390588
2729087.6812868584,1.582608319322522e-05,0.001582608319322522,2.1900979626016123e-11,1.1440808854807265e-10,5.993579248814101e-08,1.7471205850959475e-08,2.0372103505292916e-06,5.80033492181508e-07,62065381.54306207
3006780.031932567,1.4364459064832773e-05,0.0014364459064832773,2.4129465927681755e-11,1.1540930739815676e-10,6.63879290702924e-08,1.930178614695474e-08,2.0372103505292916e-06,6.390535321023844e-07,56333308.85687422
3312728.360624022,1.3037823806814046e-05,0.0013037823806814044,2.6584706981031013e-11,1.1641991483152617e-10,7.350581736389774e-08,2.132940148558267e-08,2.0372103505292916e-06,7.0407902715512e-07,51130623.99466789
3649807.7926337332,1.1833710469034068e-05,0.0011833710469034068,2.9289775720087706e-11,1.1743991084818084e-10,8.139242661189696e-08,2.3526890782374417e-08,2.0372103505292916e-06,7.757210492974644e-07,46408435.13606287
4021186.0053206543,1.074080349143358e-05,0.001074080349143358,3.2270092814834655e-11,1.1846929544812077e-10,9.008845982246909e-08,2.589729890793619e-08,2.0372103505292916e-06,8.546528487782885e-07,42122365.883950874
4430352.99612821,9.748832366946238e-06,0.0009748832366946238,3.5553665559954046e-11,1.195080686313459e-10,9.97060668617755e-08,2.846195028728477e-08,2.0372103505292916e-06,9.416161809536755e-07,38232138.24080524
4881153.879559793,8.848475125219183e-06,0.0008848475125219183,3.917135107116843e-11,1.205562303978562e-10,1.1032946995015863e-07,3.12964372660461e-08,2.0372103505292916e-06,1.0374282768743287e-06,34701194.09937864
5377825.021338845,8.031270730132331e-06,0.000803127073013233,4.31571462625505e-11,1.2161378074765166e-10,1.2203698698968984e-07,3.4440298157337937e-08,2.0372103505292916e-06,1.1429895231498745e-06,31496351.690775298
5925033.849321419,7.289539567879174e-06,0.0007289539567879173,4.754850732984002e-11,1.2268071968073215e-10,1.350088779733907e-07,3.7867399541157454e-08,2.0372103505292916e-06,1.259291923260969e-06,28587493.761396542
6527922.715281103,6.6163112784021485e-06,0.0006616311278402148,5.238670174208731e-11,1.2375704719709788e-10,1.4929311409110567e-07,4.1689562522867646e-08,2.0372103505292916e-06,1.3874284198337177e-06,25947284.548427068
7192157.219753899,6.005259251984182e-06,0.0006005259251984183,5.771719604943622e-11,1.248427632967487e-10,1.650803343029897e-07,4.5920134532330277e-08,2.0372103505292916e-06,1.528603165481735e-06,23550912.894161582
7923979.454072156,5.450641175433144e-06,0.0005450641175433143,6.3590083151441e-11,1.2593786797968462e-10,1.8250969933919932e-07,5.052390376862536e-08,2.0372103505292916e-06,1.684142838735302e-06,21375859.08510825
8730266.65992521,4.947245069146828e-06,0.0004947245069146827,7.006055304113637e-11,1.2704236124590567e-10,2.017076922689652e-07,5.5558720941905896e-08,2.0372103505292916e-06,1.8555091113981474e-06,19401683.224758506
9618595.857695397,4.4903403079459865e-06,0.0004490340307945986,7.718941144864137e-11,1.2815624309541175e-10,2.2295438452787135e-07,6.111104875644872e-08,2.0372103505292916e-06,2.044312384492868e-06,17609833.151272777
10597315.050909076,4.0756331653975764e-06,0.0004075633165397577,8.504365125820893e-11,1.2927951352820294e-10,2.463261730692591e-07,6.715856553204405e-08,2.0372103505292916e-06,2.252326921877431e-06,15983470.095003853
11675621.675940977,3.6992264638594543e-06,0.0003699226463859454,9.369708206856904e-11,1.304121725442792e-10,2.7210518984415826e-07,7.401654559824975e-08,2.0372103505292916e-06,2.4815075237497717e-06,14507310.437487977
12863649.034196567,3.357582951061097e-06,0.00033575829510610965,1.0323102381280667e-10,1.3155422014364051e-10,3.004930723164152e-07,8.167260903735577e-08,2.0372103505292916e-06,2.734007896728344e-06,13167482.084846742
14172561.519012246,3.047492059054552e-06,0.00030474920590545517,1.13735070956015e-10,1.3270565632628698e-10,3.318132297302001e-07,9.005766485727123e-08,2.0372103505292916e-06,3.0122008931401046e-06,11951394.10587963
15614659.532160662,2.7660397331555177e-06,0.00027660397331555174,1.253079344522106e-10,1.3386648109221841e-10,3.6638109402151863e-07,9.914571093193196e-08,2.0372103505292916e-06,3.3187008097129823e-06,10847618.40978171
17203495.075905617,2.510581047344434e-06,0.00025105810473444336,1.380583693727334e-10,1.3503669444143496e-10,4.044163922879741e-07,1.0906632763921365e-07,2.0372103505292916e-06,3.656387955223066e-06,9845782.35156224
18953999.106873542,2.2787153487829956e-06,0.00022787153487829957,1.5210619692344443e-10,1.3621629637393656e-10,4.464366537656578e-07,1.1990732076509986e-07,2.0372103505292916e-06,4.028435717968952e-06,8936471.255932169
20882621.848540466,2.068263697868505e-06,0.0002068263697868505,1.6758343045505512e-10,1.3740528688972322e-10,4.926651499851321e-07,1.3183205916039126e-07,2.0372103505292916e-06,4.438340387437926e-06,8111139.943635858
23007487.380908243,1.8772483918209993e-06,0.00018772483918209993,1.8463551604816698e-10,1.3860366598879494e-10,5.436943054808311e-07,1.4506067178670602e-07,2.0372103505292916e-06,4.889954010410362e-06,7362032.428803745
25348563.960116398,1.703874379377411e-06,0.0001703874379377411,2.0342269933133833e-10,1.3981143367115176e-10,5.998388700854302e-07,1.5947937394454505e-07,2.0372103505292916e-06,5.3875205902654085e-06,6682109.032687058
27927851.668553118,1.5465123919390094e-06,0.0001546512391939009,2.2412153137673084e-10,1.410285899367936e-10,6.618605308451085e-07,1.7501154719527366e-07,2.0372103505292916e-06,5.935715969667782e-06,6064980.228832429
30769589.15889304,1.403683632648339e-06,0.0001403683632648339,2.46926527824875e-10,1.422551347857205e-10,7.299703268006741e-07,1.9211159781764552e-07,2.0372103505292916e-06,6.53969177143013e-06,5504846.598011354
33900481.43492297,1.2740458795124506e-06,0.00012740458795124505,2.7205199683005175e-10,1.4349106821793243e-10,8.052679707933454e-07,2.1126074998973321e-07,2.0372103505292916e-06,7.205123810481889e-06,4996444.328635661
37349950.809707396,1.1563808719776543e-06,0.00011563808719776543,2.997340530042592e-10,1.4473639023342952e-10,8.879749593490222e-07,2.3234092606477594e-07,2.0372103505292916e-06,7.938265431892134e-06,4534995.750503544
41150413.399453,1.0495828624221322e-06,0.00010495828624221321,3.3023283628564037e-10,1.4599110083221157e-10,9.793426657282463e-07,2.556970382349419e-07,2.0372103505292916e-06,8.74600627618625e-06,4116164.437020965
45337583.75140243,9.526482249799189e-07,9.526482249799188e-05,3.63834956583022e-10,1.4725520001427867e-10,1.0796978377089106e-06,2.8133252481720224e-07,2.0372103505292916e-06,9.635937024199042e-06,3736014.4539749525
49950810.46847433,8.646660240460185e-07,8.646660240460185e-05,4.008561871699204e-10,1.4852868777963089e-10,1.1906059736509879e-06,3.0906999315122696e-07,2.0372103505292916e-06,1.0616420729898999e-05,3390973.371902386
55033445.98465193,7.848094538309893e-07,7.848094538309893e-05,4.4164443213894366e-10,1.4981156412826813e-10,1.312337373188903e-06,3.3958065815220047e-07,2.0372103505292916e-06,1.1696671411527568e-05,3077798.694466228
60633253.96606151,7.123280685187582e-07,7.123280685187582e-05,4.865829958030557e-10,1.5110382906019045e-10,1.4468874806993908e-06,3.740382471170701e-07,2.0372103505292916e-06,1.2886840639608688e-05,2793547.387351967
66802858.16625418,6.465407300113094e-07,6.465407300113093e-05,5.360941847675998e-10,1.5240548257539778e-10,1.5944537119966114e-06,4.1229965225831896e-07,2.0372103505292916e-06,1.4198112935531417e-05,2535548.22133499
73600236.95377707,5.868292069871581e-07,5.868292069871581e-05,5.906432765232945e-10,1.5371652467389024e-10,1.7574594008413163e-06,4.5435848958755666e-07,2.0372103505292916e-06,1.5642810877207035e-05,2301376.669614743
81089268.15931582,5.326323651213027e-07,5.326323651213027e-05,6.507428918547315e-10,1.550369553556677e-10,1.9361068894245934e-06,5.006455736710808e-07,2.0372103505292916e-06,1.723451089952242e-05,2088832.1235154741
89340329.36256738,4.834408938696883e-07,4.834408938696883e-05,7.169578121537432e-10,1.5636677462073028e-10,2.1331742764688307e-06,5.511602100492512e-07,2.0372103505292916e-06,1.8988170877815473e-05,1895917.2124398788
98430959.25998987,4.3879252026357205e-07,4.38792520263572e-05,7.899102869079525e-10,1.5770598246907783e-10,2.3498980082868084e-06,6.057771818504264e-07,2.0372103505292916e-06,2.092027069332791e-05,1720819.0337365696
108446586.32858396,3.9826766473577663e-07,3.982676647357766e-05,8.70285881241229e-10,1.5905457890071046e-10,2.5887657665022886e-06,6.659187093734223e-07,2.0372103505292916e-06,2.3048967101588756e-05,1561892.116090466
119481331.63326271,3.61485498154826e-07,3.61485498154826e-05,9.58839918457831e-10,1.604125639156282e-10,2.851086543990196e-06,7.325573702903631e-07,2.0372103505292916e-06,2.5394264359091395e-05,1417642.9563359905
131638893.32213011,3.28100363013239e-07,3.28100363013239e-05,1.056404578133539e-09,1.6177993751383086e-10,3.140540707236883e-06,8.05408516838545e-07,2.0372103505292916e-06,2.7978202211715e-05,1286715.9843789437
145033521.12164602,2.9779852513837774e-07,2.9779852513837773e-05,1.1638967164575593e-09,1.631566996953187e-10,3.458735204969474e-06,8.843614011862576e-07,2.0372103505292916e-06,3.082506301149744e-05,1167880.8243335097
159791089.98941094,2.7029522540032807e-07,2.7029522540032807e-05,1.2823264823161803e-09,1.6454285046009154e-10,3.808731335649856e-06,9.700958150123396e-07,2.0372103505292916e-06,3.396159990812163e-05,1060020.7321620001
176050283.01414698,2.453320037104469e-07,2.453320037104469e-05,1.4128068100872167e-09,1.6593838980814945e-10,4.1943956340892985e-06,1.0636038002516193e-06,2.0372103505292916e-06,3.7417288259528454e-05,962122.1011608843
193963894.67907828,2.2267427016307827e-07,2.2267427016307824e-05,1.5565638783529864e-09,1.673433177394924e-10,4.617990491824444e-06,1.1679861245324108e-06,2.0372103505292916e-06,4.122460262426665e-05,873264.936671792
213700266.73602888,2.021091004954285e-07,2.021091004954285e-05,1.7149486328167674e-09,1.6875763425412044e-10,5.085314748232719e-06,1.284463657564615e-06,2.0372103505292916e-06,4.541932193859391e-05,792614.2105043167
235444870.1837488,1.8344323514861232e-07,1.834432351486123e-05,1.8894494817084217e-09,1.7018133935203352e-10,5.5979471737419044e-06,1.4138353197062127e-06,2.0372103505292916e-06,5.004086574620649e-05,719412.0138245029
259402048.21698686,1.665012631262007e-07,1.665012631262007e-05,2.0817062829832643e-09,1.7161443303323165e-10,6.1641616304419785e-06,1.5557201988017137e-06,2.0372103505292916e-06,5.513266464028994e-05,652970.4347663955
285796936.5255362,1.511239735832256e-07,1.5112397358322558e-05,2.293525754757776e-09,1.7305691529771487e-10,6.785267349155351e-06,1.7099604749865563e-06,2.0372103505292916e-06,6.074256839909097e-05,592665.0938345694
314877578.98911077,1.3716685965482978e-07,1.3716685965482977e-05,2.526898453800516e-09,1.7450878614548314e-10,7.469796539714381e-06,1.876453274691284e-06,2.0372103505292916e-06,6.692329565043208e-05,537929.2763471007
346917258.6501276,1.244987604644098e-07,1.2449876046440979e-05,2.7840174816322404e-09,1.7597004557653642e-10,8.222710628454287e-06,2.0596961541360608e-06,2.0372103505292916e-06,7.373292929085559e-05,488248.60677907104
382217065.86953235,1.1300062854962856e-07,1.1300062854962856e-05,3.0672990940243853e-09,1.774406935908748e-10,9.05061754372934e-06,2.267496898683803e-06,2.0372103505292916e-06,8.123546231506048e-05,443156.2149591639
421108727.79969686,1.0256441112328574e-07,1.0256441112328572e-05,3.379405407571923e-09,1.7892073018849816e-10,9.961722023183465e-06,2.4997381070251355e-06,2.0372103505292916e-06,8.9501399185018e-05,402228.348694086
463957725.76416373,9.309203465577468e-08,9.309203465577467e-06,3.7232694167240554e-09,1.804101553694066e-10,1.0962230807962152e-05,2.7575579366303945e-06,2.0372103505292916e-06,9.860841839009117e-05,365080.3915907602
511166729.8395283,8.449448323683137e-08,8.449448323683136e-06,4.102122556367976e-09,1.8190896913360013e-10,1.2066563313663184e-05,3.041184488763135e-06,2.0372103505292916e-06,0.0001086421024245055,331363.2486541404
563179382.9157088,7.669096205554157e-08,7.669096205554156e-06,4.51952506898323e-09,1.8341717148107868e-10,1.3276000153552263e-05,3.3504158841146706e-06,2.0372103505292916e-06,0.00011969674204208513,300760.06569454056
620484469.7949897,6.960813813748202e-08,6.9608138137482015e-06,4.979399461739428e-09,1.8493476241184234e-10,1.4608513524105681e-05,3.6858606326211475e-06,2.0372103505292916e-06,0.00013187622234617002,272983.25171539554
683620510.5086261,6.317945120388096e-08,6.3179451203880956e-06,5.4860673679478e-09,1.8646174192589106e-10,1.6069165893823772e-05,4.0494403041764575e-06,2.0372103505292916e-06,0.00014529499904167593,247771.7762995675
753180821.0163321,5.7344488176651776e-08,5.734448817665177e-06,6.044290159269137e-09,1.8799811002322478e-10,1.7668307842265016e-05,4.454129104696015e-06,2.0372103505292916e-06,0.00016007917402354743,224888.71659660395
829819088.8461925,5.2048415451259126e-08,5.204841545125912e-06,6.65931369032824e-09,1.8954386670384356e-10,1.942717416930918e-05,4.902224374483693e-06,2.0372103505292916e-06,0.00017636768040936446,204119.03085894723
914255516.0716082,4.7241463602248656e-08,4.724146360224865e-06,7.3369175962186654e-09,1.9109901196774744e-10,2.1352121262956966e-05,5.392455858591717e-06,2.0372103505292916e-06,0.0001943135881523483,185267.53760408566
1007283587.3534485,4.287845967899863e-08,4.287845967899863e-06,8.083469606167445e-09,1.9266354581493636e-10,2.3463135762583794e-05,5.928393346571554e-06,2.0372103505292916e-06,0.00021408554250416757,168157.08141197436
1109777526.6495228,3.891840269648202e-08,3.891840269648202e-06,8.90598538376789e-09,1.9423746824541033e-10,2.577037157834447e-05,6.511088180276546e-06,2.0372103505292916e-06,0.00023586934884538003,152626.86812095778
1222700512.6652236,3.532407833174566e-08,3.5324078331745656e-06,9.812194456124482e-09,1.9582077925916928e-10,2.8290850803196265e-05,7.139827885907799e-06,2.0372103505292916e-06,0.0002598697187768311,138530.95377732645
1347113730.2494135,3.206170920524677e-08,3.206170920524677e-06,1.081061285147396e-08,1.9741347885621336e-10,3.1052659290910724e-05,7.81957424093165e-06,2.0372103505292916e-06,0.0002863121938807704,125736.87313852776
1484186342.7952623,2.9100637460595424e-08,2.9100637460595425e-06,1.191062312788834e-08,1.990155670365425e-10,3.40545571052935e-05,8.568744632464459e-06,2.0372103505292916e-06,0.00029100637460595423,114124.39484150744
1635206479.3609757,2.6413036659768195e-08,2.6413036659768192e-06,1.312256254512402e-08,2.0062704380015664e-10,3.733407790339566e-05,9.41643059273197e-06,2.0372103505292916e-06,0.00026413036659768196,103584.39153796183
1801593339.760958,2.3973650286352995e-08,2.397365028635299e-06,1.4457820208204494e-08,2.0224790914705594e-10,4.0905090571508114e-05,1.0361323456872089e-05,2.0372103505292916e-06,0.00023973650286352992,94017.81437869527
1984910531.384053,2.175955439942956e-08,2.175955439942956e-06,1.59289440956359e-08,2.0387816307724022e-10,4.4782772953150486e-05,1.1399837172617054e-05,2.0372103505292916e-06,0.00021759554399429558,85334.76220987733
2186880763.070584,1.974994220764377e-08,1.974994220764377e-06,1.7549758978044778e-08,2.0551780559070955e-10,4.901509517595123e-05,1.253721741583598e-05,2.0372103505292916e-06,0.0001974994220764377,77453.63673404469
2409402034.1327124,1.79259285390281e-08,1.7925928539028097e-06,1.9335496335368852e-08,2.0716683668746394e-10,5.3601395315716174e-05,1.3778036918937414e-05,2.0372103505292916e-06,0.00017925928539028096,70300.37569654085
2654565470.6531796,1.6270372369088514e-08,1.6270372369088513e-06,2.1302937493487687e-08,2.0882525636750341e-10,5.8583544299830276e-05,1.5125132218694745e-05,2.0372103505292916e-06,0.00016270372369088512,63807.75689132334
2924674976.6776342,1.4767715739379591e-08,1.476771573937959e-06,2.3470571325408182e-08,2.1049306463082792e-10,6.399997024595505e-05,1.6584950861224227e-05,2.0372103505292916e-06,0.00014767715739379592,57914.766445587564
3222268884.9710717,1.3403837552817907e-08,1.3403837552817907e-06,2.5858767998989525e-08,2.1217026147743753e-10,6.985455266094724e-05,1.8242320211172423e-05,2.0372103505292916e-06,0.0001340383755281791,52566.02544671255
3550143810.799645,1.2165920871786745e-08,1.2165920871786745e-06,2.8489970403987794e-08,2.138568469073321e-10,7.622326859602214e-05,2.0122923414586036e-05,2.0372103505292916e-06,0.00012165920871786745,47711.269523300616
3911380932.9019213,1.1042332471976324e-08,1.1042332471976324e-06,3.13889050573413e-08,2.155528209205117e-10,8.312683505932589e-05,2.2212065309397877e-05,2.0372103505292916e-06,0.00011042332471976325,43304.876489713846
4309374948.622941,1.0022513520076392e-08,1.002251352007639e-06,3.458281446866234e-08,2.1725818351697648e-10,9.058097650641886e-05,2.4509036326565808e-05,2.0372103505292916e-06,0.00010022513520076391,39305.43761518484
4747865975.31451,9.09688034797378e-09,9.096880347973781e-07,3.810171314957046e-08,2.1897293469672626e-10,9.870076230323316e-05,2.7014093062888785e-05,2.0372103505292916e-06,9.096880347973781e-05,35675.36848853851
5230974697.7929125,8.256734390987452e-09,8.256734390987452e-07,4.197866967269729e-08,2.206970744597611e-10,0.00010747255054844028,2.97535875915509e-05,2.0372103505292916e-06,8.256734390987452e-05,32380.5558216533
5763241092.1491995,7.494180443793554e-09,7.494180443793553e-07,4.625011743098748e-08,2.2243060280608102e-10,0.00011698074760788472,3.2733844662798865e-05,2.0372103505292916e-06,7.494180443793553e-05,29390.03687252902
6349667089.816237,6.802052465856426e-09,6.802052465856425e-07,5.0956197017633786e-08,2.2417351973568597e-10,0.00012732095118260183,3.598380693568955e-05,2.0372103505292916e-06,6.802052465856426e-05,26675.708475362197
6995763582.824563,6.1738462391282694e-09,6.173846239128269e-07,5.6141133444133466e-08,2.2592582524857592e-10,0.0001384847078902915,3.9599049506546274e-05,2.0372103505292916e-06,6.17384623912827e-05,24212.062943263576
7707602211.975292,5.603658245173382e-09,5.60365824517338e-07,6.185365174134338e-08,2.2768751934475106e-10,0.00015060895441664342,4.3619173334769407e-05,2.0372103505292916e-06,5.603658245173381e-05,21975.948361783776
8491872424.605372,5.086130187319561e-09,5.086130187319561e-07,6.814743484911202e-08,2.2945860202421117e-10,0.00016381985588275922,4.8040670390530226e-05,2.0372103505292916e-06,5.086130187319561e-05,19946.351020624385
9355944338.14098,4.616398636488031e-09,4.6163986364880307e-07,7.508162809746996e-08,2.3123907328695634e-10,0.00017809476504055733,5.2867392091742504e-05,2.0372103505292916e-06,4.6163986364880315e-05,18104.19793895391
10307938000.194365,4.190049327502507e-09,4.190049327502507e-07,8.272139502020083e-08,2.330289331329866e-10,0.00019363898332751766,5.810984059533182e-05,2.0372103505292916e-06,4.190049327502507e-05,16432.17762857572
11356799696.070377,3.803075676380608e-09,3.803075676380608e-07,9.11385297240069e-08,2.348281815623019e-10,0.0002105655875104524,6.378209216836602e-05,2.0372103505292916e-06,3.803075676380609e-05,14914.577410584083
12512386020.776596,3.4518411287770716e-09,3.4518411287770715e-07,1.0041213156796082e-07,2.3663681857490214e-10,0.00022894476915762992,6.989986193436559e-05,2.0372103505292916e-06,3.451841128777072e-05,13537.135756704101
13785556505.5971,3.1330449857512805e-09,3.1330449857512806e-07,1.106293484934906e-07,2.3845484417078753e-10,0.00024901744696103153,7.648141394276123e-05,2.0372103505292916e-06,3.1330449857512806e-05,12286.908267705288
15188275669.680408,2.8436913857095373e-09,2.843691385709537e-07,1.2188619599027935e-07,2.40282258349958e-10,0.0002709172120717524,8.366117775617501e-05,2.0372103505292916e-06,2.8436913857095374e-05,11152.146029431631
16733725455.664097,2.5810611510321243e-09,2.581061151032124e-07,1.3428845939425314e-07,2.4211906111241346e-10,0.0002947148463938127,9.146104906524652e-05,2.0372103505292916e-06,2.5810611510321243e-05,10122.185203307872
18436429105.940273,2.34268623481625e-09,2.3426862348162497e-07,1.4795268799692591e-07,2.43965252458154e-10,0.00032080663270537256,0.00010006293191018554,2.0372103505292916e-06,2.34268623481625e-05,9187.346813758206
20312387643.679817,2.1263265276000534e-09,2.1263265276000532e-07,1.630072903081685e-07,2.4582083238717967e-10,0.00034933667461584496,0.00010951009104469598,2.0372103505292916e-06,2.1263265276000534e-05,8338.845790797148
22379230241.18472,1.9299488061107455e-09,1.9299488061107453e-07,1.795937407650452e-07,2.476858008994903e-10,0.0003804398147048546,0.00011970123305997323,2.0372103505292916e-06,1.9299488061107455e-05,7568.708413027732
24656379888.643436,1.7517076262093656e-09,1.7517076262093654e-07,1.9786790922667083e-07,2.4956015799508605e-10,0.0004145178749018261,0.00013051129200585237,2.0372103505292916e-06,1.7517076262093654e-05,6869.69737522399
27165235920.148323,1.589927980475132e-09,1.5899279804751318e-07,2.1800152574890986e-07,2.514439036739669e-10,0.00045188779142687905,0.00014194039803935087,2.0372103505292916e-06,1.5899279804751317e-05,6235.2437763262615
29929375112.24878,1.443089557455406e-09,1.443089557455406e-07,2.40183794404023e-07,2.533370379361327e-10,0.0004927343919931271,0.00015388326548076427,2.0372103505292916e-06,1.4430895574554062e-05,5659.385388711936
32974773244.848213,1.3098124546587993e-09,1.3098124546587992e-07,2.646231713110037e-07,2.552395607815835e-10,0.0005375580884412718,0.00016629080325986258,2.0372103505292916e-06,1.3098124546587994e-05,5136.710628631924
36330049206.54543,1.1888442110304225e-09,1.1888442110304226e-07,2.9154932358550387e-07,2.571514722103194e-10,0.0005867801562624437,0.00017919749348327353,2.0372103505292916e-06,1.1888442110304225e-05,4662.307701279485
40026733938.381966,1.079048037047958e-09,1.0790480370479577e-07,3.212152876184297e-07,2.590727722223405e-10,0.0006405217269224422,0.00019285943177074817,2.0372103505292916e-06,1.0790480370479578e-05,4231.718442586137
44099566743.37146,9.793921318318591e-10,9.793921318318592e-08,3.5389984696545094e-07,2.6100346081764646e-10,0.0006996319792224959,0.0002072377224738208,2.0372103505292916e-06,9.793921318318592e-06,3840.8964239767492
48586821746.35832,8.889399868780092e-10,8.889399868780091e-08,3.8991015219346545e-07,2.6294353799623756e-10,0.0007647671827127764,0.0002220715989540837,2.0372103505292916e-06,8.889399868780092e-06,3486.1689263763155
53530667572.08507,8.06841585292967e-10,8.068415852929669e-08,4.295846073038088e-07,2.6489300375811373e-10,0.0008359494206289748,0.0002370676318526452,2.0372103505292916e-06,8.06841585292967e-06,3164.2024261223282
58977563621.51554,7.323254138272942e-10,7.323254138272941e-08,4.73296049857151e-07,2.6685185810327494e-10,0.0009138799713040922,0.00025197882029519823,2.0372103505292916e-06,7.323254138272941e-06,2871.9712684392307
64978696670.38832,6.646912126406893e-10,6.646912126406893e-08,5.214552546850446e-07,2.688201010317212e-10,0.001000026735779078,0.00026659655364727713,2.0372103505292916e-06,6.6469121264068934e-06,2606.729234086485
71590461892.90251,6.033033946653984e-10,6.033033946653984e-08,5.745147941139885e-07,2.707977325434526e-10,0.0010943536633626668,0.00028071816281193283,2.0372103505292916e-06,6.033033946653985e-06,2365.9837319799713
78874992830.9157,5.475850727269158e-10,5.475850727269158e-08,6.329732909781431e-07,2.72784752638469e-10,0.0011974388884217002,0.00029414328621736396,2.0372103505292916e-06,5.4758507272691575e-06,2147.4723752640243
86900745289.00018,4.970126382922861e-10,4.970126382922861e-08,6.973801043880644e-07,2.747811613167704e-10,0.0013110387032399095,0.00030687938703365884,2.0372103505292916e-06,4.970126382922861e-06,1949.1417207094958
95743140642.46387,4.511108409002412e-10,4.511108409002412e-08,7.683404922895891e-07,2.767869585783569e-10,0.0014352828767067096,0.00031904279047611773,2.0372103505292916e-06,4.511108409002412e-06,1769.1279716430713
105485274603.77194,4.0944832203250026e-10,4.094483220325002e-08,8.465212993276099e-07,2.7880214442322847e-10,0.0015711226841269002,0.00033033352004812434,2.0372103505292916e-06,4.094483220325002e-06,1605.7394630651381
116218698107.94592,3.716335614561403e-10,3.7163356145614024e-08,9.326572234659916e-07,2.808267188513851e-10,0.0017199020598767393,0.000340403831751135,2.0372103505292916e-06,3.716335614561403e-06,1457.4407643614682
128044277655.25256,3.373111979430983e-10,3.3731119794309826e-08,1.027557720253721e-06,2.828606818628267e-10,0.00188263564548848,0.0003490353885886483,2.0372103505292916e-06,3.373111979430983e-06,1322.8382502151678
141073143196.17606,3.06158689791089e-10,3.0615868979108894e-08,1.1321146096195179e-06,2.8490403345755337e-10,0.0020595013239791513,0.0003558209274334869,2.0372103505292916e-06,3.0615868979108893e-06,1200.6670041227997
155427732466.3592,2.7788328376340534e-10,2.778832837634053e-08,1.2473104566792464e-06,2.8695677363556513e-10,0.0022516357246194375,0.00036098264599368897,2.0372103505292916e-06,2.778832837634053e-06,1089.77893144134
171242941585.5598,2.522192639634849e-10,2.5221926396348486e-08,1.3742278053140375e-06,2.8901890239686203e-10,0.00246211368906799,0.0003642446717283634,2.0372103505292916e-06,2.5221926396348493e-06,989.1319702593959
188667392733.29102,2.2892545479074073e-10,2.2892545479074072e-08,1.5140593512909809e-06,2.9109041974144385e-10,0.0026897364019966815,0.00036552319946780586,2.0372103505292916e-06,2.289254547907407e-06,897.7802987026247
207864830814.022,2.0778295451189138e-10,2.077829545118914e-08,1.6681191505274578e-06,2.931713256693108e-10,0.0029357051411573547,0.00036481734144863567,2.0372103505292916e-06,2.077829545118914e-06,814.8654466473284
229015662236.9959,1.8859307814919727e-10,1.8859307814919727e-08,1.8378549678279222e-06,2.952616201804627e-10,0.0032020842660480386,0.00036235592183885283,2.0372103505292916e-06,1.8859307814919728e-06,739.6082283152115
252318650271.2211,1.7117549035406434e-10,1.711754903540643e-08,2.0248618821393787e-06,2.973613032748998e-10,0.0034903012490719977,0.0003581390898225885,2.0372103505292916e-06,1.7117549035406434e-06,671.30141993653
277992782907.60596,1.553665107198372e-10,1.553665107198372e-08,2.230897276179911e-06,2.99470374952622e-10,0.003798638466271287,0.00035209677509032605,2.0372103505292916e-06,1.553665107198372e-06,609.3031136705279
306279330781.3193,1.4101757560809665e-10,1.4101757560809665e-08,2.4578973513040666e-06,3.0158883521362913e-10,0.004134042452164951,0.00034424756406597297,2.0372103505292916e-06,1.4101757560809668e-06,553.0306853271682
337444114493.54297,1.279938420335922e-10,1.279938420335922e-08,2.707995322802281e-06,3.0371668405792134e-10,0.0044921702296733,0.000334798890010659,2.0372103505292916e-06,1.279938420335922e-06,501.95531920228694
371780002639.58997,1.161729204879312e-10,1.161729204879312e-08,2.9835414666231915e-06,3.058539214854985e-10,0.004877394053382289,0.00032398813824411634,2.0372103505292916e-06,1.1617292048793122e-06,455.5970385737535
409609664018.4221,1.0544372479383065e-10,1.0544372479383064e-08,3.287125205906432e-06,3.0800054749636085e-10,0.005291390162120201,0.0003119716843065001,2.0372103505292916e-06,1.0544372479383064e-06,413.52019515809445
451288599887.2127,9.57054281815368e-11,9.57054281815368e-09,3.6215994448821453e-06,3.101565620905082e-10,0.005731478052810445,0.0002989084338069227,2.0372103505292916e-06,9.57054281815368e-07,375.32937514014714
497208484756.3582,8.686651577721215e-11,8.686651577721215e-09,3.990107378813364e-06,3.1232196526794063e-10,0.006208154933730705,0.00028500772782657135,2.0372103505292916e-06,8.686651577721216e-07,340.6656833029304
547800847119.77844,7.884392459913107e-11,7.884392459913106e-09,4.396112031925434e-06,3.1449675702865815e-10,0.00671425064779196,0.00027051508922885253,2.0372103505292916e-06,7.884392459913106e-07,309.2033703381687
603541124709.8776,7.156226297986529e-11,7.156226297986529e-09,4.843428800902827e-06,3.1668093737266064e-10,0.007256409758852111,0.00025566062411775113,2.0372103505292916e-06,7.156226297986529e-07,280.64677164287906
664953132386.1162,6.49531020790387e-11,6.49531020790387e-09,5.336261309778408e-06,3.1887450629994826e-10,0.007836447345228889,0.0002406068403192041,2.0372103505292916e-06,6.495310207903869e-07,254.72752883459611
732613984643.8054,5.895433282870125e-11,5.895433282870125e-09,5.879240913158467e-06,3.210774638105209e-10,0.008450250501066923,0.00022551460302263878,2.0372103505292916e-06,5.895433282870125e-07,231.20206787465617
807159519002.0353,5.350958226826417e-11,5.350958226826416e-09,6.477470219012149e-06,3.2328980990437865e-10,0.009112666352008993,0.00021053928357608046,2.0372103505292916e-06,5.350958226826417e-07,209.84931010038963
889290271236.5731,4.856768378405225e-11,4.856768378405225e-09,7.136571040027115e-06,3.2551154458152137e-10,0.009812606682753073,0.0001958168027006936,2.0372103505292916e-06,4.856768378405226e-07,190.4685946558384
979778058609.5328,4.408219627508987e-11,4.408219627508987e-09,7.862737224150593e-06,3.277426678419492e-10,0.010559084556034883,0.00018147397511843546,2.0372103505292916e-06,4.4082196275089875e-07,172.87779279719766
1079473232961.1716,4.0010967726520275e-11,4.0010967726520275e-09,8.662792860786571e-06,3.29983179685662e-10,0.011353747098474315,0.00016633302858183016,2.0372103505292916e-06,4.001096772652028e-07,156.91159635232202
1189312671824.2192,3.631573908937174e-11,3.6315739089371738e-09,9.544256409637567e-06,3.3223308011266e-10,0.012190730745100735,0.0001527905294189694,2.0372103505292916e-06,3.6315739089371737e-07,142.4199642502204
1310328582656.517,3.2961784744165766e-11,3.2961784744165767e-09,1.051541135483603e-05,3.344923691229429e-10,0.013088774664071842,0.0001398654820064218,2.0372103505292916e-06,3.2961784744165773e-07,129.26671252193873
1443658202929.167,2.9917586169647584e-11,2.9917586169647584e-09,1.1585384048332952e-05,3.367610467165109e-10,0.014033028406959169,0.00012759754080270236,2.0372103505292916e-06,2.991758616964759e-07,117.32823452245513
1590554487225.8972,2.7154535749970697e-11,2.7154535749970698e-09,1.2764229474069934e-05,3.39039112893364e-10,0.015034361089335693,0.00011602967737226114,2.0372103505292916e-06,2.71545357499707e-07,106.49233934699095
1752397881784.8777,2.4646667936884658e-11,2.4646667936884657e-09,1.4063025738897217e-05,3.413265676535022e-10,0.01609433276649634,0.00010517818060686063,2.0372103505292916e-06,2.4646667936884656e-07,96.65719752583708
1930709297133.2993,2.2370415240544613e-11,2.237041524054461e-09,1.549397817820853e-05,3.436234109969254e-10,0.017205904480456204,9.504638515976301e-05,2.0372103505292916e-06,2.237041524054461e-07,87.73038408994879
2127164400724.0125,2.0304386755885585e-11,2.0304386755885583e-09,1.7070534054617123e-05,3.459296429236336e-10,0.018389850918686626,8.56309003508054e-05,2.0372103505292916e-06,2.0304386755885584e-07,79.62801001459395
2343609363888.1675,1.842916714328033e-11,1.842916714328033e-09,1.8807508927544883e-05,3.4824526343362687e-10,0.019629383368798586,7.691160093943212e-05,2.0372103505292916e-06,1.8429167143280333e-07,72.27393387886379
2582078211084.6016,1.672713417441746e-11,1.6727134174417457e-09,2.07212258812728e-05,3.505702725269053e-10,0.02093589619562984,6.886736719179729e-05,2.0372103505292916e-06,1.672713417441746e-07,65.5990463326789
2844811934484.1484,1.5182293128801762e-11,1.5182293128801762e-09,2.282966891983708e-05,3.529046702034688e-10,0.022310699399560402,6.148066997394716e-05,2.0372103505292916e-06,1.5182293128801763e-07,59.54062064712674
3134279553516.6943,1.3780126484630716e-11,1.3780126484630716e-09,2.515265197028779e-05,3.5524845646331723e-10,0.023746354486168426,5.472235591228063e-05,2.0372103505292916e-06,1.3780126484630715e-07,54.04172324497704
3453201317286.412,1.2507457491529055e-11,1.2507457491529054e-09,2.7712005082504467e-05,3.5760163130645067e-10,0.02526201491007815,4.856398629743852e-05,2.0372103505292916e-06,1.2507457491529053e-07,49.05067867188315
3804574267898.0737,1.1352326343076932e-11,1.1352326343076931e-09,3.053177957536741e-05,3.5996419473286925e-10,0.026841329033512804,4.297501475110342e-05,2.0372103505292916e-06,1.1352326343076933e-07,44.520583980377495
4191700404923.5938,1.0303877785473368e-11,1.0303877785473367e-09,3.3638474057127834e-05,3.623361467425729e-10,0.028494031765138594,3.7922378510922015e-05,2.0372103505292916e-06,1.0303877785473367e-07,40.40886796312603
4618217715682.493,9.352259106145038e-12,9.352259106145037e-10,3.706128344398828e-05,3.647174873355617e-10,0.030220748560657665,3.3370970566686774e-05,2.0372103505292916e-06,9.352259106145037e-08,36.6768910933658
5088134362940.568,8.48852754365764e-12,8.48852754365764e-10,4.083237331702308e-05,3.6710821651183537e-10,0.032015000997536465,2.9284548731979044e-05,2.0372103505292916e-06,8.488527543657641e-08,33.28958241300238
5605866351303.152,7.70456624882106e-12,7.70456624882106e-10,4.4987182195688036e-05,3.6950833427139417e-10,0.03389097224759878,2.5629866218462835e-05,2.0372103505292916e-06,7.70456624882106e-08,30.2151099560489
6176279026269.886,6.993008007239701e-12,6.993008007239701e-10,4.9564754568510114e-05,3.71917840614238e-10,0.03583661133605168,2.237258196613279e-05,2.0372103505292916e-06,6.993008007239701e-08,27.42458161023794
6804732795935.053,6.3471660064966596e-12,6.347166006496659e-10,5.460810781058688e-05,3.743367355403669e-10,0.03785946474144002,1.9478482521554223e-05,2.0372103505292916e-06,6.347166006496659e-08,24.8917736056768
7497133504999.561,5.760970997361806e-12,5.760970997361807e-10,6.0164636435973674e-05,3.7676501904978095e-10,0.039961009195154835,1.691701466648232e-05,2.0372103505292916e-06,5.760970997361807e-08,22.592884079039663
8259987934480.462,5.2289142585011e-12,5.228914258501099e-10,6.628655748388933e-05,3.7920269114248003e-10,0.0421386449157079,1.4658659383700701e-05,2.0372103505292916e-06,5.2289142585011e-08,20.506309397435363
9100464948671.975,4.745995828702657e-12,4.745995828702657e-10,7.303140122422073e-05,3.816497518184641e-10,0.04440197664556345,1.2635128919061141e-05,2.0372103505292916e-06,4.745995828702658e-08,18.612441139972436
10026462863981.904,4.307677520135867e-12,4.307677520135867e-10,8.046255179369359e-05,3.8410620107773306e-10,0.04674718735267824,1.0628819537532293e-05,2.0372103505292916e-06,4.307677520135867e-08,16.89348182917133
11046683672736.834,3.9098402710893736e-12,3.909840271089373e-10,8.864984284329575e-05,3.865720389202873e-10,0.04918161853160214,9.116586667587606e-06,2.0372103505292916e-06,3.9098402710893735e-08,15.333277680574229
12170714819468.053,3.5487454374138137e-12,3.5487454374138133e-10,9.767021379449946e-05,3.890472653461266e-10,0.051709984412767175,7.808423733225357e-06,2.0372103505292916e-06,3.5487454374138137e-08,13.917166798830854
13409119298164.941,3.2209996589084463e-12,3.220999658908446e-10,0.00010760843287140306,3.9153188035525075e-10,0.05433500070056339,6.67952712269961e-06,2.0372103505292916e-06,3.220999658908446e-08,12.631841393693888
14773534917177.396,2.9235229704864625e-12,2.9235229704864624e-10,0.00011855789370342719,3.940258839476602e-10,0.05706505023055957,5.706603919225409e-06,2.0372103505292916e-06,2.9235229704864625e-08,11.465222721110353
16276783664601.186,2.6535198584461988e-12,2.653519858446199e-10,0.00013062149298457543,3.9652927612335454e-10,0.05990360439238209,4.869818314646971e-06,2.0372103505292916e-06,2.653519858446199e-08,10.406347574177802
17932992201899.223,2.40845298985173e-12,2.4084529898517295e-10,0.00014391259743699614,3.9904205688233407e-10,0.06285904636115132,4.073657340046347e-06,2.0372103505292916e-06,2.40845298985173e-08,9.445265257272613
19757724618087.676,2.186019368146873e-12,2.1860193681468727e-10,0.00015855610916580597,4.0156422622459867e-10,0.06593887690517251,3.4687706986046794e-06,2.0372103505292916e-06,2.1860193681468728e-08,8.57294407517325
21768128692034.184,1.9841286909268017e-12,1.9841286909268014e-10,0.00017468963941676542,4.0409578415014815e-10,0.06914895663563139,2.951116758067272e-06,2.0372103505292916e-06,1.984128690926802e-08,7.7811864584172055
23983097037356.39,1.8008837064861732e-12,1.800883706486173e-10,0.00019246480176710008,4.066367306589829e-10,0.07249791942035344,2.508519435969277e-06,2.0372103505292916e-06,1.800883706486173e-08,7.062551927288956
26423444644267.324,1.634562384545966e-12,1.634562384545966e-10,0.00021204863690212655,4.0918706575110245e-10,0.07599273963575987,2.130504916281504e-06,2.0372103505292916e-06,1.634562384545966e-08,6.410287170499078
29112104486803.24,1.4836017336098349e-12,1.4836017336098346e-10,0.00023362518236691017,4.117467894265072e-10,0.0796424260942456,1.8081497296841046e-06,2.0372103505292916e-06,1.4836017336098347e-08,5.818262581474371
32074343033636.855,1.3465831128748955e-12,1.3465831128748956e-10,0.0002573972020445672,4.143159016851968e-10,0.0834560739711729,1.5334136614820756e-06,2.0372103505292916e-06,1.3465831128748957e-08,5.280914655863912
35337997687723.34,1.222218900666709e-12,1.222218900666709e-10,0.0002835880916138598,4.1689440252717176e-10,0.08744133091196032,1.2994350107820032e-06,2.0372103505292916e-06,1.2222189006667092e-08,4.793193708945875
38933738386096.734,1.1093403941162607e-12,1.1093403941162606e-10,0.0003124439778924491,4.194822919524317e-10,0.09160771233892137,1.1004539622828812e-06,2.0372103505292916e-06,1.1093403941162607e-08,4.350516421614057
42895355818183.07,1.0068868263669616e-12,1.0068868263669616e-10,0.0003442360317942429,4.220795699609766e-10,0.09596439623568488,8.871376384841358e-07,2.0372103505292916e-06,1.0068868263669617e-08,3.9487227689982114
47260078971137.26,9.138953981018412e-13,9.138953981018411e-11,0.0003792630166366557,4.2468623655280675e-10,0.1005213586256255,7.50337293500187e-07,2.0372103505292916e-06,9.138953981018412e-09,3.584036926958683
52068924986311.836,8.294922297129462e-13,8.29492229712946e-11,0.0004178540957453072,4.2730229172792175e-10,0.10528936818196577,6.342897311766279e-07,2.0372103505292916e-06,8.294922297129462e-09,3.2530317890770255
57367084614605.56,7.528841490866984e-13,7.528841490866984e-11,0.0004603719257403946,4.299277354863219e-10,0.11027808178998554,5.358807679752347e-07,2.0372103505292916e-06,7.528841490866985e-09,2.9525967606939374
63204346892978.15,6.833512378315601e-13,6.833512378315601e-11,0.0005072160645736581,4.3256256782800706e-10,0.11549867956358284,4.525216156453061e-07,2.0372103505292916e-06,6.8335123783156e-09,2.679908527341453
69635567032996.01,6.20240065901761e-13,6.20240065901761e-11,0.0005588267263427003,4.352067887529773e-10,0.12096259879604286,3.819555340783453e-07,2.0372103505292916e-06,6.202400659017609e-09,2.4324045228680307
76721181918353.25,5.62957551040019e-13,5.6295755104001904e-11,0.0006156889181682234,4.3786039826123254e-10,0.12668164871710466,3.222192637678973e-07,2.0372103505292916e-06,5.62957551040019e-09,2.207758847925411
84527778055716.42,5.10965385333834e-13,5.109653853338339e-11,0.0006783369980101681,4.40523396352773e-10,0.13266873953754335,2.717069674444158e-07,2.0372103505292916e-06,5.109653853338339e-09,2.00386041251305
93128717316165.83,4.637749765093632e-13,4.637749765093632e-11,0.00074735969625447,4.4319578302759835e-10,0.13893620842733861,2.075931830935565e-07,2.0372103505292916e-06,4.637749765093632e-09,1.818793097176451
102604826347588.62,4.2094285642409244e-13,4.2094285642409245e-11,0.0008234056482603939,4.458775582857087e-10,0.14549770435030746,1.749090474545964e-07,2.0372103505292916e-06,4.209428564240925e-09,1.6508177464258258
113045156136724.62,3.8206651360995987e-13,3.820665136099599e-11,0.0009071894898601401,4.485687221271042e-10,0.15236738302400965,1.4730529897405118e-07,2.0372103505292916e-06,3.820665136099599e-09,1.4983558251596139
124547818858783.98,3.4678061070361187e-13,3.467806107036119e-11,0.0009994985730926614,4.512692745517848e-10,0.1595598710190389,1.2400903547291097e-07,2.0372103505292916e-06,3.467806107036119e-09,1.3599745845054871
137220909878871.6,3.1475355121735846e-13,3.1475355121735846e-11,0.0011012003652823175,4.539792155597504e-10,0.16709084693249338,1.026979061567988e-07,2.0372103505292916e-06,3.1475355121735843e-09,1.2343735976758727
151183523569649.6,2.8568436338735113e-13,2.856843633873511e-11,0.001213250600994594,4.5669854515100117e-10,0.1749760910166245,8.616427992051964e-08,2.0372103505292916e-06,2.856843633873511e-09,1.1203725393098536
166566872491304.22,2.5929987181518793e-13,2.592998718151879e-11,0.0013367022634762445,4.5942726332553684e-10,0.1832325371516256,7.227182821784151e-08,2.0372103505292916e-06,2.5929987181518793e-09,1.0169000934587529
183515520451226.03,2.353521303236638e-13,2.3535213032366378e-11,0.001472715479982259,4.621653700833576e-10,0.19187783691972102,6.059856817488199e-08,2.0372103505292916e-06,2.353521303236638e-09,0.9229838859790446
202188741030978.78,2.1361609190214194e-13,2.136160919021419e-11,0.0016225684239801704,4.649128654244636e-10,0.20093038041750894,5.0798171398924004e-08,2.0372103505292916e-06,2.136160919021419e-09,0.8377413467230959
222762014347212.34,1.9388749384503142e-13,1.9388749384503142e-11,0.0017876693266843417,4.676697493488544e-10,0.21040954552307903,3.6279409116206447e-08,2.0372103505292916e-06,1.9388749384503144e-09,0.7603714156558535
245428676112210.38,1.759809382091319e-13,1.7598093820913188e-11,0.0019695697107976655,4.704360218565304e-10,0.22033538047511544,3.0466897254658696e-08,2.0372103505292916e-06,1.7598093820913188e-09,0.690147014956385
270401734490986.25,1.5972814955109575e-13,1.5972814955109574e-11,0.0021699789708237056,4.732116829474912e-10,0.23072902529661993,2.5576049604133203e-08,2.0372103505292916e-06,1.5972814955109578e-09,0.626408216361444
297915871828703.56,1.4497639357222927e-13,1.4497639357222927e-11,0.002390780436966639,4.759967326217374e-10,0.24161262481691229,2.1463998109198828e-08,2.0372103505292916e-06,1.449763935722293e-09,0.5685560395416968
328229650059494.6,1.3158704180997425e-13,1.3158704180997425e-11,0.002634049073578224,4.787911708792684e-10,0.25300933034129464,1.8005480078205982e-08,2.0372103505292916e-06,1.3158704180997427e-09,0.5160468232313487
361627940521826.06,1.1943426888787415e-13,1.1943426888787415e-11,0.002902070978471505,4.815949977200846e-10,0.26494338952406976,1.510020802539675e-08,2.0372103505292916e-06,1.1943426888787414e-09,0.46838711621431356
398424601014421.56,1.0840387008152789e-13,1.0840387008152788e-11,0.0031973648663445996,4.844082131441859e-10,0.27744015789485327,1.2660980894428181e-08,2.0372103505292916e-06,1.0840387008152788e-09,0.42512904015535025
438965425250154.3,9.839218808870585e-14,9.839218808870585e-12,0.003522705738203292,4.872308171515721e-10,0.29052620633541737,1.0612283667874365e-08,2.0372103505292916e-06,9.839218808870585e-10,0.3858660806987551
483631392425173.5,8.930513891803317e-14,8.930513891803318e-12,0.003881150959213975,4.900628097422434e-10,0.3042293651788559,8.89243434467787e-09,2.0372103505292916e-06,8.930513891803318e-10,0.35022926728178805
532842247440830.6,8.105732774210635e-14,8.105732774210635e-12,0.004276068990051496,4.929041909161999e-10,0.3185787686212472,6.322150486279363e-09,2.0372103505292916e-06,8.105732774210635e-10,0.3178837057629302
587060445423263.4,7.357124640634223e-14,7.357124640634222e-12,0.004711171041742503,4.957549606734413e-10,0.3336048925206922,5.3080499824422475e-09,2.0372103505292916e-06,7.357124640634223e-10,0.2885254312806191
646795497608944.1,6.677654505221261e-14,6.677654505221261e-12,0.005190545951478169,4.986151190139679e-10,0.34933967943479927,4.454841833512264e-09,2.0372103505292916e-06,6.677654505221262e-10,0.261878551767453
712608759436314.5,6.060937101000072e-14,6.060937101000071e-12,0.0057186986071389966,5.014846659377793e-10,0.36581654638493094,3.737573806770981e-09,2.0372103505292916e-06,6.060937101000072e-10,0.2376926552762603
785118705839211.5,5.5011768748377265e-14,5.501176874837726e-12,0.00630059228162312,5.043636014448759e-10,0.3830705164133602,3.1347303504593674e-09,2.0372103505292916e-06,5.501176874837726e-10,0.2157404567535906
865006743316248.4,4.993113524186862e-14,4.9931135241868624e-12,0.006941695274811666,5.072519255352576e-10,0.4011382606597571,2.6280833456604783e-09,2.0372103505292916e-06,4.993113524186863e-10,0.19581566214636206
953023613394602.6,4.5319725638076765e-14,4.531972563807677e-12,0.007648032301485281,5.101496382089242e-10,0.42005814085754534,2.2027860021192222e-09,2.0372103505292916e-06,4.5319725638076764e-10,0.17773102976977997
1049996447664279.2,4.1134204579196385e-14,4.113420457919638e-12,0.00842624110810588,5.130567394658761e-10,0.43987037399300283,1.8458100590847244e-09,2.0372103505292916e-06,4.1134204579196387e-10,0.16131661071837908
1156836540681930.5,3.7335238961411e-14,3.7335238961411e-12,0.00928363485051503,5.159732293061129e-10,0.46061702931267445,1.5463274861178389e-09,2.0372103505292916e-06,3.7335238961410996e-10,0.14641815178460077
1274547913789541.2,3.3887128305153525e-14,3.388712830515352e-12,0.01022827081873887,5.188991077296348e-10,0.48234219559645825,1.2951567264066141e-09,2.0372103505292916e-06,3.3887128305153525e-10,0.1328956458764472
1404236750325747.8,3.0757469262667256e-14,3.0757469262667253e-12,0.011269026154735214,5.218343747364417e-10,0.5050920365158672,9.176511006101819e-10,2.0372103505292916e-06,3.0757469262667255e-10,0.12062201631188409
1547121790896452.0,2.7916851110102855e-14,2.7916851110102855e-12,0.012415681274634442,5.247790303265335e-10,0.5289148619100392,7.700776490383167e-10,2.0372103505292916e-06,2.7916851110102854e-10,0.10948192262575147
1704545786393496.2,2.5338579362561813e-14,2.533857936256181e-12,0.0136790117794283,5.277330744999108e-10,0.5538612987390416,6.460084459482979e-10,2.0372103505292916e-06,2.533857936256181e-10,0.09937067666684397
1877988116390173.2,2.2998424914781817e-14,2.2998424914781816e-12,0.015070889717829616,5.306965072565728e-10,0.5799843269614738,5.417757269491049e-10,2.0372103505292916e-06,2.2998424914781814e-10,0.09019325879927367
2069078691494026.5,2.087439635003202e-14,2.087439635003202e-12,0.016604395152913252,5.336693285965201e-10,0.607339451621896,4.5418374322936485e-10,2.0372103505292916e-06,2.087439635003202e-10,0.08186342496294005
2279613270303138.0,1.8946533277510058e-14,1.8946533277510057e-12,0.01829393908097643,5.366515385197523e-10,0.6359847909178621,3.8062050782209e-10,2.0372103505292916e-06,1.894653327751006e-10,0.07430289620178224
2511570334905832.0,1.7196718756144776e-14,1.7196718756144774e-12,0.020155398857739145,5.396431370262696e-10,0.665981186547531,3.1889430912978314e-10,2.0372103505292916e-06,1.7196718756144777e-10,0.0674406230434674
2767129683509943.5,1.5608509042072416e-14,1.5608509042072416e-12,0.022206267404541357,5.426441241160719e-10,0.6973923722908527,2.6709744586275406e-10,2.0372103505292916e-06,1.5608509042072417e-10,0.06121211781758213
3048692914924437.5,1.4166979059851434e-14,1.4166979059851435e-12,0.024465817596690687,5.456544997891592e-10,0.7302850691504734,2.2366313489808125e-10,2.0372103505292916e-06,1.4166979059851435e-10,0.055558848637839144
3358905997394718.0,1.285858214524377e-14,1.2858582145243768e-12,0.026955283378787394,5.486742640455316e-10,0.7647291581219872,1.8725982545311856e-10,2.0372103505292916e-06,1.285858214524377e-10,0.05042768935329473
3700684133880319.0,1.1671022741507161e-14,1.1671022741507162e-12,0.02969805930904235,5.51703416885189e-10,0.8007978137008002,1.3205035512981703e-10,2.0372103505292916e-06,1.1671022741507162e-10,0.045770420299539476
4077239157444699.5,1.0593140852870792e-14,1.0593140852870792e-12,0.03271992040779196,5.547419583081318e-10,0.8385676539343113,1.1078739576247382e-10,2.0372103505292916e-06,1.0593140852870793e-10,0.041543275158206557
4492109714202875.5,9.61480716935609e-15,9.614807169356089e-13,0.036049264376216736,5.577898883143593e-10,0.8781189201255218,9.291160009588464e-11,2.0372103505292916e-06,9.61480716935609e-11,0.037706529666450106
4949194517469187.0,8.726827877385169e-15,8.726827877385168e-13,0.03971737846149843,5.608472069038721e-10,0.9195356306388494,7.78945537841334e-11,2.0372103505292916e-06,8.726827877385167e-11,0.034224128311318484
5452788985607715.0,7.920858261643938e-15,7.920858261643938e-13,0.04375873347625401,5.639139140766695e-10,0.9629057715931681,6.528715291737039e-11,2.0372103505292916e-06,7.920858261643937e-11,0.031063345500919243
6007625607887603.0,7.189324286277992e-15,7.189324286277993e-13,0.04821130773527877,5.669900098327523e-10,1.0083214780900696,5.470057359613216e-11,2.0372103505292916e-06,7.189324286277993e-11,0.028194478028250057
6618918417677365.0,6.525351418488694e-15,6.525351418488693e-13,0.05311694395376145,5.700754941721202e-10,1.055879227684732,4.581613249578782e-11,2.0372103505292916e-06,6.525351418488693e-11,0.025590565937656164
7292411990911785.0,5.9227000256538866e-15,5.922700025653886e-13,0.05852174246089649,5.731703670947731e-10,1.1056800522740309,3.8364153240857705e-11,2.0372103505292916e-06,5.922700025653886e-11,0.02322713917077541
8034435430291263.0,5.375706738872403e-15,5.375706738872403e-13,0.06447649442409227,5.762746286007109e-10,1.157829745811319,3.211422337462195e-11,2.0372103505292916e-06,5.3757067388724026e-11,0.021081987611094536
8851961842524483.0,4.879231231902193e-15,4.879231231902193e-13,0.0710371591549547,5.79388278689934e-10,1.2124390940453227,2.6878552223531766e-11,2.0372103505292916e-06,4.879231231902193e-11,0.019134952366133738
9752673867548824.0,4.4286079153498065e-15,4.4286079153498066e-13,0.07826538998250515,5.825113173624422e-10,1.2696241076350108,1.884085764971689e-11,2.0372103505292916e-06,4.428607915349806e-11,0.017367736325844225
1.0745035875532346e+16,4.0196020921625925e-15,4.019602092162593e-13,0.08622911363547014,5.856437446182351e-10,1.329506267697152,1.5801088377299037e-11,2.0372103505292916e-06,4.019602092162593e-11,0.015763732216961784
1.1838373510124974e+16,3.648370162397079e-15,3.648370162397079e-13,0.09500316857835818,5.887855604573133e-10,1.3922127865683096,1.325012534514531e-11,2.0372103505292916e-06,3.6483701623970793e-11,0.014307866537465864
1.3042961325458048e+16,3.311423503292121e-15,3.3114235032921206e-13,0.10467000830001824,5.919367648796764e-10,1.4578768754169245,1.1107235506365917e-11,2.0372103505292916e-06,3.311423503292121e-11,0.012986457904535034
1.4370119340456582e+16,3.0055956852115908e-15,3.005595685211591e-13,0.11532047616379944,5.950973578853248e-10,1.5266380290916906,9.30799880209948e-12,2.0372103505292916e-06,3.005595685211591e-11,0.011787088484830748
1.583231941782289e+16,2.7280127153720045e-15,2.7280127153720046e-13,0.1270546591008821,5.982673394742579e-10,1.5986423216099515,7.798400820321426e-12,2.0372103505292916e-06,2.7280127153720044e-11,0.010698487298889475
1.744330246738282e+16,2.476066029721965e-15,2.476066029721965e-13,0.13998282816932062,6.014467096464762e-10,1.674042716191148,6.531350780319351e-12,2.0372103505292916e-06,2.476066029721965e-11,0.009710424302981965
1.9218207575201024e+16,2.247387979167467e-15,2.2473879791674666e-13,0.15422647481760599,6.046354684019799e-10,1.7529993911392452,5.468390498891287e-12,2.0372103505292916e-06,2.2473879791674668e-11,0.00881361425308508
2.1173714271946944e+16,2.0398295797764395e-15,2.0398295797764395e-13,0.16991945259096056,6.078336157407682e-10,1.8356800791772743,4.577294623490982e-12,2.0372103505292916e-06,2.0398295797764396e-11,0.00799962944753408
2.3328199277468972e+16,1.8514403178717183e-15,1.851440317871718e-13,0.18720923500947403,6.110411516628419e-10,1.9222604244812713,3.830134418075372e-12,2.0372103505292916e-06,1.851440317871718e-11,0.007260820528360849
2.570190919456756e+16,1.680449820232844e-15,1.680449820232844e-13,0.20625830143885862,6.142580761682002e-10,2.012924355478619,3.2042195522691527e-12,2.0372103505292916e-06,1.680449820232844e-11,0.006590244597056647
2.831715077484857e+16,1.525251217153323e-15,1.5252512171533227e-13,0.22724566397747692,6.174843892568441e-10,2.1078644754729496,2.2344830311689172e-12,2.0372103505292916e-06,1.525251217153323e-11,0.005981599969230846
3.119850054465928e+16,1.384386042009495e-15,1.384386042009495e-13,0.25036854970839445,6.207200909287728e-10,2.207282472157013,1.8732780588873282e-12,2.0372103505292916e-06,1.384386042009495e-11,0.005429166955029673
3.4373035761057044e+16,1.256530525435433e-15,1.256530525435433e-13,0.2758442541253425,6.239651811839865e-10,2.3113895457144467,1.5701116165512695e-12,2.0372103505292916e-06,1.2565305254354328e-11,0.004927754108801781
3.78705888681933e+16,1.1404831553049058e-15,1.1404831553049057e-13,0.3039121831499538,6.272196600224853e-10,2.4204068577544793,1.3157365709965862e-12,2.0372103505292916e-06,1.1404831553049058e-11,0.00447264944289788
4.1724027845355336e+16,1.0351533856159066e-15,1.0351533856159066e-13,0.33483610293003485,6.304835274442692e-10,2.534566001013649,1.1022618903203832e-12,2.0372103505292916e-06,1.0351533856159066e-11,0.004059576147138316
4.5969565081205064e+16,9.395513881707519e-16,9.395513881707518e-14,0.3689066185611023,6.33756783449338e-10,2.654109491303203,9.232527032950421e-13,2.0372103505292916e-06,9.395513881707518e-12,0.003684652397827279
5.064709767684589e+16,8.527787507436437e-16,8.527787507436437e-14,0.40644390502485234,6.37039428037692e-10,2.7792912828352576,7.731009510104743e-13,2.0372103505292916e-06,8.527787507436437e-12,0.003344354878620715
5.580058237568046e+16,7.740200343227196e-16,7.740200343227196e-14,0.44780071600827276,6.403314612093311e-10,2.910377307579429,6.471469231770368e-13,2.0372103505292916e-06,7.740200343227197e-12,0.0030354856704391856
6.147844864343637e+16,7.02535110086307e-16,7.025351100863069e-14,0.4933656988785668,6.436328829642553e-10,3.047646040301319,5.415993473801075e-13,2.0372103505292916e-06,7.025351100863069e-12,0.0027551421992757646
6.7734053780251224e+16,6.37652204100691e-16,6.37652204100691e-14,0.543567046966138,6.469436933024644e-10,3.1913890900857704,4.531186929907764e-13,2.0372103505292916e-06,6.37652204100691e-12,0.0025006899594857113
7.462618434168539e+16,5.787615843776435e-16,5.787615843776436e-14,0.5988765234775842,6.502638922239585e-10,3.341911819844912,3.789793131018303e-13,2.0372103505292916e-06,5.787615843776436e-12,0.002269737756227803
8.221960858074315e+16,5.253098309661346e-16,5.253098309661346e-14,0.6598138948532387,6.535934797287379e-10,3.4995339950187776,3.1690302518688993e-13,2.0372103505292916e-06,5.253098309661346e-12,0.002060115234399337
9.058568510241323e+16,4.767946352320663e-16,4.767946352320662e-14,0.726951815231228,6.569324558168019e-10,3.664590462867121,2.2002102905994999e-13,2.0372103505292916e-06,4.767946352320662e-12,0.0018698524828955235
9.980303345053294e+16,4.327600794524878e-16,4.327600794524878e-14,0.8009212079195842,6.602808204881514e-10,3.8374318638119265,1.8436435211952162e-13,2.0372103505292916e-06,4.3276007945248785e-12,0.0016971615225251943
1.099582729287408e+17,3.927923523648103e-16,3.927923523648103e-14,0.8824171944481927,6.636385737427857e-10,4.018425376326023,1.5444301145433273e-13,2.0372103505292916e-06,3.927923523648102e-12,0.0015404195036175991
1.2114683659855213e+17,3.565158604080969e-16,3.565158604080969e-14,0.9722056269185546,6.670057155807053e-10,4.207955496954839,1.2935282222088296e-13,2.0372103505292916e-06,3.5651586040809684e-12,0.0013981534554205913
1.3347386810401629e+17,3.2358969811224274e-16,3.235896981122427e-14,1.0711302850384168,6.703822460019099e-10,4.406424857127823,1.0832177687100293e-13,2.0372103505292916e-06,3.2358969811224272e-12,0.0012690264439743364
1.4705520975081942e+17,2.937044444657036e-16,2.9370444446570354e-14,1.180120805475028,6.737681650063992e-10,4.61425507849526,9.069011402061109e-14,2.0372103505292916e-06,2.9370444446570356e-12,0.0011518250083798584
1.620184911252074e+17,2.665792551559701e-16,2.665792551559701e-14,1.300201418042335,6.77163472594174e-10,4.831887668607102,7.591076986547915e-14,2.0372103505292916e-06,2.6657925515597015e-12,0.001045447757396047
1.7850432848294528e+17,2.4195922335731193e-16,2.4195922335731192e-14,1.4325005708197869,6.805681687652337e-10,5.059784958836745,6.352747724403653e-14,2.0372103505292916e-06,2.4195922335731195e-12,0.0009488950192024199
1.9666764617949248e+17,2.1961298426398542e-16,2.196129842639854e-14,1.5782615346541788,6.839822535195786e-10,5.298431086542404,5.3147040886363074e-14,2.0372103505292916e-06,2.1961298426398545e-12,0.0008612594470620238
2.1667913255939386e+17,1.9933054085774932e-16,1.993305408577493e-14,1.7388540866992124,6.87405726857208e-10,5.548333023552117,4.445287088661103e-14,2.0372103505292916e-06,1.993305408577493e-12,0.0007817174926021554
2.3872684398654016e+17,1.8092129047744254e-16,1.8092129047744254e-14,1.9157873827883016,6.908385887781232e-10,5.810021653157863,3.7169747127340334e-14,2.0372103505292916e-06,1.8092129047744253e-12,0.0007095216665834592
2.6301797208899094e+17,1.6421223364553406e-16,1.6421223364553405e-14,2.1107241396072935,6.942808392823229e-10,6.084052897906029,3.107102467688075e-14,2.0372103505292916e-06,1.6421223364553406e-12,0.0006439935144288537
2.8978079082596243e+17,1.4904634831917342e-16,1.4904634831917344e-14,2.3254962599434177,6.97732478369808e-10,6.3710089005807955,2.1444469872933966e-14,2.0372103505292916e-06,1.4904634831917345e-12,0.0005845172405001385
3.1926680167432685e+17,1.3528111428794705e-16,1.3528111428794704e-14,2.5621220478470206,7.01193506040578e-10,6.6714992608885675,1.796276269747651e-14,2.0372103505292916e-06,1.3528111428794704e-12,0.000530533921207129
3.5175309709391034e+17,1.2278717385143862e-16,1.227871738514386e-14,2.822825175484734,7.046639222946332e-10,6.9861623304713145,1.5042810270725268e-14,2.0372103505292916e-06,1.227871738514386e-12,0.00048153625256728926
3.875449644819941e+17,1.1144711619045857e-16,1.1144711619045856e-14,3.1100555799229923,7.081437271319733e-10,7.315666568999186,1.2593991355856237e-14,2.0372103505292916e-06,1.1144711619045857e-12,0.00043706378285663196
4.26978755087559e+17,1.0115437400812825e-16,1.0115437400812825e-14,3.4265124862184426,7.116329205525985e-10,7.660711964224021,1.0541653912600854e-14,2.0372103505292916e-06,1.0115437400812824e-12,0.0003966985855509483
4.704250448455792e+17,9.181222207212556e-17,9.181222207212555e-15,3.7751697731721983,7.151315025565085e-10,8.02203151900964,8.822849787257446e-15,2.0372103505292916e-06,9.181222207212554e-13,0.0003600613318943093
5.182921168351431e+17,8.333286824694255e-17,8.333286824694255e-15,4.159303920121321,7.186394731437038e-10,8.400392808498715,7.382724853914073e-15,2.0372103505292916e-06,8.333286824694255e-13,0.00032680772618699875
5.710297980874602e+17,7.563662847422322e-17,7.563662847422323e-15,4.58252479739475,7.221568323141843e-10,8.79659961072358,6.176528793854463e-15,2.0372103505292916e-06,7.563662847422324e-13,0.0002966252702938569
6.291336867998717e+17,6.865117794811546e-17,6.865117794811546e-15,5.048809589784707,7.256835800679493e-10,9.211493614125244,5.166541522752412e-15,2.0372103505292916e-06,6.865117794811546e-13,0.00026923032696772446
6.931498096808233e+17,6.23108714486124e-17,6.23108714486124e-15,5.5625401718271155,7.292197164050001e-10,9.645956205608263,4.320846676829701e-15,2.0372103505292916e-06,6.231087144861241e-13,0.0002443654543907834
7.636797531927293e+17,5.655612644578245e-17,5.655612644578245e-15,6.12854428612144,7.327652413253355e-10,10.10091034292928,3.612666346164344e-15,2.0372103505292916e-06,5.655612644578246e-13,0.00022179698688540802
8.41386316913314e+17,5.1332863177642774e-17,5.1332863177642776e-15,6.752140911661067,7.363201548289562e-10,10.5773225153978,3.019702868679771e-15,2.0372103505292916e-06,5.133286317764278e-13,0.00020131283905938584
9.269997421422884e+17,4.6591996439867875e-17,4.659199643986787e-15,7.4391902485182415,7.398844569158618e-10,11.076204797053366,2.5235050020111985e-15,2.0372103505292916e-06,4.659199643986788e-13,0.0001827205127501971
1.0213245742863799e+18,4.2288974311452557e-17,4.228897431145256e-15,8.196148788612138,7.434581475860527e-10,11.598616996681995,1.7321887713480306e-15,2.0372103505292916e-06,4.2288974311452554e-13,0.00016584528803871183
1.1252472235112403e+18,3.838335948155351e-17,3.838335948155351e-15,9.030129990081662,7.470412268395281e-10,12.145668909238097,1.4504447753311106e-15,2.0372103505292916e-06,3.838335948155352e-13,0.00015052858133255144
1.239744294711085e+18,3.483844924304918e-17,3.483844924304918e-15,9.948971125447418,7.506336946762891e-10,12.71852267345602,1.2141544132198898e-15,2.0372103505292916e-06,3.4838449243049177e-13,0.00013662645508928344
1.3658917650760328e+18,3.162093058174907e-17,3.1620930581749067e-15,10.961306931761072,7.542355510963347e-10,13.318395240658186,1.0161374510001497e-15,2.0372103505292916e-06,3.162093058174907e-13,0.00012400826517473785
1.5048750955029005e+18,2.8700567119969783e-17,2.8700567119969782e-15,12.076650754865874,7.578467960996657e-10,13.946560960006021,8.501278374269262e-16,2.0372103505292916e-06,2.8700567119969784e-13,0.00011255543314505796
1.658000370870395e+18,2.604991497256314e-17,2.604991497256314e-15,13.305483950313176,7.614674296862819e-10,14.604354285684433,7.111829689414476e-16,2.0372103505292916e-06,2.604991497256314e-13,0.0001021603319151368
1.8267065738686403e+18,2.3644064845171905e-17,2.3644064845171906e-15,14.659354381073713,7.650974518561825e-10,15.293172611771354,5.948525567949488e-16,2.0372103505292916e-06,2.3644064845171906e-13,9.272527434158113e-05
2.0125791077255273e+18,2.146040795110064e-17,2.1460407951100638e-15,16.15098493766915,7.687368626093688e-10,16.014479240815206,4.974687511793684e-16,2.0372103505292916e-06,2.1460407951100642e-13,8.416159521548581e-05
2.2173646949083139e+18,1.9478423547028577e-17,1.9478423547028575e-15,17.794393100530783,7.723856619458399e-10,16.769806492425342,4.1594168479650377e-16,2.0372103505292916e-06,1.9478423547028578e-13,7.638881803813658e-05
2.442987791810272e+18,1.7679486090942458e-17,1.7679486090942456e-15,19.60502266816653,7.760438498655961e-10,17.560758958480857,3.477521562371255e-16,2.0372103505292916e-06,1.7679486090942455e-13,6.933389874945964e-05
2.6915686736776356e+18,1.6046690210076662e-17,1.604669021007666e-15,21.599888889037505,7.797114263686371e-10,18.38901691187131,2.9068774082252437e-16,2.0372103505292916e-06,1.604669021007666e-13,6.293053930223665e-05
2.965443359729023e+18,1.456469183400577e-17,1.456469183400577e-15,23.797738361013675,7.833883914549635e-10,19.256339876012564,2.429337308424776e-16,2.0372103505292916e-06,1.456469183400577e-13,5.711856463143414e-05
3.267185565711527e+18,1.3219563999954763e-17,1.3219563999954762e-15,26.21922520104656,7.870747451245747e-10,20.16457036271879,2.0298030197187142e-16,2.0372103505292916e-06,1.3219563999954762e-13,5.18433571637831e-05
3.5996308901914957e+18,1.1998665975264549e-17,1.1998665975264548e-15,28.88710514060457,7.907704873774715e-10,21.115637786373384,1.6957219729305576e-16,2.0372103505292916e-06,1.1998665975264548e-13,4.705534355344099e-05
3.96590346186806e+18,1.0890524467105356e-17,1.0890524467105354e-15,31.826449370861933,7.944756182136528e-10,22.111562562711427,1.158111896599774e-16,2.0372103505292916e-06,1.0890524467105355e-13,4.270952882039026e-05
4.369445298326226e+18,9.884725803112065e-18,9.884725803112064e-16,35.064880147240665,7.98190137633119e-10,23.15446040092383,9.693803843575315e-17,2.0372103505292916e-06,9.884725803112064e-14,3.8765073513661656e-05
4.81404865212538e+18,8.971818069720467e-18,8.971818069720465e-16,38.63283036737512,8.019140456358707e-10,24.24654679819863,8.111124455663735e-17,2.0372103505292916e-06,8.971818069720467e-14,3.518490992581849e-05
5.303891648193305e+18,8.14322228855566e-18,8.14322228855566e-16,42.5638295618648,8.056473422219074e-10,25.39014174624864,6.785755179406805e-17,2.0372103505292916e-06,8.143222288555661e-14,3.193539375210219e-05
5.843577547425727e+18,7.391151796159319e-18,7.391151796159319e-16,46.894818985394096,8.093900273912292e-10,26.587674659824753,5.674682725847372e-17,2.0372103505292916e-06,7.391151796159319e-14,2.8985987920731405e-05
6.438178005466914e+18,6.7085390694350065e-18,6.708539069435006e-16,51.666498769254844,8.131421011438359e-10,27.841689537682278,4.744763251368816e-17,2.0372103505292916e-06,6.708539069435006e-14,2.63089756231826e-05
7.093280733193709e+18,6.08896930915711e-18,6.08896930915711e-16,56.923710397621,8.169035634797275e-10,29.15485036696741,3.966503511426853e-17,2.0372103505292916e-06,6.088969309157109e-14,2.387919984766713e-05
7.815042006787088e+18,5.526620157401877e-18,5.526620157401876e-16,62.71585810185393,8.206744143989042e-10,30.52994678250138,3.315507442002021e-17,2.0372103505292916e-06,5.5266201574018774e-14,2.1673826968100393e-05
8.610244520852159e+18,5.0162069823979086e-18,5.016206982397908e-16,69.0973731328711,8.244546539013664e-10,31.96989999298794,2.7708136497342848e-17,2.0372103505292916e-06,5.0162069823979084e-14,1.9672132166901064e-05
9.486361128254863e+18,4.552933216616584e-18,4.552933216616583e-16,76.12822527452649,8.282442819871132e-10,33.477768986730204,2.3154462551341584e-17,2.0372103505292916e-06,4.552933216616584e-14,1.7855304675155182e-05
1.0451625065667633e+19,4.1324452814068656e-18,4.1324452814068656e-16,83.87448640492623,8.320432986561454e-10,35.05675703004387,1.934820534682458e-17,2.0372103505292916e-06,4.132445281406866e-14,1.6206270999898287e-05
1.15151073247605e+19,3.750791674583915e-18,3.7507916745839146e-16,92.40895140168288,8.358517039084621e-10,36.710218472167504,1.6164405453834072e-17,2.0372103505292916e-06,3.7507916745839144e-14,1.4709534477314336e-05
1.2686801896130204e+19,3.4043858364988122e-18,3.404385836498812e-16,101.81182222603887,8.396694977440643e-10,38.44166587113097,1.3502051394253676e-17,2.0372103505292916e-06,3.404385836498812e-14,1.3351029644059092e-05
1.3977719687037247e+19,3.089972445627629e-18,3.0899724456276284e-16,112.17146161446102,8.434966801629517e-10,40.25477745571444,1.1276428174522765e-17,2.0372103505292916e-06,3.089972445627629e-14,1.2117990058179657e-05
1.5399991995538555e+19,2.804596826944098e-18,2.8045968269440977e-16,123.58522346048792,8.473332511651238e-10,42.153404939355404,9.416591764578902e-18,2.0372103505292916e-06,2.8045968269440975e-14,1.0998828327482904e-05
1.6966984513403318e+19,2.5455771855943378e-18,2.545577185594338e-16,136.1603676902598,8.511792107505813e-10,44.14158170259913,6.400128715328616e-18,2.0372103505292916e-06,2.5455771855943378e-14,9.983027217932197e-06
1.869342292914603e+19,2.310479404941437e-18,2.310479404941437e-16,150.0150682292046,8.550345589193231e-10,46.22353136147643,5.35511008207745e-18,2.0372103505292916e-06,2.310479404941437e-14,9.061040818770864e-06
2.059553131152305e+19,2.097094172146315e-18,2.0970941721463146e-16,165.2795235321835,8.588992956713508e-10,48.40367674001298,4.479043259932294e-18,2.0372103505292916e-06,2.0970941721463146e-14,8.224204835578652e-06
2.2691184573937283e+19,1.903416216324825e-18,1.903416216324825e-16,182.09718011318657,8.627734210066631e-10,50.68664926592728,3.745632375928271e-18,2.0372103505292916e-06,1.903416216324825e-14,7.464655168249286e-06
2.500007645252716e+19,1.7276254641727684e-18,1.7276254641727683e-16,200.62608057263498,8.666569349252608e-10,53.07729880948131,3.1310759847197785e-18,2.0372103505292916e-06,1.7276254641727683e-14,6.775254008729932e-06
2.7543904576496484e+19,1.5680699359707734e-18,1.5680699359707734e-16,221.04034879023533,8.705498374271433e-10,55.58070398638115,2.6166793896633603e-18,2.0372103505292916e-06,1.5680699359707736e-14,6.149522764033783e-06
3.034657436987395e+19,1.423250221235147e-18,1.4232502212351467e-16,243.5318262404092,8.744521285123108e-10,58.20218294661927,2.1864007984307735e-18,2.0372103505292916e-06,1.423250221235147e-14,5.581581174173333e-06
3.3434423700847067e+19,1.2918053881263007e-18,1.2918053881263007e-16,268.3118748073946,8.783638081807634e-10,60.94730467217233,1.826636306899408e-18,2.0372103505292916e-06,1.2918053881263009e-14,5.066092052881656e-06
3.6836470389801538e+19,1.1725001941991065e-18,1.1725001941991064e-16,295.6133630418855,8.822848764325014e-10,63.82190080756144,1.5257407432313387e-18,2.0372103505292916e-06,1.1725001941991063e-14,4.598211131825325e-06
4.058468490199627e+19,1.0642134783095846e-18,1.0642134783095846e-16,325.692854524844,8.86215333267524e-10,66.83207804840039,1.2742886375937437e-18,2.0372103505292916e-06,1.0642134783095845e-14,4.17354153697539e-06
4.471429078748935e+19,9.659276245914723e-19,9.659276245914721e-17,358.83301890351777,8.901551786858318e-10,69.98423111425672,1.0642686285678404e-18,2.0372103505292916e-06,9.659276245914724e-15,3.78809246933043e-06
4.926409569166874e+19,8.767189994914716e-19,8.767189994914715e-17,395.3452882571338,8.941044126874248e-10,73.28505633337855,8.88722958119576e-19,2.0372103505292916e-06,8.767189994914715e-15,3.4382417016980648e-06
5.427685604703615e+19,7.957492719958383e-19,7.957492719958383e-17,435.57278375527625,8.980630352723025e-10,76.74156586814917,7.420351043129822e-19,2.0372103505292916e-06,7.957492719958383e-15,3.120701539100821e-06
5.9799678873409585e+19,7.222575354807979e-19,7.222575354807978e-17,479.89354011201834,9.020310464404657e-10,80.36110261149135,6.194970524842669e-19,2.0372103505292916e-06,7.222575354807978e-15,2.832487922921881e-06
6.588446446242074e+19,6.555531571526569e-19,6.555531571526568e-17,528.7240581372845,9.060084461919137e-10,84.15135578586055,5.171732801708746e-19,2.0372103505292916e-06,6.555531571526569e-15,2.570892388449961e-06
7.2588394106413335e+19,5.950092878805807e-19,5.950092878805806e-17,582.5232187703704,9.099952345266468e-10,88.12037727797356,3.4898730623457777e-19,2.0372103505292916e-06,5.950092878805807e-15,2.3334566122957415e-06
7.9974467455121e+19,5.400569714314028e-19,5.400569714314028e-17,641.7965953773216,9.139914114446647e-10,92.27659874396423,2.919637861682336e-19,2.0372103505292916e-06,5.400569714314028e-15,2.1179493104920122e-06
8.811209454990772e+19,4.901797977482896e-19,4.901797977482896e-17,707.101204836774,9.179969769459681e-10,96.62884952131323,2.44199809802273e-19,2.0372103505292916e-06,4.901797977482897e-15,1.92234527017854e-06
9.707774809914884e+19,4.449090500280221e-19,4.4490905002802207e-17,779.0507420620711,9.220119310305563e-10,101.18637538559418,2.0417260761556855e-19,2.0372103505292916e-06,4.449090500280221e-15,1.7448063178241825e-06
1.06955682124478e+20,4.038192999917977e-19,4.038192999917977e-17,858.3213471508219,9.2603627369843e-10,105.9588581918917,1.7067381200399799e-19,2.0372103505292916e-06,4.038192999917977e-15,1.5836640451360787e-06
1.1783872373129947e+20,3.665244099565881e-19,3.665244099565881e-17,945.6579593580536,9.300700049495882e-10,110.95643644260659,1.4262185157409172e-19,2.0372103505292916e-06,3.665244099565881e-15,1.437404130324516e-06
1.2982914544419106e+20,3.326739041367111e-19,3.3267390413671107e-17,1041.8813176041156,9.341131247840314e-10,116.18972682535326,1.1914220859366393e-19,2.0372103505292916e-06,3.3267390413671112e-15,1.3046521073833199e-06
1.4303962630487985e+20,3.019496750753079e-19,3.019496750753079e-17,1147.8956733038913,9.3816563320176e-10,121.66984676669355,9.950635142622412e-20,2.0372103505292916e-06,3.0194967507530794e-15,1.1841604496540892e-06
1.5759431076464014e+20,2.7406299425462993e-19,2.7406299425462993e-17,1264.697287998072,9.422275302027735e-10,127.40843804962323,8.309064475975747e-20,2.0372103505292916e-06,2.7406299425462996e-15,1.0747968462929062e-06
1.7362997532198443e+20,2.4875179879256292e-19,2.487517987925629e-17,1393.3837956424236,9.462988157870722e-10,133.4176915449889,6.937065055103125e-20,2.0372103505292916e-06,2.487517987925629e-15,9.75533561468478e-07
1.9129731386900398e+20,2.2577822872739335e-19,2.2577822872739335e-17,1535.1645175361782,9.503794899546556e-10,139.71037310936117,5.790474881131137e-20,2.0372103505292916e-06,2.2577822872739335e-15,8.854377762958462e-07
2.107623538253362e+20,2.049263917475754e-19,2.0492639174757536e-17,1691.3718268235828,9.544695527055243e-10,146.29985070439577,4.833237599878956e-20,2.0372103505292916e-06,2.0492639174757537e-15,8.036628227444746e-07
2.322080163677269e+20,1.860003343607854e-19,1.860003343607854e-17,1863.4736693652799,9.58569004039678e-10,153.20012279527958,4.033964887842129e-20,2.0372103505292916e-06,1.8600033436078542e-15,7.294402271423077e-07
2.5583583541736417e+20,1.6882220043643065e-19,1.6882220043643064e-17,2053.087358643777,9.62677843957117e-10,160.42584808860425,3.3662544044436174e-20,2.0372103505292916e-06,1.6882220043643064e-15,6.620724885050372e-07
2.8186785153898263e+20,1.5323055981671114e-19,1.5323055981671114e-17,2261.994774339141,9.667960724578411e-10,167.99237667282637,2.8091615516739896e-20,2.0372103505292916e-06,1.5323055981671117e-15,6.009265238257003e-07
3.105486985495627e+20,1.3907889128944075e-19,1.3907889128944073e-17,2492.159107402786,9.709236895418498e-10,175.91578262748544,2.3441261182241048e-20,2.0372103505292916e-06,1.3907889128944074e-15,5.454277187270405e-07
3.421479024453012e+20,1.2623420566652984e-19,1.2623420566652983e-17,2745.743308989365,9.750606952091436e-10,184.21289817043456,1.569670821822124e-20,2.0372103505292916e-06,1.2623420566652983e-15,4.950545275682884e-07
