E_prime_GeV_total,rate_acc,rate_acc_2,rate_sync,rate_Hep,rate_pg,rate_photodisintegration,t_ad_val,Shear,ESC
11.259660330599557,22.817831610649673,2281.7831610649673,3.1973398091766355e-15,2.0995090903254714e-09,9.6024468072301e-13,9.036629285523899e-14,1.0206423856151752e-05,1.009781934062224e-11,3565126170873.0117
11.259660330599557,22.817831610649673,2281.7831610649673,3.1973398091766355e-15,2.0995090903254714e-09,9.6024468072301e-13,9.036629285523899e-14,1.0206423856151752e-05,1.009781934062224e-11,3565126170873.0117
11.259660330599557,22.817831610649673,2281.7831610649673,3.1973398091766355e-15,2.0995090903254714e-09,9.6024468072301e-13,9.036629285523899e-14,1.0206423856151752e-05,1.009781934062224e-11,3565126170873.0117
11.259660330599557,22.817831610649673,2281.7831610649673,3.1973398091766355e-15,2.0995090903254714e-09,9.6024468072301e-13,9.036629285523899e-14,1.0206423856151752e-05,1.009781934062224e-11,3565126170873.0117
11.259660330599557,22.817831610649673,2281.7831610649673,3.1973398091766355e-15,2.0995090903254714e-09,9.6024468072301e-13,9.036629285523899e-14,1.0206423856151752e-05,1.009781934062224e-11,3565126170873.0117
11.259660330599557,22.817831610649673,2281.7831610649673,3.1973398091766355e-15,2.0995090903254714e-09,9.6024468072301e-13,9.036629285523899e-14,1.0206423856151752e-05,1.009781934062224e-11,3565126170873.0117
11.259660330599557,22.817831610649673,2281.7831610649673,3.1973398091766355e-15,2.0995090903254714e-09,9.6024468072301e-13,9.036629285523899e-14,1.0206423856151752e-05,1.009781934062224e-11,3565126170873.0117
11.259660330599557,22.817831610649673,2281.7831610649673,3.1973398091766355e-15,2.0995090903254714e-09,9.6024468072301e-13,9.036629285523899e-14,1.0206423856151752e-05,1.009781934062224e-11,3565126170873.0117
11.259660330599557,22.817831610649673,2281.7831610649673,3.1973398091766355e-15,2.0995090903254714e-09,9.6024468072301e-13,9.036629285523899e-14,1.0206423856151752e-05,1.009781934062224e-11,3565126170873.0117
11.259660330599557,22.817831610649673,2281.7831610649673,3.1973398091766355e-15,2.0995090903254714e-09,9.6024468072301e-13,9.036629285523899e-14,1.0206423856151752e-05,1.009781934062224e-11,3565126170873.0117
11.259660330599557,22.817831610649673,2281.7831610649673,3.1973398091766355e-15,2.0995090903254714e-09,9.6024468072301e-13,9.036629285523899e-14,1.0206423856151752e-05,1.009781934062224e-11,3565126170873.0117
11.259660330599557,22.817831610649673,2281.7831610649673,3.1973398091766355e-15,2.0995090903254714e-09,9.6024468072301e-13,9.036629285523899e-14,1.0206423856151752e-05,1.009781934062224e-11,3565126170873.0117
11.259660330599557,22.817831610649673,2281.7831610649673,3.1973398091766355e-15,2.0995090903254714e-09,9.6024468072301e-13,9.036629285523899e-14,1.0206423856151752e-05,1.009781934062224e-11,3565126170873.0117
11.259660330599557,22.817831610649673,2281.7831610649673,3.1973398091766355e-15,2.0995090903254714e-09,9.6024468072301e-13,9.036629285523899e-14,1.0206423856151752e-05,1.009781934062224e-11,3565126170873.0117
9.002376002113031,28.53924712280718,2853.924712280718,2.5563519967391167e-15,1.8978319831683677e-09,6.778052997052373e-13,6.489289649661162e-14,1.0206423856151752e-05,8.0734554894739e-12,4459057221153.506
7.377006519065004,34.82727482383954,3482.727482383953,2.0948053425609993e-15,1.4973616954568335e-09,4.945364886386178e-13,4.911386445479895e-14,1.0206423856151752e-05,6.615801624287932e-12,5441517452372.936
6.561880789040202,39.153566130894646,3915.3566130894646,1.8633388622614384e-15,1.1087933908306308e-09,4.101239173877945e-13,4.193364749893065e-14,1.0206423856151752e-05,5.884785579397618e-12,6117470129418.896
6.039965397430348,42.5368386259361,4253.68386259361,1.7151336047652435e-15,7.605203027598953e-10,3.5886479250693675e-13,3.740192603846215e-14,1.0206423856151752e-05,5.416724627217385e-12,6646082730347.969
5.68669703784298,45.17930737421268,4517.930737421268,1.6148180573804253e-15,4.850136305458889e-10,3.2554791684094497e-13,3.448814450793602e-14,1.0206423856151752e-05,5.09990866926377e-12,7058949940999.043
5.450178542711941,47.13992971116355,4713.992971116355,1.5476552853353513e-15,2.960390869120368e-10,3.039246023997853e-13,3.2664838632020946e-14,1.0206423856151752e-05,4.887795606842295e-12,7365283431574.872
5.303842240240531,48.44054965803079,4844.054965803079,1.5061010224462647e-15,1.8642099364828586e-10,2.9079579528491615e-13,3.151050100203222e-14,1.0206423856151752e-05,4.756559183900195e-12,7568496177205.431
5.23260796367478,49.099996636534,4909.9996636534,1.4858730420672647e-15,1.377741981309266e-10,2.844961093741239e-13,3.094337393991339e-14,1.0206423856151752e-05,4.692675298019014e-12,7671530142986.282
5.227502362892653,49.14795165669992,4914.795165669992,1.4844232345108062e-15,1.3445106449049753e-10,2.8406437775102617e-13,3.0902587105339974e-14,1.0206423856151752e-05,4.688096524520568e-12,7679022778585.296
5.283187259108811,48.629931292662754,4862.993129266275,1.5002357484068014e-15,1.71910739699476e-10,2.889727514761539e-13,3.134588411880985e-14,1.0206423856151752e-05,4.73803551073172e-12,7598085729509.515
5.396692538372284,47.60712817896118,4760.7128178961175,1.532467177889141e-15,2.548389556312507e-10,2.9910235510741695e-13,3.224607999285847e-14,1.0206423856151752e-05,4.839828617322564e-12,7438279915770.141
5.566715897607109,46.153070884607565,4615.307088460756,1.580747715579437e-15,3.884303371509067e-10,3.1450474049217747e-13,3.3566086999886095e-14,1.0206423856151752e-05,4.992307920856543e-12,7211093660629.69
5.7932160348141855,44.34860220519523,4434.860220519522,1.6450656331908642e-15,5.702743079245102e-10,3.3547057834488814e-13,3.533429719526653e-14,1.0206423856151752e-05,5.1954363811287914e-12,6929158083960.299
6.077169661395446,42.27642928068891,4227.642928068891,1.7256982817407513e-15,7.879695455352875e-10,3.6243778466391646e-13,3.772353157816641e-14,1.0206423856151752e-05,5.450089926452871e-12,6605395596367.745
6.420425950410127,40.01619758581921,4001.6197585819205,1.8231707600742467e-15,1.0224775537893735e-09,3.9597216907078514e-13,4.071383280424644e-14,1.0206423856151752e-05,5.757926920840968e-12,6252250244736.009
6.825622297518961,37.640675416528794,3764.0675416528793,1.938231993992929e-15,1.2538862262142459e-09,4.3694403936194187e-13,4.415913975034095e-14,1.0206423856151752e-05,6.121312617251864e-12,5881091564992.157
7.296140779554359,35.2132779752127,3521.3277975212695,2.071842372049958e-15,1.466193811740669e-09,4.859573681284303e-13,4.8340698217624755e-14,1.0206423856151752e-05,6.5432801090335894e-12,5501827737788.384
7.836093108910487,32.78687859446,3278.6878594459995,2.225169473136326e-15,1.6495418500155928e-09,5.443222052909375e-13,5.352707091806467e-14,1.0206423856151752e-05,7.027516836812038e-12,5122719850548.383
8.45032667472491,30.403680627541714,3040.368062754171,2.3995897819598335e-15,1.8000951449646955e-09,6.134095911726712e-13,5.929604526704051e-14,1.0206423856151752e-05,7.578370006306358e-12,4750361881254.481
9.144447112656906,28.09585207848446,2809.585207848446,2.5966950980528734e-15,1.9185838709161678e-09,6.947063417061945e-13,6.644613338461795e-14,1.0206423856151752e-05,8.200866829218747e-12,4389779854946.0815
9.924854609358636,25.886629429762042,2588.662942976204,2.818302844940516e-15,2.008500267914621e-09,7.896252032338646e-13,7.512326623175035e-14,1.0206423856151752e-05,8.900747081587045e-12,4044604309055.486
10.7987922819404,23.791645094090782,2379.164509409078,3.066469808173949e-15,2.0745553867896805e-09,9.002027009392649e-13,8.468961548944093e-14,1.0206423856151752e-05,9.684506491159272e-12,3717277698441.676
11.774405730439957,21.820297287065948,2182.0297287065946,3.343509046096469e-15,2.1216160740761778e-09,1.0288203136531237e-12,9.70433609729315e-14,1.0206423856151752e-05,1.0559450144872971e-11,3409268428383.027
12.860813388551875,19.977043881643787,1997.7043881643785,3.652009866928124e-15,2.1541024159366463e-09,1.178230613103701e-12,1.1099479590747763e-13,1.0206423856151752e-05,1.1533755580363712e-11,3121273010266.51
14.068187681537712,18.262553729923667,1826.2553729923668,3.994860874702224e-15,2.175727657467283e-09,1.3506109646528583e-12,1.2733817428953498e-13,1.0206423856151752e-05,1.2616545569503047e-11,2853395947542.0815
15.407847293595376,16.674687159154793,1667.4687159154792,4.375276169889909e-15,2.1894521068176333e-09,1.5490604285014764e-12,1.4834530162055964e-13,1.0206423856151752e-05,1.381797086505333e-11,2605302931347.66
16.892361083648005,15.209302722366928,1520.9302722366926,4.796824857758206e-15,2.1975496179173425e-09,1.7781004854086543e-12,1.7128705028964396e-13,1.0206423856151752e-05,1.5149303393786516e-11,2376346889637.539
18.53566439036909,13.860902312745036,1386.0902312745036,5.2634640748269466e-15,2.2017196649344982e-09,2.0418245810902163e-12,2.009235556963858e-13,1.0206423856151752e-05,1.662304056044162e-11,2165668781779.3306
20.35318864891637,12.623134283699157,1262.3134283699155,5.779575795373673e-15,2.2032066280180438e-09,2.3443356771730964e-12,2.358946566065078e-13,1.0206423856151752e-05,1.8253021489806968e-11,1972276207536.5703
22.362005413427422,11.489176782975946,1148.9176782975944,6.350007728658341e-15,2.202907536084046e-09,2.6899622859785423e-12,2.7444872999235733e-13,1.0206423856151752e-05,2.0054556188089095e-11,1795103300335.3777
24.580986048087524,10.452023076459213,1045.202307645921,6.980118665460731e-15,2.2014613122332257e-09,3.0864464600466986e-12,3.262447334055565e-13,1.0206423856151752e-05,2.2044568756074247e-11,1633055307107.3535
27.03097852096265,9.504688600802567,950.4688600802566,7.675828681189921e-15,2.1993188441844987e-09,3.5393846286213435e-12,3.853326364288401e-13,1.0206423856151752e-05,2.4241755940286582e-11,1485040938811.3994
29.735002913060246,8.640356759604941,864.0356759604941,8.443674653447408e-15,2.196796053712158e-09,4.056556724632378e-12,4.5322896232373953e-13,1.0206423856151752e-05,2.6666762468221823e-11,1349995150063.6938
32.71846744377385,7.852477621644332,785.2477621644331,9.290871605507609e-15,2.1941130787195745e-09,4.644096597251492e-12,5.423347718310687e-13,1.0206423856151752e-05,2.934237478295815e-11,1226894560044.5593
36.00940701607062,7.134830998524124,713.4830998524124,1.0225380444597866e-14,2.1914226680738868e-09,5.3138439448767605e-12,6.406766433388197e-13,1.0206423856151752e-05,3.229373497378443e-11,1114767307938.3435
39.63874650332671,6.481563018022541,648.1563018022541,1.125598272591932e-14,2.1888304745683837e-09,6.076890412698667e-12,7.569305620202229e-13,1.0206423856151752e-05,3.554857689548093e-11,1012698767262.789
43.64059123732531,5.887203315361847,588.7203315361846,1.2392363140822681e-14,2.1864094054561932e-09,6.94491507900577e-12,9.075714119409233e-13,1.0206423856151752e-05,3.913748668197949e-11,919834231884.2839
48.05254741633067,5.346668329375979,534.6668329375979,1.364520050121271e-14,2.184209689097677e-09,7.926659436122382e-12,1.0755538658044438e-12,1.0206423856151752e-05,4.3094190092762217e-11,835379431020.9418
52.91607543611734,4.855254878584096,485.5254878584095,1.502626807289157e-14,2.1822658929030626e-09,9.039039433164354e-12,1.2710193772067602e-12,1.0206423856151752e-05,4.745586938502244e-11,758599525549.1404
58.276879458301956,4.408627157199861,440.86271571998606,1.654854419899674e-14,2.1806017926791053e-09,1.030198546479262e-11,1.5208926250719422e-12,1.0206423856151752e-05,5.2263512683940564e-11,688817076221.1704
64.18533687240357,4.002799485612667,400.2799485612667,1.8226334251827397e-14,2.1792337389920426e-09,1.1732628471942053e-11,1.80458934505821e-12,1.0206423856151752e-05,5.756229913020819e-11,625409348548.8928
70.69697168410599,3.634116529979931,363.4116529979931,2.0075405058137233e-14,2.1781729781692464e-09,1.3354610378746885e-11,2.1251971694074212e-12,1.0206423856151752e-05,6.340202342117857e-11,567805222253.7539
77.87297627583945,3.299232233100663,329.92322331006625,2.2113133060431413e-14,2.177427249413332e-09,1.5177595777070548e-11,2.528674566324056e-12,1.0206423856151752e-05,6.983756373298313e-11,515481899363.534
85.78078644101417,2.9950883417628784,299.50883417628785,2.4358667606070635e-14,2.1770018823143036e-09,1.7239788435933053e-11,3.0036468774090446e-12,1.0206423856151752e-05,7.692939741919685e-11,467961549260.967
94.49471509434736,2.718893148259269,271.8893148259269,2.68331108982817e-14,2.176900550415254e-09,1.9569313545028315e-11,3.5328172998182585e-12,1.0206423856151752e-05,8.474416933103703e-11,424807987194.645
104.09665061247894,2.468100864966096,246.81008649660959,2.955971629985285e-14,2.1771257884206615e-09,2.2202198211948725e-11,4.165016345142311e-12,1.0206423856151752e-05,9.335531809889989e-11,385623451701.61475
114.6768263667012,2.240391904421721,224.03919044217207,3.2564106852836705e-14,2.177679347183474e-09,2.5177352065139275e-11,4.9306369413547165e-12,1.0206423856151752e-05,1.0284376625997147e-10,350045523507.94073
126.33466867883976,2.033654230493623,203.3654230493623,3.5874516067616244e-14,2.178562437437864e-09,2.8514755667623193e-11,5.796595619340789e-12,1.0206423856151752e-05,1.1329868071680652e-10,317744211779.33307
139.17973116845,1.8459658691665368,184.59658691665368,3.952205324400684e-14,2.1797758972573653e-09,3.227938157828981e-11,6.7913215296074585e-12,1.0206423856151752e-05,1.2481831067283562e-10,288419221554.44403
153.33272427145863,1.6755786127029377,167.55786127029376,4.354099581763617e-14,2.181320307218164e-09,3.6526437345689176e-11,7.970729511158239e-12,1.0206423856151752e-05,1.37510910918943e-10,261797407634.2241
168.92664960482503,1.520902912700604,152.0902912700604,4.7969111478834416e-14,2.1831960696949306e-09,4.1305275228055437e-11,9.361319454960676e-12,1.0206423856151752e-05,1.5149575914740657e-10,237630414228.10867
186.1080498371456,1.380493931571215,138.0493931571215,5.28480130910707e-14,2.1854034635394575e-09,4.669892823074208e-11,1.0942236906356205e-11,1.0206423856151752e-05,1.6690427685316753e-10,215692495595.3685
205.03838581062408,1.2530387049282963,125.3038704928296,5.822354974421488e-14,2.1879426818470523e-09,5.275835730560235e-11,1.2742391795197593e-11,1.0206423856151752e-05,1.838812643558882e-10,195778510258.25418
225.8955538557023,1.1373443568563943,113.73443568563944,6.414623761748792e-14,2.19081385808963e-09,5.95529240029495e-11,1.485342733706342e-11,1.0206423856151752e-05,2.0258626154872843e-10,177702079720.44968
248.87555755711787,1.0323273042101309,103.23273042101307,7.067173470107978e-14,2.194017084234596e-09,6.720488608921359e-11,1.7299255489046404e-11,1.0206423856151752e-05,2.2319504716130188e-10,161293901714.508
274.194349681625,0.937003383603824,93.70033836038239,7.786136383757824e-14,2.197552423333105e-09,7.582570067928559e-11,2.0122081745819803e-11,1.0206423856151752e-05,2.459012906259685e-10,146400207613.2178
302.08986157670415,0.8504788345950414,85.04788345950413,8.578268899843661e-14,2.201419918284106e-09,8.551943848839888e-11,2.3311113978464096e-11,1.0206423856151752e-05,2.7091837207070595e-10,132881353615.2672
332.8242391113429,0.7719420739989508,77.19420739989508,9.451015021098383e-14,2.2056195979483414e-09,9.643229451089221e-11,2.69535828818187e-11,1.0206423856151752e-05,2.9848138754177165e-10,120610535539.5465
366.68630617094004,0.7006561987536086,70.06561987536085,1.0412576310264676e-13,2.2101514814216925e-09,1.086708001301936e-10,3.114944513351192e-11,1.0206423856151752e-05,3.288493583000547e-10,109472617450.42612
403.99427885682303,0.6359521578962419,63.59521578962419,1.14719889636293e-13,2.215015581026878e-09,1.2238456012159727e-10,3.603182300620358e-11,1.0206423856151752e-05,3.6230766495279684e-10,99363064826.93446
445.09875589682434,0.5772225377243877,57.72225377243877,1.263920872796108e-13,2.2202119044105063e-09,1.3781642978124737e-10,4.154971010618463e-11,1.0206423856151752e-05,3.991707292952171e-10,90186973537.76976
490.3860133690692,0.5239159079020704,52.39159079020703,1.392520445885299e-13,2.2257404560140034e-09,1.5516915320573395e-10,4.770852622018613e-11,1.0206423856151752e-05,4.397849690644395e-10,81858186460.04042
540.2816347008726,0.4755316799894138,47.553167998941376,1.5342061199675147e-13,2.23160123810528e-09,1.7466686567143333e-10,5.47940387586711e-11,1.0206423856151752e-05,4.84532053372783e-10,74298490160.57312
595.2545100553561,0.43161543352748416,43.16154335274841,1.6903093749814568e-13,2.2377942515015033e-09,1.9658965075996555e-10,6.28625295523638e-11,1.0206423856151752e-05,5.338324894130735e-10,67436884629.44714
655.8212426897151,0.3917546683346582,39.17546683346582,1.8622971789450617e-13,2.2443194960742167e-09,2.2124197770598066e-10,7.221497230639852e-11,1.0206423856151752e-05,5.881495741417705e-10,61208919606.09051
722.5510036935286,0.3555749450258964,35.55749450258964,2.051785773671591e-13,2.251176971100847e-09,2.4877555152708917e-10,8.26275171120769e-11,1.0206423856151752e-05,6.479937480755261e-10,55556091562.48227
796.0708807291333,0.32273637892823676,32.27363789282367,2.2605558632744563e-13,2.2583666755076822e-09,2.797357287805986e-10,9.417210103908277e-11,1.0206423856151752e-05,7.13927392115636e-10,50425295902.03624
877.0717710384243,0.2929304555230943,29.29304555230943,2.4905693481935487e-13,2.26588860803616e-09,3.1449908293806306e-10,1.0748182025989339e-10,1.0206423856151752e-05,7.865701124781627e-10,45768329394.79308
966.3148740951405,0.2658771382954383,26.58771382954383,2.7439877619997297e-13,2.2737427673550013e-09,3.535574085823651e-10,1.224711034647034e-10,1.0206423856151752e-05,8.666045633944338e-10,41541438299.13651
1064.6388449168464,0.2413222424143274,24.132224241432738,3.023192584235981e-13,2.2819291521341826e-09,3.974130796851993e-10,1.396651465871591e-10,1.0206423856151752e-05,9.547828623003057e-10,37704908017.79494
1172.9676752592488,0.21903505001529405,21.903505001529403,3.330807620183394e-13,2.290447761092124e-09,4.466669562154773e-10,1.5882763858313891e-10,1.0206423856151752e-05,1.0519336578003908e-09,34222690502.437717
1292.3193767558053,0.19880614501169097,19.880614501169095,3.6697236578642457e-13,2.299298593024188e-09,5.019693369170706e-10,1.8016453454720088e-10,1.0206423856151752e-05,1.1589699168279245e-09,31062065958.13222
1423.815547601696,0.1804454473400686,18.04454473400686,4.043125633994258e-13,2.308481646818259e-09,5.638417347725567e-10,2.0414131628232296e-10,1.0206423856151752e-05,1.2768975041794602e-09,28193335707.969574
1568.6919126843384,0.16378042835517054,16.378042835517054,4.454522564174012e-13,2.3179969214615107e-09,6.332018623075418e-10,2.3135021567981573e-10,1.0206423856151752e-05,1.4068246350499046e-09,25589543361.047962
1728.3099362104933,0.1486544907449065,14.865449074490648,4.907780518586117e-13,2.327844416041289e-09,7.110904593234687e-10,2.6175344338275793e-10,1.0206423856151752e-05,1.5499722893973493e-09,23226221685.54852
1904.1696159586827,0.1349254978461475,13.492549784614747,5.407158953084593e-13,2.33802412974216e-09,7.984818700171225e-10,2.962737041904361e-10,1.0206423856151752e-05,1.7076856860058548e-09,21081162824.642063
2097.923579389951,0.12246443861956212,12.246443861956212,5.957350737095153e-13,2.3485360618406134e-09,8.964979246635541e-10,3.348375869582671e-10,1.0206423856151752e-05,1.8814469240728197e-09,19134209708.16961
2311.3926140839744,0.11115421579667584,11.115421579667583,6.563526254485173e-13,2.3593802116983934e-09,1.006482775188828e-09,3.771486890045764e-10,1.0206423856151752e-05,2.0728889111191987e-09,17367066709.11892
2546.5827784466433,0.10088854585494708,10.088854585494706,7.231381991838056e-13,2.3705565787552137e-09,1.129909542452583e-09,4.2499512460944763e-10,1.0206423856151752e-05,2.2838107081090575e-09,15763127772.444492
2805.704253485636,0.09157096051643707,9.157096051643707,7.967194070736378e-13,2.3820651625212856e-09,1.2680634003060156e-09,4.786247547164639e-10,1.0206423856151752e-05,2.5161944359830204e-09,14307320406.237053
3091.1921128119525,0.0831139004113919,8.31139004113919,8.777877227118988e-13,2.39390596257e-09,1.4223580014923904e-09,5.38144077445288e-10,1.0206423856151752e-05,2.772223902483331e-09,12985964073.014288
3405.7292060520335,0.07543789240794015,7.543789240794014,9.671049791966389e-13,2.4060789785309632e-09,1.5955482464620854e-09,6.05363000088111e-10,1.0206423856151752e-05,3.054305124314796e-09,11786641653.25534
3752.2713707153644,0.06847080289071714,6.847080289071713,1.0655105283964798e-12,2.41858421008349e-09,1.7895621816744112e-09,6.80780513798866e-10,1.0206423856151752e-05,3.3650889374968525e-09,10698082775.422535
4134.075209444193,0.062147159981464035,6.214715998146403,1.173929128693558e-12,2.4314216569506254e-09,2.006873133198021e-09,7.635456175482154e-10,1.0206423856151752e-05,3.707495908385868e-09,9710057917.683132
4554.728693679843,0.056407538339931694,5.640753833993169,1.2933796353274363e-12,2.4445913188937206e-09,2.25024232683746e-09,8.548906660970584e-10,1.0206423856151752e-05,4.084743779466955e-09,8813282287.364882
5018.184881341147,0.05119800076956684,5.119800076956683,1.4249845750068041e-12,2.45809319570755e-09,2.5225499945117312e-09,9.584342435175595e-10,1.0206423856151752e-05,4.500377707835039e-09,7999328575.760419
5528.799065374266,0.046469591384822866,4.646959138482286,1.5699806947656323e-12,2.4719272872159564e-09,2.8277289552664333e-09,1.0723365794858848e-09,1.0206423856151752e-05,4.9583035805288504e-09,7260547769.073926
6091.369702274411,0.04217787558039744,4.217787558039744,1.7297305841958142e-12,2.4860935932679872e-09,3.1693238622170324e-09,1.1995084391457201e-09,1.0206423856151752e-05,5.462824719796109e-09,6589997271.840647
6711.183505202018,0.038282522481703316,3.8282522481703314,1.9057354802753106e-12,2.500592113734484e-09,3.5505705459591973e-09,1.3418565553843087e-09,1.0206423856151752e-05,6.018682323224697e-09,5981375667.741154
7394.065125452515,0.03474692595448424,3.4746925954484236,2.0996493751241872e-12,2.5154228485050973e-09,3.976659380081526e-09,1.5015427689839289e-09,1.0206423856151752e-05,6.631100018772864e-09,5428963505.011658
8146.43188915709,0.03153786061339258,3.1537860613392583,2.3132945592650076e-12,2.5305857974856707e-09,4.4527139359266535e-09,1.673798013648475e-09,1.0206423856151752e-05,7.305832953400645e-09,4927569550.196612
8975.354103598556,0.028625169597901817,2.862516959790182,2.5486787464541983e-12,2.5460809605959577e-09,4.984860744495521e-09,1.8662679695295235e-09,1.0206423856151752e-05,8.049221876609198e-09,4472482005.324633
9888.621499866033,0.02598148118220658,2.598148118220658,2.808013941013625e-12,2.5619083377676496e-09,5.58017702148504e-09,2.0825958587363344e-09,1.0206423856151752e-05,8.86825272713383e-09,4059424230.19275
10894.816436238041,0.023581951556537382,2.3581951556537377,3.093737224966621e-12,2.5780679289426556e-09,6.244697364436293e-09,2.3204995533669074e-09,1.0206423856151752e-05,9.770622282751894e-09,3684514553.750676
12003.394550217161,0.02140403136311841,2.140403136311841,3.408533660323979e-12,2.59455973407163e-09,6.9872228499118985e-09,2.580820276910579e-09,1.0206423856151752e-05,1.076481049014454e-08,3344229796.9814634
13224.77361713712,0.019427253793123957,1.9427253793123955,3.755361521742268e-12,2.6113837531126865e-09,7.816574533720972e-09,2.8741505536692675e-09,1.0206423856151752e-05,1.186016015452636e-08,3035372164.5369873
14570.431450384305,0.01763304225352615,1.7633042253526148,4.137480096676447e-12,2.628539986030309e-09,8.742814376672817e-09,3.204194470243386e-09,1.0206423856151752e-05,1.3066964737920011e-08,2755039194.0317163
16053.013763243192,0.016004535796574744,1.6004535796574744,4.558480314276481e-12,2.6460284327944014e-09,9.774997046200597e-09,3.5623199282208524e-09,1.0206423856151752e-05,1.4396565091153204e-08,2500596480.623164
17686.453005988926,0.014526430671527809,1.4526430671527808,5.022318490860639e-12,2.6638490933794844e-09,1.0923934943683372e-08,3.951776234654509e-09,1.0206423856151752e-05,1.5861456028609297e-08,2269652920.580987
19486.099294989155,0.0131848365097267,1.31848365097267,5.533353509085832e-12,2.6820019677640025e-09,1.220516183112126e-08,4.391077279305358e-09,1.0206423856151752e-05,1.7475403747259347e-08,2060038241.2135031
21468.86466421102,0.011967145791599527,1.1967145791599525,6.096387780203345e-12,2.700487055929727e-09,1.3634292865474372e-08,4.883025198422485e-09,1.0206423856151752e-05,1.9253575193411528e-08,1869782606.0023913
23653.38199472605,0.010861915368974209,1.0861915368974209,6.716712374339664e-12,2.719304357861262e-09,1.5226302475415748e-08,5.41729977877997e-09,1.0206423856151752e-05,2.1212680592892477e-08,1697098103.2949772
26060.180115738818,0.00985875892935857,0.985875892935857,7.400156742910227e-12,2.738453873545606e-09,1.6999948356636142e-08,5.995352294758235e-09,1.0206423856151752e-05,2.3371130484075114e-08,1540361944.6021273
28711.876722639652,0.008948249391658452,0.894824939165845,8.153143500429154e-12,2.7579356029717865e-09,1.897576012770451e-08,6.65301093356239e-09,1.0206423856151752e-05,2.5749208729460325e-08,1398101214.613694
31633.39092501181,0.008121830316129374,0.8121830316129374,8.982748780522184e-12,2.7777495461305514e-09,2.1176545504023185e-08,7.389746418783201e-09,1.0206423856151752e-05,2.8369263131673828e-08,1268979029.6247272
34852.17742199724,0.007371735496060423,0.7371735496060422,9.896768733334006e-12,2.797895703014098e-09,2.3624470434089253e-08,8.196074105886292e-09,1.0206423856151752e-05,3.125591544517772e-08,1151781974.299979
38398.48450566475,0.006690915975572692,0.6690915975572691,1.0903792789233872e-11,2.8183740736158565e-09,2.6352214240358856e-08,9.058365251278723e-09,1.0206423856151752e-05,3.4436292757264586e-08,1045408698.7167206
42305.63831694768,0.0060729738076971615,0.6072973807697161,1.201328437730969e-11,2.839184657930291e-09,2.9382730810755826e-08,1.0024404656456135e-08,1.0206423856151752e-05,3.794028241271967e-08,948859568.5289582
46610.35602542304,0.005512101930236241,0.5512101930236241,1.3235669857195916e-11,2.8603274559527476e-09,3.274778534680991e-08,1.1117439246163637e-08,1.0206423856151752e-05,4.180081287778448e-08,861227270.9924406
51353.090876014576,0.005003029594402321,0.5003029594402321,1.458243649996535e-11,2.8818024676793052e-09,3.6488685855743773e-08,1.2313693274713196e-08,1.0206423856151752e-05,4.6054163182819514e-08,781688288.5721347
56578.41234516955,0.004540972833407328,0.45409728334073285,1.6066240438852457e-11,2.903609693106669e-09,4.064593048850214e-08,1.3601306135262956e-08,1.0206423856151752e-05,5.074030385162884e-08,709495160.0067005
62335.42497899587,0.004121589505538835,0.41215895055388346,1.7701025604266554e-11,2.9257491322320693e-09,4.5264328065092324e-08,1.4999219765014232e-08,1.0206423856151752e-05,5.5903272521302955e-08,643969456.1044086
68678.22984935853,0.003740938489245766,0.3740938489245766,1.950215476077727e-11,2.9482207850531766e-09,5.0395521583711844e-08,1.660305114985787e-08,1.0206423856151752e-05,6.159158778243754e-08,584495404.2614435
75666.43296443355,0.0033954426467743834,0.3395442646774383,2.1486553877482398e-11,2.9710246515680397e-09,5.608804396206502e-08,1.8396151801283573e-08,1.0206423856151752e-05,6.785870512876015e-08,530514101.78975457
83365.705411464,0.0030818552083097025,0.3081855208309702,2.367287118846619e-11,2.994160731775014e-09,6.241250375861564e-08,2.0339727411399837e-08,1.0206423856151752e-05,7.476351930091238e-08,481518263.6748973
91848.40049562084,0.0027972292607205745,0.27972292607205745,2.6081652438107793e-11,3.017629025672724e-09,6.942951917102689e-08,2.2419248878484803e-08,1.0206423856151752e-05,8.237091774512805e-08,437047455.40642315
101194.23367447684,0.0025388900541823385,0.25388900541823384,2.8735533958092238e-11,3.0414295332600124e-09,7.721390043805189e-08,2.4730670708105795e-08,1.0206423856151752e-05,9.075239038788724e-08,396683766.08187866
111491.03167772814,0.0023044098664310435,0.23044098664310433,3.165945539055101e-11,3.0655622545359088e-09,8.586224386686583e-08,2.736778600220957e-08,1.0206423856151752e-05,9.998670145685844e-08,360047881.12280136
122835.55785195586,0.002091585188438511,0.2091585188438511,3.488089405638093e-11,3.0900271894996017e-09,9.54437280061011e-08,3.026805554244146e-08,1.0206423856151752e-05,1.1016062966151258e-07,326795517.69644177
135334.4214865372,0.0018984160171127693,0.1898416017112769,3.843012317119821e-11,3.1148243381504098e-09,1.0607940568390566e-07,3.339229490146169e-08,1.0206423856151752e-05,1.2136978368919496e-07,296614189.3454238
149105.07966602928,0.0017230870604287483,0.1723087060428748,4.234049633549324e-11,3.139953700487761e-09,1.1781191490324756e-07,3.673150837397031e-08,1.0206423856151752e-05,1.3371950068021973e-07,269220269.4212218
164276.94106385112,0.001563950678366191,0.15639506783661908,4.66487609724588e-11,3.1654152765111773e-09,1.3082452270473114e-07,4.043323250526113e-08,1.0206423856151752e-05,1.473258361253323e-07,244356325.7253416
180992.5820500791,0.0014195113993436754,0.1419511399343675,5.139540365899936e-11,3.1912090662202586e-09,1.4524007419054623e-07,4.4711738346019834e-08,1.0206423856151752e-05,1.623166544880247e-07,221788701.31072095
199409.08654163044,0.0012884118666432764,0.12884118666432762,5.6625030595141765e-11,3.2173350696146676e-09,1.6121594587448837e-07,4.9416870060848905e-08,1.0206423856151752e-05,1.788328308007378e-07,201305318.70913872
219699.52218597868,0.0011694200827585119,0.11694200827585118,6.238678678728053e-11,3.2437932866941255e-09,1.7890967862383818e-07,5.450404789996383e-08,1.0206423856151752e-05,1.9702957452686413e-07,182713686.95003483
242054.5667507075,0.0010614178317954904,0.10614178317954902,6.873481788449563e-11,3.2705837174583967e-09,1.9847369935824356e-07,5.996122816109242e-08,1.0206423856151752e-05,2.170778881294264e-07,165839092.6418818
266684.30000278424,0.0009633901711276232,0.09633901711276231,7.572877900801677e-11,3.2977063619072834e-09,2.2014050555006443e-07,6.595351522616731e-08,1.0206423856151752e-05,2.391661740532296e-07,150522958.11692718
293820.1779165922,0.0008744158935526402,0.08744158935526401,8.343439535551765e-11,3.3251612200406234e-09,2.4411378188526964e-07,7.288358828240564e-08,1.0206423856151752e-05,2.635020052219682e-07,136621351.21011472
323717.20776317845,0.0007936588703208149,0.07936588703208149,9.192407984847271e-11,3.352948291858277e-09,2.7066071475926155e-07,8.051307285874989e-08,1.0206423856151752e-05,2.903140756883908e-07,124003632.66795467
356656.3445209606,0.0007203601936811573,0.07203601936811573,1.0127761362687241e-10,3.3810675773601298e-09,2.999997926998722e-07,8.877191531912156e-08,1.0206423856151752e-05,3.1985434976861453e-07,112551228.47646974
392947.13112796313,0.0006538310451058274,0.06538310451058274,1.1158289578619e-10,3.409519076546086e-09,3.3242739503493746e-07,9.762588755118609e-08,1.0206423856151752e-05,3.5240042985690017e-07,102156515.57127382
432930.60738714365,0.0005934462221724689,0.05934462221724688,1.2293676940219275e-10,3.438302789416065e-09,3.6831447496395417e-07,1.0715743815850332e-07,1.0206423856151752e-05,3.8825816517223925e-07,92721810.45833167
476982.51486102893,0.000538638263273839,0.053863826327383894,1.3544593160610438e-10,3.46741871597e-09,4.0801962590311986e-07,1.1791775167095396e-07,1.0206423856151752e-05,4.2776452595225526e-07,84158451.24104127
525516.8278733945,0.0004888921149421863,0.04888921149421863,1.492279362624751e-10,3.496866856207835e-09,4.517324252605503e-07,1.3012060696957252e-07,1.0206423856151752e-05,4.7129077010441626e-07,76385964.42706499
578989.6438002931,0.00044374029167497636,0.04437402916749763,1.6441229867234398e-10,3.526647210129522e-09,5.000311066317579e-07,1.4358232742471314e-07,1.0206423856151752e-05,5.19245932072914e-07,69331308.68504287
637903.4692091612,0.00040275848277679025,0.04027584827767902,1.811417126830618e-10,3.5567597777350226e-09,5.534234839763152e-07,1.581309255167528e-07,1.0206423856151752e-05,5.720806667075806e-07,62928188.44444786
702811.9421246179,0.0003655615649330802,0.03655615649330802,1.9957339164245737e-10,3.5872045590243047e-09,6.124334821330824e-07,1.7369277046783285e-07,1.0206423856151752e-05,6.302914842572652e-07,57116430.88819827
774325.0347981103,0.000331799983044226,0.0331799983044226,2.1988054579886701e-10,3.617981553997341e-09,6.775094420757398e-07,1.9076518996971445e-07,1.0206423856151752e-05,6.944254162857149e-07,51841420.483359925
853114.7858740031,0.00030115646530908625,0.030115646530908622,2.4225401003077204e-10,3.6490907626541078e-09,7.494038691878593e-07,2.103790897072738e-07,1.0206423856151752e-05,7.650851563575183e-07,47053585.73598764
939921.6158197038,0.0002733430416882927,0.027334304168829267,2.6690403720250974e-10,3.6805321849945878e-09,8.288257480974963e-07,2.3228056150507665e-07,1.0206423856151752e-05,8.429347238033179e-07,42707933.346924126
1035561.2849685624,0.00024809833772854146,0.02480983377285414,2.940622739989695e-10,3.712305821018761e-09,9.164616645706261e-07,2.561070711637173e-07,1.0206423856151752e-05,9.287057037890553e-07,38763625.39082347
1140932.559563229,0.00022518511831679785,0.022518511831679782,3.2398393780703493e-10,3.744411670726619e-09,1.0130927585132942e-06,2.817642378904054e-07,1.0206423856151752e-05,1.0232041223298377e-06,35183595.54497096
1257025.6578404848,0.00020438805828204958,0.020438805828204957,3.569502151008332e-10,3.776849734118149e-09,1.1199449456359987e-06,3.091738442649723e-07,1.0206423856151752e-05,1.127318020855799e-06,31934200.76144152
1384931.555528964,0.0001855117188940097,0.018551171889400968,3.932709038694323e-10,3.809620011193341e-09,1.2376595064654049e-06,3.3926708038480785e-07,1.0206423856151752e-05,1.2420258015113453e-06,28984905.10921254
1525852.2382074671,0.00016837871124307367,0.016837871124307364,4.3328732491899465e-10,3.84272250195219e-09,1.3675349131978963e-06,3.7299279789243623e-07,1.0206423856151752e-05,1.3684054216120973e-06,26307992.81516216
1681111.9968695694,0.00015282802924204353,0.015282802924204352,4.773755294081139e-10,3.876157206394687e-09,1.5110076957671703e-06,4.109610310292059e-07,1.0206423856151752e-05,1.507644523663681e-06,23878307.80727907
1852169.872843721,0.000138713536584131,0.013871353658413098,5.259498327588998e-10,3.909924124520825e-09,1.6690826173883324e-06,4.529157606529637e-07,1.0206423856151752e-05,1.6610515961384482e-06,21673017.31246126
2040633.3690189777,0.00012590259343854893,0.012590259343854892,5.794667081534591e-10,3.944023256330605e-09,1.8433553914830522e-06,4.984446295934348e-07,1.0206423856151752e-05,1.8300682698926248e-06,19671397.28733301
2248273.5562265264,0.00011427480997817085,0.011427480997817084,6.38429076204595e-10,3.9784546018240196e-09,2.0352291465396926e-06,5.471670615515014e-07,1.0206423856151752e-05,2.0162828657784996e-06,17854637.66568297
2477041.7167380466,0.00010372091502563208,0.010372091502563206,7.033910311125761e-10,4.013218161001065e-09,2.2465021644492195e-06,6.007115112522353e-07,1.0206423856151752e-05,2.221445320764279e-06,16205665.592351535
2729087.6812868584,9.414172918606473e-05,0.009414172918606472,7.749630477216532e-10,4.04831393386174e-09,2.4796597906594628e-06,6.604456825172671e-07,1.0206423856151752e-05,2.447483632828641e-06,14708984.982421951
3006780.031932567,8.544723281656232e-05,0.008544723281656232,8.538177184092267e-10,4.083741920406044e-09,2.7366955375139806e-06,7.284024185982251e-07,1.0206423856151752e-05,2.696521979169572e-06,13350530.89798536
3312728.360624022,7.755572007369064e-05,0.007755572007369063,9.406960737196268e-10,4.119502120633972e-09,3.0194127332857552e-06,8.036024435242592e-07,1.0206423856151752e-05,2.970900677991929e-06,12117537.373996923
3649807.7926337332,7.039303108927176e-05,0.007039303108927176,1.0364145461401808e-09,4.155594534545525e-09,3.331805994635087e-06,8.850982940576061e-07,1.0206423856151752e-05,3.2731981814631004e-06,10998417.451126719
4021186.0053206543,6.389185505887722e-05,0.006389185505887722,1.141872642461061e-09,4.1920191621407e-09,3.6753026637096186e-06,9.728670576313988e-07,1.0206423856151752e-05,3.6062553065136945e-06,9982654.288224142
4430352.99612821,5.799109769385466e-05,0.005799109769385466,1.258061396819368e-09,4.228776003419499e-09,4.054160689237539e-06,1.0677471363964144e-06,1.0206423856151752e-05,3.973201931190492e-06,9060702.331133045
4881153.879559793,5.263530709257279e-05,0.0052635307092572785,1.3860726838642095e-09,4.265865058381918e-09,4.471583250628172e-06,1.1725430990983047e-06,1.0206423856151752e-05,4.3774864074383314e-06,8223897.609100036
5377825.021338845,4.777415263555202e-05,0.004777415263555201,1.5271094795625413e-09,4.303286327027957e-09,4.930413008030077e-06,1.2886770516574972e-06,1.0206423856151752e-05,4.822907966715367e-06,7464376.3157930905
5925033.849321419,4.3361952007439976e-05,0.004336195200743997,1.6824971660708794e-09,4.341039809357614e-09,5.437551413927241e-06,1.4154151046367149e-06,1.0206423856151752e-05,5.313652422970866e-06,6775000.909802147
6527922.715281103,3.935724190105846e-05,0.003935724190105846,1.853695986909519e-09,4.379125505370892e-09,5.994670080985247e-06,1.5564770033394804e-06,1.0206423856151752e-05,5.854331508501444e-06,6149293.0401570415
7192157.219753899,3.572238836924703e-05,0.003572238836924703,2.0423147694857514e-09,4.417543415067789e-09,6.60894422503603e-06,1.7124898142427116e-06,1.0206423856151752e-05,6.4500262123413135e-06,5581372.666535608
7923979.454072156,3.242323316281446e-05,0.0032423233162814456,2.2501260439224608e-09,4.456293538448304e-09,7.285610998612155e-06,1.8821494742442704e-06,1.0206423856151752e-05,7.106334528455747e-06,5065902.802048785
8730266.65992521,2.9428772731087888e-05,0.0029428772731087886,2.479082700270059e-09,4.4953758755124386e-09,8.029289185309214e-06,2.067591233116156e-06,1.0206423856151752e-05,7.82942406244755e-06,4598039.359327545
9618595.857695397,2.6710866868492248e-05,0.0026710866868492247,2.731336340636608e-09,4.534790426260189e-09,8.850591070316784e-06,2.272161960775379e-06,1.0206423856151752e-05,8.62608999114396e-06,4173385.628594145
10597315.050909076,2.424397426918936e-05,0.0024243974269189355,3.0092574986988164e-09,4.574537190691559e-09,9.752170794345124e-06,2.494819830588274e-06,1.0206423856151752e-05,9.503818919734566e-06,3787950.9599290066
11675621.675940977,2.200491250467197e-05,0.002200491250467197,3.3154579166051907e-09,4.614616168806545e-09,1.0744765561518703e-05,2.747079737080358e-06,1.0206423856151752e-05,1.047085923655276e-05,3438113.261453031
12863649.034196567,1.997264016872172e-05,0.001997264016872172,3.652815088616727e-09,4.655027360605148e-09,1.183567179531557e-05,3.0285164865176483e-06,1.0206423856151752e-05,1.1536298626654044e-05,3120584.961005065
14172561.519012246,1.8128059142454778e-05,0.0018128059142454777,4.02449930213213e-09,4.695770766087372e-09,1.3036999288117635e-05,3.336614330972628e-06,1.0206423856151752e-05,1.2710149472619119e-05,2832382.1114419713
15614659.532160662,1.6453835121256823e-05,0.0016453835121256822,4.4340034302134465e-09,4.73684638525321e-09,1.4360449106926281e-05,3.6707038162054666e-06,1.0206423856151752e-05,1.400344294512901e-05,2570796.3492308385
17203495.075905617,1.4934234717023513e-05,0.0014934234717023512,4.8851757555850095e-09,4.7782542181026655e-09,1.581407773040966e-05,4.03528300133035e-06,1.0206423856151752e-05,1.542833266752098e-05,2333369.442816433
18953999.106873542,1.355497760488772e-05,0.001355497760488772,5.382256134566556e-09,4.8199942646357385e-09,1.741722792028001e-05,4.433182306304894e-06,1.0206423856151752e-05,1.6998208928504413e-05,2117870.191584206
20882621.848540466,1.2303102324993236e-05,0.0012303102324993235,5.9299158407885014e-09,4.8620665248524286e-09,1.917797756292171e-05,4.870679811983009e-06,1.0206423856151752e-05,1.8727824516342587e-05,1922273.4583285465
23007487.380908243,1.116684447819919e-05,0.0011166844478199187,6.5333014631170445e-09,4.904470998752735e-09,2.111850895580193e-05,5.355827212871643e-06,1.0206423856151752e-05,2.063343335701553e-05,1744741.1381857942
25348563.960116398,1.0135526171067285e-05,0.0010135526171067284,7.1980832703169706e-09,4.947207686336659e-09,2.3250168280047225e-05,5.884403814688805e-06,1.0206423856151752e-05,2.2732943259206964e-05,1583604.8851888024
27927851.668553118,9.199455671201051e-06,0.000919945567120105,7.930508496954831e-09,4.9902765876042006e-09,2.560143935174664e-05,6.454288381456859e-06,1.0206423856151752e-05,2.5046084201522996e-05,1437350.4341173987
30769589.15889304,8.349836329955589e-06,0.0008349836329955588,8.737460051292679e-09,5.033677702555357e-09,2.817979122981391e-05,7.080854462863065e-06,1.0206423856151752e-05,2.759459374340878e-05,1304603.3703104954
33900481.43492297,7.5786839166261095e-06,0.000757868391662611,9.626521196875309e-09,5.077411031190131e-09,3.1026155448861964e-05,7.782109361518584e-06,1.0206423856151752e-05,3.0402421302147965e-05,1184116.213712773
37349950.809707396,6.878751587270042e-06,0.0006878751587270041,1.0606046815650935e-08,5.121476573508525e-09,3.414833570897963e-05,8.553841585221323e-06,1.0206423856151752e-05,3.349595321562155e-05,1074756.695779317
41150413.399453,6.243461783063106e-06,0.0006243461783063105,1.1685241922314788e-08,5.165874329510533e-09,3.759295453083777e-05,9.408646728958954e-06,1.0206423856151752e-05,3.690426070583524e-05,975497.1190713418
45337583.75140243,5.666844418209327e-06,0.0005666844418209326,1.2874248167708265e-08,5.2106042991961565e-09,4.1371395791063485e-05,1.0346564591480397e-05,1.0206423856151752e-05,4.0659373073433954e-05,885404.6995506113
49950810.46847433,5.143480776530832e-06,0.0005143480776530832,1.4184239144182582e-08,5.2556664825654e-09,4.554182602966786e-05,1.1362107844626301e-05,1.0206423856151752e-05,4.4796578690527676e-05,803632.8008150379
55033445.98465193,4.668452589510467e-06,0.00046684525895104666,1.562752538855052e-08,5.301060879618258e-09,5.011365562490785e-05,1.2477803418062067e-05,1.0206423856151752e-05,4.93547566203817e-05,729412.9778999523
60633253.96606151,4.2372958172513744e-06,0.0004237295817251374,1.7217670069385e-08,5.346787490354734e-09,5.5160635224952256e-05,1.3737509735498674e-05,1.0206423856151752e-05,5.4376741980346585e-05,662047.7558771634
66802858.16625418,3.8459586980144775e-06,0.00038459586980144777,1.8969616445825022e-08,5.392846314774826e-09,6.0689136328703746e-05,1.5135818612600718e-05,1.0206423856151752e-05,5.990972848149198e-05,600904.0753893842
73600236.95377707,3.490763672107279e-06,0.0003490763672107279,2.0899828295674185e-08,5.439237352878536e-09,6.678854235150253e-05,1.6672496677934877e-05,1.0206423856151752e-05,6.600571192778208e-05,545407.3435248784
81089268.15931582,3.1683728223069024e-06,0.00031683728223069025,2.302644463245316e-08,5.485960604665862e-09,7.346424499911498e-05,1.8363562810437273e-05,1.0206423856151752e-05,7.272197884253952e-05,495036.03412592236
89340329.36256738,2.8757565060464153e-06,0.00028757565060464154,2.5369450165347798e-08,5.533016070136806e-09,8.08173404204629e-05,2.0209097300277264e-05,1.0206423856151752e-05,8.012164481402756e-05,449316.7867878966
98430959.25998987,2.6101648845879507e-06,0.00026101648845879504,2.7950863103936196e-08,5.580403749291366e-09,8.888959880971797e-05,2.220300868189625e-05,1.0206423856151752e-05,8.82742476192086e-05,407819.9584922472
108446586.32858396,2.3691020816301562e-06,0.0002369102081630156,3.079494207257573e-08,5.628123642129542e-09,9.776845721975831e-05,2.43981768990057e-05,1.0206423856151752e-05,9.725640069951593e-05,370155.58607012255
119481331.63326271,2.1503027285076545e-06,0.00021503027285076545,3.392841407891072e-08,5.676175748651337e-09,0.0001074948165207525,2.6829956141118036e-05,1.0206423856151752e-05,0.00010715251312962261,335969.721554274
131638893.32213011,1.9517106755678045e-06,0.00019517106755678043,3.738072567881727e-08,5.724560068856744e-09,0.0001181950759363214,2.948774083031489e-05,1.0206423856151752e-05,0.00011805558284505837,304941.105980969
145033521.12164602,1.771459669666585e-06,0.0001771459669666585,4.1184319698088694e-08,5.773276602745771e-09,0.000129915037315846,3.236790970271476e-05,1.0206423856151752e-05,0.00013006807058297095,276778.1503842287
159791089.98941094,1.6078558162020073e-06,0.00016078558162020072,4.537494011132971e-08,5.822325350318414e-09,0.00014275049640294235,3.5494905150393144e-05,1.0206423856151752e-05,0.00014330286274881476,251216.19561154058
176050283.01414698,1.4593616608732584e-06,0.00014593616608732582,4.9991967943137095e-08,5.871706311574676e-09,0.0001568223984394961,3.890421539585444e-05,1.0206423856151752e-05,0.0001578843322574378,228015.0252103566
193963894.67907828,1.3245817415752543e-06,0.00013245817415752544,5.507879134817012e-08,5.921419486514552e-09,0.00017218545094239152,4.270909870051505e-05,1.0206423856151752e-05,0.00017394950731773267,206956.60801293977
213700266.73602888,1.2022494746536365e-06,0.00012022494746536365,6.068321334790991e-08,5.971464875138046e-09,0.00018902109483671118,4.6954076889271634e-05,1.0206423856151752e-05,0.0001916493591444156,187843.0492056722
235444870.1837488,1.091215252284848e-06,0.00010912152522848478,6.68579010557808e-08,6.0218424774451566e-09,0.00020734607067567467,5.1667971013640464e-05,1.0206423856151752e-05,0.00021115022069810124,170494.73062816332
259402048.21698686,9.904356391273411e-07,9.904356391273409e-05,7.366088061219208e-08,6.072552293435885e-09,0.00022741851265073017,5.68372526747694e-05,1.0206423856151752e-05,0.000232635349786172,154748.62282576397
285796936.5255362,8.989635667203053e-07,8.989635667203053e-05,8.11560824806131e-08,6.12359432311023e-09,0.0002492293646829964,6.245556612113777e-05,1.0206423856151752e-05,0.0002563066512135607,140456.75299313228
314877578.98911077,8.159394334825525e-07,8.159394334825525e-05,8.941394222905797e-08,6.174968566468191e-09,0.00027302899706384455,6.851830656651338e-05,1.0206423856151752e-05,0.00028238657416721944,127484.81441147435
346917258.6501276,7.405830266745025e-07,7.405830266745024e-05,9.851206244277681e-08,6.226675023509768e-09,0.00029892671134471575,7.518995699624851e-05,1.0206423856151752e-05,0.0003111202026647968,115710.90431175462
382217065.86953235,6.72186190410533e-07,6.72186190410533e-05,1.0853594198842682e-07,6.278713694234964e-09,0.0003270821036230768,8.275442570613836e-05,1.0206423856151752e-05,0.0003427775587123536,105024.3783030437
421108727.79969686,6.101061708199477e-07,6.101061708199477e-05,1.1957977948292192e-07,6.331084578643774e-09,0.0003577040834316064,9.120718033322677e-05,1.0206423856151752e-05,0.00037765613981484815,95324.8106005891
463957725.76416373,5.537595758181842e-07,5.537595758181841e-05,1.31747358517504e-07,6.383787676736201e-09,0.000390919726088414,0.0001005897809565473,1.0206423856151752e-05,0.00041608371468546926,86521.05028242581
511166729.8395283,5.026168927257619e-07,5.026168927257619e-05,1.451530229558475e-07,6.436822988512246e-09,0.00042714651696771386,0.00011090942396923172,1.0206423856151752e-05,0.0004584214034262402,78530.36470578403
563179382.9157088,4.561975122146582e-07,4.5619751221465816e-05,1.5992275147149532e-07,6.490190513971908e-09,0.00046631070826097016,0.00012215886742324137,1.0206423856151752e-05,0.0005050670711256817,71277.66203360684
620484469.7949897,4.1406521182008046e-07,4.140652118200804e-05,1.7619534142250092e-07,6.5438902531151865e-09,0.0005089426272964619,0.0001343596514957486,1.0206423856151752e-05,0.0005564590667645793,64694.78556493804
683620510.5086261,3.7582405657428096e-07,3.758240565742809e-05,1.9412371318864614e-07,6.597922205942084e-09,0.00055515603535059,0.00014758145043098917,1.0206423856151752e-05,0.0006130803425659358,58719.873237704174
753180821.0163321,3.411146782389479e-07,3.411146782389478e-05,2.1387634722864063e-07,6.652286372452594e-09,0.0006051685368922899,0.00016229636803385923,1.0206423856151752e-05,0.0006754629925003677,53296.77628486864
829819088.8461925,3.0961089817054474e-07,3.096108981705447e-05,2.3563886736193716e-07,6.706982752646723e-09,0.0006596164309655812,0.00017858680120996255,1.0206423856151752e-05,0.0007441932525972053,48374.531580824485
914255516.0716082,2.8101666208225497e-07,2.8101666208225492e-05,2.5961578515392283e-07,6.76201134652447e-09,0.0007186002740810749,0.00019640653871256999,1.0206423856151752e-05,0.000819917010051303,43906.88271944432
1007283587.3534485,2.5506325789718346e-07,2.5506325789718343e-05,2.860324217972159e-07,6.8173721540858324e-09,0.0007827364565827177,0.0002158845689320815,1.0206423856151752e-05,0.0009033458728969842,39851.84532315384
1109777526.6495228,2.3150679054782355e-07,2.315067905478235e-05,3.151370255497895e-07,6.873065175330812e-09,0.0008522665548023463,0.00023705704741754384,1.0206423856151752e-05,0.0009952638572883795,36171.31249805743
1222700512.6652236,2.1012588999140945e-07,2.1012588999140942e-05,3.4720310462838205e-07,6.9290904102594056e-09,0.0009277082858016857,0.0002598960468683077,1.0206423856151752e-05,0.0010965347552293514,32830.696727410366
1347113730.2494135,1.9071963090240694e-07,1.9071963090240693e-05,3.825319974803836e-07,6.985447858871619e-09,0.001009976370579149,0.000284579773176057,1.0206423856151752e-05,0.0012081102519906981,29798.604838159412
1484186342.7952623,1.7310564449262957e-07,1.7310564449262956e-05,4.2145570458810514e-07,7.042137521167448e-09,0.0010989654136238241,0.00031176450653774655,1.0206423856151752e-05,0.0013310388694973499,27046.542986077446
1635206479.3609757,1.5711840471494168e-07,1.571184047149417e-05,4.643400084171121e-07,7.099159397146894e-09,0.0011959711916225768,0.0003424818324458415,1.0206423856151752e-05,0.0014664758197304186,24548.648887110772
1801593339.760958,1.4260767274529442e-07,1.4260767274529442e-05,5.115879108280769e-07,7.156513486809959e-09,0.0013014442112497288,0.00037664534598118,1.0206423856151752e-05,0.0014260767274529443,22281.448778605798
1984910531.384053,1.2943708512523481e-07,1.294370851252348e-05,5.63643420254956e-07,7.214199790156638e-09,0.0014158878028984361,0.00041406918276088757,1.0206423856151752e-05,0.001294370851252348,20223.63682647729
2186880763.070584,1.174828722970665e-07,1.174828722970665e-05,6.209957242392083e-07,7.2722183071869346e-09,0.0015410798512294638,0.0004548625999088166,1.0206423856151752e-05,0.001174828722970665,18355.874905313947
2409402034.1327124,1.0663269548920006e-07,1.0663269548920005e-05,6.841837865311054e-07,7.330569037900848e-09,0.0016768640890431072,0.000499078124158677,1.0206423856151752e-05,0.0010663269548920006,16660.610869871158
2654565470.6531796,9.678459102141302e-08,9.678459102141301e-06,7.538014119590387e-07,7.389251982298379e-09,0.001825089105387804,0.0005466566948438157,1.0206423856151752e-05,0.0009678459102141301,15121.913610171317
2924674976.6776342,8.784601210921199e-08,8.784601210921197e-06,8.305028266635298e-07,7.448267140379525e-09,0.0019869598378199987,0.0005976216074571327,1.0206423856151752e-05,0.0008784601210921197,13725.323340155112
3222268884.9710717,7.973295916272961e-08,7.973295916272961e-06,9.150088261357541e-07,7.50761451214429e-09,0.0021628104225511285,0.0006545203500903054,1.0206423856151752e-05,0.000797329591627296,12457.715712983252
3550143810.799645,7.236919040720862e-08,7.236919040720861e-06,1.0081135488362756e-06,7.56729409759267e-09,0.0023554871152307415,0.0007177437191551071,1.0206423856151752e-05,0.0007236919040720862,11307.178486022913
3911380932.9019213,6.56855054069404e-08,6.568550540694039e-06,1.110691939048559e-06,7.627305896724665e-09,0.0025659178244300247,0.0007862321311337054,1.0206423856151752e-05,0.0006568550540694038,10262.899576487685
4309374948.622941,5.961909475963137e-08,5.961909475963137e-06,1.2237079690988306e-06,7.68764990954028e-09,0.002794926874131342,0.0008592862968757796,1.0206423856151752e-05,0.0005961909475963137,9315.06545574284
4747865975.31451,5.411294985000365e-08,5.411294985000364e-06,1.3482236982099086e-06,7.74832613603951e-09,0.00304686216891142,0.0009361059189284279,1.0206423856151752e-05,0.0005411294985000365,8454.768927444722
5230974697.7929125,4.911532711583074e-08,4.911532711583073e-06,1.485409253118954e-06,7.809334576222359e-09,0.0033214132931047814,0.0010167902025383746,1.0206423856151752e-05,0.0004911532711583073,7673.925422865869
5763241092.1491995,4.4579261791896164e-08,4.457926179189616e-06,1.6365538242511139e-06,7.870675230088823e-09,0.0036219866429089767,0.0011005910576499225,1.0206423856151752e-05,0.00044579261791896163,6965.1970267986035
6349667089.816237,4.046212656231843e-08,4.046212656231842e-06,1.8030777807848103e-06,7.932348097638905e-09,0.003952415584495738,0.0011872837286357998,1.0206423856151752e-05,0.0004046212656231843,6321.923520075896
6995763582.824563,3.6725230973714527e-08,3.672523097371452e-06,1.986546018458986e-06,7.9943531788726e-09,0.004312675294240384,0.0012781424390359776,1.0206423856151752e-05,0.0003672523097371452,5738.059790687443
7707602211.975292,3.333345784471789e-08,3.3333457844717884e-06,2.1886826655573058e-06,8.056690473789918e-09,0.004707886611200376,0.0013728020791276816,1.0206423856151752e-05,0.00033333457844717885,5208.119025316641
8491872424.605372,3.025493325503794e-08,3.0254933255037935e-06,2.4113872852676284e-06,8.119359982390849e-09,0.005143071275977025,0.00146974996236674,1.0206423856151752e-05,0.00030254933255037937,4727.121147445476
9355944338.14098,2.7460727012809778e-08,2.7460727012809776e-06,2.6567527266771494e-06,8.182361704675396e-09,0.005617742016781723,0.0015675787435968024,1.0206423856151752e-05,0.00027460727012809774,4290.546017478483
10307938000.194365,2.4924580785399394e-08,2.492458078539939e-06,2.9270847921565226e-06,8.245695640643563e-09,0.006139393839283117,0.001665088267976662,1.0206423856151752e-05,0.0002492458078539939,3894.2909550876448
11356799696.070377,2.262266133879523e-08,2.262266133879523e-06,3.2249239059556438e-06,8.309361790295345e-09,0.006712054310321114,0.0017612211289867402,1.0206423856151752e-05,0.00022622661338795233,3534.6321845978246
12512386020.776596,2.0533336566672407e-08,2.0533336566672405e-06,3.5530689876400543e-06,8.373360153630742e-09,0.007338242456025884,0.0018550566058505695,1.0206423856151752e-05,0.00020533336566672404,3208.1898410987224
13785556505.5971,1.8636972204380707e-08,1.8636972204380703e-06,3.914603754716687e-06,8.437690730649756e-09,0.008026319015104786,0.0019458611023896134,1.0206423856151752e-05,0.00018636972204380702,2911.8962084311192
15188275669.680408,1.6915747317492482e-08,1.6915747317492482e-06,4.312925701625695e-06,8.50235352135239e-09,0.00878050340675014,0.002034749568545041,1.0206423856151752e-05,0.0001691574731749248,2642.96689056644
16733725455.664097,1.535348683097756e-08,1.5353486830977561e-06,4.751778027426365e-06,8.567348525738638e-09,0.009602581176537789,0.002120753303293123,1.0206423856151752e-05,0.0001535348683097756,2398.8746454647776
18436429105.940273,1.3935509525212342e-08,1.393550952521234e-06,5.235284812214828e-06,8.632675743808502e-09,0.010505272879376033,0.002204488363515007,1.0206423856151752e-05,0.0001393550952521234,2177.325635517305
20312387643.679817,1.2648490070377004e-08,1.2648490070377003e-06,5.767989772841295e-06,8.698335175561988e-09,0.011492098437540486,0.0022851310179396803,1.0206423856151752e-05,0.00012648490070377004,1976.2378713883654
22379230241.18472,1.1480333802720274e-08,1.1480333802720274e-06,6.354898962130541e-06,8.764326820999086e-09,0.012565492611755182,0.0023605962191200563,1.0206423856151752e-05,0.00011480333802720272,1793.7216466850239
24656379888.643436,1.0420063065911343e-08,1.0420063065911343e-06,7.001527812868228e-06,8.830650680119803e-09,0.013736949378944976,0.002428069373565698,1.0206423856151752e-05,0.00010420063065911342,1628.0617795903736
27165235920.148323,9.457714049380872e-09,9.457714049380871e-07,7.713952968645226e-06,8.897306752924138e-09,0.015013624395130178,0.002489103996973914,1.0206423856151752e-05,9.457714049380871e-05,1477.701494577779
29929375112.24878,8.584243154197571e-09,8.584243154197569e-07,8.49886938863616e-06,8.964295039412085e-09,0.016396962174213502,0.0025418237800850407,1.0206423856151752e-05,8.584243154197569e-05,1341.2277927357306
32974773244.848213,7.791442006560957e-09,7.791442006560956e-07,9.363653262949875e-06,9.03161553958365e-09,0.01789966448921699,0.0025859914074653377,1.0206423856151752e-05,7.791442006560956e-05,1217.358173222092
36330049206.54543,7.0718603202564436e-09,7.071860320256443e-07,1.0316431329793806e-05,9.099268253438833e-09,0.019530441894244386,0.002622251638458707,1.0206423856151752e-05,7.071860320256443e-05,1104.9285810636586
40026733938.381966,6.418735883178542e-09,6.418735883178543e-07,1.1366157245854991e-05,9.167253180977635e-09,0.021285572995897277,0.0026519360443744864,1.0206423856151752e-05,6.418735883178541e-05,1002.8824680414041
44099566743.37146,5.825931009976422e-09,5.825931009976422e-07,1.2522695727582004e-05,9.235570322200048e-09,0.02318425643682022,0.0026744236490496513,1.0206423856151752e-05,5.825931009976422e-05,910.260863861998
48586821746.35832,5.287874863640149e-09,5.287874863640149e-07,1.3796915254079294e-05,9.304219677106082e-09,0.025241821465580513,0.0026884976358563274,1.0206423856151752e-05,5.287874863640149e-05,826.1933643101461
53530667572.08507,4.799511103999584e-09,4.799511103999583e-07,1.5200790202781781e-05,9.373201245695732e-09,0.027448075355658855,0.002692905914332412,1.0206423856151752e-05,4.799511103999584e-05,749.8899516936768
58977563621.51554,4.356250371166666e-09,4.356250371166666e-07,1.6747513377721787e-05,9.442515027969e-09,0.02981609863575247,0.0026868125393498124,1.0206423856151752e-05,4.356250371166666e-05,680.6335707146258
64978696670.38832,3.953927157388109e-09,3.9539271573881093e-07,1.8451619987863623e-05,9.512161023925884e-09,0.032383285739834976,0.0026699975377133833,1.0206423856151752e-05,3.9539271573881095e-05,617.773389998671
71590461892.90251,3.5887606620150037e-09,3.588760662015003e-07,2.0329124240582813e-05,9.582139233566386e-09,0.0351315453524751,0.002642381089244284,1.0206423856151752e-05,3.588760662015003e-05,560.7186859586504
78874992830.9157,3.257319261727152e-09,3.257319261727152e-07,2.2397669833915835e-05,9.652449656890505e-09,0.03807016203090672,0.002604090971876802,1.0206423856151752e-05,3.257319261727152e-05,508.9332915162829
86900745289.00018,2.956488262123726e-09,2.956488262123726e-07,2.4676695761820037e-05,9.723092293898238e-09,0.041245505359163576,0.002556317561610807,1.0206423856151752e-05,2.956488262123726e-05,461.9305575143588
95743140642.46387,2.6834406276284555e-09,2.683440627628455e-07,2.7187618990585194e-05,9.794067144589588e-09,0.04464443144884464,0.0025001951600953994,1.0206423856151752e-05,2.6834406276284554e-05,419.2687794696946
105485274603.77194,2.4356104146459294e-09,2.435610414645929e-07,2.9954035723083842e-05,9.865374208964556e-09,0.048277733853083864,0.0024356717491324825,1.0206423856151752e-05,2.4356104146459294e-05,380.5470466901144
116218698107.94592,2.2106686583091824e-09,2.2106686583091822e-07,3.3001943142225354e-05,9.937013487023142e-09,0.05217732036792964,0.0023629250880594843,1.0206423856151752e-05,2.210668658309182e-05,345.40147474786255
128044277655.25256,2.0065014862161118e-09,2.0065014862161114e-07,3.635998371743116e-05,1.0008984978765341e-08,0.05636133938787294,0.0022826894308676945,1.0206423856151752e-05,2.0065014862161115e-05,313.5017859044047
141073143196.17606,1.8211902534804858e-09,1.8211902534804857e-07,4.0059714369979726e-05,1.0081288684191158e-08,0.0608189027804351,0.0021893800536074994,1.0206423856151752e-05,1.8211902534804856e-05,284.54820535145797
155427732466.3592,1.6529935124180028e-09,1.6529935124180028e-07,4.4135903026684296e-05,1.0153924603300593e-08,0.06556893549473292,0.002095427773227216,1.0206423856151752e-05,1.6529935124180026e-05,258.2686441008815
171242941585.5598,1.5003306474291362e-09,1.5003306474291362e-07,4.8626855348740795e-05,1.0226892736093647e-08,0.07068070350895708,0.0019969254782156646,1.0206423856151752e-05,1.5003306474291361e-05,234.41614204988727
188667392733.29102,1.3617670212887727e-09,1.3617670212887725e-07,5.357477470615608e-05,1.0300193082570313e-08,0.07610874755537067,0.0018949400719982061,1.0206423856151752e-05,1.3617670212887726e-05,212.76654719296351
207864830814.022,1.2360004932561276e-09,1.2360004932561277e-07,5.902615878058635e-05,1.03738256427306e-08,0.08187191587461182,0.0017907619112829236,1.0206423856151752e-05,1.2360004932561275e-05,193.11640917109514
229015662236.9959,1.1218491823098939e-09,1.1218491823098938e-07,6.503223652363116e-05,1.0447790416574499e-08,0.08801086969935891,0.0016858937298798477,1.0206423856151752e-05,1.121849182309894e-05,175.28106736307075
252318650271.2211,1.018240360514629e-09,1.0182403605146289e-07,7.164944957686255e-05,1.052208740410202e-08,0.09453711588846643,0.0015811995259262792,1.0206423856151752e-05,1.0182403605146288e-05,159.0929155518698
277992782907.60596,9.24200372144637e-10,9.242003721446369e-08,7.89399826776975e-05,1.0596716605313158e-08,0.10140454456584415,0.0014774130723857147,1.0206423856151752e-05,9.24200372144637e-06,144.39982685846496
306279330781.3193,8.388454838311373e-10,8.388454838311373e-08,8.697234803555981e-05,1.067167802020791e-08,0.10874744006684395,0.0013752117607352425,1.0206423856151752e-05,8.388454838311373e-06,131.06372414148393
337444114493.54297,7.613735797476739e-10,7.613735797476738e-08,9.5822029169961e-05,1.074697164878628e-08,0.11645584991081508,0.001275547669552202,1.0206423856151752e-05,7.613735797476739e-06,118.9592824281701
371780002639.58997,6.910566237899473e-10,6.910566237899473e-08,0.00010557219026091696,1.082259749104826e-08,0.12460483676489473,0.0011791800210736033,1.0206423856151752e-05,6.910566237899474e-06,107.97275118284297
409609664018.4221,6.272338179139683e-10,6.272338179139684e-08,0.00011631445767776819,1.0898555546993865e-08,0.13320360767126616,0.0010865166904425246,1.0206423856151752e-05,6.272338179139683e-06,98.0008853452143
451288599887.2127,5.693053923386125e-10,5.693053923386124e-08,0.00012814978103075148,1.0974845816623084e-08,0.14220001736226473,0.0009979258470970815,1.0206423856151752e-05,5.693053923386124e-06,88.94997509308581
497208484756.3582,5.167269692564257e-10,5.167269692564257e-08,0.00014118938183699608,1.105146829993592e-08,0.15173729332752942,0.0009136389752895641,1.0206423856151752e-05,5.167269692564256e-06,80.73496521168892
547800847119.77844,4.690044470861435e-10,4.690044470861435e-08,0.00015555579871595355,1.1128422996932374e-08,0.16169768407711269,0.0008339414539348227,1.0206423856151752e-05,4.690044470861436e-06,73.27865579401694
603541124709.8776,4.256893571920799e-10,4.2568935719207984e-08,0.0001713840389364017,1.1205709907612442e-08,0.17216204771582322,0.0007589786013044913,1.0206423856151752e-05,4.256893571920799e-06,66.51097676079235
664953132386.1162,3.8637464943551423e-10,3.863746494355142e-08,0.00018882284713659926,1.128332903197613e-08,0.18314203782924535,0.0006887759438807498,1.0206423856151752e-05,3.863746494355142e-06,60.36832938242623
732613984643.8054,3.5069086695314303e-10,3.50690866953143e-08,0.00020803610314028276,1.1361280370023433e-08,0.19458929841485276,0.0006233401923454075,1.0206423856151752e-05,3.5069086695314296e-06,54.79298861497724
807159519002.0353,3.1830267421536155e-10,3.1830267421536154e-08,0.00022920436200437772,1.1439563921754356e-08,0.20664689762135938,0.0005625690258500666,1.0206423856151752e-05,3.183026742153615e-06,49.732560633606205
889290271236.5731,2.889057057370927e-10,2.8890570573709268e-08,0.0002525265507708952,1.151817968716889e-08,0.2192062639498547,0.0005063706996520905,1.0206423856151752e-05,2.8890570573709267e-06,45.139490465742824
979778058609.5328,2.6222370582716067e-10,2.6222370582716065e-08,0.00027822183786810985,1.1597127666267046e-08,0.23235034076688502,0.0004545799074815063,1.0206423856151752e-05,2.6222370582716062e-06,40.970615096983735
1079473232961.1716,2.380059324972388e-10,2.3800593249723877e-08,0.00030653169272856523,1.1676407859048813e-08,0.24609650182282644,0.00039918296550618134,1.0206423856151752e-05,2.3800593249723876e-06,37.186757850071714
1189312671824.2192,2.1602480113379785e-10,2.1602480113379785e-08,0.00033772215497901437,1.1756020265514201e-08,0.26040692735226906,0.00035483942443069184,1.0206423856151752e-05,2.1602480113379787e-06,33.752360225162185
1310328582656.517,1.9607374578967015e-10,1.9607374578967016e-08,0.0003720863345268065,1.1835964885663203e-08,0.27541193268416975,0.0003145433823842072,1.0206423856151752e-05,1.9607374578967016e-06,30.635147741628554
1443658202929.167,1.7796527799685737e-10,1.7796527799685736e-08,0.0004099471660371162,1.1916241719495823e-08,0.2910244562177812,0.0002780510036161255,1.0206423856151752e-05,1.7796527799685735e-06,27.805826641176722
1590554487225.8972,1.6152922485845262e-10,1.6152922485845258e-08,0.0004516604436859682,1.1996850767012062e-08,0.3073214698459734,0.0002451305265110712,1.0206423856151752e-05,1.6152922485845259e-06,25.237808602063936
1752397881784.8777,1.466111298622718e-10,1.4661112986227179e-08,0.000497618164707927,1.2077792028211918e-08,0.3243250785771885,0.00021553888844679143,1.0206423856151752e-05,1.4661112986227178e-06,22.906960877443552
1930709297133.2993,1.3307080138797015e-10,1.3307080138797014e-08,0.0005482522131591719,1.2159065503095389e-08,0.3420123073897229,0.00018902147018628082,1.0206423856151752e-05,1.3307080138797015e-06,20.7913795097811
2127164400724.0125,1.207809952673549e-10,1.2078099526735488e-08,0.0006040384185138284,1.2240671191662474e-08,0.36048823865706264,0.00016533876158168897,1.0206423856151752e-05,1.2078099526735487e-06,18.871183490142165
2343609363888.1675,1.096262190173569e-10,1.0962621901735689e-08,0.0006655010272338975,1.2322609093913178e-08,0.37969973311754035,0.0001442640403473436,1.0206423856151752e-05,1.096262190173569e-06,17.128327927980003
2582078211084.6016,9.950164650853588e-11,9.950164650853588e-09,0.0007332176293340089,1.2404879209847503e-08,0.39971420663211904,0.00012556380268531582,1.0206423856151752e-05,9.950164650853588e-07,15.54643447570066
2844811934484.1484,9.031213286980266e-11,9.031213286980265e-09,0.0008078245862379958,1.2487481539465443e-08,0.42056289063975927,0.00010904329165730136,1.0206423856151752e-05,9.031213286980266e-07,14.110637414434265
3134279553516.6943,8.197132037200212e-11,8.197132037200211e-09,0.0008900230109351512,1.2570416082766997e-08,0.4422474750074646,9.448659151057096e-05,1.0206423856151752e-05,8.197132037200211e-07,12.807443954615112
3453201317286.412,7.440082688796896e-11,7.4400826887968956e-09,0.000980585356634211,1.2653682839752165e-08,0.4648495468528969,8.170574879716054e-05,1.0206423856151752e-05,7.440082688796896e-07,11.624607438556621
3804574267898.0737,6.752950930267285e-11,6.752950930267285e-09,0.0010803626758314323,1.2737281810420954e-08,0.48836418782678354,7.052346856985464e-05,1.0206423856151752e-05,6.752950930267284e-07,10.551012253452104
4191700404923.5938,6.129279495141206e-11,6.129279495141206e-09,0.001190292618009231,1.282121299477336e-08,0.5128575950019952,6.07615151624273e-05,1.0206423856151752e-05,6.129279495141206e-07,9.57656937328107
4618217715682.493,5.563207480329112e-11,5.563207480329111e-09,0.001311408241123217,1.2905476392809385e-08,0.5383804368359064,5.226362321144753e-05,1.0206423856151752e-05,5.563207480329112e-07,8.692121547983112
5088134362940.568,5.049415268747959e-11,5.049415268747958e-09,0.0014448477196827847,1.2990072004529021e-08,0.5649670403383188,4.488619443020293e-05,1.0206423856151752e-05,5.049415268747958e-07,7.8893572489233454
5605866351303.152,4.583074538639479e-11,4.5830745386394785e-09,0.001591865040656243,1.3074999829932278e-08,0.5926926451730907,3.8489619595367936e-05,1.0206423856151752e-05,4.583074538639479e-07,7.160732561957994
6176279026269.886,4.159802889797518e-11,4.159802889797518e-09,0.0017538417877143804,1.3160259869019148e-08,0.6215993497901422,3.296542565477289e-05,1.0206423856151752e-05,4.159802889797518e-07,6.499400294096597
6804732795935.053,3.7756226603079813e-11,3.775622660307981e-09,0.0019323001245539753,1.3245852121789639e-08,0.6517623375690468,2.8198248366216885e-05,1.0206423856151752e-05,3.775622660307982e-07,5.899145627546296
7497133504999.561,3.426923546784936e-11,3.4269235467849358e-09,0.0021289170993109923,1.3331776588243747e-08,0.6832536421932727,2.408931896645704e-05,1.0206423856151752e-05,3.426923546784936e-07,5.354327716452142
8259987934480.462,3.1104286768294484e-11,3.1104286768294484e-09,0.002345540404488098,1.341803326838147e-08,0.7161339211102612,2.0561190961599352e-05,1.0206423856151752e-05,3.110428676829448e-07,4.859826677493325
9100464948671.975,2.8231638148798655e-11,2.8231638148798654e-09,0.0025842057404991126,1.350462216220281e-08,0.7504849264970105,1.74923951970732e-05,1.0206423856151752e-05,2.8231638148798654e-07,4.41099547618378
10026462863981.904,2.562429412067849e-11,2.562429412067849e-09,0.002847155946002991,1.359154326970776e-08,0.7863781782887357,1.4627385025175194e-05,1.0206423856151752e-05,2.562429412067849e-07,4.003616256732348
11046683672736.834,2.3257752374209165e-11,2.3257752374209163e-09,0.0031368620748031322,1.3678796590896334e-08,0.8238995093873928,1.2407872503516486e-05,1.0206423856151752e-05,2.3257752374209165e-07,3.6338607050758314
12170714819468.053,2.1109773520103074e-11,2.110977352010307e-09,0.0034560466173804323,1.3766382125768526e-08,0.863137429119522,1.0514474019084162e-05,1.0206423856151752e-05,2.1109773520103074e-07,3.298254072599792
13409119298164.941,1.9160172096603898e-11,1.9160172096603898e-09,0.003807709085282726,1.385429987432433e-08,0.9041719393878871,8.907286690543799e-06,1.0206423856151752e-05,1.9160172096603895e-07,2.993642522462654
14773534917177.396,1.7390626878202796e-11,1.7390626878202794e-09,0.004195154198797852,1.3942549836563755e-08,0.9470972277196812,7.539974718795688e-06,1.0206423856151752e-05,1.7390626878202792e-07,2.7171634916628755
16276783664601.186,1.578450870336783e-11,1.5784508703367829e-09,0.0046220229428017,1.4031132012486793e-08,0.9920063644245417,6.377168433334138e-06,1.0206423856151752e-05,1.578450870336783e-07,2.466218790329097
17932992201899.223,1.4326724203310761e-11,1.432672420331076e-09,0.005092326782626259,1.4120046402093452e-08,1.0389994765112334,5.3163514306221235e-06,1.0206423856151752e-05,1.4326724203310762e-07,2.23845018543586
19757724618087.676,1.3003573963245156e-11,1.3003573963245154e-09,0.005610485361488446,1.4209293005383729e-08,1.0881831919159024,4.491886167508851e-06,1.0206423856151752e-05,1.3003573963245154e-07,2.0317172394948804
21768128692034.184,1.1802623783217077e-11,1.1802623783217077e-09,0.006181368033738453,1.4298871822357615e-08,1.1396591095666617,3.792451555264747e-06,1.0206423856151752e-05,1.1802623783217076e-07,1.8440771959626792
23983097037356.39,1.0712587828692397e-11,1.0712587828692396e-09,0.006810339624232931,1.4388782853015126e-08,1.1935404571702044,3.201205158547279e-06,1.0206423856151752e-05,1.0712587828692395e-07,1.67376672233929
26423444644267.324,9.723222572817463e-12,9.723222572817461e-10,0.007503310843853175,1.4479026097356248e-08,1.249943773523119,2.699757015994083e-06,1.0206423856151752e-05,9.723222572817461e-08,1.519185339390265
29112104486803.24,8.825230533683925e-12,8.825230533683924e-10,0.008266793834944162,1.456960155538099e-08,1.3089904311666312,2.277042470519954e-06,1.0206423856151752e-05,8.825230533683923e-08,1.378880380769377
32074343033636.855,8.010172901976378e-12,8.010172901976377e-10,0.009107963368658179,1.466050922708934e-08,1.37081045015387,1.9193059055331845e-06,1.0206423856151752e-05,8.010172901976377e-08,1.2515333417012937
35337997687723.34,7.270390237927623e-12,7.270390237927623e-10,0.010034724269300703,1.4751749112481318e-08,1.435532909187676,1.6164661776909213e-06,1.0206423856151752e-05,7.270390237927622e-08,1.13594748843698
38933738386096.734,6.5989304923382185e-12,6.598930492338218e-10,0.011055785699292674,1.4843321211556912e-08,1.5032974361553249,1.3615587867841808e-06,1.0206423856151752e-05,6.598930492338218e-08,1.0310366120427807
42895355818183.07,5.989483675242659e-12,5.989483675242659e-10,0.012180743002837129,1.4935225524316117e-08,1.574249389903891,1.1029724146615615e-06,1.0206423856151752e-05,5.989483675242659e-08,0.9358148208376711
47260078971137.26,5.43632255827672e-12,5.43632255827672e-10,0.013420167877409012,1.5027462050758944e-08,1.6485398673157672,9.278121023650738e-07,1.0206423856151752e-05,5.4363225582767195e-08,0.8493872755539995
52068924986311.836,4.934248853500885e-12,4.934248853500885e-10,0.014785707720447903,1.5120030790885385e-08,1.726329173242715,7.803558258365941e-07,1.0206423856151752e-05,4.934248853500884e-08,0.7709417801560897
57367084614605.56,4.478544362899715e-12,4.478544362899715e-10,0.016290195084856168,1.5212931744695442e-08,1.807781272988428,6.559873815926302e-07,1.0206423856151752e-05,4.478544362899715e-08,0.6997411492920983
63204346892978.15,4.0649266394883994e-12,4.064926639488399e-10,0.017947768271902028,1.5306164912189118e-08,1.8930703037574481,5.512869009273365e-07,1.0206423856151752e-05,4.064926639488399e-08,0.6351162806528555
69635567032996.01,3.6895087433551545e-12,3.6895087433551545e-10,0.019774004194790005,1.5399730293366412e-08,1.9823782025003045,4.632239357659217e-07,1.0206423856151752e-05,3.689508743355154e-08,0.5764598671357163
76721181918353.25,3.3487627144502066e-12,3.3487627144502065e-10,0.021786064761473274,1.549362788822732e-08,2.0758948885316686,3.890100593186932e-07,1.0206423856151752e-05,3.348762714450206e-08,0.5232206897239984
84527778055716.42,3.039486418859649e-12,3.039486418859649e-10,0.024002858152329207,1.5587857696771845e-08,2.1738199800612343,3.2661883621363527e-07,1.0206423856151752e-05,3.039486418859649e-08,0.47489843744977533
93128717316165.83,2.7587734570047047e-12,2.7587734570047044e-10,0.026445216508292225,1.5682419718999985e-08,2.276361045759526,2.532655156388029e-07,1.0206423856151752e-05,2.758773457004705e-08,0.4310390057610408
102604826347588.62,2.5039858509810808e-12,2.5039858509810805e-10,0.029136091699253963,1.5777313954911742e-08,2.383736403516311,2.1239129419818792e-07,1.0206423856151752e-05,2.5039858509810806e-08,0.39123022911002225
113045156136724.62,2.272729254369773e-12,2.272729254369773e-10,0.032100771012449535,1.587254040450712e-08,2.4961745211143946,1.7817985090675466e-07,1.0206423856151752e-05,2.2727292543697733e-08,0.35509800765996996
124547818858783.98,2.0628304515556184e-12,2.0628304515556184e-10,0.03536711478774297,1.596809906778611e-08,2.6139144363021733,1.4939704853104925e-07,1.0206423856151752e-05,2.062830451555618e-08,0.3223027917114748
137220909878871.6,1.8723169351050327e-12,1.8723169351050325e-10,0.038965818232972696,1.606398994474872e-08,2.737206460790946,1.2354146194640493e-07,1.0206423856151752e-05,1.8723169351050323e-08,0.29253639081096033
151183523569649.6,1.6993983692830808e-12,1.6993983692830806e-10,0.042930699879744544,1.6160213035394948e-08,2.8663124978023107,1.0336552537497773e-07,1.0206423856151752e-05,1.6993983692830805e-08,0.2655190775552195
166566872491304.22,1.5424497655147216e-12,1.5424497655147214e-10,0.047299019390413276,1.625676833972479e-08,3.001506946180992,8.643021310050122e-08,1.0206423856151752e-05,1.5424497655147214e-08,0.2409969588752217
183515520451226.03,1.399996211682903e-12,1.399996211682903e-10,0.05211182770281934,1.635365585773825e-08,3.143077197230116,7.221967613578265e-08,1.0206423856151752e-05,1.3999962116829027e-08,0.21873959009603192
202188741030978.78,1.2706990117583652e-12,1.270699011758365e-10,0.05741435280323689,1.645087558943533e-08,3.291324151783907,6.037027950258661e-08,1.0206423856151752e-05,1.270699011758365e-08,0.198537809351168
222762014347212.34,1.153343105509352e-12,1.153343105509352e-10,0.0632564247528054,1.654842753481602e-08,3.4465626824969866,4.4291619566313084e-08,1.0206423856151752e-05,1.153343105509352e-08,0.18020177200046708
245428676112210.38,1.0468256500689759e-12,1.0468256500689757e-10,0.06969294396159678,1.6646311693880333e-08,3.609122691006918,3.704212663913408e-08,1.0206423856151752e-05,1.0468256500689758e-08,0.16355916658006217
270401734490986.25,9.501456560564226e-13,9.501456560564225e-11,0.07678439711088554,1.6744528066628254e-08,3.7793494350398205,3.099254758256524e-08,1.0206423856151752e-05,9.501456560564226e-09,0.1484535955190009
297915871828703.56,8.623945808582427e-13,8.623945808582426e-11,0.0845974255719628,1.68430766530598e-08,3.9576046799978126,2.592333999351151e-08,1.0206423856151752e-05,8.623945808582427e-09,0.13474310540541512
328229650059494.6,7.827477906708412e-13,7.82747790670841e-11,0.09320545166316367,1.694195745317496e-08,4.144267222700294,2.1660609381686535e-08,1.0206423856151752e-05,7.827477906708411e-09,0.1222988529905358
361627940521826.06,7.104568110694042e-13,7.104568110694041e-11,0.10268936863030814,1.7041170466973735e-08,4.339733486747782,1.8111442332947563e-08,1.0206423856151752e-05,7.104568110694041e-09,0.11100389439443317
398424601014421.56,6.448422932785546e-13,6.448422932785545e-11,0.11313830083459497,1.714071569445613e-08,4.544418866717162,1.5145599353558755e-08,1.0206423856151752e-05,6.448422932785546e-09,0.10075208613513337
438965425250154.3,5.852876300458527e-13,5.852876300458526e-11,0.12465044129175204,1.7240593135622142e-08,4.7587580824286215,1.26494141250452e-08,1.0206423856151752e-05,5.852876300458527e-09,0.09144708765362387
483631392425173.5,5.312331611238058e-13,5.312331611238058e-11,0.13733397443315196,1.7340802790471766e-08,4.983206567515635,1.0567007895560585e-08,1.0206423856151752e-05,5.312331611238058e-09,0.08300145596105375
532842247440830.6,4.821709139068641e-13,4.821709139068641e-11,0.15130809276046758,1.7441344659005014e-08,5.2182412083804115,7.726752166803013e-09,1.0206423856151752e-05,4.821709139068641e-09,0.07533582390014733
587060445423263.4,4.376398297989499e-13,4.3763982979894985e-11,0.16670411694779955,1.7542218741221872e-08,5.464361192059013,6.465013968227795e-09,1.0206423856151752e-05,4.3763982979895e-09,0.0683781542986075
646795497608944.1,3.9722143145168966e-13,3.9722143145168966e-11,0.18366672991734645,1.764342503712235e-08,5.722089482871619,5.403041517634905e-09,1.0206423856151752e-05,3.972214314516896e-09,0.06206306300547451
712608759436314.5,3.605358901565588e-13,3.605358901565588e-11,0.2023553364857483,1.7744963546706443e-08,5.991973498824692,4.5197761429527734e-09,1.0206423856151752e-05,3.6053589015655883e-09,0.05633120444872755
785118705839211.5,3.272384564345725e-13,3.2723845643457247e-11,0.22294556135826904,1.7846834269974154e-08,6.2745866354257105,3.777693434311262e-09,1.0206423856151752e-05,3.2723845643457247e-09,0.05112871393995554
865006743316248.4,2.9701622028026416e-13,2.9701622028026415e-11,0.24563089954810446,1.7949037206925486e-08,6.570529307869616,3.1560489395065714e-09,1.0206423856151752e-05,2.9701622028026412e-09,0.04640670148519882
953023613394602.6,2.6958517061460647e-13,2.6958517061460647e-11,0.2706245347304959,1.8051572357560428e-08,6.880430134899984,2.6382628427385148e-09,1.0206423856151752e-05,2.695851706146065e-09,0.04212079234508974
1049996447664279.2,2.4468752631330747e-13,2.4468752631330746e-11,0.2981613426194969,1.8154439721878988e-08,7.204947525755023,2.203955567683774e-09,1.0206423856151752e-05,2.4468752631330745e-09,0.03823071002674095
1156836540681930.5,2.220893137290453e-13,2.2208931372904526e-11,0.32850009819395404,1.8257639299881167e-08,7.544770823631596,1.8406959078366444e-09,1.0206423856151752e-05,2.2208931372904525e-09,0.03469989778858318
1274547913789541.2,2.015781679425797e-13,2.015781679425797e-11,0.3619259075149504,1.8361171091566965e-08,7.900621970566772,1.5374849248360188e-09,1.0206423856151752e-05,2.0157816794257967e-09,0.03149517510127091
1404236750325747.8,1.8296133708018501e-13,1.82961337080185e-11,0.39875288698751277,1.8465035096936378e-08,8.273256942314463,1.1206850138939255e-09,1.0206423856151752e-05,1.82961337080185e-09,0.028586425836276668
1547121790896452.0,1.660638709431301e-13,1.6606387094313007e-11,0.4393271152447345,1.85692313159894e-08,8.663467320007342,9.371940825780404e-10,1.0206423856151752e-05,1.6606387094313011e-09,0.025946315251950212
1704545786393496.2,1.507269769269913e-13,1.507269769269913e-11,0.48402988539442166,1.867375974872605e-08,9.072082082115848,7.831369243064479e-10,1.0206423856151752e-05,1.507269769269913e-09,0.02355003311744088
1877988116390173.2,1.3680652778068722e-13,1.3680652778068722e-11,0.5332812881909746,1.877862039514631e-08,9.499969255465844,6.548193261417942e-10,1.0206423856151752e-05,1.3680652778068721e-09,0.021375060560511642
2069078691494026.5,1.2417170718201002e-13,1.2417170718201002e-11,0.587544159805102,1.888381325525019e-08,9.948037842719424,5.47088698341497e-10,1.0206423856151752e-05,1.2417170718201002e-09,0.01940095844821426
2279613270303138.0,1.1270378040156257e-13,1.1270378040156255e-11,0.6473284312902049,1.8989338329037685e-08,10.417239712128072,4.569388296286285e-10,1.0206423856151752e-05,1.1270378040156256e-09,0.017609175311750637
2511570334905832.0,1.0229497850250952e-13,1.0229497850250952e-11,0.7131959206192067,1.90951956165088e-08,10.90857160793593,3.8169352318613854e-10,1.0206423856151752e-05,1.0229497850250953e-09,0.015982873010508866
2767129683509943.5,9.284748559049943e-14,9.284748559049943e-12,0.7857656123246106,1.9201385117663532e-08,11.423077310307407,3.1887506584491017e-10,1.0206423856151752e-05,9.284748559049943e-10,0.014506768496965855
3048692914924437.5,8.427251959651718e-14,8.427251959651717e-12,0.8657194743567912,1.9307906832501875e-08,11.961849809912685,2.661930919380775e-10,1.0206423856151752e-05,8.427251959651717e-10,0.013166990195454326
3358905997394718.0,7.648949795439629e-14,7.64894979543963e-12,0.953808866823998,1.9414760761023837e-08,12.52603366189496,2.2219520916290054e-10,1.0206423856151752e-05,7.64894979543963e-10,0.01195094764512515
3700684133880319.0,6.94252803325153e-14,6.942528033251529e-12,1.0508616028396527,1.952194690322941e-08,13.11682740205393,1.6139567975701577e-10,1.0206423856151752e-05,6.942528033251531e-10,0.010847213182085471
4077239157444699.5,6.301348130330209e-14,6.301348130330209e-12,1.1577897278307667,1.9629465259118614e-08,13.73548608782893,1.3499377520296916e-10,1.0206423856151752e-05,6.301348130330209e-10,0.009845414548828951
4492109714202875.5,5.719384649141931e-14,5.719384649141931e-12,1.275598090412834,1.9737315828691426e-08,14.383323981198368,1.1270521884426343e-10,1.0206423856151752e-05,5.719384649141931e-10,0.008936137421764722
4949194517469187.0,5.191168633802486e-14,5.191168633802486e-12,1.4053937853754392,1.9845498611947866e-08,15.061717324235829,9.423699318308914e-11,1.0206423856151752e-05,5.191168633802486e-10,0.008110836940853995
5452788985607715.0,4.71173621599624e-14,4.71173621599624e-12,1.548396557518097,1.9954013608887902e-08,15.772107274783075,7.872469778220652e-11,1.0206423856151752e-05,4.71173621599624e-10,0.007361757409962802
6007625607887603.0,4.2765819674150955e-14,4.276581967415095e-12,1.7059502641058095,2.0062860819511564e-08,16.516002962397273,6.571615030507934e-11,1.0206423856151752e-05,4.2765819674150953e-10,0.00668185941331918
6618918417677365.0,3.8816165603516914e-14,3.881616560351691e-12,1.8795355036616257,2.0172040243818847e-08,17.2949846920682,5.491385485481514e-11,1.0206423856151752e-05,3.8816165603516914e-10,0.006064753663159268
7292411990911785.0,3.523128338565103e-14,3.523128338565103e-12,2.070783529774361,2.0281551881809746e-08,18.110707308202553,4.584674189506482e-11,1.0206423856151752e-05,3.523128338565103e-10,0.005504640956899926
8034435430291263.0,3.197748437284023e-14,3.1977484372840227e-12,2.2814915806755587,2.0391395733484257e-08,18.964903703300788,3.826199965494549e-11,1.0206423856151752e-05,3.197748437284023e-10,0.004996257679589804
8851961842524483.0,2.902419124566195e-14,2.902419124566195e-12,2.5136397686438046,2.0501571798842387e-08,19.859388504182885,3.194161194103212e-11,1.0206423856151752e-05,2.902419124566195e-10,0.004534826339503634
9752673867548824.0,2.6343650665036095e-14,2.6343650665036093e-12,2.769409687953713,2.0612080077884142e-08,20.796061924714824,2.3073124013573373e-11,1.0206423856151752e-05,2.6343650665036094e-10,0.004116010672040467
1.0745035875532346e+16,2.3910672462413158e-14,2.3910672462413158e-12,3.0512049162358106,2.0722920570609503e-08,21.77691380166926,1.929596445449772e-11,1.0206423856151752e-05,2.3910672462413156e-10,0.0037358748900196076
1.1838373510124974e+16,2.1702392917151713e-14,2.1702392917151713e-12,3.3616736019077775,2.0834093277018482e-08,22.804027824525,1.6134087291436652e-11,1.0206423856151752e-05,2.1702392917151712e-10,0.0033908466974309354
1.3042961325458048e+16,1.969805989650974e-14,1.969805989650974e-12,3.7037333499400225,2.0945598197111077e-08,23.879585959385988,1.3463203205798856e-11,1.0206423856151752e-05,1.9698059896509742e-10,0.003077683719065341
1.4370119340456582e+16,1.787883783911356e-14,1.7878837839113557e-12,4.080598639818327,2.1057435330887297e-08,25.005873086114203,1.1254217193248056e-11,1.0206423856151752e-05,1.7878837839113555e-10,0.0027934430305493695
1.583231941782289e+16,1.6227630749257716e-14,1.6227630749257714e-12,4.495811033360887,2.1169604678347123e-08,26.185281851411435,9.400093340463167e-12,1.0206423856151752e-05,1.6227630749257714e-10,0.0025354535024458913
1.744330246738282e+16,1.4728921538633443e-14,1.4728921538633443e-12,4.953272456266215,2.1282106239490568e-08,27.420317751399672,7.843336401874515e-12,1.0206423856151752e-05,1.4728921538633443e-10,0.0023012906985258527
1.9218207575201024e+16,1.3368626205716549e-14,1.3368626205716548e-12,5.457281866151843,2.139494001431764e-08,28.713604455134767,6.551493132972558e-12,1.0206423856151752e-05,1.3368626205716548e-10,0.0020887540923202486
2.1173714271946944e+16,1.2133961482474874e-14,1.2133961482474873e-12,6.01257565166911,2.1508106002828316e-08,30.067889377308347,5.468022793482792e-12,1.0206423856151752e-05,1.2133961482474872e-10,0.0018958463878463415
2.3328199277468972e+16,1.1013324704615082e-14,1.1013324704615081e-12,6.624372142342014,2.1621604205022624e-08,31.48604951546419,4.562281779770837e-12,1.0206423856151752e-05,1.1013324704615082e-10,0.0017207547501761748
2.570190919456756e+16,9.996184776461526e-15,9.996184776461525e-13,7.298420647406692,2.1735434620900527e-08,32.971097561464006,3.806958358623566e-12,1.0206423856151752e-05,9.996184776461527e-11,0.0015618337694635431
2.831715077484857e+16,9.072983205815016e-15,9.072983205815016e-13,8.041055484491626,2.1849597250462068e-08,34.52618830144447,2.7393729891196798e-12,1.0206423856151752e-05,9.072983205815016e-11,0.001417589998334704
3.119850054465928e+16,8.235044278777487e-15,8.235044278777486e-13,8.859255505867152,2.1964092093707212e-08,36.15462531808689,2.2894337955410967e-12,1.0206423856151752e-05,8.235044278777487e-11,0.0012866679173346642
3.4373035761057044e+16,7.474493530414662e-15,7.474493530414662e-13,9.76070968165944,2.207891915063598e-08,37.85986800828588,1.913350286955341e-12,1.0206423856151752e-05,7.474493530414663e-11,0.0011678371965399743
3.78705888681933e+16,6.784183745093946e-15,6.784183745093946e-13,10.753889356339794,2.2194078421248363e-08,39.645538932439635,1.5977062106916631e-12,1.0206423856151752e-05,6.784183745093945e-11,0.0010599811336304739
4.1724027845355336e+16,6.1576277910890345e-15,6.157627791089034e-13,11.848127857516412,2.2309569905544363e-08,41.515431509971876,1.334072238265988e-12,1.0206423856151752e-05,6.157627791089035e-11,0.0009620861597672841
4.5969565081205064e+16,5.588937658272004e-15,5.588937658272004e-13,13.053708205143227,2.2425393603523975e-08,43.473518077903904,1.114385421332378e-12,1.0206423856151752e-05,5.588937658272004e-11,0.0008732323146597158
5.064709767684589e+16,5.0727691260024205e-15,5.07276912600242e-13,14.381959745389057,2.2541549515187206e-08,45.52395832968679,9.301155165894621e-13,1.0206423856151752e-05,5.0727691260024207e-11,0.0007925846013109797
5.580058237568046e+16,4.604271541235858e-15,4.604271541235858e-13,15.845364617273772,2.265803764053406e-08,47.67110815178096,7.759322594471383e-13,1.0206423856151752e-05,4.604271541235858e-11,0.0007193851391998421
6.147844864343637e+16,4.17904223489482e-15,4.1790422348948195e-13,17.457675052584253,2.2774857979564528e-08,49.91952887725482,6.479292974588215e-13,1.0206423856151752e-05,4.17904223489482e-11,0.0006529460421582521
6.7734053780251224e+16,3.793085148133294e-15,3.7930851481332935e-13,19.23404261138813,2.2892010532278608e-08,52.273996975670535,5.404438753714987e-13,1.0206423856151752e-05,3.7930851481332933e-11,0.0005926429540153273
7.462618434168539e+16,3.442773279689437e-15,3.4427732796894367e-13,21.191160567622514,2.3009495298676308e-08,54.73951420007726,4.507606570789582e-13,1.0206423856151752e-05,3.4427732796894364e-11,0.0005379091812595621
8.221960858074315e+16,3.1248146014271684e-15,3.1248146014271684e-13,23.347420782819732,2.3127312278757632e-08,57.32131821256735,3.7601490774699656e-13,1.0206423856151752e-05,3.124814601427169e-11,0.00048823036758123073
9.058568510241323e+16,2.836221121761856e-15,2.8362211217618556e-13,25.723086542173004,2.3245461472522553e-08,60.02489371098092,2.695583101647281e-13,1.0206423856151752e-05,2.836221121761856e-11,0.00044313966024960537
9.980303345053294e+16,2.5742808062449806e-15,2.57428080624498e-13,28.340482977161415,2.3363942879971105e-08,62.855984080420086,2.2520111952768817e-13,1.0206423856151752e-05,2.5742808062449805e-11,0.0004022133229012267
1.099582729287408e+17,2.3365320914346494e-15,2.336532091434649e-13,31.224206864209364,2.348275650110327e-08,65.82060359430164,1.8813176721716474e-13,1.0206423856151752e-05,2.3365320914346494e-11,0.0003650667535109023
1.2114683659855213e+17,2.1207407525472544e-15,2.1207407525472544e-13,34.40135777095348,2.360190233591906e-08,68.92505019087962,1.5704970129337148e-13,1.0206423856151752e-05,2.1207407525472542e-11,0.00033135087012450224
1.3347386810401629e+17,1.924878907506554e-15,1.9248789075065536e-13,37.90179272228886,2.3721380384418458e-08,72.1759188523721,1.3108129847391687e-13,1.0206423856151752e-05,1.924878907506554e-11,0.0003007488303888696
1.4705520975081942e+17,1.7471059600817787e-15,1.7471059600817786e-13,41.75840677940581,2.384119064660147e-08,75.580115615122,1.0945405579551152e-13,1.0206423856151752e-05,1.7471059600817784e-11,0.00027297305405079306
1.620184911252074e+17,1.5857513030298804e-15,1.5857513030298804e-13,46.00744216853058,2.396133312246811e-08,79.14487224054828,9.133777643775263e-14,1.0206423856151752e-05,1.5857513030298805e-11,0.00024776252044428343
1.7850432848294528e+17,1.4392986186958463e-15,1.4392986186958462e-13,50.688828864384845,2.4081807812018357e-08,82.87776157805641,7.61589868933155e-14,1.0206423856151752e-05,1.439298618695846e-11,0.00022488031556947043
1.9666764617949248e+17,1.3063716295371168e-15,1.3063716295371169e-13,55.84655982897429,2.420261471525223e-08,86.78671365254768,6.358150767597397e-14,1.0206423856151752e-05,1.3063716295371168e-11,0.00020411140571197298
2.1667913255939386e+17,1.1857211646641062e-15,1.185721164664106e-13,61.529104431973664,2.4323753832169707e-08,90.88003251069551,5.305052917310368e-14,1.0206423856151752e-05,1.1857211646641061e-11,0.00018526061668055552
2.3872684398654016e+17,1.0762134208552534e-15,1.0762134208552532e-13,67.78986393780681,2.4445225162770815e-08,95.1664138617866,4.421838805196066e-14,1.0206423856151752e-05,1.0762134208552533e-11,0.00016815079967305406
2.6301797208899094e+17,9.768193077308218e-16,9.768193077308216e-14,74.68767333981029,2.4567028707055528e-08,99.65496355059095,3.687714459037079e-14,1.0206423856151752e-05,9.768193077308217e-12,0.00015262116653450299
2.8978079082596243e+17,8.866047769571974e-16,8.866047769571974e-14,82.28735425744425,2.4689164465023867e-08,104.35521690151612,2.6318727540671902e-14,1.0206423856151752e-05,8.866047769571974e-12,0.0001385257787631266
3.1926680167432685e+17,8.047220446014587e-16,8.047220446014586e-14,90.66032409234063,2.4811632436675818e-08,109.27715897512752,2.1964871398288382e-14,1.0206423856151752e-05,8.047220446014586e-12,0.00012573217606479716
3.5175309709391034e+17,7.30401624148715e-16,7.304016241487149e-14,99.88526716770389,2.493443262201139e-08,114.43124578007934,1.8345909482314395e-14,1.0206423856151752e-05,7.304016241487148e-12,0.00011412013156786528
3.875449644819941e+17,6.629450953133715e-16,6.629450953133714e-14,110.0488741580222,2.5057565021030573e-08,119.82842648550518,1.5323032186046816e-14,1.0206423856151752e-05,6.6294509531337135e-12,0.00010358052200063149
4.26978755087559e+17,6.017185406895639e-16,6.017185406895639e-14,121.24665675784546,2.5181029633733377e-08,125.48016668106922,1.2777153924230366e-14,1.0206423856151752e-05,6.017185406895638e-12,9.40143022140044e-05
4.704250448455792e+17,5.46146588562412e-16,5.4614658856241195e-14,133.58384524539056,2.5304826460119786e-08,131.39847273407702,1.0665497492107937e-14,1.0206423856151752e-05,5.461465885624119e-12,8.533157441253602e-05
5.182921168351431e+17,4.957070058977058e-16,4.9570700589770586e-14,147.17637737578096,2.542895550018982e-08,137.59591729540213,8.901847508047879e-15,1.0206423856151752e-05,4.9570700589770584e-12,7.745074334697905e-05
5.710297980874602e+17,4.499257906981977e-16,4.4992579069819765e-14,162.1519878969487,2.555341675394348e-08,144.08566600840314,7.424244076690592e-15,1.0206423856151752e-05,4.499257906981977e-12,7.029774952937374e-05
6.291336867998717e+17,4.08372717607251e-16,4.0837271760725094e-14,178.65140892684312,2.5678210221380734e-08,150.88150547757297,6.189749278799894e-15,1.0206423856151752e-05,4.08372717607251e-12,6.380537326485651e-05
6.931498096808233e+17,3.70657294899984e-16,3.70657294899984e-14,196.82969247241002,2.580333590250163e-08,157.9978725563426,5.1650820761905894e-15,1.0206423856151752e-05,3.70657294899984e-12,5.79126029598789e-05
7.636797531927293e+17,3.3642509486812826e-16,3.364250948681282e-14,216.8576675185798,2.592879379730613e-08,165.4498850162442,4.308605735943922e-15,1.0206423856151752e-05,3.3642509486812827e-12,5.256406177057637e-05
8.41386316913314e+17,3.053544231135894e-16,3.053544231135894e-14,238.92354538018282,2.6054583905794253e-08,173.25337366260214,3.589033651937345e-15,1.0206423856151752e-05,3.053544231135894e-12,4.770948720324493e-05
9.269997421422884e+17,2.771532954507522e-16,2.7715329545075215e-14,263.234688402913,2.618070622796599e-08,181.4249159649605,2.9930951714768992e-15,1.0206423856151752e-05,2.7715329545075213e-12,4.3303258776526813e-05
1.0213245742863799e+18,2.5155669400812046e-16,2.515566940081204e-14,290.0195586346199,2.630716076382135e-08,189.98187127370784,2.127064965350549e-15,1.0206423856151752e-05,2.5155669400812044e-12,3.9303969306534356e-05
1.1252472235112403e+18,2.2832407674380394e-16,2.283240767438039e-14,319.5298647793572,2.643394751336031e-08,198.94241769769386,1.7747374611736737e-15,1.0206423856151752e-05,2.283240767438039e-12,3.567403578611021e-05
1.239744294711085e+18,2.0723711697064647e-16,2.0723711697064645e-14,352.0429276100812,2.6561066476582902e-08,208.32559072120014,1.48160590731401e-15,1.0206423856151752e-05,2.0723711697064644e-12,3.237934620148102e-05
1.3658917650760328e+18,1.8809765164843143e-16,1.880976516484314e-14,387.86428606870714,2.6688517653489098e-08,218.1513236422777,1.2366321632838991e-15,1.0206423856151752e-05,1.880976516484314e-12,2.938893896730289e-05
1.5048750955029005e+18,1.7072581916233696e-16,1.7072581916233693e-14,427.33056854422057,2.681630104407892e-08,228.4404899183828,1.0317689237812217e-15,1.0206423856151752e-05,1.7072581916233694e-12,2.667471196760447e-05
1.658000370870395e+18,1.549583690876123e-16,1.549583690876123e-14,470.8126563113881,2.6944416648352363e-08,239.2149475092475,8.600018221181645e-16,1.0206423856151752e-05,1.5495836908761232e-12,2.4211158468371074e-05
1.8267065738686403e+18,1.4064712805659837e-16,1.4064712805659836e-14,518.7191688582549,2.7072864466309405e-08,250.49758531119346,7.176904353463715e-16,1.0206423856151752e-05,1.4064712805659837e-12,2.1975127420025254e-05
2.0125791077255273e+18,1.276576073111911e-16,1.276576073111911e-14,571.5003038555581,2.7201644497950083e-08,262.31237178154146,5.986229159840551e-16,1.0206423856151752e-05,1.276576073111911e-12,1.994560589726427e-05
2.2173646949083139e+18,1.1586773885536054e-16,1.1586773885536055e-14,629.6520678537775,2.7330756743274366e-08,274.6844058563916,4.988965807725848e-16,1.0206423856151752e-05,1.1586773885536055e-12,1.8103521631754395e-05
2.442987791810272e+18,1.0516672833078397e-16,1.0516672833078396e-14,693.7209374655782,2.7460201202282274e-08,287.639970269968,4.1612180238798053e-16,1.0206423856151752e-05,1.0516672833078397e-12,1.643156378199317e-05
2.6915686736776356e+18,9.545401383561492e-17,9.545401383561491e-15,764.3089948366156,2.7589977874973788e-08,301.2065873887707,3.4703459660478e-16,1.0206423856151752e-05,9.545401383561493e-13,1.4914020256043779e-05
2.965443359729023e+18,8.663832090194086e-17,8.663832090194084e-15,842.0795856650182,2.7720086761348928e-08,315.4130776791759,2.8925334745768506e-16,1.0206423856151752e-05,8.663832090194085e-13,1.3536630058390074e-05
3.267185565711527e+18,7.863680475118055e-17,7.863680475118055e-15,927.7635529401894,2.785052786140768e-08,330.2896209326593,2.409242905106428e-16,1.0206423856151752e-05,7.863680475118055e-13,1.2286449273357695e-05
3.5996308901914957e+18,7.13742717668102e-17,7.13742717668102e-15,1022.1661049821698,2.7981301175150063e-08,345.8678203787424,2.0088386691610374e-16,1.0206423856151752e-05,7.13742717668102e-13,1.1151729425687209e-05
3.96590346186806e+18,6.478247286829195e-17,6.478247286829195e-15,1126.1743823232166,2.8112406702576042e-08,362.18076982182276,1.421275424055837e-16,1.0206423856151752e-05,6.478247286829196e-13,1.012180707516592e-05
4.369445298326226e+18,5.879946214572129e-17,5.879946214572128e-15,1240.7657945409985,2.8243844443685636e-08,379.2631239445521,1.1859824881563048e-16,1.0206423856151752e-05,5.879946214572127e-13,9.187003607789325e-06
4.81404865212538e+18,5.336901472803008e-17,5.3369014728030075e-15,1367.0172053879353,2.8375614398478866e-08,397.1511719270771,9.894544531984273e-17,1.0206423856151752e-05,5.336901472803008e-13,8.338534281750268e-06
5.303891648193305e+18,4.8440098414199174e-17,4.844009841419917e-15,1506.115052533288,2.8507716566955705e-08,415.8829145385522,8.255889518805079e-17,1.0206423856151752e-05,4.844009841419917e-13,7.56842567352125e-06
5.843577547425727e+18,4.3966394102173625e-17,4.3966394102173624e-15,1659.3664970176028,2.8640150949116162e-08,435.49814486471047,6.888102973578812e-17,1.0206423856151752e-05,4.396639410217362e-13,6.869440748235633e-06
6.438178005466914e+18,3.9905860508760523e-17,3.990586050876052e-15,1828.2117071953164,2.8772917544960232e-08,456.03853284294604,5.737007760887377e-17,1.0206423856151752e-05,3.990586050876052e-13,6.23501085022422e-06
7.093280733193709e+18,3.622033908998488e-17,3.622033908998488e-15,2014.2373926033192,2.8906016354487917e-08,477.54771378454564,4.786224659505214e-17,1.0206423856151752e-05,3.6220339089984883e-13,5.659173974591499e-06
7.815042006787088e+18,3.287519544918708e-17,3.2875195449187078e-15,2219.1917149384813,2.9039447377699217e-08,500.0713810720668,3.9906935925763064e-17,1.0206423856151752e-05,3.2875195449187073e-13,5.136518739745626e-06
8.610244520852159e+18,2.983899386301112e-17,2.983899386301112e-15,2445.0007162693596,2.917321061459415e-08,523.6573832288412,3.326154721375858e-17,1.0206423856151752e-05,2.983899386301112e-13,4.6621335343666015e-06
9.486361128254863e+18,2.7083201866677894e-17,2.7083201866677894e-15,2693.786418864376,2.9307306065172684e-08,548.3558255667572,2.7715241537538913e-17,1.0206423856151752e-05,2.7083201866677896e-13,4.231560360926909e-06
1.0451625065667633e+19,2.458192212239686e-17,2.458192212239686e-15,2967.8867667287864,2.9441733729434844e-08,574.2191766283214,2.3106575679376147e-17,1.0206423856151752e-05,2.458192212239686e-13,3.840752942011218e-06
1.15151073247605e+19,2.231164905118037e-17,2.231164905118037e-15,3269.877596248744,2.9576493607380606e-08,601.3023796490504,1.9259907664455736e-17,1.0206423856151752e-05,2.231164905118037e-13,3.4860386957440757e-06
1.2686801896130204e+19,2.025104794101815e-17,2.025104794101815e-15,3602.596842410677,2.9711585699009997e-08,629.6629692770596,1.6039838467783035e-17,1.0206423856151752e-05,2.025104794101815e-13,3.164084222991257e-06
1.3977719687037247e+19,1.83807544556068e-17,1.8380754455606794e-15,3969.1712080711077,2.984701000432302e-08,659.3611937977181,1.336372109999597e-17,1.0206423856151752e-05,1.8380754455606797e-13,2.871863982004762e-06
1.5399991995538555e+19,1.6683192659526308e-17,1.6683192659526308e-15,4373.045546900176,2.9982766523319636e-08,690.4601431231027,1.113865072263117e-17,1.0206423856151752e-05,1.6683192659526308e-13,2.6066318561328144e-06
1.6966984513403318e+19,1.514240984977467e-17,1.5142409849774671e-15,4818.015236122067,3.0118855255999876e-08,723.0258828180857,7.846222628957579e-18,1.0206423856151752e-05,1.5142409849774673e-13,2.3658953474054444e-06
1.869342292914603e+19,1.3743926641500837e-17,1.3743926641500836e-15,5308.2618432727895,3.025527620236372e-08,757.1275944477943,6.544399955973304e-18,1.0206423856151752e-05,1.3743926641500837e-13,2.147392153481596e-06
2.059553131152305e+19,1.2474600899127437e-17,1.2474600899127436e-15,5848.392422151343,3.03920293624112e-08,792.8377225446271,5.460113833940436e-18,1.0206423856151752e-05,1.2474600899127437e-13,1.9490689078412813e-06
2.2691184573937283e+19,1.1322504234169774e-17,1.1322504234169774e-15,6443.482807243904,3.0529114736142284e-08,830.2321285069687,4.553808150769858e-18,1.0206423856151752e-05,1.1322504234169772e-13,1.7690618834359006e-06
2.500007645252716e+19,1.027680990914576e-17,1.027680990914576e-15,7099.1253134781,3.0666532323557e-08,869.39025175662,3.79792625453383e-18,1.0206423856151752e-05,1.027680990914576e-13,1.6056794784602881e-06
2.7543904576496484e+19,9.327691094165577e-18,9.327691094165576e-16,7821.481289560829,3.080428212465532e-08,910.3952784972179,3.1624468401999183e-18,1.0206423856151752e-05,9.327691094165576e-14,1.4573863196583553e-06
3.034657436987395e+19,8.466228520072656e-18,8.466228520072656e-16,8617.339018766897,3.094236413943726e-08,953.334318432243,2.6374366560026873e-18,1.0206423856151752e-05,8.466228520072655e-14,1.3227888337739877e-06
3.3434423700847067e+19,7.684326660316373e-18,7.684326660316372e-16,9494.177511294858,3.108077836790281e-08,998.2985898179256,2.1984454100811084e-18,1.0206423856151752e-05,7.684326660316373e-14,1.200622151556455e-06
3.6836470389801538e+19,6.974637653879654e-18,6.974637653879654e-16,10460.236787675578,3.1219524810051996e-08,1045.3836132442743,1.831311416577734e-18,1.0206423856151752e-05,6.974637653879653e-14,1.0897382212513714e-06
4.058468490199627e+19,6.330492254335461e-18,6.330492254335461e-16,11524.595313714317,3.135860346588478e-08,1094.6894145557876,1.5250280816202953e-18,1.0206423856151752e-05,6.330492254335461e-14,9.89095019875013e-07
4.471429078748935e+19,5.7458371561294425e-18,5.745837156129442e-16,12697.255314657175,3.1498014335401184e-08,1146.3207373430303,1.2710518244712817e-18,1.0206423856151752e-05,5.745837156129442e-14,8.977467608855051e-07
4.926409569166874e+19,5.215178109118965e-18,5.215178109118964e-16,13989.236770313151,3.1637757418601215e-08,1200.3872654563875,1.0591364466341519e-18,1.0206423856151752e-05,5.215178109118965e-14,8.148350062284762e-07
5.427685604703615e+19,4.733528286791073e-18,4.733528286791072e-16,15412.680974444414,3.177783271548484e-08,1257.0038560147507,8.817682374460975e-19,1.0206423856151752e-05,4.733528286791072e-14,7.395805992332e-07
5.9799678873409585e+19,4.29636142295364e-18,4.29636142295364e-16,16980.96463161695,3.191824022605211e-08,1316.2907834041569,7.343118768207119e-19,1.0206423856151752e-05,4.29636142295364e-14,6.71276342549235e-07
6.588446446242074e+19,3.899569276506386e-18,3.899569276506386e-16,18708.82556372499,3.205897995030298e-08,1378.3739947846211,6.118202244241009e-19,1.0206423856151752e-05,3.899569276506386e-14,6.092803523151873e-07
7.2588394106413335e+19,3.5394230245690646e-18,3.539423024569064e-16,20612.501207510195,3.220005188823747e-08,1443.3853776481023,4.284926866407491e-19,1.0206423856151752e-05,3.5394230245690644e-14,5.530100261057367e-07
7.9974467455121e+19,3.2125382211630007e-18,3.2125382211630007e-16,22709.881204590813,3.234145603985557e-08,1511.4630399958228,3.574487812853627e-19,1.0206423856151752e-05,3.212538221163001e-14,5.01936567971366e-07
8.811209454990772e+19,2.9158429921468917e-18,2.9158429921468913e-16,25020.675517958032,3.24831924051573e-08,1582.7516037303185,2.979859357861559e-19,1.0206423856151752e-05,2.9158429921468913e-14,4.555800191201241e-07
9.707774809914884e+19,2.6465491675222057e-18,2.6465491675222053e-16,27566.599654796362,3.262526098414264e-08,1657.4025118853135,2.485947986394503e-19,1.0206423856151752e-05,2.6465491675222056e-14,4.135047475427904e-07
1.06955682124478e+20,2.402126079825482e-18,2.4021260798254817e-16,30371.578736250023,3.2767661776811614e-08,1735.574350346267,2.0729463377601522e-19,1.0206423856151752e-05,2.402126079825482e-14,3.753153541954193e-07
1.1783872373129947e+20,2.1802767823807584e-18,2.1802767823807583e-16,33461.97233185888,3.291039478316418e-08,1817.4331847448607,1.7279669386378179e-19,1.0206423856151752e-05,2.1802767823807582e-14,3.4065295726806047e-07
1.2982914544419106e+20,1.978916463924304e-18,1.9789164639243039e-16,36866.82217153453,3.305346000320037e-08,1903.1529132433018,1.4385493177373614e-19,1.0206423856151752e-05,1.978916463924304e-14,3.091918196212484e-07
1.4303962630487985e+20,1.7961528567553854e-18,1.7961528567553853e-16,40618.12506292443,3.319685743692018e-08,1992.915635957729,1.1995646702115993e-19,1.0206423856151752e-05,1.7961528567553857e-14,2.806362876969546e-07
1.5759431076464014e+20,1.63026845429993e-18,1.63026845429993e-16,44751.13357888543,3.3340587084323604e-08,2086.9120418055627,9.995029692427514e-20,1.0206423856151752e-05,1.63026845429993e-14,2.5471801313761595e-07
1.7362997532198443e+20,1.4797043709779429e-18,1.4797043709779427e-16,49304.68734075718,3.348464894541065e-08,2185.3418135987063,8.322429202234403e-20,1.0206423856151752e-05,1.4797043709779426e-14,2.3119343100360667e-07
1.9129731386900398e+20,1.3430456926994092e-18,1.343045692699409e-16,54321.57801063571,3.3629043020181295e-08,2288.414052242947,6.92712756892863e-20,1.0206423856151752e-05,1.3430456926994092e-14,2.0984147089095848e-07
2.107623538253362e+20,1.2190081803207102e-18,1.21900818032071e-16,59848.951422643506,3.3773769308635576e-08,2396.347720944968,5.772765454705955e-20,1.0206423856151752e-05,1.21900818032071e-14,1.9046147943967198e-07
2.322080163677269e+20,1.1064262011087078e-18,1.1064262011087078e-16,65938.75063218172,3.391882781077346e-08,2509.372110370383,4.8078991894629613e-20,1.0206423856151752e-05,1.1064262011087079e-14,1.728713347096153e-07
2.5583583541736417e+20,1.004241774799055e-18,1.004241774799055e-16,72648.20404669736,3.406421852659498e-08,2627.7273257412,4.0006822102603786e-20,1.0206423856151752e-05,1.0042417747990548e-14,1.5690573470395305e-07
2.8186785153898263e+20,9.11494631310234e-19,9.114946313102338e-17,80040.36322512139,3.420994145610011e-08,2751.664796907222,3.330842245299303e-20,1.0206423856151752e-05,9.114946313102338e-15,1.424146439566892e-07
3.105486985495627e+20,8.273131866811827e-19,8.273131866811827e-17,88184.69539992239,3.4355996599288845e-08,2881.447812475279,2.7722255481128775e-20,1.0206423856151752e-05,8.273131866811827e-15,1.292618835862053e-07
3.421479024453012e+20,7.509063524298718e-19,7.509063524298718e-17,97157.73628993602,3.4502383956161204e-08,3017.3520791306214,1.9308863755703904e-20,1.0206423856151752e-05,7.509063524298718e-15,1.1732385156497816e-07
