E_prime_GeV_total,rate_acc,rate_acc_2,rate_sync,rate_Hep,rate_pg,rate_photodisintegration,t_ad_val,Shear,ESC
11.259660330599557,11.195139032679396,1119.5139032679394,7.696602123377351e-16,5.053915782198413e-10,7.342087154166943e-15,2.289221904322179e-16,5.128856209121483e-06,5.197162821925653e-12,6926856293230.635
11.259660330599557,11.195139032679396,1119.5139032679394,7.696602123377351e-16,5.053915782198413e-10,7.342087154166943e-15,2.289221904322179e-16,5.128856209121483e-06,5.197162821925653e-12,6926856293230.635
11.259660330599557,11.195139032679396,1119.5139032679394,7.696602123377351e-16,5.053915782198413e-10,7.342087154166943e-15,2.289221904322179e-16,5.128856209121483e-06,5.197162821925653e-12,6926856293230.635
11.259660330599557,11.195139032679396,1119.5139032679394,7.696602123377351e-16,5.053915782198413e-10,7.342087154166943e-15,2.289221904322179e-16,5.128856209121483e-06,5.197162821925653e-12,6926856293230.635
11.259660330599557,11.195139032679396,1119.5139032679394,7.696602123377351e-16,5.053915782198413e-10,7.342087154166943e-15,2.289221904322179e-16,5.128856209121483e-06,5.197162821925653e-12,6926856293230.635
11.259660330599557,11.195139032679396,1119.5139032679394,7.696602123377351e-16,5.053915782198413e-10,7.342087154166943e-15,2.289221904322179e-16,5.128856209121483e-06,5.197162821925653e-12,6926856293230.635
11.259660330599557,11.195139032679396,1119.5139032679394,7.696602123377351e-16,5.053915782198413e-10,7.342087154166943e-15,2.289221904322179e-16,5.128856209121483e-06,5.197162821925653e-12,6926856293230.635
11.259660330599557,11.195139032679396,1119.5139032679394,7.696602123377351e-16,5.053915782198413e-10,7.342087154166943e-15,2.289221904322179e-16,5.128856209121483e-06,5.197162821925653e-12,6926856293230.635
11.259660330599557,11.195139032679396,1119.5139032679394,7.696602123377351e-16,5.053915782198413e-10,7.342087154166943e-15,2.289221904322179e-16,5.128856209121483e-06,5.197162821925653e-12,6926856293230.635
11.259660330599557,11.195139032679396,1119.5139032679394,7.696602123377351e-16,5.053915782198413e-10,7.342087154166943e-15,2.289221904322179e-16,5.128856209121483e-06,5.197162821925653e-12,6926856293230.635
11.259660330599557,11.195139032679396,1119.5139032679394,7.696602123377351e-16,5.053915782198413e-10,7.342087154166943e-15,2.289221904322179e-16,5.128856209121483e-06,5.197162821925653e-12,6926856293230.635
11.259660330599557,11.195139032679396,1119.5139032679394,7.696602123377351e-16,5.053915782198413e-10,7.342087154166943e-15,2.289221904322179e-16,5.128856209121483e-06,5.197162821925653e-12,6926856293230.635
11.259660330599557,11.195139032679396,1119.5139032679394,7.696602123377351e-16,5.053915782198413e-10,7.342087154166943e-15,2.289221904322179e-16,5.128856209121483e-06,5.197162821925653e-12,6926856293230.635
11.259660330599557,11.195139032679396,1119.5139032679394,7.696602123377351e-16,5.053915782198413e-10,7.342087154166943e-15,2.289221904322179e-16,5.128856209121483e-06,5.197162821925653e-12,6926856293230.635
9.002376002113031,14.002243722348378,1400.2243722348376,6.153623130620229e-16,4.5684408111844044e-10,4.857981984554937e-15,1.521309513330734e-16,5.128856209121483e-06,4.155259794119049e-12,8663718223094.233
7.377006519065004,17.087346003563447,1708.7346003563443,5.042592970988935e-16,3.6044330263678566e-10,3.329952149639047e-15,1.0945020425398798e-16,5.128856209121483e-06,3.405032025148694e-12,10572587785992.387
6.561880789040202,19.209959295868973,1920.995929586897,4.485409340193356e-16,2.669075567683068e-10,2.656102979786913e-15,9.143160021018093e-17,5.128856209121483e-06,3.0287914446253977e-12,11885928978002.809
6.039965397430348,20.86989818111131,2086.9898181111307,4.12865123263561e-16,1.8307163224545528e-10,2.2582807915208476e-15,8.048952925249517e-17,5.128856209121483e-06,2.7878890381741126e-12,12912996000578.873
5.68669703784298,22.166375669912632,2216.637566991263,3.887172722033204e-16,1.1675196136527438e-10,2.0051409386849416e-15,7.361340625835515e-17,5.128856209121483e-06,2.6248296624289506e-12,13715175698939.076
5.450178542711941,23.128318067738793,2312.831806773879,3.7254992169367462e-16,7.126221174209883e-11,1.843393075104699e-15,6.940937770098824e-17,5.128856209121483e-06,2.5156589509242467e-12,14310365873233.209
5.303842240240531,23.766442731918495,2376.644273191849,3.6254702406391397e-16,4.487506180724022e-11,1.7462692842634855e-15,6.676980547389401e-17,5.128856209121483e-06,2.448113965696261e-12,14705197758128.61
5.23260796367478,24.089987963340842,2408.9987963340836,3.576777663050166e-16,3.316485732413185e-11,1.6999482088178555e-15,6.547779204377289e-17,5.128856209121483e-06,2.4152340987247698e-12,14905387440086.158
5.227502362892653,24.113516190178217,2411.351619017821,3.573287701837567e-16,3.2364916155545847e-11,1.696771379675824e-15,6.53849828829602e-17,5.128856209121483e-06,2.412877487797853e-12,14919945244653.06
5.283187259108811,23.859359261679867,2385.9359261679865,3.6113514158283523e-16,4.1382169027041357e-11,1.7328412815435302e-15,6.639448236910193e-17,5.128856209121483e-06,2.4385801701044333e-12,14762688732295.516
5.396692538372284,23.357540190686183,2335.754019068618,3.6889385674602396e-16,6.134456029357225e-11,1.80762453293941e-15,6.845030933493098e-17,5.128856209121483e-06,2.4909712192266943e-12,14452194277530.016
5.566715897607109,22.644134383792036,2264.4134383792034,3.805158960375132e-16,9.350253448568274e-11,1.9222844233229694e-15,7.147980711595572e-17,5.128856209121483e-06,2.569449526345137e-12,14010783099992.43
5.7932160348141855,21.75880583501319,2175.8805835013186,3.95998436236667e-16,1.3727582025163636e-10,2.0800579721541497e-15,7.55909833968869e-17,5.128856209121483e-06,2.6739960275441655e-12,13462996814196.05
6.077169661395446,20.74213324379401,2074.213324379401,4.154082409831451e-16,1.896791845495248e-10,2.2856810209327045e-15,8.12577697135167e-17,5.128856209121483e-06,2.8050615470970543e-12,12833942997527.537
6.420425950410127,19.63319316123485,1963.3193161234847,4.388717115082134e-16,2.461297009787493e-10,2.545326687834828e-15,8.846086877219565e-17,5.128856209121483e-06,2.963499614612389e-12,12147799791331.715
6.825622297518961,18.467687980277777,1846.7687980277774,4.665691284282185e-16,3.0183414860866366e-10,2.867892451321931e-15,9.689240197476986e-17,5.128856209121483e-06,3.1505275825033155e-12,11426657617577.648
7.296140779554359,17.276731174793216,1727.6731174793215,4.987316754464473e-16,3.52940603070649e-10,3.2605039936311714e-15,1.0745269592733753e-16,5.128856209121483e-06,3.367706528409675e-12,10689767560298.73
7.836093108910487,16.086264048913666,1608.6264048913663,5.356404109022674e-16,3.970759463536404e-10,3.736930377548574e-15,1.2102235419638292e-16,5.128856209121483e-06,3.6169343105405057e-12,9953180486327.451
8.45032667472491,14.916992882516036,1491.6992882516035,5.77626680719389e-16,4.3331697416873257e-10,4.312012149150256e-15,1.3649512823881442e-16,5.128856209121483e-06,3.900448356124469e-12,9229708154826.082
9.144447112656906,13.78470030050644,1378.4700300506438,6.250736611753486e-16,4.6183945329769387e-10,5.0026724829853124e-15,1.5657439603521225e-16,5.128856209121483e-06,4.220836079025417e-12,8529115873249.533
9.924854609358636,12.70078684507326,1270.0786845073258,6.784188405134034e-16,4.834840320214971e-10,5.825436859405673e-15,1.8190963452976038e-16,5.128856209121483e-06,4.581051636930647e-12,7858457588598.67
10.7987922819404,11.672922264892083,1167.2922264892081,7.381573259472184e-16,4.993847494471074e-10,6.803203036170824e-15,2.1090146495809292e-16,5.128856209121483e-06,4.984438262038574e-12,7222478864704.895
11.774405730439957,10.705717617316795,1070.5717617316793,8.048459144023319e-16,5.107131476566842e-10,7.963772038961423e-15,2.5067672278969567e-16,5.128856209121483e-06,5.434755748910986e-12,6624032737297.103
12.860813388551875,9.801360073695967,980.1360073695965,8.791079013785619e-16,5.185332250543517e-10,9.33954756330481e-15,2.976832021865155e-16,5.128856209121483e-06,5.936212926517863e-12,6064472492080.455
14.068187681537712,8.960177793706311,896.017779370631,9.61638628543146e-16,5.237388300202533e-10,1.0958484033130479e-14,3.5562635616907104e-16,5.128856209121483e-06,6.49350511859242e-12,5544001173868.887
15.407847293595376,8.181120987239009,818.1120987239007,1.0532117907170076e-15,5.270425647596424e-10,1.2859039123471549e-14,4.341440435465832e-16,5.128856209121483e-06,7.111856731820055e-12,5061969237783.976
16.892361083648005,7.462157731391857,746.2157731391856,1.1546865390950843e-15,5.289917889536183e-10,1.5094580431999197e-14,5.233975770391324e-16,5.128856209121483e-06,7.797069220631131e-12,4617119456211.008
18.53566439036909,6.800590483678738,680.0590483678737,1.2670154313396433e-15,5.299955982026294e-10,1.7716894412181353e-14,6.459754910145308e-16,5.128856209121483e-06,8.555574770539095e-12,4207782757502.756
20.35318864891637,6.193302928409605,619.3302928409605,1.3912532916026972e-15,5.303535383625508e-10,2.0778621202930747e-14,7.983932047952316e-16,5.128856209121483e-06,9.394496125812956e-12,3832030959178.742
22.362005413427422,5.636948052347631,563.6948052347631,1.5285670552621072e-15,5.302815412727299e-10,2.433832809264504e-14,9.741083361475588e-16,5.128856209121483e-06,1.0321713066470163e-11,3487793137453.6206
24.580986048087524,5.128088133454444,512.8088133454444,1.6802466846914679e-15,5.299334078172506e-10,2.849235352521917e-14,1.2232472593266585e-15,5.128856209121483e-06,1.1345936117469996e-11,3172942243572.896
27.03097852096265,4.6632963273620245,466.3296327362023,1.847717254098824e-15,5.294176752046026e-10,3.331918600221498e-14,1.5188981193214242e-15,5.128856209121483e-06,1.2476788152093165e-11,2885357959208.4736
29.735002913060246,4.239228199518404,423.9228199518403,2.0325523136549616e-15,5.288103917857265e-10,3.892098266101991e-14,1.8733898496645975e-15,5.128856209121483e-06,1.37248946337779e-11,2622970956104.942
32.71846744377385,3.8526701496158924,385.2670149615892,2.236488656030296e-15,5.281645489208042e-10,4.538122226591011e-14,2.3626254584339e-15,5.128856209121483e-06,1.510198332777875e-11,2383792858106.3394
36.00940701607062,3.5005703594494224,350.0570359449422,2.461442622281046e-15,5.275169161534354e-10,5.2856353118081555e-14,2.9280539853865982e-15,5.128856209121483e-06,1.6620994407346015e-11,2165935389767.5947
39.63874650332671,3.1800567369411583,318.0056736941158,2.7095280989642047e-15,5.268929261107944e-10,6.149700158468618e-14,3.618706023386483e-15,5.128856209121483e-06,1.8296201979998404e-11,1967621479001.7937
43.64059123732531,2.8884453507127272,288.8445350712727,2.9830763746028186e-15,5.263101289487208e-10,7.146619094465069e-14,4.552753202138245e-15,5.128856209121483e-06,2.0143348169136507e-11,1787190475869.2966
48.05254741633067,2.6232420472877487,262.3242047287748,3.2846580413543262e-15,5.257806155842923e-10,8.289227091545027e-14,5.6327799463531505e-15,5.128856209121483e-06,2.2179791005975692e-11,1623099153202.1587
52.91607543611734,2.382139299313387,238.21392993133864,3.617107147145443e-15,5.253127070474536e-10,9.600966948450129e-14,6.929236554569139e-15,5.128856209121483e-06,2.4424667517848507e-11,1473919756479.499
58.276879458301956,2.1630098253973973,216.3009825397397,3.983547824827581e-15,5.249121266249266e-10,1.1108958175809844e-13,8.658836129394771e-15,5.128856209121483e-06,2.6899073542692046e-11,1338336056179.1729
64.18533687240357,1.9638981269568359,196.38981269568356,4.387423648289812e-15,5.245828102074936e-10,1.28375972943385e-13,1.0687513139816755e-14,5.128856209121483e-06,2.962626195743038e-11,1215138111305.7048
70.69697168410599,1.7830107833338222,178.3010783333822,4.8325299911712775e-15,5.243274649990269e-10,1.4820579727423488e-13,1.3050060835884967e-14,5.128856209121483e-06,3.263186118153545e-11,1103216264611.054
77.87297627583945,1.6187061146257449,161.87061146257446,5.3230496920898255e-15,5.241479539720863e-10,1.707254769442073e-13,1.61141088253793e-14,5.128856209121483e-06,3.5944116007977354e-11,1001554746596.3618
85.78078644101417,1.4694836465329635,146.94836465329632,5.863592361420134e-15,5.240455600598659e-10,1.9647564895201863e-13,1.9844518246790415e-14,5.128856209121483e-06,3.959415302389002e-11,909225157014.4357
94.49471509434736,1.3339736802841302,133.39736802841298,6.45923769890814e-15,5.240211675537222e-10,2.2586286992631268e-13,2.4106157935449666e-14,5.128856209121483e-06,4.361627311457702e-11,825380011387.7317
104.09665061247894,1.210927173162052,121.09271731620517,7.11558322912405e-15,5.240753866050006e-10,2.594071818832088e-13,2.93375965155479e-14,5.128856209121483e-06,4.80482737991575e-11,749246479706.6494
114.6768263667012,1.0992060632958807,109.92060632958805,7.838796903291044e-15,5.242086386771465e-10,2.9766513492744684e-13,3.587601753589163e-14,5.128856209121483e-06,5.293180442661785e-11,680120400012.2213
126.33466867883976,0.9977741199626862,99.7774119962686,8.635675061771214e-15,5.244212152167925e-10,3.40931260184661e-13,4.3477833950209226e-14,5.128856209121483e-06,5.83127575699257e-11,617360617131.3478
139.17973116845,0.9056883628352729,90.56883628352728,9.513706301876877e-15,5.247133179641016e-10,3.901459255330375e-13,5.2367570661352903e-14,5.128856209121483e-06,6.424170029610109e-11,560383673440.6122
153.33272427145863,0.822091066735651,82.20910667356509,1.0481141851177867e-14,5.250850866747506e-10,4.4611658295067104e-13,6.31779331652472e-14,5.128856209121483e-06,7.077434936492162e-11,508658861904.6058
168.92664960482503,0.7462023496984482,74.62023496984482,1.1547073107615551e-14,5.255366182079395e-10,5.095737054908514e-13,7.629216224584292e-14,5.128856209121483e-06,7.797209482179022e-11,461703640030.19415
186.1080498371456,0.6773133293917719,67.73133293917718,1.2721517075088533e-14,5.260679796885727e-10,5.81736028249535e-13,9.151794872340779e-14,5.128856209121483e-06,8.5902576905106e-11,419079395485.0518
205.03838581062408,0.6147798245848043,61.47798245848041,1.401551049737468e-14,5.266792175983457e-10,6.63355756162563e-13,1.0923797046566657e-13,5.128856209121483e-06,9.464032168951596e-11,380387548957.24316
225.8955538557023,0.55801657319173,55.80165731917299,1.5441213574998866e-14,5.273703640664751e-10,7.554452557847489e-13,1.3040354286886434e-13,5.128856209121483e-06,1.0426744143840845e-10,345265976640.1333
248.87555755711787,0.5064919355645326,50.64919355645326,1.7012024239712018e-14,5.281414412312557e-10,8.59793471458683e-13,1.555537932755694e-13,5.128856209121483e-06,1.1487440624711964e-10,313385732959.1435
274.194349681625,0.4597230504865297,45.97230504865297,1.874270406046337e-14,5.289924642702942e-10,9.78062234329636e-13,1.8511343579907318e-13,5.128856209121483e-06,1.265608942282847e-10,284448053401.5891
302.08986157670415,0.4172714112413217,41.72714112413217,2.064951696405415e-14,5.299234435101797e-10,1.111816132637937e-12,2.1915283318999266e-13,5.128856209121483e-06,1.3943672822886243e-10,258181617263.0781
332.8242391113429,0.37873882983515816,37.87388298351581,2.275038207408705e-14,5.309343858982388e-10,1.2632150857363127e-12,2.58726359084355e-13,5.128856209121483e-06,1.5362290788154345e-10,234340050559.12042
366.68630617094004,0.3437637586690895,34.376375866908944,2.5065042104501698e-14,5.320252960312121e-10,1.4338421090858004e-12,3.052210236572331e-13,5.128856209121483e-06,1.6925274668915168e-10,212699650104.4519
403.99427885682303,0.31201794049781745,31.20179404978174,2.761524889016041e-14,5.331961768754107e-10,1.6259458910195546e-12,3.603502194161228e-13,5.128856209121483e-06,1.8647312482769581e-10,193057310715.76447
445.09875589682434,0.283203359236139,28.320335923613897,3.042496779799129e-14,5.344470302715184e-10,1.84314423029603e-12,4.235897765075039e-13,5.128856209121483e-06,2.054458694411753e-10,175228638560.23047
490.3860133690692,0.2570494659825011,25.704946598250107,3.3520602939626655e-14,5.357778572886704e-10,2.0884613670003954e-12,4.954033968563986e-13,5.128856209121483e-06,2.2634927539935422e-10,159046234791.2721
540.2816347008726,0.23331065645345597,23.331065645345593,3.693124530195395e-14,5.371886584727956e-10,2.3653142469370215e-12,5.794387231662696e-13,5.128856209121483e-06,2.4937978080970004e-10,144358134741.77103
595.2545100553561,0.21176397781527845,21.176397781527843,4.06889461273655e-14,5.386794340206017e-10,2.677889914879095e-12,6.766742757031044e-13,5.128856209121483e-06,2.747538130289705e-10,131026389053.98593
655.8212426897151,0.19220704462823543,19.22070446282354,4.482901811277693e-14,5.402501839011668e-10,3.0308752841563605e-12,7.909877653317382e-13,5.128856209121483e-06,3.0270982252220186e-10,118925774195.38353
722.5510036935286,0.17445614526510672,17.445614526510667,4.9390367257907535e-14,5.419009079405539e-10,3.426276843208817e-12,9.201805086208504e-13,5.128856209121483e-06,3.335105236821219e-10,107942620828.09894
796.0708807291333,0.15834452171690117,15.834452171690113,5.44158584813408e-14,5.436316058803e-10,3.872759374021094e-12,1.065740060106344e-12,5.128856209121483e-06,3.674453636669125e-10,97973749459.61716
877.0717710384243,0.14372080714964033,14.372080714964032,5.995271844021265e-14,5.454422774174454e-10,4.375869175569897e-12,1.2355942754542785e-12,5.128856209121483e-06,4.048332424570277e-10,88925503700.01132
966.3148740951405,0.13044760692506532,13.04476069250653,6.605297933899353e-14,5.473329222315263e-10,4.9432784450010004e-12,1.4294903544702545e-12,5.128856209121483e-06,4.460255096925837e-10,80712872285.7409
1064.6388449168464,0.11840021004648979,11.840021004648976,7.277396789802352e-14,5.493035400023804e-10,5.582520494564721e-12,1.655273155360947e-12,5.128856209121483e-06,4.914092664538733e-10,73258691802.4249
1172.9676752592488,0.10746541914204635,10.746541914204634,8.017884407684091e-14,5.513541304215075e-10,6.303004731581895e-12,1.909892112099834e-12,5.128856209121483e-06,5.414110030132075e-10,66492922751.18722
1292.3193767558053,0.09754048815568116,9.754048815568115,8.833719461491776e-14,5.534846931989285e-10,7.114699337719096e-12,2.197214548642239e-12,5.128856209121483e-06,5.965006067435931e-10,60351992257.86314
1423.815547601696,0.08853215788669672,8.85321578866967,9.732568696755148e-14,5.55695228066936e-10,8.0252698660171e-12,2.523384393000442e-12,5.128856209121483e-06,6.571957778482313e-10,54778197324.80633
1568.6919126843384,0.08035578040694094,8.035578040694094,1.0722878978222479e-13,5.579857347817238e-10,9.049494800212966e-12,2.8985479668348182e-12,5.128856209121483e-06,7.240668944073171e-10,49719163074.659966
1728.3099362104933,0.07293452419662225,7.2934524196622235,1.181395666860542e-13,5.603562131235984e-10,1.0203560812476134e-11,3.3225177137386244e-12,5.128856209121483e-06,7.977423724610334e-10,45127350937.797226
1904.1696159586827,0.06619865258082241,6.619865258082241,1.3016055084388007e-13,5.628066628962697e-10,1.1502952463269962e-11,3.809182440660263e-12,5.128856209121483e-06,8.789145714996855e-10,40959612193.678246
2097.923579389951,0.06008486872456126,6.008486872456125,1.4340470850559232e-13,5.653370839255749e-10,1.2965320882384602e-11,4.359017654439647e-12,5.128856209121483e-06,9.683463008573782e-10,37176782694.5024
2311.3926140839744,0.05453572105999093,5.4535721059990925,1.5799650059754654e-13,5.67947476057874e-10,1.4611631945971878e-11,4.968926306953756e-12,5.128856209121483e-06,1.0668779881525189e-09,33743314980.506947
2546.5827784466433,0.04949906357989925,4.949906357989924,1.7407305233429685e-13,5.706378391582952e-10,1.646554987511018e-11,5.665558709339294e-12,5.128856209121483e-06,1.1754355771400334e-09,30626944343.127712
2805.704253485636,0.04492756594185069,4.492756594185068,1.917854418419791e-13,5.734081731089372e-10,1.8547350100585335e-11,6.4535871967201244e-12,5.128856209121483e-06,1.2950392291947378e-09,27798385707.887
3091.1921128119525,0.0407782687913047,4.07782687913047,2.1130011990307464e-13,5.762584778071073e-10,2.0878898527277587e-11,7.336648894074259e-12,5.128856209121483e-06,1.4268129101973213e-09,25231058495.974335
3405.7292060520335,0.03701218013393664,3.7012180133936634,2.3280047416450406e-13,5.791887531636444e-10,2.3504680058215928e-11,8.345238502840677e-12,5.128856209121483e-06,1.571994952915023e-09,22900836884.522774
3752.2713707153644,0.03359390897086822,3.3593908970868216,2.564885525085651e-13,5.821989991013538e-10,2.6456527639365804e-11,9.487116913650777e-12,5.128856209121483e-06,1.7319496941360665e-09,20785823122.85783
4134.075209444193,0.030491332758978557,3.049133275897855,2.825869617819597e-13,5.85289215553567e-10,2.9775214471207264e-11,1.0750531354108208e-11,5.128856209121483e-06,1.908180295916956e-09,18866141777.604187
4554.728693679843,0.027675295575062268,2.767529557506226,3.1134095972606796e-13,5.884594024628368e-10,3.350578258809837e-11,1.2156990673101863e-11,5.128856209121483e-06,2.102342871429266e-09,17123752975.424793
5018.184881341147,0.025119334150183435,2.511933415018343,3.4302075976721565e-13,5.917095597797614e-10,3.769526248492001e-11,1.3766946037664526e-11,5.128856209121483e-06,2.3162620481524663e-09,15542282890.105156
5528.799065374266,0.02279942920176894,2.279942920176894,3.7792407032602216e-13,5.950396874619366e-10,4.240650875857667e-11,1.5551349059650273e-11,5.128856209121483e-06,2.5519481146666525e-09,14106869882.306555
6091.369702274411,0.02069377972818506,2.069377972818506,4.1637889250878717e-13,5.98449785473025e-10,4.770005050860216e-11,1.7559772449024087e-11,5.128856209121483e-06,2.8116159121808237e-09,12804024847.076881
6711.183505202018,0.018782598145930515,1.8782598145930514,4.587466024719989e-13,6.01939853781936e-10,5.3626895511837576e-11,1.9827301163597562e-11,5.128856209121483e-06,3.0977056483283245e-09,11621504457.477224
7394.065125452515,0.017047924345147344,1.7047924345147343,5.054253474262481e-13,6.055098923621064e-10,6.027509583831714e-11,2.238996131860672e-11,5.128856209121483e-06,3.4129058288255324e-09,10548196113.687822
8146.43188915709,0.015473456916712725,1.5473456916712722,5.568537871932124e-13,6.091599011908707e-10,6.773099552491978e-11,2.5178027865941604e-11,5.128856209121483e-06,3.760178522492104e-09,9574013516.821156
8975.354103598556,0.014044399965374883,1.404439996537488,6.135152164767113e-13,6.128898802489122e-10,7.609819292452342e-11,2.83123274169148e-11,5.128856209121483e-06,4.142787197058939e-09,8689801886.41049
9888.621499866033,0.012747324069741632,1.274732406974163,6.759421065865417e-13,6.166998295197877e-10,8.549774881711277e-11,3.186109982385169e-11,5.128856209121483e-06,4.564327387348626e-09,7887251931.09166
10894.816436238041,0.011570040082780219,1.1570040082780217,7.447211092955867e-13,6.205897489895136e-10,9.603063583974083e-11,3.5797301357390455e-11,5.128856209121483e-06,5.028760484030149e-09,7158821764.195236
12003.394550217161,0.010501484587085106,1.0501484587085104,8.204985698535556e-13,6.245596386462116e-10,1.0784792745205151e-10,4.012622610475971e-11,5.128856209121483e-06,5.5404509604750945e-09,6497666030.584809
13224.77361713712,0.00953161592864338,0.9531615928643378,9.039866009654521e-13,6.286094984797988e-10,1.2109990289023973e-10,4.5042509648217484e-11,5.128856209121483e-06,6.104207387551668e-09,5897571578.812167
14570.431450384305,0.008651319852198483,0.8651319852198482,9.959697748145176e-13,6.327393284817256e-10,1.3596114698542695e-10,5.0605847959024465e-11,5.128856209121483e-06,6.725327621789935e-09,5352899074.144832
16053.013763243192,0.007852323851514614,0.7852323851514612,1.0973124960174032e-12,6.369491286447477e-10,1.5258560157865314e-10,5.669280496959021e-11,5.128856209121483e-06,7.40964859157042e-09,4858530003.832484
17686.453005988926,0.0071271194297196335,0.7127119429719633,1.208967124798334e-12,6.412388989627314e-10,1.7116093296180472e-10,6.334900223817421e-11,5.128856209121483e-06,8.163601149197927e-09,4409818576.638448
19486.099294989155,0.006468891539222603,0.6468891539222602,1.3319829267191527e-12,6.456086394304881e-10,1.91961530370584e-10,7.089676558412431e-11,5.128856209121483e-06,8.994270504328503e-09,4002548064.645705
21468.86466421102,0.005871454538159172,0.5871454538159171,1.4675159330696163e-12,6.500583500436296e-10,2.1526042751008497e-10,7.939996496878204e-11,5.128856209121483e-06,9.909462806667954e-09,3632891177.085407
23653.38199472605,0.005329194061547426,0.5329194061547425,1.616839804580235e-12,6.5458803079845e-10,2.41325280997054e-10,8.869939431791043e-11,5.128856209121483e-06,1.0917778503647815e-08,3297374093.820624
26060.180115738818,0.0048370142609136454,0.4837014260913645,1.781357800548423e-12,6.591976816918195e-10,2.7048868087746655e-10,9.881584277027144e-11,5.128856209121483e-06,1.2028693162451026e-08,2992843820.5056405
28711.876722639652,0.004390289916590936,0.43902899165909354,1.9626159658570278e-12,6.638873027210969e-10,3.03116958968174e-10,1.1039011596680641e-10,5.128856209121483e-06,1.3252646515906901e-08,2716438558.652408
31633.39092501181,0.0039848229726816686,0.3984822972681668,2.16231765980908e-12,6.686568938840548e-10,3.3961922229759533e-10,1.234197452584366e-10,5.128856209121483e-06,1.4601140569056357e-08,2465560812.1665115
34852.17742199724,0.0036168030862326317,0.3616803086232631,2.3823395633124278e-12,6.735064551788153e-10,3.803950259033643e-10,1.3775487218363393e-10,5.128856209121483e-06,1.6086847688336594e-08,2237852977.628487
38398.48450566475,0.0032827718198933297,0.3282771819893329,2.6247493148404297e-12,6.784359866037967e-10,4.260310664760301e-10,1.5321140920840225e-10,5.128856209121483e-06,1.7723729689144424e-08,2031175188.936084
42305.63831694768,0.0029795901415653556,0.29795901415653553,2.8918249409013535e-12,6.834454881576664e-10,4.769454776679828e-10,1.7057524486700767e-10,5.128856209121483e-06,1.9527169040894702e-08,1843585208.1070805
46610.35602542304,0.0027044089256270127,0.27044089256270126,3.186076263612678e-12,6.885349598393042e-10,5.336944266905498e-10,1.9032971474980767e-10,5.128856209121483e-06,2.151411342256255e-08,1673320173.270335
51353.090876014576,0.0024546421785233284,0.24546421785233283,3.5102684865563595e-12,6.937044016477664e-10,5.970468900711809e-10,2.1204510397911371e-10,5.128856209121483e-06,2.370323498715889e-08,1518780032.3248208
56578.41234516955,0.0022279427371130335,0.2227942737113033,3.867448180561267e-12,6.989538135822594e-10,6.677512816684965e-10,2.3555883920966296e-10,5.128856209121483e-06,2.6115105831814832e-08,1378512506.5870059
62335.42497899587,0.0020221802114011576,0.20221802114011575,4.260971913612089e-12,7.042831956421169e-10,7.466450790218404e-10,2.6122436937175594e-10,5.128856209121483e-06,2.8772391322440753e-08,1251199443.1245673
68678.22984935853,0.0018354209643768834,0.18354209643768832,4.69453779393205e-12,7.096925478267779e-10,8.346739011029121e-10,2.9077643526414994e-10,5.128856209121483e-06,3.1700063089713544e-08,1135644427.5242393
75666.43296443355,0.0016659099408195624,0.1665909940819562,5.172220222663136e-12,7.151818701357728e-10,9.327749675374772e-10,3.2397264712731323e-10,5.128856209121483e-06,3.492563369800551e-08,1030761540.6862566
83365.705411464,0.001512054174311259,0.1512054174311259,5.6985081827291565e-12,7.207511625687057e-10,1.0422367237939244e-09,3.601553252699896e-10,5.128856209121483e-06,3.8479415192535956e-08,935565153.9886994
91848.40049562084,0.0013724078174645717,0.13724078174645715,6.278347423698583e-12,7.264004251252456e-10,1.164202575262063e-09,3.990547843453696e-10,5.128856209121483e-06,4.239480395442446e-08,849160666.9227898
101194.23367447684,0.0012456585546889716,0.12456585546889715,6.917186939075715e-12,7.321296578051137e-10,1.3000731090714865e-09,4.424555204877086e-10,5.128856209121483e-06,4.6708594540546286e-08,770736100.1571031
111491.03167772814,0.0011306152698108702,0.11306152698108701,7.621030172787115e-12,7.379388606080766e-10,1.4516510926239298e-09,4.9216840739165e-10,5.128856209121483e-06,5.146132545747673e-08,699554465.0272821
122835.55785195586,0.00102619685265507,0.102619685265507,8.39649143607215e-12,7.438280335339389e-10,1.620310088583432e-09,5.470665124512313e-10,5.128856209121483e-06,5.66976601189078e-08,634946837.7442714
135334.4214865372,0.0009314220393985016,0.09314220393985015,9.250858064950732e-12,7.497971765825367e-10,1.8083198324687064e-09,6.065846867516426e-10,5.128856209121483e-06,6.246680656655253e-08,576306073.2365977
149105.07966602928,0.0008454001912218268,0.08454001912218266,1.0192158902388506e-11,7.55846289753732e-10,2.0164780896307863e-09,6.703544924397989e-10,5.128856209121483e-06,6.882297989883384e-08,523081099.55305773
164276.94106385112,0.0007673229246021355,0.07673229246021354,1.122923974871493e-11,7.619753730474099e-10,2.248352072880461e-09,7.413438607917642e-10,5.128856209121483e-06,7.582591175299306e-08,474771739.20798886
180992.5820500791,0.0006964565145931173,0.06964565145931172,1.2371846489333766e-11,7.681844264634742e-10,2.5062958341032606e-09,8.236931658645462e-10,5.128856209121483e-06,8.354141162843691e-08,430924008.80314857
199409.08654163044,0.0006321349997031896,0.06321349997031896,1.3630716680911873e-11,7.744734500018435e-10,2.793288809389267e-09,9.147024482387372e-10,5.128856209121483e-06,9.204198532631335e-08,391125852.75480986
219699.52218597868,0.0005737539235752224,0.057375392357522224,1.5017680456720788e-11,7.808424436624508e-10,3.112479297361799e-09,1.0136181928751055e-09,5.128856209121483e-06,1.0140751631705742e-07,355003271.0341073
242054.5667507075,0.0005207646546558636,0.052076465465586357,1.6545771699380195e-11,7.872914074452395e-10,3.466857253001653e-09,1.1199382137792646e-09,5.128856209121483e-06,1.1172601643899788e-07,322216804.5314307
266684.30000278424,0.0004726692304739756,0.047266923047397554,1.822935052574127e-11,7.938203413501617e-10,3.860933088800558e-09,1.2372027048908978e-09,5.128856209121483e-06,1.2309445298266256e-07,292458345.0163305
293820.1779165922,0.00042901567807773273,0.042901567807773267,2.0084238234951603e-11,8.004292453771786e-10,4.298763935399041e-09,1.3732447102294996e-09,5.128856209121483e-06,1.3561965993323906e-07,265448239.714814
323717.20776317845,0.0003893937666545787,0.03893937666545787,2.212786598786499e-11,8.071181195262565e-10,4.785467562687879e-09,1.5238511631033778e-09,5.128856209121483e-06,1.4941934193451715e-07,240932663.29453492
356656.3445209606,0.0003534311524196053,0.03534311524196053,2.4379438615000038e-11,8.138869637973677e-10,5.325627660915493e-09,1.6873609607267973e-09,5.128856209121483e-06,1.646231804089904e-07,218681232.56130436
392947.13112796313,0.00032078987954427284,0.032078987954427284,2.6860115092419294e-11,8.207357781904895e-10,5.924994608415334e-09,1.8631738985323197e-09,5.128856209121483e-06,1.8137405222878958e-07,198484841.45123875
432930.60738714365,0.0002911632042432262,0.029116320424322616,2.959320738153659e-11,8.276645627056022e-10,6.590962373292697e-09,2.0530828743492336e-09,5.128856209121483e-06,1.9982937238981042e-07,180153695.97305351
476982.51486102893,0.00026427271217380606,0.026427271217380605,3.260439950143489e-11,8.346733173426897e-10,7.330607896561043e-09,2.268279832165616e-09,5.128856209121483e-06,2.2016257330671537e-07,163515530.63402504
525516.8278733945,0.00023986570205925965,0.023986570205925963,3.5921988892408484e-11,8.417620421017387e-10,8.147670110332924e-09,2.5136752135593693e-09,5.128856209121483e-06,2.425647346303632e-07,148413989.588632
578989.6438002931,0.0002177128109484556,0.02177128109484556,3.957715233892445e-11,8.489307369827375e-10,9.054142587738437e-09,2.7850145497016693e-09,5.128856209121483e-06,2.672463789037436e-07,134707157.29684937
637903.4692091612,0.00019760585879565953,0.019760585879565952,4.3604238950994855e-11,8.561794019856771e-10,1.0059896954867003e-08,3.0791698190214406e-09,5.128856209121483e-06,2.944394499309657e-07,122266224.88406551
702811.9421246179,0.00017935589210499775,0.017935589210499772,4.8041092957226523e-11,8.635080371105496e-10,1.1175753209341322e-08,3.3948596849700037e-09,5.128856209121483e-06,3.243994924508466e-07,110974279.66985725
774325.0347981103,0.0001627914082548975,0.016279140825489747,5.292940934297291e-11,8.709166423573482e-10,1.2411091054136071e-08,3.742521118013408e-09,5.128856209121483e-06,3.5740805359842857e-07,100725206.49030578
853114.7858740031,0.00014775674381574226,0.014775674381574224,5.831512567566799e-11,8.784052177260676e-10,1.3780981550159043e-08,4.143737419932043e-09,5.128856209121483e-06,3.9377532872195817e-07,91422690.48912236
939921.6158197038,0.00013411061171507999,0.013411061171507997,6.424885379949107e-11,8.859737632167035e-10,1.529975473589501e-08,4.592765328937214e-09,5.128856209121483e-06,4.338430764191924e-07,82979312.00638941
1035561.2849685624,0.00012172477350351469,0.012172477350351468,7.078635545617751e-11,8.936222788292509e-10,1.6981958600432284e-08,5.082643569304137e-09,5.128856209121483e-06,4.779878301868444e-07,75315725.05920847
1140932.559563229,0.00011048283424399999,0.011048283424399999,7.798906630158633e-11,9.013507645637081e-10,1.8843638546973716e-08,5.611875235609211e-09,5.128856209121483e-06,5.266244368644065e-07,68359911.69408865
1257025.6578404848,0.00010027914869960668,0.010027914869960667,8.592467324242736e-11,9.091592204200717e-10,2.0909401819844163e-08,6.17936374270931e-09,5.128856209121483e-06,5.80209955124582e-07,62046505.203913845
1384931.555528964,9.101782854074816e-05,0.009101782854074815,9.46677505186245e-11,9.170476463983395e-10,2.3193831214663115e-08,6.805302320538421e-09,5.128856209121483e-06,6.392479506460856e-07,56316175.84947269
1525852.2382074671,8.261184124217122e-05,0.00826118412421712,1.043004605088503e-10,9.250160424985101e-10,2.5723267646685406e-08,7.507554042817967e-09,5.128856209121483e-06,7.042932283323708e-07,51115073.312916815
1681111.9968695694,7.498219220166975e-05,0.007498219220166974,1.1491332584499459e-10,9.330644087205814e-10,2.8527409257583556e-08,8.300773488017619e-09,5.128856209121483e-06,7.759570460469202e-07,46394320.643649615
1852169.872843721,6.80571823945453e-05,0.006805718239454528,1.2660608009145392e-10,9.411927450645522e-10,3.162836143224055e-08,9.179966186360152e-09,5.128856209121483e-06,8.549128588607773e-07,42109554.94104061
2040633.3690189777,6.177173458768163e-05,0.0061771734587681626,1.3948860498343138e-10,9.49401051530422e-10,3.5059191805573174e-08,1.0137800366260048e-08,5.128856209121483e-06,9.419026477934258e-07,38220510.4575684
2248273.5562265264,5.6066781781383135e-05,0.005606678178138313,1.5368196303187079e-10,9.576893281181893e-10,3.884741734685296e-08,1.1167335459737167e-08,5.128856209121483e-06,1.0377438925208584e-06,34690640.20463644
2477041.7167380466,5.088871213190688e-05,0.005088871213190687,1.6931953519884875e-10,9.660575748278533e-10,4.3033934972130336e-08,1.230049447576006e-08,5.128856209121483e-06,1.1433372535763145e-06,31486772.50513215
2729087.6812868584,4.618886513839246e-05,0.0046188865138392455,1.865482743346392e-10,9.745057916594139e-10,4.766978197079963e-08,1.356782561563322e-08,5.128856209121483e-06,1.2596750362365592e-06,28578799.265209395
3006780.031932567,4.1923074359645704e-05,0.00419230743596457,2.0553008615552562e-10,9.830339786128702e-10,5.2797368321960755e-08,1.501378111662055e-08,5.128856209121483e-06,1.387850515632408e-06,25939393.035852797
3312728.360624022,3.805125236349354e-05,0.003805125236349353,2.2644335073999123e-10,9.91642135688222e-10,5.8457586211939694e-08,1.6618544931459462e-08,5.128856209121483e-06,1.5290682107154754e-06,23543750.20533258
3649807.7926337332,3.4537014008303596e-05,0.0034537014008303593,2.494845988414305e-10,1.0003302628854685e-09,6.473130904020463e-08,1.8365503327661266e-08,5.128856209121483e-06,1.6846552036299775e-06,21369357.90922066
4021186.0053206543,3.134733451648806e-05,0.0031347334516488054,2.7487035877038956e-10,1.00909836020461e-09,7.165378614298458e-08,2.0250626416904012e-08,5.128856209121483e-06,1.856073610862417e-06,19395782.467524413
4430352.99612821,2.8452239126762128e-05,0.0028452239126762124,3.028391912022793e-10,1.017946427645646e-09,7.931485160114206e-08,2.2293834065443666e-08,5.128856209121483e-06,2.044934323365899e-06,17604477.360791277
4881153.879559793,2.582452140869098e-05,0.0025824521408690975,3.3365393103249187e-10,1.0268744652085764e-09,8.778233673803208e-08,2.455638541540648e-08,5.128856209121483e-06,2.253012144780704e-06,15978608.940656217
5377825.021338845,2.3439487592406836e-05,0.0023439487592406836,3.6760415734658665e-10,1.0358824728934008e-09,9.712156940083306e-08,2.707105152679856e-08,5.128856209121483e-06,2.4822624700114307e-06,14502898.236959698
5925033.849321419,2.1274724510855495e-05,0.002127472451085549,4.050089147168941e-10,1.0449704507001183e-09,1.0747561902084843e-07,2.98253242618871e-08,5.128856209121483e-06,2.7348396608962925e-06,13163477.374831429
6527922.715281103,1.9309888973827844e-05,0.001930988897382784,4.4621971139870465e-10,1.0541383986287307e-09,1.188876634233426e-07,3.2897716854445653e-08,5.128856209121483e-06,3.0131172916524717e-06,11947759.252430782
7192157.219753899,1.752651659443565e-05,0.001752651659443565,4.916238226013522e-10,1.0633863166792366e-09,1.3151114262051863e-07,3.6304958190303435e-08,5.128856209121483e-06,3.3197104543524692e-06,10844319.254650787
7923979.454072156,1.5907848271492886e-05,0.0015907848271492883,5.416479298764315e-10,1.072714204851636e-09,1.4545994011986729e-07,4.002087975762415e-08,5.128856209121483e-06,3.657500334045482e-06,9842787.891199226
8730266.65992521,1.443867269718503e-05,0.001443867269718503,5.967621308240027e-10,1.0821220631459292e-09,1.6084013867496342e-07,4.4093196619713636e-08,5.128856209121483e-06,4.0296612844665046e-06,8933753.350132037
9618595.857695397,1.3105183410004414e-05,0.001310518341000441,6.574843567976883e-10,1.0916098915621157e-09,1.7787729079482998e-07,4.859870204881594e-08,5.128856209121483e-06,4.439690658775028e-06,8108673.0510933595
10597315.050909076,1.1894849049617863e-05,0.001189484904961786,7.243852401236906e-10,1.101177690100196e-09,1.9664082302407849e-07,5.3515469306413143e-08,5.128856209121483e-06,4.891441675655336e-06,7359793.3670908725
11675621.675940977,1.079629559439693e-05,0.0010796295594396928,7.980934765730444e-10,1.1108254587601692e-09,2.1735115488194664e-07,5.90991630533174e-08,5.128856209121483e-06,5.389159629634994e-06,6680076.760398034
12863649.034196567,9.79919947494742e-06,0.0009799199474947418,8.793017334805018e-10,1.1205531975420361e-09,2.401872793386257e-07,6.534656117088101e-08,5.128856209121483e-06,5.937521785905095e-06,6063135.6478487905
14172561.519012246,8.894190559180734e-06,0.0008894190559180732,9.68773159031143e-10,1.1303609064457967e-09,2.6540811212456406e-07,7.2203702427549e-08,5.128856209121483e-06,6.5416813345507466e-06,5503172.374028874
15614659.532160662,8.072764097237051e-06,0.000807276409723705,1.0673485538852198e-09,1.1402485854714502e-09,2.932764116141153e-07,7.966077400742282e-08,5.128856209121483e-06,7.20731581724821e-06,4994924.7282665875
17203495.075905617,7.3272007987697374e-06,0.0007327200798769737,1.1759542725360033e-09,1.1502162346189974e-09,3.2397734565581587e-07,8.782078323842487e-08,5.128856209121483e-06,7.940680481514741e-06,4533616.493423337
18953999.106873542,6.650494291523651e-06,0.000665049429152365,1.2956109286530084e-09,1.1602638538884378e-09,3.579365388972508e-07,9.674487455141856e-08,5.128856209121483e-06,8.74866706390333e-06,4114912.561770083
20882621.848540466,6.036285279504645e-06,0.0006036285279504644,1.4274429862184347e-09,1.1703914432797713e-09,3.953453180789284e-07,1.0658187876732559e-07,5.128856209121483e-06,9.638868554553263e-06,3734878.196154477
23007487.380908243,5.478801781997578e-06,0.0005478801781997577,1.572689326588654e-09,1.180599002792998e-09,4.366887488966656e-07,1.1751655663902225e-07,5.128856209121483e-06,1.0619650551715431e-05,3389942.0536191543
25348563.960116398,4.972804891832936e-06,0.0004972804891832935,1.7327148907840084e-09,1.1908865324281184e-09,4.822438004392447e-07,1.2946038216503903e-07,5.128856209121483e-06,1.1700229876801843e-05,3076862.6239880584
27927851.668553118,4.513539543170219e-06,0.0004513539543170218,1.9090235064143174e-09,1.2012540321851321e-09,5.326311490728713e-07,1.423739303485785e-07,5.128856209121483e-06,1.2890761188737372e-05,2792697.7680304176
30769589.15889304,4.096689826142019e-06,0.00040966898261420183,2.1032720197801435e-09,1.2117015020640387e-09,5.880457299248942e-07,1.5660813650379747e-07,5.128856209121483e-06,1.4202432411565509e-05,2534777.068939544
33900481.43492297,3.7183384284316227e-06,0.00037183384284316225,2.317285865955151e-09,1.2222289420648385e-09,6.493906727416161e-07,1.7258174954297133e-07,5.128856209121483e-06,1.5647569872081644e-05,2300676.737301625
37349950.809707396,3.3749298226396886e-06,0.00033749298226396884,2.5530762231681495e-09,1.2328363521875324e-09,7.168845973672124e-07,1.902009078734381e-07,5.128856209121483e-06,1.7239754135516362e-05,2088196.833726001
41150413.399453,3.0632368534961664e-06,0.0003063236853496166,2.8128589126917384e-09,1.2435237324321188e-09,7.915288894868316e-07,2.09762409859982e-07,5.128856209121483e-06,1.8993947627825144e-05,1895340.595088399
45337583.75140243,2.780330410923314e-06,0.0002780330410923314,3.0990752218478485e-09,1.2542910827985984e-09,8.736567629318726e-07,2.3127755677904775e-07,5.128856209121483e-06,2.0926635243905498e-05,1720295.6701070396
49950810.46847433,2.5235519039548628e-06,0.0002523551903954862,3.41441484581274e-09,1.2651384032869719e-09,9.645407820196081e-07,2.5463435400667405e-07,5.128856209121483e-06,2.305597926309613e-05,1561417.0879144713
55033445.98465193,2.2904882768373515e-06,0.00022904882768373514,3.761841163815023e-09,1.2760656938972382e-09,1.0644698093740618e-06,2.8035557782293407e-07,5.128856209121483e-06,2.540199002776283e-05,1417211.7995737416
60633253.96606151,2.078949332529032e-06,0.0002078949332529032,4.144619087258184e-09,1.2870729546293979e-09,1.1750637536821346e-06,3.094688163782267e-07,5.128856209121483e-06,2.798671398891226e-05,1286324.6472687873
66802858.16625418,1.8869471504960767e-06,0.00018869471504960765,4.566345741467762e-09,1.2981601854834506e-09,1.2965749412219104e-06,3.4186344643467944e-07,5.128856209121483e-06,3.083444088597491e-05,1167525.6293158426
73600236.95377707,1.712677405386233e-06,0.0001712677405386233,5.030984269392726e-09,1.309327386459397e-09,1.4309709121121513e-06,3.7754861993429927e-07,5.128856209121483e-06,3.3971932007714546e-05,1059698.3413196786
81089268.15931582,1.554502411023738e-06,0.00015545024110237378,5.542901074928542e-09,1.3205745575572364e-09,1.5784988583002623e-06,4.1690862006172855e-07,5.128856209121483e-06,3.742867167932723e-05,961829.4848514135
89340329.36256738,1.4109357303827214e-06,0.00014109357303827212,6.106906855853204e-09,1.3319016987769693e-09,1.7414809021189246e-06,4.599645267032835e-07,5.128856209121483e-06,4.123714433906053e-05,872999.3450564952
98430959.25998987,1.2806282069125885e-06,0.00012806282069125884,6.728301811979859e-09,1.343308810118595e-09,1.921027698916496e-06,5.066015516752328e-07,5.128856209121483e-06,4.5433139808157805e-05,792373.1477069515
108446586.32858396,1.162355285945798e-06,0.00011623552859457978,7.412925453366316e-09,1.354795891582114e-09,2.119215924544049e-06,5.580550847527865e-07,5.128856209121483e-06,5.005608962287905e-05,719193.2144764567
119481331.63326271,1.0550055070420268e-06,0.00010550055070420267,8.1672114766499e-09,1.3663629431675272e-09,2.337206935927476e-06,6.151826744007583e-07,5.128856209121483e-06,5.514943758925073e-05,652771.8427180629
131638893.32213011,9.575700591264066e-07,9.575700591264066e-05,8.9982482252038e-09,1.3780099648748319e-09,2.578122390527476e-06,6.77764828918346e-07,5.128856209121483e-06,6.07610480428038e-05,592484.8428328523
145033521.12164602,8.691333002670485e-07,8.691333002670484e-05,9.913845301284637e-09,1.389736956704031e-09,2.843351556299357e-06,7.457399625119119e-07,5.128856209121483e-06,6.694365564989038e-05,537765.6724974348
159791089.98941094,7.888641530022745e-07,7.888641530022744e-05,1.0922606956153128e-08,1.401543918655123e-09,3.1354776338992868e-06,8.197003198930713e-07,5.128856209121483e-06,7.375536097754756e-05,488100.11262718966
176050283.01414698,7.160082943557525e-07,7.160082943557524e-05,1.2034012947846327e-08,1.4134308507281086e-09,3.4577515875970816e-06,9.005143733907205e-07,5.128856209121483e-06,8.12601764889913e-05,443021.4350429954
193963894.67907828,6.498810671458615e-07,6.498810671458614e-05,1.3258507626455569e-08,1.425397752922987e-09,3.8120819976633506e-06,9.909116438403512e-07,5.128856209121483e-06,8.952862809568706e-05,402106.0164300033
213700266.73602888,5.8986104597386e-07,5.8986104597386e-05,1.4607598084082213e-08,1.4374446252397591e-09,4.203152192514544e-06,1.0919932865973845e-06,5.128856209121483e-06,9.863841791903728e-05,364969.3573709678
235444870.1837488,5.353841974277488e-07,5.353841974277488e-05,1.6093962291827444e-08,1.4495714676784243e-09,4.632272989982857e-06,1.204484373843068e-06,5.128856209121483e-06,0.00010867515448993427,331262.4690433212
259402048.21698686,4.859385796227969e-07,4.8593857962279686e-05,1.7731568240025087e-08,1.4617782802389827e-09,5.105924311606264e-06,1.3281164739420404e-06,5.128856209121483e-06,0.00011973315724817279,300668.59362425597
285796936.5255362,4.4105953126808233e-07,4.410595312680823e-05,1.9535805201328443e-08,1.4740650629214346e-09,5.624931351590641e-06,1.462790343927132e-06,5.128856209121483e-06,0.0001319163429019418,272900.2275840841
314877578.98911077,4.0032530504868407e-07,4.00325305048684e-05,2.1523628350185432e-08,1.4864318157257796e-09,6.195790491430146e-06,1.6084729203898068e-06,5.128856209121483e-06,0.0001453392019768882,247696.41989450794
346917258.6501276,3.6335310428857647e-07,3.6335310428857645e-05,2.3713718097752283e-08,1.4988785386520176e-09,6.8219835114573115e-06,1.7691002225191313e-06,5.128856209121483e-06,0.00016012787473179514,224820.31976192712
382217065.86953235,3.297954856490749e-07,3.2979548564907485e-05,2.6126655639583215e-08,1.5114052317001493e-09,7.508023791926833e-06,1.9516024973519627e-06,5.128856209121483e-06,0.00017642133655170993,204056.9508407971
421108727.79969686,2.993370940574878e-07,2.9933709405748774e-05,2.8785116365790923e-08,1.5240118948701734e-09,8.25950695404735e-06,2.1559623444092787e-06,5.128856209121483e-06,0.00019437270395815368,185211.19101039213
463957725.76416373,2.716916991827002e-07,2.7169169918270013e-05,3.171408295123628e-08,1.536698528162091e-09,9.08032610515193e-06,2.383270378215739e-06,5.128856209121483e-06,0.00021415067350955287,168105.93873006944
511166729.8395283,2.465995056082369e-07,2.4659950560823687e-05,3.494108012824289e-08,1.5494651315759024e-09,9.980677525682973e-06,2.6337969957101726e-06,5.128856209121483e-06,0.0002359411071138281,152580.44874152454
563179382.9157088,2.2382471142533523e-07,2.238247114253352e-05,3.8496433348097115e-08,1.5623117051116067e-09,1.0959873451440137e-05,2.9074643663077896e-06,5.128856209121483e-06,0.0002599487786510074,138488.8214779096
620484469.7949897,2.0315329230311822e-07,2.031532923031182e-05,4.2413553762083105e-08,1.5752382487692046e-09,1.20308037258804e-05,3.20490359399559e-06,5.128856209121483e-06,0.00028639929831960205,125698.63198416939
683620510.5086261,1.8439099021183668e-07,1.8439099021183665e-05,4.672925220014014e-08,1.5882447625486959e-09,1.3195940174487831e-05,3.527908395576458e-06,5.128856209121483e-06,0.0003155412327906416,114089.6854639775
753180821.0163321,1.6736148789836683e-07,1.6736148789836683e-05,5.148408509773155e-08,1.6013312464500796e-09,1.4461392815563083e-05,3.888069526520773e-06,5.128856209121483e-06,0.0003476484410933457,103552.88775862448
829819088.8461925,1.5190475195873804e-07,1.5190475195873804e-05,5.672273562174657e-08,1.6144977004733568e-09,1.5842659859982432e-05,4.287563124069938e-06,5.128856209121483e-06,0.0003830226481837404,93989.22014327045
914255516.0716082,1.3787552893685125e-07,1.3787552893685122e-05,6.249443357703406e-08,1.627744124618528e-09,1.734301058581033e-05,4.725407645980815e-06,5.128856209121483e-06,0.0004219962803811155,85308.80880629444
1007283587.3534485,1.251419803165875e-07,1.2514198031658747e-05,6.885341803960875e-08,1.6410705188855917e-09,1.897678339989586e-05,5.204894158515597e-06,5.128856209121483e-06,0.00046493558931812726,77430.0802672419
1109777526.6495228,1.135844435797587e-07,1.1358444357975868e-05,7.585944706408707e-08,1.654476883274549e-09,2.0750499707810094e-05,5.727113483340116e-06,5.128856209121483e-06,0.0005122440937616086,70278.99479648056
1222700512.6652236,1.0309430768703736e-07,1.0309430768703733e-05,8.357835925528878e-08,1.6679632177853988e-09,2.2676675107785323e-05,6.2917078144438326e-06,5.128856209121483e-06,0.0005643663716483326,63788.3506326849
1347113730.2494135,9.357299241428451e-08,9.35729924142845e-06,9.20826924813311e-08,1.6815295224181424e-09,2.477705282738661e-05,6.903077190448054e-06,5.128856209121483e-06,0.0006217922379710929,57897.15245958672
1484186342.7952623,8.493102195267636e-08,8.493102195267636e-06,1.0145236554251735e-07,1.6951757971727794e-09,2.7049531243013435e-05,7.578023607991855e-06,5.128856209121483e-06,0.0006850613477764304,52550.038207306054
1635206479.3609757,7.708718406685098e-08,7.708718406685096e-06,1.1177542920195648e-07,1.7089020420493093e-09,2.9524533337078647e-05,8.343017331304265e-06,5.128856209121483e-06,0.000754768267530347,47696.75879166786
1801593339.760958,6.9967766909336e-08,6.996776690933599e-06,1.2314889363566026e-07,1.722708257047733e-09,3.221333278402381e-05,9.197130616754756e-06,5.128856209121483e-06,0.00069967766909336,43291.70590239938
1984910531.384053,6.350586631928009e-08,6.3505866319280086e-06,1.356796400780155e-07,1.7365944421680497e-09,3.512829711855759e-05,1.0137371715474581e-05,5.128856209121483e-06,0.0006350586631928009,39293.483402634076
2186880763.070584,5.7640757095881216e-08,5.7640757095881215e-06,1.4948542522974921e-07,1.7505605974102594e-09,3.8310411528859923e-05,1.1168686400359964e-05,5.128856209121483e-06,0.0005764075709588123,35664.5183119824
2409402034.1327124,5.231732233810496e-08,5.231732233810495e-06,1.6469598786722988e-07,1.7646067227743626e-09,4.175829083413561e-05,1.229535232431308e-05,5.128856209121483e-06,0.0005231732233810496,32370.70771741404
2654565470.6531796,4.748553548795702e-08,4.748553548795701e-06,1.8145426805237858e-07,1.7787328182603592e-09,4.551271289235842e-05,1.351999119597246e-05,5.128856209121483e-06,0.00047485535487957017,29381.09829382424
2924674976.6776342,4.309999020985259e-08,4.309999020985258e-06,1.9991775040062032e-07,1.7929388838682487e-09,4.9604407419489863e-05,1.484836634723325e-05,5.128856209121483e-06,0.00043099990209852587,26667.595422603983
3222268884.9710717,3.911947368816136e-08,3.911947368816135e-06,2.2025994403012803e-07,1.8072249195980319e-09,5.404095968731473e-05,1.6356874541899687e-05,5.128856209121483e-06,0.0003911947368816136,24204.699174678924
3550143810.799645,3.5506579333025445e-08,3.550657933302544e-06,2.4267201310006613e-07,1.8215909254497075e-09,5.8889552560373716e-05,1.806753342741171e-05,5.128856209121483e-06,0.00035506579333025447,21969.264676938612
3911380932.9019213,3.222735525488325e-08,3.2227355254883247e-06,2.6736457326068916e-07,1.8360369014232764e-09,6.417269933566537e-05,1.9964879350718005e-05,5.128856209121483e-06,0.0003222735525488325,19940.284610117928
4309374948.622941,2.9250985204266618e-08,2.9250985204266614e-06,2.945696708972958e-07,1.8505628475187393e-09,6.990912018277978e-05,2.204472861738763e-05,5.128856209121483e-06,0.00029250985204266617,18098.691794172108
4747865975.31451,2.6549498978529358e-08,2.6549498978529357e-06,3.2454296376781474e-07,1.865168763736095e-09,7.620192429876423e-05,2.4301909699066317e-05,5.128856209121483e-06,0.0002654949897852936,16427.180005957594
5230974697.7929125,2.4097509574074635e-08,2.409750957407463e-06,3.5756612352641293e-07,1.8798546500753443e-09,8.304518088564307e-05,2.6752533726838127e-05,5.128856209121483e-06,0.00024097509574074632,14910.041345365451
5763241092.1491995,2.1871974613992704e-08,2.18719746139927e-06,3.9394948271063145e-07,1.8946205065364866e-09,9.051989992235089e-05,2.9392512585142554e-05,5.128856209121483e-06,0.00021871974613992706,13533.018621570058
6349667089.816237,1.9851979809142233e-08,1.9851979809142234e-06,4.3403495106691776e-07,1.9094663331195223e-09,9.871604157556189e-05,3.223428162977484e-05,5.128856209121483e-06,0.00019851979809142232,12283.171372203398
6995763582.824563,1.8018542417768836e-08,1.8018542417768836e-06,4.781992286204817e-07,1.9243921298244508e-09,0.000107634482723488,3.534213948143635e-05,5.128856209121483e-06,0.00018018542417768836,11148.754256381333
7707602211.975292,1.6354432856687618e-08,1.6354432856687616e-06,5.268573456840521e-07,1.9393978966512733e-09,0.00011739978141739378,3.872634303483004e-05,5.128856209121483e-06,0.00016354432856687616,10119.106678789627
8491872424.605372,1.4844012787634965e-08,1.4844012787634963e-06,5.804665630724852e-07,1.9544836335999888e-09,0.00012813299759172585,4.235632799787572e-05,5.128856209121483e-06,0.00014844012787634965,9184.552607580814
9355944338.14098,1.3473088157218944e-08,1.3473088157218943e-06,6.395306691751848e-07,1.9696493406705975e-09,0.00013982410367983567,4.620298579452209e-05,5.128856209121483e-06,0.00013473088157218944,8336.309644628587
10307938000.194365,1.22287758094228e-08,1.2228775809422799e-06,7.046047142677306e-07,1.9848950178630994e-09,0.00015265805668200836,5.0238566754967395e-05,5.128856209121483e-06,0.000122287758094228,7566.40649363454
11356799696.070377,1.109938241716311e-08,1.1099382417163109e-06,7.763002265530344e-07,2.0002206651774943e-09,0.0001667402555874608,5.443589152353565e-05,5.128856209121483e-06,0.00011099382417163109,6867.608050500352
12512386020.776596,1.0074294595171324e-08,1.0074294595171322e-06,8.552909589493653e-07,2.0156262826137823e-09,0.00018214347158550934,5.876717105478774e-05,5.128856209121483e-06,0.00010074294595171322,6233.347412008
13785556505.5971,9.143879161543293e-09,9.143879161543292e-07,9.423192206302313e-07,2.0311118701719637e-09,0.00019908247709690224,6.320586246274799e-05,5.128856209121483e-06,9.143879161543293e-05,5657.664163865012
15188275669.680408,8.299392610672789e-09,8.299392610672787e-07,1.0382028528162374e-06,2.0466774278520387e-09,0.0002176808226643174,6.780431047091874e-05,5.128856209121483e-06,8.299392610672788e-05,5135.148368181681
16733725455.664097,7.532898946847476e-09,7.532898946847475e-07,1.1438429143734206e-06,2.0623229556540066e-09,0.00023800896638506984,7.252767685184717e-05,5.128856209121483e-06,7.532898946847476e-05,4660.889724006625
18436429105.940273,6.8371951063556054e-09,6.837195106355604e-07,1.2602321494428249e-06,2.0780484535778678e-09,0.0002604192888559465,7.742022178559874e-05,5.128856209121483e-06,6.837195106355605e-05,4230.431423161167
20312387643.679817,6.205743267263231e-09,6.20574326726323e-07,1.3884643166752198e-06,2.093853921623623e-09,0.00028504160906935125,8.245063143376808e-05,5.128856209121483e-06,6.205743267263232e-05,3839.728267736199
22379230241.18472,5.632609410748608e-09,5.632609410748607e-07,1.5297444677416944e-06,2.1097393597912707e-09,0.0003119932319523308,8.751801788913388e-05,5.128856209121483e-06,5.6326094107486075e-05,3485.1086556641103
24656379888.643436,5.11240755662863e-09,5.112407556628629e-07,1.6854002717116314e-06,2.1257047680808117e-09,0.00034162394281541406,9.251257841130287e-05,5.128856209121483e-06,5.1124075566286295e-05,3163.240077128127
27165235920.148323,4.640249149035132e-09,4.640249149035132e-07,1.856894491718003e-06,2.1417501464922467e-09,0.0003742000916345166,9.743809196607638e-05,5.128856209121483e-06,4.640249149035133e-05,2871.097797564315
29929375112.24878,4.211697116596956e-09,4.2116971165969553e-07,2.0458387311584667e-06,2.157875495025574e-09,0.00040985900511027965,0.00010221672157009907,5.128856209121483e-06,4.211697116596956e-05,2605.9364329572436
32974773244.848213,3.8227241754119036e-09,3.822724175411903e-07,2.2540085786111037e-06,2.174080813680794e-09,0.00044900640222828795,0.00010682089302523897,5.128856209121483e-06,3.822724175411903e-05,2365.264150310365
36330049206.54543,3.4696749829641396e-09,3.469674982964139e-07,2.4833602937879385e-06,2.190366102457908e-09,0.0004919625811961214,0.00011127088202841773,5.128856209121483e-06,3.469674982964139e-05,2146.8192508421107
40026733938.381966,3.1492317873313456e-09,3.1492317873313455e-07,2.736049191331216e-06,2.206731361356916e-09,0.0005387532931598995,0.0001156616603787876,5.128856209121483e-06,3.1492317873313455e-05,1948.5489158500573
44099566743.37146,2.8583832488729333e-09,2.858383248872933e-07,3.014449895212609e-06,2.2231765903778157e-09,0.0005900098532141568,0.0001199700264594594,5.128856209121483e-06,2.8583832488729333e-05,1768.5899155092275
48586821746.35832,2.594396141403401e-09,2.594396141403401e-07,3.321178654074602e-06,2.2397017895206095e-09,0.0006461929849298243,0.00012411201059699622,5.128856209121483e-06,2.5943961414034015e-05,1605.2510993168366
53530667572.08507,2.354789666914983e-09,2.3547896669149827e-07,3.6591179272206213e-06,2.2563069587852966e-09,0.0007071501169800384,0.0001279992805193424,5.128856209121483e-06,2.3547896669149832e-05,1456.997503638921
58977563621.51554,2.13731214247415e-09,2.13731214247415e-07,4.031443472298853e-06,2.272992098171877e-09,0.0007733035854564266,0.0001315700183544283,5.128856209121483e-06,2.13731214247415e-05,1322.4359270107243
64978696670.38832,1.9399198402089704e-09,1.9399198402089702e-07,4.441654189234083e-06,2.2897572076803506e-09,0.000845708585083591,0.00013478655166918288,5.128856209121483e-06,1.9399198402089705e-05,1200.3018376359005
71590461892.90251,1.7607577815377084e-09,1.760757781537708e-07,4.893605000863634e-06,2.3066022873107175e-09,0.0009240203389378362,0.00013761939064184023,5.128856209121483e-06,1.760757781537708e-05,1089.4474900487435
78874992830.9157,1.598142305154026e-09,1.5981423051540257e-07,5.391543079270436e-06,2.323527337062978e-09,0.001008491658762812,0.0001400474852864553,5.128856209121483e-06,1.598142305154026e-05,988.8311392667725
86900745289.00018,1.450545244952722e-09,1.450545244952722e-07,5.940147758247503e-06,2.340532356937131e-09,0.0011003812439919363,0.0001421300886135885,5.128856209121483e-06,1.450545244952722e-05,897.5072510744657
95743140642.46387,1.3165795692093665e-09,1.3165795692093665e-07,6.544574506967966e-06,2.3576173469331774e-09,0.0011994415471292,0.00014395326831538046,5.128856209121483e-06,1.3165795692093665e-05,814.6176164400968
105485274603.77194,1.1949863460591442e-09,1.194986346059144e-07,7.210503378099709e-06,2.3747823070511173e-09,0.001306093252194261,0.0001454713328686851,5.128856209121483e-06,1.1949863460591442e-05,739.3832865640942
116218698107.94592,1.084622912784019e-09,1.084622912784019e-07,7.94419238565199e-06,2.3920272372909506e-09,0.0014212465200882426,0.00014661917828607125,5.128856209121483e-06,1.0846229127840191e-05,671.0972527691771
128044277655.25256,9.844521377299985e-10,9.844521377299984e-08,8.752536314168364e-06,2.4093521376526767e-09,0.0015454943657067716,0.00014737815456940896,5.128856209121483e-06,9.844521377299985e-06,609.1178024420948
141073143196.17606,8.93532673944304e-10,8.935326739443039e-08,9.643131511920036e-06,2.4267570081362956e-09,0.0016786919350260257,0.000147534216999289,5.128856209121483e-06,8.93532673944304e-06,552.862488590011
155427732466.3592,8.110101129416523e-10,8.110101129416522e-08,1.0624347276989375e-05,2.4442418487418087e-09,0.001821565858896542,0.00014742028076971468,5.128856209121483e-06,8.110101129416522e-06,501.80265634084265
171242941585.5598,7.361089554679573e-10,7.361089554679573e-08,1.1705404507088028e-05,2.4618066594692154e-09,0.0019764502410534097,0.00014688197699944903,5.128856209121483e-06,7.361089554679573e-06,455.4584749508284
188667392733.29102,6.681253238072883e-10,6.681253238072882e-08,1.2896462352215507e-05,2.4794514403185137e-09,0.0021421797666968225,0.0001459199029285018,5.128856209121483e-06,6.681253238072883e-06,413.39442863297995
207864830814.022,6.064203471465922e-10,6.06420347146592e-08,1.4208713684469433e-05,2.497176191289707e-09,0.0023196257970636903,0.00014455440866873758,5.128856209121483e-06,6.064203471465922e-06,375.21522383184987
229015662236.9959,5.50414157837646e-10,5.504141578376458e-08,1.5654490282177768e-05,2.514980912382792e-09,0.0025104273552221095,0.00014287476213350157,5.128856209121483e-06,5.504141578376459e-06,340.5620744835393
252318650271.2211,4.995804421366004e-10,4.9958044213660035e-08,1.7247378716812318e-05,2.5328656035977712e-09,0.0027154081852819685,0.00014087957259966381,5.128856209121483e-06,4.995804421366004e-06,309.10933035198116
277992782907.60596,4.5344149421210755e-10,4.534414942121075e-08,1.900234803172192e-05,2.5508302649346443e-09,0.0029332043338879694,0.00013852402972388755,5.128856209121483e-06,4.534414942121075e-06,280.56141675654607
306279330781.3193,4.115637269424751e-10,4.11563726942475e-08,2.0935890412535857e-05,2.5688748963934098e-09,0.0031691509479380956,0.00013579886951268336,5.128856209121483e-06,4.11563726942475e-06,254.65005693231038
337444114493.54297,3.735535973149087e-10,3.735535973149086e-08,2.3066176171176713e-05,2.586999497974069e-09,0.0034195400188881406,0.0001327210413980343,5.128856209121483e-06,3.735535973149087e-06,231.13175092032998
371780002639.58997,3.390539081361117e-10,3.390539081361116e-08,2.5413224499932477e-05,2.6052040696766197e-09,0.0036875554645482366,0.00012934430692180195,5.128856209121483e-06,3.3905390813611166e-06,209.78548729599552
409609664018.4221,3.0774045129984444e-10,3.0774045129984445e-08,2.799909160023658e-05,2.6234886115010654e-09,0.003973986626616714,0.00012566612526722866,5.128856209121483e-06,3.0774045129984446e-06,190.41066623160802
451288599887.2127,2.7931896106684393e-10,2.793189610668439e-08,3.0848077954079464e-05,2.6418531234474036e-09,0.0042767965065768675,0.00012168358406514482,5.128856209121483e-06,2.793189610668439e-06,172.82521437533623
497208484756.3582,2.535223487257574e-10,2.5352234872575738e-08,3.398695668587056e-05,2.6602976055156354e-09,0.00460256719467174,0.00011742024139637546,5.128856209121483e-06,2.535223487257574e-06,156.86387383125907
547800847119.77844,2.3010819264805714e-10,2.3010819264805712e-08,3.7445225160761954e-05,2.6788220577057605e-09,0.004946231116257672,0.00011292456759473608,5.128856209121483e-06,2.3010819264805715e-06,142.37664916133147
603541124709.8776,2.088564601499207e-10,2.088564601499207e-08,4.125538218380916e-05,2.6974264800177785e-09,0.005311512313853381,0.00010824074414355951,5.128856209121483e-06,2.0885646014992074e-06,129.22739781509443
664953132386.1162,1.8956743975244833e-10,1.895674397524483e-08,4.545323340492709e-05,2.71611087245169e-09,0.005699058639475563,0.00010339459384624485,5.128856209121483e-06,1.8956743975244833e-06,117.29255074080068
732613984643.8054,1.7205986440880413e-10,1.7205986440880412e-08,5.007822779965873e-05,2.734875235007495e-09,0.006106294140021528,9.841380548970877e-05,5.128856209121483e-06,1.720598644088041e-06,106.45995115500467
807159519002.0353,1.561692080614477e-10,1.561692080614477e-08,5.517382838780987e-05,2.7537195676851936e-09,0.006540560071584668,9.33381251425048e-05,5.128856209121483e-06,1.5616920806144772e-06,96.6278005580409
889290271236.5731,1.417461395214944e-10,1.4174613952149437e-08,6.0787920673747085e-05,2.7726438704847842e-09,0.006995911057772475,8.821082812876443e-05,5.128856209121483e-06,1.417461395214944e-06,87.70370209065801
979778058609.5328,1.2865511914065274e-10,1.286551191406527e-08,6.697326264664616e-05,2.7916481434062693e-09,0.007476435007542808,8.307738853387165e-05,5.128856209121483e-06,1.2865511914065273e-06,79.60379224182601
1079473232961.1716,1.1677312508807803e-10,1.16773125088078e-08,7.378798056953078e-05,2.810732386449646e-09,0.007982736138676515,7.745515592016584e-05,5.128856209121483e-06,1.1677312508807804e-06,72.25195274801067
1189312671824.2192,1.0598849726242355e-10,1.0598849726242352e-08,8.129611521624345e-05,2.8298965996149177e-09,0.008512080804138318,7.233560553403995e-05,5.128856209121483e-06,1.0598849726242355e-06,65.57909527779793
1310328582656.517,9.619988797485455e-11,9.619988797485453e-09,8.956822368956108e-05,2.849140782902081e-09,0.009072117530332572,6.7323212127464e-05,5.128856209121483e-06,9.619988797485454e-07,59.52251217975441
1443658202929.167,8.731530954213799e-11,8.731530954213797e-09,9.86820424760016e-05,2.8684649363111388e-09,0.009656740055407302,6.244472216484621e-05,5.128856209121483e-06,8.731530954213799e-07,54.02528719222028
1590554487225.8972,7.925126983965074e-11,7.925126983965071e-09,0.00010872321796831997,2.8878690598420894e-09,0.010270303992216451,5.773041978212811e-05,5.128856209121483e-06,7.925126983965074e-07,49.03576057723312
1752397881784.8777,7.193198769072756e-11,7.193198769072755e-09,0.00011978611132072465,2.907353153494934e-09,0.010913562974347372,5.320077090168932e-05,5.128856209121483e-06,7.193198769072756e-07,44.507043652217405
1930709297133.2993,6.528868071903418e-11,6.528868071903418e-09,0.00013197468520037743,2.9269172172696713e-09,0.011584045570688158,4.8876328535850134e-05,5.128856209121483e-06,6.528868071903419e-07,40.39657815729057
2127164400724.0125,5.925891897161437e-11,5.925891897161435e-09,0.0001454034807683525,2.9465612511663013e-09,0.012289384674660911,4.4768500033614316e-05,5.128856209121483e-06,5.925891897161437e-07,36.66573631737464
2343609363888.1675,5.378603823833412e-11,5.378603823833411e-09,0.00016019869407115787,2.9662852551848246e-09,0.013024002408069415,4.088052300445569e-05,5.128856209121483e-06,5.378603823833412e-07,33.279457840728526
2582078211084.6016,4.881860755443892e-11,4.881860755443892e-09,0.00017649936195812332,2.9860892293252424e-09,0.01379246388702295,3.722134385715992e-05,5.128856209121483e-06,4.881860755443893e-07,30.205920442623416
2844811934484.1484,4.4309945882121814e-11,4.430994588212181e-09,0.0001944586686692176,3.0059731735875534e-09,0.014595895337197334,3.3792313360152826e-05,5.128856209121483e-06,4.4309945882121817e-07,27.416240797933657
3134279553516.6943,4.021768342915474e-11,4.021768342915474e-09,0.00021424538537185412,3.0259370879717565e-09,0.015432442910428579,3.0592910169212806e-05,5.128856209121483e-06,4.021768342915474e-07,24.884203112368436
3453201317286.412,3.650336348210998e-11,3.650336348210997e-09,0.00023604545617461658,3.045980972477852e-09,0.01630950610360626,2.762191312728047e-05,5.128856209121483e-06,3.6503363482109974e-07,22.58601276161391
3804574267898.0737,3.313208101243035e-11,3.3132081012430347e-09,0.0002600637455223475,3.066104827105842e-09,0.017222601649465274,2.4869097002933442e-05,5.128856209121483e-06,3.313208101243035e-07,20.500072683228893
4191700404923.5938,3.007215465917932e-11,3.0072154659179317e-09,0.00028652596339359324,3.0863086518557254e-09,0.01817641317858591,2.2334130223217077e-05,5.128856209121483e-06,3.007215465917932e-07,18.606780419955744
4618217715682.493,2.729482900595091e-11,2.7294829005950908e-09,0.00031568078639231996,3.106592446727503e-09,0.019172600453282274,2.0005659860837563e-05,5.128856209121483e-06,2.729482900595091e-07,16.88834390717474
5088134362940.568,2.4774004354114036e-11,2.4774004354114034e-09,0.00034780219466666953,3.1269562117211718e-09,0.020210153105893986,1.787183503140184e-05,5.128856209121483e-06,2.4774004354114036e-07,15.328614273381342
5605866351303.152,2.2485991452954317e-11,2.2485991452954314e-09,0.0003831920466157794,3.147399946836735e-09,0.021295965450644223,1.5928005311097672e-05,5.128856209121483e-06,2.2485991452954313e-07,13.912934082440655
6176279026269.886,2.0409288881810098e-11,2.0409288881810093e-09,0.00042218291558026574,3.167923652074191e-09,0.022427013417080328,1.4159916251560095e-05,5.128856209121483e-06,2.0409288881810094e-07,12.627999591488138
6804732795935.053,1.852438099216879e-11,1.8524380992168788e-09,0.0004651412151739433,3.1885273274335405e-09,0.023607888129056134,1.2556561718038263e-05,5.128856209121483e-06,1.8524380992168787e-07,11.46173573005603
7497133504999.561,1.6813554510900264e-11,1.6813554510900264e-09,0.0005124706426268415,3.2092109729147838e-09,0.02484076882693344,1.11079424015535e-05,5.128856209121483e-06,1.6813554510900264e-07,10.403182625551691
8259987934480.462,1.5260732081170458e-11,1.5260732081170455e-09,0.0005646159724980658,3.22997458851792e-09,0.0261256084882286,9.799711900225146e-06,5.128856209121483e-06,1.5260732081170456e-07,9.442392608719778
9100464948671.975,1.3851321176749523e-11,1.385132117674952e-09,0.0006220672364096104,3.2508181742429494e-09,0.027468454420523123,8.587411034097408e-06,5.128856209121483e-06,1.3851321176749522e-07,8.57033673120564
10026462863981.904,1.2572076969898242e-11,1.2572076969898241e-09,0.0006853643280798519,3.27174173008987e-09,0.028868047904955917,7.34280217607052e-06,5.128856209121483e-06,1.2572076969898241e-07,7.778819916725683
11046683672736.834,1.1410977864144536e-11,1.1410977864144535e-09,0.000755102076932164,3.292745256058686e-09,0.030328767494493626,6.394298460556983e-06,5.128856209121483e-06,1.1410977864144535e-07,7.0604039484847245
12170714819468.053,1.0357112522279634e-11,1.0357112522279633e-09,0.0008319358379574674,3.3138287521493953e-09,0.0318533990052648,5.5567266341618065e-06,5.128856209121483e-06,1.0357112522279633e-07,6.40833756912084
13409119298164.941,9.40057732792768e-12,9.40057732792768e-10,0.0009165876503610392,3.334992218361997e-09,0.033443167806029704,4.817862504289107e-06,5.128856209121483e-06,9.40057732792768e-08,5.816493036297058
14773534917177.396,8.532383317092428e-12,8.532383317092427e-10,0.001009853022868962,3.356235654696493e-09,0.035103327608592756,4.1684112903867365e-06,5.128856209121483e-06,8.532383317092428e-08,5.279308537726345
16276783664601.186,7.744371705077612e-12,7.74437170507761e-10,0.0011126084094585874,3.377559061152881e-09,0.036834865123394685,3.6000356675295796e-06,5.128856209121483e-06,7.744371705077611e-08,4.791735924479641
17932992201899.223,7.029137214951612e-12,7.029137214951611e-10,0.0012258194457656212,3.3989624377311637e-09,0.03864227281504451,3.025976940593199e-06,5.128856209121483e-06,7.029137214951613e-08,4.34919327140469
19757724618087.676,6.379958487041987e-12,6.379958487041987e-10,0.0013505500235687948,3.4204457844313392e-09,0.040529347152787186,2.6042125128979672e-06,5.128856209121483e-06,6.379958487041987e-08,3.947521818846052
21768128692034.184,5.790734915488385e-12,5.790734915488385e-10,0.0014879722886288922,3.442009101253407e-09,0.042498998685916535,2.237365349710892e-06,5.128856209121483e-06,5.790734915488386e-08,3.582946891029451
23983097037356.39,5.2559293182804676e-12,5.255929318280467e-10,0.0016393776558360287,3.4636523881973698e-09,0.044556373416605254,1.9188876371179886e-06,5.128856209121483e-06,5.255929318280468e-08,3.252042423844106
26423444644267.324,4.7705159020269784e-12,4.770515902026978e-10,0.0018061889451791537,3.485375645263224e-09,0.04670487335053791,1.6438100469831309e-06,5.128856209121483e-06,4.770515902026978e-08,2.9516987686756426
29112104486803.24,4.3299330324589885e-12,4.329933032458988e-10,0.0019899737525846135,3.507178872450972e-09,0.04894967268259456,1.4061915390284244e-06,5.128856209121483e-06,4.329933032458988e-08,2.6790934697286564
32074343033636.855,3.930040366831916e-12,3.930040366831915e-10,0.0021924591812751237,3.529062069760612e-09,0.05129587282510931,1.2013655194664937e-06,5.128856209121483e-06,3.930040366831916e-08,2.431664740221158
35337997687723.34,3.5670799453812486e-12,3.567079945381248e-10,0.0024155480720860507,3.5510252371921476e-09,0.05374806835275609,1.0253472431228963e-06,5.128856209121483e-06,3.567079945381249e-08,2.207087388195413
38933738386096.734,3.2376408761923736e-12,3.237640876192373e-10,0.002661336885261921,3.573068374745576e-09,0.056312055226438056,8.740270894627557e-07,5.128856209121483e-06,3.2376408761923734e-08,2.003250965710105
42895355818183.07,2.938627281612934e-12,2.9386272816129337e-10,0.0029321354017761473,3.5951914824208965e-09,0.05899314360756121,7.010019543299114e-07,5.128856209121483e-06,2.938627281612934e-08,1.8182399360723263
47260078971137.26,2.6672292049869496e-12,2.6672292049869495e-10,0.0032304884293154128,3.6173945602181115e-09,0.06179747929627857,5.967189182870623e-07,5.128856209121483e-06,2.6672292049869494e-08,1.6503156727326993
52068924986311.836,2.4208962043088946e-12,2.4208962043088945e-10,0.0035591997169090823,3.639677608137219e-09,0.06473142646985743,5.073188368069038e-07,5.128856209121483e-06,2.4208962043088943e-08,1.4979001206795872
57367084614605.56,2.197313384646252e-12,2.197313384646252e-10,0.003921358302939415,3.66204062617822e-09,0.06780104502268168,4.311676835159747e-07,5.128856209121483e-06,2.197313384646252e-08,1.3595609667916733
63204346892978.15,1.9943796440970918e-12,1.9943796440970912e-10,0.004320367544135953,3.684483614341114e-09,0.07101320491899744,3.6605122102914085e-07,5.128856209121483e-06,1.9943796440970915e-08,1.233998179788451
69635567032996.01,1.810187928850754e-12,1.8101879288507536e-10,0.004759977098351812,3.7070065726259016e-09,0.07437480349954528,3.104478822112786e-07,5.128856209121483e-06,1.8101879288507538e-08,1.1200317932888562
76721181918353.25,1.6430073118001896e-12,1.6430073118001893e-10,0.005244318161677395,3.729609501032582e-09,0.07789323137475339,2.6324788366500427e-07,5.128856209121483e-06,1.6430073118001896e-08,1.0165908171703377
84527778055716.42,1.491266726291076e-12,1.4912667262910756e-10,0.005777942291029612,3.752292399561157e-09,0.08157628333722662,2.2303623238746305e-07,5.128856209121483e-06,1.491266726291076e-08,0.9227031730237029
93128717316165.83,1.3535402021469245e-12,1.3535402021469242e-10,0.006365864177048793,3.775055268211624e-09,0.08543165694349983,1.676792167826588e-07,5.128856209121483e-06,1.3535402021469244e-08,0.837486559122985
102604826347588.62,1.2285334652268952e-12,1.228533465226895e-10,0.007013608769258177,3.797898106983983e-09,0.08946773544143927,1.420063075362986e-07,5.128856209121483e-06,1.228533465226895e-08,0.7601401590646116
113045156136724.62,1.1150717745866892e-12,1.115071774586689e-10,0.0077272631963411055,3.820820915878237e-09,0.09369318387335748,1.201404231596515e-07,5.128856209121483e-06,1.1150717745866893e-08,0.6899371161584446
124547818858783.98,1.0120888829432657e-12,1.0120888829432656e-10,0.008513533969452262,3.843823694894384e-09,0.09811706897885997,1.0155783853683009e-07,5.128856209121483e-06,1.0120888829432657e-08,0.6262177028494159
137220909878871.6,9.186170167001334e-13,9.186170167001332e-11,0.009379810006127047,3.866906444032424e-09,0.10274899846521131,8.422216623500105e-08,5.128856209121483e-06,9.186170167001333e-09,0.5683831209798873
151183523569649.6,8.337777813713582e-13,8.337777813713582e-11,0.01033423206705095,3.8900691632923575e-09,0.10759871317898982,7.08982671740548e-08,5.128856209121483e-06,8.337777813713583e-09,0.5158898746312217
166566872491304.22,7.567739069387138e-13,7.567739069387138e-11,0.011385769258215559,3.913311852674184e-09,0.11267662021536824,5.965219032395607e-08,5.128856209121483e-06,7.567739069387137e-09,0.46824466266378767
183515520451226.03,6.868817555695996e-13,6.868817555695995e-11,0.01254430331738431,3.936634512177904e-09,0.11799357739722517,5.01973705704643e-08,5.128856209121483e-06,6.868817555695996e-09,0.4249997429584263
202188741030978.78,6.234445212876287e-13,6.234445212876286e-11,0.013820721476943177,3.9600371418035184e-09,0.1235609061836108,4.220812986925454e-08,5.128856209121483e-06,6.234445212876286e-09,0.38574872479522915
222762014347212.34,5.65866057690299e-13,5.65866057690299e-11,0.01522701877580774,3.9835197415510244e-09,0.12939055390770451,2.9281281721275735e-08,5.128856209121483e-06,5.65866057690299e-09,0.35012274982881925
245428676112210.38,5.136052757102232e-13,5.136052757102232e-11,0.016776410781854784,4.007082311420424e-09,0.13549483291340814,2.4699489752098072e-08,5.128856209121483e-06,5.136052757102232e-09,0.3177870257711608
270401734490986.25,4.661710587733262e-13,4.661710587733261e-11,0.018483457784178328,4.030724851411716e-09,0.14188673462600876,2.0815818728641906e-08,5.128856209121483e-06,4.661710587733262e-09,0.28843768020745736
297915871828703.56,4.231176475695979e-13,4.231176475695978e-11,0.02036420162225728,4.054447361524902e-09,0.14857989218629972,1.7531824629382863e-08,5.128856209121483e-06,4.2311764756959786e-09,0.2617989049791147
328229650059494.6,3.840404510651568e-13,3.840404510651567e-11,0.022436316437875994,4.078249841759981e-09,0.155588539284704,1.4765661179566329e-08,5.128856209121483e-06,3.840404510651568e-09,0.2376203642983373
361627940521826.06,3.4857224438994616e-13,3.4857224438994616e-11,0.024719274766476534,4.102132292116954e-09,0.16292762118254128,1.2424623387579757e-08,5.128856209121483e-06,3.4857224438994617e-09,0.21567484223732303
398424601014421.56,3.163797178709961e-13,3.163797178709961e-11,0.02723453052877381,4.1260947125958204e-09,0.17061271198153297,1.0450317685542289e-08,5.128856209121483e-06,3.1637971787099614e-09,0.19575610748451192
438965425250154.3,2.871603447810781e-13,2.8716034478107806e-11,0.030005720642282272,4.15013710319658e-09,0.17866016036902577,8.789475181645467e-09,5.128856209121483e-06,2.871603447810781e-09,0.17767697530211227
483631392425173.5,2.6063953836766215e-13,2.6063953836766213e-11,0.03305888714738278,4.174259463919231e-09,0.18708708748239886,7.386600685395881e-09,5.128856209121483e-06,2.6063953836766215e-09,0.16126754847230054
532842247440830.6,2.3656807144558196e-13,2.365680714455819e-11,0.03642272193534174,4.198461794763778e-09,0.1959114044430005,5.096459301771592e-09,5.128856209121483e-06,2.3656807144558194e-09,0.14637362070152612
587060445423263.4,2.1471973430423144e-13,2.147197343042314e-11,0.040128836378094786,4.222744095730216e-09,0.20515186988595505,4.297053902136309e-09,5.128856209121483e-06,2.1471973430423144e-09,0.13285522747903772
646795497608944.1,1.9488920891966296e-13,1.9488920891966292e-11,0.0442120583936197,4.247106366818549e-09,0.21482811329049878,3.6208979055437297e-09,5.128856209121483e-06,1.9488920891966297e-09,0.12058533077144035
712608759436314.5,1.7689013949466085e-13,1.768901394946608e-11,0.04871075973854701,4.271548608028773e-09,0.22496069646714548,3.048439066986793e-09,5.128856209121483e-06,1.7689013949466085e-09,0.10944862519280212
785118705839211.5,1.6055338119484574e-13,1.6055338119484573e-11,0.053667216603714256,4.296070819360891e-09,0.2355711559718824,2.5661686442267657e-09,5.128856209121483e-06,1.6055338119484574e-09,0.09934045443139101
865006743316248.4,1.4572541062344233e-13,1.4572541062344232e-11,0.05912800690133304,4.320673000814904e-09,0.24668203914295192,2.1596152401795163e-09,5.128856209121483e-06,1.4572541062344232e-09,0.09016582775024456
953023613394602.6,1.3226688309727537e-13,1.3226688309727536e-11,0.06514444797724263,4.3453551523908085e-09,0.25831694744699096,1.815634823971182e-09,5.128856209121483e-06,1.322668830972754e-09,0.08183852731921677
1049996447664279.2,1.2005132316610523e-13,1.200513231661052e-11,0.07177307886161825,4.370117274088607e-09,0.27050060347931526,1.5260903854383501e-09,5.128856209121483e-06,1.200513231661052e-09,0.07428029798972263
1156836540681930.5,1.0896393606956869e-13,1.0896393606956868e-11,0.07907619159004371,4.394959365908298e-09,0.2832588875759696,1.2826198860659594e-09,5.128856209121483e-06,1.0896393606956868e-09,0.06742011189815723
1274547913789541.2,9.890052896247678e-14,9.890052896247677e-12,0.08712241658800027,4.419881427849884e-09,0.29661890947199243,1.0773576045699228e-09,5.128856209121483e-06,9.89005289624768e-10,0.06119350098715205
1404236750325747.8,8.976653177077559e-14,8.976653177077557e-12,0.09598736761987349,4.444883459913362e-09,0.31060905541180606,7.403957273846771e-10,5.128856209121483e-06,8.976653177077559e-10,0.05554195117209418
1547121790896452.0,8.147610847673955e-14,8.147610847673953e-12,0.10575435236333586,4.469965462098732e-09,0.3252590403588367,6.239148818207524e-10,5.128856209121483e-06,8.147610847673954e-10,0.050412352459634484
1704545786393496.2,7.395135048176835e-14,7.395135048176834e-12,0.11651515528667393,4.495127434405998e-09,0.3405999925375252,5.254129513449466e-10,5.128856209121483e-06,7.395135048176834e-10,0.04575649985071616
1877988116390173.2,6.712154446648152e-14,6.71215444664815e-12,0.12837090018608385,4.520369376835155e-09,0.3566644969908384,4.4208368280077833e-10,5.128856209121483e-06,6.712154446648151e-10,0.04153064033790123
2069078691494026.5,6.09225078678796e-14,6.09225078678796e-12,0.14143300048856608,4.545691289386206e-09,0.3734866851312111,3.719987568922196e-10,5.128856209121483e-06,6.092250786787961e-10,0.03769506173993578
2279613270303138.0,5.529598572877433e-14,5.529598572877432e-12,0.155824206250812,4.571093172059151e-09,0.3911022964220618,3.1288008922238803e-10,5.128856209121483e-06,5.529598572877432e-10,0.03421371950966113
2511570334905832.0,5.01891032514258e-14,5.018910325142579e-12,0.1716797576931743,4.596575024853989e-09,0.4095487476106722,2.629189334875536e-10,5.128856209121483e-06,5.01891032514258e-10,0.03105389800822646
2767129683509943.5,4.555386891080413e-14,4.555386891080412e-12,0.18914865610896336,4.62213684777072e-09,0.4288652311155227,2.2092543517211968e-10,5.128856209121483e-06,4.5553868910804134e-10,0.02818590306245494
3048692914924437.5,4.134672345802042e-14,4.134672345802041e-12,0.20839506409234154,4.647778640809343e-09,0.4490927778614415,1.8556015161642326e-10,5.128856209121483e-06,4.1346723458020414e-10,0.02558278291619475
3358905997394718.0,3.752813057572264e-14,3.7528130575722635e-12,0.2295998482433486,4.67350040396986e-09,0.47027436138809925,1.5576448996545643e-10,5.128856209121483e-06,3.7528130575722646e-10,0.023220074953317453
3700684133880319.0,3.406220533867468e-14,3.4062205338674673e-12,0.25296227884749595,4.69930213725227e-09,0.4924549811596659,1.0648861986017982e-10,5.128856209121483e-06,3.4062205338674677e-10,0.021075575812214194
4077239157444699.5,3.091637698800272e-14,3.0916376988002713e-12,0.2787019025025524,4.725183840656576e-09,0.5156817531920046,8.966424134571372e-11,5.128856209121483e-06,3.091637698800271e-10,0.019129132731456833
4492109714202875.5,2.8061082850060144e-14,2.806108285006014e-12,0.30706060529036283,4.751145514182772e-09,0.5400040229907099,7.54918764317475e-11,5.128856209121483e-06,2.8061082850060145e-10,0.01736245416581347
4949194517469187.0,2.5469490523533798e-14,2.5469490523533794e-12,0.338304885882224,4.777187157830865e-09,0.5654734574065076,6.351105475010998e-11,5.128856209121483e-06,2.5469490523533796e-10,0.015758937892894904
5452788985607715.0,2.3117245724072006e-14,2.3117245724072003e-12,0.3727283599390982,4.803308771600845e-09,0.5921441643918017,5.340692777084449e-11,5.128856209121483e-06,2.3117245724072008e-10,0.014303514995081075
6007625607887603.0,2.0982243416817996e-14,2.0982243416817995e-12,0.4106545193416306,4.829510355492722e-09,0.6200728032790536,4.490256028800919e-11,5.128856209121483e-06,2.0982243416817996e-10,0.012982508250556093
6618918417677365.0,1.9044420086090154e-14,1.9044420086090154e-12,0.4524397721795611,4.855791909506493e-09,0.6493187027807727,3.773443486994878e-11,5.128856209121483e-06,1.9044420086090157e-10,0.01178350360269611
7292411990911785.0,1.7285565190077277e-14,1.7285565190077274e-12,0.49847679206860623,4.882153433642156e-09,0.6799439936345515,3.169000226584514e-11,5.128856209121483e-06,1.7285565190077274e-10,0.010695233499952203
8034435430291263.0,1.5689150028708017e-14,1.5689150028708015e-12,0.5491982082697977,4.908594927899712e-09,0.712013733966102,2.6609886860276297e-11,5.128856209121483e-06,1.568915002870802e-10,0.009707471009923276
8851961842524483.0,1.4240172416497655e-14,1.424017241649765e-12,0.6050806712887883,4.935116392279162e-09,0.7455960523296444,2.2333231863733866e-11,5.128856209121483e-06,1.4240172416497653e-10,0.008810933712566686
9752673867548824.0,1.2925015700693e-14,1.2925015700692999e-12,0.6666493321613916,4.961717826780507e-09,0.7807622902660492,1.5151638630927116e-11,5.128856209121483e-06,1.2925015700693e-10,0.007997196469387877
1.0745035875532346e+16,1.1731320799853705e-14,1.1731320799853704e-12,0.7344827775189593,4.988399231403742e-09,0.8175871529605224,1.2754952618740884e-11,5.128856209121483e-06,1.1731320799853705e-10,0.007258612248866855
1.1838373510124974e+16,1.0647870060359007e-14,1.0647870060359006e-12,0.8092184668106265,5.0151606061488716e-09,0.8561488705945836,1.0734300521997573e-11,5.128856209121483e-06,1.0647870060359005e-10,0.0065882402640824855
1.3042961325458048e+16,9.664481839393944e-15,9.664481839393943e-13,0.891558722778129,5.042001951015893e-09,0.8965293619416548,9.032300083120554e-12,5.128856209121483e-06,9.664481839393945e-11,0.00597978074721569
1.4370119340456582e+16,8.771914823763863e-15,8.771914823763862e-13,0.9822773314783889,5.068923266004811e-09,0.9388144102242089,7.594162028366442e-12,5.128856209121483e-06,8.771914823763863e-11,0.005427515747978108
1.583231941782289e+16,7.961781185383674e-15,7.961781185383672e-13,1.0822268138768583,5.095924551115618e-09,0.9830938445114623,6.382548949385416e-12,5.128856209121483e-06,7.961781185383674e-11,0.004926255399625956
1.744330246738282e+16,7.226467757324846e-15,7.226467757324845e-13,1.1923464373460648,5.12300580634832e-09,1.0294617302715783,5.3642568582829446e-12,5.128856209121483e-06,7.226467757324847e-11,0.004471289147596547
1.9218207575201024e+16,6.559064489680346e-15,6.559064489680346e-13,1.3136710423565918,5.150167031702918e-09,1.0780165701207511,4.505048545938068e-12,5.128856209121483e-06,6.559064489680346e-11,0.004058341482443742
2.1173714271946944e+16,5.953299512916122e-15,5.953299512916122e-13,1.4473407673086933,5.1774082271794055e-09,1.1288615121490657,3.781668138391506e-12,5.128856209121483e-06,5.953299512916122e-11,0.0036835317610754387
2.3328199277468972e+16,5.403480198471763e-15,5.403480198471763e-13,1.594611762893002,5.20472939277779e-09,1.1821045697432013,3.1744756765067955e-12,5.128856209121483e-06,5.403480198471763e-11,0.0033433377387161517
2.570190919456756e+16,4.9044396627333026e-15,4.904439662733301e-13,1.7568679966674188,5.232130528498063e-09,1.2378588507170563,2.662487925356325e-12,5.128856209121483e-06,4.904439662733302e-11,0.003034562468889975
2.831715077484857e+16,4.451488211651866e-15,4.451488211651865e-13,1.9356342587831052,5.259611634340234e-09,1.2962427974887194,1.7949138315906729e-12,5.128856209121483e-06,4.4514882116518655e-11,0.002754304260368157
3.119850054465928e+16,4.040369269714322e-15,4.040369269714321e-13,2.1325904910794757,5.287172710304295e-09,1.357380439044157,1.5109961086410862e-12,5.128856209121483e-06,4.040369269714321e-11,0.0024999294087550083
3.4373035761057044e+16,3.667219379110507e-15,3.667219379110507e-13,2.3495875742051817,5.314813756390251e-09,1.4214016540676944,1.270407562847307e-12,5.128856209121483e-06,3.667219379110507e-11,0.002269047446458491
3.78705888681933e+16,3.3285318931936783e-15,3.3285318931936777e-13,2.588664721122779,5.342534772598099e-09,1.4884424471170767,1.068653125186316e-12,5.128856209121483e-06,3.328531893193678e-11,0.0020594886784598802
4.1724027845355336e+16,3.0211240230451287e-15,3.0211240230451285e-13,2.852068640451766,5.370335758927841e-09,1.5586452374215574,8.983399316680796e-13,5.128856209121483e-06,3.021124023045129e-11,0.0018692837927758953
4.5969565081205064e+16,2.742106927466769e-15,2.7421069274667687e-13,3.1422746497353393,5.398216715379475e-09,1.6321591613931283,7.546106371666949e-13,5.128856209121483e-06,2.7421069274667685e-11,0.001696645354004909
5.064709767684589e+16,2.488858565323758e-15,2.4888585653237575e-13,3.4620099370418163,5.426177641953004e-09,1.7091403895783763,6.340709800962365e-13,5.128856209121483e-06,2.4888585653237582e-11,0.0015399510060437101
5.580058237568046e+16,2.2589990551199818e-15,2.2589990551199815e-13,3.8142791894991936,5.454218538648426e-09,1.7897524582889444,5.3244382443401e-13,5.128856209121483e-06,2.2589990551199815e-11,0.001397728226124123
6.147844864343637e+16,2.0503683102495583e-15,2.0503683102495582e-13,4.202392829605207,5.48233940546574e-09,1.8741666171125608,4.4686176771403377e-13,5.128856209121483e-06,2.050368310249558e-11,0.0012686404868965373
6.7734053780251224e+16,1.8610057397533096e-15,1.8610057397533091e-13,4.629998124661703,5.510540242404949e-09,1.9625621926516064,3.749291267456322e-13,5.128856209121483e-06,1.8610057397533094e-11,0.0011514746965195384
7.462618434168539e+16,1.6891318238201114e-15,1.689131823820111e-13,5.101113461680964,5.538821049466049e-09,2.0551269695017154,3.145561956371669e-13,5.128856209121483e-06,1.689131823820111e-11,0.001045129798725167
8.221960858074315e+16,1.533131390889766e-15,1.5331313908897657e-13,5.6201661098608495,5.567181826649046e-09,2.152057589172928,2.6365071442008093e-13,5.128856209121483e-06,1.5331313908897658e-11,0.0009486064257294463
9.058568510241323e+16,1.3915384392058737e-15,1.3915384392058734e-13,6.192033825497301,5.595622573953931e-09,2.2535599678213476,1.7685662126350745e-13,5.128856209121483e-06,1.3915384392058735e-11,0.0008609975067525883
9.980303345053294e+16,1.2630223601799125e-15,1.2630223601799123e-13,6.822090690314549,5.6241432913807125e-09,2.359849733694625,1.487841422988815e-13,5.128856209121483e-06,1.2630223601799127e-11,0.0007814797438928585
1.099582729287408e+17,1.1463754341021405e-15,1.1463754341021403e-13,7.516257613973587,5.652743978929386e-09,2.4711526852052956,1.2501307711871893e-13,5.128856209121483e-06,1.1463754341021404e-11,0.0007093058752495816
1.2114683659855213e+17,1.0405014806908577e-15,1.0405014806908576e-13,8.281057975353823,5.681424636599955e-09,2.587705270609423,1.050998035907434e-13,5.128856209121483e-06,1.0405014806908576e-11,0.000643797652588355
1.3347386810401629e+17,9.44405557824797e-16,9.444055578247968e-14,9.123678925490806,5.7101852643924156e-09,2.709755090309263,8.830446376926157e-14,5.128856209121483e-06,9.44405557824797e-12,0.0005843394675568408
1.4705520975081942e+17,8.571846116530018e-16,8.571846116530017e-14,10.052038928261265,5.739025862306768e-09,2.8375614228473216,7.4138939645396e-14,5.128856209121483e-06,8.571846116530017e-12,0.0005303725665538229
1.620184911252074e+17,7.780189902175621e-16,7.780189902175619e-14,11.074862173522293,5.767946430343016e-09,2.9713957757089573,6.22632844309333e-14,5.128856209121483e-06,7.78018990217562e-12,0.0004813897998863557
1.7850432848294528e+17,7.061647408390454e-16,7.061647408390453e-14,12.201760561996704,5.796946968501156e-09,3.1115424621037433,5.2270304076358817e-14,5.128856209121483e-06,7.0616474083904545e-12,0.00043693085587056006
1.9666764617949248e+17,6.409466188798629e-16,6.409466188798627e-14,13.443324032352109,5.826027476781192e-09,3.2582992049509847,4.384146770256638e-14,5.128856209121483e-06,6.409466188798628e-12,0.00039657793508887635
2.1667913255939386e+17,5.817517421861305e-16,5.817517421861304e-14,14.81122007931292,5.855187955183116e-09,3.411977769352207,3.677526115987453e-14,5.128856209121483e-06,5.817517421861304e-12,0.0003599518241530432
2.3872684398654016e+17,5.280238315759497e-16,5.280238315759496e-14,16.318303398022138,5.884428403706939e-09,3.5729046248945835,3.0838691359466515e-14,5.128856209121483e-06,5.280238315759496e-12,0.00032670833207617964
2.6301797208899094e+17,4.792579832497426e-16,4.792579832497425e-14,17.978736685023424,5.9137488223526504e-09,3.7414216391918553,2.583841522055251e-14,5.128856209121483e-06,4.792579832497425e-12,0.00029653505576517764
2.8978079082596243e+17,4.3499592399660646e-16,4.349959239966064e-14,19.80812373108514,5.943149211120258e-09,3.9178868041365438,1.7205034854658027e-14,5.128856209121483e-06,4.349959239966065e-12,0.00026914844423726766
3.1926680167432685e+17,3.948217046080153e-16,3.9482170460801524e-14,21.82365605659149,5.972629570009759e-09,4.1026749964057965,1.446643183155484e-14,5.128856209121483e-06,3.9482170460801525e-12,0.00024429113397205616
3.5175309709391034e+17,3.5835779102793055e-16,3.583577910279305e-14,24.04427446749977,6.002189899021152e-09,4.296178773836945,1.2157850939793654e-14,5.128856209121483e-06,3.583577910279305e-12,0.00022172953035813693
3.875449644819941e+17,3.2526151650633434e-16,3.252615165063343e-14,26.49084705006805,6.031830198154439e-09,4.498809209364078,1.021214460578482e-14,5.128856209121483e-06,3.2526151650633434e-12,0.0002012516125061834
4.26978755087559e+17,2.9522186141546447e-16,2.952218614154644e-14,29.18636527705037,6.061550467409618e-09,4.7109967642877235,8.578407592034323e-15,5.128856209121483e-06,2.9522186141546445e-12,0.0001826649407993588
4.704250448455792e+17,2.679565304674307e-16,2.6795653046743066e-14,32.15616006824582,6.09135070678669e-09,4.93319220273227,7.202151468868249e-15,5.128856209121483e-06,2.6795653046743065e-12,0.0001657948484572182
5.182921168351431e+17,2.432092998665106e-16,2.432092998665106e-14,35.42813983581947,6.121230916285656e-09,5.165867549234259,6.0418528518785e-15,5.128856209121483e-06,2.4320929986651067e-12,0.00015048280011841473
5.710297980874602e+17,2.207476094662581e-16,2.2074760946625806e-14,39.03305275140267,6.151191095906517e-09,5.409517091495433,5.0720903622958525e-15,5.128856209121483e-06,2.2074760946625807e-12,0.00013658490201715732
6.291336867998717e+17,2.0036037730388558e-16,2.0036037730388556e-14,43.0047756996083,6.181231245649266e-09,5.664658430430892,4.255745172723947e-15,5.128856209121483e-06,2.0036037730388556e-12,0.0001239705497529063
6.931498096808233e+17,1.8185601597416738e-16,1.8185601597416735e-14,47.380632633382085,6.211351365513915e-09,5.931833579743245,3.566984072488357e-15,5.128856209121483e-06,1.8185601597416735e-12,0.00011252120094582009
7.636797531927293e+17,1.6506063220193144e-16,1.6506063220193144e-14,52.201745322902404,6.241551455500453e-09,6.21161011735818,2.9909975093351054e-15,5.128856209121483e-06,1.6506063220193147e-12,0.00010212926124410367
8.41386316913314e+17,1.498163926937189e-16,1.4981639269371886e-14,57.513419794172734,6.271831515608886e-09,6.504582391168142,2.5071424838862403e-15,5.128856209121483e-06,1.4981639269371891e-12,9.269707321457238e-05
9.269997421422884e+17,1.35980040911876e-16,1.3598004091187598e-14,63.36557208882233,6.302191545839212e-09,6.811372781644887,2.0999315836740277e-15,5.128856209121483e-06,1.3598004091187599e-12,8.413599861463748e-05
1.0213245742863799e+18,1.2342155083253822e-16,1.234215508325382e-14,69.81319734617118,6.332631546191433e-09,7.1326330240038525,1.3888093220447142e-15,5.128856209121483e-06,1.234215508325382e-12,7.636558542141111e-05
1.1252472235112403e+18,1.1202290503634173e-16,1.1202290503634172e-14,76.91688661570768,6.363151516665542e-09,7.469045592728401,1.1672011672661898e-15,5.128856209121483e-06,1.1202290503634173e-12,6.931281179017615e-05
1.239744294711085e+18,1.0167698564903087e-16,1.0167698564903086e-14,84.74339625669867,6.393751457261549e-09,7.821325151395938,9.808477227115447e-16,5.128856209121483e-06,1.0167698564903087e-12,6.291139983735834e-05
1.3658917650760328e+18,9.228656770969703e-17,9.228656770969702e-15,93.36627527580174,6.424431367979447e-09,8.190220070885003,8.23013770921488e-16,5.128856209121483e-06,9.228656770969703e-13,5.710119279935136e-05
1.5048750955029005e+18,8.376340550687512e-17,8.376340550687512e-15,102.86655649805535,6.455191248819239e-09,8.576514019189482,6.911767852462923e-16,5.128856209121483e-06,8.376340550687512e-13,5.182758971407441e-05
1.658000370870395e+18,7.602740329643777e-17,7.602740329643775e-15,113.333518066455,6.486031099780926e-09,8.981027626216505,5.80103256860995e-16,5.128856209121483e-06,7.602740329643776e-13,4.704103231274226e-05
1.8267065738686403e+18,6.900586260816263e-17,6.900586260816262e-15,124.86552242625335,6.516950920864502e-09,9.40462022710502,4.866216586905914e-16,5.128856209121483e-06,6.900586260816262e-13,4.2696539299946415e-05
2.0125791077255273e+18,6.263279906759217e-17,6.263279906759216e-15,137.57094067828217,6.547950712069975e-09,9.84819168776875,4.08077675007313e-16,5.128856209121483e-06,6.263279906759218e-13,3.875328364547924e-05
2.2173646949083139e+18,5.684832231308665e-17,5.684832231308665e-15,151.56917098781216,6.579030473397339e-09,10.312684316540894,3.4227478867333733e-16,5.128856209121483e-06,5.684832231308665e-13,3.5174208915542356e-05
2.442987791810272e+18,5.159807318087346e-17,5.159807318087345e-15,166.99176061939585,6.610190204846598e-09,10.79908486598261,2.86952367419105e-16,5.128856209121483e-06,5.159807318087346e-13,3.1925681037832245e-05
2.6915686736776356e+18,4.6832712869099204e-17,4.68327128690992e-15,183.98364214189544,6.641429906417748e-09,11.308426629106798,2.403622242118081e-16,5.128856209121483e-06,4.683271286909921e-13,2.897717222800242e-05
2.965443359729023e+18,4.250745928033015e-17,4.250745928033015e-15,202.7044954208697,6.672749578110793e-09,11.841791634471395,2.0145877010440308e-16,5.128856209121483e-06,4.2507459280330143e-13,2.6300974107217424e-05
3.267185565711527e+18,3.8581666185328836e-17,3.858166618532883e-15,223.33024819749758,6.704149219925731e-09,12.400312944804242,1.687534061874101e-16,5.128856209121483e-06,3.858166618532884e-13,2.38719373148514e-05
3.5996308901914957e+18,3.5018441253320005e-17,3.501844125332e-15,246.05472935565302,6.7356288318625644e-09,12.98517706404389,1.4129552145604425e-16,5.128856209121483e-06,3.5018441253320006e-13,2.166723516935474e-05
3.96590346186806e+18,3.1784299359226435e-17,3.1784299359226433e-15,271.0914904135296,6.7671884139212876e-09,13.597626457908369,9.288128999912665e-17,5.128856209121483e-06,3.1784299359226437e-13,1.9666149156317415e-05
4.369445298326226e+18,2.8848847909846435e-17,2.8848847909846435e-15,298.6758123571928,6.798827966101903e-09,14.238962193348069,7.80289974541711e-17,5.128856209121483e-06,2.884884790984644e-13,1.7849874227863554e-05
4.81404865212538e+18,2.6184501231859152e-17,2.6184501231859147e-15,329.0669166750709,6.830547488404415e-09,14.910546702488565,6.5538639936577e-17,5.128856209121483e-06,2.618450123185915e-13,1.62013420836989e-05
5.303891648193305e+18,2.3766221337637092e-17,2.376622133763709e-15,362.55040137142646,6.862346980828819e-09,15.613806676935532,5.49687355321507e-17,5.128856209121483e-06,2.3766221337637093e-13,1.4705060773106185e-05
5.843577547425727e+18,2.1571282632731935e-17,2.1571282632731933e-15,399.4409248510802,6.894226443375118e-09,16.35023609859101,4.612514188029226e-17,5.128856209121483e-06,2.157128263273194e-13,1.3346969110559953e-05
6.438178005466914e+18,1.9579058353896064e-17,1.957905835389606e-15,440.0851628969117,6.926185876043308e-09,17.121399413417894,3.8695041938927024e-17,5.128856209121483e-06,1.9579058353896062e-13,1.211430453684645e-05
7.093280733193709e+18,1.7770826730701245e-17,1.7770826730701244e-15,484.86506652819526,6.958225278833391e-09,17.92893485489698,3.244333451286429e-17,5.128856209121483e-06,1.7770826730701244e-13,1.099548318391968e-05
7.815042006787088e+18,1.612959504918002e-17,1.6129595049180014e-15,534.2014513551303,6.9903446517453675e-09,18.77455792423475,2.7188212756360238e-17,5.128856209121483e-06,1.6129595049180016e-13,9.979991016416521e-06
8.610244520852159e+18,1.463993996413604e-17,1.4639939964136037e-15,588.5579521603578,7.02254399477924e-09,19.66006503471709,2.2792699457849202e-17,5.128856209121483e-06,1.4639939964136038e-13,9.058285026838444e-06
9.486361128254863e+18,1.328786255947606e-17,1.3287862559476059e-15,648.4453798702019,7.054823307935002e-09,20.587337327948866,1.9101602595348317e-17,5.128856209121483e-06,1.328786255947606e-13,8.221703555892446e-06
1.0451625065667633e+19,1.206065679449962e-17,1.2060656794499619e-15,714.4265218600787,7.087182591212661e-09,21.558344670088694,1.5999674403527282e-17,5.128856209121483e-06,1.206065679449962e-13,7.462384895230715e-06
1.15151073247605e+19,1.0946790099885469e-17,1.0946790099885468e-15,787.1214307043888,7.119621844612209e-09,22.575149836565792,1.3398048531349664e-17,5.128856209121483e-06,1.0946790099885468e-13,6.7731934076676146e-06
1.2686801896130204e+19,9.935795001280534e-18,9.935795001280534e-16,867.2132510717051,7.152141068133652e-09,23.639912894171736,1.1222141954041601e-17,5.128856209121483e-06,9.935795001280535e-14,6.147652470591745e-06
1.3977719687037247e+19,9.0181707520367e-18,9.0181707520367e-16,955.4546395228228,7.184740261776992e-09,24.75489578983309,9.391972573960865e-18,5.128856209121483e-06,9.0181707520367e-14,5.579883612416661e-06
1.5399991995538555e+19,8.185294050693346e-18,8.185294050693345e-16,1052.6748375414345,7.2174194255422205e-09,25.92246715581623,7.858225472000466e-18,5.128856209121483e-06,8.185294050693345e-14,5.064551270107679e-06
1.6966984513403318e+19,7.429338004182717e-18,7.429338004182716e-16,1159.787464265514,7.250178559429345e-09,27.1451073415701,5.139468550620439e-18,5.128856209121483e-06,7.429338004182716e-14,4.596812648649518e-06
1.869342292914603e+19,6.7431985752202404e-18,6.743198575220239e-16,1277.799102151024,7.283017663438358e-09,28.42541368289698,4.314376680335431e-18,5.128856209121483e-06,6.743198575220241e-14,4.172272211262481e-06
2.059553131152305e+19,6.120427822674372e-18,6.120427822674372e-16,1407.8187562511694,7.315936737569269e-09,29.766106019646283,3.621571494172123e-18,5.128856209121483e-06,6.120427822674372e-14,3.786940372692195e-06
2.2691184573937283e+19,5.555173307549126e-18,5.555173307549126e-16,1551.068276003789,7.348935781822071e-09,31.170032473650387,3.0359141921708563e-18,5.128856209121483e-06,5.5551733075491266e-14,3.4371960073973198e-06
2.500007645252716e+19,5.04212309515016e-18,5.0421230951501585e-16,1708.893837465085,7.382014796196769e-09,32.6401754991798,2.5461635040741366e-18,5.128856209121483e-06,5.042123095150159e-14,3.119752420307849e-06
2.7543904576496484e+19,4.576455836598043e-18,4.576455836598043e-16,1882.7785938927843,7.415173780693358e-09,34.17965821876818,2.1346197670695577e-18,5.128856209121483e-06,4.576455836598043e-14,2.831626460367789e-06
3.034657436987395e+19,4.153795460582343e-18,4.1537954605823426e-16,2074.3566135619258,7.44841273531184e-09,35.791751057870094,1.788569874524914e-18,5.128856209121483e-06,4.1537954605823435e-14,2.570110486608339e-06
3.3434423700847067e+19,3.7701700495771756e-18,3.770170049577175e-16,2285.4282357923944,7.481731660052215e-09,37.47987869244209,1.4979388076795362e-18,5.128856209121483e-06,3.7701700495771756e-14,2.332746923305781e-06
3.6836470389801538e+19,3.421974514059462e-18,3.4219745140594615e-16,2517.97698949571,7.515130554914488e-09,39.247627324210434,1.2551963669300703e-18,5.128856209121483e-06,3.421974514059462e-14,2.117305165107407e-06
4.058468490199627e+19,3.1059367139648923e-18,3.105936713964892e-16,2774.188233231298,7.548609419898648e-09,41.098752299076786,1.0513770289583644e-18,5.128856209121483e-06,3.105936713964892e-14,1.92176061509391e-06
4.471429078748935e+19,2.8190867090097175e-18,2.819086709009717e-16,3056.469691941209,7.582168255004702e-09,43.037186084850084,8.80164344179275e-19,5.128856209121483e-06,2.819086709009718e-14,1.7442756587894916e-06
4.926409569166874e+19,2.558728848911446e-18,2.5587288489114457e-16,3367.474083355166,7.615807060232653e-09,45.06704662524864,7.367534815905789e-19,5.128856209121483e-06,2.5587288489114458e-14,1.5831823953249338e-06
5.427685604703615e+19,2.322416441228087e-18,2.3224164412280867e-16,3710.124046696006,7.649525835582493e-09,47.192646087921396,6.167330862436259e-19,5.128856209121483e-06,2.3224164412280866e-14,1.4369669634708295e-06
5.9799678873409585e+19,2.1079287587588967e-18,2.1079287587588964e-16,4087.639607951301,7.68332458105423e-09,49.41850002507332,5.160490616312905e-19,5.128856209121483e-06,2.1079287587588964e-14,1.304255315246075e-06
6.588446446242074e+19,1.9132501704359368e-18,1.9132501704359363e-16,4503.568439813189,7.717203296647858e-09,51.74933696615158,4.3167983632402783e-19,5.128856209121483e-06,1.9132501704359366e-14,1.1838003034105138e-06
7.2588394106413335e+19,1.736551199590043e-18,1.7365511995900427e-16,4961.819200652778,7.75116198236338e-09,54.190108462976475,2.797408259531083e-19,5.128856209121483e-06,1.7365511995900428e-14,1.0744699614970809e-06
7.9974467455121e+19,1.5761713315883456e-18,1.5761713315883455e-16,5466.698265828425,7.785200638200793e-09,56.74599960865053,2.348409199670206e-19,5.128856209121483e-06,1.5761713315883454e-14,9.752368662463495e-07
8.811209454990772e+19,1.4306034092789468e-18,1.4306034092789465e-16,6022.950196508588,7.819319264160103e-09,59.42244005259779,1.970134603850585e-19,5.128856209121483e-06,1.4306034092789466e-14,8.851684824774666e-07
9.707774809914884e+19,1.2984794696006355e-18,1.2984794696006354e-16,6635.80232631063,7.853517860241305e-09,62.22511553512753,1.6526474618321305e-19,5.128856209121483e-06,1.2984794696006354e-14,8.034183996624529e-07
1.06955682124478e+20,1.1785578882578893e-18,1.1785578882578892e-16,7311.013884756296,7.887796426444402e-09,65.15997996603186,1.3845111387247803e-19,5.128856209121483e-06,1.1785578882578892e-14,7.292183778500073e-07
1.1783872373129947e+20,1.0697117116546424e-18,1.0697117116546423e-16,8054.930119176183,7.92215496276939e-09,68.23326807287009,1.1607059418732092e-19,5.128856209121483e-06,1.0697117116546423e-14,6.618711281912556e-07
1.2982914544419106e+20,9.709180664367294e-19,9.709180664367291e-17,8874.541923671153,7.95659346921627e-09,71.45150864581667,9.724608713959035e-20,5.128856209121483e-06,9.709180664367293e-15,6.007437602227749e-07
1.4303962630487985e+20,8.81248547120306e-19,8.81248547120306e-17,9777.55153548774,7.991111945785044e-09,74.82153840720332,8.142822350758946e-20,5.128856209121483e-06,8.81248547120306e-15,5.452618343284366e-07
1.5759431076464014e+20,7.998604914746062e-19,7.99860491474606e-17,10772.44491618454,8.025710392475711e-09,78.35051653522166,6.815290090339028e-20,5.128856209121483e-06,7.998604914746061e-15,4.949039634884625e-07
1.7362997532198443e+20,7.259890616700814e-19,7.259890616700813e-17,11868.571497786766,8.060388809288274e-09,82.04593987264336,5.708236190660952e-20,5.128856209121483e-06,7.259890616700814e-15,4.491969135860237e-07
1.9129731386900398e+20,6.589400567753158e-19,6.589400567753157e-17,13076.232043335182,8.095147196222726e-09,85.91565885285907,4.778234066738515e-20,5.128856209121483e-06,6.589400567753158e-15,4.077111562270102e-07
2.107623538253362e+20,5.980833890585147e-19,5.980833890585146e-17,14406.775447494461,8.129985553279073e-09,89.96789417707821,3.9977664374669816e-20,5.128856209121483e-06,5.980833890585147e-15,3.7005683228081807e-07
2.322080163677269e+20,5.428471627878142e-19,5.4284716278781417e-17,15872.705386894415,8.164903880457314e-09,94.21125427810843,3.344749096981559e-20,5.128856209121483e-06,5.428471627878143e-15,3.35880088209964e-07
2.5583583541736417e+20,4.927122998862393e-19,4.9271229988623915e-17,17487.797822445096,8.19990217775745e-09,98.65475360782425,2.797895093342237e-20,5.128856209121483e-06,4.927122998862392e-15,3.048597507593701e-07
2.8186785153898263e+20,4.472076619364786e-19,4.472076619364785e-17,19267.230457841233,8.234980445179478e-09,103.30783178716317,2.3409149296022315e-20,5.128856209121483e-06,4.472076619364785e-15,2.7670430875607044e-07
3.105486985495627e+20,4.059056226947578e-19,4.0590562269475776e-17,21227.725370835986,8.270138682723397e-09,108.18037365934303,1.9571773964434064e-20,5.128856209121483e-06,4.0590562269475785e-15,2.5114917365594834e-07
3.421479024453012e+20,3.684180495069933e-19,3.6841804950699324e-17,23387.706157645596,8.30537689038921e-09,113.28273028888837,1.2569968437407128e-20,5.128856209121483e-06,3.684180495069933e-15,2.279541930937943e-07
