E_prime_GeV_total,rate_acc,rate_acc_2,rate_sync,rate_Hep,rate_pg,rate_photodisintegration,t_ad_val,Shear,ESC
11.259660330599557,7.221391594466945,722.1391594466943,3.2024462227763974e-16,2.1028621783334744e-10,2.090387247879241e-15,7.227127548100258e-17,2.0372103505292916e-06,1.2711758089888084e-12,28320236859004.73
11.259660330599557,7.221391594466945,722.1391594466943,3.2024462227763974e-16,2.1028621783334744e-10,2.090387247879241e-15,7.227127548100258e-17,2.0372103505292916e-06,1.2711758089888084e-12,28320236859004.73
11.259660330599557,7.221391594466945,722.1391594466943,3.2024462227763974e-16,2.1028621783334744e-10,2.090387247879241e-15,7.227127548100258e-17,2.0372103505292916e-06,1.2711758089888084e-12,28320236859004.73
11.259660330599557,7.221391594466945,722.1391594466943,3.2024462227763974e-16,2.1028621783334744e-10,2.090387247879241e-15,7.227127548100258e-17,2.0372103505292916e-06,1.2711758089888084e-12,28320236859004.73
11.259660330599557,7.221391594466945,722.1391594466943,3.2024462227763974e-16,2.1028621783334744e-10,2.090387247879241e-15,7.227127548100258e-17,2.0372103505292916e-06,1.2711758089888084e-12,28320236859004.73
11.259660330599557,7.221391594466945,722.1391594466943,3.2024462227763974e-16,2.1028621783334744e-10,2.090387247879241e-15,7.227127548100258e-17,2.0372103505292916e-06,1.2711758089888084e-12,28320236859004.73
11.259660330599557,7.221391594466945,722.1391594466943,3.2024462227763974e-16,2.1028621783334744e-10,2.090387247879241e-15,7.227127548100258e-17,2.0372103505292916e-06,1.2711758089888084e-12,28320236859004.73
11.259660330599557,7.221391594466945,722.1391594466943,3.2024462227763974e-16,2.1028621783334744e-10,2.090387247879241e-15,7.227127548100258e-17,2.0372103505292916e-06,1.2711758089888084e-12,28320236859004.73
11.259660330599557,7.221391594466945,722.1391594466943,3.2024462227763974e-16,2.1028621783334744e-10,2.090387247879241e-15,7.227127548100258e-17,2.0372103505292916e-06,1.2711758089888084e-12,28320236859004.73
11.259660330599557,7.221391594466945,722.1391594466943,3.2024462227763974e-16,2.1028621783334744e-10,2.090387247879241e-15,7.227127548100258e-17,2.0372103505292916e-06,1.2711758089888084e-12,28320236859004.73
11.259660330599557,7.221391594466945,722.1391594466943,3.2024462227763974e-16,2.1028621783334744e-10,2.090387247879241e-15,7.227127548100258e-17,2.0372103505292916e-06,1.2711758089888084e-12,28320236859004.73
11.259660330599557,7.221391594466945,722.1391594466943,3.2024462227763974e-16,2.1028621783334744e-10,2.090387247879241e-15,7.227127548100258e-17,2.0372103505292916e-06,1.2711758089888084e-12,28320236859004.73
11.259660330599557,7.221391594466945,722.1391594466943,3.2024462227763974e-16,2.1028621783334744e-10,2.090387247879241e-15,7.227127548100258e-17,2.0372103505292916e-06,1.2711758089888084e-12,28320236859004.73
11.259660330599557,7.221391594466945,722.1391594466943,3.2024462227763974e-16,2.1028621783334744e-10,2.090387247879241e-15,7.227127548100258e-17,2.0372103505292916e-06,1.2711758089888084e-12,28320236859004.73
9.002376002113031,9.032106240492444,903.2106240492443,2.5604347002930094e-16,1.9008629763149513e-10,1.3540631134676296e-15,5.217884298660682e-17,2.0372103505292916e-06,1.0163363957088495e-12,35421342925431.305
7.377006519065004,11.022142417497848,1102.2142417497846,2.098150918298494e-16,1.4997531047476125e-10,9.113187117467745e-16,3.99839783882413e-17,2.0372103505292916e-06,8.32837932446656e-13,43225696858260.99
6.561880789040202,12.391327895464206,1239.1327895464203,1.8663147670682745e-16,1.1105642247075971e-10,7.195050830687039e-16,3.443363225853278e-17,2.0372103505292916e-06,7.408131218512646e-13,48595251539331.99
6.039965397430348,13.462066604311568,1346.2066604311565,1.717872813634956e-16,7.617349159848523e-11,6.075263250163444e-16,3.0910451472120285e-17,2.0372103505292916e-06,6.818907209374137e-13,52794383168185.39
5.68669703784298,14.298355605521474,1429.8355605521472,1.6173970541031638e-16,4.857882370459489e-11,5.368453146019417e-16,2.863038359545488e-17,2.0372103505292916e-06,6.420079731809626e-13,56074069955284.94
5.450178542711941,14.918853727585496,1491.8853727585492,1.5501270176091924e-16,2.965118855852118e-11,4.919377450734641e-16,2.7194729465729324e-17,2.0372103505292916e-06,6.153058720019475e-13,58507486500772.516
5.303842240240531,15.330474170411426,1533.0474170411424,1.5085063891581675e-16,1.8671872324665838e-11,4.650763410974807e-16,2.6282816066015312e-17,2.0372103505292916e-06,5.987850212642928e-13,60121744401669.42
5.23260796367478,15.539176072889184,1553.9176072889181,1.4882461030374357e-16,1.379942348117363e-11,4.522925257704449e-16,2.5833927738181818e-17,2.0372103505292916e-06,5.907429235026831e-13,60940213699972.48
5.227502362892653,15.554352886595575,1555.4352886595573,1.4867939800195423e-16,1.3466579385465399e-11,4.514140994869635e-16,2.580162515987143e-17,2.0372103505292916e-06,5.901665192405619e-13,60999732831888.74
5.283187259108811,15.39040970538309,1539.0409705383088,1.5026317477955826e-16,1.7218529523361937e-11,4.613667697496249e-16,2.6152566349373388e-17,2.0372103505292916e-06,5.964531469822233e-13,60356794464315.13
5.396692538372284,15.066712785618291,1506.671278561829,1.5349146535111882e-16,2.552459543196758e-11,4.820353538409156e-16,2.6864177212157472e-17,2.0372103505292916e-06,6.092674913723586e-13,59087347527620.375
5.566715897607109,14.606532462505653,1460.653246250565,1.5832722991752938e-16,3.89050692219359e-11,5.138151411634109e-16,2.790511748149029e-17,2.0372103505292916e-06,6.284625270018938e-13,57282651635157.11
5.7932160348141855,14.035453879039144,1403.5453879039142,1.6476929377700384e-16,5.711850827108567e-11,5.577142793109129e-16,2.9294201180887926e-17,2.0372103505292916e-06,6.54033591021278e-13,55043044415785.67
6.077169661395446,13.379652206266355,1337.9652206266353,1.7284543632650466e-16,7.892279974495853e-11,6.1520427640755035e-16,3.11612116542497e-17,2.0372103505292916e-06,6.860909506916934e-13,52471177419999.54
6.420425950410127,12.664333658851799,1266.4333658851797,1.8260825131313384e-16,1.0241105342036341e-10,6.882239855485304e-16,3.348729768671735e-17,2.0372103505292916e-06,7.248433711082249e-13,49665902227896.51
6.825622297518961,11.912527960637375,1191.2527960637374,1.9413275092663485e-16,1.2558887852352534e-10,7.795185237863952e-16,3.615675193377844e-17,2.0372103505292916e-06,7.705886049085374e-13,46717534843735.34
7.296140779554359,11.144304766678431,1114.4304766678429,2.0751512740424316e-16,1.4685354433678955e-10,8.914357869272555e-16,3.9386868541262265e-17,2.0372103505292916e-06,8.237084765995233e-13,43704782726793.22
7.836093108910487,10.376397439112328,1037.6397439112325,2.228723251069715e-16,1.6521763034797254e-10,1.0282860611023386e-15,4.339060964528704e-17,2.0372103505292916e-06,8.846671839611795e-13,40693269347696.0
8.45032667472491,9.622162503036192,962.2162503036191,2.4034221234148395e-16,1.802970044374114e-10,1.1947972502039652e-15,4.783984194150633e-17,2.0372103505292916e-06,9.540119800746386e-13,37735375185942.09
9.144447112656906,8.891780494350732,889.178049435073,2.6008422328444507e-16,1.9216480065274688e-10,1.396446272842026e-15,5.3387955408792006e-17,2.0372103505292916e-06,1.0323757213702774e-12,34871025397824.184
9.924854609358636,8.192605299353495,819.2605299353494,2.82280390545787e-16,2.0117080073778357e-10,1.6387460341682065e-15,6.01690617713139e-17,2.0372103505292916e-06,1.1204809662740487e-12,32129059826612.945
10.7987922819404,7.529584266930091,752.958426693009,3.0713672116613033e-16,2.0778686216889412e-10,1.9292347331358774e-15,6.771421410036801e-17,2.0372103505292916e-06,1.2191454370779177e-12,29528880562671.69
11.774405730439957,6.905691746101086,690.5691746101085,3.3488489039417036e-16,2.1250044687482237e-10,2.2771158423887716e-15,7.76869532471401e-17,2.0372103505292916e-06,1.3292887432029212e-12,27082152153984.246
12.860813388551875,6.322338565329271,632.2338565329269,3.657842425856463e-16,2.1575426939579089e-10,2.6932044564926673e-15,8.915846788298978e-17,2.0372103505292916e-06,1.451940323547576e-12,24794407467133.332
14.068187681537712,5.779736403051524,577.9736403051523,4.001240994776164e-16,2.1792024727707992e-10,3.1872402751586502e-15,1.0298315786226891e-16,2.0372103505292916e-06,1.5882486089287598e-12,22666476644535.67
15.407847293595376,5.277208095237488,527.7208095237487,4.382263844353699e-16,2.1929488411910618e-10,3.772374027105243e-15,1.213874051545844e-16,2.0372103505292916e-06,1.739491438741225e-12,20695704042125.805
16.892361083648005,4.813442955979311,481.3442955979311,4.804485780009582e-16,2.2010592846793414e-10,4.466734593336499e-15,1.4205040163581956e-16,2.0372103505292916e-06,1.907087792682455e-12,18876949523840.97
18.53566439036909,4.386700943408992,438.6700943408991,5.271870258134837e-16,2.2052359916031918e-10,5.288382325248601e-15,1.7013344501474994e-16,2.0372103505292916e-06,2.0926109211784575e-12,17203389142080.242
20.35318864891637,3.994971887231715,399.4971887231714,5.788806251378895e-16,2.2067253294885928e-10,6.255976548406108e-15,2.0473733823264203e-16,2.0372103505292916e-06,2.2978029786543683e-12,15667139582646.986
22.362005413427422,3.636096806376817,363.6096806376816,6.360149211190523e-16,2.2064257598802748e-10,7.390478215642384e-15,2.4446578354524945e-16,2.0372103505292916e-06,2.524591283164585e-12,14259733937952.072
24.580986048087524,3.307858208327275,330.78582083272744,6.991266486777365e-16,2.204977226291491e-10,8.725287346721889e-15,3.0104898186799414e-16,2.0372103505292916e-06,2.775106344949256e-12,12972475835212.822
27.03097852096265,3.008045617175417,300.8045617175417,7.688087608393895e-16,2.2028313365457804e-10,1.0288890379008824e-14,3.684696712438255e-16,2.0372103505292916e-06,3.0517018258324432e-12,11796696418785.91
29.735002913060246,2.734501715223686,273.4501715223685,8.457159893570645e-16,2.2003045169703894e-10,1.211777163347819e-14,4.497563567570033e-16,2.0372103505292916e-06,3.3569766115032738e-12,10723935304356.797
32.71846744377385,2.485153579020019,248.51535790200185,9.305709888565241e-16,2.197617257046955e-10,1.4243077262720995e-14,5.631085176689053e-16,2.0372103505292916e-06,3.69379920002423e-12,9746063077755.785
36.00940701607062,2.2580326421830983,225.80326421830978,1.0241711214826032e-15,2.194922549595069e-10,1.6720625589432348e-14,6.948199275891142e-16,2.0372103505292916e-06,4.065334632738734e-12,8855359583461.285
39.63874650332671,2.0512862701427883,205.12862701427878,1.1273959452417193e-15,2.1923262161441865e-10,1.960515390739399e-14,8.576561748893704e-16,2.0372103505292916e-06,4.47507421842321e-12,8044559317428.391
43.64059123732531,1.8631832008362124,186.31832008362122,1.2412154759934876e-15,2.189901280386291e-10,2.29566593831785e-14,1.0812984013583208e-15,2.0372103505292916e-06,4.926868328354178e-12,7306872763946.142
48.05254741633067,1.6921145878795008,169.21145878795002,1.366699300422127e-15,2.1876980509005504e-10,2.6823573270624454e-14,1.3429071847998978e-15,2.0372103505292916e-06,5.424962569246051e-12,6635990486659.377
52.91607543611734,1.536591967522348,153.65919675223478,1.5050266253948479e-15,2.1857511503041785e-10,3.129192324568443e-14,1.6606839787524047e-15,2.0372103505292916e-06,5.9740376730740595e-12,6026075155544.758
58.276879458301956,1.3952431431426153,139.52431431426152,1.6574973579731147e-15,2.1840843923758412e-10,3.646095581021517e-14,2.0913583536754126e-15,2.0372103505292916e-06,6.579253477960433e-12,5471745407073.144
64.18533687240357,1.2668067261154141,126.6806726115414,1.825544320071991e-15,2.18271415379497e-10,4.24224281802915e-14,2.6037938544565314e-15,2.0372103505292916e-06,7.246297412921355e-12,4968054435056.172
70.69697168410599,1.1501258757059978,115.01258757059976,2.0107467124582397e-15,2.1816516988502425e-10,4.930087322252381e-14,3.2074202681704023e-15,2.0372103505292916e-06,7.9814379417267e-12,4510465440292.803
77.87297627583945,1.0441416311087055,104.41416311087055,2.2148449545425922e-15,2.1809047791044154e-10,5.715521074710325e-14,4.002813984582028e-15,2.0372103505292916e-06,8.791583467823442e-12,4094825480729.085
85.78078644101417,0.9478861157778774,94.78861157778773,2.4397570393687616e-15,2.180478732659284e-10,6.618421585289897e-14,4.98668355700932e-15,2.0372103505292916e-06,9.68434725366587e-12,3717338820783.4775
94.49471509434736,0.860475809538776,86.04758095387758,2.687596557454152e-15,2.1803772389248907e-10,7.654058322825021e-14,6.124897559847373e-15,2.0372103505292916e-06,1.066811896436913e-11,3374540546486.012
104.09665061247894,0.7811050210504773,78.11050210504771,2.960692558830116e-15,2.1806028366538443e-10,8.841959510144058e-14,7.539232807656818e-15,2.0372103505292916e-06,1.1752143507893649e-11,3063270966340.704
114.6768263667012,0.7090396468414538,70.90396468414536,3.261611439911632e-15,2.181157279495348e-10,1.0203067393368314e-13,9.335358414863685e-15,2.0372103505292916e-06,1.2946607912567314e-11,2780651136044.2676
126.33466867883976,0.6436112693234418,64.36112693234418,3.5931810608598966e-15,2.1820417801172167e-10,1.174892417186169e-13,1.1452814188515849e-14,2.0372103505292916e-06,1.4262737058303948e-11,2524059712580.9272
139.17973116845,0.5842116218024167,58.42116218024166,3.958517320066471e-15,2.1832571779314558e-10,1.3514595480514852e-13,1.3956844158097252e-14,2.0372103505292916e-06,1.5712899161095608e-11,2291111247575.132
153.33272427145863,0.5302874311682706,53.02874311682705,4.361053435481393e-15,2.1848040544414788e-10,1.5530536594869017e-13,1.7041275001064334e-14,2.0372103505292916e-06,1.7310722002024243e-11,2079635961792.3684
168.92664960482503,0.48133563684685826,48.13356368468582,4.804572207947217e-15,2.1866828126645826e-10,1.782459815549803e-13,2.0838562521283072e-14,2.0372103505292916e-06,1.9071220993018013e-11,1887660995233.5837
186.1080498371456,0.43689897636934816,43.68989763693481,5.293241569726042e-15,2.1888937318979078e-10,2.0442481717656044e-13,2.530013143886696e-14,2.0372103505292916e-06,2.1010940282819856e-11,1713393094998.0542
205.03838581062408,0.3965619225223701,39.656192252237005,5.831653752280099e-15,2.1914370055451512e-10,2.3413001588418626e-13,3.0544747462299e-14,2.0372103505292916e-06,2.3148108229184992e-11,1555202681945.7937
225.8955538557023,0.35994695371421104,35.994695371421095,6.424868441379131e-15,2.1943127672913942e-10,2.6774601336851825e-13,3.6887776314764403e-14,2.0372103505292916e-06,2.55028086983337e-11,1411609224138.2092
248.87555755711787,0.32671113734936985,32.67111373493698,7.078460325079119e-15,2.19752110925092e-10,3.059455641317668e-13,4.4521403459268125e-14,2.0372103505292916e-06,2.8097169801423675e-11,1281267837808.2014
274.194349681625,0.29654300521639637,29.65430052163963,7.798571481399153e-15,2.2010620945755827e-10,3.493569399465776e-13,5.359114580918987e-14,2.0372103505292916e-06,3.0955571841672085e-11,1162957033523.03
302.08986157670415,0.26915969984414345,26.91596998441434,8.591969098004284e-15,2.204935766232844e-10,3.9857735889217703e-13,6.413585816052146e-14,2.0372103505292916e-06,3.41048764262888e-11,1055567525007.9604
332.8242391113429,0.24430437123524223,24.430437123524218,9.466109066309585e-15,2.2091421531295386e-10,4.544205196993589e-13,7.652631717431041e-14,2.0372103505292916e-06,3.757467889627872e-11,958092019877.9219
366.68630617094004,0.2217438041715134,22.174380417151337,1.0429206047625307e-14,2.2136812743920464e-10,5.174862325474663e-13,9.124162837415557e-14,2.0372103505292916e-06,4.139758644629933e-11,869615914606.4943
403.99427885682303,0.2012662572797503,20.126625727975025,1.1490310669783911e-14,2.2185531423627656e-10,5.886238700069023e-13,1.0886781409414896e-13,2.0372103505292916e-06,4.560952454818206e-11,789308819958.6356
445.09875589682434,0.18267949615835954,18.267949615835953,1.2659394579697402e-14,2.223757764700518e-10,6.692049279431975e-13,1.2927302118986243e-13,2.0372103505292916e-06,5.02500745577047e-11,716416847474.7113
490.3860133690692,0.1658090040319921,16.58090040319921,1.394744415111969e-14,2.2292951458538222e-10,7.603733003822594e-13,1.5265002619828085e-13,2.0372103505292916e-06,5.5362845677248754e-11,650255592168.6323
540.2816347008726,0.15049635457803803,15.049635457803799,1.5366563728225145e-14,2.235165288094211e-10,8.634272209428573e-13,1.8026556027971878e-13,2.0372103505292916e-06,6.099588476983009e-11,590203751217.7607
595.2545100553561,0.13659773272508763,13.659773272508762,1.6930089375226164e-14,2.2413681922401565e-10,9.799490432744676e-13,2.124912466241097e-13,2.0372103505292916e-06,6.72021278756961e-11,535697322956.63715
655.8212426897151,0.12398259033889585,12.398259033889582,1.865271420098307e-14,2.2479038581629976e-10,1.1117201784932388e-12,2.5071964109806366e-13,2.0372103505292916e-06,7.403989767458224e-11,486224334860.99664
722.5510036935286,0.11253242477320329,11.253242477320326,2.0550626436334273e-14,2.2547722851390065e-10,1.259469759406413e-12,2.942706533741135e-13,2.0372103505292916e-06,8.157345156848871e-11,441320053372.69025
796.0708807291333,0.10213966926345944,10.213966926345941,2.2641661561717318e-14,2.2619734720927561e-10,1.4265100197750696e-12,3.4371247754433433e-13,2.0372103505292916e-06,8.987358553554205e-11,400562632340.54663
877.0717710384243,0.09270668507740895,9.270668507740893,2.494546991468831e-14,2.2695074177636749e-10,1.6149281105658599e-12,4.0185626824931115e-13,2.0372103505292916e-06,9.901829942961067e-11,363569160522.6102
966.3148740951405,0.08414484620666095,8.414484620666093,2.7483701352417727e-14,2.2773741208183576e-10,1.827656447140167e-12,4.687067076861085e-13,2.0372103505292916e-06,1.0909352997777339e-10,329992072007.7039
1064.6388449168464,0.0763737081886161,7.6373708188616085,3.028020870451458e-14,2.2855735799246557e-10,2.0675351019707993e-12,5.471552086309539e-13,2.0372103505292916e-06,1.2019395836393046e-10,299515886572.24384
1172.9676752592488,0.06932025339059181,6.93202533905918,3.336127192810952e-14,2.2941057937989432e-10,2.33815270060959e-12,6.362506784536276e-13,2.0372103505292916e-06,1.3242389998775403e-10,271854249899.97366
1292.3193767558053,0.06291820577051428,6.2918205770514275,3.675584507167815e-14,2.3029707612346585e-10,2.6432880109798054e-12,7.37423393074913e-13,2.0372103505292916e-06,1.4589828476042484e-10,246747246268.96414
1423.815547601696,0.057107408754529666,5.710740875452966,4.049582836842613e-14,2.3121684811179097e-10,2.9857916915198984e-12,8.530060539672098e-13,2.0372103505292916e-06,1.6074373714940064e-10,223958958765.15793
1568.6919126843384,0.051833260444880166,5.183326044488016,4.461636801621298e-14,2.3216989524342536e-10,3.371338848646068e-12,9.867810559986843e-13,2.0372103505292916e-06,1.7709976612185544e-10,203275254328.8499
1728.3099362104933,0.04704620089509317,4.704620089509316,4.915618646117268e-14,2.331562174269578e-10,3.806083039823316e-12,1.1389001732143206e-12,2.0372103505292916e-06,1.9512007616918794e-10,184501772994.31006
1904.1696159586827,0.042701246667570414,4.270124666757041,5.415794628884475e-14,2.341758145807146e-10,4.295940756395415e-12,1.314601880269097e-12,2.0372103505292916e-06,2.1497401173284752e-10,167462102557.4846
2097.923579389951,0.03875756832457575,3.8757568324575735,5.966865114245539e-14,2.352286866322293e-10,4.847659745979364e-12,1.5142019047681005e-12,2.0372103505292916e-06,2.368481486053597e-10,151996121616.23352
2311.3926140839744,0.03517810690079089,3.517810690079088,6.574008743594432e-14,2.3631483351757433e-10,5.469220717886781e-12,1.7367315859329519e-12,2.0372103505292916e-06,2.609480472616085e-10,137958495485.15256
2546.5827784466433,0.03192922576722285,3.192922576722285,7.242931101270282e-14,2.374342551806316e-10,6.169701012467815e-12,1.9922633467029556e-12,2.0372103505292916e-06,2.8750018459717657e-10,125217310905.17548
2805.704253485636,0.028980394625317128,2.8980394625317123,7.979918332335968e-14,2.3858695157234395e-10,6.95680661066205e-12,2.2827974038945053e-12,2.0372103505292916e-06,3.1675408222709963e-10,113652836758.67352
3091.1921128119525,0.026303902669439463,2.630390266943946,8.791896216130088e-14,2.397729226499824e-10,7.838797023693832e-12,2.60997714961e-12,2.0372103505292916e-06,3.4898465134554565e-10,103156399174.57219
3405.7292060520335,0.023874598228025488,2.3874598228025485,9.686495250731808e-14,2.4099216837644847e-10,8.832807067329298e-12,2.9854794778709367e-12,2.0372103505292916e-06,3.8449477618206964e-10,93629360475.24593
3752.2713707153644,0.02166965244106074,2.166965244106074,1.0672122359964281e-13,2.422446887196223e-10,9.951116001983298e-12,3.41250729232911e-12,2.0372103505292916e-06,4.2361816033225436e-10,84982192387.04095
4134.075209444193,0.019668344756329753,1.966834475632975,1.1758039896797793e-13,2.435304836517643e-10,1.1209450952439038e-11,3.8869813910070286e-12,2.0372103505292916e-06,4.667224627109132e-10,77133634817.78317
4554.728693679843,0.0178518682310916,1.7851868231091599,1.2954452685580783e-13,2.4484955314897133e-10,1.2625140042680681e-11,4.417464959120303e-12,2.0372103505292916e-06,5.142127525977253e-10,70009932305.5164
5018.184881341147,0.016203152811343557,1.6203152811343553,1.4272603921071265e-13,2.462018971906882e-10,1.4216351252654695e-11,5.0271464801054395e-12,2.0372103505292916e-06,5.665353162438222e-10,63544140970.21011
5528.799065374266,0.014706704929317287,1.4706704929317285,1.57248808254722e-13,2.475875157592709e-10,1.600718172536318e-11,5.705414475177823e-12,2.0372103505292916e-06,6.241818508116104e-10,57675499460.91827
6091.369702274411,0.01334846191285757,1.3348461912857568,1.7324931056374548e-13,2.4900640883960016e-10,1.8021250221486667e-11,6.471743776165231e-12,2.0372103505292916e-06,6.87694085060049e-10,52348857990.91395
6711.183505202018,0.01211565983926958,1.2115659839269577,1.9087790959542245e-13,2.504585764187395e-10,2.0277911233165764e-11,7.340301134949431e-12,2.0372103505292916e-06,7.576688701979037e-10,47514160098.192726
7394.065125452515,0.010996713592371607,1.0996713592371605,2.1030026871785063e-13,2.519440184856364e-10,2.2811543593060358e-11,8.325167864632808e-12,2.0372103505292916e-06,8.347637887458854e-10,43125972263.465
8146.43188915709,0.009981107996025694,0.9981107996025692,2.316989080180108e-13,2.5346273503086005e-10,2.56557155612398e-11,9.40024835342848e-12,2.0372103505292916e-06,9.197033341164808e-10,39143056966.93341
8975.354103598556,0.009059299001400305,0.9059299001400304,2.5527491951987967e-13,2.5501472604637307e-10,2.885077973651794e-11,1.0612624279597263e-11,2.0372103505292916e-06,1.01328571898362e-09,35527985172.93813
9888.621499866033,0.008222623999618763,0.8222623999618762,2.8124985693085467e-13,2.5659999152533364e-10,3.2444056329894183e-11,1.198957149851337e-11,2.0372103505292916e-06,1.1163903764232813e-09,32246784601.760616
10894.816436238041,0.007463220417141866,0.7463220417141865,3.098678176752326e-13,2.582185314619235e-10,3.6474595944120985e-11,1.3521319644714455e-11,2.0372103505292916e-06,1.2299862243164143e-09,29268620483.946976
12003.394550217161,0.006773951829024356,0.6773951829024355,3.4139773678049195e-13,2.5987034585120007e-10,4.100176178609284e-11,1.521063685454477e-11,2.0372103505292916e-06,1.3551407706782633e-09,26565505797.587063
13224.77361713712,0.006148340895800264,0.6148340895800263,3.761359141729862e-13,2.6155543468896815e-10,4.608430313303163e-11,1.713473539990555e-11,2.0372103505292916e-06,1.4930301454806826e-09,24112038265.918446
14570.431450384305,0.00558050849385108,0.558050849385108,4.144087991331176e-13,2.6327379797167035e-10,5.179080295478358e-11,1.9317690623847215e-11,2.0372103505292916e-06,1.6449501532407243e-09,21885161644.002544
16053.013763243192,0.005065118467295039,0.5065118467295039,4.565760580766849e-13,2.650254356962923e-10,5.8181232828116555e-11,2.171224716699516e-11,2.0372103505292916e-06,1.8123284502413178e-09,19863949051.40207
17686.453005988926,0.004597327482249352,0.45973274822493504,5.030339544916407e-13,2.6681034786028206e-10,6.532927922093179e-11,2.4336756023014215e-11,2.0372103505292916e-06,1.9967379608185174e-09,18029406314.909058
19486.099294989155,0.004172739512255975,0.41727395122559735,5.542190727929443e-13,2.6862853446148047e-10,7.33433487940842e-11,2.7319877933493418e-11,2.0372103505292916e-06,2.199911658793806e-09,16364293473.374525
21468.86466421102,0.003787364527174576,0.3787364527174575,6.106124210901422e-13,2.704799954980619e-10,8.233114146665797e-11,3.06877938879668e-11,2.0372103505292916e-06,2.4237588529588e-09,14852962767.336796
23653.38199472605,0.0034375809973421208,0.343758099734212,6.727439514231263e-13,2.723647309684843e-10,9.239866337306365e-11,3.437880250529688e-11,2.0372103505292916e-06,2.670383129653979e-09,13481211591.036673
26060.180115738818,0.003120101860648224,0.31201018606482234,7.411975399445861e-13,2.7428274087144544e-10,1.0367750140860609e-10,3.8402900325913974e-11,2.0372103505292916e-06,2.942102121055226e-09,12236149024.999886
28711.876722639652,0.0028319436327138557,0.28319436327138553,8.166164738500849e-13,2.762340252058462e-10,1.1631271531646084e-10,4.30158267251343e-11,2.0372103505292916e-06,3.2414692849393395e-09,11106074694.973919
31633.39092501181,0.002570398369896356,0.25703983698963556,8.997094966187047e-13,2.7821858397076e-10,1.3046709441822457e-10,4.821846197123387e-11,2.0372103505292916e-06,3.5712979006019373e-09,10080368818.835375
34852.17742199724,0.002333008221650587,0.23330082216505865,9.912574683739573e-13,2.8023641716540526e-10,1.4629932936693036e-10,5.395238037556331e-11,2.0372103505292916e-06,3.934687506427626e-09,9149392408.213139
38398.48450566475,0.002117542333108204,0.21175423331082033,1.0921207039551627e-12,2.82287524789124e-10,1.6404267361234738e-10,6.01455487768358e-11,2.0372103505292916e-06,4.3350530275573144e-09,8304396686.996244
42305.63831694768,0.0019219758808218122,0.19219758808218118,1.2032470576582607e-12,2.8437190684136177e-10,1.8386392309601555e-10,6.711489540654913e-11,2.0372103505292916e-06,4.77615686737775e-09,7537440875.505636
46610.35602542304,0.0017444710446664425,0.17444710446664421,1.325680830621743e-12,2.8648956332165233e-10,2.0598248391301685e-10,7.505630773372938e-11,2.0372103505292916e-06,5.262144264410376e-09,6841317567.722329
51353.090876014576,0.0015833597370849219,0.15833597370849214,1.4605725845641827e-12,2.8864049422960315e-10,2.3070715712579805e-10,8.379844991942672e-11,2.0372103505292916e-06,5.797582246863182e-09,6209485000.316817
56578.41234516955,0.0014371279273778794,0.14371279273778792,1.6091899540971826e-12,2.9082469956488396e-10,2.583380319273491e-10,9.327813238737567e-11,2.0372103505292916e-06,6.387502550917857e-09,5636005576.988295
62335.42497899587,0.0013044014137281064,0.13044014137281063,1.7729295592215891e-12,2.930421793272175e-10,2.8921097381969663e-10,1.036399866663886e-10,2.0372103505292916e-06,7.037448906073429e-09,5115490070.404836
68678.22984935853,0.0011839329092536884,0.11839329092536882,1.953330129953717e-12,2.9529293351637047e-10,3.237037596917925e-10,1.1558708788637385e-10,2.0372103505292916e-06,7.753529131906677e-09,4643046977.389405
75666.43296443355,0.0010745903207326278,0.10745903207326277,2.152086966419268e-12,2.9757696213214734e-10,3.6219614229035147e-10,1.290247013157329e-10,2.0372103505292916e-06,8.542472535824671e-09,4214236551.423064
83365.705411464,0.0009753461098496643,0.09753461098496642,2.371067870302415e-12,2.9989426517438344e-10,4.0520362747205193e-10,1.4368845528205648e-10,2.0372103505292916e-06,9.411693151199846e-09,3825029080.4912777
91848.40049562084,0.0008852676369886405,0.08852676369886403,2.612330697364761e-12,3.0224484264294104e-10,4.53187559094241e-10,1.5947223555846256e-10,2.0372103505292916e-06,1.0369359410163651e-08,3471767018.1934457
101194.23367447684,0.0008035083968272849,0.08035083968272848,2.8781426959824145e-12,3.0462869453770415e-10,5.067112546217183e-10,1.7710182614406417e-10,2.0372103505292916e-06,1.1424470905802715e-08,3151130612.246988
111491.03167772814,0.0007293000633717108,0.07293000633717106,3.171001813433676e-12,3.070458208585756e-10,5.664990718311057e-10,1.973152255847362e-10,2.0372103505292916e-06,1.2586942965124625e-08,2860106707.3829837
122835.55785195586,0.0006619452696746136,0.06619452696746135,3.4936601701614676e-12,3.0949622160547416e-10,6.331110790789426e-10,2.1965907914771252e-10,2.0372103505292916e-06,1.3867699827561057e-08,2595960429.461603
135334.4214865372,0.0006008110543852521,0.0600811054385252,3.849149922607942e-12,3.1197989677833155e-10,7.074615374467239e-10,2.439085154737521e-10,2.0372103505292916e-06,1.5278777304645457e-08,2356209484.7114716
149105.07966602928,0.0005453229135457116,0.054532291354571154,4.240811757665369e-12,3.1449684637709045e-10,7.898697331860387e-10,2.6991478905039954e-10,2.0372103505292916e-06,1.6833435885602145e-08,2138600832.57223
164276.94106385112,0.0004949594017357605,0.049495940173576045,4.67232628651754e-12,3.17047070401703e-10,8.817860378084423e-10,2.9889082453326147e-10,2.0372103505292916e-06,1.854628535174721e-08,1941089512.9254823
180992.5820500791,0.0004492472318310075,0.04492472318310075,5.1477486328929014e-12,3.196305688521291e-10,9.841636635908103e-10,3.3252909933756426e-10,2.0372103505292916e-06,2.0433422070755442e-08,1761819428.7448125
199409.08654163044,0.00040775682732476404,0.0407756827324764,5.6715465407696895e-12,3.22247341728335e-10,1.0982026742106302e-09,3.697350435901873e-10,2.0372103505292916e-06,2.251258026100498e-08,1599105903.5714877
219699.52218597868,0.00037009828541690747,0.037009828541690735,6.248642359647475e-12,3.248973890302928e-10,1.2251915993197108e-09,4.1020500299827814e-10,2.0372103505292916e-06,2.4803298647495268e-08,1451419849.9011106
242054.5667507075,0.0003359177129332425,0.03359177129332424,6.884459301937968e-12,3.2758071075797887e-10,1.366347425217832e-09,4.53738446604908e-10,2.0372103505292916e-06,2.7327104075472754e-08,1317373399.7050767
266684.30000278424,0.0003048939006424287,0.03048939006424286,7.584972407175696e-12,3.302973069113734e-10,1.5235002367437382e-09,5.017917905561642e-10,2.0372103505292916e-06,3.0107713807260295e-08,1195706862.0507085
293820.1779165922,0.00027673530471765764,0.02767353047176576,8.35676469198051e-12,3.3304717749046017e-10,1.6983035699880342e-09,5.575681442329038e-10,2.0372103505292916e-06,3.317125840335822e-08,1085276885.255442
323717.20776317845,0.000251177306976615,0.025117730697661496,9.207089013436618e-12,3.3583032249522516e-10,1.892829978426975e-09,6.193533149344967e-10,2.0372103505292916e-06,3.6546527282323864e-08,985045712.3298771
356656.3445209606,0.0002279797281530371,0.022797972815303706,1.0143936227244689e-11,3.3864674192565684e-10,2.108970163364177e-09,6.864750987700214e-10,2.0372103505292916e-06,4.0265239267060724e-08,894071428.7385366
392947.13112796313,0.00020692457083104602,0.020692457083104597,1.1176110281157657e-11,3.4149643578174575e-10,2.349062497175108e-09,7.586916717702098e-10,2.0372103505292916e-06,4.436234065995329e-08,811499110.8324875
432930.60738714365,0.00018781397083166622,0.018781397083166618,1.231331094938478e-11,3.4437940406348373e-10,2.616120047031068e-09,8.36743400527628e-10,2.0372103505292916e-06,4.8876333647985304e-08,736552791.7719321
476982.51486102893,0.00017046833779983466,0.017046833779983464,1.356622498545435e-11,3.4729564677086415e-10,2.9130308902978544e-09,9.252298828513175e-10,2.0372103505292916e-06,5.384963812400358e-08,668528169.4391356
525516.8278733945,0.00015472466751822748,0.015472466751822744,1.4946626550136553e-11,3.5024516390388133e-10,3.2413189427798496e-09,1.0261890826267044e-09,2.0372103505292916e-06,5.9328990324313224e-08,606785987.8149161
578989.6438002931,0.0001404350100880049,0.014043501008800488,1.6467487858189845e-11,3.532279554625305e-10,3.6059140405770447e-09,1.1378703299691132e-09,2.0372103505292916e-06,6.53658820287689e-08,550746029.6207072
637903.4692091612,0.00012746507958131794,0.01274650795813179,1.8143101083725675e-11,3.5624402144680783e-10,4.010821425469956e-09,1.2590022917945886e-09,2.0372103505292916e-06,7.201704445071343e-08,499881663.7724901
702811.9421246179,0.00011569299209990817,0.011569299209990815,1.998921266978646e-11,3.592933618567101e-10,4.460489670259104e-09,1.3890646871702798e-09,2.0372103505292916e-06,7.93449813640768e-08,453714896.4067801
774325.0347981103,0.00010500812038079666,0.010500812038079664,2.202317130430141e-11,3.623759766922345e-10,4.958782276453224e-09,1.5323567737174741e-09,2.0372103505292916e-06,8.74185564776591e-08,411811878.97103125
853114.7858740031,9.531005418531488e-05,0.009531005418531486,2.426409095301207e-11,3.6549186595337883e-10,5.5118592572443616e-09,1.6977768787080186e-09,2.0372103505292916e-06,9.631364057639867e-08,373778831.1661192
939921.6158197038,8.650765670181324e-05,0.008650765670181323,2.6733030481456975e-11,3.686410296401412e-10,6.12558246877613e-09,1.8829777840406306e-09,2.0372103505292916e-06,1.0611382451108617e-07,339258340.4270659
1035561.2849685624,7.851820809466912e-05,0.00785182080946691,2.9453191553998295e-11,3.7182346775251963e-10,6.8059599766856815e-09,2.085113432175562e-09,2.0372103505292916e-06,1.1691120473678688e-07,307926003.16667825
1140932.559563229,7.12666281511606e-05,0.007126662815116059,3.245013666963178e-11,3.750391802905134e-10,7.55957377627016e-09,2.303559897566003e-09,2.0372103505292916e-06,1.288072487820094e-07,279487376.2184427
1257025.6578404848,6.468477072109433e-05,0.006468477072109432,3.575202938355355e-11,3.7828816725412103e-10,8.396479638639354e-09,2.5378810536106275e-09,2.0372103505292916e-06,1.4191374878179666e-07,253675209.83011153
1384931.555528964,5.871078331873856e-05,0.005871078331873855,3.9389898971947106e-11,3.815704286433416e-10,9.322751109933984e-09,2.7964112813938897e-09,2.0372103505292916e-06,1.5635387203549117e-07,230246936.20525286
1525852.2382074671,5.32885258689701e-05,0.005328852586897009,4.339793202715752e-11,3.848859644581747e-10,1.0349181868096596e-08,3.0865349816438266e-09,2.0372103505292916e-06,1.7226331846171057e-07,208982389.99152812
1681111.9968695694,4.8367043135349824e-05,0.004836704313534982,4.781379372349475e-11,3.8823477469861926e-10,1.1487947727956792e-08,3.4143339406919075e-09,2.0372103505292916e-06,1.8979159582762252e-07,189681739.29417226
1852169.872843721,4.390008587230983e-05,0.0043900085872309825,5.2678981772736786e-11,3.916168593646748e-10,1.2748238340305081e-08,3.77776454478555e-09,2.0372103505292916e-06,2.0910342473638775e-07,172163607.7715343
2040633.3690189777,3.9845676201518765e-05,0.003984567620151876,5.803921639560083e-11,3.950322184563412e-10,1.414361645389727e-08,4.1738105658504745e-09,2.0372103505292916e-06,2.3038028657602767e-07,156263370.16522315
2248273.5562265264,3.6165713128083444e-05,0.0036165713128083437,6.3944869973909e-11,3.9848085197361785e-10,1.5685324656819488e-08,4.599636893095904e-09,2.0372103505292916e-06,2.5382212897644473e-07,141831605.24723548
2477041.7167380466,3.282561448945646e-05,0.0032825614489456457,7.045144042107107e-11,4.019627599165043e-10,1.7390372632397404e-08,5.068416942401946e-09,2.0372103505292916e-06,2.796492448014946e-07,128732691.64575838
2729087.6812868584,2.979399197229306e-05,0.0029793991972293056,7.762007271934569e-11,4.054779422850006e-10,1.9279681375521974e-08,5.592809124680256e-09,2.0372103505292916e-06,3.081043423337875e-07,116843533.35403204
3006780.031932567,2.704235614325381e-05,0.0027042356143253806,8.551813352498542e-11,4.090263990791063e-10,2.1370766814846762e-08,6.191225138354754e-09,2.0372103505292916e-06,3.3945482610661955e-07,106052402.94534136
3312728.360624022,2.4544848721803443e-05,0.002454484872180344,9.421984424107175e-11,4.126081302988214e-10,2.3680582943710278e-08,6.8555032395180284e-09,2.0372103505292916e-06,3.7399530981696827e-07,96257891.62334214
3649807.7926337332,2.2277999579060085e-05,0.0022277999579060083,1.0380697850729375e-10,4.162231359441456e-10,2.6242292068096252e-08,7.57876943925736e-09,2.0372103505292916e-06,4.1205038493446237e-07,87367956.24089974
4021186.0053206543,2.0220506179111887e-05,0.0020220506179111884,1.1436963066127173e-10,4.198714160150789e-10,2.9070642416242334e-08,8.359417828285643e-09,2.0372103505292916e-06,4.539776710240932e-07,79299054.33188021
4430352.99612821,1.8353033390116686e-05,0.0018353033390116683,1.2600706239298605e-10,4.235529705116212e-10,3.220265005825579e-08,9.20568415608745e-09,2.0372103505292916e-06,5.001711764478589e-07,71975359.02741663
4881153.879559793,1.665803178392678e-05,0.0016658031783926778,1.3882863554867342e-10,4.272677994337723e-10,3.5666254039102765e-08,1.0142940205268827e-08,2.0372103505292916e-06,5.510650010272454e-07,65328046.47889462
5377825.021338845,1.5119572716722898e-05,0.0015119572716722897,1.5295483985014607e-10,4.3101590278153224e-10,3.94886268835715e-08,1.1184823400108848e-08,2.0372103505292916e-06,6.071374154620389e-07,59294649.091266386
5925033.849321419,1.3723198640840985e-05,0.0013723198640840982,1.6851842518744357e-10,4.347972805549006e-10,4.372860197716608e-08,1.2326051876374877e-08,2.0372103505292916e-06,6.689153558414827e-07,53818468.48875625
6527922.715281103,1.2455787241109085e-05,0.0012455787241109082,1.8566564912544784e-10,4.3861193275387794e-10,4.840426773975838e-08,1.3599357106109147e-08,2.0372103505292916e-06,7.3697937548459e-07,48848042.696349174
7192157.219753899,1.13054281189263e-05,0.00113054281189263,2.0455765134780428e-10,4.424598593784638e-10,5.357897121698648e-08,1.5011649460481736e-08,2.0372103505292916e-06,8.119691006441345e-07,44336662.52994262
7923979.454072156,1.0261310865231847e-05,0.0010261310865231845,2.2537196795438256e-10,4.4634106042865833e-10,5.929973116416987e-08,1.6552114655349843e-08,2.0372103505292916e-06,8.945892413438827e-07,40241932.65047494
8730266.65992521,9.313623470539113e-06,0.000931362347053911,2.4830419984276274e-10,4.502555359044615e-10,6.561061970001225e-08,1.8240543761823856e-08,2.0372103505292916e-06,9.856162138354237e-07,36525373.15707269
9618595.857695397,8.453460117350892e-06,0.0008453460117350891,2.7356985085223366e-10,4.54203285805873e-10,7.260460131639655e-08,2.0108721032158686e-08,2.0372103505292916e-06,1.085905436908618e-06,33152057.97521898
10597315.050909076,7.672737488442362e-06,0.000767273748844236,3.0140635294411346e-10,4.581843101328932e-10,8.031080843311227e-08,2.2147678883045047e-08,2.0372103505292916e-06,1.1963993706221607e-06,30090286.64172484
11675621.675940977,6.964118804525366e-06,0.0006964118804525365,3.320752974498693e-10,4.6219860888552175e-10,8.881996789894857e-08,2.446350187324749e-08,2.0372103505292916e-06,1.3181363729976072e-06,27311286.4021281
12863649.034196567,6.320944877444177e-06,0.0006320944877444177,3.658648933550066e-10,4.662461820637589e-10,9.820659804981222e-08,2.7054923477632636e-08,2.0372103505292916e-06,1.4522604579069227e-06,24788941.82100446
14172561.519012246,5.73717153098034e-06,0.0005737171530980339,4.030926757202641e-10,4.703270296676047e-10,1.0857767705540372e-07,2.989954164359291e-08,2.0372103505292916e-06,1.6000320458525533e-06,22499549.364224102
15614659.532160662,5.207312801183651e-06,0.000520731280118365,4.4410848969228806e-10,4.744411516970588e-10,1.200420446714266e-07,3.2993270987298205e-08,2.0372103505292916e-06,1.762839808669629e-06,20421594.646860342
17203495.075905617,4.726389382458915e-06,0.0004726389382458914,4.892977781457878e-10,4.785885481521213e-10,1.326765422190822e-07,3.63789183127232e-08,2.0372103505292916e-06,1.94221371945994e-06,18535550.253455278
18953999.106873542,4.289881834934658e-06,0.0004289881834934657,5.39085203852524e-10,4.827692190327924e-10,1.4665722211836933e-07,4.0082019859592855e-08,2.0372103505292916e-06,2.1398394303933828e-06,16823692.230674457
20882621.848540466,3.893688113383498e-06,0.0003893688113383497,5.939386402162034e-10,4.869831643390718e-10,1.6206368623126243e-07,4.416430654830939e-08,2.0372103505292916e-06,2.357574113491245e-06,15269933.527853731
23007487.380908243,3.534085018576015e-06,0.0003534085018576014,6.543735680758488e-10,4.912303840709597e-10,1.7909649123123675e-07,4.8702462329794544e-08,2.0372103505292916e-06,2.5974639132536342e-06,13859672.820210887
25348563.960116398,3.2076932088097336e-06,0.0003207693208809733,7.209579198963113e-10,4.955108782284562e-10,1.9787099148438178e-07,5.3659878006712775e-08,2.0372103505292916e-06,2.861763175140979e-06,12579657.294047939
27927851.668553118,2.9114454428122166e-06,0.0002911445442812216,7.943174168687828e-10,4.998246468115611e-10,2.1864385370762914e-07,5.902002581528242e-08,2.0372103505292916e-06,3.1529556306075597e-06,11417858.104480516
30769589.15889304,2.6425577555832966e-06,0.00026425577555832966,8.751414490763031e-10,5.041716898202742e-10,2.414966022942357e-07,6.492898888641275e-08,2.0372103505292916e-06,3.473777737771811e-06,10363357.335317465
33900481.43492297,2.3985032963036826e-06,0.0002398503296303682,9.641895539826608e-10,5.085520072545958e-10,2.6680299804953163e-07,7.156065649312226e-08,2.0372103505292916e-06,3.82724439706554e-06,9406245.398805013
37349950.809707396,2.1769885824538127e-06,0.00021769885824538123,1.0622985541257675e-09,5.129655991145263e-10,2.9465457162819057e-07,7.887598546027593e-08,2.0372103505292916e-06,4.216677283522801e-06,8537527.911057966
41150413.399453,1.975931946992916e-06,0.00019759319469929155,1.1703904210914004e-09,5.174124654000648e-10,3.2546547716806687e-07,8.69981823263448e-08,2.0372103505292916e-06,4.645736061958823e-06,7749041.168047115
45337583.75140243,1.7934439760572674e-06,0.0001793443976057267,1.289480939668418e-09,5.218926061112117e-10,3.5937550005594977e-07,9.593218165760252e-08,2.0372103505292916e-06,5.118452778381283e-06,7033375.427834862
49950810.46847433,1.6278097533424874e-06,0.0001627809753342487,1.4206892536061743e-09,5.264060212479673e-10,3.9691115225419524e-07,1.0563138065504935e-07,2.0372103505292916e-06,5.639269750824573e-06,6383805.278110006
55033445.98465193,1.4774727443129925e-06,0.00014774727443129924,1.5652483826795236e-09,5.309527108103311e-10,4.381938157506106e-07,1.1631325841223051e-07,2.0372103505292916e-06,6.2130813156827e-06,5794226.434656647
60633253.96606151,1.3410201687914808e-06,0.00013410201687914807,1.7245168098948881e-09,5.355326747983034e-10,4.838943320278054e-07,1.284046783731818e-07,2.0372103505292916e-06,6.845279821849472e-06,5259098.376824783
66802858.16625418,1.2171697244687493e-06,0.00012171697244687491,1.899991247727067e-09,5.401459132118841e-10,5.341191444381771e-07,1.4185982811592526e-07,2.0372103505292916e-06,7.541806304891529e-06,4773392.280924905
73600236.95377707,1.1047575365689333e-06,0.00011047575365689331,2.0933207033566044e-09,5.447924260510735e-10,5.896830046644807e-07,1.5668241729558618e-07,2.0372103505292916e-06,8.30920631746124e-06,4332543.762254214
81089268.15931582,1.002727220428161e-06,0.00010027272204281607,2.306321975084622e-09,5.494722133158711e-10,6.506907064203362e-07,1.7303229744141746e-07,2.0372103505292916e-06,9.154691440611153e-06,3932409.9816516256
89340329.36256738,9.101199542030423e-07,9.101199542030421e-05,2.5409967255514755e-09,5.541852750062772e-10,7.181051147930575e-07,1.9091842509991158e-07,2.0372103505292916e-06,1.0086207054057811e-05,3569230.713493705
98430959.25998987,8.260654684180805e-07,8.260654684180804e-05,2.7995502922034158e-09,5.589316111222917e-10,7.92389499055459e-07,2.102936152871779e-07,2.0372103505292916e-06,1.1112507002260473e-05,3239593.009271174
108446586.32858396,7.497738676769489e-07,7.497738676769488e-05,3.0844124117772156e-09,5.637112216639145e-10,8.744064254066329e-07,2.3167103538053178e-07,2.0372103505292916e-06,1.2243235857983634e-05,2940399.1246746206
119481331.63326271,6.805282076828505e-07,6.805282076828503e-05,3.398260053559375e-09,5.685241066311461e-10,9.646420025105033e-07,2.5540705290811766e-07,2.0372103505292916e-06,1.3489019556408356e-05,2668837.408786848
131638893.32213011,6.176777578110743e-07,6.176777578110742e-05,3.744042575993702e-09,5.733702660239856e-10,1.0643973811071817e-06,2.8141070639493557e-07,2.0372103505292916e-06,1.4861565251519433e-05,2422355.8818153017
145033521.12164602,5.606318859192965e-07,5.6063188591929645e-05,4.1250094430445784e-09,5.782496998424338e-10,1.1742607219004833e-06,3.096567356438672e-07,2.0372103505292916e-06,1.6373771333161233e-05,2198638.253063327
159791089.98941094,5.088545079286513e-07,5.088545079286512e-05,4.544740760778031e-09,5.831624080864905e-10,1.2953229842698796e-06,3.4039155269725387e-07,2.0372103505292916e-06,1.803984863863802e-05,1995582.1537712165
176050283.01414698,4.6185905001590154e-07,4.6185905001590147e-05,5.007180921125974e-09,5.881083907561556e-10,1.4289645460476856e-06,3.739760751576516e-07,2.0372103505292916e-06,1.9875453997936052e-05,1811279.380271685
193963894.67907828,4.192038760743393e-07,4.192038760743392e-05,5.516675668998068e-09,5.93087647851429e-10,1.5760284682987252e-06,4.1154563944875214e-07,2.0372103505292916e-06,2.189783736754769e-05,1643997.9617965168
213700266.73602888,3.804881374733257e-07,3.8048813747332564e-05,6.078012941076555e-09,5.98100179372311e-10,1.7385299915084328e-06,4.5355794949186956e-07,2.0372103505292916e-06,2.4126003935576155e-05,1492165.8844179527
235444870.1837488,3.4534800611492297e-07,3.453480061149229e-05,6.696467860073328e-09,6.031459853188013e-10,1.9171210944440383e-06,5.003146917906114e-07,2.0372103505292916e-06,2.6580892721490745e-05,1354356.3181718828
259402048.21698686,3.13453255388058e-07,3.13453255388058e-05,7.377852307279291e-09,6.082250656909001e-10,2.114629558525547e-06,5.51704351063759e-07,2.0372103505292916e-06,2.92855733489097e-05,1229274.2085358654
285796936.5255362,2.8450415689000703e-07,2.8450415689000698e-05,8.128569539260104e-09,6.133374204886075e-10,2.3315842260347224e-06,6.076878913877986e-07,2.0372103505292916e-06,3.2265462840567464e-05,1115744.1062564612
314877578.98911077,2.5822866375238625e-07,2.5822866375238625e-05,8.9556743619544e-09,6.184830497119231e-10,2.570906946444815e-06,6.68251404647042e-07,2.0372103505292916e-06,3.5548564472779864e-05,1012699.1211576435
346917258.6501276,2.3437985410217823e-07,2.3437985410217816e-05,9.86693942765577e-09,6.236619533608471e-10,2.8343140185082523e-06,7.350308465280418e-07,2.0372103505292916e-06,3.916573093402308e-05,919170.8961245754
382217065.86953235,2.1273361063291556e-07,2.127336106329155e-05,1.087092827789934e-08,6.288741314353798e-10,3.1239878776514632e-06,8.109098128199751e-07,2.0372103505292916e-06,4.315095426063887e-05,834280.5070440406
421108727.79969686,1.9308651447998572e-07,1.9308651447998568e-05,1.1977075818667294e-08,6.341195839355206e-10,3.442594937895759e-06,8.95881668486393e-07,2.0372103505292916e-06,4.7541685274312675e-05,757230.2031844719
463957725.76416373,1.7525393360789893e-07,1.752539336078989e-05,1.3195776984173533e-08,6.393983108612698e-10,3.792117213480523e-06,9.903983865492127e-07,2.0372103505292916e-06,5.2379185523215884e-05,687295.9103963886
511166729.8395283,1.5906828774531254e-07,1.5906828774531252e-05,1.4538484422437228e-08,6.447103122126277e-10,4.177170568292271e-06,1.0945783127869516e-06,2.0372103505292916e-06,5.770891503414707e-05,623820.4266827467
563179382.9157088,1.44377473562654e-07,1.4437747356265398e-05,1.6017816120638852e-08,6.500555879895938e-10,4.597863058065153e-06,1.2083882421511133e-06,2.0372103505292916e-06,6.35809595195465e-05,566207.2461950285
620484469.7949897,1.3104343529308603e-07,1.31043435293086e-05,1.7647673981658847e-08,6.554341381921686e-10,5.059941245645934e-06,1.332091334764823e-06,2.0372103505292916e-06,7.005050105402592e-05,513914.95361660986
683620510.5086261,1.1894086736433361e-07,1.1894086736433358e-05,1.9443374466112762e-08,6.608459628203519e-10,5.564628536641756e-06,1.4664373753073008e-06,2.0372103505292916e-06,7.71783366435595e-05,466452.1362550535
753180821.0163321,1.0795603684945845e-07,1.0795603684945844e-05,2.142179252758101e-08,6.662910618741433e-10,6.114904062416569e-06,1.6162478160191613e-06,2.0372103505292916e-06,8.503144956054902e-05,423372.7660301168
829819088.8461925,9.798571467065333e-08,9.798571467065331e-06,2.3601520193653445e-08,6.717694353535431e-10,6.717552821594433e-06,1.7824279140638145e-06,2.0372103505292916e-06,9.368363881384029e-05,384272.0079600662
914255516.0716082,8.893620551213166e-08,8.893620551213164e-06,2.6003041283041123e-08,6.772810832585516e-10,7.374255345226575e-06,1.9645758974749355e-06,2.0372103505292916e-06,0.0001032162126690835,348782.4157568914
1007283587.3534485,8.072246732579124e-08,8.072246732579122e-06,2.8648923900646158e-08,6.828260055891685e-10,8.09123108373537e-06,2.1640616875055383e-06,2.0372103505292916e-06,0.00011371875273674334,316570.4787788105
1109777526.6495228,7.326731215527944e-08,7.326731215527943e-06,3.156403251954629e-08,6.884042023453937e-10,8.871477759831529e-06,2.3813422832750084e-06,2.0372103505292916e-06,0.00012528995580821285,287333.4878903371
1222700512.6652236,6.650068076826543e-08,6.650068076826543e-06,3.477576164291814e-08,6.940156735272271e-10,9.720412523288205e-06,2.616274993432065e-06,2.0372103505292916e-06,0.00013803856135112067,260796.69077707134
1347113730.2494135,6.035898428033258e-08,6.035898428033258e-06,3.831429324171931e-08,6.996604191346692e-10,1.0647323687153508e-05,2.870692565288077e-06,2.0372103505292916e-06,0.00015208437337989807,236710.70998250466
1484186342.7952623,5.478450658345734e-08,5.478450658345733e-06,4.2212880387377664e-08,7.053384391677198e-10,1.1651444044738424e-05,3.1515932658252244e-06,2.0372103505292916e-06,0.00016755938630454647,214849.19940306083
1635206479.3609757,4.972486196343836e-08,4.972486196343835e-06,4.650815974490596e-08,7.110497336263787e-10,1.2745586282347461e-05,3.469999725781417e-06,2.0372103505292916e-06,0.00018460902533768938,195006.71721844753
1801593339.760958,4.5132502809281646e-08,4.513250280928164e-06,5.1240495863069964e-08,7.167943025106462e-10,1.3934542415341823e-05,3.8255463914547266e-06,2.0372103505292916e-06,0.000203393513116531,176996.79526836428
1984910531.384053,4.0964272788279185e-08,4.0964272788279175e-06,5.645436049704953e-08,7.22572145820522e-10,1.5223579855160357e-05,4.217001985935686e-06,2.0372103505292916e-06,0.00022408937538244324,160650.18673268388
2186880763.070584,3.7181001287778105e-08,3.7181001287778097e-06,6.21987505282483e-08,7.283832635560062e-10,1.662963889031613e-05,4.64646295376513e-06,2.0372103505292916e-06,0.000246891099867689,145813.2756478168
2409402034.1327124,3.374713531243988e-08,3.3747135312439875e-06,6.852764840861954e-08,7.342276557170989e-10,1.815255151872734e-05,5.115780420418666e-06,2.0372103505292916e-06,0.00027201296397853623,132346.63331281763
2654565470.6531796,3.0630405377772575e-08,3.063040537777257e-06,7.550052945649789e-08,7.401053223038e-10,1.980835698102484e-05,5.626145251523476e-06,2.0372103505292916e-06,0.00029969104845027156,120123.7080191722
2924674976.6776342,2.780152226019705e-08,2.7801522260197047e-06,8.318292077120953e-08,7.460162633161095e-10,2.1610489053939376e-05,6.180139850759323e-06,2.0372103505292916e-06,0.00027801522260197044,109029.6357911043
3222268884.9710717,2.5233901753880017e-08,2.523390175388001e-06,9.164701701881665e-08,7.519604787540276e-10,2.356163139408321e-05,6.810074774093356e-06,2.0372103505292916e-06,0.00025233901753880014,98960.16096042887
3550143810.799645,2.2903414847757938e-08,2.2903414847757933e-06,1.009723588757934e-07,7.579379686175539e-10,2.5689635486082174e-05,7.525850912117473e-06,2.0372103505292916e-06,0.00022903414847757933,89820.6564321388
3911380932.9019213,2.0788160975059752e-08,2.078816097505975e-06,1.1124658050625577e-07,7.639487329066885e-10,2.8003532281749143e-05,8.322031887058704e-06,2.0372103505292916e-06,0.00020788160975059752,81525.23443374745
4309374948.622941,1.8868262204458965e-08,1.886826220445896e-06,1.225662330971037e-07,7.699927716214319e-10,3.051059305786296e-05,9.19836682500112e-06,2.0372103505292916e-06,0.00018868262204458958,73995.93939172447
4747865975.31451,1.7125676438783286e-08,1.7125676438783284e-06,1.350376921901773e-07,7.760700847617836e-10,3.3253522010516825e-05,1.015484144612085e-05,2.0372103505292916e-06,0.00017125676438783287,67162.0153501481
5230974697.7929125,1.554402786582997e-08,1.5544027865829965e-06,1.4877815733801813e-07,7.821806723277436e-10,3.6229601748450535e-05,1.1200727644085808e-05,2.0372103505292916e-06,0.00015544027865829966,60959.241047191696
5763241092.1491995,1.41084530679633e-08,1.4108453067963297e-06,1.6391675347741284e-07,7.883245343193122e-10,3.947188871284829e-05,1.2337643641046596e-05,2.0372103505292916e-06,0.00014108453067963297,55329.32640088551
6349667089.816237,1.2805461344320289e-08,1.2805461344320286e-06,1.80595744370797e-07,7.945016707364892e-10,4.301712134152941e-05,1.3575138966838094e-05,2.0372103505292916e-06,0.00012805461344320287,50219.36473267095
6995763582.824563,1.162280793301411e-08,1.1622807933014107e-06,1.9897186951873393e-07,8.007120815792744e-10,4.686518134855688e-05,1.4946984387701333e-05,2.0372103505292916e-06,0.00011622807933014109,45581.33558106484
7707602211.975292,1.0549378941950667e-08,1.0549378941950667e-06,2.1921781710700096e-07,8.069557668476685e-10,5.106773007263989e-05,1.646446515237034e-05,2.0372103505292916e-06,0.00010549378941950667,41371.65343316256
8491872424.605372,9.575086906904767e-09,9.575086906904764e-07,2.415238468301863e-07,8.132327265416707e-10,5.5674050235159175e-05,1.8121294901131928e-05,2.0372103505292916e-06,9.575086906904767e-05,37550.75813322025
9355944338.14098,8.69077599537118e-09,8.690775995371178e-07,2.660995778421531e-07,8.195429606612814e-10,6.067891984412661e-05,1.9912442714017547e-05,2.0372103505292916e-06,8.690775995371179e-05,34082.74311921349
10307938000.194365,7.888135965351301e-09,7.8881359653513e-07,2.9317595863549445e-07,8.258864692065005e-10,6.615900811089664e-05,2.1833450400729302e-05,2.0372103505292916e-06,7.8881359653513e-05,30935.017993754547
11356799696.070377,7.15962407050986e-09,7.159624070509859e-07,3.2300743736176364e-07,8.322632521773282e-10,7.215788858832152e-05,2.3879787695956106e-05,2.0372103505292916e-06,7.159624070509859e-05,28078.002258405148
12512386020.776596,6.498394177811492e-09,6.498394177811491e-07,3.558743529878981e-07,8.38673309573764e-10,7.870487458757544e-05,2.604615831470196e-05,2.0372103505292916e-06,6.498394177811492e-05,25484.847333276848
13785556505.5971,5.898232431525818e-09,5.898232431525817e-07,3.9208556975953855e-07,8.451166413958082e-10,8.588916928495106e-05,2.832680482261631e-05,2.0372103505292916e-06,5.8982324315258174e-05,23131.18424962035
15188275669.680408,5.353498859008757e-09,5.353498859008756e-07,4.3198137972839456e-07,8.515932476434612e-10,9.376204274801161e-05,3.0754948345824705e-05,2.0372103505292916e-06,5.353498859008757e-05,20994.894644365428
16733725455.664097,4.859074369504626e-09,4.859074369504625e-07,4.7593670061994877e-07,8.581031283167223e-10,0.00010235264989416691,3.3321234106384175e-05,2.0372103505292916e-06,4.859074369504625e-05,19055.902904549235
18436429105.940273,4.410312647894818e-09,4.410312647894817e-07,5.243645990931894e-07,8.64646283415592e-10,0.00011180876448516361,3.606106129742155e-05,2.0372103505292916e-06,4.410312647894817e-05,17295.987508328064
20312387643.679817,4.002996491318154e-09,4.002996491318153e-07,5.777201725019411e-07,8.712227129400703e-10,0.00012218608509374025,3.896602125756211e-05,2.0372103505292916e-06,4.0029964913181534e-05,15698.609789663846
22379230241.18472,3.6332981783398506e-09,3.63329817833985e-07,6.365048256363264e-07,8.778324168901569e-10,0.00013353676173259688,4.198616010329318e-05,2.0372103505292916e-06,3.633298178339851e-05,14248.7585175154
24656379888.643436,3.2977434982414253e-09,3.297743498241425e-07,7.012709826347097e-07,8.844753952658519e-10,0.00014601141136777433,4.506680187169329e-05,2.0372103505292916e-06,3.297743498241425e-05,12932.80882897944
27165235920.148323,2.9931791023996587e-09,2.993179102399658e-07,7.72627278345939e-07,8.911516480671555e-10,0.00015972945362700236,4.8201333281591976e-05,2.0372103505292916e-06,2.9931791023996585e-05,11738.394190716746
29929375112.24878,2.7167428709417907e-09,2.7167428709417904e-07,8.512442779273018e-07,8.978611752940672e-10,0.00017476078432086142,5.134773008314271e-05,2.0372103505292916e-06,2.7167428709417907e-05,10654.290185431131
32974773244.848213,2.4658370161998915e-09,2.465837016199891e-07,9.378607784276684e-07,9.046039769465873e-10,0.00019128922804799,5.448632326592278e-05,2.0372103505292916e-06,2.4658370161998912e-05,9670.309031293742
36330049206.54543,2.238103670206292e-09,2.238103670206292e-07,1.0332907515744475e-06,9.113800530247158e-10,0.0002094684196889512,5.762368398314984e-05,2.0372103505292916e-06,2.238103670206292e-05,8777.203843067418
40026733938.381966,2.0314027268154223e-09,2.0314027268154218e-07,1.1384309930086642e-06,9.181894035284532e-10,0.00022933631143679756,6.0818015074966374e-05,2.0372103505292916e-06,2.0314027268154222e-05,7966.581735232358
44099566743.37146,1.8437917302252447e-09,1.8437917302252446e-07,1.2542695498512033e-06,9.250320284577985e-10,0.0002511952033397896,6.405402372086838e-05,2.0372103505292916e-06,1.8437917302252447e-05,7230.824950506997
48586821746.35832,1.6735076209021413e-09,1.673507620902141e-07,1.3818950057976577e-06,9.319079278127525e-10,0.00027527054978748055,6.727197814301382e-05,2.0372103505292916e-06,1.6735076209021412e-05,6563.019272575066
53530667572.08507,1.5189501673680961e-09,1.5189501673680959e-07,1.5225067109976886e-06,9.388171015933149e-10,0.00030154298019328236,7.040880815563392e-05,2.0372103505292916e-06,1.518950167368096e-05,5956.889050283487
58977563621.51554,1.3786669281516704e-09,1.37866692815167e-07,1.677426052853408e-06,9.457595497994857e-10,0.0003302357335604975,7.341689260328065e-05,2.0372103505292916e-06,1.3786669281516704e-05,5406.7382227059325
64978696670.38832,1.2513396025839158e-09,1.2513396025839156e-07,1.8481088736531884e-06,9.527352724312652e-10,0.00036184624250246134,7.626275701152279e-05,2.0372103505292916e-06,1.2513396025839157e-05,4907.396790859845
71590461892.90251,1.1357716421718694e-09,1.1357716421718692e-07,2.0361591517346895e-06,9.59744269488653e-10,0.0003962913200732552,7.891792118359283e-05,2.0372103505292916e-06,1.1357716421718694e-05,4454.172233049
78874992830.9157,1.0308770061285414e-09,1.0308770061285412e-07,2.243344074744671e-06,9.667865409716492e-10,0.00043371595667180866,8.135853632699039e-05,2.0372103505292916e-06,1.0308770061285412e-05,4042.805407261258
86900745289.00018,9.35669955390322e-10,9.356699553903218e-08,2.4716106466454455e-06,9.738620868802536e-10,0.0004746953098293043,8.36135521278816e-05,2.0372103505292916e-06,9.35669955390322e-06,3669.430526217616
95743140642.46387,8.492557892119307e-10,8.492557892119306e-08,2.723103984530955e-06,9.809709072144665e-10,0.0005191749172889533,8.573546260376446e-05,2.0372103505292916e-06,8.492557892119306e-06,3330.538828941353
105485274603.77194,7.708224372867778e-10,7.708224372867777e-08,3.0001874771953502e-06,9.881130019742882e-10,0.000567385686653479,8.768571106722019e-05,2.0372103505292916e-06,7.708224372867779e-06,3022.945607453693
116218698107.94592,6.996328283803525e-10,6.996328283803524e-08,3.3054649948926455e-06,9.95288371159718e-10,0.0006197343670782557,8.941133201118153e-05,2.0372103505292916e-06,6.996328283803525e-06,2743.760278731923
128044277655.25256,6.350179637614525e-10,6.350179637614524e-08,3.6418053590019906e-06,1.002497014770756e-09,0.000676493824141498,9.089188217020195e-05,2.0372103505292916e-06,6.3501796376145244e-06,2490.359220683519
141073143196.17606,5.763706303394291e-10,5.76370630339429e-08,4.012369301550071e-06,1.0097389328074027e-09,0.0007376246578932185,9.20241632802221e-05,2.0372103505292916e-06,5.7637063033942905e-06,2260.3611168646767
155427732466.3592,5.231396944270764e-10,5.2313969442707634e-08,4.42063916794094e-06,1.0170141252696578e-09,0.0008034617612486684,9.293964963804019e-05,2.0372103505292916e-06,5.231396944270764e-06,2051.604578246913
171242941585.5598,4.748249225053086e-10,4.748249225053085e-08,4.870451642022085e-06,1.0243225921575215e-09,0.0008750408757663283,9.356547356635523e-05,2.0372103505292916e-06,4.748249225053086e-06,1862.1278317342828
188667392733.29102,4.3097228031814016e-10,4.309722803181401e-08,5.366033801018103e-06,1.0316643334709934e-09,0.0009518692715088343,9.389569470315837e-05,2.0372103505292916e-06,4.309722803181401e-06,1690.150284555515
207864830814.022,3.9116966612160326e-10,3.9116966612160314e-08,5.912042839155287e-06,1.0390393492100741e-09,0.0010343563920305156,9.393938310804383e-05,2.0372103505292916e-06,3.911696661216032e-06,1534.0557912839981
229015662236.9959,3.5504303799013003e-10,3.5504303799013e-08,6.513609833276827e-06,1.0464476393747624e-09,0.0011232552124372014,9.375684844851305e-05,2.0372103505292916e-06,3.5504303799013e-06,1392.3774662386677
252318650271.2211,3.2225289878708035e-10,3.222528987870803e-08,7.176387961732449e-06,1.05388920396506e-09,0.0012190193263047577,9.334366509670921e-05,2.0372103505292916e-06,3.2225289878708035e-06,1263.7838985416024
277992782907.60596,2.9249110576719167e-10,2.9249110576719162e-08,7.90660562967584e-06,1.0613640429809661e-09,0.0013210664750788145,9.266209968092272e-05,2.0372103505292916e-06,2.924911057671917e-06,1147.0666402893671
306279330781.3193,2.654779748294522e-10,2.6547797482945214e-08,8.711125000010461e-06,1.06887215642248e-09,0.0014319468264698731,9.169929669665298e-05,2.0372103505292916e-06,2.654779748294521e-06,1041.1288502592222
337444114493.54297,2.409596522078337e-10,2.4095965220783368e-08,9.597506480023897e-06,1.0764135442896028e-09,0.0015500470795671982,9.046305504048904e-05,2.0372103505292916e-06,2.409596522078337e-06,944.9749864302958
371780002639.58997,2.1870572890056242e-10,2.1870572890056236e-08,1.0574079769718562e-05,1.0839882065823333e-09,0.0016769763142439427,8.899128017347366e-05,2.0372103505292916e-06,2.187057289005624e-06,857.7014504560191
409609664018.4221,1.98507075419704e-10,1.9850707541970398e-08,1.1650022139510283e-05,1.091596143300673e-09,0.0018132712340511812,8.727423961776197e-05,2.0372103505292916e-06,1.9850707541970396e-06,778.4880961699613
451288599887.2127,1.801738765133129e-10,1.8017387651331285e-08,1.283544467290247e-05,1.0992373544446207e-09,0.00195801146218337,8.530229169607481e-05,2.0372103505292916e-06,1.8017387651331288e-06,706.590522326984
497208484756.3582,1.6353384739157904e-10,1.6353384739157902e-08,1.4141487284595457e-05,1.106911840014177e-09,0.0021147144569002773,8.308451712792472e-05,2.0372103505292916e-06,1.6353384739157902e-06,641.3330771512768
547800847119.77844,1.48430614694113e-10,1.4843061469411297e-08,1.5580423406955757e-05,1.1146196000093419e-09,0.0022808964761466904,8.06495482010318e-05,2.0372103505292916e-06,1.4843061469411298e-06,582.1025089521186
603541124709.8776,1.3472224698363424e-10,1.3472224698363423e-08,1.7165775328627946e-05,1.1223606344301148e-09,0.0024586421398618435,7.802500181026111e-05,2.0372103505292916e-06,1.3472224698363422e-06,528.3422031395173
664953132386.1162,1.2227992095648972e-10,1.222799209564897e-08,1.891244126917513e-05,1.1301349432764965e-09,0.0026484385425446064,7.522278142409411e-05,2.0372103505292916e-06,1.2227992095648972e-06,479.54695148252654
732613984643.8054,1.1098671083582631e-10,1.1098671083582629e-08,2.0836835383921315e-05,1.1379425265484865e-09,0.0028489274965690916,7.225443862873812e-05,2.0372103505292916e-06,1.109867108358263e-06,435.25820445477234
807159519002.0353,1.0073648957082982e-10,1.007364895708298e-08,2.2957042014680747e-05,1.1457833842460853e-09,0.0030643946496635775,6.914610074279202e-05,2.0372103505292916e-06,1.007364895708298e-06,395.05976205146493
889290271236.5731,9.143293151614155e-11,9.143293151614153e-09,2.529298563593273e-05,1.153657516369292e-09,0.0032914922701122217,6.593008249591095e-05,2.0372103505292916e-06,9.143293151614155e-07,358.57386258270446
979778058609.5328,8.298860721920786e-11,8.298860721920783e-09,2.7866618093498157e-05,1.1615649229181074e-09,0.0035326341076936324,6.263466531064109e-05,2.0372103505292916e-06,8.298860721920783e-07,325.45763268781207
1079473232961.1716,7.532416180890078e-11,7.532416180890076e-09,3.070212489527784e-05,1.1695056038925309e-09,0.003788207661355694,5.8961351328043874e-05,2.0372103505292916e-06,7.532416180890078e-07,295.39986520998696
1189312671824.2192,6.836756926437781e-11,6.83675692643778e-09,3.382615249265489e-05,1.1774795592925631e-09,0.004056525491012863,5.553162044130695e-05,2.0372103505292916e-06,6.83675692643778e-07,268.1180946516048
1310328582656.517,6.205345555623802e-11,6.205345555623801e-09,3.726805868841756e-05,1.1854867891182035e-09,0.004342318669238498,5.2111598319893694e-05,2.0372103505292916e-06,6.205345555623801e-07,243.3559427270065
1443658202929.167,5.6322484299238265e-11,5.6322484299238255e-09,4.10601885243948e-05,1.1935272933694524e-09,0.004641715194219205,4.8723938249410986e-05,2.0372103505292916e-06,5.632248429923825e-07,220.88070906778518
1590554487225.8972,5.1120799143296804e-11,5.1120799143296794e-09,4.5238178241433646e-05,1.2016010720463099e-09,0.004957348836754486,4.5398065425811797e-05,2.0372103505292916e-06,5.11207991432968e-07,200.4811844394431
1752397881784.8777,4.639951766269374e-11,4.639951766269373e-09,4.984129016816011e-05,1.209708125148776e-09,0.005289583200101848,4.215521403975101e-05,2.0372103505292916e-06,4.639951766269373e-07,181.96566591927882
1930709297133.2993,4.2114271987333126e-11,4.211427198733312e-09,5.491278168561391e-05,1.2178484526768504e-09,0.005636663783877049,3.9014277814102624e-05,2.0372103505292916e-06,4.211427198733312e-07,165.16015538330066
2127164400724.0125,3.822479185918555e-11,3.822479185918554e-09,6.050031173507255e-05,1.2260220546305328e-09,0.006003480551675169,3.599198373754583e-05,2.0372103505292916e-06,3.822479185918555e-07,149.90672437258945
2343609363888.1675,3.469452619571651e-11,3.4694526195716502e-09,6.665638868919072e-05,1.234228931009824e-09,0.0063861235736321215,3.309532275357723e-05,2.0372103505292916e-06,3.4694526195716505e-07,136.06202997306983
2582078211084.6016,3.149029960397292e-11,3.149029960397291e-09,7.343886379528832e-05,1.2424690818147238e-09,0.006787391519203237,3.0335927397390402e-05,2.0372103505292916e-06,3.1490299603972914e-07,123.4959677617879
2844811934484.1484,2.85820006174463e-11,2.8582000617446296e-09,8.091147482788113e-05,1.250742507045232e-09,0.0072077702063539474,2.772281164403853e-05,2.0372103505292916e-06,2.85820006174463e-07,112.09044916086553
3134279553516.6943,2.5942298725942745e-11,2.594229872594274e-09,8.914444505938625e-05,1.2590492067013484e-09,0.007645724225282084,2.5258434930801445e-05,2.0372103505292916e-06,2.5942298725942746e-07,101.73829170940941
3453201317286.412,2.3546387539270294e-11,2.354638753927029e-09,9.821514317778268e-05,1.2673891807830728e-09,0.00810609809262134,2.2947510093976856e-05,2.0372103505292916e-06,2.354638753927029e-07,92.34221182479382
3804574267898.0737,2.1371751671144634e-11,2.137175167114463e-09,0.00010820881035275147,1.2757624292904062e-09,0.008585414697747559,2.0789465716133945e-05,2.0372103505292916e-06,2.1371751671144632e-07,83.81391058786969
4191700404923.5938,1.939795515262419e-11,1.9397955152624187e-09,0.00011921936128283782,1.284168952223348e-09,0.009086589560192445,1.8782482998533652e-05,2.0372103505292916e-06,1.9397955152624188e-07,76.07324396084347
4618217715682.493,1.7606449386704206e-11,1.7606449386704202e-09,0.00013135026675142094,1.2926087495818986e-09,0.00961037835489424,1.6924352092405395e-05,2.0372103505292916e-06,1.7606449386704203e-07,69.0474696400047
5088134362940.568,1.598039883934061e-11,1.5980398839340607e-09,0.00014471552598523335,1.3010818213660568e-09,0.010155684921863842,1.5208315560723803e-05,2.0372103505292916e-06,1.5980398839340607e-07,62.67056346566915
5605866351303.152,1.4504522828847486e-11,1.4504522828847482e-09,0.00015944073795309726,1.3095881675758241e-09,0.010727113276985873,1.3631891674152738e-05,2.0372103505292916e-06,1.4504522828847485e-07,56.88259896534855
6176279026269.886,1.3164951926896881e-11,1.316495192689688e-09,0.00017566428167232177,1.3181277882111993e-09,0.011321970756868438,1.2188230538586e-05,2.0372103505292916e-06,1.316495192689688e-07,51.62918419945506
6804732795935.053,1.1949097621660764e-11,1.1949097621660762e-09,0.00019353861661459653,1.3267006832721833e-09,0.011943160750459968,1.0868281000193408e-05,2.0372103505292916e-06,1.1949097621660762e-07,46.860950617341835
7497133504999.561,1.0845534018264665e-11,1.0845534018264663e-09,0.0002132317154318435,1.3353068527587758e-09,0.012591744681981208,9.66807237960051e-06,2.0372103505292916e-06,1.0845534018264662e-07,42.53308912024471
8259987934480.462,9.843890464842285e-12,9.843890464842283e-10,0.0002349286424659583,1.3439462966709766e-09,0.013267168577905598,8.578789978160806e-06,2.0372103505292916e-06,9.843890464842284e-08,38.6049289713128
9100464948671.975,8.93475409515314e-12,8.934754095153138e-10,0.0002588332928763555,1.352619015008786e-09,0.013973513459434744,7.554442102328983e-06,2.0372103505292916e-06,8.934754095153139e-08,35.03955559556903
10026462863981.904,8.109581371914936e-12,8.109581371914935e-10,0.0002851703087286374,1.3613250077722028e-09,0.0147090957103822,6.50455402494985e-06,2.0372103505292916e-06,8.109581371914935e-08,31.803463678105178
11046683672736.834,7.360617799586158e-12,7.360617799586156e-10,0.0003141871900506793,1.370064274961229e-09,0.015476632317429153,5.695791382399108e-06,2.0372103505292916e-06,7.360617799586157e-08,28.86624230052899
12170714819468.053,6.680825052106379e-12,6.680825052106378e-10,0.00034615662069460294,1.3788368165758636e-09,0.016277480168314176,4.97541216300479e-06,2.0372103505292916e-06,6.680825052106378e-08,26.200289156759332
13409119298164.941,6.063814830782511e-12,6.063814830782509e-10,0.00038137903086175813,1.3876426326161062e-09,0.01711176471888059,4.335743310007921e-06,2.0372103505292916e-06,6.06381483078251e-08,23.780551162532923
14773534917177.396,5.503788830755987e-12,5.503788830755986e-10,0.0004201854203718304,1.3964817230819578e-09,0.017982892278497947,3.7688081684294125e-06,2.0372103505292916e-06,5.503788830755987e-08,21.584289021022116
16276783664601.186,4.995484251890548e-12,4.995484251890546e-10,0.0004629404692075204,1.4053540879734174e-09,0.018890499424901303,3.2693541515850632e-06,2.0372103505292916e-06,4.995484251890547e-08,19.590863532087873
17932992201899.223,4.534124342023258e-12,4.534124342023258e-10,0.0005100459645659021,1.4142597272904858e-09,0.019837184938081915,2.7534271923096195e-06,2.0372103505292916e-06,4.5341243420232583e-08,17.781541637025185
19757724618087.676,4.11537350781309e-12,4.11537350781309e-10,0.0005619445766218949,1.4231986410331626e-09,0.020824801858081863,2.379272239817602e-06,2.0372103505292916e-06,4.11537350781309e-08,16.13932037612247
21768128692034.184,3.735296571344656e-12,3.735296571344656e-10,0.0006191240184862965,1.4321708292014473e-09,0.021854445345606904,2.0522332429210565e-06,2.0372103505292916e-06,3.735296571344656e-08,14.648767104689542
23983097037356.39,3.3903217896043344e-12,3.390321789604334e-10,0.0006821216294512507,1.4411762917953413e-09,0.022929136114756034,1.7667421422100385e-06,2.0372103505292916e-06,3.390321789604334e-08,13.295874465997159
26423444644267.324,3.0772072893071934e-12,3.077207289307193e-10,0.0007515294245938348,1.4502150288148429e-09,0.024050094263729192,1.5184473615236833e-06,2.0372103505292916e-06,3.077207289307193e-08,12.067928758247666
29112104486803.24,2.793010601648645e-12,2.7930106016486446e-10,0.0008279996581910257,1.4592870402599534e-09,0.02522014871735435,1.3031113142585638e-06,2.0372103505292916e-06,2.7930106016486447e-08,10.953390458565723
32074343033636.855,2.535061010686113e-12,2.5350610106861125e-10,0.0009122509532277814,1.4683923261306714e-09,0.02644191247858885,1.116371998724148e-06,2.0372103505292916e-06,2.535061010686113e-08,9.941785781242924
35337997687723.34,2.3009344554966767e-12,2.3009344554966761e-10,0.001005075054599846,1.477530886426999e-09,0.027717574002575913,9.553414203644068e-07,2.0372103505292916e-06,2.3009344554966764e-08,9.023608251162987
38933738386096.734,2.088430750255941e-12,2.0884307502559408e-10,0.0011073442694738977,1.4867027211489348e-09,0.029050319272151577,8.16486298251475e-07,2.0372103505292916e-06,2.0884307502559407e-08,8.190229367452417
42895355818183.07,1.8955529081653535e-12,1.895552908165353e-10,0.0012200196647253144,1.4959078302964786e-09,0.030442730526374126,6.533438652774838e-07,2.0372103505292916e-06,1.8955529081653533e-08,7.433817517824373
47260078971137.26,1.7204883749263845e-12,1.720488374926384e-10,0.0013441600984882794,1.5051462138696313e-09,0.03189812662648927,5.575706700300213e-07,2.0372103505292916e-06,1.7204883749263845e-08,6.747264381620342
52068924986311.836,1.56159199540455e-12,1.5615919954045499e-10,0.001480932170691537,1.514417871868392e-09,0.03341987686563101,4.7526108389702535e-07,2.0372103505292916e-06,1.56159199540455e-08,6.124118129927724
57367084614605.56,1.417370553413883e-12,1.4173705534138828e-10,0.0016316211860891462,1.5237228042927616e-09,0.035011067499906616,4.0466010287499623e-07,2.0372103505292916e-06,1.4173705534138828e-08,5.558522795026847
63204346892978.15,1.286468739335679e-12,1.2864687393356787e-10,0.001797643232810462,1.5330610111427393e-09,0.03667537245829977,3.442629882430169e-07,2.0372103505292916e-06,1.2864687393356786e-08,5.045163239396518
69635567032996.01,1.1676564137033095e-12,1.1676564137033094e-10,0.0019805584899365795,1.5424324924183255e-09,0.03841634703011798,2.925923337039042e-07,2.0372103505292916e-06,1.1676564137033097e-08,4.579215207128609
76721181918353.25,1.0598170470636798e-12,1.0598170470636797e-10,0.002182085889160107,1.55183724811952e-09,0.04023791677267312,2.4846583491504146e-07,2.0372103505292916e-06,1.0598170470636799e-08,4.156299988363935
84527778055716.42,9.619372274798094e-13,9.619372274798092e-11,0.002404119268310083,1.5612752782463234e-09,0.0421441993393453,2.1083765510272749e-07,2.0372103505292916e-06,9.619372274798093e-09,3.7724432707119298
93128717316165.83,8.730971370721348e-13,8.730971370721347e-11,0.002648745168543512,1.5707465827987346e-09,0.04413915131272815,1.5761834324543365e-07,2.0372103505292916e-06,8.730971370721348e-09,3.42403779096361
102604826347588.62,7.924619081025857e-13,7.924619081025855e-11,0.002918262442451199,1.5802511617767544e-09,0.046227178530629055,1.336859402478345e-07,2.0372103505292916e-06,7.924619081025856e-09,3.107809436120283
113045156136724.62,7.19273777370895e-13,7.192737773708949e-11,0.00321520385734358,1.5897890151803827e-09,0.04841277774812995,1.133163415048527e-07,2.0372103505292916e-06,7.1927377737089496e-09,2.8207864751749994
124547818858783.98,6.528449651947474e-13,6.528449651947473e-11,0.003542359896731568,1.5993601430096195e-09,0.05070068589893068,9.596366845116553e-08,2.0372103505292916e-06,6.5284496519474735e-09,2.560271632505025
137220909878871.6,5.925512120544844e-13,5.925512120544843e-11,0.0039028049836751445,1.6089645452644648e-09,0.05309593412186713,7.95889826764631e-08,2.0372103505292916e-06,5.925512120544843e-09,2.3238167404370014
151183523569649.6,5.37825912163538e-13,5.378259121635379e-11,0.004299926372431435,1.6186022219449185e-09,0.05560353324022782,6.710021333242244e-08,2.0372103505292916e-06,5.37825912163538e-09,2.109199732784466
166566872491304.22,4.881547888352734e-13,4.8815478883527335e-11,0.00473745597990922,1.6282731730509805e-09,0.05822890271066183,5.6537225657174814e-08,2.0372103505292916e-06,4.881547888352734e-09,1.9144037631562432
183515520451226.03,4.430710616084097e-13,4.430710616084096e-11,0.005219505456063607,1.637977398582651e-09,0.060977676144329904,4.7618526551572436e-08,2.0372103505292916e-06,4.4307106160840965e-09,1.7375982518016426
202188741030978.78,4.021510597144793e-13,4.0215105971447926e-11,0.005750604822801924,1.6477148985399303e-09,0.06385572259725274,4.008662561294494e-08,2.0372103505292916e-06,4.0215105971447924e-09,1.577121682881747
222762014347212.34,3.650102406652172e-13,3.650102406652171e-11,0.0063357450445070875,1.6574856729228174e-09,0.06686926344861072,2.75176183537037e-08,2.0372103505292916e-06,3.6501024066521707e-09,1.431465990505438
245428676112210.38,3.3129957654487487e-13,3.312995765448748e-11,0.006980424930231517,1.6672897217313134e-09,0.07002463518234556,2.323902474002848e-08,2.0372103505292916e-06,3.3129957654487485e-09,1.2992623867992028
270401734490986.25,3.0070227404793144e-13,3.007022740479314e-11,0.007690702808321174,1.677127044965417e-09,0.07332856001897255,1.9618989367670134e-08,2.0372103505292916e-06,3.007022740479314e-09,1.1792684988311295
297915871828703.56,2.7293079743900524e-13,2.729307974390052e-11,0.008473253459078076,1.68699764262513e-09,0.07678810583317933,1.6548508199208064e-08,2.0372103505292916e-06,2.729307974390052e-09,1.070356693509325
328229650059494.6,2.4772416645847283e-13,2.477241664584728e-11,0.009335430840481456,1.6969015147104508e-09,0.08041063502185081,1.3951949475226699e-08,2.0372103505292916e-06,2.4772416645847283e-09,0.971503480738927
361627940521826.06,2.2484550378108032e-13,2.2484550378108028e-11,0.010285337196427338,1.7068386612213805e-09,0.08420390107216189,1.1758772577841337e-08,2.0372103505292916e-06,2.248455037810803e-09,0.8817798952547283
398424601014421.56,2.0407980897997157e-13,2.040798089799715e-11,0.011331899196926187,1.7168090821579186e-09,0.08817594345509051,9.90386051784708e-09,2.0372103505292916e-06,2.0407980897997154e-09,0.8003427667434039
438965425250154.3,1.8523193807714575e-13,1.852319380771457e-11,0.012484951825779786,1.7268127775200649e-09,0.09233522280719143,8.3361650188105e-09,2.0372103505292916e-06,1.8523193807714574e-09,0.7264267962170373
483631392425173.5,1.6812476969332532e-13,1.681247696933253e-11,0.013755330804065342,1.7368497473078193e-09,0.09669059814002633,7.015132312803001e-09,2.0372103505292916e-06,1.681247696933253e-09,0.659337364176282
532842247440830.6,1.5259754056377376e-13,1.5259754056377375e-11,0.015154974417969072,1.746919991521183e-09,0.10125132841423799,4.787149923162997e-09,2.0372103505292916e-06,1.5259754056377377e-09,0.5984440029784397
587060445423263.4,1.385043347782028e-13,1.3850433477820279e-11,0.01669703570788846,1.7570235101601543e-09,0.10602711927072953,4.040860388645131e-09,2.0372103505292916e-06,1.385043347782028e-09,0.5431744720675451
646795497608944.1,1.2571271254752182e-13,1.2571271254752179e-11,0.018396006073091276,1.7671603032247347e-09,0.11102811143251384,3.410111367626919e-09,2.0372103505292916e-06,1.257127125475218e-09,0.4930093803889048
712608759436314.5,1.14102465611372e-13,1.1410246561137198e-11,0.020267851453496577,1.7773303707149228e-09,0.11626493655475072,2.875924159521085e-09,2.0372103505292916e-06,1.1410246561137197e-09,0.44747730545265174
785118705839211.5,1.0356448759048739e-13,1.0356448759048738e-11,0.02233016236833491,1.7875337126307196e-09,0.12174872948523408,2.423919578787066e-09,2.0372103505292916e-06,1.0356448759048736e-09,0.4061503631781042
865006743316248.4,9.399974866810635e-14,9.399974866810634e-12,0.024602319221664545,1.7977703289721252e-09,0.12749114471441667,2.0422050822573806e-09,2.0372103505292916e-06,9.399974866810634e-10,0.3686401868868866
953023613394602.6,8.531836496508475e-14,8.531836496508473e-12,0.02710567442818895,1.8080402197391387e-09,0.13350438222460995,1.719603806697476e-09,2.0372103505292916e-06,8.531836496508472e-10,0.3345942776577217
1049996447664279.2,7.743875386323433e-14,7.743875386323431e-12,0.029863753070889093,1.8183433849317611e-09,0.13980121896898873,1.447276738585275e-09,2.0372103505292916e-06,7.743875386323432e-10,0.30369269174563424
1156836540681930.5,7.028686733910892e-14,7.028686733910891e-12,0.03290247397613364,1.8286798245499915e-09,0.146395031865106,1.2174116901536572e-09,2.0372103505292916e-06,7.028686733910891e-10,0.2756450339358646
1274547913789541.2,6.379549610354692e-14,6.3795496103546905e-12,0.03625039328380444,1.839049538593831e-09,0.15329983376395698,1.023796788403648e-09,2.0372103505292916e-06,6.379549610354692e-10,0.2501877285777529
1404236750325747.8,5.790363800768108e-14,5.790363800768108e-12,0.03993897280136724,1.8494525270632786e-09,0.16053029646017955,6.9581297101193e-10,2.0372103505292916e-06,5.790363800768108e-10,0.22708154265336503
1547121790896452.0,5.2555924780059276e-14,5.255592478005927e-12,0.044002875663724184,1.859888789958334e-09,0.16810177709404417,5.869664349658092e-10,2.0372103505292916e-06,5.255592478005927e-10,0.20610933760408856
1704545786393496.2,4.7702101707682696e-14,4.770210170768269e-12,0.048480292077288704,1.870358327278999e-09,0.17603036444856476,4.949661956072306e-10,2.0372103505292916e-06,4.770210170768269e-10,0.18707402878816307
1877988116390173.2,4.3296555371307454e-14,4.329655537130745e-12,0.053413298209435675,1.8808611390252712e-09,0.18433289887636156,4.1718300877808665e-10,2.0372103505292916e-06,4.3296555371307453e-10,0.16979673339331652
2069078691494026.5,3.9297884996936704e-14,3.92978849969367e-12,0.05884825159596397,1.891397225197153e-09,0.19302702154331114,3.514133607419322e-10,2.0372103505292916e-06,3.9297884996936704e-10,0.154115089399653
2279613270303138.0,3.566851339531466e-14,3.5668513395314654e-12,0.06483622678238025,1.9019665857946424e-09,0.20213120424476544,2.958888803166091e-10,2.0372103505292916e-06,3.5668513395314656e-10,0.13988172979538566
2511570334905832.0,3.237433383325622e-14,3.2374333833256215e-12,0.0714334952929095,1.912569220817741e-09,0.21166478374877157,2.49040977899754e-10,2.0372103505292916e-06,3.2374333833256224e-10,0.12696289770697375
2767129683509943.5,2.938438951831379e-14,2.9384389518313782e-12,0.07870205443770259,1.9232051302664473e-09,0.22164801704076553,2.0951998743923638e-10,2.0372103505292916e-06,2.9384389518313786e-10,0.11523718942946069
3048692914924437.5,2.6670582684763392e-14,2.6670582684763387e-12,0.08671020992766532,1.933874314140762e-09,0.2321021088428303,1.7612391271378655e-10,2.0372103505292916e-06,2.667058268476339e-10,0.10459441354473786
3358905997394718.0,2.4207410547068498e-14,2.4207410547068494e-12,0.09553321777198696,1.944576772440685e-09,0.24304926974447183,1.480524569900899e-10,2.0372103505292916e-06,2.4207410547068496e-10,0.09493455540638834
3700684133880319.0,2.1971725639466353e-14,2.197172563946635e-12,0.10525399149054539,1.9553125051662164e-09,0.2545127572742833,1.0002149429593856e-10,2.0372103505292916e-06,2.1971725639466347e-10,0.0861668372599431
4077239157444699.5,1.9942518289484805e-14,1.99425182894848e-12,0.11596388128716782,1.9660815123173574e-09,0.26651692091859863,8.432505928907352e-11,2.0372103505292916e-06,1.9942518289484805e-10,0.0782088651660959
4492109714202875.5,1.810071918120394e-14,1.8100719181203937e-12,0.12776353250595923,1.976883793894106e-09,0.2790872647835184,7.108928591958632e-11,2.0372103505292916e-06,1.8100719181203937e-10,0.07098585471016339
4949194517469187.0,1.6429020152863846e-14,1.6429020152863845e-12,0.14076383143798524,1.987719349896464e-09,0.2922504906390181,5.989237439387228e-11,2.0372103505292916e-06,1.6429020152863845e-10,0.06442992822144704
5452788985607715.0,1.4911711544781602e-14,1.49117115447816e-12,0.15508694736643389,1.9985881803244285e-09,0.3060345633566683,5.0429624178535035e-11,2.0372103505292916e-06,1.49117115447816e-10,0.05847947689818407
6007625607887603.0,1.3534534569063274e-14,1.3534534569063273e-12,0.17086748064281937,2.0094902851780024e-09,0.3204687662907847,4.245224904638725e-11,2.0372103505292916e-06,1.3534534569063274e-10,0.053078581843691484
6618918417677365.0,1.2284547313770496e-14,1.2284547313770494e-12,0.18825372758315986,2.020425664457185e-09,0.3355837611202961,3.571541489767536e-11,2.0372103505292916e-06,1.2284547313770496e-10,0.04817648857294956
7292411990911785.0,1.1150003122324706e-14,1.1150003122324705e-12,0.20740907407089804,2.031394318161976e-09,0.3514116592908639,3.003544181464383e-11,2.0372103505292916e-06,1.1150003122324705e-10,0.04372713005133562
8034435430291263.0,1.012024020522832e-14,1.0120240205228319e-12,0.22851353096285668,2.042396246292375e-09,0.36798608386713166,2.5251720169910815e-11,2.0372103505292916e-06,1.0120240205228318e-10,0.03968869378329911
8851961842524483.0,9.185581446740138e-15,9.185581446740137e-13,0.25176542572704635,2.0534314488483827e-09,0.3853422456567235,2.1214070348322374e-11,2.0372103505292916e-06,9.185581446740137e-11,0.03602322888273758
9752673867548824.0,8.33724346494328e-15,8.337243464943278e-13,0.2773832662094057,2.0644999258299993e-09,0.4035170158974519,1.4217573948228173e-11,2.0372103505292916e-06,8.337243464943279e-11,0.03269628943253726
1.0745035875532346e+16,7.567254070607385e-15,7.567254070607384e-13,0.3056077940440247,2.0756016772372236e-09,0.422549003671747,1.198656374370572e-11,2.0372103505292916e-06,7.567254070607384e-11,0.029676610781787707
1.1838373510124974e+16,6.868377349168987e-15,6.868377349168987e-13,0.3367042470036674,2.0867367030700564e-09,0.4424786405745791,1.0098439576736167e-11,2.0372103505292916e-06,6.868377349168986e-11,0.026935815738690323
1.3042961325458048e+16,6.2340456617959834e-15,6.234045661795982e-13,0.37096485155078934,2.0979050033284978e-09,0.4633482640124938,8.508140531793218e-12,2.0372103505292916e-06,6.234045661795982e-11,0.024448147898140035
1.4370119340456582e+16,5.65829792651959e-15,5.658297926519588e-13,0.40871156901267536,2.109106578012548e-09,0.4852022089758656,7.163198141571988e-12,2.0372103505292916e-06,5.6582979265195895e-11,0.022190229597939252
1.583231941782289e+16,5.135723599437433e-15,5.135723599437432e-13,0.45029912118757964,2.1203414271222053e-09,0.5080869013844783,6.0277995718717035e-12,2.0372103505292916e-06,5.1357235994374324e-11,0.02014084222906411
1.744330246738282e+16,4.661411829553873e-15,4.661411829553872e-13,0.4961183238148519,2.131609550657472e-09,0.5320509564349066,5.071229591068345e-12,2.0372103505292916e-06,4.6614118295538715e-11,0.01828072683545932
1.9218207575201024e+16,4.230905309445541e-15,4.2309053094455404e-13,0.5465997592349937,2.1429109486183477e-09,0.557145282798066,4.264103587087909e-12,2.0372103505292916e-06,4.23090530944554e-11,0.016592403129519397
2.1173714271946944e+16,3.840158388066694e-15,3.8401583880666934e-13,0.602217822753207,2.154245621004831e-09,0.5834231898365854,3.584436164282114e-12,2.0372103505292916e-06,3.840158388066694e-11,0.015060005222465768
2.3328199277468972e+16,3.4854990520625574e-15,3.485499052062557e-13,0.6634951807318646,2.1656135678169234e-09,0.6109405015529967,3.0122497070745188e-12,2.0372103505292916e-06,3.485499052062557e-11,0.013669132525908186
2.570190919456756e+16,3.163594418313896e-15,3.1635944183138957e-13,0.7310076823063635,2.177014789054623e-09,0.6397556748501612,2.529366099466199e-12,2.0372103505292916e-06,3.1635944183138955e-11,0.012406714423452935
2.831715077484857e+16,2.871419413430706e-15,2.8714194134307056e-13,0.8053897708819673,2.1884492847179325e-09,0.6699299236099858,1.683858380080834e-12,2.0372103505292916e-06,2.8714194134307055e-11,0.011260887440615897
3.119850054465928e+16,2.6062283458640023e-15,2.606228345864002e-13,0.8873404462655881,2.1999170548068494e-09,0.70152734908278,1.4192758220702618e-12,2.0372103505292916e-06,2.606228345864002e-11,0.010220883758758265
3.4373035761057044e+16,2.365529103485972e-15,2.365529103485972e-13,0.977629833461359,2.2114180993213757e-09,0.7346150757092418,1.1953884920308696e-12,2.0372103505292916e-06,2.365529103485972e-11,0.009276930025359878
3.78705888681933e+16,2.1470597341631364e-15,2.147059734163136e-13,1.0771064198595204,2.2229524182615092e-09,0.7692633939823817,1.0064346742436621e-12,2.0372103505292916e-06,2.1470597341631364e-11,0.008420155509711027
4.1724027845355336e+16,1.9487671892395188e-15,1.9487671892395185e-13,1.186705028829768,2.234520011627252e-09,0.805545909645147,8.470861927570287e-13,2.0372103505292916e-06,1.9487671892395185e-11,0.007642508740920032
4.5969565081205064e+16,1.7687880301740944e-15,1.768788030174094e-13,1.3074556046500205,2.2461208794186028e-09,0.8435397000160753,7.125507804389844e-13,2.0372103505292916e-06,1.768788030174094e-11,0.006936681844851593
5.064709767684589e+16,1.6054309170240344e-15,1.605430917024034e-13,1.440492891326552,2.257755021635562e-09,0.8833254778618834,5.991567902478094e-13,2.0372103505292916e-06,1.6054309170240344e-11,0.0062960418689558635
5.580058237568046e+16,1.4571607142111478e-15,1.4571607142111477e-13,1.5870670962612043,2.26942243827813e-09,0.9249877627273861,5.037248523849316e-13,2.0372103505292916e-06,1.4571607142111476e-11,0.005714568449620601
6.147844864343637e+16,1.3225840642064654e-15,1.3225840642064651e-13,1.7485556389767396,2.2811231293463066e-09,0.9686150605863527,4.232247513470557e-13,2.0372103505292916e-06,1.3225840642064655e-11,0.00518679723627937
6.7734053780251224e+16,1.2004362935627466e-15,1.2004362935627466e-13,1.9264760953081843,2.2928570948400914e-09,1.0143000518020866,3.5553141103328277e-13,2.0372103505292916e-06,1.2004362935627464e-11,0.004707768540608026
7.462618434168539e+16,1.0895695282456697e-15,1.0895695282456695e-13,2.1225004587018472,2.3046243347594842e-09,1.0621397880377612,2.986006754763858e-13,2.0372103505292916e-06,1.0895695282456697e-11,0.004272980728245516
8.221960858074315e+16,9.889419065780913e-16,9.889419065780912e-14,2.338470852641914,2.3164248491044865e-09,1.1122358984275635,2.505700637931771e-13,2.0372103505292916e-06,9.889419065780911e-12,0.003878347915039864
9.058568510241323e+16,8.976077884272512e-16,8.97607788427251e-14,2.5764168418603473,2.328258637875095e-09,1.164694805467238,1.659464443119051e-13,2.0372103505292916e-06,8.97607788427251e-12,0.003520161570274683
9.980303345053294e+16,8.147088686261804e-16,8.147088686261802e-14,2.838574505011439,2.340125701071314e-09,1.219627951098558,1.397807919391524e-13,2.0372103505292916e-06,8.147088686261803e-12,0.003195055666044148
1.099582729287408e+17,7.394661111186995e-16,7.394661111186993e-14,3.1274074480443192,2.3520260386931406e-09,1.2771520334528106,1.1766049237347918e-13,2.0372103505292916e-06,7.394661111186995e-12,0.0028999750452716627
1.2114683659855213e+17,6.711724280295099e-16,6.711724280295098e-14,3.445629955745603,2.3639596507405765e-09,1.3373892547604245,9.90068007019415e-14,2.0372103505292916e-06,6.7117242802950986e-12,0.002632146711112141
1.3347386810401629e+17,6.091860348617399e-16,6.091860348617398e-14,3.79623249901626,2.37592653721362e-09,1.4004675809532496,8.32818329642509e-14,2.0372103505292916e-06,6.091860348617397e-12,0.0023890537679331987
1.4705520975081942e+17,5.529244193777463e-16,5.529244193777462e-14,4.182509837586069,2.3879266981122715e-09,1.4665210135111217,7.00083829873974e-14,2.0372103505292916e-06,5.529244193777463e-12,0.0021684117689869335
1.620184911252074e+17,5.018588674863544e-16,5.018588674863543e-14,4.608091982258078,2.3999601334365326e-09,1.5356898741300964,5.884021224287079e-14,2.0372103505292916e-06,5.018588674863543e-12,0.0019681472485019776
1.7850432848294528e+17,4.555094946939235e-16,4.555094946939234e-14,5.076978307648522,2.4120268431864014e-09,1.6081211028171307,4.94395966611693e-14,2.0372103505292916e-06,4.555094946939234e-12,0.0017863782364525974
1.9666764617949248e+17,4.134407364276635e-16,4.134407364276634e-14,5.593575135994391,2.4241268273618796e-09,1.6839685700445473,4.1522151865015556e-14,2.0372103505292916e-06,4.134407364276635e-12,0.0016213965728937968
2.1667913255939386e+17,3.752572548519713e-16,3.752572548519713e-14,6.162737145218554,2.4362600859629643e-09,1.763393403627248,3.486243256775041e-14,2.0372103505292916e-06,3.752572548519713e-12,0.0014716518556631745
2.3872684398654016e+17,3.4060022371229004e-16,3.4060022371229e-14,6.789812990382785,2.4484266189896595e-09,1.8465643310172966,2.926424830088436e-14,2.0372103505292916e-06,3.4060022371229e-12,0.0013357368705988412
2.6301797208899094e+17,3.0914395629373007e-16,3.0914395629373004e-14,7.480695567251147,2.4606264264419616e-09,1.9336580377427965,2.455652474820058e-14,2.0372103505292916e-06,3.0914395629373e-12,0.0012123743673555076
2.8978079082596243e+17,2.8059284480584577e-16,2.805928448058457e-14,8.241877390313302,2.472859508319873e-09,2.0248595427527554,1.6129210417632316e-14,2.0372103505292916e-06,2.8059284480584575e-12,0.0011004050565450723
3.1926680167432685e+17,2.54678582431776e-16,2.5467858243177596e-14,9.080511605676532,2.4851258646233927e-09,2.12036259146508,1.358351909802664e-14,2.0372103505292916e-06,2.54678582431776e-12,0.0009987767154061753
3.5175309709391034e+17,2.3115764193608917e-16,2.3115764193608913e-14,10.004479212192276,2.497425495352521e-09,2.220370067352896,1.1432547157189816e-14,2.0372103505292916e-06,2.3115764193608913e-12,0.0009065342996237671
3.875449644819941e+17,2.0980898713682637e-16,2.0980898713682636e-14,11.022463122520225,2.5097584005072575e-09,2.3250944229433297,9.615147094049635e-15,2.0372103505292916e-06,2.0980898713682634e-12,0.0008228109683756048
4.26978755087559e+17,1.904319957354096e-16,1.9043199573540957e-14,12.144029760115433,2.5221245800876023e-09,2.434758131144598,8.085788153667048e-15,2.0372103505292916e-06,1.9043199573540958e-12,0.0007468199382639733
4.704250448455792e+17,1.7284457398443854e-16,1.7284457398443854e-14,13.379718958937046,2.5345240340935547e-09,2.549594157859922,6.796934905873131e-15,2.0372103505292916e-06,1.7284457398443853e-12,0.0006778470895808549
5.182921168351431e+17,1.568814454760606e-16,1.5688144547606058e-14,14.741143010706661,2.546956762525116e-09,2.6698464568925364,5.709224614836477e-15,2.0372103505292916e-06,1.568814454760606e-12,0.0006152442554242943
5.710297980874602e+17,1.4239259796997642e-16,1.4239259796997638e-14,16.241095790503135,2.5594227653822874e-09,2.79577048819294,4.795308895140006e-15,2.0372103505292916e-06,1.423925979699764e-12,0.0005584231306011094
6.291336867998717e+17,1.2924187366525404e-16,1.2924187366525403e-14,17.893672986193497,2.571922042665064e-09,2.92763376054942,4.026870116019482e-15,2.0372103505292916e-06,1.2924187366525403e-12,0.0005068497430752804
6.931498096808233e+17,1.173056896681336e-16,1.1730568966813358e-14,19.714404561548015,2.5844545943734525e-09,3.0657163998748054,3.3798499458156075e-15,2.0372103505292916e-06,1.173056896681336e-12,0.00046003943600785637
7.636797531927293e+17,1.0647187663154438e-16,1.0647187663154436e-14,21.720400697848063,2.5970204205074476e-09,3.2103117442964915,2.835787349263277e-15,2.0372103505292916e-06,1.0647187663154437e-12,0.00041755231323259184
8.41386316913314e+17,9.663862465251113e-17,9.663862465251111e-15,23.930512585465447,2.6096195210670517e-09,3.361726967314196,2.3793060395834877e-15,2.0372103505292916e-06,9.663862465251111e-13,0.00037898910536641393
9.269997421422884e+17,8.771352652163297e-17,8.771352652163296e-15,26.36550957643488,2.622251896052264e-09,3.520283730348949,1.995713353463175e-15,2.0372103505292916e-06,8.771352652163296e-13,0.00034398741770693347
1.0213245742863799e+18,7.961270933361979e-17,7.961270933361978e-15,29.048274362801926,2.634917545463086e-09,3.6863188660699224,1.3015021045162182e-15,2.0372103505292916e-06,7.961270933361977e-13,0.00031221832465680585
1.1252472235112403e+18,7.226004629829003e-17,7.226004629829001e-15,32.00401801491394,2.6476164692995135e-09,3.8601850939503506,1.0956684845320777e-15,2.0372103505292916e-06,7.226004629829002e-13,0.00028338327867141245
1.239744294711085e+18,6.558644134506257e-17,6.5586441345062556e-15,35.260516900465824,2.660348667561552e-09,4.042251769573062,9.218500585549139e-16,2.0372103505292916e-06,6.558644134506255e-13,0.0002572113046818507
1.3658917650760328e+18,5.95291797980921e-17,5.952917979809209e-15,38.84837371072107,2.673114140249197e-09,4.232905669276967,7.751174095003509e-16,2.0372103505292916e-06,5.95291797980921e-13,0.00023345645362813107
1.5048750955029005e+18,5.403133902004814e-17,5.403133902004813e-15,42.801305046889595,2.685912887362452e-09,4.432551811811852,6.513719984406449e-16,2.0372103505292916e-06,5.403133902004813e-13,0.00021189549117228004
1.658000370870395e+18,4.9041253486125146e-17,4.904125348612514e-15,47.156458269225894,2.6987449089013154e-09,4.641614318746568,5.473128133113756e-16,2.0372103505292916e-06,4.904125348612514e-13,0.0001923257998712748
1.8267065738686403e+18,4.451202926135176e-17,4.451202926135175e-15,51.95476058641409,2.7116102048657857e-09,4.8605373154586395,4.596624688496854e-16,2.0372103505292916e-06,4.4512029261351755e-13,0.00017456347509561736
2.0125791077255273e+18,4.0401103318535263e-17,4.040110331853526e-15,57.24130366578397,2.7245087752558657e-09,5.089785874619411,3.8577284783732213e-16,2.0372103505292916e-06,4.0401103318535257e-13,0.00015844159680008306
2.2173646949083139e+18,3.666984355557562e-17,3.666984355557562e-15,63.06576737869279,2.737440620071554e-09,5.329847004178706,3.2382360201507837e-16,2.0372103505292916e-06,3.666984355557562e-13,0.0001438086609057804
2.442987791810272e+18,3.3283185753332356e-17,3.3283185753332352e-15,69.48288666319893,2.7504057393128506e-09,5.5812306819483215,2.7171442102237806e-16,2.0372103505292916e-06,3.328318575333236e-13,0.00013052715555251682
2.6915686736776356e+18,3.020930406239486e-17,3.0209304062394854e-15,76.5529658913187,2.763404132979755e-09,5.844470938981638,2.2790295648690886e-16,2.0372103505292916e-06,3.020930406239485e-13,0.0001184722688419542
2.965443359729023e+18,2.741931192217225e-17,2.7419311922172247e-15,84.34244557460711,2.7764358010722687e-09,6.120126994051433,1.910944593353499e-16,2.0372103505292916e-06,2.7419311922172246e-13,0.00010753071592763697
3.267185565711527e+18,2.4886990601721995e-17,2.488699060172199e-15,92.92452673361694,2.7895007435903906e-09,6.408784441635315,1.6022504522227112e-16,2.0372103505292916e-06,2.488699060172199e-13,9.759967442959553e-05
3.5996308901914957e+18,2.2588542811293334e-17,2.2588542811293333e-15,102.37985879871715,2.802598960534122e-09,6.711056495933178,1.3432393233128187e-16,2.0372103505292916e-06,2.2588542811293333e-13,8.858581816913877e-05
3.96590346186806e+18,2.0502369069176705e-17,2.05023690691767e-15,112.79729750674392,2.81573045190346e-09,7.027585293558672,8.705000198673588e-17,2.0372103505292916e-06,2.0502369069176705e-13,8.040444014346194e-05
4.369445298326226e+18,1.860886472227758e-17,1.8608864722277574e-15,124.2747399157805,2.828895217698406e-09,7.3590432576728855,7.324038473370348e-17,2.0372103505292916e-06,1.860886472227758e-13,7.297865649826736e-05
4.81404865212538e+18,1.6890235712937045e-17,1.6890235712937044e-15,136.92004438503176,2.8420932579189626e-09,7.7061345264574586,6.158879861056437e-17,2.0372103505292916e-06,1.6890235712937043e-13,6.623868401781453e-05
5.303891648193305e+18,1.533033136067962e-17,1.5330331360679617e-15,150.85204416523888,2.8553245725651263e-09,8.06959644896204,5.176132395593946e-17,2.0372103505292916e-06,1.533033136067962e-13,6.0121184342658965e-05
5.843577547425727e+18,1.3914492587467112e-17,1.391449258746711e-15,166.2016641247828,2.8685891616368993e-09,8.450201151504091,4.347468786319367e-17,2.0372103505292916e-06,1.391449258746711e-13,5.4568668752414106e-05
6.438178005466914e+18,1.2629414160170877e-17,1.2629414160170873e-15,183.11315110579122,2.88188702513428e-09,8.848757177947878,3.6511225685728456e-17,2.0372103505292916e-06,1.2629414160170873e-13,4.952895792004327e-05
7.093280733193709e+18,1.146301965569252e-17,1.1463019655692518e-15,201.74542947246445,2.895218163057269e-09,9.266111207348187,3.064937591961578e-17,2.0372103505292916e-06,1.146301965569252e-13,4.495469156074791e-05
7.815042006787088e+18,1.040434797373185e-17,1.0404347973731848e-15,222.27359459023333,2.9085825754058664e-09,9.703149852606671,2.5714297428972304e-17,2.0372103505292916e-06,1.0404347973731849e-13,4.080288336743247e-05
8.610244520852159e+18,9.443450330711073e-18,9.443450330711073e-16,244.89055827065002,2.9219802621800736e-09,10.160801543962826,2.1567799253444636e-17,2.0372103505292916e-06,9.443450330711073e-14,3.7034517050273e-05
9.486361128254863e+18,8.571296766867089e-18,8.571296766867087e-16,269.80886164489624,2.9354112233798876e-09,10.640038501319728,1.8089101933008317e-17,2.0372103505292916e-06,8.571296766867088e-14,3.361417968421578e-05
1.0451625065667633e+19,7.779691287916532e-18,7.77969128791653e-16,297.2626725023078,2.948875459005311e-09,11.141878799595766,1.5164040921906703e-17,2.0372103505292916e-06,7.779691287916532e-14,3.0509728918806145e-05
1.15151073247605e+19,7.061194843847076e-18,7.061194843847074e-16,327.50998586367194,2.9623729690563418e-09,11.667388531488431,1.2708545676939911e-17,2.0372103505292916e-06,7.061194843847076e-14,2.7691990922989615e-05
1.2686801896130204e+19,6.409055421031385e-18,6.409055421031384e-16,360.8350484690971,2.975903753532982e-09,12.217684072246323,1.0651264423243283e-17,2.0372103505292916e-06,6.409055421031385e-14,2.5134486226334494e-05
1.3977719687037247e+19,5.817144590712514e-18,5.817144590712513e-16,397.55102996429537,2.989467812435231e-09,12.793934451258865,8.923731171480762e-18,2.0372103505292916e-06,5.817144590712513e-14,2.2813180880300565e-05
1.5399991995538555e+19,5.279899917577913e-18,5.279899917577912e-16,438.00296588763183,3.0030651457630876e-09,13.397363835503457,7.475953103789889e-18,2.0372103505292916e-06,5.279899917577912e-14,2.0706260601102832e-05
1.6966984513403318e+19,4.792272687212756e-18,4.792272687212755e-16,482.5710001143596,3.0166957535165533e-09,14.029254130124649,4.81696536565978e-18,2.0372103505292916e-06,4.7922726872127554e-14,1.8793925771701975e-05
1.869342292914603e+19,4.349680461204813e-18,4.3496804612048127e-16,531.6739572286699,3.030359635695625e-09,14.690947701670211,4.050520136997231e-18,2.0372103505292916e-06,4.3496804612048126e-14,1.7058205376466395e-05
2.059553131152305e+19,3.947964014040849e-18,3.9479640140408483e-16,585.7732783946954,3.044056792300308e-09,15.383850229770017,3.4040294767374834e-18,2.0372103505292916e-06,3.947964014040848e-14,1.5482788119969987e-05
2.2691184573937283e+19,3.583348247113389e-18,3.5833482471133885e-16,645.3773577134018,3.057787223330598e-09,16.109433693314283,2.859268795494375e-18,2.0372103505292916e-06,3.5833482471133886e-14,1.405286914288181e-05
2.500007645252716e+19,3.25240671252928e-18,3.252406712529279e-16,711.0463198160584,3.0715509287864975e-09,16.86923949747654,2.400166765684673e-18,2.0372103505292916e-06,3.252406712529279e-14,1.2755010894468081e-05
2.7543904576496484e+19,2.9520294133362486e-18,2.9520294133362483e-16,783.3972835912164,3.0853479086680046e-09,17.66488174822266,2.014730452634453e-18,2.0372103505292916e-06,2.9520294133362484e-14,1.1577016854270527e-05
3.034657436987395e+19,2.6793935775717765e-18,2.679393577571776e-16,863.1101615108049,3.0991781629751202e-09,18.498050681263912,1.6902725633568083e-18,2.0372103505292916e-06,2.6793935775717763e-14,1.0507816916267096e-05
3.3434423700847067e+19,2.4319371314865678e-18,2.4319371314865674e-16,950.9340490538756,3.1130416917078444e-09,19.370516252736525,1.4174106598529203e-18,2.0372103505292916e-06,2.4319371314865677e-14,9.537363358425112e-06
3.6836470389801538e+19,2.2073346226585257e-18,2.2073346226585253e-16,1047.6942642722954,3.126938494866178e-09,20.28413189923763,1.1881139442359304e-18,2.0372103505292916e-06,2.2073346226585257e-14,8.6565364200258e-06
4.058468490199627e+19,2.003475366737295e-18,2.0034753667372945e-16,1154.3001036519508,3.1408685724501182e-09,21.240838475203255,9.95926239234163e-19,2.0372103505292916e-06,2.0034753667372947e-14,7.85705859943326e-06
4.471429078748935e+19,1.818443612454532e-18,1.8184436124545317e-16,1271.75338715476,3.1548319244596676e-09,22.242668375994946,8.343957209922185e-19,2.0372103505292916e-06,1.818443612454532e-14,7.1314168669256325e-06
4.926409569166874e+19,1.6505005385026336e-18,1.6505005385026334e-16,1401.1578727426747,3.168828550894826e-09,23.29174985545201,6.989639944913088e-19,2.0372103505292916e-06,1.6505005385026335e-14,6.47279206159153e-06
5.427685604703615e+19,1.4980679130987466e-18,1.4980679130987462e-16,1543.729628855986,3.1828584517555914e-09,24.390311547082405,5.853720177578601e-19,2.0372103505292916e-06,1.4980679130987463e-14,5.874994808803623e-06
5.9799678873409585e+19,1.3597132626760623e-18,1.359713262676062e-16,1700.8084623205925,3.196921627041967e-09,25.54068719849757,4.902613486709275e-19,2.0372103505292916e-06,1.3597132626760622e-14,5.332407356058727e-06
6.588446446242074e+19,1.2341364103266329e-18,1.2341364103266325e-16,1873.870509076806,3.2110180767539498e-09,26.745320629146875,4.104678593036586e-19,2.0372103505292916e-06,1.2341364103266327e-14,4.839930780592441e-06
7.2588394106413335e+19,1.1201572574913955e-18,1.1201572574913951e-16,2064.5421060504564,3.2251478008915418e-09,28.006770921886428,2.6201148682755395e-19,2.0372103505292916e-06,1.1201572574913953e-14,4.3929370726545054e-06
7.9974467455121e+19,1.0167046940771843e-18,1.0167046940771842e-16,2274.6150745256855,3.2393107994547406e-09,29.32771785940811,2.20162933563815e-19,2.0372103505292916e-06,1.0167046940771841e-14,3.987225644152762e-06
8.811209454990772e+19,9.228065327840933e-19,9.228065327840931e-17,2506.0635586441663,3.25350707244355e-09,30.710967617080822,1.850076128955656e-19,2.0372103505292916e-06,9.22806532784093e-15,3.6189838539577984e-06
9.707774809914884e+19,8.375803730521171e-19,8.375803730521169e-17,2761.062577268737,3.2677366198579664e-09,32.159458724294495,1.5539003499754116e-19,2.0372103505292916e-06,8.37580373052117e-15,3.2847511789090917e-06
1.06955682124478e+20,7.602253087714705e-19,7.602253087714704e-17,3042.0084635516623,3.281999441697993e-09,33.676268306974244,1.304319453584736e-19,2.0372103505292916e-06,7.602253087714705e-15,2.981386693821483e-06
1.1783872373129947e+20,6.900144018306899e-19,6.900144018306899e-17,3351.5413842861185,3.2962955379636264e-09,35.26461862452254,1.0944098552975352e-19,2.0372103505292916e-06,6.9001440183068996e-15,2.7060395548888765e-06
1.2982914544419106e+20,6.262878507730531e-19,6.26287850773053e-17,3692.570150665443,3.310624908654868e-09,36.927883915079846,9.18115902390976e-20,2.0372103505292916e-06,6.26287850773053e-15,2.456122209104369e-06
1.4303962630487985e+20,5.684467903644866e-19,5.684467903644864e-17,4068.299553606677,3.3249875537717188e-09,38.66959756364265,7.698851986267142e-20,2.0372103505292916e-06,5.684467903644865e-15,2.229286077935177e-06
1.5759431076464014e+20,5.159476638048051e-19,5.1594766380480505e-17,4482.260480520178,3.3393834733141778e-09,40.493459608267486,6.451703863094546e-20,2.0372103505292916e-06,5.15947663804805e-15,2.0233994867412817e-06
1.7362997532198443e+20,4.6829711469554805e-19,4.6829711469554803e-17,4938.343096545614,3.3538126672822457e-09,42.403344600308834,5.405820640323736e-20,2.0372103505292916e-06,4.682971146955481e-15,1.8365276325311091e-06
1.9129731386900398e+20,4.2504735076219653e-19,4.2504735076219647e-17,5440.833402071568,3.3682751356759205e-09,44.403309835384775,4.527871883498437e-20,2.0372103505292916e-06,4.2504735076219646e-15,1.666914401803248e-06
2.107623538253362e+20,3.8579193576158494e-19,3.857919357615849e-17,5994.453510086217,3.382770878495205e-09,46.4976039725609,3.7919111958383945e-20,2.0372103505292916e-06,3.857919357615849e-15,1.5129658676083078e-06
2.322080163677269e+20,3.5016197002940913e-19,3.501619700294091e-17,6604.406021861138,3.3972998957400974e-09,48.690676060058024,3.174368525236692e-20,2.0372103505292916e-06,3.5016197002940912e-15,1.3732353107463068e-06
2.5583583541736417e+20,3.178226237747216e-19,3.1782262377472153e-17,7276.4229179865115,3.4118621874105995e-09,50.987184986662214,2.6572127766859553e-20,2.0372103505292916e-06,3.178226237747216e-15,1.2464096243370761e-06
2.8186785153898263e+20,2.8846999054342037e-19,2.884699905434203e-17,8016.819424205915,3.4264577535067097e-09,53.3920093789104,2.223788485201689e-20,2.0372103505292916e-06,2.8846999054342038e-15,1.1312969740020813e-06
3.105486985495627e+20,2.618282312813094e-19,2.6182823128130935e-17,8832.5533582523,3.4410865940284267e-09,55.91025796508258,1.8609948575189974e-20,2.0372103505292916e-06,2.6182823128130934e-15,1.0268155976948239e-06
3.421479024453012e+20,2.376469821583768e-19,2.3764698215837677e-17,9731.290515390507,3.455748708975753e-09,58.54728042801129,1.1760862946146902e-20,2.0372103505292916e-06,2.376469821583768e-15,9.319836399274648e-07
