E_prime_GeV_total,rate_acc,rate_acc_2,rate_sync,rate_Hep,rate_pg,rate_photodisintegration,t_ad_val,Shear,ESC
11.259660330599557,25.343666650162753,2534.366665016275,3.944381820666504e-15,2.590048597410862e-09,6.851895715436722e-14,2.949723951274021e-15,1.0206423856151752e-05,9.091436709991612e-12,3959770182465.827
11.259660330599557,25.343666650162753,2534.366665016275,3.944381820666504e-15,2.590048597410862e-09,6.851895715436722e-14,2.949723951274021e-15,1.0206423856151752e-05,9.091436709991612e-12,3959770182465.827
11.259660330599557,25.343666650162753,2534.366665016275,3.944381820666504e-15,2.590048597410862e-09,6.851895715436722e-14,2.949723951274021e-15,1.0206423856151752e-05,9.091436709991612e-12,3959770182465.827
11.259660330599557,25.343666650162753,2534.366665016275,3.944381820666504e-15,2.590048597410862e-09,6.851895715436722e-14,2.949723951274021e-15,1.0206423856151752e-05,9.091436709991612e-12,3959770182465.827
11.259660330599557,25.343666650162753,2534.366665016275,3.944381820666504e-15,2.590048597410862e-09,6.851895715436722e-14,2.949723951274021e-15,1.0206423856151752e-05,9.091436709991612e-12,3959770182465.827
11.259660330599557,25.343666650162753,2534.366665016275,3.944381820666504e-15,2.590048597410862e-09,6.851895715436722e-14,2.949723951274021e-15,1.0206423856151752e-05,9.091436709991612e-12,3959770182465.827
11.259660330599557,25.343666650162753,2534.366665016275,3.944381820666504e-15,2.590048597410862e-09,6.851895715436722e-14,2.949723951274021e-15,1.0206423856151752e-05,9.091436709991612e-12,3959770182465.827
11.259660330599557,25.343666650162753,2534.366665016275,3.944381820666504e-15,2.590048597410862e-09,6.851895715436722e-14,2.949723951274021e-15,1.0206423856151752e-05,9.091436709991612e-12,3959770182465.827
11.259660330599557,25.343666650162753,2534.366665016275,3.944381820666504e-15,2.590048597410862e-09,6.851895715436722e-14,2.949723951274021e-15,1.0206423856151752e-05,9.091436709991612e-12,3959770182465.827
11.259660330599557,25.343666650162753,2534.366665016275,3.944381820666504e-15,2.590048597410862e-09,6.851895715436722e-14,2.949723951274021e-15,1.0206423856151752e-05,9.091436709991612e-12,3959770182465.827
11.259660330599557,25.343666650162753,2534.366665016275,3.944381820666504e-15,2.590048597410862e-09,6.851895715436722e-14,2.949723951274021e-15,1.0206423856151752e-05,9.091436709991612e-12,3959770182465.827
11.259660330599557,25.343666650162753,2534.366665016275,3.944381820666504e-15,2.590048597410862e-09,6.851895715436722e-14,2.949723951274021e-15,1.0206423856151752e-05,9.091436709991612e-12,3959770182465.827
11.259660330599557,25.343666650162753,2534.366665016275,3.944381820666504e-15,2.590048597410862e-09,6.851895715436722e-14,2.949723951274021e-15,1.0206423856151752e-05,9.091436709991612e-12,3959770182465.827
11.259660330599557,25.343666650162753,2534.366665016275,3.944381820666504e-15,2.590048597410862e-09,6.851895715436722e-14,2.949723951274021e-15,1.0206423856151752e-05,9.091436709991612e-12,3959770182465.827
9.002376002113031,31.698418056055065,3169.841805605506,3.1536305006501258e-15,2.3412506708245285e-09,4.713626124773294e-14,1.7559695148842665e-15,1.0206423856151752e-05,7.2688277674180825e-12,4952655524645.529
7.377006519065004,38.68250316375544,3868.2503163755437,2.5842458431593636e-15,1.8472125588813272e-09,3.3481815587988855e-14,1.1187666406685934e-15,1.0206423856151752e-05,5.956448587974747e-12,6043869844302.704
6.561880789040202,43.48769616317822,4348.769616317822,2.298698409518784e-15,1.3678572671929278e-09,2.7278055793327406e-14,8.661555191867079e-16,1.0206423856151752e-05,5.298288060248456e-12,6794647552309.912
6.039965397430348,47.245482256269376,4724.548225626937,2.115865755411329e-15,9.382119622832353e-10,2.3544645649305267e-14,7.201176690692304e-16,1.0206423856151752e-05,4.876875636474318e-12,7381775276522.285
5.68669703784298,50.18046083935865,5018.046083935865,1.992111996020712e-15,5.983345722622179e-10,2.1135354489106884e-14,6.319551102341418e-16,1.0206423856151752e-05,4.591634622222506e-12,7840345097531.909
5.450178542711941,52.35811556932672,5235.811556932671,1.9092569875165084e-15,3.65207097872793e-10,1.9580374480466014e-14,5.803276036715262e-16,1.0206423856151752e-05,4.400661460857895e-12,8180588377498.576
5.303842240240531,53.802708505869,5380.2708505868995,1.8579937847000654e-15,2.2997730057545545e-10,1.864015845167668e-14,5.48541263053168e-16,1.0206423856151752e-05,4.282504501124619e-12,8406295893103.235
5.23260796367478,54.53515340606022,5453.515340606022,1.833039640681112e-15,1.69964431339087e-10,1.8190036105223413e-14,5.331470112155903e-16,1.0206423856151752e-05,4.2249874981276835e-12,8520735272223.531
5.227502362892653,54.58841683906407,5458.841683906406,1.831251093041369e-15,1.6586486460509976e-10,1.815925872082174e-14,5.320447511682431e-16,1.0206423856151752e-05,4.220865060592775e-12,8529057310101.307
5.283187259108811,54.0130538664481,5401.305386644809,1.8507581195298863e-15,2.1207680037692363e-10,1.8509906589605873e-14,5.440601747685966e-16,1.0206423856151752e-05,4.265826959512215e-12,8439160880570.855
5.396692538372284,52.87703088211234,5287.703088211233,1.8905202568352022e-15,3.1438076769462703e-10,1.923473800916185e-14,5.68728062077891e-16,1.0206423856151752e-05,4.35747502280853e-12,8261665256040.152
5.566715897607109,51.262015748898,5126.2015748898,1.9500812939858476e-15,4.791850888216793e-10,2.0340393208405837e-14,6.055678488471827e-16,1.0206423856151752e-05,4.49475772622213e-12,8009330467352.733
5.7932160348141855,49.25780020940118,4925.780020940118,2.0294267624410667e-15,7.035159686545359e-10,2.1851327585262646e-14,6.568690926594514e-16,1.0206423856151752e-05,4.677641721099523e-12,7696185844592.191
6.077169661395446,46.956246725429025,4695.624672542902,2.1288988148577492e-15,9.720745795388593e-10,2.3803812302035585e-14,7.301910664843543e-16,1.0206423856151752e-05,4.906915637793123e-12,7336584253197.176
6.420425950410127,44.44581718048598,4444.581718048598,2.249145236727108e-15,1.2613741785065169e-09,2.6244239407166572e-14,8.260121093359745e-16,1.0206423856151752e-05,5.184072562181213e-12,6944347242094.331
6.825622297518961,41.80733500541074,4180.733500541073,2.3910899365146417e-15,1.5468502977596303e-09,2.924283607967182e-14,9.408613807790777e-16,1.0206423856151752e-05,5.5112420181592505e-12,6532102905548.678
7.296140779554359,39.111235190586065,3911.1235190586062,2.5559176926223787e-15,1.808762459343629e-09,3.284864781941502e-14,1.0899653332579461e-15,1.0206423856151752e-05,5.891154810793056e-12,6110856216856.698
7.836093108910487,36.41624391730237,3641.6243917302363,2.745068882747617e-15,2.0349488243183014e-09,3.7168046522694874e-14,1.2879301799624033e-15,1.0206423856151752e-05,6.327130877976283e-12,5689782730006.45
8.45032667472491,33.769236267077936,3376.923626707793,2.9602416001747475e-15,2.220678122760185e-09,4.2312625769863487e-14,1.5186112596504033e-15,1.0206423856151752e-05,6.823084168288101e-12,5276206347756.712
9.144447112656906,31.205941102530502,3120.59411025305,3.20339956021476e-15,2.36685113047602e-09,4.8405938256788347e-14,1.8240554438153774e-15,1.0206423856151752e-05,7.383540864607851e-12,4875709454329.945
9.924854609358636,28.75216708400901,2875.2167084009006,3.4767848180574588e-15,2.4777760314460742e-09,5.5562642057600543e-14,2.215175014876089e-15,1.0206423856151752e-05,8.013668697592756e-12,4492324471913.11
10.7987922819404,26.425277064547895,2642.5277064547895,3.782934716625807e-15,2.5592645893106336e-09,6.39469433865816e-14,2.6675249911253088e-15,1.0206423856151752e-05,8.719316008920787e-12,4128764224529.5586
11.774405730439957,24.235709601465707,2423.5709601465705,4.124702748455458e-15,2.617320764280892e-09,7.375641077094438e-14,3.291440799851455e-15,1.0206423856151752e-05,9.507059836001057e-12,3786659663556.156
12.860813388551875,22.188416034929197,2218.841603492919,4.505283200322547e-15,2.6573973729311898e-09,8.521906870364519e-14,4.0329184868982174e-15,1.0206423856151752e-05,1.0384262715570408e-11,3466784401170.895
14.068187681537712,20.284139256065522,2028.413925606552,4.9282395837448e-15,2.6840752409876764e-09,9.85170037469059e-14,4.940964298553972e-15,1.0206423856151752e-05,1.1359138213379236e-11,3169254508902.6025
15.407847293595376,18.52050273962628,1852.0502739626277,5.3975369572473664e-15,2.701006337382501e-09,1.1391126682558585e-13,6.156245079822315e-15,1.0206423856151752e-05,1.2440825424036474e-11,2893698671347.456
16.892361083648005,16.892906598415614,1689.2906598415611,5.91757832919704e-15,2.7109957903279365e-09,1.3177020424546735e-13,7.525616827504321e-15,1.0206423856151752e-05,1.3639472876188753e-11,2639398188389.477
18.53566439036909,15.395244109029441,1539.524410902944,6.4932454007210934e-15,2.7161401473958296e-09,1.5243536463988257e-13,9.367110556959982e-15,1.0206423856151752e-05,1.4966332441194758e-11,2405398927322.38
20.35318864891637,14.020460525135924,1402.0460525135923,7.12994397186285e-15,2.717974531760577e-09,1.7624604889484343e-13,1.1624387159967026e-14,1.0206423856151752e-05,1.643386399013067e-11,2190598633505.7747
22.362005413427422,12.760978845011346,1276.0978845011346,7.833654394232721e-15,2.717605558533589e-09,2.0357405631696662e-13,1.4184533807416288e-14,1.0206423856151752e-05,1.8055851682502726e-11,1993813453556.7937
24.580986048087524,11.609016719448425,1160.9016719448423,8.610987512530994e-15,2.7158214319138856e-09,2.3506864234594916e-13,1.7708018987036423e-14,1.0206423856151752e-05,1.984753290630347e-11,1813827449988.3354
27.03097852096265,10.556816424217779,1055.6816424217777,9.46924659735579e-15,2.71317838721826e-09,2.7121902513161974e-13,2.1800121216645738e-14,1.0206423856151752e-05,2.1825741027428383e-11,1649428532793.404
29.735002913060246,9.596806795248028,959.6806795248028,1.0416495834159422e-14,2.7100661597196716e-09,3.12684589053422e-13,2.6595051180459413e-14,1.0206423856151752e-05,2.400906325041056e-11,1499433760681.3708
32.71846744377385,8.721712852326133,872.1712852326133,1.1461635999317796e-14,2.7067563214110634e-09,3.5996788078062076e-13,3.3017776887382233e-14,1.0206423856151752e-05,2.6418015044788814e-11,1362706469012.3762
36.00940701607062,7.9246258591657135,792.4625859165712,1.2614488025111386e-14,2.7034373101472246e-09,4.1408259650777136e-13,4.028975950272439e-14,1.0206423856151752e-05,2.9075232754690186e-11,1238167216191.6836
39.63874650332671,7.199043945267729,719.9043945267728,1.3885885231975239e-14,2.7002394639535203e-09,4.759806827944593e-13,4.894616262595455e-14,1.0206423856151752e-05,3.200568618566905e-11,1124800130550.535
43.64059123732531,6.538891200188653,653.8891200188652,1.5287775089613028e-14,2.697252724488014e-09,5.466732983454914e-13,6.029684733647075e-14,1.0206423856151752e-05,3.523691315470003e-11,1021655893691.6469
48.05254741633067,5.938521334579579,593.8521334579578,1.683333145943998e-14,2.6945390557092835e-09,6.269335331374084e-13,7.310966840979339e-14,1.0206423856151752e-05,3.8799278198668253e-11,927852312500.8976
52.91607543611734,5.392710545158951,539.271054515895,1.8537078370296144e-14,2.6921411015252736e-09,7.182276534315212e-13,8.814097085661975e-14,1.0206423856151752e-05,4.2726257865985356e-11,842573204349.3523
58.276879458301956,4.896643071236458,489.6643071236457,2.0415026488481958e-14,2.6900881928377744e-09,8.222638948049792e-13,1.0762214301150388e-13,1.0206423856151752e-05,4.7054755267448676e-11,765066140401.4127
64.18533687240357,4.4458920357473,444.58920357472994,2.2484823563002018e-14,2.6884005004387818e-09,9.405232543655315e-13,1.2989813076312753e-13,1.0206423856151752e-05,5.1825446838668146e-11,694639452160.7787
70.69697168410599,4.036397475239113,403.6397475239113,2.476592025863659e-14,2.6870918983022476e-09,1.0751016721949684e-12,1.5530782518550576e-13,1.0206423856151752e-05,5.7083164570018085e-11,630658798809.9799
77.87297627583945,3.6644429384845725,366.4442938484572,2.727975293436399e-14,2.6861719338556995e-09,1.2268264524858447e-12,1.87411045854247e-13,1.0206423856151752e-05,6.287731729406212e-11,572543510907.7039
85.78078644101417,3.3266316368992563,332.6631636899256,3.004994508412452e-14,2.685647181920449e-09,1.3990787971342845e-12,2.254735989863325e-13,1.0206423856151752e-05,6.92623549879555e-11,519762864058.84247
94.49471509434736,3.019862832835259,301.9862832835259,3.310252933245967e-14,2.685522174344052e-09,1.594359413861952e-12,2.680524131777897e-13,1.0206423856151752e-05,7.629828045294177e-11,471832389750.9538
104.09665061247894,2.7413089310153835,274.13089310153833,3.646619207084651e-14,2.6858000380516573e-09,1.8158450067266765e-12,3.192814872517418e-13,1.0206423856151752e-05,8.40512131785656e-11,428310296051.5099
114.6768263667012,2.4883935757018563,248.8393575701856,4.017254303340603e-14,2.686482932974005e-09,2.0669430449409075e-12,3.8169618098234916e-13,1.0206423856151752e-05,9.259401068984521e-11,388794045444.1092
126.33466867883976,2.2587709375183773,225.87709375183772,4.425641234509668e-14,2.6875723527270846e-09,2.3494189254603063e-12,4.5265266337121285e-13,1.0206423856151752e-05,1.0200695321599209e-10,352917118539.68115
139.17973116845,2.050306288258327,205.03062882583268,4.875617783372808e-14,2.689069331196002e-09,2.669063228465002e-12,5.341836613330623e-13,1.0206423856151752e-05,1.1237849811444825e-10,320345979026.4946
153.33272427145863,1.8610579011664612,186.1057901166461,5.371412568156987e-14,2.690974584605585e-09,3.0308133672084017e-12,6.313279338899118e-13,1.0206423856151752e-05,1.2380611113961836e-10,290777245716.1033
168.92664960482503,1.6892602717234366,168.92602717234365,5.917684780566488e-14,2.6932886093432787e-09,3.4391137047633753e-12,7.46486869801867e-13,1.0206423856151752e-05,1.3639718236788217e-10,263935070908.59833
186.1080498371456,1.5333086250835608,153.33086250835606,6.519567970113396e-14,2.6960117494131623e-09,3.901435918057736e-12,8.77726532084832e-13,1.0206423856151752e-05,1.5027003538607442e-10,239568719788.40393
205.03838581062408,1.391744657394735,139.1744657394735,7.182718286202208e-14,2.6991442430262698e-09,4.422368583340977e-12,1.0280680473785115e-12,1.0206423856151752e-05,1.6555503922709104e-10,217450342605.51245
225.8955538557023,1.2632434465490172,126.32434465490171,7.913367631316265e-14,2.7026862548395438e-09,5.008117018667163e-12,1.204239112027513e-12,1.0206423856151752e-05,1.8239583350186746e-10,197372929572.05304
248.87555755711787,1.146601461444381,114.66014614443809,8.718382224806103e-14,2.7066378983080995e-09,5.669627513497399e-12,1.4094884585858472e-12,1.0206423856151752e-05,2.0095067824074676e-10,179148437393.53098
274.194349681625,1.0407255960748918,104.07255960748917,9.605327127626477e-14,2.7109992512146717e-09,6.417029603263363e-12,1.6467758933512659e-12,1.0206423856151752e-05,2.213939411292227e-10,162606075922.31985
302.08986157670415,0.9446231545917669,94.4623154591767,1.0582537334386571e-13,2.7157703664813273e-09,7.2597938923087324e-12,1.9159961021639296e-12,1.0206423856151752e-05,2.4391773611420217e-10,147590743393.68588
332.8242391113429,0.857392715069986,85.73927150699859,1.165919610079427e-13,2.7209512797119725e-09,8.211154094793241e-12,2.2238995090332816e-12,1.0206423856151752e-05,2.6873372877943357e-10,133961598953.39163
366.68630617094004,0.7782158024732679,77.82158024732679,1.2845421242569506e-13,2.726542014464144e-09,9.280919772535339e-12,2.579749071736148e-12,1.0206423856151752e-05,2.9607512545595537e-10,121590761616.87018
403.99427885682303,0.7063493047977282,70.63493047977282,1.4152360216813711e-13,2.7325425859396995e-09,1.0482890938307515e-11,2.9952828645244266e-12,1.0206423856151752e-05,3.261988647600646e-10,110362125344.85606
445.09875589682434,0.6411185702772989,64.11185702772988,1.5592294879353854e-13,2.738953003571839e-09,1.1838889653310975e-11,3.4653453421137995e-12,1.0206423856151752e-05,3.5938803215358726e-10,100170280530.14055
490.3860133690692,0.581911127628371,58.1911127628371,1.7178756902510233e-13,2.745773272839705e-09,1.3367409107557376e-11,3.991960665689456e-12,1.0206423856151752e-05,3.9595452021709395e-10,90919532829.8359
540.2816347008726,0.5281709754409234,52.81709754409233,1.8926654937917001e-13,2.7530033965410927e-09,1.508910761938977e-11,4.5994470638742524e-12,1.0206423856151752e-05,4.3624195963576097e-10,82523010922.78722
595.2545100553561,0.47939339088122007,47.939339088122004,2.0852414719397415e-13,2.7606433756840973e-09,1.702958377712687e-11,5.293432547242983e-12,1.0206423856151752e-05,4.806289484415709e-10,74901855405.77452
655.8212426897151,0.43512021178580174,43.51202117858017,2.297413342249983e-13,2.7686932101102486e-09,1.9216959973540488e-11,6.0984462320563385e-12,1.0206423856151752e-05,5.295326098584102e-10,67984481653.78504
722.5510036935286,0.3949355499529732,39.493554995297316,2.53117497312757e-13,2.777152898928148e-09,2.1664917033900638e-11,6.99726523748415e-12,1.0206423856151752e-05,5.83412512184623e-10,61705910051.87025
796.0708807291333,0.35846189694994246,35.846189694994244,2.788723121048863e-13,2.7860224408132153e-09,2.442444424618133e-11,7.998297637133245e-12,1.0206423856151752e-05,6.427749875498079e-10,56007157554.820694
877.0717710384243,0.3253565870383883,32.53565870383883,3.0724780744069946e-13,2.7953018342128327e-09,2.75299329089446e-11,9.153077512154551e-12,1.0206423856151752e-05,7.081778901310334e-10,50834685044.09106
966.3148740951405,0.29530858487507944,29.530858487507942,3.385106397980975e-13,2.8049910774846746e-09,3.1026754305657895e-11,1.0457284344169696e-11,1.0206423856151752e-05,7.802358385434251e-10,46139895428.54917
1064.6388449168464,0.2680355684702305,26.80355684702305,3.729545991767752e-13,2.8150901689879633e-09,3.496117495279679e-11,1.1958543470130483e-11,1.0206423856151752e-05,8.596259916700958e-10,41878677877.17609
1172.9676752592488,0.2432812804919847,24.328128049198465,4.109033699665496e-13,2.8255991071416855e-09,3.9389121920001414e-11,1.3633739730345162e-11,1.0206423856151752e-05,9.470944122092905e-10,38010993978.96634
1292.3193767558053,0.2208131234007628,22.081312340076277,4.527135727458696e-13,2.8365178904597457e-09,4.4370778748169775e-11,1.5506445839293225e-11,1.0206423856151752e-05,1.0434630777397165e-09,34500501999.534966
1423.815547601696,0.2004199760941258,20.04199760941258,4.987781155955534e-13,2.8478465175701884e-09,4.9954150318070614e-11,1.7612490539804423e-11,1.0206423856151752e-05,1.14963760518996e-09,31314215747.18892
1568.6919126843384,0.18191021175373304,18.1910211753733,5.495298864214671e-13,2.859584987223546e-09,5.6225838458375484e-11,2.0012517802914904e-11,1.0206423856151752e-05,1.2666157613020944e-09,28422194875.4148
1728.3099362104933,0.16510989842392595,16.510989842392593,6.054458209844556e-13,2.8717332982939265e-09,6.32828925705264e-11,2.270000376851838e-11,1.0206423856151752e-05,1.3954968390658957e-09,25797263735.90164
1904.1696159586827,0.14986116552915754,14.986116552915753,6.670513848665106e-13,2.8842914497753748e-09,7.121692849755177e-11,2.5756859279723674e-11,1.0206423856151752e-05,1.5374919882379421e-09,23414756158.344707
2097.923579389951,0.13602072106733068,13.602072106733067,7.349255114921122e-13,2.8972594407753362e-09,8.01323023312241e-11,2.918255285456883e-11,1.0206423856151752e-05,1.6939355970258823e-09,21252283772.303265
2311.3926140839744,0.12345850560999032,12.34585056099903,8.097060426093857e-13,2.910637270506429e-09,9.01543418223573e-11,3.295426248367661e-11,1.0206423856151752e-05,1.866297831896281e-09,19289525704.16997
2546.5827784466433,0.11205647050940953,11.205647050940952,8.920957223575921e-13,2.92442493827746e-09,1.0142184251223289e-10,3.722872512222433e-11,1.0206423856151752e-05,2.0561984533479655e-09,17508037680.596294
2805.704253485636,0.10170746886749069,10.170746886749066,9.828688012497214e-13,2.9386224434842027e-09,1.140554820006155e-10,4.20279482405038e-11,1.0206423856151752e-05,2.2654220374834943e-09,15891078750.160828
3091.1921128119525,0.09231424887183515,9.231424887183515,1.0828783121305667e-12,2.9532297856003734e-09,1.2818712332349863e-10,4.7366905042365636e-11,1.0206423856151752e-05,2.495934746422201e-09,14423453999.189772
3405.7292060520335,0.08378854005940503,8.378854005940502,1.1930640864855731e-12,2.9682469641690383e-09,1.44076112267221e-10,5.342223397169357e-11,1.0206423856151752e-05,2.749902805153566e-09,13091371786.861979
3752.2713707153644,0.07605022393632817,7.605022393632816,1.3144615864330408e-12,2.9836739787945855e-09,1.6190674039736854e-10,6.023342405522739e-11,1.0206423856151752e-05,3.029712858465573e-09,11882314160.369818
4134.075209444193,0.06902658117125593,6.9026581171255925,1.4482116353976604e-12,2.999510829135351e-09,1.8191531340486064e-10,6.772317487229326e-11,1.0206423856151752e-05,3.3379943992507536e-09,10784919234.16066
4554.728693679843,0.06265160829639414,6.265160829639414,1.595571138908613e-12,3.015757514896926e-09,2.0436454124220064e-10,7.600795606468593e-11,1.0206423856151752e-05,3.6776444789581055e-09,9788874429.264837
5018.184881341147,0.056865397501359424,5.686539750135942,1.757924896270076e-12,3.0324140358261365e-09,2.295258230732517e-10,8.54368997300341e-11,1.0206423856151752e-05,4.05185493240545e-09,8884819570.435116
5528.799065374266,0.05161357369630854,5.161357369630854,1.936798614103397e-12,3.049480391705666e-09,2.577690461262554e-10,9.583111228062757e-11,1.0206423856151752e-05,4.46414237279522e-09,8064258931.208465
6091.369702274411,0.046846783557764955,4.684678355776495,2.1338732440546494e-12,3.0669565823492926e-09,2.894353786969251e-10,1.0746622289945213e-10,1.0206423856151752e-05,4.918381238809484e-09,7319481400.899692
6711.183505202018,0.04252023175816687,4.252023175816687,2.351000779405056e-12,3.0848426075976807e-09,3.2482855779497073e-10,1.2052841620232252e-10,1.0206423856151752e-05,5.418840204341662e-09,6643488023.720689
7394.065125452515,0.03859326002289065,3.859326002289065,2.5902216590317076e-12,3.1031384673146997e-09,3.644481499633396e-10,1.352209004632739e-10,1.0206423856151752e-05,5.970222293022603e-09,6029926229.392361
8146.43188915709,0.035028965060469285,3.502896506046928,2.8537839422708513e-12,3.1218441613841916e-09,4.087867654782116e-10,1.5112802719793318e-10,1.0206423856151752e-05,6.577709074513917e-09,5473030137.420656
8975.354103598556,0.03179385177665186,3.1793851776651856,3.144164434878077e-12,3.1409596897071627e-09,4.5843413521352236e-10,1.6893078016471416e-10,1.0206423856151752e-05,7.2470093578999446e-09,4967566374.225321
9888.621499866033,0.028857518514248167,2.8857518514248164,3.4640919646149396e-12,3.160485052199343e-09,5.14073821340951e-10,1.8899895370518936e-10,1.0206423856151752e-05,7.984412839770562e-09,4508784894.072998
10894.816436238041,0.026192371361450043,2.619237136145004,3.816573025192467e-12,3.18042024878907e-09,5.762882955492164e-10,2.1116340382529922e-10,1.0206423856151752e-05,8.796849211148478e-09,4092374341.755939
12003.394550217161,0.023773364844331794,2.377336484433179,4.204920029558554e-12,3.2007652794154686e-09,6.459230991568598e-10,2.354418889083102e-10,1.0206423856151752e-05,9.691953278713753e-09,3714421537.6136923
13224.77361713712,0.02157776656705834,2.1577766567058334,4.632782438037191e-12,3.2215201440268654e-09,7.238282084829125e-10,2.6290100375673557e-10,1.0206423856151752e-05,1.0678136712296968e-08,3371374704.2161684
14570.431450384305,0.019584943588286805,1.9584943588286803,5.104181053843841e-12,3.2426848425794464e-09,8.109800057663811e-10,2.9386099235568473e-10,1.0206423856151752e-05,1.1764667092882597e-08,3060010089.174502
16053.013763243192,0.017776168526446524,1.777616852644652,5.623545808266314e-12,3.2642593750360835e-09,9.082537708032604e-10,3.276090065513242e-10,1.0206423856151752e-05,1.2961755003969863e-08,2777401670.4508066
17686.453005988926,0.016134443571933194,1.6134443571933192,6.1957573905944325e-12,3.2862437413653453e-09,1.0167003423255696e-09,3.643930279427694e-10,1.0206423856151752e-05,1.4280649984725349e-08,2520893659.497696
19486.099294989155,0.01464434075249514,1.464434075249514,6.826193114012429e-12,3.308637941540638e-09,1.137843106664386e-09,4.059648266533585e-10,1.0206423856151752e-05,1.5733746246639466e-08,2288075543.845075
21468.86466421102,0.01329185695079994,1.3291856950799938,7.520777448475154e-12,3.3314419755394757e-09,1.2732015928910227e-09,4.5265822572043385e-10,1.0206423856151752e-05,1.7334699147150623e-08,2076759434.6116743
23653.38199472605,0.012064282311781162,1.206428231178116,8.286037695447062e-12,3.3546558433428653e-09,1.4242544781378872e-09,5.035716260740857e-10,1.0206423856151752e-05,1.909855351478941e-08,1884959506.075817
26060.180115738818,0.01095008080318045,1.0950080803180449,9.129165327702337e-12,3.3782795449347664e-09,1.5928436333501854e-09,5.587836865857816e-10,1.0206423856151752e-05,2.1041885031766813e-08,1710873334.09773
28711.876722639652,0.009938781806894774,0.9938781806894772,1.0058083570622882e-11,3.402313080301643e-09,1.780992500880602e-09,6.217825513125069e-10,1.0206423856151752e-05,2.318295600263994e-08,1552864958.0278087
31633.39092501181,0.009020881722393787,0.9020881722393785,1.1081521860083443e-11,3.426756449432082e-09,1.990947028280952e-09,6.925181819860999e-10,1.0206423856151752e-05,2.554188697287763e-08,1409449506.93062
34852.17742199724,0.00818775465755171,0.8187754657551709,1.2209097876636342e-11,3.451609652316457e-09,2.2249035671233918e-09,7.701496289034134e-10,1.0206423856151752e-05,2.8140845810098655e-08,1279279245.6536968
38398.48450566475,0.007431571367632453,0.7431571367632452,1.3451407926905337e-11,3.4768726889466637e-09,2.4860845962451683e-09,8.536478410357596e-10,1.0206423856151752e-05,3.1004256024857876e-08,1161130909.6124337
42305.63831694768,0.0067452256806738815,0.6745225680673881,1.4820126521540923e-11,3.502545559315873e-09,2.7767740758739814e-09,9.472249460331277e-10,1.0206423856151752e-05,3.415902628865943e-08,1053894209.2723459
46610.35602542304,0.006122267717867889,0.6122267717867889,1.6328116085512718e-11,3.5286282634183422e-09,3.1000616009224874e-09,1.0534487496623514e-09,1.0206423856151752e-05,3.7634803306073224e-08,956561396.3017734
51353.090876014576,0.005556843281385809,0.5556843281385809,1.7989547831732954e-11,3.555120801249236e-09,3.460102237908431e-09,1.1699866492712383e-09,1.0206423856151752e-05,4.146425041730135e-08,868217793.3446654
56578.41234516955,0.005043638840055567,0.5043638840055567,1.9820034933911442e-11,3.5820231728044883e-09,3.860953920411796e-09,1.2959210801340552e-09,1.0206423856151752e-05,4.568335454933988e-08,788033198.4184424
62335.42497899587,0.004577831595901205,0.45778315959012045,2.1836779250123223e-11,3.6093353780806837e-09,4.307150485627799e-09,1.4331064006272535e-09,1.0206423856151752e-05,5.033176440028492e-08,715254083.1609751
68678.22984935853,0.004155044162301482,0.41550441623014817,2.4058732975912146e-11,3.637057417074947e-09,4.803845462261187e-09,1.590771467342879e-09,1.0206423856151752e-05,5.5453163034843735e-08,649196511.6107006
75666.43296443355,0.0037713034278609166,0.3771303427860916,2.6506776746053056e-11,3.665189289784871e-09,5.3560323993149295e-09,1.7675592015006864e-09,1.0206423856151752e-05,6.109567839248846e-08,589239712.9749541
83365.705411464,0.00342300321942139,0.34230032194213894,2.920391585866857e-11,3.693730996208428e-09,5.970716985170938e-09,1.959936531074678e-09,1.0206423856151752e-05,6.731233556596752e-08,534820247.9873727
91848.40049562084,0.0031068704133435836,0.3106870413343583,3.217549646570307e-11,3.7226825363439208e-09,6.654035054602219e-09,2.1664092996584877e-09,1.0206423856151752e-05,7.416155510043125e-08,485426714.03327495
101194.23367447684,0.0028199341765928125,0.2819934176592812,3.544944376138482e-11,3.7520439101899215e-09,7.413538746226948e-09,2.3964231133448234e-09,1.0206423856151752e-05,8.170770199589312e-08,440594939.2850318
111491.03167772814,0.00255949804857516,0.25594980485751595,3.9056524407034895e-11,3.781815117745233e-09,8.258964672538315e-09,2.6595368079988567e-09,1.0206423856151752e-05,9.00216905722379e-08,399903620.6847483
122835.55785195586,0.002323114601365673,0.23231146013656728,4.303063565833909e-11,3.811996159008854e-09,9.197561317063727e-09,2.9496955909351776e-09,1.0206423856151752e-05,9.918165088094667e-08,362970364.78262323
135334.4214865372,0.0021085624402005045,0.21085624402005046,4.7409123912132364e-11,3.842587033979945e-09,1.0241539631959511e-08,3.263811378616611e-09,1.0206423856151752e-05,1.0927366292608813e-07,329448094.2251394
149105.07966602928,0.001913825328097058,0.1913825328097058,5.223313566621597e-11,3.873587742657798e-09,1.1395224998910996e-08,3.5999254094862634e-09,1.0206423856151752e-05,1.2039256559436376e-07,299021786.1233565
164276.94106385112,0.0017370732384276771,0.17370732384276769,5.7548004190323004e-11,3.904998285041826e-09,1.2677545593858442e-08,3.9736362295417815e-09,1.0206423856151752e-05,1.326428478960606e-07,271405511.6504263
180992.5820500791,0.0015766451573900392,0.1576645157390039,6.340367554194314e-11,3.936818661131534e-09,1.4101059759109318e-08,4.406706900060879e-09,1.0206423856151752e-05,1.4613963089227922e-07,246339749.04819566
199409.08654163044,0.0014310334747619534,0.14310334747619533,6.985517793045527e-11,3.969048870926505e-09,1.568180539668e-08,4.884782653309106e-09,1.0206423856151752e-05,1.610097495360181e-07,223588944.7921087
219699.52218597868,0.0012988698162539215,0.12988698162539214,7.696313884038348e-11,4.001688914426397e-09,1.7436302543841708e-08,5.4038258085978094e-09,1.0206423856151752e-05,1.773929445936373e-07,202939299.99565068
242054.5667507075,0.0011789121843202837,0.11789121843202836,8.479435477339648e-11,4.03473879163092e-09,1.938039038517575e-08,5.961115388112998e-09,1.0206423856151752e-05,1.9544317584767832e-07,184196761.25226885
266684.30000278424,0.0010700332865856642,0.10700332865856642,9.342241896316086e-11,4.068198502539826e-09,2.1538063329610693e-08,6.575081164330597e-09,1.0206423856151752e-05,2.153300689217706e-07,167185197.03385594
293820.1779165922,0.0009712099422041156,0.09712099422041155,1.0292841296194704e-10,4.102068047152918e-09,2.3930770263846373e-08,7.286885042093321e-09,1.0206423856151752e-05,2.3724050932404401e-07,151744742.50865826
323717.20776317845,0.0008815134665980991,0.0881513466598099,1.1340166859811587e-10,4.136347425470024e-09,2.6585812519125758e-08,8.074235360748634e-09,1.0206423856151752e-05,2.613803986889389e-07,137730297.2241715
356656.3445209606,0.0008001009442186045,0.08001009442186045,1.2494060746492674e-10,4.171036637491001e-09,2.9526985082435955e-08,8.928287180879448e-09,1.0206423856151752e-05,2.879765897215674e-07,125010161.5371128
392947.13112796313,0.0007262073073129239,0.07262073073129238,1.3765366582969237e-10,4.206135683215732e-09,3.2784777523234463e-08,9.845822454807569e-09,1.0206423856151752e-05,3.1727901802810644e-07,113464798.97643566
432930.60738714365,0.0006591381462609211,0.06591381462609211,1.5166031365504152e-10,4.2416445626441175e-09,3.6398285181856466e-08,1.0836135237855438e-08,1.0206423856151752e-05,3.495630508659279e-07,102985712.90879227
476982.51486102893,0.0005982631839154896,0.059826318391548956,1.6709217730846524e-10,4.2775632757760746e-09,4.040483803248999e-08,1.1957607370306644e-08,1.0206423856151752e-05,3.8513207488567016e-07,93474426.94999352
525516.8278733945,0.0005430103526228557,0.054301035262285566,1.8409427651071697e-10,4.313891822611535e-09,4.48241901711518e-08,1.3235493726320031e-08,1.0206423856151752e-05,4.243203471833433e-07,84841559.5409684
578989.6438002931,0.0004928604182619959,0.049286041826199584,2.0282638714719072e-10,4.350630203150438e-09,4.97189445930174e-08,1.464765178556369e-08,1.0206423856151752e-05,4.6749613645500284e-07,77005983.99162398
637903.4692091612,0.0004473421007829789,0.044734210078297885,2.2346454274919777e-10,4.387778417392738e-09,5.514161535500039e-08,1.617751412398942e-08,1.0206423856151752e-05,5.150651837727651e-07,69894066.09918013
702811.9421246179,0.0004060276453899217,0.04060276453899216,2.462026887551811e-10,4.425336465338395e-09,6.114866379024832e-08,1.781829616093174e-08,1.0206423856151752e-05,5.674745155045025e-07,63438972.17656528
774325.0347981103,0.0003685288027490661,0.0368528802749066,2.712545050976677e-10,4.463304346987373e-09,6.778890183219494e-08,1.9624269772100416e-08,1.0206423856151752e-05,6.252166442088596e-07,57580040.988118455
853114.7858740031,0.00033449318044631994,0.03344931804463199,2.988554142435693e-10,4.501682062339646e-09,7.514164614644077e-08,2.1707532784628984e-08,1.0206423856151752e-05,6.888341969831473e-07,52262213.69041694
939921.6158197038,0.00030360093140736384,0.030360093140736386,3.2926479355823626e-10,4.540469611395192e-09,8.328224391600841e-08,2.4037867838847208e-08,1.0206423856151752e-05,7.589250147586707e-07,47435516.42114153
1035561.2849685624,0.0002755617481600227,0.02755617481600227,3.627684127837755e-10,4.5796669941539854e-09,9.228610618550887e-08,2.657872338269166e-08,1.0206423856151752e-05,8.3614777046369e-07,43054590.673650935
1140932.559563229,0.0002501121346927098,0.02501121346927098,3.9968111953765053e-10,4.619274210616016e-09,1.0223725526732727e-07,2.932247000472398e-08,1.0206423856151752e-05,9.212281588502859e-07,39078267.043995745
1257025.6578404848,0.00022701293027145873,0.02270129302714587,4.4034979806831766e-10,4.6592912607812685e-09,1.1326522119729132e-07,3.226316499161681e-08,1.0206423856151752e-05,1.0149657161535183e-06,35469178.344694786
1384931.555528964,0.000206047061945805,0.020604706194580498,4.851566290725707e-10,4.699718144649729e-09,1.2544470051087494e-07,3.55055131589728e-08,1.0206423856151752e-05,1.1182413336700857e-06,32193408.449540522
1525852.2382074671,0.00018701750462286673,0.01870175046228667,5.345226812084795e-10,4.740554862221393e-09,1.389138098189726e-07,3.914188432544446e-08,1.0206423856151752e-05,1.2320255358647717e-06,29220173.56947981
1681111.9968695694,0.00016974542953958617,0.016974542953958616,5.889118680548694e-10,4.781801413496248e-09,1.5382816946765687e-07,4.324774006375746e-08,1.0206423856151752e-05,1.357387600797499e-06,26521532.96438623
1852169.872843721,0.0001540685237335432,0.015406852373354318,6.488353077025682e-10,4.823457798474289e-09,1.7030130328888254e-07,4.7796894706338016e-08,1.0206423856151752e-05,1.4955056085795136e-06,24072126.37215993
2040633.3690189777,0.00013983946471970226,0.013983946471970226,7.148561259463234e-10,4.8655240171555125e-09,1.8850640426565398e-07,5.275124984873351e-08,1.0206423856151752e-05,1.647677512288252e-06,21848935.68766629
2248273.5562265264,0.00012692453603898758,0.012692453603898757,7.875947482150143e-10,4.908000069539912e-09,2.0858832474653222e-07,5.807429489072762e-08,1.0206423856151752e-05,1.8153333353789398e-06,19831068.651909716
2477041.7167380466,0.00011520237066841218,0.011520237066841217,8.677347299706549e-10,4.950885955627481e-09,2.3075705612164608e-07,6.3931440932874e-08,1.0206423856151752e-05,2.000048610217159e-06,17999562.518678598
2729087.6812868584,0.00010456281048405853,0.010456281048405854,9.560291803668994e-10,4.994181675418221e-09,2.552800567678928e-07,7.048035442516326e-08,1.0206423856151752e-05,2.2035591840199033e-06,16337205.853634492
3006780.031932567,9.490587105880325e-05,0.009490587105880324,1.053307839532878e-09,5.037887228912128e-09,2.82377246218004e-07,7.795047189449815e-08,1.0206423856151752e-05,2.4277775313428038e-06,14828376.791216288
3312728.360624022,8.614080206655483e-05,0.008614080206655482,1.1604848759905678e-09,5.082002616109199e-09,3.1225961175873017e-07,8.623877270475202e-08,1.0206423856151752e-05,2.674810726408819e-06,13458896.229391653
3649807.7926337332,7.818523446322565e-05,0.007818523446322565,1.2785674774813446e-09,5.126527837009432e-09,3.4535069858878663e-07,9.525973815017366e-08,1.0206423856151752e-05,2.9469802441719746e-06,12215894.582664592
4021186.0053206543,7.09644064301426e-05,0.00709644064301426,1.4086653159332717e-09,5.171462891612827e-09,3.8183009276292e-07,1.0499089684398398e-07,1.0206423856151752e-05,3.246843776194983e-06,11087690.841161704
4430352.99612821,6.441046080575528e-05,0.006441046080575527,1.5520009755154823e-09,5.216807779919381e-09,4.221651536200686e-07,1.1553559351534287e-07,1.0206423856151752e-05,3.5772192663538883e-06,10063682.799263606
4881153.879559793,5.8461807403316665e-05,0.005846180740331665,1.7099214417764082e-09,5.2625625019290944e-09,4.6670905477956067e-07,1.272100543807208e-07,1.0206423856151752e-05,3.9412113922432055e-06,9134247.422214521
5377825.021338845,5.306254422196392e-05,0.005306254422196391,1.883910759834163e-09,5.308727057641966e-09,5.157973616203432e-07,1.4018235247109713e-07,1.0206423856151752e-05,4.342240741138589e-06,8290650.414412619
5925033.849321419,4.8161932112077006e-05,0.0048161932112077005,2.0756039805734216e-09,5.355301447057991e-09,5.701764655682488e-07,1.5439002426637286e-07,1.0206423856151752e-05,4.784075954695814e-06,7524964.13955639
6527922.715281103,4.371391795812466e-05,0.004371391795812466,2.2868025259070705e-09,5.402285670177175e-09,6.300661275739973e-07,1.7023430109248832e-07,1.0206423856151752e-05,5.270869144463308e-06,6829993.121308194
7192157.219753899,3.967670189814635e-05,0.003967670189814635,2.519491117496441e-09,5.449679726999516e-09,6.962625154790845e-07,1.8780184112990302e-07,1.0206423856151752e-05,5.807194911022689e-06,6199206.424373336
7923979.454072156,3.60123445128481e-05,0.00360123445128481,2.7758564280164945e-09,5.497483617525011e-09,7.693567999606823e-07,2.069574831797873e-07,1.0206423856151752e-05,6.3980933334367175e-06,5626676.280551023
8730266.65992521,3.268641029290406e-05,0.0032686410292904057,3.0583076302396987e-09,5.545697341753662e-09,8.498950023693968e-07,2.2794694725855987e-07,1.0206423856151752e-05,7.0491173329944994e-06,5107022.383000544
9618595.857695397,2.9667644033975316e-05,0.0029667644033975313,3.3694990370470317e-09,5.594320899685467e-09,9.390501521477837e-07,2.511673199984216e-07,1.0206423856151752e-05,7.76638485635106e-06,4635361.325232361
10597315.050909076,2.6927677118393986e-05,0.0026927677118393986,3.7123550451237743e-09,5.643354291320428e-09,1.0371752419499143e-06,2.7650343302010145e-07,1.0206423856151752e-05,8.556636368448175e-06,4207260.7096810555
11675621.675940977,2.4440760923317455e-05,0.0024440760923317454,4.09009761674659e-09,5.692797516658541e-09,1.1454183501803875e-06,3.0527176618589894e-07,1.0206423856151752e-05,9.427298195501728e-06,3818697.494598987
12863649.034196567,2.218352485007762e-05,0.0022183524850077616,4.5062765579197006e-09,5.742650575699809e-09,1.2646987998968956e-06,3.374546081550767e-07,1.0206423856151752e-05,1.0386552313316142e-05,3466020.1878390377
14172561.519012246,2.0134756700824305e-05,0.0020134756700824303,4.964802877396647e-09,5.792913468444234e-09,1.3963587888731712e-06,3.727746978145714e-07,1.0206423856151752e-05,1.1443413236756265e-05,3145914.532245321
15614659.532160662,1.8275203338570008e-05,0.0018275203338570004,5.469985540076402e-09,5.8435861948918095e-09,1.5417565357781433e-06,4.111816278480424e-07,1.0206423856151752e-05,1.2607812732939413e-05,2855372.36018312
17203495.075905617,1.6587389757354564e-05,0.0016587389757354563,6.0265719601609485e-09,5.8946687550425405e-09,1.7018470617095081e-06,4.5320539444009983e-07,1.0206423856151752e-05,1.389069315423301e-05,2591663.324520956
18953999.106873542,1.505545486225607e-05,0.001505545486225607,6.639792614605474e-09,5.946161148896425e-09,1.878834023297477e-06,4.991576725097962e-07,1.0206423856151752e-05,1.5304110268147198e-05,2352309.2404089407
20882621.848540466,1.3665002416002713e-05,0.0013665002416002713,7.315410196112919e-09,5.998063376453462e-09,2.073701588581678e-06,5.49806292893163e-07,1.0206423856151752e-05,1.6861346550458892e-05,2135060.7967321705
23007487.380908243,1.2402965751469712e-05,0.001240296575146971,8.059773767583644e-09,6.050375437713653e-09,2.2889625386789747e-06,6.061018787657955e-07,1.0206423856151752e-05,1.8577036006229152e-05,1937876.418387125
25348563.960116398,1.1257484978705916e-05,0.0011257484978705915,8.879878426933084e-09,6.1030973326770005e-09,2.526039516881935e-06,6.675876847393977e-07,1.0206423856151752e-05,2.0467301691711092e-05,1758903.0807407012
27927851.668553118,1.021779553255413e-05,0.001021779553255413,9.783431042972315e-09,6.156229061343499e-09,2.788147796362914e-06,7.340630764167054e-07,1.0206423856151752e-05,2.254990722949849e-05,1596458.8959774908
30769589.15889304,9.27412701349967e-06,0.0009274127013499668,1.077892268009938e-08,6.209770623713151e-09,3.0762848265374046e-06,8.073286657578842e-07,1.0206423856151752e-05,2.4844423740767004e-05,1449017.307691782
33900481.43492297,8.417611371111932e-06,0.0008417611371111931,1.1875708392406927e-08,6.263722019785956e-09,3.3951233605366538e-06,8.895401067194384e-07,1.0206423856151752e-05,2.7372413763340987e-05,1315192.7451942025
37349950.809707396,7.640199567240395e-06,0.0007640199567240395,1.3084095137064703e-08,6.3180832495619185e-09,3.7457817413415744e-06,9.80215416476915e-07,1.0206423856151752e-05,3.0157633883940935e-05,1193727.602720522
41150413.399453,6.934585935813946e-06,0.0006934585935813945,1.4415438633136e-08,6.37285431304103e-09,4.133443606993015e-06,1.0808830100251508e-06,1.0206423856151752e-05,3.3226257988831954e-05,1083480.421180753
45337583.75140243,6.294139528420489e-06,0.0006294139528420488,1.588225007605132e-08,6.428035210223296e-09,4.559806926286189e-06,1.1915980763030218e-06,1.0206423856151752e-05,3.660712323085427e-05,983415.1613874277
49950810.46847433,5.71284180049246e-06,0.0005712841800492459,1.7498313710580383e-08,6.483625941108717e-09,5.0314502552915315e-06,1.3117891609762634e-06,1.0206423856151752e-05,4.033200102429195e-05,892591.4679590833
55033445.98465193,5.185230052509518e-06,0.0005185230052509518,1.9278816367183817e-08,6.539626505697291e-09,5.549829033443221e-06,1.44413648649501e-06,1.0206423856151752e-05,4.443589561422971e-05,810155.832404821
60633253.96606151,4.706346094710714e-06,0.00047063460947107137,2.124049017905439e-08,6.5960369039890174e-09,6.123281507920885e-06,1.5939329264443403e-06,1.0206423856151752e-05,4.8957373026184654e-05,735333.5723455902
66802858.16625418,4.271689652897639e-06,0.0004271689652897639,2.3401769821017785e-08,6.652857135983897e-09,6.753021472395144e-06,1.7606056405204834e-06,1.0206423856151752e-05,5.393892348728663e-05,667421.5514976893
73600236.95377707,3.877176077462779e-06,0.0003877176077462779,2.5782965747934505e-08,6.710087201681932e-09,7.449091230503489e-06,1.9442038733729197e-06,1.0206423856151752e-05,5.9427360724834584e-05,605781.5720050255
81089268.15931582,3.5190979582172143e-06,0.0003519097958217214,2.8406455060596425e-08,6.76772710108312e-09,8.212527430045118e-06,2.14670510056075e-06,1.0206423856151752e-05,6.547426189460391e-05,549834.3770251339
89340329.36256738,3.1940902842959486e-06,0.0003194090284295948,3.129689179276551e-08,6.825776834187462e-09,9.054975153183075e-06,2.3682195437397155e-06,1.0206423856151752e-05,7.213645227309772e-05,499054.20720871387
98430959.25998987,2.899098821733924e-06,0.00028990988217339237,3.448143859551008e-08,6.884236400994955e-09,9.981611525978056e-06,2.6081458156176076e-06,1.0206423856151752e-05,7.94765392685971e-05,452963.85991764464
108446586.32858396,2.631351411543344e-06,0.0002631351411543344,3.799002199607472e-08,6.943105801505602e-09,1.1002383708946462e-05,2.8728502353732993e-06,1.0206423856151752e-05,8.756350076934011e-05,411130.2047508499
119481331.63326271,2.388331918568391e-06,0.00023883319185683907,4.185561363005808e-08,7.002385035719406e-09,1.2122191106648288e-05,3.1667410145380802e-06,1.0206423856151752e-05,9.647333335778214e-05,373160.11323554016
131638893.32213011,2.1677565863036906e-06,0.00021677565863036907,4.6114540089755885e-08,7.0620741036363566e-09,1.3355674726690813e-05,3.488690873711749e-06,1.0206423856151752e-05,0.00010628976648248115,338696.76443341875
145033521.12164602,1.967552575472753e-06,0.00019675525754727526,5.080682430044587e-08,7.122173005256465e-09,1.4708128795161524e-05,3.838384337545659e-06,1.0206423856151752e-05,0.00011710504929898407,307416.29174406844
159791089.98941094,1.7858384846845144e-06,0.00017858384846845143,5.597656163266843e-08,7.1826817405797256e-09,1.6190555811037266e-05,4.218869909081187e-06,1.0206423856151752e-05,0.00012902081757398346,279024.739394143
176050283.01414698,1.6209066701122292e-06,0.00016209066701122288,6.167233428499156e-08,7.243600309606141e-09,1.7816917357838012e-05,4.6346132240732685e-06,1.0206423856151752e-05,0.00014214904879941454,253255.30001118284
193963894.67907828,1.4712071980453828e-06,0.00014712071980453828,6.794766783138746e-08,7.304928712335708e-09,1.9593712438116257e-05,5.099663388458459e-06,1.0206423856151752e-05,0.0001566131144920977,229865.80732239046
213700266.73602888,1.3353332795099685e-06,0.00013353332795099684,7.48615342235898e-08,7.36666694876843e-09,2.1541510113505577e-05,5.619686317619162e-06,1.0206423856151752e-05,0.00017254893956783148,208636.4604161933
235444870.1837488,1.2120080500801376e-06,0.00012120080500801373,8.247890597535575e-08,7.428815018904305e-09,2.366283862918098e-05,6.198417465156018e-06,1.0206423856151752e-05,0.0001901062796850608,189367.75818052582
259402048.21698686,1.10007257064553e-06,0.000110007257064553,9.087136673653605e-08,7.491372922743333e-09,2.598693077887297e-05,6.8344811062098535e-06,1.0206423856151752e-05,0.00020945012856185788,171878.62450687372
285796936.5255362,9.984749363724522e-07,9.98474936372452e-05,1.0011778399477506e-07,7.554340660285517e-09,2.8513368559436133e-05,7.527371266316684e-06,1.0206423856151752e-05,0.0002307622684913664,156004.7066418351
314877578.98911077,9.062603915112196e-07,9.062603915112196e-05,1.1030505022650143e-07,7.617718231530851e-09,3.127100000339514e-05,8.276913305713106e-06,1.0206423856151752e-05,0.0002542429786265543,141596.83069509157
346917258.6501276,8.225623571543564e-07,8.225623571543563e-05,1.215288994621172e-07,7.68150563647934e-09,3.427312961637701e-05,9.103379633967851e-06,1.0206423856151752e-05,0.0002801129170877468,128519.5997895478
382217065.86953235,7.465942876296971e-07,7.46594287629697e-05,1.3389480693899384e-07,7.745702875130984e-09,3.753845304807835e-05,1.0042437978427273e-05,1.0206423856151752e-05,0.0003086151945798987,116650.12167986373
421108727.79969686,6.776422789995233e-07,6.776422789995232e-05,1.4751898029668871e-07,7.810309947485777e-09,4.109136672865803e-05,1.1094015347972284e-05,1.0206423856151752e-05,0.00034001765900625253,105876.85388228027
463957725.76416373,6.150583602046312e-07,6.15058360204631e-05,1.6252945162907036e-07,7.875326853543723e-09,4.494789925510064e-05,1.2263729653558088e-05,1.0206423856151752e-05,0.00037461541254787885,96098.55546292804
511166729.8395283,5.582544038074632e-07,5.5825440380746316e-05,1.7906728065581185e-07,7.940753593304827e-09,4.915655272764814e-05,1.355299474912748e-05,1.0206423856151752e-05,0.00041273358486312303,87223.3356341449
563179382.9157088,5.066965991109206e-07,5.066965991109205e-05,1.972878803199755e-07,8.006590166769081e-09,5.3710182908353996e-05,1.4961426856829144e-05,1.0206423856151752e-05,0.000454730388467914,79167.79021804957
620484469.7949897,4.599004357144681e-07,4.59900435714468e-05,2.173624772688797e-07,8.072836573936492e-09,5.867149284518157e-05,1.6492293308569365e-05,1.0206423856151752e-05,0.0005010004850096106,71856.21786236278
683620510.5086261,4.174261503658845e-07,4.1742615036588445e-05,2.3947972094300275e-07,8.139492814807057e-09,6.40551827440263e-05,1.8154848300112093e-05,1.0206423856151752e-05,0.0005519786940686857,65219.90864292367
753180821.0163321,3.7887459432080874e-07,3.788745943208087e-05,2.638474563942109e-07,8.206558889380771e-09,6.988778732838344e-05,2.0008778812392895e-05,1.0206423856151752e-05,0.0006081440793414136,59196.49836760067
829819088.8461925,3.438834823739134e-07,3.438834823739134e-05,2.906946774932309e-07,8.27403479765764e-09,7.624555019869156e-05,2.206529523952769e-05,1.0206423856151752e-05,0.0006700244506031513,53729.382513717304
914255516.0716082,3.121239883122848e-07,3.121239883122847e-05,3.2027367888147494e-07,8.341920539637663e-09,8.314344294592014e-05,2.431935204423909e-05,1.0206423856151752e-05,0.0007382013237590402,48767.18429151847
1007283587.3534485,2.832976547970352e-07,2.832976547970352e-05,3.5286242689002343e-07,8.410216115320839e-09,9.06550452558641e-05,2.678781860330555e-05,1.0206423856151752e-05,0.0008133153855938347,44263.271834842926
1109777526.6495228,2.5713358863401816e-07,2.5713358863401813e-05,3.887671717062824e-07,8.47892152470717e-09,9.88119278092249e-05,2.947612936834886e-05,1.0206423856151752e-05,0.0008960725145753947,40175.319981841705
1222700512.6652236,2.3338591507641625e-07,2.3338591507641623e-05,4.2832532533594804e-07,8.54803676779665e-09,0.00010767855653607488,3.238208028961417e-05,1.0206423856151752e-05,0.0009872504142918728,36464.912527610126
1347113730.2494135,2.1183146723620944e-07,2.118314672362094e-05,4.7190863240570703e-07,8.617561844589286e-09,0.0001173660769416193,3.552754932465379e-05,1.0206423856151752e-05,0.0010877059218598216,33097.18121093351
1484186342.7952623,1.9226768889096356e-07,1.9226768889096352e-05,5.199266636040176e-07,8.687496755085075e-09,0.00012786644188835203,3.8996819199452025e-05,1.0206423856151752e-05,0.0011983830599833507,30040.478042555238
1635206479.3609757,1.7451073097771302e-07,1.74510730977713e-05,5.728306645893345e-07,8.757841499284018e-09,0.00013933675781672595,4.292072145880633e-05,1.0206423856151752e-05,0.0013203219083329938,27266.077895694936
1801593339.760958,1.583937238859016e-07,1.583937238859016e-05,6.311177965355714e-07,8.828596077186117e-09,0.00015183712713548377,4.7287376810427644e-05,1.0206423856151752e-05,0.0014546683776123297,24747.908563936646
1984910531.384053,1.4376520931338796e-07,1.4376520931338794e-05,6.953358081649926e-07,8.899760488791367e-09,0.00016543246131980804,5.207157568764799e-05,1.0206423856151752e-05,0.0014376520931338797,22462.30574972687
2186880763.070584,1.3048771694900415e-07,1.3048771694900412e-05,7.660881831736029e-07,8.971334734099769e-09,0.00018033946908993596,5.7284683310351365e-05,1.0206423856151752e-05,0.0013048771694900414,20387.790681005867
2409402034.1327124,1.1843647260615641e-07,1.1843647260615639e-05,8.440398114215508e-07,9.043318813111325e-09,0.000196547239088502,6.292987655767658e-05,1.0206423856151752e-05,0.0011843647260615642,18504.86826614243
2654565470.6531796,1.0749822566725426e-07,1.0749822566725425e-05,9.299232371831133e-07,9.115712725826036e-09,0.00021428472815627152,6.899544649241972e-05,1.0206423856151752e-05,0.0010749822566725427,16795.843890348933
2924674976.6776342,9.757018481996942e-08,9.75701848199694e-06,1.0245455431737007e-06,9.1885164722439e-09,0.00023370297286809822,7.547932155033253e-05,1.0206423856151752e-05,0.0009757018481996941,15244.657131935312
3222268884.9710717,8.855905208399092e-08,8.855905208399092e-06,1.1287959350459772e-06,9.261730052364919e-09,0.0002548502191508433,8.269464722329829e-05,1.0206423856151752e-05,0.0008855905208399092,13836.730835763792
3550143810.799645,8.038014605061898e-08,8.038014605061897e-06,1.2436540976297979e-06,9.335353466189086e-09,0.0002780767080613007,9.068209463258598e-05,1.0206423856151752e-05,0.0008038014605061899,12558.83412558401
3911380932.9019213,7.29566060959095e-08,7.2956606095909495e-06,1.3701994014430822e-06,9.409386713716407e-09,0.0003035063466446343,9.92996757757236e-05,1.0206423856151752e-05,0.000729566060959095,11398.958067917605
4309374948.622941,6.621867008902613e-08,6.6218670089026125e-06,1.5096210459910808e-06,9.483829794946887e-09,0.0003312457746395317,0.00010845037945982045,1.0206423856151752e-05,0.0006621867008902613,10346.202819053555
4747865975.31451,6.010301880812326e-08,6.010301880812326e-06,1.6632292351748406e-06,9.558682709880518e-09,0.00036182867366614654,0.00011802707376595039,1.0206423856151752e-05,0.0006010301880812327,9390.675194627409
5230974697.7929125,5.455218090295446e-08,5.455218090295445e-06,1.8324674898289898e-06,9.6339454585173e-09,0.00039523059084302305,0.0001280351361765157,1.0206423856151752e-05,0.0005455218090295446,8523.39569920178
5763241092.1491995,4.951399281239526e-08,4.951399281239526e-06,2.0189262130948325e-06,9.70961804085724e-09,0.0004318777175270886,0.0001383756007973317,1.0206423856151752e-05,0.0004951399281239526,7736.214142166795
6349667089.816237,4.4941108561493886e-08,4.494110856149388e-06,2.224357636108364e-06,9.785700456900331e-09,0.0004722419045796249,0.00014901609546166431,1.0206423856151752e-05,0.00044941108561493884,7021.733046966998
6995763582.824563,4.079055483140856e-08,4.079055483140856e-06,2.4506922844540766e-06,9.862192706646573e-09,0.0005163325901171752,0.0001601081264210756,1.0206423856151752e-05,0.0004079055483140855,6373.238133899292
7707602211.975292,3.70233271210353e-08,3.7023327121035296e-06,2.70005712012677e-06,9.939094790095972e-09,0.000564787053106389,0.0001716044699031819,1.0206423856151752e-05,0.000370233271210353,5784.635223199342
8491872424.605372,3.3604023205287095e-08,3.360402320528709e-06,2.9747955294890375e-06,1.0016406707248523e-08,0.0006182317168257476,0.00018331974862542097,1.0206423856151752e-05,0.0003360402320528709,5250.392965468201
9355944338.14098,3.0500510445477655e-08,3.0500510445477653e-06,3.2774893450596618e-06,1.0094128458104227e-08,0.0006766121266965438,0.00019508423388695485,1.0206423856151752e-05,0.0003050051044547766,4765.490861252877
10307938000.194365,2.7683623825385423e-08,2.768362382538542e-06,3.6109831080809437e-06,1.0172260042663088e-08,0.0007408554973851396,0.00020675630555625038,1.0206423856151752e-05,0.00027683623825385423,4325.3720812989695
11356799696.070377,2.512689187531552e-08,2.5126891875315517e-06,3.978410799870514e-06,1.0250801460925098e-08,0.0008114665557623045,0.000218215713653622,1.0206423856151752e-05,0.00025126891875315517,3925.9006441074016
12512386020.776596,2.2806287908552333e-08,2.280628790855233e-06,4.383225293163432e-06,1.0329752712890261e-08,0.0008887579754895248,0.00022936119928165102,1.0206423856151752e-05,0.0002280628790855233,3563.3225483746846
13785556505.5971,2.070000423246726e-08,2.070000423246726e-06,4.82923080021124e-06,1.0409113798558577e-08,0.0009737532763549992,0.00024011627755013193,1.0206423856151752e-05,0.00020700004232467265,3234.230495061925
15188275669.680408,1.8788247212448776e-08,1.8788247212448773e-06,5.320618622566278e-06,1.0488884717930051e-08,0.0010669688569448805,0.0002506304531720072,1.0206423856151752e-05,0.00018788247212448775,2935.5318675710873
16733725455.664097,1.705305126278299e-08,1.7053051262782988e-06,5.862006538507292e-06,1.0569065471004674e-08,0.0011686080329292763,0.00026080346012328793,1.0206423856151752e-05,0.0001705305126278299,2664.4196691245406
18436429105.940273,1.5478110016479943e-08,1.5478110016479942e-06,6.45848219824633e-06,1.064965605778245e-08,0.0012802255579962294,0.0002707359081988848,1.0206423856151752e-05,0.00015478110016479944,2418.3461442343955
20312387643.679817,1.4048623087476689e-08,1.4048623087476687e-06,7.115650934720103e-06,1.0730656478263386e-08,0.00140223227657395,0.000280356462829673,1.0206423856151752e-05,0.0001404862308747669,2194.998836371372
22379230241.18472,1.275115698517743e-08,1.2751156985177428e-06,7.839688439263845e-06,1.081206673244747e-08,0.0015348968108340006,0.0002894395283760659,1.0206423856151752e-05,0.0001275115698517743,1992.2788568370863
24656379888.643436,1.1573518874285835e-08,1.1573518874285834e-06,8.637398797183233e-06,1.089388682033471e-08,0.0016796184065920444,0.0002976646756466501,1.0206423856151752e-05,0.00011573518874285834,1808.2811606231496
27165235920.148323,1.0504641993597618e-08,1.0504641993597616e-06,9.516278428609065e-06,1.0976116741925104e-08,0.001837250120891554,0.00030525903023298506,1.0206423856151752e-05,0.00010504641993597617,1641.2766439010554
29929375112.24878,9.534481656985572e-09,9.534481656985571e-07,1.0484586535513766e-05,1.1058756497218648e-08,0.0020079341818578377,0.00031201915853334533,1.0206423856151752e-05,9.534481656985572e-05,1489.6958949054197
32974773244.848213,8.65392085925442e-09,8.653920859254419e-07,1.155142271691013e-05,1.1141806086215344e-08,0.0021932380361430193,0.00031794350967692073,1.0206423856151752e-05,8.653920859254419e-05,1352.1144455107735
36330049206.54543,7.854684599804071e-09,7.854684599804069e-07,1.2726812481614788e-05,1.1225265508915195e-08,0.0023942322152536734,0.00032315118774372284,1.0206423856151752e-05,7.854684599804071e-05,1227.2393849047862
40026733938.381966,7.12926211896448e-09,7.12926211896448e-07,1.4021801462176253e-05,1.1309134765318203e-08,0.0026104338267002743,0.0003278806584480329,1.0206423856151752e-05,7.129262118964482e-05,1113.89720956093
44099566743.37146,6.470836316224551e-09,6.47083631622455e-07,1.5448559215334807e-05,1.1393413855424358e-08,0.002844238132992527,0.00033211330914050777,1.0206423856151752e-05,6.47083631622455e-05,1011.0227953317261
48586821746.35832,5.873219687068025e-09,5.873219687068024e-07,1.7020493584471655e-05,1.147810277923367e-08,0.003097604961863778,0.0003357269359379338,1.0206423856151752e-05,5.8732196870680246e-05,917.6493880286216
53530667572.08507,5.330796176388155e-09,5.330796176388155e-07,1.8752376698758835e-05,1.1563201536746136e-08,0.0033692594869859155,0.0003385845462158608,1.0206423856151752e-05,5.330796176388155e-05,832.8995184258038
58977563621.51554,4.838468402053052e-09,4.838468402053051e-07,2.0660483793077345e-05,1.1648710127961756e-08,0.003660876943383964,0.0003406059314994996,1.0206423856151752e-05,4.838468402053053e-05,755.9767563123987
64978696670.38832,4.391609752659435e-09,4.391609752659434e-07,2.2762746153252317e-05,1.173462855288053e-08,0.003977232729896247,0.0003417635931961098,1.0206423856151752e-05,4.391609752659435e-05,686.1582261024287
71590461892.90251,3.986020909317072e-09,3.9860209093170717e-07,2.5078919623896558e-05,1.1820956811502456e-08,0.004316047824435426,0.0003420396848020989,1.0206423856151752e-05,3.9860209093170724e-05,622.7878136685366
78874992830.9157,3.6178903828809847e-09,3.617890382880984e-07,2.7630770262400847e-05,1.1907694903827537e-08,0.0046785486333206965,0.0003414363531892539,1.0206423856151752e-05,3.617890382880985e-05,565.2700005612644
86900745289.00018,3.283758695782984e-09,3.2837586957829833e-07,3.0442278883740612e-05,1.199484282985577e-08,0.00507064246435666,0.00034011053836618325,1.0206423856151752e-05,3.283758695782984e-05,513.0642676714195
95743140642.46387,2.980485871864261e-09,2.980485871864261e-07,3.3539866418292016e-05,1.2082400589587155e-08,0.005490675383049185,0.0003382486569260857,1.0206423856151752e-05,2.9804858718642605e-05,465.6800157444058
105485274603.77194,2.7052219286972646e-09,2.705221928697264e-07,3.695264220043988e-05,1.2170368183021695e-08,0.005940029030175106,0.0003357874831516096,1.0206423856151752e-05,2.7052219286972645e-05,422.6719550124501
116218698107.94592,2.4553800951007745e-09,2.4553800951007746e-07,4.071267752124997e-05,1.2258745610159388e-08,0.006422746348094533,0.0003326304808267682,1.0206423856151752e-05,2.4553800951007744e-05,383.63592061915466
128044277655.25256,2.2286125021618297e-09,2.2286125021618296e-07,4.4855307015896386e-05,1.2347532871000233e-08,0.006941117767501408,0.00032876555585222624,1.0206423856151752e-05,2.22861250216183e-05,348.2050745121484
141073143196.17606,2.022788119322995e-09,2.0227881193229948e-07,4.9419460718105826e-05,1.243672996554423e-08,0.007493792229860977,0.0003233773250399643,1.0206423856151752e-05,2.022788119322995e-05,316.0464581114543
155427732466.3592,1.8359727281908338e-09,1.8359727281908335e-07,5.444802990207782e-05,1.2526336893791386e-08,0.008083126756076241,0.00031789573049646817,1.0206423856151752e-05,1.8359727281908337e-05,286.8578633575033
171242941585.5598,1.6664107458712316e-09,1.6664107458712316e-07,5.998827014984846e-05,1.2616353655741695e-08,0.008717770940202695,0.00031170205175093575,1.0206423856151752e-05,1.6664107458712317e-05,260.36499273474965
188667392733.29102,1.5125087270176898e-09,1.5125087270176896e-07,6.609224543189348e-05,1.2706780251395152e-08,0.009392160785796662,0.00030481920989642187,1.0206423856151752e-05,1.5125087270176898e-05,236.31888158241426
207864830814.022,1.3728203895544546e-09,1.3728203895544544e-07,7.281731737418129e-05,1.2797616680751769e-08,0.010108632309134976,0.000297296664264544,1.0206423856151752e-05,1.3728203895544547e-05,214.49355846873644
229015662236.9959,1.246033023354847e-09,1.246033023354847e-07,8.02266843095263e-05,1.288886294381153e-08,0.010872264390220404,0.0002893011202425185,1.0206423856151752e-05,1.246033023354847e-05,194.6839216422768
252318650271.2211,1.1309551541514573e-09,1.1309551541514572e-07,8.838997517893322e-05,1.2980519040574453e-08,0.011684671025350493,0.00028084727417251453,1.0206423856151752e-05,1.1309551541514574e-05,176.70381160439644
277992782907.60596,1.0265053467507446e-09,1.0265053467507443e-07,9.738390386407545e-05,1.3072584971040532e-08,0.012540276606023873,0.0002718708481911628,1.0206423856151752e-05,1.0265053467507444e-05,160.38426169005973
306279330781.3193,9.317020423311614e-10,9.317020423311612e-08,0.00010729299009994294,1.3165060735209757e-08,0.013455601549497327,0.00026239018848161344,1.0206423856151752e-05,9.317020423311614e-06,145.57191021693595
337444114493.54297,8.456543343215931e-10,8.45654334321593e-08,0.0001182103537423818,1.3257946333082139e-08,0.014417516918172862,0.00025245609648239355,1.0206423856151752e-05,8.456543343215931e-06,132.12755928109274
371780002639.58997,7.675535961771741e-10,7.675535961771739e-08,0.00013023858985458916,1.3351241764657667e-08,0.015435242530223388,0.00024218029619076654,1.0206423856151752e-05,7.675535961771741e-06,119.9248666556807
409609664018.4221,6.966658823751348e-10,6.966658823751346e-08,0.00014349073283612525,1.3444947029936357e-08,0.016510280144251877,0.00023158801294775915,1.0206423856151752e-05,6.966658823751348e-06,108.84915849982536
451288599887.2127,6.323250312197001e-10,6.323250312197e-08,0.00015809131865475882,1.3539062128918196e-08,0.017636385572748284,0.00022072084466540922,1.0206423856151752e-05,6.323250312197001e-06,98.79635172026153
497208484756.3582,5.739264046401159e-10,5.739264046401158e-08,0.00017417755516339707,1.363358706160319e-08,0.018831169448898104,0.00020964718420473266,1.0206423856151752e-05,5.739264046401159e-06,89.67197585867682
547800847119.77844,5.209212061520989e-10,5.209212061520988e-08,0.00019190061150005486,1.372852182799134e-08,0.020080590321036124,0.00019846792951533481,1.0206423856151752e-05,5.209212061520988e-06,81.39028531303575
603541124709.8776,4.728113235861925e-10,4.7281132358619245e-08,0.00021142703868789743,1.3823866428082639e-08,0.021394581851847998,0.00018728283586395673,1.0206423856151752e-05,4.728113235861925e-06,73.87345355005226
664953132386.1162,4.2914464811796213e-10,4.291446481179621e-08,0.00023294033478533745,1.3919620861877095e-08,0.02277487354695652,0.00017614354821056483,1.0206423856151752e-05,4.2914464811796214e-06,67.05084173648501
732613984643.8054,3.895108256110046e-10,3.8951082561100454e-08,0.00025664266929455447,1.4015785129374703e-08,0.02421548122520104,0.00016511960174457352,1.0206423856151752e-05,3.895108256110046e-06,60.8583349162777
807159519002.0353,3.535374003463335e-10,3.535374003463335e-08,0.000282756783033438,1.4112359230575465e-08,0.025734281275332564,0.00015427005970063032,1.0206423856151752e-05,3.5353740034633354e-06,55.23773949531905
889290271236.5731,3.208863148991579e-10,3.2088631489915785e-08,0.0003115280813248427,1.4209343165479378e-08,0.027317849547535404,0.0001436734242165658,1.0206423856151752e-05,3.2088631489915787e-06,50.136236371735315
979778058609.5328,2.9125073327091145e-10,2.9125073327091144e-08,0.000343226940173743,1.4306736934086448e-08,0.02897667129635236,0.00013338302116962242,1.0206423856151752e-05,2.912507332709115e-06,45.50588457254889
1079473232961.1716,2.6435215742217566e-10,2.643521574221756e-08,0.00037815124710439827,1.4404540536396666e-08,0.030713111643458028,0.00012235683476078782,1.0206423856151752e-05,2.643521574221756e-06,41.30317073216875
1189312671824.2192,2.3993781010932755e-10,2.3993781010932753e-08,0.00041662920053485897,1.4502753972410043e-08,0.03252222750700491,0.00011267205329697752,1.0206423856151752e-05,2.3993781010932756e-06,37.488600178970614
1310328582656.517,2.1777825943035207e-10,2.1777825943035207e-08,0.0004590223939956866,1.4601377242126567e-08,0.03442163531089475,0.0001034363775472867,1.0206423856151752e-05,2.177782594303521e-06,34.02632578723875
1443658202929.167,1.9766526275664278e-10,1.9766526275664274e-08,0.0005057292141766293,1.4700410345546248e-08,0.03639975577514712,9.466333771989568e-05,1.0206423856151752e-05,1.9766526275664277e-06,30.883811106630088
1590554487225.8972,1.7940980978933815e-10,1.7940980978933813e-08,0.0005571885847340917,1.4799853282669085e-08,0.038467514794252526,8.638789624486665e-05,1.0206423856151752e-05,1.7940980978933816e-06,28.031524603450567
1752397881784.8777,1.6284034634995472e-10,1.628403463499547e-08,0.0006138840910415548,1.4899706053495076e-08,0.04062832471446964,7.860512627374356e-05,1.0206423856151752e-05,1.6284034634995473e-06,25.442662140397818
1930709297133.2993,1.4780116221353376e-10,1.4780116221353374e-08,0.0006763485246449596,1.4999968658024217e-08,0.04287890512057358,7.133248338767193e-05,1.0206423856151752e-05,1.4780116221353375e-06,23.09289508679627
2127164400724.0125,1.3415092783409199e-10,1.3415092783409197e-08,0.0007451688901292089,1.510064109625651e-08,0.04523634553741597,6.455545839324763e-05,1.0206423856151752e-05,1.34150927834092e-06,20.960141692210552
2343609363888.1675,1.2176136621136721e-10,1.217613662113672e-08,0.0008209919214474248,1.5201723368191958e-08,0.04769188010540223,5.8256576388395135e-05,1.0206423856151752e-05,1.217613662113672e-06,19.024359574938522
2582078211084.6016,1.1051604741783193e-10,1.1051604741783192e-08,0.0009045301595522353,1.5303215473830562e-08,0.0502567980038674,5.243222246903116e-05,1.0206423856151752e-05,1.1051604741783195e-06,17.267357375310965
2844811934484.1484,1.0030929445763915e-10,1.0030929445763914e-08,0.000996568648443135,1.540511741317232e-08,0.05293591744785747,4.706094625319767e-05,1.0206423856151752e-05,1.0030929445763915e-06,15.672623803824905
3134279553516.6943,9.104519017539402e-11,9.104519017539402e-09,0.0010979723125555138,1.5507429186217228e-08,0.0557280943985138,4.213137985827382e-05,1.0206423856151752e-05,9.104519017539403e-07,14.22517247760362
3453201317286.412,8.263667588225594e-11,8.263667588225594e-09,0.0012096940848197741,1.5610150792965286e-08,0.05864961887699937,3.762287957774266e-05,1.0206423856151752e-05,8.263667588225594e-07,12.911401087046285
3804574267898.0737,7.500473322878014e-11,7.500473322878012e-09,0.0013327838617733557,1.5713282233416502e-08,0.061695219929189395,3.350725952717776e-05,1.0206423856151752e-05,7.500473322878013e-07,11.718963569196886
4191700404923.5938,6.807764163621758e-11,6.807764163621757e-09,0.0014683983698805464,1.5816823507570873e-08,0.06487632907881487,2.977345013243759e-05,1.0206423856151752e-05,6.807764163621757e-07,10.636654086592372
4618217715682.493,6.179030430803434e-11,6.1790304308034335e-09,0.0016178120357781738,1.59207746154284e-08,0.06819924717660912,2.6389387351445235e-05,1.0206423856151752e-05,6.179030430803435e-07,9.654301721289128
5088134362940.568,5.608363648790492e-11,5.608363648790491e-09,0.0017824289625993231,1.6025135556989073e-08,0.0716652470174637,2.332658529851672e-05,1.0206423856151752e-05,5.608363648790492e-07,8.7626748944645
5605866351303.152,5.090401021537747e-11,5.090401021537747e-09,0.00196379612492172,1.61299063322529e-08,0.07528933808104833,2.0573710815760833e-05,1.0206423856151752e-05,5.090401021537747e-07,7.953394613383345
6176279026269.886,4.620275036134791e-11,4.6202750361347905e-09,0.0021636179063392355,1.623508694121988e-08,0.0790702470543433,1.8099144034961012e-05,1.0206423856151752e-05,4.6202750361347913e-07,7.218855730475084
6804732795935.053,4.1935677207375845e-11,4.193567720737584e-09,0.002383772116272194,1.634067738389002e-08,0.0830193568770377,1.5883981887193002e-05,1.0206423856151752e-05,4.193567720737585e-07,6.552155474559648
7497133504999.561,3.8062691270267466e-11,3.806269127026746e-09,0.0026263276365331868,1.6446677660263312e-08,0.0871445548247453,1.3907824035056827e-05,1.0206423856151752e-05,3.8062691270267467e-07,5.947028582600124
8259987934480.462,3.4547396470346686e-11,3.4547396470346682e-09,0.0028935638634806442,1.6553087770339756e-08,0.09145006743342006,1.2143597683568697e-05,1.0206423856151752e-05,3.454739647034668e-07,5.397788422387786
9100464948671.975,3.135675810216917e-11,3.1356758102169168e-09,0.0031879921284661958,1.6659907714119355e-08,0.09594963547816308,1.0546072920275287e-05,1.0206423856151752e-05,3.135675810216917e-07,4.899273552864768
10026462863981.904,2.8460792393485048e-11,2.8460792393485044e-09,0.0035123792978728487,1.6767137491602095e-08,0.10064687613807154,8.926156722696216e-06,1.0206423856151752e-05,2.846079239348505e-07,4.446799219889067
11046683672736.834,2.5832284735105287e-11,2.5832284735105285e-09,0.00386977377452349,1.6874777102788e-08,0.10555370473314996,7.702592580910382e-06,1.0206423856151752e-05,2.5832284735105286e-07,4.036113331627181
12170714819468.053,2.3446533933760255e-11,2.3446533933760253e-09,0.0042635341448057675,1.698282654767706e-08,0.11068037951764885,6.6366246008857e-06,1.0206423856151752e-05,2.344653393376026e-07,3.663356499856773
13409119298164.941,2.128112008458517e-11,2.1281120084585167e-09,0.004697360740722616,1.7091285826269264e-08,0.11603504076992761,5.707545326673107e-06,1.0206423856151752e-05,2.128112008458517e-07,3.325025771670408
14773534917177.396,1.9315693881833466e-11,1.9315693881833465e-09,0.005175330413470247,1.7200154938564632e-08,0.12163141480010148,4.900101611329719e-06,1.0206423856151752e-05,1.9315693881833465e-07,3.017941710752046
16276783664601.186,1.7531785387882308e-11,1.7531785387882307e-09,0.005701934845325464,1.7309433884563146e-08,0.1274787387458435,4.2021710010248404e-06,1.0206423856151752e-05,1.7531785387882308e-07,2.7392185188752327
17932992201899.223,1.5912630463451318e-11,1.5912630463451317e-09,0.006282122759875386,1.7419122664264818e-08,0.13359075126534603,3.521285778540461e-06,1.0206423856151752e-05,1.5912630463451318e-07,2.4862369168419938
19757724618087.676,1.4443013227926862e-11,1.444301322792686e-09,0.006921346427256776,1.7529221277669644e-08,0.13998101223257722,3.011579380501641e-06,1.0206423856151752e-05,1.444301322792686e-07,2.256619530013311
21768128692034.184,1.3109123069324803e-11,1.3109123069324802e-09,0.007625612901434353,1.763972972477762e-08,0.14666200789749,2.5723553773076245e-06,1.0206423856151752e-05,1.3109123069324803e-07,2.048208547118572
23983097037356.39,1.1898424860154396e-11,1.1898424860154394e-09,0.008401540471016326,1.7750648005588755e-08,0.15364929761352664,2.1940889724724175e-06,1.0206423856151752e-05,1.1898424860154394e-07,1.8590454423944585
26423444644267.324,1.0799541159546992e-11,1.079954115954699e-09,0.009256420854099246,1.7861976120103035e-08,0.16095719178232532,1.870155965409521e-06,1.0206423856151752e-05,1.0799541159546992e-07,1.6873525704936614
29112104486803.24,9.8021452946534e-12,9.802145294653398e-10,0.010198287721613358,1.7973714068320474e-08,0.16860223432236263,1.5922270145545975e-06,1.0206423856151752e-05,9.8021452946534e-08,1.5315164612030194
32074343033636.855,8.896864316550894e-12,8.896864316550894e-10,0.011235992193111026,1.8085861850241054e-08,0.17660152798516165,1.3540753714484025e-06,1.0206423856151752e-05,8.896864316550895e-08,1.3900726569845492
35337997687723.34,8.075190918695228e-12,8.075190918695226e-10,0.012379286014464419,1.8198419465864802e-08,0.18497165054262255,1.1509149588775796e-06,1.0206423856151752e-05,8.075190918695228e-08,1.261691950851273
38933738386096.734,7.329403490179077e-12,7.329403490179077e-10,0.01363891319912741,1.83113869151917e-08,0.19373121223799986,9.768077614798499e-07,1.0206423856151752e-05,7.329403490179077e-08,1.14516789524951
42895355818183.07,6.652493552502804e-12,6.652493552502803e-10,0.015026710994154216,1.8424764198221752e-08,0.20289892461321452,7.862036433873087e-07,1.0206423856151752e-05,6.652493552502804e-08,1.0394054645631792
47260078971137.26,6.0380998979509244e-12,6.038099897950924e-10,0.0165557211197943,1.8538551314954958e-08,0.21249486006231602,6.666968323994318e-07,1.0206423856151752e-05,6.038099897950924e-08,0.9434107646970048
52068924986311.836,5.480448810644617e-12,5.480448810644617e-10,0.01824031232802919,1.8652748265391315e-08,0.22254010328635984,5.648248498420106e-07,1.0206423856151752e-05,5.480448810644617e-08,0.8562816930351906
57367084614605.56,4.974299808502454e-12,4.974299808502453e-10,0.02009631543178518,1.8767355049530827e-08,0.23305571628438967,4.784312266038056e-07,1.0206423856151752e-05,4.9742998085024535e-08,0.7771994610032876
63204346892978.15,4.51489639622365e-12,4.5148963962236497e-10,0.0221411720737483,1.888237166737349e-08,0.24406449653436885,4.048052120613365e-07,1.0206423856151752e-05,4.51489639622365e-08,0.7054208995671911
69635567032996.01,4.097921366498839e-12,4.097921366498839e-10,0.024394098632825052,1.899779811891931e-08,0.2555900297924347,3.421976199113593e-07,1.0206423856151752e-05,4.0979213664988386e-08,0.6402714753607885
76721181918353.25,3.719456229395137e-12,3.719456229395136e-10,0.026876266808546472,1.911363440416828e-08,0.26765706134193223,2.8942587245585807e-07,1.0206423856151752e-05,3.7194562293951365e-08,0.581138951811894
84527778055716.42,3.3759443886562466e-12,3.3759443886562467e-10,0.029611002580443514,1.9229880523120407e-08,0.2802917103357249,2.4453226081997006e-07,1.0206423856151752e-05,3.375944388656247e-08,0.5274676356973779
93128717316165.83,3.064157718869836e-12,3.064157718869836e-10,0.032624005412098825,1.9346536475775682e-08,0.2935206050250348,1.8555796192874266e-07,1.0206423856151752e-05,3.064157718869836e-08,0.4787531550599591
102604826347588.62,2.7811662294137584e-12,2.7811662294137584e-10,0.03594358975982732,1.9463602262134112e-08,0.3073720925690031,1.5673511114626407e-07,1.0206423856151752e-05,2.7811662294137587e-08,0.4345377194125457
113045156136724.62,2.5243105301003885e-12,2.524310530100388e-10,0.03960095115554521,1.9581077882195697e-08,0.3218757551989126,1.3220853934811602e-07,1.0206423856151752e-05,2.5243105301003885e-08,0.39440581768825594
124547818858783.98,2.2911768397672816e-12,2.2911768397672814e-10,0.04363045936431844,1.9698963335960436e-08,0.33706247864826094,1.1145713746338406e-07,1.0206423856151752e-05,2.2911768397672813e-08,0.35798031350797077
137220909878871.6,2.079574302959163e-12,2.079574302959163e-10,0.048069981371517724,1.9817258623428327e-08,0.3529648062555796,9.240434919602703e-08,1.0206423856151752e-05,2.0795743029591626e-08,0.32491890107096905
151183523569649.6,1.8875144015366984e-12,1.8875144015366984e-10,0.05296123723482506,1.9935963744599376e-08,0.36961638307470307,7.759556787773708e-08,1.0206423856151752e-05,1.8875144015366982e-08,0.2949108883631821
166566872491304.22,1.7131922677342341e-12,1.713192267734234e-10,0.05835019214518275,2.0055078699473573e-08,0.3870527101690051,6.513721395724554e-08,1.0206423856151752e-05,1.7131922677342343e-08,0.2676742774535139
183515520451226.03,1.5549697230573942e-12,1.554969723057394e-10,0.06428748838104817,2.0174603488050924e-08,0.4053109254448386,5.4727218877825024e-08,1.0206423856151752e-05,1.5549697230573942e-08,0.24295311444053708
202188741030978.78,1.4113598836299906e-12,1.4113598836299904e-10,0.07082892121520813,2.0294538110331434e-08,0.42442984302288006,4.5919136748232436e-08,1.0206423856151752e-05,1.4113598836299907e-08,0.22051508414590779
222762014347212.34,1.2810131873201367e-12,1.2810131873201366e-10,0.07803596324645153,2.041488256631509e-08,0.4444502075801063,3.241718248191055e-08,1.0206423856151752e-05,1.2810131873201367e-08,0.20014932695081095
245428676112210.38,1.1627047113366205e-12,1.1627047113366204e-10,0.08597634208346516,2.0535636856001904e-08,0.46541447612312187,2.7284308391089495e-08,1.0206423856151752e-05,1.1627047113366205e-08,0.1816644572593335
270401734490986.25,1.0553226611136583e-12,1.0553226611136583e-10,0.09472467680969059,2.0656800979391864e-08,0.48736721344214606,2.293465968158935e-08,1.0206423856151752e-05,1.0553226611136584e-08,0.16488676496743288
297915871828703.56,9.57857922309202e-13,9.57857922309202e-11,0.10436317921027187,2.0778374936484986e-08,0.5103551198942058,1.9273301856938362e-08,1.0206423856151752e-05,9.578579223092021e-09,0.1496585830359432
328229650059494.6,8.693945777325486e-13,8.693945777325485e-11,0.11498242635081873,2.0900358727281256e-08,0.5344270538918123,1.6199242120417945e-08,1.0206423856151752e-05,8.693945777325486e-09,0.1358368058270174
361627940521826.06,7.89101300084841e-13,7.89101300084841e-11,0.1266822117682306,2.1022752351780684e-08,0.5596341956790046,1.359770801773673e-08,1.0206423856151752e-05,7.89101300084841e-09,0.12329154428019222
398424601014421.56,7.162235396263783e-13,7.162235396263782e-11,0.13957248327258448,2.1145555809983266e-08,0.586030090256459,1.1414010531793652e-08,1.0206423856151752e-05,7.162235396263782e-09,0.11190490529019215
438965425250154.3,6.500764333549893e-13,6.500764333549893e-11,0.1537743761730025,2.1268769101888997e-08,0.6136708308671548,9.584736684279083e-09,1.0206423856151752e-05,6.500764333549893e-09,0.10156988381577726
483631392425173.5,5.900383690600213e-13,5.900383690600213e-11,0.16942135163715943,2.139239222749788e-08,0.6426151669198331,8.038633953851581e-09,1.0206423856151752e-05,5.900383690600214e-09,0.09218935730831337
532842247440830.6,5.355451437706511e-13,5.3554514377065106e-11,0.1866604508820722,2.1516425186809926e-08,0.6729246033714159,5.648287820633942e-09,1.0206423856151752e-05,5.355451437706511e-09,0.08367517301028658
587060445423263.4,4.860846617029949e-13,4.8608466170299486e-11,0.20565367698233214,2.164086797982511e-08,0.7046635289973122,4.750876479730033e-09,1.0206423856151752e-05,4.860846617029949e-09,0.07594731954672185
646795497608944.1,4.4119212188039573e-13,4.4119212188039566e-11,0.22657951728121248,2.1765720606543463e-08,0.737899380093657,3.993896586752464e-09,1.0206423856151752e-05,4.4119212188039575e-09,0.0689331750246013
712608759436314.5,4.004456502029275e-13,4.004456502029275e-11,0.24963462071139042,2.1890983066964958e-08,0.7727027604618942,3.354239594386786e-09,1.0206423856151752e-05,4.004456502029276e-09,0.06256682457435614
785118705839211.5,3.6346233491883847e-13,3.634623349188384e-11,0.27503564578777123,2.201665536108961e-08,0.8091476206224891,2.8166566875663093e-09,1.0206423856151752e-05,3.634623349188385e-09,0.05678844092008218
865006743316248.4,3.298946282415834e-13,3.2989462824158334e-11,0.30302129663878313,2.214273748891742e-08,0.8473113944120119,2.365917311979391e-09,1.0206423856151752e-05,3.2989462824158335e-09,0.0515437221574362
953023613394602.6,2.9942708029693046e-13,2.9942708029693045e-11,0.3338545662095837,2.2269229450448375e-08,0.8872751453283747,1.9847541740808016e-09,1.0206423856151752e-05,2.9942708029693047e-09,0.04678338145577574
1049996447664279.2,2.717733747076604e-13,2.717733747076604e-11,0.3678252077175102,2.239613124568249e-08,0.9291237849193428,1.6649149072686345e-09,1.0206423856151752e-05,2.717733747076604e-09,0.04246268388905736
1156836540681930.5,2.4667363795801454e-13,2.466736379580145e-11,0.40525245758506473,2.2523442874619756e-08,0.9729462058387801,1.396994129624774e-09,1.0206423856151752e-05,2.4667363795801456e-09,0.0385410260429007
1274547913789541.2,2.2389199725283654e-13,2.238919972528365e-11,0.4464880354390042,2.265116433726018e-08,1.018835513080236,1.1713487163419947e-09,1.0206423856151752e-05,2.2389199725283653e-09,0.034981554447205826
1404236750325747.8,2.0321436392159649e-13,2.0321436392159646e-11,0.49191944936777277,2.2779295633603752e-08,1.0668891998122214,8.200578426604441e-10,1.0206423856151752e-05,2.0321436392159648e-09,0.03175081924857663
1547121790896452.0,1.844464215370072e-13,1.8444642153700718e-11,0.5419736374981773,2.290783676365047e-08,1.1172093387566961,6.89481291434705e-10,1.0206423856151752e-05,1.8444642153700718e-09,0.028818459867963643
1704545786393496.2,1.674117998417325e-13,1.6741179984173248e-11,0.5971209801127445,2.303678772740036e-08,1.1699028397208813,5.792758989614431e-10,1.0206423856151752e-05,1.6741179984173251e-09,0.02615691968951827
1877988116390173.2,1.5195041732281626e-13,1.5195041732281625e-11,0.6578797200112957,2.316614852485339e-08,1.2250816337439014,4.862413833153684e-10,1.0206423856151752e-05,1.5195041732281629e-09,0.02374118709947058
2069078691494026.5,1.3791697685829672e-13,1.379169768582967e-11,0.7248208326567614,2.3295919156009582e-08,1.2828629476527527,4.0820255263463925e-10,1.0206423856151752e-05,1.379169768582967e-09,0.021548560441462628
2279613270303138.0,1.251796002989708e-13,1.251796002989708e-11,0.7985733918720286,2.342609962086892e-08,1.3433695344838985,3.426492787847995e-10,1.0206423856151752e-05,1.2517960029897082e-09,0.01955843467952463
2511570334905832.0,1.1361858915389512e-13,1.1361858915389512e-11,0.8798304815115447,2.3556689919431418e-08,1.4067299241925415,2.873124959229895e-10,1.0206423856151752e-05,1.1361858915389512e-09,0.01775210776387559
2767129683509943.5,1.031252997332646e-13,1.0312529973326459e-11,0.9693557086621364,2.3687690051697065e-08,1.4730787252912951,2.4101001157708986e-10,1.0206423856151752e-05,1.031252997332646e-09,0.01611260487988662
3048692914924437.5,9.360112217791186e-14,9.360112217791185e-12,1.0679903795803405,2.3819100017665863e-08,1.542556880708732,2.0208222127759173e-10,1.0206423856151752e-05,9.360112217791187e-10,0.0146245189286001
3358905997394718.0,8.495655378093709e-14,8.495655378093709e-12,1.1766614058015676,2.3950919817337816e-08,1.615311991352682,1.69334494453456e-10,1.0206423856151752e-05,8.495655378093708e-10,0.013273865739732996
3700684133880319.0,7.711035789308603e-14,7.711035789308602e-12,1.296390014718076,2.4083149450712917e-08,1.6914986181213119,1.1805772010300038e-10,1.0206423856151752e-05,7.711035789308605e-10,0.01204795265654071
4077239157444699.5,6.998880050774823e-14,6.998880050774822e-12,1.4283013464828151,2.4215788917791186e-08,1.7712786047899705,9.915829302817682e-11,1.0206423856151752e-05,6.998880050774822e-10,0.010935259257576718
4492109714202875.5,6.352495735145103e-14,6.352495735145102e-12,1.5736350274251785,2.43488382185726e-08,1.8548214372217162,8.330299562573673e-11,1.0206423856151752e-05,6.352495735145102e-10,0.009925329094441578
4949194517469187.0,5.76580849682785e-14,5.76580849682785e-12,1.7337568193416637,2.448229735305718e-08,1.9423045881336543,6.990719594438793e-11,1.0206423856151752e-05,5.765808496827851e-10,0.009008671428133866
5452788985607715.0,5.233304988804237e-14,5.2333049888042364e-12,1.9101714541344752,2.4616166321244885e-08,2.0339139055382867,5.86547884566703e-11,1.0206423856151752e-05,5.233304988804237e-10,0.008176672040580047
6007625607887603.0,4.749981051384375e-14,4.749981051384374e-12,2.1045367744109047,2.475044512313576e-08,2.129844002195219,4.920357469468418e-11,1.0206423856151752e-05,4.749981051384375e-10,0.007421512283199455
6618918417677365.0,4.311294686011739e-14,4.311294686011739e-12,2.318679312928361,2.4885133758729792e-08,2.230298666791012,4.126547144152167e-11,1.0206423856151752e-05,4.311294686011739e-10,0.006736095601771586
7292411990911785.0,3.9131233721902927e-14,3.913123372190292e-12,2.554611457291735,2.5020232228026976e-08,2.335491303606926,3.4588712631037316e-11,1.0206423856151752e-05,3.913123372190293e-10,0.006113980847128031
8034435430291263.0,3.551725326423236e-14,3.551725326423236e-12,2.814550361207232,2.5155740531027305e-08,2.4456453791351302,2.8996211717732036e-11,1.0206423856151752e-05,3.551725326423236e-10,0.00554932174496113
8851961842524483.0,3.223704339098175e-14,3.2237043390981745e-12,3.1009387800091788,2.5291658667730795e-08,2.560994901672456,2.4292482629326247e-11,1.0206423856151752e-05,3.223704339098175e-10,0.005036811955922992
9752673867548824.0,2.9259778588751e-14,2.9259778588751e-12,3.4164680262606555,2.5427986638137444e-08,2.6817849162595424,1.683186547742344e-11,1.0206423856151752e-05,2.9259778588751e-10,0.004571635209719909
1.0745035875532346e+16,2.655748024653652e-14,2.6557480246536516e-12,3.7641032611507197,2.5564724442247233e-08,2.8082720243639576,1.4130712327860491e-11,1.0206423856151752e-05,2.655748024653652e-10,0.004149420044592686
1.1838373510124974e+16,2.4104753728940592e-14,2.410475372894059e-12,4.1471113593628655,2.5701872080060184e-08,2.9407249316255504,1.1865463569514878e-11,1.0206423856151752e-05,2.410475372894059e-10,0.003766198726849493
1.3042961325458048e+16,2.1878549732091234e-14,2.187854973209123e-12,4.569091609271803,2.5839429551576283e-08,3.0794250161117747,9.96434864360988e-12,1.0206423856151752e-05,2.1878549732091232e-10,0.0034183699644019044
1.4370119340456582e+16,1.9857947679626557e-14,1.9857947679626556e-12,5.034009536972143,2.5977396856795543e-08,3.224666927886168,8.35552151047511e-12,1.0206423856151752e-05,1.9857947679626555e-10,0.003102665063906478
1.583231941782289e+16,1.802395912323102e-14,1.8023959123231018e-12,5.546234171996609,2.6115773995717942e-08,3.3767592141216682,7.007571184362832e-12,1.0206423856151752e-05,1.8023959123231018e-10,0.002816117213477268
1.744330246738282e+16,1.6359349300189705e-14,1.6359349300189704e-12,6.110579104926545,2.6254560968343502e-08,3.536024974292703,5.877736473981122e-12,1.0206423856151752e-05,1.6359349300189706e-10,0.0025560336023050714
1.9218207575201024e+16,1.4848475171066603e-14,1.48484751710666e-12,6.732347722729377,2.639375777467223e-08,3.7028025474688246,4.925066658036202e-12,1.0206423856151752e-05,1.4848475171066602e-10,0.0023199701151804773
2.1173714271946944e+16,1.3477138415476372e-14,1.3477138415476372e-12,7.417383046918902,2.6533364414704092e-08,3.8774462301488435,4.126209569390807e-12,1.0206423856151752e-05,1.3477138415476375e-10,0.0021057083641141316
2.3328199277468972e+16,1.2232452004488244e-14,1.2232452004488242e-12,8.172122642889214,2.6673380888439123e-08,4.060327029608752,3.4587190669278606e-12,1.0206423856151752e-05,1.2232452004488243e-10,0.0019112348412105486
2.570190919456756e+16,1.1102719095789637e-14,1.1102719095789637e-12,9.003659116426947,2.6813807195877285e-08,4.2518334517308585,2.8949901950867924e-12,1.0206423856151752e-05,1.110271909578964e-10,0.001734721996886722
2.831715077484857e+16,1.0077323113532864e-14,1.0077323113532863e-12,9.919806765914903,2.6954643337018625e-08,4.452372326227731,1.9946114215004078e-12,1.0206423856151752e-05,1.0077323113532864e-10,0.001574511065619026
3.119850054465928e+16,9.14662797990226e-15,9.14662797990226e-13,10.929175016583777,2.7095889311863103e-08,4.66236967124341,1.6756170943294839e-12,1.0206423856151752e-05,9.146627979902262e-11,0.0014290964778252409
3.4373035761057044e+16,8.301887560832685e-15,8.301887560832684e-13,12.041249326906973,2.7237545120410742e-08,4.882271598022292,1.4047215193504616e-12,1.0206423856151752e-05,8.301887560832684e-11,0.0012971117113931147
3.78705888681933e+16,7.535163474905593e-15,7.535163474905593e-13,13.266480327447224,2.737961076266153e-08,5.112545258876129,1.179664980425459e-12,1.0206423856151752e-05,7.535163474905593e-11,0.001177316449896769
4.1724027845355336e+16,6.8392504930355746e-15,6.839250493035574e-13,14.616382029833332,2.7522086238615475e-08,5.353679839461928,9.895436949706376e-13,1.0206423856151752e-05,6.839250493035574e-11,0.0010685849268208814
4.5969565081205064e+16,6.207608827899225e-15,6.207608827899224e-13,16.103640028774823,2.7664971548272566e-08,5.606187597952959,8.294217583538551e-13,1.0206423856151752e-05,6.207608827899225e-11,0.0009698953462587916
5.064709767684589e+16,5.634302676799461e-15,5.63430267679946e-13,17.742230713937904,2.7808266691632814e-08,5.8706049533926326,6.953483619046542e-13,1.0206423856151752e-05,5.6343026767994604e-11,0.0008803202806660426
5.580058237568046e+16,5.113944440428372e-15,5.113944440428371e-13,19.54755261196391,2.795197166869622e-08,6.147493625113926,5.826293897236676e-13,1.0206423856151752e-05,5.1139444404283716e-11,0.0007990179554332607
6.147844864343637e+16,4.6416440933280214e-15,4.641644093328021e-13,21.536571092907675,2.8096086479462778e-08,6.437441826135451,4.879975660873563e-13,1.0206423856151752e-05,4.641644093328021e-11,0.000725224338375714
6.7734053780251224e+16,4.212963230261842e-15,4.212963230261841e-13,23.7279778009648,2.824061112393249e-08,6.7410655126842265,4.086785642601437e-13,1.0206423856151752e-05,4.212963230261841e-11,0.0006582459598011095
7.462618434168539e+16,3.823873356652068e-15,3.8238733566520675e-13,26.142366307721236,2.8385545602105348e-08,7.059009692735068,3.4242760002004435e-13,1.0206423856151752e-05,3.823873356652068e-11,0.000597453395682946
8.221960858074315e+16,3.4707180311195448e-15,3.470718031119544e-13,28.802425638618736,2.8530889913981376e-08,7.391949796241934,2.8641095633511245e-13,1.0206423856151752e-05,3.4707180311195443e-11,0.0005422753526978472
9.058568510241323e+16,3.1501785043647517e-15,3.150178504364751e-13,31.733153491278856,2.867664405956053e-08,7.740593109991652,1.964315798147392e-13,1.0206423856151752e-05,3.150178504364752e-11,0.0004921932995416917
9.980303345053294e+16,2.8592425314829215e-15,2.859242531482921e-13,34.9620911493954,2.882280803884286e-08,8.105680280144453,1.649418872406894e-13,1.0206423856151752e-05,2.8592425314829215e-11,0.00044673659407256576
1.099582729287408e+17,2.5951760646305047e-15,2.595176064630504e-13,38.519582299772296,2.8969381851828334e-08,8.487986885637573,1.3820383471205419e-13,1.0206423856151752e-05,2.5951760646305047e-11,0.00040547806048841346
1.2114683659855213e+17,2.355497560026152e-15,2.355497560026152e-13,42.43905818472767,2.911636549851697e-08,8.888325085799378,1.1599492455942695e-13,1.0206423856151752e-05,2.355497560026152e-11,0.0003680299749761216
1.3347386810401629e+17,2.137954657839049e-15,2.1379546578390487e-13,46.75735176955262,2.9263758978908753e-08,9.307545345673134,9.727008995947071e-14,1.0206423856151752e-05,2.137954657839049e-11,0.0003340404221076128
1.4705520975081942e+17,1.940503015815027e-15,1.940503015815027e-13,51.51504387739782,2.941156229300368e-08,9.74653824271664,8.149578774662378e-14,1.0206423856151752e-05,1.9405030158150275e-11,0.00030318998774236217
1.620184911252074e+17,1.7612870977316433e-15,1.7612870977316432e-13,56.75684454435549,2.9559775440801778e-08,10.206236358715035,6.82886286016744e-14,1.0206423856151752e-05,1.761287097731643e-11,0.00027518875735823125
1.7850432848294528e+17,1.5986227361430094e-15,1.5986227361430093e-13,62.53201317849345,2.970839842230302e-08,10.687616260926088,5.72251619415942e-14,1.0206423856151752e-05,1.5986227361430094e-11,0.0002497735916026331
1.9666764617949248e+17,1.4509813055490392e-15,1.450981305549039e-13,68.894821471258,2.9857431237507425e-08,11.19170057666724,4.787945413381731e-14,1.0206423856151752e-05,1.4509813055490392e-11,0.00022670565346121792
2.1667913255939386e+17,1.3169753572580704e-15,1.3169753572580702e-13,75.90506341140677,3.0006873886414964e-08,11.719560165750412,4.0092165742698094e-14,1.0206423856151752e-05,1.3169753572580704e-11,0.0002057681638058989
2.3872684398654016e+17,1.1953455809471752e-15,1.195345580947175e-13,83.62861719430373,3.015672636902568e-08,12.272316395381038,3.3568995934789476e-14,1.0206423856151752e-05,1.1953455809471752e-11,0.00018676436423008743
2.6301797208899094e+17,1.0849489703928896e-15,1.0849489703928895e-13,92.13806430705569,3.030698868533953e-08,12.851143522352562,2.806523726447863e-14,1.0206423856151752e-05,1.0849489703928897e-11,0.0001695156680271114
2.8978079082596243e+17,9.847480821603514e-16,9.847480821603514e-14,101.51337160731438,3.045766083535654e-08,13.457271187598547,1.9120300183875337e-14,1.0206423856151752e-05,9.847480821603515e-12,0.00015385998193572067
3.1926680167432685e+17,8.938012863105747e-16,8.938012863105747e-14,111.84264280550433,3.060874281907671e-08,14.091987028400268,1.6050243188848898e-14,1.0206423856151752e-05,8.938012863105748e-12,0.000139650182881469
3.5175309709391034e+17,8.112539175073457e-16,8.112539175073456e-14,123.22294641249454,3.076023463650003e-08,14.756639413800555,1.3459447445803453e-14,1.0206423856151752e-05,8.112539175073457e-12,0.0001267527353992225
3.875449644819941e+17,7.363302433672436e-16,7.363302433672436e-14,135.76122793326098,3.09121362876265e-08,15.452640309033299,1.1280840569792137e-14,1.0206423856151752e-05,7.363302433672436e-12,0.00011504643674417542
4.26978755087559e+17,6.683261745757316e-16,6.683261745757316e-14,149.57531487883742,3.106444777245612e-08,16.181468275055522,9.460970038654492e-15,1.0206423856151752e-05,6.683261745757315e-12,0.00010442127789861212
4.704250448455792e+17,6.066026482634414e-16,6.066026482634414e-14,164.79502404104258,3.121716909098889e-08,16.944671609552213,7.927203890364622e-15,1.0206423856151752e-05,6.066026482634414e-12,9.477740977085319e-05
5.182921168351431e+17,5.505796224632592e-16,5.5057962246325915e-14,181.56338143554288,3.137030024322483e-08,17.743871636088375,6.637931878548562e-15,1.0206423856151752e-05,5.5057962246325925e-12,8.602420487129101e-05
5.710297980874602e+17,4.997306252117336e-16,4.9973062521173356e-14,200.03796637754422,3.152384122916392e-08,18.580766148394282,5.560555328509528e-15,1.0206423856151752e-05,4.997306252117336e-12,7.807940564771122e-05
6.291336867998717e+17,4.5357780707036e-16,4.535778070703599e-14,220.3923923209654,3.167779204880614e-08,19.45713301710135,4.656602165663928e-15,1.0206423856151752e-05,4.535778070703599e-12,7.086835147643938e-05
6.931498096808233e+17,4.116874505731705e-16,4.1168745057317045e-14,242.81793837717873,3.183215270215155e-08,20.374833966591247,3.8932445944297105e-15,1.0206423856151752e-05,4.1168745057317055e-12,6.432327704501849e-05
7.636797531927293e+17,3.7366589440110525e-16,3.736658944011052e-14,267.52534684535084,3.198692318920008e-08,21.335818529980294,3.259583090445011e-15,1.0206423856151752e-05,3.7366589440110526e-12,5.8382675533037716e-05
8.41386316913314e+17,3.3915583398080925e-16,3.391558339808092e-14,294.74680364658076,3.2142103509951786e-08,22.342128190642704,2.7278568652955423e-15,1.0206423856151752e-05,3.3915583398080928e-12,5.299072060663781e-05
9.269997421422884e+17,3.078329637431285e-16,3.078329637431285e-14,324.7381202727525,3.229769366440664e-08,23.39590071906886,2.280302160924977e-15,1.0206423856151752e-05,3.078329637431285e-12,4.809674179494846e-05
1.0213245742863799e+18,2.7940292948709677e-16,2.7940292948709674e-14,357.78113775485826,3.245369365256466e-08,24.49937471427381,1.5433310412518461e-15,1.0206423856151752e-05,2.7940292948709672e-12,4.365474831833391e-05
1.1252472235112403e+18,2.535985622095836e-16,2.5359856220958358e-14,394.18637524182384,3.26101034744258e-08,25.65489435940129,1.2948063364962866e-15,1.0206423856151752e-05,2.535985622095836e-12,3.9622996893674246e-05
1.239744294711085e+18,2.3017736740565377e-16,2.3017736740565373e-14,434.2959480797264,3.276692312999012e-08,26.8649144016285,1.0863278122671975e-15,1.0206423856151752e-05,2.3017736740565374e-12,3.596359945515367e-05
1.3658917650760328e+18,2.0891924624561434e-16,2.0891924624561434e-14,478.48678281373236,3.2924152619257575e-08,28.132005366947876,9.090078754278095e-16,1.0206423856151752e-05,2.0891924624561434e-12,3.264216710415526e-05
1.5048750955029005e+18,1.896244272136182e-16,1.8962442721361818e-14,527.1741593255806,3.30817919422282e-08,29.458859020906992,7.624921444335533e-16,1.0206423856151752e-05,1.896244272136182e-12,2.9627486942297868e-05
1.658000370870395e+18,1.7211158877061738e-16,1.7211158877061736e-14,580.8156133934882,3.323984109890198e-08,30.84829408690472,6.389471920522138e-16,1.0206423856151752e-05,1.721115887706174e-12,2.689122875068807e-05
1.8267065738686403e+18,1.5621615539951356e-16,1.5621615539951356e-14,639.9152363485013,3.339830008927889e-08,32.30326223419234,5.349559869987223e-16,1.0206423856151752e-05,1.5621615539951357e-12,2.4407678758924546e-05
2.0125791077255273e+18,1.4178875101971578e-16,1.4178875101971576e-14,705.028412233025,3.355716891335898e-08,33.82685434830147,4.477514702519684e-16,1.0206423856151752e-05,1.4178875101971576e-12,2.215349800196871e-05
2.2173646949083139e+18,1.2869379523722234e-16,1.2869379523722232e-14,776.7670369784917,3.371644757114221e-08,35.422307097216695,3.749032903252504e-16,1.0206423856151752e-05,1.2869379523722233e-12,2.0107502994064324e-05
2.442987791810272e+18,1.1680822923855947e-16,1.1680822923855946e-14,855.8052686491245,3.38761360626286e-08,37.09300980724544,3.1363793514498453e-16,1.0206423856151752e-05,1.1680822923855948e-12,1.82504666586005e-05
2.6915686736776356e+18,1.06020359355302e-16,1.0602035935530199e-14,942.8858627890959,3.403623438781813e-08,38.84251166318807,2.6210705519219173e-16,1.0206423856151752e-05,1.06020359355302e-12,1.6564937643178032e-05
2.965443359729023e+18,9.622880743163218e-17,9.622880743163217e-15,1038.8271524091813,3.419674254671083e-08,40.67452924810813,2.1937039914326782e-16,1.0206423856151752e-05,9.622880743163217e-13,1.5035076321901355e-05
3.267185565711527e+18,8.734155813112826e-17,8.734155813112825e-15,1144.5307382065887,3.435766053930667e-08,42.592954438715616,1.8344067749232927e-16,1.0206423856151752e-05,8.734155813112827e-13,1.3646505943745373e-05
3.5996308901914957e+18,7.927509422989636e-17,7.927509422989636e-15,1260.9899612864153,3.451898836560568e-08,44.60186267314051,1.5329324493727353e-16,1.0206423856151752e-05,7.927509422989635e-13,1.238617752817138e-05
3.96590346186806e+18,7.195361177005626e-17,7.195361177005625e-15,1389.2992380062112,3.468072602560783e-08,46.70552160865551,1.0316291978462537e-16,1.0206423856151752e-05,7.195361177005626e-13,1.124224723836325e-05
4.369445298326226e+18,6.53083076980247e-17,6.53083076980247e-15,1530.6643446674004,3.484287351931312e-08,48.908400187745336,8.651561078602473e-17,1.0206423856151752e-05,6.53083076980247e-13,1.0203965079704872e-05
4.81404865212538e+18,5.927673329325223e-17,5.927673329325222e-15,1686.4137487028736,3.500543084672159e-08,51.21517813177757,7.256009209123243e-17,1.0206423856151752e-05,5.927673329325223e-13,9.261573877554621e-06
5.303891648193305e+18,5.380220731130145e-17,5.3802207311301446e-15,1858.0110928448044,3.5168398007833204e-08,53.630755882445285,6.070245342110236e-17,1.0206423856151752e-05,5.380220731130146e-13,8.406217584966865e-06
5.843577547425727e+18,4.883328332632236e-17,4.8833283326322355e-15,2047.068949591809,3.5331775002647977e-08,56.160265012102414,5.086580468388481e-17,1.0206423856151752e-05,4.883328332632235e-13,7.629858058689197e-06
6.438178005466914e+18,4.432326626732983e-17,4.432326626732982e-15,2255.3639752316058,3.5495561831165894e-08,58.809079125102194,4.2615089033542845e-17,1.0206423856151752e-05,4.4323266267329827e-13,6.9251995213462515e-06
7.093280733193709e+18,4.0229773604955615e-17,4.022977360495561e-15,2484.8536058283944,3.565975849338696e-08,61.582825273303776,3.566790281183192e-17,1.0206423856151752e-05,4.022977360495562e-13,6.285619999947049e-06
7.815042006787088e+18,3.651433706497681e-17,3.6514337064976804e-15,2737.6944520736406,3.582436498931118e-08,64.48739590999072,2.9845837955077806e-17,1.0206423856151752e-05,3.651433706497681e-13,5.705109096416931e-06
8.610244520852159e+18,3.314204112574194e-17,3.314204112574194e-15,3016.262565865005,3.5989381318938574e-08,67.52896140760303,2.4973393179595875e-17,1.0206423856151752e-05,3.314204112574194e-13,5.178211505355574e-06
9.486361128254863e+18,3.00811949023147e-17,3.0081194902314697e-15,3323.175769066333,3.6154807482269104e-08,70.71398316586719,2.0890173583536586e-17,1.0206423856151752e-05,3.00811949023147e-13,4.69997574823546e-06
1.0451625065667633e+19,2.7303034333881177e-17,2.7303034333881173e-15,3661.3182542822406,3.63206434793028e-08,74.04922733817948,1.7466052107328805e-17,1.0206423856151752e-05,2.730303433388118e-13,4.265907642272793e-06
1.15151073247605e+19,2.4781451875761102e-17,2.47814518757611e-15,4033.867688830226,3.6486889310039624e-08,77.54177920539266,1.4597677799045566e-17,1.0206423856151752e-05,2.47814518757611e-13,3.87192806669987e-06
1.2686801896130204e+19,2.2492751155814837e-17,2.2492751155814834e-15,4444.325076618779,3.665354497447962e-08,81.19905822755179,1.2208472073026431e-17,1.0206423856151752e-05,2.2492751155814838e-13,3.5143346295492485e-06
1.3977719687037247e+19,2.041542428965839e-17,2.041542428965839e-15,4896.547658555012,3.682061047262278e-08,85.02883380554344,1.0195271133679887e-17,1.0206423856151752e-05,2.041542428965839e-13,3.189766874717741e-06
1.5399991995538555e+19,1.8529949762015908e-17,1.8529949762015906e-15,5394.785160661901,3.6988085804469076e-08,89.03924178615273,8.514563068503358e-18,1.0206423856151752e-05,1.8529949762015904e-13,2.8951747023451767e-06
1.6966984513403318e+19,1.6818608974821148e-17,1.6818608974821147e-15,5943.719730543111,3.715597097001854e-08,93.2388017455825,5.7045266393743355e-18,1.0206423856151752e-05,1.681860897482115e-13,2.6277897057417797e-06
1.869342292914603e+19,1.526531973809104e-17,1.5265319738091038e-15,6548.5099374954025,3.732426596927112e-08,97.636435088154,4.779759038153557e-18,1.0206423856151752e-05,1.5265319738091037e-13,2.385099155504863e-06
2.059553131152305e+19,1.3855485138813537e-17,1.3855485138813535e-15,7214.839249756798,3.74929708022269e-08,102.24148399864141,4.0059791500221946e-18,1.0206423856151752e-05,1.3855485138813536e-13,2.1648223863424238e-06
2.2691184573937283e+19,1.2575856367610597e-17,1.2575856367610596e-15,7948.969444450424,3.766208546888581e-08,107.0637312884935,3.349789096164552e-18,1.0206423856151752e-05,1.2575856367610597e-13,1.9648893647012065e-06
2.500007645252716e+19,1.1414408214096898e-17,1.1414408214096898e-15,8757.799452141207,3.7831609969247885e-08,112.11342117811226,2.806047797776555e-18,1.0206423856151752e-05,1.1414408214096898e-13,1.7834212357896388e-06
2.7543904576496484e+19,1.0360226060915062e-17,1.036022606091506e-15,9648.93018899093,3.80015443033131e-08,117.4012810593287,2.3496137760839667e-18,1.0206423856151752e-05,1.0360226060915061e-13,1.6187126671883286e-06
3.034657436987395e+19,9.40340331447967e-18,9.40340331447967e-16,10630.735985768511,3.817188847108147e-08,122.93854428431725,1.965296009106459e-18,1.0206423856151752e-05,9.403403314479671e-14,1.4692158231231238e-06
3.3434423700847067e+19,8.534948308546644e-18,8.534948308546643e-16,11712.443284961884,3.8342642472553e-08,128.73697402934903,1.644048894666387e-18,1.0206423856151752e-05,8.534948308546644e-14,1.3335258188006946e-06
3.6836470389801538e+19,7.746699805738742e-18,7.746699805738741e-16,12904.217345543704,3.851380630772769e-08,134.80888828409226,1.3752669655882904e-18,1.0206423856151752e-05,7.746699805738743e-14,1.210367518114475e-06
4.058468490199627e+19,7.031250302961949e-18,7.031250302961947e-16,14217.257770189626,3.868537997660552e-08,141.16718601953306,1.1502191135568936e-18,1.0206423856151752e-05,7.03125030296195e-14,1.0985835506538173e-06
4.471429078748935e+19,6.381876419979313e-18,6.381876419979313e-16,15663.903752661188,3.8857363479186505e-08,147.82537459012,9.611866827896426e-19,1.0206423856151752e-05,6.381876419979313e-14,9.97123435406832e-07
4.926409569166874e+19,5.7924757169760674e-18,5.792475716976067e-16,17257.750034405013,3.9029756815470654e-08,154.79759842833306,8.030777218688427e-19,1.0206423856151752e-05,5.792475716976067e-14,9.050337089480262e-07
5.427685604703615e+19,5.257509347363146e-18,5.257509347363146e-16,19013.77466006227,3.9202559985457936e-08,162.09866909264036,6.712459265677708e-19,1.0206423856151752e-05,5.2575093473631464e-14,8.21448965341022e-07
5.9799678873409585e+19,4.771950006903209e-18,4.771950006903208e-16,20948.47973246203,3.9375772989148395e-08,169.74409673268008,5.605583030921232e-19,1.0206423856151752e-05,4.771950006903208e-14,7.455837235545227e-07
6.588446446242074e+19,4.331234690016204e-18,4.331234690016204e-16,23080.04648982896,3.954939582654199e-08,177.75012303849695,4.679909991794858e-19,1.0206423856151752e-05,4.331234690016205e-14,6.767250459663715e-07
7.2588394106413335e+19,3.9312218092942254e-18,3.931221809294225e-16,25428.50616253595,3.972342849763875e-08,186.1337557438494,3.1088153701965565e-19,1.0206423856151752e-05,3.931221809294225e-14,6.142258385884611e-07
7.9974467455121e+19,3.568152275260996e-18,3.568152275260996e-16,28015.928215009226,3.989787100243865e-08,194.9128047568632,2.604467653479884e-19,1.0206423856151752e-05,3.568152275260996e-14,5.574987700520973e-07
8.811209454990772e+19,3.2386141706249496e-18,3.238614170624949e-16,30866.627741780012,4.007272334094172e-08,204.1059199948082,2.1808001693652004e-19,1.0206423856151752e-05,3.2386141706249494e-14,5.060107522077755e-07
9.707774809914884e+19,2.9395106870559816e-18,2.9395106870559815e-16,34007.39396666467,4.024798551314793e-08,213.7326310033516,1.8259424073920102e-19,1.0206423856151752e-05,2.939510687055982e-14,4.5927793047140494e-07
1.06955682124478e+20,2.6680310231733675e-18,2.6680310231733674e-16,37467.74199238321,4.0423657519057315e-08,223.81338844447592,1.5259351385873595e-19,1.0206423856151752e-05,2.6680310231733675e-14,4.168611368390077e-07
1.1783872373129947e+20,2.4216239702618314e-18,2.421623970261831e-16,41280.19016640535,4.059973935866983e-08,234.36960754117248,1.277936005546699e-19,1.0206423856151752e-05,2.4216239702618316e-14,3.783617628400953e-07
1.2982914544419106e+20,2.197973937488814e-18,2.1979739374888136e-16,45480.565669556614,4.07762310319855e-08,245.42371357122906,1.0694121554270578e-19,1.0206423856151752e-05,2.1979739374888138e-14,3.4341801364599786e-07
1.4303962630487985e+20,1.994979191322463e-18,1.994979191322463e-16,50108.34119912173,4.095313253900433e-08,256.99918950673555,8.940472437140063e-20,1.0206423856151752e-05,1.994979191322463e-14,3.117015081315295e-07
1.5759431076464014e+20,1.810732104656685e-18,1.8107321046566848e-16,55207.00591040071,4.113044387972631e-08,269.1206259005185,7.475131917545575e-20,1.0206423856151752e-05,1.8107321046566848e-14,2.829141929392875e-07
1.7362997532198443e+20,1.6435012300358546e-18,1.6435012300358543e-16,60824.474102616325,4.1308165054151456e-08,281.8137731254947,6.252244234020166e-20,1.0206423856151752e-05,1.6435012300358546e-14,2.5678554154673175e-07
1.9129731386900398e+20,1.4917150285141236e-18,1.4917150285141233e-16,67013.5354897562,4.148629606227973e-08,295.10559607789094,5.226788306907868e-20,1.0206423856151752e-05,1.4917150285141233e-14,2.3307001201455806e-07
2.107623538253362e+20,1.3539471012421035e-18,1.3539471012421035e-16,73832.35128774714,4.166483690411117e-08,309.02433146057336,4.36564795486866e-20,1.0206423856151752e-05,1.3539471012421035e-14,2.1154473952568708e-07
2.322080163677269e+20,1.2289027849963452e-18,1.2289027849963452e-16,81345.00077988775,4.1843787579645764e-08,323.59954776814385,3.6472058425762794e-20,1.0206423856151752e-05,1.2289027849963452e-14,1.920074420307486e-07
2.5583583541736417e+20,1.1154069856837905e-18,1.1154069856837903e-16,89622.08349686029,4.202314808888353e-08,338.8622081012669,3.04537703220874e-20,1.0206423856151752e-05,1.1154069856837906e-14,1.742745193184743e-07
2.8186785153898263e+20,1.0123931354878574e-18,1.0123931354878572e-16,98741.38267024321,4.2202918431824435e-08,354.8447359436326,2.544702621524839e-20,1.0206423856151752e-05,1.0123931354878572e-14,1.5817932764721554e-07
3.105486985495627e+20,9.18893169881482e-19,9.18893169881482e-17,108788.59619429678,4.2383098608468475e-08,371.58108404132787,2.1231472121413158e-20,1.0206423856151752e-05,9.188931698814821e-15,1.4357061372352105e-07
3.421479024453012e+20,8.340284303171985e-19,8.340284303171984e-17,119858.1419651547,4.2563688618815685e-08,389.106806530902,1.3997005996331568e-20,1.0206423856151752e-05,8.340284303171984e-15,1.3031109331125978e-07
