E_prime_GeV_total,rate_acc,rate_acc_2,rate_sync,rate_Hep,rate_pg,rate_photodisintegration,t_ad_val,Shear,ESC
11.259660330599557,12.685032626222048,1268.5032626222046,9.88150808849032e-16,6.488617818589822e-10,1.0424279103617504e-14,3.2845888134758857e-16,8.100336393771232e-06,1.1441139700232145e-11,3146539675524.594
11.259660330599557,12.685032626222048,1268.5032626222046,9.88150808849032e-16,6.488617818589822e-10,1.0424279103617504e-14,3.2845888134758857e-16,8.100336393771232e-06,1.1441139700232145e-11,3146539675524.594
11.259660330599557,12.685032626222048,1268.5032626222046,9.88150808849032e-16,6.488617818589822e-10,1.0424279103617504e-14,3.2845888134758857e-16,8.100336393771232e-06,1.1441139700232145e-11,3146539675524.594
11.259660330599557,12.685032626222048,1268.5032626222046,9.88150808849032e-16,6.488617818589822e-10,1.0424279103617504e-14,3.2845888134758857e-16,8.100336393771232e-06,1.1441139700232145e-11,3146539675524.594
11.259660330599557,12.685032626222048,1268.5032626222046,9.88150808849032e-16,6.488617818589822e-10,1.0424279103617504e-14,3.2845888134758857e-16,8.100336393771232e-06,1.1441139700232145e-11,3146539675524.594
11.259660330599557,12.685032626222048,1268.5032626222046,9.88150808849032e-16,6.488617818589822e-10,1.0424279103617504e-14,3.2845888134758857e-16,8.100336393771232e-06,1.1441139700232145e-11,3146539675524.594
11.259660330599557,12.685032626222048,1268.5032626222046,9.88150808849032e-16,6.488617818589822e-10,1.0424279103617504e-14,3.2845888134758857e-16,8.100336393771232e-06,1.1441139700232145e-11,3146539675524.594
11.259660330599557,12.685032626222048,1268.5032626222046,9.88150808849032e-16,6.488617818589822e-10,1.0424279103617504e-14,3.2845888134758857e-16,8.100336393771232e-06,1.1441139700232145e-11,3146539675524.594
11.259660330599557,12.685032626222048,1268.5032626222046,9.88150808849032e-16,6.488617818589822e-10,1.0424279103617504e-14,3.2845888134758857e-16,8.100336393771232e-06,1.1441139700232145e-11,3146539675524.594
11.259660330599557,12.685032626222048,1268.5032626222046,9.88150808849032e-16,6.488617818589822e-10,1.0424279103617504e-14,3.2845888134758857e-16,8.100336393771232e-06,1.1441139700232145e-11,3146539675524.594
11.259660330599557,12.685032626222048,1268.5032626222046,9.88150808849032e-16,6.488617818589822e-10,1.0424279103617504e-14,3.2845888134758857e-16,8.100336393771232e-06,1.1441139700232145e-11,3146539675524.594
11.259660330599557,12.685032626222048,1268.5032626222046,9.88150808849032e-16,6.488617818589822e-10,1.0424279103617504e-14,3.2845888134758857e-16,8.100336393771232e-06,1.1441139700232145e-11,3146539675524.594
11.259660330599557,12.685032626222048,1268.5032626222046,9.88150808849032e-16,6.488617818589822e-10,1.0424279103617504e-14,3.2845888134758857e-16,8.100336393771232e-06,1.1441139700232145e-11,3146539675524.594
11.259660330599557,12.685032626222048,1268.5032626222046,9.88150808849032e-16,6.488617818589822e-10,1.0424279103617504e-14,3.2845888134758857e-16,8.100336393771232e-06,1.1441139700232145e-11,3146539675524.594
9.002376002113031,15.865717963825189,1586.5717963825186,7.900509310992178e-16,5.865326556298423e-10,6.939912919144077e-15,2.1291641795996817e-16,8.100336393771232e-06,9.14747323187751e-12,3935513019545.73
7.377006519065004,19.36139791725931,1936.1397917259308,6.47408069574556e-16,4.627656923604416e-10,4.783289518373526e-15,1.4980862548493105e-16,8.100336393771232e-06,7.495906597179895e-12,4802621208426.464
6.561880789040202,21.766497022071768,2176.6497022071767,5.758724170070708e-16,3.426770851353134e-10,3.827574344668369e-15,1.2366089263780824e-16,8.100336393771232e-06,6.667642948309157e-12,5399209327657.417
6.039965397430348,23.64734717099521,2364.734717099521,5.300689823360913e-16,2.3504187767637573e-10,3.2615814511111526e-15,1.0798010365609834e-16,8.100336393771232e-06,6.13731550220655e-12,5865756777056.177
5.68669703784298,25.116365036392022,2511.636503639202,4.990660564024952e-16,1.4989542555069997e-10,2.900612287315842e-15,9.821560284262103e-17,8.100336393771232e-06,5.778353283539364e-12,6230148665806.263
5.450178542711941,26.206326551416698,2620.6326551416696,4.783091298692551e-16,9.149207799041832e-11,2.6695930805303325e-15,9.230191337162511e-17,8.100336393771232e-06,5.5380226638732545e-12,6500515108911.065
5.303842240240531,26.929375381903547,2692.937538190354,4.65466616737831e-16,5.7614162602076185e-11,2.5307205435504465e-15,8.860356231269992e-17,8.100336393771232e-06,5.3893277627277165e-12,6679868359273.665
5.23260796367478,27.295979298538313,2729.597929853831,4.592150775315436e-16,4.257967355576775e-11,2.464447973884356e-15,8.679694573848068e-17,8.100336393771232e-06,5.3169453563580624e-12,6770804961715.621
5.227502362892653,27.322638755307725,2732.263875530772,4.587670086383099e-16,4.155264565423575e-11,2.459905147425337e-15,8.666725307335489e-17,8.100336393771232e-06,5.311757465241741e-12,6777417876394.254
5.283187259108811,27.034657612709054,2703.465761270905,4.636539300569901e-16,5.3129709890803786e-11,2.5115142646704617e-15,8.807853743124786e-17,8.100336393771232e-06,5.368339871646185e-12,6705983760480.632
5.396692538372284,26.466054465447222,2646.605446544722,4.73615183791086e-16,7.87590106658417e-11,2.6184640868807103e-15,9.095702045889206e-17,8.100336393771232e-06,5.4836745903355295e-12,6564940972873.68
5.566715897607109,25.657705778595528,2565.7705778595523,4.88536479373559e-16,1.2004596781848226e-10,2.7823089570861184e-15,9.520979844234739e-17,8.100336393771232e-06,5.656438328156455e-12,6364428976587.66
5.7932160348141855,24.654554188123708,2465.4554188123707,5.084141921298967e-16,1.7624558297622453e-10,3.0075125796117457e-15,1.0101293853473251e-16,8.100336393771232e-06,5.886589117418312e-12,6115595853883.643
6.077169661395446,23.502578768063707,2350.2578768063704,5.333340385145476e-16,2.435251772534019e-10,3.3006140013738548e-15,1.0907649689868776e-16,8.100336393771232e-06,6.175119411824693e-12,5829846776900.192
6.420425950410127,22.24605653223207,2224.6056532232064,5.634583024508748e-16,3.1600082634542777e-10,3.670111584617871e-15,1.1939042526315648e-16,8.100336393771232e-06,6.523908188776292e-12,5518164719413.783
6.825622297518961,20.925441289909987,2092.544128990998,5.990184424890376e-16,3.8751861315527055e-10,4.128330495651322e-15,1.3153323330679864e-16,8.100336393771232e-06,6.93563535257867e-12,5190584304091.938
7.296140779554359,19.575987219719927,1957.5987219719923,6.403112705984396e-16,4.5313313174994717e-10,4.684948670357234e-15,1.4688705385468364e-16,8.100336393771232e-06,7.413737491226536e-12,4855850378112.61
7.836093108910487,18.227087997642766,1822.7087997642761,6.876976317609672e-16,5.097975850564929e-10,5.358968486040522e-15,1.6680090296547123e-16,8.100336393771232e-06,7.96239258829377e-12,4521254082965.82
8.45032667472491,16.902205577571134,1690.2205577571133,7.416029341467122e-16,5.563266902056741e-10,6.170776769074507e-15,1.8965228272721489e-16,8.100336393771232e-06,8.586526161484814e-12,4192615188372.611
9.144447112656906,15.619222998856047,1561.9222998856046,8.025191298437651e-16,5.929461105289051e-10,7.143516414729604e-15,2.1955393974772984e-16,8.100336393771232e-06,9.291834196184953e-12,3874369606679.046
9.924854609358636,14.391058033147692,1439.105803314769,8.710079009483374e-16,6.207351369463671e-10,8.299599515577966e-15,2.5752117111751197e-16,8.100336393771232e-06,1.00848200350746e-11,3569721608793.5576
10.7987922819404,13.226401149756073,1322.640114975607,9.477049053595996e-16,6.411497387843299e-10,9.67021649805681e-15,3.011930172659174e-16,8.100336393771232e-06,1.0972843537358285e-11,3280826877502.9863
11.774405730439957,12.130477063872728,1213.0477063872727,1.0333250031203548e-15,6.556940346623207e-10,1.1293181572544174e-14,3.614554353136407e-16,8.100336393771232e-06,1.19641815910804e-11,3008981410549.5454
12.860813388551875,11.105764024301426,1110.5764024301423,1.1286684304159018e-15,6.657340700986027e-10,1.3212482647283178e-14,4.3297477731606258e-16,8.100336393771232e-06,1.3068099597743629e-11,2754799940935.242
14.068187681537712,10.152633863512808,1015.2633863512807,1.2346279220139894e-15,6.724174385190388e-10,1.5465610184065266e-14,5.213314502175891e-16,8.100336393771232e-06,1.429493393829468e-11,2518374702212.484
15.407847293595376,9.26989708115836,926.9897081158359,1.3521968086738832e-15,6.766590351387138e-10,1.8104443281830045e-14,6.411747559444126e-16,8.100336393771232e-06,1.5656185727627693e-11,2299410637194.511
16.892361083648005,8.455251337960904,845.5251337960904,1.4824781368238536e-15,6.79161603717717e-10,2.1201133961427092e-14,7.774882349389234e-16,8.100336393771232e-06,1.716462640525236e-11,2097336647477.7473
18.53566439036909,7.705640091759853,770.5640091759852,1.6266948755213577e-15,6.804503736260997e-10,2.4825185710946283e-14,9.64525069651556e-16,8.100336393771232e-06,1.8834415914883885e-11,1911394553602.8555
20.35318864891637,7.017532295188446,701.7532295188446,1.786201291652349e-15,6.809099255853619e-10,2.9046954444926795e-14,1.1970027783733325e-15,8.100336393771232e-06,2.0681234410295192e-11,1740708474445.7554
22.362005413427422,6.387135501186792,638.7135501186791,1.9624955893840995e-15,6.808174900126236e-10,3.394451719580821e-14,1.4646959698681392e-15,8.100336393771232e-06,2.272242859911807e-11,1584337688331.3113
24.580986048087524,5.810554482005658,581.0554482005657,2.157233924696117e-15,6.80370528678122e-10,3.9647500513940194e-14,1.842893795090155e-15,8.100336393771232e-06,2.4977174007757246e-11,1441315978693.9612
27.03097852096265,5.28390633520976,528.390633520976,2.3722459208543247e-15,6.797083902562981e-10,4.626017989315525e-14,2.2905089071410683e-15,8.100336393771232e-06,2.7466654624726174e-11,1310680186279.1072
29.735002913060246,4.8034015356056985,480.34015356056983,2.6095518263386398e-15,6.789287116501502e-10,5.391895977006662e-14,2.82563172544929e-15,8.100336393771232e-06,3.021426156085624e-11,1191490314184.5906
32.71846744377385,4.36539880418553,436.5398804185529,2.8713814732939008e-15,6.780995273696949e-10,6.273398138689618e-14,3.561075845695959e-15,8.100336393771232e-06,3.324581255656591e-11,1082843138177.116
36.00940701607062,3.966440174649095,396.6440174649095,3.1601952123194708e-15,6.77268045070553e-10,7.29142454695834e-14,4.4088148942921305e-15,8.100336393771232e-06,3.658979437183838e-11,983880904991.0288
39.63874650332671,3.603271325490741,360.32713254907407,3.478707018592482e-15,6.764669171761064e-10,8.466004381756041e-14,5.44024031688402e-15,8.100336393771232e-06,4.027763031662436e-11,893796375730.2081
43.64059123732531,3.272851137077935,327.28511370779347,3.829909985172416e-15,6.75718675968017e-10,9.818743289946928e-14,6.828464178264091e-15,8.100336393771232e-06,4.434397542082683e-11,811835196514.4751
48.05254741633067,2.972353524077539,297.23535240775385,4.217104442099562e-15,6.750388447243476e-10,1.1366549439824098e-13,8.427774112792205e-15,8.100336393771232e-06,4.8827042006603214e-11,737296353015.435
52.91607543611734,2.699163864226161,269.9163864226161,4.643928964820864e-15,6.744381066431361e-10,1.314052696799038e-13,1.034070065176521e-14,8.100336393771232e-06,5.376895871426376e-11,669531284608.083
58.276879458301956,2.4508717690697575,245.08717690697569,5.1143945628111364e-15,6.739238097336898e-10,1.5176693841965005e-13,1.2880987279306788e-14,8.100336393771232e-06,5.921616634953305e-11,607942091142.8839
64.18533687240357,2.2252614945025364,222.52614945025363,5.632922369278605e-15,6.735010072046812e-10,1.7507226630565946e-13,1.5848357539111066e-14,8.100336393771232e-06,6.521985426753344e-11,551979154266.8452
70.69697168410599,2.0203009443181594,202.0300944318159,6.204385185845707e-15,6.731731747791025e-10,2.0176772300527092e-13,1.9292707918567934e-14,8.100336393771232e-06,7.183644139095827e-11,501138409739.3661
77.87297627583945,1.834129957328305,183.41299573283047,6.834153272397585e-15,6.729427042888456e-10,2.320433210369791e-13,2.3740386778292177e-14,8.100336393771232e-06,7.91281063802127e-11,454958442035.99445
85.78078644101417,1.665048370150439,166.50483701504388,7.52814481224059e-15,6.728112428652721e-10,2.666163248494394e-13,2.9131746167934324e-14,8.100336393771232e-06,8.716337193585333e-11,413017523306.6213
94.49471509434736,1.511504199057345,151.15041990573448,8.292881526690436e-15,6.72779925831743e-10,3.060236784215837e-13,3.5269625895057785e-14,8.100336393771232e-06,9.601774872284227e-11,374930681867.1092
104.09665061247894,1.3720821737631528,137.20821737631525,9.135549961631824e-15,6.728495365489361e-10,3.5095192642552914e-13,4.2779319299205113e-14,8.100336393771232e-06,1.0577444496677902e-10,340346857989.24927
114.6768263667012,1.245492774600422,124.54927746004219,1.0064069021917096e-14,6.730206161250414e-10,4.0213570574757526e-13,5.2125124734809003e-14,8.100336393771232e-06,1.1652514838969657e-10,308946184557.55774
126.33466867883976,1.1305618651434866,113.05618651434865,1.108716438820163e-14,6.732935387423552e-10,4.599606928947846e-13,6.295041234176254e-14,8.100336393771232e-06,1.2837088783300646e-10,280437415427.3299
139.17973116845,1.0262209694956703,102.62209694956701,1.2214450515504267e-14,6.736685634108952e-10,5.256705383023861e-13,7.557221718544412e-14,8.100336393771232e-06,1.414229826641848e-10,254555513692.44995
153.33272427145863,0.9314982130035744,93.14982130035743,1.3456520984039268e-14,6.741458695600813e-10,6.003307005641246e-13,9.086849384104967e-14,8.100336393771232e-06,1.5580408888884494e-10,231059404517.191
168.92664960482503,0.845509923910513,84.5509923910513,1.482504805136306e-14,6.747255815454342e-10,6.849031473897242e-13,1.0935253306354561e-13,8.100336393771232e-06,1.7164935179870163e-10,209729891914.87473
186.1080498371456,0.7674528790066664,76.74528790066663,1.6332892341353507e-14,6.754077855472288e-10,7.809979167744105e-13,1.3074537493534098e-13,8.100336393771232e-06,1.8910767598716434e-10,190367735270.79617
205.03838581062408,0.6965971668629515,69.65971668629514,1.7994223700803194e-14,6.761925412423516e-10,8.896051514959353e-13,1.55576785008964e-13,8.100336393771232e-06,2.0834312466729032e-10,172791879057.63406
225.8955538557023,0.6322796363892581,63.2279636389258,1.982465435935813e-14,6.770798898808381e-10,1.0120597384246535e-12,1.8513976287365695e-13,8.100336393771232e-06,2.295364614419753e-10,156837827741.36942
248.87555755711787,0.5738978952204002,57.38978952204001,2.1841385644155105e-14,6.78069859885587e-10,1.1507237066158233e-12,2.2015122478495324e-13,8.100336393771232e-06,2.528868490149677e-10,142356157072.72012
274.194349681625,0.5209048210500201,52.090482105002,2.406336962789221e-14,6.79162470742813e-10,1.3077890286244618e-12,2.6118491740432594e-13,8.100336393771232e-06,2.7861372080615245e-10,129211152616.0166
302.08986157670415,0.4728035489452118,47.280354894521174,2.6511487229403594e-14,6.803577357106099e-10,1.4853154127913725e-12,3.083186204936127e-13,8.100336393771232e-06,3.069588430594179e-10,117279566345.74458
332.8242391113429,0.4291428984715609,42.914289847156084,2.9208744440421745e-14,6.816556637085069e-10,1.6861544987300726e-12,3.629626605964845e-13,8.100336393771232e-06,3.381885868215687e-10,106449482338.66309
366.68630617094004,0.38951320583880794,38.95132058388079,3.218048852255068e-14,6.830562606381634e-10,1.912396360837126e-12,4.2698338371598095e-13,8.100336393771232e-06,3.725964311430013e-10,96619282931.84138
403.99427885682303,0.3535425280229096,35.35425280229095,3.545464620614306e-14,6.845595303079656e-10,2.1670093492786162e-12,5.026941363451644e-13,8.100336393771232e-06,4.1050572102376486e-10,87696707149.94957
445.09875589682434,0.32089318777368564,32.08931877736856,3.906198612953407e-14,6.861654750811287e-10,2.4547598158633663e-12,5.893361679009164e-13,8.100336393771232e-06,4.522727060225564e-10,79597993689.68456
490.3860133690692,0.2912586304665645,29.125863046656452,4.303640798488414e-14,6.878740963302933e-10,2.779637795966818e-12,6.874988074964062e-13,8.100336393771232e-06,4.982898880837445e-10,72247101257.55093
540.2816347008726,0.26436056582399103,26.4360565823991,4.741526108785525e-14,6.896853947563665e-10,3.146144942982701e-12,8.020857815454207e-13,8.100336393771232e-06,5.489897100433512e-10,65574999569.950485
595.2545100553561,0.23994636956308152,23.99463695630815,5.223969536485244e-14,6.915993706118971e-10,3.559805931560699e-12,9.34381205221858e-13,8.100336393771232e-06,6.048486194764215e-10,59519024828.332886
655.8212426897151,0.21778672198547472,21.77867219854747,5.755504805620648e-14,6.936160238571852e-10,4.026791909348571e-12,1.08955162410853e-12,8.100336393771232e-06,6.663915460754703e-10,54022293968.181465
722.5510036935286,0.19767346239050382,19.76734623905038,6.341126976930942e-14,6.957353542689164e-10,4.5497888196739996e-12,1.2645553470824071e-12,8.100336393771232e-06,7.341968346358117e-10,49033172443.26899
796.0708807291333,0.17941763995062115,17.941763995062114,6.98633938855034e-14,6.979573615152556e-10,5.140178884711843e-12,1.461340854526064e-12,8.100336393771232e-06,8.089016800051084e-10,44504790742.64335
877.0717710384243,0.1628477433320291,16.284774333202908,7.697205373193731e-14,7.002820452072392e-10,5.80529296064403e-12,1.690512947684634e-12,8.100336393771232e-06,8.912081150716474e-10,40394605245.60622
966.3148740951405,0.14780809287198343,14.780809287198343,8.48040523784716e-14,7.027094049334302e-10,6.555213643722145e-12,1.9516405348971274e-12,8.100336393771232e-06,9.81889608062985e-10,36663999399.096115
1064.6388449168464,0.13415738053873957,13.415738053873955,9.343299041425548e-14,7.052394402827791e-10,7.399888552743279e-12,2.2551060621278202e-12,8.100336393771232e-06,1.0817983311525725e-09,33277921552.75816
1172.9676752592488,0.1217673442043196,12.176734420431957,1.0293995760345258e-13,7.078721508592085e-10,8.351691901320804e-12,2.5967045578186883e-12,8.100336393771232e-06,1.19187316868048e-09,30204556110.492455
1292.3193767558053,0.11052156395920255,11.052156395920253,1.134142949199008e-13,7.106075362904205e-10,9.423759478415601e-12,2.9815549659294666e-12,8.100336393771232e-06,1.3131485402448902e-09,27415024954.668365
1423.815547601696,0.10031436929763682,10.03143692976368,1.2495443412186183e-13,7.134455962327112e-10,1.0626250091472067e-11,3.417726917231434e-12,8.100336393771232e-06,1.4467641215786227e-09,24883116371.948006
1568.6919126843384,0.09104984700878894,9.104984700878893,1.3766882275670068e-13,7.163863303730625e-10,1.1978558189634016e-11,3.918613028451379e-12,8.100336393771232e-06,1.5939755545618845e-09,22585038959.33012
1728.3099362104933,0.08264094052887407,8.264094052887405,1.5167694328815326e-13,7.194297384294148e-10,1.3501993541109221e-11,4.483759594834973e-12,8.100336393771232e-06,1.7561662470177411e-09,20499198217.215435
1904.1696159586827,0.07500863234913242,7.500863234913242,1.6711043592334822e-13,7.225758201497553e-10,1.52169075005958e-11,5.131446164894515e-12,8.100336393771232e-06,1.934860373177938e-09,18605993744.588043
2097.923579389951,0.06808120184023403,6.8081201840234025,1.841143356912659e-13,7.258245753104799e-10,1.7146494948598544e-11,5.862174642256099e-12,8.100336393771232e-06,2.1317371969899727e-09,16887635141.344927
2311.3926140839744,0.06179355155136117,6.1793551551361166,2.0284843539797424e-13,7.291760037143332e-10,1.931834639729214e-11,6.671691074044562e-12,8.100336393771232e-06,2.3486468528674853e-09,15327974895.862808
2546.5827784466433,0.0560865956774262,5.608659567742619,2.2348878726691326e-13,7.326301051881564e-10,2.176352458794378e-11,7.595052481977195e-12,8.100336393771232e-06,2.5876277321823917e-09,13912356693.455975
2805.704253485636,0.05090670496592478,5.090670496592478,2.4622935737577195e-13,7.361868795805784e-10,2.4508710269356134e-11,8.63819351468496e-12,8.100336393771232e-06,2.8509256388869605e-09,12627477724.762714
3091.1921128119525,0.046205202860687515,4.620520286068751,2.712838484373915e-13,7.398463267597537e-10,2.758273110143239e-11,9.805655558361427e-12,8.100336393771232e-06,3.141014894279151e-09,11461263703.514479
3405.7292060520335,0.04193790815782532,4.193790815782531,2.9888770805414593e-13,7.43608446611211e-10,3.104391539404293e-11,1.1137436430283484e-11,8.100336393771232e-06,3.4606215892417767e-09,10402755421.718218
3752.2713707153644,0.03806471988368031,3.8064719883680307,3.29300341318202e-13,7.47473239035841e-10,3.493397374087863e-11,1.2643503266631165e-11,8.100336393771232e-06,3.812749202466403e-09,9442005778.064873
4134.075209444193,0.03454924049943354,3.454924049943353,3.628075485504e-13,7.514407039480497e-10,3.930633480614583e-11,1.43080727084208e-11,8.100336393771232e-06,4.200706825407309e-09,8569986313.317491
4554.728693679843,0.03135843389574965,3.135843389574965,3.9972421108621267e-13,7.555108412740817e-10,4.4220071578800666e-11,1.6159052669314803e-11,8.100336393771232e-06,4.628140259207278e-09,7778502375.415517
5018.184881341147,0.028462314966693967,2.8462314966693962,4.4039725034824334e-13,7.596836509505113e-10,4.9736777597482206e-11,1.827569482800203e-11,8.100336393771232e-06,5.09906627582608e-09,7060116117.86077
5528.799065374266,0.025833667848112477,2.5833667848112474,4.852088880129161e-13,7.639591329228962e-10,5.5938982968541743e-11,2.061945993942666e-11,8.100336393771232e-06,5.617910365337961e-09,6408076608.362605
6091.369702274411,0.023447790174433773,2.344779017443377,5.345802379085121e-13,7.683372871445839e-10,6.290570327572653e-11,2.3254923477272837e-11,8.100336393771232e-06,6.1895483241253374e-09,5816256391.388182
6711.183505202018,0.021282260951905548,2.1282260951905543,5.889752633991342e-13,7.728181135756576e-10,7.070407548630205e-11,2.622744643357104e-11,8.100336393771232e-06,6.819352074790461e-09,5279093908.801619
7394.065125452515,0.01931672986787392,1.9316729867873919,6.489051374438101e-13,7.774016121820135e-10,7.94490873946104e-11,2.9584045335936166e-11,8.100336393771232e-06,7.513240148374185e-09,4791541237.742835
8146.43188915709,0.01753272605690588,1.7532726056905878,7.14933046304025e-13,7.820877829345518e-10,8.925361590593661e-11,3.323277757931945e-11,8.100336393771232e-06,8.277733303284235e-09,4349016654.802928
8975.354103598556,0.015913484527208564,1.5913484527208561,7.876794820421669e-13,7.868766258084724e-10,1.0025303257449526e-10,3.7331375034845915e-11,8.100336393771232e-06,9.120015803607725e-09,3947361580.8603096
9888.621499866033,0.014443788616620478,1.4443788616620474,8.678280735467121e-13,7.917681407826638e-10,1.1260534895552437e-10,4.1968340868393817e-11,8.100336393771232e-06,1.0048002932665914e-08,3582801502.074061
10894.816436238041,0.013109826997980347,1.3109826997980345,9.561320108807485e-13,7.967623278391731e-10,1.2644277660590825e-10,4.710771522838663e-11,8.100336393771232e-06,1.10704153762645e-08,3251910499.870287
12003.394550217161,0.011899063890326715,1.1899063890326713,1.0534211233261568e-12,8.018591869627497e-10,1.4196221322616868e-10,5.2755835289635444e-11,8.100336393771232e-06,1.2196861174650285e-08,2951579056.652845
13224.77361713712,0.010800121256423666,1.0800121256423665,1.1606096776387866e-12,8.070587181404485e-10,1.593598234223227e-10,5.916562331942404e-11,8.100336393771232e-06,1.3437926013311042e-08,2678984834.7386293
14570.431450384305,0.009802671879703762,0.980267187970376,1.2787049697981403e-12,8.123609213612931e-10,1.7886314368981647e-10,6.641432541962158e-11,8.100336393771232e-06,1.4805272701119422e-08,2431566153.947171
16053.013763243192,0.008897342315925214,0.8897342315925212,1.4088167909918414e-12,8.177657966159823e-10,2.0067330290049862e-10,7.434011101326818e-11,8.100336393771232e-06,1.6311750770658895e-08,2206997918.626599
17686.453005988926,0.008075624807612312,0.8075624807612312,1.552167856790733e-12,8.232733438966414e-10,2.2503492562527517e-10,8.300208557098899e-11,8.100336393771232e-06,1.7971517230692085e-08,2003169767.910221
19486.099294989155,0.007329797333556747,0.7329797333556746,1.710105297521953e-12,8.288835631966086e-10,2.5230512789546284e-10,9.281842552829905e-11,8.100336393771232e-06,1.980016960553327e-08,1818166243.8860927
21468.86466421102,0.006652851042092237,0.6652851042092236,1.8841133178198542e-12,8.345964545102504e-10,2.8283940492298107e-10,1.0387144941598126e-10,8.100336393771232e-06,2.1814892511552035e-08,1650248791.321629
23653.38199472605,0.0060384243862327954,0.6038424386232795,2.0758271443219552e-12,8.404120178328086e-10,3.1698585341884824e-10,1.1595309502227153e-10,8.100336393771232e-06,2.4034619148249765e-08,1497839419.7946577
26060.180115738818,0.00548074334173819,0.548074334173819,2.2870483925821548e-12,8.46330253160265e-10,3.551771614023859e-10,1.2908888429250225e-10,8.100336393771232e-06,2.6480209221507067e-08,1359505874.7028713
28711.876722639652,0.0049745671463269775,0.4974567146326977,2.5197619976107507e-12,8.523511604892285e-10,3.978897588251647e-10,1.4411033880254082e-10,8.100336393771232e-06,2.9174644971023907e-08,1233948177.801478
31633.39092501181,0.004515139050139001,0.45151390501390004,2.7761548671445214e-12,8.584747398168396e-10,4.4565507615497024e-10,1.6101270345847412e-10,8.100336393771232e-06,3.214324714410317e-08,1119986410.7881327
34852.17742199724,0.00409814161463799,0.409814161463799,3.058636432939601e-12,8.647009911406869e-10,4.989923302484407e-10,1.7960043239823238e-10,8.100336393771232e-06,3.541391294537518e-08,1016549627.1346473
38398.48450566475,0.003719656139886526,0.3719656139886526,3.3698612932162246e-12,8.710299144587401e-10,5.586637695242814e-10,1.996335819057549e-10,8.100336393771232e-06,3.9017378198576326e-08,922665787.9671059
42305.63831694768,0.003376125838919584,0.33761258389195836,3.712754159036026e-12,8.774615097692884e-10,6.252121378846354e-10,2.2212902851182997e-10,8.100336393771232e-06,4.298750618402704e-08,837452627.418908
46610.35602542304,0.0030643224131549035,0.3064322413154903,4.09053733904339e-12,8.839957770708931e-10,6.993614517201831e-10,2.4771147989635354e-10,8.100336393771232e-06,4.736160586613594e-08,760109361.6156371
51353.090876014576,0.0027813157147381085,0.2781315714738108,4.506761020856621e-12,8.906327163623428e-10,7.821080765733977e-10,2.758233753998292e-10,8.100336393771232e-06,5.2180782501448176e-08,689909163.3783164
56578.41234516955,0.0025244462107291304,0.252444621072913,4.965336633675907e-12,8.973723276426188e-10,8.744222005670432e-10,3.062524408199325e-10,8.100336393771232e-06,5.749032392204988e-08,626192331.9272261
62335.42497899587,0.002291299990365996,0.22912999903659959,5.470573605630518e-12,9.042146109108655e-10,9.773893180698364e-10,3.3945435632558957e-10,8.100336393771232e-06,6.33401261243958e-08,568360093.3995361
68678.22984935853,0.0020796860805399396,0.20796860805399395,6.027219861289519e-12,9.111595661663628e-10,1.0922363942317266e-09,3.7767111267867276e-10,8.100336393771232e-06,6.978516216299785e-08,515868973.9219129
75666.43296443355,0.00188761585630671,0.18876158563067097,6.640506439908274e-12,9.182071934085075e-10,1.2201749031402366e-09,4.2058662293448354e-10,8.100336393771232e-06,7.68859987553672e-08,468225692.3597151
83365.705411464,0.0017132843529467981,0.1713284352946798,7.316196653706855e-12,9.253574926367916e-10,1.362875948572227e-09,4.673493206445681e-10,8.100336393771232e-06,8.470936545296039e-08,424982524.74799865
91848.40049562084,0.0015550533039564837,0.15550533039564834,8.060640248141904e-12,9.3261046385079e-10,1.5218192129457616e-09,5.176080301476722e-10,8.100336393771232e-06,9.332878172687411e-08,385733096.8420192
101194.23367447684,0.0014114357455711215,0.14114357455711213,8.880833073138333e-12,9.399661070501447e-10,1.6988187067594242e-09,5.736670202299789e-10,8.100336393771232e-06,1.0282524786127148e-07,350108565.248197
111491.03167772814,0.0012810820431430772,0.12810820431430772,9.78448282603688e-12,9.474244222345561e-10,1.8962099927838426e-09,6.378635373965815e-10,8.100336393771232e-06,1.1328800614715991e-07,317774151.24807113
122835.55785195586,0.0011627672080585525,0.11627672080585523,1.0780081484071643e-11,9.549854094037734e-10,2.115765613665387e-09,7.087384162080188e-10,8.100336393771232e-06,1.2481537952977845e-07,288425994.7421874
135334.4214865372,0.0010553793860052217,0.10553793860052216,1.1876985107055766e-11,9.62649068557586e-10,2.360424145044291e-09,7.855580257195739e-10,8.100336393771232e-06,1.3751569559071435e-07,261788298.74915653
149105.07966602928,0.000957909408410144,0.09579094084101439,1.3085501760215241e-11,9.70415399695817e-10,2.63121996639289e-09,8.678455462844376e-10,8.100336393771232e-06,1.5150830454780217e-07,237610737.6255517
164276.94106385112,0.0008694413088585495,0.08694413088585494,1.4416988383418263e-11,9.782844028183187e-10,2.9327603748719655e-09,9.594289364732053e-10,8.100336393771232e-06,1.6692470083937624e-07,215666104.6506299
180992.5820500791,0.0007891437153723455,0.07891437153723455,1.58839575171214e-11,9.862560779249676e-10,3.2680887530871783e-09,1.0656478940662512e-09,8.100336393771232e-06,1.8390975883287763e-07,195748176.8692541
199409.08654163044,0.0007162620376580242,0.07162620376580241,1.7500194887980817e-11,9.94330425015659e-10,3.6410626741601584e-09,1.183013342731092e-09,8.100336393771232e-06,2.0262309427028617e-07,177669777.1280618
219699.52218597868,0.0006501113759042527,0.06501113759042526,1.928088895913086e-11,1.0025074440903073e-09,4.055740978067062e-09,1.3105501237523312e-09,8.100336393771232e-06,2.232405642444623e-07,161261015.0930176
242054.5667507075,0.0005900700844902198,0.059007008449021965,2.124277366256726e-11,1.0107871351488395e-09,4.515984129541545e-09,1.4476062794100235e-09,8.100336393771232e-06,2.4595591980229355e-07,146367690.7184744
266684.30000278424,0.0005355739301201546,0.05355739301201545,2.3404285654952523e-11,1.0191694981911944e-09,5.027620381483096e-09,1.5987403515696084e-09,8.100336393771232e-06,2.7098262670486837e-07,132849845.16445844
293820.1779165922,0.000486110789485598,0.048611078948559795,2.5785737574642016e-11,1.0276545332173217e-09,5.595886351593642e-09,1.7740535931469393e-09,8.100336393771232e-06,2.9855587145511996e-07,120580445.54455078
323717.20776317845,0.00044121583662714317,0.04412158366271431,2.8409508928099412e-11,1.0362422402271787e-09,6.2273982385749835e-09,1.968106755210488e-09,8.100336393771232e-06,3.2893477144442275e-07,109444191.1443911
356656.3445209606,0.00040046717476923923,0.04004671747692392,3.130025639954273e-11,1.0449326192207294e-09,6.9280537172408236e-09,2.1787514198229286e-09,8.100336393771232e-06,3.6240480998782967e-07,99336429.89233218
392947.13112796313,0.0003634818715785998,0.03634818715785998,3.448514556018828e-11,1.0537256701979447e-09,7.705278819399332e-09,2.405210688350911e-09,8.100336393771232e-06,3.9928051913099533e-07,90162174.89987078
432930.60738714365,0.0003299123605878714,0.032991236058787135,3.7994106154561865e-11,1.0626213931587997e-09,8.568617303048461e-09,2.649791229424002e-09,8.100336393771232e-06,4.3990843544024703e-07,81835211.82987158
476982.51486102893,0.0002994431749672154,0.029944317496721537,4.186011336291116e-11,1.0716197881032736e-09,9.527199911590649e-09,2.926907449525293e-09,8.100336393771232e-06,4.846703565526207e-07,74277288.7041452
525516.8278733945,0.000271787982949698,0.027178798294969796,4.611949768285959e-11,1.080720855031349e-09,1.0585852145474882e-08,3.242868405307314e-09,8.100336393771232e-06,5.339869290890234e-07,67417380.5366653
578989.6438002931,0.0002466868970511303,0.024668689705113028,5.081228634238985e-11,1.089924593943011e-09,1.1760019805359289e-08,3.5921953795743537e-09,8.100336393771232e-06,5.883216016476467e-07,61191021.88187348
637903.4692091612,0.00022390403179795446,0.022390403179795442,5.598257945256077e-11,1.0992310048382481e-09,1.3062458383747701e-08,3.970848528842898e-09,8.100336393771232e-06,6.48184980025603e-07,55539701.02574425
702811.9421246179,0.0002032252870121379,0.020322528701213788,6.16789644348197e-11,1.1086400877170502e-09,1.4507101182952489e-08,4.3771729165848065e-09,8.100336393771232e-06,7.141396255965969e-07,50410310.12657415
774325.0347981103,0.00018445633582165317,0.018445633582165315,6.795497261746124e-11,1.1181518425794085e-09,1.6106020754673482e-08,4.824603145758192e-09,8.100336393771232e-06,7.868053419370389e-07,45754646.138232194
853114.7858740031,0.0001674207984890418,0.01674207984890418,7.48695822920598e-11,1.1277662694253163e-09,1.7878654102274718e-08,5.340915235147155e-09,8.100336393771232e-06,8.66864999381235e-07,41528957.825839855
939921.6158197038,0.00015195858489675491,0.015195858489675489,8.248777295731027e-11,1.137483368254768e-09,1.984347831777371e-08,5.918699445885948e-09,8.100336393771232e-06,9.550709522414642e-07,37693534.61699499
1035561.2849685624,0.00013792439011291305,0.013792439011291303,9.088113595873804e-11,1.1473031390677574e-09,2.201920513185104e-08,6.548978780607762e-09,8.100336393771232e-06,1.0522521089982425e-06,34212333.42480298
1140932.559563229,0.0001251863288996777,0.01251863288996777,1.001285472627191e-10,1.1572255818642818e-09,2.442650817626524e-08,7.229833837102706e-09,8.100336393771232e-06,1.1593217219023565e-06,31052639.935812477
1257025.6578404848,0.00011362469633213993,0.011362469633213992,1.1031690868714868e-10,1.1672506966443374e-09,2.7097124204952894e-08,7.959840633601523e-09,8.100336393771232e-06,1.2772859691908124e-06,28184761.17983725
1384931.555528964,0.0001031308428807379,0.010313084288073789,1.2154196455441586e-10,1.1773784834079208e-09,3.0049767899522106e-08,8.764979699882062e-09,8.100336393771232e-06,1.4072534105674003e-06,25581746.49261281
1525852.2382074671,9.360615338587807e-05,0.009360615338587805,1.3390920144111738e-10,1.1876089421550307e-09,3.3318387328831506e-08,9.668218626040765e-09,8.100336393771232e-06,1.5504454048050264e-06,23219134.24905608
1681111.9968695694,8.496112032975697e-05,0.008496112032975697,1.4753483947983544e-10,1.1979420728856645e-09,3.6941251674739217e-08,1.068838476507862e-08,8.100336393771232e-06,1.7082075873683838e-06,21074721.98707452
1852169.872843721,7.711450269652717e-05,0.007711450269652716,1.6254692452866166e-10,1.20837787559982e-09,4.0946742888256327e-08,1.1819040434027422e-08,8.100336393771232e-06,1.8820225159170355e-06,19128357.761680987
2040633.3690189777,6.999256251626316e-05,0.006999256251626315,1.790865314720427e-10,1.218916350297497e-09,4.537746616090476e-08,1.3050747639114006e-08,8.100336393771232e-06,2.073523602524012e-06,17361750.76868126
2248273.5562265264,6.352837191820917e-05,0.006352837191820916,1.9730908996087218e-10,1.2295574969786937e-09,5.0268912439001536e-08,1.4374552058555695e-08,8.100336393771232e-06,2.284510463536845e-06,15758299.458285403
2477041.7167380466,5.7661184181395865e-05,0.005766118418139585,2.1738584505036846e-10,1.2403013156434087e-09,5.5673582269472116e-08,1.5831519183669123e-08,8.100336393771232e-06,2.51696583133017e-06,14302935.523353793
2729087.6812868584,5.23358628721246e-05,0.00523358628721246,2.395054664619658e-10,1.2511478062916421e-09,6.165724418714182e-08,1.7460910567303388e-08,8.100336393771232e-06,2.7730741868767324e-06,12981982.296170088
3006780.031932567,4.7502363703683375e-05,0.004750236370368337,2.6387582159213105e-10,1.2620969689233928e-09,6.827444015396388e-08,1.9319862785456897e-08,8.100336393771232e-06,3.055242288234922e-06,11783026.223035805
3312728.360624022,4.311526424911237e-05,0.004311526424911237,2.9072592892981596e-10,1.2731488035386602e-09,7.557770758922946e-08,2.138287062185224e-08,8.100336393771232e-06,3.3661217878676677e-06,10694800.208879212
3649807.7926337332,3.913333708753105e-05,0.0039133337087531046,3.203081102396347e-10,1.284303310137444e-09,8.367125261142323e-08,2.3628583589936662e-08,8.100336393771232e-06,3.7086341513372206e-06,9707077.735618515
4021186.0053206543,3.551916237270505e-05,0.0035519162372705045,3.529003617357282e-10,1.2955604887197438e-09,9.260024912514797e-08,2.6051749826248033e-08,8.100336393771232e-06,4.085998111547141e-06,8810576.759265509
4430352.99612821,3.223877618299383e-05,0.003223877618299383,3.888089665292514e-10,1.3069203392855595e-09,1.024803012689009e-07,2.8677985116076736e-08,8.100336393771232e-06,4.501759916530788e-06,7996872.4826495955
4881153.879559793,2.9261351348078086e-05,0.0029261351348078084,4.283713728997335e-10,1.3183828618348904e-09,1.1339869969218658e-07,3.1586034089653064e-08,8.100336393771232e-06,4.9598266550372925e-06,7258318.184051399
5377825.021338845,2.6558907753059483e-05,0.002655890775305948,4.719593654386531e-10,1.3299480563677364e-09,1.254392992136386e-07,3.481797444757361e-08,8.100336393771232e-06,5.464502973089717e-06,6587973.357738888
5925033.849321419,2.410604939753912e-05,0.002410604939753912,5.199825588657962e-10,1.3416159228840967e-09,1.3878630004119395e-07,3.835780208164872e-08,8.100336393771232e-06,6.0205315265563545e-06,5979538.491112498
6527922.715281103,2.1879725738708145e-05,0.0021879725738708144,5.728922473512581e-10,1.3533864613839726e-09,1.5349500946767404e-07,4.2306256623277406e-08,8.100336393771232e-06,6.633137549884944e-06,5427295.865532661
7192157.219753899,1.9859015075691134e-05,0.0019859015075691135,6.311856455167851e-10,1.365259671867363e-09,1.6976277231984343e-07,4.6684839205942425e-08,8.100336393771232e-06,7.308077959830958e-06,4926055.824510213
7923979.454072156,1.8024927939513168e-05,0.0018024927939513167,6.95410560970943e-10,1.3772355543342681e-09,1.8773604448544028e-07,5.145987467099525e-08,8.100336393771232e-06,8.051695455628485e-06,4471108.00431907
8730266.65992521,1.636022864106388e-05,0.0016360228641063878,7.661705422878836e-10,1.3893141087846878e-09,2.0755102248411112e-07,5.669272543277772e-08,8.100336393771232e-06,8.870978124005695e-06,4058177.068724884
9618595.857695397,1.4849273300069309e-05,0.0014849273300069309,8.441305508074373e-10,1.4014953352186215e-09,2.294979175084919e-07,6.248207261136337e-08,8.100336393771232e-06,9.773625109178353e-06,3683382.531850196
10597315.050909076,1.3477862832961744e-05,0.0013477862832961742,9.300232095568217e-10,1.41377923363607e-09,2.536655910162614e-07,6.879959753827156e-08,8.100336393771232e-06,1.0768118964949929e-05,3343202.2916146717
11675621.675940977,1.2233109518112442e-05,0.001223310951811244,1.0246556880177246e-09,1.4261658040370324e-09,2.803377682474961e-07,7.597383765038295e-08,8.100336393771232e-06,1.1863805368841554e-05,3034439.531058763
12863649.034196567,1.1103315884484894e-05,0.0011103315884484894,1.128917287437796e-09,1.4386550464215093e-09,3.097440737569974e-07,8.400047706084e-08,8.100336393771232e-06,1.3070980947358866e-05,2754192.676508659
14172561.519012246,1.007786478557392e-05,0.0010077864785573917,1.243787797968937e-09,1.4512469607895007e-09,3.4221740049498397e-07,9.281020219572597e-08,8.100336393771232e-06,1.4400990037726938e-05,2499828.130266679
15614659.532160662,9.147119625609261e-06,0.000914711962560926,1.3703467061679298e-09,1.4639415471410058e-09,3.780953366584478e-07,1.0239051451567079e-07,8.100336393771232e-06,1.586633129540408e-05,2268955.5215847497
17203495.075905617,8.302333800407402e-06,0.0008302333800407402,1.5097833393861601e-09,1.4767388054760252e-09,4.1761560926896886e-07,1.1287355923503346e-07,8.100336393771232e-06,1.748077514921014e-05,2059405.243343951
18953999.106873542,7.535568501849167e-06,0.0007535568501849166,1.663408042379518e-09,1.4896387357945592e-09,4.6132530699561955e-07,1.2433772811795747e-07,8.100336393771232e-06,1.9259493207844252e-05,1869208.063342885
20882621.848540466,6.83961811355676e-06,0.0006839618113556759,1.8326644911698628e-09,1.5026413380966068e-09,5.094698525346258e-07,1.3697439899827458e-07,8.100336393771232e-06,2.1219200833880696e-05,1696576.6185934206
23007487.380908243,6.207942496682799e-06,0.0006207942496682798,2.0191432598764537e-09,1.5157466123821683e-09,5.626727169894996e-07,1.5102059009200015e-07,8.100336393771232e-06,2.337831422506888e-05,1539888.6187181417
25348563.960116398,5.634605529471487e-06,0.0005634605529471487,2.224596768010734e-09,1.5289545586512448e-09,6.21289095076919e-07,1.6636265437304925e-07,8.100336393771232e-06,2.575712347909865e-05,1397671.6006045174
27927851.668553118,5.114219323022965e-06,0.0005114219323022964,2.4509557487003755e-09,1.542265176903835e-09,6.861167453429528e-07,1.8295009093991275e-07,8.100336393771232e-06,2.837798326819184e-05,1268589.0910490276
30769589.15889304,4.64189358903263e-06,0.0004641893589032629,2.7003473926014564e-09,1.5556784671399388e-09,7.57405224527203e-07,2.012330333056588e-07,8.100336393771232e-06,3.126552291537007e-05,1151428.0473557177
33900481.43492297,4.213189683692705e-06,0.0004213189683692704,2.9751153380047815e-09,1.569194429359557e-09,8.363151110177041e-07,2.2174941458627518e-07,8.100336393771232e-06,3.444687784657418e-05,1045087.4578631887
37349950.809707396,3.824078895887372e-06,0.0003824078895887372,3.277841694991759e-09,1.58281306356269e-09,9.231259302381237e-07,2.4437890323609795e-07,8.100336393771232e-06,3.7951944593687993e-05,948567.9952744072
41150413.399453,3.4709045876980694e-06,0.0003470904587698069,3.6113713106100696e-09,1.5965343697493365e-09,1.0191248148734493e-06,2.6950205826512854e-07,8.100336393771232e-06,4.181366174483674e-05,860962.6255573126
45337583.75140243,3.1503478314372093e-06,0.0003150347831437209,3.978838503099277e-09,1.6103583479194967e-09,1.1247377104117982e-06,2.971334543036472e-07,8.100336393771232e-06,4.606831948216946e-05,781448.0841640781
49950810.46847433,2.859396220287114e-06,0.0002859396220287114,4.383696516399206e-09,1.6242849980731715e-09,1.2415998987895594e-06,3.2712999254868705e-07,8.100336393771232e-06,5.075590061598262e-05,709277.1394674829
55033445.98465193,2.5953155594448255e-06,0.0002595315559444825,4.829749971737168e-09,1.6383143202103604e-09,1.3700801436889873e-06,3.601609856058915e-07,8.100336393771232e-06,5.59204563200225e-05,643771.5707107005
60633253.96606151,2.355624171742124e-06,0.0002355624171742124,5.321190621255811e-09,1.6524463143310632e-09,1.5122593584336246e-06,3.9754699624965467e-07,8.100336393771232e-06,6.161052009891541e-05,584315.7944812374
66802858.16625418,2.138069576280262e-06,0.0002138069576280262,5.862636739672967e-09,1.6666809804352797e-09,1.6684588161295993e-06,4.3914604677567785e-07,8.100336393771232e-06,6.787956387794605e-05,530351.0798144114
73600236.95377707,1.9406073209184645e-06,0.00019406073209184642,6.4591765241538684e-09,1.6810183185230111e-09,1.8412060897820744e-06,4.849679894877844e-07,8.100336393771232e-06,7.478650050125563e-05,481370.29756320233
81089268.15931582,1.7613817696962996e-06,0.00017613817696962995,7.11641591024241e-09,1.695458328594256e-09,2.0308145404893016e-06,5.355077346142494e-07,8.100336393771232e-06,8.239623736064492e-05,436913.15469211893
89340329.36256738,1.5987086646411825e-06,0.00015987086646411823,7.840531253198028e-09,1.7100010106490157e-09,2.2402642577420074e-06,5.907921774569901e-07,8.100336393771232e-06,9.078028635766646e-05,396561.8687097232
98430959.25998987,1.4510592980870256e-06,0.00014510592980870255,8.638327369806718e-09,1.7246463646872886e-09,2.4709753907720735e-06,6.506709853028968e-07,8.100336393771232e-06,0.00010001743593107456,359937.24159064464
108446586.32858396,1.3170461467645766e-06,0.00013170461467645764,9.51730148610979e-09,1.7393943907090756e-09,2.7256079128715894e-06,7.167325423617219e-07,8.100336393771232e-06,0.00011019449146496116,326695.0962920594
119481331.63326271,1.1954098326610126e-06,0.00011954098326610124,1.048571369199387e-08,1.7542450887143776e-09,3.0056388926026933e-06,7.900768392280398e-07,8.100336393771232e-06,0.00012140709103550143,296523.0423770965
131638893.32213011,1.0850072881144631e-06,0.0001085007288114463,1.155266456473362e-08,1.769198458703192e-09,3.3150564439246393e-06,8.704197503850187e-07,8.100336393771232e-06,0.0001337606041622261,269137.5403503626
145033521.12164602,9.848010139258524e-07,9.848010139258522e-05,1.272818069094864e-08,1.7842545006755215e-09,3.6556105818290055e-06,9.57683881119406e-07,8.100336393771232e-06,0.00014737112200976704,244281.23711790764
159791089.98941094,8.938493295420824e-07,8.938493295420823e-05,1.4023308890659678e-08,1.799413214631365e-09,4.030569275206796e-06,1.052628681366715e-06,8.100336393771232e-06,0.00016236654834541256,221720.547531841
176050283.01414698,8.112975236873439e-07,8.112975236873439e-05,1.5450220028908017e-08,1.8146746005707225e-09,4.444035955994812e-06,1.1563659290671323e-06,8.100336393771232e-06,0.0001788878015046666,201243.45929233686
193963894.67907828,7.36369822281361e-07,7.363698222813609e-05,1.70223233904991e-08,1.830038658493594e-09,4.89836211254185e-06,1.2724014229229084e-06,8.100336393771232e-06,0.00019709013866018481,182657.5405787796
213700266.73602888,6.683620981636949e-07,6.683620981636947e-05,1.8754392692698263e-08,1.8455053883999797e-09,5.399439886623672e-06,1.4021448481275076e-06,8.100336393771232e-06,0.00021714461483880206,165788.13168691617
235444870.1837488,6.066352541143283e-07,6.0663525411432825e-05,2.066270492007269e-08,1.8610747902898793e-09,5.948790052923176e-06,1.5465252059168687e-06,8.100336393771232e-06,0.00023923969039764582,150476.703678071
259402048.21698686,5.506092169879805e-07,5.5060921698798045e-05,2.2765193286169242e-08,1.8767468641632933e-09,6.5545538755992084e-06,1.7051994831600885e-06,8.100336393771232e-06,0.00026358300206546896,136579.3686159561
285796936.5255362,4.997574865225037e-07,4.997574865225036e-05,2.5081615759473466e-08,1.8925216100202216e-09,7.217571927718849e-06,1.8780356416915104e-06,8.100336393771232e-06,0.00029040331419242073,123965.52739114563
314877578.98911077,4.536021875942234e-07,4.536021875942233e-05,2.7633740737359063e-08,1.9083990278606634e-09,7.945952522918746e-06,2.0649895128046154e-06,8.100336393771232e-06,0.0003199526685449728,112516.64242625255
346917258.6501276,4.1170957942418e-07,4.1170957942418e-05,3.0445551612884095e-08,1.924379117684619e-09,8.743913732217799e-06,2.271113267119097e-06,8.100336393771232e-06,0.0003525087528485266,102125.1237284007
382217065.86953235,3.736859795333876e-07,3.736859795333875e-05,3.354347215683468e-08,1.9404618794920894e-09,9.616989583633197e-06,2.505292660108043e-06,8.100336393771232e-06,0.00038837751033589987,92693.31782075725
421108727.79969686,3.3917406414281474e-07,3.3917406414281475e-05,3.6956614833024876e-08,1.9566473132830733e-09,1.0572099753202084e-05,2.7675047816633014e-06,8.100336393771232e-06,0.0004278960148247044,84132.590051693
463957725.76416373,3.0784951025136197e-07,3.0784951025136194e-05,4.071705438037877e-08,1.9729354190575707e-09,1.1613984452476756e-05,3.059141435936373e-06,8.100336393771232e-06,0.0004714356383419551,76362.49165763632
511166729.8395283,2.7941794783606547e-07,2.7941794783606545e-05,4.48601292327571e-08,1.989326196815583e-09,1.2755483883225886e-05,3.3805504982112446e-06,8.100336393771232e-06,0.0005194055410633736,69310.0037521694
563179382.9157088,2.536121935330342e-07,2.5361219353303418e-05,4.942477360910083e-08,2.0058196465571096e-09,1.3995467987572306e-05,3.731624587841693e-06,8.100336393771232e-06,0.0005722565163638516,62908.85113680472
620484469.7949897,2.3018973980287495e-07,2.3018973980287493e-05,5.445388339468085e-08,2.02241576828215e-09,1.535024993043365e-05,4.113164893713684e-06,8.100336393771232e-06,0.0006304852271126138,57098.87948503809
683620510.5086261,2.0893047598523048e-07,2.0893047598523045e-05,5.999471925179442e-08,2.039114561990705e-09,1.6822992450689676e-05,4.527471547960925e-06,8.100336393771232e-06,0.0006946388730233333,51825.490046812774
753180821.0163321,1.8963461982622146e-07,1.8963461982622145e-05,6.609935074810879e-08,2.055916027682773e-09,1.8421245501741927e-05,4.989403574145627e-06,8.100336393771232e-06,0.0007653203329202514,47039.126561075325
829819088.8461925,1.7212084004048138e-07,1.7212084004048137e-05,7.282514567631448e-08,2.072820165358355e-09,2.0164704884235967e-05,5.501734694265366e-06,8.100336393771232e-06,0.000843193830244353,42694.8095547229
914255516.0716082,1.5622455226471564e-07,1.562245522647156e-05,8.023530916342867e-08,2.0898269750174526e-09,2.2057398307820085e-05,6.063209902400324e-06,8.100336393771232e-06,0.0009289911750407237,38751.71365155529
1007283587.3534485,1.4179637238913515e-07,1.4179637238913512e-05,8.83994776359887e-08,2.106936456660063e-09,2.411763598270143e-05,6.678028750426892e-06,8.100336393771232e-06,0.0010235186410856975,35172.7839190237
1109777526.6495228,1.287007127320755e-07,1.287007127320755e-05,9.73943732228742e-08,2.1241486102861877e-09,2.635363159817574e-05,7.347576897433211e-06,8.100336393771232e-06,0.0011276645427810339,31924.387647426778
1222700512.6652236,1.1681450786545981e-07,1.1681450786545979e-05,1.0730452474545756e-07,2.1414634358958257e-09,2.8781376890123732e-05,8.071389866986953e-06,8.100336393771232e-06,0.001168145078654598,28975.998289175775
1347113730.2494135,1.0602605811714888e-07,1.0602605811714886e-05,1.1822306207053345e-07,2.158880933488979e-09,3.142866498417349e-05,8.855085651674346e-06,8.100336393771232e-06,0.0010602605811714887,26299.908587972244
1484186342.7952623,9.623397988209101e-08,9.6233979882091e-06,1.3025259129088945e-07,2.1764011030656455e-09,3.42928252366956e-05,9.720173186321915e-06,8.100336393771232e-06,0.00096233979882091,23870.970202054443
1635206479.3609757,8.734625287789337e-08,8.734625287789335e-06,1.4350615895796618e-07,2.1940239446258264e-09,3.7412866087019634e-05,1.0700540015313976e-05,8.100336393771232e-06,0.0008734625287789336,21666.35737464005
1801593339.760958,7.927935539148064e-08,7.927935539148063e-06,1.5810831442790286e-07,2.211749458169522e-09,4.080326275468475e-05,1.1794929394545479e-05,8.100336393771232e-06,0.0007927935539148065,19665.352430678235
1984910531.384053,7.195747939038871e-08,7.195747939038871e-06,1.74196280304281e-07,2.229577643696731e-09,4.44798713521592e-05,1.2999421202237682e-05,8.100336393771232e-06,0.0007195747939038871,17849.151084133602
2186880763.070584,6.531181812276226e-08,6.531181812276226e-06,1.9192124197671228e-07,2.247508501207454e-09,4.849549161743715e-05,1.4320206568215041e-05,8.100336393771232e-06,0.0006531181812276226,16200.685726192183
2409402034.1327124,5.9279919511334794e-08,5.927991951133479e-06,2.1144976837360483e-07,2.2655420307016913e-09,5.284807579039415e-05,1.576254379110446e-05,8.100336393771232e-06,0.000592799195113348,14704.465033754681
2654565470.6531796,5.380509926496148e-08,5.380509926496147e-06,2.3296537728052184e-07,2.2836782321794425e-09,5.759079887805325e-05,1.7329451128339288e-05,8.100336393771232e-06,0.0005380509926496147,13346.428390950274
2924674976.6776342,4.883590819246666e-08,4.883590819246665e-06,2.566702599340881e-07,2.301917105640708e-09,6.276267153845553e-05,1.9027775257818112e-05,8.100336393771232e-06,0.0004883590819246667,12113.81375560863
3222268884.9710717,4.4325648712930356e-08,4.432564871293035e-06,2.827871810981785e-07,2.3202586510854876e-09,6.837382116753493e-05,2.095404313345249e-05,8.100336393771232e-06,0.00044325648712930353,10995.037728975849
3550143810.799645,4.023193601885729e-08,4.023193601885728e-06,3.1156157247820415e-07,2.3387028685137806e-09,7.451061431471417e-05,2.3134898564869995e-05,8.100336393771232e-06,0.00040231936018857286,9979.586701638924
3911380932.9019213,3.651629976829337e-08,3.651629976829336e-06,3.432638391461946e-07,2.3572497579255874e-09,8.12022351081097e-05,2.55485932577933e-05,8.100336393771232e-06,0.00036516299768293365,9057.918052710993
4309374948.622941,3.314382256282306e-08,3.3143822562823055e-06,3.781919006511246e-07,2.3758993193209094e-09,8.847315488223312e-05,2.8187261331450044e-05,8.100336393771232e-06,0.0003314382256282306,8221.370473804602
4747865975.31451,3.008281181407446e-08,3.008281181407446e-06,4.1667399069435447e-07,2.394651552699745e-09,9.645581730840822e-05,3.104110540807821e-05,8.100336393771232e-06,0.00030082811814074464,7462.082575069944
5230974697.7929125,2.7304501915120508e-08,2.7304501915120507e-06,4.5907174167994173e-07,2.4135064580620947e-09,0.00010514279502841505,3.4127420011309404e-05,8.100336393771232e-06,0.0002730450191512051,6772.919008403978
5763241092.1491995,2.478278391795863e-08,2.4782783917958625e-06,5.057835831266115e-07,2.4324640354079584e-09,0.00011463847321207435,3.743701519861378e-05,8.100336393771232e-06,0.0002478278391795863,6147.4034135798875
6349667089.816237,2.2493960176732203e-08,2.24939601767322e-06,5.572484858777168e-07,2.4515242847373364e-09,0.00012505876573918725,4.098096425432137e-05,8.100336393771232e-06,0.00022493960176732204,5579.657557162923
6995763582.824563,2.0416521650974055e-08,2.0416521650974053e-06,6.13950087295093e-07,2.4706872060502275e-09,0.00013640506545862786,4.4833934852542935e-05,8.100336393771232e-06,0.00020416521650974055,5064.346092275649
7707602211.975292,1.8530945776096232e-08,1.853094577609623e-06,6.764212362029949e-07,2.4899527993466346e-09,0.0001488371730612809,4.900252157939517e-05,8.100336393771232e-06,0.00018530945776096228,4596.626420096762
8491872424.605372,1.681951300163002e-08,1.6819513001630019e-06,7.452490002928686e-07,2.5093210646265543e-09,0.0001625110479078177,5.34432272010145e-05,8.100336393771232e-06,0.00016819513001630021,4172.103181920836
9355944338.14098,1.5266140273148906e-08,1.5266140273148905e-06,8.210801830456502e-07,2.5287920018899883e-09,0.00017741431406225077,5.811432762879659e-05,8.100336393771232e-06,0.00015266140273148906,3786.7869541217883
10307938000.194365,1.3856229893033926e-08,1.3856229893033924e-06,9.046274020164301e-07,2.5483656111369366e-09,0.00019378418611162572,6.29766184837077e-05,8.100336393771232e-06,0.00013856229893033926,3437.0567578592177
11356799696.070377,1.2576532339762455e-08,1.2576532339762454e-06,9.966757856016798e-07,2.568041892367399e-09,0.00021175562941370943,6.799251901379891e-05,8.100336393771232e-06,0.00012576532339762453,3119.626031215539
12512386020.776596,1.1415021756575303e-08,1.14150217565753e-06,1.0980903512213987e-06,2.5878208455813746e-09,0.00023142187590238485,7.312473526829844e-05,8.100336393771232e-06,0.00011415021756575302,2831.5117439897313
13785556505.5971,1.036078293943688e-08,1.036078293943688e-06,1.2098241342520545e-06,2.6077024707788646e-09,0.0002530576345611754,7.833885356568559e-05,8.100336393771232e-06,0.00010360782939436878,2570.006364906436
15188275669.680408,9.403908762266949e-09,9.403908762266948e-07,1.3329271441013002e-06,2.6276867679598694e-09,0.00027681995918242753,8.369441119828792e-05,8.100336393771232e-06,9.403908762266948e-05,2332.6524178045397
16733725455.664097,8.535407075505002e-09,8.535407075505002e-07,1.4685562315885271e-06,2.6477737371243872e-09,0.0003027971787304909,8.914728323523697e-05,8.100336393771232e-06,8.535407075505002e-05,2117.2193876988545
18436429105.940273,7.747116203094531e-09,7.74711620309453e-07,1.6179859603591294e-06,2.6679633782724198e-09,0.0003314368400550668,9.474514523360112e-05,8.100336393771232e-06,7.747116203094532e-05,1921.6827596916016
20312387643.679817,7.031628243776388e-09,7.031628243776387e-07,1.782620584495777e-06,2.688255691403967e-09,0.00036290024167559315,0.00010044918468460313,8.100336393771232e-06,7.031628243776387e-05,1744.2049937534332
22379230241.18472,6.382219455921392e-09,6.382219455921392e-07,1.964007244885323e-06,2.7086506765190274e-09,0.0003973300096490914,0.00010614174938042397,8.100336393771232e-06,6.382219455921393e-05,1583.1182565860372
24656379888.643436,5.792787071699023e-09,5.792787071699023e-07,2.163850508353183e-06,2.7291483336176025e-09,0.0004351641191689257,0.00011169306748242384,8.100336393771232e-06,5.792787071699023e-05,1436.9087482903446
27165235920.148323,5.257791946798364e-09,5.257791946798364e-07,2.384028386195553e-06,2.7497486626996915e-09,0.0004767286129396491,0.00011711770343702025,8.100336393771232e-06,5.257791946798364e-05,1304.2024765514504
29929375112.24878,4.772206506756628e-09,4.772206506756627e-07,2.626609982642338e-06,2.770451663765294e-09,0.0005221797458426494,0.00012232540645772865,8.100336393771232e-06,4.772206506756627e-05,1183.7523446542773
32974773244.848213,4.331467500724916e-09,4.331467500724915e-07,2.8938749391008623e-06,2.7912573368144103e-09,0.0005720168682840702,0.0001272881363863893,8.100336393771232e-06,4.3314675007249164e-05,1074.4264319906154
36330049206.54543,3.931433118678534e-09,3.9314331186785337e-07,3.1883348569060625e-06,2.812165681847041e-09,0.0006266246294305602,0.0001320347573986278,8.100336393771232e-06,3.931433118678534e-05,975.1973569245478
40026733938.381966,3.568344069084124e-09,3.5683440690841234e-07,3.5127568998958463e-06,2.8331766988631864e-09,0.0006860052088436108,0.00013667406364245075,8.100336393771232e-06,3.5683440690841245e-05,885.1326220545998
44099566743.37146,3.2387882512542358e-09,3.2387882512542354e-07,3.870189798614821e-06,2.8542903878628444e-09,0.0007509259575307589,0.000141181897281856,8.100336393771232e-06,3.238788251254235e-05,803.3858511430193
48586821746.35832,2.9396686904003726e-09,2.9396686904003724e-07,4.263992500518993e-06,2.8755067488460176e-09,0.0008219478078962693,0.0001454684090752771,8.100336393771232e-06,2.9396686904003724e-05,729.1888353618714
53530667572.08507,2.668174434056851e-09,2.668174434056851e-07,4.697865735419381e-06,2.8968257818127047e-09,0.0008988398274428598,0.00014943917625026353,8.100336393771232e-06,2.668174434056851e-05,661.8443141112107
58977563621.51554,2.4217541363768402e-09,2.42175413637684e-07,5.175886792798357e-06,2.918247486762906e-09,0.0009821082115487308,0.00015302907388403303,8.100336393771232e-06,2.4217541363768405e-05,600.7194225676197
64978696670.38832,2.198092082061146e-09,2.1980920820611456e-07,5.702547837815737e-06,2.939771863696622e-09,0.0010730637640020003,0.00015620021716506553,8.100336393771232e-06,2.1980920820611458e-05,545.2397443869835
71590461892.90251,1.9950864246064267e-09,1.9950864246064263e-07,6.282798126076377e-06,2.961398912613851e-09,0.00117122805827265,0.0001589253213170766,8.100336393771232e-06,1.9950864246064264e-05,494.8839136722249
78874992830.9157,1.8108294343685881e-09,1.810829434368588e-07,6.922090513869058e-06,2.983128633514595e-09,0.0012769101552519715,0.00016118432023384544,8.100336393771232e-06,1.8108294343685883e-05,449.17871547844
86900745289.00018,1.6435895708239995e-09,1.6435895708239995e-07,7.626432700953134e-06,3.004961026398852e-09,0.0013916965652192945,0.00016304867032419042,8.100336393771232e-06,1.6435895708239998e-05,407.69463881279785
95743140642.46387,1.4917952105540823e-09,1.491795210554082e-07,8.402443687442884e-06,3.0268960912666237e-09,0.001515250098018284,0.00016461539315827423,8.100336393771232e-06,1.4917952105540822e-05,370.04184033888333
105485274603.77194,1.3540198780382776e-09,1.3540198780382775e-07,9.257415975338677e-06,3.0489338281179094e-09,0.0016480792204569524,0.00016583769141818053,8.100336393771232e-06,1.3540198780382777e-05,335.8664808547126
116218698107.94592,1.228968840462929e-09,1.2289688404629289e-07,1.019938409923891e-05,3.071074236952709e-09,0.0017913394212642527,0.00016664630223467541,8.100336393771232e-06,1.228968840462929e-05,304.84740011675945
128044277655.25256,1.1154669405718222e-09,1.115466940571822e-07,1.1237200130245007e-05,3.0933173177710223e-09,0.0019457792120287914,0.00016702345304078702,8.100336393771232e-06,1.1154669405718221e-05,276.6930987619072
141073143196.17606,1.012447553218656e-09,1.0124475532186557e-07,1.238061686260067e-05,3.1156630705728497e-09,0.002111198278271416,0.00016670736723041908,8.100336393771232e-06,1.0124475532186558e-05,251.1389989651993
155427732466.3592,9.189425618413849e-10,9.189425618413848e-08,1.3640379464806253e-05,3.1381114953581917e-09,0.0022884933799247648,0.00016611919514148866,8.100336393771232e-06,9.18942561841385e-06,227.94495809060408
171242941585.5598,8.340732606632452e-10,8.340732606632451e-08,1.5028326456491621e-05,3.1606625921270485e-09,0.002480570401432519,0.0001650685695071238,8.100336393771232e-06,8.340732606632453e-06,206.89301196954818
188667392733.29102,7.570420971245596e-10,7.570420971245595e-08,1.655750095997011e-05,3.1833163608794175e-09,0.0026859396516376354,0.00016355976230893806,8.100336393771232e-06,7.570420971245596e-06,187.78532659984285
207864830814.022,6.871251769455107e-10,6.871251769455105e-08,1.8242273271950982e-05,3.206072801615302e-09,0.0029056476382904517,0.00016161425489317168,8.100336393771232e-06,6.871251769455107e-06,170.44233901626387
229015662236.9959,6.236654613867734e-10,6.236654613867733e-08,2.0098475907268698e-05,3.228931914334699e-09,0.0031416848571064553,0.00015933259648060808,8.100336393771232e-06,6.236654613867735e-06,154.70106986175622
252318650271.2211,5.660665927798215e-10,5.6606659277982144e-08,2.2143552383691388e-05,3.2518936990376117e-09,0.0033949894881478153,0.00015671308725191858,8.100336393771232e-06,5.6606659277982155e-06,140.4135918017901
277992782907.60596,5.137872903028004e-10,5.137872903028003e-08,2.439672114600254e-05,3.274958155724039e-09,0.003663833819237959,0.00015371137370614842,8.100336393771232e-06,5.137872903028003e-06,127.44563938890848
306279330781.3193,4.66336263336726e-10,4.6633626333672595e-08,2.687915616981896e-05,3.298125284393979e-09,0.003954654269174527,0.00015031735318382153,8.100336393771232e-06,4.66336263336726e-06,115.67534731378215
337444114493.54297,4.2326759460066555e-10,4.232675946006655e-08,2.961418594235555e-05,3.321395085047434e-09,0.004262848707040776,0.00014654895716593566,8.100336393771232e-06,4.232675946006655e-06,104.99210518558269
371780002639.58997,3.8417654967928605e-10,3.84176549679286e-08,3.2627512690042585e-05,3.3447675576844006e-09,0.004592196602698177,0.00014247207857414853,8.100336393771232e-06,3.8417654967928605e-06,95.29551807956528
409609664018.4221,3.486957735631203e-10,3.486957735631203e-08,3.594745391317071e-05,3.3682427023048837e-09,0.00494355414563988,0.00013808061646208378,8.100336393771232e-06,3.486957735631203e-06,86.49446308368462
451288599887.2127,3.164918384588704e-10,3.1649183845887034e-08,3.960520849736423e-05,3.39182051890888e-09,0.005314437478742168,0.0001333782455402805,8.100336393771232e-06,3.1649183845887037e-06,78.50623297822364
497208484756.3582,2.872621104280281e-10,2.872621104280281e-08,4.3635149902646765e-05,3.4155010074963904e-09,0.005712559338635717,0.00012839368873539587,8.100336393771232e-06,2.872621104280281e-06,71.2557590012221
547800847119.77844,2.6073190540832344e-10,2.607319054083234e-08,4.807514918531918e-05,3.4392841680674152e-09,0.006131879608520036,0.000123179435172986,8.100336393771232e-06,2.607319054083234e-06,64.67490539571074
603541124709.8776,2.366519078919295e-10,2.366519078919295e-08,5.296693088822186e-05,3.4631700006219535e-09,0.006576728606577846,0.00011778778630746718,8.100336393771232e-06,2.366519078919295e-06,58.70182910931312
664953132386.1162,2.1479582800265292e-10,2.147958280026529e-08,5.8356465143833533e-05,3.4871585051600066e-09,0.007047819297217948,0.00011224629843429928,8.100336393771232e-06,2.147958280026529e-06,53.28039862904119
732613984643.8054,1.949582749546838e-10,1.9495827495468378e-08,6.429439967496254e-05,3.5112496816815735e-09,0.007542156242352627,0.00010658927461388374,8.100336393771232e-06,1.949582749546838e-06,48.35966648983273
807159519002.0353,1.769528269088943e-10,1.7695282690889426e-08,7.083653575272517e-05,3.5354435301866547e-09,0.008068172036013397,0.00010085773632601917,8.100336393771232e-06,1.7695282690889428e-06,43.89339049976878
889290271236.5731,1.606102790883197e-10,1.6061027908831968e-08,7.804435258458661e-05,3.5597400506752494e-09,0.008619038135886726,9.510449456505447e-05,8.100336393771232e-06,1.606102790883197e-06,39.839599182725
979778058609.5328,1.4577705368962e-10,1.4577705368961997e-08,8.598558506036132e-05,3.584139243147359e-09,0.009199463989090585,8.937195758235845e-05,8.100336393771232e-06,1.4577705368962001e-06,36.16019735473709
1079473232961.1716,1.323137566477955e-10,1.3231375664779548e-08,9.473486028549337e-05,3.608641107602981e-09,0.009810168312358276,8.312046050446891e-05,8.100336393771232e-06,1.323137566477955e-06,32.82060812751644
1189312671824.2192,1.2009386769145913e-10,1.2009386769145911e-08,0.00010437439888339218,3.6332456440421186e-09,0.010448101043929972,7.745891629791397e-05,8.100336393771232e-06,1.2009386769145912e-06,29.789447974870555
1310328582656.517,1.0900255137857588e-10,1.0900255137857587e-08,0.00011499478765724873,3.657952852464769e-09,0.011121940156854047,7.194090963885676e-05,8.100336393771232e-06,1.0900255137857589e-06,27.038231808493673
1443658202929.167,9.893557793945595e-11,9.893557793945594e-09,0.0001266958308723719,3.682762732870934e-09,0.011824878625957488,6.659250448401355e-05,8.100336393771232e-06,9.893557793945596e-07,24.541105291596637
1590554487225.8972,8.979834378572176e-11,8.979834378572176e-09,0.00013958748815889345,3.7076752852606137e-09,0.0125619114168531,6.144084686564346e-05,8.100336393771232e-06,8.979834378572177e-07,22.274601874817822
1752397881784.8777,8.150498248055236e-11,8.150498248055235e-09,0.00015379090784871404,3.732690509633808e-09,0.013333985603607794,5.651412868958339e-05,8.100336393771232e-06,8.150498248055236e-07,20.217422271177504
1930709297133.2993,7.39775578156199e-11,7.397755781561989e-09,0.00016943956545739132,3.7578084059905146e-09,0.014138449005097932,5.182374096645729e-05,8.100336393771232e-06,7.397755781561989e-07,18.350234297709395
2127164400724.0125,6.714533141172325e-11,6.7145331411723245e-09,0.00018668051800976252,3.783028974330736e-09,0.014983901040841848,4.738166784699513e-05,8.100336393771232e-06,6.714533141172326e-07,16.655491202797062
2343609363888.1675,6.094409796045218e-11,6.094409796045218e-09,0.00020567578599672942,3.808352214654471e-09,0.015864288777293737,4.319301590102355e-05,8.100336393771232e-06,6.094409796045217e-07,15.11726677196041
2582078211084.6016,5.5315581859868656e-11,5.531558185986865e-09,0.00022660387595003494,3.8337781269617215e-09,0.016784830411976346,3.925683196548061e-05,8.100336393771232e-06,5.531558185986866e-07,13.721105662512032
2844811934484.1484,5.020688957413729e-11,5.020688957413728e-09,0.0002496614579433059,3.859306711252486e-09,0.01774694519208821,3.558226956576559e-05,8.100336393771232e-06,5.020688957413729e-07,12.453887560615227
3134279553516.6943,4.557001257069674e-11,4.557001257069673e-09,0.0002750652137835482,3.884937967526763e-09,0.01874874728149548,3.216062099341627e-05,8.100336393771232e-06,4.5570012570696733e-07,11.30370388417019
3453201317286.412,4.1361376163863865e-11,4.1361376163863865e-09,0.00030305387326132714,3.9106718957845535e-09,0.01979853945253117,2.8987741116207505e-05,8.100336393771232e-06,4.1361376163863864e-07,10.259745872853596
3804574267898.0737,3.754143002516358e-11,3.754143002516358e-09,0.0003338904575951368,3.93650849602586e-09,0.02089160560704166,2.606094868232908e-05,8.100336393771232e-06,3.7541430025163584e-07,9.31220301364637
4191700404923.5938,3.407427651223967e-11,3.4074276512239665e-09,0.00036786475115253397,3.9624477682506796e-09,0.02203328273285623,2.3366524699950622e-05,8.100336393771232e-06,3.407427651223967e-07,8.452170847312182
4618217715682.493,3.0927333323592734e-11,3.0927333323592735e-09,0.0004052960246758694,3.9884897124590155e-09,0.023225619214786296,2.0898281814449264e-05,8.100336393771232e-06,3.0927333323592735e-07,7.6715672894442735
5088134362940.568,2.8071027308973958e-11,2.8071027308973958e-09,0.00044653603560388695,4.014634328650862e-09,0.02446772323209057,1.864342462139297e-05,8.100336393771232e-06,2.807102730897396e-07,6.963056679715221
5605866351303.152,2.547851655803944e-11,2.5478516558039435e-09,0.0004919723336844938,4.040881616826224e-09,0.02576730320142317,1.6588568385192175e-05,8.100336393771232e-06,2.547851655803944e-07,6.319980845587939
6176279026269.886,2.312543815561617e-11,2.312543815561617e-09,0.0005420319029429303,4.0672315769851e-09,0.027121347978460143,1.4725837634681181e-05,8.100336393771232e-06,2.3125438155616172e-07,5.736296532664735
6804732795935.053,2.0989679233129542e-11,2.098967923312954e-09,0.0005971851742304479,4.093684209127491e-09,0.028535082989179783,1.3039403527867779e-05,8.100336393771232e-06,2.0989679233129542e-07,5.206518613681068
7497133504999.561,1.9051169164666206e-11,1.9051169164666203e-09,0.0006579504460611038,4.1202395132533956e-09,0.030011162874417383,1.151514412576872e-05,8.100336393771232e-06,1.9051169164666203e-07,4.725668542455007
8259987934480.462,1.7291690954850918e-11,1.7291690954850915e-09,0.0007248987552811459,4.146897489362814e-09,0.03154982618632747,1.0147375449098536e-05,8.100336393771232e-06,1.7291690954850918e-07,4.28922756839236
9100464948671.975,1.569471004607039e-11,1.569471004607039e-09,0.0007986592433427017,4.1736581374557465e-09,0.03315784829423935,8.879370400613829e-06,8.100336393771232e-06,1.569471004607039e-07,3.893094271884647
10026462863981.904,1.4245218936273046e-11,1.4245218936273043e-09,0.0008799250686109229,4.200521457532191e-09,0.034834268424683984,7.5795582789069655e-06,8.100336393771232e-06,1.4245218936273046e-07,3.5335460215420005
11046683672736.834,1.2929596147152764e-11,1.2929596147152763e-09,0.0009694599202650239,4.227487449592152e-09,0.03658412391626519,6.5928557304343e-06,8.100336393771232e-06,1.2929596147152764e-07,3.2072039910584573
12170714819468.053,1.1735478217381826e-11,1.1735478217381825e-09,0.0010681051950070565,4.254556113635627e-09,0.03841081336149068,5.72040932538948e-06,8.100336393771232e-06,1.1735478217381827e-07,2.911001406958476
13409119298164.941,1.06516435179587e-11,1.06516435179587e-09,0.0011767879040210174,4.281727449662614e-09,0.04031608243474403,4.953945083135085e-06,8.100336393771232e-06,1.06516435179587e-07,2.642154728835203
14773534917177.396,9.667906797835096e-12,9.667906797835095e-10,0.0012965293844872956,4.309001457673119e-09,0.042305921929161584,4.281303899881967e-06,8.100336393771232e-06,9.667906797835099e-08,2.398137491249174
16276783664601.186,8.775023468823202e-12,8.7750234688232e-10,0.0014284548975182036,4.336378137667135e-09,0.04438195156469711,3.6920067938501275e-06,8.100336393771232e-06,8.775023468823202e-08,2.176656561468771
17932992201899.223,7.964602730307715e-12,7.964602730307714e-10,0.0015738042027104839,4.363857489644666e-09,0.046549445817323204,3.1032561339472357e-06,8.100336393771232e-06,7.964602730307715e-08,1.975630589936336
19757724618087.676,7.229028717359345e-12,7.229028717359344e-10,0.0017339432086882654,4.391439513605711e-09,0.04881301838932836,2.667811886752453e-06,8.100336393771232e-06,7.229028717359345e-08,1.7931704509499837
21768128692034.184,6.561388931245171e-12,6.56138893124517e-10,0.001910376809121561,4.41912420955027e-09,0.05117636450633375,2.2896011817634405e-06,8.100336393771232e-06,6.56138893124517e-08,1.6275614897539044
23983097037356.39,5.955409279767367e-12,5.955409279767367e-10,0.002104763024845761,4.4469115774783435e-09,0.053645511328708526,1.9625020647578553e-06,8.100336393771232e-06,5.955409279767367e-08,1.4772474092056267
26423444644267.324,5.405395116976956e-12,5.405395116976955e-10,0.002318928584981573,4.47480161738993e-09,0.056224777730803956,1.6794322178674884e-06,8.100336393771232e-06,5.405395116976956e-08,1.3408156445964485
29112104486803.24,4.906177728187915e-12,4.906177728187914e-10,0.0025548860934777734,4.502794329285031e-09,0.058920304854499124,1.4355306254858019e-06,8.100336393771232e-06,4.906177728187915e-08,1.2169840891860677
32074343033636.855,4.4530657573889e-12,4.4530657573889e-10,0.0028148529423979445,4.5308897131636445e-09,0.06173821716318291,1.2257209634005332e-06,8.100336393771232e-06,4.4530657573889005e-08,1.1045890457056897
35337997687723.34,4.041801120595277e-12,4.041801120595276e-10,0.0031012721496874555,4.559087769025775e-09,0.06468411314701851,1.0453392807504046e-06,8.100336393771232e-06,4.041801120595277e-08,1.0025742906047597
38933738386096.734,3.668518990841062e-12,3.6685189908410614e-10,0.0034168353172417155,4.587388496871419e-09,0.06776487105873139,8.908678671843916e-07,8.100336393771232e-06,3.668518990841062e-08,0.9099811482735392
42895355818183.07,3.3297114787724674e-12,3.3297114787724666e-10,0.0037645079250226013,4.6157918967005755e-09,0.07098693010204374,7.147489742235034e-07,8.100336393771232e-06,3.329711478772467e-08,0.8259394819647061
47260078971137.26,3.0221946675345665e-12,3.022194667534566e-10,0.004147557198922333,4.6442979685132475e-09,0.07435760901998964,6.079589985076012e-07,8.100336393771232e-06,3.022194667534566e-08,0.7496595167519525
52068924986311.836,2.74307869216392e-12,2.7430786921639193e-10,0.004569582814260959,4.672906712309433e-09,0.07788451280989678,5.167870034753208e-07,8.100336393771232e-06,2.7430786921639193e-08,0.6804244176824399
57367084614605.56,2.4897405823106697e-12,2.4897405823106693e-10,0.005034550723451073,4.7016181280891324e-09,0.08157495038626376,4.3876790822571156e-07,8.100336393771232e-06,2.4897405823106693e-08,0.6175835533769083
63204346892978.15,2.259799613081699e-12,2.2597996130816989e-10,0.005546830425722577,4.730432215852346e-09,0.08543712598850543,3.7234995186453027e-07,8.100336393771232e-06,2.2597996130816993e-08,0.5605463817726426
69635567032996.01,2.051094932366323e-12,2.051094932366323e-10,0.0061112360291468906,4.759348975599074e-09,0.08947933306187958,3.157579945678112e-07,8.100336393771232e-06,2.051094932366323e-08,0.5087769005510397
76721181918353.25,1.861665254399136e-12,1.861665254399136e-10,0.00673307149083756,4.788368407329315e-09,0.09371041355046807,2.675228458472055e-07,8.100336393771232e-06,1.861665254399136e-08,0.46178861009812655
84527778055716.42,1.689730428731816e-12,1.689730428731816e-10,0.0074181804604686544,4.8174905110430715e-09,0.09813969771285577,2.2653443333678341e-07,8.100336393771232e-06,1.6897304287318158e-08,0.41913994166283286
93128717316165.83,1.533674711409779e-12,1.5336747114097787e-10,0.00817300119551137,4.846715286740341e-09,0.1027764579242251,1.706527617471914e-07,8.100336393771232e-06,1.533674711409779e-08,0.38043010774950187
102604826347588.62,1.3920315811458924e-12,1.3920315811458922e-10,0.00900462706425047,4.876042734421124e-09,0.10763074432316821,1.4441706916526958e-07,8.100336393771232e-06,1.3920315811458926e-08,0.3452953357490333
113045156136724.62,1.263469957802403e-12,1.2634699578024027e-10,0.009920873205153021,4.905472854085423e-09,0.11271296906754981,1.2211684281883333e-07,8.100336393771232e-06,1.2634699578024028e-08,0.3134054494144944
124547818858783.98,1.1467816936704243e-12,1.1467816936704242e-10,0.010930349969015162,4.935005645733235e-09,0.11803401709528343,1.032333050646608e-07,8.100336393771232e-06,1.1467816936704244e-08,0.2844607660559057
137220909878871.6,1.0408702199971744e-12,1.0408702199971743e-10,0.012042543834054264,4.96464110936456e-09,0.12360541323075784,8.555660053265885e-08,8.100336393771232e-06,1.0408702199971744e-08,0.2581892802958086
151183523569649.6,9.447402420676665e-13,9.447402420676664e-11,0.01326790655433929,4.994379244979402e-09,0.1294388879929263,7.200187344429787e-08,8.100336393771232e-06,9.447402420676666e-09,0.23434410792019872
166566872491304.22,8.574883860011842e-13,8.574883860011841e-11,0.014617953379324682,5.024220052577755e-09,0.13554694187751207,6.058295421380005e-08,8.100336393771232e-06,8.574883860011843e-09,0.21270116580361123
183515520451226.03,7.782947093665249e-13,7.782947093665248e-11,0.016105371267498437,5.0541635321596235e-09,0.14194262470982139,5.0948304324156986e-08,8.100336393771232e-06,7.782947093665248e-09,0.1930570661056324
202188741030978.78,7.06414995837724e-13,7.064149958377238e-11,0.017744138111073064,5.084209683725007e-09,0.1486395492296882,4.28433795367886e-08,8.100336393771232e-06,7.064149958377239e-09,0.1752272049497234
222762014347212.34,6.411737614798638e-13,6.411737614798636e-11,0.019549654092124502,5.114358507273903e-09,0.15565206513950794,2.9802429746729356e-08,8.100336393771232e-06,6.411737614798638e-09,0.15904402762285952
245428676112210.38,5.819579069421041e-13,5.8195790694210395e-11,0.021538886404587836,5.144610002806314e-09,0.16299499654608662,2.5123162681602388e-08,8.100336393771232e-06,5.819579069421041e-09,0.14435545399333735
270401734490986.25,5.282109559049248e-13,5.2821095590492474e-11,0.023730528702123065,5.174964170322236e-09,0.17068396724201315,2.1164006547087078e-08,8.100336393771232e-06,5.282109559049248e-09,0.1310234493497411
297915871828703.56,4.794278256378291e-13,4.79427825637829e-11,0.026145176770250092,5.2054210098216766e-09,0.17873536732491063,1.7822416427117806e-08,8.100336393771232e-06,4.79427825637829e-09,0.11892272723063547
328229650059494.6,4.35150080524244e-13,4.3515008052424396e-11,0.028805522073617813,5.235980521304628e-09,0.18716631675354764,1.4998191621007656e-08,8.100336393771232e-06,4.35150080524244e-09,0.10793957205493182
361627940521826.06,3.9496162394900195e-13,3.9496162394900187e-11,0.031736564997251936,5.266642704771095e-09,0.19599478129148393,1.2618223889752865e-08,8.100336393771232e-06,3.949616239490019e-09,0.09797077048869114
398424601014421.56,3.584847880632341e-13,3.5848478806323406e-11,0.03496584978570038,5.2974075602210765e-09,0.20523950006810857,1.0611970907356417e-08,8.100336393771232e-06,3.584847880632341e-09,0.0889226415059633
438965425250154.3,3.253767846805682e-13,3.253767846805681e-11,0.03852372338789745,5.3282750876545715e-09,0.21492013483425168,8.919936286160601e-09,8.100336393771232e-06,3.2537678468056818e-09,0.08071015602873934
483631392425173.5,2.953264839522008e-13,2.9532648395220076e-11,0.04244362064022152,5.359245287071579e-09,0.22505727689150548,7.49699308556722e-09,8.100336393771232e-06,2.953264839522008e-09,0.07325613787290157
532842247440830.6,2.680514905486993e-13,2.6805149054869928e-11,0.04676237846773094,5.390318158472104e-09,0.23567247136199074,5.185380884919459e-09,8.100336393771232e-06,2.680514905486993e-09,0.06649053849112457
587060445423263.4,2.432954898721808e-13,2.4329548987218072e-11,0.05152058205626007,5.421493701856139e-09,0.24678827995283611,4.371442028022672e-09,8.100336393771232e-06,2.4329548987218077e-09,0.06034977869718001
646795497608944.1,2.208258393601075e-13,2.2082583936010747e-11,0.05676294624850001,5.452771917223691e-09,0.25842831742055894,3.6817935309124966e-09,8.100336393771232e-06,2.208258393601075e-09,0.054776151185552006
712608759436314.5,2.0043138224516603e-13,2.00431382245166e-11,0.06253873574820387,5.484152804574756e-09,0.2706173167112348,3.0993433535652676e-09,8.100336393771232e-06,2.00431382245166e-09,0.0497172782315878
785118705839211.5,1.819204632262121e-13,1.8192046322621208e-11,0.06890222808135202,5.515636363909334e-09,0.28338118341807594,2.607412865706016e-09,8.100336393771232e-06,1.8192046322621208e-09,0.045125619475964385
865006743316248.4,1.651191274027038e-13,1.6511912740270376e-11,0.0759132236649188,5.547222595227428e-09,0.2967470400985301,2.1935889897481276e-09,8.100336393771232e-06,1.6511912740270379e-09,0.04095802516791359
953023613394602.6,1.498694855472533e-13,1.4986948554725327e-11,0.0836376077765712,5.5789114985290344e-09,0.3107432776566989,1.8439087016181984e-09,8.100336393771232e-06,1.4986948554725329e-09,0.037175330668845014
1049996447664279.2,1.3602823035407165e-13,1.3602823035407162e-11,0.0921479697063668,5.610703073814156e-09,0.3253996359858162,1.5489163233083742e-09,8.100336393771232e-06,1.3602823035407163e-09,0.033741988405745306
1156836540681930.5,1.2346528971987585e-13,1.2346528971987584e-11,0.10152428490887666,5.642597321082791e-09,0.340747247571947,1.301742453693105e-09,8.100336393771232e-06,1.2346528971987586e-09,0.030625733815667033
1274547913789541.2,1.12062604401562e-13,1.1206260440156199e-11,0.11185466656620877,5.674594240334942e-09,0.35681872325594843,1.0937582032403537e-09,8.100336393771232e-06,1.1206260440156199e-09,0.027797282142044327
1404236750325747.8,1.0171301856378616e-13,1.0171301856378613e-11,0.12323619362468251,5.706693831570606e-09,0.37364820976563823,7.534255548035125e-10,8.100336393771232e-06,1.0171301856378616e-09,0.025230053233504423
1547121790896452.0,9.231927279045931e-14,9.23192727904593e-12,0.13577582308656436,5.738896094789781e-09,0.39127145316975254,6.346637527002177e-10,8.100336393771232e-06,9.231927279045931e-10,0.022899921758992994
1704545786393496.2,8.379309009705959e-14,8.379309009705958e-12,0.14959139513005665,5.771201029992475e-09,0.40972589862530395,5.342439374812272e-10,8.100336393771232e-06,8.379309009705958e-10,0.020784990491879374
1877988116390173.2,7.605434635463856e-14,7.605434635463855e-12,0.16481274050307038,5.803608637178679e-09,0.4290507448051499,4.4947996118545974e-10,8.100336393771232e-06,7.605434635463856e-10,0.01886538453249781
2069078691494026.5,6.90303173296422e-14,6.903031732964219e-12,0.18158290059743304,5.836118916348401e-09,0.4492870495793735,3.778788423212189e-10,8.100336393771232e-06,6.903031732964221e-10,0.01712306453534619
2279613270303138.0,6.265499526366611e-14,6.26549952636661e-12,0.20005947166907884,5.868731867501634e-09,0.4704778054399296,3.177932901018271e-10,8.100336393771232e-06,6.265499526366611e-10,0.01554165718576055
2511570334905832.0,5.686846857075524e-14,5.686846857075523e-12,0.22041608583642597,5.901447490638382e-09,0.4926680236453559,2.6700852971875855e-10,8.100336393771232e-06,5.686846857075523e-10,0.014106301332982669
2767129683509943.5,5.161635882300356e-14,5.161635882300355e-12,0.24284404277450508,5.934265785758645e-09,0.5159048500953981,2.2418328059437725e-10,8.100336393771232e-06,5.161635882300356e-10,0.0128035083336688
3048692914924437.5,4.68493097335694e-14,4.68493097335694e-12,0.26755410743855734,5.96718675286242e-09,0.5402376436721363,1.8831658582852692e-10,8.100336393771232e-06,4.68493097335694e-10,0.01162103529342836
3358905997394718.0,4.2522523334864586e-14,4.252252333486458e-12,0.29477849071107093,6.0002103919497096e-09,0.5657180991200879,1.5813938099767348e-10,8.100336393771232e-06,4.2522523334864585e-10,0.010547770015190002
3700684133880319.0,3.8595338993190774e-14,3.859533899319077e-12,0.3247730315852163,6.033336703020512e-09,0.5924003483519694,1.0835066577875717e-10,8.100336393771232e-06,3.859533899319078e-10,0.009573626573206925
4077239157444699.5,3.503085130364241e-14,3.5030851303642402e-12,0.3578196013915983,6.066565686074833e-09,0.6203410703434263,9.119534459119055e-11,8.100336393771232e-06,3.5030851303642404e-10,0.008689450531365451
4492109714202875.5,3.179556327447771e-14,3.179556327447771e-12,0.3942287526618312,6.099897341112664e-09,0.6495996248753997,7.675415586887536e-11,8.100336393771232e-06,3.179556327447771e-10,0.007886932915094381
4949194517469187.0,2.885907154178099e-14,2.8859071541780987e-12,0.43434263752146063,6.133331668134014e-09,0.6802381652036082,6.456171752039735e-11,8.100336393771232e-06,2.8859071541780987e-10,0.007158532128431836
5452788985607715.0,2.6193780656251665e-14,2.619378065625166e-12,0.4785382230375368,6.166868667138871e-09,0.7123217803993306,5.428659694685577e-11,8.100336393771232e-06,2.6193780656251664e-10,0.006497403082472904
6007625607887603.0,2.377464375714568e-14,2.3774643757145677e-12,0.5272308337368992,6.200508338127246e-09,0.7459186288050234,4.560932110796695e-11,8.100336393771232e-06,2.377464375714568e-10,0.005897332869186464
6618918417677365.0,2.1578927196379234e-14,2.1578927196379234e-12,0.5808780545856284,6.234250681099134e-09,0.7811000804692895,3.8319991117041615e-11,8.100336393771232e-06,2.1578927196379237e-10,0.005352682376102499
7292411990911785.0,1.958599690086562e-14,1.958599690086562e-12,0.6399840311076376,6.268095696054538e-09,0.8179408754314559,3.217965878581408e-11,8.100336393771232e-06,1.958599690086562e-10,0.0048583332931978395
8034435430291263.0,1.7777124465440592e-14,1.7777124465440589e-12,0.705104207052477,6.302043382993453e-09,0.8565192758216076,2.6998293762661175e-11,8.100336393771232e-06,1.7777124465440592e-10,0.004409640013981356
8851961842524483.0,1.6135311154154297e-14,1.6135311154154295e-12,0.7768505441340938,6.336093741915884e-09,0.896917236976299,2.2666992303636745e-11,8.100336393771232e-06,1.6135311154154298e-10,0.004002385978773934
9752673867548824.0,1.464512815599065e-14,1.4645128155990647e-12,0.8558972728927811,6.3702467728218314e-09,0.9392205793593792,1.5419859878521228e-11,8.100336393771232e-06,1.464512815599065e-10,0.003632744049921395
1.0745035875532346e+16,1.3292571593834465e-14,1.3292571593834463e-12,0.9429872287234247,6.404502475711288e-09,0.9835191699805053,1.2977927986397221e-11,8.100336393771232e-06,1.3292571593834465e-10,0.003297240546570683
1.1838373510124974e+16,1.2064930924140583e-14,1.206493092414058e-12,1.0389388326125506,6.438860850584262e-09,1.0299071159581923,1.0916012614738121e-11,8.100336393771232e-06,1.2064930924140584e-10,0.0029927226010279732
1.3042961325458048e+16,1.0950669490604931e-14,1.095066949060493e-12,1.1446537821848954,6.473321897440747e-09,1.078482961842093,9.182532778770978e-12,8.100336393771232e-06,1.0950669490604931e-10,0.00271632852993357
1.4370119340456582e+16,9.939316109346618e-15,9.939316109346618e-13,1.2611255253357343,6.50788561628075e-09,1.1293499007909704,7.71933877553318e-12,8.100336393771232e-06,9.939316109346618e-11,0.00246546094181819
1.583231941782289e+16,9.02136666678457e-15,9.021366666784569e-13,1.3894485960789966,6.5425520071042636e-09,1.1826159929546292,6.487579779468498e-12,8.100336393771232e-06,9.02136666678457e-11,0.002237762328321805
1.744330246738282e+16,8.1881948054796e-15,8.1881948054796e-13,1.5308289003443527,6.577321069911292e-09,1.2383943947548965,5.447849203218078e-12,8.100336393771232e-06,8.1881948054796e-11,0.0020310929096947323
1.9218207575201024e+16,7.431970858621527e-15,7.431970858621526e-13,1.6865950483829808,6.612192804701837e-09,1.2968036001930685,4.574740570194294e-12,8.100336393771232e-06,7.431970858621528e-11,0.0018435105263863963
2.1173714271946944e+16,6.7455882713534056e-15,6.745588271353404e-13,1.8582108402775026,6.647167211475893e-09,1.3579676916422831,3.840065989581911e-12,8.100336393771232e-06,6.745588271353405e-11,0.0016732523877542693
2.3328199277468972e+16,6.12259681748269e-15,6.12259681748269e-13,2.04728902188783,6.682244290233467e-09,1.4220166041441116,3.220132774076621e-12,8.100336393771232e-06,6.12259681748269e-11,0.0015187185063778223
2.570190919456756e+16,5.557141983990137e-15,5.557141983990136e-13,2.255606440502983,6.717424040974549e-09,1.4890864011078215,2.702196172704504e-12,8.100336393771232e-06,5.557141983990137e-11,0.0013784566623031356
2.831715077484857e+16,5.043909953705338e-15,5.043909953705338e-13,2.485120742623382,6.752706463699151e-09,1.5593195632539558,1.827188944704803e-12,8.100336393771232e-06,5.043909953705338e-11,0.0012511487559203893
3.119850054465928e+16,4.578077669129639e-15,4.578077669129638e-13,2.737988770789185,6.788091558407263e-09,1.6328652916439355,1.537111332087526e-12,8.100336393771232e-06,4.578077669129638e-11,0.0011355984212269067
3.4373035761057044e+16,4.1552675081335675e-15,4.155267508133567e-13,3.0165868323380063,6.823579325098892e-09,1.7098798242855164,1.2928327035923646e-12,8.100336393771232e-06,4.1552675081335675e-11,0.0010307197830719725
3.78705888681933e+16,3.7715061455987205e-15,3.77150614559872e-13,3.323533030565382,6.859169763774033e-09,1.7905267683043167,1.0865211993773485e-12,8.100336393771232e-06,3.77150614559872e-11,0.0009355272527308891
4.1724027845355336e+16,3.423187214408234e-15,3.4231872144082335e-13,3.6617118681440726,6.894862874432689e-09,1.8749774473802767,9.132989888401352e-13,8.100336393771232e-06,3.423187214408234e-11,0.0008491262659126468
4.5969565081205064e+16,3.1070374148967115e-15,3.107037414896711e-13,4.034301354010046,6.930658657074857e-09,1.9634112656621132,7.672379147387427e-13,8.100336393771232e-06,3.107037414896711e-11,0.0007707048761626683
5.064709767684589e+16,2.8200857542747233e-15,2.820085754274723e-13,4.444802868450854,6.966557111700542e-09,2.056016089019472,6.440630527761728e-13,8.100336393771232e-06,2.820085754274723e-11,0.0006995261246600272
5.580058237568046e+16,2.5596356269586654e-15,2.559635626958665e-13,4.897074067050442,7.00255823830974e-09,2.1529886440053256,5.40814976503924e-13,8.100336393771232e-06,2.5596356269586654e-11,0.0006349211147051193
6.147844864343637e+16,2.3232394734326532e-15,2.323239473432653e-13,5.395365132702942,7.038662036902453e-09,2.2545349358756614,4.5372781948371817e-13,8.100336393771232e-06,2.3232394734326535e-11,0.0005762827258157299
6.7734053780251224e+16,2.108675779500994e-15,2.108675779500994e-13,5.944358716371252,7.074868507478679e-09,2.3608706861615527,3.805966615320399e-13,8.100336393771232e-06,2.108675779500994e-11,0.0005230599083601823
7.462618434168539e+16,1.9139281997840358e-15,1.9139281997840354e-13,6.549213941929523,7.111177650038418e-09,2.4722217909639905,3.191275738333261e-13,8.100336393771232e-06,1.9139281997840358e-11,0.0004747525051119574
8.221960858074315e+16,1.737166609271427e-15,1.7371666092714268e-13,7.215614888623021,7.147589464581674e-09,2.5888248008379375,2.675845610368911e-13,8.100336393771232e-06,1.737166609271427e-11,0.0004309065510615891
9.058568510241323e+16,1.576729904866928e-15,1.5767299048669277e-13,7.9498240067537616,7.184103951108439e-09,2.7109274233053218,1.8001001512529798e-13,8.100336393771232e-06,1.5767299048669277e-11,0.00039111000731635495
9.980303345053294e+16,1.4311103953030277e-15,1.4311103953030275e-13,8.75874096856346,7.220721109618723e-09,2.8387890490807353,1.5135646399147654e-13,8.100336393771232e-06,1.4311103953030279e-11,0.000354988888997268
1.099582729287408e+17,1.2989396327313627e-15,1.2989396327313625e-13,9.64996750735838,7.257440940112517e-09,2.9726813031122714,1.2721089808851501e-13,8.100336393771232e-06,1.2989396327313627e-11,0.00032220375074572017
1.2114683659855213e+17,1.1789755528419675e-15,1.1789755528419675e-13,10.631878854198652,7.29426344258983e-09,3.1128886216125378,1.0685929707862283e-13,8.100336393771232e-06,1.1789755528419675e-11,0.00029244649681249124
1.3347386810401629e+17,1.070090802662036e-15,1.0700908026620358e-13,11.713702443470575,7.331188617050654e-09,3.2597088563053123,8.977206557339597e-14,8.100336393771232e-06,1.0700908026620359e-11,0.0002654374857522826
1.4705520975081942e+17,9.712621463452614e-16,9.712621463452614e-14,12.90560462697356,7.368216463494991e-09,3.4134539071718333,7.537033237178637e-14,8.100336393771232e-06,9.712621463452615e-12,0.00024092290251528779
1.620184911252074e+17,8.81560849393762e-16,8.81560849393762e-14,14.218786211408602,7.405346981922844e-09,3.5744503850406177,6.325418277666553e-14,8.100336393771232e-06,8.81560849393762e-12,0.00021867237324030178
1.7850432848294528e+17,8.001439509489527e-16,8.001439509489526e-14,15.665587717074878,7.442580172334211e-09,3.7430403054285093,5.308408554684863e-14,8.100336393771232e-06,8.001439509489526e-12,0.0001984768003345467
1.9666764617949248e+17,7.262463421333561e-16,7.26246342133356e-14,17.25960534693613,7.479916034729093e-09,3.919581815107056,4.4524298294338366e-14,8.100336393771232e-06,7.26246342133356e-12,0.0001801463974955339
2.1667913255939386e+17,6.591735760003685e-16,6.591735760003684e-14,19.01581875586389,7.517354569107485e-09,4.104449952937389,3.7336688170230584e-14,8.100336393771232e-06,6.591735760003684e-12,0.00016350890620927907
2.3872684398654016e+17,5.982953415238316e-16,5.982953415238315e-14,20.950731820763117,7.554895775469397e-09,4.298037446590313,3.1283766219668824e-14,8.100336393771232e-06,5.982953415238315e-12,0.00014840797696449845
2.6301797208899094e+17,5.430395402999606e-16,5.430395402999605e-14,23.082527734451585,7.592539653814818e-09,4.5007555468436715,2.622461286877743e-14,8.100336393771232e-06,5.430395402999606e-12,0.0001347016999704288
2.8978079082596243e+17,4.928869102977028e-16,4.9288691029770266e-14,25.43123988078062,7.630286204143756e-09,4.713034901229828,1.7515560682974913e-14,8.100336393771232e-06,4.928869102977027e-12,0.0001222612715707575
3.1926680167432685e+17,4.4736614613482e-16,4.4736614613481997e-14,28.018940096777385,7.668135426456207e-09,4.935326468888709,1.4719850319245736e-14,8.100336393771232e-06,4.4736614613482005e-12,0.00011096978382143767
3.5175309709391034e+17,4.060494700227224e-16,4.060494700227223e-14,30.869946090992904,7.706087320752173e-09,5.168102478570412,1.2367617059953801e-14,8.100336393771232e-06,4.060494700227224e-12,0.00010072112585750202
3.875449644819941e+17,3.685486117584933e-16,3.6854861175849324e-14,34.011049967247125,7.744141887031651e-09,5.4118574318219625,1.0387902933949624e-14,8.100336393771232e-06,3.6854861175849325e-12,9.141898672459194e-05
4.26978755087559e+17,3.345111599862716e-16,3.3451115998627155e-14,37.47177000131209,7.782299125294645e-09,5.667109153489982,8.719687037450344e-15,8.100336393771232e-06,3.3451115998627153e-12,8.297595030435784e-05
4.704250448455792e+17,3.0361725043937304e-16,3.03617250439373e-14,41.28462803657673,7.82055903554115e-09,5.934399891770257,7.321100120657746e-15,8.100336393771232e-06,3.0361725043937304e-12,7.531267382839219e-05
5.182921168351431e+17,2.755765600410708e-16,2.7557656004107082e-14,45.48545510550517,7.85892161777117e-09,6.214297470141754,6.1435492171475866e-15,8.100336393771232e-06,2.7557656004107085e-12,6.835714226082088e-05
5.710297980874602e+17,2.5012557861640255e-16,2.5012557861640252e-14,50.11372814893585,7.897386871984708e-09,6.50739649363172,5.150948422914075e-15,8.100336393771232e-06,2.5012557861640255e-12,6.204399154268914e-05
6.291336867998717e+17,2.2702513257610324e-16,2.2702513257610322e-14,55.212940997516185,7.935954798181754e-09,6.814319611974584,4.321746407754098e-15,8.100336393771232e-06,2.2702513257610323e-12,5.631389433837752e-05
6.931498096808233e+17,2.060581373016642e-16,2.060581373016642e-14,60.8310131015459,7.974625396362321e-09,7.135718842348317,3.6231238432988685e-15,8.100336393771232e-06,2.060581373016642e-12,5.111300251164456e-05
7.636797531927293e+17,1.8702755710977691e-16,1.8702755710977688e-14,67.02073985022618,8.013398666526396e-09,7.47227695449768,3.036692228581767e-15,8.100336393771232e-06,1.8702755710977693e-12,4.639244109201975e-05
8.41386316913314e+17,1.6975455362503695e-16,1.6975455362503695e-14,73.84028871216648,8.05227460867399e-09,7.824708921187567,2.543274347181941e-15,8.100336393771232e-06,1.6975455362503696e-12,4.210784897612262e-05
9.269997421422884e+17,1.5407680516043788e-16,1.5407680516043785e-14,81.35374585957605,8.091253222805096e-09,8.193763437066945,2.130815522001646e-15,8.100336393771232e-06,1.5407680516043788e-12,3.821896204769792e-05
1.0213245742863799e+18,1.398469813121173e-16,1.3984698131211727e-14,89.63171841301364,8.130334508919718e-09,8.580224509170876,1.4141347845720732e-15,8.100336393771232e-06,1.398469813121173e-12,3.4689234798758086e-05
1.1252472235112403e+18,1.269313584335245e-16,1.2693135843352448e-14,98.7519979662257,8.169518467017847e-09,8.984913122438533,1.1878227335667738e-15,8.100336393771232e-06,1.269313584335245e-12,3.148549689605874e-05
1.239744294711085e+18,1.152085629779962e-16,1.1520856297799619e-14,108.80029162651475,8.208805097099498e-09,9.408688983786325,9.975337294974427e-16,8.100336393771232e-06,1.152085629779962e-12,2.8577641465507516e-05
1.3658917650760328e+18,1.0456843090044027e-16,1.0456843090044026e-14,119.87102744050932,8.248194399164658e-09,9.852452348440156,8.375011767624084e-16,8.100336393771232e-06,1.0456843090044025e-12,2.5938342165193234e-05
1.5048750955029005e+18,9.491097239940883e-17,9.491097239940882e-15,132.06824177428567,8.287686373213335e-09,10.317145932407676,7.028246193591782e-16,8.100336393771232e-06,9.491097239940884e-13,2.3542796388242566e-05
1.658000370870395e+18,8.614543227083416e-17,8.614543227083416e-15,145.5065569869048,8.327281019245526e-09,10.803756915152448,5.893812987469114e-16,8.100336393771232e-06,8.614543227083417e-13,2.13684921822803e-05
1.8267065738686403e+18,7.818943704316271e-17,7.81894370431627e-15,160.31225858498212,8.366978337261227e-09,11.313319036724776,4.945112040481337e-16,8.100336393771232e-06,7.818943704316272e-13,1.9394996695134023e-05
2.0125791077255273e+18,7.096822087915282e-17,7.096822087915281e-15,176.62448198077627,8.406778327260446e-09,11.846914793804656,4.1474435875754665e-16,8.100336393771232e-06,7.096822087915282e-13,1.7603764158717295e-05
2.2173646949083139e+18,6.441392296982494e-17,6.441392296982493e-15,194.5965200062359,8.446680989243178e-09,12.405677739321096,3.475265306826461e-16,8.100336393771232e-06,6.441392296982494e-13,1.5977961606639015e-05
2.442987791810272e+18,5.846494981786055e-17,5.846494981786054e-15,214.39726347029938,8.486686323209425e-09,12.990794890534278,2.913704232061003e-16,8.100336393771232e-06,5.846494981786054e-13,1.4502310687729117e-05
2.6915686736776356e+18,5.3065396417576196e-17,5.306539641757619e-15,236.2127882969316,8.526794329159183e-09,13.603509250694861,2.4417488472696774e-16,8.100336393771232e-06,5.306539641757619e-13,1.3162944088940283e-05
2.965443359729023e+18,4.8164520892041245e-17,4.816452089204124e-15,260.248104158946,8.567005007092458e-09,14.245122449638766,2.0441227360701594e-16,8.100336393771232e-06,4.816452089204125e-13,1.1947275218367115e-05
3.267185565711527e+18,4.371626765029742e-17,4.371626765029742e-15,286.7290810402109,8.607318357009248e-09,14.916997508925528,1.712065084012743e-16,8.100336393771232e-06,4.371626765029742e-13,1.0843879923742916e-05
3.5996308901914957e+18,3.967883458357454e-17,3.967883458357453e-15,315.90457183101233,8.647734378909553e-09,15.620561737396043,1.4337430144052481e-16,8.100336393771232e-06,3.9678834583574543e-13,9.842389134869632e-06
3.96590346186806e+18,3.6014280233275443e-17,3.601428023327543e-15,348.04875090343194,8.688253072793367e-09,16.35730976329908,9.45801823741296e-17,8.100336393771232e-06,3.601428023327544e-13,8.933391421099736e-06
4.369445298326226e+18,3.2688167239110674e-17,3.2688167239110674e-15,383.46369064338836,8.728874438660696e-09,17.12880670942991,7.940995125204062e-17,8.100336393771232e-06,3.268816723911068e-13,8.108344548158873e-06
4.81404865212538e+18,2.966923871672446e-17,2.9669238716724457e-15,422.4822001520346,8.769598476511543e-09,17.93669151802439,6.66459380678718e-17,8.100336393771232e-06,2.966923871672446e-13,7.359495203173768e-06
5.303891648193305e+18,2.6929124523591324e-17,2.692912452359132e-15,465.47095279301044,8.8104251863459e-09,18.782680432472755,5.591994922258128e-17,8.100336393771232e-06,2.692912452359132e-13,6.679806133526549e-06
5.843577547425727e+18,2.4442074652839007e-17,2.4442074652839004e-15,512.8339319764633,8.851354568163775e-09,19.668570643249975,4.690430806640903e-17,8.100336393771232e-06,2.444207465283901e-13,6.062890014828228e-06
6.438178005466914e+18,2.218471724959322e-17,2.2184717249593216e-15,565.0162275612287,8.892386621965161e-09,20.596244105806324,3.9322578571685587e-17,8.100336393771232e-06,2.2184717249593218e-13,5.502949426542373e-06
7.093280733193709e+18,2.0135838975814158e-17,2.0135838975814155e-15,622.5082185516861,8.933521347750062e-09,21.567671538531012,3.2955660055305826e-17,8.100336393771232e-06,2.0135838975814157e-13,4.994722371182704e-06
7.815042006787088e+18,1.8276185659628117e-17,1.8276185659628112e-15,685.8501813957134,8.974758745518475e-09,22.58491660927965,2.7634301101380292e-17,8.100336393771232e-06,1.8276185659628114e-13,4.53343282510741e-06
8.610244520852159e+18,1.658828135576545e-17,1.658828135576545e-15,755.6373671900066,9.016098815270407e-09,23.650140319361654,2.3140721041243795e-17,8.100336393771232e-06,1.658828135576545e-13,4.114745856213553e-06
9.486361128254863e+18,1.5056264116745548e-17,1.5056264116745547e-15,832.5255955052342,9.057541557005849e-09,24.765605594298226,1.9396134940336938e-17,8.100336393771232e-06,1.505626411674555e-13,3.7347268867550993e-06
1.0451625065667633e+19,1.366573693147591e-17,1.3665736931475909e-15,917.2374173987496,9.099086970724808e-09,25.933682091106256,1.624355447226633e-17,8.100336393771232e-06,1.366573693147591e-13,3.389804718458749e-06
1.15151073247605e+19,1.240363243047795e-17,1.2403632430477948e-15,1010.5689055310612,9.140735056427276e-09,27.156851232317262,1.3605764588183217e-17,8.100336393771232e-06,1.240363243047795e-13,3.0767379724703305e-06
1.2686801896130204e+19,1.1258090086312457e-17,1.1258090086312455e-15,1113.3971351959024,9.182485814113261e-09,28.43771147742921,1.1385000511326193e-17,8.100336393771232e-06,1.1258090086312456e-13,2.7925846287525467e-06
1.3977719687037247e+19,1.0218344755210064e-17,1.0218344755210062e-15,1226.6884265660105,9.224339243782765e-09,29.77898384298574,9.529862861939348e-18,8.100336393771232e-06,1.0218344755210064e-13,2.534674378684116e-06
1.5399991995538555e+19,9.274625512481549e-18,9.274625512481547e-16,1351.5074256107455,9.266295345435777e-09,31.183517683013196,7.979230387372031e-18,8.100336393771232e-06,9.274625512481549e-14,2.300583531045068e-06
1.6966984513403318e+19,8.418063831024512e-18,8.418063831024511e-16,1489.027109022545,9.308354119072305e-09,32.654296742092534,5.232454146896416e-18,8.100336393771232e-06,8.418063831024512e-14,2.0881122355698643e-06
1.869342292914603e+19,7.640610240040097e-18,7.640610240040097e-16,1640.5398071727705,9.350515564692341e-09,34.19444549392576,4.390590111536989e-18,8.100336393771232e-06,7.640610240040098e-14,1.895263810028203e-06
2.059553131152305e+19,6.93495868076594e-18,6.934958680765939e-16,1807.469348684463,9.3927796822959e-09,35.80723577886391,3.6826254945019074e-18,8.100336393771232e-06,6.93495868076594e-14,1.7202259765612174e-06
2.2691184573937283e+19,6.294477848366044e-18,6.294477848366043e-16,1991.3844407493646,9.43514647188297e-09,37.49609375449415,3.0880884569938538e-18,8.100336393771232e-06,6.294477848366045e-14,1.5613538309434492e-06
2.500007645252716e+19,5.7131488747665595e-18,5.713148874766558e-16,2194.013410930036,9.477615933453555e-09,39.264607174054774,2.588793838485493e-18,8.100336393771232e-06,5.713148874766558e-14,1.417154384725111e-06
2.7543904576496484e+19,5.185508766818456e-18,5.185508766818455e-16,2417.260448981615,9.520188067007652e-09,41.11653300813697,2.169151040373827e-18,8.100336393771232e-06,5.1855087668184555e-14,1.2862725349910556e-06
3.034657436987395e+19,4.70659906825018e-18,4.706599068250179e-16,2663.2235013248837,9.562862872545262e-09,43.055805425868215,1.816803126575224e-18,8.100336393771232e-06,4.70659906825018e-14,1.1674783298879818e-06
3.3434423700847067e+19,4.2719192629665366e-18,4.271919262966536e-16,2934.2139863320417,9.605640350066388e-09,45.08654415252807,1.5225128358471913e-18,8.100336393771232e-06,4.271919262966537e-14,1.0596554102490563e-06
3.6836470389801538e+19,3.877384481803579e-18,3.8773844818035787e-16,3232.7785156985788,9.648520499571031e-09,47.21306322135548,1.2743599390042616e-18,8.100336393771232e-06,3.877384481803579e-14,9.617905186966735e-07
4.058468490199627e+19,3.519287115293288e-18,3.5192871152932876e-16,3561.7228260255392,9.691503321059183e-09,49.43988013813517,1.0675676912986065e-18,8.100336393771232e-06,3.519287115293287e-14,8.729639776362831e-07
4.471429078748935e+19,3.194261971695989e-18,3.1942619716959886e-16,3924.138145507954,9.73458881453085e-09,51.77172547803657,8.935201113332994e-19,8.100336393771232e-06,3.194261971695989e-14,7.923410466587245e-07
4.926409569166874e+19,2.899254652876698e-18,2.899254652876698e-16,4323.430243507749,9.777776979986034e-09,54.21355293508834,7.480612253930132e-19,8.100336393771232e-06,2.8992546528766984e-14,7.191640781331425e-07
5.427685604703615e+19,2.6314928508397427e-18,2.6314928508397427e-16,4763.351436002453,9.821067817424728e-09,56.770549845639465,6.256133970702042e-19,8.100336393771232e-06,2.6314928508397427e-14,6.52745397273181e-07
5.9799678873409585e+19,2.3884602951830177e-18,2.388460295183017e-16,5248.0358476786805,9.864461326846942e-09,59.44814820816393,5.236602153918321e-19,8.100336393771232e-06,2.3884602951830174e-14,5.92460839767413e-07
6.588446446242074e+19,2.1678731066456585e-18,2.167873106645658e-16,5782.038262042288,9.907957508252665e-09,62.25203622281431,4.382153229162521e-19,8.100336393771232e-06,2.1678731066456584e-14,5.377438862445319e-07
7.2588394106413335e+19,1.9676583345327687e-18,1.9676583345327685e-16,6370.376924637232,9.951556361641904e-09,65.18817037524524,2.849078551256847e-19,8.100336393771232e-06,1.967658334532769e-14,4.880803384522272e-07
7.9974467455121e+19,1.7859344763250154e-18,1.7859344763250152e-16,7018.580701611659,9.995257887014653e-09,68.26278809036997,2.3905981247581404e-19,8.100336393771232e-06,1.785934476325015e-14,4.4300348711972883e-07
8.811209454990772e+19,1.620993796407069e-18,1.6209937964070687e-16,7732.741036801551,1.0039062084370922e-08,71.48242098293836,2.004652204727351e-19,8.100336393771232e-06,1.620993796407069e-14,4.020897260942366e-07
9.707774809914884e+19,1.471286277757053e-18,1.4712862777570527e-16,8519.569195593001,1.0082968953710702e-08,74.85390873307846,1.6804829273865135e-19,8.100336393771232e-06,1.4712862777570533e-14,3.6495457153555983e-07
1.06955682124478e+20,1.3354050557838054e-18,1.3354050557838052e-16,9386.459333509503,1.0126978495034e-08,78.38441361628546,1.4083525828933297e-19,8.100336393771232e-06,1.3354050557838055e-14,3.312490487595474e-07
1.1783872373129947e+20,1.2120731974280223e-18,1.212073197428022e-16,10341.557982204322,1.0171090708340808e-08,82.08143571871726,1.1799648669988173e-19,8.100336393771232e-06,1.2120731974280222e-14,3.006564127760617e-07
1.2982914544419106e+20,1.1001317012845216e-18,1.1001317012845215e-16,11393.84060584932,1.0215305593631127e-08,85.95282887012824,9.88007591228319e-20,8.100336393771232e-06,1.1001317012845218e-14,2.7288917170290956e-07
1.4303962630487985e+20,9.985286059780543e-19,9.985286059780543e-17,12553.195947350921,1.0259623150904966e-08,90.00681732828066,8.272867337150865e-20,8.100336393771232e-06,9.985286059780544e-15,2.4768638508358016e-07
1.5759431076464014e+20,9.063091044393238e-19,9.063091044393238e-17,13830.518957030801,1.0304043380162316e-08,94.25201325028111,6.923789070469125e-20,8.100336393771232e-06,9.063091044393239e-15,2.2481121171990409e-07
1.7362997532198443e+20,8.226065711808516e-19,8.226065711808516e-17,15237.813177062371,1.0348566281403183e-08,98.69743498796048,5.794547712009555e-20,8.100336393771232e-06,8.226065711808517e-15,2.0404868397557146e-07
1.9129731386900398e+20,7.466344182524155e-19,7.466344182524154e-17,16788.30354381018,1.039319185462756e-08,103.35252624615543,4.851170122298538e-20,8.100336393771232e-06,7.466344182524155e-15,1.8520368763475066e-07
2.107623538253362e+20,6.776787033428154e-19,6.776787033428154e-17,18496.560668126487,1.0437920099835452e-08,108.22717614460095,4.058322423092557e-20,8.100336393771232e-06,6.7767870334281536e-15,1.680991283316313e-07
2.322080163677269e+20,6.150914205633963e-19,6.150914205633962e-17,20378.63776151589,1.0482751017026858e-08,113.3317402260418,3.395738866997662e-20,8.100336393771232e-06,6.150914205633964e-15,1.5257426732010925e-07
2.5583583541736417e+20,5.582844108638088e-19,5.582844108638088e-17,22452.221494924517,1.0527684606201782e-08,118.67706245520327,2.838243540918981e-20,8.100336393771232e-06,5.582844108638088e-15,1.38483210944096e-07
2.8186785153898263e+20,5.067238348537953e-19,5.067238348537952e-17,24736.798207833097,1.0572720867360219e-08,124.27449825534256,2.3753289631369726e-20,8.100336393771232e-06,5.067238348537952e-15,1.2569353961340997e-07
3.105486985495627e+20,4.599251560896121e-19,4.59925156089612e-17,27253.837029595757,1.0617859800502164e-08,130.13593863133306,1.9865601498649172e-20,8.100336393771232e-06,4.5992515608961204e-15,1.1408506340111905e-07
3.421479024453012e+20,4.174485876810759e-19,4.174485876810758e-17,30026.991633887163,1.0663101405627627e-08,136.27383543051235,1.2802500549278042e-20,8.100336393771232e-06,4.174485876810759e-15,1.0354869256819677e-07
