E_prime_GeV_total,rate_acc,rate_acc_2,rate_sync,rate_Op,rate_pg,rate_photodisintegration,t_ad_val,Shear,ESC
157.6352446283938,3.8156554396744284,381.5655439674429,1.0792871907257226e-15,7.3213626113476e-10,2.095270874404011e-12,2.269618462407819e-13,2.0372103505292916e-06,2.4057880611213554e-12,14963911651976.584
157.6352446283938,3.8156554396744284,381.5655439674429,1.0792871907257226e-15,7.3213626113476e-10,2.095270874404011e-12,2.269618462407819e-13,2.0372103505292916e-06,2.4057880611213554e-12,14963911651976.584
157.6352446283938,3.8156554396744284,381.5655439674429,1.0792871907257226e-15,7.3213626113476e-10,2.095270874404011e-12,2.269618462407819e-13,2.0372103505292916e-06,2.4057880611213554e-12,14963911651976.584
157.6352446283938,3.8156554396744284,381.5655439674429,1.0792871907257226e-15,7.3213626113476e-10,2.095270874404011e-12,2.269618462407819e-13,2.0372103505292916e-06,2.4057880611213554e-12,14963911651976.584
157.6352446283938,3.8156554396744284,381.5655439674429,1.0792871907257226e-15,7.3213626113476e-10,2.095270874404011e-12,2.269618462407819e-13,2.0372103505292916e-06,2.4057880611213554e-12,14963911651976.584
157.6352446283938,3.8156554396744284,381.5655439674429,1.0792871907257226e-15,7.3213626113476e-10,2.095270874404011e-12,2.269618462407819e-13,2.0372103505292916e-06,2.4057880611213554e-12,14963911651976.584
157.6352446283938,3.8156554396744284,381.5655439674429,1.0792871907257226e-15,7.3213626113476e-10,2.095270874404011e-12,2.269618462407819e-13,2.0372103505292916e-06,2.4057880611213554e-12,14963911651976.584
157.6352446283938,3.8156554396744284,381.5655439674429,1.0792871907257226e-15,7.3213626113476e-10,2.095270874404011e-12,2.269618462407819e-13,2.0372103505292916e-06,2.4057880611213554e-12,14963911651976.584
157.6352446283938,3.8156554396744284,381.5655439674429,1.0792871907257226e-15,7.3213626113476e-10,2.095270874404011e-12,2.269618462407819e-13,2.0372103505292916e-06,2.4057880611213554e-12,14963911651976.584
157.6352446283938,3.8156554396744284,381.5655439674429,1.0792871907257226e-15,7.3213626113476e-10,2.095270874404011e-12,2.269618462407819e-13,2.0372103505292916e-06,2.4057880611213554e-12,14963911651976.584
157.6352446283938,3.8156554396744284,381.5655439674429,1.0792871907257226e-15,7.3213626113476e-10,2.095270874404011e-12,2.269618462407819e-13,2.0372103505292916e-06,2.4057880611213554e-12,14963911651976.584
157.6352446283938,3.8156554396744284,381.5655439674429,1.0792871907257226e-15,7.3213626113476e-10,2.095270874404011e-12,2.269618462407819e-13,2.0372103505292916e-06,2.4057880611213554e-12,14963911651976.584
157.6352446283938,3.8156554396744284,381.5655439674429,1.0792871907257226e-15,7.3213626113476e-10,2.095270874404011e-12,2.269618462407819e-13,2.0372103505292916e-06,2.4057880611213554e-12,14963911651976.584
157.6352446283938,3.8156554396744284,381.5655439674429,1.0792871907257226e-15,7.3213626113476e-10,2.095270874404011e-12,2.269618462407819e-13,2.0372103505292916e-06,2.4057880611213554e-12,14963911651976.584
157.6352446283938,3.8156554396744284,381.5655439674429,1.0792871907257226e-15,7.3213626113476e-10,2.095270874404011e-12,2.269618462407819e-13,2.0372103505292916e-06,2.4057880611213554e-12,14963911651976.584
157.6352446283938,3.8156554396744284,381.5655439674429,1.0792871907257226e-15,7.3213626113476e-10,2.095270874404011e-12,2.269618462407819e-13,2.0372103505292916e-06,2.4057880611213554e-12,14963911651976.584
157.6352446283938,3.8156554396744284,381.5655439674429,1.0792871907257226e-15,7.3213626113476e-10,2.095270874404011e-12,2.269618462407819e-13,2.0372103505292916e-06,2.4057880611213554e-12,14963911651976.584
157.6352446283938,3.8156554396744284,381.5655439674429,1.0792871907257226e-15,7.3213626113476e-10,2.095270874404011e-12,2.269618462407819e-13,2.0372103505292916e-06,2.4057880611213554e-12,14963911651976.584
157.6352446283938,3.8156554396744284,381.5655439674429,1.0792871907257226e-15,7.3213626113476e-10,2.095270874404011e-12,2.269618462407819e-13,2.0372103505292916e-06,2.4057880611213554e-12,14963911651976.584
157.6352446283938,3.8156554396744284,381.5655439674429,1.0792871907257226e-15,7.3213626113476e-10,2.095270874404011e-12,2.269618462407819e-13,2.0372103505292916e-06,2.4057880611213554e-12,14963911651976.584
157.6352446283938,3.8156554396744284,381.5655439674429,1.0792871907257226e-15,7.3213626113476e-10,2.095270874404011e-12,2.269618462407819e-13,2.0372103505292916e-06,2.4057880611213554e-12,14963911651976.584
157.6352446283938,3.8156554396744284,381.5655439674429,1.0792871907257226e-15,7.3213626113476e-10,2.095270874404011e-12,2.269618462407819e-13,2.0372103505292916e-06,2.4057880611213554e-12,14963911651976.584
157.6352446283938,3.8156554396744284,381.5655439674429,1.0792871907257226e-15,7.3213626113476e-10,2.095270874404011e-12,2.269618462407819e-13,2.0372103505292916e-06,2.4057880611213554e-12,14963911651976.584
157.6352446283938,3.8156554396744284,381.5655439674429,1.0792871907257226e-15,7.3213626113476e-10,2.095270874404011e-12,2.269618462407819e-13,2.0372103505292916e-06,2.4057880611213554e-12,14963911651976.584
157.6352446283938,3.8156554396744284,381.5655439674429,1.0792871907257226e-15,7.3213626113476e-10,2.095270874404011e-12,2.269618462407819e-13,2.0372103505292916e-06,2.4057880611213554e-12,14963911651976.584
157.6352446283938,3.8156554396744284,381.5655439674429,1.0792871907257226e-15,7.3213626113476e-10,2.095270874404011e-12,2.269618462407819e-13,2.0372103505292916e-06,2.4057880611213554e-12,14963911651976.584
157.6352446283938,3.8156554396744284,381.5655439674429,1.0792871907257226e-15,7.3213626113476e-10,2.095270874404011e-12,2.269618462407819e-13,2.0372103505292916e-06,2.4057880611213554e-12,14963911651976.584
157.6352446283938,3.8156554396744284,381.5655439674429,1.0792871907257226e-15,7.3213626113476e-10,2.095270874404011e-12,2.269618462407819e-13,2.0372103505292916e-06,2.4057880611213554e-12,14963911651976.584
157.6352446283938,3.8156554396744284,381.5655439674429,1.0792871907257226e-15,7.3213626113476e-10,2.095270874404011e-12,2.269618462407819e-13,2.0372103505292916e-06,2.4057880611213554e-12,14963911651976.584
157.6352446283938,3.8156554396744284,381.5655439674429,1.0792871907257226e-15,7.3213626113476e-10,2.095270874404011e-12,2.269618462407819e-13,2.0372103505292916e-06,2.4057880611213554e-12,14963911651976.584
157.6352446283938,3.8156554396744284,381.5655439674429,1.0792871907257226e-15,7.3213626113476e-10,2.095270874404011e-12,2.269618462407819e-13,2.0372103505292916e-06,2.4057880611213554e-12,14963911651976.584
157.6352446283938,3.8156554396744284,381.5655439674429,1.0792871907257226e-15,7.3213626113476e-10,2.095270874404011e-12,2.269618462407819e-13,2.0372103505292916e-06,2.4057880611213554e-12,14963911651976.584
157.6352446283938,3.8156554396744284,381.5655439674429,1.0792871907257226e-15,7.3213626113476e-10,2.095270874404011e-12,2.269618462407819e-13,2.0372103505292916e-06,2.4057880611213554e-12,14963911651976.584
157.6352446283938,3.8156554396744284,381.5655439674429,1.0792871907257226e-15,7.3213626113476e-10,2.095270874404011e-12,2.269618462407819e-13,2.0372103505292916e-06,2.4057880611213554e-12,14963911651976.584
157.6352446283938,3.8156554396744284,381.5655439674429,1.0792871907257226e-15,7.3213626113476e-10,2.095270874404011e-12,2.269618462407819e-13,2.0372103505292916e-06,2.4057880611213554e-12,14963911651976.584
157.6352446283938,3.8156554396744284,381.5655439674429,1.0792871907257226e-15,7.3213626113476e-10,2.095270874404011e-12,2.269618462407819e-13,2.0372103505292916e-06,2.4057880611213554e-12,14963911651976.584
157.6352446283938,3.8156554396744284,381.5655439674429,1.0792871907257226e-15,7.3213626113476e-10,2.095270874404011e-12,2.269618462407819e-13,2.0372103505292916e-06,2.4057880611213554e-12,14963911651976.584
157.6352446283938,3.8156554396744284,381.5655439674429,1.0792871907257226e-15,7.3213626113476e-10,2.095270874404011e-12,2.269618462407819e-13,2.0372103505292916e-06,2.4057880611213554e-12,14963911651976.584
157.6352446283938,3.8156554396744284,381.5655439674429,1.0792871907257226e-15,7.3213626113476e-10,2.095270874404011e-12,2.269618462407819e-13,2.0372103505292916e-06,2.4057880611213554e-12,14963911651976.584
157.6352446283938,3.8156554396744284,381.5655439674429,1.0792871907257226e-15,7.3213626113476e-10,2.095270874404011e-12,2.269618462407819e-13,2.0372103505292916e-06,2.4057880611213554e-12,14963911651976.584
157.6352446283938,3.8156554396744284,381.5655439674429,1.0792871907257226e-15,7.3213626113476e-10,2.095270874404011e-12,2.269618462407819e-13,2.0372103505292916e-06,2.4057880611213554e-12,14963911651976.584
138.29195419423903,4.349362059096541,434.9362059096542,9.468487526005076e-16,6.988547892142845e-10,1.6888758596726957e-12,1.9811106586692674e-13,2.0372103505292916e-06,2.110575798793884e-12,17056956694269.246
106.9980525005307,5.621427349322612,562.1427349322613,7.325876124254779e-16,5.545478685764524e-10,1.1158233636306948e-12,1.506874499514052e-13,2.0372103505292916e-06,1.6329764189210153e-12,22045633716980.984
94.0644214350279,6.394360051065589,639.436005106559,6.44034431495183e-16,4.176217035367533e-10,9.11514210459095e-13,1.3131667650832812e-13,2.0372103505292916e-06,1.4355867090392808e-12,25076855179365.53
86.01977407219596,6.9923664080531,699.2366408053101,5.889548401697919e-16,2.9171002573672803e-10,7.939805225289086e-13,1.1992278144197032e-13,2.0372103505292916e-06,1.3128113955168729e-12,27422065441339.56
80.60663084810464,7.4619392018030615,746.1939201803062,5.518924677473168e-16,1.889734444994257e-10,7.194359183673902e-13,1.1144247614929435e-13,2.0372103505292916e-06,1.2301974130134127e-12,29263595923045.16
76.95444140297124,7.816076209313068,781.6076209313069,5.268868841576291e-16,1.1599402443661854e-10,6.712228595003443e-13,1.0637888897752973e-13,2.0372103505292916e-06,1.1744586485970648e-12,30652420196320.54
74.63324322651167,8.059167103662435,805.9167103662436,5.109942488215751e-16,7.17990233013064e-11,6.41394817333652e-13,1.0320534892411707e-13,2.0372103505292916e-06,1.1390331263822362e-12,31605753306176.57
73.40341097068013,8.194193848716278,819.4193848716279,5.025739098067227e-16,5.045192254231108e-11,6.258585475526549e-13,1.0150047190720468e-13,2.0372103505292916e-06,1.1202637466966448e-12,32135289663844.15
73.12333295330848,8.2255793651365,822.5579365136501,5.006562890534089e-16,4.589202361143775e-11,6.223706220685031e-13,1.0112539541219653e-13,2.0372103505292916e-06,1.1159892689174925e-12,32258374701864.234
73.70836590530256,8.160291864610032,816.0291864610034,5.046618562901533e-16,5.555610153399061e-11,6.296898884779189e-13,1.0192252777821336e-13,2.0372103505292916e-06,1.1249178895098474e-12,32002335757755.645
75.11025196299532,8.007985100982927,800.7985100982927,5.142602025768075e-16,8.054937276968106e-11,6.474905815300807e-13,1.0390042218881968e-13,2.0372103505292916e-06,1.146313109522988e-12,31405032098935.5
77.30591424612874,7.780540266760515,778.0540266760516,5.292933265646055e-16,1.2294438942341603e-10,6.757845166048504e-13,1.068518830505405e-13,2.0372103505292916e-06,1.1798227356187842e-12,30513058371534.95
80.29101043125708,7.491271755331961,749.1271755331962,5.497314975033963e-16,1.8268281116839038e-10,7.151820222862972e-13,1.1094092055386643e-13,2.0372103505292916e-06,1.2253804963873877e-12,29378629826518.05
84.07609948807251,7.154016210469772,715.4016210469773,5.756470098902826e-16,2.562104858760174e-10,7.6684835245365e-13,1.168518818172642e-13,2.0372103505292916e-06,1.2831475400750747e-12,28056009831802.9
88.68434097134956,6.7822771423092085,678.2277142309209,6.071984311247694e-16,3.372586683211338e-10,8.320184628634386e-13,1.2395352828941273e-13,2.0372103505292916e-06,1.3534773217769211e-12,26598155300258.145
94.15014642096354,6.388537899467501,638.8537899467501,6.446213679982701e-16,4.187784541508264e-10,9.128278857767799e-13,1.314337584660238e-13,2.0372103505292916e-06,1.4368950214550093e-12,25054022362431.293
100.51845495005709,5.9837945076810835,598.3794507681084,6.882235068362112e-16,4.947653573903781e-10,1.01102255906581e-12,1.4030244783801894e-13,2.0372103505292916e-06,1.534086488153637e-12,23466734293011.152
107.84444039496618,5.5773090986229015,557.7309098622902,7.38382608430356e-16,5.612582600540439e-10,1.1298786279207853e-12,1.5202252252630877e-13,2.0372103505292916e-06,1.645893770597734e-12,21872614529020.305
116.19353364129194,5.176551222786723,517.6551222786724,7.955466608995646e-16,6.164626333948514e-10,1.2730342404406175e-12,1.6405683884613467e-13,2.0372103505292916e-06,1.7733154579275574e-12,20300956515696.633
125.64168865112634,4.787278689964885,478.7278689964885,8.602357011084605e-16,6.60316775519794e-10,1.4443690662226638e-12,1.7762247810666977e-13,2.0372103505292916e-06,1.9175107397369484e-12,18774340739775.27
136.2758482593395,4.413707831090445,441.37078310904457,9.33045003852487e-16,6.938666177438828e-10,1.6488424107689376e-12,1.9496896767136349e-13,2.0372103505292916e-06,2.079806514934991e-12,17309302447841.053
148.19458335688333,4.058729847110856,405.8729847110856,1.0146494581784012e-15,7.186951786496968e-10,1.891796350073432e-12,2.1313672879631727e-13,2.0372103505292916e-06,2.261707146795171e-12,15917180104865.406
161.50889069677223,3.7241403619074003,372.41403619074003,1.1058090297526583e-15,7.365111014175368e-10,2.181485988163236e-12,2.335303077070386e-13,2.0372103505292916e-06,2.464906638862541e-12,14605015635242.32
176.34314256327315,3.4108600420054564,341.0860042005457,1.2073752629973634e-15,7.489040024802361e-10,2.5264085750128123e-12,2.5883122358484454e-13,2.0372103505292916e-06,2.6913031285576305e-12,13376419630327.463
192.83618730665881,3.11913332788638,311.91333278863806,1.320298816163189e-15,7.572300103181959e-10,2.9349697616659465e-12,2.8586948774868817e-13,2.0372103505292916e-06,2.9430156832513193e-12,12232350715925.758
211.1426040988573,2.8486992533687108,284.8699253368711,1.4456380523123315e-15,7.625818300902698e-10,3.4162832098797502e-12,3.1808437136773184e-13,2.0372103505292916e-06,3.2224034500188645e-12,11171785457152.877
231.4341187324637,2.5989330438613893,259.893304386139,1.5845687329231454e-15,7.658052560047224e-10,3.986333018302617e-12,3.5407117895786556e-13,2.0372103505292916e-06,3.5320872631957964e-12,10192273666372.436
253.90119020440338,2.368960059488168,236.89600594881682,1.738394880812512e-15,7.675360482051104e-10,4.660785469499303e-12,3.9654322824093533e-13,2.0372103505292916e-06,3.8749738584047e-12,9290385255610.719
278.7547804203989,2.1577451613336507,215.7745161333651,1.9085608968383376e-15,7.68241729993401e-10,5.455915536883079e-12,4.467888504651456e-13,2.0372103505292916e-06,4.254282881324024e-12,8462060705468.657
306.22832178121257,1.964161169522634,196.41611695226342,2.0966650314466872e-15,7.682604342066418e-10,6.388574956656857e-12,5.02631550673551e-13,2.0372103505292916e-06,4.673576916477023e-12,7702879538171.176
336.5798997759256,1.7870401026655782,178.70401026655784,2.3044743283157324e-15,7.678336130583915e-10,7.485288994165361e-12,5.702441750732709e-13,2.0372103505292916e-06,5.136794797402122e-12,7008261264048.666
370.094670092428,1.6252105940907637,162.5210594090764,2.533941173677549e-15,7.671319935875839e-10,8.77347871295792e-12,6.522755115949967e-13,2.0372103505292916e-06,5.648288495963887e-12,6373612117320.958
407.0875322237158,1.4775244414024316,147.75244414024317,2.7872216017994584e-15,7.662753797380566e-10,1.0284768680315113e-11,7.429967300584193e-13,2.0372103505292916e-06,6.212863926236225e-12,5794429175887.155
447.9060841521014,1.3428747675740142,134.28747675740144,3.0666955249321536e-15,7.653473495346188e-10,1.2040655105845685e-11,8.551528172019884e-13,2.0372103505292916e-06,6.835826038123506e-12,5266371583950.127
492.9338854763338,1.2202078136087435,122.02078136087437,3.3749890750855506e-15,7.644059473570109e-10,1.4094121922495373e-11,9.901006843228671e-13,2.0372103505292916e-06,7.523028618357077e-12,4785306799465.811
542.5940593492325,1.10852997427236,110.85299742723602,3.714999265551406e-15,7.634913477261524e-10,1.6493160045519747e-11,1.1412970207074105e-12,2.0372103505292916e-06,8.280929262329629e-12,4347338186278.906
597.3532668540741,1.0069113404508667,100.69113404508668,4.089921202416418e-15,7.626312869435065e-10,1.9287238438333105e-11,1.323909731726552e-12,2.0372103505292916e-06,9.116650029992811e-12,3948818906239.004
657.7260910046923,0.9144867246059257,91.44867246059258,4.503278100661508e-15,7.618448797866616e-10,2.2523408393017503e-11,1.5544263230276389e-12,2.0372103505292916e-06,1.0038044353325336e-11,3586355940743.991
724.279871445598,0.8304549144106905,83.04549144106906,4.9589543860859615e-15,7.611452837944493e-10,2.6267577892825395e-11,1.8196666367121494e-12,2.0372103505292916e-06,1.1053770822267441e-11,3256807163712.7886
797.6400351950391,0.7540767164522598,75.407671645226,5.461232193507535e-15,7.605415497130054e-10,3.061100739372235e-11,2.1338154725500785e-12,2.0372103505292916e-06,1.2173374541133514e-11,2957273669544.706
878.4959734585965,0.6846722088921309,68.4672208892131,6.01483160376435e-15,7.600399017491225e-10,3.563545220624735e-11,2.5134722962032377e-12,2.0372103505292916e-06,1.3407376819011121e-11,2685088998837.8228
967.6075196897356,0.6216175116576252,62.16175116576254,6.6249549972970395e-15,7.596446207611064e-10,4.1446608133287686e-11,2.9655925103295463e-12,2.0372103505292916e-06,1.4767374036234473e-11,2437806472001.5464
1065.8120897367928,0.5643412984734286,56.43412984734287,7.297335940863162e-15,7.59358652238863e-10,4.811515890442201e-11,3.5086550372306114e-12,2.0372103505292916e-06,1.626614661544872e-11,2213185510439.7695
1174.0325511472502,0.5123212112500454,51.23212112500455,8.038293066600354e-15,7.59184024209954e-10,5.578532795701237e-11,4.151179568741683e-12,2.0372103505292916e-06,1.7917779120882887e-11,2009177574805.7178
1293.2858955595116,0.46508028945179386,46.50802894517939,8.854789449619088e-15,7.591221342229539e-10,6.460955098663636e-11,4.889792845009969e-12,2.0372103505292916e-06,1.9737792614135237e-11,1823912162002.2783
1424.6927956646784,0.4221834914032283,42.218349140322836,9.754498042014264e-15,7.591739463284025e-10,7.473239714753154e-11,5.819917234462799e-12,2.0372103505292916e-06,2.1743290510035565e-11,1655683162738.606
1569.4881365373813,0.3832343581632509,38.323435816325095,1.0745873778126288e-14,7.593401262725076e-10,8.635125685684149e-11,6.897202047873379e-12,2.0372103505292916e-06,2.3953119303074407e-11,1502935778196.511
1729.032620294306,0.34787185134098814,34.78718513409882,1.183823302859546e-14,7.596211343101681e-10,9.960211255504475e-11,8.171670915428336e-12,2.0372103505292916e-06,2.6388045674680026e-11,1364254118846.811
1904.8255531277696,0.3157673823007532,31.57673823007532,1.3041841149828327e-14,7.600172889610473e-10,1.1472838217145529e-10,9.664536747999763e-12,2.0372103505292916e-06,2.9070951645595597e-11,1238349553839.0532
2098.518934874581,0.2866220402660736,28.662204026607363,1.4368008951581628e-14,7.60528810844621e-10,1.3199142753983984e-10,1.148989498302723e-11,2.0372103505292916e-06,3.2027049607210754e-11,1124049840416.607
2311.932983522162,0.2601640198646244,26.016401986462444,1.582919898918545e-14,7.611558528535946e-10,1.5169245015799486e-10,1.3542762612341684e-11,2.0372103505292916e-06,3.528411925253194e-11,1020289035482.0659
2547.0732405395092,0.23614624388395558,23.614624388395562,1.7439142679259596e-14,7.618985209525654e-10,1.7412310114811495e-10,1.5994531858605058e-11,2.0372103505292916e-06,3.887276863329007e-11,926098172723.6719
2806.149417777053,0.21434417384916582,21.434417384916586,1.9212969339495592e-14,7.62756888537786e-10,1.9963332155594407e-10,1.8959052354871217e-11,2.0372103505292916e-06,4.2826721796419016e-11,840596676325.8114
3091.596163045957,0.19455379905056472,19.455379905056475,2.1167348365133772e-14,7.637310063692299e-10,2.2843349510679286e-10,2.2279463401548637e-11,2.0372103505292916e-06,4.718313570292038e-11,762984474509.4337
3406.0959395188247,0.17658979351465676,17.65897935146568,2.332064587822133e-14,7.648209094535627e-10,2.6113913618749854e-10,2.6303988460016084e-11,2.0372103505292916e-06,5.1982949407320045e-11,692534771698.2488
3752.6042339581786,0.1602838298821371,16.02838298821371,2.5693097321743553e-14,7.66026621823821e-10,2.98225013864687e-10,3.0843356406560246e-11,2.0372103505292916e-06,5.7271268779088036e-11,628587436029.4424
4134.377330664454,0.14548303905151133,14.548303905151137,2.8306997620563896e-14,7.673481598654432e-10,3.4021388968220684e-10,3.615642524440224e-11,2.0372103505292916e-06,6.30977903814014e-11,570542958515.5696
4555.002912146568,0.13204860463355636,13.204860463355638,3.1186910696192366e-14,7.687855346355053e-10,3.8775473446383267e-10,4.262869944094826e-11,2.0372103505292916e-06,6.951726849061113e-11,517856940896.0896
5018.43377408202,0.11985448164268424,11.985448164268426,3.435990030427789e-14,7.703387534830476e-10,4.4140753872415433e-10,4.976927420765092e-11,2.0372103505292916e-06,7.659002964518523e-11,470035070710.5793
5529.024971399947,0.10878622935545272,10.878622935545273,3.785578436409993e-14,7.720078211830407e-10,5.015624835481672e-10,5.80361034138159e-11,2.0372103505292916e-06,8.438253955955667e-11,426628544102.9115
6091.574744564392,0.09873994884285903,9.873994884285905,4.17074151700998e-14,7.737927407310489e-10,5.694268229941195e-10,6.786104651508141e-11,2.0372103505292916e-06,9.296802773040305e-11,387229899126.1383
6711.369610659018,0.08962131629518137,8.962131629518138,4.5950988118715635e-14,7.756935139005754e-10,6.45889173953749e-10,7.898275200096552e-11,2.0372103505292916e-06,1.0242717560504136e-10,351469224718.40686
7394.234043013295,0.0813447038803257,8.134470388032572,5.062638185175783e-14,7.777101416340066e-10,7.320237989845488e-10,9.16517191591283e-11,2.0372103505292916e-06,1.128488747789482e-10,319010712960.3011
8146.58520623009,0.07383238049124652,7.383238049124653,5.5777533012792174e-14,7.79842624316604e-10,8.28877489376764e-10,1.072009037406435e-10,2.0372103505292916e-06,1.2433106234749974e-10,289549524634.33167
8975.49326098305,0.06701378533315974,6.701378533315975,6.145284913827686e-14,7.820909619681253e-10,9.37762919871974e-10,1.2396817855563074e-10,2.0372103505292916e-06,1.369816412620885e-10,262808940441.30194
9888.7478052932,0.06082486786939615,6.082486786939616,6.770566356356344e-14,7.844551543763292e-10,1.0592544385593404e-09,1.4270092059645626e-10,2.0372103505292916e-06,1.509194943395876e-10,238537772456.32385
10894.931076661114,0.055207488181290225,5.520748818129023,7.459473661870359e-14,7.869352011894305e-10,1.1955052484560716e-09,1.6595572123218142e-10,2.0372103505292916e-06,1.6627560145423308e-10,216508012511.43817
12003.498602966381,0.0501088723001224,5.010887230012241,8.218480782401237e-14,7.895311019795429e-10,1.3480486762430195e-09,1.9087361505204688e-10,2.0372103505292916e-06,1.8319427041065287e-10,196512696162.9395
13224.86806004446,0.04548111753704089,4.54811175370409,9.054720427460003e-14,7.922428562856353e-10,1.519053909082642e-09,2.191642751736038e-10,2.0372103505292916e-06,2.018344930650696e-10,178363962736.5077
14570.517170972818,0.0412807432703215,4.1280743270321505,9.976051093111682e-14,7.950704636420347e-10,1.7103672270164698e-09,2.5407624766500433e-10,2.0372103505292916e-06,2.2237143943871632e-10,161891293643.04578
16053.091567067855,0.037468283049269524,3.7468283049269533,1.0991130911571949e-13,7.980139235967816e-10,1.9244590652558263e-09,2.918345656397037e-10,2.0372103505292916e-06,2.4499810386428853e-10,146939912726.5958
17686.52362420687,0.03400791424197771,3.4007914241977715,1.2109499015321104e-13,8.010732357228877e-10,2.1639004592542482e-09,3.321549646638628e-10,2.0372103505292916e-06,2.699271186349492e-10,133369333848.54372
19486.163391230883,0.030867121791733385,3.0867121791733387,1.3341665180348755e-13,8.042483996246758e-10,2.4300502320127305e-09,3.823669207068446e-10,2.0372103505292916e-06,2.9739275219952406e-10,121052042236.21162
21468.922840817042,0.028016392956017044,2.8016392956017047,1.4699208590944172e-13,8.075394149407584e-10,2.726585944242457e-09,4.3771940402910865e-10,2.0372103505292916e-06,3.276531106817587e-10,109872297336.33115
23653.434798407125,0.025428940184672254,2.542894018467226,1.6194886654166761e-13,8.109462813447479e-10,3.0574067279367545e-09,4.985149462342036e-10,2.0372103505292916e-06,3.6099256341224544e-10,99725046022.316
26060.22804271396,0.023080449551895043,2.3080449551895046,1.784275488657199e-13,8.14468998544492e-10,3.4261153213838024e-09,5.665601475701731e-10,2.0372103505292916e-06,3.9772441526676375e-10,90514936016.32149
28711.92022329924,0.020948852392068423,2.0948852392068424,1.9658298999818954e-13,8.181075662803766e-10,3.836852339968734e-09,6.525721565651887e-10,2.0372103505292916e-06,4.3819385092412334e-10,82155420310.16241
31633.43040815024,0.01901411800396363,1.9014118003963634,2.1658580426423514e-13,8.218619843230928e-10,4.29442264795438e-09,7.390861162005174e-10,2.0372103505292916e-06,4.827811787119408e-10,74567944210.35205
34852.21325865441,0.01725806548315498,1.7258065483154983,2.3862396653223746e-13,8.25732252471124e-10,4.8036290086495774e-09,8.368128773792382e-10,2.0372103505292916e-06,5.319054045241312e-10,67681207398.53616
38398.517032612945,0.015664192920260035,1.5664192920260038,2.629045786927892e-13,8.297183705481472e-10,5.37175497785585e-09,9.49656301588499e-10,2.0372103505292916e-06,5.86028169395727e-10,61430494095.7374
42305.667839856585,0.014217522364322025,1.4217522364322028,2.896558158823698e-13,8.338203384004605e-10,5.998270019855235e-09,1.0829962856295787e-09,2.0372103505292916e-06,6.456580877380766e-10,55757065052.988365
46610.38282173192,0.0129044590976906,1.2904459097690602,3.191290707411775e-13,8.380381558945194e-10,6.694550184980905e-09,1.2208600335466378e-09,2.0372103505292916e-06,7.113555270026234e-10,50607605667.57674
51353.115197539635,0.01171266390241419,1.171266390241419,3.516013158556273e-13,8.4237182291463e-10,7.468422120275562e-09,1.3789249615202188e-09,2.0372103505292916e-06,7.837378736898106e-10,45933725048.29103
56578.43442047049,0.010630937119623084,1.0630937119623085,3.8737770658637337e-13,8.468213393608186e-10,8.327656775792305e-09,1.561171177937259e-09,2.0372103505292916e-06,8.634853351899948e-10,41691501329.41035
62335.44501552361,0.009649113413739984,0.9649113413739985,4.2679444874172453e-13,8.513867051468956e-10,9.281880297897752e-09,1.7708741828213782e-09,2.0372103505292916e-06,9.51347331978708e-10,37841068965.97227
68678.24803540477,0.00875796625360429,0.875796625360429,4.702219580451934e-13,8.560679201987079e-10,1.0340717413721587e-08,1.990858834492392e-09,2.0372103505292916e-06,1.0481495402364289e-09,34346244136.003296
75666.44947090036,0.007949121213650398,0.79491212136504,5.180683410880308e-13,8.60864984452581e-10,1.1515490717272272e-08,2.234530895889817e-09,2.0372103505292916e-06,1.1548016510753407e-09,31174184732.48383
83365.72039346964,0.007214977280971909,0.721497728097191,5.707832304786948e-13,8.657778978539267e-10,1.2818806164846798e-08,2.5112850702887932e-09,2.0372103505292916e-06,1.272305919289732e-09,28295081752.112804
91848.41409395733,0.006548635429191491,0.6548635429191493,6.288620102298131e-13,8.708066603560257e-10,1.4260336471303943e-08,2.841048287970458e-09,2.0372103505292916e-06,1.4017665819663494e-09,25681879182.41028
101194.24601693363,0.00594383378823821,0.5943833788238211,6.928504710903419e-13,8.759512719189472e-10,1.5849846649777142e-08,3.1877555191548047e-09,2.0372103505292916e-06,1.544400235465266e-09,23310019756.08651
111491.04288029237,0.005394888801036235,0.5394888801036236,7.633499395710483e-13,8.812117325086094e-10,1.7612289174708085e-08,3.570171076626217e-09,2.0372103505292916e-06,1.7015472682881415e-09,21157214184.368885
122835.56801990303,0.004896641814309695,0.4896641814309696,8.410229288629512e-13,8.86588042095959e-10,1.9563023131513213e-08,3.993649492098033e-09,2.0372103505292916e-06,1.8746844572734175e-09,19203231701.381466
135334.43071541953,0.004444410601730261,0.4444410601730262,9.265993647527246e-13,8.920802006562573e-10,2.17242106736614e-08,4.493644197977363e-09,2.0372103505292916e-06,2.065438845490051e-09,17429709951.765022
149105.08804257453,0.004033945363950268,0.40339453639502687,1.0208834450426896e-12,8.976882081684624e-10,2.411598951172773e-08,5.053180970201298e-09,2.0372103505292916e-06,2.27560303224639e-09,15819982435.364466
164276.9486667775,0.003661388792111042,0.3661388792111042,1.1247611969361816e-12,9.034120646146937e-10,2.6761775066625192e-08,5.63693449024091e-09,2.0372103505292916e-06,2.507152018900673e-09,14358921887.706335
180992.58895083395,0.003323239819582506,0.33232398195825064,1.239208803408265e-12,9.092517699797725e-10,2.9691727086250795e-08,6.2687465735185034e-09,2.0372103505292916e-06,2.7622617687804195e-09,13032798124.66671
199409.09280506358,0.0030163207213360667,0.3016320721336067,1.3653017768082038e-12,9.152073242508248e-10,3.293006516442358e-08,6.99595260839518e-09,2.0372103505292916e-06,3.043329655626078e-09,11829149015.601477
219699.52787094982,0.0027377472518013185,0.27377472518013185,1.5042250659018826e-12,9.212787274169402e-10,3.6513630821332366e-08,7.873495852796903e-09,2.0372103505292916e-06,3.3529969927215453e-09,10736663372.542929
242054.5719106409,0.0024849015406029538,0.2484901540602954,1.6572841913343054e-12,9.274659794688792e-10,4.044661884015833e-08,8.771328306998663e-09,2.0372103505292916e-06,3.6941738544272777e-09,9745074655.01545
266684.3046861698,0.0022554074914853165,0.22554074914853167,1.8259175141568187e-12,9.33769080398824e-10,4.4796900438774424e-08,9.756574152073566e-09,2.0372103505292916e-06,4.070066423374411e-09,8845064491.638718
293820.182167442,0.002047108453251071,0.2047108453251071,2.011709752711599e-12,9.401880302001642e-10,4.9602495202501773e-08,1.0843463488406067e-08,2.0372103505292916e-06,4.484207120313055e-09,8028175111.921847
323717.2116214397,0.0018580469528883836,0.18580469528883836,2.216406874897161e-12,9.467228288673128e-10,5.491352761132295e-08,1.2138619712231721e-08,2.0372103505292916e-06,4.9404877997574135e-09,7286729865.372336
356656.3480228903,0.0016864463004374645,0.16864463004374647,2.4419325057639117e-12,9.533734763955534e-10,6.07790749178769e-08,1.3519927979955503e-08,2.0372103505292916e-06,5.4431963233814735e-09,6613761081.032577
392947.1343064709,0.0015306938927352677,0.15306938927352678,2.6904060046287607e-12,9.60139972780904e-10,6.725436420935437e-08,1.5044920299846994e-08,2.0372103505292916e-06,5.997056854860732e-09,6002944589.531662
432930.61027209944,0.0013893260591407598,0.138932605914076,2.9641623815869853e-12,9.670223180200061e-10,7.440134947973974e-08,1.66674027766134e-08,2.0372103505292916e-06,6.60727425482736e-09,5448540292.344901
476982.5174795434,0.0012610143068326107,0.1261014306832611,3.2657742405853535e-12,9.740205121100289e-10,8.22980646052396e-08,1.84482536135341e-08,2.0372103505292916e-06,7.2795829931373e-09,4945338219.776926
525516.8302500739,0.001144552836422988,0.11445528364229882,3.598075955264675e-12,9.811345550485861e-10,9.102519434640795e-08,2.0533312690979253e-08,2.0372103505292916e-06,8.020301038098169e-09,4488609570.762019
578989.6459574744,0.0010388472105681103,0.10388472105681106,3.964190304762371e-12,9.883644468336697e-10,1.0064119486815125e-07,2.2823235055239658e-08,2.0372103505292916e-06,8.836389229077732e-09,4074062274.3886743
637903.471167114,0.0009429040690909919,0.0942904069090992,4.367557819782961e-12,9.957101874635878e-10,1.1123065092838309e-07,2.5393852228873465e-08,2.0372103505292916e-06,9.735516690442496e-09,3697800655.5462794
702811.9439017437,0.0008558217939660256,0.08558217939660258,4.8119691147138734e-12,1.0031717769369178e-09,1.2287839599748625e-07,2.8070672588604282e-08,2.0372103505292916e-06,1.072613290154879e-08,3356288825.658856
774325.0364111095,0.0007767820364410864,0.07767820364410866,5.301600509624905e-12,1.010749215252463e-09,1.357202092550247e-07,3.113028559438121e-08,2.0372103505292916e-06,1.1817547100057982e-08,3046317454.4760957
853114.7873380339,0.0007050420266744385,0.07050420266744387,5.84105327690651e-12,1.018442502409217e-09,1.4989164977939448e-07,3.460481674246913e-08,2.0372103505292916e-06,1.3020015764762786e-08,2764973610.664126
939921.6171485222,0.0006399275936173055,0.06399275936173056,6.435396881363936e-12,1.026251638406334e-09,1.6550772287554106e-07,3.84836158928114e-08,2.0372103505292916e-06,1.4344839000037225e-08,2509613387.777066
1035561.2861746569,0.0005808268295472901,0.05808268295472902,7.090216620112652e-12,1.0341766232431046e-09,1.827426286408116e-07,4.250500910459528e-08,2.0372103505292916e-06,1.5804466727675672e-08,2277837058.3652363
1140932.560657935,0.000527184339715826,0.05271843397158261,7.811666109967167e-12,1.0422174569189321e-09,2.0173251144159218e-07,4.683068939722929e-08,2.0372103505292916e-06,1.74126156840503e-08,2067466522.7335987
1257025.6588340881,0.0004784960230713383,0.04784960230713384,8.606525115569375e-12,1.0503741394333163e-09,2.226606085273227e-07,5.1914104159192144e-08,2.0372103505292916e-06,1.91843983220586e-08,1876524840.4275725
1384931.5564308036,0.00043430433501050224,0.043430433501050233,9.482263261691714e-12,1.0586466707858366e-09,2.457485184405655e-07,5.72834834218415e-08,2.0372103505292916e-06,2.1136464829206726e-08,1703217652.095472
1525852.2390260156,0.00039419398763977225,0.03941939876397723,1.0447110228446393e-11,1.0670350509761409e-09,2.7120374569727755e-07,6.335053158579054e-08,2.0372103505292916e-06,2.3287159596432443e-08,1545916317.1413634
1681111.9976125227,0.00035778804714079186,0.035778804714079196,1.1510133089054824e-11,1.0755392800039344e-09,2.9926999401017105e-07,6.978240503774057e-08,2.0372103505292916e-06,2.5656693608071378e-08,1403142608.7060068
1852169.8735180576,0.0003247443915650515,0.03247443915650516,1.26813215169525e-11,1.084159357868968e-09,3.302059531668437e-07,7.722180774652794e-08,2.0372103505292916e-06,2.826733437298689e-08,1273554822.148447
2040633.3696310364,0.0002947524957702191,0.02947524957702192,1.3971681662956847e-11,1.0928952845710355e-09,3.6406008764463865e-07,8.556706139899877e-08,2.0372103505292916e-06,3.1143615181727594e-08,1155935166.4838743
2248273.556782056,0.0002675305132848861,0.026753051328488615,1.5393339584700707e-11,1.1017470601099623e-09,4.013815477738624e-07,9.476962003063454e-08,2.0372103505292916e-06,3.431256565618861e-08,1049178320.2899911
2477041.7172422726,0.0002428226276787856,0.02428226276787856,1.6959655200302092e-11,1.110714684485603e-09,4.4250206647083584e-07,1.0495548383634313e-07,2.0372103505292916e-06,3.780396575835047e-08,952281044.5369216
2729087.6817445178,0.00022039664854822628,0.02203966485482263,1.8685347837140143e-11,1.1197981576978352e-09,4.877646632466667e-07,1.1573482202302482e-07,2.0372103505292916e-06,4.16506256451211e-08,864332754.7281872
3006780.032347958,0.0002000418295252048,0.02000418295252048,2.0586634555572555e-11,1.1289974797465577e-09,5.376057659590862e-07,1.279801231332004e-07,2.0372103505292916e-06,4.58886939991962e-08,784506963.7551808
3312728.3610010482,0.00018156688780512713,0.018156688780512718,2.2681382547480367e-11,1.138312650631684e-09,5.9248556216078e-07,1.4096487122370074e-07,2.0372103505292916e-06,5.055799773345169e-08,712053515.0501146
3649807.7929759375,0.00016479820658180767,0.01647982065818077,2.4989277041793664e-11,1.1477436703531429e-09,6.529923847634984e-07,1.549665537417205e-07,2.0372103505292916e-06,5.570241626121466e-08,646291533.0491083
4021186.005631258,0.0001495782034972833,0.014957820349728332,2.753200629487659e-11,1.157290538910875e-09,7.195304579494132e-07,1.7040370924512694e-07,2.0372103505292916e-06,6.137029384958632e-08,586603024.7180032
4430352.996410129,0.00013576384977407327,0.013576384977407329,3.0333465404204996e-11,1.1669532563048304e-09,7.928520421932731e-07,1.8779998221410713e-07,2.0372103505292916e-06,6.76148939308771e-08,532427072.0117214
4881153.879815669,0.00012322532611355706,0.012322532611355706,3.3419980860658965e-11,1.1767318225349667e-09,8.736171918308561e-07,2.0729120160538473e-07,2.0372103505292916e-06,7.449489964150775e-08,483254560.69130933
5377825.02157109,0.00011184480272937957,0.011184480272937959,3.6820557949643236e-11,1.1866262376012495e-09,9.62501395021556e-07,2.2791542863716333e-07,2.0372103505292916e-06,8.20749652921527e-08,438623395.96312946
5925033.849532221,0.00010151533205134799,0.0101515332051348,4.0567153325967497e-11,1.1966365015036485e-09,1.060428558610234e-06,2.501875948681319e-07,2.0372103505292916e-06,9.042632395152179e-08,398114159.9795637
6527922.715472429,9.213984369409166e-05,0.009213984369409168,4.469497532398797e-11,1.2067626142421405e-09,1.1683119739237805e-06,2.750368009795937e-07,2.0372103505292916e-06,9.962745685350157e-08,361346170.3929335
7192157.219927555,8.36302322457849e-05,0.00836302322457849,4.924281482515075e-11,1.2170045758167046e-09,1.2862719295774372e-06,3.055819392528093e-07,2.0372103505292916e-06,1.0976483091835686e-07,327973902.92321247
7923979.45422977,7.5906529304499e-05,0.007590652930449901,5.4253409792238394e-11,1.2273623862273236e-09,1.4160704818627673e-06,3.38700444414625e-07,2.0372103505292916e-06,1.2093371131878921e-07,297683744.3209002
8730266.660068274,6.889615198146035e-05,0.006889615198146036,5.977384689600258e-11,1.2378360454739838e-09,1.5588836481058766e-06,3.743943111489296e-07,2.0372103505292916e-06,1.3323905672687932e-07,270191045.2112759
9618595.857825246,6.253322080908538e-05,0.006253322080908539,6.585600400843594e-11,1.2484255535566726e-09,1.7160765867470421e-06,4.1162946765362e-07,2.0372103505292916e-06,1.4679650565492372e-07,245237445.12437937
10597315.051026948,5.675794064388532e-05,0.005675794064388532,7.255703772098009e-11,1.2591309104753806e-09,1.8889817677865384e-06,4.527029732743484e-07,2.0372103505292916e-06,1.6173346315922837e-07,222588444.5728934
11675621.676047966,5.15160387463268e-05,0.005151603874632681,7.993992046908246e-11,1.2699521162300996e-09,2.0792226127324313e-06,4.988829900521792e-07,2.0372103505292916e-06,1.7819029811906925e-07,202031201.3617279
12863649.034293652,4.6758254757046684e-05,0.004675825475704669,8.807403231068855e-11,1.2808891708208224e-09,2.288504516978022e-06,5.505700114553198e-07,2.0372103505292916e-06,1.9632166234215747e-07,183372530.42029426
14172561.51910038,4.24398777765136e-05,0.004243987777651361,9.70358129198609e-11,1.2919420742475432e-09,2.5191558262390844e-06,6.035127648844275e-07,2.0372103505292916e-06,2.162979438927969e-07,166437088.36105525
15614659.532240674,3.852032619787955e-05,0.0038520326197879554,1.0690947992258258e-10,1.3031108265102576e-09,2.7723916764212043e-06,6.602158910729675e-07,2.0372103505292916e-06,2.3830686830026933e-07,151065725.70388362
17203495.075978205,3.4962766344532424e-05,0.003496276634453243,1.177878203252515e-10,1.314395427608961e-09,3.0514326044769048e-06,7.229063283871206e-07,2.0372103505292916e-06,2.6255526269468196e-07,137113991.2813836
18953999.106939454,3.173376632852774e-05,0.003173376632852774,1.2977306247324965e-10,1.3257958775436501e-09,3.358162436449119e-06,7.909199035908992e-07,2.0372103505292916e-06,2.8927099944859836e-07,124450774.77044836
20882621.848600272,2.880298187706044e-05,0.002880298187706044,1.4297783673375095e-10,1.3373121763143227e-09,3.695990639995871e-06,8.750214005440857e-07,2.0372103505292916e-06,3.1870513758967614e-07,112957074.59334712
23007487.380962547,2.614287117455658e-05,0.0026142871174556583,1.5752623393070696e-10,1.3489443239209764e-09,4.0678684008430885e-06,9.60788881637368e-07,2.0372103505292916e-06,3.5113428210806294e-07,102524879.60979232
25348563.96016569,2.372843604063512e-05,0.0023728436040635122,1.7355497147857146e-10,1.3606923203636083e-09,4.476359902440785e-06,1.0537941874133556e-06,2.0372103505292916e-06,3.868631833299617e-07,93056154.09077331
27927851.668597832,2.153698701168082e-05,0.0021536987011680823,1.9121467817341353e-10,1.3725561656422177e-09,4.9260030208129215e-06,1.1614907707053438e-06,2.0372103505292916e-06,4.262276007847712e-07,84461916.43553051
30769589.15893364,1.954793011840088e-05,0.001954793011840088,2.106713097151395e-10,1.3845358597568035e-09,5.417655246723713e-06,1.279300400375352e-06,2.0372103505292916e-06,4.695974584787619e-07,76661402.97398596
33900481.43495981,1.7742573355623884e-05,0.0017742573355623886,2.3210770826308506e-10,1.3966314027073636e-09,5.9582862637125055e-06,1.419413233819128e-06,2.0372103505292916e-06,5.173803212267294e-07,69581308.99652806
37349950.80974086,1.610395102565634e-05,0.001610395102565634,2.5572532068077956e-10,1.4088427944938978e-09,6.552919524344104e-06,1.573822912632761e-06,2.0372103505292916e-06,5.700252247101804e-07,63155099.878787965
41150413.39948335,1.4616664304477965e-05,0.0014616664304477967,2.817460916169421e-10,1.4211700351164056e-09,7.207066238072585e-06,1.7312087401451603e-06,2.0372103505292916e-06,6.280268952547e-07,57322385.827759795
45337583.751430005,1.3266736532508055e-05,0.0013266736532508057,3.104145492128047e-10,1.4336131245748845e-09,7.925939846962455e-06,1.9011029153168248e-06,2.0372103505292916e-06,6.919303989815569e-07,52028354.373486005
49950810.46849934,1.204148187005003e-05,0.0012041481870050032,3.420001030360249e-10,1.4461720628693362e-09,8.716557504963223e-06,2.0920275538430717e-06,2.0372103505292916e-06,7.623362640235704e-07,47223255.27319652
55033445.98467466,1.092938608311456e-05,0.001092938608311456,3.767995758358251e-10,1.4588468499997593e-09,9.586057311979943e-06,2.295364906397532e-06,2.0372103505292916e-06,8.399061239408205e-07,42861932.98733056
60633253.96608206,9.919998339314034e-06,0.0009919998339314035,4.151399929113605e-10,1.4716374859661533e-09,1.0542085888544202e-05,2.527214396119855e-06,2.0372103505292916e-06,9.253689353698285e-07,38903402.33391605
66802858.16627281,9.00383299699015e-06,0.0009003832996990151,4.573816553061552e-10,1.4845439707685182e-09,1.159460568898736e-05,2.7727203116397625e-06,2.0372103505292916e-06,1.0195278283360121e-06,35310463.33355725
73600236.95379397,8.172280464645088e-06,0.000817228046464509,5.03921525708722e-10,1.4975663044068536e-09,1.2749246299414418e-05,3.0301843654604507e-06,2.0372103505292916e-06,1.1232676536047097e-06,32049351.62556439
81089268.1593313,7.417526292984861e-06,0.0007417526292984862,5.551969588780993e-10,1.510704486881159e-09,1.4020652287563538e-05,3.3099933441477556e-06,2.0372103505292916e-06,1.237563297996419e-06,29089421.170038752
89340329.36258133,6.73247773924886e-06,0.0006732477739248861,6.116898116506806e-10,1.523958518191435e-09,1.541899972436776e-05,3.619237733659411e-06,2.0372103505292916e-06,1.3634888458087448e-06,26402856.254131533
98430959.26000251,6.11069711371951e-06,0.0006110697113719511,6.739309711518073e-10,1.5373283983376809e-09,1.6955715971571414e-05,3.9581766795234954e-06,2.0372103505292916e-06,1.5022276724388232e-06,23964410.09607754
108446586.3285954,5.54634128204126e-06,0.0005546341282041261,7.425053437656272e-10,1.5508141273198963e-09,1.8647198024083093e-05,4.343392921311957e-06,2.0372103505292916e-06,1.6550835650602154e-06,21751167.590556215
119481331.63327295,5.03410675482663e-06,0.0005034106754826631,8.180573517466777e-10,1.5644157051380813e-09,2.0506109366852993e-05,4.768686273801915e-06,2.0372103505292916e-06,1.8234929748599728e-06,19742329.9657979
131638893.32213928,4.569179848533273e-06,0.0004569179848533274,9.012969891271608e-10,1.5781331317922358e-09,2.25510885265745e-05,5.2706907191778245e-06,2.0372103505292916e-06,2.0090385159752917e-06,17919019.328767687
145033521.12165472,4.147191449252719e-06,0.00041471914492527195,9.9300649382984e-10,1.5919664072823607e-09,2.479928135879063e-05,5.798305027883576e-06,2.0372103505292916e-06,2.2134638379849994e-06,16264101.261655204
159791089.98941877,3.7641759543074e-06,0.00037641759543074,1.0940476986871548e-09,1.6059155316084545e-09,2.725720352379621e-05,6.389678503994971e-06,2.0372103505292916e-06,2.4386900117187883e-06,14762023.802536184
176050283.01415417,3.416534005812316e-06,0.00034165340058123163,1.205370130447273e-09,1.619980504770518e-09,2.9956630541532096e-05,7.038005751198921e-06,2.0372103505292916e-06,2.6868335823687896e-06,13398671.297037076
193963894.6790846,3.100998665993474e-06,0.00031009986659934744,1.328019932876747e-09,1.634161326768551e-09,3.2924481946056175e-05,7.771337746411661e-06,2.0372103505292916e-06,2.9602264595559213e-06,12161231.747587496
213700266.73603478,2.8146047163979343e-06,0.0002814604716397935,1.4631496978140139e-09,1.6484579976025534e-09,3.619034429401787e-05,8.614618728245057e-06,2.0372103505292916e-06,3.261437831266555e-06,11038076.413683983
235444870.18375427,2.5546607924874738e-06,0.0002554660792487474,1.612029296560212e-09,1.6628705172725253e-09,3.977637482373304e-05,9.543285614198374e-06,2.0372103505292916e-06,3.5932983075938077e-06,10018650.531719089
259402048.21699166,2.3187240917527228e-06,0.00023187240917527232,1.77605781339452e-09,1.6773988857784662e-09,4.371633500213821e-05,1.0505079361956922e-05,2.0372103505292916e-06,3.9589265211725096e-06,9093374.127423294
285796936.5255406,2.1045774176693736e-06,0.0002104577417669374,1.9567766933582564e-09,1.6920431031203762e-09,4.805034693219453e-05,1.1536750966849748e-05,2.0372103505292916e-06,4.36175843428327e-06,8253551.988812872
314877578.9891147,1.9102083437688436e-06,0.0001910208343768844,2.1558842278629907e-09,1.7068031692982562e-09,5.281660192155119e-05,1.2641283445702119e-05,2.0372103505292916e-06,4.8055796280368125e-06,7491291.95362159
346917258.6501315,1.7337903020193602e-06,0.00017337903020193604,2.37525151425005e-09,1.721679084312105e-09,5.8049243847795545e-05,1.3836160008194724e-05,2.0372103505292916e-06,5.294560877073698e-06,6799430.7433286505
382217065.86953586,1.5736654177970352e-06,0.00015736654177970355,2.6169400392801176e-09,1.7366708481619232e-09,6.380472981279048e-05,1.5178137467623598e-05,2.0372103505292916e-06,5.8332973440898535e-06,6171466.646814134
421108727.79969996,1.4283289301399481e-06,0.00014283289301399483,2.883221051792345e-09,1.75177846084771e-09,7.013457528445472e-05,1.6665714059546667e-05,2.0372103505292916e-06,6.426851762515283e-06,5601498.421041945
463957725.76416636,1.2964150508757308e-06,0.00012964150508757309,3.176596906586122e-09,1.7670019223694664e-09,7.709272678809093e-05,1.82250444617906e-05,2.0372103505292916e-06,7.080802013152053e-06,5084169.834593981
511166729.83953094,1.1766841297350503e-06,0.00011766841297350504,3.4998245801027443e-09,1.7823412327271925e-09,8.473264085935014e-05,1.9893335120687132e-05,2.0372103505292916e-06,7.801293541868747e-06,4614619.3329082765
563179382.9157114,1.0680110048360227e-06,0.00010680110048360227,3.8559415788939584e-09,1.7977963919208877e-09,9.314333789912445e-05,2.1683196103979225e-05,2.0372103505292916e-06,8.595097110943063e-06,4188434.3522036183
620484469.7949923,9.693744290642266e-07,9.693744290642268e-05,4.248294484350054e-09,1.8133673999505519e-09,0.00010238119428048174,2.3663565611277043e-05,2.0372103505292916e-06,9.469672426765953e-06,3801609.852759667
683620510.5086279,8.798474729835491e-07,8.798474729835493e-05,4.680570401934353e-09,1.8290542568161853e-09,0.0001125417881766476,2.5839536163022405e-05,2.0372103505292916e-06,1.0433238241843688e-05,3450510.6818722794
753180821.0163348,7.985888140899637e-07,7.985888140899639e-05,5.156831610465818e-09,1.8448569625177884e-09,0.00012370503947509688,2.8436406509519233e-05,2.0372103505292916e-06,1.1494849589875892e-05,3131837.4127928615
829819088.8461933,7.248348305497037e-07,7.248348305497038e-05,5.6815537370636075e-09,1.8607755170553602e-09,0.00013598441314347342,3.128281460201644e-05,2.0372103505292916e-06,1.2664482879720036e-05,2842595.3386259247
914255516.07161,6.578924251233377e-07,6.578924251233377e-05,6.259667816499762e-09,1.876809920428902e-09,0.0001494870169390429,3.438399608517012e-05,2.0372103505292916e-06,1.3953129647906416e-05,2580066.329807348
1007283587.3534502,5.971325118391742e-07,5.971325118391744e-05,6.896606630209221e-09,1.8929601726384127e-09,0.00016430166061470102,3.793060177463609e-05,2.0372103505292916e-06,1.5372899850735064e-05,2341783.2906963644
1109777526.6495245,5.419841042074842e-07,5.419841042074843e-05,7.598355760424658e-09,1.9092262736838925e-09,0.00018051116986773558,4.201939827270398e-05,2.0372103505292916e-06,1.6937135666634435e-05,2125506.9752389565
1222700512.6652255,4.919289494200329e-07,4.91928949420033e-05,8.371509839213033e-09,1.9256082235653406e-09,0.00019832884262604362,4.634134237009902e-05,2.0372103505292916e-06,1.8660536878230062e-05,1929204.9438298142
1347113730.2494152,4.4649665811020797e-07,4.4649665811020804e-05,9.223334521010121e-09,1.942106022282759e-09,0.00021791181017840307,5.1083337748744166e-05,2.0372103505292916e-06,2.0559299012391928e-05,1751032.4636215144
1484186342.7952623,4.052602839060837e-07,4.052602839060837e-05,1.016183476103446e-08,1.958719669836146e-09,0.00023945582200069816,5.6505908631478376e-05,2.0372103505292916e-06,2.2651265536419598e-05,1589315.1727932277
1635206479.3609757,3.678323112355779e-07,3.6783231123557796e-05,1.1195830041222357e-08,1.9754491662255026e-09,0.0002630838537838046,6.239429826021737e-05,2.0372103505292916e-06,2.495609554061821e-05,1442533.345867621
1801593339.760958,3.3386101367945046e-07,3.338610136794505e-05,1.2335037250613294e-08,1.9922945114508285e-09,0.00028907443797595775,6.868703095176066e-05,2.0372103505292916e-06,2.7495448483047944e-05,1309307.612210634
1984910531.384053,3.0302714865003734e-07,3.030271486500374e-05,1.3590161999047765e-08,2.009255705512124e-09,0.0003176508245838154,7.610923649985618e-05,2.0372103505292916e-06,3.029318773257171e-05,1188385.9935048115
2186880763.070584,2.7504095733422786e-07,2.750409573342279e-05,1.497299922229089e-08,2.026332748409388e-09,0.0003490360462496003,8.39660213871492e-05,2.0372103505292916e-06,3.3375604822980746e-05,1078632.1383818712
2409402034.1327124,2.4963944170788803e-07,2.4963944170788805e-05,1.6496544024010332e-08,2.043525640142621e-09,0.00038355629921795186,9.208225185803462e-05,2.0372103505292916e-06,3.6771666525608324e-05,979014.6436504064
2654565470.6531796,2.2658389303268536e-07,2.265838930326854e-05,1.817511379623739e-08,2.0608343807118248e-09,0.0004214415107805845,0.00010075820083561332,2.0372103505292916e-06,4.0513287062277225e-05,888597.3617657986
2924674976.6776342,2.0565764860955934e-07,2.0565764860955937e-05,2.002448276592867e-08,2.078258970116997e-09,0.0004631710323137885,0.0001104671688117882,2.0372103505292916e-06,4.463562801668057e-05,806530.6034575477
3222268884.9710717,1.8666405570810702e-07,1.8666405570810704e-05,2.2062030232018996e-08,2.0957994083581377e-09,0.0005089899457980957,0.00012087751248289305,2.0372103505292916e-06,4.917742876258962e-05,732043.1528414111
3550143810.799645,1.6942462353807027e-07,1.694246235380703e-05,2.430690388601138e-08,2.1134556954352478e-09,0.0005593464659939327,0.00013232259574910156,2.0372103505292916e-06,5.4181370514061064e-05,664435.0199790045
3911380932.9019213,1.537773458962204e-07,1.5377734589622043e-05,2.6780199750896818e-08,2.1312278313483267e-09,0.0006146998154358247,0.0001452110456567052,2.0372103505292916e-06,5.9694477418777676e-05,603070.8627775965
4309374948.622941,1.3957517872584822e-07,1.3957517872584824e-05,2.9505160429365653e-08,2.1491158160973756e-09,0.0006755169458403438,0.0001587200729232159,2.0372103505292916e-06,6.576855846376571e-05,547374.0164129295
4747865975.31451,1.2668465828184977e-07,1.2668465828184978e-05,3.250739352433137e-08,2.1671196496823934e-09,0.0007424302095306062,0.00017301763477447872,2.0372103505292916e-06,7.246069434625986e-05,496821.0741670622
5230974697.7929125,1.1498464691571175e-07,1.1498464691571176e-05,3.581511228435853e-08,2.1852393321033812e-09,0.000815897731713767,0.00018849555878781688,2.0372103505292916e-06,7.983377388505218e-05,450936.96875503124
5763241092.1491995,1.0436519469402215e-07,1.0436519469402216e-05,3.9459400735439034e-08,2.2034748633603375e-09,0.0008967133586579349,0.00020549849883701375,2.0372103505292916e-06,8.79570850132021e-05,409290.507917543
6349667089.816237,9.472650615264732e-08,9.472650615264733e-06,4.3474505790673514e-08,2.221826243453263e-09,0.0009853764279083416,0.00022479565713679468,2.0372103505292916e-06,9.690696590591979e-05,371490.32232574373
6995763582.824563,8.597800247673461e-08,8.597800247673463e-06,4.789815908293409e-08,2.2402934723821584e-09,0.0010828113254045518,0.000246433797568559,2.0372103505292916e-06,0.00010676752236254248,337181.18771884113
7707602211.975292,7.803747029344853e-08,7.803747029344855e-06,5.277193154490644e-08,2.2588765501470224e-09,0.0011896856600615922,0.0002715360452807849,2.0372103505292916e-06,0.00011763141818414576,306040.68671214953
8491872424.605372,7.08302890782879e-08,7.083028907828791e-06,5.8141624068648796e-08,2.2775754767478555e-09,0.001306645675802146,0.0002988875442551538,2.0372103505292916e-06,0.000129600745974301,277776.17890516296
9355944338.14098,6.42887299145961e-08,6.428872991459611e-06,6.405769791586041e-08,2.2963902521846583e-09,0.0014345760916683458,0.00032845609531117836,2.0372103505292916e-06,0.0001427879865462601,252122.0508164867
10307938000.194365,5.835131901641226e-08,5.835131901641227e-06,7.057574892360578e-08,2.3153208764574295e-09,0.0015734621967889,0.0003615303820322826,2.0372103505292916e-06,0.00015731706595252054,228837.21980211014
11356799696.070377,5.2962260033419604e-08,5.296226003341961e-06,7.775702996180538e-08,2.3343673495661707e-09,0.0017251811488284328,0.00039811631007892663,2.0372103505292916e-06,0.00017332452007012272,207702.8685002867
12512386020.776596,4.807090970914662e-08,4.807090970914662e-06,8.566902655224671e-08,2.3535296715108808e-09,0.0018899946631003991,0.0004389979752719222,2.0372103505292916e-06,0.00019096077768577884,188520.38851264573
13785556505.5971,4.363130196496103e-08,4.363130196496104e-06,9.438609105844989e-08,2.37280784229156e-09,0.002068955833505186,0.00048647791123314295,2.0372103505292916e-06,0.00021039157413852558,171109.5139974425
15188275669.680408,3.960171593747458e-08,3.960171593747459e-06,1.0399014140613408e-07,2.392201861908208e-09,0.002262477650820046,0.0005415653917008557,2.0372103505292916e-06,0.00023179950880448862,155306.62763554094
16733725455.664097,3.594428391002125e-08,3.5944283910021256e-06,1.1457143090046054e-07,2.4117117303608263e-09,0.002471118678486119,0.0006008440816439206,2.0372103505292916e-06,0.0002553857610601115,140963.22304956734
18436429105.940273,3.262463545377889e-08,3.2624635453778892e-06,1.262293963743441e-07,2.4313374476494137e-09,0.0026959109357777666,0.0006626465300244162,2.0372103505292916e-06,0.00028137198084946636,127944.50922695088
20312387643.679817,2.9611574434376777e-08,2.961157443437678e-06,1.390735926382433e-07,2.4510790137739695e-09,0.0029367292282886,0.0007306474896472845,2.0372103505292916e-06,0.0002961157443437678,116128.14383202027
22379230241.18472,2.6876785848685142e-08,2.687678584868515e-06,1.5322472201284456e-07,2.470936428734495e-09,0.0031937288596670848,0.0008041014261289118,2.0372103505292916e-06,0.0002687678584868515,105403.08350356059
24656379888.643436,2.4394569736807894e-08,2.43945697368079e-06,1.6881576861959497e-07,2.49090969253099e-09,0.0034678331063806166,0.0008832229876794664,2.0372103505292916e-06,0.000243945697368079,95668.54033358996
27165235920.148323,2.214159966873779e-08,2.2141599668737794e-06,1.8599324808848822e-07,2.510998805163454e-09,0.0037589184998859026,0.0009717545976295594,2.0372103505292916e-06,0.00022141599668737793,86833.03472094866
29929375112.24878,2.0096703536071488e-08,2.009670353607149e-06,2.0491858442713342e-07,2.5312037666318874e-09,0.004066890749452265,0.0010758947410790679,2.0372103505292916e-06,0.00020096703536071487,78813.53569896724
32974773244.848213,1.824066458879174e-08,1.8240664588791742e-06,2.2576962699012734e-07,2.5515245769362893e-09,0.00439190105051811,0.001185146655210886,2.0372103505292916e-06,0.0001824066458879174,71534.68065851013
36330049206.54543,1.655604084737583e-08,1.6556040847375832e-06,2.487423218043267e-07,2.5719612360766605e-09,0.004732455207553117,0.001296331917295044,2.0372103505292916e-06,0.00016556040847375832,64928.067133804456
40026733938.381966,1.5027001193169404e-08,1.5027001193169404e-06,2.740525529561732e-07,2.5925137440530004e-09,0.005090531682872929,0.0014180314321712473,2.0372103505292916e-06,0.00015027001193169403,58931.609995665676
44099566743.37146,1.3639176596698602e-08,1.3639176596698605e-06,3.019381713453548e-07,2.613182100865311e-09,0.005463979807066549,0.0015513382389590869,2.0372103505292916e-06,0.00013639176596698605,53488.958011397124
48586821746.35832,1.2379525085849484e-08,1.2379525085849486e-06,3.32661229869865e-07,2.63396630651359e-09,0.005852458688519453,0.0016915459149534071,2.0372103505292916e-06,0.00012379525085849484,48548.964288527495
53530667572.08507,1.1236209184964435e-08,1.1236209184964437e-06,3.6651044604742923e-07,2.6548663609978386e-09,0.006255496370611067,0.0018432654410494326,2.0372103505292916e-06,0.00011236209184964436,44065.20562592569
58977563621.51554,1.0198484673098876e-08,1.0198484673098878e-06,4.038039152155923e-07,2.6758822643180567e-09,0.006671848057827398,0.0020170301904002415,2.0372103505292916e-06,0.00010198484673098878,39995.54625543187
64978696670.38832,9.256599616052986e-09,9.256599616052989e-07,4.448920998075457e-07,2.6970140164742432e-09,0.007100939463132184,0.0022109282977534543,2.0372103505292916e-06,9.256599616052988e-05,36301.74187430196
71590461892.90251,8.401702723339615e-09,8.401702723339617e-07,4.901611227951882e-07,2.7182616174664e-09,0.007541680956210834,0.0024063856533895404,2.0372103505292916e-06,8.401702723339618e-05,32949.080247390564
78874992830.9157,7.625760168880603e-09,7.625760168880604e-07,5.40036396249274e-07,2.739625067294525e-09,0.007993253691763718,0.0026210774809428405,2.0372103505292916e-06,7.625760168880605e-05,29906.055001661247
86900745289.00018,6.921480093760197e-09,6.921480093760198e-07,5.949866191157776e-07,2.7611043659586194e-09,0.008454951210986142,0.0028653111335303462,2.0372103505292916e-06,6.921480093760199e-05,27144.069547532188
95743140642.46387,6.282244081556393e-09,6.282244081556394e-07,6.555281817772473e-07,2.7826995134586837e-09,0.008924715429931852,0.003127047946809445,2.0372103505292916e-06,6.282244081556394e-05,24637.16834468256
105485274603.77194,5.702044962294977e-09,5.702044962294977e-07,7.222300187906682e-07,2.804410509794716e-09,0.0094023540120935,0.003407560960039692,2.0372103505292916e-06,5.7020449622949766e-05,22361.792986910932
116218698107.94592,5.1754303605438205e-09,5.175430360543821e-07,7.95718955405055e-07,2.8262373549667174e-09,0.00988927320878217,0.0037102938232925716,2.0372103505292916e-06,5.175430360543821e-05,20296.560813872395
128044277655.25256,4.69745145714496e-09,4.697451457144961e-07,8.766855981022757e-07,2.8481800489746885e-09,0.010382467603229471,0.00404868511168229,2.0372103505292916e-06,4.697451457144961e-05,18422.063969215094
141073143196.17606,4.263616483077297e-09,4.263616483077298e-07,9.658908245169375e-07,2.8702385918186293e-09,0.0108819377056383,0.004425277200094647,2.0372103505292916e-06,4.2636164830772976e-05,16720.687016782515
155427732466.3592,3.869848508411618e-09,3.869848508411618e-07,1.0641729337239223e-06,2.8924129834985393e-09,0.011391395232964374,0.004805864062076871,2.0372103505292916e-06,3.869848508411618e-05,15176.441400942069
171242941585.5598,3.51244712968339e-09,3.512447129683391e-07,1.1724555240877738e-06,2.9147032240144185e-09,0.011909422343421665,0.005207543606151923,2.0372103505292916e-06,3.51244712968339e-05,13774.815195395544
188667392733.29102,3.1880536956432243e-09,3.188053695643225e-07,1.2917561727054432e-06,2.937109313366267e-09,0.012437788057842254,0.0056541163803218945,2.0372103505292916e-06,3.188053695643225e-05,12502.636728496944
207864830814.022,2.893619744596861e-09,2.893619744596861e-07,1.4231959980067395e-06,2.9596312515540846e-09,0.012979685808346622,0.0061220026389045895,2.0372103505292916e-06,2.893619744596861e-05,11347.950803507834
229015662236.9959,2.6263783567269695e-09,2.62637835672697e-07,1.5680101953762979e-06,2.9822690385778703e-09,0.013533509831773432,0.0065984611771945,2.0372103505292916e-06,2.62637835672697e-05,10299.906350579487
252318650271.2211,2.3838181521825607e-09,2.383818152182561e-07,1.7275596448047143e-06,3.005022674437627e-09,0.01410474515460716,0.0070722830477394655,2.0372103505292916e-06,2.3838181521825614e-05,9348.654454680418
277992782907.60596,2.1636596905850223e-09,2.1636596905850228e-07,1.9033436996508623e-06,3.027892159133352e-09,0.014695765221254887,0.007561432640224894,2.0372103505292916e-06,2.163659690585023e-05,8485.255801194624
306279330781.3193,1.9638340501670767e-09,1.963834050167077e-07,2.097014276696737e-06,3.050877492665046e-09,0.015307636223193815,0.008075234220546774,2.0372103505292916e-06,1.9638340501670768e-05,7701.5966694180615
337444114493.54297,1.7824633852437498e-09,1.78246338524375e-07,2.3103913799050514e-06,3.0739786750327098e-09,0.01594475080012377,0.008563070614839675,2.0372103505292916e-06,1.7824633852437498e-05,6990.312684508646
371780002639.58997,1.6178432793057647e-09,1.617843279305765e-07,2.545480203762813e-06,3.0971957062363424e-09,0.01661287786256922,0.009028940218495653,2.0372103505292916e-06,1.617843279305765e-05,6344.719611354951
409609664018.4221,1.4684267278998781e-09,1.4684267278998783e-07,2.8044899769383156e-06,3.120528586275944e-09,0.017314187378733484,0.009504910706431056,2.0372103505292916e-06,1.4684267278998784e-05,5758.750540004136
451288599887.2127,1.3328096007766737e-09,1.332809600776674e-07,3.0898547233331207e-06,3.1439773151515145e-09,0.018054807017862246,0.009937488340519333,2.0372103505292916e-06,1.3328096007766738e-05,5226.8988723546945
497208484756.3582,1.2097174466873344e-09,1.2097174466873344e-07,3.4042561356296034e-06,3.1675418928630553e-09,0.018844211130958848,0.010331244297075246,2.0372103505292916e-06,1.2097174466873346e-05,4744.166574335269
547800847119.77844,1.097993516828615e-09,1.0979935168286152e-07,3.7506487762862993e-06,3.1912223194105656e-09,0.019683232526046337,0.010670396358489966,2.0372103505292916e-06,1.0979935168286152e-05,4306.01720727393
603541124709.8776,9.965878943872674e-10,9.965878943872674e-08,4.132287842805399e-06,3.215018594794044e-09,0.020580814837705578,0.010960190096102771,2.0372103505292916e-06,9.965878943872674e-06,3908.3332970738265
664953132386.1162,9.045476280296392e-10,9.045476280296394e-08,4.552759758194396e-06,3.238930719013492e-09,0.021554528640063055,0.011198213619934831,2.0372103505292916e-06,9.045476280296393e-06,3547.3776405752783
732613984643.8054,8.210077766167384e-10,8.210077766167386e-08,5.016015874093215e-06,3.2629586920689092e-09,0.02260271137180123,0.011378586606983961,2.0372103505292916e-06,8.210077766167386e-06,3219.7581854840814
807159519002.0353,7.451832809881332e-10,7.451832809881333e-08,5.526409603289417e-06,3.287102513960296e-09,0.02373414200094091,0.01150903006423002,2.0372103505292916e-06,7.451832809881334e-06,2922.3961538277463
889290271236.5731,6.763615864304571e-10,6.763615864304572e-08,6.0887373305712775e-06,3.3113621846876518e-09,0.024973570660988983,0.011578235852395886,2.0372103505292916e-06,6.763615864304573e-06,2652.4971093825134
979778058609.5328,6.13895946500723e-10,6.138959465007232e-08,6.708283486375302e-06,3.3357377042509767e-09,0.02632521042374917,0.011581900101924194,2.0372103505292916e-06,6.138959465007231e-06,2407.5246971794663
1079473232961.1716,5.571993452776751e-10,5.571993452776752e-08,7.390870206804128e-06,3.36022907265027e-09,0.027795744863005185,0.011504386863378794,2.0372103505292916e-06,5.571993452776752e-06,2185.1768083089173
1189312671824.2192,5.057389809259842e-10,5.0573898092598423e-08,8.142912046691216e-06,3.3848362898855334e-09,0.02940804704856006,0.011362091661877233,2.0372103505292916e-06,5.0573898092598424e-06,1983.3639460335617
1310328582656.517,4.590312587330696e-10,4.5903125873306964e-08,8.971476259873393e-06,3.409559355956765e-09,0.03117472431280312,0.011167089354215069,2.0372103505292916e-06,4.590312587330697e-06,1800.1895899078743
1443658202929.167,4.166372465659392e-10,4.166372465659393e-08,9.884349213151228e-06,3.4343982708639674e-09,0.0331053722244254,0.010906026742421889,2.0372103505292916e-06,4.166372465659392e-06,1633.9323733768424
1590554487225.8972,3.781585500411185e-10,3.781585500411186e-08,1.0890109558056404e-05,3.459353034607138e-09,0.035215933670657514,0.010599142565389953,2.0372103505292916e-06,3.7815855004111856e-06,1483.0299073696485
1752397881784.8777,3.432335686448731e-10,3.4323356864487315e-08,1.1998208848052453e-05,3.4844236471862783e-09,0.037536860379794645,0.010250666879883638,2.0372103505292916e-06,3.4323356864487316e-06,1346.0640978716783
1930709297133.2993,3.115340976209184e-10,3.1153409762091844e-08,1.3219060358762522e-05,3.5096101086013887e-09,0.040061720658428786,0.009883100366971416,2.0372103505292916e-06,3.1153409762091846e-06,1221.747819497936
2127164400724.0125,2.827622436921268e-10,2.827622436921268e-08,1.4564136945905138e-05,3.534912418852467e-09,0.04280951510653987,0.009478822131943909,2.0372103505292916e-06,2.827622436921268e-06,1108.9128198338287
2343609363888.1675,2.5664762563196584e-10,2.566476256319659e-08,1.6046078860550382e-05,3.560330577939515e-09,0.045822440664608666,0.008977181800592648,2.0372103505292916e-06,2.566476256319659e-06,1006.4987408752992
2582078211084.6016,2.329448333782607e-10,2.3294483337826073e-08,1.767881253488175e-05,3.5858645858625317e-09,0.049096851215878,0.008517792244022345,2.0372103505292916e-06,2.3294483337826076e-06,913.5431543981662
2844811934484.1484,2.1143112181150462e-10,2.1143112181150465e-08,1.9477681454743397e-05,3.6115144426215186e-09,0.05264449221387016,0.008038854808072142,2.0372103505292916e-06,2.1143112181150466e-06,829.172517614853
3134279553516.6943,1.9190431752517775e-10,1.919043175251778e-08,2.1459590348837417e-05,3.6372801482164746e-09,0.056479179185501195,0.007562299870509602,2.0372103505292916e-06,1.9190431752517778e-06,752.5939641249801
3453201317286.412,1.7418091891711524e-10,1.7418091891711527e-08,2.3643164049577637e-05,3.6631617026473975e-09,0.06065033698328502,0.0070866200843957535,2.0372103505292916e-06,1.7418091891711525e-06,683.087853015943
3804574267898.0737,1.5809437174768118e-10,1.580943717476812e-08,2.6048922518482624e-05,3.689159105914291e-09,0.06515141916786395,0.006614157759150429,2.0372103505292916e-06,1.5809437174768118e-06,620.0010060942238
4191700404923.5938,1.4349350395945196e-10,1.4349350395945198e-08,2.8699473680893894e-05,3.7152723580171545e-09,0.06998576664359653,0.006148024928977134,2.0372103505292916e-06,1.4349350395945199e-06,562.7405696948894
4618217715682.493,1.3024110504973265e-10,1.3024110504973268e-08,3.1619725882170625e-05,3.7415014589559875e-09,0.0752268393848803,0.005696305638535306,2.0372103505292916e-06,1.3024110504973268e-06,510.76844338604445
5088134362940.568,1.1821263664568948e-10,1.1821263664568948e-08,3.483712196189901e-05,3.767846408730789e-09,0.08082759826143938,0.005255986957871467,2.0372103505292916e-06,1.1821263664568949e-06,463.5962232125028
5605866351303.152,1.0729506216481921e-10,1.0729506216481923e-08,3.838189714581145e-05,3.794307207341559e-09,0.08688146249007592,0.004827868699149067,2.0372103505292916e-06,1.0729506216481925e-06,420.7806119581606
6176279026269.886,9.73857845625864e-11,9.738578456258641e-09,4.228736317893421e-05,3.8208838547883e-09,0.0933678771437527,0.004418827279658708,2.0372103505292916e-06,9.738578456258642e-07,381.9192532953945
6804732795935.053,8.839168218479461e-11,8.839168218479463e-09,4.659022137008224e-05,3.847576351071008e-09,0.10029262275895706,0.004025354439706113,2.0372103505292916e-06,8.839168218479463e-07,346.64695067322896
7497133504999.561,8.0228233664191e-11,8.022823366419101e-09,5.133090748951194e-05,3.874384696189687e-09,0.10776088370601039,0.003651386373686656,2.0372103505292916e-06,8.022823366419104e-07,314.63223541157146
8259987934480.462,7.281872363758751e-11,7.2818723637587525e-09,5.655397176088119e-05,3.901308890144335e-09,0.11569608353330588,0.0032980587102077225,2.0372103505292916e-06,7.281872363758751e-07,285.57425175044983
9100464948671.975,6.609352181929055e-11,6.609352181929056e-09,6.230849751845982e-05,3.928348932934952e-09,0.12423486776594321,0.00296716710541544,2.0372103505292916e-06,6.609352181929056e-07,259.1999295817545
10026462863981.904,5.998942865598644e-11,5.998942865598646e-09,6.864856246388963e-05,3.955504824561537e-09,0.13333476825855745,0.002658391230822841,2.0372103505292916e-06,5.998942865598645e-07,235.2614182944485
11046683672736.834,5.444908141392646e-11,5.444908141392647e-09,7.563374685711822e-05,3.982776565024092e-09,0.14300158737252414,0.0023730129030805095,2.0372103505292916e-06,5.444908141392648e-07,213.53375761800874
12170714819468.053,4.942041511716476e-11,4.942041511716476e-09,8.332969341718867e-05,4.010164154322617e-09,0.15337502050372648,0.0021088808623433057,2.0372103505292916e-06,4.942041511716476e-07,193.81276357604276
13409119298164.941,4.485617327105545e-11,4.485617327105546e-09,9.180872419451122e-05,4.037667592457111e-09,0.16434163048556652,0.001866620849551436,2.0372103505292916e-06,4.485617327105546e-07,175.91310968348327
14773534917177.396,4.071346377307362e-11,4.071346377307362e-09,0.00010115052021162479,4.065286879427574e-09,0.17607985268431015,0.0016456549888814811,2.0372103505292916e-06,4.071346377307363e-07,159.66658535557022
16276783664601.186,3.695335583766743e-11,3.6953355837667435e-09,0.00011144287025931674,4.093022015234006e-09,0.18852235358449043,0.0014453290579029996,2.0372103505292916e-06,3.695335583766744e-07,144.92051516215798
17932992201899.223,3.3540514147273156e-11,3.354051414727316e-09,0.00012278249588485644,4.120872999876407e-09,0.20167136112863332,0.0012655116837271946,2.0372103505292916e-06,3.354051414727316e-07,131.5363240724091
19757724618087.676,3.044286679145732e-11,3.0442866791457323e-09,0.0001352759603251017,4.1488398333547776e-09,0.2156948320878131,0.0011045878181291844,2.0372103505292916e-06,3.044286679145732e-07,119.38823520687932
21768128692034.184,2.7631303873669486e-11,2.763130387366949e-09,0.00014904066992610702,4.176922515669118e-09,0.2304517348183212,0.0009611302999156393,2.0372103505292916e-06,2.763130387366949e-07,108.36208785921932
23983097037356.39,2.5079403953286934e-11,2.507940395328694e-09,0.0001642059774599947,4.205121046819428e-09,0.24614592440975083,0.0008342019248478455,2.0372103505292916e-06,2.507940395328694e-07,98.35426467994691
26423444644267.324,2.276318575221168e-11,2.2763185752211685e-09,0.00018091439770742156,4.2334354268057055e-09,0.26269413390067675,0.0007222742503683962,2.0372103505292916e-06,2.2763185752211687e-07,89.27071794058317
29112104486803.24,2.066088279270215e-11,2.066088279270215e-09,0.00019932294672898317,4.261865655627952e-09,0.28009105505795434,0.000624088088721085,2.0372103505292916e-06,2.066088279270215e-07,81.02608572754619
32074343033636.855,1.8752738848616695e-11,1.8752738848616695e-09,0.000219604617411249,4.290411733286169e-09,0.2985113395947029,0.0005268162405092349,2.0372103505292916e-06,1.8752738848616696e-07,73.54288976030624
35337997687723.34,1.7020822287837175e-11,1.7020822287837175e-09,0.0002419500051537658,4.319073659780354e-09,0.3178049273415365,0.0004518079791704024,2.0372103505292916e-06,1.7020822287837176e-07,66.75080729535726
38933738386096.734,1.544885756117192e-11,1.5448857561171925e-09,0.0002665690989742764,4.34785143511051e-09,0.3381625989356007,0.00038691293858712664,2.0372103505292916e-06,1.5448857561171925e-07,60.586010273787245
42895355818183.07,1.4022072254166398e-11,1.4022072254166401e-09,0.0002936932548639444,4.376745059276634e-09,0.3594931547305394,0.00033089140837099483,2.0372103505292916e-06,1.40220722541664e-07,54.99056550213074
47260078971137.26,1.2727058264504338e-11,1.2727058264504339e-09,0.0003235773699370206,4.4057545322787285e-09,0.38177506856026805,0.00028264956562968225,2.0372103505292916e-06,1.272705826450434e-07,49.911890229755976
52068924986311.836,1.1551645800424358e-11,1.155164580042436e-09,0.00035650227780635824,4.4348798541167905e-09,0.4051536407158194,0.00024115045317942775,2.0372103505292916e-06,1.1551645800424359e-07,45.30225800661539
57367084614605.56,1.0484789016062423e-11,1.0484789016062424e-09,0.0003927773876951247,4.464121024790822e-09,0.4294970857517732,0.00020556071305896385,2.0372103505292916e-06,1.0484789016062425e-07,41.11835017769832
63204346892978.15,9.516462208987136e-12,9.516462208987138e-10,0.0004327435920855558,4.4934780443008235e-09,0.45494508526833594,0.00017352017938663275,2.0372103505292916e-06,9.516462208987137e-08,37.3208487993895
69635567032996.01,8.637565604452318e-12,8.637565604452319e-10,0.0004767764702291552,4.522950912646794e-09,0.4814244337443213,0.00014758992895594445,2.0372103505292916e-06,8.637565604452318e-08,33.874067152196695
76721181918353.25,7.839839840982084e-12,7.839839840982085e-10,0.0005252898176230673,4.552539629828734e-09,0.5089125349715196,0.00012544266985850395,2.0372103505292916e-06,7.839839840982084e-08,30.74561437762104
84527778055716.42,7.1157883536732e-12,7.115788353673201e-10,0.0005787395346206031,4.582244195846643e-09,0.5375183832137433,0.00010652194281739163,2.0372103505292916e-06,7.115788353673202e-08,27.90609108762061
93128717316165.83,6.458606925818051e-12,6.458606925818052e-10,0.0006376279107188311,4.61206461070052e-09,0.5671806380325578,9.03771082022193e-05,2.0372103505292916e-06,6.458606925818052e-08,25.328813086181526
102604826347588.62,5.8621197468151635e-12,5.862119746815164e-10,0.00070250834478448,4.642000874390368e-09,0.5979948490055352,7.661371105125308e-05,2.0372103505292916e-06,5.862119746815165e-08,22.989560606692045
113045156136724.62,5.320721375476419e-12,5.32072137547642e-10,0.0007739905455761233,4.672052986916182e-09,0.6299548974096382,6.489457796511135e-05,2.0372103505292916e-06,5.3207213754764205e-08,20.86635070859699
124547818858783.98,4.82932406333601e-12,4.829324063336011e-10,0.0008527462614341035,4.7022209482779694e-09,0.6630766751822242,5.363596885026164e-05,2.0372103505292916e-06,4.8293240633360116e-08,18.939230694449368
137220909878871.6,4.38330994293569e-12,4.3833099429356905e-10,0.0009395155929825509,4.7325047584757246e-09,0.6974673846440176,4.537913397775309e-05,2.0372103505292916e-06,4.3833099429356906e-08,17.19009060601048
151183523569649.6,3.978487631779795e-12,3.9784876317797956e-10,0.0010351139481665913,4.7629044175094485e-09,0.7331641061351727,3.837582350252164e-05,2.0372103505292916e-06,3.9784876317797956e-08,15.602493037346719
166566872491304.22,3.6110528441490725e-12,3.611052844149073e-10,0.0011404397049841477,4.793419925379142e-09,0.7702587914983973,3.243247025325735e-05,2.0372103505292916e-06,3.611052844149073e-08,14.16151866560469
183515520451226.03,3.2775526406258338e-12,3.277552640625834e-10,0.0012564826539222835,4.824051282084804e-09,0.8088243946019479,2.7392380952550695e-05,2.0372103505292916e-06,3.2775526406258346e-08,12.853626047852034
202188741030978.78,2.9748529793683357e-12,2.9748529793683363e-10,0.0013843332994351776,4.8547984876264366e-09,0.8489256200935525,2.31248950852403e-05,2.0372103505292916e-06,2.974852979368336e-08,11.666524366436342
222762014347212.34,2.7001092641999045e-12,2.7001092641999047e-10,0.0015251931078736685,4.885661542004038e-09,0.8906861191277821,1.951284864405266e-05,2.0372103505292916e-06,2.7001092641999045e-08,10.58905792699625
245428676112210.38,2.4507396127408585e-12,2.450739612740859e-10,0.00168038579817047,4.916640445217608e-09,0.934201891897541,1.5408862223473868e-05,2.0372103505292916e-06,2.4507396127408588e-08,9.611101323704064
270401734490986.25,2.224400593372637e-12,2.2244005933726374e-10,0.001851369781384358,4.947735197267148e-09,0.979573459167284,1.2985307420073713e-05,2.0372103505292916e-06,2.2244005933726374e-08,8.723464286563711
297915871828703.56,2.0189652030240995e-12,2.0189652030240997e-10,0.0020397518660030013,4.978945798152654e-09,1.0269153147955545,1.0936880816183593e-05,2.0372103505292916e-06,2.0189652030240998e-08,7.917805316573711
328229650059494.6,1.832502878828028e-12,1.8325028788280283e-10,0.0022473023577989203,5.010272247874132e-09,1.0763212319997115,9.207282309945036e-06,2.0372103505292916e-06,1.8325028788280283e-08,7.1865532971486275
361627940521826.06,1.6632613558089757e-12,1.663261355808976e-10,0.0024759716961382386,5.04171454643158e-09,1.1279237278270746,7.748198255710317e-06,2.0372103505292916e-06,1.663261355808976e-08,6.522836345148594
398424601014421.56,1.5096502001114348e-12,1.509650200111435e-10,0.002727908783080711,5.073272693824997e-09,1.1818458527500435,6.516853066365902e-06,2.0372103505292916e-06,1.509650200111435e-08,5.920417232899782
438965425250154.3,1.370225863023203e-12,1.370225863023203e-10,0.0030054811775172274,5.104946690054383e-09,1.2382015320895547,5.4792615668611216e-06,2.0372103505292916e-06,1.3702258630232033e-08,5.373634774339604
483631392425173.5,1.2436781153402902e-12,1.2436781153402903e-10,0.003311297344117641,5.136736535119737e-09,1.2971293175919718,4.604394963658823e-06,2.0372103505292916e-06,1.2436781153402903e-08,4.877350624467489
532842247440830.6,1.128817734591384e-12,1.128817734591384e-10,0.0036482311661716247,5.16864222902106e-09,1.3587498184267741,3.3310350543295223e-06,2.0372103505292916e-06,1.128817734591384e-08,4.426900992153288
587060445423263.4,1.0245653294135309e-12,1.024565329413531e-10,0.004019448952680078,5.200663771758353e-09,1.423208782795443,2.7985384809440845e-06,2.0372103505292916e-06,1.0245653294135311e-08,4.018052812528199
646795497608944.1,9.299411960569939e-13,9.29941196056994e-11,0.00442843919349406,5.232801163331617e-09,1.4906547166334931,2.3501888551815275e-06,2.0372103505292916e-06,9.299411960569941e-09,3.646963967091756
712608759436314.5,8.440561116965813e-13,8.440561116965813e-11,0.004879045342122859,5.265054403740848e-09,1.5612262867578186,1.973050736277864e-06,2.0372103505292916e-06,8.440561116965814e-09,3.3101471777064364
785118705839211.5,7.661029780303319e-13,7.66102978030332e-11,0.005375501934284983,5.29742349298605e-09,1.635086775382358,1.655957450576627e-06,2.0372103505292916e-06,7.66102978030332e-09,3.0044372351766135
865006743316248.4,6.953492366369183e-13,6.953492366369184e-11,0.005922474381623399,5.329908431067218e-09,1.7123901901457825,1.3891306559740956e-06,2.0372103505292916e-06,6.953492366369184e-09,2.726961254444931
953023613394602.6,6.311299848157009e-13,6.31129984815701e-11,0.006525102814543198,5.362509217984356e-09,1.79330770292369,1.1650235373952942e-06,2.0372103505292916e-06,6.311299848157011e-09,2.4751116768817307
1049996447664279.2,5.728417272160666e-13,5.728417272160667e-11,0.00718905038618149,5.395225853737466e-09,1.8780192008149317,9.766088861020132e-07,2.0372103505292916e-06,5.728417272160667e-09,2.2465217659585885
1156836540681930.5,5.199367045375134e-13,5.199367045375135e-11,0.007920556491441947,5.428058338326543e-09,1.9666998781118348,7.061667911601011e-07,2.0372103505292916e-06,5.199367045375134e-09,2.0390433660286313
1274547913789541.2,4.719177460048468e-13,4.719177460048468e-11,0.008726495401216042,5.461006671751591e-09,2.0595460396559724,5.930751986017567e-07,2.0372103505292916e-06,4.719177460048468e-09,1.8507267152033509
1404236750325747.8,4.283335972450596e-13,4.283335972450596e-11,0.009614440862801207,5.494070854012606e-09,2.156753663237831,4.979111927633024e-07,2.0372103505292916e-06,4.2833359724505964e-09,1.679802122619145
1547121790896452.0,3.8877467965997826e-13,3.8877467965997834e-11,0.010592737273593271,5.527250885109592e-09,2.2585324988160753,4.1786543041123e-07,2.0372103505292916e-06,3.887746796599783e-09,1.524663337907104
1704545786393496.2,3.52869241443707e-13,3.5286924144370705e-11,0.011670578096902523,5.560546765042545e-09,2.36510284296876,3.506105330378667e-07,2.0372103505292916e-06,3.5286924144370708e-09,1.3838524565819206
1877988116390173.2,3.2027986407437704e-13,3.2027986407437703e-11,0.012858092256799476,5.59395849381147e-09,2.476687871196828,2.9406026044993524e-07,2.0372103505292916e-06,3.2027986407437705e-09,1.256046219499573
2069078691494026.5,2.9070029145021356e-13,2.907002914502136e-11,0.014166439323879496,5.627486071416364e-09,2.5935286675726124,2.465388312085047e-07,2.0372103505292916e-06,2.907002914502136e-09,1.14004357763394
2279613270303138.0,2.63852551871992e-13,2.6385255187199205e-11,0.01560791438644669,5.661129497857226e-09,2.7158731688153535,2.066543060263915e-07,2.0372103505292916e-06,2.638525518719921e-09,1.034754405313375
2511570334905832.0,2.3948434582593197e-13,2.39484345825932e-11,0.017196063592635907,5.694888773134056e-09,2.843982733027397,1.4873779923128113e-07,2.0372103505292916e-06,2.39484345825932e-09,0.9391892558507395
2767129683509943.5,2.1736667501892985e-13,2.1736667501892986e-11,0.01894581144927066,5.728763897246858e-09,2.978131395840069,1.2488037934276188e-07,2.0372103505292916e-06,2.173666750189299e-09,0.8524500632962565
3048692914924437.5,1.9729169038517215e-13,1.9729169038517217e-11,0.02087360107373811,5.7627548701956276e-09,3.118602534332333,1.04823989288546e-07,2.0372103505292916e-06,1.972916903851722e-09,0.7737217029336213
3358905997394718.0,1.7907073884094102e-13,1.7907073884094102e-11,0.022997548716887254,5.796861691980366e-09,3.2656962094058364,8.795419958115946e-08,2.0372103505292916e-06,1.7907073884094105e-09,0.702264331209804
3700684133880319.0,1.625325904321539e-13,1.625325904321539e-11,0.025337614009066044,5.831084362601074e-09,3.4197247732176086,7.377565261242003e-08,2.0372103505292916e-06,1.625325904321539e-09,0.637406433113669
4077239157444699.5,1.4752182921438014e-13,1.4752182921438015e-11,0.027915787529172686,5.8654228820577534e-09,3.5810159265328134,6.187170239427893e-08,2.0372103505292916e-06,1.4752182921438018e-09,0.5785385116666399
4492109714202875.5,1.3389739274377295e-13,1.3389739274377297e-11,0.030756297459384675,5.899877250350399e-09,3.749913279966976,5.1867397489053075e-08,2.0372103505292916e-06,1.3389739274377298e-09,0.5251073602229632
4949194517469187.0,1.2153124645388012e-13,1.2153124645388015e-11,0.033885837267589834,5.934447467479016e-09,3.926775137618496,4.346628148179207e-08,2.0372103505292916e-06,1.2153124645388015e-09,0.4766108637538891
5452788985607715.0,1.1030718046091869e-13,1.1030718046091871e-11,0.03733381655714235,5.9691335334436e-09,4.111977759972313,3.6415741206041466e-08,2.0372103505292916e-06,1.103071804609187e-09,0.43259328026135
6007625607887603.0,1.0011971749055658e-13,1.0011971749055659e-11,0.041132637441290906,6.003935448244154e-09,4.305914978811805,2.6124346042446675e-08,2.0372103505292916e-06,1.001197174905566e-09,0.3926409579784741
6618918417677365.0,9.087312166355499e-14,9.0873121663555e-12,0.045317999039480014,6.0388532118806775e-09,4.508998778099134,2.1924859945452274e-08,2.0372103505292916e-06,9.0873121663555e-10,0.3563784481097651
7292411990911785.0,8.248049882540106e-14,8.248049882540107e-12,0.049929232957006325,6.07388682435317e-09,4.7216610407413375,1.8394915723481254e-08,2.0372103505292916e-06,8.248049882540107e-10,0.32346497658068696
8034435430291263.0,7.486297996534341e-14,7.486297996534341e-12,0.05500967290067779,6.109036285661632e-09,4.944353492236623,1.5427725891395725e-08,2.0372103505292916e-06,7.486297996534341e-10,0.293591241640172
8851961842524483.0,6.794898005109385e-14,6.7948980051093865e-12,0.06060706190390036,6.144301595806062e-09,5.177549129013215,1.2935690874312272e-08,2.0372103505292916e-06,6.794898005109386e-10,0.26647650722184835
9752673867548824.0,6.167352531413139e-14,6.167352531413139e-12,0.06677400098806946,6.1796827547864644e-09,5.4217437548349805,1.0844100569302303e-08,2.0372103505292916e-06,6.167352531413139e-10,0.24186596474899424
1.0745035875532346e+16,5.5977642663844577e-14,5.597764266384458e-12,0.07356844347651377,6.215179762602833e-09,5.677455856649074,9.087474604027555e-09,2.0372103505292916e-06,5.597764266384459e-10,0.21952833859106463
1.1838373510124974e+16,5.0807805492563005e-14,5.080780549256301e-12,0.08105423960628128,6.2507926192551724e-09,5.9452289498843305,7.613408126973388e-09,2.0372103505292916e-06,5.080780549256301e-10,0.19925371266919079
1.3042961325458048e+16,4.611543066348983e-14,4.611543066348984e-12,0.08930173655569819,6.286521324743479e-09,6.225631963180627,6.376886298171353e-09,2.0372103505292916e-06,4.611543066348984e-10,0.1808515577864111
1.4370119340456582e+16,4.1856421954504736e-14,4.185642195450475e-12,0.09838843952643023,6.322365879067758e-09,6.5192603135833895,4.5548292939783264e-09,2.0372103505292916e-06,4.1856421954504744e-10,0.16414894114456627
1.583231941782289e+16,3.799075566739987e-14,3.799075566739988e-12,0.10839974009249259,6.3583262822280026e-09,6.826738123445765,3.821512354986558e-09,2.0372103505292916e-06,3.799075566739988e-10,0.14898890122198952
1.744330246738282e+16,3.448210450833201e-14,3.4482104508332017e-12,0.11942971866083309,6.3944025342242175e-09,7.148718295738296,3.2051820080831445e-09,2.0372103505292916e-06,3.4482104508332015e-10,0.13522897273998363
1.9218207575201024e+16,3.1297496204947116e-14,3.129749620494712e-12,0.1315820285845289,6.4305946350564045e-09,7.485885029156665,2.68752455381397e-09,2.0372103505292916e-06,3.1297496204947126e-10,0.12273984785661404
2.1173714271946944e+16,2.8407003652053778e-14,2.8407003652053782e-12,0.1449708702369881,6.466902584724557e-09,7.838954671606671,2.25268073703157e-09,2.0372103505292916e-06,2.840700365205378e-10,0.11140416100647152
2.3328199277468972e+16,2.5783463674012252e-14,2.5783463674012254e-12,0.15972206420095342,6.503326383228681e-09,8.208677048798487,1.887797328597234e-09,2.0372103505292916e-06,2.5783463674012253e-10,0.10111538596702725
2.570190919456756e+16,2.340222176093717e-14,2.3402221760937173e-12,0.1759742336574892,6.539866030568771e-09,8.595837810420054,1.5816990983567984e-09,2.0372103505292916e-06,2.340222176093717e-10,0.09177683478687153
2.831715077484857e+16,2.124090037988494e-14,2.1240900379884943e-12,0.19388010708639478,6.576521526744836e-09,9.001259239242584,1.3247715161047117e-09,2.0372103505292916e-06,2.1240900379884944e-10,0.08330074916831444
3.119850054465928e+16,1.927918868375566e-14,1.9279188683755664e-12,0.21360795352002832,6.613292871756868e-09,9.425802711409846,1.1093411067216924e-09,2.0372103505292916e-06,1.9279188683755664e-10,0.0756074757657159
3.4373035761057044e+16,1.7498651641708913e-14,1.7498651641708916e-12,0.23534316383827128,6.650180065604868e-09,9.870370150729505,9.2855714953811e-10,2.0372103505292916e-06,1.7498651641708914e-10,0.0686247176494504
3.78705888681933e+16,1.5882556797417845e-14,1.5882556797417847e-12,0.2592899929646757,6.687183108288837e-09,10.335905867457901,6.611707768432746e-10,2.0372103505292916e-06,1.5882556797417846e-10,0.062286854901222315
4.1724027845355336e+16,1.4415717027130117e-14,1.441571702713012e-12,0.28567347933600395,6.724301999808777e-09,10.823398933114547,5.544838441137614e-10,2.0372103505292916e-06,1.441571702713012e-10,0.05653432795605768
4.5969565081205064e+16,1.3084347819872229e-14,1.3084347819872231e-12,0.31474155968315976,6.761536740164683e-09,11.333884879255068,4.648429697471107e-10,2.0372103505292916e-06,1.3084347819872232e-10,0.05131307789599748
5.064709767684589e+16,1.1875937738594583e-14,1.1875937738594584e-12,0.34676739899706555,6.798887329356559e-09,11.868448208377863,3.89583777805936e-10,2.0372103505292916e-06,1.1875937738594586e-10,0.04657403843567885
5.580058237568046e+16,1.077913084492974e-14,1.077913084492974e-12,0.3820519575750988,6.836353767384406e-09,12.428224544294727,3.2641269010244105e-10,2.0372103505292916e-06,1.0779130844929741e-10,0.042272674825792736
6.147844864343637e+16,9.783619982658039e-15,9.78361998265804e-13,0.4209268192717248,6.873936054248221e-09,13.014403009511902,2.7341033934020885e-10,2.0372103505292916e-06,9.783619982658041e-11,0.03836856534129279
6.7734053780251224e+16,8.88004991701988e-15,8.880049917019882e-13,0.46375730753162114,6.911634189948007e-09,13.628228900158085,2.289635536620557e-10,2.0372103505292916e-06,8.880049917019881e-11,0.034825021421422034
7.462618434168539e+16,8.059929419636142e-15,8.059929419636143e-13,0.5109459184878877,6.94944817448376e-09,14.27100617426878,1.9169893315841702e-10,2.0372103505292916e-06,8.059929419636142e-11,0.031608742891861594
8.221960858074315e+16,7.315551472858927e-15,7.315551472858928e-13,0.5629361033877249,6.987378007855484e-09,14.944100341070705,1.604689338023387e-10,2.0372103505292916e-06,7.315551472858928e-11,0.028689505028967877
9.058568510241323e+16,6.639920843682137e-15,6.639920843682137e-13,0.6202164358904938,7.0254236900631755e-09,15.648941303055269,1.3426981714177298e-10,2.0372103505292916e-06,6.639920843682137e-11,0.02603987452532013
9.980303345053294e+16,6.026688346590813e-15,6.026688346590814e-13,0.6833252034001591,7.063585221106837e-09,16.38702638150166,9.517894653017041e-11,2.0372103505292916e-06,6.026688346590814e-11,0.02363495168737684
1.099582729287408e+17,5.4700911775918336e-15,5.470091177591834e-13,0.7528554655786446,7.101862600986467e-09,17.159923552691865,7.979768788347877e-11,2.0372103505292916e-06,5.470091177591835e-11,0.02145213644257275
1.2114683659855213e+17,4.964898758717804e-15,4.964898758717804e-13,0.8294606275772413,7.14025582970207e-09,17.969274719297953,6.688092686538563e-11,2.0372103505292916e-06,4.964898758717805e-11,0.019470915956918952
1.3347386810401629e+17,4.506363584083776e-15,4.5063635840837766e-13,0.9138605803599039,7.1787649072536366e-09,18.81679924402736,5.603986494612363e-11,2.0372103505292916e-06,4.5063635840837774e-11,0.01767267186726585
1.4705520975081942e+17,4.090176605575093e-15,4.0901766055750943e-13,1.0068484658218084,7.217389833641174e-09,19.70429758038976,4.693701466522835e-11,2.0372103505292916e-06,4.0901766055750946e-11,0.01604050531670373
1.620184911252074e+17,3.712426738907948e-15,3.712426738907949e-13,1.1092981302777023,7.2561306088646846e-09,20.633655090850112,3.930257047207236e-11,2.0372103505292916e-06,3.712426738907949e-11,0.014559078148889173
1.7850432848294528e+17,3.3695641095235796e-15,3.36956410952358e-13,1.2221723363636499,7.2949872329241584e-09,21.606846076039087,3.290380680742004e-11,2.0372103505292916e-06,3.36956410952358e-11,0.013214468768931675
1.9666764617949248e+17,3.058366692922059e-15,3.0583666929220597e-13,1.3465318105229855,7.333959705819606e-09,22.625937943826475,2.7539287219585503e-11,2.0372103505292916e-06,3.0583666929220594e-11,0.011994041316303551
2.1667913255939386e+17,2.7759100359415924e-15,2.775910035941593e-13,1.4835452110992642,7.373048027551019e-09,23.693095619516573,2.3043907906235245e-11,2.0372103505292916e-06,2.7759100359415928e-11,0.010886326920338859
2.3872684398654016e+17,2.519539774440501e-15,2.5195397744405014e-13,1.634500110710908,7.4122521981184054e-09,24.810586136687434,1.928044990667039e-11,2.0372103505292916e-06,2.519539774440501e-11,0.009880915922425536
2.6301797208899094e+17,2.2868466891199033e-15,2.2868466891199034e-13,1.8008150961131668,7.451572217521759e-09,25.980783450559198,1.612604190641457e-11,2.0372103505292916e-06,2.2868466891199035e-11,0.008968360052061
2.8978079082596243e+17,2.075644065075314e-15,2.0756440650753145e-13,1.9840530992552943,7.491008085761083e-09,27.2061734898533,1.1389422773232865e-11,2.0372103505292916e-06,2.0756440650753145e-11,0.008140083637475065
3.1926680167432685e+17,1.8839471423160715e-15,1.8839471423160718e-13,2.185936084810082,7.530559802836374e-09,28.489359428994813,9.544752142808471e-12,2.0372103505292916e-06,1.8839471423160716e-11,0.007388303016431921
3.5175309709391034e+17,1.7099544641398214e-15,1.7099544641398216e-13,2.4083612322010906,7.570227368747638e-09,29.83306722482867,7.996467948339653e-12,2.0372103505292916e-06,1.7099544641398218e-11,0.006705953389878022
3.875449644819941e+17,1.5520309480854726e-15,1.5520309480854728e-13,2.653418764196409,7.610010783494867e-09,31.24015140441804,6.697464687514406e-12,2.0372103505292916e-06,1.552030948085473e-11,0.006086622431051085
4.26978755087559e+17,1.4086925203746878e-15,1.408692520374688e-13,2.9234115896123085,7.649910047078068e-09,32.71360112810634,5.6073712107774316e-12,2.0372103505292916e-06,1.4086925203746881e-11,0.005524490026144936
4.704250448455792e+17,1.2785921694457855e-15,1.2785921694457858e-13,3.2208769447169328,7.689925159497234e-09,34.256546542881786,4.6934605479859796e-12,2.0372103505292916e-06,1.2785921694457859e-11,0.0050142735802497715
5.182921168351431e+17,1.1605072875188215e-15,1.1605072875188218e-13,3.5486102367080097,7.730056120752372e-09,35.87226542861743,3.92760772153538e-12,2.0372103505292916e-06,1.1605072875188218e-11,0.004551178374583101
5.710297980874602e+17,1.0533281812355014e-15,1.0533281812355015e-13,3.9096913133313373,7.77030293084348e-09,37.56419016377912,3.2858108520064843e-12,2.0372103505292916e-06,1.0533281812355014e-11,0.004130852508498543
6.291336867998717e+17,9.560476434034475e-16,9.560476434034477e-14,4.307513405506801,7.810665589770556e-09,39.335915015866505,2.7482936725040187e-12,2.0372103505292916e-06,9.560476434034478e-12,0.0037493460028430355
6.931498096808233e+17,8.677514878460488e-16,8.677514878460489e-14,4.745815014948335,7.851144097533605e-09,41.19120377657484,2.298408083712118e-12,2.0372103505292916e-06,8.677514878460491e-12,0.003403073680339295
7.636797531927293e+17,7.876099584100726e-16,7.876099584100728e-14,5.2287150464384835,7.891738454132618e-09,43.13399775871141,1.9215871258015675e-12,2.0372103505292916e-06,7.876099584100728e-12,0.0030887814741655233
8.41386316913314e+17,7.148699313976474e-16,7.148699313976474e-14,5.760751514911302,7.932448659567605e-09,45.16842416772376,1.3504601752972381e-12,2.0372103505292916e-06,7.148699313976475e-12,0.0028035158481190593
9.269997421422884e+17,6.488478381458023e-16,6.488478381458025e-14,6.3469241910892205,7.973274713838554e-09,47.298804870296365,1.1314105101446479e-12,2.0372103505292916e-06,6.488478381458024e-12,0.0025445960409932185
1.0213245742863799e+18,5.889232412438597e-16,5.889232412438598e-14,6.992741586434159,8.01421661694548e-09,49.52966557516236,9.476448499192047e-13,2.0372103505292916e-06,5.8892324124386e-12,0.002309588874335243
1.1252472235112403e+18,5.345330040218772e-16,5.345330040218773e-14,7.70427271894887,8.05527436888837e-09,51.86574544747275,7.935231783052815e-13,2.0372103505292916e-06,5.345330040218773e-12,0.002096285886843993
1.239744294711085e+18,4.851659985181959e-16,4.8516599851819596e-14,8.488204146295066,8.096447969667235e-09,54.31200717644357,6.642417711873032e-13,2.0372103505292916e-06,4.85165998518196e-12,0.0019026825805290074
1.3658917650760328e+18,4.4035830219479975e-16,4.403583021947998e-14,9.35190280219081,8.137737419282064e-09,56.873647517966205,5.558783682281087e-13,2.0372103505292916e-06,4.403583021947998e-12,0.0017269595835989946
1.5048750955029005e+18,3.996888382618468e-16,3.9968883826184683e-14,10.303485226589192,8.17914271773286e-09,59.55610833442042,4.650543040351034e-13,2.0372103505292916e-06,3.9968883826184686e-12,0.0015674655530588883
1.658000370870395e+18,3.6277541864178365e-16,3.627754186417837e-14,11.351893840221765,8.220663865019632e-09,62.36508815518148,3.889529498653125e-13,2.0372103505292916e-06,3.627754186417837e-12,0.0014227016563444369
1.8267065738686403e+18,3.292711523870571e-16,3.292711523870571e-14,12.50698098029134,8.26230086114237e-09,65.30655428238211,3.2523826664153317e-13,2.0372103505292916e-06,3.2927115238705714e-12,0.0012913074861615006
2.0125791077255273e+18,2.988611857997928e-16,2.988611857997929e-14,13.779601487033887,8.304053706101076e-09,68.38675546764848,2.718887331529404e-13,2.0372103505292916e-06,2.9886118579979285e-12,0.0011720482761657966
2.2173646949083139e+18,2.7125974361904e-16,2.7125974361904003e-14,15.181714711222176,8.345922399895753e-09,71.61223518673506,2.2725716363872383e-13,2.0372103505292916e-06,2.7125974361904007e-12,0.0010638032973437133
2.442987791810272e+18,2.4620744347029155e-16,2.462074434702916e-14,16.726496901221648,8.387906942526401e-09,74.98984554026512,1.5867734803808798e-13,2.0372103505292916e-06,2.462074434702916e-12,0.0009655553260497807
2.6915686736776356e+18,2.2346885834010804e-16,2.2346885834010807e-14,18.42846502574362,8.430007333993013e-09,78.52676181010006,1.3289721650647532e-13,2.0372103505292916e-06,2.234688583401081e-12,0.0008763810847278108
2.965443359729023e+18,2.0283030416932407e-16,2.028303041693241e-14,20.30361319591399,8.472223574295599e-09,82.23049770226794,1.1128917923569383e-13,2.0372103505292916e-06,2.028303041693241e-12,0.0007954425654828719
3.267185565711527e+18,1.8409783177398113e-16,1.8409783177398114e-14,22.36956296866918,8.51455566343415e-09,86.10892130882506,9.317592905612147e-14,2.0372103505292916e-06,1.8409783177398115e-12,0.0007219791549682895
3.5996308901914957e+18,1.6709540422316524e-16,1.6709540422316524e-14,24.645728943947883,8.557003601408677e-09,90.17027182256787,7.799011720267014e-14,2.0372103505292916e-06,1.6709540422316528e-12,0.000655300486581699
3.96590346186806e+18,1.516632425458546e-16,1.5166324254585463e-14,27.153501211860362,8.599567388219165e-09,94.42317704009398,6.526524740514378e-14,2.0372103505292916e-06,1.5166324254585464e-12,0.0005947799527994352
4.369445298326226e+18,1.3765632422063863e-16,1.3765632422063865e-14,29.91644636437344,8.642247023865625e-09,98.87667169040522,5.459915671449878e-14,2.0372103505292916e-06,1.3765632422063867e-12,0.000539848816681739
4.81404865212538e+18,1.2494302033802437e-16,1.2494302033802438e-14,32.96052896049794,8.685042508348059e-09,103.54021662798068,4.5663847728134077e-14,2.0372103505292916e-06,1.2494302033802439e-12,0.0004899908672122756
5.303891648193305e+18,1.134038586281502e-16,1.1340385862815022e-14,36.31435552618206,8.727953841666455e-09,108.42371893109652,3.818260293419731e-14,2.0372103505292916e-06,1.1340385862815022e-12,0.0004447375682458571
5.843577547425727e+18,1.0293040072955152e-16,1.0293040072955155e-14,40.00944338188315,8.770981023820823e-09,113.53755294809278,3.191576155232373e-14,2.0372103505292916e-06,1.0293040072955155e-12,0.0004036636554769675
6.438178005466914e+18,9.342422314822577e-17,9.342422314822577e-15,44.08051682409676,8.814124054811161e-09,118.89258233628652,2.6672483952489046e-14,2.0372103505292916e-06,9.342422314822578e-13,0.00036638314005204827
7.093280733193709e+18,8.479599233060755e-17,8.479599233060757e-15,48.56583344419515,8.857382934637471e-09,124.50018314036409,2.2286370912790426e-14,2.0372103505292916e-06,8.479599233060756e-13,0.0003325456812696806
7.815042006787088e+18,7.696462515855632e-17,7.696462515855633e-15,53.507543651119924,8.900757663299745e-09,130.3722679592642,1.861524233355672e-14,2.0372103505292916e-06,7.696462515855634e-13,0.0003018332942815192
8.610244520852159e+18,6.985652697714689e-17,6.9856526977146894e-15,58.952086776526606,8.944248240797994e-09,136.52131125290703,1.295108619084184e-14,2.0372103505292916e-06,6.98565269771469e-13,0.0002739573618547532
9.486361128254863e+18,6.34048999947138e-17,6.340489999471382e-15,64.95062748473505,8.987854667132206e-09,142.96037584251332,1.084062569348433e-14,2.0372103505292916e-06,6.340489999471381e-13,0.000248655922114462
1.0451625065667633e+19,5.754911555587058e-17,5.7549115555870584e-15,71.55953658862859,9.031576942302392e-09,149.7031406608279,9.072539247542015e-15,2.0372103505292916e-06,5.754911555587059e-13,0.00022569120677754838
1.15151073247605e+19,5.2234144388510956e-17,5.223414438851096e-15,78.84092078991422,9.075415066308543e-09,156.76392981117974,7.592051393603303e-15,2.0372103505292916e-06,5.223414438851096e-13,0.00020484740674408457
1.2686801896130204e+19,4.7410039470562495e-17,4.74100394705625e-15,86.86320632195576,9.119369039150669e-09,164.15774299713178,6.351634912047061e-15,2.0372103505292916e-06,4.74100394705625e-13,0.00018592864404830877
1.3977719687037247e+19,4.3031466656792834e-17,4.303146665679284e-15,95.70178197989563,9.163438860828758e-09,171.900287387342,5.3129959688219665e-15,2.0372103505292916e-06,4.3031466656792837e-13,0.0001687571311109178
1.5399991995538555e+19,3.9057278654754626e-17,3.905727865475463e-15,105.43970758091231,9.207624531342815e-09,180.0080109833496,4.442927051941463e-15,2.0372103505292916e-06,3.9057278654754627e-13,0.00015317149999430956
1.6966984513403318e+19,3.545012834635351e-17,3.5450128346353517e-15,116.1684945122954,9.251926050692848e-09,188.4981375611563,3.714654245246131e-15,2.0372103505292916e-06,3.545012834635352e-13,0.00013902528596013044
1.869342292914603e+19,3.217611782125434e-17,3.2176117821254346e-15,127.98896570248182,9.296343418878849e-09,197.3887032608349,3.1047307167156756e-15,2.0372103505292916e-06,3.217611782125434e-13,0.00012618555107845943
2.059553131152305e+19,2.9204479823941973e-17,2.9204479823941975e-15,141.01220309657515,9.340876635900816e-09,206.69859490190512,2.5943374358372255e-15,2.0372103505292916e-06,2.9204479823941976e-13,0.00011453163495409549
2.2691184573937283e+19,2.650728862086786e-17,2.6507288620867866e-15,155.36059154015066,9.385525701758753e-09,216.44759010585415,2.1673103871432436e-15,2.0372103505292916e-06,2.650728862086786e-13,0.00010395402083002426
2.500007645252716e+19,2.405919757057137e-17,2.4059197570571373e-15,171.16896888119012,9.43029061645266e-09,226.6563993110569,1.810213341341776e-15,2.0372103505292916e-06,2.405919757057137e-13,9.43533064123312e-05
2.7543904576496484e+19,2.183720093061864e-17,2.183720093061864e-15,188.5858930981073,9.475171379982536e-09,237.3467097693308,1.5113941416675265e-15,2.0372103505292916e-06,2.1837200930618642e-13,8.56392697449956e-05
3.034657436987395e+19,1.982041766295213e-17,1.9820417662952136e-15,207.77503836163643,9.520167992348383e-09,248.5412316176123,1.0458364968602067e-15,2.0372103505292916e-06,1.9820417662952139e-13,7.773002135617325e-05
3.3434423700847067e+19,1.7989895205985003e-17,1.7989895205985006e-15,228.91673314992232,9.565280453550196e-09,260.26374612260315,8.750747642298165e-16,2.0372103505292916e-06,1.798989520598501e-13,7.055123470835358e-05
3.6836470389801538e+19,1.632843136939811e-17,1.6328431369398113e-15,252.2096548711732,9.610508763587984e-09,272.5391562009022,7.319746826636237e-16,2.0372103505292916e-06,1.632843136939811e-13,6.403544772058465e-05
4.058468490199627e+19,1.4820412677915223e-17,1.4820412677915224e-15,277.87269691891186,9.65585292246173e-09,285.3935393219185,6.122394557603477e-16,2.0372103505292916e-06,1.4820412677915223e-13,5.812142879889589e-05
4.471429078748935e+19,1.3451667644900435e-17,1.3451667644900437e-15,306.14702570537804,9.701312930171452e-09,298.85420290598034,5.12013596807779e-16,2.0372103505292916e-06,1.3451667644900436e-13,5.27536014172226e-05
4.926409569166874e+19,1.220933359693151e-17,1.2209333596931511e-15,337.2983470038473,9.746888786717147e-09,312.9497423352981,4.281298164212325e-16,2.0372103505292916e-06,1.2209333596931512e-13,4.7881521841390755e-05
5.427685604703615e+19,1.1081735797841677e-17,1.1081735797841678e-15,371.61940289765886,9.792580492098806e-09,327.7101017010331,3.579076539180958e-16,2.0372103505292916e-06,1.1081735797841679e-13,4.345940508810676e-05
5.9799678873409585e+19,1.0058277736307274e-17,1.0058277736307276e-15,409.4327228008578,9.838388046316435e-09,343.16663741552793,2.991678813437e-16,2.0372103505292916e-06,1.0058277736307275e-13,3.9445694664187886e-05
6.588446446242074e+19,9.129341545969672e-18,9.129341545969673e-16,451.09365440288417,9.884311449370034e-09,359.35218482480695,2.500209820406403e-16,2.0372103505292916e-06,9.129341545969674e-14,3.5802672042700434e-05
7.2588394106413335e+19,8.286197622294524e-18,8.286197622294525e-16,496.9937030204659,9.930350701259604e-09,376.3011279628945,2.0889042624728846e-16,2.0372103505292916e-06,8.286197622294527e-14,3.249610220607696e-05
7.9974467455121e+19,7.520922586802738e-18,7.520922586802739e-16,547.5642107379066,9.976505801985141e-09,394.0494725960927,1.7448057107227496e-16,2.0372103505292916e-06,7.520922586802738e-14,2.9494911925242933e-05
8.811209454990772e+19,6.826324827746023e-18,6.826324827746023e-16,603.2804099103083,1.002277675154665e-08,412.63492271243416,1.4571012514711704e-16,2.0372103505292916e-06,6.826324827746024e-14,2.6770897751396964e-05
9.707774809914884e+19,6.1958769175035465e-18,6.195876917503547e-16,664.6658891220911,1.0069163549944121e-08,432.09696061875894,1.2163760542003565e-16,2.0372103505292916e-06,6.195876917503547e-14,2.4298460976328348e-05
1.06955682124478e+20,5.623654271595583e-18,5.623654271595583e-16,732.2975135694276,1.0115666197177571e-08,452.4769308156145,8.357303194238965e-17,2.0372103505292916e-06,5.623654271595584e-14,2.205436707057525e-05
1.1783872373129947e+20,5.10427947286889e-18,5.104279472868891e-16,806.8108461053531,1.0162284693246985e-08,473.81812782811164,6.990379324044688e-17,2.0372103505292916e-06,5.1042794728688916e-14,2.0017527338769567e-05
1.2982914544419106e+20,4.6328717376430375e-18,4.632871737643038e-16,888.9061198915588,1.0209019038152364e-08,496.1658881793757,5.846148611238698e-17,2.0372103505292916e-06,4.6328717376430376e-14,1.8168800740285106e-05
1.4303962630487985e+20,4.2050010489311544e-18,4.2050010489311547e-16,979.354818784246,1.025586923189372e-08,519.567686701929,4.8878497191631096e-17,2.0372103505292916e-06,4.205001048931155e-14,1.649081401281967e-05
1.5759431076464014e+20,3.816646525705014e-18,3.816646525705014e-16,1079.0069272927549,1.0302835274471038e-08,544.0732373916267,4.085918142656998e-17,2.0372103505292916e-06,3.8166465257050145e-14,1.496779840853405e-05
1.7362997532198443e+20,3.464158636982669e-18,3.464158636982669e-16,1188.798918241959,1.034991716588433e-08,569.7345990184161,3.4152251232567393e-17,2.0372103505292916e-06,3.464158636982669e-14,1.3585441508487808e-05
1.9129731386900398e+20,3.144224905649334e-18,3.1442249056493345e-16,1309.762553201665,1.0397114906133593e-08,596.6062857182263,2.854395175460543e-17,2.0372103505292916e-06,3.144224905649334e-14,1.233075272281283e-05
2.107623538253362e+20,2.8538387797149125e-18,2.8538387797149127e-16,1443.0345783846021,1.0444428495218823e-08,624.745382800984,2.3852536495335003e-17,2.0372103505292916e-06,2.853838779714913e-14,1.1191941212669454e-05
2.322080163677269e+20,2.590271378479146e-18,2.5902713784791464e-16,1589.867407129168,1.0491857933140023e-08,654.2116680207167,1.9929899649859422e-17,2.0372103505292916e-06,2.5902713784791465e-14,1.0158305086769783e-05
2.5583583541736417e+20,2.351045848090428e-18,2.3510458480904283e-16,1751.6408893550167,1.0539403219897188e-08,685.0677385654253,1.6651016990541747e-17,2.0372103505292916e-06,2.3510458480904282e-14,9.220130831198253e-06
2.8186785153898263e+20,2.133914085507387e-18,2.1339140855073873e-16,1929.875278593675,1.0587064355490328e-08,717.3791440364311,1.3908227568013094e-17,2.0372103505292916e-06,2.1339140855073873e-14,8.36860202743189e-06
3.105486985495627e+20,1.9368356121278197e-18,1.9368356121278198e-16,2126.2455184512373,1.0634841339919435e-08,751.2145256997705,1.1614775112259098e-17,2.0372103505292916e-06,1.93683561212782e-14,7.595716500742432e-06
3.421479024453012e+20,1.757958398552212e-18,1.757958398552212e-16,2342.596982758591,1.0682734173184509e-08,786.6457623053794,9.697224812550543e-18,2.0372103505292916e-06,1.757958398552212e-14,6.894211120391441e-06
