E_prime_GeV_total,rate_acc,rate_acc_2,rate_sync,rate_Op,rate_pg,rate_photodisintegration,t_ad_val,Shear,ESC
157.6352446283938,3.2114610181943495,321.146101819435,7.645467240846969e-16,5.186315420437964e-10,1.3188610609356232e-12,1.5836413905420112e-13,2.0372103505292916e-06,2.858405644694008e-12,12594433567127.172
157.6352446283938,3.2114610181943495,321.146101819435,7.645467240846969e-16,5.186315420437964e-10,1.3188610609356232e-12,1.5836413905420112e-13,2.0372103505292916e-06,2.858405644694008e-12,12594433567127.172
157.6352446283938,3.2114610181943495,321.146101819435,7.645467240846969e-16,5.186315420437964e-10,1.3188610609356232e-12,1.5836413905420112e-13,2.0372103505292916e-06,2.858405644694008e-12,12594433567127.172
157.6352446283938,3.2114610181943495,321.146101819435,7.645467240846969e-16,5.186315420437964e-10,1.3188610609356232e-12,1.5836413905420112e-13,2.0372103505292916e-06,2.858405644694008e-12,12594433567127.172
157.6352446283938,3.2114610181943495,321.146101819435,7.645467240846969e-16,5.186315420437964e-10,1.3188610609356232e-12,1.5836413905420112e-13,2.0372103505292916e-06,2.858405644694008e-12,12594433567127.172
157.6352446283938,3.2114610181943495,321.146101819435,7.645467240846969e-16,5.186315420437964e-10,1.3188610609356232e-12,1.5836413905420112e-13,2.0372103505292916e-06,2.858405644694008e-12,12594433567127.172
157.6352446283938,3.2114610181943495,321.146101819435,7.645467240846969e-16,5.186315420437964e-10,1.3188610609356232e-12,1.5836413905420112e-13,2.0372103505292916e-06,2.858405644694008e-12,12594433567127.172
157.6352446283938,3.2114610181943495,321.146101819435,7.645467240846969e-16,5.186315420437964e-10,1.3188610609356232e-12,1.5836413905420112e-13,2.0372103505292916e-06,2.858405644694008e-12,12594433567127.172
157.6352446283938,3.2114610181943495,321.146101819435,7.645467240846969e-16,5.186315420437964e-10,1.3188610609356232e-12,1.5836413905420112e-13,2.0372103505292916e-06,2.858405644694008e-12,12594433567127.172
157.6352446283938,3.2114610181943495,321.146101819435,7.645467240846969e-16,5.186315420437964e-10,1.3188610609356232e-12,1.5836413905420112e-13,2.0372103505292916e-06,2.858405644694008e-12,12594433567127.172
157.6352446283938,3.2114610181943495,321.146101819435,7.645467240846969e-16,5.186315420437964e-10,1.3188610609356232e-12,1.5836413905420112e-13,2.0372103505292916e-06,2.858405644694008e-12,12594433567127.172
157.6352446283938,3.2114610181943495,321.146101819435,7.645467240846969e-16,5.186315420437964e-10,1.3188610609356232e-12,1.5836413905420112e-13,2.0372103505292916e-06,2.858405644694008e-12,12594433567127.172
157.6352446283938,3.2114610181943495,321.146101819435,7.645467240846969e-16,5.186315420437964e-10,1.3188610609356232e-12,1.5836413905420112e-13,2.0372103505292916e-06,2.858405644694008e-12,12594433567127.172
157.6352446283938,3.2114610181943495,321.146101819435,7.645467240846969e-16,5.186315420437964e-10,1.3188610609356232e-12,1.5836413905420112e-13,2.0372103505292916e-06,2.858405644694008e-12,12594433567127.172
157.6352446283938,3.2114610181943495,321.146101819435,7.645467240846969e-16,5.186315420437964e-10,1.3188610609356232e-12,1.5836413905420112e-13,2.0372103505292916e-06,2.858405644694008e-12,12594433567127.172
157.6352446283938,3.2114610181943495,321.146101819435,7.645467240846969e-16,5.186315420437964e-10,1.3188610609356232e-12,1.5836413905420112e-13,2.0372103505292916e-06,2.858405644694008e-12,12594433567127.172
157.6352446283938,3.2114610181943495,321.146101819435,7.645467240846969e-16,5.186315420437964e-10,1.3188610609356232e-12,1.5836413905420112e-13,2.0372103505292916e-06,2.858405644694008e-12,12594433567127.172
157.6352446283938,3.2114610181943495,321.146101819435,7.645467240846969e-16,5.186315420437964e-10,1.3188610609356232e-12,1.5836413905420112e-13,2.0372103505292916e-06,2.858405644694008e-12,12594433567127.172
157.6352446283938,3.2114610181943495,321.146101819435,7.645467240846969e-16,5.186315420437964e-10,1.3188610609356232e-12,1.5836413905420112e-13,2.0372103505292916e-06,2.858405644694008e-12,12594433567127.172
157.6352446283938,3.2114610181943495,321.146101819435,7.645467240846969e-16,5.186315420437964e-10,1.3188610609356232e-12,1.5836413905420112e-13,2.0372103505292916e-06,2.858405644694008e-12,12594433567127.172
157.6352446283938,3.2114610181943495,321.146101819435,7.645467240846969e-16,5.186315420437964e-10,1.3188610609356232e-12,1.5836413905420112e-13,2.0372103505292916e-06,2.858405644694008e-12,12594433567127.172
157.6352446283938,3.2114610181943495,321.146101819435,7.645467240846969e-16,5.186315420437964e-10,1.3188610609356232e-12,1.5836413905420112e-13,2.0372103505292916e-06,2.858405644694008e-12,12594433567127.172
157.6352446283938,3.2114610181943495,321.146101819435,7.645467240846969e-16,5.186315420437964e-10,1.3188610609356232e-12,1.5836413905420112e-13,2.0372103505292916e-06,2.858405644694008e-12,12594433567127.172
157.6352446283938,3.2114610181943495,321.146101819435,7.645467240846969e-16,5.186315420437964e-10,1.3188610609356232e-12,1.5836413905420112e-13,2.0372103505292916e-06,2.858405644694008e-12,12594433567127.172
157.6352446283938,3.2114610181943495,321.146101819435,7.645467240846969e-16,5.186315420437964e-10,1.3188610609356232e-12,1.5836413905420112e-13,2.0372103505292916e-06,2.858405644694008e-12,12594433567127.172
157.6352446283938,3.2114610181943495,321.146101819435,7.645467240846969e-16,5.186315420437964e-10,1.3188610609356232e-12,1.5836413905420112e-13,2.0372103505292916e-06,2.858405644694008e-12,12594433567127.172
157.6352446283938,3.2114610181943495,321.146101819435,7.645467240846969e-16,5.186315420437964e-10,1.3188610609356232e-12,1.5836413905420112e-13,2.0372103505292916e-06,2.858405644694008e-12,12594433567127.172
157.6352446283938,3.2114610181943495,321.146101819435,7.645467240846969e-16,5.186315420437964e-10,1.3188610609356232e-12,1.5836413905420112e-13,2.0372103505292916e-06,2.858405644694008e-12,12594433567127.172
157.6352446283938,3.2114610181943495,321.146101819435,7.645467240846969e-16,5.186315420437964e-10,1.3188610609356232e-12,1.5836413905420112e-13,2.0372103505292916e-06,2.858405644694008e-12,12594433567127.172
157.6352446283938,3.2114610181943495,321.146101819435,7.645467240846969e-16,5.186315420437964e-10,1.3188610609356232e-12,1.5836413905420112e-13,2.0372103505292916e-06,2.858405644694008e-12,12594433567127.172
157.6352446283938,3.2114610181943495,321.146101819435,7.645467240846969e-16,5.186315420437964e-10,1.3188610609356232e-12,1.5836413905420112e-13,2.0372103505292916e-06,2.858405644694008e-12,12594433567127.172
157.6352446283938,3.2114610181943495,321.146101819435,7.645467240846969e-16,5.186315420437964e-10,1.3188610609356232e-12,1.5836413905420112e-13,2.0372103505292916e-06,2.858405644694008e-12,12594433567127.172
157.6352446283938,3.2114610181943495,321.146101819435,7.645467240846969e-16,5.186315420437964e-10,1.3188610609356232e-12,1.5836413905420112e-13,2.0372103505292916e-06,2.858405644694008e-12,12594433567127.172
157.6352446283938,3.2114610181943495,321.146101819435,7.645467240846969e-16,5.186315420437964e-10,1.3188610609356232e-12,1.5836413905420112e-13,2.0372103505292916e-06,2.858405644694008e-12,12594433567127.172
157.6352446283938,3.2114610181943495,321.146101819435,7.645467240846969e-16,5.186315420437964e-10,1.3188610609356232e-12,1.5836413905420112e-13,2.0372103505292916e-06,2.858405644694008e-12,12594433567127.172
157.6352446283938,3.2114610181943495,321.146101819435,7.645467240846969e-16,5.186315420437964e-10,1.3188610609356232e-12,1.5836413905420112e-13,2.0372103505292916e-06,2.858405644694008e-12,12594433567127.172
157.6352446283938,3.2114610181943495,321.146101819435,7.645467240846969e-16,5.186315420437964e-10,1.3188610609356232e-12,1.5836413905420112e-13,2.0372103505292916e-06,2.858405644694008e-12,12594433567127.172
157.6352446283938,3.2114610181943495,321.146101819435,7.645467240846969e-16,5.186315420437964e-10,1.3188610609356232e-12,1.5836413905420112e-13,2.0372103505292916e-06,2.858405644694008e-12,12594433567127.172
157.6352446283938,3.2114610181943495,321.146101819435,7.645467240846969e-16,5.186315420437964e-10,1.3188610609356232e-12,1.5836413905420112e-13,2.0372103505292916e-06,2.858405644694008e-12,12594433567127.172
157.6352446283938,3.2114610181943495,321.146101819435,7.645467240846969e-16,5.186315420437964e-10,1.3188610609356232e-12,1.5836413905420112e-13,2.0372103505292916e-06,2.858405644694008e-12,12594433567127.172
157.6352446283938,3.2114610181943495,321.146101819435,7.645467240846969e-16,5.186315420437964e-10,1.3188610609356232e-12,1.5836413905420112e-13,2.0372103505292916e-06,2.858405644694008e-12,12594433567127.172
138.29195419423903,3.6606572390073713,366.06572390073717,6.70729828191175e-16,4.950555739899121e-10,1.067592667561768e-12,1.3881200660818742e-13,2.0372103505292916e-06,2.5076530532016335e-12,14356052945217.914
106.9980525005307,4.731295863680379,473.1295863680379,5.189512707996784e-16,3.9283126855530543e-10,7.132905172710344e-13,1.062226698310699e-13,2.0372103505292916e-06,1.9401995915302638e-12,18554792072503.367
94.0644214350279,5.381837633129825,538.1837633129826,4.562218647905028e-16,2.9583535141466905e-10,5.866908674465544e-13,9.276072217208731e-14,2.0372103505292916e-06,1.7056735873287645e-12,21106031228623.984
86.01977407219596,5.885151974390595,588.5151974390595,4.172045193854898e-16,2.066418896435834e-10,5.137042929749512e-13,8.480189982886344e-14,2.0372103505292916e-06,1.559799703060692e-12,23079886429879.156
80.60663084810464,6.280369715136413,628.0369715136413,3.9095023260630826e-16,1.3386522991520737e-10,4.673214266752627e-13,7.886588922598525e-14,2.0372103505292916e-06,1.461642979392991e-12,24629817614524.805
76.95444140297124,6.57843048417048,657.8430484170481,3.7323674801981316e-16,8.216798286727166e-11,4.372696966880184e-13,7.531302922735459e-14,2.0372103505292916e-06,1.3954176948757442e-12,25798726884573.188
74.63324322651167,6.783028866656402,678.3028866656401,3.6197870438910666e-16,5.0861076207699236e-11,4.1864894155660296e-13,7.308382525409666e-14,2.0372103505292916e-06,1.3533273236158994e-12,26601103348606.816
73.40341097068013,6.896674643904853,689.6674643904853,3.56013894776978e-16,3.573919197314114e-11,4.0894023641277146e-13,7.188536914050911e-14,2.0372103505292916e-06,1.3310267304307735e-12,27046789652638.277
73.12333295330848,6.923090384034691,692.3090384034691,3.546554883420819e-16,3.2509045428538556e-11,4.067601156068175e-13,7.162169260143378e-14,2.0372103505292916e-06,1.3259480655186399e-12,27150384646414.285
73.70836590530256,6.86814090910674,686.8140909106739,3.574929567520374e-16,3.9354896264606426e-11,4.1133484913541713e-13,7.218209168088946e-14,2.0372103505292916e-06,1.3365564893914485e-12,26934888488245.84
75.11025196299532,6.739951338028086,673.9951338028086,3.6429224453489125e-16,5.7059659011358435e-11,4.2245632268938334e-13,7.357244311702053e-14,2.0372103505292916e-06,1.3619769404458633e-12,26432165575589.6
77.30591424612874,6.548521521986501,654.8521521986502,3.74941426510174e-16,8.709149055596748e-11,4.4011432274074907e-13,7.564509929068759e-14,2.0372103505292916e-06,1.4017909647698365e-12,25681432470861.254
80.29101043125708,6.305057571184074,630.5057571184075,3.894194419742774e-16,1.2940906370941083e-10,4.646706943338685e-13,7.851413383741986e-14,2.0372103505292916e-06,1.4559198228538266e-12,24726636340066.082
84.07609948807251,6.021205149858727,602.1205149858728,4.0777750298772035e-16,1.8149468402468736e-10,4.968323370296819e-13,8.265384338659893e-14,2.0372103505292916e-06,1.5245549808806752e-12,23613448154689.85
88.68434097134956,5.708329539046393,570.8329539046393,4.3012793571065755e-16,2.389076904180706e-10,5.373431906906201e-13,8.761939936774957e-14,2.0372103505292916e-06,1.6081163919024563e-12,22386439303321.062
94.15014642096354,5.376937396933217,537.6937396933217,4.566376395579021e-16,2.966547717692994e-10,5.875056164682026e-13,9.284238547717058e-14,2.0372103505292916e-06,1.707228041627785e-12,21086813900781.062
100.51845495005709,5.036283570704938,503.6283570704938,4.875245737289808e-16,3.5048246327194394e-10,6.483834720254443e-13,9.901691449019989e-14,2.0372103505292916e-06,1.8227048126356005e-12,19750866816412.586
107.84444039496618,4.694163568966384,469.41635689663843,5.230563368559469e-16,3.9758478352852474e-10,7.219916828009758e-13,1.0714754283830156e-13,2.0372103505292916e-06,1.955547174114084e-12,18409169810137.145
116.19353364129194,4.3568641675057345,435.68641675057347,5.635502752870623e-16,4.3669052216374645e-10,8.105643333315017e-13,1.1545979463068677e-13,2.0372103505292916e-06,2.1069415867001353e-12,17086377822359.441
125.64168865112634,4.029231448992298,402.9231448992298,6.093747733454882e-16,4.677559707183844e-10,9.164883401429078e-13,1.247923710444691e-13,2.0372103505292916e-06,2.278265326360765e-12,15801495806243.674
136.2758482593395,3.714814104508224,371.4814104508224,6.609515124879271e-16,4.915220472422222e-10,1.042848941035787e-12,1.366692699215406e-13,2.0372103505292916e-06,2.4710949306941758e-12,14568440715422.838
148.19458335688333,3.416045524406835,341.6045524406835,7.187585714076622e-16,5.091101322926093e-10,1.1930312713135074e-12,1.4901760820334237e-13,2.0372103505292916e-06,2.687217789263936e-12,13396755612376.65
161.50889069677223,3.134437002406668,313.44370024066683,7.833342954734674e-16,5.217305965265443e-10,1.372194681923216e-12,1.6280285173609262e-13,2.0372103505292916e-06,2.92864661024395e-12,12292367359748.223
176.34314256327315,2.8707634210157886,287.07634210157886,8.552819027202907e-16,5.305094942942658e-10,1.5856932157264242e-12,1.797838169797374e-13,2.0372103505292916e-06,3.1976366408045475e-12,11258314825583.86
192.83618730665881,2.625230514501756,262.5230514501756,9.352748215530283e-16,5.36407481476839e-10,1.838858603363181e-12,1.9774758127982286e-13,2.0372103505292916e-06,3.496705623149329e-12,10295404840964.676
211.1426040988573,2.3976186396782095,239.76186396782094,1.0240627764370936e-15,5.401986098343242e-10,2.1374945209720014e-12,2.190553809961526e-13,2.0372103505292916e-06,3.828656547045164e-12,9402776027999.604
231.4341187324637,2.187401952617135,218.74019526171352,1.1224786546654201e-15,5.424820240584541e-10,2.4917521304955503e-12,2.425526789468396e-13,2.0372103505292916e-06,4.1966033225573466e-12,8578366176878.053
253.90119020440338,1.9938443093160314,199.38443093160313,1.231446201448129e-15,5.4370808466424e-10,2.911745744975125e-12,2.7008208404839436e-13,2.0372103505292916e-06,4.603999549629072e-12,7819288340916.627
278.7547804203989,1.8160744811412424,181.60744811412425,1.3519886031564342e-15,5.442079763558304e-10,3.40795218357029e-12,3.024477459741269e-13,2.0372103505292916e-06,5.054670608197132e-12,7122125810061.49
306.22832178121257,1.6531437728326903,165.31437728326904,1.4852380303129808e-15,5.442212260683098e-10,3.991344569593253e-12,3.3797982065221434e-13,2.0372103505292916e-06,5.5528493365050715e-12,6483158072258.84
336.5798997759256,1.5040691483794497,150.406914837945,1.6324462233878377e-15,5.439188740034758e-10,4.679010314552061e-12,3.8070828698272956e-13,2.0372103505292916e-06,6.103215608146782e-12,5898529940830.857
370.094670092428,1.36786472253488,136.786472253488,1.7949962160264608e-15,5.434218599811012e-10,5.488749534251074e-12,4.322596585530163e-13,2.0372103505292916e-06,6.7109401616192495e-12,5364375055210.408
407.0875322237158,1.2435641063539427,124.35641063539427,1.974415302307998e-15,5.428150508592202e-10,6.4411348869586915e-12,4.886595638304751e-13,2.0372103505292916e-06,7.38173308092312e-12,4876903513761.03
447.9060841521014,1.1302356925468922,113.02356925468924,2.172389367259632e-15,5.421576517369226e-10,7.55077234633676e-12,5.581283155978088e-13,2.0372103505292916e-06,8.12189737295935e-12,4432461818571.686
492.9338854763338,1.0269925808172544,102.69925808172545,2.3907787133499254e-15,5.414907801599031e-10,8.852136373356048e-12,6.413472062396278e-13,2.0372103505292916e-06,8.938388137932367e-12,4027571799799.6377
542.5940593492325,0.9329984995132126,93.29984995132126,2.631635530247092e-15,5.408428950023374e-10,1.0376816781212668e-11,7.339743553382938e-13,2.0372103505292916e-06,9.83887788341668e-12,3658953838697.155
597.3532668540741,0.8474707870665832,84.74707870665833,2.8972231709425144e-15,5.402336441379373e-10,1.2157589440462153e-11,8.455883541247314e-13,2.0372103505292916e-06,1.0831828591868946e-11,3323538559964.2773
657.7260910046923,0.7696812550712776,76.96812550712777,3.1900374145902985e-15,5.396765681152354e-10,1.4225946640162915e-11,9.86437794349108e-13,2.0372103505292916e-06,1.1926571215861816e-11,3018470216496.22
724.279871445598,0.6989555601030416,69.89555601030416,3.5128299152870704e-15,5.391809874869979e-10,1.6625657408858922e-11,1.1475040639085079e-12,2.0372103505292916e-06,1.3133393345877684e-11,2741104225839.676
797.6400351950391,0.634671557194131,63.46715571941311,3.868634056709701e-15,5.387533136313711e-10,1.9417337566476642e-11,1.3388482825431173e-12,2.0372103505292916e-06,1.446363587286716e-11,2489000712990.4077
878.4959734585965,0.5762569875244579,57.62569875244579,4.2607934552498336e-15,5.383979556592519e-10,2.265599930638619e-11,1.570032192851952e-12,2.0372103505292916e-06,1.5929799552724535e-11,2259915442177.851
967.6075196897356,0.5231867600408306,52.318676004083066,4.692993379256342e-15,5.381179460500603e-10,2.6412243277470255e-11,1.845023748309036e-12,2.0372103505292916e-06,1.754566247319618e-11,2051789156151.6013
1065.8120897367928,0.47498001579493726,47.49800157949373,5.1692953794633425e-15,5.379153713333849e-10,3.073460009650073e-11,2.175917827720803e-12,2.0372103505292916e-06,1.932640952642652e-11,1862736063352.8108
1174.0325511472502,0.4311971100996527,43.11971100996527,5.694175455904041e-15,5.377916681257652e-10,3.57195592667128e-11,2.5684791141293603e-12,2.0372103505292916e-06,2.1288775103339657e-11,1691032002792.5203
1293.2858955595116,0.3914366072929324,39.143660729293245,6.272566119879423e-15,5.377478264242967e-10,4.146970024632817e-11,3.0197443541090107e-12,2.0372103505292916e-06,2.3451200350436e-11,1535102658373.3357
1424.6927956646784,0.3553323528820367,35.53323528820367,6.909902746180024e-15,5.377845291442298e-10,4.8083304340691924e-11,3.5897683912762058e-12,2.0372103505292916e-06,2.583400646652899e-11,1393512076674.6833
1569.4881365373813,0.3225506656803962,32.255066568039624,7.6121746510952e-15,5.37902247887643e-10,5.569402398567751e-11,4.25232352145315e-12,2.0372103505292916e-06,2.8459585667751454e-11,1264951655314.956
1729.032620294306,0.29278767634323044,29.278767634323046,8.385981376169229e-15,5.381013086904404e-10,6.439572245280768e-11,5.038122785304394e-12,2.0372103505292916e-06,3.1352611615252295e-11,1148229705447.7869
1904.8255531277696,0.26576682698652354,26.576682698652355,9.238594706594809e-15,5.383819371859542e-10,7.435348086041157e-11,5.960554947347427e-12,2.0372103505292916e-06,3.454027128294299e-11,1042261645981.2773
2098.518934874581,0.24123653821016036,24.12365382101604,1.0178027007033142e-14,5.387442896568669e-10,8.574558482741398e-11,7.093442358970294e-12,2.0372103505292916e-06,3.805252044416408e-11,946060854308.565
2311.932983522162,0.21896804398126457,21.89680439812646,1.1213106517023447e-14,5.391884744094922e-10,9.877686256783932e-11,8.371409749775647e-12,2.0372103505292916e-06,4.1922365178121284e-11,858730175338.1967
2547.0732405395092,0.1987533908174496,19.87533908174496,1.235356031355129e-14,5.397145665071558e-10,1.1364787327285317e-10,9.901847935767227e-12,2.0372103505292916e-06,4.618617204147626e-11,779454074861.869
2806.149417777053,0.18040359505113046,18.040359505113045,1.3610105720400435e-14,5.403226179423809e-10,1.3059801613312594e-10,1.1760539431187412e-11,2.0372103505292916e-06,5.088400981986958e-11,707491412870.9733
3091.596163045957,0.1637469502869517,16.37469502869517,1.4994551023292237e-14,5.410126646725772e-10,1.4977627384348704e-10,1.3849144405331563e-11,2.0372103505292916e-06,5.6060026070928205e-11,642168805887.677
3406.0959395188247,0.14862747620935562,14.862747620935563,1.651990643727045e-14,5.417847314958072e-10,1.7160133934259798e-10,1.638911422219095e-11,2.0372103505292916e-06,6.17628619972736e-11,582874543630.9144
3752.6042339581786,0.13490349945153818,13.490349945153818,1.820050636913407e-14,5.426388354366216e-10,1.9640045985513655e-10,1.92631337585255e-11,2.0372103505292916e-06,6.804610954824886e-11,529053023589.45
4134.377330664454,0.12244635714860039,12.24463571486004,2.005214412386673e-14,5.435749881021565e-10,2.245355450244311e-10,2.2640862155618405e-11,2.0372103505292916e-06,7.49688150459315e-11,480199666727.3413
4555.002912146568,0.11113921395476102,11.113921395476103,2.209222032095372e-14,5.445931973250363e-10,2.5645273178842806e-10,2.6770982978774236e-11,2.0372103505292916e-06,8.259603406820977e-11,435856278163.0695
5018.43377408202,0.1008759836250343,10.087598362503432,2.4339906415315114e-14,5.456934683111828e-10,2.9254140522410474e-10,3.133731639402431e-11,2.0372103505292916e-06,9.099944280338486e-11,395606817920.658
5529.024971399947,0.09156034668612417,9.156034668612417,2.681632485952888e-14,5.468758044430953e-10,3.330770736677709e-10,3.664602042026808e-11,2.0372103505292916e-06,1.0025801162145075e-10,359073548515.2751
6091.574744564392,0.08310485620640909,8.31048562064091,2.954474760040365e-14,5.48140207842775e-10,3.788894620741608e-10,4.29795496364852e-11,2.0372103505292916e-06,1.1045874719188258e-10,325913528038.3261
6711.369610659018,0.07543012419009168,7.543012419009169,3.255081477525551e-14,5.494866797665383e-10,4.305954980023737e-10,5.0164904890082804e-11,2.0372103505292916e-06,1.2169751012192174e-10,295815419427.5106
7394.234043013295,0.06846408164425836,6.846408164425838,3.58627756630707e-14,5.50915220881954e-10,4.889400086175248e-10,5.837959383316852e-11,2.0372103505292916e-06,1.340799157990507e-10,268496588661.00577
8146.58520623009,0.06214130588488426,6.214130588488426,3.9511754154871155e-14,5.524258314619341e-10,5.546529097558084e-10,6.849569393145248e-11,2.0372103505292916e-06,1.477223269032463e-10,243700466643.6031
8975.49326098305,0.056402409148728,5.640240914872801,4.3532041238021603e-14,5.540185115204744e-10,6.28645418583917e-10,7.943645675488233e-11,2.0372103505292916e-06,1.6275294691607189e-10,221194151517.05005
9888.7478052932,0.051193483056230796,5.11934830562308,4.796141724307537e-14,5.556932609072273e-10,7.113277743276797e-10,9.16922058268055e-11,2.0372103505292916e-06,1.7931302490277095e-10,200766230002.08887
10894.931076661114,0.04646559392211962,4.646559392211963,5.284150688144675e-14,5.574500793729948e-10,8.041899848601796e-10,1.0695550715861707e-10,2.0372103505292916e-06,1.9755818288920185e-10,182224798150.68036
12003.498602966381,0.0421743243334499,4.21743243334499,5.82181704103509e-14,5.592889666146703e-10,9.083036926734316e-10,1.2335580908533126e-10,2.0372103505292916e-06,2.1765987830754159e-10,165395663545.91983
13224.86806004446,0.038279356808639114,3.827935680863912,6.414193460095089e-14,5.61209922305668e-10,1.0251774743765794e-09,1.4202364470779252e-10,2.0372103505292916e-06,2.3980701525397036e-10,150120712531.59042
14570.517170972818,0.034744095715843235,3.4744095715843235,7.066846755970044e-14,5.632129461161139e-10,1.1561061889514297e-09,1.6512961438467316e-10,2.0372103505292916e-06,2.642077197000005e-10,136256427483.93901
16053.091567067855,0.03153532396564303,3.1535323965643034,7.785910186498154e-14,5.652980377258485e-10,1.3028115525816187e-09,1.9017476965818855e-10,2.0372103505292916e-06,2.9109129533987063e-10,123672540458.37177
17686.52362420687,0.028622891302660877,2.8622891302660878,8.578141093516785e-14,5.674651968324013e-10,1.4670909495488284e-09,2.1700018363097708e-10,2.0372103505292916e-06,3.2071037845390985e-10,112250810758.13594
19486.163391230883,0.025979431304852633,2.5979431304852634,9.45098440444912e-14,5.69714423155482e-10,1.6499097831496608e-09,2.5047524346182034e-10,2.0372103505292916e-06,3.533433120380449e-10,101883915086.31084
21468.922840817042,0.023580104459416416,2.358010445941642,1.0412642595421991e-13,5.720457164390905e-10,1.85383336935483e-09,2.874650137619955e-10,2.0372103505292916e-06,3.8929676151013467e-10,92474439962.84775
23653.434798407125,0.021402364922142647,2.140236492214265,1.1472152773387934e-13,5.744590764520198e-10,2.081584131565573e-09,3.2818690533137113e-10,2.0372103505292916e-06,4.28908596574032e-10,83933967021.3073
26060.22804271396,0.01942574878423421,1.942574878423421,1.2639471601624474e-13,5.769545029873151e-10,2.3356878214147717e-09,3.7386858581015814e-10,2.0372103505292916e-06,4.725510663234581e-10,76182242651.75658
28711.92022329924,0.017631681868731725,1.7631681868731726,1.39255688666915e-13,5.795319958610703e-10,2.6190472007794547e-09,4.317392655879052e-10,2.0372103505292916e-06,5.206342974234824e-10,69146424233.20357
31633.43040815024,0.0160033052592104,1.60033052592104,1.5342530566134684e-13,5.821915549108474e-10,2.935028746425244e-09,4.900686105254306e-10,2.0372103505292916e-06,5.736101482434896e-10,62760395906.94008
34852.21325865441,0.014525316927811144,1.4525316927811145,1.690367248569351e-13,5.849331799938959e-10,3.287004298637817e-09,5.560802248180333e-10,2.0372103505292916e-06,6.319764551605415e-10,56964147486.8789
38398.517032612945,0.013183827979285072,1.3183827979285074,1.8623665333346838e-13,5.87756870985312e-10,3.680066066892276e-09,6.324581376824719e-10,2.0372103505292916e-06,6.962817109374394e-10,51703210689.7241
42305.667839856585,0.011966232163830394,1.1966232163830395,2.051867260613343e-13,5.906626277762158e-10,4.113899077316854e-09,7.228778029959888e-10,2.0372103505292916e-06,7.671302191401813e-10,46928147401.55811
46610.38282173192,0.010861087435256694,1.0861087435256696,2.260650248533944e-13,5.936504502720072e-10,4.59644806429361e-09,8.165520408136291e-10,2.0372103505292916e-06,8.451877730330177e-10,42594085182.76523
51353.115197539635,0.009858008443504733,0.9858008443504733,2.49067751874767e-13,5.967203383907308e-10,5.13320595984598e-09,9.241063861128595e-10,2.0372103505292916e-06,9.311879123181123e-10,38660295654.37667
56578.43442047049,0.008947568952782049,0.8947568952782049,2.744110734371899e-13,5.998722920615671e-10,5.729635865246574e-09,1.0483299147790534e-09,2.0372103505292916e-06,1.0259388165170032e-09,35089811809.848175
62335.44501552361,0.008121213269457632,0.8121213269457632,3.023331514048726e-13,6.031063112234608e-10,6.392495493786116e-09,1.1915217712633985e-09,2.0372103505292916e-06,1.1303308997738648e-09,31849080660.541264
68678.24803540477,0.007371175848234249,0.7371175848234249,3.3309638130181904e-13,6.064223958238836e-10,7.1285617067497075e-09,1.3419855673307923e-09,2.0372103505292916e-06,1.245345178452155e-09,28907647954.07532
75666.44947090036,0.00669040832175303,0.6690408321753031,3.6698985815305966e-13,6.098205458177295e-10,7.945789239776877e-09,1.508871578008537e-09,2.0372103505292916e-06,1.3720624901584825e-09,26237872005.2625
83365.72039346964,0.006072513268382583,0.6072513268382584,4.043320932323246e-13,6.13300761166329e-10,8.853050225673386e-09,1.6987023462801078e-09,2.0372103505292916e-06,1.5116736508286794e-09,23814663952.27917
91848.41409395733,0.005511684096142954,0.5511684096142955,4.4547400724660694e-13,6.168630418365874e-10,9.857142944913384e-09,1.925202161167826e-09,2.0372103505292916e-06,1.6654906453266018e-09,21615251998.572723
101194.24601693363,0.005002650478100345,0.5002650478100346,4.908022280858106e-13,6.205073878002184e-10,1.0964993407297689e-08,2.163659476679419e-09,2.0372103505292916e-06,1.8349589567183364e-09,19618967426.052322
111491.04288029237,0.004540628826668747,0.4540628826668747,5.407427241278264e-13,6.24233799033079e-10,1.2194093065829337e-08,2.4270499593874376e-09,2.0372103505292916e-06,2.021671150085217e-09,17807050369.434483
122835.56801990303,0.004121277341556242,0.41212773415562426,5.957648072427565e-13,6.280422755145885e-10,1.355526936543555e-08,2.719115600471393e-09,2.0372103505292916e-06,2.2273818385285257e-09,16162473527.117682
135334.43071541953,0.003740655209036453,0.3740655209036453,6.563855431141576e-13,6.319328172272223e-10,1.5064118836158308e-08,3.0642367276062277e-09,2.0372103505292916e-06,2.454024172007573e-09,14669782152.369488
149105.08804257453,0.003395185569207863,0.33951855692078636,7.231746103230074e-13,6.359054241560748e-10,1.6734827667341596e-08,3.4509723848530256e-09,2.0372103505292916e-06,2.7037280039639243e-09,13314948821.486687
164276.9486667775,0.003081621903292608,0.30816219032926084,7.967596538572032e-13,6.399600962884797e-10,1.858389820663216e-08,3.854900749315703e-09,2.0372103505292916e-06,2.9788399064509967e-09,12085241614.374155
180992.58895083395,0.0027970175251492493,0.27970175251492496,8.778321833557975e-13,6.440968336136848e-10,2.0632549246627826e-08,4.292602414188963e-09,2.0372103505292916e-06,3.2819452218597262e-09,10969104468.965046
199409.09280506358,0.002538697890333926,0.25386978903339263,9.671540715162595e-13,6.483156361225703e-10,2.2897895615776244e-08,4.796957213896223e-09,2.0372103505292916e-06,3.6158923584696623e-09,9956048585.26157
219699.52787094982,0.0023042354625130504,0.23042354625130507,1.0655647137330212e-12,6.526165038074075e-10,2.5405869337413974e-08,5.405976260479578e-09,2.0372103505292916e-06,3.983819558140971e-09,9036553858.57868
242054.5719106409,0.002091426901056448,0.20914269010564485,1.173988916249445e-12,6.569994366616513e-10,2.81594847298896e-08,6.029803288099226e-09,2.0372103505292916e-06,4.389184387694617e-09,8201979415.794995
266684.3046861698,0.0018982723554479598,0.189827235544796,1.2934455869515009e-12,6.614644346797637e-10,3.120652991093063e-08,6.714974466515563e-09,2.0372103505292916e-06,4.83579623112367e-09,7444482413.940519
293820.182167442,0.0017229566719454336,0.1722956671945434,1.4250573104742325e-12,6.660114978570622e-10,3.4573818332370994e-08,7.471487472831714e-09,2.0372103505292916e-06,5.327852087978807e-09,6756944338.080731
323717.2116214397,0.0015638323358895781,0.1563832335889578,1.5700608976022375e-12,6.706406261895889e-10,3.829668473278599e-08,8.373509542666904e-09,2.0372103505292916e-06,5.8699760143402426e-09,6132904105.920139
356656.3480228903,0.001419403989369415,0.14194039893694152,1.729819008101416e-12,6.753518196740026e-10,4.240974997783201e-08,9.33645807829291e-09,2.0372103505292916e-06,6.467262577019848e-09,5566497350.5048275
392947.1343064709,0.0012883143787550465,0.12883143787550466,1.905832956206596e-12,6.801450783074829e-10,4.695199665628233e-08,1.0400580280301994e-08,2.0372103505292916e-06,7.125324729350762e-09,5052401310.456515
432930.61027209944,0.0011693316000442714,0.11693316000442715,2.0997568191035247e-12,6.850204020876505e-10,5.196713086556272e-08,1.153350994635745e-08,2.0372103505292916e-06,7.850346558473191e-09,4585784809.862155
476982.5174795434,0.001061337522164695,0.10613375221646952,2.3134129809887065e-12,6.899777910125001e-10,5.7510190435830914e-08,1.2777889471884893e-08,2.0372103505292916e-06,8.649141399805353e-09,4162262857.7687697
525516.8302500739,0.0009633172794422519,0.09633172794422519,2.5488092587810617e-12,6.950172450803414e-10,6.363810459152413e-08,1.4235462923395383e-08,2.0372103505292916e-06,9.529215864825344e-09,3777855440.643838
578989.6459574744,0.000874349734493869,0.0874349734493869,2.8081577704229422e-12,7.00138764289752e-10,7.039224317710656e-08,1.583758090623483e-08,2.0372103505292916e-06,1.0498840383859995e-08,3428950120.5621977
637903.471167114,0.0007935988219211232,0.07935988219211233,3.0938957230839124e-12,7.053423486395333e-10,7.783221836971408e-08,1.763745008396561e-08,2.0372103505292916e-06,1.156712692680115e-08,3112268087.6430635
702811.9439017437,0.0007203056914587546,0.07203056914587547,3.4087083166228016e-12,7.106279981286775e-10,8.601800005067657e-08,1.9512756218665525e-08,2.0372103505292916e-06,1.2744114632123705e-08,2824833347.720829
774325.0364111095,0.0006537815767445251,0.06537815767445251,3.755553977541408e-12,7.159957127563368e-10,9.504545621018625e-08,2.1657159589025144e-08,2.0372103505292916e-06,1.4040864148896909e-08,2563944755.6957
853114.7873380339,0.0005934013226956611,0.05934013226956611,4.137692160564083e-12,7.214454925217987e-10,1.0501025308265519e-07,2.4093290846016295e-08,2.0372103505292916e-06,1.5469561578361172e-08,2327150631.7513757
939921.6171485222,0.0005385975106662785,0.05385975106662786,4.558713979106255e-12,7.269773374244638e-10,1.1599367684352229e-07,2.6814681465414985e-08,2.0372103505292916e-06,1.7043632991852654e-08,2112225721.899142
1035561.2861746569,0.000488855126177665,0.0488855126177665,5.022575952479342e-12,7.325912474638293e-10,1.2811877118134568e-07,2.9637528277554726e-08,2.0372103505292916e-06,1.8777870601249102e-08,1917150286.3378599
1140932.560657935,0.0004437067191120278,0.04437067191120278,5.533637186968705e-12,7.382872226394729e-10,1.4148170945592464e-07,3.267585177197629e-08,2.0372103505292916e-06,2.0688571767613467e-08,1740091119.1151204
1257025.6588340881,0.0004027280108881487,0.040272801088814876,6.096700340190934e-12,7.440652629510401e-10,1.5621197884955244e-07,3.624809325926029e-08,2.0372103505292916e-06,2.279369215435824e-08,1579384320.7238657
1384931.5564308036,0.00036553390733783206,0.03655339073378321,6.717056753689767e-12,7.499253683982331e-10,1.724661432320617e-07,4.002260986709188e-08,2.0372103505292916e-06,2.5113014464175315e-08,1433519661.7417395
1525852.2390260156,0.0003317748798145491,0.03317748798145491,7.400536177900603e-12,7.558675389808022e-10,1.903909509007509e-07,4.4289213604273224e-08,2.0372103505292916e-06,2.7668334345423057e-08,1301126390.5720143
1681111.9976125227,0.0003011336805260844,0.030113368052608443,8.15356155677018e-12,7.618917746985388e-10,2.1015871647324877e-07,4.8814532341537164e-08,2.0372103505292916e-06,3.048366521501187e-08,1180960351.915674
1852169.8735180576,0.00027332236122384017,0.02733223612238402,8.98320938686532e-12,7.679980755512664e-10,2.3195223286688063e-07,5.405073267904154e-08,2.0372103505292916e-06,3.358546392259402e-08,1071892294.9217219
2040633.3696310364,0.0002480795672321821,0.02480795672321821,9.897276218191016e-12,7.74186441538839e-10,2.5580592031519344e-07,5.992633365136936e-08,2.0372103505292916e-06,3.700287937672066e-08,972897261.1425589
2248273.556782056,0.00022516808138872352,0.022516808138872354,1.090435192165366e-11,7.804568726611326e-10,2.8210770415783433e-07,6.640700622446601e-08,2.0372103505292916e-06,4.07680264694089e-08,883044952.5687323
2477041.7172422726,0.00020437259481492336,0.02043725948149234,1.2013900411695054e-11,7.868093689180444e-10,3.110920868913122e-07,7.358276931592087e-08,2.0372103505292916e-06,4.4916287873305374e-08,801490989.2274401
2729087.6817445178,0.00018549768356801674,0.018549768356801676,1.3236348582681365e-11,7.932439303094882e-10,3.4300177233117454e-07,8.118020033985878e-08,2.0372103505292916e-06,4.948664654755958e-08,727468974.1888628
3006780.032347958,0.00016836597216002551,0.01683659721600255,1.4583184294820052e-11,7.997605568353914e-10,3.7814540053185154e-07,8.981269248984571e-08,2.0372103505292916e-06,5.452205207710604e-08,660283291.4118525
3312728.3610010482,0.00015281646668567785,0.015281646668567787,1.60670643304195e-11,8.063592484956931e-10,4.1684847874452435e-07,9.896985964847257e-08,2.0372103505292916e-06,6.006982428799882e-08,599302568.7473558
3649807.7929759375,0.00013870304189493918,0.013870304189493919,1.770193333500194e-11,8.130400052903432e-10,4.595273194810895e-07,1.0884647549963536e-07,2.0372103505292916e-06,6.618209793174284e-08,543953744.6686676
4021186.005631258,0.00012589306799254762,0.012589306799254763,1.9503154861009025e-11,8.198028272192993e-10,5.064679556239281e-07,1.1973833102492264e-07,2.0372103505292916e-06,7.291631261750564e-08,493716682.9711185
4430352.996410129,0.00011426616426000767,0.011426616426000768,2.148765574557346e-11,8.26647714282526e-10,5.582026731478839e-07,1.3201589708902685e-07,2.0372103505292916e-06,8.033575259631175e-08,448119284.83324844
4881153.879815669,0.00010371306778731066,0.010371306778731068,2.3674085179134996e-11,8.335746664799935e-10,6.151984788432939e-07,1.4577485468882249e-07,2.0372103505292916e-06,8.851014146979684e-08,406733052.30547655
5377825.02157109,9.41346066833768e-05,0.00941346066833768,2.608298995973579e-11,8.40583683811677e-10,6.779332214213271e-07,1.6033810736536597e-07,2.0372103505292916e-06,9.751629741225157e-08,369169061.534499
5925033.849532221,8.544076811604785e-05,0.008544076811604786,2.8737007579933345e-11,8.476747662775556e-10,7.470604501185303e-07,1.7606954574518621e-07,2.0372103505292916e-06,1.0743885506335157e-07,335074307.88212067
6527922.715472429,7.754985242360978e-05,0.007754985242360979,3.1661078960850265e-11,8.548479138776125e-10,8.232267105643464e-07,1.9362354562572227e-07,2.0372103505292916e-06,1.183710608755044e-07,304128388.59206176
7192157.219927555,7.038770534867648e-05,0.007038770534867648,3.488268283251206e-11,8.62103126611833e-10,9.065173802709496e-07,2.15203215999225e-07,2.0372103505292916e-06,1.3041564939002666e-07,276040491.83036965
7923979.45422977,6.388702117941377e-05,0.006388702117941378,3.8432093963043726e-11,8.694404044802048e-10,9.981785250837605e-07,2.386050944269805e-07,2.0372103505292916e-06,1.4368580867688732e-07,250546663.8041813
8730266.660068274,5.798671024942759e-05,0.00579867102494276,4.2342667663413993e-11,8.768597474827184e-10,1.099042074958585e-06,2.638321294369581e-07,2.0372103505292916e-06,1.5830624401066298e-07,227407328.27679977
9618595.857825246,5.263132485244859e-05,0.00526313248524486,4.665115324133751e-11,8.843611556193648e-10,1.2100742342933724e-06,2.901549264194549e-07,2.0372103505292916e-06,1.7441434977851265e-07,206405035.1689302
10597315.051026948,4.777053817689029e-05,0.004777053817689029,5.139803934999393e-11,8.919446288901373e-10,1.3322206931313436e-06,3.1919443498584654e-07,2.0372103505292916e-06,1.921615006330888e-07,187342417.08872807
11675621.676047966,4.335867136361101e-05,0.004335867136361101,5.662793447695051e-11,8.996101672950302e-10,1.4666286984107167e-06,3.5184978997322714e-07,2.0372103505292916e-06,2.1171447402388748e-07,170040334.58731866
12863649.034293652,3.935426424244128e-05,0.003935426424244128,6.238998614890338e-11,9.073577708340381e-10,1.614507907218928e-06,3.884030758525999e-07,2.0372103505292916e-06,2.3325701747516777e-07,154336192.7099686
14172561.51910038,3.571968571350757e-05,0.0035719685713507575,6.873834279168102e-11,9.151874395071572e-10,1.7775065084677198e-06,4.258546686506575e-07,2.0372103505292916e-06,2.5699157533881e-07,140082413.02283424
15614659.532240674,3.2420780111942185e-05,0.003242078011194219,7.573266258580191e-11,9.230991733143842e-10,1.9564842496006134e-06,4.659720280376022e-07,2.0372103505292916e-06,2.831411912491325e-07,127145046.75628081
17203495.075978205,2.9426546232718456e-05,0.002942654623271846,8.343867409951799e-11,9.310929722557162e-10,2.1537218082389778e-06,5.103301675512494e-07,2.0372103505292916e-06,3.119516041578444e-07,115402516.0318918
18953999.106939454,2.670884599927369e-05,0.002670884599927369,9.192879396784735e-11,9.391688363311504e-10,2.3705548563848426e-06,5.584613218565008e-07,2.0372103505292916e-06,3.4369355764644884e-07,104744471.34395382
20882621.848600272,2.4242140038155665e-05,0.0024242140038155664,1.012828074221864e-10,9.473267655406852e-10,2.6093959182400603e-06,6.179802843423809e-07,2.0372103505292916e-06,3.786653442176833e-07,95070754.55868678
23007487.380962547,2.2003247674776632e-05,0.0022003247674776635,1.1158861806572469e-10,9.555667598843193e-10,2.8723365529597295e-06,6.786874557770618e-07,2.0372103505292916e-06,4.1719560847576936e-07,86290457.68608773
25348563.96016569,1.9971129094853384e-05,0.0019971129094853387,1.2294307394061838e-10,9.638888193620506e-10,3.1611932383590163e-06,7.445203728488989e-07,2.0372103505292916e-06,4.596464355381449e-07,78321068.57926989
27927851.668597832,1.8126687624413093e-05,0.0018126687624413097,1.3545287764982335e-10,9.722929439738785e-10,3.4791772084894334e-06,8.207598395927363e-07,2.0372103505292916e-06,5.064167537017792e-07,71087695.5330744
30769589.15893364,1.645259027030705e-05,0.0016452590270307052,1.4923558908638475e-10,9.80779133719802e-10,3.826896089227009e-06,9.041668016008236e-07,2.0372103505292916e-06,5.579460833403577e-07,64522363.495182596
33900481.43495981,1.4933104834775546e-05,0.0014933104834775547,1.6442073019325318e-10,9.893473885998199e-10,4.2092913306735235e-06,1.0033703960665473e-06,2.0372103505292916e-06,6.147186672623043e-07,58563375.27592696
37349950.80974086,1.3553952073360959e-05,0.0013553952073360961,1.8115100213552353e-10,9.97997708613932e-10,4.629918107551328e-06,1.112701453475401e-06,2.0372103505292916e-06,6.772680213443624e-07,53154731.75381997
41150413.39948335,1.2302171506835282e-05,0.0012302171506835284,1.9958362632336768e-10,1.0067300937621377e-09,5.0926860904855884e-06,1.2241554639694038e-06,2.0372103505292916e-06,7.461819482049271e-07,48245605.628231
45337583.751430005,1.1165999626119235e-05,0.0011165999626119236,2.1989182188783065e-10,1.0155445440444357e-09,5.6012884210811545e-06,1.3444802024004827e-06,2.0372103505292916e-06,8.22108061032768e-07,43789863.77383921
49950810.46849934,1.0134759345634011e-05,0.0010134759345634013,2.422664334939465e-10,1.0244410594608267e-09,6.1606945036656334e-06,1.4797045856081966e-06,2.0372103505292916e-06,9.057598694808707e-07,39745633.70822901
55033445.98467466,9.198759666232623e-06,0.0009198759666232623,2.669177247884088e-10,1.0334196400113102e-09,6.775966380033398e-06,1.6237350307864456e-06,2.0372103505292916e-06,9.97923484817062e-07,36074910.09854274
60633253.96608206,8.349204604799946e-06,0.0008349204604799947,2.9407735433560216e-10,1.0424802856958856e-09,7.452518339545756e-06,1.7879621139594969e-06,2.0372103505292916e-06,1.0994650073426304e-06,32743197.60936347
66802858.16627281,7.578110534695734e-06,0.0007578110534695734,3.240005526106749e-10,1.0516229965145527e-09,8.197416131766789e-06,1.9618720496093826e-06,2.0372103505292916e-06,1.2113386655015406e-06,29719186.735523403
73600236.95379397,6.878231160253365e-06,0.0006878231160253366,3.5696852050778584e-10,1.0608477724673115e-09,9.014649252363057e-06,2.1442756566088623e-06,2.0372103505292916e-06,1.3345957831669262e-06,26974459.573500134
81089268.1593313,6.2429894202881855e-06,0.0006242989420288186,3.932910719033149e-10,1.0701546135541618e-09,9.914590255618542e-06,2.3425248315000916e-06,2.0372103505292916e-06,1.4703946593742185e-06,24483222.766410995
89340329.36258133,5.666415680684145e-06,0.0005666415680684145,4.333095451073135e-10,1.0795435197751034e-09,1.090445833168062e-05,2.561638321610852e-06,2.0372103505292916e-06,1.6200114533449077e-06,22222065.112977594
98430959.26000251,5.143091635228304e-06,0.0005143091635228305,4.774000105633354e-10,1.0890144911301364e-09,1.1992347048609444e-05,2.8017457406481277e-06,2.0372103505292916e-06,1.7848521770921169e-06,20169737.56260938
108446586.3285954,4.668099387505854e-06,0.00046680993875058545,5.259768049407485e-10,1.0985675276192603e-09,1.318988668663501e-05,3.0746801646139198e-06,2.0372103505292916e-06,1.966465908307524e-06,18306953.529127836
119481331.63327295,4.236975235356686e-06,0.00042369752353566865,5.794964248308844e-10,1.1082026292424753e-09,1.4506052793123436e-05,3.3760596133990144e-06,2.0372103505292916e-06,2.1665593476967098e-06,16616207.64659503
131638893.32213928,3.845667723586648e-06,0.00038456677235866485,6.384618166377247e-10,1.117919795999781e-09,1.5954051292758825e-05,3.731799385544459e-06,2.0372103505292916e-06,2.387012857564335e-06,15081611.264018811
145033521.12165472,3.490499570737038e-06,0.0003490499570737038,7.034271029770512e-10,1.1277190278911782e-09,1.754605035075145e-05,4.105708338361452e-06,2.0372103505292916e-06,2.6298981323705367e-06,13688743.133008856
159791089.98941877,3.1681331121224573e-06,0.00031681331121224574,7.750027899999709e-10,1.137600324916666e-09,1.928665312083007e-05,4.524742913710941e-06,2.0372103505292916e-06,2.8974976673160304e-06,12424513.885233605
176050283.01415417,2.8755389343902165e-06,0.0002875538934390217,8.538615045763116e-10,1.147563687076245e-09,2.1198404381744466e-05,4.984214630177032e-06,2.0372103505292916e-06,3.1923262079107e-06,11277043.026113903
193963894.6790846,2.609967406847525e-06,0.0002609967406847525,9.407443152525294e-10,1.1576091143699146e-09,2.3300375943303158e-05,5.503950493525261e-06,2.0372103505292916e-06,3.517154382095996e-06,10235547.288813163
213700266.73603478,2.368922842024012e-06,0.00023689228420240122,1.0364676963848985e-09,1.1677366067976752e-09,2.5613554216722316e-05,6.101637961494551e-06,2.0372103505292916e-06,3.8750347370024e-06,9290239.299338106
235444870.18375427,2.150140042645735e-06,0.0002150140042645735,1.1419312008928254e-09,1.1779461643595267e-09,2.8153638382528625e-05,6.759865099971184e-06,2.0372103505292916e-06,4.269330425020121e-06,8432235.60046429
259402048.21699166,1.9515630146225522e-06,0.00019515630146225524,1.2581259137364167e-09,1.1882377870554687e-09,3.094458245251312e-05,7.441564374062885e-06,2.0372103505292916e-06,4.703746808758269e-06,7653473.170147855
285796936.5255406,1.771325646005923e-06,0.0001771325646005923,1.3861437655591785e-09,1.1986114748855016e-09,3.4014829806192574e-05,8.172766459999568e-06,2.0372103505292916e-06,5.182366281897552e-06,6946633.649912218
314877578.9891147,1.6077341703491617e-06,0.0001607734170349162,1.5271877940200521e-09,1.2090672278496254e-09,3.7391455170653794e-05,8.955695206338535e-06,2.0372103505292916e-06,5.709686633162677e-06,6305074.571151918
346917258.6501315,1.4592512496709278e-06,0.00014592512496709278,1.6825834492448681e-09,1.2196050459478398e-09,4.109868457120099e-05,9.80272250164859e-06,2.0372103505292916e-06,6.290663313936909e-06,5722766.933058128
382217065.86953586,1.3244815274428754e-06,0.00013244815274428756,1.8537910496393025e-09,1.230224929180145e-09,4.517654026793693e-05,1.0754073330111881e-05,2.0372103505292916e-06,6.930756006725366e-06,5194238.545559366
421108727.79969996,1.202158515836816e-06,0.0001202158515836816,2.0424195051158175e-09,1.2409268775465405e-09,4.966156261699993e-05,1.1808656166253422e-05,2.0372103505292916e-06,7.635979932090392e-06,4714522.604847234
463957725.76416636,1.0911326940052783e-06,0.00010911326940052783,2.250241436697632e-09,1.2517108910470269e-09,5.4592004881370924e-05,1.2914011757723595e-05,2.0372103505292916e-06,8.41296237621223e-06,4279111.018229502
511166729.83953094,9.903607055501034e-07,9.903607055501034e-05,2.479209834584838e-09,1.2625769696816045e-09,6.0005795879390934e-05,1.4096731727274269e-05,2.0372103505292916e-06,9.269004970287654e-06,3883912.0396849653
563179382.9157114,8.98895553663021e-07,8.98895553663021e-05,2.7314764112256857e-09,1.2735251134502725e-09,6.596605214111446e-05,1.5365723063204054e-05,2.0372103505292916e-06,1.0212152307032966e-05,3525211.818003077
620484469.7949923,8.15877701797884e-07,8.158777017978841e-05,3.0094118218645045e-09,1.2845553223530313e-09,7.251276759355211e-05,1.676981274970172e-05,2.0372103505292916e-06,1.1251267539109135e-05,3199639.4961603098
683620510.5086279,7.40526996243814e-07,7.40526996243814e-05,3.315627942587251e-09,1.2956675963898806e-09,7.971371596232163e-05,1.8312625136640983e-05,2.0372103505292916e-06,1.2396115669899426e-05,2904135.5339573147
753180821.0163348,6.721353346922753e-07,6.721353346922754e-05,3.6530024152209067e-09,1.306861935560821e-09,8.762563095955938e-05,2.0153851834034694e-05,2.0372103505292916e-06,1.3657455319358016e-05,2635922.956231368
829819088.8461933,6.100600119015197e-07,6.100600119015197e-05,4.024705689745403e-09,1.3181383398658518e-09,9.63289460871207e-05,2.217197250134835e-05,2.0372103505292916e-06,1.5047139827291847e-05,2392481.2564514596
914255516.07161,5.537176799247938e-07,5.537176799247939e-05,4.434230818347133e-09,1.3294968093049738e-09,0.00010589965886931444,2.4370875379706753e-05,2.0372103505292916e-06,1.6578228644186114e-05,2171522.710457066
1007283587.3534502,5.025788661440588e-07,5.025788661440588e-05,4.885426281101137e-09,1.3409373438781861e-09,0.00011640073726364023,2.688565293031663e-05,2.0372103505292916e-06,1.826511005635929e-05,1970970.8777509406
1109777526.6495245,4.5616299759284174e-07,4.561629975928418e-05,5.382532151758913e-09,1.3524599435854895e-09,0.00012789098982484093,2.9784996495361008e-05,2.0372103505292916e-06,2.0123636398748417e-05,1788941.088313393
1222700512.6652255,4.140338848097179e-07,4.140338848097179e-05,5.930219943506821e-09,1.3640646084268828e-09,0.00014052167369737423,3.2849706848203975e-05,2.0372103505292916e-06,2.2171273025975382e-05,1623722.7315645423
1347113730.2494152,3.7579562278226337e-07,3.757956227822634e-05,6.533636509142648e-09,1.3757513384023671e-09,0.00015440425987197,3.621218254440101e-05,2.0372103505292916e-06,2.442726244163894e-05,1473763.1810363682
1484186342.7952623,3.410888704609584e-07,3.4108887046095844e-05,7.198452408218443e-09,1.3875201335119423e-09,0.00016967764542040334,4.005749904026757e-05,2.0372103505292916e-06,2.6912805128223063e-05,1337653.2036880588
1635206479.3609757,3.0958747388002695e-07,3.09587473880027e-05,7.930915195676459e-09,1.3993709937556082e-09,0.00018642905334545427,4.423319378223566e-05,2.0372103505292916e-06,2.9651258776958295e-05,1214113.7167497003
1801593339.760958,2.809954011512868e-07,2.8099540115128685e-05,8.737908132753618e-09,1.411303919133365e-09,0.00020485611393071022,4.869579850080138e-05,2.0372103505292916e-06,3.266835778988142e-05,1101983.767642906
1984910531.384053,2.550439605278443e-07,2.5504396052784435e-05,9.62701487188573e-09,1.4233189096452124e-09,0.00022511720061021818,5.395945127934414e-05,2.0372103505292916e-06,3.5992455116847634e-05,1000209.6240205865
2186880763.070584,2.3148927539460804e-07,2.3148927539460805e-05,1.0606590723482756e-08,1.4354159652911505e-09,0.00024737061642591835,5.953135451528808e-05,2.0372103505292916e-06,3.965478870013911e-05,907834.8714003791
2409402034.1327124,2.101099924570466e-07,2.101099924570466e-05,1.1685841174298938e-08,1.447595086071179e-09,0.00027184768566029685,6.52873539451171e-05,2.0372103505292916e-06,4.368977503056224e-05,823991.425335035
2654565470.6531796,1.9070520159107328e-07,1.907052015910733e-05,1.2874908395268047e-08,1.4598562719852991e-09,0.0002987116597560848,7.144052292052742e-05,2.0372103505292916e-06,4.8135332573703574e-05,747891.3736573387
2924674976.6776342,1.730925478060108e-07,1.7309254780601083e-05,1.4184966551754296e-08,1.4721995230335092e-09,0.00032830264477965267,7.832638639940532e-05,2.0372103505292916e-06,5.3033238105717704e-05,678819.5721376989
3222268884.9710717,1.5710651757795866e-07,1.5710651757795866e-05,1.5628326811889462e-08,1.4846248392158099e-09,0.00036079471585299537,8.570994386356673e-05,2.0372103505292916e-06,5.8429519307284036e-05,616126.9239726932
3550143810.799645,1.4259688344951582e-07,1.4259688344951583e-05,1.72185530398037e-08,1.4971322205322015e-09,0.000396506118834182,9.382745364358542e-05,2.0372103505292916e-06,6.437488730510305e-05,559224.2799490889
3911380932.9019213,1.2942729227910541e-07,1.2942729227910542e-05,1.897058926096824e-08,1.5097216669826834e-09,0.00043576347236061393,0.00010296885757918186,2.0372103505292916e-06,7.092521322570734e-05,507576.90196060704
4309374948.622941,1.1747398387308709e-07,1.174739838730871e-05,2.0900900097495528e-08,1.5223931785672562e-09,0.0004788995162709204,0.00011255060330596012,2.0372103505292916e-06,7.814205323996442e-05,460699.43784876657
4747865975.31451,1.0662462795910797e-07,1.0662462795910798e-05,2.302762549312567e-08,1.5351467552859199e-09,0.0005263660298659607,0.00012269187846014831,2.0372103505292916e-06,8.609322703233274e-05,418151.3603442931
5230974697.7929125,9.677726857123068e-08,9.677726857123068e-06,2.5370751181916432e-08,1.547982397138675e-09,0.0005784939272308607,0.0001336704860023834,2.0372103505292916e-06,9.485345513099513e-05,379532.8272468625
5763241092.1491995,8.783936592679183e-08,8.783936592679183e-06,2.7952296502601474e-08,1.5609001041255198e-09,0.0006358566998039838,0.00014573096267041826,2.0372103505292916e-06,0.00010450506108812443,344480.9239395862
6349667089.816237,7.972692679109698e-08,7.972692679109698e-06,3.079652132358847e-08,1.5738998762464558e-09,0.0006988261564502772,0.00015941946088384205,2.0372103505292916e-06,0.00011513874510896838,312666.2529275377
6995763582.824563,7.236371515762702e-08,7.236371515762702e-06,3.393015402315768e-08,1.5869817135014824e-09,0.0007680849420320565,0.00017476835232284443,2.0372103505292916e-06,0.00012685443639986986,283789.8383507929
7707602211.975292,6.568053582618384e-08,6.568053582618384e-06,3.7382642667287344e-08,1.6001456158905998e-09,0.000844147147955634,0.00019257443106282407,2.0372103505292916e-06,0.00013976223224509667,257580.31638238239
8491872424.605372,5.961458414645725e-08,5.961458414645726e-06,4.1186431745529625e-08,1.6133915834138076e-09,0.0009275272204613129,0.00021197699966290124,2.0372103505292916e-06,0.00015398343263738125,233791.38510814437
9355944338.14098,5.410885581628058e-08,5.410885581628058e-06,4.537726706554062e-08,1.6267196160711064e-09,0.001018924135820998,0.00023295225829261917,2.0372103505292916e-06,0.0001696516801850293,212199.4899239246
10307938000.194365,4.911161118819994e-08,4.911161118819994e-06,4.999453167148653e-08,1.6401297138624956e-09,0.0011184185565585815,0.00025641503439233215,2.0372103505292916e-06,0.00018691421600778378,192601.72269882794
11356799696.070377,4.457588905022102e-08,4.457588905022103e-06,5.5081615943092905e-08,1.6536218767879758e-09,0.0012274529984628835,0.00028236950389844725,2.0372103505292916e-06,0.00020593326342362611,174813.91496207324
12512386020.776596,4.045906531152534e-08,4.045906531152534e-06,6.068632535331369e-08,1.6671961048475464e-09,0.0013463422956017294,0.00031137158131614963,2.0372103505292916e-06,0.00022688755242960445,158668.90719432302
13785556505.5971,3.672245244594063e-08,3.672245244594063e-06,6.686132971649092e-08,1.6808523980412078e-09,0.0014759774422768207,0.00034505538100333406,2.0372103505292916e-06,0.00024997399930287695,144014.97795929242
15188275669.680408,3.333093592896771e-08,3.333093592896772e-06,7.366465814877696e-08,1.6945907563689597e-09,0.0016168027910453203,0.0003841366949133054,2.0372103505292916e-06,0.000275409557105881,130714.41811352909
16733725455.664097,3.025264425180724e-08,3.0252644251807243e-06,8.116024439217471e-08,1.708411179830803e-09,0.0017693802538041308,0.0004261920540438049,2.0372103505292916e-06,0.00030252644251807243,118642.23669560355
18436429105.940273,2.7458649411371373e-08,2.7458649411371376e-06,8.941852762683161e-08,1.7223136684267368e-09,0.0019346070168222435,0.0004700403113017007,2.0372103505292916e-06,0.00027458649411371376,107684.98633341464
20312387643.679817,2.492269506165775e-08,2.4922695061657753e-06,9.851711441767638e-08,1.736298222156761e-09,0.002112560860692438,0.0005182859748542929,2.0372103505292916e-06,0.00024922695061657755,97739.69713146346
22379230241.18472,2.262094977181027e-08,2.2620949771810272e-06,1.0854150801598746e-07,1.750364841020876e-09,0.0023035077967618247,0.0005704009730053817,2.0372103505292916e-06,0.0002262094977181027,88712.90901938753
24656379888.643436,2.0531783072128417e-08,2.053178307212842e-06,1.1958591186944903e-07,1.764513525019082e-09,0.0025082627774858325,0.0006265394296810264,2.0372103505292916e-06,0.00020531783072128421,80519.79346832557
27165235920.148323,1.8635562183435396e-08,1.8635562183435397e-06,1.3175411489161565e-07,1.7787442741513784e-09,0.002726895738358143,0.0006893552380878018,2.0372103505292916e-06,0.00018635562183435397,73083.35632151234
29929375112.24878,1.691446751958531e-08,1.6914467519585312e-06,1.4516046681003596e-07,1.7930570884177657e-09,0.0029594545784529494,0.0007632495528574005,2.0372103505292916e-06,0.00016914467519585312,66333.7142477672
32974773244.848213,1.5352325229308705e-08,1.5352325229308707e-06,1.5993095275879286e-07,1.8074519678182432e-09,0.0032061897703067103,0.0008407771000211741,2.0372103505292916e-06,0.00015352325229308708,60207.43801840463
36330049206.54543,1.3934455203721823e-08,1.3934455203721825e-06,1.7620437721385713e-07,1.8219289123528117e-09,0.0034660754988818493,0.0009196815533472562,2.0372103505292916e-06,0.00013934455203721825,54646.9564360639
40026733938.381966,1.2647533121161797e-08,1.2647533121161799e-06,1.9413366839719733e-07,1.8364879220214704e-09,0.003740747367305656,0.0010060595632109535,2.0372103505292916e-06,0.000126475331211618,49600.01531392498
44099566743.37146,1.147946523292565e-08,1.1479465232925651e-06,2.1388731540767388e-07,1.8511289968242207e-09,0.004028613001497609,0.0011007018952550482,2.0372103505292916e-06,0.00011479465232925652,45019.1864211128
48586821746.35832,1.0419274713221195e-08,1.0419274713221196e-06,2.3565095158404907e-07,1.8658521367610615e-09,0.004329520022783753,0.0012002838086219933,2.0372103505292916e-06,0.00010419274713221197,40861.42177964029
53530667572.08507,9.456998505313025e-09,9.456998505313026e-07,2.59629098979637e-07,1.880657341831993e-09,0.004643131586502065,0.0013081163848813184,2.0372103505292916e-06,9.456998505313026e-05,37087.649124432835
58977563621.51554,8.583593694483105e-09,8.583593694483105e-07,2.86047090342159e-07,1.8955446120370157e-09,0.004968552148703403,0.0014317692558961947,2.0372103505292916e-06,8.583593694483107e-05,33662.404724800836
64978696670.38832,7.790852527953475e-09,7.790852527953476e-07,3.1515318666045444e-07,1.910513947376128e-09,0.005305268941135798,0.0015700010316118916,2.0372103505292916e-06,7.790852527953475e-05,30553.50011682962
71590461892.90251,7.0713252831772205e-09,7.071325283177222e-07,3.4722091017753284e-07,1.925565347849332e-09,0.005652488980575151,0.0017096719019210704,2.0372103505292916e-06,7.071325283177221e-05,27731.719614830025
78874992830.9157,6.41825025965888e-09,6.418250259658881e-07,3.8255161479426176e-07,1.940698813456626e-09,0.0060094390638205705,0.0018635714354447918,2.0372103505292916e-06,6.418250259658881e-05,25170.54575923817
86900745289.00018,5.82549023640763e-09,5.82549023640763e-07,4.214773180188689e-07,1.955914344198011e-09,0.006375375051317457,0.0020392888870333706,2.0372103505292916e-06,5.825490236407631e-05,22845.910120881865
95743140642.46387,5.2874747978874035e-09,5.287474797887404e-07,4.643638210752717e-07,1.971211940073487e-09,0.006748633867635303,0.002228622668360172,2.0372103505292916e-06,5.287474797887405e-05,20735.967119817007
105485274603.77194,4.799147986476539e-09,4.799147986476539e-07,5.116141464912082e-07,1.986591601083053e-09,0.007128772743515219,0.0024328976939152363,2.0372103505292916e-06,4.799147986476539e-05,18820.88873321428
116218698107.94592,4.355920789505085e-09,4.355920789505085e-07,5.636723254706302e-07,2.0020533272267098e-09,0.007516527956827206,0.0026550641204573285,2.0372103505292916e-06,4.355920789505086e-05,17082.67816307958
128044277655.25256,3.953628014370311e-09,3.953628014370311e-07,6.210275706419106e-07,2.017597118504457e-09,0.007909317255201723,0.002905666512292953,2.0372103505292916e-06,3.953628014370312e-05,15505.00071276481
141073143196.17606,3.5884891464680935e-09,3.588489146468094e-07,6.842188733948916e-07,2.0332229749162958e-09,0.0083066983639642,0.0031872058103772213,2.0372103505292916e-06,3.588489146468094e-05,14073.030282945881
155427732466.3592,3.2570728221052023e-09,3.2570728221052026e-07,7.538400690099426e-07,2.048930896462225e-09,0.008711252769280595,0.003475072867188479,2.0372103505292916e-06,3.257072822105203e-05,12773.310044524073
171242941585.5598,2.956264582529841e-09,2.956264582529841e-07,8.305454171781359e-07,2.0647208831422454e-09,0.009121647795171252,0.0037826252993214166,2.0372103505292916e-06,2.9562645825298414e-05,11593.625979136768
188667392733.29102,2.683237606051304e-09,2.683237606051304e-07,9.150557503550616e-07,2.080592934956356e-09,0.009538836255732375,0.0041279424387375635,2.0372103505292916e-06,2.6832376060513042e-05,10522.892098883754
207864830814.022,2.4354261432062673e-09,2.435426143206268e-07,1.0081652477269328e-06,2.0965470519045574e-09,0.009964949523057421,0.004494353450961832,2.0372103505292916e-06,2.435426143206268e-05,9551.046266630985
229015662236.9959,2.2105014053306846e-09,2.210501405330685e-07,1.110748898446815e-06,2.112583233986849e-09,0.01039851261765419,0.004873065528069831,2.0372103505292916e-06,2.210501405330685e-05,8668.955637870911
252318650271.2211,2.0063496799521265e-09,2.0063496799521266e-07,1.2237707242761297e-06,2.128701481203232e-09,0.01084343892771286,0.005256436893505976,2.0372103505292916e-06,2.0063496799521268e-05,7868.330835537083
277992782907.60596,1.8210524673436264e-09,1.8210524673436266e-07,1.3482928389030791e-06,2.144901793553706e-09,0.011301018874245262,0.005657605986123002,2.0372103505292916e-06,1.821052467343627e-05,7141.64805123733
306279330781.3193,1.6528684515739241e-09,1.6528684515739244e-07,1.4854854290722004e-06,2.1611841710382696e-09,0.011771985277555326,0.006084236424452207,2.0372103505292916e-06,1.6528684515739245e-05,6482.078340858241
337444114493.54297,1.5002171366284235e-09,1.5002171366284236e-07,1.6366377513219477e-06,2.1775486136569245e-09,0.0122591454809572,0.006497097868749334,2.0372103505292916e-06,1.500217136628424e-05,5883.423450101797
371780002639.58997,1.3616639938226434e-09,1.3616639938226435e-07,1.8031702476712466e-06,2.19399512140967e-09,0.012766360381020829,0.006899857397169162,2.0372103505292916e-06,1.3616639938226435e-05,5340.057566879832
409609664018.4221,1.2359069809320927e-09,1.2359069809320928e-07,1.986647894111298e-06,2.210523694296506e-09,0.01329498359312193,0.007317159832895573,2.0372103505292916e-06,1.235906980932093e-05,4846.874453188821
451288599887.2127,1.1217643063532686e-09,1.1217643063532687e-07,2.1887949073438983e-06,2.2271343323174325e-09,0.013849188828402543,0.007705476491500277,2.0372103505292916e-06,1.1217643063532687e-05,4399.2394596414015
497208484756.3582,1.0181633233103092e-09,1.0181633233103093e-07,2.4115109479718315e-06,2.2438270354724506e-09,0.014435478855428821,0.008068266778660299,2.0372103505292916e-06,1.0181633233103096e-05,3992.945971714451
547800847119.77844,9.241304497415756e-10,9.241304497415757e-08,2.6568889724094686e-06,2.2606018037615596e-09,0.015054274508996076,0.00839217996006562,2.0372103505292916e-06,9.241304497415755e-06,3624.1758784211
603541124709.8776,8.387820191390709e-10,8.387820191390709e-08,2.927234901275466e-06,2.2774586371847585e-09,0.015711738580568145,0.00868117894344038,2.0372103505292916e-06,8.38782019139071e-06,3289.4636919141067
664953132386.1162,7.613159763621664e-10,7.613159763621664e-08,3.2250892890998197e-06,2.294397535742048e-09,0.016420390785549487,0.008932633935662277,2.0372103505292916e-06,7.6131597636216655e-06,2985.6639808372734
732613984643.8054,6.910043403877267e-10,6.910043403877267e-08,3.553251198984516e-06,2.3114184994334286e-09,0.017179031544799078,0.009140548660975205,2.0372103505292916e-06,6.9100434038772685e-06,2709.9218113825737
807159519002.0353,6.271863631658917e-10,6.271863631658918e-08,3.914804506578153e-06,2.3285215282589003e-09,0.017994030236723378,0.009310990864327495,2.0372103505292916e-06,6.271863631658918e-06,2459.6459182749727
889290271236.5731,5.69262320292431e-10,5.692623202924311e-08,4.313146880553936e-06,2.3457066222184624e-09,0.018883098134767955,0.009434054824768293,2.0372103505292916e-06,5.692623202924312e-06,2232.4843535615387
979778058609.5328,5.16687875145984e-10,5.166878751459841e-08,4.752021711932905e-06,2.362973781312115e-09,0.01984964370797765,0.009502773208540462,2.0372103505292916e-06,5.166878751459842e-06,2026.3023843661624
1079473232961.1716,4.689689635276267e-10,4.689689635276267e-08,5.235553292305566e-06,2.3803230055398573e-09,0.020898783783243807,0.009502455127745602,2.0372103505292916e-06,4.689689635276267e-06,1839.1624319058571
1189312671824.2192,4.25657150731544e-10,4.25657150731544e-08,5.768285571536717e-06,2.3977542949016918e-09,0.022047411762053507,0.00944628822107486,2.0372103505292916e-06,4.25657150731544e-06,1669.3058632470186
1310328582656.517,3.8634541741528965e-10,3.863454174152897e-08,6.355224859175528e-06,2.415267649397616e-09,0.02330527449956005,0.00934373667156691,2.0372103505292916e-06,3.863454174152897e-06,1515.1364646912916
1443658202929.167,3.50664334667626e-10,3.50664334667626e-08,7.0018868708545434e-06,2.432863069027632e-09,0.024680171097549677,0.009181680756939354,2.0372103505292916e-06,3.5066433466762604e-06,1375.2054414832678
1590554487225.8972,3.182785923294929e-10,3.182785923294929e-08,7.714348561791964e-06,2.450540553791738e-09,0.02618474998415775,0.00897686178228254,2.0372103505292916e-06,3.18278592329493e-06,1248.1978028761375
1752397881784.8777,2.8888384794325054e-10,2.8888384794325055e-08,8.499305234498697e-06,2.4683001036899347e-09,0.02784173311239156,0.0087314778540022,2.0372103505292916e-06,2.8888384794325053e-06,1132.9200046099247
1930709297133.2993,2.622038667184526e-10,2.6220386671845265e-08,9.36413345735531e-06,2.4861417187222227e-09,0.02964808499931861,0.008466931835180887,2.0372103505292916e-06,2.6220386671845264e-06,1028.288732673501
2127164400724.0125,2.3798792563720544e-10,2.3798792563720544e-08,1.0316960385331197e-05,2.5040653988886007e-09,0.031619077327926626,0.008164200734408308,2.0372103505292916e-06,2.3798792563720546e-06,933.3207229466657
2343609363888.1675,2.1600845730439473e-10,2.1600845730439474e-08,1.136674013428196e-05,2.5220711441890704e-09,0.033786134031096315,0.007778672277682252,2.0372103505292916e-06,2.1600845730439476e-06,847.1235210531792
2582078211084.6016,1.9605891140104972e-10,1.9605891140104976e-08,1.2523337926546544e-05,2.54015895462363e-09,0.036148696131696426,0.007418143459011388,2.0372103505292916e-06,1.9605891140104977e-06,768.8870955911943
2844811934484.1484,1.7795181364402343e-10,1.7795181364402345e-08,1.3797622798595497e-05,2.5583288301922804e-09,0.03871621104998007,0.007034825139646943,2.0372103505292916e-06,1.7795181364402346e-06,697.8762259270917
3134279553516.6943,1.6151700401121239e-10,1.6151700401121242e-08,1.5201569741943384e-05,2.576580770895022e-09,0.04150027607741165,0.00664901882466611,2.0372103505292916e-06,1.6151700401121243e-06,633.4235930176008
3453201317286.412,1.466000376761784e-10,1.4660003767617843e-08,1.6748372237186454e-05,2.5949147767318523e-09,0.044536889907258306,0.00625953418042358,2.0372103505292916e-06,1.4660003767617843e-06,574.9235083317562
3804574267898.0737,1.3306073362507935e-10,1.3306073362507938e-08,1.8452566238695498e-05,2.613330847702775e-09,0.04782342315819957,0.005869133512385666,2.0372103505292916e-06,1.330607336250794e-06,521.8262219407237
4191700404923.5938,1.207718573166597e-10,1.2077185731665972e-08,2.0330166775099356e-05,2.6318289838077882e-09,0.05136216892421251,0.0054804560014405194,2.0372103505292916e-06,1.2077185731665972e-06,473.63275628624865
4618217715682.493,1.0961792500568661e-10,1.0961792500568663e-08,2.2398818449252905e-05,2.6504091850468926e-09,0.05520681904548302,0.005101169903889611,2.0372103505292916e-06,1.0961792500568663e-06,429.89021707841874
5088134362940.568,9.949411849357054e-11,9.949411849357054e-09,2.467796125199964e-05,2.669071451420087e-09,0.05932422782136061,0.004728388218908853,2.0372103505292916e-06,9.949411849357055e-07,390.18753725732455
5605866351303.152,9.03053001076159e-11,9.03053001076159e-09,2.7189013247951388e-05,2.6878157829273725e-09,0.06378130432250463,0.004363130058203454,2.0372103505292916e-06,9.030530010761591e-07,354.1516140228054
6176279026269.886,8.196511865225042e-11,8.196511865225043e-09,2.995557185006017e-05,2.7066421795687484e-09,0.06856472498795545,0.004011980718320901,2.0372103505292916e-06,8.196511865225043e-07,321.4438026303303
6804732795935.053,7.439519793048001e-11,7.439519793048002e-09,3.300363557444402e-05,2.7255506413442156e-09,0.07367818520502925,0.0036715819838222643,2.0372103505292916e-06,7.439519793048002e-07,291.75673400373955
7497133504999.561,6.752440020976345e-11,6.752440020976346e-09,3.63618483593902e-05,2.744541168253773e-09,0.0791988479771666,0.0033458061004447664,2.0372103505292916e-06,6.752440020976345e-07,264.8114262586101
8259987934480.462,6.128815771078466e-11,6.128815771078466e-09,4.006176874450482e-05,2.763613760297421e-09,0.0850717128842775,0.003035826064974255,2.0372103505292916e-06,6.128815771078466e-07,240.35466299201317
9100464948671.975,5.5627865836842995e-11,5.5627865836843005e-09,4.413816643959783e-05,2.78276841747516e-09,0.0913974967792433,0.0027435319560764116,2.0372103505292916e-06,5.562786583684301e-07,218.1566137013542
10026462863981.904,5.049033244178089e-11,5.0490332441780895e-09,4.8629349070286915e-05,2.802005139786989e-09,0.09814699117365837,0.002468813384967172,2.0372103505292916e-06,5.04903324417809e-07,198.00867397036313
11046683672736.834,4.582727796098784e-11,4.582727796098784e-09,5.3577522170886295e-05,2.8213239272329095e-09,0.10532543276430831,0.0022132670003374715,2.0372103505292916e-06,4.5827277960987845e-07,179.72150512555396
12170714819468.053,4.1594881708003346e-11,4.159488170800335e-09,5.9029185807583715e-05,2.840724779812921e-09,0.11303933210259781,0.001975096518949048,2.0372103505292916e-06,4.159488170800335e-07,163.12325494098786
13409119298164.941,3.775337007307382e-11,3.775337007307383e-09,6.503557155914285e-05,2.860207697527023e-09,0.12120460044197935,0.0017552086845044254,2.0372103505292916e-06,3.775337007307383e-07,148.05794267054074
14773534917177.396,3.426664275379383e-11,3.426664275379383e-09,7.165312396162167e-05,2.879772680375215e-09,0.12995929098553038,0.0015533349035957605,2.0372103505292916e-06,3.426664275379384e-07,134.38399323115144
16276783664601.186,3.110193350536375e-11,3.110193350536375e-09,7.89440309414448e-05,2.8994197283574986e-09,0.13925409375162626,0.0013691553271175936,2.0372103505292916e-06,3.1101933505363747e-07,121.97290676215366
17932992201899.223,2.8229502222390017e-11,2.822950222239002e-09,8.697680822153438e-05,2.9191488414738717e-09,0.14909295865603583,0.0012028140981273474,2.0372103505292916e-06,2.8229502222390016e-07,110.70805105797608
19757724618087.676,2.562235545859203e-11,2.562235545859203e-09,9.582694319240843e-05,2.9389600197243367e-09,0.15960965613266598,0.0010530634278356605,2.0372103505292916e-06,2.5622355458592035e-07,100.48356552619587
21768128692034.184,2.3255992758021036e-11,2.325599275802104e-09,0.00010557760429897591,2.958853263108892e-09,0.1706938366670809,0.0009188405579341837,2.0372103505292916e-06,2.3255992758021038e-07,91.2033663709759
23983097037356.39,2.1108176413959034e-11,2.1108176413959035e-09,0.00011632042260943367,2.9788285716275384e-09,0.18251129073321729,0.0007994969455854904,2.0372103505292916e-06,2.110817641395904e-07,82.78024365317687
26423444644267.324,1.9158722491824988e-11,1.915872249182499e-09,0.00012815635291099783,2.998885945280275e-09,0.1949970578775389,0.0006937843899135689,2.0372103505292916e-06,1.915872249182499e-07,75.13504174183706
29112104486803.24,1.7389311152242515e-11,1.7389311152242516e-09,0.00014119662242454952,3.019025384067102e-09,0.20814989882007454,0.0006007169747852853,2.0372103505292916e-06,1.7389311152242519e-07,68.19591545537739
32074343033636.855,1.5783314491795386e-11,1.5783314491795387e-09,0.0001555637760536632,3.03924688798802e-09,0.22211564459799907,0.0005076129137452176,2.0372103505292916e-06,1.5783314491795388e-07,61.89765490217847
35337997687723.34,1.4325640283617083e-11,1.4325640283617084e-09,0.00017139282799066993,3.059550457043028e-09,0.23677032463405578,0.00043604814700627783,2.0372103505292916e-06,1.4325640283617086e-07,56.181072675769116
38933738386096.734,1.3002590149380451e-11,1.3002590149380453e-09,0.0001888325305018697,3.0799360912321283e-09,0.2522776589613166,0.00037397695973034607,2.0372103505292916e-06,1.3002590149380453e-07,50.99244764584713
42895355818183.07,1.1801730829868188e-11,1.180173082986819e-09,0.00020804677181521667,3.100403790555319e-09,0.26856172162978104,0.0003202745386457888,2.0372103505292916e-06,1.1801730829868189e-07,46.28302011819608
47260078971137.26,1.071177734440072e-11,1.071177734440072e-09,0.00022921611624700548,3.1209535550126e-09,0.28560670736748256,0.00027392953742320545,2.0372103505292916e-06,1.071177734440072e-07,42.008533619307485
52068924986311.836,9.722486941120831e-12,9.722486941120831e-10,0.0002525395010407842,3.1415853846039713e-09,0.30353852053019603,0.0002339837026087057,2.0372103505292916e-06,9.722486941120832e-08,38.128818999663615
57367084614605.56,8.824562841541528e-12,8.824562841541529e-10,0.0002782361058643995,3.1622992793294334e-09,0.32223868864807326,0.00019967297057028996,2.0372103505292916e-06,8.82456284154153e-08,34.60741694732532
63204346892978.15,8.009566874803969e-12,8.009566874803969e-10,0.00030654741253362565,3.183095239188987e-09,0.34183154810186483,0.00016867705931783222,2.0372103505292916e-06,8.00956687480397e-08,31.411235364425725
69635567032996.01,7.269840180632711e-12,7.269840180632712e-10,0.00033773947431847164,3.2039732641826298e-09,0.36224682564585486,0.0001436165266518726,2.0372103505292916e-06,7.269840180632712e-08,28.510238386791944
76721181918353.25,6.5984312358007906e-12,6.598431235800792e-10,0.00037210541615778707,3.224933354310365e-09,0.38346109749411267,0.00012217877681477228,2.0372103505292916e-06,6.598431235800792e-08,25.87716412428229
84527778055716.42,5.989030527738817e-12,5.989030527738817e-10,0.00040996818927774075,3.24597550957219e-09,0.40556662983347674,0.00010384773708873653,2.0372103505292916e-06,5.989030527738817e-08,23.48726846932519
93128717316165.83,5.435911261388553e-12,5.435911261388553e-10,0.0004516836061004808,3.267099729968106e-09,0.42849378509749775,8.818075914887497e-05,2.0372103505292916e-06,5.435911261388553e-08,21.31809256612108
102604826347588.62,4.93387554209836e-12,4.933875542098361e-10,0.0004976436839632884,3.2883060154981128e-09,0.45232450094639853,7.480680738808089e-05,2.0372103505292916e-06,4.933875542098361e-08,19.349251755317695
113045156136724.62,4.478205528818377e-12,4.478205528818378e-10,0.0005482803290705721,3.309594366162209e-09,0.47703658918917696,6.341070500886297e-05,2.0372103505292916e-06,4.478205528818378e-08,17.562244010782337
124547818858783.98,4.064619098561704e-12,4.0646190985617044e-10,0.0006040693952983258,3.3309647819603974e-09,0.5026323390511548,5.2411533553710264e-05,2.0372103505292916e-06,4.0646190985617047e-08,15.940276068271965
137220909878871.6,3.689229605491521e-12,3.689229605491521e-10,0.00066553515599338,3.3524172628926767e-09,0.5291958969039958,4.437373898531573e-05,2.0372103505292916e-06,3.689229605491521e-08,14.468105612057556
151183523569649.6,3.3485093564735884e-12,3.3485093564735885e-10,0.0007332552307908001,3.3739518089590456e-09,0.5567407201615935,3.755038594556393e-05,2.0372103505292916e-06,3.348509356473589e-08,13.131898036465033
166566872491304.22,3.0392564598584606e-12,3.039256459858461e-10,0.0008078660137488166,3.395568420159506e-09,0.5853399494015438,3.1754037925556265e-05,2.0372103505292916e-06,3.039256459858461e-08,11.919096436260409
183515520451226.03,2.758564735957377e-12,2.7585647359573774e-10,0.0008900686538117668,3.4172670964940562e-09,0.6150409353774782,2.683711694384355e-05,2.0372103505292916e-06,2.7585647359573777e-08,10.818303604123761
202188741030978.78,2.5037964064480347e-12,2.503796406448035e-10,0.000980635643801957,3.4390478379626987e-09,0.6458887148596005,2.2669283429286303e-05,2.0372103505292916e-06,2.503796406448035e-08,9.819174926293053
222762014347212.34,2.272557306060974e-12,2.2725573060609742e-10,0.0010804180798599922,3.4609106445654312e-09,0.6779815341691946,1.9137686153373963e-05,2.0372103505292916e-06,2.2725573060609744e-08,8.912321169872698
245428676112210.38,2.062674383600405e-12,2.062674383600405e-10,0.0011903536595535933,3.482855516302254e-09,0.7113901674185441,1.5097352432705552e-05,2.0372103505292916e-06,2.0626743836004053e-08,8.089220248258407
270401734490986.25,1.872175280867114e-12,1.872175280867114e-10,0.0013114754938164744,3.5048824531731678e-09,0.7461941841433685,1.272910910276606e-05,2.0372103505292916e-06,1.872175280867114e-08,7.342137135500979
297915871828703.56,1.6992697975779412e-12,1.6992697975779414e-10,0.0014449218155268106,3.52699145517817e-09,0.7824809013042037,1.0726723346717624e-05,2.0372103505292916e-06,1.6992697975779416e-08,6.664051177010384
328229650059494.6,1.5423330680999002e-12,1.5423330680999004e-10,0.0015919466759608885,3.549182522317266e-09,0.8203210995374532,9.034694312127643e-06,2.0372103505292916e-06,1.5423330680999006e-08,6.048590113508294
361627940521826.06,1.3998902919036557e-12,1.399890291903656e-10,0.0017539317296409796,3.5714556545904523e-09,0.85982037778873,7.6060336323108e-06,2.0372103505292916e-06,1.3998902919036558e-08,5.489970198224553
398424601014421.56,1.2706028742419268e-12,1.2706028742419268e-10,0.0019323992183246828,3.593810851997729e-09,0.9010736868519182,6.400544777542631e-06,2.0372103505292916e-06,1.2706028742419268e-08,4.982941844593288
438965425250154.3,1.1532558468109987e-12,1.1532558468109988e-10,0.0021290262761516987,3.6162481145390964e-09,0.9441693840991522,5.383898686534279e-06,2.0372103505292916e-06,1.1532558468109988e-08,4.522740293677487
483631392425173.5,1.0467464501819768e-12,1.0467464501819769e-10,0.002345660690379546,3.638767442214554e-09,0.9892152260530445,4.526257176539617e-06,2.0372103505292916e-06,1.0467464501819769e-08,4.10504083772294
532842247440830.6,9.50073770706089e-13,9.500737707060892e-11,0.0025843382658184756,3.6613688350241024e-09,1.0363028300325,3.2650461597600735e-06,2.0372103505292916e-06,9.500737707060892e-09,3.7259181790584397
587060445423263.4,8.623293345076663e-13,8.623293345076665e-11,0.0028473019561465075,3.6840522929677416e-09,1.0855464120019351,2.7441901932991583e-06,2.0372103505292916e-06,8.623293345076665e-09,3.381809542420713
646795497608944.1,7.826885701725955e-13,7.826885701725956e-11,0.0031370229418895934,3.7068178160454725e-09,1.1370606698769612,2.305499018497616e-06,2.0372103505292916e-06,7.826885701725957e-09,3.0694811940550717
712608759436314.5,7.104030599035309e-13,7.104030599035309e-11,0.003456223853145584,3.729665404257293e-09,1.1909515818718932,1.9363718064011826e-06,2.0372103505292916e-06,7.10403059903531e-09,2.7859980529576607
785118705839211.5,6.447935063227144e-13,6.447935063227144e-11,0.00380790435528569,3.752595057603205e-09,1.2473457443158946,1.6257199839283957e-06,2.0372103505292916e-06,6.447935063227144e-09,2.5286961086833815
865006743316248.4,5.85243348828478e-13,5.852433488284782e-11,0.004195369338073063,3.775606776083206e-09,1.3063602390850044,1.3643878071772945e-06,2.0372103505292916e-06,5.852433488284782e-09,2.295157386517976
953023613394602.6,5.311929695156533e-13,5.311929695156533e-11,0.004622259973103506,3.798700559697298e-09,1.3681271396040524,1.1447341607844604e-06,2.0372103505292916e-06,5.311929695156534e-09,2.083187224751497
1049996447664279.2,4.821344342104664e-13,4.8213443421046646e-11,0.00509258793142822,3.821876408445483e-09,1.4327850223623821,9.600278060955402e-07,2.0372103505292916e-06,4.821344342104665e-09,1.890793650518068
1156836540681930.5,4.3760671919923926e-13,4.3760671919923934e-11,0.005610773082915822,3.845134322327757e-09,1.5004671253646926,6.92135139916326e-07,2.0372103505292916e-06,4.376067191992393e-09,1.716168660388129
1274547913789541.2,3.97191378794418e-13,3.9719137879441805e-11,0.006181685031630653,3.868474301344122e-09,1.5713246302652994,5.815233076773986e-07,2.0372103505292916e-06,3.971913787944181e-09,1.557671229798876
1404236750325747.8,3.6050861302425116e-13,3.6050861302425116e-11,0.006810688877552637,3.8918963454945774e-09,1.6455067758438546,4.883889461984333e-07,2.0372103505292916e-06,3.605086130242512e-09,1.4138118916554494
1547121790896452.0,3.2721369849253143e-13,3.2721369849253145e-11,0.007503695634680883,3.915400454779124e-09,1.7231742842386855,4.10046074014942e-07,2.0372103505292916e-06,3.2721369849253146e-09,1.2832387391814732
1704545786393496.2,2.969937488676828e-13,2.9699374886768286e-11,0.008267217779321306,3.9389866291977605e-09,1.8044960757482023,3.4416765870677056e-07,2.0372103505292916e-06,2.969937488676829e-09,1.1647247214818033
1877988116390173.2,2.69564774558158e-13,2.6956477455815807e-11,0.009108430450568628,3.962654868750489e-09,1.889641915043221,2.887668568236908e-07,2.0372103505292916e-06,2.695647745581581e-09,1.0571561124286009
2069078691494026.5,2.4466901394266205e-13,2.4466901394266206e-11,0.010035238878109814,3.9864051734373076e-09,1.9787965659193292,2.422169325913421e-07,2.0372103505292916e-06,2.446690139426621e-09,0.9595220445079325
2279613270303138.0,2.2207251107566081e-13,2.2207251107566082e-11,0.011056352670996106,4.010237543258218e-09,2.072149076558976,2.0310259412985243e-07,2.0372103505292916e-06,2.2207251107566084e-09,0.8709050092720954
2511570334905832.0,2.0156291710484696e-13,2.0156291710484698e-11,0.012181367665506723,4.034151978213217e-09,2.1698992055977784,1.4574606019522417e-07,2.0372103505292916e-06,2.01562917104847e-09,0.790472235126389
2767129683509943.5,1.8294749473956043e-13,1.8294749473956045e-11,0.013420856101262913,4.058148478302308e-09,2.272256443525339,1.2242976312942661e-07,2.0372103505292916e-06,1.8294749473956047e-09,0.7174678614237822
3048692914924437.5,1.6605130701731047e-13,1.6605130701731048e-11,0.014786465973015401,4.082227043525489e-09,2.379436659174938,1.0280230288505314e-07,2.0372103505292916e-06,1.660513070173105e-09,0.651205835324137
3358905997394718.0,1.507155733474749e-13,1.507155733474749e-11,0.016291030491755957,4.106387673882761e-09,2.4916692105178777,8.629122675964456e-08,2.0372103505292916e-06,1.507155733474749e-09,0.5910634646667794
3700684133880319.0,1.3679617738323538e-13,1.367961773832354e-11,0.01794868868380453,4.130630369374124e-09,2.609192307122258,7.240988567434817e-08,2.0372103505292916e-06,1.3679617738323542e-09,0.5364755662700805
4077239157444699.5,1.2416231269957903e-13,1.2416231269957905e-11,0.019775018261193513,4.154955129999578e-09,2.7322561396143996,6.074252704238613e-08,2.0372103505292916e-06,1.2416231269957906e-09,0.4869291546670999
4492109714202875.5,1.1269525355024617e-13,1.1269525355024619e-11,0.02178718201198662,4.179361955759122e-09,2.86112308618638,5.09394636095628e-08,2.0372103505292916e-06,1.126952535502462e-09,0.4419586213651601
4949194517469187.0,1.0228723915189472e-13,1.0228723915189474e-11,0.02400408908622609,4.203850846652758e-09,2.9960663608523466,4.2708063802095624e-08,2.0372103505292916e-06,1.0228723915189475e-09,0.40114135932676176
5452788985607715.0,9.284046101065038e-14,9.284046101065039e-12,0.026446572693176615,4.228421802680482e-09,3.137373256984761,3.579484048815434e-08,2.0372103505292916e-06,9.284046101065039e-10,0.3640937915533295
6007625607887603.0,8.42661437744987e-14,8.426614377449871e-12,0.02913758587976635,4.253074823842298e-09,3.285344265825576,2.559984366996721e-08,2.0372103505292916e-06,8.426614377449872e-10,0.330467766450617
6618918417677365.0,7.648371097392384e-14,7.648371097392385e-12,0.03210241723003349,4.277809910138205e-09,3.4402938014428854,2.1495114920858607e-08,2.0372103505292916e-06,7.648371097392386e-10,0.29994728610158855
7292411990911785.0,6.942002781089728e-14,6.942002781089729e-12,0.03536892851259805,4.302627061568203e-09,3.602551453471331,1.8041327588122296e-08,2.0372103505292916e-06,6.942002781089729e-10,0.2722455367009396
8034435430291263.0,6.300871388038087e-14,6.300871388038088e-12,0.038967816509435364,4.327526278132291e-09,3.7724618302202284,1.513672071583104e-08,2.0372103505292916e-06,6.300871388038089e-10,0.24710219324498006
8851961842524483.0,5.718951936571419e-14,5.718951936571419e-12,0.04293290148645985,4.3525075598304695e-09,3.9503858784143477,1.2696137026464521e-08,2.0372103505292916e-06,5.718951936571419e-10,0.22428097314797651
9752673867548824.0,5.190775884571356e-14,5.190775884571356e-12,0.04730144501680696,4.377570906662741e-09,4.136701914512154,1.0646646600410185e-08,2.0372103505292916e-06,5.190775884571356e-10,0.20356741579518497
1.0745035875532346e+16,4.711379739274589e-14,4.7113797392745895e-12,0.05211450014352354,4.4027163186291e-09,4.331805539093207,8.924970758262094e-09,2.0372103505292916e-06,4.711379739274591e-10,0.18476686716616347
1.1838373510124974e+16,4.276258413241032e-14,4.276258413241033e-12,0.05741729717230258,4.427943795729553e-09,4.536111480336419,7.479954197081571e-09,2.0372103505292916e-06,4.2762584132410324e-10,0.16770265058896489
1.3042961325458048e+16,3.8813228881504686e-14,3.881322888150469e-12,0.06325966871970815,4.4532533379640935e-09,4.750053816286998,6.26741784055462e-09,2.0372103505292916e-06,3.881322888150468e-10,0.15221440643506812
1.4370119340456582e+16,3.5228617885753214e-14,3.5228617885753215e-12,0.06969651801125998,4.478644945332727e-09,4.974086829479124,4.462627901164246e-09,2.0372103505292916e-06,3.522861788575322e-10,0.13815658515241436
1.583231941782289e+16,3.197506504623251e-14,3.197506504623251e-12,0.07678833483015834,4.504118617835449e-09,5.208686753919529,3.745735985781068e-09,2.0372103505292916e-06,3.1975065046232516e-10,0.12539707947498885
1.744330246738282e+16,2.9021995356913206e-14,2.902199535691321e-12,0.08460176396525143,4.5296743554722624e-09,5.454351711227533,3.1432080260424446e-09,2.0372103505292916e-06,2.9021995356913213e-10,0.11381598295520604
1.9218207575201024e+16,2.634165757845508e-14,2.6341657578455083e-12,0.09321023150017718,4.5553121582431695e-09,5.711603760175942,2.636453155329816e-09,2.0372103505292916e-06,2.6341657578455083e-10,0.10330446315253619
2.1173714271946944e+16,2.390886344812604e-14,2.3908863448126042e-12,0.10269463482918677,4.5810320261481636e-09,5.980989472750028,2.210684724805951e-09,2.0372103505292916e-06,2.390886344812604e-10,0.0937637388892371
2.3328199277468972e+16,2.17007509750895e-14,2.17007509750895e-12,0.11314410288402788,4.60683395918725e-09,6.263080919344411,1.8532355349442542e-09,2.0372103505292916e-06,2.1700750975089503e-10,0.08510415196202607
2.570190919456756e+16,1.9696569596651497e-14,1.9696569596651496e-12,0.12465683371603999,4.6327179573604254e-09,6.558477575618941,1.5531581473826333e-09,2.0372103505292916e-06,1.96965695966515e-10,0.07724432458619733
2.831715077484857e+16,1.7877485176483975e-14,1.7877485176483975e-12,0.13734101730459883,4.658684020667696e-09,6.867806793418091,1.3012449970825074e-09,2.0372103505292916e-06,1.7877485176483977e-10,0.07011039465430693
3.119850054465928e+16,1.6226403012316487e-14,1.622640301231649e-12,0.15131585226390065,4.684732149109054e-09,7.191725809140085,1.0900157780658788e-09,2.0372103505292916e-06,1.622640301231649e-10,0.06363532162285294
3.4373035761057044e+16,1.4727807189819448e-14,1.472780718981945e-12,0.1667126660025412,4.710862342684503e-09,7.530922783189949,9.128259110671711e-10,2.0372103505292916e-06,1.472780718981945e-10,0.05775825650405377
3.78705888681933e+16,1.3367614773025002e-14,1.3367614773025003e-12,0.1836761488624626,4.737074601394043e-09,7.886118182608804,6.478171200518287e-10,2.0372103505292916e-06,1.3367614773025004e-10,0.052423970042292635
4.1724027845355336e+16,1.2133043461046652e-14,1.2133043461046653e-12,0.20236571383503377,4.763368925237674e-09,8.25806667501276,5.435188555523788e-10,2.0372103505292916e-06,1.2133043461046652e-10,0.04758233370154243
4.5969565081205064e+16,1.1012491467416471e-14,1.1012491467416472e-12,0.2229569946320431,4.789745314215393e-09,8.647558333521447,4.5587553555787505e-10,2.0372103505292916e-06,1.1012491467416473e-10,0.04318784858640873
5.064709767684589e+16,9.99542849321161e-15,9.995428493211612e-13,0.24564349618965495,4.816203768327205e-09,9.055420624858579,3.822148689475408e-10,2.0372103505292916e-06,9.995428493211612e-11,0.03919921786984784
5.580058237568046e+16,9.072296769401658e-15,9.072296769401658e-13,0.27063841311577036,4.842744287573108e-09,9.48252001400789,3.203518124137295e-10,2.0372103505292916e-06,9.072296769401658e-11,0.03557895870949566
6.147844864343637e+16,8.234421238468656e-15,8.234421238468656e-13,0.2981766331695227,4.869366871953101e-09,9.929763769329144,2.684345712357332e-10,2.0372103505292916e-06,8.234421238468656e-11,0.03229305000561536
6.7734053780251224e+16,7.473928031238223e-15,7.473928031238223e-13,0.32851694460047104,4.8960715214671866e-09,10.398102039356818,2.2486003300933646e-10,2.0372103505292916e-06,7.473928031238224e-11,0.029310612690495647
7.462618434168539e+16,6.783670472816027e-15,6.783670472816028e-13,0.361944468090731,4.92285823611536e-09,10.888529713426582,1.8831035331136573e-10,2.0372103505292916e-06,6.783670472816027e-11,0.026603619544851416
8.221960858074315e+16,6.1571619222739094e-15,6.15716192227391e-13,0.3987733361541059,4.949727015897626e-09,11.40208865487876,1.576809547693034e-10,2.0372103505292916e-06,6.15716192227391e-11,0.02414663181424016
9.058568510241323e+16,5.5885148149542505e-15,5.588514814954251e-13,0.4393496451715669,4.9766778608139815e-09,11.93986985534093,1.3199347102952817e-10,2.0372103505292916e-06,5.588514814954251e-11,0.021916560150376962
9.980303345053294e+16,5.0723853345452955e-15,5.072385334545297e-13,0.48405470780470516,5.003710770864428e-09,12.50301574024328,9.324329877795649e-11,2.0372103505292916e-06,5.072385334545297e-11,0.0198924476308044
1.099582729287408e+17,4.60392319498951e-15,4.60392319498951e-13,0.5333086363513474,5.0308257460489656e-09,13.09272265131218,7.821092821720415e-11,2.0372103505292916e-06,4.603923194989511e-11,0.01805527281786929
1.2114683659855213e+17,4.1787260603028176e-15,4.1787260603028177e-13,0.5875742907177475,5.058022786367596e-09,13.710243328255647,6.558073044610935e-11,2.0372103505292916e-06,4.178726060302818e-11,0.016387771006262274
1.3347386810401629e+17,3.7927981739699346e-15,3.792798173969935e-13,0.6473616281079915,5.085301891820313e-09,14.35688961584559,5.4972784605455453e-11,2.0372103505292916e-06,3.792798173969935e-11,0.01487427197931343
1.4705520975081942e+17,3.4425128091376306e-15,3.442512809137631e-13,0.7132324953066084,5.112663062407122e-09,15.034035228891247,4.606261390879331e-11,2.0372103505292916e-06,3.442512809137631e-11,0.013500552749366866
1.620184911252074e+17,3.1245781867354675e-15,3.124578186735468e-13,0.7858059085893714,5.140106298128024e-09,15.743118663825388,3.858455326946106e-11,2.0372103505292916e-06,3.1245781867354684e-11,0.012253703898377205
1.7850432848294528e+17,2.8360065412418512e-15,2.8360065412418515e-13,0.8657638708798764,5.167631598983013e-09,16.485646278685586,3.2313264723622246e-11,2.0372103505292916e-06,2.8360065412418513e-11,0.011122008262672628
1.9666764617949248e+17,2.574086043393166e-15,2.5740860433931665e-13,0.9538577808182344,5.195238964972096e-09,17.263195468026826,2.705298144495026e-11,2.0372103505292916e-06,2.5740860433931665e-11,0.010094830821833297
2.1667913255939386e+17,2.3363553159825014e-15,2.3363553159825015e-13,1.0509154939704317,5.222928396095267e-09,18.07741803220942,2.264289073921792e-11,2.0372103505292916e-06,2.336355315982502e-11,0.00916251875692713
2.3872684398654016e+17,2.1205803032614115e-15,2.1205803032614115e-13,1.1578491025357411,5.250699892352531e-09,18.930043678144504,1.8949198244017633e-11,2.0372103505292916e-06,2.1205803032614117e-11,0.008316310738904934
2.6301797208899094e+17,1.924733276577515e-15,1.9247332765775152e-13,1.2756635066611068,5.278553453743885e-09,19.82288369118037,1.5854384251820888e-11,2.0372103505292916e-06,1.9247332765775153e-11,0.0075482545947028286
2.8978079082596243e+17,1.7469737789543682e-15,1.7469737789543684e-13,1.4054658579110413,5.306489080269331e-09,20.757834791669385,1.1158659268264125e-11,2.0372103505292916e-06,1.7469737789543684e-11,0.006851132577322906
3.1926680167432685e+17,1.5856313295424134e-15,1.5856313295424137e-13,1.5484759636369927,5.334506771928865e-09,21.73688315545172,9.355225877854497e-12,2.0372103505292916e-06,1.5856313295424136e-11,0.00621839353762597
3.5175309709391034e+17,1.4391897254069156e-15,1.4391897254069157e-13,1.7060377500207495,5.362606528722493e-09,22.76210863985982,7.840921266390397e-12,2.0372103505292916e-06,1.4391897254069156e-11,0.005644091360424063
3.875449644819941e+17,1.3062727931306603e-15,1.3062727931306604e-13,1.8796318915145631,5.3907883506502074e-09,23.835689198956693,6.569956195785569e-12,2.0372103505292916e-06,1.3062727931306604e-11,0.005122829086332736
4.26978755087559e+17,1.1856314563327728e-15,1.185631456332773e-13,2.0708897253625653,5.419052237712017e-09,24.959905509306854,5.5029919239526905e-12,2.0372103505292916e-06,1.1856314563327731e-11,0.0046497081942707495
4.704250448455792e+17,1.076131997572098e-15,1.0761319975720982e-13,2.2816085819636593,5.447398189907914e-09,26.137145818271367,4.6079528518745585e-12,2.0372103505292916e-06,1.0761319975720982e-11,0.004220282567995175
5.182921168351431e+17,9.767454043269583e-16,9.767454043269584e-14,2.513768675142184,5.475826207237902e-09,27.369911014172768,3.857419889242092e-12,2.0372103505292916e-06,9.767454043269585e-12,0.0038305167140746488
5.710297980874602e+17,8.865376989312213e-16,8.865376989312214e-14,2.769551711051016,5.5043362897019816e-09,28.660819941607738,3.228047583621797e-12,2.0372103505292916e-06,8.865376989312215e-12,0.003476747838658446
6.291336867998717e+17,8.046611615929133e-16,8.046611615929134e-14,3.0513613905828887,5.5329284373001515e-09,30.012614963641976,2.7007952217194857e-12,2.0372103505292916e-06,8.046611615929133e-12,0.0031556514266604216
6.931498096808233e+17,7.30346364014334e-16,7.303463640143341e-14,3.3618459979599575,5.561602650032414e-09,31.428167787213404,2.2591899093409865e-12,2.0372103505292916e-06,7.303463640143341e-12,0.002864209999890695
7.636797531927293e+17,6.628949387504026e-16,6.628949387504027e-14,3.7039232877755963,5.590358927898764e-09,32.91048556493846,1.889380882000608e-12,2.0372103505292916e-06,6.628949387504028e-12,0.0025996847605426966
8.41386316913314e+17,6.016730163556647e-16,6.016730163556647e-14,4.080807904363115,5.6191972708992084e-09,34.46271728213775,1.3230460957813858e-12,2.0372103505292916e-06,6.016730163556648e-12,0.002359589853556757
9.269997421422884e+17,5.461052686462479e-16,5.46105268646248e-14,4.496041591161939,5.648117679033739e-09,36.08816044733847,1.1087770826009024e-12,2.0372103505292916e-06,5.461052686462479e-12,0.0021416690059935435
1.0213245742863799e+18,4.95669502098622e-16,4.95669502098622e-14,4.953526473972303,5.677120152302365e-09,37.79026809697253,9.290290722137073e-13,2.0372103505292916e-06,4.956695020986221e-12,0.0019438743238870309
1.1252472235112403e+18,4.498917505772099e-16,4.498917505772099e-14,5.45756173087423,5.706204690705078e-09,39.57265613099797,7.782078343040626e-13,2.0372103505292916e-06,4.4989175057721e-12,0.0017643470473227207
1.239744294711085e+18,4.0834182127500173e-16,4.083418212750018e-14,6.01288399341453,5.735371294241885e-09,41.43911099431873,6.516832008488889e-13,2.0372103505292916e-06,4.083418212750018e-12,0.001601400082887911
1.3658917650760328e+18,3.7062925201063567e-16,3.706292520106357e-14,6.62471185872759,5.76461996291278e-09,43.39359772062205,5.455847958292444e-13,2.0372103505292916e-06,3.706292520106357e-12,0.0014535021493446315
1.5048750955029005e+18,3.3639964189083837e-16,3.363996418908384e-14,7.298794930890393,5.793950696717765e-09,45.440268355561884,4.566459254142737e-13,2.0372103505292916e-06,3.363996418908384e-12,0.0013192633875349555
1.658000370870395e+18,3.053313208560129e-16,3.053313208560129e-14,8.041467852372937,5.823363495656844e-09,47.583470777223226,3.8205620866779316e-13,2.0372103505292916e-06,3.0533132085601297e-12,0.0011974222992893035
1.8267065738686403e+18,2.771323268112468e-16,2.771323268112468e-14,8.85970983334071,5.852858359730012e-09,49.82775793260606,3.1957952223023355e-13,2.0372103505292916e-06,2.771323268112468e-12,0.0010868338925969796
2.0125791077255273e+18,2.515376619355512e-16,2.5153766193555122e-14,9.761210238231815,5.88243528893727e-09,52.177897509752675,2.672534844712836e-13,2.0372103505292916e-06,2.5153766193555124e-12,0.000986458921634052
2.2173646949083139e+18,2.283068023857706e-16,2.2830680238577062e-14,10.754440845951876,5.91209428327862e-09,54.638882066061306,2.2343489769449866e-13,2.0372103505292916e-06,2.2830680238577063e-12,0.0008953541205328146
2.442987791810272e+18,2.0722143799273335e-16,2.0722143799273337e-14,11.848735462748285,5.941835342754062e-09,57.215939634307475,1.5542680243100147e-13,2.0372103505292916e-06,2.0722143799273338e-12,0.000812663339115176
2.6915686736776356e+18,1.8808342070868088e-16,1.880834207086809e-14,13.054377635917119,5.9716584673635906e-09,59.914544828898755,1.302121430446274e-13,2.0372103505292916e-06,1.880834207086809e-12,0.000737609497288987
2.965443359729023e+18,1.707129025266145e-16,1.7071290252661452e-14,14.382697292627935,6.001563657107214e-09,62.74043047596198,1.0907109878117089e-13,2.0372103505292916e-06,1.7071290252661454e-12,0.0006694872824991545
3.267185565711527e+18,1.5494664537285572e-16,1.5494664537285572e-14,15.846177212019382,6.0315509119849246e-09,65.69959979196416,9.134780242987087e-14,2.0372103505292916e-06,1.5494664537285574e-12,0.0006076565216086165
3.5996308901914957e+18,1.4063648709012098e-16,1.4063648709012098e-14,17.458570331131856,6.06162023199673e-09,68.79833913674462,7.648141885407802e-14,2.0372103505292916e-06,1.40636487090121e-12,0.0005515361649217677
3.96590346186806e+18,1.2764794909535264e-16,1.2764794909535265e-14,19.235028987046896,6.091771617142622e-09,72.04323136804405,6.402524933806125e-14,2.0372103505292916e-06,1.2764794909535267e-12,0.0005005988258158452
4.369445298326226e+18,1.1585897262783877e-16,1.1585897262783877e-14,21.192247309780036,6.122005067422605e-09,75.44116982590762,5.358379792253203e-14,2.0372103505292916e-06,1.1585897262783877e-12,0.0004543658246667264
4.81404865212538e+18,1.0515877171164746e-16,1.0515877171164747e-14,23.348618104049635,6.152320582836683e-09,78.99937297666342,4.483399502529596e-14,2.0372103505292916e-06,1.0515877171164747e-12,0.00041240269049496077
5.303891648193305e+18,9.54467920531635e-17,9.544679205316351e-15,25.724405694207046,6.182718163384846e-09,82.72539974758865,3.750261302142167e-14,2.0372103505292916e-06,9.54467920531635e-13,0.0003743150780590361
5.843577547425727e+18,8.66317660900437e-17,8.663176609004371e-15,28.341936356626757,6.213197809067102e-09,86.62716558484247,3.136030970657508e-14,2.0372103505292916e-06,8.663176609004372e-13,0.0003397450620270698
6.438178005466914e+18,7.86308553115103e-17,7.86308553115103e-15,31.225808129124797,6.24375951988345e-09,90.71295926877077,2.6216788212235373e-14,2.0372103505292916e-06,7.863085531151032e-13,0.0003083677734017801
7.093280733193709e+18,7.136887178997715e-17,7.136887178997716e-15,34.40312196907969,6.27440329583389e-09,94.99146052231553,2.1911967393286532e-14,2.0372103505292916e-06,7.136887178997717e-13,0.0002798883465896978
7.815042006787088e+18,6.477757160843996e-17,6.477757160843997e-15,37.903736432538466,6.305129136918417e-09,99.47175844992327,1.830886530553766e-14,2.0372103505292916e-06,6.477757160843997e-13,0.00025403914842504494
8.610244520852159e+18,5.879501354364721e-17,5.879501354364722e-15,41.760548267642854,6.335937043137038e-09,104.16337084613617,1.2689334045122534e-14,2.0372103505292916e-06,5.879501354364722e-13,0.00023057726310816287
9.486361128254863e+18,5.3364976978348085e-17,5.336497697834809e-15,46.00980155922104,6.366827014489747e-09,109.07626441487193,1.0624255399944463e-14,2.0372103505292916e-06,5.336497697834809e-13,0.00020928220942347493
1.0451625065667633e+19,4.843643357247423e-17,4.843643357247423e-15,50.69142832971739,6.397799050976549e-09,114.22087594235802,8.894022081309708e-15,2.0372103505292916e-06,4.843643357247424e-13,0.00018995386878464595
1.15151073247605e+19,4.396306772834582e-17,4.396306772834583e-15,55.84942379721824,6.4288531525974385e-09,119.608134468686,7.444808367730546e-15,2.0372103505292916e-06,4.3963067728345834e-13,0.00017241060463597883
1.2686801896130204e+19,3.9902841343493575e-17,3.990284134349358e-15,61.53225981704557,6.4599893193524235e-09,125.24948450510139,6.2296123239334e-15,2.0372103505292916e-06,3.990284134349358e-13,0.0001564875555372013
1.3977719687037247e+19,3.6217598760912104e-17,3.621759876091211e-15,67.79334039218783,6.491207551241495e-09,131.15691034633514,5.2125179936609616e-15,2.0372103505292916e-06,3.6217598760912113e-13,0.00014203508589110653
1.5399991995538555e+19,3.2872708204281973e-17,3.2872708204281974e-15,74.69150353320653,6.5225078482646555e-09,137.34296152963998,4.360333197369688e-15,2.0372103505292916e-06,3.2872708204281974e-13,0.00012891737975482742
1.6966984513403318e+19,2.9836736328586006e-17,2.9836736328586007e-15,82.29157418379594,6.5538902104219125e-09,143.82077949460538,3.646990283234844e-15,2.0372103505292916e-06,2.9836736328586007e-13,0.00011701116452023682
1.869342292914603e+19,2.708115282773113e-17,2.708115282773113e-15,90.66497340807267,6.585354637713257e-09,150.60412550038828,3.0493305499421715e-15,2.0372103505292916e-06,2.708115282773113e-13,0.00010620455246934499
2.059553131152305e+19,2.4580062323246773e-17,2.4580062323246774e-15,99.89038956439363,6.6169011301386934e-09,157.70740985967439,2.549089593789562e-15,2.0372103505292916e-06,2.458006232324678e-13,9.639598931829306e-05
2.2691184573937283e+19,2.2309961014511122e-17,2.2309961014511125e-15,110.05451777298849,6.648529687698219e-09,165.14572255145862,2.1303891849818748e-15,2.0372103505292916e-06,2.2309961014511124e-13,8.749329986899226e-05
2.500007645252716e+19,2.0249515803638397e-17,2.02495158036384e-15,121.25287462651471,6.680240310391836e-09,172.93486527769372,1.779861461545898e-15,2.0372103505292916e-06,2.0249515803638398e-13,7.941282179996921e-05
2.7543904576496484e+19,1.837936381937645e-17,1.837936381937645e-15,133.59069579969253,6.712032998219544e-09,181.09138503189195,1.486714405066864e-15,2.0372103505292916e-06,1.8379363819376454e-13,7.207861945630785e-05
3.034657436987395e+19,1.6681930456051002e-17,1.6681930456051003e-15,147.1839249932603,6.743907751181345e-09,189.6326092510071,1.0248083205846365e-15,2.0372103505292916e-06,1.6681930456051e-13,6.54217702503201e-05
3.3434423700847067e+19,1.5141264217597124e-17,1.5141264217597127e-15,162.1603035057429,6.775864569277232e-09,198.5766826252555,8.576900851442775e-16,2.0372103505292916e-06,1.5141264217597126e-13,5.93797169669728e-05
3.6836470389801538e+19,1.374288681463285e-17,1.374288681463285e-15,178.66057067223178,6.807903452507215e-09,207.942605644092,7.176381951864218e-16,2.0372103505292916e-06,1.374288681463285e-13,5.3895679887392226e-05
4.058468490199627e+19,1.2473657105878285e-17,1.2473657105878286e-15,196.83978645116952,6.840024400871282e-09,217.75027496020684,6.003660391917047e-16,2.0372103505292916e-06,1.2473657105878286e-13,4.891812320594098e-05
4.471429078748935e+19,1.132164760531678e-17,1.132164760531678e-15,216.8687885880807,6.872227414369442e-09,228.02052565731273,5.022213078080762e-16,2.0372103505292916e-06,1.132164760531678e-13,4.440027072654862e-05
4.926409569166874e+19,1.02760323945869e-17,1.0276032394586901e-15,238.9357980497977,6.904512493001697e-09,238.77517551149452,4.199952248467539e-16,2.0372103505292916e-06,1.0276032394586901e-13,4.0299666287102736e-05
5.427685604703615e+19,9.32698538726914e-18,9.326985387269142e-16,263.2481878161373,6.936879636768039e-09,250.03707134015903,3.5121995960536294e-16,2.0372103505292916e-06,9.326985387269141e-14,3.657777478101657e-05
5.9799678873409585e+19,8.465587989013775e-18,8.465587989013775e-16,290.0344316511243,6.969328845668471e-09,261.83013753705325,2.9366340978381297e-16,2.0372103505292916e-06,8.465587989013775e-14,3.3199620026604154e-05
6.588446446242074e+19,7.683745285754982e-18,7.683745285754982e-16,319.54625116714067,7.001860119702995e-09,274.1794268964366,2.454882911985217e-16,2.0372103505292916e-06,7.683745285754982e-14,3.0133456081175848e-05
7.2588394106413335e+19,6.97410997239419e-18,6.974109972394191e-16,352.06098135892927,7.034473458871611e-09,287.1111738344043,2.0517135945437402e-16,2.0372103505292916e-06,6.974109972394192e-14,2.7350468911045085e-05
7.9974467455121e+19,6.3300133070808075e-18,6.330013307080808e-16,387.8841768373001,7.067168863174317e-09,300.652850120393,1.7143648739683718e-16,2.0372103505292916e-06,6.330013307080809e-14,2.4824505613922907e-05
8.811209454990772e+19,5.745402442236542e-18,5.745402442236543e-16,427.3524832544894,7.099946332611115e-09,314.8332232372941,1.432291772719027e-16,2.0372103505292916e-06,5.745402442236544e-14,2.253182864908102e-05
9.707774809914884e+19,5.214783543398403e-18,5.214783543398403e-16,470.83680090508636,7.132805867181999e-09,329.6824174941213,1.196164744401122e-16,2.0372103505292916e-06,5.2147835433984035e-14,2.045089276568781e-05
1.06955682124478e+20,4.73317016134254e-18,4.73317016134254e-16,518.745770232304,7.16574746688698e-09,345.2319780210916,8.186722269834933e-17,2.0372103505292916e-06,4.7331701613425404e-14,1.856214253301258e-05
1.1783872373129947e+20,4.296036372321582e-18,4.2960363723215826e-16,571.5296119942628,7.198771131726048e-09,361.5149377830307,6.85044064596746e-17,2.0372103505292916e-06,4.2960363723215825e-14,1.6847828569810097e-05
1.2982914544419106e+20,3.899274246053104e-18,3.899274246053105e-16,629.6843581780616,7.2318768616992045e-09,378.565887753506,5.730993034396588e-17,2.0372103505292916e-06,3.899274246053105e-14,1.529184074590992e-05
1.4303962630487985e+20,3.539155241769157e-18,3.5391552417691575e-16,693.756513421217,7.265064656806456e-09,396.4210503987259,4.7926788734767264e-17,2.0372103505292916e-06,3.539155241769158e-14,1.3879556788540184e-05
1.5759431076464014e+20,3.2122951695487427e-18,3.2122951695487427e-16,764.3481907458437,7.298334517047794e-09,415.1183566273276,4.00760507928407e-17,2.0372103505292916e-06,3.212295169548743e-14,1.2597704870673538e-05
1.7362997532198443e+20,2.915622387659918e-18,2.9156223876599183e-16,842.1227698682994,7.331686442423227e-09,434.6975263695378,3.350600414650551e-17,2.0372103505292916e-06,2.915622387659918e-14,1.1434238890079314e-05
1.9129731386900398e+20,2.646348937049258e-18,2.646348937049258e-16,927.8111312576663,7.36512043293275e-09,455.2001529568477,2.8007789384154375e-17,2.0372103505292916e-06,2.646348937049258e-14,1.0378225267029376e-05
2.107623538253362e+20,2.401944341716499e-18,2.401944341716499e-16,1022.2185245273242,7.398636488576363e-09,476.66979148150375,2.3407699821106887e-17,2.0372103505292916e-06,2.4019443417164992e-14,9.419740196844802e-06
2.322080163677269e+20,2.1801118287662007e-18,2.1801118287662007e-16,1126.2321357045887,7.432234609354067e-09,499.15205132347194,1.9562199695548303e-17,2.0372103505292916e-06,2.180111828766201e-14,8.549776391725269e-06
2.5583583541736417e+20,1.9787667446655803e-18,1.9787667446655806e-16,1240.8294244914412,7.46591479526586e-09,522.6946930414892,1.6347361274716498e-17,2.0372103505292916e-06,1.9787667446655806e-14,7.76015843547224e-06
2.8186785153898263e+20,1.796016964877612e-18,1.7960169648776121e-16,1367.087309864865,7.499677046311745e-09,547.3477298339758,1.3657890774180321e-17,2.0372103505292916e-06,1.7960169648776123e-14,7.043465955661046e-06
3.105486985495627e+20,1.6301451127698817e-18,1.630145112769882e-16,1506.192290338018,7.533521362491721e-09,573.163533785414,1.1409749182916355e-17,2.0372103505292916e-06,1.630145112769882e-14,6.392963891276117e-06
3.421479024453012e+20,1.4795924207033503e-18,1.4795924207033506e-16,1659.4515939862808,7.567447743805786e-09,600.1969471238311,9.529821496917256e-18,2.0372103505292916e-06,1.4795924207033505e-14,5.802539200507121e-06
