E_prime_GeV_total,rate_acc,rate_acc_2,rate_sync,rate_Op,rate_pg,rate_photodisintegration,t_ad_val,Shear,ESC
157.6352446283938,2.9294577018132233,292.94577018132236,6.361700006041065e-16,4.3154697812655845e-10,1.0445540677989282e-12,1.3275076693695298e-13,2.5644281045607416e-06,4.965335421204154e-12,7250265479803.087
157.6352446283938,2.9294577018132233,292.94577018132236,6.361700006041065e-16,4.3154697812655845e-10,1.0445540677989282e-12,1.3275076693695298e-13,2.5644281045607416e-06,4.965335421204154e-12,7250265479803.087
157.6352446283938,2.9294577018132233,292.94577018132236,6.361700006041065e-16,4.3154697812655845e-10,1.0445540677989282e-12,1.3275076693695298e-13,2.5644281045607416e-06,4.965335421204154e-12,7250265479803.087
157.6352446283938,2.9294577018132233,292.94577018132236,6.361700006041065e-16,4.3154697812655845e-10,1.0445540677989282e-12,1.3275076693695298e-13,2.5644281045607416e-06,4.965335421204154e-12,7250265479803.087
157.6352446283938,2.9294577018132233,292.94577018132236,6.361700006041065e-16,4.3154697812655845e-10,1.0445540677989282e-12,1.3275076693695298e-13,2.5644281045607416e-06,4.965335421204154e-12,7250265479803.087
157.6352446283938,2.9294577018132233,292.94577018132236,6.361700006041065e-16,4.3154697812655845e-10,1.0445540677989282e-12,1.3275076693695298e-13,2.5644281045607416e-06,4.965335421204154e-12,7250265479803.087
157.6352446283938,2.9294577018132233,292.94577018132236,6.361700006041065e-16,4.3154697812655845e-10,1.0445540677989282e-12,1.3275076693695298e-13,2.5644281045607416e-06,4.965335421204154e-12,7250265479803.087
157.6352446283938,2.9294577018132233,292.94577018132236,6.361700006041065e-16,4.3154697812655845e-10,1.0445540677989282e-12,1.3275076693695298e-13,2.5644281045607416e-06,4.965335421204154e-12,7250265479803.087
157.6352446283938,2.9294577018132233,292.94577018132236,6.361700006041065e-16,4.3154697812655845e-10,1.0445540677989282e-12,1.3275076693695298e-13,2.5644281045607416e-06,4.965335421204154e-12,7250265479803.087
157.6352446283938,2.9294577018132233,292.94577018132236,6.361700006041065e-16,4.3154697812655845e-10,1.0445540677989282e-12,1.3275076693695298e-13,2.5644281045607416e-06,4.965335421204154e-12,7250265479803.087
157.6352446283938,2.9294577018132233,292.94577018132236,6.361700006041065e-16,4.3154697812655845e-10,1.0445540677989282e-12,1.3275076693695298e-13,2.5644281045607416e-06,4.965335421204154e-12,7250265479803.087
157.6352446283938,2.9294577018132233,292.94577018132236,6.361700006041065e-16,4.3154697812655845e-10,1.0445540677989282e-12,1.3275076693695298e-13,2.5644281045607416e-06,4.965335421204154e-12,7250265479803.087
157.6352446283938,2.9294577018132233,292.94577018132236,6.361700006041065e-16,4.3154697812655845e-10,1.0445540677989282e-12,1.3275076693695298e-13,2.5644281045607416e-06,4.965335421204154e-12,7250265479803.087
157.6352446283938,2.9294577018132233,292.94577018132236,6.361700006041065e-16,4.3154697812655845e-10,1.0445540677989282e-12,1.3275076693695298e-13,2.5644281045607416e-06,4.965335421204154e-12,7250265479803.087
157.6352446283938,2.9294577018132233,292.94577018132236,6.361700006041065e-16,4.3154697812655845e-10,1.0445540677989282e-12,1.3275076693695298e-13,2.5644281045607416e-06,4.965335421204154e-12,7250265479803.087
157.6352446283938,2.9294577018132233,292.94577018132236,6.361700006041065e-16,4.3154697812655845e-10,1.0445540677989282e-12,1.3275076693695298e-13,2.5644281045607416e-06,4.965335421204154e-12,7250265479803.087
157.6352446283938,2.9294577018132233,292.94577018132236,6.361700006041065e-16,4.3154697812655845e-10,1.0445540677989282e-12,1.3275076693695298e-13,2.5644281045607416e-06,4.965335421204154e-12,7250265479803.087
157.6352446283938,2.9294577018132233,292.94577018132236,6.361700006041065e-16,4.3154697812655845e-10,1.0445540677989282e-12,1.3275076693695298e-13,2.5644281045607416e-06,4.965335421204154e-12,7250265479803.087
157.6352446283938,2.9294577018132233,292.94577018132236,6.361700006041065e-16,4.3154697812655845e-10,1.0445540677989282e-12,1.3275076693695298e-13,2.5644281045607416e-06,4.965335421204154e-12,7250265479803.087
157.6352446283938,2.9294577018132233,292.94577018132236,6.361700006041065e-16,4.3154697812655845e-10,1.0445540677989282e-12,1.3275076693695298e-13,2.5644281045607416e-06,4.965335421204154e-12,7250265479803.087
157.6352446283938,2.9294577018132233,292.94577018132236,6.361700006041065e-16,4.3154697812655845e-10,1.0445540677989282e-12,1.3275076693695298e-13,2.5644281045607416e-06,4.965335421204154e-12,7250265479803.087
157.6352446283938,2.9294577018132233,292.94577018132236,6.361700006041065e-16,4.3154697812655845e-10,1.0445540677989282e-12,1.3275076693695298e-13,2.5644281045607416e-06,4.965335421204154e-12,7250265479803.087
157.6352446283938,2.9294577018132233,292.94577018132236,6.361700006041065e-16,4.3154697812655845e-10,1.0445540677989282e-12,1.3275076693695298e-13,2.5644281045607416e-06,4.965335421204154e-12,7250265479803.087
157.6352446283938,2.9294577018132233,292.94577018132236,6.361700006041065e-16,4.3154697812655845e-10,1.0445540677989282e-12,1.3275076693695298e-13,2.5644281045607416e-06,4.965335421204154e-12,7250265479803.087
157.6352446283938,2.9294577018132233,292.94577018132236,6.361700006041065e-16,4.3154697812655845e-10,1.0445540677989282e-12,1.3275076693695298e-13,2.5644281045607416e-06,4.965335421204154e-12,7250265479803.087
157.6352446283938,2.9294577018132233,292.94577018132236,6.361700006041065e-16,4.3154697812655845e-10,1.0445540677989282e-12,1.3275076693695298e-13,2.5644281045607416e-06,4.965335421204154e-12,7250265479803.087
157.6352446283938,2.9294577018132233,292.94577018132236,6.361700006041065e-16,4.3154697812655845e-10,1.0445540677989282e-12,1.3275076693695298e-13,2.5644281045607416e-06,4.965335421204154e-12,7250265479803.087
157.6352446283938,2.9294577018132233,292.94577018132236,6.361700006041065e-16,4.3154697812655845e-10,1.0445540677989282e-12,1.3275076693695298e-13,2.5644281045607416e-06,4.965335421204154e-12,7250265479803.087
157.6352446283938,2.9294577018132233,292.94577018132236,6.361700006041065e-16,4.3154697812655845e-10,1.0445540677989282e-12,1.3275076693695298e-13,2.5644281045607416e-06,4.965335421204154e-12,7250265479803.087
157.6352446283938,2.9294577018132233,292.94577018132236,6.361700006041065e-16,4.3154697812655845e-10,1.0445540677989282e-12,1.3275076693695298e-13,2.5644281045607416e-06,4.965335421204154e-12,7250265479803.087
157.6352446283938,2.9294577018132233,292.94577018132236,6.361700006041065e-16,4.3154697812655845e-10,1.0445540677989282e-12,1.3275076693695298e-13,2.5644281045607416e-06,4.965335421204154e-12,7250265479803.087
157.6352446283938,2.9294577018132233,292.94577018132236,6.361700006041065e-16,4.3154697812655845e-10,1.0445540677989282e-12,1.3275076693695298e-13,2.5644281045607416e-06,4.965335421204154e-12,7250265479803.087
157.6352446283938,2.9294577018132233,292.94577018132236,6.361700006041065e-16,4.3154697812655845e-10,1.0445540677989282e-12,1.3275076693695298e-13,2.5644281045607416e-06,4.965335421204154e-12,7250265479803.087
157.6352446283938,2.9294577018132233,292.94577018132236,6.361700006041065e-16,4.3154697812655845e-10,1.0445540677989282e-12,1.3275076693695298e-13,2.5644281045607416e-06,4.965335421204154e-12,7250265479803.087
157.6352446283938,2.9294577018132233,292.94577018132236,6.361700006041065e-16,4.3154697812655845e-10,1.0445540677989282e-12,1.3275076693695298e-13,2.5644281045607416e-06,4.965335421204154e-12,7250265479803.087
157.6352446283938,2.9294577018132233,292.94577018132236,6.361700006041065e-16,4.3154697812655845e-10,1.0445540677989282e-12,1.3275076693695298e-13,2.5644281045607416e-06,4.965335421204154e-12,7250265479803.087
157.6352446283938,2.9294577018132233,292.94577018132236,6.361700006041065e-16,4.3154697812655845e-10,1.0445540677989282e-12,1.3275076693695298e-13,2.5644281045607416e-06,4.965335421204154e-12,7250265479803.087
157.6352446283938,2.9294577018132233,292.94577018132236,6.361700006041065e-16,4.3154697812655845e-10,1.0445540677989282e-12,1.3275076693695298e-13,2.5644281045607416e-06,4.965335421204154e-12,7250265479803.087
157.6352446283938,2.9294577018132233,292.94577018132236,6.361700006041065e-16,4.3154697812655845e-10,1.0445540677989282e-12,1.3275076693695298e-13,2.5644281045607416e-06,4.965335421204154e-12,7250265479803.087
157.6352446283938,2.9294577018132233,292.94577018132236,6.361700006041065e-16,4.3154697812655845e-10,1.0445540677989282e-12,1.3275076693695298e-13,2.5644281045607416e-06,4.965335421204154e-12,7250265479803.087
157.6352446283938,2.9294577018132233,292.94577018132236,6.361700006041065e-16,4.3154697812655845e-10,1.0445540677989282e-12,1.3275076693695298e-13,2.5644281045607416e-06,4.965335421204154e-12,7250265479803.087
138.29195419423903,3.3392093136904766,333.9209313690477,5.581061062244536e-16,4.1192970276770084e-10,8.480623997969397e-13,1.1657466083221276e-13,2.5644281045607416e-06,4.356043220200725e-12,8264380810790.288
106.9980525005307,4.315833519040632,431.5833519040633,4.3181302052320357e-16,3.268701054907086e-10,5.707463942283937e-13,8.943706325121543e-14,2.5644281045607416e-06,3.370320015255336e-12,10681478268250.63
94.0644214350279,4.90925021819035,490.9250218190351,3.7961664716678373e-16,2.4616098631970194e-10,4.714254116746194e-13,7.817062269488339e-14,2.5644281045607416e-06,2.9629249773898e-12,12150155766587.898
86.01977407219596,5.368367755375472,536.8367755375473,3.471507901197945e-16,1.719441950611628e-10,4.1406013834711805e-13,7.149477372375161e-14,2.5644281045607416e-06,2.7095275052957252e-12,13286449364193.06
80.60663084810464,5.728880820289464,572.8880820289465,3.253049184287374e-16,1.1138762447511595e-10,3.775473073107496e-13,6.651147314776429e-14,2.5644281045607416e-06,2.5390194957830453e-12,14178701683776.334
76.95444140297124,6.00076841615577,600.0768416155771,3.1056574403284644e-16,6.837097598304483e-11,3.538594814013968e-13,6.352586451311244e-14,2.5644281045607416e-06,2.423979577777282e-12,14851610273470.596
74.63324322651167,6.187400700949594,618.7400700949595,3.0119806329113396e-16,4.232088093832847e-11,3.3916620626981865e-13,6.165186929901442e-14,2.5644281045607416e-06,2.350864408943185e-12,15313516110520.195
73.40341097068013,6.291067068236285,629.1067068236285,2.962348179916474e-16,2.9738145574245823e-11,3.314998834839343e-13,6.064405380696363e-14,2.5644281045607416e-06,2.3121260565118165e-12,15570085332765.688
73.12333295330848,6.315163201720091,631.5163201720092,2.951045045715708e-16,2.7050380046649984e-11,3.2977810726218397e-13,6.042231652375647e-14,2.5644281045607416e-06,2.3033039095126824e-12,15629722092390.594
73.70836590530256,6.265038924443704,626.5038924443705,2.974655274145326e-16,3.274672899867879e-11,3.333910123953524e-13,6.08935886507829e-14,2.5644281045607416e-06,2.32173179882104e-12,15505666941496.24
75.11025196299532,6.148105876164129,614.8105876164129,3.0312313181811427e-16,4.747864605813772e-11,3.4217159702549624e-13,6.206276651688361e-14,2.5644281045607416e-06,2.365889655239276e-12,15216263328375.354
77.30591424612874,5.973485805802817,597.3485805802817,3.119841862052865e-16,7.246776665733847e-11,3.561025693884226e-13,6.380496367100144e-14,2.5644281045607416e-06,2.4350505826267076e-12,14784087138414.402
80.29101043125708,5.7514007978418435,575.1400797841844,3.240311662215459e-16,1.0767970294654299e-10,3.7545851053613726e-13,6.621593136118182e-14,2.5644281045607416e-06,2.5290778026095245e-12,14234437534050.906
84.07609948807251,5.492473892885233,549.2473892885233,3.3930668479759367e-16,1.510195120956879e-10,4.007846314877681e-13,6.9692037205806e-14,2.5644281045607416e-06,2.648303911025336e-12,13593606024643.14
88.68434097134956,5.207072369213915,520.7072369213915,3.57904207160763e-16,1.9879217419909125e-10,4.3265080328817414e-13,7.385867128973621e-14,2.5644281045607416e-06,2.7934584081704264e-12,12887251120226.332
94.15014642096354,4.904780279248065,490.47802792480655,3.7996260827772075e-16,2.468428159987504e-10,4.720651825319778e-13,7.823908603844969e-14,2.5644281045607416e-06,2.965625219395653e-12,12139092884884.566
100.51845495005709,4.5940397878508925,459.4039787850893,4.0566324933899543e-16,2.916321813272735e-10,5.198481673585597e-13,8.341107830912012e-14,2.5644281045607416e-06,3.1662198769369086e-12,11370025266478.785
107.84444039496618,4.2819618680632,428.19618680632004,4.3522879590125203e-16,3.3082544730059583e-10,5.775666223704796e-13,9.021007579137682e-14,2.5644281045607416e-06,3.396980295462507e-12,10597647577787.47
116.19353364129194,3.9742812442512205,397.4281244251221,4.689233079888241e-16,3.6336485527592454e-10,6.469545808244872e-13,9.714831708080068e-14,2.5644281045607416e-06,3.659967475319685e-12,9836152982986.695
125.64168865112634,3.6754184571342114,367.5418457134212,5.070533137022253e-16,3.8921403597764123e-10,7.29865020388004e-13,1.0492257778772758e-13,2.5644281045607416e-06,3.957573882097246e-12,9096482105577.883
136.2758482593395,3.3886105817889254,338.86105817889256,5.499696890364923e-16,4.0898949827476594e-10,8.287096347275708e-13,1.1479630389059727e-13,2.5644281045607416e-06,4.2925381186921415e-12,8386646549097.752
148.19458335688333,3.1160773288304586,311.6077328830459,5.980702374390979e-16,4.236243292467058e-10,9.461595577057757e-13,1.2502705723559268e-13,2.5644281045607416e-06,4.6679650588748046e-12,7712139989470.63
161.50889069677223,2.859197282958545,285.91972829585455,6.518029095228552e-16,4.341256635489859e-10,1.0862591594747543e-12,1.36418229196728e-13,2.5644281045607416e-06,5.0873509772929554e-12,7076374356847.709
176.34314256327315,2.6186772830600304,261.8677283060031,7.116696356545666e-16,4.414304772670499e-10,1.2532223918581054e-12,1.5039967053123132e-13,2.5644281045607416e-06,5.554613462998093e-12,6481099043131.089
192.83618730665881,2.3947049975609733,239.47049975609735,7.782307673932063e-16,4.4633812043822766e-10,1.4512580041847872e-12,1.6511711988657954e-13,2.5644281045607416e-06,6.074126085069965e-12,5926778518557.1
211.1426040988573,2.1870800704800013,218.70800704800016,8.521101413187898e-16,4.494926720875842e-10,1.6849567498714112e-12,1.8253259802161192e-13,2.5644281045607416e-06,6.650757916028261e-12,5412916911806.451
231.4341187324637,1.9953228330507355,199.53228330507358,9.340007927854125e-16,4.5139267320273294e-10,1.9623457692941897e-12,2.016155421920113e-13,2.5644281045607416e-06,7.28991812793166e-12,4938327065987.796
253.90119020440338,1.8187617832043195,181.876178320432,1.0246713589114722e-15,4.5241286327320535e-10,2.291488949847437e-12,2.2387433566259274e-13,2.5644281045607416e-06,7.997605968004028e-12,4501347046106.669
278.7547804203989,1.6566021962293382,165.66021962293385,1.1249732205921953e-15,4.5282881705042127e-10,2.6807256742136166e-12,2.4995497684759413e-13,2.5644281045607416e-06,8.7804665023629e-12,4100009947115.235
306.22832178121257,1.5079786832512068,150.79786832512067,1.235848443105458e-15,4.5283984197451096e-10,3.1388432759627517e-12,2.7839741588106014e-13,2.5644281045607416e-06,9.645852592804465e-12,3732173973595.1377
336.5798997759256,1.3719945301584815,137.19945301584818,1.358338584423475e-15,4.5258825851046774e-10,3.679454255607864e-12,3.1245196560745353e-13,2.5644281045607416e-06,1.0601893646071831e-11,3395619801688.7827
370.094670092428,1.2477504237997612,124.77504237997613,1.4935944499677428e-15,4.5217469920669486e-10,4.316795048667682e-12,3.533935422435516e-13,2.5644281045607416e-06,1.1657571750155391e-11,3088121675040.9556
407.0875322237158,1.1343648353251075,113.43648353251078,1.642886882506462e-15,4.516697807402718e-10,5.067339324400012e-12,3.979016122768867e-13,2.5644281045607416e-06,1.2822805889926696e-11,2807497852578.4893
447.9060841521014,1.030987963309391,103.09879633093912,1.807618686400669e-15,4.511227669517688e-10,5.943042609632111e-12,4.525705468545625e-13,2.5644281045607416e-06,1.4108545016414954e-11,2551645117063.0894
492.9338854763338,0.9368107875311212,93.68107875311213,1.9893377966362408e-15,4.505678712492683e-10,6.971522501242644e-12,5.178551941813819e-13,2.5644281045607416e-06,1.5526870831693215e-11,2318561182754.0513
542.5940593492325,0.8510704706345454,85.10704706345456,2.1897518151966017e-15,4.500287739147354e-10,8.178238829230114e-12,5.902081578586152e-13,2.5644281045607416e-06,1.709111124592001e-11,2106358064259.5093
597.3532668540741,0.7730530777638958,77.3053077763896,2.4107440504899058e-15,4.495218237041547e-10,9.58969531290224e-12,6.772163885731364e-13,2.5644281045607416e-06,1.88159655657888e-11,1913268807499.0537
657.7260910046923,0.7020943638536081,70.20943638536082,2.6543912098983946e-15,4.4905828754274737e-10,1.1231496682513086e-11,7.869196702917557e-13,2.5644281045607416e-06,2.0717642585670165e-11,1737649438208.777
724.279871445598,0.6375792006095331,63.75792006095332,2.9229829112219584e-15,4.4864592094874656e-10,1.3139088777487595e-11,9.118380907719367e-13,2.5644281045607416e-06,2.2814012875304936e-11,1577977543747.6086
797.6400351950391,0.5789400745675257,57.89400745675258,3.2190431960067287e-15,4.4829005875168046e-10,1.5361573965005436e-11,1.0603996472232793e-12,2.5644281045607416e-06,2.5124776692299864e-11,1432848555865.2998
878.4959734585965,0.5256549778319772,52.56549778319773,3.545354246655537e-15,4.479943697189293e-10,1.7943809887841386e-11,1.2397677281552701e-12,2.5644281045607416e-06,2.767164909523977e-11,1300970530382.7703
967.6075196897356,0.4772449284002381,47.724492840023814,3.904982529996211e-15,4.4776137713961793e-10,2.0943161061950807e-11,1.452850926927475e-12,2.5644281045607416e-06,3.047856399541209e-11,1181158010115.5374
1065.8120897367928,0.4332712922855847,43.327129228558476,4.301307612838182e-15,4.475928171895586e-10,2.4399622026378495e-11,1.709363595298979e-12,2.5644281045607416e-06,3.357189906351999e-11,1072325397258.1624
1174.0325511472502,0.39333303067500847,39.33330306750086,4.7380539201958085e-15,4.47489885259845e-10,2.839166568129747e-11,2.0140244477920284e-12,2.5644281045607416e-06,3.698072360404162e-11,973480140233.5339
1293.2858955595116,0.3570639585875004,35.70639585875004,5.219325734539319e-15,4.474534051149813e-10,3.300297654378898e-11,2.3640888498005445e-12,2.5644281045607416e-06,4.0737071725955234e-11,883715949005.3121
1424.6927956646784,0.3241300741177803,32.41300741177803,5.749645764912971e-15,4.4748394500041476e-10,3.831416444790082e-11,2.8068611211829188e-12,2.5644281045607416e-06,4.4876243376438375e-11,802206185085.922
1569.4881365373813,0.29422699713592976,29.422699713592976,6.3339976483233586e-15,4.475818973304805e-10,4.4434628055749315e-11,3.3223656272932246e-12,2.5644281045607416e-06,4.943713606611203e-11,728197522442.5901
1729.032620294306,0.2670775415302791,26.70775415302791,6.977872782766119e-15,4.477475333956765e-10,5.1441972698909973e-11,3.934427987623977e-12,2.5644281045607416e-06,5.446261040291715e-11,661003938916.4451
1904.8255531277696,0.24242943438867479,24.24294343886748,7.687321931974457e-15,4.479810409427453e-10,5.94714494257748e-11,4.653586167214796e-12,2.5644281045607416e-06,5.9999892869494e-11,600001071306.9728
2098.518934874581,0.22005318788389136,22.005318788389136,8.469012086821244e-15,4.482825500126003e-10,6.866957198622778e-11,5.538803797899274e-12,2.5644281045607416e-06,6.610101962897904e-11,544620948391.8068
2311.932983522162,0.19974012427918336,19.97401242791834,9.330289117710576e-15,4.486521507256035e-10,7.920441555605786e-11,6.538880587535007e-12,2.5644281045607416e-06,7.282332552973409e-11,494347102911.4296
2547.0732405395092,0.18130055080632326,18.130055080632328,1.0279246806718603e-14,4.4908990554103246e-10,9.124152518042853e-11,7.738078653530352e-12,2.5644281045607416e-06,8.022998290430565e-11,448710054480.99146
2806.149417777053,0.16456207874335949,16.456207874335952,1.1324802908199923e-14,4.495958577212312e-10,1.049779990980946e-10,9.19789166863358e-12,2.5644281045607416e-06,8.83905952258729e-11,407283149389.4318
3091.596163045957,0.14936807949680303,14.936807949680306,1.247678295262617e-14,4.5017003718592166e-10,1.2053866290415664e-10,1.0841018721591532e-11,2.5644281045607416e-06,9.738185120097121e-11,369678739477.90546
3406.0959395188247,0.13557626962178163,13.557626962178164,1.3746012581192986e-14,4.508124645692692e-10,1.3826715109114868e-10,1.2842657515690741e-11,2.5644281045607416e-06,1.072882454452457e-10,335544680133.4123
3752.6042339581786,0.1230574163070686,12.30574163070686,1.5144419278898616e-14,4.5152315403719465e-10,1.5843394542887189e-10,1.5111331537341246e-11,2.5644281045607416e-06,1.1820287251469772e-10,304561126427.14026
4134.377330664454,0.11169415477122019,11.16941547712202,1.6685144462120208e-14,4.5230211524785427e-10,1.8133888066630328e-10,1.7783497523460395e-11,2.5644281045607416e-06,1.3022830175425132e-10,276437606227.36346
4555.002912146568,0.10137990915932057,10.13799091593206,1.838266697402032e-14,4.531493547186793e-10,2.0735022892048014e-10,2.105738804319094e-11,2.5644281045607416e-06,1.4347754118494613e-10,250910349471.31625
5018.43377408202,0.0920179088222262,9.201790882222621,2.0252939148320185e-14,4.5406487678145384e-10,2.3679133919489543e-10,2.468107816189954e-11,2.5644281045607416e-06,1.5807509948779782e-10,227739853504.1183
5529.024971399947,0.08352029224728492,8.352029224728494,2.231353672008739e-14,4.550486842507141e-10,2.698928691961735e-10,2.8903443461002433e-11,2.5644281045607416e-06,1.741581560642272e-10,206708665350.84164
6091.574744564392,0.07580729135202988,7.580729135202988,2.458382399231206e-14,4.561007788921516e-10,3.073396071223612e-10,3.395130433778306e-11,2.5644281045607416e-06,1.9187785016860422e-10,187619362883.03513
6711.369610659018,0.06880648932230617,6.880648932230618,2.7085135810410496e-14,4.5722116175113174e-10,3.4964347496710785e-10,3.9684852442597115e-11,2.5644281045607416e-06,2.1140070122742005e-10,170292718004.1471
7394.234043013295,0.062452145653976755,6.245214565397676,2.9840978054747625e-14,4.584098333831304e-10,3.974221163558271e-10,4.625260102369018e-11,2.5644281045607416e-06,2.329101736924276e-10,154566026160.54135
8146.58520623009,0.056684582529218465,5.668458252921847,3.2877248535289107e-14,4.5966679401523426e-10,4.512826136939594e-10,5.435540113174187e-11,2.5644281045607416e-06,2.5660840113332074e-10,140291587652.64362
8975.49326098305,0.05144962711534388,5.144962711534388,3.622248036422461e-14,4.609920436590893e-10,5.119810755919779e-10,6.313255139116333e-11,2.5644281045607416e-06,2.8271808577198655e-10,127335327351.62253
9888.7478052932,0.04669810481026499,4.6698104810264995,3.9908110093636303e-14,4.623855821895929e-10,5.798630354385505e-10,7.297884592398811e-11,2.5644281045607416e-06,3.1148459130904875e-10,115575540506.53352
10894.931076661114,0.0423853788706463,4.238537887064631,4.3968773138014075e-14,4.638474093993905e-10,6.561628531097357e-10,8.526299819623248e-11,2.5644281045607416e-06,3.4317824870986507e-10,104901753346.36568
12003.498602966381,0.03847093224468242,3.8470932244682428,4.844262925782932e-14,4.6537752503627077e-10,7.417730092640853e-10,9.84821059836812e-11,2.5644281045607416e-06,3.780968966184352e-10,95213688136.48367
13224.86806004446,0.03491798779067043,3.491798779067043,5.3371721162871753e-14,4.669759288284856e-10,8.379464852320333e-10,1.1354976854655452e-10,2.5644281045607416e-06,4.1656868027254774e-10,86420323238.04645
14570.517170972818,0.03169316339531331,3.1693163395313317,5.880236960529509e-14,4.686426205015512e-10,9.457635542840668e-10,1.3223031884182453e-10,2.5644281045607416e-06,4.589551352227432e-10,78439039542.56496
16053.091567067855,0.028766158812748015,2.8766158812748017,6.478560867523037e-14,4.703775997890662e-10,1.0666559424739657e-09,1.5250301907859527e-10,2.5644281045607416e-06,5.05654584834122e-10,71194845413.71193
17686.52362420687,0.02610947132775325,2.6109471327753253,7.137766538961897e-14,4.72180866439349e-10,1.2021207111349967e-09,1.7425229306910713e-10,2.5644281045607416e-06,5.571058834987216e-10,64619672967.5762
19486.163391230883,0.023698137605767566,2.369813760576757,7.86404880811671e-14,4.740524202191734e-10,1.3529687946258801e-09,2.0142365193285028e-10,2.5644281045607416e-06,6.137925407350334e-10,58651739163.999954
21468.922840817042,0.021509499329696487,2.150949932969649,8.664232855291288e-14,4.759922609155246e-10,1.5213343743598936e-09,2.3148678912520828e-10,2.5644281045607416e-06,6.762472649305391e-10,53234965769.0634
23653.434798407125,0.01952299044048171,1.9522990440481713,9.545838346915868e-14,4.780003883360184e-10,1.7094835258257273e-09,2.646250358294161e-10,2.5644281045607416e-06,7.450569694267398e-10,48318452785.83066
26060.22804271396,0.01771994399653644,1.771994399653644,1.0517150101018887e-13,4.8007680230845e-10,1.9195232079048094e-09,3.0184554330409844e-10,2.5644281045607416e-06,8.208682879909577e-10,43856000440.83633
28711.92022329924,0.01608341684786127,1.6083416847861274,1.1587295943150557e-13,4.822215026797935e-10,2.1538746482281977e-09,3.4905462913138746e-10,2.5644281045607416e-06,9.043936515061329e-10,39805675261.04077
31633.43040815024,0.014598030485333716,1.4598030485333717,1.2766332484403077e-13,4.844344893148863e-10,2.415344882723889e-09,3.9669158502527086e-10,2.5644281045607416e-06,9.964179829838184e-10,36129416183.5542
34852.21325865441,0.01324982657562473,1.3249826575624732,1.4065339627619631e-13,4.867157620949473e-10,2.7067485921382322e-09,4.506568619839263e-10,2.5644281045607416e-06,1.097806073816229e-09,32792677011.574215
38398.517032612945,0.012026135828674116,1.2026135828674116,1.5496524689906884e-13,4.890653209160454e-10,3.032327147237118e-09,5.131662263377171e-10,2.5644281045607416e-06,1.2095107105850962e-09,29764101867.758686
42305.667839856585,0.010915458968805284,1.0915458968805285,1.707333711993423e-13,4.914831656875835e-10,3.3918428596592074e-09,5.872437248273057e-10,2.5644281045607416e-06,1.3325816287983878e-09,27015230603.51795
46610.38282173192,0.009907358693448746,0.9907358693448748,1.8810594888065899e-13,4.939692963308456e-10,3.791909056605867e-09,6.640704807854682e-10,2.5644281045607416e-06,1.4681753776968733e-09,24520231402.104836
51353.115197539635,0.0089923616060586,0.89923616060586,2.072462373706814e-13,4.965237127776376e-10,4.237110079441467e-09,7.523498991593581e-10,2.5644281045607416e-06,1.6175661888343468e-09,22255658067.347694
56578.43442047049,0.00816186920306127,0.816186920306127,2.2833410601988455e-13,4.991464149690315e-10,4.732009415304603e-09,8.544077428074026e-10,2.5644281045607416e-06,1.782157950568094e-09,20200229720.673393
62335.44501552361,0.007408077079402572,0.7408077079402573,2.515677264095794e-13,5.018374028542242e-10,5.2822477019621735e-09,9.721640552054517e-10,2.5644281045607416e-06,1.9634974009889164e-09,18334630838.761784
68678.24803540477,0.006723901594225315,0.6723901594225316,2.771654346537084e-13,5.045966763895072e-10,5.893489817369645e-09,1.0960109717502898e-09,2.5644281045607416e-06,2.1632886632702694e-09,16641329754.660835
75666.44947090036,0.006102913308116199,0.61029133081162,3.0536778319524817e-13,5.074242355373485e-10,6.572377732071641e-09,1.2334741811058012e-09,2.5644281045607416e-06,2.383409260031318e-09,15104413918.206795
83365.72039346964,0.005539276566846932,0.5539276566846932,3.3643980137879993e-13,5.103200802655717e-10,7.326326488602486e-09,1.3899658321633188e-09,2.5644281045607416e-06,2.625927757207516e-09,13709440368.718822
91848.41409395733,0.005027694664182999,0.5027694664182999,3.706734860429443e-13,5.13284210546639e-10,8.161013291120633e-09,1.576826887736581e-09,2.5644281045607416e-06,2.8931232032357716e-09,12443300015.61507
101194.24601693363,0.004563360068680047,0.45633600686800474,4.083905455374857e-13,5.163166263570139e-10,9.082249736266455e-09,1.773693954774095e-09,2.5644281045607416e-06,3.1875065462322535e-09,11294094452.152037
111491.04288029237,0.004141909246913027,0.41419092469130275,4.4994542295227537e-13,5.194173276766071e-10,1.0104623201270105e-08,1.991311808321875e-09,2.5644281045607416e-06,3.5118442304291154e-09,10251024145.11168
122835.56801990303,0.0037593816587312614,0.3759381658731262,4.95728626968184e-13,5.225863144882936e-10,1.1237190059600273e-08,2.2327976303746532e-09,2.5644281045607416e-06,3.869184193615898e-09,9304286950.049965
135334.43071541953,0.003412182539304431,0.3412182539304432,5.461704016315965e-13,5.258235867774917e-10,1.249298380759599e-08,2.5182813964355097e-09,2.5644281045607416e-06,4.262884509894258e-09,8444985998.669007
149105.08804257453,0.003097049118283639,0.3097049118283639,6.017447695388937e-13,5.291291445317984e-10,1.3883865659468132e-08,2.83841630605339e-09,2.5644281045607416e-06,4.696644946914388e-09,7665046092.881974
164276.9486667775,0.002811019958683034,0.2811019958683035,6.629739864263846e-13,5.325029877406744e-10,1.5423635355826483e-08,3.1729850348940983e-09,2.5644281045607416e-06,5.174541734149483e-09,6957137820.034834
180992.58895083395,0.0025514071273896326,0.25514071273896327,7.304334490273697e-13,5.359451163951727e-10,1.7130020451616608e-08,3.535758826788253e-09,2.5644281045607416e-06,5.701065868940482e-09,6314608676.270292
199409.09280506358,0.0023157709358082677,0.23157709358082681,8.047571023175325e-13,5.394555304877049e-10,1.9017352467210596e-08,3.95403018573198e-09,2.5644281045607416e-06,6.281165320289182e-09,5731420550.8513155
219699.52787094982,0.002101897013293128,0.21018970132931283,8.866433969628188e-13,5.430342300118402e-10,2.110730208989715e-08,4.459279143296073e-09,2.5644281045607416e-06,6.92029152700641e-09,5202092984.018106
242054.5719106409,0.0019077754979333209,0.1907775497933321,9.768618529544395e-13,5.466812149621323e-10,2.3402412929878092e-08,4.97713386116628e-09,2.5644281045607416e-06,7.62445062717799e-09,4721651665.193422
266684.3046861698,0.0017315821491530317,0.17315821491530317,1.076260291112253e-12,5.503964853339733e-10,2.5942627423343947e-08,5.5461812900473194e-09,2.5644281045607416e-06,8.400259900373349e-09,4285581687.58564
293820.182167442,0.001571661204643518,0.15716612046435183,1.1857728004140236e-12,5.541800411234667e-10,2.8750373865877805e-08,6.174774440388504e-09,2.5644281045607416e-06,9.255009953008135e-09,3889785119.928369
323717.2116214397,0.001426509820533978,0.14265098205339782,1.3064285160228466e-12,5.580318823273193e-10,3.1855201775932265e-08,6.924513904661427e-09,2.5644281045607416e-06,1.0196733231242448e-08,3530542496.659343
356656.3480228903,0.0012947639485845414,0.12947639485845416,1.439361290503631e-12,5.619520089427511e-10,3.5286074597620006e-08,7.725298743865513e-09,2.5644281045607416e-06,1.123427950525976e-08,3204477864.659252
392947.1343064709,0.0011751855176877293,0.11751855176877296,1.5858203491131067e-12,5.659404209674148e-10,3.907561301188499e-08,8.610661911496058e-09,2.5644281045607416e-06,1.2377399034283889e-08,2908527058.090668
432930.61027209944,0.001066650799220745,0.10666507992207451,1.747182029295551e-12,5.699971183993313e-10,4.326037678626964e-08,9.553620423408183e-09,2.5644281045607416e-06,1.3636834193870277e-08,2639908903.2102413
476982.5174795434,0.0009681398469151747,0.09681398469151749,1.9249627147053143e-12,5.741221012368314e-10,4.7886401647294884e-08,1.0589722857063377e-08,2.5644281045607416e-06,1.502442042653262e-08,2396099082.5592985
525516.8302500739,0.0008787269120079619,0.0878726912007962,2.1208330853025427e-12,5.78315369478509e-10,5.3001313276246776e-08,1.1803605039490622e-08,2.5644281045607416e-06,1.655319746437983e-08,2174806412.9281955
578989.6459574744,0.0007975717436020902,0.07975717436020904,2.3366338174362295e-12,5.825769231231804e-10,5.8639769259443065e-08,1.3138446005663634e-08,2.5644281045607416e-06,1.8237531868969278e-08,1973951314.171691
637903.471167114,0.0007239116924837739,0.0723911692483774,2.5743928814549366e-12,5.869067621698481e-10,6.485160918228978e-08,1.4638643721388315e-08,2.5644281045607416e-06,2.0093252039935172e-08,1791646266.5401444
702811.9439017437,0.0006570545441931469,0.0657054544193147,2.8363445993981153e-12,5.913048866176739e-10,7.16870473016848e-08,1.6202200849745404e-08,2.5644281045607416e-06,2.2137796961125143e-08,1626178072.877687
774325.0364111095,0.0005963720139983767,0.05963720139983768,3.1249506418610964e-12,5.95771296465952e-10,7.922631249853729e-08,1.7990503091669303e-08,2.5644281045607416e-06,2.439038008207425e-08,1475991758.999207
853114.7873380339,0.0005412938426431051,0.054129384264310514,3.4429231613502467e-12,6.003059917140898e-10,8.75494431660895e-08,2.0022484661580607e-08,2.5644281045607416e-06,2.6872169874880798e-08,1339675960.952137
939921.6171485222,0.0004913024373828083,0.04913024373828084,3.793250279522091e-12,6.049089723615882e-10,9.672449598270733e-08,2.229317816306328e-08,2.5644281045607416e-06,2.9606488763252165e-08,1215949661.8418162
1035561.2861746569,0.0004459280079498601,0.044592800794986016,4.179224167820757e-12,6.095802384080293e-10,1.0685445866120066e-07,2.464914641737365e-08,2.5644281045607416e-06,3.2619032293140977e-08,1103650153.5813482
1140932.560657935,0.00040474415173808733,0.04047441517380874,4.604471985399289e-12,6.143197898530614e-10,1.1801981895507775e-07,2.7185745366083118e-08,2.5644281045607416e-06,3.5938110604610195e-08,1001722110.4378778
1257025.6588340881,0.0003673638467190667,0.03673638467190667,5.072989965061516e-12,6.191276266963895e-10,1.3032896329599707e-07,3.016880775408331e-08,2.5644281045607416e-06,3.959491447413998e-08,909207671.6951146
1384931.5564308036,0.00033343581443400546,0.03334358144340055,5.5891809675444386e-12,6.24003748937766e-10,1.4391294088061065e-07,3.332133520977687e-08,2.5644281045607416e-06,4.362380842748807e-08,825237440.2349478
1525852.2390260156,0.00030264121888278487,0.03026412188827849,6.15789585705449e-12,6.28948156576983e-10,1.5889464491237188e-07,3.6885572891494116e-08,2.5644281045607416e-06,4.8062653677608216e-08,749022312.4482188
1681111.9976125227,0.00027469067028828393,0.027469067028828394,6.78447908688113e-12,6.339608496138668e-10,1.7541835891976178e-07,4.066684588722608e-08,2.5644281045607416e-06,5.2953163922411237e-08,679846062.696998
1852169.8735180576,0.0002493215055791467,0.02493215055791467,7.474818923474755e-12,6.390418280482709e-10,1.936370878848952e-07,4.504292200390444e-08,2.5644281045607416e-06,5.834129734594835e-08,617058612.6415666
2040633.3696310364,0.0002262953200345609,0.022629532003456094,8.235402780966037e-12,6.441910918800734e-10,2.1357968755096636e-07,4.9954110806804905e-08,2.5644281045607416e-06,6.427768850681939e-08,560069922.1811727
2248273.556782056,0.00020539572689491205,0.02053957268949121,9.073378186128112e-12,6.494086411091715e-10,2.355708530817655e-07,5.53716565420721e-08,2.5644281045607416e-06,7.081812417244027e-08,508344444.59925175
2477041.7172422726,0.0001864263238844329,0.018642632388443294,9.996619946695418e-12,6.546944757354795e-10,2.598069029247681e-07,6.137138909719112e-08,2.5644281045607416e-06,7.802406757078751e-08,461396093.8057851
2729087.6817445178,0.0001692088475364309,0.016920884753643093,1.101380415424778e-11,6.600485957589253e-10,2.8649112389073775e-07,6.772511669916743e-08,2.5644281045607416e-06,8.596323598623171e-08,418783676.38191205
3006780.032347958,0.0001535814979765104,0.01535814979765104,1.2134489717096372e-11,6.654710011794492e-10,3.1588197081453493e-07,7.494517083699314e-08,2.5644281045607416e-06,9.471023712737338e-08,380106745.4997976
3312728.3610010482,0.00013939741842108547,0.013939741842108548,1.3369208189370071e-11,6.709616919970002e-10,3.4825202536754274e-07,8.260542877004542e-08,2.5644281045607416e-06,1.0434727024709594e-07,345001837.75532836
3649807.7929759375,0.00012652331510239182,0.012652331510239184,1.472956274046436e-11,6.765206682115364e-10,3.839499453026082e-07,9.086850713253338e-08,2.5644281045607416e-06,1.1496489860355817e-07,313139057.5495693
4021186.005631258,0.00011483820465086078,0.01148382046508608,1.6228337194909755e-11,6.821479298230228e-10,4.232152710760319e-07,9.998196144817248e-08,2.5644281045607416e-06,1.2666290052126382e-07,284218976.921
4430352.996410129,0.00010423227716347665,0.010423227716347667,1.7879616167354017e-11,6.878434768314297e-10,4.664938211651075e-07,1.1025617024024172e-07,2.5644281045607416e-06,1.395512070499923e-07,257969821.69493878
4881153.879815669,9.460586427389963e-05,0.009460586427389965,1.9698917421616655e-11,6.936073092367326e-10,5.141767030105195e-07,1.217711462590998e-07,2.5644281045607416e-06,1.537509350331623e-07,234144917.50723475
5377825.02157109,8.586850252687333e-05,0.008586850252687335,2.1703337697649748e-11,6.994394270389107e-10,5.666640461909653e-07,1.3396099290962316e-07,2.5644281045607416e-06,1.6939552529380949e-07,212520371.70143366
5925033.849532221,7.793808325505474e-05,0.007793808325505475,2.3911713376802277e-11,7.053398302379465e-10,6.245031203090246e-07,1.4713054989542786e-07,2.5644281045607416e-06,1.866319966341889e-07,192892969.3152369
6527922.715472429,7.074008096930113e-05,0.007074008096930114,2.634479749522732e-11,7.113085188338262e-10,6.882355250572311e-07,1.6182651337781777e-07,2.5644281045607416e-06,2.0562232743336676e-07,175078263.383951
7192157.219927555,6.420685301127375e-05,0.006420685301127375,2.902545476890133e-11,7.173454928265377e-10,7.579327518973357e-07,1.7989333120361962e-07,2.5644281045607416e-06,2.2654497782625326e-07,158908841.61470968
7923979.45422977,5.827700388689946e-05,0.0058277003886899464,3.197887646298788e-11,7.234507522160704e-10,8.346381294877937e-07,1.994872648964139e-07,2.5644281045607416e-06,2.495965667686352e-07,144232753.14267594
8730266.660068274,5.289480830706361e-05,0.005289480830706361,3.523281712476405e-11,7.296242970024166e-10,9.190482897800674e-07,2.2061141792492556e-07,2.5644281045607416e-06,2.749937197482965e-07,130912080.58478945
9618595.857825246,4.800968751360649e-05,0.004800968751360649,3.881785540478779e-11,7.358661271855688e-10,1.0119724469129344e-06,2.426556746223182e-07,2.5644281045607416e-06,3.0297510450594136e-07,118821643.9720513
10597315.051026948,4.3575733969436886e-05,0.004357573396943689,4.276768141735342e-11,7.421762427655213e-10,1.1142036811316073e-06,2.669759433072577e-07,2.5644281045607416e-06,3.3380367389645337e-07,107847824.3806486
11675621.676047966,3.9551279946077165e-05,0.0039551279946077175,4.711941334068163e-11,7.485546437422696e-10,1.226702058321368e-06,2.9432632476739027e-07,2.5644281045607416e-06,3.6776913696759417e-07,97887496.20708962
12863649.034293652,3.5898505954474424e-05,0.0035898505954474426,5.191394623206979e-11,7.550013301158091e-10,1.3504817401521183e-06,3.2494258851620926e-07,2.5644281045607416e-06,4.051906814779159e-07,88847058.05348612
14172561.51910038,3.25830853393376e-05,0.0032583085339337606,5.719633633596557e-11,7.615163018861365e-10,1.4869233277055112e-06,3.563153999960561e-07,2.5644281045607416e-06,4.46419973438532e-07,80641553.1158058
15614659.532240674,2.9573861697104475e-05,0.002957386169710448,6.301622449646769e-11,7.680995590532493e-10,1.6367464382227123e-06,3.8992282406336035e-07,2.5644281045607416e-06,4.918444618666983e-07,73193870.80901372
17203495.075978205,2.6842556086098235e-05,0.002684255608609824,6.942830265324091e-11,7.747511016171447e-10,1.8018618215963707e-06,4.2708431305649753e-07,2.5644281045607416e-06,5.418910198073781e-07,66434022.12643541
18953999.106939454,2.4363501277405375e-05,0.002436350127740538,7.649282780470265e-11,7.814709295778208e-10,1.983388823595788e-06,4.674087559052322e-07,2.5644281045607416e-06,5.970299558389904e-07,60298481.92359152
20882621.848600272,2.211340054911795e-05,0.002211340054911795,8.427618826840986e-11,7.882590429352761e-10,2.183347723399627e-06,5.172744465403563e-07,2.5644281045607416e-06,6.577794337611593e-07,54729591.945666775
23007487.380962547,2.007110875722842e-05,0.002007110875722842,9.285152756003341e-11,7.951154416895096e-10,2.4034910888215684e-06,5.681390291395822e-07,2.5644281045607416e-06,7.247103419981222e-07,49675018.9886117
25348563.96016569,1.8217433625807707e-05,0.0018217433625807708,1.0229943175377394e-10,8.020401258405193e-10,2.645340670391957e-06,6.232989245234211e-07,2.5644281045607416e-06,7.984516584776413e-07,45087263.1019879
27927851.668597832,1.65349553891069e-05,0.00165349553891069,1.1270868678363473e-10,8.090330953883048e-10,2.911585313679696e-06,6.871800711366243e-07,2.5644281045607416e-06,8.796963614014427e-07,40923211.211932786
30769589.15893364,1.5007863090683645e-05,0.0015007863090683647,1.2417711280222834e-10,8.160943503328655e-10,3.2027337285748815e-06,7.570691762166609e-07,2.5644281045607416e-06,9.692079414531708e-07,37143731.96945108
33900481.43495981,1.3621806001186875e-05,0.0013621806001186878,1.3681248343794083e-10,8.232238906742002e-10,3.52292767147179e-06,8.401961441827935e-07,2.5644281045607416e-06,1.0678275766418297e-06,33713308.016651
37349950.80974086,1.236375875851023e-05,0.0012363758758510233,1.507335385890998e-10,8.304217164123087e-10,3.875144223007691e-06,9.318119265282741e-07,2.5644281045607416e-06,1.176482037205747e-06,30599702.21517645
41150413.39948335,1.1221898962979982e-05,0.0011221898962979983,1.6607110027279495e-10,8.376878275471908e-10,4.262660841605501e-06,1.0252100503877708e-06,2.5644281045607416e-06,1.2961923948627216e-06,27773654.700244345
45337583.751430005,1.0185496077286969e-05,0.0010185496077286971,1.8296930201446053e-10,8.45022224078845e-10,4.688571248680472e-06,1.1260453398619006e-06,2.5644281045607416e-06,1.428083618250919e-06,25208607.91337408
49950810.46849934,9.24481058710904e-06,0.0009244810587109041,2.0158694333130757e-10,8.524249060072721e-10,5.157037754751434e-06,1.2393673370383136e-06,2.5644281045607416e-06,1.5733951447328826e-06,22880457.029827535
55033445.98467466,8.391002474794232e-06,0.0008391002474794234,2.2209898203824843e-10,8.598958733324715e-10,5.672302989626113e-06,1.360073097435653e-06,2.5644281045607416e-06,1.7334925279102855e-06,20767323.435421888
60633253.96608206,7.616048145992304e-06,0.0007616048145992306,2.4469817840015856e-10,8.67435126054443e-10,6.238901472270351e-06,1.4977048586419363e-06,2.5644281045607416e-06,1.9098802703061604e-06,18849349.123978894
66802858.16627281,6.912665028560178e-06,0.000691266502856018,2.6959690658125143e-10,8.750426641731863e-10,6.862755576239273e-06,1.6434506526576156e-06,2.5644281045607416e-06,2.1042159618086123e-06,17108510.08327935
73600236.95379397,6.274243135165008e-06,0.0006274243135165009,2.9702915041452414e-10,8.827184876887015e-10,7.547206708529758e-06,1.7963215887246083e-06,2.5644281045607416e-06,2.318325856740962e-06,15528446.915830806
81089268.1593313,5.694782946449863e-06,0.0005694782946449864,3.2725270224636293e-10,8.904625966009879e-10,8.300943955101768e-06,1.962475898630668e-06,2.5644281045607416e-06,2.5542220359426257e-06,14094311.10272069
89340329.36258133,5.168839031024111e-06,0.0005168839031024112,3.605515855197714e-10,8.982749909100462e-10,9.130017731357289e-06,2.146117697928257e-06,2.5644281045607416e-06,2.8141213151399966e-06,12792625.465831803
98430959.26000251,4.6914688724516655e-06,0.0004691468872451666,3.972387238622615e-10,9.061556706158758e-10,1.0041207324557774e-05,2.347335634195108e-06,2.5644281045607416e-06,3.1004660772972813e-06,11611157.517124552
108446586.3285954,4.258186422342878e-06,0.0004258186422342879,4.376588817609448e-10,9.141046357184765e-10,1.1044260650813534e-05,2.576073727540729e-06,2.5644281045607416e-06,3.4159472247176457e-06,10538804.504796084
119481331.63327295,3.864919943068851e-06,0.00038649199430688513,4.821919044595908e-10,9.221218862178485e-10,1.2146697067711602e-05,2.8286677848543777e-06,2.5644281045607416e-06,3.7635294665852257e-06,9565489.076046476
131638893.32213928,3.5079737439284276e-06,0.0003507973743928428,5.312562875243246e-10,9.302074221139916e-10,1.3359579894535655e-05,3.126818942566099e-06,2.5644281045607416e-06,4.146479179585698e-06,8682064.575951155
145033521.12165472,3.1839934511864463e-06,0.0003183993451186447,5.853131096226908e-10,9.383612434069063e-10,1.4693108850581819e-05,3.440199156891724e-06,2.5644281045607416e-06,4.568395103423456e-06,7880229.092492979
159791089.98941877,2.8899344856114245e-06,0.00028899344856114247,6.448703654740231e-10,9.465833500965918e-10,1.6151133452639024e-05,3.791376893098719e-06,2.5644281045607416e-06,5.033242159693827e-06,7152447.4399995655
176050283.01415417,2.6230334512823983e-06,0.00026230334512823987,7.104877396897451e-10,9.548737421830487e-10,1.7752551606157027e-05,4.1764649138461815e-06,2.5644281045607416e-06,5.54538871192097e-06,6491880.34783035
193963894.6790846,2.3807821667939253e-06,0.00023807821667939257,7.827818663653212e-10,9.632324196662765e-10,1.951334043365982e-05,4.61206401089021e-06,2.5644281045607416e-06,6.109647616909236e-06,5892320.188870692
213700266.73603478,2.1609040948192326e-06,0.0002160904094819233,8.624321238505137e-10,9.716593825462754e-10,2.1451086827159925e-05,5.112999498314606e-06,2.5644281045607416e-06,6.731321453185233e-06,5348132.643845877
235444870.18375427,1.961332948530399e-06,0.00019613329485303993,9.501870191537944e-10,9.801546308230455e-10,2.3578940174229505e-05,5.664671210908671e-06,2.5644281045607416e-06,7.416252351560937e-06,4854203.753250509
259402048.21699166,1.7801932738309478e-06,0.0001780193273830948,1.0468712219778887e-09,9.887181644965864e-10,2.591697672609624e-05,6.236006091447804e-06,2.5644281045607416e-06,8.170876896096968e-06,4405891.859317613
285796936.5255406,1.6157828249239887e-06,0.0001615782824923989,1.1533933144882224e-09,9.973499835668983e-10,2.848902930959834e-05,6.848805506604891e-06,2.5644281045607416e-06,9.00228661139333e-06,3998983.9864061046
314877578.9891147,1.466556567591698e-06,0.00014665565675916982,1.2707543296421106e-09,1.0060500880339814e-09,3.131778531658595e-05,7.50497809085311e-06,2.5644281045607416e-06,9.918294604632102e-06,3629656.2498947205
346917258.6501315,1.3311121598581924e-06,0.00013311121598581926,1.4000571583169679e-09,1.0148184778978353e-09,3.442354548611941e-05,8.214886998992218e-06,2.5644281045607416e-06,1.0927508988635575e-05,3294437.9215280805
382217065.86953586,1.2081767735914846e-06,0.00012081767735914849,1.5425169136402914e-09,1.0236551531584604e-09,3.7839839168283136e-05,9.012235842590528e-06,2.5644281045607416e-06,1.2039413775927133e-05,2990178.813521816
421108727.79969996,1.09659513320158e-06,0.000109659513320158,1.6994723499193597e-09,1.032560113815856e-09,4.1597290229678e-05,9.896092212012892e-06,2.5644281045607416e-06,1.3264458003990311e-05,2714019.6749215247
463957725.76416636,9.9531865902927e-07,9.953186590292699e-05,1.8723984434792126e-09,1.0415333598700227e-09,4.572795263681212e-05,1.0822454431265857e-05,2.5644281045607416e-06,1.4614153929274181e-05,2463365.322017513
511166729.83953094,9.033956134015741e-07,9.033956134015743e-05,2.0629202536362184e-09,1.0505748913209608e-09,5.026361282679285e-05,1.1813687026571553e-05,2.5644281045607416e-06,1.610118521271444e-05,2235860.2503107837
563179382.9157114,8.199621567520579e-07,8.19962156752058e-05,2.2728281940647563e-09,1.0596847081686698e-09,5.525714598496578e-05,1.2877235839466085e-05,2.5644281045607416e-06,1.77395261134361e-05,2029366.4988453798
620484469.7949923,7.442342297566827e-07,7.442342297566827e-05,2.504094858068423e-09,1.0688628104131495e-09,6.074208012467963e-05,1.405402297020789e-05,2.5644281045607416e-06,1.9544572810750788e-05,1841943.5588890258
683620510.5086279,6.755001851981906e-07,6.755001851981908e-05,2.758893555869915e-09,1.0781091980544003e-09,6.677520144168114e-05,1.534704142309982e-05,2.5644281045607416e-06,2.1533288088536674e-05,1671830.1381554792
753180821.0163348,6.131141003175447e-07,6.131141003175448e-05,3.0396187381223294e-09,1.087423871092422e-09,7.340405798661127e-05,1.6890165447991115e-05,2.5644281045607416e-06,2.3724360741661252e-05,1517427.6091992678
829819088.8461933,5.564897068057826e-07,5.564897068057827e-05,3.348908497570178e-09,1.0968068295272148e-09,8.069603254135363e-05,1.858150671765413e-05,2.5644281045607416e-06,2.6138381202455994e-05,1377284.9864404532
914255516.07161,5.050948813938465e-07,5.050948813938466e-05,3.6896693603177873e-09,1.1062580733587788e-09,8.871482135477787e-05,2.0424367234489982e-05,2.5644281045607416e-06,2.87980350376794e-05,1250085.2906421404
1007283587.3534502,4.5844664526616744e-07,4.584466452661675e-05,4.06510359967892e-09,1.1157776025871136e-09,9.751319131733873e-05,2.2531997071223716e-05,2.5644281045607416e-06,3.172831613433984e-05,1134633.1727020608
1109777526.6495245,4.161066253053572e-07,4.1610662530535726e-05,4.4787393292875525e-09,1.1253654172122194e-09,0.00010714042188919346,2.49618754323802e-05,2.5644281045607416e-06,3.4956761577776403e-05,1029843.6804537073
1222700512.6652255,3.7767693451544043e-07,3.776769345154405e-05,4.934463658267254e-09,1.1350215172340956e-09,0.00011772323357099556,2.7530324650929718e-05,2.5644281045607416e-06,3.851371042924478e-05,934732.0629139893
1347113730.2494152,3.427964329102051e-07,3.427964329102052e-05,5.436559220032484e-09,1.1447459026527431e-09,0.00012935507261451244,3.0348336993662937e-05,2.5644281045607416e-06,4.243258883485157e-05,848404.5161635713
1484186342.7952623,3.1113733372869427e-07,3.111373337286943e-05,5.989744417997984e-09,1.1545385734681616e-09,0.00014215231049714995,3.357093327797431e-05,2.5644281045607416e-06,4.6750224145123385e-05,770049.7838951054
1635206479.3609757,2.824021230849829e-07,2.824021230849829e-05,6.599217766402563e-09,1.164399529680351e-09,0.00015618799035527025,3.707045322415129e-05,2.5644281045607416e-06,5.150719099712748e-05,698931.5336960949
1801593339.760958,2.563207641049179e-07,2.5632076410491796e-05,7.270706742936341e-09,1.1743287712893117e-09,0.0001716277546584877,4.081045519616681e-05,2.5644281045607416e-06,5.67481926114211e-05,634381.4374231659
1984910531.384053,2.3264815927590568e-07,2.3264815927590574e-05,8.010521612260313e-09,1.184326298295043e-09,0.0001886042590108224,4.522167417678537e-05,2.5644281045607416e-06,6.252248088703855e-05,575792.8906410864
2186880763.070584,2.111618471623801e-07,2.1116184716238015e-05,8.82561472622049e-09,1.1943921106975456e-09,0.0002072501167344517,4.989131824308948e-05,2.5644281045607416e-06,6.888431924232539e-05,522615.3121054595
2409402034.1327124,1.916599118420202e-07,1.9165991184202023e-05,9.723645858025657e-09,1.2045262084968187e-09,0.00022775907801525207,5.4715080535741156e-05,2.5644281045607416e-06,7.589349255112959e-05,474348.9697189351
2654565470.6531796,1.7395908541680582e-07,1.7395908541680584e-05,1.0713054184361565e-08,1.2147285916928635e-09,0.0002502678115251816,5.987176327887066e-05,2.5644281045607416e-06,8.361586896643504e-05,430540.2843382644
2924674976.6776342,1.578930257674096e-07,1.5789302576740963e-05,1.1803137591887807e-08,1.2249992602856788e-09,0.0002750611771916442,6.564253283602863e-05,2.5644281045607416e-06,9.212401891113085e-05,390777.56730009866
3222268884.9710717,1.4331075336625904e-07,1.4331075336625907e-05,1.3004140053393887e-08,1.2353382142752649e-09,0.0003022848235892681,7.183023632847152e-05,2.5644281045607416e-06,0.00010149789705283309,354687.1516092671
3550143810.799645,1.3007523245934247e-07,1.300752324593425e-05,1.4327347894724975e-08,1.245745453661622e-09,0.0003322051317706391,7.863306962874307e-05,2.5644281045607416e-06,0.00011182559367156286,321929.8804326828
3911380932.9019213,1.1806208328352537e-07,1.1806208328352538e-05,1.5785195857138306e-08,1.25622097844475e-09,0.00036509548211011037,8.629396899666226e-05,2.5644281045607416e-06,0.00012320416248120074,292197.91989976884
4309374948.622941,1.0715841321754173e-07,1.0715841321754173e-05,1.7391383951802932e-08,1.266764788624649e-09,0.000401234337155322,9.432375433681901e-05,2.5644281045607416e-06,0.00013574053268410467,265211.8662579525
4747865975.31451,9.726175588249835e-08,9.726175588249835e-06,1.9161006204573072e-08,1.277376884201319e-09,0.0004410001713726948,0.00010282255187295796,2.5644281045607416e-06,0.00014955251382984676,240718.1201979591
5230974697.7929125,8.827910822216355e-08,8.827910822216355e-06,2.1110692500905153e-08,1.2880572651747604e-09,0.00048467043361260934,0.00011202287648765922,2.5644281045607416e-06,0.00016476990292116058,218486.50367431092
5763241092.1491995,8.012605651408779e-08,8.01260565140878e-06,2.3258764863893652e-08,1.2988059315449722e-09,0.0005327268902032116,0.00012213007975578864,2.5644281045607416e-06,0.00018153570417102802,198308.09682531515
6349667089.816237,7.272598309830824e-08,7.272598309830825e-06,2.5625409634037305e-08,1.3096228833119552e-09,0.0005854839498942848,0.00013360149981018208,2.5644281045607416e-06,0.0002000074728734864,179993.27466515015
6995763582.824563,6.600934636893665e-08,6.600934636893665e-06,2.8232867168780658e-08,1.3205081204757094e-09,0.0006435191576004547,0.00014646394405863053,2.5644281045607416e-06,0.00022035879601706824,163369.92509802768
7707602211.975292,5.991302726240643e-08,5.991302726240644e-06,3.110564084451787e-08,1.3314616430362344e-09,0.0007072732010249146,0.00016138637764171344,2.5644281045607416e-06,0.00024278092355482618,148281.83150835685
8491872424.605372,5.437973610105424e-08,5.437973610105425e-06,3.427072732513854e-08,1.3424834509935301e-09,0.0007771925549381014,0.00017764592299388674,2.5644281045607416e-06,0.00026748456566067305,134587.2047274274
9355944338.14098,4.93574742178956e-08,4.935747421789561e-06,3.7757870261045944e-08,1.353573544347597e-09,0.0008538854216984329,0.00019522366102151504,2.5644281045607416e-06,0.0002947018728616111,122157.35058088764
10307938000.194365,4.479904530325584e-08,4.4799045303255844e-06,4.159983980276427e-08,1.3647319230984345e-09,0.0009374501017482901,0.00021488628617857011,2.5644281045607416e-06,0.00032468861765398786,110875.46049539765
11356799696.070377,4.0661611881174995e-08,4.0661611881175e-06,4.583274055584166e-08,1.3759585872460434e-09,0.0010291357612859982,0.00023663636447273888,2.5644281045607416e-06,0.00035772659810534276,100635.51379928082
12512386020.776596,3.690629274760806e-08,3.6906292747608067e-06,5.049635087103151e-08,1.3872535367904228e-09,0.0011292561346850389,0.00026094078101301693,2.5644281045607416e-06,0.0003690629274760807,91341.28140162857
13785556505.5971,3.349779758737845e-08,3.3497797587378455e-06,5.5634496658204646e-08,1.3986167717315735e-09,0.001238617103104747,0.0002891684526167139,2.5644281045607416e-06,0.0003349779758737846,82905.42148701279
15188275669.680408,3.0404095336226975e-08,3.040409533622698e-06,6.12954632368776e-08,1.410048292069495e-09,0.0013576578345134418,0.00032191876798130196,2.5644281045607416e-06,0.0003040409533622698,75248.65872767026
16733725455.664097,2.7596113171412927e-08,2.759611317141293e-06,6.753244909369256e-08,1.4215480978041878e-09,0.001486923763832955,0.0003571615980160005,2.5644281045607416e-06,0.0002759611317141293,68299.0392998653
18436429105.940273,2.5047463302157088e-08,2.504746330215709e-06,7.440406581099677e-08,1.4331161889356515e-09,0.0016272458236889083,0.00039390630084939316,2.5644281045607416e-06,0.0002504746330215709,61991.25470351054
20312387643.679817,2.2734194992460377e-08,2.273419499246038e-06,8.197488886456204e-08,1.4447525654638857e-09,0.0017787707334979337,0.0004343356623152161,2.5644281045607416e-06,0.00022734194992460384,56266.028030691414
22379230241.18472,2.0634569485952686e-08,2.063456948595269e-06,9.031606446652159e-08,1.456457227388891e-09,0.0019418028542037094,0.00047800645390974866,2.5644281045607416e-06,0.0002063456948595269,51069.55691560263
24656379888.643436,1.8728855717645523e-08,1.8728855717645526e-06,9.950597815628358e-08,1.4682301747106678e-09,0.0021171069234850524,0.0005250472546905736,2.5644281045607416e-06,0.00018728855717645528,46353.007931061664
27165235920.148323,1.699914489280601e-08,1.6999144892806012e-06,1.0963099142245128e-07,1.4800714074292152e-09,0.0023048254292038083,0.0005776816252569992,2.5644281045607416e-06,0.00016999144892806015,42072.05768023083
29929375112.24878,1.5429182190471833e-08,1.5429182190471833e-06,1.2078625327809624e-07,1.4919809255445336e-09,0.0025050669829210495,0.0006395951686195587,2.5644281045607416e-06,0.00015429182190471836,38186.47627099374
32974773244.848213,1.400421401005408e-08,1.400421401005408e-06,1.330765944160993e-07,1.5039587290566226e-09,0.0027181181471438616,0.0007045506725968962,2.5644281045607416e-06,0.00014004214010054084,34659.74925871911
36330049206.54543,1.2710849325540186e-08,1.2710849325540188e-06,1.4661751234731294e-07,1.5160048179654828e-09,0.0029431581031720477,0.0007706553499109127,2.5644281045607416e-06,0.00012710849325540187,31458.734504649317
40026733938.381966,1.1536933844383679e-08,1.1536933844383681e-06,1.6153625677930554e-07,1.5281191922711135e-09,0.0031816692125989855,0.0008430164355029326,2.5644281045607416e-06,0.00011536933844383681,28553.350725266766
44099566743.37146,1.0471435788499443e-08,1.0471435788499444e-06,1.7797302543544327e-07,1.540301851973516e-09,0.003432311045695733,0.0009222971458991218,2.5644281045607416e-06,0.00010471435788499445,25916.29480580658
48586821746.35832,9.504342223999691e-09,9.504342223999693e-07,1.9608228155193194e-07,1.5525527970726891e-09,0.0036950140930339685,0.0010057126229729915,2.5644281045607416e-06,9.504342223999693e-05,23522.785221390222
53530667572.08507,8.62656496543805e-09,8.626564965438051e-07,2.1603420543388772e-07,1.5648720275686332e-09,0.003969515069429776,0.0010960432701346222,2.5644281045607416e-06,8.626564965438052e-05,21350.329154601306
58977563621.51554,7.829855170304055e-09,7.829855170304056e-07,2.3801629371132443e-07,1.5772595434613487e-09,0.004255075243859921,0.0011996421255334162,2.5644281045607416e-06,7.829855170304055e-05,19378.511121009065
64978696670.38832,7.10672582117674e-09,7.106725821176742e-07,2.6223512132393476e-07,1.5897153447508344e-09,0.004551240919248992,0.0013155000368413228,2.5644281045607416e-06,7.106725821176741e-05,17588.80111626481
71590461892.90251,6.450381367069253e-09,6.450381367069254e-07,2.889182827927845e-07,1.6022394314370917e-09,0.004857355489488416,0.0014326288350170018,2.5644281045607416e-06,6.450381367069254e-05,15964.380481848317
78874992830.9157,5.854653862774858e-09,5.854653862774858e-07,3.1831653102185946e-07,1.6148318035201195e-09,0.0051727029392512015,0.0015618016795382564,2.5644281045607416e-06,5.854653862774859e-05,14489.983853051974
86900745289.00018,5.313945006088598e-09,5.313945006088598e-07,3.507061337286919e-07,1.6274924609999186e-09,0.005496567661117904,0.00170945973365849,2.5644281045607416e-06,5.3139450060885994e-05,13151.755703920591
95743140642.46387,4.823173528204162e-09,4.823173528204163e-07,3.863914696484326e-07,1.6402214038764887e-09,0.005827478084983576,0.0018688495440367982,2.5644281045607416e-06,4.8231735282041626e-05,11937.120141039766
105485274603.77194,4.377727442891325e-09,4.3777274428913256e-07,4.2570788890899127e-07,1.6530186321498292e-09,0.0061649293441649634,0.002041234159951534,2.5644281045607416e-06,4.377727442891326e-05,10834.662722570103
116218698107.94592,3.97342070571936e-09,3.9734207057193605e-07,4.6902486445739315e-07,1.6658841458199405e-09,0.006509423831028321,0.0022292824507240553,2.5644281045607416e-06,3.973420705719361e-05,9834.02319193092
128044277655.25256,3.6064538760347844e-09,3.606453876034785e-07,5.1674946415265e-07,1.6788179448868231e-09,0.006858589257109304,0.0024422058805785686,2.5644281045607416e-06,3.606453876034786e-05,8925.798118106492
141073143196.17606,3.2733784120178094e-09,3.2733784120178095e-07,5.693301761538234e-07,1.691820029350477e-09,0.007211837317949794,0.00268241395175066,2.5644281045607416e-06,3.27337841201781e-05,8101.452527645519
155427732466.3592,2.9710642632826723e-09,2.971064263282673e-07,6.272611235521137e-07,1.7048903992109018e-09,0.007571303372456407,0.0029292938362968464,2.5644281045607416e-06,2.971064263282673e-05,7353.239697921525
171242941585.5598,2.6966704564762056e-09,2.6966704564762057e-07,6.910867078536063e-07,1.7180290544680974e-09,0.007935701978112561,0.003194559950923201,2.5644281045607416e-06,2.6966704564762058e-05,6674.128357918457
188667392733.29102,2.4476183974549412e-09,2.4476183974549416e-07,7.614067249494639e-07,1.731235995122064e-09,0.008305681396043539,0.0034938511915322515,2.5644281045607416e-06,2.447618397454942e-05,6057.736612416176
207864830814.022,2.221567639150186e-09,2.2215676391501865e-07,8.388820016504722e-07,1.7445112211728018e-09,0.008682947817212022,0.0038133976754522974,2.5644281045607416e-06,2.2215676391501866e-05,5498.271968633867
229015662236.9959,2.0163938874013894e-09,2.0163938874013895e-07,9.242406057548427e-07,1.75785473262031e-09,0.009066104713219796,0.004146084277705327,2.5644281045607416e-06,2.0163938874013897e-05,4990.476901736249
252318650271.2211,1.8301690380694386e-09,1.8301690380694388e-07,1.018284688007881e-06,1.7712665294645898e-09,0.009458439736891408,0.004485740782182596,2.5644281045607416e-06,1.830169038069439e-05,4529.579447658907
277992782907.60596,1.6611430578301722e-09,1.6611430578301724e-07,1.1218980202503137e-06,1.7847466117056403e-09,0.009860847706638004,0.004843660463072201,2.5644281045607416e-06,1.6611430578301726e-05,4111.24835895259
306279330781.3193,1.5077275383743435e-09,1.5077275383743437e-07,1.2360543005944045e-06,1.7982949793434614e-09,0.010273936984806881,0.0052267715116746764,2.5644281045607416e-06,1.5077275383743437e-05,3731.5524022271593
337444114493.54297,1.3684807694658906e-09,1.368480769465891e-07,1.361826303675123e-06,1.811911632378054e-09,0.010699914059427563,0.005601025659358274,2.5644281045607416e-06,1.368480769465891e-05,3386.92341469606
371780002639.58997,1.2420941905837873e-09,1.2420941905837874e-07,1.5003959619650987e-06,1.8255965708094171e-09,0.011141909202416755,0.005969931040174495,2.5644281045607416e-06,1.2420941905837878e-05,3074.122772648166
409609664018.4221,1.1273800938277937e-09,1.1273800938277938e-07,1.653065472891781e-06,1.839349794637551e-09,0.011600950986088689,0.006354939323675984,2.5644281045607416e-06,1.1273800938277939e-05,2790.2109567369894
451288599887.2127,1.0232604625272399e-09,1.02326046252724e-07,1.821269536134952e-06,1.853171303862456e-09,0.012080445330676053,0.006717195666202528,2.5644281045607416e-06,1.02326046252724e-05,2532.5199280797133
497208484756.3582,9.287568406644223e-10,9.287568406644224e-08,2.0065888361037536e-06,1.8670610984841323e-09,0.012585720240939388,0.007059711260320239,2.5644281045607416e-06,9.287568406644224e-06,2298.628055572303
547800847119.77844,8.429811379114001e-10,8.429811379114003e-08,2.2107648962936767e-06,1.88101917850258e-09,0.013117012961932894,0.0073704153795972885,2.5644281045607416e-06,8.429811379114004e-06,2086.337358802332
603541124709.8776,7.651272838712364e-10,7.651272838712365e-08,2.435716445116149e-06,1.895045543917798e-09,0.013679374064403402,0.007652707683252852,2.5644281045607416e-06,7.651272838712366e-06,1893.6528527015448
664953132386.1162,6.944636530950517e-10,6.944636530950518e-08,2.6835574469973673e-06,1.909140194729787e-09,0.014283275354732705,0.007903931485030317,2.5644281045607416e-06,6.944636530950519e-06,1718.7637998311077
732613984643.8054,6.303261896896201e-10,6.303261896896203e-08,2.9566169681921303e-06,1.923303130938547e-09,0.01492765631859585,0.008118246805167258,2.5644281045607416e-06,6.303261896896203e-06,1560.026694119457
807159519002.0353,5.721121669045142e-10,5.721121669045143e-08,3.2574610640001715e-06,1.9375343525440785e-09,0.015617874013884626,0.008301026323880804,2.5644281045607416e-06,5.7211216690451425e-06,1415.949816143687
889290271236.5731,5.192745230550413e-10,5.1927452305504135e-08,3.588916893068301e-06,1.9518338595463805e-09,0.016368767634666322,0.00844316314726211,2.5644281045607416e-06,5.192745230550414e-06,1285.1792148140116
979778058609.5328,4.713167205532345e-10,4.713167205532345e-08,3.9540992853906785e-06,1.966201651945453e-09,0.017183288159379497,0.008536572711446207,2.5644281045607416e-06,4.713167205532346e-06,1166.4859837252523
1079473232961.1716,4.277880797350629e-10,4.277880797350629e-08,4.3564400136778115e-06,1.9806377297412963e-09,0.01806583737652315,0.008567240399868685,2.5644281045607416e-06,4.27788079735063e-06,1058.7547126058923
1189312671824.2192,3.882795436338476e-10,3.8827954363384765e-08,4.799720043169855e-06,1.9951420929339114e-09,0.019030777117903627,0.008546845727309129,2.5644281045607416e-06,3.882795436338477e-06,960.9730053380607
1310328582656.517,3.5241983389971583e-10,3.5241983389971583e-08,5.288105062958901e-06,2.0097147415232966e-09,0.020086517406250736,0.008483652633607942,2.5644281045607416e-06,3.524198338997159e-06,872.2219660449489
1443658202929.167,3.198719617405986e-10,3.198719617405986e-08,5.826184632723588e-06,2.0243556755094536e-09,0.02123996532270862,0.008364758242631382,2.5644281045607416e-06,3.198719617405986e-06,791.6675638393023
1590554487225.8972,2.9033006109665897e-10,2.90330061096659e-08,6.419015312753877e-06,2.0390648948923815e-09,0.022502234358493484,0.008205170429090757,2.5644281045607416e-06,2.90330061096659e-06,718.5527950839949
1752397881784.8777,2.635165142881336e-10,2.6351651428813362e-08,7.072168182577327e-06,2.05384239967208e-09,0.02389277921054486,0.008006215974002416,2.5644281045607416e-06,2.6351651428813367e-06,652.1905695100922
1930709297133.2993,2.391793431250968e-10,2.3917934312509677e-08,7.791781194739278e-06,2.06868818984855e-09,0.025409724077017186,0.007788514344394908,2.5644281045607416e-06,2.391793431250968e-06,591.957253340274
2127164400724.0125,2.1708984096230833e-10,2.1708984096230835e-08,8.584616855727444e-06,2.0836022654217907e-09,0.027066645114597866,0.007532471591221992,2.5644281045607416e-06,2.1708984096230837e-06,537.286808739633
2343609363888.1675,1.9704042344656518e-10,1.970404234465652e-08,9.458125776092925e-06,2.0985846263918023e-09,0.028890563794879174,0.007200352079116348,2.5644281045607416e-06,1.9704042344656523e-06,487.66547451979517
2582078211084.6016,1.788426777591244e-10,1.788426777591244e-08,1.0420516686974855e-05,2.113635272758585e-09,0.03088199384201807,0.006885855137363599,2.5644281045607416e-06,1.7884267775912444e-06,442.6269381086968
2844811934484.1484,1.6232559202111044e-10,1.6232559202111043e-08,1.14808335810034e-05,2.1287542045221383e-09,0.03304947414525427,0.00654728476167384,2.5644281045607416e-06,1.6232559202111047e-06,401.7479534149947
3134279553516.6943,1.4733394822287991e-10,1.4733394822287992e-08,1.26490407025067e-05,2.143941421682463e-09,0.03540365287039815,0.006204090340002179,2.5644281045607416e-06,1.4733394822287993e-06,364.64436340632597
3453201317286.412,1.3372686357502592e-10,1.3372686357502593e-08,1.393611618571053e-05,2.1591969242395576e-09,0.03797525614614442,0.005855238165348395,2.5644281045607416e-06,1.3372686357502596e-06,330.9674900239144
3804574267898.0737,1.2137646657348188e-10,1.2137646657348188e-08,1.5354155220888476e-05,2.1745207121934238e-09,0.040763174319543474,0.005503666230199366,2.5644281045607416e-06,1.213764665734819e-06,300.4008575080279
4191700404923.5938,1.101666953371581e-10,1.1016669533715811e-08,1.6916483717957523e-05,2.1899127855440613e-09,0.043769445360230905,0.005151824297558301,2.5644281045607416e-06,1.1016669533715811e-06,272.6572183420135
4618217715682.493,9.999220692557058e-11,9.999220692557059e-09,1.863778353566515e-05,2.20537314429147e-09,0.047039873590316486,0.004807150567877213,2.5644281045607416e-06,9.99922069255706e-07,247.47585386642126
5088134362940.568,9.075738738687346e-11,9.075738738687347e-09,2.053423045319797e-05,2.220901788435649e-09,0.05054695868991631,0.0044668478265562925,2.5644281045607416e-06,9.075738738687349e-07,224.62012419598284
5605866351303.152,8.23754532332923e-11,8.237545323329231e-09,2.2623646180790045e-05,2.236498717976599e-09,0.05434695334183726,0.004131907375442769,2.5644281045607416e-06,8.237545323329231e-07,203.87524441496504
6176279026269.886,7.476763590014676e-11,7.476763590014676e-09,2.4925665837838325e-05,2.25216393291432e-09,0.05842935872926802,0.0038088210283294802,2.5644281045607416e-06,7.476763590014677e-07,185.04626615287523
6804732795935.053,6.786244152448088e-11,6.786244152448089e-09,2.7461922472387475e-05,2.267897433248812e-09,0.06279696646681576,0.0034942964923681628,2.5644281045607416e-06,6.786244152448089e-07,167.9562455725362
7497133504999.561,6.15949790871287e-11,6.15949790871287e-09,3.0256250355991427e-05,2.2836992189800753e-09,0.06751521683846314,0.0031921710632270323,2.5644281045607416e-06,6.159497908712871e-07,152.44458055434154
8259987934480.462,5.590635060448248e-11,5.590635060448249e-09,3.333490896439946e-05,2.2995692901081093e-09,0.07253783570955365,0.0029036187501942264,2.5644281045607416e-06,5.590635060448249e-07,138.36550145051086
9100464948671.975,5.074309763934071e-11,5.074309763934072e-09,3.6726829748906825e-05,2.3155076466329147e-09,0.07795017916389897,0.002630494599218895,2.5644281045607416e-06,5.074309763934072e-07,125.58670122633029
10026462863981.904,4.605669892946338e-11,4.605669892946339e-09,4.046388801738501e-05,2.3315142885544897e-09,0.08372825415001395,0.002372831568899321,2.5644281045607416e-06,4.6056698929463394e-07,113.98809211523562
11046683672736.834,4.1803114412839124e-11,4.180311441283913e-09,4.458120247997213e-05,2.347589215872837e-09,0.08987667025315293,0.002132241993570905,2.5644281045607416e-06,4.1803114412839136e-07,103.4606771035025
12170714819468.053,3.794237136467907e-11,3.794237136467907e-09,4.911746527437916e-05,2.363732428587955e-09,0.09648722639897765,0.0019071603365100162,2.5644281045607416e-06,3.7942371364679077e-07,93.90552563941446
13409119298164.941,3.443818875688994e-11,3.4438188756889946e-09,5.411530557220061e-05,2.379943926699844e-09,0.10348835454087801,0.0016986166431263107,2.5644281045607416e-06,3.4438188756889944e-07,85.23284394120991
14773534917177.396,3.125763630997582e-11,3.1257636309975823e-09,5.962169018319043e-05,2.3962237102085037e-09,0.11099989707811135,0.0015064582108052194,2.5644281045607416e-06,3.125763630997583e-07,77.36113116710449
16276783664601.186,2.837082503333588e-11,2.837082503333588e-09,6.568836492214952e-05,2.4125717791139346e-09,0.11898026960453822,0.0013305369502092487,2.5644281045607416e-06,2.8370825033335886e-07,70.21641351756345
17932992201899.223,2.5750626345833888e-11,2.575062634583389e-09,7.237234088613669e-05,2.428988133416136e-09,0.12743384906412997,0.0011711231094740852,2.5644281045607416e-06,2.5750626345833893e-07,63.73154907235828
19757724618087.676,2.337241713709822e-11,2.3372417137098224e-09,7.973643021175345e-05,2.445472773115109e-09,0.13647869371114119,0.0010271404046692965,2.5644281045607416e-06,2.3372417137098224e-07,57.84559682967066
21768128692034.184,2.1213848373785356e-11,2.121384837378536e-09,8.784983634724071e-05,2.4620256982108525e-09,0.14601852093606066,0.0008976561895652026,2.5644281045607416e-06,2.1213848373785362e-07,52.5032440178374
23983097037356.39,1.925463507630295e-11,1.9254635076302957e-09,9.678880438642179e-05,2.4786469087033675e-09,0.15620123956926268,0.0007821970587335019,2.5644281045607416e-06,1.9254635076302955e-07,47.65428629794419
26423444644267.324,1.7476365692315065e-11,1.7476365692315068e-09,0.00010663733757595395,2.495336404592653e-09,0.1669703830695136,0.000679655820655243,2.5644281045607416e-06,1.747636569231507e-07,43.25315597251302
29112104486803.24,1.5862329075632136e-11,1.5862329075632138e-09,0.00011748798672920951,2.512094185878709e-09,0.17832641961948686,0.0005891798324849583,2.5644281045607416e-06,1.586232907563214e-07,39.25849376666134
32074343033636.855,1.4397357444533719e-11,1.439735744453372e-09,0.00012944271996523867,2.5289202525615365e-09,0.19040153754844216,0.0004981534317996267,2.5644281045607416e-06,1.439735744453372e-07,35.63276015758092
35337997687723.34,1.3067683843736489e-11,1.306768384373649e-09,0.0001426138809461239,2.5458146046411344e-09,0.20308457386866519,0.00042832539938519545,2.5644281045607416e-06,1.3067683843736493e-07,32.341882599834136
38933738386096.734,1.1860812770518944e-11,1.1860812770518946e-09,0.0001571252446176741,2.5627772421175044e-09,0.21652607151953665,0.00036767654750631876,2.5644281045607416e-06,1.1860812770518947e-07,29.354935331298368
42895355818183.07,1.0765402749220504e-11,1.0765402749220506e-09,0.0001731131803747113,2.579808164990645e-09,0.2306579642959387,0.0003151217377566842,2.5644281045607416e-06,1.0765402749220506e-07,26.64384875075664
47260078971137.26,9.77115975061917e-12,9.771159750619171e-10,0.00019072793358169474,2.596907373260556e-09,0.2454674819790538,0.000269717064262893,2.5644281045607416e-06,9.771159750619174e-08,24.183145636035665
52068924986311.836,8.868740454604288e-12,8.868740454604289e-10,0.00021013503749167672,2.6140748669272385e-09,0.2610715173497917,0.00023054335959748047,2.5644281045607416e-06,8.86874045460429e-08,21.949701723821068
57367084614605.56,8.049664447063254e-12,8.049664447063255e-10,0.00023151686883198324,2.6313106459906914e-09,0.2773594351331312,0.00019685675948460688,2.5644281045607416e-06,8.049664447063255e-08,19.922528401218052
63204346892978.15,7.306234525859218e-12,7.30623452585922e-10,0.00025507436167511444,2.648614710450916e-09,0.2944483317864014,0.00016637204481364642,2.5644281045607416e-06,7.30623452585922e-08,18.082575466918268
69635567032996.01,6.63146436698143e-12,6.63146436698143e-10,0.0002810288957008342,2.6659870603079105e-09,0.3122709290804989,0.00014172935795122877,2.5644281045607416e-06,6.631464366981432e-08,16.41255210843634
76721181918353.25,6.019012871116775e-12,6.019012871116775e-10,0.0003096243765942374,2.6834276955616774e-09,0.330804510975847,0.00012063812850067968,2.5644281045607416e-06,6.019012871116776e-08,14.896764413064322
84527778055716.42,5.463124573669427e-12,5.463124573669428e-10,0.00034112952813017633,2.7009366162122145e-09,0.3501343018738887,0.00010259123926739569,2.5644281045607416e-06,5.463124573669428e-08,13.520967885565602
93128717316165.83,4.9585755582365386e-12,4.958575558236539e-10,0.0003758404174837264,2.718513822259522e-09,0.3701886371045197,8.715120967828395e-05,2.5644281045607416e-06,4.9585755582365396e-08,12.272233586655098
102604826347588.62,4.500624365266152e-12,4.5006243652661526e-10,0.00041408323749809615,2.7361593137036013e-09,0.39104385661019664,7.396908398978877e-05,2.5644281045607416e-06,4.5006243652661525e-08,11.138826634312785
113045156136724.62,4.0849674345652115e-12,4.084967434565212e-10,0.0004562173720561325,2.7538730905444503e-09,0.4126718628152631,6.272504757165891e-05,2.5644281045607416e-06,4.084967434565213e-08,10.110095926155912
124547818858783.98,3.7076986629323974e-12,3.707698662932398e-10,0.0005026387733619878,2.771655152782072e-09,0.4350697463898751,5.184500284356036e-05,2.5644281045607416e-06,3.707698662932398e-08,9.176374046545204
137220909878871.6,3.3652726968615053e-12,3.365272696861506e-10,0.0005537836828707134,2.789505500416464e-09,0.4583118454169082,4.3911988964273064e-05,2.5644281045607416e-06,3.3652726968615066e-08,8.328886417809235
151183523569649.6,3.0544716153616904e-12,3.054471615361691e-10,0.0006101327308329048,2.8074241334476266e-09,0.4824014714061298,3.717059947612964e-05,2.5644281045607416e-06,3.054471615361691e-08,7.559668841843276
166566872491304.22,2.772374689798944e-12,2.772374689798944e-10,0.000672215452979545,2.8254110518755605e-09,0.5074036920824205,3.1445349735903264e-05,2.5644281045607416e-06,2.7723746897989443e-08,6.861492657186227
183515520451226.03,2.5163309365792375e-12,2.516330936579238e-10,0.0007406152667922491,2.843466255700265e-09,0.5333545980661226,2.6585452630893182e-05,2.5644281045607416e-06,2.5163309365792377e-08,6.227796808244963
202188741030978.78,2.2839342047394532e-12,2.2839342047394537e-10,0.0008159749541229983,2.861589744921741e-09,0.5602907115655352,2.246273517676649e-05,2.5644281045607416e-06,2.2839342047394537e-08,5.652626188292291
222762014347212.34,2.073000564333596e-12,2.0730005643335962e-10,0.0008990027016858635,2.8797815195399882e-09,0.5882990474246423,1.897137192128749e-05,2.5644281045607416e-06,2.0730005643335962e-08,5.13057567682145
245428676112210.38,1.881547783123479e-12,1.8815477831234795e-10,0.0009904787561857624,2.898041579555006e-09,0.6174392634028801,1.4956592944730866e-05,2.5644281045607416e-06,1.8815477831234797e-08,4.656739345352718
270401734490986.25,1.707776698707727e-12,1.7077766987077272e-10,0.0010912627566252845,2.9163699249667944e-09,0.6477819641232881,1.2613538817435218e-05,2.5644281045607416e-06,1.7077766987077273e-08,4.2266643543577445
297915871828703.56,1.550054311035092e-12,1.5500543110350922e-10,0.0012023018126943756,2.9347665557753522e-09,0.679402620777077,1.0632661346837914e-05,2.5644281045607416e-06,1.550054311035092e-08,3.8363091080514997
328229650059494.6,1.406898436415348e-12,1.4068984364153481e-10,0.0013246394051589067,2.9532314719806834e-09,0.7123622816326817,8.957247225849228e-06,2.5644281045607416e-06,1.4068984364153483e-08,3.4820052738148366
361627940521826.06,1.2769637788150628e-12,1.276963778815063e-10,0.0014594251918888018,2.971764673582785e-09,0.7467549361091166,7.543020600017372e-06,2.5644281045607416e-06,1.2769637788150631e-08,3.160423309328276
398424601014421.56,1.159029287544282e-12,1.1590292875442821e-10,0.0016079258116771446,2.9903661605816582e-09,0.7826635032479964,6.348987319318638e-06,2.5644281045607416e-06,1.1590292875442823e-08,2.868541173460797
438965425250154.3,1.0519866825290415e-12,1.0519866825290415e-10,0.0017715367873782704,3.009035932977302e-09,0.8201656011236088,5.341747727062106e-06,2.5644281045607416e-06,1.0519866825290415e-08,2.603615926876821
483631392425173.5,9.548300393368415e-13,9.548300393368416e-11,0.001951795640223649,3.0277739907697155e-09,0.8593557785121635,4.492731542878854e-06,2.5644281045607416e-06,9.548300393368417e-09,2.3631579554802893
532842247440830.6,8.666463360811845e-13,8.666463360811846e-11,0.002150396338556312,3.046580333958901e-09,0.900313461226971,3.235309261870342e-06,2.5644281045607416e-06,8.666463360811847e-09,2.144907574462686
587060445423263.4,7.866068733704548e-13,7.86606873370455e-11,0.002369205216764663,3.065454962544857e-09,0.9431394962461905,2.719735544014972e-06,2.5644281045607416e-06,7.86606873370455e-09,1.94681379309339
646795497608944.1,7.139594866707897e-13,7.139594866707898e-11,0.002610278514012592,3.084397876527585e-09,0.987934209587116,2.285592299349245e-06,2.5644281045607416e-06,7.139594866707899e-09,1.7670150406961553
712608759436314.5,6.480214778992334e-13,6.480214778992334e-11,0.0028758816975847446,3.103409075907083e-09,1.0347898682954333,1.9199473290892913e-06,2.5644281045607416e-06,6.480214778992335e-09,1.6038216726855974
785118705839211.5,5.881731998223862e-13,5.881731998223862e-11,0.0031685107524365157,3.1224885606833523e-09,1.0838174861154417,1.6122749574326448e-06,2.5644281045607416e-06,5.881731998223864e-09,1.4557000922655619
865006743316248.4,5.338522329704311e-13,5.338522329704312e-11,0.0034909156370156917,3.141636330856392e-09,1.1351185966843447,1.3534237734566445e-06,2.5644281045607416e-06,5.338522329704313e-09,1.3212583385742611
953023613394602.6,4.845481003445565e-13,4.845481003445566e-11,0.0038461261257799056,3.160852386426202e-09,1.1888087740293845,1.1357643716854682e-06,2.5644281045607416e-06,4.845481003445566e-09,1.1992330058419423
1049996447664279.2,4.397974702496412e-13,4.3979747024964126e-11,0.004237480281263038,3.1801367273927853e-09,1.2450091003077803,9.528735344877323e-07,2.5644281045607416e-06,4.397974702496413e-09,1.0884773706348605
1156836540681930.5,3.9917980217122714e-13,3.9917980217122716e-11,0.004668655823254359,3.1994893537561377e-09,1.3038351820479814,6.858343141778904e-07,2.5644281045607416e-06,3.991798021712272e-09,0.9879506156123361
1274547913789541.2,3.623133947792188e-13,3.6231339477921885e-11,0.0051437046898800305,3.2189102655162623e-09,1.3654191212018603,5.763331914514099e-07,2.5644281045607416e-06,3.623133947792189e-09,0.8967080485279258
1404236750325747.8,3.2885179891975986e-13,3.288517989197599e-11,0.005667091115371853,3.2383994626731565e-09,1.429890450250797,4.841539887913531e-07,2.5644281045607416e-06,3.2885179891975993e-09,0.8138922245585976
1547121790896452.0,2.9848056188665424e-13,2.9848056188665423e-11,0.006243733582356105,3.257956945226823e-09,1.4973892044956019,4.065522096481934e-07,2.5644281045607416e-06,2.984805618866543e-09,0.7387248885346817
1704545786393496.2,2.7091427237687356e-13,2.709142723768736e-11,0.006879051042905889,3.277582713177259e-09,1.5680626210724187,3.413047714944895e-07,2.5644281045607416e-06,2.7091427237687363e-09,0.670499661348328
1877988116390173.2,2.4589387836036685e-13,2.458938783603669e-11,0.0075790138427155014,3.2972767665244678e-09,1.6420579659854093,2.864393353856909e-07,2.5644281045607416e-06,2.458938783603669e-09,0.6085754018115995
2069078691494026.5,2.2318425265905018e-13,2.231842526590502e-11,0.008350199826952941,3.3170391052684466e-09,1.719536230507822,2.403036405628678e-07,2.5644281045607416e-06,2.2318425265905025e-09,0.5523701815827521
2279613270303138.0,2.0257198335770898e-13,2.02571983357709e-11,0.009199856155040705,3.3368697294091967e-09,1.800661626041518,2.0154392243111955e-07,2.5644281045607416e-06,2.0257198335770902e-09,0.5013558165405743
2511570334905832.0,1.8386336828236738e-13,1.838633682823674e-11,0.01013596740526452,3.3567686389467165e-09,1.8856079274912874,1.4439891393591365e-07,2.5644281045607416e-06,1.8386336828236744e-09,0.4550529032157923
2767129683509943.5,1.668825946993967e-13,1.6688259469939674e-11,0.011167330609217565,3.376735833881009e-09,1.9745574017584242,1.2132361953761528e-07,2.5644281045607416e-06,1.6688259469939672e-09,0.41302631363480574
3048692914924437.5,1.5147008712922642e-13,1.5147008712922645e-11,0.01230363792121059,3.3967713142120714e-09,2.0676974564216937,1.0189438446439169e-07,2.5644281045607416e-06,1.5147008712922647e-09,0.37488110623889637
3358905997394718.0,1.3748100774836706e-13,1.3748100774836707e-11,0.013555567699527267,3.416875079939905e-09,2.1652276248550586,8.555133544045736e-08,2.5644281045607416e-06,1.3748100774836707e-09,0.340258814452095
3700684133880319.0,1.2478389528739878e-13,1.247838952873988e-11,0.01493488485545314,3.437047131064509e-09,2.267354845631441,7.18014058612408e-08,2.5644281045607416e-06,1.2478389528739881e-09,0.30883407801983465
4077239157444699.5,1.1325942963406436e-13,1.1325942963406438e-11,0.016454551413101134,3.4572874675858856e-09,2.374296618003489,6.024190915839465e-08,2.5644281045607416e-06,1.1325942963406438e-09,0.2803115854616286
4492109714202875.5,1.0279931053193425e-13,1.0279931053193426e-11,0.018128848319009797,3.4775960895040314e-09,2.486281062948144,5.053046912376578e-08,2.5644281045607416e-06,1.0279931053193425e-09,0.25442329890474763
4949194517469187.0,9.33052398372893e-14,9.330523983728931e-12,0.019973509646212,3.4979729968189498e-09,2.6035455064138473,4.2372866229204914e-08,2.5644281045607416e-06,9.330523983728933e-10,0.23092593521945246
5452788985607715.0,8.468799777007942e-14,8.468799777007942e-12,0.022005870453943484,3.5184181895306374e-09,2.726339723632238,3.5523928382820866e-08,2.5644281045607416e-06,8.468799777007943e-10,0.20959867978499858
6007625607887603.0,7.686660447807641e-14,7.686660447807643e-12,0.02424502969249488,3.5389316676390968e-09,2.854924836364942,2.536306637111812e-08,2.5644281045607416e-06,7.686660447807644e-10,0.1902411114016513
6618918417677365.0,6.976755903510658e-14,6.976755903510658e-12,0.026712029684089342,3.5595134311443266e-09,2.9895741116524275,2.130123099007576e-08,2.5644281045607416e-06,6.976755903510659e-10,0.17267131884828565
7292411990911785.0,6.332414872189932e-14,6.332414872189933e-12,0.02943005386644422,3.5801634800463275e-09,3.130573997256568,1.7882251923549366e-08,2.5644281045607416e-06,6.332414872189933e-10,0.15672419138604646
8034435430291263.0,5.747582209856893e-14,5.747582209856895e-12,0.03242464465729884,3.6008818143450996e-09,3.2782239223028316,1.5007198628062242e-08,2.5644281045607416e-06,5.747582209856895e-10,0.14224986714320095
8851961842524483.0,5.2167619977241514e-14,5.2167619977241515e-12,0.03572394348726749,3.6216684340406423e-09,3.43283758221385,1.2589909574686951e-08,2.5644281045607416e-06,5.216761997724152e-10,0.12911232480003743
9752673867548824.0,4.7349658947420754e-14,4.734965894742076e-12,0.03935895525671444,3.642523339132958e-09,3.594743739690387,1.0558826831014938e-08,2.5644281045607416e-06,4.734965894742077e-10,0.11718810533923937
1.0745035875532346e+16,4.2976662600577994e-14,4.2976662600578e-12,0.043363839701856206,3.663446529622042e-09,3.764286173592747,8.853351519176442e-09,2.5644281045607416e-06,4.2976662600578e-10,0.10636515184952189
1.1838373510124974e+16,3.9007536048673366e-14,3.900753604867337e-12,0.04777623240818883,3.684438005507899e-09,3.941825295074877,7.421327294133171e-09,2.5644281045607416e-06,3.9007536048673377e-10,0.09654175647964441
1.3042961325458048e+16,3.540497973819167e-14,3.5404979738191675e-12,0.05263759848792979,3.705497766790525e-09,4.1277383077067675,6.219574011011089e-09,2.5644281045607416e-06,3.540497973819168e-10,0.08762560464691264
1.4370119340456582e+16,3.21351389305294e-14,3.21351389305294e-12,0.05799362224514026,3.726625813469924e-09,4.322419976048251,4.4206413995494895e-09,2.5644281045607416e-06,3.213513893052941e-10,0.07953290751816716
1.583231941782289e+16,2.916728555476303e-14,2.9167285554763034e-12,0.06389463649036378,3.747822145546092e-09,4.526284159447292,3.711771953366075e-09,2.5644281045607416e-06,2.9167285554763036e-10,0.0721876146108426
1.744330246738282e+16,2.6473529443025577e-14,2.6473529443025578e-12,0.07039609553924418,3.769086763019031e-09,4.739763705395406,3.1152701664422224e-09,2.5644281045607416e-06,2.647352944302558e-10,0.06552069911455466
1.9218207575201024e+16,2.402855623485633e-14,2.4028556234856335e-12,0.07755909634007876,3.790419665888743e-09,4.963312289541143,2.613663949145814e-09,2.5644281045607416e-06,2.402855623485634e-10,0.05946950921710001
2.1173714271946944e+16,2.180938948749676e-14,2.180938948749676e-12,0.08545095262756602,3.811820854155224e-09,5.197404880864167,2.1919691235653536e-09,2.5644281045607416e-06,2.1809389487496764e-10,0.053977179338996914
2.3328199277468972e+16,1.9795174756581638e-14,1.979517475658164e-12,0.09414582749831943,3.833290327818477e-09,5.442538585325478,1.8380003340433154e-09,2.5644281045607416e-06,1.9795174756581644e-10,0.04899209574368653
2.570190919456756e+16,1.7966983618145547e-14,1.7966983618145551e-12,0.10372543035270915,3.8548280868784995e-09,5.699234359033347,1.5406279387145785e-09,2.5644281045607416e-06,1.7966983618145553e-10,0.04446741150152087
2.831715077484857e+16,1.6307635790251192e-14,1.6307635790251195e-12,0.11427978475250926,3.876434131335296e-09,5.968037344594697,1.2908734833435392e-09,2.5644281045607416e-06,1.6307635790251198e-10,0.04036060624943544
3.119850054465928e+16,1.480153768264708e-14,1.4801537682647082e-12,0.12590807441020774,3.898108461188862e-09,6.2495186830961,1.0815764976000558e-09,2.5644281045607416e-06,1.4801537682647083e-10,0.03663308660919621
3.4373035761057044e+16,1.3434535857232613e-14,1.3434535857232614e-12,0.13871957526012463,3.919851076439199e-09,6.5442763815283485,9.060238214044744e-10,2.5644281045607416e-06,1.3434535857232616e-10,0.03324982350917067
3.78705888681933e+16,1.2193784022241698e-14,1.21937840222417e-12,0.1528346823703716,3.941661977086306e-09,6.852936502995217,6.417612145388795e-10,2.5644281045607416e-06,1.2193784022241702e-10,0.03017902300139446
4.1724027845355336e+16,1.1067622310228737e-14,1.106762231022874e-12,0.16838604134601212,3.963541163130185e-09,7.17615485665837,5.385991085874563e-10,2.5644281045607416e-06,1.106762231022874e-10,0.027391827480452238
4.5969565081205064e+16,1.0045467705385442e-14,1.0045467705385444e-12,0.18551979485565578,3.985488634570833e-09,7.514617995202389,4.5183981569859825e-10,2.5644281045607416e-06,1.0045467705385446e-10,0.0248620444964105
5.064709767684589e+16,9.117714590484272e-15,9.117714590484272e-13,0.20439695599566235,4.007504391408254e-09,7.869044982268963,3.7892386187984854e-10,2.5644281045607416e-06,9.117714590484273e-11,0.02256590061333469
5.580058237568046e+16,8.275644478849018e-15,8.275644478849018e-13,0.22519492139800304,4.029588433642445e-09,8.240188766992212,3.1764335491288243e-10,2.5644281045607416e-06,8.275644478849019e-11,0.020481818000302215
6.147844864343637e+16,7.511344083064488e-15,7.511344083064489e-13,0.24810913830110345,4.051740761273408e-09,8.628837747575306,2.662340901030901e-10,2.5644281045607416e-06,7.51134408306449e-11,0.01859021165543965
6.7734053780251224e+16,6.817630950482099e-15,6.8176309504821e-13,0.27335494124985427,4.073961374301142e-09,9.03581759616383,2.2305772745280036e-10,2.5644281045607416e-06,6.8176309504821e-11,0.016873305357412195
7.462618434168539e+16,6.18798596668852e-15,6.18798596668852e-13,0.30116957568498487,4.096250272725645e-09,9.461992854407924,1.8681637704322986e-10,2.5644281045607416e-06,6.187985966688521e-11,0.015314964614788006
8.221960858074315e+16,5.616492092641945e-15,5.616492092641946e-13,0.33181442743838824,4.118607456546921e-09,9.90826889024278,1.5646138957568836e-10,2.5644281045607416e-06,5.616492092641947e-11,0.013900545043427016
9.058568510241323e+16,5.097778759765185e-15,5.097778759765186e-13,0.36557747908582555,4.141032925764967e-09,10.375593761961094,1.310100723722544e-10,2.5644281045607416e-06,5.0977787597651864e-11,0.012616754747037965
9.980303345053294e+16,4.626971400450893e-15,4.626971400450893e-13,0.402776016240475,4.163526680379784e-09,10.864960220040482,9.236391281174956e-11,2.5644281045607416e-06,4.626971400450894e-11,0.011451529407631002
1.099582729287408e+17,4.199645639697553e-15,4.199645639697553e-13,0.4437596092194188,4.186088720391372e-09,11.377407871891025,7.749216984235346e-11,2.5644281045607416e-06,4.199645639697554e-11,0.010393918912042397
1.2114683659855213e+17,3.811785717394281e-15,3.8117857173942814e-13,0.4889133981031319,4.208719045799733e-09,11.914025330348451,6.499182073023049e-11,2.5644281045607416e-06,3.811785717394282e-11,0.009433984449109568
1.3347386810401629e+17,3.4597467505323944e-15,3.459746750532395e-13,0.5386617120589655,4.231417656604861e-09,12.475952572268262,5.449153439557678e-11,2.5644281045607416e-06,3.459746750532395e-11,0.008562705110478238
1.4705520975081942e+17,3.1402204807047753e-15,3.1402204807047756e-13,0.593472056941033,4.254184552806762e-09,13.064383338303694,4.5671938641881037e-11,2.5644281045607416e-06,3.140220480704776e-11,0.0077718931173275906
1.620184911252074e+17,2.8502041850086925e-15,2.8502041850086927e-13,0.6538595086395673,4.277019734405435e-09,13.680567662140122,3.826489047076224e-11,2.5644281045607416e-06,2.850204185008693e-11,0.007054116876365249
1.7850432848294528e+17,2.5869724581943675e-15,2.586972458194368e-13,0.7203915534659325,4.299923201400877e-09,14.325814550198281,3.205159170993681e-11,2.5644281045607416e-06,2.5869724581943678e-11,0.006402631142015997
1.9666764617949248e+17,2.348051600884073e-15,2.3480516008840735e-13,0.7936934210604824,4.322894953793092e-09,15.001494737211384,2.683998172204589e-11,2.5644281045607416e-06,2.3480516008840735e-11,0.0058113136285084304
2.1667913255939386e+17,2.1311963731776515e-15,2.1311963731776518e-13,0.8744539599387138,4.345934991582075e-09,15.709043616557109,2.2466951025170827e-11,2.5644281045607416e-06,2.1311963731776523e-11,0.005274607476178073
2.3872684398654016e+17,1.934368895187573e-15,1.9343688951875733e-13,0.9634321108908795,4.369043314767832e-09,16.44996428124586,1.88054192359189e-11,2.5644281045607416e-06,1.9343688951875735e-11,0.004787469031316802
2.6301797208899094e+17,1.75571949622369e-15,1.7557194962236905e-13,1.0614640390681083,4.392219923350359e-09,17.22583071438927,1.5736976772970143e-11,2.5644281045607416e-06,1.7557194962236906e-11,0.004345320448835581
2.8978079082596243e+17,1.5935693326587706e-15,1.5935693326587708e-13,1.1694709917784796,4.4154648173296574e-09,18.038291141678318,1.1054325524878443e-11,2.5644281045607416e-06,1.593569332658771e-11,0.003944006672326199
3.1926680167432685e+17,1.4463946111281298e-15,1.44639461112813e-13,1.2884679558358305,4.438777996705725e-09,18.889071523945923,9.269633510049137e-12,2.5644281045607416e-06,1.4463946111281302e-11,0.003579756387246893
3.5175309709391034e+17,1.3128122688016393e-15,1.3128122688016396e-13,1.4195731958183047,4.462159461478566e-09,19.779979230400144,7.770727960262204e-12,2.5644281045607416e-06,1.3128122688016398e-11,0.003249146580291318
3.875449644819941e+17,1.19156697616004e-15,1.1915669761600401e-13,1.5640187628713846,4.485609211648175e-09,20.712906874989095,6.512506120981704e-12,2.5644281045607416e-06,1.1915669761600404e-11,0.002949070371891413
4.26978755087559e+17,1.0815193401347639e-15,1.0815193401347641e-13,1.7231620728113863,4.509127247214558e-09,21.68983633600121,5.4562638153183604e-12,2.5644281045607416e-06,1.0815193401347642e-11,0.002676707819561628
4.704250448455792e+17,9.816351967515775e-16,9.816351967515776e-14,1.8984986623333677,4.53271356817771e-09,22.712842969614698,4.569782783542746e-12,2.5644281045607416e-06,9.816351967515778e-12,0.002429499417712176
5.182921168351431e+17,8.909758926561936e-16,8.909758926561937e-14,2.0916762431992693,4.556368174537632e-09,23.78410001535617,3.826232718287787e-12,2.5644281045607416e-06,8.909758926561939e-12,0.0022051220448971024
5.710297980874602e+17,8.086894641934809e-16,8.08689464193481e-14,2.3045101864791255,4.580091066294328e-09,24.90588321537577,3.2027209866683713e-12,2.5644281045607416e-06,8.086894641934812e-12,0.0020014671324639173
6.291336867998717e+17,7.340026311462709e-16,7.34002631146271e-14,2.539000582357368,4.603882243447792e-09,26.080575647763016,2.6798809341536213e-12,2.5644281045607416e-06,7.34002631146271e-12,0.00181662084944613
6.931498096808233e+17,6.662135298955064e-16,6.662135298955065e-14,2.7973510358225955,4.62774170599803e-09,27.310672788695975,2.242166413040728e-12,2.5644281045607416e-06,6.662135298955067e-12,0.0016488461174876928
7.636797531927293e+17,6.046851177123184e-16,6.046851177123185e-14,3.0819893748713922,4.651669453945036e-09,28.59878781500002,1.875535789479331e-12,2.5644281045607416e-06,6.0468511771231845e-12,0.0014965662867863492
8.41386316913314e+17,5.48839186199217e-16,5.488391861992171e-14,3.395590465830483,4.6756654872888165e-09,29.94765715422047,1.3106426455835515e-12,2.5644281045607416e-06,5.4883918619921705e-12,0.0013583503196514526
9.269997421422884e+17,4.981509276223495e-16,4.981509276223496e-14,3.741101350201743,4.699729806029363e-09,31.36014629870429,1.0985884354847713e-12,2.5644281045607416e-06,4.981509276223497e-12,0.001232899342440304
1.0213245742863799e+18,4.521440030722053e-16,4.521440030722054e-14,4.121768939252322,4.723862410166685e-09,32.83925589253636,9.206548435814033e-13,2.5644281045607416e-06,4.521440030722055e-12,0.001119034439495519
1.1252472235112403e+18,4.103860661063403e-16,4.1038606610634034e-14,4.541170526606799,4.748063299700776e-09,34.38812810611428,7.71344442224703e-13,2.5644281045607416e-06,4.103860661063404e-12,0.0010156855743782619
1.239744294711085e+18,3.7248469980777465e-16,3.724846998077747e-14,5.003247405581956,4.7723324746316384e-09,36.01005331119288,6.460740953656526e-13,2.5644281045607416e-06,3.724846998077747e-12,0.0009218815342851843
1.3658917650760328e+18,3.3808372907801693e-16,3.38083729078017e-14,5.5123419071793505,4.796669934959271e-09,37.708477070880704,5.409638058926685e-13,2.5644281045607416e-06,3.3808372907801698e-12,0.0008367408031528318
1.5048750955029005e+18,3.068598735096615e-16,3.068598735096615e-14,6.0732382067984725,4.821075680683674e-09,39.48700745927776,4.529072543653264e-13,2.5644281045607416e-06,3.0685987350966156e-12,0.0007594632776799486
1.658000370870395e+18,2.7851970938428543e-16,2.7851970938428543e-14,6.6912072831473814,4.8455497118048504e-09,41.34942272634493,3.790102742063904e-13,2.5644281045607416e-06,2.7851970938428547e-12,0.0006893227484198786
1.8267065738686403e+18,2.527969122462178e-16,2.527969122462178e-14,7.372056451848949,4.870092028322796e-09,43.29967932428931,3.170836537977369e-13,2.5644281045607416e-06,2.527969122462178e-12,0.0006256600752846171
2.0125791077255273e+18,2.2944975413947183e-16,2.2944975413947185e-14,8.122183939231448,4.8947026302375125e-09,45.341920312517885,2.652212334383688e-13,2.5644281045607416e-06,2.2944975413947187e-12,0.0005678769933278198
2.2173646949083139e+18,2.082588319883727e-16,2.082588319883727e-14,8.948639009155064,4.919381517549001e-09,47.48048415901145,2.2178627244786907e-13,2.5644281045607416e-06,2.0825883198837273e-12,0.0005154304905972252
2.442987791810272e+18,1.89025005774455e-16,1.8902500577445502e-14,9.859188207913153,4.9441286902572616e-09,49.71991395682017,1.5395832756644334e-13,2.5644281045607416e-06,1.8902500577445504e-12,0.00046782770522265407
2.6915686736776356e+18,1.715675271338691e-16,1.715675271338691e-14,10.86238834973756,4.968944148362289e-09,52.06496707525554,1.2900613840321601e-13,2.5644281045607416e-06,1.7156752713386913e-12,0.0004246212937855144
2.965443359729023e+18,1.5572234078888525e-16,1.5572234078888528e-14,11.967666928785595,4.993827891864092e-09,54.52062526628627,1.0807741595175626e-13,2.5644281045607416e-06,1.5572234078888529e-12,0.00038540522744430174
3.267185565711527e+18,1.4134054285137984e-16,1.4134054285137986e-14,13.185410713271708,5.018779920762661e-09,57.092105247602525,9.05260798604766e-14,2.5644281045607416e-06,1.4134054285137987e-12,0.0003498109763106335
3.5996308901914957e+18,1.2828698151028851e-16,1.2828698151028853e-14,14.527063354302717,5.043800235058006e-09,59.78486978483648,7.580909143889559e-14,2.5644281045607416e-06,1.2828698151028852e-12,0.00031750404621868266
3.96590346186806e+18,1.16438986953138e-16,1.16438986953138e-14,16.00523292668511,5.068888834750119e-09,62.604639296475625,6.34718993692001e-14,2.5644281045607416e-06,1.1643898695313801e-12,0.0002881808353426786
4.369445298326226e+18,1.0568521858615624e-16,1.0568521858615624e-14,17.633810412313803,5.094045719839003e-09,65.55740400612875,5.3126905790646166e-14,2.5644281045607416e-06,1.0568521858615625e-12,0.0002615657811226887
4.81404865212538e+18,9.592461871983441e-17,9.592461871983443e-15,19.42810023957778,5.11927089032466e-09,68.6494366679543,4.446280989730411e-14,2.5644281045607416e-06,9.592461871983442e-13,0.0002374087706872208
5.303891648193305e+18,8.706546288726705e-17,8.706546288726706e-15,21.40496410551756,5.144564346207085e-09,71.88730589228747,3.72001179783694e-14,2.5644281045607416e-06,8.706546288726706e-13,0.0002154827904372576
5.843577547425727e+18,7.902449787070771e-17,7.902449787070772e-15,23.582979432293513,5.1699260874862816e-09,75.27789009977671,3.1114277478154286e-14,2.5644281045607416e-06,7.902449787070772e-13,0.0001955817927038616
6.438178005466914e+18,7.17261593360325e-17,7.17261593360325e-15,25.98261394704294,5.195356114162251e-09,78.82839213366687,2.6016388077915173e-14,2.5644281045607416e-06,7.172615933603251e-13,0.00017751875943148492
7.093280733193709e+18,6.510186172286789e-17,6.5101861722867895e-15,28.626418025732068,5.220854426234992e-09,82.54635456127954,2.1749685439818207e-14,2.5644281045607416e-06,6.51018617228679e-13,0.00016112394469053754
7.815042006787088e+18,5.908935371720525e-17,5.9089353717205255e-15,31.539236608532782,5.246421023704501e-09,86.43967569718698,1.8177284172960102e-14,2.5644281045607416e-06,5.908935371720526e-13,0.00014624327950342334
8.610244520852159e+18,5.363213324958589e-17,5.3632133249585896e-15,34.748442678188866,5.272055906570783e-09,90.51662638212866,1.2571496383156689e-14,2.5644281045607416e-06,5.36321332495859e-13,0.00013273692399347163
9.486361128254863e+18,4.867891652136704e-17,4.8678916521367055e-15,38.28419449545888,5.2977590748338345e-09,94.78586755330477,1.0527528215557892e-14,2.5644281045607416e-06,4.867891652136706e-13,0.00012047795325074339
1.0451625065667633e+19,4.418315606926736e-17,4.418315606926737e-15,42.179719008993935,5.323530528493659e-09,99.25646864338296,8.814149642090803e-15,2.5644281045607416e-06,4.4183156069267366e-13,0.00010935116456519694
1.15151073247605e+19,4.0102603339258443e-17,4.010260333925845e-15,46.47162410296238,5.349370267550252e-09,103.93792684729331,7.378421547394927e-15,2.5644281045607416e-06,4.0102603339258453e-13,9.925199481832268e-05
1.2686801896130204e+19,3.6398911659109e-17,3.6398911659109e-15,51.20024261675526,5.375278292003619e-09,108.8401872977538,6.175289160115985e-15,2.5644281045607416e-06,3.6398911659109005e-13,9.008553785947988e-05
1.3977719687037247e+19,3.303727587856221e-17,3.3037275878562214e-15,56.410011369657994,5.401254601853754e-09,113.97366419237262,5.167879282563413e-15,2.5644281045607416e-06,3.303727587856222e-13,8.176565263284443e-05
1.5399991995538555e+19,2.998610529068075e-17,2.9986105290680748e-15,62.14988875235534,5.427299197100659e-09,119.34926291722294,4.323163481450128e-15,2.5644281045607416e-06,2.9986105290680753e-13,7.421415367362925e-05
1.6966984513403318e+19,2.721672676067249e-17,2.7216726760672493e-15,68.47381480954304,5.453412077744339e-09,124.97840321387798,3.616825139761602e-15,2.5644281045607416e-06,2.7216726760672495e-13,6.736007636635195e-05
1.869342292914603e+19,2.470311527237005e-17,2.4703115272370054e-15,75.44121813723872,5.4795932437847885e-09,130.87304343912479,3.024779984992252e-15,2.5644281045607416e-06,2.470311527237006e-13,6.113901006046353e-05
2.059553131152305e+19,2.2421649360193683e-17,2.2421649360193685e-15,83.1175743583265,5.505842695222008e-09,137.0457059688995,2.528994418989188e-15,2.5644281045607416e-06,2.2421649360193686e-13,5.54924927763391e-05
2.2691184573937283e+19,2.035088912829431e-17,2.0350889128294314e-15,91.57502142455141,5.5321604320559985e-09,143.50950380039896,2.1140346273814114e-15,2.5644281045607416e-06,2.0350889128294314e-13,5.036746181344237e-05
2.500007645252716e+19,1.8471374770823134e-17,1.847137477082314e-15,100.89303752723185,5.558546454286761e-09,150.2781684088951,1.7666961048416027e-15,2.5644281045607416e-06,1.847137477082314e-13,4.5715755097782016e-05
2.7543904576496484e+19,1.6765443699943204e-17,1.6765443699943206e-15,111.15918798728455,5.585000761914293e-09,157.36607891841686,1.4760672440931896e-15,2.5644281045607416e-06,1.676544369994321e-13,4.149365858262541e-05
3.034657436987395e+19,1.521706456305295e-17,1.5217064563052953e-15,122.46994814342348,5.611523354938599e-09,164.78829264828246,1.0152834269663807e-15,2.5644281045607416e-06,1.5217064563052953e-13,3.766149544919148e-05
3.3434423700847067e+19,1.3811686589416535e-17,1.3811686589416537e-15,134.9316099715343,5.638114233359672e-09,172.56057710035947,8.498886103958331e-16,2.5644281045607416e-06,1.3811686589416538e-13,3.418325324688049e-05
3.6836470389801538e+19,1.2536102850443259e-17,1.2536102850443261e-15,148.66128095513565,5.664773397177521e-09,180.6994434550206,7.112635378074669e-16,2.5644281045607416e-06,1.2536102850443262e-13,3.10262454691093e-05
4.058468490199627e+19,1.1378326148619316e-17,1.137832614861932e-15,163.78798459370597,5.691500846392134e-09,189.2221816469371,5.951038723091872e-16,2.5644281045607416e-06,1.1378326148619318e-13,2.8160804384447544e-05
4.471429078748935e+19,1.0327476368764485e-17,1.0327476368764487e-15,180.45387289084408,5.718296581003521e-09,198.14689709524006,4.978386496414509e-16,2.5644281045607416e-06,1.0327476368764488e-13,2.5560002236451234e-05
4.926409569166874e+19,9.373678233008839e-18,9.37367823300884e-16,198.81556221650018,5.745160601011682e-09,207.49254916606347,4.164051283673925e-16,2.5644281045607416e-06,9.373678233008839e-14,2.3199398192197788e-05
5.427685604703615e+19,8.507968498648441e-18,8.507968498648443e-16,219.04560509694826,5.7720929064166106e-09,217.27899144918342,3.482520336516179e-16,2.5644281045607416e-06,8.507968498648443e-14,2.1056808661487822e-05
5.9799678873409585e+19,7.722211726778964e-18,7.722211726778966e-16,241.3341117635437,5.79909349721831e-09,227.52701393432332,2.9119992612925645e-16,2.5644281045607416e-06,7.722211726778965e-14,1.911209882830587e-05
6.588446446242074e+19,7.009023830151245e-18,7.009023830151246e-16,265.89053669860436,5.826162373416782e-09,238.25838717670456,2.434675068891199e-16,2.5644281045607416e-06,7.009023830151247e-14,1.7346993435477432e-05
7.2588394106413335e+19,6.3617026817935905e-18,6.361702681793591e-16,292.9456469673929,5.853299535012025e-09,249.49590854569013,2.035335784279474e-16,2.5644281045607416e-06,6.361702681793592e-14,1.574490504438066e-05
7.9974467455121e+19,5.7741651323029884e-18,5.774165132302989e-16,322.7536908333836,5.880504982004038e-09,261.2634506547444,1.7007903683433022e-16,2.5644281045607416e-06,5.77416513230299e-14,1.4290778155802217e-05
8.811209454990772e+19,5.240889843928281e-18,5.240889843928281e-16,355.594787036269,5.907778714392824e-09,273.58601207561964,1.4213155406804095e-16,2.5644281045607416e-06,5.2408898439282815e-14,1.2970947727070637e-05
9.707774809914884e+19,4.75686540423478e-18,4.756865404234781e-16,391.77755718569006,5.935120732178377e-09,286.48977044447605,1.1873892811570804e-16,2.5644281045607416e-06,4.756865404234781e-14,1.1773010755897204e-05
1.06955682124478e+20,4.3175432317510785e-18,4.317543231751079e-16,431.6420260084769,5.962531035360706e-09,300.00213807278146,8.108917319348726e-17,2.5644281045607416e-06,4.317543231751079e-14,1.0685709724139974e-05
1.1783872373129947e+20,3.918794831033999e-18,3.918794831033999e-16,475.5628167041577,5.990009623939802e-09,314.15182018109743,6.786873658734875e-17,2.5644281045607416e-06,3.918794831033999e-14,9.698826806166352e-06
1.2982914544419106e+20,3.556872995458213e-18,3.556872995458213e-16,523.9526714369347,6.017556497915668e-09,328.9688758794962,5.679067879192626e-17,2.5644281045607416e-06,3.556872995458213e-14,8.80308784764242e-06
1.4303962630487985e+20,3.2283765931378543e-18,3.2283765931378544e-16,577.2663300475873,6.045171657288309e-09,344.48478202412105,4.750535347784841e-17,2.5644281045607416e-06,3.228376593137855e-14,7.990075212399852e-06
1.5759431076464014e+20,2.9302186050581205e-18,2.930218605058121e-16,636.0048034352228,6.072855102057717e-09,360.7325000855603,3.9729695985068935e-17,2.5644281045607416e-06,2.930218605058121e-14,7.252148678364559e-06
1.7362997532198443e+20,2.659597115057529e-18,2.6595971150575294e-16,700.7200817676894,6.100606832223899e-09,377.7465461710992,3.321708600728014e-17,2.5644281045607416e-06,2.6595971150575297e-14,6.582373639172249e-06
1.9129731386900398e+20,2.4139689790421214e-18,2.413968979042122e-16,772.0203217655778,6.1284268477868526e-09,395.56306434956963,2.776946568368286e-17,2.5644281045607416e-06,2.413968979042122e-14,5.974455936752926e-06
2.107623538253362e+20,2.191025925989386e-18,2.191025925989386e-16,850.5755618070447,6.156315148746576e-09,414.2199034346077,2.3212649369329418e-17,2.5644281045607416e-06,2.1910259259893862e-14,5.4226827124767505e-06
2.322080163677269e+20,1.988672866153644e-18,1.9886728661536444e-16,937.1240185605462,6.184271735103071e-09,433.7566973893942,1.9399509999035676e-17,2.5644281045607416e-06,1.9886728661536445e-14,4.92186872101631e-06
2.5583583541736417e+20,1.805008202625383e-18,1.805008202625383e-16,1032.4790243177674,6.2122966068563346e-09,454.21494952372746,1.6213079899903556e-17,2.5644281045607416e-06,1.8050082026253834e-14,4.4673076024125565e-06
2.8186785153898263e+20,1.6383059612245078e-18,1.638305961224508e-16,1137.5366702195845,6.240389764006371e-09,475.63812066224966,1.354750896892391e-17,2.5644281045607416e-06,1.638305961224508e-14,4.05472765442885e-06
3.105486985495627e+20,1.4869995707940797e-18,1.4869995707940797e-16,1253.284227201905,6.268551206553178e-09,498.0717214711792,1.13189444296555e-17,2.5644281045607416e-06,1.4869995707940798e-14,3.6802516895660252e-06
3.421479024453012e+20,1.3496671414716184e-18,1.3496671414716186e-16,1380.8094237962982,6.296780934496755e-09,521.5634091396296,9.455395495647261e-18,2.5644281045607416e-06,1.3496671414716188e-14,3.3403605994991376e-06
