E_prime_GeV_total,rate_acc,rate_acc_2,rate_sync,rate_Op,rate_pg,rate_photodisintegration,t_ad_val,Shear,ESC
157.6352446283938,15.886526052304898,1588.6526052304898,1.8709259589905613e-14,1.2691457364135551e-08,1.064227775924239e-10,7.2474680930652034e-12,8.100336393771232e-06,9.135491919427702e-12,3940674494324.903
157.6352446283938,15.886526052304898,1588.6526052304898,1.8709259589905613e-14,1.2691457364135551e-08,1.064227775924239e-10,7.2474680930652034e-12,8.100336393771232e-06,9.135491919427702e-12,3940674494324.903
157.6352446283938,15.886526052304898,1588.6526052304898,1.8709259589905613e-14,1.2691457364135551e-08,1.064227775924239e-10,7.2474680930652034e-12,8.100336393771232e-06,9.135491919427702e-12,3940674494324.903
157.6352446283938,15.886526052304898,1588.6526052304898,1.8709259589905613e-14,1.2691457364135551e-08,1.064227775924239e-10,7.2474680930652034e-12,8.100336393771232e-06,9.135491919427702e-12,3940674494324.903
157.6352446283938,15.886526052304898,1588.6526052304898,1.8709259589905613e-14,1.2691457364135551e-08,1.064227775924239e-10,7.2474680930652034e-12,8.100336393771232e-06,9.135491919427702e-12,3940674494324.903
157.6352446283938,15.886526052304898,1588.6526052304898,1.8709259589905613e-14,1.2691457364135551e-08,1.064227775924239e-10,7.2474680930652034e-12,8.100336393771232e-06,9.135491919427702e-12,3940674494324.903
157.6352446283938,15.886526052304898,1588.6526052304898,1.8709259589905613e-14,1.2691457364135551e-08,1.064227775924239e-10,7.2474680930652034e-12,8.100336393771232e-06,9.135491919427702e-12,3940674494324.903
157.6352446283938,15.886526052304898,1588.6526052304898,1.8709259589905613e-14,1.2691457364135551e-08,1.064227775924239e-10,7.2474680930652034e-12,8.100336393771232e-06,9.135491919427702e-12,3940674494324.903
157.6352446283938,15.886526052304898,1588.6526052304898,1.8709259589905613e-14,1.2691457364135551e-08,1.064227775924239e-10,7.2474680930652034e-12,8.100336393771232e-06,9.135491919427702e-12,3940674494324.903
157.6352446283938,15.886526052304898,1588.6526052304898,1.8709259589905613e-14,1.2691457364135551e-08,1.064227775924239e-10,7.2474680930652034e-12,8.100336393771232e-06,9.135491919427702e-12,3940674494324.903
157.6352446283938,15.886526052304898,1588.6526052304898,1.8709259589905613e-14,1.2691457364135551e-08,1.064227775924239e-10,7.2474680930652034e-12,8.100336393771232e-06,9.135491919427702e-12,3940674494324.903
157.6352446283938,15.886526052304898,1588.6526052304898,1.8709259589905613e-14,1.2691457364135551e-08,1.064227775924239e-10,7.2474680930652034e-12,8.100336393771232e-06,9.135491919427702e-12,3940674494324.903
157.6352446283938,15.886526052304898,1588.6526052304898,1.8709259589905613e-14,1.2691457364135551e-08,1.064227775924239e-10,7.2474680930652034e-12,8.100336393771232e-06,9.135491919427702e-12,3940674494324.903
157.6352446283938,15.886526052304898,1588.6526052304898,1.8709259589905613e-14,1.2691457364135551e-08,1.064227775924239e-10,7.2474680930652034e-12,8.100336393771232e-06,9.135491919427702e-12,3940674494324.903
157.6352446283938,15.886526052304898,1588.6526052304898,1.8709259589905613e-14,1.2691457364135551e-08,1.064227775924239e-10,7.2474680930652034e-12,8.100336393771232e-06,9.135491919427702e-12,3940674494324.903
157.6352446283938,15.886526052304898,1588.6526052304898,1.8709259589905613e-14,1.2691457364135551e-08,1.064227775924239e-10,7.2474680930652034e-12,8.100336393771232e-06,9.135491919427702e-12,3940674494324.903
157.6352446283938,15.886526052304898,1588.6526052304898,1.8709259589905613e-14,1.2691457364135551e-08,1.064227775924239e-10,7.2474680930652034e-12,8.100336393771232e-06,9.135491919427702e-12,3940674494324.903
157.6352446283938,15.886526052304898,1588.6526052304898,1.8709259589905613e-14,1.2691457364135551e-08,1.064227775924239e-10,7.2474680930652034e-12,8.100336393771232e-06,9.135491919427702e-12,3940674494324.903
157.6352446283938,15.886526052304898,1588.6526052304898,1.8709259589905613e-14,1.2691457364135551e-08,1.064227775924239e-10,7.2474680930652034e-12,8.100336393771232e-06,9.135491919427702e-12,3940674494324.903
157.6352446283938,15.886526052304898,1588.6526052304898,1.8709259589905613e-14,1.2691457364135551e-08,1.064227775924239e-10,7.2474680930652034e-12,8.100336393771232e-06,9.135491919427702e-12,3940674494324.903
157.6352446283938,15.886526052304898,1588.6526052304898,1.8709259589905613e-14,1.2691457364135551e-08,1.064227775924239e-10,7.2474680930652034e-12,8.100336393771232e-06,9.135491919427702e-12,3940674494324.903
157.6352446283938,15.886526052304898,1588.6526052304898,1.8709259589905613e-14,1.2691457364135551e-08,1.064227775924239e-10,7.2474680930652034e-12,8.100336393771232e-06,9.135491919427702e-12,3940674494324.903
157.6352446283938,15.886526052304898,1588.6526052304898,1.8709259589905613e-14,1.2691457364135551e-08,1.064227775924239e-10,7.2474680930652034e-12,8.100336393771232e-06,9.135491919427702e-12,3940674494324.903
157.6352446283938,15.886526052304898,1588.6526052304898,1.8709259589905613e-14,1.2691457364135551e-08,1.064227775924239e-10,7.2474680930652034e-12,8.100336393771232e-06,9.135491919427702e-12,3940674494324.903
157.6352446283938,15.886526052304898,1588.6526052304898,1.8709259589905613e-14,1.2691457364135551e-08,1.064227775924239e-10,7.2474680930652034e-12,8.100336393771232e-06,9.135491919427702e-12,3940674494324.903
157.6352446283938,15.886526052304898,1588.6526052304898,1.8709259589905613e-14,1.2691457364135551e-08,1.064227775924239e-10,7.2474680930652034e-12,8.100336393771232e-06,9.135491919427702e-12,3940674494324.903
157.6352446283938,15.886526052304898,1588.6526052304898,1.8709259589905613e-14,1.2691457364135551e-08,1.064227775924239e-10,7.2474680930652034e-12,8.100336393771232e-06,9.135491919427702e-12,3940674494324.903
157.6352446283938,15.886526052304898,1588.6526052304898,1.8709259589905613e-14,1.2691457364135551e-08,1.064227775924239e-10,7.2474680930652034e-12,8.100336393771232e-06,9.135491919427702e-12,3940674494324.903
157.6352446283938,15.886526052304898,1588.6526052304898,1.8709259589905613e-14,1.2691457364135551e-08,1.064227775924239e-10,7.2474680930652034e-12,8.100336393771232e-06,9.135491919427702e-12,3940674494324.903
157.6352446283938,15.886526052304898,1588.6526052304898,1.8709259589905613e-14,1.2691457364135551e-08,1.064227775924239e-10,7.2474680930652034e-12,8.100336393771232e-06,9.135491919427702e-12,3940674494324.903
157.6352446283938,15.886526052304898,1588.6526052304898,1.8709259589905613e-14,1.2691457364135551e-08,1.064227775924239e-10,7.2474680930652034e-12,8.100336393771232e-06,9.135491919427702e-12,3940674494324.903
157.6352446283938,15.886526052304898,1588.6526052304898,1.8709259589905613e-14,1.2691457364135551e-08,1.064227775924239e-10,7.2474680930652034e-12,8.100336393771232e-06,9.135491919427702e-12,3940674494324.903
157.6352446283938,15.886526052304898,1588.6526052304898,1.8709259589905613e-14,1.2691457364135551e-08,1.064227775924239e-10,7.2474680930652034e-12,8.100336393771232e-06,9.135491919427702e-12,3940674494324.903
157.6352446283938,15.886526052304898,1588.6526052304898,1.8709259589905613e-14,1.2691457364135551e-08,1.064227775924239e-10,7.2474680930652034e-12,8.100336393771232e-06,9.135491919427702e-12,3940674494324.903
157.6352446283938,15.886526052304898,1588.6526052304898,1.8709259589905613e-14,1.2691457364135551e-08,1.064227775924239e-10,7.2474680930652034e-12,8.100336393771232e-06,9.135491919427702e-12,3940674494324.903
157.6352446283938,15.886526052304898,1588.6526052304898,1.8709259589905613e-14,1.2691457364135551e-08,1.064227775924239e-10,7.2474680930652034e-12,8.100336393771232e-06,9.135491919427702e-12,3940674494324.903
157.6352446283938,15.886526052304898,1588.6526052304898,1.8709259589905613e-14,1.2691457364135551e-08,1.064227775924239e-10,7.2474680930652034e-12,8.100336393771232e-06,9.135491919427702e-12,3940674494324.903
157.6352446283938,15.886526052304898,1588.6526052304898,1.8709259589905613e-14,1.2691457364135551e-08,1.064227775924239e-10,7.2474680930652034e-12,8.100336393771232e-06,9.135491919427702e-12,3940674494324.903
157.6352446283938,15.886526052304898,1588.6526052304898,1.8709259589905613e-14,1.2691457364135551e-08,1.064227775924239e-10,7.2474680930652034e-12,8.100336393771232e-06,9.135491919427702e-12,3940674494324.903
157.6352446283938,15.886526052304898,1588.6526052304898,1.8709259589905613e-14,1.2691457364135551e-08,1.064227775924239e-10,7.2474680930652034e-12,8.100336393771232e-06,9.135491919427702e-12,3940674494324.903
157.6352446283938,15.886526052304898,1588.6526052304898,1.8709259589905613e-14,1.2691457364135551e-08,1.064227775924239e-10,7.2474680930652034e-12,8.100336393771232e-06,9.135491919427702e-12,3940674494324.903
138.29195419423903,18.108619804685333,1810.8619804685334,1.6413461826476044e-14,1.2114528718039383e-08,8.617222451681179e-11,5.9017131572162555e-12,8.100336393771232e-06,8.014483265094482e-12,4491867885830.017
106.9980525005307,23.40487851905541,2340.487851905541,1.2699281461870472e-14,9.612992832101845e-09,5.657179154065126e-11,3.941717970059718e-12,8.100336393771232e-06,6.200896546437894e-12,5805612096637.898
94.0644214350279,26.622992863249426,2662.2992863249424,1.116422715586806e-14,7.2394010871137296e-09,4.568244249635375e-11,3.237892008662695e-12,8.100336393771232e-06,5.45134918241853e-12,6603869756886.193
86.01977407219596,29.112799325055278,2911.279932505528,1.020943182329329e-14,5.056743602058964e-09,3.9326282307773886e-11,2.8532226781418712e-12,8.100336393771232e-06,4.985134845954341e-12,7221469651761.898
80.60663084810464,31.067871144118392,3106.7871144118394,9.566961911088002e-15,3.2758224679392673e-09,3.525918534560314e-11,2.578915913176359e-12,8.100336393771232e-06,4.671425013492905e-12,7706427887853.899
76.95444140297124,32.542324716994735,3254.2324716994735,9.133494379372026e-15,2.0107366535160245e-09,3.261586533633646e-11,2.4219233253964426e-12,8.100336393771232e-06,4.459768367525892e-12,8072168111271.531
74.63324322651167,33.55443649889316,3355.4436498893165,8.857998253201931e-15,1.2446238376484125e-09,3.097752030514732e-11,2.3263917145679894e-12,8.100336393771232e-06,4.325247136348019e-12,8323223821701.957
73.40341097068013,34.11662193124416,3411.6621931244163,8.712033110821286e-15,8.745754825638294e-10,3.012344144047169e-11,2.2759316251621255e-12,8.100336393771232e-06,4.2539742261439204e-12,8462674686356.232
73.12333295330848,34.24729589595557,3424.7295895955567,8.67879148173773e-15,7.955304113959992e-10,2.993163953171544e-11,2.2648299139496034e-12,8.100336393771232e-06,4.237742764261524e-12,8495088541853.347
73.70836590530256,33.975470623888526,3397.5470623888527,8.74822730742068e-15,9.630555558652302e-10,3.0334287710591625e-11,2.2883911329631393e-12,8.100336393771232e-06,4.271647388942001e-12,8427661911700.173
75.11025196299532,33.341339632094694,3334.133963209469,8.914613005179281e-15,1.3963096550221295e-09,3.1312469775268176e-11,2.346905270234159e-12,8.100336393771232e-06,4.352891394888776e-12,8270364852721.042
77.30591424612874,32.39437040453656,3239.4370404536558,9.175209648548901e-15,2.1312200465368827e-09,3.286665186262292e-11,2.43634113621085e-12,8.100336393771232e-06,4.48013739937618e-12,8035467841904.288
80.29101043125708,31.189997573819614,3118.9997573819614,9.529501860040438e-15,3.166775410782854e-09,3.502673394408382e-11,2.5632691668358366e-12,8.100336393771232e-06,4.6531337501747655e-12,7736721515612.546
84.07609948807251,29.78583016812886,2978.5830168128864,9.978742852445476e-15,4.4413651260764565e-09,3.784947427973298e-11,2.7528539379537907e-12,8.100336393771232e-06,4.872492375045533e-12,7388415872002.998
88.68434097134956,28.23809020985416,2823.809020985416,1.0525681364621783e-14,5.8463215618478334e-09,4.1390438524372085e-11,2.986952536019846e-12,8.100336393771232e-06,5.139555447980087e-12,7004496860550.161
94.15014642096354,26.598752266972895,2659.8752266972892,1.1174401600161858e-14,7.259453161951126e-09,4.5753244083402536e-11,3.2419760349140303e-12,8.100336393771232e-06,5.456317233301784e-12,6597856843857.904
100.51845495005709,24.91359842125201,2491.3598421252013,1.1930237249101245e-14,8.576673184905234e-09,5.101102267611285e-11,3.558447114449214e-12,8.100336393771232e-06,5.825382103566702e-12,6179852129864.29
107.84444039496618,23.221191666244902,2322.1191666244904,1.2799736730411951e-14,9.729316325221161e-09,5.7313510711022984e-11,3.9923128047114176e-12,8.100336393771232e-06,6.249947567918175e-12,5760048321811.988
116.19353364129194,21.55263156279881,2155.263156279881,1.379066584181766e-14,1.0686274732776006e-08,6.482141540615608e-11,4.466020354071357e-12,8.100336393771232e-06,6.733805565957648e-12,5346159708263.015
125.64168865112634,19.931890819329446,1993.1890819329446,1.491203933377607e-14,1.1446478815765698e-08,7.369808269695088e-11,5.019375652845972e-12,8.100336393771232e-06,7.281357884915992e-12,4944132752295.741
136.2758482593395,18.376524178992266,1837.6524178992265,1.6174176193458473e-14,1.202805961535694e-08,8.414625528426721e-11,5.7613863761944305e-12,8.100336393771232e-06,7.897643154112936e-12,4558321931936.3545
148.19458335688333,16.898569190748464,1689.8569190748465,1.7588775507520123e-14,1.245845848900456e-08,9.635333653658825e-11,6.590235460285598e-12,8.100336393771232e-06,8.58837388777653e-12,4191713177652.5566
161.50889069677223,15.50550195563,1550.5501955630002,1.9169011151325493e-14,1.2767294475164186e-08,1.1065164949148949e-10,7.559316216104044e-12,8.100336393771232e-06,9.359982720579543e-12,3846160946520.5283
176.34314256327315,14.20115567948372,1420.115567948372,2.092964450236745e-14,1.298212330390082e-08,1.2735972348289327e-10,8.806236130091845e-12,8.100336393771232e-06,1.021967744415892e-11,3522616070488.2017
192.83618730665881,12.986548093112805,1298.6548093112806,2.2887155059472582e-14,1.312645323139976e-08,1.4676622156837835e-10,1.0223587564783402e-11,8.100336393771232e-06,1.1175504786801427e-11,3221330999071.914
211.1426040988573,11.860592660768395,1186.0592660768395,2.5059889366027248e-14,1.3219226115442599e-08,1.6917392373622315e-10,1.1938278703474499e-11,8.100336393771232e-06,1.223642313074823e-11,2942036215594.5386
231.4341187324637,10.820688126133039,1082.0688126133039,2.746822904696259e-14,1.3275103654544839e-08,1.9516758172381863e-10,1.3987409339001445e-11,8.100336393771232e-06,1.3412384562503262e-11,2684086474872.223
253.90119020440338,9.863192915851887,986.3192915851887,3.0134779115663207e-14,1.3305106642490493e-08,2.252407581907524e-10,1.6424766096950978e-11,8.100336393771232e-06,1.4714426820685793e-11,2446578479658.5205
278.7547804203989,8.983797216943348,898.3797216943348,3.3084578014940854e-14,1.3317339516074512e-08,2.5991274694785696e-10,1.9365072154157672e-11,8.100336393771232e-06,1.6154775856348708e-11,2228443174954.4995
306.22832178121257,8.177808002813126,817.7808002813127,3.6345331144009094e-14,1.3317663750424694e-08,2.996736721837998e-10,2.27697801414999e-11,8.100336393771232e-06,1.7746959861210318e-11,2028516449100.9814
336.5798997759256,7.440362369284764,744.0362369284763,3.994766990400533e-14,1.3310264878530638e-08,3.453899898062886e-10,2.6898179714397012e-11,8.100336393771232e-06,1.950593575626619e-11,1845592052072.4143
370.094670092428,6.766583317519845,676.6583317519845,4.392543857766502e-14,1.3298102424528154e-08,3.979002019144459e-10,3.1911301335928824e-11,8.100336393771232e-06,2.1448229271461038e-11,1678460237643.091
407.0875322237158,6.151690293413859,615.1690293413859,4.831601165172227e-14,1.3283253169374538e-08,4.581616228885264e-10,3.7585541674220345e-11,8.100336393771232e-06,2.3592089890154244e-11,1525935182835.3276
447.9060841521014,5.591074801520274,559.1074801520275,5.3160644499614283e-14,1.3267165923891976e-08,5.265973038894335e-10,4.450223462265616e-11,8.100336393771232e-06,2.595766208299455e-11,1386873744056.6506
492.9338854763338,5.080349503930921,508.0349503930921,5.85048606723598e-14,1.3250846877515148e-08,6.04851226230673e-10,5.275500527523875e-11,8.100336393771232e-06,2.8567174417097447e-11,1260187636144.1619
542.5940593492325,4.615377513631409,461.5377513631409,6.439887940185246e-14,1.323499244872029e-08,6.942759926085569e-10,6.201232327613532e-11,8.100336393771232e-06,3.14451483004299e-11,1144850698621.3777
597.3532668540741,4.192287143149075,419.22871431490756,7.089808730780482e-14,1.3220083441568265e-08,7.961798587825396e-10,7.300837608341687e-11,8.100336393771232e-06,3.461862831027181e-11,1039902554120.5029
657.7260910046923,3.807476174048519,380.7476174048519,7.806355872171589e-14,1.3206451207472279e-08,9.117213742316609e-10,8.655061064279474e-11,8.100336393771232e-06,3.8117436260747485e-11,944449667436.6327
724.279871445598,3.4576087494356584,345.76087494356585,8.596262950308737e-14,1.3194323830126538e-08,1.0426479048386516e-09,1.0209059971215042e-10,8.100336393771232e-06,4.1974451389937344e-11,857664574709.1381
797.6400351950391,3.139607228890019,313.9607228890019,9.466952972950445e-14,1.3183858202673465e-08,1.1914254956967931e-09,1.1985002500691144e-10,8.100336393771232e-06,4.622591929434402e-11,778783863026.4901
878.4959734585965,2.8506407498843935,285.06407498843936,1.0426608119820942e-13,1.3175162220677495e-08,1.360010683169491e-09,1.4089190474769076e-10,8.100336393771232e-06,5.091179250998038e-11,707105333070.7777
967.6075196897356,2.58811178043907,258.811178043907,1.1484246628789227e-13,1.3168310092088094e-08,1.5511431751304332e-09,1.6546080714816262e-10,8.100336393771232e-06,5.607610593773805e-11,641984663485.2146
1065.8120897367928,2.3496415969243474,234.96415969243475,1.2649807540155692e-13,1.3163352876471e-08,1.7662587560773355e-09,1.9409368432826363e-10,8.100336393771232e-06,6.176739063888898e-11,582831808623.2102
1174.0325511472502,2.133055355324932,213.3055355324932,1.3934244095090253e-13,1.3160325729338516e-08,2.009058620929582e-09,2.2702440485330372e-10,8.100336393771232e-06,6.803912988770092e-11,529107295455.10443
1293.2858955595116,1.936367224871817,193.6367224871817,1.534962666567786e-13,1.3159252876957102e-08,2.283295249169205e-09,2.6417816286957437e-10,8.100336393771232e-06,7.495026176567125e-11,480318535945.2438
1424.6927956646784,1.7577659044608875,175.77659044608876,1.6909256183662902e-13,1.3160151030978634e-08,2.592257677929969e-09,3.0948832168676447e-10,8.100336393771232e-06,8.256573301956346e-11,436016234379.82465
1569.4881365373813,1.5956007326537625,159.56007326537625,1.8627789133690951e-13,1.3163031732000209e-08,2.9406421794651372e-09,3.603565543080688e-10,8.100336393771232e-06,9.09571093874033e-11,395790941933.6238
1729.032620294306,1.44836852188721,144.83685218872102,2.0521375285558485e-13,1.3167902958462098e-08,3.331208068529669e-09,4.18932984150623e-10,8.100336393771232e-06,1.0020324812742031e-10,359269790877.65436
1904.8255531277696,1.3147011895332628,131.47011895332628,2.2607809459721396e-13,1.31747702318484e-08,3.769692070609338e-09,4.859663597426801e-10,8.100336393771232e-06,1.1039103906959474e-10,326113426446.7265
2098.518934874581,1.193354217077914,119.3354217077914,2.4906698752208366e-13,1.3183637376560146e-08,4.261986555693548e-09,5.652035909721045e-10,8.100336393771232e-06,1.2161622115349972e-10,296013144122.95435
2311.932983522162,1.0831959396743596,108.31959396743596,2.743964679037897e-13,1.3194507042966334e-08,4.81509484682922e-09,6.520517560842719e-10,8.100336393771232e-06,1.339842821255772e-10,268688232894.80243
2547.0732405395092,0.9831976484586636,98.31976484586636,3.023045675102293e-13,1.3207381067945214e-08,5.435226270683769e-09,7.531424051273585e-10,8.100336393771232e-06,1.4761144985052396e-10,243883520122.96298
2806.149417777053,0.8924244748642951,89.24244748642951,3.3305355048623893e-13,1.3222260723808314e-08,6.1302163720068586e-09,8.717732556723907e-10,8.100336393771232e-06,1.626257845524443e-10,221367110382.12125
3091.596163045957,0.8100270179152785,81.00270179152785,3.6693237795860507e-13,1.3239146890471133e-08,6.9035634761417354e-09,1.0013548397478885e-09,8.100336393771232e-06,1.791683822499221e-10,200928308599.5808
3406.0959395188247,0.7352336707533288,73.52336707533289,4.04259423524266e-13,1.3258040174768253e-08,7.769646207838416e-09,1.1542828886014602e-09,8.100336393771232e-06,1.9739470069414255e-10,182375716639.83508
3752.6042339581786,0.6673436004491656,66.73436004491656,4.4538546514017496e-13,1.3278940993308271e-08,8.738552286282595e-09,1.3228116736419721e-09,8.100336393771232e-06,2.1747602027040696e-10,165535491937.17105
4134.377330664454,0.6057203347107073,60.57203347107073,4.906969815308014e-13,1.3301849630129968e-08,9.82103798203278e-09,1.5146785164417664e-09,8.100336393771232e-06,2.3960105359171066e-10,150249756669.87415
4555.002912146568,0.549785909877779,54.9785909877779,5.406197840909489e-13,1.3326766276905872e-08,1.1031265825873897e-08,1.742289206899708e-09,8.100336393771232e-06,2.639777189103896e-10,136375146162.31924
5018.43377408202,0.4990155361786198,49.901553617861985,5.956230184143618e-13,1.3353691061030351e-08,1.2380431767017433e-08,1.9891181442556083e-09,8.100336393771232e-06,2.908350940133058e-10,123781485594.55824
5529.024971399947,0.4529327383226399,45.29327383226399,6.562235730521356e-13,1.3382624065276699e-08,1.387552481378368e-08,2.2672662260786334e-09,8.100336393771232e-06,3.2042556896213366e-10,112350584619.71336
6091.574744564392,0.4111049319036985,41.11049319036985,7.229909369318777e-13,1.3413565341572518e-08,1.5542934862237352e-08,2.5892563129605424e-09,8.100336393771232e-06,3.5302721790894526e-10,101975140084.76627
6711.369610659018,0.3731393986367752,37.31393986367752,7.965525510847982e-13,1.3446514920661182e-08,1.740082036672283e-08,2.947966226436916e-09,8.100336393771232e-06,3.889464122760301e-10,92557737682.51468
7394.234043013295,0.3386796260414137,33.867962604141375,8.775997049731774e-13,1.3481472818878798e-08,1.947137472475603e-08,3.3467376528237283e-09,8.100336393771232e-06,4.2852069985710465e-10,84009944005.04955
8146.58520623009,0.3074019797442604,30.740197974426042,9.668940328284283e-13,1.351843904290381e-08,2.177536400337704e-08,3.826084102709299e-09,8.100336393771232e-06,4.721219768960155e-10,76251481103.8525
8975.49326098305,0.27901267905092836,27.901267905092833,1.065274671048616e-12,1.3557413593078715e-08,2.433973831349976e-08,4.332279601092865e-09,8.100336393771232e-06,5.201599829523097e-10,69209476276.26447
9888.7478052932,0.253245048802838,25.3245048802838,1.173666143916492e-12,1.3598396465724343e-08,2.7174047703134557e-08,4.887656639303282e-09,8.100336393771232e-06,5.730861513963889e-10,62817780384.8199
10894.931076661114,0.22985702276860112,22.985702276860113,1.2930870517434205e-12,1.364138765474256e-08,3.032344900967063e-08,5.5634673780437314e-09,8.100336393771232e-06,6.313978517189525e-10,57016348570.06815
12003.498602966381,0.2086288759121912,20.86288759121912,1.424659643085401e-12,1.368638715271603e-08,3.3818046133252656e-08,6.274446236114943e-09,8.100336393771232e-06,6.956430635215264e-10,51750677736.59471
13224.86806004446,0.1893611648282875,18.93611648282875,1.5696203609852854e-12,1.3733394951652856e-08,3.770198479862923e-08,7.067819527143373e-09,8.100336393771232e-06,7.664255261115126e-10,46971295675.19403
14570.517170972818,0.17187285743977698,17.1872857439777,1.7293314623486509e-12,1.3782411043480679e-08,4.201062947938741e-08,8.028392306813642e-09,8.100336393771232e-06,8.444104120946615e-10,42633297131.77941
16053.091567067855,0.15599963471757905,15.599963471757905,1.9052938196455755e-12,1.3833435420364853e-08,4.6793694333747575e-08,9.052837622839103e-09,8.100336393771232e-06,9.303305782821476e-10,38695922546.66496
17686.52362420687,0.141592348714754,14.1592348714754,2.0991610252411873e-12,1.388646807490361e-08,5.210168624479652e-08,1.0125039980612992e-08,8.100336393771232e-06,1.024993452654595e-09,35122175567.81934
19486.163391230883,0.12851562261237132,12.851562261237133,2.3127549308994196e-12,1.3941509000237959e-08,5.795866402311402e-08,1.1443352052168172e-08,8.100336393771232e-06,1.1292886221028066e-09,31878475790.330494
21468.922840817042,0.11664657976175988,11.664657976175988,2.548082768491166e-12,1.3998558190103302e-08,6.443800347673003e-08,1.2874600323885157e-08,8.100336393771232e-06,1.2441961922503561e-09,28934343493.59921
23653.434798407125,0.10587368988452693,10.587368988452694,2.8073560127973702e-12,1.4057615638841767e-08,7.161707317832465e-08,1.4423248647534633e-08,8.100336393771232e-06,1.3707959979188326e-09,26262113439.67728
26060.22804271396,0.09609572166620357,9.609572166620357,3.0930111636687305e-12,1.4118681341388948e-08,7.956564909258632e-08,1.6131527440245672e-08,8.100336393771232e-06,1.5102777507903465e-09,23836675062.690136
28711.92022329924,0.08722079195937078,8.722079195937079,3.4077326428407607e-12,1.4181755293244474e-08,8.83637750820618e-08,1.8261728450466654e-08,8.100336393771232e-06,1.6639522196291702e-09,21635236622.37308
31633.43040815024,0.07916550270517661,7.916550270517661,3.754478020575182e-12,1.4246837490433315e-08,9.810479793547611e-08,2.0375272167178015e-08,8.100336393771232e-06,1.8332635481277505e-09,19637111116.274345
34852.21325865441,0.0718541574953946,7.18541574953946,4.136505809193032e-12,1.4313927929462218e-08,1.0888092208830259e-07,2.273549079920452e-08,8.100336393771232e-06,2.0198028261330754e-09,17823521946.903214
38398.517032612945,0.06521805043729895,6.521805043729895,4.557406084687014e-12,1.438302660727465e-08,1.2083558655211732e-07,2.5426370372400167e-08,8.100336393771232e-06,2.2253230417879354e-09,16177426523.690605
42305.667839856585,0.05919482065689389,5.9194820656893885,5.021134224177359e-12,1.4454133521206217e-08,1.3394908603954384e-07,2.8568347922838088e-08,8.100336393771232e-06,2.4517555550986702e-09,14683356146.633139
46610.38282173192,0.05372786638823367,5.372786638823366,5.532048076256061e-12,1.4527248668941949e-08,1.4844658004037657e-07,3.1775892685562797e-08,8.100336393771232e-06,2.701228247738359e-09,13327270670.348389
51353.115197539635,0.048765813153053186,4.876581315305319,6.094948913525125e-12,1.4602372048476308e-08,1.64478660279088e-07,3.5421791240845514e-08,8.100336393771232e-06,2.9760855196469243e-09,12096426585.305573
56578.43442047049,0.044262031040653335,4.426203104065333,6.715126552176932e-12,1.4679503658076272e-08,1.821931295329353e-07,3.9580454531412556e-08,8.100336393771232e-06,3.2789103203445517e-09,10979257278.441542
62335.44501552361,0.040174196557460774,4.017419655746077,7.398409062624375e-12,1.4758643496247754e-08,2.0177459580886268e-07,4.4313048180597784e-08,8.100336393771232e-06,3.612548421995927e-09,9965264349.345402
68678.24803540477,0.036463894933071644,3.6463894933071646,8.151217538332599e-12,1.4839791561705325e-08,2.2340418930451277e-07,4.92236832441959e-08,8.100336393771232e-06,3.98013516232956e-09,9044918961.729261
75666.44947090036,0.03309625914869341,3.309625914869341,8.980626437538176e-12,1.49229478533452e-08,2.4729838228032826e-07,5.462022141049166e-08,8.100336393771232e-06,4.38512490872669e-09,8209572303.939986
83365.72039346964,0.03003964229818619,3.003964229818619,9.894430064911838e-12,1.5008112370221098e-08,2.7369520018165297e-07,6.069234766026005e-08,8.100336393771232e-06,4.8313235203660255e-09,7451374317.667843
91848.41409395733,0.027265320204534586,2.7265320204534587,1.0901215817921634e-11,1.5095285111523152e-08,3.0277966263599586e-07,6.786816954506214e-08,8.100336393771232e-06,5.32292411348508e-09,6763199931.555986
101194.24601693363,0.02474722149845727,2.474722149845727,1.201044488622287e-11,1.5184466076559167e-08,3.3472707914267426e-07,7.534905419671735e-08,8.100336393771232e-06,5.8645464658590674e-09,6138582106.830754
111491.04288029237,0.02246168262359218,2.246168262359218,1.3232541162441065e-11,1.5275655264738338e-08,3.700191742087629e-07,8.352626981066168e-08,8.100336393771232e-06,6.461280430797887e-09,5571651066.003098
122835.56801990303,0.020387225466687843,2.0387225466687844,1.45789891998805e-11,1.5368852675557036e-08,4.0894353501281145e-07,9.250668325477398e-08,8.100336393771232e-06,7.118733768641028e-09,5057079133.733698
135334.43071541953,0.018504355523661323,1.8504355523661324,1.6062442137707094e-11,1.5464058308586415e-08,4.51917591614068e-07,1.0305990548742635e-07,8.100336393771232e-06,7.843084845242589e-09,4590030671.6478615
149105.08804257453,0.016795378705221506,1.6795378705221504,1.769684060782545e-11,1.556127216346172e-08,4.993194388068998e-07,1.1477415892132644e-07,8.100336393771232e-06,8.641140692676928e-09,4166116636.720053
164276.9486667775,0.015244235060818886,1.5244235060818887,1.949754374086675e-11,1.5660494239872992e-08,5.515867252123885e-07,1.269086970887129e-07,8.100336393771232e-06,9.520400977785301e-09,3781353336.272456
180992.58895083395,0.01383634785858946,1.3836347858589462,2.1481473502406673e-11,1.5761724537557116e-08,6.092894915977301e-07,1.3994509359536815e-07,8.100336393771232e-06,1.0489128479703054e-08,3432124992.04883
199409.09280506358,0.012558486603208914,1.2558486603208914,2.366727371580143e-11,1.5864963056290913e-08,6.728729118454199e-07,1.5484312367709887e-07,8.100336393771232e-06,1.155642673867451e-08,3115149761.6060777
219699.52787094982,0.011398642704509727,1.1398642704509727,2.6075485266046407e-11,1.5970209795885267e-08,7.430293348282901e-07,1.7276018440516058e-07,8.100336393771232e-06,1.2732325605853915e-08,2827448897.7448363
242054.5719106409,0.0103459166285648,1.03459166285648,2.8728739131121552e-11,1.607746475618e-08,8.198313514169499e-07,1.909559993261854e-07,8.100336393771232e-06,1.4027875498040032e-08,2566318756.1815686
266684.3046861698,0.009390415470822065,0.9390415470822064,3.1651969054820834e-11,1.6186727937039598e-08,9.045506731643772e-07,2.1081443839569046e-07,8.100336393771232e-06,1.5455251243095838e-08,2329305388.4246564
293820.182167442,0.008523159988796478,0.8523159988796477,3.487264585964211e-11,1.6297999338349472e-08,9.978943091358745e-07,2.3260485124547788e-07,8.100336393771232e-06,1.702786649193271e-08,2114181481.1066153
323717.2116214397,0.007736000220707993,0.7736000220707994,3.8421035601672835e-11,1.641127896001277e-08,1.100796329494762e-06,2.584819322114895e-07,8.100336393771232e-06,1.8760499772235892e-08,1918925425.0719514
356656.3480228903,0.007021538897128249,0.7021538897128249,4.233048399346379e-11,1.652656680194773e-08,1.2141683395066343e-06,2.8591161819663594e-07,8.100336393771232e-06,2.066943336851222e-08,1741702317.5314686
392947.1343064709,0.00637306192592634,0.637306192592634,4.663772976773144e-11,1.664386286408533e-08,1.3390296151694402e-06,3.160185681252731e-07,8.100336393771232e-06,2.277260633357394e-08,1580846718.7580872
432930.61027209944,0.005784475297268727,0.5784475297268726,5.138324992669819e-11,1.6763167146367356e-08,1.4765287409454559e-06,3.4791641664396583e-07,8.100336393771232e-06,2.5089783069371243e-08,1434847001.2858572
476982.5174795434,0.005250247815755294,0.5250247815755293,5.6611640121526786e-11,1.6884479648744723e-08,1.6281124952343541e-06,3.8278033094859847e-07,8.100336393771232e-06,2.764273906140004e-08,1302331144.5380583
525516.8302500739,0.004765359121531354,0.47653591215313534,6.237203373643267e-11,1.700780037117608e-08,1.7952734568213323e-06,4.234985008643764e-07,8.100336393771232e-06,3.0455465512108354e-08,1182053841.3930094
578989.6459574744,0.004325252511915158,0.43252525119151575,6.871856361578387e-11,1.7133129313626605e-08,1.9790724601001293e-06,4.6798607636428563e-07,8.100336393771232e-06,3.355439479632766e-08,1072884795.524311
637903.471167114,0.003925792120191143,0.3925792120191142,7.571087077323372e-11,1.726046647606698e-08,2.181087705872113e-06,5.176918154195104e-07,8.100336393771232e-06,3.696864885742927e-08,973798099.541996
702811.9439017437,0.0035632240491640576,0.35632240491640577,8.341466486344035e-11,1.7389811858472536e-08,2.402871948089639e-06,5.692694367780729e-07,8.100336393771232e-06,4.073031287848915e-08,883862594.1175284
774325.0364111095,0.0032341410942327425,0.32341410942327425,9.19023416833592e-11,1.752116546082253e-08,2.6469249601859444e-06,6.280722058570759e-07,8.100336393771232e-06,4.487473680026307e-08,802233117.4940499
853114.7873380339,0.002935450724473437,0.29354507244734374,1.0125366350603184e-10,1.7654527283099524e-08,2.9157541055455425e-06,6.946998719790404e-07,8.100336393771232e-06,4.9440867519465116e-08,728142563.1503456
939921.6171485222,0.0026643460208392246,0.26643460208392244,1.1155650864025151e-10,1.778989732528885e-08,3.2114667242562966e-06,7.687764483806396e-07,8.100336393771232e-06,5.447161488915588e-08,660894670.9815066
1035561.2861746569,0.0024182792983708204,0.24182792983708204,1.2290769726003506e-10,1.7927275587378207e-08,3.5372636797757853e-06,8.453387136650799e-07,8.100336393771232e-06,6.00142549607e-08,599857484.2522732
1140932.560657935,0.00219493816453648,0.219493816453648,1.3541390126456606e-10,1.806666206935726e-08,3.895640057481494e-06,9.273760096928912e-07,8.100336393771232e-06,6.61208742567276e-08,544457410.8355366
1257025.6588340881,0.001992223788711832,0.19922237887118321,1.4919264671894917e-10,1.820805677121733e-08,4.289939733618938e-06,1.023500007911908e-06,8.100336393771232e-06,7.284885925012001e-08,494173832.92711884
1384931.5564308036,0.0018082311785893347,0.18082311785893349,1.6437341829613104e-10,1.835145969295113e-08,4.724220937561627e-06,1.1248181380932644e-06,8.100336393771232e-06,8.026143564885942e-08,448534214.5821882
1525852.2390260156,0.0016412312781668606,0.16412312781668606,1.8109887609889464e-10,1.849687083455256e-08,5.20226542710127e-06,1.2390362346073697e-06,8.100336393771232e-06,8.842826255462935e-08,407109661.09686774
1681111.9976125227,0.0014896547190829349,0.14896547190829348,1.9952619629691724e-10,1.86442901960165e-08,5.728515315765403e-06,1.3597628387164954e-06,8.100336393771232e-06,9.742608707872597e-08,369510888.5047379
1852169.8735180576,0.0013520770726033616,0.13520770726033615,2.198285481774183e-10,1.8793717777338645e-08,6.307707195291193e-06,1.4990655875411841e-06,8.100336393771232e-06,1.0733946556697812e-07,335384565.3119688
2040633.3696310364,0.0012272054636660323,0.12272054636660323,2.4219672148987157e-10,1.8945153578515408e-08,6.94070425162715e-06,1.6550409688529876e-06,8.100336393771232e-06,1.1826155821133523e-07,304409992.0928443
2248273.556782056,0.001113866421190664,0.11138664211906639,2.668409193776152e-10,1.909859759954377e-08,7.637577485732943e-06,1.8268131330285877e-06,8.100336393771232e-06,1.3029500451541714e-07,276296087.7424913
2477041.7172422726,0.001010994850477723,0.10109948504777232,2.939927337453041e-10,1.92540498404212e-08,8.404388087965265e-06,2.0164981923347973e-06,8.100336393771232e-06,1.435528878411503e-07,250778654.06536523
2729087.6817445178,0.0009176240240656622,0.09176240240656623,3.239073216255531e-10,1.94115103011456e-08,9.247369032428229e-06,2.216618219750142e-06,8.100336393771232e-06,1.5815979810073494e-07,227617892.99371088
3006780.032347958,0.0008328764969863375,0.08328764969863374,3.5686580299701555e-10,1.9570978981715186e-08,1.0174485105037216e-05,2.4436755944313615e-06,8.100336393771232e-06,1.7425300258051326e-07,206596153.10425583
3312728.3610010482,0.0007559558610455116,0.07559558610455117,3.931779025871943e-10,1.9732455882128477e-08,1.1194092618871866e-05,2.68389778122052e-06,8.100336393771232e-06,1.9198373589945833e-07,187515884.25622246
3649807.7929759375,0.000686139260639949,0.0686139260639949,4.331848604861272e-10,1.9895941002384238e-08,1.2316804795669264e-05,2.9425595564910972e-06,8.100336393771232e-06,2.1151862122457176e-07,170197781.1295318
4021186.005631258,0.0006227705997791329,0.06227705997791328,4.772626389231965e-10,2.0061434342481433e-08,1.3549958693060737e-05,3.227282489912525e-06,8.100336393771232e-06,2.330412360989428e-07,154479098.21725887
4430352.996410129,0.0005652543764751081,0.05652543764751081,5.258254553425109e-10,2.02289359024192e-08,1.4907169371806971e-05,3.547579166707574e-06,8.100336393771232e-06,2.567538375972224e-07,140212120.4376088
4881153.879815669,0.0005130500865596568,0.05130500865596569,5.793296749786431e-10,2.0398445682196803e-08,1.640041085097403e-05,3.905995922834087e-06,8.100336393771232e-06,2.8287926302051877e-07,127262774.9931204
5377825.02157109,0.0004656671443391121,0.046566714433911215,6.382780995129063e-10,2.0569963681813642e-08,1.8041945448730958e-05,4.284495742217693e-06,8.100336393771232e-06,3.1166302399234847e-07,115509371.4321524
5925033.849532221,0.00042266027235408036,0.04226602723540804,7.032246921124697e-10,2.07434899012692e-08,1.9848538803879907e-05,4.692465089348724e-06,8.100336393771232e-06,3.43375613634741e-07,104841458.07248354
6527922.715472429,0.0003836253169197022,0.03836253169197022,7.747797832555037e-10,2.091902434056307e-08,2.1836674573097504e-05,5.147272297399402e-06,8.100336393771232e-06,3.783150485060061e-07,95158784.04035644
7192157.219927555,0.00034819545012333014,0.03481954501233302,8.53615806263678e-10,2.1096566999694894e-08,2.4008482954900377e-05,5.706039136911886e-06,8.100336393771232e-06,4.168096691878194e-07,86370357.17081212
7923979.45422977,0.0003160377225881961,0.031603772258819614,9.404736164412293e-10,2.1276117878664366e-08,2.6396011771296038e-05,6.3112124493987615e-06,8.100336393771232e-06,4.5922122583992354e-07,78393588.91600749
8730266.660068274,0.00028684993460793666,0.028684993460793666,1.0361694532042158e-09,2.1457676977471255e-08,2.902057916727013e-05,6.9625190713561054e-06,8.100336393771232e-06,5.059482777187064e-07,71153518.2258591
9618595.857825246,0.0002603577962487186,0.026035779624871858,1.1416026106260054e-09,2.1641244296115343e-08,3.190684332985085e-05,7.641222521864686e-06,8.100336393771232e-06,5.57429938606355e-07,64582107.107495025
10597315.051026948,0.0002363123497312419,0.02363123497312419,1.2577638884823624e-09,2.182681983459646e-08,3.507843743435613e-05,8.38908572065212e-06,8.100336393771232e-06,6.141500033479711e-07,58617601.243588656
11675621.676047966,0.0002144876298696667,0.02144876298696667,1.385744903214136e-09,2.201440359291447e-08,3.8565013454678406e-05,9.228993673800385e-06,8.100336393771232e-06,6.766414942754413e-07,53203949.661037825
12863649.034293652,0.00019467854058161847,0.019467854058161847,1.5267483463066125e-09,2.220399557106925e-08,4.2396910506500225e-05,1.0168440003449083e-05,8.100336393771232e-06,7.454916702427364e-07,48290277.99637009
14172561.51910038,0.0001766989275139443,0.01766989275139443,1.6820992864878318e-09,2.239559576906069e-08,4.661615014501793e-05,1.1129440080012059e-05,8.100336393771232e-06,8.213475453446429e-07,43830410.407928064
15614659.532240674,0.00016037982867187593,0.016037982867187595,1.8532576219573668e-09,2.258920418688872e-08,5.124471724851719e-05,1.215736338712627e-05,8.100336393771232e-06,9.049219691806491e-07,39782435.64204302
17203495.075978205,0.00014556788661201965,0.014556788661201966,2.0418317996644504e-09,2.2784820824553266e-08,5.6340579275711125e-05,1.3292982037735296e-05,8.100336393771232e-06,9.970003258028032e-07,36108313.17533636
18953999.106939454,0.00013212390727788763,0.013212390727788764,2.24959393056123e-09,2.2982445682054262e-08,6.193735164404658e-05,1.4523951353526e-05,8.100336393771232e-06,1.0984479143003544e-06,32773515.731904183
20882621.848600272,0.00011992155193473903,0.011992155193473904,2.4784964428755875e-09,2.318207875939167e-08,6.809669506037069e-05,1.604560071270949e-05,8.100336393771232e-06,1.210218080379656e-06,29746704.815967124
23007487.380962547,0.0001088461499112931,0.010884614991129311,2.730690429901304e-09,2.3383720056565455e-08,7.487139493079172e-05,1.7596274084221982e-05,8.100336393771232e-06,1.333361175355191e-06,26999436.210830156
25348563.96016569,9.879362099114607e-05,0.009879362099114608,3.008545864727524e-09,2.358736957357556e-08,8.23074408614834e-05,1.9277714111522836e-05,8.100336393771232e-06,1.4690344267431583e-06,24505892.676601063
27927851.668597832,8.96694973271521e-05,0.008966949732715212,3.3146738718738236e-09,2.379302731042198e-08,9.048677496460096e-05,2.122272853923e-05,8.100336393771232e-06,1.6185128132157273e-06,22242641.334716238
30769589.15893364,8.138803568728646e-05,0.008138803568728648,3.651951265126797e-09,2.4000693267104686e-08,9.94245677126856e-05,2.3348961786661266e-05,8.100336393771232e-06,1.7832010461124804e-06,20188413.459314
33900481.43495981,7.387141168938985e-05,0.007387141168938986,4.023547582170562e-09,2.421036744362365e-08,0.00010924536475916694,2.587663037931245e-05,8.100336393771232e-06,1.964646770104358e-06,18323904.606061958
37349950.80974086,6.704898845267874e-05,0.006704898845267875,4.4329548700670364e-09,2.4422049839978864e-08,0.00012003999077630858,2.8663793902738265e-05,8.100336393771232e-06,2.1645551070623318e-06,16631593.20016486
41150413.39948335,6.0856652793234766e-05,0.006085665279323476,4.884020501492522e-09,2.4635740456170325e-08,0.00013190639598271048,3.150004035748399e-05,8.100336393771232e-06,2.384804679805572e-06,15095575.878748696
45337583.751430005,5.523621272541781e-05,0.005523621272541781,5.380983330118829e-09,2.4851439292197984e-08,0.00014493802938287385,3.4558989242700644e-05,8.100336393771232e-06,2.6274652663111476e-06,13701418.040263006
49950810.46849934,5.013485060727322e-05,0.005013485060727322,5.928513524906193e-09,2.506914634806187e-08,0.0001592609993288926,3.799565763056644e-05,8.100336393771232e-06,2.8948172502892523e-06,12436018.196451902
55033445.98467466,4.550462679091198e-05,0.004550462679091198,6.531756457647324e-09,2.5288861623761962e-08,0.00017500245549786214,4.165308140184833e-05,8.100336393771232e-06,3.1893730509090605e-06,11287484.852152683
60633253.96608206,4.130202911345173e-05,0.004130202911345173,7.196381056192877e-09,2.551058511929825e-08,0.00019229994800546197,4.582540950479831e-05,8.100336393771232e-06,3.513900733059651e-06,10245024.755908173
66802858.16627281,3.7487563994900806e-05,0.0037487563994900806,7.928633077753475e-09,2.573431683467074e-08,0.0002113307432772797,5.023916923478231e-05,8.100336393771232e-06,3.871450020021316e-06,9298841.471238155
73600236.95379397,3.4025385300357273e-05,0.0034025385300357276,8.735393802910142e-09,2.5960056769879413e-08,0.00023219543890112907,5.4863753312832875e-05,8.100336393771232e-06,4.265380952999382e-06,8440043.315400723
81089268.1593313,3.0882957478785134e-05,0.0030882957478785135,9.624244701905502e-09,2.618780492492427e-08,0.0002551570115885115,5.9887131717535375e-05,8.100336393771232e-06,4.6993954668462746e-06,7660559.800505426
89340329.36258133,2.8030749812741425e-05,0.0028030749812741427,1.060353868091201e-08,2.6417561299805314e-08,0.00028039603749875977,6.543723650191675e-05,8.100336393771232e-06,5.1775721787020995e-06,6953065.791740327
98430959.26000251,2.5441958905789596e-05,0.0025441958905789595,1.1682478577808483e-08,2.6649325894522538e-08,0.00030811754269843546,7.152887934361664e-05,8.100336393771232e-06,5.70440471647735e-06,6310912.669995677
108446586.3285954,2.3092256799696987e-05,0.002309225679969699,1.287120364512276e-08,2.6883098709075935e-08,0.00033861318032480997,7.844239985487727e-05,8.100336393771232e-06,6.2848439473665245e-06,5728065.8519906
119481331.63327295,2.0959562354367395e-05,0.0020959562354367395,1.4180884832857076e-08,2.7118879743465508e-08,0.0003721090961220888,8.60662631160709e-05,8.100336393771232e-06,6.924344503231851e-06,5199048.08075298
131638893.32213928,1.9023833742069752e-05,0.0019023833742069754,1.5623829766609035e-08,2.735666899769125e-08,0.0004089390568558278,9.506535839084405e-05,8.100336393771232e-06,7.6289160400756905e-06,4718887.9535293495
145033521.12165472,1.7266880105943484e-05,0.0017266880105943482,1.7213598407512083e-08,2.759646647175318e-08,0.0004494066619180259,0.0001045192751779934,8.100336393771232e-06,8.405179713308662e-06,4283073.203419794
159791089.98941877,1.567219061285748e-05,0.001567219061285748,1.8965130480899524e-08,2.7838272165651274e-08,0.0004936306045227652,0.00011512489570687376,8.100336393771232e-06,9.260430399534785e-06,3887508.2957060537
176050283.01415417,1.4224779294158214e-05,0.0014224779294158213,2.08948858711948e-08,2.8082086079385543e-08,0.00054217485706264,0.00012673732795881975,8.100336393771232e-06,1.0202705249578892e-05,3528475.940387073
193963894.6790846,1.2911044216212438e-05,0.001291104421621244,2.3020999302375887e-08,2.832790821295598e-08,0.0005955212126965099,0.00013986709686818162,8.100336393771232e-06,1.1240859216976995e-05,3202602.1592396996
213700266.73603478,1.1718639657309119e-05,0.0011718639657309119,2.5363450757613004e-08,2.857573856636259e-08,0.0006541952195120541,0.0001549596936499699,8.100336393771232e-06,1.2384648271703466e-05,2906824.579124549
235444870.18375427,1.063636008971424e-05,0.0010636360089714238,2.794425323958322e-08,2.882557713960537e-08,0.0007185932525447114,0.00017157645381904533,8.100336393771232e-06,1.3644821081128729e-05,2638363.6535761748
259402048.21699166,9.654034876608177e-06,0.0009654034876608179,3.078765963592593e-08,2.9077423932684315e-08,0.000789314223396351,0.00018878490034882027,8.100336393771232e-06,1.5033220019772614e-05,2394696.542234504
285796936.5255406,8.762432694328885e-06,0.0008762432694328885,3.392039063384044e-08,2.933127894559943e-08,0.0008670739940071353,0.0002072429179979628,8.100336393771232e-06,1.656289245708434e-05,2173533.4026516583
314877578.9891147,7.953174781736386e-06,0.0007953174781736386,3.737188582563487e-08,2.958714217835072e-08,0.0009525519744685003,0.00022698990720449388,8.100336393771232e-06,1.8248213369067086e-05,1972795.8716782837
346917258.6501315,7.218656201466224e-06,0.0007218656201466223,4.117458036497147e-08,2.9845013630938174e-08,0.0010463545823915935,0.0002483422328435322,8.100336393771232e-06,2.0105020425980485e-05,1790597.534209884
382217065.86953586,6.5519743731307686e-06,0.0006551974373130769,4.536420977366336e-08,3.010489330336179e-08,0.0011494879925791548,0.00027231325764682786,8.100336393771232e-06,2.2150762825596977e-05,1625226.1957497518
421108727.79969996,5.946864206864863e-06,0.0005946864206864863,4.9980145763419974e-08,3.0366781195621574e-08,0.0012628666683043154,0.00029888101499670865,8.100336393771232e-06,2.4404665270660533e-05,1475127.7921963332
463957725.76416636,5.397639227638121e-06,0.000539763922763812,5.506576622840157e-08,3.063067730771752e-08,0.00138745099587937,0.00032673801412491654,8.100336393771232e-06,2.6887908631513907e-05,1338891.7856484489
511166729.83953094,4.8991381370548e-06,0.00048991381370548,6.066886288555495e-08,3.0896581639649646e-08,0.0015241890488792405,0.00035652150837672364,8.100336393771232e-06,2.96238289916555e-05,1215237.9089867335
563179382.9157114,4.446676310459394e-06,0.0004446676310459394,6.6842090393502e-08,3.1164494191417944e-08,0.0016746661966604373,0.00038846040978693754,8.100336393771232e-06,3.263813694674245e-05,1103004.1346644054
620484469.7949923,4.036001773546154e-06,0.00040360017735461537,7.364346117053851e-08,3.14344149630224e-08,0.0018398788067778538,0.0004237915158760905,8.100336393771232e-06,3.595915921788419e-05,1001135.7546451059
683620510.5086279,3.663255244766135e-06,0.00036632552447661353,8.11368905617566e-08,3.170634395446302e-08,0.0020215290425143464,0.0004626026982028948,8.100336393771232e-06,3.96181048497685e-05,908675.4688673698
753180821.0163348,3.324933868033426e-06,0.0003324933868033426,8.93927974784558e-08,3.1980281165739816e-08,0.002221029098801672,0.0005089199983221383,8.100336393771232e-06,4.364935849519581e-05,824754.3890928496
829819088.8461933,3.0178582949115557e-06,0.00030178582949115556,9.848876615430398e-08,3.2256226596852774e-08,0.002440400031702775,0.000559684875734753,8.100336393771232e-06,4.809080354213996e-05,748583.8735976767
914255516.07161,2.739142806937447e-06,0.0002739142806937447,1.0851027523705097e-07,3.253418024780191e-08,0.002681530042896675,0.0006149685941515203,8.100336393771232e-06,5.298417811989728e-05,679448.1159740937
1007283587.3534502,2.486168197309957e-06,0.0002486168197309957,1.1955150106737327e-07,3.2814142118587204e-08,0.0029459932575115542,0.0006781777652872944,8.100336393771232e-06,5.8375467329861925e-05,616697.4183962418
1109777526.6495245,2.256557157100643e-06,0.00022565571571006427,1.3171620269360387e-07,3.309611220920867e-08,0.0032352304697915867,0.0007510348435869379,8.100336393771232e-06,6.431533538688743e-05,559742.0861361107
1222700512.6652255,2.048151934680756e-06,0.0002048151934680756,1.45118696939199e-07,3.338009051966629e-08,0.003552988319909553,0.0008280307454327044,8.100336393771232e-06,7.085960173224677e-05,508046.8859538781
1347113730.2494152,1.8589940584205704e-06,0.00018589940584205704,1.5988493268606664e-07,3.366607704996008e-08,0.0039019685617091293,0.0009125025200246265,8.100336393771232e-06,7.806976559242733e-05,461126.0162857714
1484186342.7952623,1.6873059321068613e-06,0.00016873059321068613,1.7615367446924067e-07,3.3954071800090044e-08,0.004285493017156903,0.0010090644422011722,8.100336393771232e-06,8.601358391325656e-05,418538.5419622262
1635206479.3609757,1.5314741301227493e-06,0.00015314741301227492,1.9407780650564946e-07,3.424407477005617e-08,0.004705481732713828,0.00111390212453967,8.100336393771232e-06,9.476570810045397e-05,379884.2505544213
1801593339.760958,1.3900342354078142e-06,0.00013900342354078142,2.1382576941147752e-07,3.4536085959858473e-08,0.0051664503831405605,0.0012259104504394238,8.100336393771232e-06,0.00010440838555032414,344799.8914095673
1984910531.384053,1.2616570777143458e-06,0.00012616570777143458,2.3558314310956217e-07,3.483010536949694e-08,0.005671716519507373,0.0013579928256943058,8.100336393771232e-06,0.0001150322325631724,312955.7620315665
2186880763.070584,1.1451362428348389e-06,0.0001145136242834839,2.5955439080207245e-07,3.5126132998971575e-08,0.006224261098925579,0.0014977799693859373,8.100336393771232e-06,0.00012673708590283536,284052.6097278257
2409402034.1327124,1.039376735419696e-06,0.00010393767354196961,2.8596478039731423e-07,3.542416884828237e-08,0.0068285006113132304,0.001642162185093806,8.100336393771232e-06,0.00013963294100478946,257818.81940569586
2654565470.6531796,9.433846888448504e-07,9.433846888448505e-05,3.150625014471192e-07,3.572421291742935e-08,0.00748662554128835,0.001796455114058828,8.100336393771232e-06,0.00015384098564957466,234007.86109107675
2924674976.6776342,8.562580254286021e-07,8.56258025428602e-05,3.4712099748857127e-07,3.602626520641248e-08,0.008204648627018377,0.001969093895618893,8.100336393771232e-06,0.00016949473881539774,212395.97318244065
3222268884.9710717,7.771779792278e-07,7.771779792278e-05,3.8244153570806537e-07,3.633032571523178e-08,0.008983659058839895,0.0021541644132660864,8.100336393771232e-06,0.00018674130541219237,192780.0596688426
3550143810.799645,7.054014017495147e-07,7.054014017495148e-05,4.213560380759127e-07,3.663639444388724e-08,0.009827578241362739,0.0023575927504137133,8.100336393771232e-06,0.0002057427586883994,174975.78155118722
3911380932.9019213,6.402537782717235e-07,6.402537782717235e-05,4.6423020055686175e-07,3.694447139237887e-08,0.01073952088557546,0.0025866270209269258,8.100336393771232e-06,0.0002266776633015283,158815.8245310326
4309374948.622941,5.811228891444394e-07,5.811228891444394e-05,5.114669297090702e-07,3.725455656070667e-08,0.011721760716936876,0.0028266469579537874,8.100336393771232e-06,0.0002497427533654356,144148.326687674
4747865975.31451,5.274530565038842e-07,5.2745305650388426e-05,5.63510128966675e-07,3.756664994887064e-08,0.01277837151928036,0.003080617240214705,8.100336393771232e-06,0.00027515478124362773,130835.45136773349
5230974697.7929125,4.787399223336053e-07,4.787399223336054e-05,6.208488701872918e-07,3.7880751556870783e-08,0.013909230845908793,0.003355500264770504,8.100336393771232e-06,0.0003031525544624954,118752.09187608464
5763241092.1491995,4.345257087998294e-07,4.345257087998294e-05,6.840219896661899e-07,3.8196861384707085e-08,0.01511892944438399,0.0036574195527387145,8.100336393771232e-06,0.0003339991798861916,107784.69579556097
6349667089.816237,3.9439491632039383e-07,3.9439491632039386e-05,7.536231518078558e-07,3.8514979432379556e-08,0.01640564111238345,0.004000008656423359,8.100336393771232e-06,0.00036798453624262525,97830.19788707624
6995763582.824563,3.5797041894021864e-07,3.5797041894021865e-05,8.303064280403783e-07,3.88351056998882e-08,0.0177740888771638,0.004384113241068344,8.100336393771232e-06,0.0004054279982359272,88795.05154217502
7707602211.975292,3.2490992031990734e-07,3.2490992031990736e-05,9.14792443400072e-07,3.9157240187233e-08,0.01922349222484376,0.004829636586755866,8.100336393771232e-06,0.0004466814378450262,80594.34968616272
8491872424.605372,2.949027370329119e-07,2.949027370329119e-05,1.0078751485483829e-06,3.9481382894413976e-08,0.020751713850727226,0.005314955544543959,8.100336393771232e-06,0.0004921325310128,73151.02687057214
9355944338.14098,2.676668789425517e-07,2.676668789425517e-05,1.1104292808605693e-06,3.980753382143111e-08,0.022362761850276087,0.005839439945054169,8.100336393771232e-06,0.0005422084008001529,66395.13505669359
10307938000.194365,2.4294639922196017e-07,2.4294639922196014e-05,1.2234185847011485e-06,4.0135692968284414e-08,0.024044491846359935,0.006425879305067849,8.100336393771232e-06,0.0005973796312412708,60263.18628440188
11356799696.070377,2.2050898911397998e-07,2.2050898911398e-05,1.3479048681354964e-06,4.046586033497389e-08,0.02581283970119246,0.007074166257972624,8.100336393771232e-06,0.0006581646896199388,54697.55604906185
12512386020.776596,2.0014379482795106e-07,2.0014379482795104e-05,1.485057981187343e-06,4.0798035921499525e-08,0.027658755692256138,0.007797852801470985,8.100336393771232e-06,0.0007251347987249256,49645.94177979359
13785556505.5971,1.8165943605785287e-07,1.8165943605785288e-05,1.6361668094120573e-06,4.113221972786133e-08,0.02958597322111513,0.008636828520716594,8.100336393771232e-06,0.0007989193048710628,45060.87133019025
15188275669.680408,1.6488220750098676e-07,1.6488220750098677e-05,1.802651386096902e-06,4.1468411754059295e-08,0.031591001909125,0.009606506184644979,8.100336393771232e-06,0.0008802115921315556,40899.25686256978
16733725455.664097,1.4965444647609994e-07,1.4965444647609995e-05,1.986076236911799e-06,4.1806612000093445e-08,0.03367041686705623,0.010646065448504312,8.100336393771232e-06,0.0009697755983600981,37121.98993342009
18436429105.940273,1.3583305130078298e-07,1.3583305130078299e-05,2.188165082415825e-06,4.214682046596376e-08,0.03583100593762283,0.011723507153242886,8.100336393771232e-06,0.0010684529942365545,33693.57397488807
20312387643.679817,1.232881365047027e-07,1.232881365047027e-05,2.4108170365851336e-06,4.248903715167023e-08,0.03806213630765602,0.012899433493870505,8.100336393771232e-06,0.0011771710928007515,30581.7907185845
22379230241.18472,1.1190181224114622e-07,1.1190181224114623e-05,2.6561244535866537e-06,4.283326205721287e-08,0.04036104458107578,0.014154876781330416,8.100336393771232e-06,0.001119018122411462,27757.397426949807
24656379888.643436,1.015670764264906e-07,1.015670764264906e-05,2.9263925905112387e-06,4.317949518259169e-08,0.04273425329306762,0.01548686253048768,8.100336393771232e-06,0.001015670764264906,25193.85208693566
27165235920.148323,9.21868091965667e-08,9.21868091965667e-06,3.2241612708452464e-06,4.3527736527806664e-08,0.04517401648323952,0.016949051062875333,8.100336393771232e-06,0.0009218680919656669,22867.063983532167
29929375112.24878,8.367286023040097e-08,8.367286023040098e-06,3.5522287522612925e-06,4.387798609285781e-08,0.047682540099861004,0.01861679305189974,8.100336393771232e-06,0.0008367286023040097,20755.167309174874
32974773244.848213,7.594522036453086e-08,7.594522036453086e-06,3.913678023023889e-06,4.423024387774512e-08,0.05025549715245657,0.02031773328682084,8.100336393771232e-06,0.0007594522036453086,18838.315681543892
36330049206.54543,6.893126971320613e-08,6.893126971320614e-06,4.311905774128329e-06,4.458450988246859e-08,0.05288727668833105,0.021984352421713305,8.100336393771232e-06,0.0006893126971320613,17098.495638752425
40026733938.381966,6.256509522874317e-08,6.2565095228743165e-06,4.750654319436277e-06,4.494078410702822e-08,0.05559217053247796,0.023737454975738388,8.100336393771232e-06,0.0006256509522874316,15519.357359260193
44099566743.37146,5.678687128886244e-08,5.678687128886244e-06,5.234046763774874e-06,4.529906655142404e-08,0.0583606921974975,0.02557181089332957,8.100336393771232e-06,0.0005678687128886245,14086.061015716172
48586821746.35832,5.154229749012415e-08,5.154229749012415e-06,5.766625749488973e-06,4.565935721565602e-08,0.06119726613909018,0.027388140130161463,8.100336393771232e-06,0.0005154229749012414,12785.13731885205
53530667572.08507,4.678208836417263e-08,4.678208836417263e-06,6.353396145564042e-06,4.602165609972417e-08,0.06410997454356761,0.02923182781767538,8.100336393771232e-06,0.00046782088364172623,11604.360940899474
58977563621.51554,4.2461510221437014e-08,4.246151022143701e-06,6.99987208048748e-06,4.6385963203628495e-08,0.0670960326073513,0.031205696000151703,8.100336393771232e-06,0.00042461510221437015,10532.63562903712
64978696670.38832,3.853996076981437e-08,3.853996076981437e-06,7.712128760835847e-06,4.675227852736897e-08,0.07017523043340601,0.033244310081324356,8.100336393771232e-06,0.00038539960769814373,9559.889929230643
71590461892.90251,3.49805875578337e-08,3.498058755783371e-06,8.496859562549254e-06,4.712060207094562e-08,0.07334691290663453,0.03512594887798525,8.100336393771232e-06,0.00034980587557833706,8676.982540538167
78874992830.9157,3.17499416566522e-08,3.17499416566522e-06,9.36143893140341e-06,4.7490933834358436e-08,0.07662978203705777,0.03703058403999266,8.100336393771232e-06,0.000317499416566522,7875.61641045624
86900745289.00018,2.8817663326386026e-08,2.8817663326386026e-06,1.0313991683781851e-05,4.786327381760742e-08,0.08005139733554141,0.03904751630569786,8.100336393771232e-06,0.00028817663326386026,7148.260764023707
95743140642.46387,2.6156196712850887e-08,2.6156196712850887e-06,1.136346935899668e-05,4.8237622020692575e-08,0.08360521630364398,0.0410008821122001,8.100336393771232e-06,0.0002615619671285089,6488.080333958347
105485274603.77194,2.3740530893597217e-08,2.3740530893597216e-06,1.2519734340672724e-05,4.8613978443613886e-08,0.08731984795414723,0.0428736726887881,8.100336393771232e-06,0.00023740530893597212,5888.871126772092
116218698107.94592,2.1547964839740494e-08,2.1547964839740495e-06,1.379365253771921e-05,4.8992343086371354e-08,0.09124863961930667,0.0446752535972127,8.100336393771232e-06,0.00021547964839740492,5345.002121231876
128044277655.25256,1.955789408483343e-08,1.9557894084833434e-06,1.5197195495851468e-05,4.9372715948965e-08,0.09537995729277456,0.04649422252035273,8.100336393771232e-06,0.00019557894084833432,4851.362351281896
141073143196.17606,1.7751617096019416e-08,1.7751617096019415e-06,1.6743552899246564e-05,4.9755097031394825e-08,0.09975117353416488,0.048340770900196714,8.100336393771232e-06,0.00017751617096019415,4403.312876143644
155427732466.3592,1.6112159527852983e-08,1.6112159527852984e-06,1.8447256519559627e-05,5.0139486333660816e-08,0.1044254103419305,0.04993953434096105,8.100336393771232e-06,0.00016112159527852983,3996.643186235946
171242941585.5598,1.4624114707228368e-08,1.4624114707228368e-06,2.032431677710098e-05,5.052588385576296e-08,0.10940634628522286,0.05140892204476005,8.100336393771232e-06,0.0001462411470722837,3627.53163524353
188667392733.29102,1.327349885038479e-08,1.327349885038479e-06,2.239237319749754e-05,5.0914289597701286e-08,0.11474918644280799,0.05292329729953582,8.100336393771232e-06,0.0001327349885038479,3292.5095264973525
207864830814.022,1.2047619651402338e-08,1.2047619651402338e-06,2.4670860177742568e-05,5.130470355947578e-08,0.12051679447004937,0.05430247424862398,8.100336393771232e-06,0.00012047619651402336,2988.4285161714533
229015662236.9959,1.0934957007258716e-08,1.0934957007258715e-06,2.718118961940776e-05,5.169712574108642e-08,0.12671498293533234,0.05545262624968111,8.100336393771232e-06,0.00010934957007258717,2712.4310269702996
252318650271.2211,9.925054758570362e-09,9.925054758570363e-07,2.9946952145298197e-05,5.209155614253325e-08,0.13343025556883556,0.05619341730517771,8.100336393771232e-06,9.925054758570363e-05,2461.923394271698
277992782907.60596,9.008422428659806e-09,9.008422428659806e-07,3.299413879046848e-05,5.248799476381624e-08,0.14073691515088205,0.05685366422701249,8.100336393771232e-06,9.008422428659807e-05,2234.5514923681935
306279330781.3193,8.176446037550163e-09,8.176446037550164e-07,3.6351385250923236e-05,5.2886441604935386e-08,0.14864482147917177,0.05742269501318854,8.100336393771232e-06,8.176446037550164e-05,2028.1786117565393
337444114493.54297,7.421307152768117e-09,7.421307152768117e-07,4.0050240985310386e-05,5.328689666589071e-08,0.15724193139286946,0.0576588722011875,8.100336393771232e-06,7.421307152768117e-05,1840.8653795787704
371780002639.58997,6.73590941624185e-09,6.73590941624185e-07,4.41254656984685e-05,5.3689359946682195e-08,0.16662890164995794,0.05758189280805653,8.100336393771232e-06,6.735909416241851e-05,1670.8515345188423
409609664018.4221,6.113811856835987e-09,6.113811856835987e-07,4.8615355993010625e-05,5.4093831447309844e-08,0.17682082517868378,0.057387513625264855,8.100336393771232e-06,6.113811856835987e-05,1516.5393848858023
451288599887.2127,5.5491683618338895e-09,5.549168361833889e-07,5.356210525862361e-05,5.450031116777366e-08,0.1879031335854509,0.05687469320695098,8.100336393771232e-06,5.549168361833889e-05,1376.478794432271
497208484756.3582,5.036672738554689e-09,5.036672738554689e-07,5.901220018111832e-05,5.490879910807365e-08,0.20001414316546337,0.056085955807464526,8.100336393771232e-06,5.036672738554689e-05,1249.353554813476
547800847119.77844,4.571508849826341e-09,4.5715088498263415e-07,6.501685759739074e-05,5.5319295268209825e-08,0.21312358563438255,0.05500519274374362,8.100336393771232e-06,4.571508849826342e-05,1133.9690166232128
603541124709.8776,4.149305354716698e-09,4.149305354716698e-07,7.163250580160409e-05,5.573179964818214e-08,0.22732824752243933,0.05367309674138675,8.100336393771232e-06,4.149305354716698e-05,1029.240862770344
664953132386.1162,3.766094629202053e-09,3.766094629202053e-07,7.892131482563033e-05,5.614631224799063e-08,0.24286222794173976,0.0521167086155599,8.100336393771232e-06,3.7660946292020534e-05,934.1849186945016
732613984643.8054,3.418275480733561e-09,3.418275480733561e-07,8.69517806770174e-05,5.656283306763529e-08,0.2596245875557577,0.05036741731250751,8.100336393771232e-06,3.418275480733561e-05,847.9079036633435
807159519002.0353,3.102579306314443e-09,3.102579306314443e-07,9.579936902481465e-05,5.6981362107116126e-08,0.2776691678808716,0.04848161339082644,8.100336393771232e-06,3.102579306314443e-05,769.5990362373608
889290271236.5731,2.8160393760613115e-09,2.816039376061312e-07,0.00010554722438224156,5.740189936643312e-08,0.29733331088741105,0.04645020656157293,8.100336393771232e-06,2.8160393760613116e-05,698.5224150152953
979778058609.5328,2.5559629535942214e-09,2.5559629535942217e-07,0.00011628695145068895,5.782444484558627e-08,0.3185452610130593,0.044319250815509664,8.100336393771232e-06,2.5559629535942216e-05,634.0101030587971
1079473232961.1716,2.319905991259083e-09,2.319905991259083e-07,0.00012811947596766957,5.824899854457559e-08,0.341328449646629,0.04208624121973851,8.100336393771232e-06,2.3199059912590828e-05,575.4558510077684
1189312671824.2192,2.1056501623826697e-09,2.1056501623826697e-07,0.00014115599314847374,5.8675560463401085e-08,0.365960620666896,0.0398091920260947,8.100336393771232e-06,2.1056501623826698e-05,522.3093998998356
1310328582656.517,1.9111820147228614e-09,1.9111820147228616e-07,0.00015551901263442512,5.9104130602062733e-08,0.39253262370313374,0.03752316185349238,8.100336393771232e-06,1.9111820147228614e-05,474.07131015519747
1443658202929.167,1.7346740492100442e-09,1.7346740492100442e-07,0.00017134350976756964,5.953470896056057e-08,0.4210473180205325,0.03521368663904669,8.100336393771232e-06,1.734674049210044e-05,430.2882681325759
1590554487225.8972,1.5744675461688639e-09,1.574467546168864e-07,0.00018877819401079797,5.996729553889456e-08,0.4516492770057328,0.032927033003360924,8.100336393771232e-06,1.574467546168864e-05,390.54882615005585
1752397881784.8777,1.4290569776309829e-09,1.429056977630983e-07,0.00020798690643328673,6.040189033706473e-08,0.4847721844488127,0.03068635833794628,8.100336393771232e-06,1.4290569776309828e-05,354.479535937966
1930709297133.2993,1.297075859254815e-09,1.2970758592548148e-07,0.0002291501593940157,6.083849335507107e-08,0.5201636256791661,0.0285103060190408,8.100336393771232e-06,1.2970758592548147e-05,321.7414391882374
2127164400724.0125,1.1772839088967761e-09,1.1772839088967762e-07,0.0002524668328924144,6.127710459291355e-08,0.5580078873819069,0.026392838675391384,8.100336393771232e-06,1.1772839088967762e-05,292.026882220456
2343609363888.1675,1.0685553911577276e-09,1.0685553911577275e-07,0.00027815604352745985,6.171772405059223e-08,0.5988916356691584,0.023947424675444622,8.100336393771232e-06,1.0685553911577276e-05,265.05662483068147
2582078211084.6016,9.69868538373403e-10,9.69868538373403e-08,0.00030645920362862414,6.216035172810706e-08,0.6426000211128691,0.021922904255230313,8.100336393771232e-06,9.69868538373403e-06,240.57721615366853
2844811934484.1484,8.802959486334326e-10,8.802959486334327e-08,0.0003376422899091853,6.260498762545806e-08,0.6892513473726589,0.019980261652100834,8.100336393771232e-06,8.802959486334326e-06,218.35861287836542
3134279553516.6943,7.989958705950812e-10,7.989958705950813e-08,0.00037199834296139915,6.305163174264523e-08,0.7389379079067153,0.018152830856839886,8.100336393771232e-06,7.989958705950812e-06,198.19201743405347
3453201317286.412,7.252042931914377e-10,7.252042931914376e-08,0.0004098502210823371,6.350028407966853e-08,0.7922799277452166,0.01643189721326882,8.100336393771232e-06,7.252042931914376e-06,179.88791583165496
3804574267898.0737,6.582277658977019e-10,6.58227765897702e-08,0.00045155363430925794,6.395094463652802e-08,0.8489983344018652,0.014813584077300053,8.100336393771232e-06,6.582277658977019e-06,163.27429672097546
4191700404923.5938,5.974368820846303e-10,5.974368820846303e-08,0.0004975004871765971,6.44036134132237e-08,0.9090899198424701,0.013302710749966527,8.100336393771232e-06,5.974368820846303e-06,148.19503492762172
4618217715682.493,5.422603642193912e-10,5.422603642193912e-08,0.0005481225616079097,6.485829040975554e-08,0.9733072823367048,0.011906112863248296,8.100336393771232e-06,5.422603642193912e-06,134.508424278992
5088134362940.568,4.921796953300474e-10,4.9217969533004744e-08,0.0006038955745524133,6.531497562612354e-08,1.040997148994188,0.010614391584889941,8.100336393771232e-06,4.921796953300474e-06,122.08584593170536
5605866351303.152,4.467242462832322e-10,4.4672424628323224e-08,0.000665343648497476,6.57736690623277e-08,1.1130735465364003,0.009424395898586168,8.100336393771232e-06,4.467242462832323e-06,110.81055968617143
6176279026269.886,4.054668530840115e-10,4.054668530840116e-08,0.0007330442368683257,6.623437071836804e-08,1.1891430656737823,0.00833955743004157,8.100336393771232e-06,4.0546685308401155e-06,100.57660692977795
6804732795935.053,3.680198026359558e-10,3.680198026359558e-08,0.0008076335506010395,6.669708059424454e-08,1.269167774167093,0.007351135379580473,8.100336393771232e-06,3.6801980263595576e-06,91.28781489919166
7497133504999.561,3.340311892379167e-10,3.340311892379167e-08,0.0008898125368846007,6.716179868995721e-08,1.3539710481598974,0.006458065919125056,8.100336393771232e-06,3.340311892379167e-06,82.8568929044054
8259987934480.462,3.031816075779714e-10,3.031816075779714e-08,0.0009803534662567923,6.762852500550603e-08,1.4428321839157994,0.005655396062695968,8.100336393771232e-06,3.031816075779714e-06,75.20461202136728
9100464948671.975,2.7518115114721486e-10,2.7518115114721486e-08,0.001080107189955619,6.809725954089105e-08,1.5367235491825848,0.004938766830372652,8.100336393771232e-06,2.751811511472149e-06,68.25906054442062
10026462863981.904,2.497666878662219e-10,2.497666878662219e-08,0.0011900111357266673,6.85680022961122e-08,1.6352326291887316,0.004301138918620569,8.100336393771232e-06,2.497666878662219e-06,61.95496820172526
11046683672736.834,2.266993873220953e-10,2.2669938732209532e-08,0.0013110981172263702,6.904075327116954e-08,1.7383243674719875,0.0037373016220118393,8.100336393771232e-06,2.2669938732209534e-06,56.23309278302865
12170714819468.053,2.057624763785147e-10,2.0576247637851472e-08,0.0014445060398068112,6.951551246606305e-08,1.8468603356252637,0.00323886396244762,8.100336393771232e-06,2.0576247637851468e-06,51.03966341567179
13409119298164.941,1.867592020672937e-10,1.867592020672937e-08,0.001591488593891473,6.999227988079273e-08,1.9601826527643165,0.002800359206199156,8.100336393771232e-06,1.8675920206729372e-06,46.3258752570565
14773534917177.396,1.69510982617889e-10,1.6951098261788902e-08,0.0017534270364320554,7.047105551535856e-08,2.0792393207489495,0.0024160157777571765,8.100336393771232e-06,1.6951098261788901e-06,42.04743085498872
16276783664601.186,1.5385572924930767e-10,1.5385572924930768e-08,0.00193184317116165,7.095183936976057e-08,2.2036873372517447,0.0020801407870844335,8.100336393771232e-06,1.538557292493077e-06,38.1641238658681
17932992201899.223,1.3964632295357907e-10,1.3964632295357907e-08,0.00212841364962523,7.143463144399873e-08,2.3335064022365843,0.001788417074829511,8.100336393771232e-06,1.3964632295357907e-06,34.63946121874687
19757724618087.676,1.267492319564893e-10,1.267492319564893e-08,0.002344985727380208,7.191943173807308e-08,2.469511495122844,0.0015351549428709095,8.100336393771232e-06,1.267492319564893e-06,31.440320174575955
21768128692034.184,1.1504325686327126e-10,1.1504325686327126e-08,0.002583594623434752,7.240624025198358e-08,2.611195610681863,0.0013155792464680724,8.100336393771232e-06,1.1504325686327127e-06,28.536637057878828
23983097037356.39,1.0441839169685798e-10,1.0441839169685798e-08,0.0028464826460577876,7.289505698573027e-08,2.7593592232483233,0.0011260105959372158,8.100336393771232e-06,1.0441839169685798e-06,25.9011247357339
26423444644267.324,9.47747901253952e-11,9.47747901253952e-09,0.0031361202646939795,7.338588193931311e-08,2.9137807927595683,0.000962506391690686,8.100336393771232e-06,9.477479012539521e-07,23.509016189096585
29112104486803.24,8.602182716421766e-11,8.602182716421767e-09,0.0034552293260053765,7.38787151127321e-08,3.074462503332578,0.0008218348983126704,8.100336393771232e-06,8.602182716421766e-07,21.337831766692382
32074343033636.855,7.8077247534709e-11,7.8077247534709e-09,0.003806808632210559,7.437355650598727e-08,3.242093647025453,0.0006896876355812378,8.100336393771232e-06,7.807724753470901e-07,19.36716793426844
35337997687723.34,7.086639267681078e-11,7.0866392676810774e-09,0.004194162122091903,7.48704061190786e-08,3.4164288182235154,0.0005859372901729471,8.100336393771232e-06,7.086639267681077e-07,17.57850553399021
38933738386096.734,6.432149915109905e-11,6.4321499151099055e-09,0.004620929919499428,7.536926395200613e-08,3.5980784032938686,0.0004973844761771615,8.100336393771232e-06,6.432149915109906e-07,15.955035752117888
42895355818183.07,5.838106183720911e-11,5.838106183720912e-09,0.0050911225411274475,7.587013000476981e-08,3.787054610400483,0.00042185942574216924,8.100336393771232e-06,5.838106183720912e-07,14.481502159505572
47260078971137.26,5.2989255944321406e-11,5.298925594432141e-09,0.005609158585028648,7.637300427736965e-08,3.9834799324051855,0.00035756874058711117,8.100336393771232e-06,5.29892559443214e-07,13.144057340512523
52068924986311.836,4.8095412402095334e-11,4.809541240209533e-09,0.0061799062540406,7.687788676980566e-08,4.187974987279216,0.00030283323663296194,8.100336393771232e-06,4.809541240209533e-07,11.930132763007489
57367084614605.56,4.3653541702079963e-11,4.365354170207997e-09,0.006808729104337686,7.738477748207783e-08,4.400687600127261,0.0002563552679974344,8.100336393771232e-06,4.3653541702079965e-07,10.82832066658002
63204346892978.15,3.9621901714938104e-11,3.9621901714938105e-09,0.007501536449026928,7.789367641418618e-08,4.622153711483026,0.00021536606148752792,8.100336393771232e-06,3.96219017149381e-07,9.828266859012361
69635567032996.01,3.596260542207995e-11,3.596260542207995e-09,0.008264838890451567,7.840458356613069e-08,4.852728820435489,0.00018204903456915374,8.100336393771232e-06,3.5962605422079944e-07,8.920573413575202
76721181918353.25,3.26412648753963e-11,3.26412648753963e-09,0.00910580950306271,7.891749893791137e-08,5.092764794900795,0.00015383593037844234,8.100336393771232e-06,3.2641264875396297e-07,8.096710352753012
84527778055716.42,2.962666803923015e-11,2.9626668039230156e-09,0.010032351241820378,7.943242252952822e-08,5.342945719400087,0.00012987776570644002,8.100336393771232e-06,2.9626668039230153e-07,7.348935488453532
93128717316165.83,2.6890485477734876e-11,2.6890485477734878e-09,0.011053171209589019,7.994935434098122e-08,5.603782214598852,0.0001096200938123005,8.100336393771232e-06,2.689048547773487e-07,6.67022166540619
102604826347588.62,2.4407004131236836e-11,2.440700413123684e-09,0.012177862481449447,8.046829437227041e-08,5.875869974292885,9.245733103149925e-05,8.100336393771232e-06,2.4407004131236836e-07,6.0541907240251085
113045156136724.62,2.2152885679786127e-11,2.2152885679786127e-09,0.013416994254864962,8.098924262339574e-08,6.159844100818863,7.79361591683645e-05,8.100336393771232e-06,2.2152885679786126e-07,5.495053562157665
124547818858783.98,2.01069472231373e-11,2.0106947223137298e-09,0.014782211172880106,8.151219909435726e-08,6.456261619036344,6.439573799782566e-05,8.100336393771232e-06,2.0106947223137298e-07,4.9875557324540605
137220909878871.6,1.8249962216115772e-11,1.824996221611577e-09,0.016286342753734785,8.203716378515496e-08,6.7658957257229515,5.4230223401380295e-05,8.100336393771232e-06,1.824996221611577e-07,4.526928064112952
151183523569649.6,1.6564479788677002e-11,1.6564479788677003e-09,0.017943523955249428,8.25641366957888e-08,7.089462498726025,4.566723541188362e-05,8.100336393771232e-06,1.6564479788677002e-07,4.108841844975249
166566872491304.22,1.5034660752732642e-11,1.503466075273264e-09,0.019769328006975367,8.309311782625882e-08,7.42765529783347,3.843774392437501e-05,8.100336393771232e-06,1.503466075273264e-07,3.729368142793266
183515520451226.03,1.3646128754630374e-11,1.3646128754630375e-09,0.02178091275839069,8.362410717656498e-08,7.7812811515354525,3.2330789380761634e-05,8.100336393771232e-06,1.3646128754630372e-07,3.384940883399969
202188741030978.78,1.2385835174505271e-11,1.238583517450527e-09,0.023997181918436347,8.415710474670736e-08,8.151067496291326,2.719197997691719e-05,8.100336393771232e-06,1.238583517450527e-07,3.0723233388084714
222762014347212.34,1.1241936502904371e-11,1.1241936502904371e-09,0.026438962701629043,8.469211053668588e-08,8.53788769544659,2.285713937149739e-05,8.100336393771232e-06,1.1241936502904372e-07,2.788577710316219
245428676112210.38,1.020368304234129e-11,1.020368304234129e-09,0.02912920155016603,8.522912454650056e-08,8.942619857693934,1.817617695454509e-05,8.100336393771232e-06,1.020368304234129e-07,2.531037520773528
270401734490986.25,9.261317887862561e-12,9.261317887862562e-10,0.03209317977130444,8.576814677615141e-08,9.366107106980559,1.5264237767335122e-05,8.100336393771232e-06,9.261317887862562e-08,2.2972825565750403
297915871828703.56,8.405985237303332e-12,8.405985237303333e-10,0.035358751116451106,8.630917722563838e-08,9.809319467932852,1.2809879854739477e-05,8.100336393771232e-06,8.405985237303333e-08,2.0851161238933624
328229650059494.6,7.629647169585414e-12,7.629647169585414e-10,0.03895660353459328,8.685221589496158e-08,10.273183255433752,1.0749690925141854e-05,8.100336393771232e-06,7.629647169585413e-08,1.892544405422185
361627940521826.06,6.925008108988437e-12,6.925008108988437e-10,0.04292054755987681,8.739726278412095e-08,10.758727488869594,9.0189269978844e-06,8.100336393771232e-06,6.925008108988437e-08,1.7177577236355333
398424601014421.56,6.285446265552734e-12,6.285446265552734e-10,0.04728783404343258,8.794431789311647e-08,11.267025230377223,7.561105597921292e-06,8.100336393771232e-06,6.285446265552733e-08,1.5591135344860225
438965425250154.3,5.7049514073308064e-12,5.704951407330807e-10,0.052099504215310115,8.849338122194816e-08,11.799134441629928,6.339256847289105e-06,8.100336393771232e-06,5.7049514073308057e-08,1.4151209917268073
483631392425173.5,5.178068379706949e-12,5.178068379706949e-10,0.05740077536619786,8.9044452770616e-08,12.356229619471321,5.309426080644217e-06,8.100336393771232e-06,5.178068379706949e-08,1.2844269368016412
532842247440830.6,4.6998458410122986e-12,4.699845841012298e-10,0.06324146577334365,8.959753253912002e-08,12.939486427338952,3.919116151280932e-06,8.100336393771232e-06,4.699845841012298e-08,1.1658031826441424
587060445423263.4,4.265789732682264e-12,4.2657897326822643e-10,0.06967646286388338,9.015262052746021e-08,13.550163947209562,3.282962244160371e-06,8.100336393771232e-06,4.265789732682264e-08,1.0581349718867674
646795497608944.1,3.871821046695863e-12,3.871821046695863e-10,0.07676623901510554,9.070971673563659e-08,14.189584157000828,2.7485618358855822e-06,8.100336393771232e-06,3.871821046695863e-08,0.9604105010164313
712608759436314.5,3.514237493419753e-12,3.514237493419753e-10,0.08457741983884443,9.126882116364909e-08,14.859088631034965,2.3009145726453012e-06,8.100336393771232e-06,3.514237493419753e-08,0.8717114120308445
785118705839211.5,3.1896787096336203e-12,3.18967870963362e-10,0.09318341029040862,9.18299338114978e-08,15.560123264538218,1.926255368088481e-06,8.100336393771232e-06,3.18967870963362e-08,0.7912041622416708
865006743316248.4,2.8950946797820105e-12,2.8950946797820104e-10,0.10266508448585547,9.239305467918264e-08,16.294175020770215,1.611132415505246e-06,8.100336393771232e-06,2.8950946797820106e-08,0.7181321911228962
953023613394602.6,2.627717073693881e-12,2.627717073693881e-10,0.11311154571011336,9.295818376670364e-08,17.062812122806015,1.347829427166847e-06,8.100336393771232e-06,2.627717073693881e-08,0.651808810592999
1049996447664279.2,2.385033231418264e-12,2.3850332314182636e-10,0.12462096375807113,9.352532107406085e-08,17.867679501436474,1.1265376459418225e-06,8.100336393771232e-06,2.3850332314182634e-08,0.5916107519178903
1156836540681930.5,2.164762550700738e-12,2.1647625507007378e-10,0.13730149747747547,9.409446660125419e-08,18.71047769282984,8.312593500514274e-07,8.100336393771232e-06,2.164762550700738e-08,0.536972308592189
1274547913789541.2,1.9648350552037e-12,1.9648350552037e-10,0.15127231118316783,9.466562034828374e-08,19.593007936285144,6.961673394152303e-07,8.100336393771232e-06,1.9648350552037002e-08,0.4873800201569758
1404236750325747.8,1.7833719420671083e-12,1.7833719420671086e-10,0.16666469449432786,9.523878231514941e-08,20.517145536366016,5.827712500991469e-07,8.100336393771232e-06,1.7833719420671084e-08,0.4423678469956564
1547121790896452.0,1.6186679260068953e-12,1.6186679260068953e-10,0.1836232961183075,9.581395250185128e-08,21.484856867215214,4.876482890782825e-07,8.100336393771232e-06,1.6186679260068954e-08,0.401512790763448
1704545786393496.2,1.4691752140310762e-12,1.469175214031076e-10,0.20230748317544364,9.63911309083893e-08,22.498203174456552,4.081357924381206e-07,8.100336393771232e-06,1.469175214031076e-08,0.36443091929381344
1877988116390173.2,1.333488960177287e-12,1.333488960177287e-10,0.22289283883899177,9.69703175347635e-08,23.559333262647723,3.4137625299032955e-07,8.100336393771232e-06,1.3334889601772868e-08,0.3307737586262334
2069078691494026.5,1.2103340635837115e-12,1.2103340635837115e-10,0.24557281236414072,9.755151238097386e-08,24.67050501320699,2.854071771098194e-07,8.100336393771232e-06,1.2103340635837116e-08,0.30022501824966064
2279613270303138.0,1.0985531858293757e-12,1.0985531858293757e-10,0.27056053701211963,9.81347154470204e-08,25.834080528637735,2.3868434993754754e-07,8.100336393771232e-06,1.0985531858293757e-08,0.2724976187874067
2511570334905832.0,9.970958749376726e-13,9.970958749376725e-11,0.2980908329532002,9.871992673290308e-08,27.052532137443034,1.7537238739325534e-07,8.100336393771232e-06,9.970958749376726e-09,0.24733099419135665
2767129683509943.5,9.050086938368225e-13,9.050086938368225e-11,0.32842241397071265,9.930714623862196e-08,28.32845087663638,1.467948841722287e-07,8.100336393771232e-06,9.050086938368225e-09,0.22448864309309696
3048692914924437.5,8.214262605102368e-13,8.214262605102367e-11,0.3618403187034057,9.989637396417698e-08,29.66454643381012,1.228915773351346e-07,8.100336393771232e-06,8.214262605102367e-09,0.20375590630097107
3358905997394718.0,7.455631156373045e-13,7.455631156373045e-11,0.39865858927356385,1.0048760990956818e-07,31.063657292062956,1.0281477274458502e-07,8.100336393771232e-06,7.455631156373046e-09,0.18493794955726464
3700684133880319.0,6.767063413014386e-13,6.767063413014386e-11,0.4392232224730578,1.0108085407479553e-07,32.52875728612965,8.599556912569662e-08,8.100336393771232e-06,6.7670634130143865e-09,0.16785793259865053
4077239157444699.5,6.142088614002035e-13,6.142088614002035e-11,0.4839154212408963,1.0167610645985909e-07,34.06295787565241,7.195197184444123e-08,8.100336393771232e-06,6.142088614002034e-09,0.15235534731376704
4492109714202875.5,5.574833607987283e-13,5.574833607987283e-11,0.5331551769877484,1.0227336706475877e-07,35.669519956719476,6.015859081413842e-08,8.100336393771232e-06,5.5748336079872835e-09,0.13828450938091302
4949194517469187.0,5.059967660820527e-13,5.059967660820527e-11,0.5874052164320996,1.0287263588949465e-07,37.3518566935008,5.027815968431557e-08,8.100336393771232e-06,5.059967660820527e-09,0.1255131892111261
5452788985607715.0,4.592652360398156e-13,4.5926523603981556e-11,0.64717535003804,1.0347391293406667e-07,39.11354108006789,4.20172488478512e-08,8.100336393771232e-06,4.592652360398156e-09,0.11392136933106468
6007625607887603.0,4.1684961480663667e-13,4.168496148066367e-11,0.7130272629188924,1.0407719819847486e-07,40.958317291680295,3.079407096974061e-08,8.100336393771232e-06,4.168496148066367e-09,0.10340011652826683
6618918417677365.0,3.7835130492954554e-13,3.783513049295455e-11,0.7855797932287253,1.0468249168271921e-07,42.89010304275642,2.5768189719954173e-08,8.100336393771232e-06,3.783513049295456e-09,0.09385055815988719
7292411990911785.0,3.434085215798839e-13,3.434085215798839e-11,0.8655147476450438,1.0528979338679974e-07,44.913003215560984,2.1562105000109577e-08,8.100336393771232e-06,3.434085215798839e-09,0.08518295300484106
8034435430291263.0,3.1169289270890925e-13,3.116928927089093e-11,0.9535833085932761,1.0589910331071644e-07,47.03131556962943,1.8033589027735458e-08,8.100336393771232e-06,3.116928927089093e-09,0.07731584792775649
8851961842524483.0,2.8290637319740657e-13,2.8290637319740655e-11,1.0506130934242786,1.0651042145446929e-07,49.24953912790324,1.507972805415673e-08,8.100336393771232e-06,2.8290637319740657e-09,0.07017531242956891
9752673867548824.0,2.5677844400018296e-13,2.56778444000183e-11,1.1575159318831252,1.0712374781805837e-07,51.572387411672494,1.2611335310047808e-08,8.100336393771232e-06,2.56778444000183e-09,0.06369424389148612
1.0745035875532346e+16,2.3306356996470833e-13,2.3306356996470833e-11,1.2752964349571154,1.0773908240148353e-07,54.00479400950336,1.054060211970642e-08,8.100336393771232e-06,2.330635699647083e-09,0.057811736983428376
1.1838373510124974e+16,2.1153889243388104e-13,2.1153889243388103e-11,1.4050614356283064,1.0835642520474492e-07,56.55192687970832,8.808096672675708e-09,8.100336393771232e-06,2.1153889243388103e-09,0.052472511310991767
1.3042961325458048e+16,1.920021349494025e-13,1.920021349494025e-11,1.5480303902490318,1.0897577622784243e-07,59.21919731048926,7.360149466334059e-09,8.100336393771232e-06,1.920021349494025e-09,0.04762639192230856
1.4370119340456582e+16,1.7426970237471008e-13,1.7426970237471008e-11,1.7055468382868133,1.0959713547077616e-07,62.01227088355606,5.374162720342899e-09,8.100336393771232e-06,1.7426970237471008e-09,0.04322783779289344
1.583231941782289e+16,1.5817495557418448e-13,1.5817495557418447e-11,1.8790910281303757,1.1022050293354599e-07,64.9370817582742,4.495828592953791e-09,8.100336393771232e-06,1.5817495557418448e-09,0.039235513857463475
1.744330246738282e+16,1.4356664543501282e-13,1.4356664543501283e-11,2.0702938276071463,1.1084587861615202e-07,67.999842776879,3.760434015401522e-09,8.100336393771232e-06,1.4356664543501283e-09,0.03561190256692148
1.9218207575201024e+16,1.303074915155941e-13,1.303074915155941e-11,2.280952049934914,1.1147326251859426e-07,71.20706067110282,3.1451686372523855e-09,8.100336393771232e-06,1.303074915155941e-09,0.032322951320150894
2.1173714271946944e+16,1.1827289196342608e-13,1.1827289196342608e-11,2.5130453391321717,1.121026546408726e-07,74.56554884807232,2.6291321114589424e-09,8.100336393771232e-06,1.182728919634261e-09,0.02933775245738494
2.3328199277468972e+16,1.0734975257902286e-13,1.0734975257902287e-11,2.7687547735666724,1.1273405498298715e-07,78.08244165889994,2.1976793522842713e-09,8.100336393771232e-06,1.0734975257902287e-09,0.026628252807911323
2.570190919456756e+16,9.743542402210906e-14,9.743542402210906e-12,3.050483362467098,1.1336746354493781e-07,81.76521053789128,1.836968836808304e-09,8.100336393771232e-06,9.743542402210906e-10,0.024168990062616618
2.831715077484857e+16,8.843673717253872e-14,8.843673717253873e-12,3.3608786280128027,1.1400288032672474e-07,85.62167881342032,1.5347579407540991e-09,8.100336393771232e-06,8.843673717253871e-10,0.021936853493944076
3.119850054465928e+16,8.026912758084872e-14,8.026912758084872e-12,3.7028574852143437,1.1464030532834779e-07,89.66003915316885,1.28210673554064e-09,8.100336393771232e-06,8.026912758084871e-10,0.019910866774657105
3.4373035761057044e+16,7.285584078051248e-14,7.285584078051249e-12,4.079633653392312,1.15279738549807e-07,93.88887054217966,1.0700439325066382e-09,8.100336393771232e-06,7.285584078051249e-10,0.018071990854457924
3.78705888681933e+16,6.612721099390462e-14,6.612721099390462e-12,4.4947478568507595,1.1592117999110236e-07,98.31715644220907,7.795471485971452e-10,8.100336393771232e-06,6.612721099390461e-10,0.016402945042016538
4.1724027845355336e+16,6.002000645364843e-14,6.0020006453648426e-12,4.952101098554671,1.1656462965223393e-07,102.95430424957492,6.519093618520081e-10,8.100336393771232e-06,6.002000645364843e-10,0.01488804461103647
4.5969565081205064e+16,5.447683518707734e-14,5.447683518707734e-12,5.455991319497148,1.1721008753320159e-07,107.8101648744193,5.450712295116482e-10,8.100336393771232e-06,5.447683518707733e-10,0.013513053404278455
5.064709767684589e+16,4.944560567969728e-14,4.944560567969728e-12,6.011153788260977,1.1785755363400545e-07,112.89505397830958,4.5567673006579956e-10,8.100336393771232e-06,4.944560567969728e-10,0.012265050050395373
5.580058237568046e+16,4.4879037349292453e-14,4.4879037349292455e-12,6.62280560033128,1.1850702795464551e-07,118.21977373598808,3.8082716358158424e-10,8.100336393771232e-06,4.487903734929246e-10,0.011132306536365303
6.147844864343637e+16,4.073421623038626e-14,4.073421623038626e-12,7.296694705338445,1.1915851049512171e-07,123.79563574856822,3.1819732104284014e-10,8.100336393771232e-06,4.0734216230386263e-10,0.010104177994414928
6.7734053780251224e+16,3.6972191693635046e-14,3.697219169363505e-12,8.0391539229615,1.198120012554341e-07,129.63448522086304,2.6583025272324513e-10,8.100336393771232e-06,3.697219169363504e-10,0.009171002667714154
7.462618434168539e+16,3.3557610410366e-14,3.3557610410366e-12,8.857160455100743,1.2046750023558263e-07,135.7487259691741,2.2204344346131175e-10,8.100336393771232e-06,3.3557610410365997e-10,0.008324011114779567
8.221960858074315e+16,3.045838412245818e-14,3.0458384122458182e-12,9.758401453582524,1.2112500743556736e-07,142.15134688968138,1.8543925903502443e-10,8.100336393771232e-06,3.045838412245818e-10,0.007555243799339471
9.058568510241323e+16,2.764538809547204e-14,2.764538809547204e-12,10.75134625956119,1.2178452285538823e-07,148.85594949334975,1.547105591528707e-10,8.100336393771232e-06,2.764538809547204e-10,0.006857476291220645
9.980303345053294e+16,2.5092187421253788e-14,2.509218742125379e-12,11.845325993484837,1.2244604649504527e-07,155.87677678839162,1.1228263166316723e-10,8.100336393771232e-06,2.5092187421253784e-10,0.006224151375335385
1.099582729287408e+17,2.2774788597974315e-14,2.2774788597974316e-12,13.050621243562594,1.2310957835453845e-07,163.22874359264043,9.38760101308001e-11,8.100336393771232e-06,2.2774788597974314e-10,0.005649317430770706
1.2114683659855213e+17,2.0671414053087732e-14,2.0671414053087733e-12,14.378558676781653,1.237751184338679e-07,170.9274681588544,7.846621107464834e-11,8.100336393771232e-06,2.0671414053087735e-10,0.005127572500900136
1.3347386810401629e+17,1.8762297490313602e-14,1.8762297490313604e-12,15.841617480365553,1.2444266673303338e-07,178.98930539895966,6.559097265157241e-11,8.100336393771232e-06,1.8762297490313605e-10,0.004654013528923017
1.4705520975081942e+17,1.702949813742644e-14,1.7029498137426438e-12,17.45354663395198,1.2511222325203508e-07,187.43138160620273,5.479888543735713e-11,8.100336393771232e-06,1.702949813742644e-10,0.00422419028177488
1.620184911252074e+17,1.5456732149265215e-14,1.5456732149265215e-12,19.2294941145435,1.2578378799087302e-07,196.27163083100666,4.577440440949716e-11,8.100336393771232e-06,1.5456732149265214e-10,0.0038340635294135967
1.7850432848294528e+17,1.4029219581583974e-14,1.4029219581583975e-12,21.18614924842544,1.26457360949547e-07,205.52883300332425,3.823690867889548e-11,8.100336393771232e-06,1.4029219581583973e-10,0.0034799670864739166
1.9666764617949248e+17,1.273354549769136e-14,1.273354549769136e-12,23.341899547793563,1.2713294212805725e-07,215.22265380315756,3.19263043510109e-11,8.100336393771232e-06,1.273354549769136e-10,0.0031585733595796326
2.1667913255939386e+17,1.1557533902642828e-14,1.1557533902642828e-12,25.717003505947336,1.278105315264036e-07,225.37368645580446,2.6652931286286937e-11,8.100336393771232e-06,1.1557533902642829e-10,0.0028668620765476996
2.3872684398654016e+17,1.0490133320288143e-14,1.0490133320288143e-12,28.333780974883414,1.2849012914458617e-07,236.003495471209,2.2254250962528068e-11,8.100336393771232e-06,1.0490133320288143e-10,0.0026020919036185215
2.6301797208899094e+17,9.52131293789735e-15,9.52131293789735e-13,31.216822914341563,1.2917173498260489e-07,247.1346624522141,1.8563615020779996e-11,8.100336393771232e-06,9.521312937897351e-11,0.0023617746839885204
2.8978079082596243e+17,8.641968342389061e-15,8.641968342389061e-13,34.39322248340975,1.298553490404598e-07,258.7908340748349,1.3425751506308032e-11,8.100336393771232e-06,8.641968342389061e-11,0.0021436520555527575
3.1926680167432685e+17,7.84383596232771e-15,7.84383596232771e-13,37.89282964634656,1.3054097131815082e-07,270.9967723136574,1.1221683416701875e-11,8.100336393771232e-06,7.843835962327711e-11,0.0019456742281254533
3.5175309709391034e+17,7.119415411662594e-15,7.119415411662593e-13,41.74853168526655,1.3122860181567806e-07,283.7784070519356,9.376190422516083e-12,8.100336393771232e-06,7.119415411662592e-11,0.001765980720698343
3.875449644819941e+17,6.461899005442467e-15,6.461899005442467e-13,45.9965622557759,1.319182405330414e-07,297.1628911630244,7.834349548733332e-12,8.100336393771232e-06,6.461899005442466e-11,0.0016028828777173787
4.26978755087559e+17,5.8651077851329885e-15,5.865107785132988e-13,50.676841889893986,1.32609887470241e-07,311.1786581920398,6.54364016247393e-12,8.100336393771232e-06,5.865107785132987e-11,0.0014548480000753034
4.704250448455792e+17,5.323433452341984e-15,5.323433452341983e-13,55.833353146099725,1.3330354262727667e-07,325.855482762385,5.464032737044441e-12,8.100336393771232e-06,5.323433452341983e-11,0.001320484941692865
5.182921168351431e+17,4.831785665277612e-15,4.831785665277613e-13,61.514553931955824,1.3399920600414854e-07,341.22454382463775,4.562662299883683e-12,8.100336393771232e-06,4.8317856652776124e-11,0.0011985310363332503
5.710297980874602e+17,4.385544202663261e-15,4.3855442026632613e-13,67.77383288347005,1.3469687760085662e-07,357.3184908945451,3.808748188170408e-12,8.100336393771232e-06,4.385544202663261e-11,0.0010878402317958111
6.291336867998717e+17,3.9805155455728245e-15,3.980515545572824e-13,74.67001108058679,1.3539655741740083e-07,374.1715134113643,3.1782652617904075e-12,8.100336393771232e-06,3.980515545572824e-11,0.0009873723199809823
6.931498096808233e+17,3.6128934691673435e-15,3.6128934691673435e-13,82.26789481364688,1.3609824545378125e-07,391.81941336838776,2.652622906203584e-12,8.100336393771232e-06,3.6128934691673436e-11,0.0008961831616167056
7.636797531927293e+17,3.2792232739977217e-15,3.279223273997722e-13,90.63888459538217,1.3680194170999777e-07,410.2996813707114,2.212128468992496e-12,8.100336393771232e-06,3.2792232739977216e-11,0.0008134158137841961
8.41386316913314e+17,2.9763693207390763e-15,2.976369320739076e-13,99.86164614160361,1.3750764618605052e-07,429.65157627777086,1.592940451705423e-12,8.100336393771232e-06,2.9763693207390764e-11,0.0007382924768644384
9.269997421422884e+17,2.701485563267874e-15,2.701485563267874e-13,110.02284962605164,1.3821535888193936e-07,449.9162086044187,1.3312040661844324e-12,8.100336393771232e-06,2.701485563267874e-11,0.000670107185227706
1.0213245742863799e+18,2.451988803167908e-15,2.451988803167908e-13,121.2179841565195,1.3892507979766446e-07,471.13662785431666,1.1121189548155088e-12,8.100336393771232e-06,2.4519888031679085e-11,0.0006082191729772247
1.1252472235112403e+18,2.2255344143272335e-15,2.2255344143272335e-13,133.5522551262009,1.3963680893322566e-07,493.35791397294395,9.289296323909973e-13,8.100336393771232e-06,2.225534414327233e-11,0.0005520468524022737
1.239744294711085e+18,2.019994309499154e-15,2.0199943094991542e-13,147.14157287307705,1.4035054628862307e-07,516.6272731138547,7.757793103627168e-13,8.100336393771232e-06,2.019994309499154e-11,0.0005010623485535317
1.3658917650760328e+18,1.833436941770443e-15,1.833436941770443e-13,162.11364193816115,1.410662918638566e-07,540.9941379218677,6.477816483433477e-13,8.100336393771232e-06,1.833436941770443e-11,0.0004547865385799433
1.5048750955029005e+18,1.6641091530015336e-15,1.6641091530015336e-13,178.60916115885146,1.4178404565892628e-07,566.5102725461253,5.407002806839865e-13,8.100336393771232e-06,1.6641091530015338e-11,0.0004127845492095067
1.658000370870395e+18,1.5104196986613293e-15,1.5104196986613292e-13,196.7831458751489,1.425038076738322e-07,593.2298826061053,4.512742949137976e-13,8.100336393771232e-06,1.510419698661329e-11,0.00037466167006203655
1.8267065738686403e+18,1.3709242942323358e-15,1.3709242942323358e-13,216.80638467407516,1.4322557790857427e-07,621.2097303442076,3.7657140958103213e-13,8.100336393771232e-06,1.3709242942323356e-11,0.00034005964438952533
2.0125791077255273e+18,1.2443120426608163e-15,1.2443120426608164e-13,238.86704436195075,1.439493563631525e-07,650.5092552095679,3.1408290678926796e-13,8.100336393771232e-06,1.2443120426608164e-11,0.00030865330238660863
2.2173646949083139e+18,1.1293931153052762e-15,1.1293931153052763e-13,263.17243824709385,1.4467514303756687e-07,681.1907001292068,2.619963228408037e-13,8.100336393771232e-06,1.1293931153052763e-11,0.000280147505433004
2.442987791810272e+18,1.0250875706156297e-15,1.0250875706156297e-13,289.95097435028725,1.4540293793181748e-07,713.3192437348303,1.8764967088081496e-13,8.100336393771232e-06,1.0250875706156297e-11,0.0002542743725516009
2.6915686736776356e+18,9.304152054677862e-16,9.304152054677861e-14,319.4543018511123,1.4613274104590415e-07,746.9631388261053,1.567363455367161e-13,8.100336393771232e-06,9.30415205467786e-12,0.00023079076301813756
2.965443359729023e+18,8.44486343782088e-16,8.44486343782088e-14,351.9596759412689,1.468645523798271e-07,782.1938573646338,1.3091266553942416e-13,8.100336393771232e-06,8.444863437820879e-12,0.00020947599146541824
3.267185565711527e+18,7.664934758626277e-16,7.664934758626277e-14,387.7725633083406,1.475983719335861e-07,819.0862423065653,1.0933008098297333e-13,8.100336393771232e-06,7.664934758626277e-12,0.00019012975401000695
3.5996308901914957e+18,6.957036698885562e-16,6.957036698885562e-14,427.22951273490173,1.483341997071814e-07,857.7186665964831,9.128702136519738e-14,8.100336393771232e-06,6.957036698885561e-12,0.00017257024591227788
3.96590346186806e+18,6.314516842451944e-16,6.314516842451945e-14,470.7013177891174,1.4907203570061274e-07,898.1731996602298,7.620969060496827e-14,8.100336393771232e-06,6.314516842451944e-12,0.00015663245308073618
4.369445298326226e+18,5.73133715968416e-16,5.73133715968416e-14,518.5965013280602,1.498118799138803e-07,940.535781750463,6.3610182712451e-14,8.100336393771232e-06,5.731337159684161e-12,0.00014216660136510528
4.81404865212538e+18,5.202017265539698e-16,5.202017265539699e-14,571.3651545590059,1.5055373234698408e-07,984.8964065152333,5.308091018169985e-14,8.100336393771232e-06,5.202017265539699e-12,0.0001290367490655762
5.303891648193305e+18,4.721582918088985e-16,4.721582918088985e-14,629.5031667360187,1.512975929999239e-07,1031.3493121774573,4.429539958834045e-14,8.100336393771232e-06,4.721582918088985e-12,0.00011711950943141485
5.843577547425727e+18,4.285519273469115e-16,4.285519273469115e-14,693.556885240112,1.5204346187269994e-07,1079.9931817314625,3.6949081372464114e-14,8.100336393771232e-06,4.285519273469115e-12,0.00010630289114370196
6.438178005466914e+18,3.8897284579953406e-16,3.889728457995341e-14,764.1282498356003,1.527913389653122e-07,1130.9313525817945,3.08189231815024e-14,8.100336393771232e-06,3.88972845799534e-12,9.64852458857617e-05
7.093280733193709e+18,3.530491058716208e-16,3.530491058716208e-14,841.8804493515718,1.5354122427776064e-07,1184.2720360697665,2.5701924228029526e-14,8.100336393771232e-06,3.5304910587162077e-12,8.757431311111963e-05
7.815042006787088e+18,3.204431170524174e-16,3.204431170524174e-14,927.5441539465219,1.5429311781004515e-07,1240.1285473539651,2.1419364493256722e-14,8.100336393771232e-06,3.204431170524174e-12,7.94863530323058e-05
8.610244520852159e+18,2.9084846713535433e-16,2.908484671353543e-14,1021.9243815235542,1.5504701956216593e-07,1298.6195461332081,1.5297441474079724e-14,8.100336393771232e-06,2.908484671353543e-12,7.214535968280476e-05
9.486361128254863e+18,2.639870427335426e-16,2.639870427335426e-14,1125.9080628225277,1.558029295341228e-07,1359.8692887231875,1.2771324359624338e-14,8.100336393771232e-06,2.639870427335426e-12,6.548234665698982e-05
1.0451625065667633e+19,2.396064157311468e-16,2.3960641573114684e-14,1240.472376281759,1.565608477259159e-07,1424.00789202246,1.0660749029428372e-14,8.100336393771232e-06,2.396064157311468e-12,5.9434698815814955e-05
1.15151073247605e+19,2.1747747111011142e-16,2.1747747111011142e-14,1366.6939309951886,1.5732077413754508e-07,1491.1716099283733,8.899226653030476e-15,8.100336393771232e-06,2.1747747111011143e-12,5.394558386599302e-05
1.2686801896130204e+19,1.973922538598401e-16,1.9739225385984012e-14,1505.7588840614678,1.5808270876901055e-07,1561.5031227903248,7.427591634317014e-15,8.100336393771232e-06,1.973922538598401e-12,4.8963418282999795e-05
1.3977719687037247e+19,1.7916201473641418e-16,1.7916201473641418e-14,1658.974087401578,1.5884665162031206e-07,1635.151840515059,6.1979522167861334e-15,8.100336393771232e-06,1.7916201473641416e-12,4.444138255897782e-05
1.5399991995538555e+19,1.6261543650645622e-16,1.6261543650645622e-14,1827.7793687967023,1.5961260269144975e-07,1712.2742199681018,5.171594035668984e-15,8.100336393771232e-06,1.6261543650645622e-12,4.033698122010318e-05
1.6966984513403318e+19,1.4759702400695563e-16,1.4759702400695562e-14,2013.7610625561376,1.6038056198242368e-07,1793.0340973454631,4.3146948979083675e-15,8.100336393771232e-06,1.4759702400695562e-12,3.6611643478725435e-05
1.869342292914603e+19,1.339656428917503e-16,1.339656428917503e-14,2218.6669169687098,1.6115052949323377e-07,1877.6030362217302,3.598554087948317e-15,8.100336393771232e-06,1.3396564289175029e-12,3.323036076743574e-05
2.059553131152305e+19,1.2159319333263858e-16,1.2159319333263858e-14,2444.422518629489,1.6192250522388e-07,1966.1606920140214,3.001172034254922e-15,8.100336393771232e-06,1.2159319333263859e-12,3.0161357748815504e-05
2.2691184573937283e+19,1.1036340621136211e-16,1.1036340621136211e-14,2693.1493879877266,1.6269648917436238e-07,2058.895193635871,2.5023837798209372e-15,8.100336393771232e-06,1.103634062113621e-12,2.7375793709212766e-05
2.500007645252716e+19,1.0017075048973645e-16,1.0017075048973644e-14,2967.1849161679647,1.6347248134468094e-07,2156.003543152037,2.0866029488821812e-15,8.100336393771232e-06,1.0017075048973644e-12,2.4847491530410274e-05
2.7543904576496484e+19,9.091944149005513e-17,9.091944149005512e-15,3269.104330418501,1.6425048173483568e-07,2257.6920342830235,1.7382086359624485e-15,8.100336393771232e-06,9.091944149005514e-13,2.255269169222455e-05
3.034657436987395e+19,8.252254076613379e-17,8.25225407661338e-15,3601.744894606398,1.6503049034482663e-07,2364.176690648599,1.2357454279864927e-15,8.100336393771232e-06,8.25225407661338e-13,2.0469828994288502e-05
3.3434423700847067e+19,7.490113910612994e-17,7.490113910612994e-15,3968.2325721805446,1.6581250717465366e-07,2475.683724681072,1.031760044372737e-15,8.100336393771232e-06,7.490113910612994e-13,1.857932989878453e-05
3.6836470389801538e+19,6.798361498944704e-17,6.7983614989447045e-15,4372.01140216666,1.6659653222431697e-07,2592.4500181834455,8.607526887512747e-16,8.100336393771232e-06,6.798361498944704e-13,1.6863428589666376e-05
4.058468490199627e+19,6.170496152915194e-17,6.170496152915195e-15,4816.875864252009,1.6738256549381626e-07,2714.7236255531184,7.183129501079725e-16,8.100336393771232e-06,6.170496152915195e-13,1.530600001980607e-05
4.471429078748935e+19,5.600617557488148e-17,5.600617557488148e-15,5307.006537109006,1.681706069831518e-07,2842.7643007403863,5.992907705046165e-16,8.100336393771232e-06,5.600617557488148e-13,1.389240837713524e-05
4.926409569166874e+19,5.0833703235395886e-17,5.0833703235395885e-15,5847.009385053236,1.6896065669232362e-07,2976.8440490609873,4.999276712000502e-16,8.100336393771232e-06,5.083370323539588e-13,1.260936954575683e-05
5.427685604703615e+19,4.613893661011308e-17,4.613893661011308e-15,6441.959042229481,1.697527146213315e-07,3117.247705035048,4.1688648782161474e-16,8.100336393771232e-06,4.613893661011307e-13,1.1444826269514532e-05
5.9799678873409585e+19,4.187775700019655e-17,4.187775700019655e-15,7097.446501085904,1.7054678077017555e-07,3264.273537480054,3.4768909079509715e-16,8.100336393771232e-06,4.187775700019655e-13,1.038783484487899e-05
6.588446446242074e+19,3.801012030656827e-17,3.801012030656827e-15,7819.631653283909,1.7134285513885578e-07,3418.2338831430325,2.899988902427027e-16,8.100336393771232e-06,3.801012030656827e-13,9.428462278358395e-06
7.2588394106413335e+19,3.449968071864502e-17,3.449968071864502e-15,8615.30117679432,1.7214093772737222e-07,3579.455810218356,2.4177701248037053e-16,8.100336393771232e-06,3.4499680718645016e-13,8.557692941975343e-06
7.9974467455121e+19,3.131344915745453e-17,3.1313449157454535e-15,9491.932313167514,1.729410285357248e-07,3748.2818131603467,2.0157543570909592e-16,8.100336393771232e-06,3.1313449157454535e-13,7.76734384961511e-06
8.811209454990772e+19,2.842148326336724e-17,2.8421483263367238e-15,10457.763134321265,1.737431275639136e-07,3925.070540267104,1.680361324657693e-16,8.100336393771232e-06,2.842148326336724e-13,7.0499877580589045e-06
9.707774809914884e+19,2.579660601513676e-17,2.579660601513676e-15,11521.86995917087,1.745472348119384e-07,4110.197555580823,1.399973253638839e-16,8.100336393771232e-06,2.579660601513676e-13,6.398883370052386e-06
1.06955682124478e+20,2.341415033598577e-17,2.341415033598577e-15,12694.252647620457,1.7535335027979957e-07,4304.056136723554,9.892056088546577e-17,8.100336393771232e-06,2.3414150335985766e-13,5.807911983496311e-06
1.1783872373129947e+20,2.1251727286700627e-17,2.125172728670063e-15,13985.928573456464,1.761614739674968e-07,4507.05811036287,8.256808113055145e-17,8.100336393771232e-06,2.1251727286700627e-13,5.271519991426913e-06
1.2982914544419106e+20,1.928901566734053e-17,1.928901566734053e-15,15409.036159249004,1.7697160587503014e-07,4719.634727082742,6.891325078141901e-17,8.100336393771232e-06,1.928901566734053e-13,4.784666692432365e-06
1.4303962630487985e+20,1.750757105036564e-17,1.750757105036564e-15,16976.948946219658,1.7778374600239975e-07,4942.237577517768,5.749305151709053e-17,8.100336393771232e-06,1.7507571050365639e-13,4.342776921059294e-06
1.5759431076464014e+20,1.5890652450585322e-17,1.5890652450585324e-15,18704.40127103923,1.7859789434960542e-07,5175.33955169711,4.794467100587196e-17,8.100336393771232e-06,1.589065245058532e-13,3.941698053056595e-06
1.7362997532198443e+20,1.442306500307007e-17,1.4423065003070071e-15,20607.62673059463,1.7941405091664737e-07,5419.4358436363445,3.9985600348606097e-17,8.100336393771232e-06,1.442306500307007e-13,3.577660981416526e-06
1.9129731386900398e+20,1.3091017170608601e-17,1.30910171706086e-15,22704.510735933345,1.8023221570352546e-07,5675.045003310867,3.3346238562490316e-17,8.100336393771232e-06,1.3091017170608602e-13,3.2472446964893313e-06
2.107623538253362e+20,1.1881991138824477e-17,1.1881991138824478e-15,25014.758589003304,1.8105238871023972e-07,5942.710038246213,2.77991037407294e-17,8.100336393771232e-06,1.188199113882448e-13,2.9473441373148282e-06
2.322080163677269e+20,1.0784625181004246e-17,1.0784625181004246e-15,27560.080661671516,1.8187456993679017e-07,6222.99956706489,2.3174659642144733e-17,8.100336393771232e-06,1.0784625181004247e-13,2.675141012057296e-06
2.5583583541736417e+20,9.788606887166609e-18,9.78860688716661e-16,30364.39641723165,1.826987593831767e-07,6516.509027440866,1.932119086026243e-17,8.100336393771232e-06,9.788606887166608e-14,2.4280773133301894e-06
2.8186785153898263e+20,8.884576254004226e-18,8.884576254004227e-16,33454.05919167086,1.8352495704939946e-07,6823.861941027206,1.6103993735862735e-17,8.100336393771232e-06,8.884576254004227e-14,2.203831279523791e-06
3.105486985495627e+20,8.064037724990685e-18,8.064037724990685e-16,36858.10384706677,1.8435316293545838e-07,7145.711238044764,1.3418607041113093e-17,8.100336393771232e-06,8.064037724990686e-14,2.0002955762335547e-06
3.421479024453012e+20,7.319280354059134e-18,7.319280354059133e-16,40608.519624410255,1.8518337704135343e-07,7482.740644345037,1.1181212285844884e-17,8.100336393771232e-06,7.319280354059134e-14,1.8155574927515067e-06
