E_GeV,rate_acc,rate_acc_2,rate_sync,rate_bremss,rate_ic_0,rate_ic_1,t_ad_val,Shear,ESC
0.0001,8583.378626122136,858337.8626122134,8.307646038432235e-07,1.4412740598748897e-12,4.787785212993692e-08,4.600020136309245e-08,1.617499818724525e-06,6.741941479427839e-16,5.339708170094523e+16
0.00010423606739764012,8583.378626122136,858337.8626122134,8.307646038432235e-07,1.4412740598748897e-12,4.787785212993692e-08,4.600020136309245e-08,1.617499818724525e-06,6.741941479427839e-16,5.339708170094523e+16
0.00010865157746525384,8583.378626122136,858337.8626122134,8.307646038432235e-07,1.4412740598748897e-12,4.787785212993692e-08,4.600020136309245e-08,1.617499818724525e-06,6.741941479427839e-16,5.339708170094523e+16
0.00011325413151528115,8583.378626122136,858337.8626122134,8.307646038432235e-07,1.4412740598748897e-12,4.787785212993692e-08,4.600020136309245e-08,1.617499818724525e-06,6.741941479427839e-16,5.339708170094523e+16
0.00011805165285688056,8583.378626122136,858337.8626122134,8.307646038432235e-07,1.4412740598748897e-12,4.787785212993692e-08,4.600020136309245e-08,1.617499818724525e-06,6.741941479427839e-16,5.339708170094523e+16
0.00012305240043592616,8583.378626122136,858337.8626122134,8.307646038432235e-07,1.4412740598748897e-12,4.787785212993692e-08,4.600020136309245e-08,1.617499818724525e-06,6.741941479427839e-16,5.339708170094523e+16
0.000128264983052806,8583.378626122136,858337.8626122134,8.307646038432235e-07,1.4412740598748897e-12,4.787785212993692e-08,4.600020136309245e-08,1.617499818724525e-06,6.741941479427839e-16,5.339708170094523e+16
0.00013369837418249466,8583.378626122136,858337.8626122134,8.307646038432235e-07,1.4412740598748897e-12,4.787785212993692e-08,4.600020136309245e-08,1.617499818724525e-06,6.741941479427839e-16,5.339708170094523e+16
0.0001393619274224142,8583.378626122136,858337.8626122134,8.307646038432235e-07,1.4412740598748897e-12,4.787785212993692e-08,4.600020136309245e-08,1.617499818724525e-06,6.741941479427839e-16,5.339708170094523e+16
0.00014526539259467812,8583.378626122136,858337.8626122134,8.307646038432235e-07,1.4412740598748897e-12,4.787785212993692e-08,4.600020136309245e-08,1.617499818724525e-06,6.741941479427839e-16,5.339708170094523e+16
0.0001514189325304352,8583.378626122136,858337.8626122134,8.307646038432235e-07,1.4412740598748897e-12,4.787785212993692e-08,4.600020136309245e-08,1.617499818724525e-06,6.741941479427839e-16,5.339708170094523e+16
0.0001578331405652118,8583.378626122136,858337.8626122134,8.307646038432235e-07,1.4412740598748897e-12,4.787785212993692e-08,4.600020136309245e-08,1.617499818724525e-06,6.741941479427839e-16,5.339708170094523e+16
0.00016451905877536624,8583.378626122136,858337.8626122134,8.307646038432235e-07,1.4412740598748897e-12,4.787785212993692e-08,4.600020136309245e-08,1.617499818724525e-06,6.741941479427839e-16,5.339708170094523e+16
0.00017148819698705392,8583.378626122136,858337.8626122134,8.307646038432235e-07,1.4412740598748897e-12,4.787785212993692e-08,4.600020136309245e-08,1.617499818724525e-06,6.741941479427839e-16,5.339708170094523e+16
0.00017875255259042355,8583.378626122136,858337.8626122134,8.307646038432235e-07,1.4412740598748897e-12,4.787785212993692e-08,4.600020136309245e-08,1.617499818724525e-06,6.741941479427839e-16,5.339708170094523e+16
0.00018632463119315598,8583.378626122136,858337.8626122134,8.307646038432235e-07,1.4412740598748897e-12,4.787785212993692e-08,4.600020136309245e-08,1.617499818724525e-06,6.741941479427839e-16,5.339708170094523e+16
0.00019421746814890265,8583.378626122136,858337.8626122134,8.307646038432235e-07,1.4412740598748897e-12,4.787785212993692e-08,4.600020136309245e-08,1.617499818724525e-06,6.741941479427839e-16,5.339708170094523e+16
0.00020244465099768038,8583.378626122136,858337.8626122134,8.307646038432235e-07,1.4412740598748897e-12,4.787785212993692e-08,4.600020136309245e-08,1.617499818724525e-06,6.741941479427839e-16,5.339708170094523e+16
0.00021102034285685965,8583.378626122136,858337.8626122134,8.307646038432235e-07,1.4412740598748897e-12,4.787785212993692e-08,4.600020136309245e-08,1.617499818724525e-06,6.741941479427839e-16,5.339708170094523e+16
0.0002199593068030075,8583.378626122136,858337.8626122134,8.307646038432235e-07,1.4412740598748897e-12,4.787785212993692e-08,4.600020136309245e-08,1.617499818724525e-06,6.741941479427839e-16,5.339708170094523e+16
0.00022927693128656486,8583.378626122136,858337.8626122134,8.307646038432235e-07,1.4412740598748897e-12,4.787785212993692e-08,4.600020136309245e-08,1.617499818724525e-06,6.741941479427839e-16,5.339708170094523e+16
0.00023898925662310503,8583.378626122136,858337.8626122134,8.307646038432235e-07,1.4412740598748897e-12,4.787785212993692e-08,4.600020136309245e-08,1.617499818724525e-06,6.741941479427839e-16,5.339708170094523e+16
0.00024911300260677886,8583.378626122136,858337.8626122134,8.307646038432235e-07,1.4412740598748897e-12,4.787785212993692e-08,4.600020136309245e-08,1.617499818724525e-06,6.741941479427839e-16,5.339708170094523e+16
0.00025966559729348725,8583.378626122136,858337.8626122134,8.307646038432235e-07,1.4412740598748897e-12,4.787785212993692e-08,4.600020136309245e-08,1.617499818724525e-06,6.741941479427839e-16,5.339708170094523e+16
0.0002706652070033241,8583.378626122136,858337.8626122134,8.307646038432235e-07,1.4412740598748897e-12,4.787785212993692e-08,4.600020136309245e-08,1.617499818724525e-06,6.741941479427839e-16,5.339708170094523e+16
0.0002821307675939471,8583.378626122136,858337.8626122134,8.307646038432235e-07,1.4412740598748897e-12,4.787785212993692e-08,4.600020136309245e-08,1.617499818724525e-06,6.741941479427839e-16,5.339708170094523e+16
0.00029408201705870637,8583.378626122136,858337.8626122134,8.307646038432235e-07,1.4412740598748897e-12,4.787785212993692e-08,4.600020136309245e-08,1.617499818724525e-06,6.741941479427839e-16,5.339708170094523e+16
0.0003065395295056527,8583.378626122136,858337.8626122134,8.307646038432235e-07,1.4412740598748897e-12,4.787785212993692e-08,4.600020136309245e-08,1.617499818724525e-06,6.741941479427839e-16,5.339708170094523e+16
0.00031952475057592136,8583.378626122136,858337.8626122134,8.307646038432235e-07,1.4412740598748897e-12,4.787785212993692e-08,4.600020136309245e-08,1.617499818724525e-06,6.741941479427839e-16,5.339708170094523e+16
0.0003330600343624589,8583.378626122136,858337.8626122134,8.307646038432235e-07,1.4412740598748897e-12,4.787785212993692e-08,4.600020136309245e-08,1.617499818724525e-06,6.741941479427839e-16,5.339708170094523e+16
0.00034716868189265597,8583.378626122136,858337.8626122134,8.307646038432235e-07,1.4412740598748897e-12,4.787785212993692e-08,4.600020136309245e-08,1.617499818724525e-06,6.741941479427839e-16,5.339708170094523e+16
0.00036187498124112805,8583.378626122136,858337.8626122134,8.307646038432235e-07,1.4412740598748897e-12,4.787785212993692e-08,4.600020136309245e-08,1.617499818724525e-06,6.741941479427839e-16,5.339708170094523e+16
0.00037720424934169976,8583.378626122136,858337.8626122134,8.307646038432235e-07,1.4412740598748897e-12,4.787785212993692e-08,4.600020136309245e-08,1.617499818724525e-06,6.741941479427839e-16,5.339708170094523e+16
0.00039318287557057704,8583.378626122136,858337.8626122134,8.307646038432235e-07,1.4412740598748897e-12,4.787785212993692e-08,4.600020136309245e-08,1.617499818724525e-06,6.741941479427839e-16,5.339708170094523e+16
0.0004098383671757261,8583.378626122136,858337.8626122134,8.307646038432235e-07,1.4412740598748897e-12,4.787785212993692e-08,4.600020136309245e-08,1.617499818724525e-06,6.741941479427839e-16,5.339708170094523e+16
0.00042719939663067764,8583.378626122136,858337.8626122134,8.307646038432235e-07,1.4412740598748897e-12,4.787785212993692e-08,4.600020136309245e-08,1.617499818724525e-06,6.741941479427839e-16,5.339708170094523e+16
0.0004452958509942655,8583.378626122136,858337.8626122134,8.307646038432235e-07,1.4412740598748897e-12,4.787785212993692e-08,4.600020136309245e-08,1.617499818724525e-06,6.741941479427839e-16,5.339708170094523e+16
0.00046415888336127773,8583.378626122136,858337.8626122134,8.307646038432235e-07,1.4412740598748897e-12,4.787785212993692e-08,4.600020136309245e-08,1.617499818724525e-06,6.741941479427839e-16,5.339708170094523e+16
0.00048382096649259574,8583.378626122136,858337.8626122134,8.307646038432235e-07,1.4412740598748897e-12,4.787785212993692e-08,4.600020136309245e-08,1.617499818724525e-06,6.741941479427839e-16,5.339708170094523e+16
0.0005043159487171359,8583.378626122136,858337.8626122134,8.307646038432235e-07,1.4412740598748897e-12,4.787785212993692e-08,4.600020136309245e-08,1.617499818724525e-06,6.741941479427839e-16,5.339708170094523e+16
0.0005256791122018419,10533.53101224999,1053353.101224999,6.769588598233592e-07,1.2389459097918813e-12,3.7539701504960205e-08,3.6068565039602986e-08,1.617499818724525e-06,5.493754784201872e-16,6.552895317338058e+16
0.0005479472336900287,11768.19039248115,1176819.039248115,6.05935739153463e-07,1.1294128593429145e-12,3.2619713001010723e-08,3.1341834987121957e-08,1.617499818724525e-06,4.917377647973828e-16,7.320975238668835e+16
0.0005711586478126435,12709.257455873703,1270925.7455873701,5.610687460478814e-07,1.0533871145006126e-12,2.944965779243007e-08,2.8296231135330045e-08,1.617499818724525e-06,4.553266514114296e-16,7.906411778973747e+16
0.000595353313081437,13507.958335607113,1350795.833560711,5.278937768981693e-07,9.93155551684054e-13,2.706969992940977e-08,2.6009666415520954e-08,1.617499818724525e-06,4.284040189889013e-16,8.40328251003935e+16
0.0006205728806776501,14212.37406183641,1421237.4061836407,5.017294867797313e-07,9.42919413750089e-13,2.5168666478317958e-08,2.4183207450797855e-08,1.617499818724525e-06,4.0717079455766767e-16,8.841498575335888e+16
0.0006468607661546328,14844.221360362846,1484422.1360362843,4.803732692243042e-07,8.999333179895981e-13,2.359998357346779e-08,2.2676044911867557e-08,1.617499818724525e-06,3.898394869508511e-16,9.234569920450027e+16
0.0006742622241778342,15414.891187047588,1541489.1187047584,4.6258952187469204e-07,8.626536231394562e-13,2.228129599401377e-08,2.1409060135198763e-08,1.617499818724525e-06,3.7540736221162223e-16,9.589582843531531e+16
0.0007028244264308353,15930.825969241614,1593082.596924161,4.476081251364148e-07,8.30118837648877e-13,2.1161218256209345e-08,2.0332887160418357e-08,1.617499818724525e-06,3.6324944171015887e-16,9.910545169873883e+16
0.000732596542821523,16395.808693035266,1639580.8693035264,4.349140245211453e-07,8.01687427305449e-13,2.020539908163167e-08,1.94145279930102e-08,1.617499818724525e-06,3.529477409532659e-16,1.01998102899791e+17
0.0007636298261282241,16812.098883478047,1681209.8883478045,4.2414496806073693e-07,7.769092392920412e-13,1.938956516164645e-08,1.863066441514386e-08,1.617499818724525e-06,3.4420827996650136e-16,1.045878385130757e+17
0.0007959777002314986,17181.062125425746,1718106.2125425744,4.150364565304805e-07,7.554556119081518e-13,1.8695884829315324e-08,1.7964164049842543e-08,1.617499818724525e-06,3.3681640850043303e-16,1.0688315382340915e+17
0.0008296958520834907,17503.54953029265,1750354.953029265,4.0738977723494485e-07,7.370783602128624e-13,1.8110930739348223e-08,1.7402127727168564e-08,1.617499818724525e-06,3.3061086434460835e-16,1.0888934358332466e+17
0.0008648423275731727,17780.14175765433,1778014.1757654327,4.010523223695312e-07,7.215842378416523e-13,1.7624324619834723e-08,1.6934584794789674e-08,1.617499818724525e-06,3.2546780099868883e-16,1.1061002006814501e+17
0.0009014776314524918,18011.31356005138,1801131.3560051376,3.9590489167778417e-07,7.088182722918833e-13,1.722788250427821e-08,1.6553672247430006e-08,1.617499818724525e-06,3.2129048334063917e-16,1.1204813670696872e+17
0.000939664831495469,18197.5481099071,1819754.8109907098,3.918531826869917e-07,6.986524774974315e-13,1.6915062659480946e-08,1.6253105472387688e-08,1.617499818724525e-06,3.1800238165922116e-16,1.132066993088701e+17
0.0009794696670695395,18339.41727940809,1833941.727940809,3.888219039529316e-07,6.909779815237028e-13,1.6680592112549173e-08,1.6027818845062856e-08,1.617499818724525e-06,3.155423943489381e-16,1.140892654829446e+17
0.0010209606623060466,18437.637274420867,1843763.7274420867,3.8675059270525363e-07,6.856994134866314e-13,1.6520158630006707e-08,1.587366917813594e-08,1.617499818724525e-06,3.1386145378491747e-16,1.1470029073614763e+17
0.0010642092440647246,18493.10539029488,1849310.5390294876,3.8559057516153836e-07,6.827308398460569e-13,1.6430233143233563e-08,1.5787265605216548e-08,1.617499818724525e-06,3.1292005951286286e-16,1.1504535713064504e+17
0.0011092898648952228,18506.921667789375,1850692.1667789372,3.8530271386935135e-07,6.819927977167237e-13,1.6407909532781068e-08,1.5765816288611083e-08,1.617499818724525e-06,3.1268645013938453e-16,1.1513130800503982e+17
0.0011562801312073755,18480.398133804036,1848039.8133804034,3.858557100522237e-07,6.834101268961149e-13,1.6450791360017834e-08,1.580701867004668e-08,1.617499818724525e-06,3.131352256271732e-16,1.1496630546083155e+17
0.0012052609368708425,18415.057717211504,1841505.7717211503,3.8722480556235376e-07,6.869103973329521e-13,1.6556904375357846e-08,1.590897574513542e-08,1.617499818724525e-06,3.1424629388481717e-16,1.1455982361782547e+17
0.0012563166024741215,18312.624612895765,1831262.461289576,3.893907779306116e-07,6.924227889622069e-13,1.672462323244223e-08,1.6070125244639528e-08,1.617499818724525e-06,3.1600405521519856e-16,1.139225886689461e+17
0.0013095350204826678,18175.00769749211,1817500.769749211,3.9233915399940605e-07,6.998773199262253e-13,1.69526185073569e-08,1.6289190352386616e-08,1.617499818724525e-06,3.183967641514243e-16,1.1306647570978134e+17
0.0013650078065460137,18004.278500578508,1800427.8500578506,3.960595890436611e-07,7.092043452183227e-13,1.7239812532333305e-08,1.6565134911044636e-08,1.617499818724525e-06,3.2141602559207105e-16,1.1200437169766333e+17
0.001422830457214352,17802.64515849562,1780264.5158495617,4.005453729197016e-07,7.203342655631225e-13,1.758532789820862e-08,1.6897115687637363e-08,1.617499818724525e-06,3.250563940239612e-16,1.1075001341873712e+17
0.0014831025143361043,17572.423697632905,1757242.36976329,4.0579303496576275e-07,7.331973988684159e-13,1.7988484264490492e-08,1.7284478367161093e-08,1.617499818724525e-06,3.293150528852908e-16,1.0931780884167405e+17
0.0015459277364194785,17316.007896136405,1731600.7896136402,4.1180202658360905e-07,7.477239757147867e-13,1.8448749768680125e-08,1.7726712011038733e-08,1.617499818724525e-06,3.34191556969658e-16,1.077226496277658e+17
0.0016114142772530198,17035.83885276245,1703583.8852762445,4.1857446560727807e-07,7.638442272741991e-13,1.8965731787209617e-08,1.8223438586719372e-08,1.617499818724525e-06,3.3968762497247663e-16,1.0597972181917701e+17
0.0016796748720926532,16734.37525023526,1673437.5250235258,4.2611493033577687e-07,7.814885395173112e-13,1.9539150568350186e-08,1.8774388352349213e-08,1.617499818724525e-06,3.458069723414002e-16,1.0410432084769755e+17
0.0017508270317357234,16414.065142961786,1641406.5142961782,4.34430293888797e-07,8.005876520547632e-13,2.016885158738624e-08,1.93794128241035e-08,1.617499818724525e-06,3.5255517685026826e-16,1.0211167602649997e+17
0.0018249932448161524,16077.319932349334,1607731.9932349331,4.4352959162172674e-07,8.210728837541686e-13,2.085479895955268e-08,2.0038477173446017e-08,1.617499818724525e-06,3.5993957100181303e-16,1.0001678865094459e+17
0.0019023011886689458,15726.491024953828,1572649.1024953825,4.534239159041953e-07,8.428763705609424e-13,2.1597050502890837e-08,2.0751636771857313e-08,1.617499818724525e-06,3.67969156636816e-16,9.783428678923718e+16
0.001982883949127071,15363.849506589328,1536384.9506589326,4.641263337621516e-07,8.659313038332085e-13,2.239571568856553e-08,2.1518994188659e-08,1.617499818724525e-06,3.7665453809781313e-16,9.55782988353407e+16
0.0020668802496290823,14991.56901562496,1499156.9015624956,4.7565182380407996e-07,8.901721600391689e-13,2.325101232026828e-08,2.234075753431589e-08,1.617499818724525e-06,3.860078710425413e-16,9.326234696398846e+16
0.002154434690031882,14611.711865769406,1461171.1865769404,4.880172295671849e-07,9.155349148942343e-13,2.416328521134795e-08,2.321725734956502e-08,1.617499818724525e-06,3.9604282458275806e-16,9.089926080071514e+16
0.002245697995539774,14226.218355846795,1422621.8355846792,5.012412269797682e-07,9.419572369555675e-13,2.5132978243530658e-08,2.414891915881338e-08,1.617499818724525e-06,4.067745548788367e-16,8.850111091811798e+16
0.0023408272761782944,13836.899112945699,1383689.9112945697,5.153443040785963e-07,9.69378657358446e-13,2.6160665532847527e-08,2.5136295452616227e-08,1.617499818724525e-06,4.182196886797108e-16,8.607916120269083e+16
0.00243998629725955,13445.430245984908,1344543.0245984907,5.303487514723559e-07,9.977407137861386e-13,2.7246947101455957e-08,2.61799590056715e-08,1.617499818724525e-06,4.3039631558363827e-16,8.364383870522277e+16
0.002543345761304648,13053.351038133198,1305335.1038133195,5.462786623247468e-07,1.0269870679280827e-12,2.8392634593282007e-08,2.7280690944376917e-08,1.617499818724525e-06,4.433239880244817e-16,8.120471928537278e+16
0.0026510836019085363,12662.063876724114,1266206.3876724113,5.631599408588354e-07,1.057063596617947e-12,2.959861042056783e-08,2.8439337313133306e-08,1.617499818724525e-06,4.570237281732837e-16,7.877052717567074e+16
0.00276338529005317,12272.836105834273,1227283.610583427,5.810203185697979e-07,1.0879184575740187e-12,3.086586067888765e-08,2.965684299606325e-08,1.617499818724525e-06,4.715180410954687e-16,7.63491465063816e+16
0.002880444153396298,11886.80348677317,1188680.348677317,5.998893774849886e-07,1.1195021312112575e-12,3.21955276845718e-08,3.093430524443497e-08,1.617499818724525e-06,4.868309336271897e-16,7.394764283316565e+16
0.003002461709085549,11504.97496252671,1150497.496252671,6.197985799354313e-07,1.151767440380717e-12,3.358893587291057e-08,3.227299828343415e-08,1.617499818724525e-06,5.029879385359229e-16,7.1572292776616776e+16
0.0031296480106707504,11128.238440990895,1112823.8440990895,6.407813044066837e-07,1.1846695501411942e-12,3.504744819926612e-08,3.367422854344969e-08,1.617499818724525e-06,5.200161436146794e-16,6.922861999968066e+16
0.00326222200971167,10757.36733615388,1075736.733615388,6.628728871237222e-07,1.2181659498026578e-12,3.6572551877656826e-08,3.513941768521194e-08,1.617499818724525e-06,5.379442254295756e-16,6.692143590025933e+16
0.0034004119327037063,10393.027634078706,1039302.7634078705,6.86110669097519e-07,1.2522164195229894e-12,3.81659684096228e-08,3.6670220593270506e-08,1.617499818724525e-06,5.56802487499755e-16,6.465488356859369e+16
0.0035444556739704356,10035.785279812897,1003578.5279812894,7.10534048422735e-07,1.2867829837082269e-12,3.982957818888289e-08,3.826844463528474e-08,1.617499818724525e-06,5.766229027387685e-16,6.2432483741127656e+16
0.0036946012051993025,9686.113710765969,968611.3710765967,7.361845376687049e-07,1.3218298533797434e-12,4.156540186457304e-08,3.993603167353209e-08,1.617499818724525e-06,5.974391600293423e-16,6.025718166554719e+16
0.003851107002325569,9344.401390560173,934440.1390560173,7.631058262512496e-07,1.3573233595448315e-12,4.33756093513802e-08,4.167506063798487e-08,1.617499818724525e-06,6.192867148402546e-16,5.813139396876328e+16
0.004014242490499322,9010.95922408814,901095.9224088138,7.913438477120999e-07,1.3932318794529501e-12,4.526241690207903e-08,4.348765839421682e-08,1.617499818724525e-06,6.422028438259098e-16,5.605705478588474e+16
0.004184288507901585,8686.027758982471,868602.775898247,8.209468518670823e-07,1.4295257574494321e-12,4.722838226058155e-08,4.5376285193715645e-08,1.617499818724525e-06,6.662267033770822e-16,5.4035660560462584e+16
0.004361537789208006,8369.784100618748,836978.4100618747,8.519654818144707e-07,1.4661772219602663e-12,4.9276180748381186e-08,4.734350742575469e-08,1.617499818724525e-06,6.913993921158511e-16,5.20683130626297e+16
0.0045462954695324,8062.348487010134,806234.8487010133,8.844528558218081e-07,1.5031602999626097e-12,5.140854524241192e-08,4.939195546845684e-08,1.617499818724525e-06,7.177640173495818e-16,5.015576029143079e+16
0.004738879609717651,7763.790486518464,776379.0486518462,9.184646541337072e-07,1.5404507301211868e-12,5.36283920107623e-08,5.152441709996547e-08,1.617499818724525e-06,7.453657655184531e-16,4.8298435030698696e+16
0.004939621743878321,7474.134795312183,747413.4795312182,9.540592107649975e-07,1.5780258756043038e-12,5.593882795193378e-08,5.374387135426603e-08,1.617499818724525e-06,7.742519766887626e-16,4.649649091496146e+16
0.005148867450137497,7193.3666231178295,719336.6623117828,9.912976103637062e-07,1.615864637437715e-12,5.8343307615301757e-08,5.605364628884796e-08,1.617499818724525e-06,8.044722231605804e-16,4.4749835934129016e+16
0.005366976945540476,6921.43666525559,692143.6665255589,1.0302437902468948e-06,1.6539473691113813e-12,6.08453179847101e-08,5.8457088653764864e-08,1.617499818724525e-06,8.36078392273351e-16,4.305816336445878e+16
0.005594325706169377,6658.265666455755,665826.5666455755,1.0709646477297305e-06,1.6922557930243218e-12,6.344847740625363e-08,6.095767106673841e-08,1.617499818724525e-06,8.691247735071389e-16,4.142098015999575e+16
0.005831305113526219,6403.748587763791,640374.8587763789,1.1135301528845363e-06,1.7307729192364016e-12,6.615671805580688e-08,6.355917004043419e-08,1.617499818724525e-06,9.036681499904898e-16,3.983763287483227e+16
0.00607832312829723,6157.758392193575,615775.8392193574,1.1580134668821517e-06,1.769482966892905e-12,6.897394280957726e-08,6.626532793925369e-08,1.617499818724525e-06,9.397678945385297e-16,3.830733121360535e+16
0.006335804992658254,5920.149467904319,592014.9467904319,1.2044910660829947e-06,1.8083712885976114e-12,7.190442586559951e-08,6.908024926048578e-08,1.617499818724525e-06,9.774860703571417e-16,3.682916932703374e+16
0.006604193962330305,5690.760709763564,569076.0709763563,1.25304287205972e-06,1.847424297931931e-12,7.495263586617569e-08,7.200822994345825e-08,1.617499818724525e-06,1.0168875365608452e-15,3.5402144982279416e+16
0.0068839520696454964,5469.418281400655,546941.8281400655,1.303752387747649e-06,1.8866294002507594e-12,7.812325250242342e-08,7.505376014898213e-08,1.617499818724525e-06,1.0580400586635636e-15,3.4025176745644664e+16
0.007175560918936921,5255.938080416648,525593.8080416647,1.3567068399332205e-06,1.925974926829017e-12,8.14209143745103e-08,7.82212816786533e-08,1.617499818724525e-06,1.1010144242129242e-15,3.2697119318609396e+16
0.007479522515621821,5050.127929440752,505012.79294407513,1.4119973283045927e-06,1.9654500723852606e-12,8.485096877687174e-08,8.151594417604932e-08,1.617499818724525e-06,1.1458845637499623e-15,3.1416777168363516e+16
0.0077963601304052365,4851.789515330959,485178.95153309585,1.4697189813025782e-06,2.0050448359695806e-12,8.841859572258605e-08,8.494271778036295e-08,1.617499818724525e-06,1.1927276772875367e-15,3.0182916591547584e+16
0.008126619200091945,4660.7200981124815,466072.0098112481,1.5299711190239885e-06,2.0447499651708536e-12,9.212919545185952e-08,8.850678466291903e-08,1.617499818724525e-06,1.2416243665120131e-15,2.8994276345535696e+16
0.008470868266557402,4476.714010316309,447671.4010316308,1.5928574234436996e-06,2.084556903572843e-12,9.598828283571017e-08,9.221342885203497e-08,1.617499818724525e-06,1.2926587729243482e-15,2.7849576975800148e+16
0.008829699955494083,4299.563966293645,429956.3966293644,1.6584861162360343e-06,2.12445774136843e-12,1.000021055795207e-07,9.606865657232128e-08,1.617499818724525e-06,1.3459187221482763e-15,2.674752896113884e+16
0.00920373199661822,4129.062199896695,412906.2199896695,1.7269701444907153e-06,2.164445169025891e-12,1.0417683062427335e-07,1.0007838749375098e-07,1.617499818724525e-06,1.4014958746452157e-15,2.5686839791171908e+16
0.009593608287093146,3965.00144767861,396500.14476786094,1.7984273746335199e-06,2.2045124338897565e-12,1.0851894092358191e-07,1.0424885654633631e-07,1.617499818724525e-06,1.4594858830875721e-15,2.466622008281524e+16
0.01,3807.1757935107994,380717.5793510799,1.8729807948771097e-06,2.244653299590879e-12,1.1303531310714378e-07,1.0858666830323891e-07,1.617499818724525e-06,1.5199885566545751e-15,2.3684388834633296e+16
0.01042360673976401,3655.381389272403,365538.1389272402,1.9507587265432006e-06,2.2848620081352777e-12,1.1773275757016299e-07,1.130983471249027e-07,1.617499818724525e-06,1.583108032527512e-15,2.2740077910238492e+16
0.010865157746525383,3509.4170650550177,350941.7065055017,2.03189504461333e-06,2.3251332445386192e-12,1.2261846030683689e-07,1.1779077788945224e-07,1.617499818724525e-06,1.6489529548742865e-15,2.1832035834366532e+16
0.011325413151528114,3369.0848411606034,336908.48411606025,2.1165294078822594e-06,2.365462103872519e-12,1.2769985295067638e-07,1.226710973650206e-07,1.617499818724525e-06,1.7176366616268478e-15,2.095903097800838e+16
0.011805165285688056,3234.1903530628156,323419.0353062815,2.2048074991052488e-06,2.405844060589727e-12,1.3298505097889186e-07,1.277471122772145e-07,1.617499818724525e-06,1.7892773793689943e-15,2.011985420208897e+16
0.012305240043592616,3104.54319945862,310454.319945862,2.296881275548117e-06,2.4462749399973155e-12,1.3848243219518356e-07,1.330268732721353e-07,1.617499818724525e-06,1.8639984266663927e-15,1.9313321022691544e+16
0.012826498305280598,2979.9572225609027,297995.72225609026,2.392909230367656e-06,2.486750891750245e-12,1.4420028298529503e-07,1.3851832408184565e-07,1.617499818724525e-06,1.941928426185805e-15,1.8538273354754164e+16
0.013369837418249465,2860.250728876934,286025.07288769336,2.4930566652688573e-06,2.527268365241471e-12,1.5014767330467426e-07,1.4423017620856767e-07,1.617499818724525e-06,2.0232015259658394e-15,1.7793580885529562e+16
0.013936192742241421,2745.2466578803655,274524.6657880365,2.5974959749053983e-06,2.567824086769308e-12,1.5633360861668407e-07,1.5017107350119797e-07,1.617499818724525e-06,2.1079576302177584e-15,1.707814212389131e+16
0.014526539259467812,2634.772705215505,263477.2705215505,2.706406943510333e-06,2.6084150383675984e-12,1.6276786084889537e-07,1.563503969576395e-07,1.617499818724525e-06,2.1963426400515233e-15,1.6390885166785948e+16
0.01514189325304352,2528.661406369025,252866.14063690248,2.8199770542652497e-06,2.6490384381893796e-12,1.6946009871691772e-07,1.6277741293777563e-07,1.617499818724525e-06,2.2885087045395435e-15,1.5730768219753544e+16
0.01578331405652118,2426.7501861028245,242675.01861028242,2.938401811938548e-06,2.6896917223401016e-12,1.7642049717767616e-07,1.6946188915028612e-07,1.617499818724525e-06,2.3846144825487696e-15,1.5096779904448868e+16
0.016451905877536626,2328.881378359615,232888.13783596148,3.0618850793462985e-06,2.7303725280617336e-12,1.8366009542494787e-07,1.7641442939683438e-07,1.617499818724525e-06,2.4848254157902996e-15,1.4487939382473752e+16
0.01714881969870539,2234.9022208252113,223490.2220825211,3.1906394282134615e-06,2.7710786781745524e-12,1.911899883193343e-07,1.8364568929536532e-07,1.617499818724525e-06,2.5893140135553605e-15,1.3903296321549186e+16
0.017875255259042353,2144.664827855627,214466.48278556266,3.3248865050379663e-06,2.8118081666886516e-12,1.9902230764903979e-07,1.9116733006865526e-07,1.617499818724525e-06,2.6982601496266406e-15,1.3341930727095138e+16
0.018632463119315597,2058.026145048236,205802.61450482355,3.4648574125862804e-06,2.852559145502405e-12,2.0716824720722334e-07,1.9899007052469347e-07,1.617499818724525e-06,2.8118513718751053e-15,1.280295265961839e+16
0.019421746814890263,1974.8478883510372,197484.78883510368,3.6107931076761617e-06,2.8933299121101933e-12,2.156408188424015e-07,2.07126416384786e-07,1.617499818724525e-06,2.930283225074436e-15,1.2285501855912074e+16
0.020244465099768037,1894.9964702588215,189499.64702588212,3.7629448159303522e-06,2.934118898246528e-12,2.2445353031842305e-07,2.1558934600747054e-07,1.617499818724525e-06,3.053759587487959e-15,1.1788747269923044e+16
0.021102034285685942,1818.3429153359627,181834.29153359623,3.921574464214439e-06,2.9749246593984215e-12,2.3361913316280775e-07,2.2439107781870475e-07,1.617499818724525e-06,3.1824930218069005e-15,1.1311886547220312e+16
0.021995930680300747,1744.76276702976,174476.27670297597,4.086955131502482e-06,3.015745865122277e-12,2.4315171062079777e-07,2.3354513326386656e-07,1.617499818724525e-06,3.316705141043402e-15,1.0854145445282108e+16
0.022927693128656487,1674.1359874921711,167413.59874921708,4.259371518946035e-06,3.0565812901058853e-12,2.5306580186848315e-07,2.430654281316808e-07,1.617499818724525e-06,3.456626990007751e-15,1.041477721028825e+16
0.023898925662310503,1606.3468519089975,160634.68519089973,4.439120439955093e-06,3.097429805920104e-12,2.633773987383934e-07,2.5296739776900014e-07,1.617499818724525e-06,3.6024994430259905e-15,9993061919743444.0
0.024911300260677883,1541.2838386410378,154128.38386410376,4.62651133113418e-06,3.1382903734086315e-12,2.741017993266302e-07,2.6326566970854413e-07,1.617499818724525e-06,3.754573618582181e-15,9588305799046890.0
0.025966559729348696,1478.8395163091627,147883.95163091624,4.821866784952754e-06,3.1791620356679265e-12,2.852551653753886e-07,2.73975786116347e-07,1.617499818724525e-06,3.913111311598823e-15,9199840519050066.0
0.027066520700332414,1418.9104288025194,141891.04288025192,5.025523105066409e-06,3.2200439115726493e-12,2.9685462439470127e-07,2.8511414208169557e-07,1.617499818724525e-06,4.078385444099177e-15,8827022480694338.0
0.028213076759394707,1361.3969790538251,136139.6979053825,5.237830885244545e-06,3.260935189805237e-12,3.089189467247377e-07,2.9669884626760825e-07,1.617499818724525e-06,4.250680535027046e-15,8469232091978642.0
0.029408201705870638,1306.2033123062959,130620.33123062956,5.459155612900966e-06,3.301835123351236e-12,3.214655366870426e-07,3.087465525629444e-07,1.617499818724525e-06,4.430293190032684e-15,8125873041764628.0
0.030653952950565267,1253.2371994916098,125323.71994916096,5.689878298265824e-06,3.3427430244247178e-12,3.3451283911895865e-07,3.2127492543585164e-07,1.617499818724525e-06,4.617532612067551e-15,7796371574272564.0
0.03195247505759213,1202.4099212454314,120240.99212454312,5.93039613028213e-06,3.3836582597908344e-12,3.4808172301711195e-07,3.343040540018914e-07,1.617499818724525e-06,4.812721133666963e-15,7480175767543479.0
0.03330600343624589,1153.6361530056906,115363.61530056904,6.181123160355371e-06,3.4245802464548946e-12,3.621924502598289e-07,3.47853340109803e-07,1.617499818724525e-06,5.016194771836499e-15,7176754818637135.0
0.034716868189265594,1106.8338515671073,110683.38515671072,6.442491015133547e-06,3.46550844768974e-12,3.7686630362436714e-07,3.6194322796654975e-07,1.617499818724525e-06,5.228303806497609e-15,6885598337889254.0
0.0361874981241128,1061.9241434029436,106192.41434029434,6.7149496395440756e-06,3.5064423693751705e-12,3.921263451627136e-07,3.765958987751006e-07,1.617499818724525e-06,5.449413383487704e-15,6606215654162664.0
0.03772042493416997,1018.8312150099739,101883.12150099737,6.998968071366896e-06,3.5473815566252775e-12,4.079949227862038e-07,3.9183275128020184e-07,1.617499818724525e-06,5.6799041431529626e-15,6338135132684845.0
0.0393182875570577,977.4822054848917,97748.22054848915,7.295035248676926e-06,3.5883255906812767e-12,4.244970859442202e-07,4.076778886271136e-07,1.617499818724525e-06,5.9201728756157505e-15,6080903506767221.0
0.040983836717572615,937.8071014986352,93780.7101498635,7.6036608515457324e-06,3.6292740860491655e-12,4.41657135385499e-07,4.241546116145183e-07,1.617499818724525e-06,6.170633203844574e-15,5834085224441866.0
0.042719939663067766,899.7386347988172,89973.8634798817,7.925376179451489e-06,3.670226687863127e-12,4.5950059022731964e-07,4.412874049157925e-07,1.617499818724525e-06,6.4317162957025495e-15,5597261810825511.0
0.044529585099426554,863.2121823390729,86321.21823390728,8.260735065907301e-06,3.7111830694569994e-12,4.780545523720542e-07,4.591022649987057e-07,1.617499818724525e-06,6.703871606199848e-15,5370031246825584.0
0.046415888336127774,828.1656691068491,82816.5669106849,8.61031483188268e-06,3.752142930127565e-12,4.973474064564506e-07,4.776264853796926e-07,1.617499818724525e-06,6.987567651228128e-15,5152007364633196.0
0.04838209664925957,794.5394736977754,79453.94736977752,8.974717279659195e-06,3.7931059930746035e-12,5.174078933106061e-07,4.968876108429461e-07,1.617499818724525e-06,7.283292814108702e-15,4942819260302598.0
0.050431594871713586,762.2763366645735,76227.63366645733,9.354569728831184e-06,3.834072003503839e-12,5.382664095366852e-07,5.169148258266275e-07,1.617499818724525e-06,7.591556186342863e-15,4742110723590989.0
0.05256791122018425,731.321271651187,73132.12716511868,9.750526096235115e-06,3.875040726879993e-12,5.599553881462438e-07,5.377393159306785e-07,1.617499818724525e-06,7.912888444011834e-15,4549539685125145.0
0.05479472336900287,701.6214793081477,70162.14793081477,1.0163268021666365e-05,3.916011947318119e-12,5.825058472652716e-07,5.593908000604957e-07,1.617499818724525e-06,8.247842761334795e-15,4364777680870084.5
0.05711586478126429,673.1262639726679,67312.62639726678,1.0593506041321678e-05,3.956985466102359e-12,6.059529626002018e-07,5.819030740295847e-07,1.617499818724525e-06,8.596995762957915e-15,4187509333797054.0
0.0595353313081437,645.7869530864889,64578.69530864888,1.1041980810986961e-05,3.997961100322051e-12,6.303303613511966e-07,6.053084115684195e-07,1.617499818724525e-06,8.960948516613488e-15,4017431852583065.5
0.062057288067765004,619.5568193156814,61955.68193156813,1.1509464381076278e-05,4.038938681615942e-12,6.556760233637423e-07,6.296432807839595e-07,1.617499818724525e-06,9.340327567858066e-15,3854254547119224.5
0.06468607661546327,594.3910053292858,59439.10053292857,1.1996761525717208e-05,4.079918055015998e-12,6.820270029281042e-07,6.54943240532031e-07,1.617499818724525e-06,9.735786018671095e-15,3697698360559684.0
0.06742622241778341,570.2464511877344,57024.64511877343,1.250471112817006e-05,4.120899077882898e-12,7.094223213342527e-07,6.812457094032558e-07,1.617499818724525e-06,1.0148004651770446e-14,3547495417605997.0
0.07028244264308345,547.081824287082,54708.18242870818,1.3034187624966439e-05,4.161881618926007e-12,7.37904797437122e-07,7.085919175508317e-07,1.617499818724525e-06,1.0577693102580671e-14,3403388588691136.5
0.0732596542821523,524.857451801245,52485.7451801245,1.3586102511253003e-05,4.202865557301129e-12,7.675164010285354e-07,7.370220960344213e-07,1.617499818724525e-06,1.1025591080871436e-14,3265131069703579.5
0.07636298261282241,503.53525556144103,50353.52555614409,1.4161405909931674e-05,4.24385078177988e-12,7.983013343207933e-07,7.665785728215826e-07,1.617499818724525e-06,1.149246964416895e-14,3132485976873184.5
0.07959777002314986,483.07868930972467,48307.86893097246,1.476108820729799e-05,4.284837189985027e-12,8.303049353051225e-07,7.973051037087257e-07,1.617499818724525e-06,1.1979132525132949e-14,3005225956426295.0
0.08296958520834907,463.4526782619335,46345.26782619334,1.5386181757992972e-05,4.32582468768656e-12,8.635731658254129e-07,8.292453694366598e-07,1.617499818724525e-06,1.2486417515183946e-14,2883132808607646.0
0.08648423275731718,444.62356091425966,44462.35609142596,1.603776266220366e-05,4.366813188153673e-12,8.981591086600364e-07,8.624509543484396e-07,1.617499818724525e-06,1.301519790676285e-14,2765997125659839.5
0.09014776314524918,426.5590330270692,42655.90330270691,1.671695261817192e-05,4.4078026115582486e-12,9.341098931105614e-07,8.969664901722595e-07,1.617499818724525e-06,1.3566383996705766e-14,2653617943347441.5
0.0939664831495469,409.22809371940616,40922.80937194061,1.742492085320045e-05,4.448792884425737e-12,9.714836562176023e-07,9.328482708103572e-07,1.617499818724525e-06,1.4140924653322002e-14,2545802405611633.0
0.09794696670695395,392.6009936077615,39260.09936077614,1.8162886136480163e-05,4.489783939129683e-12,1.010332692331788e-06,9.70146366373954e-07,1.617499818724525e-06,1.4739808949873006e-14,2442365441942188.0
0.10209606623060465,376.6491849231255,37664.91849231254,1.893211887720438e-05,4.530775713426442e-12,1.0507141645311094e-06,1.0089151395373187e-06,1.617499818724525e-06,1.5364067867264393e-14,2343129457056341.5
0.10642092440647247,361.3452735410457,36134.52735410456,1.973394331158106e-05,4.571768150026867e-12,1.0926943903018477e-06,1.0492197682475958e-06,1.617499818724525e-06,1.6014776068881884e-14,2247924032478428.8
0.11092898648952228,346.6629728602729,34666.29728602728,2.056973978250887e-05,4.612761196202082e-12,1.1363247269424035e-06,1.0911071608160031e-06,1.617499818724525e-06,1.6693053750627094e-14,2156585639619570.2
0.11562801312073753,332.577059466673,33257.705946667294,2.1440947115840712e-05,4.653754803420577e-12,1.1816810947811872e-06,1.1346529714455773e-06,1.617499818724525e-06,1.7400068569337413e-14,2068957363963472.0
0.12052609368708427,319.06333052024667,31906.33305202466,2.234906509732636e-05,4.69474892701419e-12,1.2288216090019451e-06,1.179910244172943e-06,1.617499818724525e-06,1.8137037652910424e-14,1984888639971651.2
0.125631660247412,306.09856280444524,30609.85628044452,2.329565705449693e-05,4.735743525870629e-12,1.2778146716379448e-06,1.2269467783811076e-06,1.617499818724525e-06,1.890522969559228e-14,1904234996329790.0
0.13095350204826678,293.6604733783243,29366.047337832424,2.4282352547937714e-05,4.776738562150481e-12,1.328749272952587e-06,1.2758474696245753e-06,1.617499818724525e-06,1.9705967142038457e-14,1826857811165315.2
0.1365007806546014,281.72768177359075,28172.76817735907,2.531085017658065e-05,4.817734001026716e-12,1.3816685242555575e-06,1.3266526354306944e-06,1.617499818724525e-06,2.0540628463905458e-14,1752624076875747.2
0.1422830457214352,270.2796736800831,27027.9673680083,2.6382920501846878e-05,4.858729810444918e-12,1.4366846200806624e-06,1.3794712049447662e-06,1.617499818724525e-06,2.1410650532893376e-14,1681406174216560.2
0.14831025143361043,259.29676606479126,25929.67660647912,2.750040909567288e-05,4.899725960902596e-12,1.4938608990571427e-06,1.4343643106158771e-06,1.617499818724525e-06,2.231753109432432e-14,1613081655307084.8
0.1545927736419477,248.76007367110375,24876.00736711037,2.8665239717667223e-05,4.940722425246052e-12,1.5532765731972914e-06,1.4914058530624538e-06,1.617499818724525e-06,2.3262831345514777e-14,1547533035222775.2
0.161141427725302,238.65147684654485,23865.14768465448,2.9879417626868065e-05,4.981719178483418e-12,1.6150413686571152e-06,1.5507046893425746e-06,1.617499818724525e-06,2.4248178623381096e-14,1484647591852004.5
0.16796748720926533,228.95359064887634,22895.35906488763,3.114503303380162e-05,5.0227161976125646e-12,1.6792200230295545e-06,1.6123195143343468e-06,1.617499818724525e-06,2.5275269205904097e-14,1424317173705540.2
0.17508270317357252,219.64973518200586,21964.973518200582,3.2464264698785365e-05,5.063713461462711e-12,1.7459212762360693e-06,1.6763565997803746e-06,1.617499818724525e-06,2.6345871232276305e-14,1366438015376634.2
0.18249932448161524,210.72390711473662,21072.390711473658,3.383938368266934e-05,5.104710950548626e-12,1.815237073411851e-06,1.7429042274872689e-06,1.617499818724525e-06,2.7461827746757944e-14,1310910560359554.0
0.1902301188668944,202.1607523369325,20216.075233693246,3.5272757256473846e-05,5.145708646936465e-12,1.8872655187525549e-06,1.8120549839526836e-06,1.617499818724525e-06,2.862505987148289e-14,1257639290943954.8
0.19828839491270714,193.9455397092289,19394.553970922887,3.6766852976652547e-05,5.186706534120243e-12,1.9621238492910043e-06,1.8839243764052201e-06,1.617499818724525e-06,2.9837570113675315e-14,1206532564912190.8
0.2066880249629082,186.06413586390974,18606.413586390972,3.832424293299759e-05,5.227704596908176e-12,2.039909218828305e-06,1.9586024762695478e-06,1.617499818724525e-06,3.110144581297129e-14,1157502458775910.0
0.21544346900318845,178.5029810160631,17850.298101606306,3.9947608176499114e-05,5.268702821318048e-12,2.1207428094673297e-06,2.0362085003134505e-06,1.617499818724525e-06,3.24188627347796e-14,1110464617297586.2
0.2245697995539774,171.24906574557318,17124.906574557317,4.163974333478125e-05,5.309701194480909e-12,2.204738232447771e-06,2.116849412423296e-06,1.617499818724525e-06,3.3792088815867353e-14,1065338109051604.5
0.2340827276178292,164.28990871191394,16428.990871191392,4.340356142306164e-05,5.350699704552451e-12,2.292017588281964e-06,2.2006435080195737e-06,1.617499818724525e-06,3.5223488068619675e-14,1022045287788295.9
0.243998629725955,157.61353526510106,15761.353526510104,4.524209885891474e-05,5.3916983406314275e-12,2.38271525812289e-06,2.2877200531790695e-06,1.617499818724525e-06,3.671552465069318e-14,980511659372960.4
0.25433457613046484,151.20845691749182,15120.84569174918,4.715852068947249e-05,5.432697092684566e-12,2.4769538485363324e-06,2.378196156710992e-06,1.617499818724525e-06,3.8270767107069735e-14,940665754080213.9
0.2651083601908539,145.06365164242663,14506.365164242661,4.915612604006184e-05,5.4736959514774674e-12,2.5748732361134385e-06,2.4722067679087684e-06,1.617499818724525e-06,3.9891892791813865e-14,902439004032104.6
0.27633852900531697,139.16854496698156,13916.854496698154,5.12383537936576e-05,5.5146949085110025e-12,2.6766165164688447e-06,2.569888816574835e-06,1.617499818724525e-06,4.158169247714474e-14,865765625576383.2
0.28804441533962977,133.5129918273206,13351.299182732058,5.340878851092892e-05,5.555693955962765e-12,2.7823243097768914e-06,2.671377256815626e-06,1.617499818724525e-06,4.3343075157758224e-14,830582506408896.4
0.30024617090855493,128.08725915633576,12808.725915633575,5.5671166601069606e-05,5.596693086633192e-12,2.8921571132255346e-06,2.776826730937227e-06,1.617499818724525e-06,4.517907305866863e-14,796829097251533.2
0.312964801067075,122.88200917440642,12288.20091744064,5.802938275403725e-05,5.637692293895978e-12,3.006270528347936e-06,2.886386470934874e-06,1.617499818724525e-06,4.7092846855192795e-14,764447307904265.8
0.326222200971167,117.88828335523644,11788.828335523642,6.0487496645272066e-05,5.678691571652434e-12,3.124833287466926e-06,3.000218898649988e-06,1.617499818724525e-06,4.908769111406076e-14,733381407496839.9
0.34004119327037063,113.09748703979668,11309.748703979665,6.304973992443863e-05,5.7196909142894594e-12,3.2480117695934816e-06,3.118483240225524e-06,1.617499818724525e-06,5.1167039965020974e-14,703577928772320.6
0.3544455673970435,108.50137467244195,10850.137467244194,6.572052350022323e-05,5.760690316640908e-12,3.3759832033669424e-06,3.2413499879193373e-06,1.617499818724525e-06,5.3334473012704707e-14,674985576241177.2
0.3694601205199302,104.09203563428846,10409.203563428844,6.85044451337239e-05,5.801689773951976e-12,3.5089408089166737e-06,3.3690052132177256e-06,1.617499818724525e-06,5.559372149892411e-14,647555138050916.4
0.3851107002325569,99.861880649891,9986.188064989099,7.140629735350903e-05,5.84268928184646e-12,3.6470625499979367e-06,3.5016192220954743e-06,1.617499818724525e-06,5.794867472601552e-14,621239401422206.0
0.4014242490499322,95.80362874420965,9580.362874420964,7.443107570596829e-05,5.883688836296615e-12,3.790553811111588e-06,3.6393898693719587e-06,1.617499818724525e-06,6.04033867522839e-14,595993071508342.5
0.418428850790158,91.91029472775104,9191.029472775102,7.758398735515873e-05,5.924688433595401e-12,3.9396203922909836e-06,3.7825146463186133e-06,1.617499818724525e-06,6.29620833710748e-14,571772693540484.8
0.43615377892080054,88.17517718863901,8817.517718863899,8.087046004695203e-05,5.965688070330957e-12,4.094474396802015e-06,3.931197317839151e-06,1.617499818724525e-06,6.562916938548924e-14,548536578126488.94
0.4546295469532399,84.59184697120988,8459.184697120987,8.429615145291299e-05,6.00668774336308e-12,4.255337070500765e-06,4.085650284345284e-06,1.617499818724525e-06,6.840923619126354e-14,526244729576406.5
0.4738879609717651,81.15413612152902,8115.413612152901,8.786695890999766e-05,6.047687449801623e-12,4.422441556773505e-06,4.246097954769259e-06,1.617499818724525e-06,7.130706968087047e-14,504858777132693.06
0.4939621743878321,77.85612728101059,7785.612728101057,9.158902957283323e-05,6.088687186986559e-12,4.596029363938177e-06,4.412772312327011e-06,1.617499818724525e-06,7.43276584824449e-14,484341908988060.8
0.5148867450137492,74.69214351005841,7469.21435100584,9.546877099606175e-05,6.129686952469665e-12,4.776342538318268e-06,4.58590579509192e-06,1.617499818724525e-06,7.747620254772082e-14,464658808978487.3
0.5366976945540476,71.65673852437301,7165.6738524373,9.951286216496329e-05,6.170686743997668e-12,4.963638959375295e-06,4.765745903371444e-06,1.617499818724525e-06,8.075812210376276e-14,445775595843413.7
0.5594325706169377,68.74468732725994,6874.468732725993,0.0001037282649933462,6.211686559496706e-12,5.1581949783526785e-06,4.9525590287036725e-06,1.617499818724525e-06,8.41790669839006e-14,427659764949462.6
0.5831305113526225,65.9509772219362,6595.097722193618,0.00010812223630850093,6.252686397058056e-12,5.3602692959611286e-06,5.146592896364382e-06,1.617499818724525e-06,8.77449263539332e-14,410280132378118.8
0.6078323128297229,63.27079918847539,6327.079918847538,0.00011270234034384694,6.293686254924973e-12,5.570161281435274e-06,5.348135776502613e-06,1.617499818724525e-06,9.14618388503425e-14,393606781281821.9
0.6335804992658247,60.69953961064267,6069.953961064266,0.00011747646176078218,6.334686131480597e-12,5.788169633024255e-06,5.55747493341183e-06,1.617499818724525e-06,9.53362031479739e-14,377611010416718.94
0.6604193962330305,58.2327723384666,5823.277233846659,0.00012245281922214794,6.375686025236818e-12,6.014603024346845e-06,5.774906848889996e-06,1.617499818724525e-06,9.937468897537119e-14,362265284764032.44
0.6883952069645496,55.866251072957894,5586.625107295788,0.00012763997954067836,6.416685934824005e-12,6.249776929841277e-06,6.000733921363115e-06,1.617499818724525e-06,1.0358424859673202e-13,347543188155498.8
0.7175560918936928,53.59590205993251,5359.5902059932505,0.00013304687242679327,6.457685858981598e-12,6.494033222072318e-06,6.2352863932333545e-06,1.617499818724525e-06,1.0797212878025033e-13,333419377821741.3
0.7479522515621821,51.41781708042292,5141.781708042291,0.00013868280586111758,6.4986857965494064e-12,6.747717770361723e-06,6.478895856867325e-06,1.617499818724525e-06,1.1254588327344681e-13,319869540785714.06
0.7796360130405229,49.32824672566176,4932.824672566175,0.00014455748211819475,6.5396857464596205e-12,7.011188121174471e-06,6.7319060793163325e-06,1.617499818724525e-06,1.1731338580696502e-13,306870352026466.2
0.8126619200091946,47.323593945106815,4732.35939451068,0.00015068101446897946,6.580685707729458e-12,7.284807970912977e-06,6.9946666388006905e-06,1.617499818724525e-06,1.2228284364922097e-13,294399434341493.94
0.8470868266557402,45.400407856443,4540.0407856443,0.00015706394459085864,6.621685679454387e-12,7.568974735457247e-06,7.267559293357376e-06,1.617499818724525e-06,1.2746281173523586e-13,282435319838846.4
0.8829699955494091,43.555377806938445,4355.537780693843,0.00016371726071518093,6.6626856608019106e-12,7.864074502541843e-06,7.55095526390059e-06,1.617499818724525e-06,1.3286220739398247e-13,270957412992902.7
0.9203731996618221,41.785327675967295,4178.532767596728,0.00017065241654352244,6.703685651005807e-12,8.170529246731578e-06,7.845260769384015e-06,1.617499818724525e-06,1.3849032569958796e-13,259945955200444.06
0.9593608287093147,40.087210408915034,4008.721040891503,0.00017788135096526769,6.7446856493608765e-12,8.488771905719864e-06,8.150891820644062e-06,1.617499818724525e-06,1.4435685547283108e-13,249381990776152.94
1.0,38.458102773084434,3845.810277308443,0.00018541650861043872,6.785685655218069e-12,8.81925007698301e-06,8.46827914098971e-06,1.617499818724525e-06,1.504718959604724e-13,239247334329175.16
1.042360673976401,36.89520032659504,3689.5200326595036,0.00019327086127315867,6.826685667980015e-12,9.16243360170734e-06,8.797875001030784e-06,1.617499818724525e-06,1.5684597422113444e-13,229524539464712.16
1.0865157746525373,35.395812591634524,3539.5812591634513,0.000201457930242631,6.8676856870969095e-12,9.518810680295416e-06,9.140148314392655e-06,1.617499818724525e-06,1.6349006324766195e-13,220196868756883.47
1.1325413151528125,33.95735842377027,3395.735842377027,0.0002099918095800757,6.908685712062736e-12,9.888849732726878e-06,9.495548709547117e-06,1.617499818724525e-06,1.7041560085715887e-13,211248264941276.9
1.1805165285688055,32.57736156936497,3257.736156936496,0.0002188871903816902,6.949685742411755e-12,1.0273093292254708e-05,9.864599665810615e-06,1.617499818724525e-06,1.7763450938121877e-13,202663323277691.12
1.2305240043592616,31.25344640345965,3125.3446403459643,0.00022815938606941588,6.990685777715325e-12,1.0672082825587452e-05,1.0247821888471216e-05,1.617499818724525e-06,1.851592161902545e-13,194427265035564.53
1.2826498305280598,29.983333840801787,2998.3333840801783,0.00023782435875303125,7.031685817578931e-12,1.1086354348218941e-05,1.0645728924540186e-05,1.617499818724525e-06,1.9300267508724674e-13,186525912056536.1
1.3369837418249453,28.764837412987035,2876.483741298703,0.00024789874670896894,7.0726858616394715e-12,1.1516493706935434e-05,1.1058885868935548e-05,1.617499818724525e-06,2.011783886077523e-13,178945662350398.03
1.3936192742241436,27.595859504972186,2759.585950497218,0.00025839989302315204,7.1136859095627614e-12,1.1963094094710572e-05,1.1487863146957243e-05,1.617499818724525e-06,2.0970043126455432e-13,171673466682493.6
1.4526539259467812,26.47438774448795,2647.4387744487944,0.00026934587544716294,7.154685961041218e-12,1.242678453771711e-05,1.1933265590902853e-05,1.617499818724525e-06,2.1858347377697376e-13,164696806112303.38
1.514189325304352,25.39849153814301,2539.8491538143003,0.00028075553751914306,7.1956860157917585e-12,1.2908201065548098e-05,1.239570435864415e-05,1.617499818724525e-06,2.2784280832655385e-13,158003670444595.72
1.5783314056521165,24.36631874826343,2436.6318748263425,0.0002926485210029911,7.236686073553834e-12,1.3408020248077726e-05,1.2875831055087023e-05,1.617499818724525e-06,2.374943748825884e-13,151582537556089.72
1.6451905877536608,23.376092504750716,2337.609250475071,0.0003050452997017172,7.277686134087648e-12,1.3926952526651479e-05,1.3374331662712996e-05,1.617499818724525e-06,2.4755478864282623e-13,145422353562067.66
1.7148819698705409,22.426108146476796,2242.610814647679,0.00031796721470314545,7.318686197172499e-12,1.446571463766214e-05,1.3891897402130073e-05,1.617499818724525e-06,2.5804136863657504e-13,139512513788834.89
1.7875255259042355,21.51473028695363,2151.4730286953627,0.00033143651111865397,7.359686262605251e-12,1.5024986571727235e-05,1.4429173836838105e-05,1.617499818724525e-06,2.6897216753945677e-13,133842844519290.25
1.8632463119315599,20.640389999229907,2064.03899992299,0.0003454763763781981,7.400686330198951e-12,1.560561089182087e-05,1.4986979169308325e-05,1.617499818724525e-06,2.803660027511411e-13,128403585480206.66
1.9421746814890244,19.801582115173108,1980.1582115173103,0.00036011098014752794,7.441686399781529e-12,1.620841009891493e-05,1.556610642554304e-05,1.617499818724525e-06,2.922424887895443e-13,123185373041101.75
2.024446509976802,18.996862634489105,1899.6862634489103,0.00037536551593633815,7.482686471194617e-12,1.683415863209789e-05,1.616729595147438e-05,1.617499818724525e-06,3.046220710572794e-13,118179224095783.8
2.1102034285685964,18.224846239023023,1822.484623902302,0.0003912662444689577,7.523686544292456e-12,1.748370921538683e-05,1.6791367700011812e-05,1.617499818724525e-06,3.175260610384679e-13,113376520598851.39
2.1995930680300746,17.484203908063403,1748.42039080634,0.0004078405388922606,7.564686618940898e-12,1.8157977759076414e-05,1.7439206791542606e-05,1.617499818724525e-06,3.3097667298651887e-13,108768994730532.95
2.292769312865649,16.773660630547223,1677.3660630547222,0.00042511693189861043,7.605686695016472e-12,1.8857903082341797e-05,1.8111718289952653e-05,1.617499818724525e-06,3.449970621660256e-13,104348714664345.28
2.389892566231048,16.09199321022885,1609.1993210228845,0.00044312516484496694,7.64668677240554e-12,1.9584428353449185e-05,1.8809807664392755e-05,1.617499818724525e-06,3.5961136471461514e-13,100108070913079.55
2.491130026067791,15.438028160036094,1543.802816003609,0.00046189623895271324,7.687686851003514e-12,2.0338553545757192e-05,1.953443790165543e-05,1.617499818724525e-06,3.748447391933756e-13,96039763229618.81
2.5966559729348724,14.810639681990244,1481.0639681990242,0.0004814624686763373,7.728686930714127e-12,2.11213100894758e-05,2.0286602960139332e-05,1.617499818724525e-06,3.9072340989738276e-13,92136788040048.12
2.7066520700332415,14.208747729213108,1420.8747729213105,0.0005018575373328594,7.76968701144879e-12,2.1933783663791284e-05,2.106734931744156e-05,1.617499818724525e-06,4.072747120009005e-13,88392426387426.69
2.8213076759394706,13.631316146686729,1363.1316146686727,0.0005231165550877474,7.810687093125959e-12,2.277708823933123e-05,2.1877750843296464e-05,1.617499818724525e-06,4.2452713861495245e-13,84800232365479.27
2.940820170587061,13.077350887565538,1307.7350887565538,0.0005452761193971603,7.851687175670585e-12,2.3652352637502288e-05,2.2718891545868484e-05,1.617499818724525e-06,4.425103898382887e-13,81354022022298.42
3.06539529505653,12.545898301971116,1254.5898301971115,0.0005683743780105739,7.892687259013595e-12,2.45607698435248e-05,2.359192173762642e-05,1.617499818724525e-06,4.612554238861899e-13,78047862714959.94
3.1952475057592133,12.03604349532505,1203.6043495325048,0.0005924510946422242,7.933687343091416e-12,2.550359721783728e-05,2.449805415878003e-05,1.617499818724525e-06,4.807945103851118e-13,74876062896733.88
3.330600343624589,11.546908753393698,1154.6908753393695,0.000617547717424456,7.974687427845538e-12,2.6482077215066414e-05,2.5438483244452798e-05,1.617499818724525e-06,5.011612859249388e-13,71833162319309.48
3.4716868189265595,11.077652031334722,1107.765203133472,0.0006437074502607912,8.015687513222108e-12,2.7497559006820177e-05,2.6414511284574e-05,1.617499818724525e-06,5.223908119644621e-13,68913922633174.23
3.6187498124112767,10.627465504144554,1062.7465504144554,0.000670975327201566,8.056687599171564e-12,2.8551414479449563e-05,2.7427459280425604e-05,1.617499818724525e-06,5.445196351897755e-13,66113318369967.15
3.7720424934170014,10.195574176011917,1019.5574176011914,0.0006993982899701688,8.09768768564829e-12,2.9645068945597087e-05,2.847869934724882e-05,1.617499818724525e-06,5.675858504294946e-13,63426528291286.06
3.9318287557057703,9.781234546183853,978.1234546183853,0.0007290252687733384,8.1386877726103e-12,3.0780000385920225e-05,2.956965556504745e-05,1.617499818724525e-06,5.916291662351006e-13,60848927089058.305
4.0983836717572615,9.383733329047647,938.3733329047645,0.0007599072665346562,8.179687860018949e-12,3.1957744194167356e-05,3.070181195080831e-05,1.617499818724525e-06,6.166909732393285e-13,58376077423187.68
4.271993966306777,9.002386226226017,900.2386226226015,0.000792097446696209,8.220687947838677e-12,3.317988920559378e-05,3.1876697703937415e-05,1.617499818724525e-06,6.428144154102448e-13,56003722282775.445
4.4529585099426505,8.636536748571674,863.6536748571672,0.000825651224739598,8.26168803603675e-12,3.4448086623800444e-05,3.309590334182971e-05,1.617499818724525e-06,6.700444643237072e-13,53727777657764.42
4.641588833612782,8.285555086033657,828.5555086033655,0.0008606263635838413,8.302688124583041e-12,3.5764126756548886e-05,3.436116106254833e-05,1.617499818724525e-06,6.984279965820519e-13,51544325508392.89
4.838209664925957,7.948837023450181,794.8837023450179,0.0008970830730243918,8.343688213449823e-12,3.712962668081466e-05,3.5674025875961446e-05,1.617499818724525e-06,7.280138745122916e-13,49449607020356.57
5.0431594871713585,7.625802900401655,762.5802900401653,0.0009350841133844629,8.384688302611575e-12,3.854648774516555e-05,3.703632958957739e-05,1.617499818724525e-06,7.588530302827418e-13,47440016134068.445
5.256791122018419,7.315896613333462,731.589661333346,0.0009746949035570967,8.425688392044811e-12,4.001659827910014e-05,3.8449893860031014e-05,1.617499818724525e-06,7.909985535828879e-13,45512093336878.14
5.479472336900281,7.018584658230856,701.8584658230856,0.0010159836336239574,8.466688481727915e-12,4.154187269502639e-05,3.991656268560765e-05,1.617499818724525e-06,8.245057830174247e-13,43662519707565.45
5.711586478126435,6.733355212197958,673.3355212197957,0.0010590213822447463,8.507688571640987e-12,4.3124410852918326e-05,4.1438366307471225e-05,1.617499818724525e-06,8.594324013718148e-13,41888111202855.82
5.95353313081437,6.45971725236,645.9717252359999,0.0011038822390192985,8.548688661765718e-12,4.476630730279989e-05,4.3017322967042235e-05,1.617499818724525e-06,8.958385349133568e-13,40185813176123.12
6.2057288067765,6.197199710572033,619.7199710572031,0.0011506434320330372,8.589688752085255e-12,4.646977280788546e-05,4.465557125503647e-05,1.617499818724525e-06,9.337868568987202e-13,38552695118844.03
6.46860766154632,5.9453506624791235,594.5350662479123,0.0011993854608053217,8.630688842584084e-12,4.8237007157408996e-05,4.635522325520165e-05,1.617499818724525e-06,9.73342695466121e-13,36985945615752.61
6.742622241778335,5.70373654953198,570.373654953198,0.0012501922348695895,8.671688933247929e-12,5.0070414682188456e-05,4.811860544955481e-05,1.617499818724525e-06,1.014574146097887e-12,35482867505010.016
7.028244264308353,5.471941432618797,547.1941432618796,0.0013031512182238505,8.712689024063651e-12,5.197240421772277e-05,4.9948043991335616e-05,1.617499818724525e-06,1.057552188847022e-12,34040873235058.395
7.3259654282152304,5.249566276028651,524.9566276028651,0.0013583535799001748,8.753689115019156e-12,5.394551145779454e-05,5.184598514968915e-05,1.617499818724525e-06,1.102350810529539e-12,32657480410166.883
7.636298261282241,5.036228260513533,503.6228260513532,0.0014158943509124504,8.794689206103315e-12,5.599232418903458e-05,5.381492670169226e-05,1.617499818724525e-06,1.1490471320929849e-12,31330307516999.883
7.959777002314977,4.831560124266877,483.15601242668765,0.0014758725878525093,8.83568929730588e-12,5.811558806865354e-05,5.5857523369750374e-05,1.617499818724525e-06,1.1977215413803414e-12,30057069824853.434
8.296958520834915,4.63520953068379,463.5209530683789,0.0015383915434163363,8.87668938861743e-12,6.0318103783102034e-05,5.797647886028775e-05,1.617499818724525e-06,1.2484578315179282e-12,28835575452500.203
8.648423275731727,4.446838461814926,444.6838461814925,0.0016035588441538323,8.917689480029279e-12,6.260268335397376e-05,6.0174499631069526e-05,1.617499818724525e-06,1.301343345165472e-12,27663721594874.28
9.014776314524918,4.266122636469507,426.6122636469506,0.0016714866757482434,8.958689571533442e-12,6.497234222211453e-05,6.245450402963649e-05,1.617499818724525e-06,1.3564691248767576e-12,26539490903097.992
9.39664831495469,4.092750951966169,409.2750951966168,0.0017422919761440913,8.99968966312257e-12,6.743018603241897e-05,6.481948846857374e-05,1.617499818724525e-06,1.4139300698296073e-12,25460948011621.508
9.794696670695386,3.9264249485703218,392.6424948570321,0.0018160966368561766,9.040689754789902e-12,6.997947232674366e-05,6.727260390543184e-05,1.617499818724525e-06,1.4738250991950866e-12,24426236206494.926
10.209606623060475,3.766858295696296,376.68582956962956,0.0018930277128061277,9.081689846529202e-12,7.262355850116381e-05,6.981709840634111e-05,1.617499818724525e-06,1.5362573224271044e-12,23433574229038.84
10.642092440647247,3.6137762989896003,361.37762989896,0.001973217641047811,9.122689938334747e-12,7.536583353206459e-05,7.245624065751944e-05,1.617499818724525e-06,1.6013342167656323e-12,22481253209409.734
11.092898648952227,3.466915427440927,346.6915427440926,0.0020568044687580573,9.163690030201257e-12,7.820997850898161e-05,7.519359295246279e-05,1.617499818724525e-06,1.6691678122590487e-12,21567633724782.688
11.562801312073754,3.3260228597176984,332.6022859717698,0.0021439320908852636,9.20469012212388e-12,8.115955008323431e-05,7.803258978479895e-05,1.617499818724525e-06,1.7398748846241805e-12,20691142977086.043
12.052609368708413,3.1908560489323015,319.0856048932301,0.0022347504978649183,9.245690214098145e-12,8.421838674123062e-05,8.097692956220353e-05,1.617499818724525e-06,1.8135771562760005e-12,19850272085430.547
12.563166024741214,3.061182305097652,306.11823050976517,0.002329416033828562,9.286690306119946e-12,8.739068378576328e-05,8.403070367803321e-05,1.617499818724525e-06,1.8904015058731093e-12,19043573488571.086
13.095350204826676,2.936778394551451,293.67783945514503,0.0024280916657505804,9.32769039818549e-12,9.068014522362968e-05,8.71974571640228e-05,1.617499818724525e-06,1.9704801867396514e-12,18269658452930.426
13.650078065460137,2.817430155659306,281.7430155659306,0.0025309472639963556,9.3686904902913e-12,9.409150275949752e-05,9.048177377203701e-05,1.617499818724525e-06,2.0539510545398184e-12,17527194681893.574
14.22830457214352,2.702932130135459,270.2932130135459,0.0026381598947545102,9.409690582434169e-12,9.762904651366053e-05,9.388787033621345e-05,1.617499818724525e-06,2.1409578045967082e-12,16814904022259.004
14.831025143361028,2.593087209346221,259.30872093462204,0.002749914124856828,9.450690674611142e-12,0.00010129667817438118,9.741936653818663e-05,1.617499818724525e-06,2.231650219264212e-12,16131560263897.186
15.459277364194785,2.487706294987285,248.77062949872845,0.002866402339510579,9.491690766819507e-12,0.00010510002684595331,0.00010108186932326844,1.617499818724525e-06,2.3261844257777604e-12,15475987028828.717
16.114142772530197,2.3866079735508623,238.6607973550862,0.002987825073490135,9.532690859056764e-12,0.00010904349666301672,0.00010487958246093236,1.617499818724525e-06,2.4247231650277525e-12,14847055746088.838
16.79674872092653,2.289618204022111,228.9618204022111,0.003114391356358156,9.573690951320614e-12,0.00011313179942295994,0.0001088169542170929,1.617499818724525e-06,2.5274360717184587e-12,14243683708891.13
17.508270317357233,2.196570018267346,219.6570018267346,0.003246319072310517,9.614691043608934e-12,0.00011737129470080866,0.00011290042219746733,1.617499818724525e-06,2.6344999663946035e-12,13664832210746.672
18.249932448161506,2.107303233598175,210.73032335981748,0.0033838353352645483,9.655691135919781e-12,0.0001217661096096139,0.00011713363596690313,1.617499818724525e-06,2.746099159838412e-12,13109504757329.426
19.023011886689456,2.021664177016766,202.16641770167658,0.0035271768798362645,9.69669122825136e-12,0.00012632230591592446,0.00012152271816081163,1.617499818724525e-06,2.8624257703611303e-12,12576745351009.807
19.828839491270713,1.9395054206675764,193.9505420667576,0.003676590468879609,9.737691320602017e-12,0.00013104693753276817,0.00012607450910656065,1.617499818724525e-06,2.983680054535183e-12,12065636845103.459
20.66880249629082,1.8606855280400352,186.06855280400347,0.003832333318289408,9.778691412970237e-12,0.0001359432977030071,0.00013079188351109268,1.617499818724525e-06,3.1100707519364366e-12,11575299365001.639
21.54434690031882,1.7850688104853707,178.50688104853702,0.0039946735397992025,9.81969150535462e-12,0.0001410194561059469,0.00013568305822923135,1.617499818724525e-06,3.2418154444899155e-12,11104888793465.672
22.456979955397717,1.7125250936283598,171.25250936283595,0.004163890602536313,9.860691597753877e-12,0.00014628365036193592,0.00014075586548146913,1.617499818724525e-06,3.3791409310376747e-12,10653595317477.639
23.408272761782943,1.6429294932718894,164.29294932718892,0.004340275814128728,9.901691690166828e-12,0.00015173724497855314,0.0001460114843239139,1.617499818724525e-06,3.522283617773636e-12,10220642034145.697
24.399862972595503,1.576162200408595,157.61622004085947,0.00452413282219191,9.94269178259238e-12,0.00015739160078114803,0.00015146108614625756,1.617499818724525e-06,3.671489925217446e-12,9805283613264.41
25.433457613046482,1.512108274969403,151.21082749694028,0.004715778137059024,9.983691875029528e-12,0.00016325392702956293,0.00015711175338421662,1.617499818724525e-06,3.827016712428091e-12,9406805014227.236
26.510836019085364,1.4506574479539696,145.06574479539694,0.0049155416766543305,1.0024691967477351e-11,0.00016932721960092776,0.00016296607822613833,1.617499818724525e-06,3.989131719187463e-12,9024520255082.666
27.633852900531725,1.3917039316023736,139.17039316023732,0.00512376733444775,1.0065692059935e-11,0.00017562338839599752,0.00016903575705550265,1.617499818724525e-06,4.1581140269150954e-12,8657771231614.924
28.80444153396298,1.3351462372812641,133.5146237281264,0.005340813571468403,1.0106692152401688e-11,0.00018214982455883592,0.00017532831515017073,1.617499818724525e-06,4.334254539107574e-12,8305926584416.157
30.024617090855493,1.2808870007709547,128.08870007709544,0.005567054033396233,1.0147692244876698e-11,0.00018891170122544037,0.0001818481165703828,1.617499818724525e-06,4.517856482129691e-12,7968380611999.833
31.296480106707506,1.2288328146526966,122.88328146526963,0.00580287819379409,1.0188692337359369e-11,0.0001959205828687976,0.00018860683568629912,1.617499818724525e-06,4.709235927219482e-12,7644552228084.231
32.62222009711667,1.1788940675076125,117.88940675076122,0.006048692024587444,1.022969242984909e-11,0.00020318443296976318,0.0001956122540583102,1.617499818724525e-06,4.908722334605649e-12,7333883961251.216
34.004119327037095,1.1309847896504228,113.09847896504226,0.006304918694946201,1.02706925223453e-11,0.00021071055022239002,0.00020287099175519822,1.617499818724525e-06,5.11665912067428e-12,7035840995257.835
35.44455673970435,1.0850225051324414,108.5022505132441,0.006571999299771522,1.0311692614847479e-11,0.00021851065299745607,0.00021039502291264291,1.617499818724525e-06,5.333404249161039e-12,6749910248348.963
36.94601205199302,1.040928089759029,104.09280897590288,0.006850393619041921,1.0352692707355155e-11,0.00022659301662787004,0.0002181919738646117,1.617499818724525e-06,5.559330847386735e-12,6475599489985.824
38.51107002325569,0.9986256348771083,99.86256348771082,0.007140580909325711,1.0393692799867889e-11,0.00023496692321812508,0.0002262709030193271,1.617499818724525e-06,5.7948278485969904e-12,6212436493469.967
40.14242490499318,0.9580423166982356,95.80423166982354,0.007443060728822481,1.0434692892385279e-11,0.00024364455497884996,0.00023464392593135192,1.617499818724525e-06,6.040300661511869e-12,5959968223003.87
41.84288507901584,0.919108270932272,91.91082709322718,0.007758353797353876,1.0475692984906956e-11,0.0002526352123325454,0.00024331973854987122,1.617499818724525e-06,6.296171868238083e-12,5717760053788.719
43.615377892080055,0.8817564725158428,88.17564725158425,0.008087002892784127,1.0516693077432573e-11,0.000261949610648592,0.0002523089465761819,1.617499818724525e-06,6.5628819517451765e-12,5485395023816.787
45.462954695323994,0.8459226202285123,84.59226202285122,0.008429573785413714,1.0557693169961821e-11,0.00027160031774606887,0.0002616237863276986,1.617499818724525e-06,6.8408900541582515e-12,5262473116070.229
47.38879609717651,0.8115450259980901,81.15450259980899,0.008786656211954319,1.059869326249441e-11,0.0002815978997743667,0.0002712744087443328,1.617499818724525e-06,7.130674767172236e-12,5048610569890.889
49.396217438783154,0.7785645087044478,77.85645087044477,0.009158864890762276,1.0639693355030073e-11,0.000291954804813832,0.0002812730358228195,1.617499818724525e-06,7.432734955948882e-12,4843439220335.303
51.48867450137497,0.7469242922990807,74.69242922990806,0.009546840580077787,1.0680693447568567e-11,0.000302684189802202,0.00029163244981115366,1.617499818724525e-06,7.74759061791441e-12,4646605864377.862
53.66976945540476,0.7165699080649933,71.65699080649931,0.009951251181091995,1.0721693540109666e-11,0.0003137981065726139,0.0003023643438497823,1.617499818724525e-06,8.075783777936492e-12,4457771652870.904
55.94325706169378,0.6874491008486635,68.74491008486635,0.010372792887740687,1.076269363265316e-11,0.00032531039496465466,0.00031348222726966605,1.617499818724525e-06,8.417879421421557e-12,4276611507215.0264
58.313051135262185,0.6595117391026656,65.95117391026655,0.010812191385203998,1.080369372519886e-11,0.0003372350275235706,0.00032499971228316693,1.617499818724525e-06,8.774466466938627e-12,4102813559735.4717
60.78323128297224,0.6327097285840811,63.27097285840811,0.011270203099175416,1.0844693817746593e-11,0.00034958569113826014,0.00033693009862030673,1.617499818724525e-06,9.146158780044264e-12,3936078616801.1147
63.35804992658254,0.6069969295601365,60.699692956013635,0.01174761649805065,1.0885693910296195e-11,0.0003623778022803046,0.0003492884630203176,1.617499818724525e-06,9.533596230053746e-12,3776119643761.8633
66.04193962330305,0.5823290773785377,58.23290773785376,0.012245253450278009,1.0926694002847515e-11,0.00037562634689430847,0.0003620893878951511,1.617499818724525e-06,9.937445791577774e-12,3622661270817.786
68.83952069645497,0.5586637062657492,55.86637062657492,0.012763970639207287,1.0967694095400419e-11,0.0003893466891666401,0.0003753478096603755,1.617499818724525e-06,1.0358402692721152e-11,3475439318969.2446
71.75560918936921,0.5359600762220597,53.59600762220595,0.01330466103787238,1.1008694187954778e-11,0.00040355562895416213,0.00038908018684314185,1.617499818724525e-06,1.0797191611919797e-11,3334200345232.089
74.79522515621814,0.5141791028875675,51.417910288756744,0.013868255446246695,1.104969428051048e-11,0.0004182697908108266,0.0004033027064344874,1.617499818724525e-06,1.1254567925476535e-11,3198701206334.9116
77.96360130405237,0.4932832902583486,49.328329025834854,0.014455724093617952,1.1090694373067418e-11,0.0004335061223716594,0.0004180318523055382,1.617499818724525e-06,1.1731319007943582e-11,3068708640147.238
81.26619200091946,0.4732366661369943,47.323666613699416,0.015068078308840311,1.1131694465625492e-11,0.0004492830591753945,0.00043328573383896843,1.617499818724525e-06,1.2228265587589774e-11,2943998864118.2026
84.70868266557402,0.45400472020637167,45.40047202063716,0.015706372261339918,1.117269455818461e-11,0.00046561860165118124,0.0004490818186560529,1.617499818724525e-06,1.2746263159286648e-11,2824357190034.257
88.29699955494083,0.4355543446200277,43.555434462002765,0.016371704775870258,1.1213694650744688e-11,0.000482531758383377,0.0004654387117030908,1.617499818724525e-06,1.328620345724506e-11,2709577654432.8735
92.03731996618231,0.4178537770069396,41.78537770069396,0.017065221224142058,1.1254694743305655e-11,0.0005000429053813253,0.0004823763786363269,1.617499818724525e-06,1.3849015990138123e-11,2599462664035.8833
95.93608287093147,0.40087254579251663,40.087254579251656,0.017788115496583507,1.1295694835867435e-11,0.0005181716704318282,0.0004999139062683119,1.617499818724525e-06,1.4435669641252704e-11,2493822655592.164
100.0,0.38458141774169585,38.458141774169576,0.018541632057626167,1.1336694928429968e-11,0.0005369394188456617,0.0005180722653972933,1.617499818724525e-06,1.5047174336424817e-11,2392475769543.954
104.23606739764011,0.36895234763385604,36.8952347633856,0.019327068088053574,1.1377695020993187e-11,0.0005563675276819281,0.0005368723138319283,1.617499818724525e-06,1.5684582782629514e-11,2295247536955.179
108.65157746525372,0.35395842998289456,35.395842998289446,0.02014577571810156,1.1418695113557043e-11,0.0005764784995378696,0.000556336072056895,1.617499818724525e-06,1.6348992280218823e-11,2201970579162.703
113.25413151528126,0.33957385271935964,33.957385271935955,0.020999164355154164,1.1459695206121487e-11,0.0005972953693627358,0.0005764860896123812,1.617499818724525e-06,1.704154661192734e-11,2112484319633.5054
118.05165285688055,0.32577385275491055,32.57738527549105,0.021888703110041912,1.150069529868647e-11,0.0006188418682926567,0.0005973456302269015,1.617499818724525e-06,1.7763438011897005e-11,2026634707531.7915
123.05240043592616,0.3125346733525887,31.253467335258865,0.022815923326120396,1.1541695391251944e-11,0.0006411426182133232,0.000618938810597975,1.617499818724525e-06,1.8515909218111667e-11,1944273952520.0283
128.26498305280597,0.29983352322953355,29.98335232295335,0.023782421215481915,1.1582695483817874e-11,0.0006642245200952837,0.0006412919703129946,1.617499818724525e-06,1.9300255611773807e-11,1865260270337.4966
133.69837418249452,0.287648537321731,28.764853732173098,0.024789860606838684,1.1623695576384225e-11,0.0006881103585043316,0.0006644273850174468,1.617499818724525e-06,2.0117827447306602e-11,1789457638718.3262
139.36192742241434,0.2759587391432441,27.595873914324407,0.02583997580980874,1.1664695668950964e-11,0.0007128287385383033,0.000688373143462119,1.617499818724525e-06,2.0970032176820763e-11,1716735563228.7783
145.26539259467813,0.2647440046751414,26.47440046751414,0.026934574600534104,1.1705695761518056e-11,0.0007384072935704917,0.0007131563758546078,1.617499818724525e-06,2.1858336873046794e-11,1646968852620.7632
151.4189325304352,0.2539850277219382,25.39850277219382,0.028075541333772956,1.1746695854085478e-11,0.0007648746135052762,0.0007388051186237763,1.617499818724525e-06,2.2784270754905096e-11,1580037403314.7305
157.83314056521164,0.24366328667593523,24.366328667593518,0.029264840186820802,1.1787695946653197e-11,0.0007922603988233922,0.0007653485266972486,1.617499818724525e-06,2.3749427820060026e-11,1515825992641.073
164.51905877536606,0.23376101263221827,23.376101263221823,0.030504518540847327,1.1828696039221196e-11,0.0008205949299060354,0.0007928163149946578,1.617499818724525e-06,2.475546958899141e-11,1454224080483.9731
171.4881969870541,0.22426115879944225,22.426115879944224,0.03179671050546842,1.1869696131789452e-11,0.0008499095810081895,0.0008212393224043236,1.617499818724525e-06,2.580412796530644e-11,1395125618986.306
178.75255259042353,0.21514737115373492,21.51473711537349,0.033143640592621565,1.191069622435794e-11,0.0008802362731261287,0.0008506488947519484,1.617499818724525e-06,2.689720821721627e-11,1338428869987.9734
186.324631193156,0.20640396028519925,20.64039602851992,0.034547627546069326,1.1951696316926644e-11,0.0009116091799670019,0.0008810787152038027,1.617499818724525e-06,2.8036592085310288e-11,1284036229883.3787
194.21746814890244,0.19801587438855414,19.80158743885541,0.03601108833312267,1.1992696409495547e-11,0.0009440617195453458,0.0009125615649577455,1.617499818724525e-06,2.922424102197744e-11,1231854061596.5696
202.44465099768018,0.18996867335140932,18.99686733514093,0.03753654230545715,1.2033696502064634e-11,0.0009776297325933428,0.0009451327350622916,1.617499818724525e-06,3.046219956805202e-11,1181792533384.7488
211.02034285685966,0.18224850389557573,18.22485038955757,0.03912661553618303,1.2074696594633892e-11,0.001012349352025101,0.000978827852468965,1.617499818724525e-06,3.175259887249587e-11,1133765464192.7036
219.95930680300748,0.1748420757286095,17.484207572860946,0.04078404534063729,1.2115696687203301e-11,0.001048258988094285,0.0010136847636636917,1.617499818724525e-06,3.309766036117706e-11,1087690175291.8864
229.27693128656486,0.16773663866453561,16.77366386645356,0.042511684988679806,1.2156696779772853e-11,0.0010853964429003676,0.001049740591968256,1.617499818724525e-06,3.4499699561060936e-11,1043487347948.7462
238.98925662310478,0.16091996067437106,16.0919960674371,0.04431250861660464,1.2197696872342537e-11,0.0011238004719604806,0.0010870335465613201,1.617499818724525e-06,3.596113008639557e-11,1001080886877.3325
249.1130026067786,0.15438030682865314,15.43803068286531,0.04618961634712382,1.2238696964912343e-11,0.001163514383121846,0.0011256066484015702,1.617499818724525e-06,3.748446779375535e-11,960397789241.0507
259.6655972934872,0.14810641909572742,14.81064190957274,0.04814623962623681,1.2279697057482259e-11,0.0012045798929778942,0.001165500931120998,1.617499818724525e-06,3.907233511309475e-11,921368018978.0853
270.66520700332416,0.14208749696101633,14.20874969610163,0.050185746786173394,1.2320697150052277e-11,0.001247036734598513,0.001206755118039847,1.617499818724525e-06,4.072746556226846e-11,883924386234.1345
282.1307675939471,0.13631317883390323,13.63131788339032,0.052311648843987,1.236169724262239e-11,0.0012909350921484492,0.0012494192737683197,1.617499818724525e-06,4.245270845278999e-11,848002431694.8872
294.08201705870607,0.13077352421022698,13.077352421022695,0.054527605545779845,1.240269733519259e-11,0.0013363200712661605,0.001293538432958598,1.617499818724525e-06,4.4251033794928974e-11,813540315619.1456
306.539529505653,0.12545899655967788,12.545899655967785,0.05683743166696546,1.2443697427762871e-11,0.001383230809187449,0.001339150251610563,1.617499818724525e-06,4.61255374105917e-11,780478711381.5481
319.52475057592136,0.12036044690863505,12.036044690863504,0.059245103579414864,1.2484697520333223e-11,0.0014317292028602378,0.0013863168515500538,1.617499818724525e-06,4.807944626278675e-11,748760703341.6234
333.06003436245885,0.11546909809018298,11.546909809018295,0.0617547660967917,1.2525697612903643e-11,0.0014818566617636733,0.0014350785128060626,1.617499818724525e-06,5.01161240108509e-11,718331688863.3578
347.16868189265597,0.11077652963419576,11.077652963419576,0.06437073960985994,1.2566697705474126e-11,0.0015336638443799182,0.0014854858197778805,1.617499818724525e-06,5.22390768009974e-11,689139284316.6143
361.87498124112767,0.10627466327147503,10.6274663271475,0.06709752752404818,1.2607697798044667e-11,0.0015872109436687277,0.0015375989072040383,1.617499818724525e-06,5.4451959302156247e-11,661133234898.5729
377.2042493417001,0.10195574902698847,10.195574902698844,0.06993982401207388,1.264869789061526e-11,0.0016425459808377361,0.0015914644878685597,1.617499818724525e-06,5.675858099749617e-11,634265328119.9558
393.18287557057704,0.0978123518782661,9.78123518782661,0.07290252209497482,1.26896979831859e-11,0.0016997258570805962,0.0016471391874841865,1.617499818724525e-06,5.916291274246068e-11,608489310807.0918
409.83836717572615,0.09383733895598945,9.383733895598944,0.07599072206545777,1.2730698075756587e-11,0.0017588120350883968,0.0017046845819382779,1.617499818724525e-06,6.166909360060613e-11,583760809476.956
427.19939663067765,0.09002386726473824,9.002386726473823,0.07920974026806579,1.2771698168327314e-11,0.0018198594995181758,0.0017641550202915145,1.617499818724525e-06,6.428143796901062e-11,560037253948.1025
445.2958509942651,0.08636537190275469,8.636537190275467,0.08256511825128036,1.281269826089808e-11,0.0018829297994882607,0.0018256113888915487,1.617499818724525e-06,6.70044430055206e-11,537277804055.9774
464.1588833612782,0.0828555547604485,8.285555476044848,0.08606263230731097,1.2853698353468882e-11,0.0019480872210950464,0.0018891179361470178,1.617499818724525e-06,6.98427963706195e-11,515443279346.47217
483.82096649259574,0.07948837367818362,7.948837367818361,0.08970830341599827,1.2894698446039714e-11,0.00201539531852207,0.0019547379925171737,1.617499818724525e-06,7.280138429724824e-11,494496091626.6634
504.3159487171359,0.07625803204468436,7.6258032044684345,0.09350840760994703,1.2935698538610572e-11,0.0020849175680001057,0.002022534439405846,1.617499818724525e-06,7.588530000246836e-11,474400180256.6376
525.6791122018419,0.07315896881815304,7.315896881815302,0.09746948677873354,1.2976698631181462e-11,0.0021567245259227342,0.0020925778790387758,1.617499818724525e-06,7.909985245544925e-11,455120950071.00024
547.9472336900282,0.07018584895292271,7.018584895292269,0.10159835993078495,1.3017698723752375e-11,0.00223088462825871,0.0021649364761481497,1.617499818724525e-06,8.245057551687188e-11,436625211823.21295
571.1586478126435,0.06733355421516068,6.733355421516067,0.10590213493232173,1.3058698816323315e-11,0.002307468141553022,0.0022396802768557557,1.617499818724525e-06,8.59432374654858e-11,418881125050.2095
595.353313081437,0.06459717437181615,6.459717437181614,0.11038822074356726,1.3099698908894272e-11,0.0023865495118767697,0.002316883719069433,1.617499818724525e-06,8.958385092821544e-11,401858143258.9587
620.57288067765,0.06197199873763977,6.197199873763976,0.1150643401732943,1.3140699001465248e-11,0.002468203506471696,0.0023966214966324455,1.617499818724525e-06,9.337868323091482e-11,385526961340.589
646.8607661546321,0.059453508065727176,5.9453508065727165,0.11993854317365975,1.3181699094036243e-11,0.0025525066799013535,0.002478970053254697,1.617499818724525e-06,9.733426718758479e-11,369859465121.56903
674.2622241778336,0.05703736676762294,5.7037366767622935,0.12501922069821958,1.3222699186607254e-11,0.0026395387362161153,0.00256400924791275,1.617499818724525e-06,1.0145741234663045e-10,354828682965.0807
702.8244264308353,0.05471941544959343,5.471941544959342,0.13031511914697785,1.3263699279178283e-11,0.0027293806250462843,0.002651820329508868,1.617499818724525e-06,1.057552167135169e-10,340408739339.2739
732.596542821523,0.05249566375221983,5.249566375221982,0.13583535542333658,1.3304699371749324e-11,0.0028221149974414494,0.002742486144938217,1.617499818724525e-06,1.1023507897000376e-10,326574810272.4725
763.6298261282242,0.05036228348098275,5.036228348098274,0.14158943262887175,1.3345699464320375e-11,0.00291782593697095,0.0028360907648358152,1.617499818724525e-06,1.149047112109976e-10,313303080618.63367
795.9777002314978,0.048315602016015737,4.831560201601572,0.14758725642294654,1.3386699556891442e-11,0.003016611103791775,0.0029327321186183473,1.617499818724525e-06,1.197721522209426e-10,300570703059.51526
829.6958520834916,0.04635209598968009,4.635209598968008,0.15383915207533128,1.342769964946252e-11,0.003118540163553611,0.003032480479217311,1.617499818724525e-06,1.2484578131261022e-10,288355758772.954
864.8423275731726,0.04446838522107842,4.446838522107841,0.16035588224118152,1.3468699742033605e-11,0.003223714215131418,0.0031354373639159556,1.617499818724525e-06,1.301343327521075e-10,276637219699.5569
901.4776314524918,0.04266122689706342,4.266122689706341,0.16714866548898044,1.3509699834604702e-11,0.003332226713198879,0.0032416968919729305,1.617499818724525e-06,1.356469107949414e-10,265394912342.83624
939.6648314954691,0.04092750998972697,4.092750998972696,0.1742291956133322,1.3550699927175804e-11,0.0034441755803604154,0.003351357629016741,1.617499818724525e-06,1.4139300535901775e-10,254609483040.48477
979.4696670695386,0.03926424990075682,3.9264249900756814,0.18160966176586255,1.3591700019746915e-11,0.003559656733065342,0.0034645165419157145,1.617499818724525e-06,1.4738250836156112e-10,244262364646.99207
1020.9606623060475,0.0376685833234428,3.7668583323442797,0.18930276943887506,1.3632700112318036e-11,0.0036787686576409137,0.0035812723515815034,1.617499818724525e-06,1.5362573074807676e-10,234335744570.25452
1064.2092440647245,0.03613776331348675,3.613776331348674,0.1973217623378899,1.3673700204889162e-11,0.0038016192683310874,0.00370173474091447,1.617499818724525e-06,1.6013342024267e-10,224812534107.151
1109.2898648952228,0.03466915456013016,3.4669154560130155,0.20568044518071962,1.3714700297460295e-11,0.003928312801613647,0.0038260085567384675,1.617499818724525e-06,1.6691677985028404e-10,215676339025.29263
1156.2801312073755,0.03326022884945998,3.326022884945997,0.21439320746232704,1.375570039003143e-11,0.004058946475816297,0.0039541922326921325,1.617499818724525e-06,1.739874871427012e-10,206911431340.30948
1205.2609368708413,0.031908560712081285,3.190856071208128,0.22347504822638026,1.3796700482602574e-11,0.004193642571503098,0.004086409420890642,1.617499818724525e-06,1.8135771436151564e-10,198502722240.08163
1256.3166024741215,0.03061182324766543,3.0611823247665426,0.23294160188614596,1.3837700575173723e-11,0.00433251031289849,0.004222771678133745,1.617499818724525e-06,1.8904014937267886e-10,190435736109.30988
1309.5350204826677,0.029367784119184864,2.936778411918486,0.24280916513917325,1.3878700667744875e-11,0.004475656742317814,0.004363386120196314,1.617499818724525e-06,1.970480175086951e-10,182696585609.70517
1365.0078065460139,0.0281743017099388,2.8174301709938794,0.25309472502210373,1.391970076031603e-11,0.004623206585410298,0.004508380494070307,1.617499818724525e-06,2.0539510433606722e-10,175271947772.89746
1422.830457214352,0.027029321436754326,2.702932143675432,0.26381598815390045,1.3960700852887188e-11,0.004775279497518184,0.004657876423861251,1.617499818724525e-06,2.1409577938718695e-10,168149041064.90997
1483.1025143361028,0.025930872213016095,2.593087221301609,0.27499141121783915,1.400170094545835e-11,0.004931982365208441,0.0048119817472725155,1.617499818724525e-06,2.2316502089752228e-10,161315603382.71497
1545.9277364194786,0.024877063055435314,2.4877063055435307,0.28664023273473865,1.404270103802952e-11,0.005093464823952582,0.004970849889278448,1.617499818724525e-06,2.3261844159069104e-10,154759870944.98984
1611.41427725302,0.02386607982871709,2.3866079828717086,0.2987825061821248,1.408370113060069e-11,0.005259834315343669,0.005134589756914655,1.617499818724525e-06,2.424723155558048e-10,148470558040.73694
1679.6748720926532,0.02289618212252142,2.2896182122521416,0.31143913451634786,1.4124701223171859e-11,0.0054312200361467606,0.005303332906503822,1.617499818724525e-06,2.527436062633592e-10,142436837600.9004
1750.8270317357233,0.021965700255342183,2.1965700255342178,0.324631906157078,1.4165701315743032e-11,0.005607768566079661,0.005477229560354168,1.617499818724525e-06,2.634499957678936e-10,136648322559.53784
1824.9932448161505,0.021073032400146022,2.107303240014602,0.33838353249612696,1.4206701408314208e-11,0.005789594597164644,0.005656397990589619,1.617499818724525e-06,2.746099151476945e-10,131095047972.45932
1902.3011886689458,0.020216641826822788,2.0216641826822785,0.35271768699517025,1.4247701500885389e-11,0.005976834702432606,0.005840975354413701,1.617499818724525e-06,2.8624257623394666e-10,125767453862.54883
1982.8839491270714,0.019395054256700548,1.9395054256700546,0.3676590459396745,1.4288701593456568e-11,0.006169658789609474,0.0060311382801828,1.617499818724525e-06,2.9836800468395117e-10,120656368762.23811
2066.880249629082,0.018606855324570716,1.860685532457071,0.38323333091919254,1.4329701686027751e-11,0.006368167619367068,0.006226991187280174,1.617499818724525e-06,3.110070744553515e-10,115752993924.79962
2154.4346900318824,0.017850688143854838,1.7850688143854834,0.3994673531071427,1.4370701778598934e-11,0.006572505155732468,0.006428675331421798,1.617499818724525e-06,3.2418154374070253e-10,111048888177.28224
2245.697995539772,0.0171252509707204,1.7125250970720398,0.41638905941632337,1.441170187117012e-11,0.0067828780034797555,0.006636411036236615,1.617499818724525e-06,3.379140924242632e-10,106535953389.00726
2340.827276178294,0.01642929496312556,1.6429294963125556,0.4340275806095923,1.4452701963741307e-11,0.00699936970493735,0.0068502837288782524,1.617499818724525e-06,3.522283611254738e-10,102206420530.61642
2439.98629725955,0.015761622030934144,1.576162203093414,0.45241328144855464,1.4493702056312493e-11,0.00722211220305127,0.007070418049020751,1.617499818724525e-06,3.671489918963466e-10,98052836299.66637
2543.345761304648,0.015121082773400156,1.5121082773400152,0.4715778129665849,1.4534702148883683e-11,0.00745135974630551,0.007297094164653625,1.617499818724525e-06,3.8270167064282736e-10,94068050289.74782
2651.0836019085364,0.014506574500471511,1.450657450047151,0.49155416695616005,1.457570224145487e-11,0.007687189223922086,0.0075303816469929055,1.617499818724525e-06,3.9891317134314685e-10,90245202681.0432
2763.385290053173,0.013917039334505901,1.3917039334505898,0.5123767327643263,1.4616702334026065e-11,0.007929701792882977,0.0077703754322521155,1.617499818724525e-06,4.1581140213930203e-10,86577712431.12654
2880.4441533962977,0.013351462389131834,1.3351462389131832,0.5340813564940446,1.465770242659726e-11,0.008179212196732875,0.008017427942231873,1.617499818724525e-06,4.334254533809912e-10,83059265945.68304
3002.461709085549,0.012808870022118881,1.280887002211888,0.5567054027133578,1.469870251916845e-11,0.008435808625868443,0.00827160781479252,1.617499818724525e-06,4.51785647704733e-10,79683806209.6386
3129.6480106707504,0.01228832815924998,1.228832815924998,0.580287818778594,1.4739702611739643e-11,0.008699493928161625,0.00853291523745551,1.617499818724525e-06,4.709235922343661e-10,76445522359.99202
3262.2220097116665,0.011788940686310166,1.1788940686310163,0.6048692018823462,1.4780702704310837e-11,0.008970708299062529,0.008801836587651077,1.617499818724525e-06,4.908722329927978e-10,73338839682.39899
3400.4119327037097,0.011309847906423559,1.1309847906423558,0.6304918689416456,1.4821702796882034e-11,0.009249583558549301,0.009078479755122297,1.617499818724525e-06,5.1166591161867e-10,70358410014.28638
3544.4556739704353,0.010850225060082881,1.0850225060082879,0.6571999294466504,1.4862702889453228e-11,0.009535909554167154,0.009362632049145609,1.617499818724525e-06,5.333404244855833e-10,67499102537.975945
3694.6012051993025,0.010409280905323766,1.0409280905323763,0.6850393613952486,1.4903702982024422e-11,0.009830279872640494,0.009654928663688167,1.617499818724525e-06,5.559330843256483e-10,64755994947.968094
3851.107002325569,0.009986256355599504,0.9986256355599501,0.7140580904443112,1.494470307459562e-11,0.0101329544225239,0.009955619737281936,1.617499818724525e-06,5.794827844634593e-10,62124364977.17917
4014.2424904993177,0.009580423173011655,0.9580423173011653,0.7443060724138301,1.4985703167166816e-11,0.010443505365561571,0.010264275016876507,1.617499818724525e-06,6.040300657710496e-10,59599682267.54688
4184.288507901585,0.009191082714646415,0.9191082714646412,0.7758353792860052,1.5026703259738017e-11,0.010762553228774242,0.010581536731051241,1.617499818724525e-06,6.29617186459119e-10,57177600571.00582
4361.537789208006,0.00881756472985907,0.881756472985907,0.8087002888472945,1.5067703352309214e-11,0.011090444460961751,0.010907757778769709,1.617499818724525e-06,6.562881948246506e-10,54853950267.41051
4546.2954695324,0.008459226206435664,0.8459226206435662,0.8429573781277723,1.510870344488041e-11,0.011426944029181934,0.011242727411045008,1.617499818724525e-06,6.840890050801752e-10,52624731186.522736
4738.879609717651,0.008115450263645697,0.8115450263645695,0.8786656207986419,1.5149703537451608e-11,0.011772230381760092,0.011586593240483903,1.617499818724525e-06,7.130674763952148e-10,50486105721.70752
4939.621743878316,0.007785645090280389,0.7785645090280388,0.9158864886955621,1.5190703630022808e-11,0.012126890978564295,0.011939984733573243,1.617499818724525e-06,7.43273495285965e-10,48434392223.48357
5148.867450137497,0.007469242925848015,0.7469242925848013,0.9546840576425838,1.523170372259401e-11,0.01249086239721162,0.012302867010656904,1.617499818724525e-06,7.747590614950726e-10,46466058661.553276
5366.976945540476,0.007165699083172762,0.7165699083172762,0.9951251177588455,1.5272703815165206e-11,0.0128640668529886,0.012675111312459835,1.617499818724525e-06,8.07578377509325e-10,44577716544.40354
5594.325706169378,0.006874491010714218,0.6874491010714217,1.037279288437953,1.5313703907736406e-11,0.01324709365619491,0.01305736293998207,1.617499818724525e-06,8.417879418693862e-10,42766115086.008026
5831.3051135262185,0.006595117392993546,0.6595117392993545,1.081219138197943,1.5354704000307606e-11,0.013640064467325599,0.013449771900046401,1.617499818724525e-06,8.774466464321782e-10,41028135609.590706
6078.323128297224,0.00632709728757752,0.6327097287577519,1.1270203096081886,1.5395704092878804e-11,0.01404281654309507,0.013852125146936442,1.617499818724525e-06,9.146158777533759e-10,39360786178.81519
6335.804992658254,0.006069969297134818,0.6069969297134817,1.1747616495082853,1.5436704185450007e-11,0.014455933415761435,0.014265064319408686,1.617499818724525e-06,9.533596227645278e-10,37761196447.158226
6604.193962330305,0.00582329077513937,0.5823290775139369,1.224525344743082,1.5477704278021208e-11,0.01487946661374821,0.014688662493537567,1.617499818724525e-06,9.937445789267183e-10,36226612716.601036
6883.9520696454965,0.005586637063853024,0.5586637063853023,1.2763970636475819,1.5518704370592408e-11,0.015313379047391922,0.015122846682093799,1.617499818724525e-06,1.0358402690504475e-09,34754393197.12983
7175.560918936921,0.0053596007632762226,0.5359600763276222,1.3304661035251895,1.5559704463163608e-11,0.015758003609138236,0.015567999486391483,1.617499818724525e-06,1.0797191609793182e-09,33342003458.887924
7479.522515621813,0.005141791029807755,0.5141791029807754,1.3868255443732722,1.560070455573481e-11,0.016213661123510244,0.01602446222661665,1.617499818724525e-06,1.125456792343636e-09,31987012069.14758
7796.360130405236,0.004932832903406484,0.4932832903406483,1.4455724091206146,1.5641704648306012e-11,0.016680296957832005,0.01649215825274382,1.617499818724525e-06,1.1731319005986323e-09,30687086406.592236
8126.6192000919455,0.004732366662096629,0.4732366662096628,1.506807830652651,1.568270474087721e-11,0.017158083978785075,0.016971295370876785,1.617499818724525e-06,1.2228265585712043e-09,29439988645.702736
8470.868266557402,0.00454004720270536,0.45400472027053584,1.5706372259120145,1.572370483344841e-11,0.01764737839522056,0.01746225484919955,1.617499818724525e-06,1.2746263157485223e-09,28243571904.334217
8829.699955494083,0.004355543446766827,0.4355543446766826,1.6371704773740698,1.5764704926019613e-11,0.018148219892601968,0.017965067243138424,1.617499818724525e-06,1.328620345551685e-09,27095776547.853237
9203.73199661823,0.004178537770569641,0.417853777056964,1.7065221222099047,1.5805705018590817e-11,0.018660705167136523,0.018479853518928432,1.617499818724525e-06,1.3849015988480153e-09,25994626643.470848
9593.608287093146,0.004008725458366869,0.40087254583668686,1.7788115494623518,1.584670511116202e-11,0.01918513140163448,0.019006933279903472,1.617499818724525e-06,1.4435669639662106e-09,24938226558.669464
10000.0,0.00384581417780697,0.38458141778069693,1.8541632055745818,1.588770520373322e-11,0.019721597407225528,0.019546409381990038,1.617499818724525e-06,1.5047174334898852e-09,23924757697.865803
10423.606739764033,0.0036895234766829185,0.36895234766829177,1.9327068086249697,1.5928705296304424e-11,0.02027017837930482,0.020098372934624086,1.617499818724525e-06,1.5684582781165606e-09,22952475371.69404
10865.157746525372,0.0035395843001330106,0.35395843001330096,2.014577571637095,1.596970538887562e-11,0.020831134389861512,0.020663108134751473,1.617499818724525e-06,1.6348992278814375e-09,22019705793.518616
11325.413151528126,0.0033957385274620824,0.33957385274620816,2.0999164353493858,1.6010705481446825e-11,0.021404543764855895,0.021240700156894797,1.617499818724525e-06,1.704154661057994e-09,21124843198.005302
11805.165285688032,0.003257738527786179,0.3257738527786178,2.1888703108449024,1.6051705574018025e-11,0.021990553064369332,0.02183131394632562,1.617499818724525e-06,1.7763438010604322e-09,20266347076.792744
12305.240043592616,0.0031253467337352026,0.3125346733735202,2.2815923324592333,1.609270566658923e-11,0.022589257393851807,0.022435060364568937,1.617499818724525e-06,1.8515909216871597e-09,19442739526.502426
12826.498305280626,0.0029983352324801506,0.299833523248015,2.3782421214015983,1.6133705759160433e-11,0.02320086481413272,0.02305216570129144,1.617499818724525e-06,1.9300255610584155e-09,18652602704.5247
13369.837418249452,0.0028764853733805012,0.28764853733805007,2.4789860605432286,1.6174705851731633e-11,0.023825410469098272,0.023682674698527733,1.617499818724525e-06,2.011782744616526e-09,17894576388.19847
13936.192742241436,0.002759587391576538,0.27595873915765373,2.583997580845945,1.6215705944302837e-11,0.024463045362172798,0.024326761230200354,1.617499818724525e-06,2.0970032175725777e-09,17167355633.18421
14526.539259467783,0.002647440046878648,0.26474400468786474,2.6934574599239656,1.6256706036874034e-11,0.02511390467263665,0.024984574031424494,1.617499818724525e-06,2.18583368719963e-09,16469688526.999151
15141.89325304352,0.0025398502773317216,0.2539850277331721,2.8075541332531158,1.6297706129445237e-11,0.02577800395731021,0.025656143055414138,1.617499818724525e-06,2.278427075389733e-09,15800374033.846169
15783.314056521198,0.0024366328668585383,0.2436632866858538,2.9264840185629546,1.633870622201644e-11,0.026455442597183812,0.026341581911080356,1.617499818724525e-06,2.3749427819093277e-09,15158259927.027763
16451.905877536607,0.002337610126409765,0.23376101264097646,3.050451853970442,1.6379706314587645e-11,0.027146357160698784,0.027041047616687106,1.617499818724525e-06,2.4755469588063907e-09,14542240805.384579
17148.819698705407,0.002242611588071757,0.22426115880717562,3.1796710504371943,1.6420706407158848e-11,0.02785079221855017,0.027754599585936256,1.617499818724525e-06,2.5804127964416616e-09,13951256190.344154
17875.25525904232,0.0021514737116056387,0.21514737116056384,3.3143640591569556,1.6461706499730045e-11,0.028568795744499643,0.02848229779164966,1.617499818724525e-06,2.6897208216362526e-09,13384288700.304562
18632.4631193156,0.0020640396029122867,0.20640396029122865,3.4547627545060124,1.650270659230125e-11,0.02930042193057022,0.0292242152564586,1.617499818724525e-06,2.8036592084491292e-09,12840362299.208876
19421.746814890284,0.001980158743938771,0.19801587439387705,3.6011088332154646,1.6543706684872452e-11,0.03004572121081192,0.02998041486086553,1.617499818724525e-06,2.922424102119186e-09,12318540616.296835
20244.46509976802,0.0018996867335610982,0.18996867335610979,3.753654230452837,1.6584706777443653e-11,0.030804715496239074,0.030750933566532263,1.617499818724525e-06,3.0462199567298284e-09,11817925334.139906
21102.034285685964,0.0018224850389972655,0.18224850389972652,3.91266155352919,1.662570687001486e-11,0.03157742341615955,0.03153580494556418,1.617499818724525e-06,3.1752598871772683e-09,11337654642.185259
21995.930680300702,0.0017484207573227448,0.17484207573227445,4.0784045339782375,1.666670696258606e-11,0.03236388393405592,0.032335084347504456,1.617499818724525e-06,3.3097660360483274e-09,10876901753.146862
22927.693128656487,0.001677366386677715,0.16773663866777147,4.251168498785969,1.670770705515726e-11,0.03316409232952125,0.033148781006007176,1.617499818724525e-06,3.4499699560395387e-09,10434873479.688765
23898.92566231053,0.0016091996067722802,0.16091996067722797,4.431250861581792,1.6748707147728464e-11,0.03397801132428345,0.033976870156137276,1.617499818724525e-06,3.5961130085757127e-09,10010808868.951056
24911.30026067786,0.0015438030683117604,0.154380306831176,4.618961634636898,1.6789707240299664e-11,0.034805579725278354,0.03481930038193122,1.617499818724525e-06,3.7484467793142776e-09,9603977892.567457
25966.559729348723,0.0014810641909795514,0.1481064190979551,4.814623962551262,1.6830707332870868e-11,0.03564674425101558,0.035676029830470295,1.617499818724525e-06,3.907233511250705e-09,9213680189.919441
27066.52070033236,0.001420874969629835,0.14208749696298348,5.018574678547859,1.687170742544207e-11,0.036501475528734416,0.03654704419187259,1.617499818724525e-06,4.07274655617046e-09,8839243862.463722
28213.076759394706,0.0013631317883563982,0.1363131788356398,5.231164884332057,1.6912707518013272e-11,0.037369722637990294,0.03743230541159012,1.617499818724525e-06,4.245270845224916e-09,8480024317.056904
29408.201705870666,0.0013077352421176015,0.13077352421176014,5.4527605545140565,1.6953707610584475e-11,0.038251390711494734,0.038331727664550175,1.617499818724525e-06,4.425103379441019e-09,8135403156.286835
30653.952950565235,0.001254589965610322,0.12545899656103218,5.6837431666351925,1.6994707703155676e-11,0.03914634718164105,0.03924518523932903,1.617499818724525e-06,4.612553741009378e-09,7804787113.899734
31952.475057592135,0.0012036044690983058,0.12036044690983055,5.92451035788264,1.703570779572688e-11,0.04005452460760682,0.04017262611794085,1.617499818724525e-06,4.807944626230919e-09,7487607033.490606
33306.00343624582,0.0011546909809123874,0.11546909809123872,6.175476609622707,1.707670788829808e-11,0.04097581131558676,0.0411139449006686,1.617499818724525e-06,5.011612401039267e-09,7183316888.699256
34716.868189265595,0.0011077652963512774,0.11077652963512771,6.437073960931837,1.7117707980869287e-11,0.041909938674445424,0.04206887269610567,1.617499818724525e-06,5.223907680055792e-09,6891392843.224121
36187.49812411284,0.0010627466327229789,0.10627466327229787,6.709752752352864,1.715870807344049e-11,0.042856902847070256,0.04303743030551556,1.617499818724525e-06,5.445195930173462e-09,6611332349.0369215
37720.42493416993,0.001019557490277154,0.1019557490277154,6.993982401157522,1.7199708166011687e-11,0.04381636105606023,0.044019258431643046,1.617499818724525e-06,5.6758580997091485e-09,6342653281.2447815
39318.2875570577,0.0009781235187890768,0.09781235187890766,7.2902522094496645,1.724070825858289e-11,0.04478819363163609,0.045014261228175007,1.617499818724525e-06,5.916291274207262e-09,6084893108.110829
40983.83671757253,0.0009383733895655624,0.09383733895655622,7.599072206499877,1.728170835115409e-11,0.04577228253220629,0.04602232468879985,1.617499818724525e-06,6.166909360023365e-09,5837608094.804819
42719.939663067766,0.0009002386726523829,0.09002386726523827,7.920974026762582,1.7322708443725298e-11,0.04676807981082817,0.04704287616597199,1.617499818724525e-06,6.428143796865356e-09,5600372539.512133
44529.5850994266,0.0008636537190319639,0.08636537190319638,8.256511825085811,1.73637085362965e-11,0.04777582208826001,0.048076204381985406,1.617499818724525e-06,6.700444300517792e-09,5372778040.587252
46415.888336127726,0.0008285555476083883,0.08285555476083882,8.606263230690551,1.74047086288677e-11,0.04879471357353822,0.04912146642751038,1.617499818724525e-06,6.984279637029046e-09,5154432793.489005
48382.09664925957,0.0007948837367852818,0.07948837367852817,8.970830341560943,1.7445708721438902e-11,0.04982474472685701,0.05017866492782027,1.617499818724525e-06,7.280138429693268e-09,4944960916.28807
50431.59487171348,0.0007625803204498843,0.07625803204498842,9.350840760957418,1.7486708814010106e-11,0.05086592162225494,0.05124784639568024,1.617499818724525e-06,7.588530000216576e-09,4744001802.585292
52567.91122018419,0.0007315896881842144,0.07315896881842142,9.746948677837596,1.752770890658131e-11,0.051916951286994535,0.05232763817724391,1.617499818724525e-06,7.909985245515904e-09,4551209500.7267
54794.723369002924,0.0007018584895315973,0.07018584895315973,10.159835993044185,1.7568708999152513e-11,0.05297905400201094,0.05341935699810558,1.617499818724525e-06,8.245057551659344e-09,4366252118.246875
57115.86478126423,0.0006733355421537018,0.06733355421537016,10.590213493199226,1.7609709091723713e-11,0.0540506425877631,0.05452127872139416,1.617499818724525e-06,8.594323746521842e-09,4188811250.515126
59535.3313081437,0.0006459717437200097,0.06459717437200097,11.038822074325145,1.7650709184294917e-11,0.055131725120355,0.05563355115820602,1.617499818724525e-06,8.958385092795912e-09,4018581432.601084
62057.288067765134,0.0006197199873780289,0.06197199873780287,11.506434017299144,1.769170927686612e-11,0.05622132594946325,0.05675507616988082,1.617499818724525e-06,9.337868323066904e-09,3855269613.4160366
64686.07661546321,0.0005945350806587126,0.05945350806587124,11.993854317336911,1.773270936943732e-11,0.05731971607630021,0.05788618831025855,1.617499818724525e-06,9.733426718734892e-09,3698594651.2246532
67426.22241778349,0.0005703736676775008,0.05703736676775007,12.50192206979409,1.777370946200852e-11,0.058426332044901316,0.05902629394304846,1.617499818724525e-06,1.014574123464043e-08,3548286829.6587167
70282.44264308338,0.0005471941544970593,0.054719415449705926,13.031511914670991,1.7814709554579725e-11,0.05954040668499751,0.06017458860002504,1.617499818724525e-06,1.0575521671329946e-08,3404087393.399739
73259.6542821523,0.0005249566375231904,0.05249566375231903,13.583535542307985,1.785570964715093e-11,0.060661989903827145,0.061331158219141216,1.617499818724525e-06,1.1023507896979542e-08,3265748102.730897
76362.98261282257,0.0005036228348107025,0.05036228348107023,14.158943262862577,1.7896709739722132e-11,0.06179007001852735,0.06249493517692684,1.617499818724525e-06,1.1490471121079798e-08,3133030806.1917796
79597.77002314977,0.00048315602016093086,0.04831560201609308,14.758725642271028,1.7937709832293332e-11,0.06292450633916552,0.06366578578986441,1.617499818724525e-06,1.1977215222075084e-08,3005707030.5999646
82969.58520834915,0.00046352095989748407,0.0463520959897484,15.383915207510451,1.7978709924864536e-11,0.06406467597193354,0.064843075413779,1.617499818724525e-06,1.2484578131242618e-08,2883557587.7337904
86484.23275731709,0.00044468385221138796,0.04446838522113879,16.03558822409638,1.8019710017435736e-11,0.06520985998635134,0.06602604448725471,1.617499818724525e-06,1.3013433275193078e-08,2766372196.9993253
90147.76314524918,0.00042661226897116667,0.04266122689711666,16.71486654887718,1.8060710110006943e-11,0.06635985440098022,0.06721450156407001,1.617499818724525e-06,1.356469107947721e-08,2653949123.431675
93966.4831495471,0.00040927509989773897,0.04092750998977389,17.422919561313243,1.8101710202578144e-11,0.06751367577062703,0.06840741916855501,1.617499818724525e-06,1.413930053588556e-08,2546094830.4077673
97946.96670695386,0.00039264249900798306,0.0392642499007983,18.160966176567065,1.8142710295149344e-11,0.06867099866092373,0.06960446070488077,1.617499818724525e-06,1.473825083614054e-08,2442623646.4725018
102096.06623060476,0.0003766858332347944,0.03766858332347943,18.9302769438691,1.8183710387720548e-11,0.0698311311864284,0.07080491138407324,1.617499818724525e-06,1.536257307479273e-08,2343357445.704824
106420.92440647224,0.0003613776331351917,0.036137763313519165,19.732176233771284,1.8224710480291748e-11,0.07099347029946906,0.07200814491009566,1.617499818724525e-06,1.6013342024252637e-08,2248125341.073527
110928.98648952227,0.00034669154560158766,0.03466915456015876,20.56804451805499,1.8265710572862955e-11,0.07215737731970172,0.07321349461612156,1.617499818724525e-06,1.669167798501463e-08,2156763390.2547064
115628.01312073777,0.0003326022884948515,0.033260228849485145,21.439320746216474,1.8306710665434158e-11,0.07332224155363122,0.07442033533796127,1.617499818724525e-06,1.739874871425695e-08,2069114313.4046612
120526.09368708414,0.00031908560712103583,0.03190856071210358,22.34750482262241,1.8347710758005355e-11,0.07448750874593658,0.07562808814360363,1.617499818724525e-06,1.8135771436138887e-08,1985027222.4022036
125631.66024741215,0.000306118232476851,0.030611823247685094,23.294160188599626,1.838871085057656e-11,0.0756521197724912,0.07683564024619545,1.617499818724525e-06,1.890401493725574e-08,1904357361.0943224
130953.5020482665,0.000293677841192023,0.029367784119202295,24.28091651390291,1.842971094314776e-11,0.07681539839194237,0.07804228547142081,1.617499818724525e-06,1.9704801750857815e-08,1826965856.0981364
136500.78065460137,0.0002817430170995411,0.028174301709954108,25.309472502196616,1.8470711035718963e-11,0.0779770168966877,0.0792476918079744,1.617499818724525e-06,2.0539510433595563e-08,1752719477.7299273
142283.04572143548,0.000270293214367678,0.027029321436767798,26.381598815376893,1.851171112829017e-11,0.07913618757558473,0.08045104191670426,1.617499818724525e-06,2.1409577938708023e-08,1681490410.6499376
148310.25143361028,0.00025930872213028046,0.02593087221302804,27.49914112177124,1.855271122086137e-11,0.08029200842664719,0.08165138235596965,1.617499818724525e-06,2.2316502089741944e-08,1613156033.827893
154592.77364194786,0.00024877063055445874,0.024877063055445868,28.6640232734617,1.8593711313432574e-11,0.08144381677369311,0.08284802400281889,1.617499818724525e-06,2.3261844159059232e-08,1547598709.450555
161141.42772530165,0.00023866079828726485,0.023866079828726478,29.878250618200717,1.8634711406003774e-11,0.08259084908413533,0.08404017068801503,1.617499818724525e-06,2.4247231555570935e-08,1484705580.407954
167967.48720926532,0.00022896182122529655,0.02289618212252965,31.143913451623582,1.8675711498574974e-11,0.08373228937062734,0.08522696059909791,1.617499818724525e-06,2.527436062632683e-08,1424368376.0095162
175082.7031735727,0.00021965700255349404,0.0219657002553494,32.46319061569712,1.8716711591146178e-11,0.08486747955235636,0.08640771097838934,1.617499818724525e-06,2.6344999576780698e-08,1366483225.5958273
182499.32448161504,0.0002107303240015244,0.021073032400152437,33.838353249602385,1.8757711683717382e-11,0.08599565716760546,0.08758162580419188,1.617499818724525e-06,2.7460991514761093e-08,1310950479.7249925
190230.11886689457,0.0002021664182682844,0.020216641826828436,35.27176869950717,1.8798711776288585e-11,0.08711598286547814,0.08874781181342557,1.617499818724525e-06,2.8624257623386667e-08,1257674538.6258397
198288.39491270675,0.0001939505425670559,0.019395054256705586,36.7659045939579,1.8839711868859786e-11,0.08822771422230004,0.08990549623806474,1.617499818724525e-06,2.983680046838737e-08,1206563687.6226945
206688.0249629082,0.0001860685532457515,0.018606855324575143,38.32333309191012,1.888071196143099e-11,0.0893300713171155,0.09105386605255686,1.617499818724525e-06,3.110070744552774e-08,1157529939.248272
215443.46900318866,0.00017850688143858704,0.0178506881438587,39.94673531070563,1.8921712054002193e-11,0.0904221145093581,0.09219193442184638,1.617499818724525e-06,3.241815437406323e-08,1110488881.7730627
224569.79955397718,0.00017125250970723846,0.017125250970723843,41.63890594162397,1.8962712146573393e-11,0.09150314536695821,0.09331896234951859,1.617499818724525e-06,3.379140924241952e-08,1065359533.8902869
234082.72761782943,0.00016429294963128598,0.016429294963128595,43.40275806095121,1.9003712239144597e-11,0.09257243351685343,0.09443417678079985,1.617499818724525e-06,3.5222836112540865e-08,1022064205.3063532
243998.62972595452,0.00015761622030936864,0.01576162203093686,45.24132814484766,1.9044712331715797e-11,0.09362925986244283,0.09553683519664098,1.617499818724525e-06,3.6714899189628316e-08,980528362.9968328
254334.57613046482,0.0001512108277340254,0.015121082773402536,47.15778129665106,1.9085712424287e-11,0.09467269447742302,0.09662594822925899,1.617499818724525e-06,3.8270167064276706e-08,940680502.8976266
265108.3601908542,0.0001450657450047358,0.014506574500473577,49.155416695609,1.9126712516858204e-11,0.09570202198175203,0.09770076005691725,1.617499818724525e-06,3.9891317134309e-08,902452026.8105606
276338.5290053167,0.00013917039334507766,0.013917039334507763,51.23767327642576,1.9167712609429405e-11,0.09671652518855615,0.09876053187512669,1.617499818724525e-06,4.158114021392462e-08,865777124.3113815
288044.4153396298,0.00013351462389133483,0.01335146238913348,53.40813564939787,1.9208712702000608e-11,0.09771480175699408,0.09980375510625401,1.617499818724525e-06,4.3342545338093774e-08,830592659.456933
300246.17090855434,0.0001280887002212037,0.012808870022120366,55.6705402713293,1.924971279457181e-11,0.0986969791481211,0.1008305781373163,1.617499818724525e-06,4.5178564770468055e-08,796838062.0964785
312964.80106707505,0.0001228832815925126,0.012288328159251257,58.02878187785337,1.9290712887143015e-11,0.09966227777860148,0.10184022566092021,1.617499818724525e-06,4.7092359223431715e-08,764455223.5999998
326222.2009711673,0.00011788940686311272,0.01178894068631127,60.48692018822893,1.933171297971422e-11,0.10060885298823377,0.1028307130979978,1.617499818724525e-06,4.908722329927517e-08,733388396.8240587
340041.19327037025,0.00011309847906424568,0.011309847906424565,63.049186894158936,1.9372713072285416e-11,0.1015362391037071,0.10380149734982964,1.617499818724525e-06,5.1166591161862434e-08,703584100.1429265
354445.5673970436,0.00010850225060083759,0.010850225060083757,65.71999294465972,1.941371316485662e-11,0.10244503859928404,0.10475327074295991,1.617499818724525e-06,5.333404244855401e-08,674991025.379814
369460.1205199295,0.00010409280905324549,0.010409280905324548,68.5039361395197,1.945471325742782e-11,0.10333372876414931,0.10568445349853296,1.617499818724525e-06,5.559330843256064e-08,647559949.4797298
385110.7002325569,9.986256355600185e-05,0.009986256355600182,71.40580904442625,1.9495713349999027e-11,0.10420037864248785,0.10659295068356323,1.617499818724525e-06,5.794827844634197e-08,621243649.7718343
401424.2490499326,9.580423173012233e-05,0.00958042317301223,74.43060724137851,1.953671344257023e-11,0.10504563055800459,0.10747944715803025,1.617499818724525e-06,6.04030065771013e-08,595996822.6755048
418428.8507901576,9.191082714646957e-05,0.009191082714646956,77.58353792859594,1.957771353514143e-11,0.10586922041396032,0.10834369869167988,1.617499818724525e-06,6.296171864590819e-08,571776005.710092
436153.77892080054,8.817564729859545e-05,0.008817564729859544,80.8700288847251,1.961871362771263e-11,0.10666865384371245,0.10918301160233354,1.617499818724525e-06,6.562881948246153e-08,548539502.6741345
454629.546953239,8.459226206436097e-05,0.008459226206436096,84.2957378127729,1.965971372028383e-11,0.10744439647018363,0.10999792549332305,1.617499818724525e-06,6.8408900508014e-08,526247311.86525434
473887.9609717651,8.115450263646074e-05,0.008115450263646072,87.86656207986012,1.9700713812855038e-11,0.10819683239230464,0.11078889761253988,1.617499818724525e-06,7.130674763951817e-08,504861057.2170987
493962.1743878326,7.785645090280703e-05,0.007785645090280701,91.58864886955253,1.9741713905426242e-11,0.10892352882875825,0.11155324141772452,1.617499818724525e-06,7.43273495285935e-08,484343922.2348553
514886.7450137487,7.469242925848314e-05,0.007469242925848313,95.46840576425456,1.9782713997997442e-11,0.10962206347943415,0.11228837532529772,1.617499818724525e-06,7.747590614950415e-08,464660586.6155514
536697.6945540477,7.165699083173015e-05,0.007165699083173014,99.51251177588105,1.9823714090568646e-11,0.1102970337851461,0.1129992961301079,1.617499818724525e-06,8.075783775092964e-08,445777165.4440511
559432.5706169389,6.874491010714425e-05,0.006874491010714423,103.72792884379217,1.986471418313985e-11,0.11094730534679197,0.11368480150979725,1.617499818724525e-06,8.417879418693609e-08,427661150.86009306
583130.5113526218,6.59511739299374e-05,0.0065951173929937375,108.12191381979116,1.9905714275711047e-11,0.11156584336167492,0.1143372874411755,1.617499818724525e-06,8.774466464321524e-08,410281356.0959191
607832.3128297236,6.327097287577676e-05,0.0063270972875776755,112.70203096081609,1.9946714368282253e-11,0.11215472827162387,0.1149590461574175,1.617499818724525e-06,9.146158777533531e-08,393607861.7881616
633580.4992658241,6.069969297134989e-05,0.006069969297134987,117.47616495082524,1.9987714460853454e-11,0.11271905178069673,0.11555550235168224,1.617499818724525e-06,9.533596227645011e-08,377611964.47159284
660419.3962330305,5.823290775139507e-05,0.005823290775139506,122.45253447430535,2.0028714553424657e-11,0.11326780195516087,0.1161355314292548,1.617499818724525e-06,9.937445789266948e-08,362266127.1660189
688395.206964551,5.586637063853132e-05,0.0055866370638531304,127.63970636475571,2.006971464599586e-11,0.11376967158242669,0.11666714030735102,1.617499818724525e-06,1.0358402690504274e-07,347543931.971305
717556.0918936922,5.3596007632763263e-05,0.005359600763276326,133.04661035251638,2.011071473856706e-11,0.11424211279411606,0.11716825299561302,1.617499818724525e-06,1.0797191609792974e-07,333420034.5888857
747952.2515621829,5.141791029807843e-05,0.0051417910298078425,138.68255443732482,2.0151714831138265e-11,0.11468822636191392,0.11764217085076198,1.617499818724525e-06,1.1254567923436168e-07,319870120.69148123
779636.0130405221,4.9328329034065835e-05,0.004932832903406583,144.55724091205857,2.0192714923709465e-11,0.11510710686969021,0.11808795384467284,1.617499818724525e-06,1.1731319005986082e-07,306870864.0659286
812661.9200091945,4.7323666620967e-05,0.004732366662096699,150.68078306526283,2.0233715016280672e-11,0.11548790168334214,0.1184939735266398,1.617499818724525e-06,1.222826558571186e-07,294399886.4570318
847086.826655742,4.5400472027054155e-05,0.004540047202705414,157.06372259119954,2.0274715108851872e-11,0.11583650579191337,0.1188665966388843,1.617499818724525e-06,1.2746263157485066e-07,282435719.04334563
882969.9955494083,4.355543446766883e-05,0.004355543446766882,163.71704773740487,2.0315715201423073e-11,0.11615732770599832,0.11921049585952272,1.617499818724525e-06,1.3286203455516676e-07,270957765.4785359
920373.199661823,4.178537770569692e-05,0.004178537770569691,170.65221222098842,2.0356715293994276e-11,0.11644760561569686,0.11952273240480024,1.617499818724525e-06,1.3849015988479986e-07,259946266.43471166
959360.8287093127,4.008725458366922e-05,0.004008725458366921,177.88115494623284,2.0397715386565477e-11,0.11670245014616833,0.11979801958530466,1.617499818724525e-06,1.4435669639661914e-07,249382265.58669797
1000000.0,3.845814177807011e-05,0.0038458141778070104,185.41632055745623,2.0438715479136684e-11,0.1169237476360123,0.12003839041139218,1.617499818724525e-06,1.5047174334898694e-07,239247576.97866052
1042360.6739764033,3.6895234766829544e-05,0.0036895234766829536,193.27068086249514,2.0479715571707887e-11,0.11711407475115358,0.12024674191152465,1.617499818724525e-06,1.5684582781165456e-07,229524753.7169426
1086515.7746525372,3.539584300133038e-05,0.0035395843001330375,201.45775716370792,2.0520715664279088e-11,0.11727176703838738,0.12042115933999802,1.617499818724525e-06,1.6348992278814248e-07,220197057.93518788
1132541.3151528127,3.395738527462104e-05,0.003395738527462103,209.99164353493723,2.056171575685029e-11,0.11739576522627221,0.12056050579724424,1.617499818724525e-06,1.7041546610579836e-07,211248431.98005438
1180516.528568803,3.257738527786201e-05,0.003257738527786201,218.8870310844887,2.0602715849421488e-11,0.11748681918278216,0.12066558394607513,1.617499818724525e-06,1.7763438010604203e-07,202663470.7679288
1230524.0043592616,3.125346733735224e-05,0.0031253467337352234,228.15923324592174,2.0643715941992695e-11,0.11754459051457121,0.12073604024404959,1.617499818724525e-06,1.8515909216871466e-07,194427395.26502562
1282649.8305280625,2.998335232480169e-05,0.0029983352324801683,237.82421214015838,2.06847160345639e-11,0.1175683371680563,0.12077113429544133,1.617499818724525e-06,1.9300255610584037e-07,186526027.04524812
1336983.7418249452,2.8764853733805172e-05,0.0028764853733805164,247.8986060543215,2.07257161271351e-11,0.11755931707480058,0.12077216777615646,1.617499818724525e-06,2.0117827446165148e-07,178945763.8819857
1393619.2742241435,2.7595873915765487e-05,0.002759587391576548,258.39975808459354,2.0766716219706303e-11,0.1175180670795219,0.12073967548116202,1.617499818724525e-06,2.0970032175725696e-07,171673556.33184275
1452653.9259467782,2.6474400468786602e-05,0.0026474400468786594,269.34574599239534,2.0807716312277503e-11,0.11744321340220738,0.12067215686406872,1.617499818724525e-06,2.1858336871996202e-07,164696885.26999223
1514189.325304352,2.5398502773317326e-05,0.002539850277331732,280.75541332531037,2.0848716404848707e-11,0.11733405755474659,0.12056893497057555,1.617499818724525e-06,2.2784270753897234e-07,158003740.33846232
1578331.4056521198,2.436632866858549e-05,0.0024366328668585487,292.64840185629413,2.088971649741991e-11,0.11719205371350044,0.120431612708068,1.617499818724525e-06,2.374942781909317e-07,151582599.2702783
1645190.5877536607,2.3376101264097745e-05,0.002337610126409774,305.0451853970429,2.093071658999111e-11,0.11701788270770097,0.12026083869844184,1.617499818724525e-06,2.475546958806381e-07,145422408.0538464
1714881.9698705408,2.2426115880717638e-05,0.0022426115880717634,317.96710504371845,2.0971716682562314e-11,0.11681118001761857,0.12005617519861479,1.617499818724525e-06,2.580412796441653e-07,139512561.90344197
1787525.5259042317,2.151473711605645e-05,0.0021514737116056447,331.43640591569465,2.1012716775133514e-11,0.11657131418904122,0.1198169579256135,1.617499818724525e-06,2.689720821636245e-07,133842887.00304599
1863246.3119315598,2.064039602912292e-05,0.0020640396029122914,345.4762754506004,2.1053716867704718e-11,0.11629905226601771,0.11954403822263639,1.617499818724525e-06,2.803659208449122e-07,128403622.9920891
1942174.6814890285,1.9801587439387782e-05,0.001980158743938778,360.11088332154515,2.1094716960275922e-11,0.11599479079572603,0.11923783989538944,1.617499818724525e-06,2.922424102119175e-07,123185406.1629688
2024446.5099768017,1.899686733561105e-05,0.0018996867335611047,375.36542304528234,2.1135717052847122e-11,0.11565899625617794,0.11889882914301698,1.617499818724525e-06,3.046219956729817e-07,118179253.34139948
2110203.4285685965,1.8224850389972684e-05,0.0018224850389972679,391.2661553529184,2.1176717145418326e-11,0.11529197180595455,0.118527292179752,1.617499818724525e-06,3.1752598871772634e-07,113376546.42185277
2199593.06803007,1.7484207573227508e-05,0.0017484207573227506,407.8404533978224,2.1217717237989526e-11,0.11489380321011455,0.11812331494658687,1.617499818724525e-06,3.309766036048317e-07,108769017.531469
2292769.312865649,1.677366386677718e-05,0.0016773663866777179,425.1168498785961,2.125871733056073e-11,0.11446470729418307,0.11768714798848669,1.617499818724525e-06,3.4499699560395327e-07,104348734.79688783
2389892.566231053,1.609199606772281e-05,0.0016091996067722806,443.12508615817904,2.1299717423131933e-11,0.11400512559486681,0.11721927328952106,1.617499818724525e-06,3.596113008575711e-07,100108088.68951058
2491130.026067786,1.5438030683117624e-05,0.0015438030683117621,461.89616346368916,2.1340717515703133e-11,0.11351571578983202,0.11672037803029242,1.617499818724525e-06,3.748446779314272e-07,96039778.9256747
2596655.9729348724,1.4810641909795518e-05,0.0014810641909795514,481.4623962551261,2.138171760827434e-11,0.11299698397400254,0.11619094533870382,1.617499818724525e-06,3.907233511250704e-07,92136801.89919443
2706652.070033236,1.4208749696298361e-05,0.0014208749696298358,501.85746785478545,2.142271770084554e-11,0.1124492918272713,0.11563134891052342,1.617499818724525e-06,4.072746556170457e-07,88392438.6246373
2821307.6759394705,1.3631317883563999e-05,0.0013631317883563995,523.1164884332051,2.146371779341674e-11,0.1118731044180833,0.1150420826288545,1.617499818724525e-06,4.24527084522491e-07,84800243.17056915
2940820.1705870666,1.3077352421176023e-05,0.0013077352421176022,545.2760554514053,2.1504717885987948e-11,0.11126873990345748,0.11442350745745324,1.617499818724525e-06,4.4251033794410156e-07,81354031.5628684
3065395.2950565238,1.2545899656103224e-05,0.0012545899656103221,568.3743166635189,2.1545717978559145e-11,0.11063721863342361,0.11377669708344543,1.617499818724525e-06,4.612553741009376e-07,78047871.13899736
3195247.5057592136,1.2036044690983064e-05,0.0012036044690983063,592.4510357882635,2.1586718071130352e-11,0.10997867271214055,0.11310174346811044,1.617499818724525e-06,4.807944626230916e-07,74876070.33490613
3330600.3436245816,1.1546909809123883e-05,0.001154690980912388,617.5476609622701,2.1627718163701552e-11,0.10929382010975021,0.11239941387569558,1.617499818724525e-06,5.011612401039264e-07,71833168.88699262
3471686.8189265593,1.1077652963512784e-05,0.0011077652963512783,643.707396093183,2.1668718256272756e-11,0.10858344811300376,0.11167052684821151,1.617499818724525e-06,5.223907680055785e-07,68913928.43224128
3618749.812411284,1.0627466327229805e-05,0.0010627466327229804,670.9752752352854,2.170971834884396e-11,0.10784723679760404,0.11091474679907341,1.617499818724525e-06,5.445195930173455e-07,66113323.4903693
3772042.4934169934,1.0195574902771547e-05,0.0010195574902771545,699.3982401157518,2.1750718441415156e-11,0.10708711009804026,0.11013410783898352,1.617499818724525e-06,5.675858099709145e-07,63426532.812447846
3931828.75570577,9.781235187890777e-06,0.0009781235187890777,729.0252209449657,2.179171853398636e-11,0.10630394852917789,0.1093295165572743,1.617499818724525e-06,5.916291274207255e-07,60848931.08110836
4098383.671757253,9.383733895655618e-06,0.0009383733895655617,759.9072206499882,2.183271862655756e-11,0.10549614918283712,0.10849927230643489,1.617499818724525e-06,6.166909360023367e-07,58376080.948048174
4271993.966306777,9.002386726523849e-06,0.0009002386726523848,792.0974026762564,2.1873718719128767e-11,0.10466652769936083,0.1076463363235332,1.617499818724525e-06,6.428143796865343e-07,56003725.395121455
4452958.50994266,8.636537190319635e-06,0.0008636537190319633,825.6511825085813,2.191471881169997e-11,0.10381524338109588,0.10677089039222708,1.617499818724525e-06,6.700444300517796e-07,53727780.405872494
4641588.833612773,8.285555476083875e-06,0.0008285555476083873,860.6263230690562,2.195571890427117e-11,0.10294247214628484,0.10587309020956251,1.617499818724525e-06,6.984279637029053e-07,51544327.934889995
4838209.664925957,7.948837367852816e-06,0.0007948837367852815,897.0830341560944,2.1996718996842375e-11,0.10204965376548325,0.10495446853131621,1.617499818724525e-06,7.280138429693269e-07,49449609.162880674
5043159.487171348,7.625803204498862e-06,0.000762580320449886,935.0840760957394,2.2037719089413572e-11,0.10113705735793965,0.10401526744198189,1.617499818724525e-06,7.588530000216556e-07,47440018.02585303
5256791.122018419,7.315896881842156e-06,0.0007315896881842155,974.6948677837579,2.207871918198478e-11,0.10020562593884928,0.10305648656256483,1.617499818724525e-06,7.909985245515891e-07,45512095.00726708
5479472.336900293,7.018584895315966e-06,0.0007018584895315965,1015.9835993044194,2.2119719274555986e-11,0.09925576704380794,0.10207856124658427,1.617499818724525e-06,8.245057551659352e-07,43662521.182468705
5711586.478126423,6.733355421537022e-06,0.0006733355421537021,1059.0213493199217,2.2160719367127183e-11,0.0982886945010479,0.10108273598212154,1.617499818724525e-06,8.594323746521836e-07,41888112.50515129
5953533.13081437,6.459717437200101e-06,0.00064597174372001,1103.8822074325135,2.2201719459698386e-11,0.0973049161028488,0.10006959621628227,1.617499818724525e-06,8.958385092795906e-07,40185814.326010875
6205728.806776513,6.197199873780284e-06,0.0006197199873780282,1150.6434017299152,2.224271955226959e-11,0.09630511882469737,0.099039779444781,1.617499818724525e-06,9.337868323066911e-07,38552696.13416034
6468607.661546321,5.945350806587129e-06,0.0005945350806587128,1199.3854317336904,2.228371964484079e-11,0.09529044351630434,0.09799454231068008,1.617499818724525e-06,9.733426718734887e-07,36985946.51224656
6742622.241778349,5.7037366767750095e-06,0.0005703736676775008,1250.1922069794089,2.2324719737411997e-11,0.09426098898744892,0.09693392744779032,1.617499818724525e-06,1.0145741234640428e-06,35482868.29658717
7028244.264308338,5.471941544970593e-06,0.0005471941544970592,1303.1511914670991,2.2365719829983197e-11,0.09321850970163696,0.09585978157317955,1.617499818724525e-06,1.0575521671329946e-06,34040873.933997385
7325965.42821523,5.249566375231909e-06,0.0005249566375231908,1358.3535542307975,2.2406719922554398e-11,0.09216281171068255,0.09477196713514138,1.617499818724525e-06,1.1023507896979532e-06,32657481.027308997
7636298.261282257,5.036228348107025e-06,0.0005036228348107025,1415.8943262862576,2.24477200151256e-11,0.09109475996557305,0.09367128013582109,1.617499818724525e-06,1.1490471121079795e-06,31330308.061917804
7959777.002314977,4.831560201609309e-06,0.0004831560201609308,1475.8725642271027,2.2488720107696802e-11,0.09001667081718155,0.09256024159229471,1.617499818724525e-06,1.1977215222075082e-06,30057070.305999655
8296958.520834915,4.63520959897484e-06,0.00046352095989748385,1538.3915207510456,2.252972020026801e-11,0.08892608359871612,0.09143618502413324,1.617499818724525e-06,1.2484578131242624e-06,28835575.87733789
8648423.275731709,4.446838522113884e-06,0.0004446838522113883,1603.5588224096364,2.257072029283921e-11,0.08782811012645729,0.09030451816523635,1.617499818724525e-06,1.3013433275193067e-06,27663721.96999328
9014776.314524917,4.26612268971167e-06,0.0004266122689711669,1671.4866548877167,2.2611720385410412e-11,0.08671872721754503,0.08916099889280085,1.617499818724525e-06,1.3564691079477203e-06,26539491.234316763
9396648.31495471,4.09275099897739e-06,0.00040927509989773897,1742.2919561313238,2.2652720477981616e-11,0.08560285075433773,0.08801078198157355,1.617499818724525e-06,1.4139300535885558e-06,25460948.304077674
9794696.670695385,3.92642499007983e-06,0.00039264249900798295,1816.0966176567067,2.2693720570552816e-11,0.084478900948348,0.08685218079868665,1.617499818724525e-06,1.473825083614054e-06,24426236.46472501
10209606.623060476,3.766858332347941e-06,0.000376685833234794,1893.0276943869112,2.2734720663124017e-11,0.08343436754131946,0.08577212305538326,1.617499818724525e-06,1.5362573074792742e-06,23433574.457048226
10642092.440647224,3.613776331351918e-06,0.0003613776331351917,1973.2176233771277,2.2775720755695217e-11,0.08230156054412448,0.08460426124049998,1.617499818724525e-06,1.6013342024252633e-06,22481253.410735276
11092898.648952227,3.466915456015876e-06,0.0003466915456015875,2056.8044518055,2.2816720848266424e-11,0.08116212626593419,0.08342954906861144,1.617499818724525e-06,1.6691677985014633e-06,21567633.902547054
11562801.312073776,3.3260228849485147e-06,0.0003326022884948514,2143.9320746216476,2.2857720940837628e-11,0.08001929455338208,0.08225136518097732,1.617499818724525e-06,1.7398748714256953e-06,20691143.134046607
12052609.368708413,3.1908560712103596e-06,0.0003190856071210359,2234.75048226224,2.2898721033408828e-11,0.07887217485320774,0.08106871783480862,1.617499818724525e-06,1.8135771436138883e-06,19850272.224022042
12563166.024741214,3.061182324768509e-06,0.00030611823247685084,2329.416018859963,2.293972112598003e-11,0.07772201663447656,0.07988299813723478,1.617499818724525e-06,1.890401493725575e-06,19043573.61094322
13095350.20482665,2.9367784119202315e-06,0.0002936778411920231,2428.0916513902894,2.298072121855123e-11,0.07656990588661103,0.07869526040920294,1.617499818724525e-06,1.97048017508578e-06,18269658.560981374
13650078.065460138,2.8174301709954122e-06,0.0002817430170995412,2530.947250219661,2.302172131112244e-11,0.07541568394221511,0.07750537192100232,1.617499818724525e-06,2.0539510433595554e-06,17527194.777299277
14228304.57214355,2.7029321436767796e-06,0.0002702932143676779,2638.1598815376897,2.306272140369364e-11,0.0742608026585827,0.07631485070729546,1.617499818724525e-06,2.1409577938708024e-06,16814904.106499374
14831025.143361028,2.5930872213028066e-06,0.0002593087221302806,2749.9141121771218,2.310372149626484e-11,0.07310545646867173,0.07512385081649849,1.617499818724525e-06,2.231650208974193e-06,16131560.338278942
15459277.364194784,2.4877063055445886e-06,0.0002487706305544588,2866.402327346169,2.3144721588836043e-11,0.0719504781014953,0.07393328817068506,1.617499818724525e-06,2.326184415905922e-06,15475987.094505558
16114142.772530166,2.3866079828726477e-06,0.00023866079828726474,2987.8250618200723,2.3185721681407243e-11,0.0707966499188688,0.072743958311091,1.617499818724525e-06,2.424723155557094e-06,14847055.804079536
16796748.72092653,2.2896182122529648e-06,0.00022896182122529642,3114.391345162359,2.3226721773978447e-11,0.06964444022712431,0.07155633723935134,1.617499818724525e-06,2.5274360626326835e-06,14243683.760095153
17508270.31735727,2.196570025534941e-06,0.00021965700255349407,3246.3190615697113,2.3267721866549654e-11,0.06849433094343223,0.07037093802873422,1.617499818724525e-06,2.6344999576780695e-06,13664832.255958281
18249932.448161505,2.107303240015244e-06,0.00021073032400152435,3383.835324960239,2.3308721959120854e-11,0.06734717472398405,0.06918863737584188,1.617499818724525e-06,2.746099151476109e-06,13109504.797249924
19023011.886689458,2.021664182682845e-06,0.00020216641826828444,3527.1768699507147,2.3349722051692054e-11,0.06620334374593331,0.06800980455712279,1.617499818724525e-06,2.8624257623386653e-06,12576745.386258403
19828839.491270673,1.9395054256705573e-06,0.0001939505425670557,3676.5904593957925,2.3390722144263255e-11,0.0650632841589365,0.06683495276272787,1.617499818724525e-06,2.983680046838739e-06,12065636.876226936
20668802.49629082,1.860685532457515e-06,0.00018606855324575147,3832.3333091910113,2.343172223683446e-11,0.06392836710732767,0.0656654753355486,1.617499818724525e-06,3.1100707445527735e-06,11575299.392482718
21544346.900318865,1.7850688143858693e-06,0.00017850688143858688,3994.6735310705653,2.3472722329405665e-11,0.0627977318448025,0.06450046988002724,1.617499818724525e-06,3.241815437406326e-06,11104888.817730619
22456979.955397718,1.7125250970723857e-06,0.00017125250970723854,4163.890594162393,2.3513722421976866e-11,0.06167296873320235,0.06334157281771174,1.617499818724525e-06,3.37914092424195e-06,10653595.338902878
23408272.761782944,1.6429294963128586e-06,0.00016429294963128584,4340.275806095123,2.355472251454807e-11,0.060554813407156995,0.06218955519506574,1.617499818724525e-06,3.5222836112540892e-06,10220642.053063525
24399862.972595453,1.5761622030936844e-06,0.00015761622030936842,4524.132814484771,2.359572260711927e-11,0.059442655512471285,0.061043788411784705,1.617499818724525e-06,3.6714899189628367e-06,9805283.629968317
25433457.613046482,1.5121082773402546e-06,0.00015121082773402543,4715.778129665104,2.363672269969047e-11,0.05833806789856238,0.05990591063367473,1.617499818724525e-06,3.827016706427669e-06,9406805.02897627
26510836.019085415,1.4506574500473571e-06,0.00014506574500473569,4915.541669560903,2.3677722792261673e-11,0.05724051767077763,0.05877538200269681,1.617499818724525e-06,3.989131713430902e-06,9024520.268105602
27633852.90053167,1.3917039334507762e-06,0.0001391703933450776,5123.767327642578,2.3718722884832874e-11,0.056150977715361504,0.0576531624437236,1.617499818724525e-06,4.158114021392464e-06,8657771.243113812
28804441.53396298,1.3351462389133475e-06,0.00013351462389133472,5340.81356493979,2.375972297740408e-11,0.05506990159136098,0.05653974056462551,1.617499818724525e-06,4.334254533809379e-06,8305926.594569326
30024617.09085543,1.2808870022120373e-06,0.0001280887002212037,5567.054027132929,2.380072306997528e-11,0.053997722000417886,0.05543555658887167,1.617499818724525e-06,4.5178564770468045e-06,7968380.620964786
31296480.106707502,1.2288328159251274e-06,0.00012288328159251272,5802.878187785331,2.3841723162546485e-11,0.05293477335891117,0.054340992655376064,1.617499818724525e-06,4.7092359223431655e-06,7644552.236000006
32622220.09711673,1.1788940686311278e-06,0.00011788940686311276,6048.6920188228905,2.3882723255117688e-11,0.05188091618540148,0.05325589628399634,1.617499818724525e-06,4.908722329927514e-06,7333883.968240591
34004119.32703703,1.1309847906424562e-06,0.0001130984790642456,6304.918689415897,2.392372334768889e-11,0.05083682769483802,0.05218093528463082,1.617499818724525e-06,5.1166591161862464e-06,7035841.001429262
35444556.739704356,1.0850225060083764e-06,0.00010850225060083762,6571.999294465968,2.3964723440260092e-11,0.04980296650930956,0.05111657610622743,1.617499818724525e-06,5.3334042448553984e-06,6749910.253798145
36946012.051992945,1.0409280905324554e-06,0.00010409280905324552,6850.393613951967,2.4005723532831293e-11,0.04877987975333499,0.050063393630153774,1.617499818724525e-06,5.559330843256062e-06,6475599.4947973
38511070.02325569,9.986256355600186e-07,9.986256355600185e-05,7140.580904442623,2.4046723625402496e-11,0.047767582190174705,0.049021449208876786,1.617499818724525e-06,5.794827844634197e-06,6212436.4977183435
40142424.90499326,9.580423173012238e-07,9.580423173012237e-05,7443.060724137846,2.40877237179737e-11,0.04676616552225174,0.04799080618603374,1.617499818724525e-06,6.040300657710127e-06,5959968.226755051
41842885.07901576,9.191082714646961e-07,9.19108271464696e-05,7758.3537928595915,2.41287238105449e-11,0.04577588912518848,0.04697169964483622,1.617499818724525e-06,6.296171864590816e-06,5717760.057100922
43615377.89208005,8.817564729859543e-07,8.817564729859542e-05,8087.0028884725125,2.4169723903116104e-11,0.044797211266485414,0.04596458690059557,1.617499818724525e-06,6.562881948246154e-06,5485395.0267413445
45462954.6953239,8.459226206436092e-07,8.459226206436091e-05,8429.573781277295,2.4210723995687307e-11,0.04383065015940033,0.04497002507560512,1.617499818724525e-06,6.840890050801404e-06,5262473.118652539
47388796.09717651,8.115450263646063e-07,8.115450263646063e-05,8786.65620798602,2.425172408825851e-11,0.04287639175164939,0.0439882447906108,1.617499818724525e-06,7.1306747639518255e-06,5048610.572170981
49396217.43878326,7.785645090280707e-07,7.785645090280706e-05,9158.864886955245,2.429272418082971e-11,0.04193411861407432,0.043018916518539466,1.617499818724525e-06,7.432734952859346e-06,4843439.222348556
51488674.50137487,7.469242925848319e-07,7.469242925848318e-05,9546.84057642545,2.433372427340091e-11,0.04100381103644203,0.042061969406889825,1.617499818724525e-06,7.747590614950408e-06,4646605.866155516
53669769.45540476,7.165699083173008e-07,7.165699083173006e-05,9951.251177588116,2.4374724365972115e-11,0.04008594913138441,0.04111786849045368,1.617499818724525e-06,8.075783775092972e-06,4457771.654440506
55943257.06169366,6.874491010714448e-07,6.874491010714446e-05,10372.792884379181,2.4415724458543315e-11,0.039181276325917336,0.040187406425400925,1.617499818724525e-06,8.417879418693579e-06,4276611.5086009465
58313051.135262184,6.595117392993738e-07,6.595117392993737e-05,10812.191381979117,2.4456724551114522e-11,0.03828997379974788,0.039270813937195316,1.617499818724525e-06,8.774466464321526e-06,4102813.5609591897
60783231.28297236,6.327097287577675e-07,6.327097287577673e-05,11270.203096081612,2.4497724643685726e-11,0.03741129345788014,0.03836733360762316,1.617499818724525e-06,9.146158777533536e-06,3936078.6178816147
63358049.92658241,6.069969297134989e-07,6.0699692971349875e-05,11747.616495082526,2.4538724736256923e-11,0.03654511121572105,0.03747675872877889,1.617499818724525e-06,9.533596227645011e-06,3776119.644715929
66041939.623303056,5.823290775139508e-07,5.8232907751395076e-05,12245.253447430532,2.4579724828828127e-11,0.03569199801226312,0.03659966739620899,1.617499818724525e-06,9.937445789266947e-06,3622661.27166019
68839520.6964551,5.586637063853132e-07,5.586637063853131e-05,12763.970636475571,2.462072492139933e-11,0.03485253113036318,0.035736677757409255,1.617499818724525e-06,1.0358402690504273e-05,3475439.3197130505
71755609.18936922,5.359600763276325e-07,5.359600763276324e-05,13304.66103525164,2.466172501397053e-11,0.03402696855819632,0.034888071016823625,1.617499818724525e-06,1.0797191609792975e-05,3334200.3458888563
74795225.15621829,5.141791029807839e-07,5.141791029807838e-05,13868.255443732496,2.4702725106541737e-11,0.03321479089519739,0.03405336233967153,1.617499818724525e-06,1.1254567923436177e-05,3198701.20691481
77963601.3040522,4.932832903406581e-07,4.9328329034065794e-05,14455.724091205862,2.4743725199112938e-11,0.03241505893386335,0.03323150364895504,1.617499818724525e-06,1.1731319005986093e-05,3068708.640659284
81266192.00091945,4.732366662096704e-07,4.732366662096703e-05,15068.07830652627,2.478472529168414e-11,0.03162850654782748,0.032423219662197196,1.617499818724525e-06,1.2228265585711847e-05,2943998.86457032
84708682.6655742,4.540047202705415e-07,4.540047202705414e-05,15706.372259119953,2.4825725384255345e-11,0.03085575160993313,0.03162917900274351,1.617499818724525e-06,1.2746263157485067e-05,2824357.190433456
88296999.55494083,4.355543446766884e-07,4.355543446766883e-05,16371.704773740485,2.4866725476826542e-11,0.030097304935637392,0.030849925208776628,1.617499818724525e-06,1.3286203455516673e-05,2709577.6547853597
92037319.9661823,4.178537770569691e-07,4.1785377705696906e-05,17065.221222098844,2.4907725569397752e-11,0.02935288294248865,0.030085202230408992,1.617499818724525e-06,1.3849015988479987e-05,2599462.6643471164
95936082.87093127,4.008725458366918e-07,4.008725458366917e-05,17788.1154946233,2.494872566196895e-11,0.02862009783183937,0.029332489873848965,1.617499818724525e-06,1.4435669639661928e-05,2493822.6558669773
100000000.0,3.8458141778070113e-07,3.84581417780701e-05,18541.632055745624,2.4989725754540153e-11,0.027900234333092255,0.028593070774295258,1.617499818724525e-06,1.5047174334898692e-05,2392475.7697866056
104236067.39764033,3.689523476682957e-07,3.689523476682956e-05,19327.0680862495,2.5030725847111356e-11,0.027194504070252593,0.027868248199133756,1.617499818724525e-06,1.5684582781165446e-05,2295247.5371694276
108651577.46525373,3.539584300133039e-07,3.5395843001330386e-05,20145.77571637079,2.5071725939682557e-11,0.02650296563943945,0.027158084059483487,1.617499818724525e-06,1.634899227881424e-05,2201970.5793518797
113254131.51528126,3.395738527462104e-07,3.395738527462104e-05,20999.164353493717,2.511272603225376e-11,0.025825493318934974,0.026462444135998128,1.617499818724525e-06,1.704154661057983e-05,2112484.319800544
118051652.8568803,3.2577385277861993e-07,3.2577385277861985e-05,21888.703108448888,2.5153726124824964e-11,0.02515872151079446,0.025777821887820716,1.617499818724525e-06,1.7763438010604213e-05,2026634.7076792868
123052400.43592615,3.1253467337352265e-07,3.125346733735226e-05,22815.923324592157,2.5194726217396164e-11,0.02450510261348655,0.025106755574778632,1.617499818724525e-06,1.8515909216871454e-05,1944273.9526502579
128264983.05280624,2.998335232480169e-07,2.9983352324801682e-05,23782.42121401584,2.523572630996737e-11,0.023865328144011586,0.02444997739065429,1.617499818724525e-06,1.9300255610584038e-05,1865260.270452481
133698374.18249452,2.8764853733805154e-07,2.876485373380515e-05,24789.860605432164,2.5276726402538568e-11,0.023239242873172455,0.023807323508213494,1.617499818724525e-06,2.011782744616516e-05,1789457.638819856
139361927.42241433,2.7595873915765504e-07,2.7595873915765497e-05,25839.97580845934,2.5317726495109772e-11,0.02262634343980446,0.023178258086714334,1.617499818724525e-06,2.0970032175725684e-05,1716735.5633184281
145265392.59467784,2.6474400468786613e-07,2.647440046878661e-05,26934.57459923952,2.5358726587680972e-11,0.02202446408898027,0.022560501161401847,1.617499818724525e-06,2.1858336871996193e-05,1646968.8526999233
151418932.5304352,2.539850277331732e-07,2.5398502773317316e-05,28075.54133253104,2.539972668025218e-11,0.02143507710674084,0.021955658417450723,1.617499818724525e-06,2.2784270753897236e-05,1580037.4033846231
157833140.56521198,2.43663286685855e-07,2.4366328668585498e-05,29264.8401856294,2.5440726772823383e-11,0.020858877580317032,0.021364414696300196,1.617499818724525e-06,2.374942781909316e-05,1515825.992702784
164519058.77536607,2.3376101264097753e-07,2.337610126409775e-05,30504.518539704288,2.5481726865394583e-11,0.020295541934533153,0.020786424639717905,1.617499818724525e-06,2.4755469588063803e-05,1454224.0805384642
171488196.98705408,2.2426115880717652e-07,2.2426115880717648e-05,31796.710504371822,2.5522726957965783e-11,0.01974448641176455,0.02022106533205792,1.617499818724525e-06,2.5804127964416518e-05,1395125.6190344207
178752552.59042317,2.1514737116056453e-07,2.151473711605645e-05,33143.640591569456,2.5563727050536984e-11,0.01920492325970266,0.01966750560140192,1.617499818724525e-06,2.6897208216362443e-05,1338428.8700304604
186324631.19315597,2.0640396029122908e-07,2.0640396029122906e-05,34547.62754506005,2.5604727143108187e-11,0.01867686696960706,0.01912582535997366,1.617499818724525e-06,2.8036592084491242e-05,1284036.2299208902
194217468.14890283,1.9801587439387756e-07,1.980158743938775e-05,36011.08833215456,2.5645727235679394e-11,0.018161041840343357,0.018596754096770623,1.617499818724525e-06,2.9224241021191788e-05,1231854.0616296865
202444650.9976802,1.899686733561104e-07,1.8996867335611036e-05,37536.54230452825,2.5686727328250594e-11,0.017777756154414914,0.0181996355954559,1.617499818724525e-06,3.0462199567298194e-05,1181792.5334139941
211020342.85685965,1.8224850389972698e-07,1.8224850389972694e-05,39126.61553529181,2.5727727420821798e-11,0.017285302724562742,0.017694613022011852,1.617499818724525e-06,3.175259887177261e-05,1133765.4642185285
219959306.80300704,1.7484207573227497e-07,1.7484207573227494e-05,40784.045339782264,2.5768727513393e-11,0.016803961338606326,0.01720100271875764,1.617499818724525e-06,3.3097660360483186e-05,1087690.1753146893
229276931.2865649,1.6773663866777182e-07,1.677366386677718e-05,42511.68498785961,2.5809727605964202e-11,0.01633346361402383,0.016718548321304313,1.617499818724525e-06,3.4499699560395326e-05,1043487.3479688785
238989256.62310526,1.609199606772281e-07,1.609199606772281e-05,44312.5086158179,2.585072769853541e-11,0.01587393691747455,0.016247411492293213,1.617499818724525e-06,3.59611300857571e-05,1001080.886895106
249113002.6067786,1.5438030683117631e-07,1.5438030683117627e-05,46189.6163463689,2.5891727791106606e-11,0.015425515052440827,0.015787699181557705,1.617499818724525e-06,3.748446779314271e-05,960397.7892567473
259665597.29348725,1.4810641909795528e-07,1.4810641909795526e-05,48146.23962551258,2.593272788367781e-11,0.014987983636573204,0.015339180016849975,1.617499818724525e-06,3.907233511250701e-05,921368.018991945
270665207.00332355,1.4208749696298376e-07,1.4208749696298375e-05,50185.74678547849,2.597372797624901e-11,0.014560914670418897,0.014901400926033757,1.617499818724525e-06,4.072746556170452e-05,883924.3862463739
282130767.59394705,1.3631317883563995e-07,1.3631317883563994e-05,52311.648843320516,2.6014728068820213e-11,0.01414395820094457,0.014474011362919027,1.617499818724525e-06,4.2452708452249115e-05,848002.4317056913
294082017.05870664,1.3077352421176027e-07,1.3077352421176025e-05,54527.60554514052,2.6055728161391417e-11,0.013737077179563012,0.014056994500997204,1.617499818724525e-06,4.425103379441015e-05,813540.3156286841
306539529.50565237,1.2545899656103232e-07,1.254589965610323e-05,56837.431666351855,2.6096728253962614e-11,0.013340328425205408,0.01365040721113445,1.617499818724525e-06,4.612553741009373e-05,780478.7113899741
319524750.57592136,1.2036044690983073e-07,1.2036044690983071e-05,59245.10357882632,2.613772834653382e-11,0.012953579684238164,0.01325409502151633,1.617499818724525e-06,4.8079446262309134e-05,748760.7033490617
333060034.36245817,1.1546909809123895e-07,1.1546909809123892e-05,61754.76609622695,2.617872843910502e-11,0.01257651456571143,0.012867724047689494,1.617499818724525e-06,5.011612401039259e-05,718331.6888699268
347168681.89265597,1.107765296351279e-07,1.1077652963512787e-05,64370.739609318276,2.6219728531676225e-11,0.012208799367338007,0.012490952399331953,1.617499818724525e-06,5.2239076800557835e-05,689139.284322413
361874981.2411284,1.0627466327229804e-07,1.0627466327229802e-05,67097.52752352855,2.626072862424743e-11,0.011850295259251648,0.012123647180531568,1.617499818724525e-06,5.445195930173456e-05,661133.2349036928
377204249.34169936,1.0195574902771539e-07,1.0195574902771537e-05,69939.82401157524,2.630172871681863e-11,0.011500974082585892,0.011765787792913238,1.617499818724525e-06,5.67585809970915e-05,634265.328124478
393182875.570577,9.781235187890776e-08,9.781235187890774e-06,72902.5220944966,2.6342728809389836e-11,0.011160730488450708,0.011417256259888006,1.617499818724525e-06,5.916291274207256e-05,608489.3108110833
409838367.1757253,9.38373389565562e-08,9.383733895655618e-06,75990.72206499882,2.6383728901961036e-11,0.010829322489807704,0.011077793389472257,1.617499818724525e-06,6.166909360023367e-05,583760.8094804818
427199396.63067764,9.002386726523846e-08,9.002386726523844e-06,79209.74026762568,2.642472899453224e-11,0.01050655196786498,0.010747190023380392,1.617499818724525e-06,6.428143796865344e-05,560037.2539512144
445295850.994266,8.636537190319637e-08,8.636537190319635e-06,82565.11825085813,2.646572908710344e-11,0.010192242287003548,0.01042527057797285,1.617499818724525e-06,6.700444300517795e-05,537277.804058725
464158883.3612773,8.285555476083876e-08,8.285555476083875e-06,86062.6323069056,2.650672917967464e-11,0.009886244067017658,0.010111882721317232,1.617499818724525e-06,6.984279637029051e-05,515443.2793489001
483820966.49259573,7.948837367852816e-08,7.948837367852815e-06,89708.30341560945,2.6547729272245844e-11,0.009588350514352842,0.009806827038553536,1.617499818724525e-06,7.280138429693268e-05,494496.0916288068
504315948.71713483,7.625803204498861e-08,7.62580320449886e-06,93508.40760957396,2.6588729364817048e-11,0.009298466456599952,0.00950998746198254,1.617499818724525e-06,7.588530000216558e-05,474400.18025853037
525679112.2018419,7.315896881842158e-08,7.315896881842156e-06,97469.48677837578,2.662972945738825e-11,0.00901640804980758,0.009221176626543861,1.617499818724525e-06,7.90998524551589e-05,455120.9500726708
547947233.6900293,7.018584895315965e-08,7.018584895315964e-06,101598.35993044195,2.6670729549959455e-11,0.008742019782403918,0.008940233211966634,1.617499818724525e-06,8.245057551659354e-05,436625.211824687
571158647.8126423,6.733355421537022e-08,6.733355421537021e-06,105902.13493199217,2.6711729642530652e-11,0.00847498603252959,0.008666834918196297,1.617499818724525e-06,8.594323746521836e-05,418881.12505151297
595353313.081437,6.459717437200096e-08,6.459717437200095e-06,110388.22074325144,2.675272973510186e-11,0.008215326243493918,0.008401007557273812,1.617499818724525e-06,8.958385092795913e-05,401858.1432601084
620572880.6776488,6.197199873780307e-08,6.197199873780307e-06,115064.3401729911,2.6793729827673056e-11,0.007962753397695874,0.008142450689858673,1.617499818724525e-06,9.337868323066875e-05,385526.9613416049
646860766.1546321,5.945350806587129e-08,5.945350806587128e-06,119938.54317336903,2.6834729920244263e-11,0.007717229982790222,0.007891126360157222,1.617499818724525e-06,9.733426718734887e-05,369859.46512246557
674262224.1778349,5.703736676775009e-08,5.703736676775008e-06,125019.22069794088,2.6875730012815466e-11,0.007478566480455854,0.007646836344783793,1.617499818724525e-06,0.00010145741234640428,354828.6829658717
702824426.4308338,5.471941544970595e-08,5.471941544970594e-06,130315.11914670987,2.6916730105386667e-11,0.007246517195372597,0.0074093245177417,1.617499818724525e-06,0.00010575521671329943,340408.7393399739
732596542.8215231,5.249566375231907e-08,5.249566375231906e-06,135835.3554230798,2.695773019795787e-11,0.007021076513877368,0.007178588676867395,1.617499818724525e-06,0.00011023507896979537,326574.81027308985
763629826.1282257,5.036228348107023e-08,5.036228348107022e-06,141589.4326286258,2.6998730290529074e-11,0.006801919373195293,0.006954299218954255,1.617499818724525e-06,0.00011490471121079797,313303.08061917796
795977700.2314978,4.8315602016093056e-08,4.831560201609304e-06,147587.25642271037,2.7039730383100277e-11,0.006589036370475833,0.006736442081673981,1.617499818724525e-06,0.00011977215222075091,300570.7030599963
829695852.0834914,4.63520959897484e-08,4.635209598974839e-06,153839.15207510453,2.7080730475671478e-11,0.006382234432315147,0.006524818486792134,1.617499818724525e-06,0.00012484578131242624,288355.75877337897
864842327.5731709,4.446838522113879e-08,4.446838522113879e-06,160355.8822409638,2.7121730568242678e-11,0.0061813738501690215,0.006319285164222353,1.617499818724525e-06,0.00013013433275193078,276637.2196999325
901477631.4524918,4.26612268971167e-08,4.266122689711669e-06,167148.66548877166,2.7162730660813882e-11,0.0059862640084681,0.006119645083840554,1.617499818724525e-06,0.000135646910794772,265394.91234316764
939664831.495471,4.09275099897739e-08,4.092750998977389e-06,174229.1956131324,2.7203730753385085e-11,0.0057968303809822165,0.005925820613071931,1.617499818724525e-06,0.0001413930053588556,254609.48304077674
979469667.0695386,3.926424990079832e-08,3.926424990079832e-06,181609.66176567058,2.7244730845956286e-11,0.005612871769460867,0.005737612758157927,1.617499818724525e-06,0.00014738250836140535,244262.36464725024
1020960662.3060476,3.7668583323479415e-08,3.7668583323479407e-06,189302.7694386911,2.7285730938527492e-11,0.005434272143873169,0.005554890704483994,1.617499818724525e-06,0.0001536257307479274,234335.74457048226
1064209244.0647224,3.6137763313519144e-08,3.6137763313519136e-06,197321.76233771298,2.7326731031098693e-11,0.0052609721719325845,0.0053776034405522855,1.617499818724525e-06,0.00016013342024252645,224812.53410735255
1109289864.8952227,3.466915456015874e-08,3.4669154560158733e-06,205680.44518055007,2.7367731123669896e-11,0.005092702438746314,0.005205468035144451,1.617499818724525e-06,0.00016691677985014645,215676.33902547043
1156280131.2073777,3.3260228849485155e-08,3.3260228849485147e-06,214393.20746216475,2.7408731216241097e-11,0.004929446488676031,0.005038465854526634,1.617499818724525e-06,0.0001739874871425695,206911.43134046614
1205260936.8708413,3.190856071210359e-08,3.1908560712103587e-06,223475.048226224,2.7449731308812297e-11,0.0047710652431236,0.004876460680913924,1.617499818724525e-06,0.00018135771436138885,198502.72224022038
1256316602.4741216,3.06118232476851e-08,3.0611823247685095e-06,232941.60188599626,2.74907314013835e-11,0.004617322752035162,0.004719205150746288,1.617499818724525e-06,0.00018904014937255745,190435.73610943224
1309535020.482665,2.9367784119202314e-08,2.9367784119202307e-06,242809.16513902898,2.7531731493954704e-11,0.004468245532781532,0.004566726926591512,1.617499818724525e-06,0.00019704801750857804,182696.58560981372
1365007806.5460138,2.8174301709954136e-08,2.817430170995413e-06,253094.72502196598,2.7572731586525908e-11,0.004323639088919482,0.004418831941336811,1.617499818724525e-06,0.0002053951043359554,175271.94777299286
1422830457.2143548,2.7029321436767804e-08,2.70293214367678e-06,263815.98815376894,2.761373167909711e-11,0.004183332252329028,0.004275335834273909,1.617499818724525e-06,0.00021409577938708019,168149.0410649938
1483102514.336103,2.5930872213028036e-08,2.593087221302803e-06,274991.4112177125,2.7654731771668312e-11,0.004047383173906921,0.0041363039334199195,1.617499818724525e-06,0.0002231650208974195,161315.6033827892
1545927736.4194784,2.4877063055445872e-08,2.487706305544587e-06,286640.23273461696,2.7695731864239515e-11,0.003915435544293806,0.004001369197661724,1.617499818724525e-06,0.00023261844159059233,154759.8709450555
1611414277.2530165,2.386607982872649e-08,2.3866079828726486e-06,298782.5061820071,2.7736731956810713e-11,0.0037875567461723506,0.0038706004102424373,1.617499818724525e-06,0.00023866079828726487,148470.55804079544
1679674872.092653,2.2896182122529656e-08,2.289618212252965e-06,311439.13451623585,2.777773204938192e-11,0.0036636487740403117,0.003743896699931941,1.617499818724525e-06,0.00022896182122529652,142436.83760095164
1750827031.7357268,2.196570025534939e-08,2.196570025534939e-06,324631.90615697147,2.7818732141953123e-11,0.0035434207169985354,0.003620960846667887,1.617499818724525e-06,0.00021965700255349385,136648.32255958268
1824993244.8161504,2.107303240015246e-08,2.1073032400152454e-06,338383.53249602363,2.7859732234524323e-11,0.0034269861430443927,0.0035019099849936453,1.617499818724525e-06,0.00021073032400152454,131095.04797249936
1902301188.6689458,2.021664182682844e-08,2.0216641826828436e-06,352717.68699507177,2.7900732327095527e-11,0.003314119390801869,0.0033865082458225996,1.617499818724525e-06,0.00020216641826828436,125767.45386258396
1982883949.1270673,1.939505425670558e-08,1.9395054256705578e-06,367659.04593957914,2.7941732419666724e-11,0.0032047212291638674,0.003274658517002786,1.617499818724525e-06,0.00019395054256705582,120656.3687622694
2066880249.629082,1.8606855324575137e-08,1.8606855324575135e-06,383233.3309191014,2.7982732512237934e-11,0.0030987788083758575,0.003166344346312333,1.617499818724525e-06,0.00018606855324575136,115752.99392482714
2154434690.0318866,1.785068814385869e-08,1.7850688143858688e-06,399467.3531070565,2.8023732604809138e-11,0.0029961056804221576,0.0030613734604482312,1.617499818724525e-06,0.0001785068814385869,111048.88817730619
2245697995.5397716,1.712525097072385e-08,1.7125250970723847e-06,416389.05941623956,2.8064732697380335e-11,0.002896644824673127,0.002959693594171671,1.617499818724525e-06,0.00017125250970723849,106535.95338902871
2340827276.178294,1.6429294963128592e-08,1.642929496312859e-06,434027.58060951217,2.810573278995154e-11,0.0028003337660814456,0.002861234674552637,1.617499818724525e-06,0.00016429294963128592,102206.4205306353
2439986297.2595453,1.5761622030936847e-08,1.5761622030936844e-06,452413.281448477,2.814673288252274e-11,0.002707025189268076,0.0027658477209487036,1.617499818724525e-06,0.00015761622030936848,98052.83629968319
2543345761.3046484,1.5121082773402537e-08,1.5121082773402535e-06,471577.8129665106,2.8187732975093942e-11,0.0026166663728492347,0.0026734799326657882,1.617499818724525e-06,0.00015121082773402538,94068.05028976267
2651083601.9085417,1.4506574500473576e-08,1.4506574500473574e-06,491554.16695609014,2.822873306766515e-11,0.002529177056752449,0.002584046781576951,1.617499818724525e-06,0.00014506574500473574,90245.20268105603
2763385290.053167,1.3917039334507767e-08,1.3917039334507765e-06,512376.73276425764,2.826973316023635e-11,0.0024444545396843332,0.002497443118546914,1.617499818724525e-06,0.00013917039334507766,86577.71243113813
2880444153.396298,1.3351462389133477e-08,1.3351462389133475e-06,534081.3564939788,2.831073325280755e-11,0.002362430150447443,0.0024136028935457673,1.617499818724525e-06,0.00013351462389133475,83059.26594569327
3002461709.085543,1.2808870022120364e-08,1.2808870022120362e-06,556705.4027132933,2.835173334537875e-11,0.0022830348693188033,0.0023324508187629444,1.617499818724525e-06,0.00012808870022120364,79683.80620964781
3129648010.6707506,1.2288328159251268e-08,1.2288328159251265e-06,580287.8187785334,2.8392733437949954e-11,0.0022061443539817195,0.00225386205450794,1.617499818724525e-06,0.00012288328159251264,76445.52236000002
3262222009.7116733,1.1788940686311282e-08,1.178894068631128e-06,604869.2018822888,2.8433733530521157e-11,0.002131744121245486,0.002177820413895207,1.617499818724525e-06,0.00011788940686311282,73338.83968240593
3400411932.7037024,1.1309847906424566e-08,1.1309847906424564e-06,630491.8689415895,2.847473362309236e-11,0.0020597116287826224,0.0021041990851708514,1.617499818724525e-06,0.00011309847906424564,70358.41001429263
3544455673.9704356,1.0850225060083756e-08,1.0850225060083754e-06,657199.9294465974,2.8515733715663565e-11,0.001990026437165894,0.0020329797261357517,1.617499818724525e-06,0.00010850225060083755,67499.1025379814
3694601205.199295,1.040928090532455e-08,1.0409280905324548e-06,685039.3613951971,2.8556733808234765e-11,0.00192256142687588,0.0019640322577266158,1.617499818724525e-06,0.00010409280905324548,64755.99494797297
3851107002.3255687,9.986256355600179e-09,9.986256355600177e-07,714058.0904442628,2.859773390080597e-11,0.001857299089302009,0.0018973378094111878,1.617499818724525e-06,9.986256355600179e-05,62124.36497718339
4014242490.499326,9.580423173012235e-09,9.580423173012234e-07,744306.0724137849,2.863873399337717e-11,0.0017941360995342647,0.0018327904791877868,1.617499818724525e-06,9.580423173012235e-05,59599.682267550495
4184288507.901576,9.191082714646962e-09,9.191082714646961e-07,775835.379285959,2.867973408594837e-11,0.0017330268843494864,0.0017703424455136959,1.617499818724525e-06,9.191082714646961e-05,57177.60057100923
4361537789.208006,8.817564729859543e-09,8.81756472985954e-07,808700.2888472513,2.8720734178519576e-11,0.0016739173180799058,0.0017099394838401,1.617499818724525e-06,8.817564729859541e-05,54853.950267413435
4546295469.532391,8.459226206436096e-09,8.459226206436095e-07,842957.3781277289,2.8761734271090776e-11,0.001616736398876523,0.0016515082573949642,1.617499818724525e-06,8.459226206436097e-05,52624.73118652544
4738879609.717651,8.115450263646069e-09,8.115450263646068e-07,878665.6207986014,2.880273436366198e-11,0.0015614320752331326,0.0015949975001341655,1.617499818724525e-06,8.115450263646068e-05,50486.10572170984
4939621743.878325,7.785645090280704e-09,7.785645090280703e-07,915886.488695525,2.8843734456233184e-11,0.0015079332270210295,0.0015403326453270994,1.617499818724525e-06,7.785645090280704e-05,48434.39222348554
5148867450.137487,7.469242925848316e-09,7.469242925848315e-07,954684.0576425453,2.8884734548804384e-11,0.0014561959905633835,0.0014874685327789013,1.617499818724525e-06,7.469242925848317e-05,46466.05866155516
5366976945.540476,7.165699083173016e-09,7.165699083173015e-07,995125.1177588105,2.8925734641375584e-11,0.0014061570498461635,0.0014363391810959742,1.617499818724525e-06,7.165699083173016e-05,44577.71654440511
5594325706.169366,6.874491010714452e-09,6.87449101071445e-07,1037279.2884379176,2.8966734733946788e-11,0.0013577815815848382,0.0013869103622073413,1.617499818724525e-06,6.87449101071445e-05,42766.115086009486
5831305113.526218,6.595117392993736e-09,6.595117392993735e-07,1081219.1381979121,2.900773482651799e-11,0.001330967835985749,0.0013589252246284907,1.617499818724525e-06,6.595117392993735e-05,41028.135609591896
6078323128.297236,6.327097287577675e-09,6.327097287577675e-07,1127020.309608161,2.9048734919089195e-11,0.0012852828591770101,0.0013122629516140424,1.617499818724525e-06,6.327097287577675e-05,39360.78617881616
6335804992.658241,6.069969297134987e-09,6.069969297134986e-07,1174761.6495082527,2.9089735011660395e-11,0.001241086360457822,0.001267121795474145,1.617499818724525e-06,6.0699692971349875e-05,37761.19644715928
6604193962.330305,5.823290775139509e-09,5.823290775139507e-07,1224525.3447430532,2.91307351042316e-11,0.001198353022833506,0.0012234751191807294,1.617499818724525e-06,5.823290775139508e-05,36226.6127166019
6883952069.645511,5.586637063853136e-09,5.586637063853135e-07,1276397.0636475561,2.9171735196802806e-11,0.001157041750082433,0.0011812811527624559,1.617499818724525e-06,5.586637063853135e-05,34754.393197130536
7175560918.936921,5.3596007632763256e-09,5.359600763276324e-07,1330466.1035251638,2.9212735289374006e-11,0.001117113014232504,0.001140500339348624,1.617499818724525e-06,5.359600763276325e-05,33342.00345888856
7479522515.621829,5.141791029807839e-09,5.141791029807839e-07,1386825.5443732494,2.9253735381945207e-11,0.001078518609236655,0.0011010841993844556,1.617499818724525e-06,5.141791029807839e-05,31987.012069148095
7796360130.405221,4.932832903406577e-09,4.932832903406575e-07,1445572.4091205876,2.929473547451641e-11,0.0010412053353813216,0.0010629781897233963,1.617499818724525e-06,4.932832903406577e-05,30687.086406592818
8126619200.091946,4.732366662096702e-09,4.732366662096701e-07,1506807.8306526279,2.9335735567087614e-11,0.0010051257108603304,0.0010261323872890697,1.617499818724525e-06,4.7323666620967005e-05,29439.988645703186
8470868266.55742,4.540047202705415e-09,4.540047202705414e-07,1570637.2259119956,2.9376735659658814e-11,0.0009702497836926987,0.0009905156310053953,1.617499818724525e-06,4.540047202705414e-05,28243.571904334563
8829699955.494083,4.355543446766884e-09,4.355543446766883e-07,1637170.4773740484,2.9417735752230014e-11,0.0009365531735690451,0.0009561033572318315,1.617499818724525e-06,4.355543446766883e-05,27095.776547853588
9203731996.61823,4.178537770569691e-09,4.17853777056969e-07,1706522.1222098845,2.945873584480122e-11,0.000904002978995327,0.0009228627341648323,1.617499818724525e-06,4.17853777056969e-05,25994.62664347116
9593608287.093126,4.008725458366921e-09,4.00872545836692e-07,1778811.549462329,2.949973593737242e-11,0.0008725504636997115,0.0008907447933192932,1.617499818724525e-06,4.00872545836692e-05,24938.226558669783
10000000000.0,3.84581417780701e-09,3.845814177807009e-07,1854163.205574563,2.954073602994362e-11,0.0008421461413310743,0.000859698038989718,1.617499818724525e-06,3.845814177807009e-05,23924.757697866044
10423606739.764032,3.689523476682955e-09,3.689523476682954e-07,1932706.8086249512,2.958173612251483e-11,0.0008127567049265645,0.0008296869191837139,1.617499818724525e-06,3.6895234766829544e-05,22952.475371694265
10865157746.525372,3.5395843001330413e-09,3.53958430013304e-07,2014577.571637078,2.962273621508603e-11,0.0007843660691909801,0.0008006956263783795,1.617499818724525e-06,3.5395843001330406e-05,22019.705793518806
11325413151.528126,3.3957385274621064e-09,3.395738527462106e-07,2099916.435349371,2.966373630765723e-11,0.0007569496194581916,0.0007726992418211944,1.617499818724525e-06,3.3957385274621065e-05,21124.843198005452
11805165285.68803,3.257738527786202e-09,3.257738527786201e-07,2188870.310844887,2.970473640022843e-11,0.0007304754233594431,0.0007456658834476357,1.617499818724525e-06,3.257738527786201e-05,20266.34707679289
12305240043.592615,3.1253467337352274e-09,3.125346733735227e-07,2281592.332459215,2.9745736492799637e-11,0.0007048988639173764,0.0007195510198573975,1.617499818724525e-06,3.125346733735227e-05,19442.73952650258
12826498305.280624,2.9983352324801702e-09,2.9983352324801694e-07,2378242.121401583,2.9786736585370844e-11,0.0006801679031019745,0.0006942997763249865,1.617499818724525e-06,2.9983352324801696e-05,18652.602704524823
13369837418.249453,2.876485373380516e-09,2.876485373380516e-07,2478986.060543216,2.9827736677942044e-11,0.0006562736167840835,0.0006699022227357446,1.617499818724525e-06,2.8764853733805162e-05,17894.576388198566
13936192742.241434,2.7595873915765497e-09,2.7595873915765493e-07,2583997.580845935,2.9868736770513244e-11,0.0006332020912650495,0.0006463449307234653,1.617499818724525e-06,2.759587391576549e-05,17167.355633184277
14526539259.467783,2.6474400468786614e-09,2.647440046878661e-07,2693457.459923952,2.9909736863084445e-11,0.0006109316028568804,0.0006236060235345672,1.617499818724525e-06,2.6474400468786605e-05,16469.68852699923
15141893253.04352,2.5398502773317317e-09,2.539850277331731e-07,2807554.133253104,2.9950736955655645e-11,0.0005894373175274221,0.0006016605061001727,1.617499818724525e-06,2.5398502773317316e-05,15800.374033846227
15783314056.521196,2.4366328668585486e-09,2.436632866858548e-07,2926484.0185629423,2.999173704822685e-11,0.0005686673602218177,0.0005804559421086324,1.617499818724525e-06,2.4366328668585488e-05,15158.25992702783
16451905877.536608,2.3376101264097765e-09,2.3376101264097759e-07,3050451.8539704275,3.003273714079805e-11,0.0005485828335170113,0.0005599502049777642,1.617499818724525e-06,2.337610126409776e-05,14542.24080538465
17148819698.705408,2.2426115880717636e-09,2.2426115880717633e-07,3179671.0504371845,3.007373723336926e-11,0.0005291922781910317,0.0005401529661377695,1.617499818724525e-06,2.2426115880717635e-05,13951.256190344195
17875255259.042316,2.1514737116056444e-09,2.151473711605644e-07,3314364.0591569473,3.011473732594046e-11,0.0005104826066687604,0.000521051411595507,1.617499818724525e-06,2.1514737116056443e-05,13384.288700304596
18632463119.315598,2.0640396029122917e-09,2.0640396029122913e-07,3454762.754506004,3.015573741851166e-11,0.0004924307841760665,0.0005026219866919581,1.617499818724525e-06,2.0640396029122913e-05,12840.362299208906
19421746814.890285,1.9801587439387773e-09,1.980158743938777e-07,3601108.833215453,3.019673751108286e-11,0.00047501397646424755,0.0004848413257377704,1.617499818724525e-06,1.9801587439387772e-05,12318.540616296874
20244465099.768017,1.899686733561105e-09,1.899686733561105e-07,3753654.230452823,3.023773760365407e-11,0.0004581596346011597,0.0004676349322375149,1.617499818724525e-06,1.899686733561105e-05,11817.925334139947
21102034285.685966,1.8224850389972687e-09,1.8224850389972684e-07,3912661.553529184,3.027873769622527e-11,0.00044188367591651185,0.00045101894891189006,1.617499818724525e-06,1.8224850389972687e-05,11337.654642185278
21995930680.3007,1.7484207573227513e-09,1.748420757322751e-07,4078404.5339782233,3.031973778879647e-11,0.00042618328633210474,0.0004349909773169824,1.617499818724525e-06,1.748420757322751e-05,10876.901753146904
22927693128.656487,1.6773663866777186e-09,1.6773663866777184e-07,4251168.49878596,3.0360737881367674e-11,0.0004110383317729521,0.00041953041922799487,1.617499818724525e-06,1.6773663866777184e-05,10434.873479688787
23898925662.310528,1.609199606772282e-09,1.6091996067722817e-07,4431250.8615817875,3.0401737973938875e-11,0.000396428914957039,0.0004046169049252735,1.617499818724525e-06,1.609199606772282e-05,10010.808868951066
24911300260.67786,1.5438030683117618e-09,1.5438030683117615e-07,4618961.634636894,3.0442738066510075e-11,0.00038232066701438644,0.0003902145262351196,1.617499818724525e-06,1.5438030683117617e-05,9603.977892567464
25966559729.348724,1.481064190979553e-09,1.4810641909795528e-07,4814623.962551257,3.048373815908128e-11,0.000368677487936469,0.0003762869815221198,1.617499818724525e-06,1.481064190979553e-05,9213.680189919452
27066520700.332355,1.4208749696298366e-09,1.4208749696298362e-07,5018574.678547853,3.052473825165248e-11,0.00035551772101571666,0.0003628534255547403,1.617499818724525e-06,1.4208749696298365e-05,8839.243862463733
28213076759.394707,1.3631317883564005e-09,1.3631317883564003e-07,5231164.884332047,3.056573834422368e-11,0.0003428260392401731,0.00034989801053624366,1.617499818724525e-06,1.3631317883564002e-05,8480.02431705692
29408201705.870667,1.307735242117603e-09,1.3077352421176027e-07,5452760.554514051,3.060673843679489e-11,0.00033058386582046027,0.00033740161672415593,1.617499818724525e-06,1.3077352421176032e-05,8135.403156286845
30653952950.565235,1.254589965610322e-09,1.254589965610322e-07,5683743.166635191,3.064773852936609e-11,0.00031877111236532324,0.00032534346496178995,1.617499818724525e-06,1.2545899656103219e-05,7804.787113899733
31952475057.592136,1.203604469098307e-09,1.2036044690983068e-07,5924510.357882633,3.068873862193729e-11,0.0003073635092401956,0.0003136984075463466,1.617499818724525e-06,1.2036044690983068e-05,7487.607033490615
33306003436.24582,1.154690980912389e-09,1.1546909809123888e-07,6175476.609622698,3.07297387145085e-11,0.0002963450869524234,0.0003024511746833735,1.617499818724525e-06,1.1546909809123889e-05,7183.316888699265
34716868189.265594,1.1077652963512785e-09,1.1077652963512784e-07,6437073.960931829,3.07707388070797e-11,0.00028571779756363965,0.00029160372530406283,1.617499818724525e-06,1.1077652963512786e-05,6891.392843224129
36187498124.11284,1.0627466327229797e-09,1.0627466327229796e-07,6709752.75235286,3.0811738899650904e-11,0.00027546838487047903,0.0002811421071863812,1.617499818724525e-06,1.0627466327229796e-05,6611.332349036924
37720424934.16994,1.019557490277154e-09,1.0195574902771539e-07,6993982.4011575235,3.08527389922221e-11,0.000265582337988006,0.0002710513910048994,1.617499818724525e-06,1.019557490277154e-05,6342.653281244781
39318287557.0577,9.781235187890782e-10,9.78123518789078e-08,7290252.209449654,3.0893739084793305e-11,0.0002560442267840213,0.00026131564146347324,1.617499818724525e-06,9.781235187890779e-06,6084.893108110837
40983836717.57253,9.383733895655624e-10,9.383733895655622e-08,7599072.206499877,3.0934739177364505e-11,0.0002468377690013599,0.00025191815950463027,1.617499818724525e-06,9.383733895655622e-06,5837.608094804819
42719939663.067764,9.002386726523849e-10,9.002386726523847e-08,7920974.026762565,3.097573926993571e-11,0.00023795126835777488,0.0002428475687171688,1.617499818724525e-06,9.002386726523847e-06,5600.3725395121455
44529585099.4266,8.636537190319634e-10,8.636537190319632e-08,8256511.825085816,3.101673936250691e-11,0.00022938045882369738,0.00023409958682667144,1.617499818724525e-06,8.636537190319632e-06,5372.778040587248
46415888336.12772,8.285555476083881e-10,8.285555476083879e-08,8606263.230690556,3.105773945507811e-11,0.00022111600151409125,0.00022566437692188545,1.617499818724525e-06,8.28555547608388e-06,5154.432793489003
48382096649.259575,7.948837367852811e-10,7.94883736785281e-08,8970830.34156095,3.109873954764932e-11,0.0002131451210332792,0.00021752878048147777,1.617499818724525e-06,7.948837367852811e-06,4944.960916288065
50431594871.713486,7.625803204498858e-10,7.625803204498857e-08,9350840.760957398,3.1139739640220514e-11,0.00020545532712284937,0.00020967997054759007,1.617499818724525e-06,7.625803204498857e-06,4744.001802585301
52567911220.18419,7.315896881842154e-10,7.315896881842153e-08,9746948.677837582,3.118073973279172e-11,0.0001980352425860252,0.00020210636952938164,1.617499818724525e-06,7.315896881842154e-06,4551.209500726706
54794723369.00292,7.018584895315973e-10,7.018584895315971e-08,10159835.993044185,3.122173982536293e-11,0.0001908759187010343,0.0001947990945779664,1.617499818724525e-06,7.018584895315971e-06,4366.2521182468745
57115864781.26423,6.73335542153702e-10,6.733355421537019e-08,10590213.49319922,3.126273991793413e-11,0.000183970967086493,0.0001877518288809106,1.617499818724525e-06,6.7333554215370195e-06,4188.811250515128
59535331308.1437,6.459717437200101e-10,6.459717437200099e-08,11038822.074325137,3.130374001050533e-11,0.0001773133291889776,0.00018095702478770301,1.617499818724525e-06,6.4597174372000995e-06,4018.5814326010864
62057288067.76488,6.197199873780313e-10,6.197199873780311e-08,11506434.017299099,3.134474010307653e-11,0.00017089338037899466,0.00017440471347520133,1.617499818724525e-06,6.197199873780313e-06,3855.269613416052
64686076615.46321,5.945350806587129e-10,5.9453508065871284e-08,11993854.317336902,3.1385740195647735e-11,0.0001647014150333226,0.00016808497355818455,1.617499818724525e-06,5.945350806587128e-06,3698.594651224655
67426222417.78349,5.70373667677501e-10,5.703736676775009e-08,12501922.069794087,3.142674028821894e-11,0.00015872938568379605,0.00016198964994168212,1.617499818724525e-06,5.703736676775009e-06,3548.2868296587176
70282442643.08339,5.471941544970591e-10,5.4719415449705904e-08,13031511.914670995,3.1467740380790136e-11,0.00015296867906421332,0.00015611007606802747,1.617499818724525e-06,5.471941544970591e-06,3404.0873933997377
73259654282.1523,5.249566375231906e-10,5.249566375231905e-08,13583535.542307982,3.150874047336134e-11,0.0001474133982857011,0.00015044040847972054,1.617499818724525e-06,5.249566375231905e-06,3265.7481027308977
76362982612.82257,5.036228348107025e-10,5.0362283481070244e-08,14158943.262862572,3.154974056593254e-11,0.00014205768801468156,0.00014497445879105937,1.617499818724525e-06,5.036228348107025e-06,3133.0308061917804
79597770023.14978,4.831560201609308e-10,4.8315602016093076e-08,14758725.642271027,3.1590740658503743e-11,0.00013689438545085733,0.0001397048751668369,1.617499818724525e-06,4.8315602016093085e-06,3005.707030599965
82969585208.34915,4.6352095989748415e-10,4.635209598974841e-08,15383915.207510449,3.1631740751074944e-11,0.0001319144252858436,0.00013462230199317638,1.617499818724525e-06,4.635209598974841e-06,2883.557587733791
86484232757.3171,4.4468385221138826e-10,4.446838522113882e-08,16035588.224096369,3.167274084364615e-11,0.00012711273560082225,0.00012972170866022226,1.617499818724525e-06,4.446838522113883e-06,2766.3721969993276
90147763145.24918,4.266122689711667e-10,4.266122689711666e-08,16714866.548877178,3.171374093621735e-11,0.00012248194811452813,0.00012499556577638769,1.617499818724525e-06,4.266122689711667e-06,2653.9491234316747
93966483149.5471,4.0927509989773897e-10,4.092750998977389e-08,17422919.56131324,3.175474102878856e-11,0.00011801749471662512,0.00012043934082508462,1.617499818724525e-06,4.092750998977389e-06,2546.0948304077674
97946966706.95386,3.9264249900798346e-10,3.926424990079834e-08,18160966.176567044,3.179574112135975e-11,0.00011371280532485572,0.00011604617536191292,1.617499818724525e-06,3.926424990079834e-06,2442.6236464725043
102096066230.60475,3.766858332347941e-10,3.76685833234794e-08,18930276.94386911,3.183674121393096e-11,0.00010956371019326321,0.00011181184432392447,1.617499818724525e-06,3.7668583323479407e-06,2343.3574457048226
106420924406.47224,3.6137763313519183e-10,3.6137763313519177e-08,19732176.233771276,3.187774130650215e-11,0.00010556297307543371,0.00010772884768285452,1.617499818724525e-06,3.6137763313519183e-06,2248.1253410735276
110928986489.52228,3.466915456015876e-10,3.466915456015876e-08,20568044.518054996,3.191874139907336e-11,0.00010170632675675612,0.00010379293133952243,1.617499818724525e-06,3.4669154560158755e-06,2156.763390254706
115628013120.73778,3.326022884948512e-10,3.3260228849485116e-08,21439320.746216495,3.1959741491644566e-11,9.798770760346155e-05,9.999786789647552e-05,1.617499818724525e-06,3.326022884948512e-06,2069.1143134046592
120526093687.08414,3.1908560712103595e-10,3.1908560712103587e-08,22347504.822622404,3.2000741584215766e-11,9.440307270114064e-05,9.633961118543658e-05,1.617499818724525e-06,3.190856071210359e-06,1985.0272224022042
125631660247.41214,3.0611823247685115e-10,3.061182324768511e-08,23294160.188599613,3.204174167678697e-11,9.09475244073016e-05,9.281320596067285e-05,1.617499818724525e-06,3.0611823247685107e-06,1904.3573610943233
130953502048.2665,2.9367784119202305e-10,2.93677841192023e-08,24280916.513902906,3.208274176935817e-11,8.761631494910869e-05,8.941363555782172e-05,1.617499818724525e-06,2.9367784119202303e-06,1826.9658560981368
136500780654.60138,2.8174301709954114e-10,2.817430170995411e-08,25309472.502196614,3.2123741861929374e-11,8.440602073669658e-05,8.61374844461688e-05,1.617499818724525e-06,2.8174301709954114e-06,1752.7194777299273
142283045721.4355,2.70293214367678e-10,2.7029321436767794e-08,26381598.815376896,3.216474195450058e-11,8.131105767156546e-05,8.297901428760553e-05,1.617499818724525e-06,2.70293214367678e-06,1681.4904106499378
148310251433.6103,2.593087221302806e-10,2.5930872213028056e-08,27499141.121771224,3.2205742047071775e-11,7.832790119371476e-05,7.993464088322565e-05,1.617499818724525e-06,2.5930872213028057e-06,1613.156033827894
154592773641.94785,2.487706305544587e-10,2.487706305544587e-08,28664023.273461703,3.224674213964298e-11,7.545279849103995e-05,7.700053447593543e-05,1.617499818724525e-06,2.487706305544587e-06,1547.5987094505554
161141427725.30167,2.386607982872648e-10,2.3866079828726476e-08,29878250.61820072,3.228774223221418e-11,7.268158448286372e-05,7.417256146890366e-05,1.617499818724525e-06,2.3866079828726477e-06,1484.705580407954
167967487209.26532,2.2896182122529646e-10,2.2896182122529643e-08,31143913.4516236,3.232874232478539e-11,7.001034571726606e-05,7.144652103777524e-05,1.617499818724525e-06,2.2896182122529643e-06,1424.3683760095157
175082703173.5727,2.1965700255349406e-10,2.19657002553494e-08,32463190.615697127,3.2369742417356595e-11,6.743666735923567e-05,6.882007860685306e-05,1.617499818724525e-06,2.19657002553494e-06,1366.4832255958277
182499324481.61505,2.1073032400152445e-10,2.1073032400152443e-08,33838353.24960238,3.241074250992779e-11,6.495597500829478e-05,6.62885302407714e-05,1.617499818724525e-06,2.1073032400152445e-06,1310.9504797249929
190230118866.8946,2.0216641826828435e-10,2.0216641826828432e-08,35271768.69950718,3.2451742602498996e-11,6.256510776143992e-05,6.384861148629074e-05,1.617499818724525e-06,2.0216641826828436e-06,1257.6745386258394
198288394912.70673,1.9395054256705573e-10,1.939505425670557e-08,36765904.59395793,3.249274269507019e-11,6.026174692963342e-05,6.149799630713605e-05,1.617499818724525e-06,1.9395054256705573e-06,1206.5636876226936
206688024962.9082,1.860685532457514e-10,1.8606855324575137e-08,38323333.09191013,3.25337427876414e-11,5.804122979846511e-05,5.9232010356662344e-05,1.617499818724525e-06,1.8606855324575141e-06,1157.5299392482716
215443469003.18866,1.785068814385869e-10,1.7850688143858685e-08,39946735.31070566,3.25747428802126e-11,5.590125162683214e-05,5.7048164464763524e-05,1.617499818724525e-06,1.7850688143858688e-06,1110.4888817730618
224569799553.97717,1.7125250970723854e-10,1.712525097072385e-08,41638905.94162395,3.2615742972783804e-11,5.384006128407316e-05,5.494473400456401e-05,1.617499818724525e-06,1.712525097072385e-06,1065.3595338902874
234082727617.82944,1.6429294963128586e-10,1.6429294963128585e-08,43402758.060951225,3.265674306535501e-11,5.1853232554947474e-05,5.2917210558040453e-05,1.617499818724525e-06,1.6429294963128584e-06,1022.0642053063526
243998629725.95453,1.576162203093686e-10,1.576162203093686e-08,45241328.144847654,3.2697743157926205e-11,4.993843777084866e-05,5.096315827633961e-05,1.617499818724525e-06,1.5761622030936861e-06,980.5283629968327
254334576130.4648,1.5121082773402543e-10,1.512108277340254e-08,47157781.29665104,3.273874325049741e-11,4.906331050734333e-05,5.0042748184887945e-05,1.617499818724525e-06,1.5121082773402544e-06,940.680502897627
265108360190.85416,1.4506574500473578e-10,1.4506574500473576e-08,49155416.695609,3.277974334306861e-11,4.7256479418367916e-05,4.819972250884192e-05,1.617499818724525e-06,1.4506574500473578e-06,902.4520268105605
276338529005.3167,1.3917039334507769e-10,1.3917039334507766e-08,51237673.27642575,3.282074343563981e-11,4.551553139418933e-05,4.6423905977992415e-05,1.617499818724525e-06,1.3917039334507767e-06,865.7771243113815
288044415339.62976,1.335146238913347e-10,1.3351462389133469e-08,53408135.64939792,3.2861743528211026e-11,4.383894376726621e-05,4.471376403457493e-05,1.617499818724525e-06,1.3351462389133469e-06,830.5926594569324
300246170908.5543,1.2808870022120365e-10,1.2808870022120362e-08,55670540.271329336,3.290274362078222e-11,4.2222003453565054e-05,4.306443562986845e-05,1.617499818724525e-06,1.2808870022120362e-06,796.8380620964782
312964801067.075,1.2288328159251267e-10,1.2288328159251266e-08,58028781.877853334,3.2943743713353426e-11,4.066448158542383e-05,4.14757547363251e-05,1.617499818724525e-06,1.2288328159251268e-06,764.4552236000003
326222200971.1673,1.1788940686311272e-10,1.178894068631127e-08,60486920.18822893,3.2984743805924627e-11,3.9164283846745655e-05,3.9945547718030914e-05,1.617499818724525e-06,1.178894068631127e-06,733.3883968240586
340041193270.37024,1.1309847906424564e-10,1.1309847906424562e-08,63049186.89415895,3.302574389849583e-11,3.7717877705047854e-05,3.847019670528709e-05,1.617499818724525e-06,1.1309847906424562e-06,703.5841001429262
354445567397.0436,1.0850225060083759e-10,1.0850225060083756e-08,65719992.944659725,3.306674399106703e-11,3.632455888318367e-05,3.7049034836542244e-05,1.617499818724525e-06,1.0850225060083758e-06,674.991025379814
369460120519.9295,1.040928090532455e-10,1.0409280905324548e-08,68503936.1395197,3.310774408363823e-11,3.498245045292007e-05,3.568009948893494e-05,1.617499818724525e-06,1.0409280905324548e-06,647.5599494797297
385110700232.5569,9.986256355600183e-11,9.986256355600182e-09,71405809.04442626,3.3148744176209435e-11,3.368878140200278e-05,3.4360552138506746e-05,1.617499818724525e-06,9.986256355600184e-07,621.2436497718342
401424249049.9326,9.580423173012234e-11,9.580423173012233e-09,74430607.2413785,3.3189744268780635e-11,3.244260397912325e-05,3.3089486049151896e-05,1.617499818724525e-06,9.580423173012234e-07,595.996822675505
418428850790.1576,9.191082714646957e-11,9.191082714646954e-09,77583537.92859595,3.323074436135184e-11,3.124232622801545e-05,3.186521400735813e-05,1.617499818724525e-06,9.191082714646955e-07,571.7760057100919
436153778920.80054,8.817564729859552e-11,8.81756472985955e-09,80870028.88472505,3.327174445392304e-11,3.0085730036369637e-05,3.068549975881266e-05,1.617499818724525e-06,8.817564729859552e-07,548.539502674135
454629546953.239,8.459226206436096e-11,8.459226206436095e-09,84295737.8127729,3.331274454649424e-11,2.897136168604301e-05,2.9548885210247093e-05,1.617499818724525e-06,8.459226206436094e-07,526.2473118652542
473887960971.7651,8.115450263646064e-11,8.115450263646064e-09,87866562.0798602,3.335374463906545e-11,2.7898110735728627e-05,2.8454202576760524e-05,1.617499818724525e-06,8.115450263646063e-07,504.86105721709816
493962174387.8326,7.785645090280704e-11,7.785645090280703e-09,91588648.8695525,3.339474473163665e-11,2.686377653344403e-05,2.7399192053492795e-05,1.617499818724525e-06,7.785645090280705e-07,484.3439222348555
514886745013.7487,7.469242925848313e-11,7.46924292584831e-09,95468405.76425457,3.3435744824207856e-11,2.586761538335278e-05,2.6383138235305206e-05,1.617499818724525e-06,7.469242925848312e-07,464.6605866155513
536697694554.0476,7.165699083173017e-11,7.165699083173016e-09,99512511.77588104,3.347674491677905e-11,2.4907966605883887e-05,2.5404329173225362e-05,1.617499818724525e-06,7.165699083173016e-07,445.7771654440511
559432570616.9366,6.87449101071445e-11,6.874491010714449e-09,103727928.84379178,3.351774500935026e-11,2.398365805214257e-05,2.44615738993649e-05,1.617499818724525e-06,6.874491010714449e-07,427.6611508600947
583130511352.6218,6.595117392993736e-11,6.5951173929937346e-09,108121913.8197912,3.3558745101921464e-11,2.309291148122919e-05,2.3553065711938627e-05,1.617499818724525e-06,6.595117392993735e-07,410.2813560959189
607832312829.7236,6.327097287577676e-11,6.327097287577675e-09,112702030.96081609,3.3599745194492664e-11,2.2235245981690057e-05,2.2678302303812556e-05,1.617499818724525e-06,6.327097287577676e-07,393.6078617881616
633580499265.8241,6.069969297134988e-11,6.069969297134987e-09,117476164.95082526,3.3640745287063865e-11,2.1408657391327222e-05,2.1835215007074634e-05,1.617499818724525e-06,6.069969297134987e-07,377.6119644715928
660419396233.0305,5.823290775139508e-11,5.823290775139507e-09,122452534.47430529,3.3681745379635065e-11,2.0612857747800892e-05,2.1023536246379605e-05,1.617499818724525e-06,5.823290775139508e-07,362.2661271660189
688395206964.5482,5.5866370638531535e-11,5.586637063853153e-09,127639706.36475521,3.372274547220627e-11,1.984613721116564e-05,2.024152707006543e-05,1.617499818724525e-06,5.586637063853154e-07,347.5439319713064
717556091893.6921,5.359600763276325e-11,5.359600763276324e-09,133046610.3525164,3.3763745564777466e-11,1.9107958504122842e-05,1.948863172688931e-05,1.617499818724525e-06,5.359600763276324e-07,333.42003458888564
747952251562.1829,5.14179102980784e-11,5.141791029807839e-09,138682554.4373249,3.380474565734867e-11,1.839656971007109e-05,1.8763073266481654e-05,1.617499818724525e-06,5.141791029807839e-07,319.870120691481
779636013040.5221,4.9328329034065815e-11,4.93283290340658e-09,144557240.9120586,3.384574574991988e-11,1.7711577652575787e-05,1.806443623454062e-05,1.617499818724525e-06,4.932832903406581e-07,306.87086406592846
812661920009.1946,4.732366662096701e-11,4.7323666620967e-09,150680783.06526282,3.388674584249108e-11,1.7051685263922368e-05,1.739138182879244e-05,1.617499818724525e-06,4.7323666620967003e-07,294.3998864570318
847086826655.742,4.540047202705417e-11,4.540047202705416e-09,157063722.5911995,3.3927745935062287e-11,1.6416286543527208e-05,1.6743305179762865e-05,1.617499818724525e-06,4.5400472027054167e-07,282.4357190433458
882969995549.4083,4.355543446766884e-11,4.355543446766883e-09,163717047.73740485,3.396874602763348e-11,1.5804370044799263e-05,1.6119188027792446e-05,1.617499818724525e-06,4.3555434467668826e-07,270.9577654785359
920373199661.823,4.178537770569691e-11,4.17853777056969e-09,170652212.22098842,3.400974612020469e-11,1.5215091100254767e-05,1.551817031246227e-05,1.617499818724525e-06,4.178537770569691e-07,259.9462664347116
959360828709.3127,4.008725458366924e-11,4.0087254583669235e-09,177881154.94623274,3.405074621277588e-11,1.464743004657076e-05,1.4939208085468809e-05,1.617499818724525e-06,4.008725458366924e-07,249.38226558669808
1000000000000.0,3.8458141778070074e-11,3.845814177807007e-09,185416320.5574564,3.409174630534709e-11,1.4100771276231135e-05,1.438166602891349e-05,1.617499818724525e-06,3.845814177807007e-07,239.24757697866033
1042360673976.4033,3.689523476682957e-11,3.6895234766829566e-09,193270680.86249498,3.4132746397918295e-11,1.3574228344304845e-05,1.3844628682821924e-05,1.617499818724525e-06,3.689523476682957e-07,229.5247537169428
1086515774652.5417,3.5395843001330235e-11,3.5395843001330227e-09,201457757.16370878,3.4173746490489495e-11,1.3067191673133844e-05,1.3327479395856745e-05,1.617499818724525e-06,3.5395843001330233e-07,220.19705793518696
1132541315152.808,3.395738527462117e-11,3.3957385274621168e-09,209991643.53493637,3.4214746583060696e-11,1.2579053339323117e-05,1.2829604932111919e-05,1.617499818724525e-06,3.395738527462117e-07,211.24843198005522
1180516528568.8032,3.2577385277862e-11,3.2577385277862e-09,218887031.08448878,3.4255746675631896e-11,1.2109007417263022e-05,1.235020239586211e-05,1.617499818724525e-06,3.2577385277862e-07,202.66347076792877
1230524004359.2615,3.125346733735225e-11,3.125346733735224e-09,228159233.2459217,3.42967467682031e-11,1.1656307986136223e-05,1.1888496989717931e-05,1.617499818724525e-06,3.1253467337352244e-07,194.42739526502564
1282649830528.0625,2.998335232480169e-11,2.9983352324801686e-09,237824212.14015833,3.433774686077431e-11,1.1220269569476266e-05,1.1443784352454314e-05,1.617499818724525e-06,2.998335232480169e-07,186.52602704524816
1336983741824.9507,2.8764853733805043e-11,2.8764853733805036e-09,247898606.05432263,3.437874695334551e-11,1.0800301228604055e-05,1.1015454166828722e-05,1.617499818724525e-06,2.8764853733805037e-07,178.9457638819849
1393619274224.1377,2.759587391576563e-11,2.759587391576562e-09,258399758.08459222,3.441974704591671e-11,1.0395947325878766e-05,1.0603043058160978e-05,1.617499818724525e-06,2.7595873915765625e-07,171.67355633184363
1452653925946.7783,2.6474400468786596e-11,2.6474400468786593e-09,269345745.9923954,3.446074713848791e-11,1.0006718093258122e-05,1.0206057184767094e-05,1.617499818724525e-06,2.647440046878659e-07,164.6968852699922
1514189325304.352,2.5398502773317353e-11,2.5398502773317346e-09,280755413.32531005,3.450174723105912e-11,9.632022756398418e-06,9.823903518488287e-06,1.617499818724525e-06,2.539850277331735e-07,158.0037403384625
1578331405652.1196,2.4366328668585483e-11,2.436632866858548e-09,292648401.8562943,3.4542747323630324e-11,9.271177602457177e-06,9.455888683440149e-06,1.617499818724525e-06,2.436632866858548e-07,151.58259927027825
1645190587753.6675,2.3376101264097682e-11,2.337610126409768e-09,305045185.3970438,3.4583747416201525e-11,8.9235706374933e-06,9.101372627399605e-06,1.617499818724525e-06,2.337610126409768e-07,145.422408053846
1714881969870.534,2.2426115880717745e-11,2.242611588071774e-09,317967105.04371697,3.462474750877272e-11,8.588823319581602e-06,8.759962034769786e-06,1.617499818724525e-06,2.2426115880717747e-07,139.51256190344264
1787525525904.2317,2.1514737116056448e-11,2.1514737116056444e-09,331436405.9156947,3.466574760134392e-11,8.266578941560535e-06,8.431298698437698e-06,1.617499818724525e-06,2.1514737116056445e-07,133.84288700304597
1863246311931.5598,2.064039602912293e-11,2.0640396029122925e-09,345476275.45060015,3.4706747693915126e-11,7.956414187714463e-06,8.114955219884811e-06,1.617499818724525e-06,2.064039602912293e-07,128.40362299208914
1942174681489.0283,1.9801587439387776e-11,1.9801587439387773e-09,360110883.32154524,3.4747747786486326e-11,7.65790437746598e-06,7.810502599863381e-06,1.617499818724525e-06,1.9801587439387774e-07,123.18540616296876
2024446509976.81,1.899686733561096e-11,1.8996867335610955e-09,375365423.04528415,3.478874787905753e-11,7.370484147360336e-06,7.517375128683195e-06,1.617499818724525e-06,1.8996867335610957e-07,118.17925334139889
2110203428568.588,1.8224850389972766e-11,1.8224850389972762e-09,391266155.35291666,3.4829747971628733e-11,7.093553223251326e-06,7.234944567672421e-06,1.617499818724525e-06,1.8224850389972764e-07,113.37654642185328
2199593068030.0703,1.74842075732275e-11,1.7484207573227496e-09,407840453.39782256,3.4870748064199934e-11,6.826854877379772e-06,6.962939412292912e-06,1.617499818724525e-06,1.7484207573227497e-07,108.76901753146893
2292769312865.649,1.677366386677719e-11,1.6773663866777188e-09,425116849.8785959,3.491174815677114e-11,6.570145978520313e-06,6.701119517155868e-06,1.617499818724525e-06,1.677366386677719e-07,104.3487347968879
2389892566231.0527,1.6091996067722823e-11,1.609199606772282e-09,443125086.1581787,3.495274824934234e-11,6.323102982402191e-06,6.449158062631667e-06,1.617499818724525e-06,1.609199606772282e-07,100.10808868951068
2491130026067.796,1.5438030683117565e-11,1.543803068311756e-09,461896163.463691,3.499374834191355e-11,6.085403567892096e-06,6.206728694368421e-06,1.617499818724525e-06,1.5438030683117563e-07,96.03977892567431
2596655972934.862,1.4810641909795574e-11,1.4810641909795573e-09,481462396.2551243,3.503474843448475e-11,5.856668886526411e-06,5.97344839624524e-06,1.617499818724525e-06,1.4810641909795573e-07,92.1368018991948
2706652070033.236,1.4208749696298369e-11,1.4208749696298368e-09,501857467.85478514,3.507574852705595e-11,5.636179765508878e-06,5.748579488017587e-06,1.617499818724525e-06,1.4208749696298368e-07,88.39243862463735
2821307675939.4707,1.3631317883564003e-11,1.3631317883564e-09,523116488.43320495,3.5116748619627155e-11,5.423804858876229e-06,5.531975645098366e-06,1.617499818724525e-06,1.3631317883564e-07,84.80024317056916
2940820170587.067,1.3077352421176032e-11,1.307735242117603e-09,545276055.4514049,3.5157748712198356e-11,5.2194367573556045e-06,5.32353768526596e-06,1.617499818724525e-06,1.3077352421176033e-07,81.35403156286844
3065395295056.536,1.2545899656103169e-11,1.2545899656103167e-09,568374316.6635215,3.519874880476956e-11,5.022821912765056e-06,5.12300957136338e-06,1.617499818724525e-06,1.2545899656103166e-07,78.04787113899701
3195247505759.2007,1.2036044690983128e-11,1.2036044690983125e-09,592451035.7882606,3.523974889734075e-11,4.833665107985866e-06,4.930089897740879e-06,1.617499818724525e-06,1.2036044690983126e-07,74.87607033490652
3330600343624.5815,1.154690980912389e-11,1.1546909809123888e-09,617547660.9622698,3.528074898991196e-11,4.651682197900445e-06,4.744488543443189e-06,1.617499818724525e-06,1.1546909809123888e-07,71.83316888699267
3471686818926.5596,1.1077652963512791e-11,1.107765296351279e-09,643707396.0931827,3.5321749082483163e-11,4.476198898856968e-06,4.565513883653031e-06,1.617499818724525e-06,1.1077652963512788e-07,68.9139284322413
3618749812411.284,1.0627466327229809e-11,1.0627466327229807e-09,670975275.2352854,3.5362749175054364e-11,4.307190085359165e-06,4.39313909016036e-06,1.617499818724525e-06,1.0627466327229808e-07,66.11332349036932
3772042493417.009,1.0195574902771494e-11,1.019557490277149e-09,699398240.1157554,3.540374926762557e-11,4.1446072362060345e-06,4.227319947309828e-06,1.617499818724525e-06,1.0195574902771492e-07,63.42653281244751
3931828755705.754,9.781235187890812e-12,9.78123518789081e-10,729025220.9449631,3.5444749360196764e-11,3.988204469511621e-06,4.0678054583313054e-06,1.617499818724525e-06,9.781235187890811e-08,60.84893108110857
4098383671757.253,9.383733895655629e-12,9.383733895655626e-10,759907220.6499873,3.548574945276797e-11,3.837745332514746e-06,3.914354276255465e-06,1.617499818724525e-06,9.383733895655627e-08,58.37608094804823
4271993966306.7764,9.002386726523848e-12,9.002386726523847e-10,792097402.6762565,3.552674954533918e-11,3.6929679279382582e-06,3.766697334594687e-06,1.617499818724525e-06,9.002386726523847e-08,56.00372539512145
4452958509942.66,8.636537190319638e-12,8.636537190319637e-10,825651182.508581,3.556774963791038e-11,3.5534182981721885e-06,3.624363724559273e-06,1.617499818724525e-06,8.636537190319638e-08,53.727780405872515
4641588833612.792,8.285555476083846e-12,8.285555476083844e-10,860626323.069059,3.5608749730481585e-11,3.4190199929455517e-06,3.4872892993790907e-06,1.617499818724525e-06,8.285555476083846e-08,51.54432793488982
4838209664925.9375,7.948837367852844e-12,7.948837367852842e-10,897083034.1560912,3.564974982305278e-11,3.289739103468325e-06,3.3554357014475217e-06,1.617499818724525e-06,7.948837367852844e-08,49.449609162880854
5043159487171.349,7.625803204498854e-12,7.625803204498853e-10,935084076.0957404,3.5690749915623986e-11,3.1653796481781138e-06,3.2286025724351487e-06,1.617499818724525e-06,7.625803204498853e-08,47.440018025852986
5256791122018.419,7.315896881842158e-12,7.315896881842156e-10,974694867.7837578,3.573175000819519e-11,3.0457330158684526e-06,3.1065759020645105e-06,1.617499818724525e-06,7.315896881842157e-08,45.51209500726708
5479472336900.293,7.0185848953159656e-12,7.018584895315965e-10,1015983599.3044195,3.577275010076639e-11,2.930587718882584e-06,2.9891380590986476e-06,1.617499818724525e-06,7.018584895315965e-08,43.662521182468694
5711586478126.446,6.73335542153699e-12,6.733355421536989e-10,1059021349.3199267,3.58137501933376e-11,2.819695748768744e-06,2.8760333662179583e-06,1.617499818724525e-06,6.73335542153699e-08,41.88811250515109
5953533130814.346,6.459717437200128e-12,6.459717437200127e-10,1103882207.432509,3.5854750285908794e-11,2.7128896070892578e-06,2.767098473809681e-06,1.617499818724525e-06,6.459717437200127e-08,40.185814326011034
6205728806776.487,6.197199873780312e-12,6.197199873780311e-10,1150643401.7299101,3.5895750378479994e-11,2.610124761778179e-06,2.662289396736327e-06,1.617499818724525e-06,6.197199873780311e-08,38.55269613416052
6468607661546.32,5.945350806587124e-12,5.945350806587124e-10,1199385431.7336912,3.593675047105121e-11,2.5112652616779716e-06,2.561463696859119e-06,1.617499818724525e-06,5.945350806587124e-08,36.98594651224653
6742622241778.349,5.703736676775003e-12,5.703736676775003e-10,1250192206.9794102,3.597775056362241e-11,2.416148089743002e-06,2.4644546146831335e-06,1.617499818724525e-06,5.703736676775003e-08,35.482868296587135
7028244264308.367,5.471941544970572e-12,5.471941544970571e-10,1303151191.4671042,3.601875065619361e-11,2.3246254759298977e-06,2.371110314807048e-06,1.617499818724525e-06,5.471941544970571e-08,34.04087393399725
7325965428215.2,5.249566375231929e-12,5.249566375231928e-10,1358353554.2307923,3.60597507487648e-11,2.2365239614411836e-06,2.2812522030845123e-06,1.617499818724525e-06,5.249566375231928e-08,32.657481027309124
7636298261282.226,5.036228348107045e-12,5.036228348107045e-10,1415894326.2862518,3.610075084133601e-11,2.151691271566862e-06,2.194727183148617e-06,1.617499818724525e-06,5.036228348107045e-08,31.33030806191793
7959777002314.978,4.831560201609307e-12,4.831560201609306e-10,1475872564.2271035,3.614175093390721e-11,2.0700383083692713e-06,2.11144854101892e-06,1.617499818724525e-06,4.8315602016093056e-08,30.057070305999638
8296958520834.915,4.63520959897484e-12,4.635209598974839e-10,1538391520.7510455,3.6182751026478416e-11,1.9914879163330984e-06,2.0313356067236102e-06,1.617499818724525e-06,4.6352095989748395e-08,28.835575877337895
8648423275731.744,4.446838522113865e-12,4.446838522113864e-10,1603558822.4096432,3.622375111904962e-11,1.915920436888358e-06,1.954264733720862e-06,1.617499818724525e-06,4.446838522113865e-08,27.66372196999316
9014776314524.88,4.266122689711685e-12,4.266122689711684e-10,1671486654.887711,3.626475121162082e-11,1.8432169010958104e-06,1.8801135777577716e-06,1.617499818724525e-06,4.266122689711684e-08,26.539491234316856
9396648314954.672,4.092750998977406e-12,4.092750998977405e-10,1742291956.1313171,3.6305751304192024e-11,1.7732460759032914e-06,1.808747529453687e-06,1.617499818724525e-06,4.092750998977405e-08,25.460948304077775
9794696670695.385,3.926424990079831e-12,3.9264249900798304e-10,1816096617.6567063,3.6346751396763224e-11,1.705886297968368e-06,1.7400433690063781e-06,1.617499818724525e-06,3.92642499007983e-08,24.426236464725015
10209606623060.475,3.766858332347943e-12,3.7668583323479427e-10,1893027694.3869097,3.638775148933443e-11,1.6410558239409026e-06,1.6739203336658485e-06,1.617499818724525e-06,3.766858332347943e-08,23.433574457048234
10642092440647.268,3.6137763313519032e-12,3.613776331351903e-10,1973217623.3771358,3.642875158190564e-11,1.5786768631244931e-06,1.61029884820645e-06,1.617499818724525e-06,3.613776331351903e-08,22.481253410735185
11092898648952.182,3.4669154560158884e-12,3.466915456015888e-10,2056804451.805492,3.646975167447683e-11,1.518665055025912e-06,1.549092639131591e-06,1.617499818724525e-06,3.466915456015888e-08,21.567633902547136
11562801312073.73,3.3260228849485275e-12,3.326022884948527e-10,2143932074.6216397,3.651075176704804e-11,1.4609345855853712e-06,1.4902124035607372e-06,1.617499818724525e-06,3.326022884948527e-08,20.691143134046687
12052609368708.414,3.1908560712103582e-12,3.190856071210358e-10,2234750482.262241,3.655175185961923e-11,1.4053809561105722e-06,1.4335508584429014e-06,1.617499818724525e-06,3.190856071210358e-08,19.850272224022035
12563166024741.215,3.0611823247685088e-12,3.0611823247685084e-10,2329416018.8599634,3.6592751952190446e-11,1.351916842323727e-06,1.3790195079345787e-06,1.617499818724525e-06,3.061182324768509e-08,19.04357361094322
13095350204826.703,2.936778411920219e-12,2.9367784119202186e-10,2428091651.3903003,3.663375204476164e-11,1.3004758112292098e-06,1.3265514409556998e-06,1.617499818724525e-06,2.9367784119202185e-08,18.2696585609813
13650078065460.082,2.8174301709954245e-12,2.8174301709954243e-10,2530947250.21965,3.667475213733284e-11,1.2509597139785016e-06,1.2760480520478186e-06,1.617499818724525e-06,2.8174301709954242e-08,17.527194777299357
14228304572143.49,2.7029321436767904e-12,2.7029321436767895e-10,2638159881.5376797,3.6715752229904047e-11,1.2033261514412803e-06,1.2274648076505618e-06,1.617499818724525e-06,2.7029321436767904e-08,16.81490410649944
14831025143361.03,2.5930872213028046e-12,2.593087221302804e-10,2749914112.177124,3.675675232247525e-11,1.1575033881269422e-06,1.1807290220294708e-06,1.617499818724525e-06,2.5930872213028046e-08,16.13156033827893
15459277364194.785,2.487706305544589e-12,2.487706305544589e-10,2866402327.346168,3.6797752415046454e-11,1.1134159230378214e-06,1.1357620439457572e-06,1.617499818724525e-06,2.4877063055445885e-08,15.475987094505564
16114142772530.232,2.386607982872638e-12,2.3866079828726374e-10,2987825061.820085,3.6838752507617654e-11,1.0709964094695514e-06,1.0924958532323922e-06,1.617499818724525e-06,2.3866079828726377e-08,14.847055804079476
16796748720926.463,2.2896182122529738e-12,2.2896182122529734e-10,3114391345.1623473,3.6879752600188855e-11,1.0301780904603559e-06,1.0508621515785612e-06,1.617499818724525e-06,2.2896182122529735e-08,14.243683760095214
17508270317357.197,2.1965700255349486e-12,2.1965700255349484e-10,3246319061.5697002,3.692075269276006e-11,9.909018729260365e-07,1.0108020495847857e-06,1.617499818724525e-06,2.1965700255349484e-08,13.664832255958325
18249932448161.504,2.1073032400152446e-12,2.107303240015244e-10,3383835324.9602385,3.696175278533126e-11,9.531076185323004e-07,9.722533677773744e-07,1.617499818724525e-06,2.1073032400152443e-08,13.109504797249928
19023011886689.457,2.021664182682845e-12,2.0216641826828448e-10,3527176869.950714,3.700275287790247e-11,9.384420812987135e-07,9.566946783110882e-07,1.617499818724525e-06,2.021664182682845e-08,12.576745386258404
19828839491270.754,1.939505425670549e-12,1.9395054256705488e-10,3676590459.3958087,3.704375297047367e-11,9.027612654835324e-07,9.203214285730191e-07,1.617499818724525e-06,1.9395054256705488e-08,12.065636876226883
20668802496290.734,1.8606855324575216e-12,1.8606855324575215e-10,3832333309.190997,3.708475306304487e-11,8.68437036347319e-07,8.85330912962842e-07,1.617499818724525e-06,1.8606855324575216e-08,11.575299392482764
21544346900318.777,1.7850688143858776e-12,1.7850688143858772e-10,3994673531.0705466,3.712575315561606e-11,8.35403365318615e-07,8.516551858396839e-07,1.617499818724525e-06,1.7850688143858774e-08,11.104888817730673
22456979955397.72,1.7125250970723846e-12,1.7125250970723844e-10,4163890594.1623964,3.7166753248187276e-11,8.03628593101813e-07,8.192628135790349e-07,1.617499818724525e-06,1.7125250970723845e-08,10.653595338902871
23408272761782.94,1.6429294963128596e-12,1.6429294963128594e-10,4340275806.09512,3.720775334075848e-11,7.730413073483623e-07,7.880813692788881e-07,1.617499818724525e-06,1.6429294963128595e-08,10.220642053063532
24399862972595.55,1.5761622030936798e-12,1.5761622030936796e-10,4524132814.484783,3.724875343332968e-11,7.436194388843057e-07,7.580875765292781e-07,1.617499818724525e-06,1.5761622030936798e-08,9.805283629968288
25433457613046.38,1.5121082773402603e-12,1.5121082773402602e-10,4715778129.665086,3.728975352590088e-11,7.153119726253062e-07,7.292301194152374e-07,1.617499818724525e-06,1.51210827734026e-08,9.406805028976306
26510836019085.31,1.4506574500473627e-12,1.4506574500473624e-10,4915541669.560884,3.733075361847208e-11,6.880814436740054e-07,7.014708877023697e-07,1.617499818724525e-06,1.4506574500473626e-08,9.024520268105636
27633852900531.668,1.3917039334507767e-12,1.3917039334507766e-10,5123767327.642575,3.7371753711043285e-11,6.618723479799504e-07,6.74752245360584e-07,1.617499818724525e-06,1.3917039334507766e-08,8.657771243113814
28804441533962.977,1.3351462389133474e-12,1.3351462389133472e-10,5340813564.93979,3.741275380361449e-11,6.366628587776081e-07,6.490526016141707e-07,1.617499818724525e-06,1.3351462389133472e-08,8.305926594569325
30024617090855.555,1.2808870022120303e-12,1.28088700221203e-10,5567054027.13296,3.745375389618569e-11,6.124062748764092e-07,6.243245951358426e-07,1.617499818724525e-06,1.28088700221203e-08,7.9683806209647425
31296480106707.633,1.2288328159251222e-12,1.228832815925122e-10,5802878187.785355,3.74947539887569e-11,5.890641543352985e-07,6.005287734362086e-07,1.617499818724525e-06,1.2288328159251221e-08,7.644552235999973
32622220097116.598,1.1788940686311323e-12,1.178894068631132e-10,6048692018.822867,3.753575408132809e-11,5.666097948371284e-07,5.776378047306141e-07,1.617499818724525e-06,1.178894068631132e-08,7.3338839682406185
34004119327037.027,1.1309847906424566e-12,1.1309847906424563e-10,6304918689.415895,3.75767541738993e-11,5.450098593372659e-07,5.556186103769772e-07,1.617499818724525e-06,1.1309847906424564e-08,7.035841001429263
35444556739704.36,1.0850225060083762e-12,1.0850225060083761e-10,6571999294.465969,3.7617754266470506e-11,5.242206543778139e-07,5.344257440783902e-07,1.617499818724525e-06,1.0850225060083763e-08,6.749910253798142
36946012051993.1,1.040928090532451e-12,1.0409280905324507e-10,6850393613.951996,3.7658754359041707e-11,5.04222445834948e-07,5.14038970018492e-07,1.617499818724525e-06,1.040928090532451e-08,6.475599494797272
38511070023255.84,9.986256355600141e-13,9.98625635560014e-11,7140580904.442656,3.7699754451612913e-11,4.849921876130235e-07,4.944351104426199e-07,1.617499818724525e-06,9.986256355600141e-09,6.212436497718315
40142424904993.09,9.58042317301227e-13,9.580423173012269e-11,7443060724.137822,3.774075454418411e-11,4.6647901788108644e-07,4.7556226824600455e-07,1.617499818724525e-06,9.58042317301227e-09,5.9599682267550715
41842885079015.76,9.191082714646962e-13,9.191082714646961e-11,7758353792.859591,3.778175463675531e-11,4.48670149770899e-07,4.5740714968526146e-07,1.617499818724525e-06,9.191082714646961e-09,5.717760057100923
43615377892080.055,8.817564729859547e-13,8.817564729859545e-11,8087002888.47251,3.782275472932651e-11,4.315463662156025e-07,4.39950580800473e-07,1.617499818724525e-06,8.817564729859546e-09,5.4853950267413465
45462954695324.086,8.459226206436059e-13,8.459226206436059e-11,8429573781.277327,3.7863754821897715e-11,4.1506529577777647e-07,4.2314933245714404e-07,1.617499818724525e-06,8.459226206436058e-09,5.26247311865252
47388796097176.7,8.115450263646038e-13,8.115450263646037e-11,8786656207.986048,3.790475491446892e-11,3.9920972258356444e-07,4.0698562056277484e-07,1.617499818724525e-06,8.115450263646037e-09,5.048610572170965
49396217438783.055,7.785645090280729e-13,7.785645090280728e-11,9158864886.955221,3.7945755007040116e-11,3.8396467916190986e-07,3.9144443697652466e-07,1.617499818724525e-06,7.785645090280729e-09,4.84343922234857
51488674501374.87,7.469242925848317e-13,7.469242925848315e-11,9546840576.425451,3.798675509961132e-11,3.692931879918847e-07,3.7648771150635705e-07,1.617499818724525e-06,7.469242925848316e-09,4.646605866155515
53669769455404.76,7.165699083173007e-13,7.165699083173006e-11,9951251177.588116,3.802775519218252e-11,3.5517564299683507e-07,3.6209577066971126e-07,1.617499818724525e-06,7.165699083173007e-09,4.4577716544405055
55943257061693.89,6.874491010714429e-13,6.874491010714428e-11,10372792884.37921,3.806875528475373e-11,3.4160138986401294e-07,3.482577643080121e-07,1.617499818724525e-06,6.8744910107144285e-09,4.276611508600935
58313051135262.42,6.595117392993713e-13,6.595117392993711e-11,10812191381.979158,3.8109755377324936e-11,3.285416755410666e-07,3.349439755035215e-07,1.617499818724525e-06,6.595117392993712e-09,4.1028135609591745
60783231282972.11,6.327097287577703e-13,6.327097287577702e-11,11270203096.08156,3.815075546989613e-11,3.15974504838289e-07,3.221326688171134e-07,1.617499818724525e-06,6.3270972875777016e-09,3.9360786178816327
63358049926582.414,6.069969297134987e-13,6.069969297134985e-11,11747616495.082527,3.819175556246734e-11,3.0388993245454e-07,3.098133847996615e-07,1.617499818724525e-06,6.069969297134986e-09,3.7761196447159273
66041939623303.055,5.823290775139507e-13,5.823290775139506e-11,12245253447.430536,3.823275565503854e-11,2.9226661049312807e-07,2.979641351644153e-07,1.617499818724525e-06,5.8232907751395056e-09,3.6226612716601885
68839520696455.1,5.586637063853133e-13,5.5866370638531316e-11,12763970636.47557,3.8273755747609744e-11,2.8107970144800785e-07,2.865597529023479e-07,1.617499818724525e-06,5.586637063853131e-09,3.4754393197130504
71755609189369.5,5.359600763276302e-13,5.359600763276301e-11,13304661035.251698,3.831475584018095e-11,2.70321748813181e-07,2.7559267947457024e-07,1.617499818724525e-06,5.3596007632763016e-09,3.334200345888842
74795225156217.98,5.141791029807861e-13,5.1417910298078596e-11,13868255443.732435,3.8355755932752145e-11,2.599752992379215e-07,2.6504499792270705e-07,1.617499818724525e-06,5.14179102980786e-09,3.198701206914823
77963601304052.2,4.932832903406581e-13,4.932832903406579e-11,14455724091.205864,3.839675602532335e-11,2.5002150816949127e-07,2.54897383630197e-07,1.617499818724525e-06,4.9328329034065795e-09,3.068708640659284
81266192000919.45,4.732366662096702e-13,4.732366662096701e-11,15068078306.526278,3.8437756117894546e-11,2.4044595264604864e-07,2.451358195502063e-07,1.617499818724525e-06,4.732366662096702e-09,2.943998864570319
84708682665574.2,4.540047202705414e-13,4.540047202705413e-11,15706372259.119955,3.847875621046575e-11,2.3123670495810274e-07,2.3574756747654473e-07,1.617499818724525e-06,4.540047202705414e-09,2.8243571904334552
88296999554941.19,4.355543446766865e-13,4.3555434467668645e-11,16371704773.740557,3.851975630303695e-11,2.2237816612380792e-07,2.2671680827753638e-07,1.617499818724525e-06,4.355543446766865e-09,2.709577654785347
92037319966181.92,4.1785377705697093e-13,4.1785377705697086e-11,17065221222.098768,3.8560756395608153e-11,2.138552442058527e-07,2.1802813813871813e-07,1.617499818724525e-06,4.178537770569709e-09,2.599462664347128
95936082870931.27,4.008725458366921e-13,4.0087254583669205e-11,17788115494.62329,3.860175648817936e-11,2.0566004580577072e-07,2.0967360015520143e-07,1.617499818724525e-06,4.00872545836692e-09,2.4938226558669787
100000000000000.0,3.845814177807009e-13,3.845814177807009e-11,18541632055.745636,3.864275658075056e-11,1.9777530331433525e-07,2.0163529908344597e-07,1.617499818724525e-06,3.8458141778070085e-09,2.3924757697866044
