E_GeV,rate_acc,rate_acc_2,rate_sync,rate_bremss,rate_ic_0,rate_ic_1,t_ad_val,Shear,ESC
0.0001,45005.061854181586,4500506.185418158,2.2839372595825513e-05,3.962349276064338e-11,1.2920183738426253e-06,1.2313423331522628e-06,8.100336393771232e-06,3.224775711870829e-15,1.1163567087000566e+16
0.00010423606739764012,45005.061854181586,4500506.185418158,2.2839372595825513e-05,3.962349276064338e-11,1.2920183738426253e-06,1.2313423331522628e-06,8.100336393771232e-06,3.224775711870829e-15,1.1163567087000566e+16
0.00010865157746525384,45005.061854181586,4500506.185418158,2.2839372595825513e-05,3.962349276064338e-11,1.2920183738426253e-06,1.2313423331522628e-06,8.100336393771232e-06,3.224775711870829e-15,1.1163567087000566e+16
0.00011325413151528115,45005.061854181586,4500506.185418158,2.2839372595825513e-05,3.962349276064338e-11,1.2920183738426253e-06,1.2313423331522628e-06,8.100336393771232e-06,3.224775711870829e-15,1.1163567087000566e+16
0.00011805165285688056,45005.061854181586,4500506.185418158,2.2839372595825513e-05,3.962349276064338e-11,1.2920183738426253e-06,1.2313423331522628e-06,8.100336393771232e-06,3.224775711870829e-15,1.1163567087000566e+16
0.00012305240043592616,45005.061854181586,4500506.185418158,2.2839372595825513e-05,3.962349276064338e-11,1.2920183738426253e-06,1.2313423331522628e-06,8.100336393771232e-06,3.224775711870829e-15,1.1163567087000566e+16
0.000128264983052806,45005.061854181586,4500506.185418158,2.2839372595825513e-05,3.962349276064338e-11,1.2920183738426253e-06,1.2313423331522628e-06,8.100336393771232e-06,3.224775711870829e-15,1.1163567087000566e+16
0.00013369837418249466,45005.061854181586,4500506.185418158,2.2839372595825513e-05,3.962349276064338e-11,1.2920183738426253e-06,1.2313423331522628e-06,8.100336393771232e-06,3.224775711870829e-15,1.1163567087000566e+16
0.0001393619274224142,45005.061854181586,4500506.185418158,2.2839372595825513e-05,3.962349276064338e-11,1.2920183738426253e-06,1.2313423331522628e-06,8.100336393771232e-06,3.224775711870829e-15,1.1163567087000566e+16
0.00014526539259467812,45005.061854181586,4500506.185418158,2.2839372595825513e-05,3.962349276064338e-11,1.2920183738426253e-06,1.2313423331522628e-06,8.100336393771232e-06,3.224775711870829e-15,1.1163567087000566e+16
0.0001514189325304352,45005.061854181586,4500506.185418158,2.2839372595825513e-05,3.962349276064338e-11,1.2920183738426253e-06,1.2313423331522628e-06,8.100336393771232e-06,3.224775711870829e-15,1.1163567087000566e+16
0.0001578331405652118,45005.061854181586,4500506.185418158,2.2839372595825513e-05,3.962349276064338e-11,1.2920183738426253e-06,1.2313423331522628e-06,8.100336393771232e-06,3.224775711870829e-15,1.1163567087000566e+16
0.00016451905877536624,45005.061854181586,4500506.185418158,2.2839372595825513e-05,3.962349276064338e-11,1.2920183738426253e-06,1.2313423331522628e-06,8.100336393771232e-06,3.224775711870829e-15,1.1163567087000566e+16
0.00017148819698705392,45005.061854181586,4500506.185418158,2.2839372595825513e-05,3.962349276064338e-11,1.2920183738426253e-06,1.2313423331522628e-06,8.100336393771232e-06,3.224775711870829e-15,1.1163567087000566e+16
0.00017875255259042355,45005.061854181586,4500506.185418158,2.2839372595825513e-05,3.962349276064338e-11,1.2920183738426253e-06,1.2313423331522628e-06,8.100336393771232e-06,3.224775711870829e-15,1.1163567087000566e+16
0.00018632463119315598,45005.061854181586,4500506.185418158,2.2839372595825513e-05,3.962349276064338e-11,1.2920183738426253e-06,1.2313423331522628e-06,8.100336393771232e-06,3.224775711870829e-15,1.1163567087000566e+16
0.00019421746814890265,45005.061854181586,4500506.185418158,2.2839372595825513e-05,3.962349276064338e-11,1.2920183738426253e-06,1.2313423331522628e-06,8.100336393771232e-06,3.224775711870829e-15,1.1163567087000566e+16
0.00020244465099768038,45005.061854181586,4500506.185418158,2.2839372595825513e-05,3.962349276064338e-11,1.2920183738426253e-06,1.2313423331522628e-06,8.100336393771232e-06,3.224775711870829e-15,1.1163567087000566e+16
0.00021102034285685965,45005.061854181586,4500506.185418158,2.2839372595825513e-05,3.962349276064338e-11,1.2920183738426253e-06,1.2313423331522628e-06,8.100336393771232e-06,3.224775711870829e-15,1.1163567087000566e+16
0.0002199593068030075,45005.061854181586,4500506.185418158,2.2839372595825513e-05,3.962349276064338e-11,1.2920183738426253e-06,1.2313423331522628e-06,8.100336393771232e-06,3.224775711870829e-15,1.1163567087000566e+16
0.00022927693128656486,45005.061854181586,4500506.185418158,2.2839372595825513e-05,3.962349276064338e-11,1.2920183738426253e-06,1.2313423331522628e-06,8.100336393771232e-06,3.224775711870829e-15,1.1163567087000566e+16
0.00023898925662310503,45005.061854181586,4500506.185418158,2.2839372595825513e-05,3.962349276064338e-11,1.2920183738426253e-06,1.2313423331522628e-06,8.100336393771232e-06,3.224775711870829e-15,1.1163567087000566e+16
0.00024911300260677886,45005.061854181586,4500506.185418158,2.2839372595825513e-05,3.962349276064338e-11,1.2920183738426253e-06,1.2313423331522628e-06,8.100336393771232e-06,3.224775711870829e-15,1.1163567087000566e+16
0.00025966559729348725,45005.061854181586,4500506.185418158,2.2839372595825513e-05,3.962349276064338e-11,1.2920183738426253e-06,1.2313423331522628e-06,8.100336393771232e-06,3.224775711870829e-15,1.1163567087000566e+16
0.0002706652070033241,45005.061854181586,4500506.185418158,2.2839372595825513e-05,3.962349276064338e-11,1.2920183738426253e-06,1.2313423331522628e-06,8.100336393771232e-06,3.224775711870829e-15,1.1163567087000566e+16
0.0002821307675939471,45005.061854181586,4500506.185418158,2.2839372595825513e-05,3.962349276064338e-11,1.2920183738426253e-06,1.2313423331522628e-06,8.100336393771232e-06,3.224775711870829e-15,1.1163567087000566e+16
0.00029408201705870637,45005.061854181586,4500506.185418158,2.2839372595825513e-05,3.962349276064338e-11,1.2920183738426253e-06,1.2313423331522628e-06,8.100336393771232e-06,3.224775711870829e-15,1.1163567087000566e+16
0.0003065395295056527,45005.061854181586,4500506.185418158,2.2839372595825513e-05,3.962349276064338e-11,1.2920183738426253e-06,1.2313423331522628e-06,8.100336393771232e-06,3.224775711870829e-15,1.1163567087000566e+16
0.00031952475057592136,45005.061854181586,4500506.185418158,2.2839372595825513e-05,3.962349276064338e-11,1.2920183738426253e-06,1.2313423331522628e-06,8.100336393771232e-06,3.224775711870829e-15,1.1163567087000566e+16
0.0003330600343624589,45005.061854181586,4500506.185418158,2.2839372595825513e-05,3.962349276064338e-11,1.2920183738426253e-06,1.2313423331522628e-06,8.100336393771232e-06,3.224775711870829e-15,1.1163567087000566e+16
0.00034716868189265597,45005.061854181586,4500506.185418158,2.2839372595825513e-05,3.962349276064338e-11,1.2920183738426253e-06,1.2313423331522628e-06,8.100336393771232e-06,3.224775711870829e-15,1.1163567087000566e+16
0.00036187498124112805,45005.061854181586,4500506.185418158,2.2839372595825513e-05,3.962349276064338e-11,1.2920183738426253e-06,1.2313423331522628e-06,8.100336393771232e-06,3.224775711870829e-15,1.1163567087000566e+16
0.00037720424934169976,45005.061854181586,4500506.185418158,2.2839372595825513e-05,3.962349276064338e-11,1.2920183738426253e-06,1.2313423331522628e-06,8.100336393771232e-06,3.224775711870829e-15,1.1163567087000566e+16
0.00039318287557057704,45005.061854181586,4500506.185418158,2.2839372595825513e-05,3.962349276064338e-11,1.2920183738426253e-06,1.2313423331522628e-06,8.100336393771232e-06,3.224775711870829e-15,1.1163567087000566e+16
0.0004098383671757261,45005.061854181586,4500506.185418158,2.2839372595825513e-05,3.962349276064338e-11,1.2920183738426253e-06,1.2313423331522628e-06,8.100336393771232e-06,3.224775711870829e-15,1.1163567087000566e+16
0.00042719939663067764,45005.061854181586,4500506.185418158,2.2839372595825513e-05,3.962349276064338e-11,1.2920183738426253e-06,1.2313423331522628e-06,8.100336393771232e-06,3.224775711870829e-15,1.1163567087000566e+16
0.0004452958509942655,45005.061854181586,4500506.185418158,2.2839372595825513e-05,3.962349276064338e-11,1.2920183738426253e-06,1.2313423331522628e-06,8.100336393771232e-06,3.224775711870829e-15,1.1163567087000566e+16
0.00046415888336127773,45005.061854181586,4500506.185418158,2.2839372595825513e-05,3.962349276064338e-11,1.2920183738426253e-06,1.2313423331522628e-06,8.100336393771232e-06,3.224775711870829e-15,1.1163567087000566e+16
0.00048382096649259574,45005.061854181586,4500506.185418158,2.2839372595825513e-05,3.962349276064338e-11,1.2920183738426253e-06,1.2313423331522628e-06,8.100336393771232e-06,3.224775711870829e-15,1.1163567087000566e+16
0.0005043159487171359,45005.061854181586,4500506.185418158,2.2839372595825513e-05,3.962349276064338e-11,1.2920183738426253e-06,1.2313423331522628e-06,8.100336393771232e-06,3.224775711870829e-15,1.1163567087000566e+16
0.0005256791122018419,55230.257850506394,5523025.785050639,1.8610946542528276e-05,3.406108918086594e-11,1.0154434958326035e-06,9.678714106529704e-07,8.100336393771232e-06,2.6277485571666306e-15,1.3699940925404596e+16
0.0005479472336900287,61703.923314481486,6170392.331448148,1.665837958385685e-05,3.1049807598588265e-11,8.833823091275594e-07,8.420458905806552e-07,8.100336393771232e-06,2.3520583875830766e-15,1.5305742489238462e+16
0.0005711586478126435,66638.20190590013,6663820.190590013,1.542489663567615e-05,2.8959708543698623e-11,7.98125088991755e-07,7.608062365955862e-07,8.100336393771232e-06,2.1778983560143032e-15,1.6529697035945404e+16
0.000595353313081437,70826.01466135714,7082601.466135713,1.4512850699005166e-05,2.7303822991001363e-11,7.340262021759268e-07,6.997234835068564e-07,8.100336393771232e-06,2.0491232080829346e-15,1.7568489712085172e+16
0.0006205728806776501,74519.46390913085,7451946.390913084,1.3793542283654032e-05,2.5922731564210592e-11,6.827683974148356e-07,6.508747668927692e-07,8.100336393771232e-06,1.9475613855137545e-15,1.848465484465509e+16
0.0006468607661546328,77832.41653434052,7783241.653434051,1.3206417353524055e-05,2.474095822797086e-11,6.404310316193377e-07,6.105253695641204e-07,8.100336393771232e-06,1.8646630393979308e-15,1.9306437270094556e+16
0.0006742622241778342,80824.59851383512,8082459.851383512,1.2717506740350573e-05,2.371606521134235e-11,6.048121450534988e-07,5.765777261839116e-07,8.100336393771232e-06,1.795631936900575e-15,2.0048652098569428e+16
0.0007028244264308353,83529.78930137659,8352978.930137658,1.2305638323558985e-05,2.2821619197745913e-11,5.745368797523658e-07,5.47722123577692e-07,8.100336393771232e-06,1.7374787078053521e-15,2.0719678369740944e+16
0.000732596542821523,85967.82415419929,8596782.415419929,1.1956652230049697e-05,2.2039983134709095e-11,5.48686681193266e-07,5.230833072096274e-07,8.100336393771232e-06,1.6882040671203825e-15,2.1324436246268628e+16
0.0007636298261282241,88150.55039595552,8815055.039595552,1.1660589432156148e-05,2.1358781425260198e-11,5.266115491899217e-07,5.020420719511599e-07,8.100336393771232e-06,1.646401862798442e-15,2.1865864472972384e+16
0.0007959777002314986,90085.12817110344,9008512.817110343,1.1410178319705628e-05,2.076897850505162e-11,5.078333491924571e-07,4.841430151513521e-07,8.100336393771232e-06,1.6110453892339885e-15,2.2345739133468544e+16
0.0008296958520834907,91776.0200955328,9177602.00955328,1.1199955885163292e-05,2.026375127604562e-11,4.919925714544665e-07,4.690435963373902e-07,8.100336393771232e-06,1.5813633041347514e-15,2.27651671857262e+16
0.0008648423275731727,93226.27073027873,9322627.073027872,1.1025726636215023e-05,1.983778701102481e-11,4.788112092087469e-07,4.5647893268685464e-07,8.100336393771232e-06,1.5567632303827883e-15,2.312490383727014e+16
0.0009014776314524918,94438.36933608406,9443836.933608405,1.0884213520542868e-05,1.9486825207419042e-11,4.680696300322533e-07,4.4623977738922126e-07,8.100336393771232e-06,1.5367824688090603e-15,2.3425566552628908e+16
0.000939664831495469,95414.8493214985,9541484.93214985,1.0772823975462986e-05,1.920734727351443e-11,4.595920259839054e-07,4.381586259831124e-07,8.100336393771232e-06,1.5210549658742555e-15,2.3667783747254864e+16
0.0009794696670695395,96158.70917281185,9615870.917281184,1.0689488089306159e-05,1.8996360103119493e-11,4.5323678573030555e-07,4.3210053924026736e-07,8.100336393771232e-06,1.5092884630739602e-15,2.3852299199769264e+16
0.0010209606623060466,96673.70415828467,9667370.415828466,1.0632543620164367e-05,1.8851241760795608e-11,4.4888774551373556e-07,4.2795482767824274e-07,8.100336393771232e-06,1.5012482623091024e-15,2.3980044409595268e+16
0.0010642092440647246,96964.53904913377,9696453.904913377,1.0600652428873786e-05,1.876962976247313e-11,4.4644994728512325e-07,4.2563099131854085e-07,8.100336393771232e-06,1.4967454267489308e-15,2.4052186401661716e+16
0.0011092898648952228,97036.98166763157,9703698.166763157,1.0592738548963928e-05,1.8749339515265586e-11,4.458447592399179e-07,4.250540935591104e-07,8.100336393771232e-06,1.4956280366974793e-15,2.407015589216433e+16
0.0011562801312073755,96897.91133884882,9689791.13388488,1.0607941514769484e-05,1.878830471559947e-11,4.470072708624241e-07,4.261622617324247e-07,8.100336393771232e-06,1.4977745998166047e-15,2.4035659307086684e+16
0.0012052609368708425,96555.31320606047,9655531.320606047,1.0645580675526303e-05,1.888453411719319e-11,4.4988387299939196e-07,4.289043854735579e-07,8.100336393771232e-06,1.5030890125008647e-15,2.395067737212888e+16
0.0012563166024741215,96018.22770669592,9601822.770669593,1.0705127567295708e-05,1.903608073549184e-11,4.5443033226061924e-07,4.3323828137612455e-07,8.100336393771232e-06,1.511496658967058e-15,2.3817452580147972e+16
0.0013095350204826678,95296.66361641168,9529666.361641167,1.0786184294166702e-05,1.9241020629929693e-11,4.606098715867771e-07,4.391288763349241e-07,8.100336393771232e-06,1.5229413588159985e-15,2.363846762162135e+16
0.0013650078065460137,94401.48254586828,9440148.254586827,1.0888466459055787e-05,1.9497439120644666e-11,4.683929211816878e-07,4.4654794858713265e-07,8.100336393771232e-06,1.537382956968838e-15,2.3416416733914464e+16
0.001422830457214352,93344.26237330255,9334426.237330254,1.1011789586756794e-05,1.980342278501936e-11,4.777546962968094e-07,4.5547184232523275e-07,8.100336393771232e-06,1.55479540668713e-15,2.315417182554376e+16
0.0014831025143361043,92137.14667474137,9213714.667474136,1.1156058261869465e-05,2.015705592363682e-11,4.886760142960154e-07,4.6588222366752766e-07,8.100336393771232e-06,1.5751652359166844e-15,2.285474512713545e+16
0.0015459277364194785,90792.68670048143,9079268.670048142,1.1321257402336315e-05,2.0556420436281324e-11,5.011413838621098e-07,4.777642705334073e-07,8.100336393771232e-06,1.5984903151658752e-15,2.2521249993475428e+16
0.0016114142772530198,89323.68181605302,8932368.181605302,1.1507445231630588e-05,2.0999598238995387e-11,5.151390118843376e-07,4.91106685222296e-07,8.100336393771232e-06,1.6247788652228005e-15,2.2156861324672292e+16
0.0016796748720926532,87743.0235846626,8774302.35846626,1.1714747616305084e-05,2.148467550354573e-11,5.306598190581194e-07,5.059007757903413e-07,8.100336393771232e-06,1.6540486576527996e-15,2.1764776890594196e+16
0.0017508270317357234,86063.54784226778,8606354.784226777,1.1943353512101066e-05,2.200974812396612e-11,5.476979550692734e-07,5.221409004823191e-07,8.100336393771232e-06,1.686326371817684e-15,2.1348180637889068e+16
0.0018249932448161524,84297.89824286758,8429789.824286757,1.2193511318923025e-05,2.2572927919217522e-11,5.662512559366753e-07,5.398248638794198e-07,8.100336393771232e-06,1.7216470802211089e-15,2.0910208842207412e+16
0.0019023011886689458,82458.40387062608,8245840.387062607,1.2465525988091415e-05,2.317234917135605e-11,5.863195677933641e-07,5.589523981713557e-07,8.100336393771232e-06,1.760053840070858e-15,2.045391974972236e+16
0.001982883949127071,80556.97266552705,8055697.266552704,1.2759756758159476e-05,2.380617517783399e-11,6.079038286070084e-07,5.795243852398446e-07,8.100336393771232e-06,1.801597373590424e-15,1.998226714121768e+16
0.0020668802496290823,78605.00162326558,7860500.162326558,1.307661542088935e-05,2.4472604566337693e-11,6.310075061780106e-07,6.015441034749083e-07,8.100336393771232e-06,1.8463358231857484e-15,1.949807805704817e+16
0.002154434690031882,76613.30403311443,7661330.403311442,1.3416565038645836e-05,2.5169877181843514e-11,6.556381688844398e-07,6.250186372886812e-07,8.100336393771232e-06,1.894334570349287e-15,1.9004034748393016e+16
0.002245697995539774,74592.05342608035,7459205.342608035,1.3780119049872366e-05,2.5896279408917175e-11,6.81805574140396e-07,6.499571726333497e-07,8.100336393771232e-06,1.945666109358848e-15,1.850266077351937e+16
0.0023408272761782944,72550.74342788645,7255074.342788644,1.4167840711481065e-05,2.6650148838104245e-11,7.095220834776836e-07,6.763713461033211e-07,8.100336393771232e-06,2.0004099685465767e-15,1.7996311039259746e+16
0.00243998629725955,70498.16234775806,7049816.234775805,1.4580342836674173e-05,2.742987822394859e-11,7.388028146479657e-07,7.042754694070525e-07,8.100336393771232e-06,2.058652673280987e-15,1.7487165497725676e+16
0.002543345761304648,68442.38107913228,6844238.107913227,1.501828779447921e-05,2.82339187141515e-11,7.696664547528879e-07,7.336871940325599e-07,8.100336393771232e-06,2.1204877459013314e-15,1.6977226145062158e+16
0.0026510836019085363,66390.75273218157,6639075.273218157,1.548238774355061e-05,2.90607823551384e-11,8.021342552151455e-07,7.646266173627978e-07,8.100336393771232e-06,2.1860157387289226e-15,1.6468316930294616e+16
0.00276338529005317,64349.92234740142,6434992.234740142,1.597340507789028e-05,2.9909043899392995e-11,8.362302462543284e-07,7.971165697223932e-07,8.100336393771232e-06,2.2553442970000694e-15,1.596208616479761e+16
0.002880444153396298,62325.84503992912,6232584.503992911,1.649215306631318e-05,3.0777341954953844e-11,8.719818801155769e-07,8.311830750403443e-07,8.100336393771232e-06,2.3285882491545945e-15,1.5460011023017906e+16
0.003002461709085549,60323.810980857634,6032381.098085763,1.703949667092491e-05,3.166437952809033e-11,9.094225327321323e-07,8.668576599988416e-07,8.100336393771232e-06,2.40586972239972e-15,1.4963403739123508e+16
0.0031296480106707504,58348.4757203521,5834847.572035209,1.761635353273329e-05,3.2568924017024886e-11,9.485853383179178e-07,9.041718764727298e-07,8.100336393771232e-06,2.48731828187222e-15,1.447341912869413e+16
0.00326222200971167,56403.89448490223,5640389.448490223,1.8223695114899632e-05,3.348980671827105e-11,9.895075820314361e-07,9.431612164889051e-07,8.100336393771232e-06,2.573071092058311e-15,1.399106309620153e+16
0.0034004119327037063,54493.55922625184,5449355.922625183,1.8862547996142828e-05,3.4425921908311445e-11,1.0322322223851688e-06,9.83866414952424e-07,8.100336393771232e-06,2.6632730994141657e-15,1.35172018250471e+16
0.0035444556739704356,52620.437353037916,5262043.735303791,1.9533995308506963e-05,3.537622556247765e-11,1.0768063266493582e-06,1.0263320954425568e-06,8.100336393771232e-06,2.7580772353696584e-15,1.3052571384997858e+16
0.0036946012051993025,50787.01123040216,5078701.123040216,2.0239178315153784e-05,3.6339733770509294e-11,1.1232811428861986e-06,1.0706068703999689e-06,8.100336393771232e-06,2.857644639102735e-15,1.2597787530119056e+16
0.003851107002325569,48995.317682083696,4899531.768208369,2.0979298125087954e-05,3.731552090477874e-11,1.1717131178864388e-06,1.1167442462365634e-06,8.100336393771232e-06,2.9621448996478252e-15,1.2153355497322264e+16
0.004014242490499322,47246.98686964626,4724698.6869646255,2.1755617542802323e-05,3.830271759292858e-11,1.2221560000946716e-06,1.1647955145660252e-06,8.100336393771232e-06,3.071756317054124e-15,1.171967965041079e+16
0.004184288507901585,45543.28005180346,4554328.005180346,2.2569463051775163e-05,3.930050854198244e-11,1.2746759329283996e-06,1.2148232961097e-06,8.100336393771232e-06,3.1866661824429157e-15,1.1297072846331902e+16
0.004361537789208006,43885.12584171916,4388512.584171915,2.3422226931583083e-05,4.030813025609147e-11,1.329341989677454e-06,1.266893158542828e-06,8.100336393771232e-06,3.307071076930601e-15,1.0885765428849734e+16
0.0045462954695324,42273.15468102425,4227315.468102424,2.4315369509132697e-05,4.1324868685158437e-11,1.3862205337835449e-06,1.3210683450489094e-06,8.100336393771232e-06,3.433177189488445e-15,1.0485913779872262e+16
0.004738879609717651,40707.73133615441,4070773.13361544,2.5250421545179874e-05,4.2350056836784446e-11,1.4453874134664703e-06,1.377420946856951e-06,8.100336393771232e-06,3.5652006539040745e-15,1.0097608380212256e+16
0.004939621743878321,39188.985296048304,3918898.52960483,2.6228986757906085e-05,4.3383072379407655e-11,1.5069227816916213e-06,1.4360271193920652e-06,8.100336393771232e-06,3.70336790509459e-15,9720881349777884.0
0.005148867450137497,37716.83901115335,3771683.901115335,2.7252744485874532e-05,4.4423335260228545e-11,1.570914447970541e-06,1.4969700408169093e-06,8.100336393771232e-06,3.8479160550992075e-15,9355713452296672.0
0.005366976945540476,36291.03396320289,3629103.3963202885,2.832345249319841e-05,4.5470305357579795e-11,1.6374518647847308e-06,1.5603346917972853e-06,8.100336393771232e-06,3.99909328915137e-15,9002040561959335.0
0.005594325706169377,34911.154594585976,3491115.4594585975,2.9442949920230702e-05,4.652348018382888e-11,1.7066268917571447e-06,1.6262084580057435e-06,8.100336393771232e-06,4.157159282297586e-15,8659759599132671.0
0.005831305113526219,33576.65015659959,3357665.015659959,3.0613160383534944e-05,4.7582392651703044e-11,1.7785409970419738e-06,1.694687525236459e-06,8.100336393771232e-06,4.322385637093793e-15,8328733949848361.0
0.00607832312829723,32286.854558690447,3228685.4558690446,3.1836095229324756e-05,4.864660891409436e-11,1.8532922385613333e-06,1.765865419995565e-06,8.100336393771232e-06,4.49505634297055e-15,8008798389434528.0
0.006335804992658254,31041.00431713181,3104100.4317131806,3.311385694497413e-05,4.9715726284925114e-11,1.930990460001344e-06,1.839846345404393e-06,8.100336393771232e-06,4.675468257916832e-15,7699763534709549.0
0.006604193962330305,29838.25471252271,2983825.471252271,3.444864273359918e-05,5.07893712465045e-11,2.011748337501739e-06,1.9167373732010163e-06,8.100336393771232e-06,4.863931613188472e-15,7401419851871803.0
0.0068839520696454964,28677.6942720091,2867769.4272009097,3.58427482571044e-05,5.1867197546968994e-11,2.095687783165161e-06,1.996654110802482e-06,8.100336393771232e-06,5.060770541802751e-15,7113541248834423.0
0.007175560918936921,27558.35769507086,2755835.7695070854,3.729857155347385e-05,5.2948884389839544e-11,2.1829261389886946e-06,2.0797083949538615e-06,8.100336393771232e-06,5.266323631635262e-15,6835888281484428.0
0.007479522515621821,26479.237341845415,2647923.7341845413,3.881861713446882e-05,5.403413471642139e-11,2.2736028497066654e-06,2.1660320070695726e-06,8.100336393771232e-06,5.480944503989044e-15,6568211003377085.0
0.0077963601304052365,25439.293400900533,2543929.340090053,4.040550027028033e-05,5.512267358069463e-11,2.3678452951888076e-06,2.25574641670741e-06,8.100336393771232e-06,5.705002418560555e-15,6310251487865847.0
0.008126619200091945,24437.46284967796,2443746.2849677955,4.206195146806628e-05,5.6214246615460556e-11,2.4657955934656557e-06,2.3489864532679984e-06,8.100336393771232e-06,5.938882905780937e-15,6061746050752647.0
0.008470868266557402,23472.667315946033,2347266.731594603,4.3790821151694905e-05,5.730861858780531e-11,2.567589835085408e-06,2.4458819979625614e-06,8.100336393771232e-06,6.182988427566346e-15,5822427200331956.0
0.008829699955494083,22543.819942902566,2254381.9942902564,4.559508455040847e-05,5.84055720413867e-11,2.6733919649153468e-06,2.546587991452556e-06,8.100336393771232e-06,6.4377390675665224e-15,5592025340288928.0
0.00920373199661822,21649.83135435434,2164983.135435434,4.747784680452452e-05,5.950490602262806e-11,2.783357755645901e-06,2.6512525578137866e-06,8.100336393771232e-06,6.703573252057665e-15,5370270249370332.0
0.009593608287093146,20789.614809910196,2078961.4809910194,4.94423482967007e-05,6.060643488758937e-11,2.8976497017143425e-06,2.7600301208292726e-06,8.100336393771232e-06,6.980948502683491e-15,5156892360137241.0
0.01,19962.09063354656,1996209.0633546556,5.149197021771101e-05,6.170998718606926e-11,3.0164452191788017e-06,2.8730888404826714e-06,8.100336393771232e-06,7.270342222307827e-15,4951623857476755.0
0.01042360673976401,19166.189992384458,1916618.9992384454,5.363024037611286e-05,6.281540461935194e-11,3.1399192963464703e-06,2.9905949721348716e-06,8.100336393771232e-06,7.57225251530304e-15,4754199615932816.0
0.010865157746525383,18400.858096164113,1840085.809616411,5.586083926162677e-05,6.39225410679386e-11,3.2682560898555803e-06,3.112723455390167e-06,8.100336393771232e-06,7.887199043661097e-15,4564357993340238.0
0.011325413151528114,17665.056881793553,1766505.6881793549,5.818760637251142e-05,6.503126168558469e-11,3.4016389372160894e-06,3.2396489712382134e-06,8.100336393771232e-06,8.215723920379124e-15,4381841496730667.5
0.011805165285688056,16957.7672415401,1695776.7241540097,6.0614546817690296e-05,6.614144205598822e-11,3.5402743870414743e-06,3.371567218193415e-06,8.100336393771232e-06,8.558392641638142e-15,4206397335038524.5
0.012305240043592616,16277.990847962612,1627799.084796261,6.314583820487155e-05,6.725296740853088e-11,3.684377464364628e-06,3.508681855870142e-06,8.100336393771232e-06,8.915795059362258e-15,4037777871777939.0
0.012826498305280598,15624.75162356426,1562475.162356426,6.57858378264159e-05,6.836573188956342e-11,3.834155798598656e-06,3.6511905471449333e-06,8.100336393771232e-06,9.288546395817992e-15,3875740989592126.5
0.013369837418249465,14997.096898395952,1499709.689839595,6.853909015522645e-05,6.947963788583072e-11,3.98984507409779e-06,3.7993164154207794e-06,8.100336393771232e-06,9.677288301986764e-15,3720050377398505.0
0.013936192742241421,14394.098294450923,1439409.8294450922,7.141033466348418e-05,7.059459539675715e-11,4.151667933640636e-06,3.953271338176907e-06,8.100336393771232e-06,1.0082689961521156e-14,3570475749763980.0
0.014526539259467812,13814.852371659304,1381485.2371659304,7.440451397761606e-05,7.171052145244575e-11,4.319876959223338e-06,4.113294490157506e-06,8.100336393771232e-06,1.05054492421751e-14,3426793007144774.5
0.01514189325304352,13258.48106660237,1325848.1066602368,7.752678238346909e-05,7.282733957438627e-11,4.4947163544865156e-06,4.279618207941262e-06,8.100336393771232e-06,1.0946293896680924e-14,3288784344710105.5
0.01578331405652118,12724.131951702888,1272413.1951702887,8.078251469627864e-05,7.394497927601411e-11,4.6764383445204975e-06,4.452482496833704e-06,8.100336393771232e-06,1.1405982815133098e-14,3156238316634699.5
0.016451905877536626,12210.978339595707,1221097.8339595706,8.417731551064722e-05,7.506337560040791e-11,4.865326952497701e-06,4.632156121000108e-06,8.100336393771232e-06,1.188530733102703e-14,3028949861988060.0
0.01714881969870539,11718.219254616304,1171821.9254616303,8.771702884641782e-05,7.618246869256345e-11,5.061659958694562e-06,4.818902903353821e-06,8.100336393771232e-06,1.2385092583195672e-14,2906720297662165.0
0.017875255259042353,11245.07929084996,1124507.929084996,9.140774820700567e-05,7.730220340382524e-11,5.265752871671688e-06,5.013020935631838e-06,8.100336393771232e-06,1.2906198935982724e-14,2789357283160367.5
0.018632463119315597,10790.808373935619,1079080.8373935618,9.525582706747079e-05,7.842252892620094e-11,5.477872944292697e-06,5.21476605287548e-06,8.100336393771232e-06,1.3449523460092444e-14,2676674761512521.5
0.019421746814890263,10354.68144179868,1035468.1441798679,9.926788981035769e-05,7.954339845442226e-11,5.698357082878383e-06,5.424456742076848e-06,8.100336393771232e-06,1.4016001476661438e-14,2568492880080309.0
0.020244465099768037,9935.998057676794,993599.8057676794,0.00010345084312809988,8.066476887374925e-11,5.927555282040779e-06,5.6424235908934095e-06,8.100336393771232e-06,1.4606608167206433e-14,2464637894567766.5
0.021102034285685942,9534.081967182165,953408.1967182164,0.00010781188791159755,8.178660047164462e-11,6.165772844138823e-06,5.868958736255129e-06,8.100336393771232e-06,1.522236025221663e-14,2364942059149980.0
0.021995930680300747,9148.280609697764,914828.0609697764,0.00011235853164541111,8.290885667156563e-11,6.413365132555742e-06,6.1043990866921655e-06,8.100336393771232e-06,1.586431774127706e-14,2269243505274249.0
0.022927693128656487,8777.964593114575,877796.4593114575,0.00011709860133089404,8.403150378724068e-11,6.6707108637615805e-06,6.349103570029419e-06,8.100336393771232e-06,1.6533585757733617e-14,2177386111367943.0
0.023898925662310503,8422.52713976987,842252.7139769869,0.00012204025695949402,8.515451079590648e-11,6.9381955005614415e-06,6.603437106024139e-06,8.100336393771232e-06,1.723131644103845e-14,2089219365402731.5
0.024911300260677883,8081.38351042646,808138.3510426459,0.00012719200555940264,8.627784912908788e-11,7.2162259244205595e-06,6.8677857480401164e-06,8.100336393771232e-06,1.7958710930048468e-14,2004598222011853.8
0.025966559729348696,7753.970412228069,775397.0412228069,0.0001325627158397253,8.740149247960181e-11,7.505188218851338e-06,7.142516580017408e-06,8.100336393771232e-06,1.8717021430690022e-14,1923382955632637.8
0.027066520700332414,7439.745395765098,743974.5395765097,0.00013816163345736646,8.852541662355882e-11,7.80552743403671e-06,7.428051255177917e-06,8.100336393771232e-06,1.9507553371547058e-14,1845439010947840.0
0.028213076759394707,7138.18624567588,713818.6245675879,0.00014399839693290343,8.964959925622414e-11,8.11771754716405e-06,7.724837210208452e-06,8.100336393771232e-06,2.033166765108233e-14,1770636851723453.2
0.029408201705870638,6848.790368582447,684879.0368582447,0.00015008305424284401,9.077401984068354e-11,8.442181479525231e-06,8.033277978290716e-06,8.100336393771232e-06,2.1190782980359815e-14,1698851808985339.0
0.030653952950565267,6571.074181608478,657107.4181608477,0.00015642608011681575,9.189865946833278e-11,8.779381179653278e-06,8.353812833865858e-06,8.100336393771232e-06,2.2086378325298967e-14,1629963929340266.8
0.03195247505759213,6304.5725042401555,630457.2504240155,0.00016303839406946608,9.302350073028546e-11,9.12984615361694e-06,8.686941914569815e-06,8.100336393771232e-06,2.301999545266563e-14,1563857824126170.5
0.03330600343624589,6048.837955864215,604883.7955864214,0.00016993137919810088,9.414852759885706e-11,9.494089278866974e-06,9.033151815650076e-06,8.100336393771232e-06,2.3993241584180253e-14,1500422519970636.8
0.034716868189265594,5803.440360941489,580344.0360941489,0.00017711690177842602,9.527372531834966e-11,9.872634339333129e-06,9.392939941179454e-06,8.100336393771232e-06,2.5007792163313372e-14,1439551311243392.5
0.0361874981241128,5567.966163446537,556796.6163446538,0.00018460733169211124,9.639908030441539e-11,1.0266065588425443e-05,9.766858565909759e-06,8.100336393771232e-06,2.606539373952908e-14,1381141614807251.0
0.03772042493416997,5342.017851915555,534201.7851915554,0.00019241556372134633,9.752458005133517e-11,1.0674940548538163e-05,1.0155437513228483e-05,8.100336393771232e-06,2.7167866974942362e-14,1325094827400463.5
0.0393182875570577,5125.2133961943455,512521.33961943456,0.0002005550397470416,9.86502130465965e-11,1.1099891340482742e-05,1.0559274314791128e-05,8.100336393771232e-06,2.831710977856537e-14,1271316185921283.5
0.040983836717572615,4917.18569675925,491718.569675925,0.00020903977188888202,9.97759686922019e-11,1.154151740833063e-05,1.0978938706825216e-05,8.100336393771232e-06,2.9515100573537454e-14,1219714630831268.8
0.042719939663067766,4717.582047293632,471758.20472936315,0.00021788436662707378,1.0090183723218373e-10,1.2000449998659734e-05,1.141503027082919e-05,8.100336393771232e-06,3.076390170296403e-14,1170202672846646.2
0.044529585099426554,4526.0636110380365,452606.3611038036,0.00022710404994729733,1.0202780968583895e-10,1.2477370245890854e-05,1.1868194042260859e-05,8.100336393771232e-06,3.206566298022572e-14,1122696263046253.4
0.046415888336127774,4342.304911289029,434230.4911289029,0.0002367146935521612,1.0315387778623756e-10,1.2972987483730933e-05,1.2339101647778183e-05,8.100336393771232e-06,3.342262538987074e-14,1077114666489077.6
0.04838209664925957,4165.993336299139,416599.3336299138,0.00024673284218427273,1.0428003392359056e-10,1.3488016299945436e-05,1.2828431061598955e-05,8.100336393771232e-06,3.483712494546055e-14,1033380339404012.2
0.050431594871713586,3996.828658724477,399682.86587244767,0.0002571757421079594,1.0540627109309609e-10,1.4023225757888227e-05,1.3336910387147576e-05,8.100336393771232e-06,3.6311596711009726e-14,991418809988180.9
0.05256791122018425,3834.5225696760585,383452.2569676058,0.0002680613707986763,1.0653258284691254e-10,1.4579424566310176e-05,1.386530380647948e-05,8.100336393771232e-06,3.784857899294353e-14,951158562827730.6
0.05479472336900287,3678.7982273539133,367879.82273539127,0.0002794084678912021,1.0765896324993299e-10,1.515737789786629e-05,1.4414340216765777e-05,8.100336393771232e-06,3.945071770978838e-14,912530926935907.2
0.05711586478126429,3529.3898201774396,352938.9820177439,0.0002912365674399067,1.0878540683906299e-10,1.575796638943232e-05,1.4984850710541138e-05,8.100336393771232e-06,4.1120770947118746e-14,875469967386943.0
0.0595353313081437,3386.0421442705842,338604.2144270584,0.00030356603154661944,1.0991190858572432e-10,1.6382003206125324e-05,1.557761080890225e-05,8.100336393771232e-06,4.286161370560054e-14,839912380510676.8
0.062057288067765004,3248.510195114104,324851.0195114104,0.0003164180854139885,1.11038463861331e-10,1.703045124205818e-05,1.6193528473835475e-05,8.100336393771232e-06,4.4676242850304915e-14,805797392601341.0
0.06468607661546327,3116.5587731388796,311655.87731388793,0.0003298148538846832,1.1216506840550341e-10,1.7704227143804723e-05,1.6833474978835712e-05,8.100336393771232e-06,4.6567782269813716e-14,773066662084443.1
0.06742622241778341,2989.9621030030453,298996.21030030446,0.00034377939952932586,1.1329171829680259e-10,1.8404289491040056e-05,1.7498358028896468e-05,8.100336393771232e-06,4.853948825399588e-14,741664185077938.1
0.07028244264308345,2868.5034662699363,286850.34662699356,0.00035833576234873524,1.1441840992578767e-10,1.913172139493684e-05,1.8189201999135942e-05,8.100336393771232e-06,5.0594755099714345e-14,711536204277491.5
0.0732596542821523,2751.9748471838006,275197.48471838003,0.00037350900115882337,1.1554513997021119e-10,1.9887550291107147e-05,1.8906979001762513e-05,8.100336393771232e-06,5.273712095411313e-14,682631121090660.4
0.07636298261282241,2640.1765912244323,264017.6591224432,0.00038932523672938283,1.1667190537218346e-10,2.0672906215675825e-05,1.96527611109235e-05,8.100336393771232e-06,5.4970273905542716e-14,654899410940902.8
0.07959777002314986,2532.917076109858,253291.7076109858,0.000405811696751041,1.177987033171506e-10,2.1488839737643003e-05,2.04275438251319e-05,8.100336393771232e-06,5.729805833261098e-14,628293541659346.8
0.08296958520834907,2430.0123949079125,243001.23949079122,0.00042299676270778026,1.1892553121454197e-10,2.2336627000772416e-05,2.123253578553753e-05,8.100336393771232e-06,5.972448152228829e-14,602767894880181.4
0.08648423275731718,2331.286050911766,233128.60509117658,0.000440910018735719,1.2005238667995516e-10,2.3217347956643372e-05,2.2068762462728574e-05,8.100336393771232e-06,6.225372056845974e-14,578278690354116.1
0.09014776314524918,2236.5686639313785,223656.86639313784,0.0004595823025522655,1.211792675187563e-10,2.4132440783974166e-05,2.2937582697127753e-05,8.100336393771232e-06,6.489012956280155e-14,554783913093573.1
0.0939664831495469,2145.6976876518634,214569.7687651863,0.0004790457585433164,1.2230617171098377e-10,2.5083089651187217e-05,2.3840118747433004e-05,8.100336393771232e-06,6.76382470903592e-14,532243243263045.06
0.09794696670695395,2058.517137710504,205851.7137710504,0.0004993338930998894,1.234330973974517e-10,2.6070767161534612e-05,2.4777765790243826e-05,8.100336393771232e-06,7.050280404273194e-14,510617988728225.7
0.10209606623060465,1974.8773301464682,197487.7330146468,0.0005204816322994568,1.245600428669584e-10,2.709686063836499e-05,2.5751835401849004e-05,8.100336393771232e-06,7.348873176231425e-14,489871020178105.1
0.10642092440647247,1894.634629880945,189463.46298809448,0.0005425253820312666,1.2568700654451123e-10,2.8162817654471947e-05,2.6763699627438988e-05,8.100336393771232e-06,7.660117053161266e-14,469966708735124.44
0.11092898648952228,1817.6512088899497,181765.12088899495,0.0005655030906691741,1.268139869804884e-10,2.9270344101556798e-05,2.7814969475621355e-05,8.100336393771232e-06,7.984547842225551e-14,450870865969608.1
0.11562801312073753,1743.7948137377748,174379.48137377747,0.0005894543143998574,1.2794098284066204e-10,3.0420709602421016e-05,2.890685280875707e-05,8.100336393771232e-06,8.322724051892575e-14,432550686236120.7
0.12052609368708427,1672.9385421451825,167293.85421451824,0.0006144202853188997,1.2906799289701555e-10,3.1616010511950655e-05,3.004133136049121e-05,8.100336393771232e-06,8.675227853409943e-14,414974691250900.1
0.125631660247412,1604.9606282734806,160496.06282734804,0.0006404439824119337,1.3019501601929015e-10,3.285722925996828e-05,3.121934441518503e-05,8.100336393771232e-06,9.042666083013668e-14,398112676831280.3
0.13095350204826678,1539.7442364127248,153974.42364127247,0.0006675702055430876,1.3132205116720507e-10,3.414709732151148e-05,3.244346363858553e-05,8.100336393771232e-06,9.425671286598474e-14,381935661719767.5
0.1365007806546014,1477.1772627702353,147717.72627702352,0.0006958456525780602,1.3244909738329594e-10,3.548641676427201e-05,3.3714459407803353e-05,8.100336393771232e-06,9.824902808647093e-14,366415838417410.94
0.1422830457214352,1417.1521450633802,141715.214506338,0.0007253189997746193,1.33576153786323e-10,3.687813905269886e-05,3.503511413135707e-05,8.100336393771232e-06,1.0241047927293533e-13,351526525953032.56
0.14831025143361043,1359.565679628815,135956.56796288147,0.000756040985578908,1.3470321956520413e-10,3.832344432801349e-05,3.640655621421161e-05,8.100336393771232e-06,1.0674823037474179e-13,337242124516924.4
0.1545927736419477,1304.3188457686347,130431.88457686346,0.0007880644979718079,1.3583029397343007e-10,3.98248358954024e-05,3.7831150379896704e-05,8.100336393771232e-06,1.112697488420351e-13,323538071889671.1
0.161141427725302,1251.3166370621789,125131.66370621788,0.0008214446655157438,1.3695737632392467e-10,4.138445944396537e-05,3.9310917618404426e-05,8.100336393771232e-06,1.1598281848097689e-13,310390801598812.7
0.16796748720926533,1200.467899380655,120046.78993806549,0.000856238952258644,1.3808446598431354e-10,4.300430323519533e-05,4.084774901874891e-05,8.100336393771232e-06,1.208955528535875e-13,297777702738151.0
0.17508270317357252,1151.6851753499845,115168.51753499843,0.0008925072566584557,1.392115623725698e-10,4.4686947490617634e-05,4.244408777749516e-05,8.100336393771232e-06,1.260164092452656e-13,285677081386545.75
0.18249932448161524,1104.8845550156198,110488.45550156197,0.0009303120146984911,1.4033866495300573e-10,4.643421873945116e-05,4.410166786892318e-05,8.100336393771232e-06,1.3135420322402587e-13,274068123565118.44
0.1902301188668944,1059.9855324711468,105998.55324711467,0.0009697183073711494,1.4146577323258412e-10,4.8249352187919966e-05,4.5823539560206306e-05,8.100336393771232e-06,1.3691812381652448e-13,262930859673781.2
0.19828839491270714,1016.9108682206556,101691.08682206555,0.0010107939727150106,1.425928867575227e-10,5.013419769302656e-05,4.7611460421666507e-05,8.100336393771232e-06,1.427177493269918e-13,252246130350035.1
0.2066880249629082,975.5864570526696,97558.64570526696,0.0010536097225982031,1.4372000511016902e-10,5.2092174061299745e-05,4.946865268198375e-05,8.100336393771232e-06,1.4876306382630915e-13,241995553694917.25
0.21544346900318845,935.9412012112501,93594.120121125,0.001098239264449075,1.4484712790612417e-10,5.412538466397555e-05,5.139712066062681e-05,8.100336393771232e-06,1.550644743396137e-13,232161493812920.53
0.2245697995539774,897.9068886574671,89790.6888657467,0.001144759428143718,1.4597425479159507e-10,5.623711218098859e-05,5.339996400870996e-05,8.100336393771232e-06,1.6163282876201841e-13,222727030614584.7
0.2340827276178292,861.4180762218101,86141.807622181,0.0011932502982688188,1.4710138544095813e-10,5.8430231321342237e-05,5.54798972960631e-05,8.100336393771232e-06,1.6847943453329468e-13,213675930832292.38
0.243998629725955,826.4119774554113,82641.19774554111,0.0012437953519874854,1.4822851955451636e-10,6.070788023283135e-05,5.763989040351368e-05,8.100336393771232e-06,1.756160781036594e-13,204992620201611.56
0.25433457613046484,792.8283549949319,79282.83549949319,0.0012964816027453987,1.493556568564352e-10,6.307324477543923e-05,5.9882959992952706e-05,8.100336393771232e-06,1.830550452241795e-13,196662156762259.0
0.2651083601908539,760.6094172628153,76060.94172628153,0.0013513997500647018,1.5048279709284253e-10,6.552945372791242e-05,6.221207253561282e-05,8.100336393771232e-06,1.9080914209672685e-13,188670205234456.38
0.27633852900531697,729.6997193312832,72969.97193312831,0.0014086443356834662,1.5160994003008045e-10,6.808018588075008e-05,6.463070203000262e-05,8.100336393771232e-06,1.9889171741988795e-13,181003012428109.4
0.28804441533962977,700.0460677848589,70004.60677848588,0.0014683139063095514,1.5273708545309542e-10,7.072887917191401e-05,6.71420989924886e-05,8.100336393771232e-06,2.0731668536878559e-13,173647383643826.62
0.30024617090855493,671.5974294224793,67159.74294224793,0.0015305111832690141,1.538642331639571e-10,7.347945350652738e-05,6.974996804495679e-05,8.100336393771232e-06,2.1609854954836636e-13,166590660026353.5
0.312964801067075,644.3048436462598,64430.484364625976,0.0015953432393411653,1.5499138298049524e-10,7.633558202031788e-05,7.245778431240283e-05,8.100336393771232e-06,2.2525242796139826e-13,159820696832485.88
0.326222200971167,618.1213383898798,61812.133838987975,0.0016629216830846363,1.5611853473504465e-10,7.930147150312587e-05,7.52695210966269e-05,8.100336393771232e-06,2.347940790341518e-13,153325842576991.25
0.34004119327037063,593.0018494451677,59300.184944516775,0.0017333628509718017,1.5724568827329005e-10,8.238109683322191e-05,7.818894217520849e-05,8.100336393771232e-06,2.4473992874457083e-13,147094919021457.8
0.3544455673970435,568.9031430509214,56890.31430509213,0.001806788007662357,1.5837284345320382e-10,8.557878292688836e-05,8.1220139625529e-05,8.100336393771232e-06,2.55107098899643e-13,141117201972345.38
0.3694601205199302,545.7837416133304,54578.374161333035,0.0018833235547607262,1.5950000014406694e-10,8.889924412977326e-05,8.436755204879394e-05,8.100336393771232e-06,2.659134366106306e-13,135382402855835.25
0.3851107002325569,523.6038524323736,52360.38524323735,0.001963101248416778,1.606271582255688e-10,9.234667877240216e-05,8.763517761168671e-05,8.100336393771232e-06,2.771775450169241e-13,129880651038315.14
0.4014242490499322,502.3252993135355,50232.52993135354,0.0020462584261443945,1.6175431758697878e-10,9.592608439546648e-05,9.102772910482561e-05,8.100336393771232e-06,2.8891881531139613e-13,124602476862572.2
0.418428850790158,481.9114569488918,48191.14569488917,0.0021329382432483603,1.628814781263829e-10,9.964248983654689e-05,9.454995648675463e-05,8.100336393771232e-06,3.011574601223908e-13,119538795370931.72
0.43615377892080054,462.32718795616756,46232.718795616755,0.0022232899192666106,1.640086397499823e-10,0.00010350102105621627,9.820670915646095e-05,8.100336393771232e-06,3.1391454830981896e-13,114680890687709.36
0.4546295469532399,443.5387824687803,44353.87824687803,0.0023174689948520515,1.6513580237144662e-10,0.0001075070230761478,0.00010200303867313657,8.100336393771232e-06,3.272120412352545e-13,110020401034438.73
0.4738879609717651,425.5139001740823,42551.39001740822,0.0024156375995362488,1.6626296591131988e-10,0.00011166610522221676,0.00010594424411352375,8.100336393771232e-06,3.4107283056848294e-13,105549304352378.42
0.4939621743878321,408.2215147011339,40822.151470113386,0.0025179647308358095,1.6739013029647274e-10,0.0001159841807781471,0.00011003590296192787,8.100336393771232e-06,3.5552077769556616e-13,101259904507823.02
0.5148867450137492,391.6318602631983,39163.186026319825,0.0026246265451820745,1.6851729545959856e-10,0.00012046696291360719,0.00011428343679966781,8.100336393771232e-06,3.7058075479628465e-13,97144818056701.0
0.5366976945540476,375.71638046395975,37571.63804639597,0.0027358066611749077,1.6964446133875047e-10,0.00012512080016836066,0.00011869283218557355,8.100336393771232e-06,3.8627868766166473e-13,93196961545887.34
0.5594325706169377,360.44767918008927,36044.767918008925,0.0028516964756825835,1.7077162787691385e-10,0.00012995229820681492,0.00012327031922787558,8.100336393771232e-06,4.0264160032529353e-13,89409539329556.75
0.5831305113526225,345.7994734362456,34579.94734362455,0.002972495493332024,1.718987950216141e-10,0.00013496754658995542,0.00012802169067652514,8.100336393771232e-06,4.1969766158526757e-13,85776031879763.25
0.6078323128297229,331.74654819197985,33174.65481919798,0.0030984116699565305,1.7302596272455477e-10,0.00014017383765073355,0.00013295381348526282,8.100336393771232e-06,4.374762334968515e-13,82290184571270.17
0.6335804992658247,318.2647129632106,31826.471296321062,0.0032296617705923443,1.7415313094128524e-10,0.00014557830442092835,0.0001380734267532862,8.100336393771232e-06,4.560079219193407e-13,78945996921447.64
0.6604193962330305,305.33076020406145,30533.07602040614,0.0033664717426402104,1.7528029963089434e-10,0.00015118844351122554,0.00014338761361445317,8.100336393771232e-06,4.75324629204125e-13,75737712266830.67
0.6883952069645496,292.92242537780515,29292.242537780512,0.003509077104834428,1.764074687557282e-10,0.00015701183800681255,0.00014890354357384054,8.100336393771232e-06,4.954596091146724e-13,72659807858662.25
0.7175560918936928,281.0183486485289,28101.834864852884,0.0036577233526890137,1.7753463828113153e-10,0.00016305649373695894,0.00015462877197945293,8.100336393771232e-06,5.164475240729762e-13,69706985360458.52
0.7479522515621821,269.59803812789426,26959.803812789425,0.003812666381118875,1.786618081752084e-10,0.00016933093706113757,0.0001605713516004785,8.100336393771232e-06,5.383245048310051e-13,66874161731317.42
0.7796360130405229,258.64183461398994,25864.183461398996,0.00397417292496358,1.7978897840860253e-10,0.00017584369124646408,0.00016673933547555205,8.100336393771232e-06,5.611282126698886e-13,64156460479342.85
0.8126619200091946,248.13087776181712,24813.08777618171,0.00414252101817213,1.8091614895429535e-10,0.00018260323789449058,0.000173140744375685,8.100336393771232e-06,5.848979042339172e-13,61549203270187.45
0.8470868266557402,238.04707362739322,23804.70736273932,0.004318000472439091,1.8204331978741942e-10,0.0001896194810307614,0.0001797849072751532,8.100336393771232e-06,6.096744991109531e-13,59047901876323.12
0.8829699955494091,228.3730635297761,22837.30635297761,0.004500913376116302,1.8317049088508776e-10,0.00019690137115001993,0.0001866803181201714,8.100336393771232e-06,6.355006502756241e-13,56648250453223.58
0.9203731996618221,219.0921941775932,21909.219417759316,0.004691574614258669,1.8429766222623546e-10,0.00020445883506679956,0.00019383633988368637,8.100336393771232e-06,6.624208175165186e-13,54346118129209.125
0.9593608287093147,210.18848900877342,21018.84890087734,0.004890312410699724,1.854248337914751e-10,0.00021230235672345315,0.00020126286699209008,8.100336393771232e-06,6.904813439738425e-13,52137541896227.95
1.0,201.64662069429133,20164.66206942913,0.0050974688930897965,1.8655200556296305e-10,0.00022044264949400613,0.00020897001470039512,8.100336393771232e-06,7.197305359192554e-13,50018719789372.31
1.042360673976401,193.45188475869563,19345.188475869563,0.005313400681869675,1.876791775242764e-10,0.00022889080305992684,0.0002169682491397905,8.100336393771232e-06,7.502187459152449e-13,47986004343414.61
1.0865157746525373,185.59017427211234,18559.01742721123,0.005538479504193678,1.8880634966029997e-10,0.00023765828753775765,0.00022526840406799753,8.100336393771232e-06,7.819984594972021e-13,46035896315124.14
1.1325413151528125,178.04795557024627,17804.795557024627,0.005773092833858959,1.899335219571223e-10,0.00024675671583085373,0.00023388145692871992,8.100336393771232e-06,8.15124385527413e-13,44165038660580.36
1.1805165285688055,170.81224496066477,17081.224496066476,0.006017644558342596,1.910606944019393e-10,0.00025619859408849976,0.00024281919873383553,8.100336393771232e-06,8.496535503764993e-13,42370210757134.66
1.2305240043592616,163.87058637532323,16387.058637532322,0.006272555674095113,1.921878669829668e-10,0.00026599694116402655,0.00025209390848595145,8.100336393771232e-06,8.856453960944878e-13,40648322860088.836
1.2826498305280598,157.211029930938,15721.102993093798,0.006538265011286885,1.9331503968935872e-10,0.00027616458807754984,0.00026171772174261496,8.100336393771232e-06,9.231618827404447e-13,38996410784566.3
1.3369837418249453,150.8221113603404,15082.211136034039,0.006815229989255517,1.9444221251113275e-10,0.00028671513113873854,0.00027170347616615055,8.100336393771232e-06,9.622675950468909e-13,37411630803431.28
1.3936192742241436,144.6928322794584,14469.283227945838,0.007103927403954434,1.9556938543910144e-10,0.00029766240800972363,0.0002820642560639869,8.100336393771232e-06,1.003029853602589e-12,35891254752486.74
1.4526539259467812,138.81264125599498,13881.264125599497,0.007404854248758379,1.9669655846480875e-10,0.0003090216211131698,0.0002928143834882115,8.100336393771232e-06,1.045518830745116e-12,34432665334534.12
1.514189325304352,133.17141564725014,13317.141564725014,0.007718528570038911,1.9782373158047217e-10,0.0003208080579259255,0.00030396829090293016,8.100336393771232e-06,1.089807671362739e-12,33033351614220.297
1.5783314056521165,127.7594441758576,12775.944417585759,0.008045490358982514,1.9895090477892866e-10,0.00033303759108963324,0.000315540956758942,8.100336393771232e-06,1.1359726188135236e-12,31690904695925.258
1.6451905877536608,122.56741021346234,12256.741021346234,0.008386302481187024,2.0007807805358575e-10,0.000345726730105716,0.0003275479536435746,8.100336393771232e-06,1.1840931461784975e-12,30403013577255.473
1.7148819698705409,117.58637574359665,11758.637574359664,0.008741551645636142,2.0120525139837597e-10,0.00035889164164094,0.0003400045516504853,8.100336393771232e-06,1.2342520930747578e-12,29167461171013.39
1.7875255259042355,112.80776597616263,11280.776597616261,0.009111849414720522,2.0233242480771461e-10,0.00037254979253856674,0.00035292724826899516,8.100336393771232e-06,1.286535808264094e-12,27982120488798.78
1.8632463119315599,108.22335458705595,10822.335458705595,0.0094978332570442,2.0345959827646204e-10,0.00038672023320050243,0.0003663339947454377,8.100336393771232e-06,1.3410342983026285e-12,26844950979677.3
1.9421746814890244,103.8252495575442,10382.52495575442,0.00990016764482834,2.0458677179988765e-10,0.0004014223633596801,0.00038024306660275597,8.100336393771232e-06,1.397841382487325e-12,25753995017618.844
2.024446509976802,99.60587958902977,9960.587958902976,0.010319545197802106,2.0571394537363767e-10,0.00041667480480194407,0.00039467208553605436,8.100336393771232e-06,1.4570548543661809e-12,24707374531660.996
2.1102034285685964,95.55798106983202,9555.798106983202,0.01075668787554925,2.0684111899370486e-10,0.000432497463780617,0.0004096398439190208,8.100336393771232e-06,1.5187766500900625e-12,23703287773001.527
2.1995930680300746,91.67458557155815,9167.458557155815,0.011212348220363561,2.079682926564012e-10,0.0004489110700618062,0.00042516590154106324,8.100336393771232e-06,1.5831130238960772e-12,22740006213456.055
2.292769312865649,87.94900785355227,8794.900785355227,0.011687310652752412,2.0909546635833222e-10,0.0004659376592490051,0.0004412710283316141,8.100336393771232e-06,1.6501747310245211e-12,21815871569945.312
2.389892566231048,84.3748343547806,8437.48343547806,0.012182392821818773,2.1022264009637375e-10,0.00048359993053217446,0.000457976634411234,8.100336393771232e-06,1.7200772183843239e-12,20929292949891.496
2.491130026067791,80.94591215334967,8094.591215334966,0.01269844701284636,2.113498138676506e-10,0.0005019212080053468,0.0004753047207729442,8.100336393771232e-06,1.7929408232952178e-12,20078744112611.684
2.5966559729348724,77.6563383746603,7765.633837466028,0.01323636161451095,2.1247698766951608e-10,0.0005209254199349469,0.0004932778734603487,8.100336393771232e-06,1.8688909806487387e-12,19262760841995.99
2.7066520700332415,74.5004500299669,7450.04500299669,0.013797062648244028,2.1360416149953474e-10,0.000540637614880898,0.0005119197038588741,8.100336393771232e-06,1.9480584388447566e-12,18479938425948.26
2.8213076759394706,71.47281426785926,7147.281426785927,0.014381515362381072,2.1473133535546476e-10,0.0005610838749305672,0.0005312548055254718,8.100336393771232e-06,2.0305794848751803e-12,17728929238252.85
2.940820170587061,68.5682190218867,6856.82190218867,0.01499072589383909,2.1585850923524285e-10,0.0005822909527430256,0.0005513084193605293,8.100336393771232e-06,2.1165961789423726e-12,17008440418704.994
3.06539529505653,65.781664038229,6578.166403822899,0.015625743000184225,2.169856831369702e-10,0.0006042862323413455,0.000572106366352735,8.100336393771232e-06,2.2062565990161963e-12,16317231647512.332
3.1952475057592133,63.1083522679751,6310.835226797509,0.01628765986507047,2.1811285705889893e-10,0.0006270989806198741,0.0005936762333359181,8.100336393771232e-06,2.2997150957506026e-12,15654113010137.885
3.330600343624589,60.54368160919104,6054.3681609191035,0.01697761598015845,2.192400309994205e-10,0.000650757884508704,0.0006160451385455109,8.100336393771232e-06,2.3971325581987236e-12,15017942948908.703
3.4716868189265595,58.083236984567044,5808.323698456704,0.017696799106753314,2.203672049570544e-10,0.0006752939354466463,0.0006392422880605153,8.100336393771232e-06,2.4986766907837985e-12,14407626297865.422
3.6187498124112767,55.722782741006995,5572.278274100699,0.01844644732053903,2.214943789304381e-10,0.0007007392719247861,0.0006632979686253494,8.100336393771232e-06,2.6045223020027945e-12,13822112397470.027
3.7720424934170014,53.45825535807881,5345.82553580788,0.019227851142929023,2.226215529183175e-10,0.0007271273531410382,0.0006882437222856955,8.100336393771232e-06,2.7148516053597014e-12,13260393285927.03
3.9318287557057703,51.285756452775914,5128.57564527759,0.02004235576270205,2.2374872691953828e-10,0.0007544921304862667,0.0007141115707724004,8.100336393771232e-06,2.8298545330465467e-12,12721501964004.965
4.0983836717572615,49.20154606854756,4920.154606854755,0.020891363351748647,2.248759009330381e-10,0.0007828678048763607,0.0007409337620339524,8.100336393771232e-06,2.9497290629122183e-12,12204510730371.215
4.271993966306777,47.202036237049626,4720.203623704962,0.02177633547891356,2.260030749578393e-10,0.0008122921515081484,0.0007687459022973173,8.100336393771232e-06,3.074681559281829e-12,11708529584575.494
4.4529585099426505,45.28378480153157,4528.3784801531565,0.022698795626090475,2.2713024899304194e-10,0.0008428034260857947,0.0007975840479703223,8.100336393771232e-06,3.2049271282134647e-12,11232704694932.525
4.641588833612782,43.44348949122865,4344.348949122865,0.023660331810900225,2.282574230378178e-10,0.0008744413062235762,0.0008274855699109063,8.100336393771232e-06,3.340689987803845e-12,10776216928666.955
4.838209664925957,41.67798223655964,4167.798223655964,0.024662599320467375,2.2938459709140462e-10,0.0009072441613745414,0.0008584866986623365,8.100336393771232e-06,3.4822038541803734e-12,10338280441790.371
5.0431594871713585,39.984223715344505,3998.4223715344506,0.025707323561001406,2.3051177115310075e-10,0.0009412558921306975,0.0008906287587778152,8.100336393771232e-06,3.629712343844079e-12,9918141326283.14
5.256791122018419,38.359298120654174,3835.929812065417,0.026796303028088293,2.3163894522226048e-10,0.0009765196431949269,0.0009239524487324104,8.100336393771232e-06,3.783469393056091e-12,9515076312252.406
5.479472336900281,36.80040814128651,3680.0408141286507,0.027931412402805295,2.3276611929828955e-10,0.0010130786507207095,0.0009584986011226815,8.100336393771232e-06,3.943739694989575e-12,9128391522832.283
5.711586478126435,35.30487014622733,3530.487014622732,0.02911460577898959,2.33893293380641e-10,0.0010509809109795567,0.0009943123718034095,8.100336393771232e-06,4.1107991553997495e-12,8757421279682.838
5.95353313081437,33.87010956480775,3387.0109564807744,0.03034792002721593,2.350204674688113e-10,0.0010902750099372105,0.0010314395430931105,8.100336393771232e-06,4.284935367596378e-12,8401526957031.814
6.2057288067765,32.49365645460482,3249.3656454604816,0.03163347830127504,2.361476415623372e-10,0.0011310098393835454,0.0010699262035855745,8.100336393771232e-06,4.466448107536446e-12,8060095882286.3125
6.46860766154632,31.17314124945664,3117.314124945664,0.03297349369318832,2.372748156607922e-10,0.0011732370775541451,0.001109821060283716,8.100336393771232e-06,4.655649849889248e-12,7732540281322.1455
6.742622241778335,29.906290680272086,2990.629068027208,0.034370273043051805,2.3840198976378384e-10,0.001217011334008188,0.0011511755547357523,8.100336393771232e-06,4.852866305962379e-12,7418296266635.104
7.028244264308353,28.690923861613165,2869.092386161316,0.03582622091026781,2.395291638709509e-10,0.001262385972884927,0.0011940399826432125,8.100336393771232e-06,5.05843698441466e-12,7116822866612.376
7.3259654282152304,27.524948537314284,2752.494853731428,0.0373438437129998,2.406563379819608e-10,0.0013094196436972633,0.0012384695816752506,8.100336393771232e-06,5.272715775721125e-12,6827601094253.264
7.636298261282241,26.406357478673776,2640.635747867377,0.038925754042978725,2.417835120965077e-10,0.001358170999957928,0.0012845196313318458,8.100336393771232e-06,5.496071561396515e-12,6550133053735.683
7.959777002314977,25.333225029019477,2533.3225029019477,0.04057467516308607,2.4291068621430987e-10,0.0014087005792390909,0.001332247144451692,8.100336393771232e-06,5.728888849025727e-12,6283941083290.921
8.296958520834915,24.303703788698233,2430.370378869823,0.042293445695458884,2.4403786033510813e-10,0.0014610740925549896,0.0013817139707500597,8.100336393771232e-06,5.971568434194725e-12,6028566932910.76
8.648423275731727,23.316021434784457,2331.602143478445,0.04408502450818447,2.451650344586639e-10,0.0015153530889728184,0.0014329782150429519,8.100336393771232e-06,6.224528090461106e-12,5783570975471.839
9.014776314524918,22.368477670031005,2236.8477670031,0.04595249580900077,2.4629220858475757e-10,0.0015716065186366307,0.0014861048540316022,8.100336393771232e-06,6.488203288552535e-12,5548531449918.75
9.39664831495469,21.4594412958123,2145.94412958123,0.04789907445476756,2.474193827131871e-10,0.001629904184516839,0.001541159564895511,8.100336393771232e-06,6.763047946030669e-12,5323043735203.581
9.794696670695386,20.587347404019162,2058.734740401916,0.04992811148585164,2.485465568437665e-10,0.001690318689552905,0.0015982107503044372,8.100336393771232e-06,7.0495352087115366e-12,5106719653731.586
10.209606623060475,19.750694683072528,1975.0694683072527,0.052043099894951296,2.496737309763246e-10,0.0017529258970650635,0.001657329844256318,8.100336393771232e-06,7.34815826518724e-12,4899186803114.219
10.642092440647247,18.94804283341749,1894.8042833417487,0.054247680640293144,2.508009051107038e-10,0.001817799694602171,0.0017185864556180522,8.100336393771232e-06,7.659431195851541e-12,4700087915078.881
11.092898648952227,18.178010088049348,1817.8010088049346,0.05654564891355102,2.5192807924675905e-10,0.0018850255499868612,0.001782061041775162,8.100336393771232e-06,7.983889857890541e-12,4509080240432.04
11.562801312073754,17.439270833802667,1743.9270833802664,0.058940960673279155,2.53055253384357e-10,0.001954678488640271,0.0018478243067341386,8.100336393771232e-06,8.322092807762363e-12,4325834959016.716
12.052609368708413,16.730553329309036,1673.0553329309032,0.06143773945510494,2.541824275233747e-10,0.002026853517049085,0.0019159656992100008,8.100336393771232e-06,8.674622262753518e-12,4150036613648.7886
12.563166024741214,16.050637515694472,1605.063751569447,0.06404028347040723,2.5530960166369926e-10,0.002101629385206881,0.0019865593990412997,8.100336393771232e-06,9.042085103267606e-12,3981382567057.5054
13.095350204826676,15.39835291624842,1539.8352916248418,0.06675307300569758,2.564367758052264e-10,0.002179101514086548,0.0020596952114519665,8.100336393771232e-06,9.425113917571399e-12,3819582480895.4927
13.650078065460137,14.772576621447444,1477.2576621447442,0.06958077813544708,2.575639499478605e-10,0.002259372520561282,0.002135469615785689,8.100336393771232e-06,9.82436809079748e-12,3664357815921.141
14.22830457214352,14.172231355866348,1417.2231355866345,0.07252826676163109,2.5869112409151344e-10,0.0023425179033443057,0.002213953996270495,8.100336393771232e-06,1.024053494007735e-11,3515441352493.26
14.831025143361028,13.5962836236479,1359.6283623647898,0.07560061299383541,2.59818298236104e-10,0.002428668361851394,0.002295271233466705,8.100336393771232e-06,1.067433089775971e-11,3372576730552.3154
15.459277364194785,13.04374192933879,1304.3741929338787,0.07880310588435052,2.6094547238155757e-10,0.002517892534641675,0.0023794861175128485,8.100336393771232e-06,1.11265027447508e-11,3235518008296.352
16.114142772530197,12.513655071029508,1251.3655071029507,0.08214125853328816,2.6207264652780544e-10,0.0026103277488810734,0.002466727774990612,8.100336393771232e-06,1.1597828896099584e-11,3104029238792.0127
16.79674872092653,12.005110502859115,1200.5110502859113,0.08562081757939899,2.6319982067478433e-10,0.002706079259389349,0.002557095301545009,8.100336393771232e-06,1.2089120741041489e-11,2977884063791.605
17.508270317357233,11.517232764066586,1151.7232764066584,0.08924777309292596,2.643269948224361e-10,0.002805233481070167,0.002650670104960398,8.100336393771232e-06,1.2601224039807039e-11,2856865324057.1436
18.249932448161506,11.049181971883952,1104.9181971883952,0.09302836888752644,2.65454168970707e-10,0.002907970590316622,0.002747621628174342,8.100336393771232e-06,1.3135020379600407e-11,2740764685520.4346
19.023011886689456,10.600152375676878,1060.0152375676876,0.09696911326901478,2.6658134311954795e-10,0.0030143296371114084,0.002847986942070997,8.100336393771232e-06,1.3691428692254217e-11,2629382280635.667
19.828839491270713,10.169370969843865,1016.9370969843864,0.10107679023942705,2.677085172689134e-10,0.003124512874025976,0.0029519559528278167,8.100336393771232e-06,1.4271406836173013e-11,2522526364307.17
20.66880249629082,9.75609616308574,975.6096163085739,0.10535847117570007,2.6883569141876174e-10,0.0032386217728451587,0.0030596245957289917,8.100336393771232e-06,1.4875953245289232e-11,2420012983799.8867
21.54434690031882,9.359616501755065,935.9616501755064,0.10982152700306505,2.699628655690544e-10,0.0033567524294084087,0.0031710832485658544,8.100336393771232e-06,1.5506108647869804e-11,2321665662064.4536
22.456979955397717,8.979249445087426,897.9249445087424,0.11447364088411503,2.7109003971975593e-10,0.0034791493364321425,0.003286561439480823,8.100336393771232e-06,1.616295785813266e-11,2227315093931.6475
23.408272761782943,8.614340190206178,861.4340190206177,0.11932282144539097,2.7221721387083396e-10,0.0036058109182320304,0.003406058617374296,8.100336393771232e-06,1.6847631643757446e-11,2136798854653.205
24.399862972595503,8.264260544878173,826.4260544878172,0.1243774165642523,2.7334438802225843e-10,0.0037370027103630285,0.003529823878012884,8.100336393771232e-06,1.75613086725049e-11,2049961120287.3445
25.433457613046482,7.928407846079499,792.8407846079498,0.12964612773977122,2.744715621740017e-10,0.0038728608014817565,0.0036579854988017363,8.100336393771232e-06,1.8305217541296738e-11,1966652399447.5168
26.510836019085364,7.606203922509875,760.6203922509875,0.1351380250723869,2.755987363260384e-10,0.004013452166820081,0.0037906070881671664,8.100336393771232e-06,1.908063889124854e-11,1886729275952.685
27.633852900531725,7.297094099269587,729.7094099269586,0.1408625628781072,2.767259104783453e-10,0.004159084620304998,0.003927977351614676,8.100336393771232e-06,1.9888907612296823e-11,1810054161936.0776
28.80444153396298,7.00054624298547,700.054624298547,0.1468295959641389,2.778530846309007e-10,0.004309790543108467,0.004070127279170949,8.100336393771232e-06,2.0731415141215623e-11,1736495060987.384
30.024617090855493,6.716049845742141,671.6049845742141,0.1530493965939651,2.7898025878368485e-10,0.004465819740467483,0.004217291959911438,8.100336393771232e-06,2.1609611856978665e-11,1665925340920.6453
31.296480106707506,6.443115146241451,644.311514624145,0.15953267217107525,2.801074329366796e-10,0.004627370095538364,0.004369657051261022,8.100336393771232e-06,2.2525009577590815e-11,1598223515776.6545
32.62222009711667,6.181272286677392,618.1272286677391,0.1662905836717873,2.812346070898682e-10,0.00479452870018363,0.004527305080943435,8.100336393771232e-06,2.3479184162686548e-11,1533273036684.6265
34.004119327037095,5.930070503874748,593.0070503874747,0.17333476485889987,2.8236178124323516e-10,0.004967610310339128,0.004690531639154554,8.100336393771232e-06,2.4473778226376803e-11,1470962091223.035
35.44455673970435,5.689077353299286,568.9077353299285,0.18067734230924473,2.834889553967663e-10,0.005146713870520556,0.004859430217015315,8.100336393771232e-06,2.5510503965013357e-11,1411183410934.279
36.94601205199302,5.457877964603444,545.7877964603443,0.1883309562896229,2.846161295504485e-10,0.005332080178306195,0.005034227018689785,8.100336393771232e-06,2.6591146104739627e-11,1353834086661.7754
38.51107002325569,5.236074327426053,523.6074327426053,0.1963087825170571,2.8574330370426973e-10,0.0055239499023387525,0.005215148390401834,8.100336393771232e-06,2.7717564973901478e-11,1298815391391.6018
40.14242490499318,5.023284606216555,502.3284606216554,0.20462455484082415,2.86870477858219e-10,0.005722462913783257,0.00540232632580017,8.100336393771232e-06,2.8891699705607424e-11,1246032610293.709
41.84288507901584,4.819142482904168,481.91424829041677,0.21329258888531336,2.8799765201228617e-10,0.005927925948641014,0.00559604858702264,8.100336393771232e-06,3.0115571575951505e-11,1195394877670.1104
43.615377892080055,4.623296526280466,462.32965262804663,0.22232780669441138,2.891248261664616e-10,0.0061405110621735705,0.0057964775609064215,8.100336393771232e-06,3.139128748364537e-11,1146815020529.3662
45.462954695323994,4.435409587009618,443.5409587009617,0.23174576241984354,2.902520003207369e-10,0.006360463519280141,0.0060038438656616,8.100336393771232e-06,3.2721043577050474e-11,1100209408518.0488
47.38879609717651,4.255158217225048,425.5158217225048,0.2415626690976844,2.9137917447510404e-10,0.006588058341056799,0.00621840595449279,8.100336393771232e-06,3.4107129034852844e-11,1055497809950.9021
49.396217438783154,4.082232113713073,408.22321137130723,0.25179542655914594,2.925063486295557e-10,0.006823501880222216,0.006440358007726577,8.100336393771232e-06,3.555193000689082e-11,1012603253691.7782
51.48867450137497,3.916333583725171,391.6333583725171,0.26246165052368,2.936335227840851e-10,0.00706709614857175,0.006669983792495108,8.100336393771232e-06,3.705793372191803e-11,971451896647.6451
53.66976945540476,3.757177032499155,375.7177032499155,0.27357970292448774,2.947606969386862e-10,0.007319077102533401,0.006907505416629029,8.100336393771232e-06,3.862773276937458e-11,931972896647.5109
55.94325706169378,3.604488471607053,360.4488471607052,0.28516872351863726,2.9588787109335314e-10,0.007579728445421155,0.00715318945744747,8.100336393771232e-06,4.026402956253671e-11,894098290487.4447
58.313051135262185,3.458005047283346,345.8005047283346,0.2972486628362063,2.9701504524808075e-10,0.00784935237951688,0.007407320046671654,8.100336393771232e-06,4.196964099072849e-11,857762876931.7509
60.78323128297224,3.317474587921532,331.74745879215317,0.3098403165251735,2.9814221940286414e-10,0.008128207854189533,0.007670140800910444,8.100336393771232e-06,4.3747503268604354e-11,822904104468.8739
63.35804992658254,3.182655169960055,318.2655169960055,0.32296536115118246,2.9926939355769897e-10,0.008416626200667396,0.007941962950916683,8.100336393771232e-06,4.560067699085058e-11,789461963628.8102
66.04193962330305,3.0533147014102915,305.3314701410291,0.3366463915138055,3.0039656771258105e-10,0.008714896052086207,0.008223058009869083,8.100336393771232e-06,4.7532352401006896e-11,757378883676.6555
68.83952069645497,2.929230522309551,292.9230522309551,0.350906959543556,3.0152374186750667e-10,0.009023338578101055,0.008513727872811936,8.100336393771232e-06,4.954585488347992e-11,726599633504.4263
71.75560918936921,2.810189021411398,281.0189021411398,0.36577161484659765,3.0265091602247235e-10,0.009342296221788006,0.008814294357091608,8.100336393771232e-06,5.164465068820103e-11,697071226550.5695
74.79522515621814,2.6959852684533434,269.59852684533433,0.381265946966956,3.037780901774749e-10,0.009672086493045923,0.0091250560114499,8.100336393771232e-06,5.3832352897784656e-11,668742829583.462
77.96360130405237,2.5864226613688355,258.6422661368835,0.3974166294389909,3.049052643325114e-10,0.010013078407022018,0.0094463595850838,8.100336393771232e-06,5.611272764746039e-11,641565675191.8623
81.26619200091946,2.481312587836324,248.1312587836324,0.41425146570595245,3.0603243848757913e-10,0.01036560836733877,0.009778521448001919,8.100336393771232e-06,5.848970060848394e-11,615492977831.6936
84.70868266557402,2.3804741005826187,238.04741005826185,0.43179943698368856,3.071596126426756e-10,0.010730058849502722,0.01012190095134818,8.100336393771232e-06,6.096736374619174e-11,590479853284.5978
88.29699955494083,2.2837336058817064,228.3733605881706,0.4500907521518821,3.0828678679779845e-10,0.011106803539963137,0.010476849318567903,8.100336393771232e-06,6.354998236432952e-11,566483241389.6425
92.03731996618231,2.190924564712675,219.0924564712675,0.46915689975872243,3.0941396095294575e-10,0.011496230045569452,0.010843730701027399,8.100336393771232e-06,6.624200244778491e-11,543461831915.1344
95.93608287093147,2.1018872060623854,210.18872060623852,0.48903070222851847,3.105411351081154e-10,0.0118987424545034,0.011222924849105179,8.100336393771232e-06,6.904805831636121e-11,521375993442.9563
100.0,2.016468251879209,201.6468251879209,0.5097463723655987,3.116683092633057e-10,0.01231474889870146,0.011614815354662402,8.100336393771232e-06,7.19729806027726e-11,500187705142.96545
104.23606739764011,1.934520653204484,193.45206532044838,0.53133957225174,3.12795483418515e-10,0.012744669012635875,0.0120197965988999,8.100336393771232e-06,7.502180456859065e-11,479860491320.041
108.65157746525372,1.8559033370273348,185.59033370273346,0.5538474746385391,3.139226575737417e-10,0.013188948121801993,0.012438286875684048,8.100336393771232e-06,7.819977877246068e-11,460359358621.0756
113.25413151528126,1.7804809634271013,178.04809634271012,0.5773088269404079,3.1504983172898453e-10,0.013648024775924904,0.012870698328796185,8.100336393771232e-06,8.15123741055102e-11,441650735793.8237
118.05165285688055,1.7081236925853365,170.81236925853364,0.6017640179383407,3.161770058842422e-10,0.014122350254280814,0.013317455012236608,8.100336393771232e-06,8.496529320950127e-11,423702415893.9087
123.05240043592616,1.638706961266181,163.8706961266181,0.6272551473093203,3.173041800395134e-10,0.014612407013970841,0.01377901001560367,8.100336393771232e-06,8.856448029394497e-11,406483500840.4749
128.26498305280597,1.5721112683804308,157.21112683804307,0.6538260981010229,3.1843135419479716e-10,0.015118686045734242,0.014255824836155957,8.100336393771232e-06,9.231613136907382e-11,389964348225.0613
133.69837418249452,1.5082219692641063,150.8221969264106,0.681522612276597,3.1955852835009247e-10,0.01564167987447876,0.014748362029634681,8.100336393771232e-06,9.622670491228937e-11,374116520282.1192
139.36192742241434,1.4469290783173407,144.69290783173406,0.7103923694595837,3.206857025053985e-10,0.01618190049938236,0.015257102487677766,8.100336393771232e-06,1.0030293298644933e-10,358912734933.3195
145.26539259467813,1.3881270796639027,138.81270796639026,0.7404850690145042,3.218128766607141e-10,0.016739863279791593,0.015782530391505577,8.100336393771232e-06,1.0455183282913024e-10,344326818821.38824
151.4189325304352,1.3317147455052982,133.1714745505298,0.7718525156044671,3.2294005081603884e-10,0.017316102034238976,0.01632514730135285,8.100336393771232e-06,1.0898071893282323e-10,330333662252.5931
157.83314056521164,1.2775949618568774,127.75949618568772,0.8045487083730188,3.240672249713718e-10,0.01791117395752646,0.016885476570899997,8.100336393771232e-06,1.1359721563685021e-10,316909175970.34686
164.51905877536606,1.2256745613658322,122.5674561365832,0.8386299339038248,3.251943991267124e-10,0.018525649248265306,0.017464053763191247,8.100336393771232e-06,1.1840927025268593e-10,304030249685.4835
171.4881969870541,1.175864162923357,117.58641629233568,0.8741548631181686,3.2632157328206007e-10,0.01916010953471405,0.018061425045984285,8.100336393771232e-06,1.2342516674527548e-10,291674712291.8351
178.75255259042353,1.128078017794834,112.8078017794834,0.9111846522771009,3.274487474374141e-10,0.019815146684233093,0.018678146295835422,8.100336393771232e-06,1.2865353999390178e-10,279821293698.6142
186.324631193156,1.082233862003148,108.22338620031478,0.9497830482621115,3.2857592159277415e-10,0.02049137467559667,0.019314794033966735,8.100336393771232e-06,1.3410339065715445e-10,268449588213.8935
194.21746814890244,1.0382527747110388,103.82527747110387,0.9900164983155508,3.297030957481396e-10,0.021189412160433824,0.019971949321407265,8.100336393771232e-06,1.3978410066758673e-10,257540019416.15463
202.44465099768018,0.9960590423586588,99.60590423586588,1.0319542644297461,3.3083026990351015e-10,0.021909911736775214,0.020650225132235935,8.100336393771232e-06,1.4570544938273906e-10,247073806453.4237
211.02034285685966,0.9555800283224893,95.55800283224893,1.0756685425816952,3.3195744405888534e-10,0.022653499135055304,0.02135020907737661,8.100336393771232e-06,1.518776304203275e-10,237032931711.98773
219.95930680300748,0.916746047871197,91.67460478711968,1.1212345870186349,3.330846182142647e-10,0.02342087838053023,0.022072561973654654,8.100336393771232e-06,1.5831126920658414e-10,227400109799.02353
229.27693128656486,0.879490248203169,87.9490248203169,1.1687308398084446,3.34211792369648e-10,0.02421273883147357,0.0228179310782701,8.100336393771232e-06,1.65017441267959e-10,218158757785.7446
238.98925662310478,0.8437484933592497,84.37484933592496,1.2182390658778637,3.35338966525035e-10,0.02502979252856777,0.02358698512620231,8.100336393771232e-06,1.720076912976666e-10,209292966659.8482
249.1130026067786,0.8094592538125095,80.94592538125094,1.2698444937710365,3.364661406804252e-10,0.02587270426945452,0.024380348612084643,8.100336393771232e-06,1.7929405302990712e-10,200787473938.10675
259.6655972934872,0.7765635005450018,77.65635005450017,1.3236359623706795,3.375933148358186e-10,0.026742214188858117,0.025198715925666023,8.100336393771232e-06,1.8688906995597172e-10,192627637391.96234
270.66520700332416,0.7450046034291518,74.50046034291516,1.3797060738344509,3.3872048899121473e-10,0.02763914736888938,0.026042862165422242,8.100336393771232e-06,1.948058169178961e-10,184799409840.89175
282.1307675939471,0.7147282337388338,71.47282337388337,1.438151353009826,3.3984766314661344e-10,0.02856432163915314,0.02691355429769881,8.100336393771232e-06,2.0305792261683758e-10,177289314970.14578
294.08201705870607,0.6856822706223274,68.56822706223274,1.499072413601876,3.4097483730201453e-10,0.029518323440620154,0.02781134350087922,8.100336393771232e-06,2.1165959307492017e-10,170084424131.23813
306.539529505653,0.6578167113761335,65.78167113761334,1.562574131380026,3.421020114574179e-10,0.030502019451710074,0.028737043756064742,8.100336393771232e-06,2.2062563609093905e-10,163172334085.24323
319.52475057592136,0.6310835853651858,63.10835853651857,1.6287658247219738,3.432291856128232e-10,0.03151639880596087,0.029691582317221583,8.100336393771232e-06,2.2997148673202581e-10,156541145650.5866
333.06003436245885,0.6054368714412693,60.54368714412693,1.6977614428055818,3.443563597682304e-10,0.03256226198513609,0.030675711187027315,8.100336393771232e-06,2.3971323390515975e-10,150179443218.57117
347.16868189265597,0.580832418717494,58.083241871749394,1.7696797617726847,3.454835339236393e-10,0.03364021750988861,0.0316900022104271,8.100336393771232e-06,2.4986764805426297e-10,144076275101.37683
361.87498124112767,0.5572278705624231,55.722787056242296,1.8446445892025403,3.466107080790498e-10,0.034751326805862015,0.03273545041599031,8.100336393771232e-06,2.6045221003056576e-10,138221134678.70044
377.2042493417001,0.5345825916830222,53.45825916830222,1.9227849772468966,3.4773788223446174e-10,0.03589655155470595,0.03381295923992656,8.100336393771232e-06,2.714851411859364e-10,132603942310.58156
393.18287557057704,0.5128575981708887,51.285759817088866,2.004235444793636,3.48865056389875e-10,0.03707671770351982,0.03492330315759571,8.100336393771232e-06,2.829854347409904e-10,127215027985.27391
409.83836717572615,0.49201549039134934,49.20154903913493,2.089136209041396,3.4999223054528946e-10,0.038292690238270456,0.03606729470489117,8.100336393771232e-06,2.9497288848196963e-10,122045114672.29477
427.19939663067765,0.47202038859989204,47.2020388599892,2.1776334268838453,3.511194047007051e-10,0.03954545473441999,0.037245858339110774,8.100336393771232e-06,3.074681388426837e-10,117085302351.9924
445.2958509942651,0.4528378711750848,45.283787117508474,2.2698794465191847,3.522465788561217e-10,0.04083602650285361,0.03845994696747396,8.100336393771232e-06,3.204926964301882e-10,112327052694.13762
464.1588833612782,0.43443491536166734,43.44349153616673,2.366033069717958,3.533737530115394e-10,0.04216536366977086,0.039710459485540146,8.100336393771232e-06,3.340689830553497e-10,107762174359.16641
483.82096649259574,0.4167798404217862,41.67798404217861,2.466259825200741,3.545009271669579e-10,0.0435343917456573,0.040998264527320166,8.100336393771232e-06,3.482203703320549e-10,103382808896.76625
504.3159487171359,0.39984225309651933,39.98422530965193,2.570732253596274,3.5562810132237715e-10,0.044944161938643166,0.04232434859116251,8.100336393771232e-06,3.6297121991150687e-10,99181417217.53278
525.6791122018419,0.38359299528379787,38.35929952837978,2.6796302044706364,3.5675527547779726e-10,0.04639573100572992,0.04368970275024216,8.100336393771232e-06,3.7834692542087507e-10,95150766614.40666
547.9472336900282,0.36800409384266003,36.800409384266,2.7931411459387183,3.5788244963321795e-10,0.04789013283229994,0.04509529731092793,8.100336393771232e-06,3.9437395617848726e-10,91283918311.55042
571.1586478126435,0.35304871243740893,35.30487124374089,2.911460487391123,3.590096237886394e-10,0.04942840607232326,0.04654210732037502,8.100336393771232e-06,4.1107990276083793e-10,87574215519.22577
595.353313081437,0.3387011053387932,33.87011053387932,3.0347919158919194,3.6013679794406133e-10,0.05101162762700227,0.0480311427570681,8.100336393771232e-06,4.2849352449983425e-10,84015271974.11342
620.57288067765,0.3249365731026596,32.49365731026596,3.163347746826514,3.612639720994838e-10,0.052640906228297216,0.04956344330700614,8.100336393771232e-06,4.46644798992069e-10,80600960945.34227
646.8607661546321,0.3117314200497978,31.173142004979777,3.297349289403123,3.6239114625490677e-10,0.05431735162999959,0.051140050319669214,8.100336393771232e-06,4.655649737053294e-10,77325404687.30692
674.2622241778336,0.2990629134737631,29.90629134737631,3.437027227637184,3.6351832041033025e-10,0.05604207580271664,0.05276200700920252,8.100336393771232e-06,4.852866197711991e-10,74182964321.11218
702.8244264308353,0.2869092445064616,28.690924450646154,3.5826220174745105,3.6464549456575413e-10,0.057816163745589025,0.05443033132659839,8.100336393771232e-06,5.058436880563483e-10,71168230127.22815
732.596542821523,0.27524949057412745,27.524949057412744,3.7343843007368136,3.657726687211784e-10,0.059640782823380784,0.05614611824083323,8.100336393771232e-06,5.272715676090373e-10,68276012232.64399
763.6298261282242,0.26406357937905145,26.406357937905145,3.8925753366023295,3.668998428766029e-10,0.06151713515091516,0.05791049531444743,8.100336393771232e-06,5.496071465814668e-10,65501331676.486534
795.9777002314978,0.25333225434506984,25.33322543450698,4.057467451364158,3.680270170320278e-10,0.06344639333458922,0.059724563063227064,8.100336393771232e-06,5.72888875732825e-10,62839411838.72652
829.6958520834916,0.24303704146731547,24.303704146731544,4.229344507240725,3.691541911874531e-10,0.06542974159053469,0.061589431034221216,8.100336393771232e-06,5.971568346223755e-10,60285670217.21413
864.8423275731726,0.23316021750917124,23.316021750917123,4.408502391045315,3.702813653428786e-10,0.06746837025035311,0.06350621615876383,8.100336393771232e-06,6.224528006065205e-10,57835710538.88979
901.4776314524918,0.22368477949166665,22.368477949166664,4.595249523556076,3.7140853949830433e-10,0.0695634763358499,0.06547604103883943,8.100336393771232e-06,6.488203207586413e-10,55485315191.587326
939.6648314954691,0.21459441542280713,21.45944154228071,4.789907390463168,3.725357136537303e-10,0.07171632431034326,0.06750009146207693,8.100336393771232e-06,6.763047868354944e-10,53230437963.404076
979.4696670695386,0.20587347621643406,20.587347621643406,4.992811095807275,3.7366288780915645e-10,0.07392799841889981,0.06957938475584059,8.100336393771232e-06,7.049535134192477e-10,51067197077.13578
1020.9606623060475,0.1975069487522819,19.750694875228188,5.204309938862094,3.747900619645829e-10,0.0761998972784749,0.07171523274250487,8.100336393771232e-06,7.348158193696582e-10,48991868507.78692
1064.2092440647245,0.1894804300308519,18.94804300308519,5.424768015453958,3.759172361200095e-10,0.07853307574554728,0.0739086239704943,8.100336393771232e-06,7.659431127266194e-10,47000879571.65186
1109.2898648952228,0.18178010237860825,18.178010237860825,5.654564844753812,3.7704441027543623e-10,0.08092905289391336,0.07616098289405558,8.100336393771232e-06,7.983889792092451e-10,45090802775.92982
1156.2801312073755,0.17439270966081716,17.439270966081715,5.89409602262046,3.7817158443086306e-10,0.08338869697917536,0.0784731246497921,8.100336393771232e-06,8.322092744638249e-10,43258349918.28714
1205.2609368708413,0.16730553446107446,16.730553446107443,6.1437739026199205,3.792987585862902e-10,0.08591361053571941,0.08084655183456556,8.100336393771232e-06,8.674622202194725e-10,41500366426.20795
1256.3166024741215,0.16050637618823985,16.05063761882398,6.40402830589318,3.8042593274171735e-10,0.08850488735343048,0.083282289461179,8.100336393771232e-06,9.042085045169861e-10,39813825926.38922
1309.5350204826677,0.1539835300730866,15.398353007308659,6.675307261094428,3.8155310689714465e-10,0.09116374782674651,0.08578148133139361,8.100336393771232e-06,9.425113861834714e-10,38195825034.8311
1365.0078065460139,0.14772576701850917,14.772576701850914,6.958077775673616,3.8268028105257205e-10,0.0938915157276581,0.0883453702271698,8.100336393771232e-06,9.824368037325882e-10,36643578358.65332
1422.830457214352,0.14172231426860227,14.172231426860224,7.252826639831054,3.838074552079995e-10,0.09668950610046786,0.09097518830222896,8.100336393771232e-06,1.0240534888778776e-09,35154413701.03389
1483.1025143361028,0.13596283686333355,13.596283686333354,7.560061264527996,3.849346293634271e-10,0.09955847920597904,0.09367164983074544,8.100336393771232e-06,1.0674330848545873e-09,33725767461.01528
1545.9277364194786,0.1304374198468815,13.043741984688149,7.880310554996016,3.860618035188549e-10,0.10250037167621456,0.09643656741794177,8.100336393771232e-06,1.1126502697536983e-09,32355180220.25837
1611.41427725302,0.1251365511990132,12.513655119901319,8.214125821248722,3.8718897767428264e-10,0.1055158865449662,0.09927060239344937,8.100336393771232e-06,1.1597828850804514e-09,31040292509.14732
1679.6748720926532,0.12005110546011474,12.005110546011473,8.562081727163504,3.8831615182971046e-10,0.10860645800945876,0.10217510239755358,8.100336393771232e-06,1.2089120697587152e-09,29778840744.956066
1750.8270317357233,0.11517232802168834,11.517232802168833,8.92477727976692,3.8944332598513833e-10,0.11177367644269222,0.10515155397354022,8.100336393771232e-06,1.260122399811864e-09,28568653335.084587
1824.9932448161505,0.11049182005527079,11.049182005527078,9.302836860426881,3.905705001405663e-10,0.11501757336517383,0.10819998914409681,8.100336393771232e-06,1.3135020339606212e-09,27407646938.656574
1902.3011886689458,0.10600152405382748,10.600152405382747,9.696911299726848,3.916976742959943e-10,0.1183407046945255,0.1113228034817555,8.100336393771232e-06,1.3691428653885353e-09,26293822880.04249
1982.8839491270714,0.10169370996073263,10.169370996073262,10.107678997872425,3.928248484514224e-10,0.12174344858710553,0.11452035180567063,8.100336393771232e-06,1.4271406799363419e-09,25225263708.13408
2066.880249629082,0.097560961862455,9.756096186245498,10.535847092559216,3.9395202260685057e-10,0.12522638051850513,0.11779317431523063,8.100336393771232e-06,1.4875953209975566e-09,24200129895.44697
2154.4346900318824,0.09359616522204453,9.359616522204451,10.982152676312113,3.9507919676227865e-10,0.12879259512701102,0.1211441660948777,8.100336393771232e-06,1.550610861399123e-09,23216656671.369526
2245.697995539772,0.08979249463143607,8.979249463143606,11.447364065392243,3.9620637091770693e-10,0.13244066590583026,0.12457200013244828,8.100336393771232e-06,1.6162957825630912e-09,22273150984.10508
2340.827276178294,0.08614340206149246,8.614340206149244,11.93228212245532,3.9733354507313516e-10,0.13617293701367214,0.12807887271430748,8.100336393771232e-06,1.6847631612576536e-09,21367988586.07905
2439.98629725955,0.08264260558955433,8.264260558955431,12.4377416352389,3.984607192285634e-10,0.13999217787856874,0.13166736878097918,8.100336393771232e-06,1.7561308642591138e-09,20499611237.792282
2543.345761304648,0.07928407858509284,7.928407858509284,12.964612753651808,3.9958789338399177e-10,0.1438946487274424,0.13533399712350758,8.100336393771232e-06,1.8305217512598676e-09,19666524025.307426
2651.0836019085364,0.07606203933485013,7.606203933485013,13.513802487739364,4.0071506753942005e-10,0.14788617410785565,0.13908421404080867,8.100336393771232e-06,1.908063886371672e-09,18867292786.75083
2763.385290053173,0.07297094108960304,7.297094108960304,14.08625626910383,4.0184224169484844e-10,0.15196681357773195,0.14291807381471122,8.100336393771232e-06,1.988890758588387e-09,18100541643.39874
2880.4441533962977,0.07000546251542081,7.0005462515420795,14.682959578467239,4.029694158502769e-10,0.1561324311379888,0.14683169449094766,8.100336393771232e-06,2.0731415115876082e-09,17364950631.09863
3002.461709085549,0.0671604985329736,6.716049853297359,15.304939642179223,4.040965900057053e-10,0.16039183977049382,0.1508333437834617,8.100336393771232e-06,2.1609611832668942e-09,16659253427.947275
3129.6480106707504,0.06443115152912485,6.443115152912484,15.95326720058993,4.0522376416113375e-10,0.1647406931746523,0.1549189585520771,8.100336393771232e-06,2.2525009554269005e-09,15982235174.314133
3262.2220097116665,0.061812722925677153,6.181272292567715,16.629058351332397,4.063509383165622e-10,0.1691776570497739,0.15908726893737618,8.100336393771232e-06,2.3479184140312524e-09,15332730381.457293
3400.4119327037097,0.059300705090757314,5.930070509075731,17.333476470687614,4.0747811247199067e-10,0.17371249124738233,0.16334741900725902,8.100336393771232e-06,2.447377820491201e-09,14709620925.13146
3544.4556739704353,0.05689077357891597,5.6890773578915965,18.067734216339918,4.0860528662741916e-10,0.1783353279566526,0.16769020263277823,8.100336393771232e-06,2.551050394442088e-09,14111834120.734083
3694.6012051993025,0.05457877968658322,5.457877968658321,18.833095614970418,4.097324607828476e-10,0.18305043616024835,0.17211958311219241,8.100336393771232e-06,2.6591146084983988e-09,13538340876.675934
3851.107002325569,0.05236074331006385,5.236074331006384,19.630878238282474,4.1085963493827614e-10,0.18786644505991254,0.17664363931799512,8.100336393771232e-06,2.7717564954948717e-09,12988153922.79708
4014.2424904993177,0.05023284609377885,5.0232846093778845,20.46245547120467,4.119868090937047e-10,0.19276838829122225,0.18124839646355462,8.100336393771232e-06,2.8891699687424856e-09,12460326110.778812
4184.288507901585,0.0481914248569553,4.819142485695529,21.329258876176926,4.1311398324913327e-10,0.1977663281690954,0.18594324985620275,8.100336393771232e-06,3.0115571558507848e-09,11953948783.625116
4361.537789208006,0.04623296528745146,4.623296528745145,22.232780657588844,4.142411574045618e-10,0.2028670004910674,0.19073449732943246,8.100336393771232e-06,3.1391287466910676e-09,11468150211.407333
4546.2954695324,0.044354095891858625,4.435409589185862,23.174576230613688,4.1536833155999035e-10,0.20805217764246753,0.19560509862961506,8.100336393771232e-06,3.2721043560995807e-09,11002094090.578695
4738.879609717651,0.042551582191466035,4.255158219146603,24.156266898859894,4.1649550571541894e-10,0.21333577513146387,0.20056808953406924,8.100336393771232e-06,3.4107129019450666e-09,10554978104.275463
4939.621743878316,0.040822321154097514,4.0822321154097505,25.179542645449345,4.1762267987084753e-10,0.21872160457999335,0.2056270067504178,8.100336393771232e-06,3.5551929992114542e-09,10126032541.126415
5148.867450137497,0.03916333585223285,3.916333585223285,26.246165042328062,4.187498540262762e-10,0.22419268161297076,0.2107659642817054,8.100336393771232e-06,3.7057933707742268e-09,9714518970.192545
5366.976945540476,0.03757177033821946,3.757177033821945,27.35797028281684,4.198770281817047e-10,0.22976317464199333,0.2159982648810854,8.100336393771232e-06,3.86277327557749e-09,9319728969.75631
5594.325706169378,0.036044884727750366,3.6044884727750364,28.516872342623234,4.2100420233713336e-10,0.2354331363606171,0.22132391186896933,8.100336393771232e-06,4.026402954948971e-09,8940982907.771646
5831.3051135262185,0.03458005048314641,3.458005048314641,29.72486627475566,4.2213137649256195e-10,0.24118995307103613,0.22673110423776957,8.100336393771232e-06,4.1969640978211695e-09,8577628771.87565
6078.323128297224,0.03317474588832137,3.317474588832137,30.984031644012624,4.2325855064799054e-10,0.2470458676723782,0.23223133062807186,8.100336393771232e-06,4.374750325659622e-09,8229041046.947507
6335.804992658254,0.03182655170764088,3.1826551707640873,32.29653610695919,4.2438572480341924e-10,0.25299778886960184,0.23782170392125598,8.100336393771232e-06,4.56006769793305e-09,7894619638.282516
6604.193962330305,0.030533147021202283,3.053314702120228,33.66463914355306,4.255128989588479e-10,0.2590372988109156,0.24349431053524026,8.100336393771232e-06,4.753235238995499e-09,7573788838.527564
6883.9520696454965,0.029292305229364015,2.9292305229364013,35.090695946846246,4.2664007311427647e-10,0.2651741988772887,0.24925833840903586,8.100336393771232e-06,4.954585487287719e-09,7265996336.599174
7175.560918936921,0.028101890219648925,2.8101890219648924,36.577161477455526,4.277672472697051e-10,0.2714033019638154,0.2551089554115765,8.100336393771232e-06,5.16446506780291e-09,6970712266.878646
7479.522515621813,0.026959852689420593,2.695985268942059,38.12659468978419,4.2889442142513376e-10,0.27771971074163015,0.26104157390821386,8.100336393771232e-06,5.383235288802619e-09,6687428297.046886
7796.360130405236,0.02586422661800356,2.5864226618003556,39.741662937268565,4.3002159558056245e-10,0.2841303549234272,0.2670626630155744,8.100336393771232e-06,5.611272763809849e-09,6415656752.989017
8126.6192000919455,0.02481312588217346,2.481312588217346,41.42514656423414,4.31148769735991e-10,0.2906296277364292,0.2731669929722378,8.100336393771232e-06,5.848970059950247e-09,6154929779.262066
8470.868266557402,0.0238047410091905,2.3804741009190495,43.17994369226626,4.3227594389141964e-10,0.29721436690312575,0.27935160995403624,8.100336393771232e-06,6.096736373757524e-09,5904798533.6805
8829.699955494083,0.02283733606178764,2.283733606178764,45.00907520933364,4.334031180468483e-10,0.30388900242412653,0.2856206588832726,8.100336393771232e-06,6.354998235606323e-09,5664832414.633281
9203.73199661823,0.021909245649749675,2.190924564974967,46.915689970255606,4.3453029220227703e-10,0.3106475779373002,0.29196856315634473,8.100336393771232e-06,6.624200243985458e-09,5434618319.801963
9593.608287093146,0.021018872062939828,2.1018872062939824,48.903070217463444,4.356574663577057e-10,0.31748917797848347,0.29839446921192514,8.100336393771232e-06,6.904805830875311e-09,5213759935.004043
10000.0,0.020164682520837033,2.016468252083703,50.974637231390425,4.3678464051313436e-10,0.32441479366917075,0.3048993227142758,8.100336393771232e-06,7.197298059547368e-09,5001877051.936906
10423.606739764033,0.019345206533850405,1.9345206533850405,53.13395722021479,4.3791181466856306e-10,0.33141991343928406,0.3114789016614553,8.100336393771232e-06,7.502180456158856e-09,4798604913.648283
10865.157746525372,0.018559033371867647,1.8559033371867646,55.38474745909613,4.390389888239916e-10,0.3385034113616424,0.3181321392074674,8.100336393771232e-06,7.819977876574299e-09,4603593586.606224
11325.413151528126,0.01780480963567876,1.780480963567876,57.73088268947626,4.4016616297942035e-10,0.34566422812184566,0.32485805869870277,8.100336393771232e-06,8.15123740990654e-09,4416507358.28743
11805.165285688032,0.017081236927096406,1.7081236927096406,60.17640178945488,4.41293337134849e-10,0.35289928642381113,0.3316537848030181,8.100336393771232e-06,8.496529320331815e-09,4237024159.247425
12305.240043592616,0.01638706961375931,1.6387069613759309,62.725514726731085,4.4242051129027774e-10,0.3602064101976388,0.3385172884606137,8.100336393771232e-06,8.85644802880135e-09,4064835008.676986
12826.498305280626,0.015721112684773345,1.5721112684773344,65.38260980607217,4.435476854457064e-10,0.3675842367509861,0.34544729250728523,8.100336393771232e-06,9.23161313633835e-09,3899643482.4909835
13369.837418249452,0.01508221969349672,1.5082219693496717,68.15226122379323,4.44674859601135e-10,0.3750287579867957,0.35244004714997895,8.100336393771232e-06,9.622670490683015e-09,3741165203.033438
13936.192742241436,0.014469290783928947,1.4469290783928945,71.03923694224892,4.458020337565637e-10,0.38253838804059304,0.3594940762411639,8.100336393771232e-06,1.0030293298121184e-08,3589127349.5206084
14526.539259467783,0.013881270797306148,1.3881270797306147,74.0485068978917,4.4692920791199226e-10,0.3901115142081212,0.36660788144063017,8.100336393771232e-06,1.0455183282410559e-08,3443268188.379363
15141.89325304352,0.013317147455642008,1.3317147455642007,77.18525155703276,4.48056382067421e-10,0.3977422146673984,0.37377592085843364,8.100336393771232e-06,1.0898071892800292e-08,3303336622.6720395
15783.314056521198,0.012775949619088834,1.277594961908883,80.45487083402689,4.4918355622284975e-10,0.4054302956022751,0.3809980187832267,8.100336393771232e-06,1.1359721563222611e-08,3169091759.83247
16451.905877536607,0.01225674561411754,1.225674561411754,83.8629933872404,4.503107303782784e-10,0.41317237116609,0.38827101141768644,8.100336393771232e-06,1.1840927024824956e-08,3040302496.9687448
17148.819698705407,0.011758641629639055,1.1758641629639053,87.41548630880243,4.5143790453370714e-10,0.42096401755843965,0.3955907705368007,8.100336393771232e-06,1.2342516674101928e-08,2916747123.0189323
17875.25525904232,0.011280780178306402,1.12807801783064,91.11846522481792,4.525650786891357e-10,0.428803373947182,0.4029555513901884,8.100336393771232e-06,1.286535399898182e-08,2798212937.0749598
18632.4631193156,0.01082233862034762,1.0822338620347618,94.97830482343666,4.536922528445644e-10,0.4366859797962162,0.4103611865219571,8.100336393771232e-06,1.3410339065323703e-08,2684495882.217354
19421.746814890284,0.010382527747389484,1.0382527747389485,99.00164982889376,4.548194269999931e-10,0.4446088694408468,0.4178049087776683,8.100336393771232e-06,1.3978410066382916e-08,2575400194.2307763
20244.46509976802,0.009960590423833049,0.9960590423833047,103.19542644042119,4.5594660115542177e-10,0.4525684735065941,0.42528338938654975,8.100336393771232e-06,1.4570544937913382e-08,2470738064.595372
21102.034285685964,0.009555800283442533,0.9555800283442532,107.56685425571963,4.570737753108505e-10,0.46056096513466055,0.43279304787290757,8.100336393771232e-06,1.518776304168684e-08,2370329317.173863
21995.930680300702,0.009167460478904136,0.9167460478904135,112.12345869951317,4.5820094946627916e-10,0.4685826310857896,0.4403304108433926,8.100336393771232e-06,1.5831126920326564e-08,2274001098.0379024
22927.693128656487,0.008794902482201357,0.8794902482201357,116.87308397858979,4.593281236217078e-10,0.47662969864352545,0.447891955590255,8.100336393771232e-06,1.6501744126477556e-08,2181587577.8995323
23898.92566231053,0.008437484933742296,0.8437484933742294,121.8239065856235,4.604552977771365e-10,0.4846981885583955,0.455473965507331,8.100336393771232e-06,1.720076912946128e-08,2092929666.6356401
24911.30026067786,0.008094592538257377,0.8094592538257377,126.98444937502848,4.6158247193256514e-10,0.49278391958811707,0.463072547443287,8.100336393771232e-06,1.7929405302697707e-08,2007874739.4138803
25966.559729348723,0.007765635005566824,0.7765635005566823,132.363596235077,4.627096460879939e-10,0.50088275792576,0.47068383980933953,8.100336393771232e-06,1.8688906995316066e-08,1926276373.9485972
27066.52070033236,0.007450046034394661,0.7450046034394661,137.97060738153493,4.6383682024342253e-10,0.5089903250144336,0.4783037441942413,8.100336393771232e-06,1.9480581691519905e-08,1847994098.4345024
28213.076759394706,0.007147282337479392,0.7147282337479391,143.81513529915046,4.6496399439885117e-10,0.5171027276540505,0.4859286161785376,8.100336393771232e-06,2.0305792261425066e-08,1772893149.7240436
29408.201705870666,0.0068568227063036625,0.6856822706303661,149.9072413584301,4.660911685542799e-10,0.5252146242958385,0.4935534727906328,8.100336393771232e-06,2.1165959307243873e-08,1700844241.332322
30653.952950565235,0.006578167113832346,0.6578167113832345,156.25741313631582,4.672183427097086e-10,0.533322567799542,0.5011751045493693,8.100336393771232e-06,2.2062563608855743e-08,1631723340.8700466
31952.475057592135,0.0063108358537145425,0.6310835853714541,162.87658247057956,4.683455168651373e-10,0.5414210888610902,0.5087883833001197,8.100336393771232e-06,2.2997148672974153e-08,1565411456.5214152
33306.00343624582,0.00605436871446805,0.6054368714468049,169.7761442790059,4.69472691020566e-10,0.5495062602667168,0.5163896495971135,8.100336393771232e-06,2.3971323390296798e-08,1501794432.1994429
34716.868189265595,0.005808324187223806,0.5808324187223806,176.96797617577963,4.705998651759946e-10,0.5575734886510405,0.5239746101668923,8.100336393771232e-06,2.4986764805216087e-08,1440762751.0258894
36187.49812411284,0.005572278705667376,0.5572278705667375,184.46445891882573,4.717270393314233e-10,0.5656161914434915,0.5315371198015689,8.100336393771232e-06,2.6045221002854908e-08,1382211346.7977066
37720.42493416993,0.005345825916868339,0.5345825916868339,192.27849772331874,4.728542134868519e-10,0.5736327115143139,0.5390756209196909,8.100336393771232e-06,2.714851411840007e-08,1326039423.1152704
39318.2875570577,0.0051285759817425265,0.5128575981742526,200.42354447804902,4.739813876422806e-10,0.5816165774751461,0.5465840979602323,8.100336393771232e-06,2.829854347391343e-08,1272150279.8610833
40983.83671757253,0.0049201549039432114,0.49201549039432113,208.9136209028778,4.751085617977093e-10,0.5895611645927354,0.5540563123411465,8.100336393771232e-06,2.9497288848018806e-08,1220451146.730319
42719.939663067766,0.00472020388602514,0.4720203886025139,217.76334268717488,4.76235735953138e-10,0.5974664783152729,0.5614923292079178,8.100336393771232e-06,3.074681388409759e-08,1170853023.5264277
44529.5850994266,0.0045283787117740065,0.45283787117740065,226.98794465075753,4.773629101085668e-10,0.6053232704848825,0.5688834460463118,8.100336393771232e-06,3.2049269642854915e-08,1123270526.9471207
46415.888336127726,0.00434434915363714,0.434434915363714,236.60330697068116,4.784900842639953e-10,0.6131244806357319,0.576223111649304,8.100336393771232e-06,3.340689830537758e-08,1077621743.596741
48382.09664925957,0.004167798404235928,0.41677984042359273,246.62598251900505,4.79617258419424e-10,0.6208738087461517,0.583514768644251,8.100336393771232e-06,3.482203703305455e-08,1033828088.9721439
50431.59487171348,0.003998422530981136,0.3998422530981136,257.0732253586024,4.807444325748528e-10,0.6285581933037394,0.5907461881110734,8.100336393771232e-06,3.6297121991005956e-08,991814172.1792824
52567.91122018419,0.0038359299528520517,0.38359299528520513,267.9630204460805,4.818716067302815e-10,0.6361715663352732,0.5979117485846982,8.100336393771232e-06,3.7834692541948695e-08,951507666.1475576
54794.723369002924,0.003680040938439028,0.36800409384390276,279.3141145929286,4.829987808857101e-10,0.64372250723645,0.6050193911625084,8.100336393771232e-06,3.943739561771554e-08,912839183.1185871
57115.86478126423,0.0035304871243850735,0.35304871243850733,291.14604873820645,4.841259550411387e-10,0.6511852696278221,0.6120452121884853,8.100336393771232e-06,4.11079902759559e-08,875742155.1949824
59535.3313081437,0.003387011053397623,0.3387011053397623,303.47919158832366,4.852531291965675e-10,0.6585703955568477,0.6189988404676374,8.100336393771232e-06,4.284935244986082e-08,840152719.7435379
62057.288067765134,0.0032493657310351484,0.3249365731035148,316.3347746818188,4.863803033519962e-10,0.6658702496651996,0.6258733205145411,8.100336393771232e-06,4.466447989908934e-08,806009609.4555441
64686.07661546321,0.0031173142005055323,0.3117314200505532,329.7349289395132,4.875074775074249e-10,0.6730728966926284,0.632657373960105,8.100336393771232e-06,4.655649737042013e-08,773254046.8749429
67426.22241778349,0.0029906291347442976,0.2990629134744297,343.7027227629523,4.886346516628535e-10,0.6801806455427968,0.6393532509364763,8.100336393771232e-06,4.852866197701175e-08,741829643.2127753
70282.44264308338,0.002869092445070515,0.28690924450705146,358.26220174671454,4.897618258182821e-10,0.687187549375037,0.6459553266567576,8.100336393771232e-06,5.0584368805530824e-08,711682301.2737447
73259.6542821523,0.0027524949057464764,0.27524949057464765,373.43843007297556,4.908889999737109e-10,0.6940839280798283,0.6524545890375769,8.100336393771232e-06,5.272715676080408e-08,682760122.3277302
76362.98261282257,0.0026406357937951022,0.2640635793795102,389.2575336595566,4.920161741291396e-10,0.700870249968477,0.6588514367335765,8.100336393771232e-06,5.496071465805118e-08,655013316.7660033
79597.77002314977,0.002533322543454754,0.25333225434547535,405.7467451357662,4.931433482845683e-10,0.7075388303766551,0.665138717010645,8.100336393771232e-06,5.728888757319079e-08,628394118.3882711
82969.58520834915,0.002430370414676737,0.24303704146767366,422.9344507234491,4.94270522439997e-10,0.7140853933938147,0.6713123924261043,8.100336393771232e-06,5.971568346214953e-08,602856702.1730299
86484.23275731709,0.0023316021750948786,0.23316021750948782,440.8502391039329,4.953976965954257e-10,0.7205048457030138,0.6773677490548216,8.100336393771232e-06,6.224528006056754e-08,578357105.3896832
90147.76314524918,0.0022368477949194585,0.22368477949194582,459.52495235503403,4.965248707508543e-10,0.7267952610071056,0.683302926502212,8.100336393771232e-06,6.488203207578315e-08,554853151.9165658
93966.4831495471,0.002145944154230532,0.21459441542305316,478.99073904576755,4.97652044906283e-10,0.7329474566976845,0.6891093856204409,8.100336393771232e-06,6.76304786834719e-08,532304379.634651
97946.96670695386,0.002058734762166516,0.20587347621665159,499.2811095802,4.987792190617116e-10,0.738960273122939,0.6947859759470465,8.100336393771232e-06,7.049535134185028e-08,510671970.7718974
102096.06623060476,0.00197506948752474,0.197506948752474,520.4309938857033,4.999063932171404e-10,0.7448288782593935,0.7003282146004419,8.100336393771232e-06,7.348158193689435e-08,489918685.0783457
106420.92440647224,0.0018948043003102193,0.1894804300310219,542.476801544909,5.01033567372569e-10,0.7505474287937388,0.705730638133517,8.100336393771232e-06,7.65943112725932e-08,470008795.7169404
110928.98648952227,0.0018178010237875823,0.18178010237875822,565.4564844749148,5.021607415279977e-10,0.756113026429781,0.7109905012779011,8.100336393771232e-06,7.983889792085865e-08,450908027.7596702
115628.01312073777,0.0017439270966094914,0.17439270966094914,589.4096022615998,5.032879156834265e-10,0.7615217026610184,0.7161040695238251,8.100336393771232e-06,8.322092744631951e-08,432583499.1831988
120526.09368708414,0.0016730553446119138,0.16730553446119137,614.3773902615628,5.04415089838855e-10,0.7667694729752527,0.7210676220805177,8.100336393771232e-06,8.674622202188664e-08,415003664.2623695
125631.66024741215,0.0016050637618834297,0.16050637618834296,640.4028305889066,5.055422639942838e-10,0.7718496729382768,0.7258749333378134,8.100336393771232e-06,9.04208504516405e-08,398138259.264148
130953.5020482665,0.0015398353007317802,0.153983530073178,667.5307261090464,5.066694381497124e-10,0.7767593021765788,0.7305231764396208,8.100336393771232e-06,9.42511386182912e-08,381958250.34853774
136500.78065460137,0.0014772576701858945,0.14772576701858944,695.8077775669835,5.077966123051412e-10,0.7814964303569554,0.7350105125007964,8.100336393771232e-06,9.824368037320542e-08,366435783.5867323
142283.04572143548,0.0014172231426867292,0.1417223142686729,725.2826639827438,5.089237864605699e-10,0.7860570771593298,0.7393331868587385,8.100336393771232e-06,1.0240534888773668e-07,351544137.01051414
148310.25143361028,0.0013596283686339622,0.1359628368633962,756.0061264524512,5.100509606159985e-10,0.7904373063334262,0.7434875392838184,8.100336393771232e-06,1.0674330848540953e-07,337257674.6103083
154592.77364194786,0.0013043741984693686,0.13043741984693685,788.0310554992672,5.111781347714272e-10,0.7946333347984362,0.7474700345428961,8.100336393771232e-06,1.1126502697532262e-07,323551802.202721
161141.42772530165,0.0012513655119906245,0.12513655119906245,821.4125821245489,5.123053089268558e-10,0.7986423351504655,0.751277951791582,8.100336393771232e-06,1.1597828850799947e-07,310402925.0915954
167967.48720926532,0.0012005110546015791,0.1200511054601579,856.2081727160423,5.134324830822845e-10,0.8024616813545948,0.7549087938513722,8.100336393771232e-06,1.2089120697582807e-07,297788407.44966775
175082.7031735727,0.001151723280217262,0.11517232802172621,892.4777279763986,5.145596572377132e-10,0.8060865958764364,0.7583581276006222,8.100336393771232e-06,1.2601223998114497e-07,285686533.35093975
182499.32448161504,0.0011049182005530445,0.11049182005530445,930.2836860424046,5.156868313931419e-10,0.8095155957522567,0.7616245437687753,8.100336393771232e-06,1.3135020339602207e-07,274076469.38664925
190230.11886689457,0.0010600152405385711,0.1060015240538571,969.6911299724138,5.168140055485706e-10,0.8127473106455821,0.7647066930660492,8.100336393771232e-06,1.369142865388153e-07,262938228.80049837
198288.39491270675,0.0010169370996075905,0.10169370996075905,1010.76789978698,5.179411797039993e-10,0.8157770585764599,0.7676001502053705,8.100336393771232e-06,1.4271406799359714e-07,252252637.08140635
206688.0249629082,0.0009756096186247825,0.09756096186247824,1053.5847092556705,5.19068353859428e-10,0.8186020299428834,0.7703023164323017,8.100336393771232e-06,1.4875953209972022e-07,242001298.95452735
215443.46900318866,0.000935961652220648,0.09359616522206478,1098.2152676309734,5.201955280148568e-10,0.8212224069899541,0.7728133797617913,8.100336393771232e-06,1.5506108613987874e-07,232166566.71374553
224569.79955397718,0.0008979249463145413,0.08979249463145413,1144.7364065389938,5.213227021702854e-10,0.8236353416627749,0.7751305915482788,8.100336393771232e-06,1.616295782562766e-07,222731509.84109563
234082.72761782943,0.0008614340206150839,0.08614340206150838,1193.2282122453112,5.22449876325714e-10,0.8258394963681264,0.7772525835714298,8.100336393771232e-06,1.6847631612573425e-07,213679885.86083
243998.62972595452,0.000826426055895686,0.08264260558956858,1243.7741635236755,5.235770504811427e-10,0.8278304408313235,0.7791751867282379,8.100336393771232e-06,1.7561308642588107e-07,204996112.3779582
254334.57613046482,0.0007928407858510535,0.07928407858510535,1296.4612753649765,5.247042246365713e-10,0.8296075088694858,0.7808978588324237,8.100336393771232e-06,1.8305217512595792e-07,196665240.25310525
265108.3601908542,0.0007606203933486098,0.07606203933486097,1351.3802487737437,5.258313987920001e-10,0.8311709369711484,0.7824208036069498,8.100336393771232e-06,1.9080638863713996e-07,188672927.86753523
276338.5290053167,0.0007297094108961283,0.07297094108961281,1408.6256269101943,5.269585729474287e-10,0.832518814788824,0.7837419609329108,8.100336393771232e-06,1.9888907585881206e-07,181005416.43401158
288044.4153396298,0.0007000546251542945,0.07000546251542944,1468.2959578465425,5.280857471028575e-10,0.8336493287080249,0.7848596895984321,8.100336393771232e-06,2.073141511587352e-07,173649506.31100777
300246.17090855434,0.000671604985329814,0.0671604985329814,1530.4939642177446,5.29212921258286e-10,0.8345634362079769,0.7857750117905465,8.100336393771232e-06,2.160961183266643e-07,166592534.27949208
312964.80106707505,0.0006443115152913155,0.06443115152913155,1595.3267200588268,5.303400954137149e-10,0.8352587228727171,0.7864856665985116,8.100336393771232e-06,2.252500955426666e-07,159822351.74315798
326222.2009711673,0.0006181272292568294,0.06181272292568295,1662.9058351330834,5.314672695691436e-10,0.8357372576184442,0.7869932578263006,8.100336393771232e-06,2.3479184140310317e-07,153327303.81458732
340041.19327037025,0.000593007050907626,0.059300705090762594,1733.3476470686066,5.325944437245721e-10,0.83599931092888,0.7872978984831377,8.100336393771232e-06,2.4473778204909827e-07,147096209.25132772
354445.5673970436,0.0005689077357892057,0.05689077357892057,1806.7734216338456,5.337216178800009e-10,0.8360345361537083,0.7873902217287884,8.100336393771232e-06,2.551050394441882e-07,141118341.20735225
369460.1205199295,0.0005457877968658733,0.05457877968658732,1883.3095614969004,5.348487920354295e-10,0.8358507208358599,0.7872775456856717,8.100336393771232e-06,2.6591146084981993e-07,135383408.76676956
385110.7002325569,0.0005236074331006743,0.05236074331006742,1963.0878238281136,5.359759661908583e-10,0.8354585490790009,0.7869694940703308,8.100336393771232e-06,2.7717564954946825e-07,129881539.22797965
401424.2490499326,0.0005023284609378189,0.050232846093781876,2046.2455471203434,5.371031403462869e-10,0.8348431889244606,0.7864518696001426,8.100336393771232e-06,2.889169968742311e-07,124603261.10779566
418428.8507901576,0.00048191424856958143,0.04819142485695814,2132.925887617567,5.382303145017156e-10,0.8340023569444638,0.7857230732530962,8.100336393771232e-06,3.011557155850607e-07,119539487.8362582
436153.77892080054,0.00046232965287453946,0.04623296528745394,2223.2780657587646,5.393574886571442e-10,0.8329531930131201,0.7847991856572879,8.100336393771232e-06,3.139128746690899e-07,114681502.11407949
454629.546953239,0.000443540958918609,0.044354095891860894,2317.45762306125,5.404846628125729e-10,0.8316876139821735,0.7836721843743392,8.100336393771232e-06,3.2721043560994135e-07,110020940.9057926
473887.9609717651,0.0004255158219146801,0.042551582191468006,2415.626689885877,5.416118369680016e-10,0.8302043225339159,0.7823403377846194,8.100336393771232e-06,3.4107129019449077e-07,105549781.04275955
493962.1743878326,0.0004082232115409916,0.04082232115409915,2517.9542645448323,5.427390111234303e-10,0.8285107435586555,0.7808113769709901,8.100336393771232e-06,3.555192999211311e-07,101260325.41126823
514886.7450137487,0.0003916333585223442,0.039163335852234415,2624.616504232701,5.43866185278859e-10,0.8266003916173433,0.779079234679058,8.100336393771232e-06,3.7057933707740786e-07,97145189.70192933
536697.6945540477,0.00037571770338220775,0.037571770338220775,2735.797028281588,5.449933594342877e-10,0.824471790705092,0.7771419561958061,8.100336393771232e-06,3.862773275577354e-07,93197289.69756638
559432.5706169389,0.0003604488472775145,0.03604488472775145,2851.687234262238,5.461205335897165e-10,0.8221616591153499,0.7750336058158995,8.100336393771232e-06,4.02640295494885e-07,89409829.07771917
583130.5113526218,0.00034580050483147426,0.034580050483147426,2972.486627475479,5.47247707745145e-10,0.8196356817552218,0.772722756498579,8.100336393771232e-06,4.196964097821047e-07,85776287.71875902
607832.3128297236,0.0003317474588832219,0.033174745888322185,3098.403164401185,5.483748819005738e-10,0.8168733039253573,0.7701900174603205,8.100336393771232e-06,4.374750325659514e-07,82290410.4694771
633580.4992658241,0.0003182655170764177,0.031826551707641766,3229.6536106958274,5.495020560560024e-10,0.8139351524436623,0.7674916269460215,8.100336393771232e-06,4.560067697932922e-07,78946196.38282739
660419.3962330305,0.00030533147021203,0.030533147021202994,3366.4639143552276,5.506292302114311e-10,0.8108380483784955,0.7646438182735978,8.100336393771232e-06,4.753235238995387e-07,75737888.3852774
688395.206964551,0.0002929230522936458,0.02929230522936458,3509.069594684557,5.517564043668598e-10,0.8074844791278412,0.7615546992471471,8.100336393771232e-06,4.954585487287623e-07,72659963.36599316
717556.0918936922,0.0002810189021964947,0.028101890219649466,3657.716147745482,5.528835785222884e-10,0.8039359361557219,0.7582820355165845,8.100336393771232e-06,5.16446506780281e-07,69707122.66878782
747952.2515621829,0.0002695985268942105,0.02695985268942105,3812.6594689783533,5.540107526777172e-10,0.8002273839285441,0.754858257679492,8.100336393771232e-06,5.383235288802526e-07,66874282.97047001
779636.0130405221,0.0002586422661800408,0.02586422661800408,3974.166293726776,5.551379268331457e-10,0.7963441783683459,0.7512696301587728,8.100336393771232e-06,5.611272763809737e-07,64156567.52989145
812661.9200091945,0.00024813125882173836,0.024813125882173832,4142.514656423352,5.562651009885746e-10,0.7922275736966711,0.7474619727955598,8.100336393771232e-06,5.848970059950158e-07,61549297.79262158
847086.826655742,0.00023804741009190793,0.02380474100919079,4317.994369226572,5.573922751440032e-10,0.7879432671720414,0.7434956732855694,8.100336393771232e-06,6.09673637375745e-07,59047985.33680572
882969.9955494083,0.00022837336061787937,0.022837336061787936,4500.907520933306,5.585194492994319e-10,0.783505197719747,0.7393838958942232,8.100336393771232e-06,6.35499823560624e-07,56648324.14633354
920373.199661823,0.0002190924564974994,0.02190924564974994,4691.568997025503,5.596466234548606e-10,0.7788814615891086,0.7350968733687955,8.100336393771232e-06,6.624200243985377e-07,54346183.1980203
959360.8287093127,0.00021018872062940106,0.021018872062940102,4890.30702174628,5.607737976102893e-10,0.7740775072382869,0.7306404528033524,8.100336393771232e-06,6.904805830875221e-07,52137599.35004112
1000000.0,0.00020164682520837246,0.020164682520837245,5097.463723138989,5.61900971765718e-10,0.7691088413794399,0.7260279569967651,8.100336393771232e-06,7.197298059547292e-07,50018770.51936958
1042360.6739764033,0.00019345206533850592,0.01934520653385059,5313.395722021428,5.630281459211467e-10,0.7639811816586434,0.7212647871114692,8.100336393771232e-06,7.502180456158784e-07,47986049.13648329
1086515.7746525372,0.00018559033371867793,0.01855903337186779,5538.474745909571,5.641553200765753e-10,0.7586959090212696,0.7163525409886805,8.100336393771232e-06,7.819977876574239e-07,46035935.8660626
1132541.3151528127,0.00017804809635678875,0.017804809635678872,5773.088268947589,5.65282494232004e-10,0.7532597714925078,0.7112979953941847,8.100336393771232e-06,8.151237409906487e-07,44165073.58287458
1180516.528568803,0.00017081236927096526,0.017081236927096524,6017.640178945447,5.664096683874326e-10,0.7476637762946935,0.7060922835105407,8.100336393771232e-06,8.496529320331755e-07,42370241.59247454
1230524.0043592616,0.00016387069613759425,0.016387069613759422,6272.551472673064,5.675368425428613e-10,0.7419209497280218,0.7007468091706923,8.100336393771232e-06,8.856448028801287e-07,40648350.08677014
1282649.8305280625,0.00015721112684773442,0.015721112684773438,6538.260980607176,5.686640166982901e-10,0.7360457446041625,0.6952756788442761,8.100336393771232e-06,9.231613136338296e-07,38996434.824910074
1336983.7418249452,0.00015082219693496804,0.0150822196934968,6815.226122379286,5.697911908537187e-10,0.7300345062953163,0.689675818800968,8.100336393771232e-06,9.622670490682961e-07,37411652.03033459
1393619.2742241435,0.00014469290783929002,0.014469290783929003,7103.923694224864,5.709183650091475e-10,0.7238809726021301,0.683941198307692,8.100336393771232e-06,1.0030293298121144e-06,35891273.49520622
1452653.9259467782,0.0001388127079730621,0.01388127079730621,7404.850689789138,5.720455391645761e-10,0.7175966264707334,0.6780818624625228,8.100336393771232e-06,1.045518328241051e-06,34432681.88379378
1514189.325304352,0.00013317147455642065,0.013317147455642064,7718.5251557032425,5.731727133200049e-10,0.7111945508854541,0.6721101749350304,8.100336393771232e-06,1.0898071892800247e-06,33033366.226720538
1578331.4056521198,0.0001277594961908889,0.01277594961908889,8045.487083402653,5.742998874754335e-10,0.7046757572254638,0.6660275850710223,8.100336393771232e-06,1.1359721563222558e-06,31690917.598324843
1645190.5877536607,0.0001225674561411759,0.012256745614117588,8386.299338724006,5.754270616308621e-10,0.6980393105479007,0.6598333017588814,8.100336393771232e-06,1.1840927024824907e-06,30403024.969687574
1714881.9698705408,0.00011758641629639091,0.01175864162963909,8741.548630880216,5.765542357862908e-10,0.6912927675684079,0.6535339918094627,8.100336393771232e-06,1.2342516674101891e-06,29167471.23018941
1787525.5259042317,0.00011280780178306435,0.011280780178306433,9111.846522481766,5.776814099417194e-10,0.6844421618989439,0.6471349544148799,8.100336393771232e-06,1.2865353998981781e-06,27982129.370749682
1863246.3119315598,0.00010822338620347646,0.010822338620347646,9497.830482343643,5.788085840971482e-10,0.6774950411007284,0.6406435430783568,8.100336393771232e-06,1.3410339065323671e-06,26844958.822173607
1942174.6814890285,0.00010382527747389524,0.010382527747389523,9900.16498288934,5.799357582525769e-10,0.6704514930940835,0.6340601684933049,8.100336393771232e-06,1.3978410066382864e-06,25754001.942307856
2024446.5099768017,9.960590423833084e-05,0.009960590423833083,10319.542644042083,5.810629324080055e-10,0.6633154091512444,0.6273882923682893,8.100336393771232e-06,1.4570544937913329e-06,24707380.645953808
2110203.4285685965,9.555800283442547e-05,0.009555800283442547,10756.685425571946,5.821901065634342e-10,0.65609312708397,0.6206335226897491,8.100336393771232e-06,1.5187763041686815e-06,23703293.17173867
2199593.06803007,9.167460478904167e-05,0.009167460478904167,11212.34586995128,5.833172807188629e-10,0.6487914076303826,0.6138021431959554,8.100336393771232e-06,1.5831126920326508e-06,22740010.9803791
2292769.312865649,8.794902482201373e-05,0.008794902482201371,11687.308397858958,5.844444548742916e-10,0.6414154077973815,0.606899260611633,8.100336393771232e-06,1.6501744126477526e-06,21815875.77899536
2389892.566231053,8.437484933742299e-05,0.008437484933742297,12182.390658562344,5.855716290297203e-10,0.63396898608867,0.5999286841111093,8.100336393771232e-06,1.720076912946127e-06,20929296.666356407
2491130.026067786,8.094592538257389e-05,0.008094592538257388,12698.444937502829,5.86698803185149e-10,0.6264556362211491,0.5928934295102026,8.100336393771232e-06,1.7929405302697682e-06,20078747.394138835
2596655.9729348724,7.765635005566825e-05,0.0077656350055668255,13236.359623507697,5.878259773405777e-10,0.6188821389872142,0.5857996834892547,8.100336393771232e-06,1.868890699531606e-06,19262763.73948598
2706652.070033236,7.450046034394667e-05,0.007450046034394666,13797.060738153481,5.889531514960064e-10,0.611253081768276,0.5786518476260036,8.100336393771232e-06,1.948058169151989e-06,18479940.984345037
2821307.6759394705,7.147282337479401e-05,0.0071472823374794,14381.513529915028,5.90080325651435e-10,0.6035728811879134,0.5714541699197777,8.100336393771232e-06,2.0305792261425043e-06,17728931.497240458
2940820.1705870666,6.856822706303667e-05,0.006856822706303667,14990.724135843,5.912074998068638e-10,0.5958457397680046,0.5642106011490676,8.100336393771232e-06,2.1165959307243856e-06,17008442.41332323
3065395.2950565238,6.578167113832348e-05,0.006578167113832347,15625.741313631577,5.923346739622923e-10,0.5880761046738353,0.556925279152058,8.100336393771232e-06,2.2062563608855734e-06,16317233.408700472
3195247.5057592136,6.310835853714547e-05,0.006310835853714546,16287.658247057947,5.934618481177211e-10,0.5802684538459109,0.5496021702794055,8.100336393771232e-06,2.299714867297414e-06,15654114.565214163
3330600.3436245816,6.054368714468055e-05,0.006054368714468054,16977.614427900575,5.945890222731497e-10,0.5724304748078244,0.5422486094662748,8.100336393771232e-06,2.3971323390296775e-06,15017944.32199444
3471686.8189265593,5.808324187223811e-05,0.005808324187223811,17696.797617577948,5.957161964285784e-10,0.5645648559033243,0.5348673196517358,8.100336393771232e-06,2.498676480521606e-06,14407627.510258911
3618749.812411284,5.572278705667384e-05,0.005572278705667384,18446.445891882544,5.968433705840072e-10,0.5566729010834667,0.5274594875289033,8.100336393771232e-06,2.6045221002854877e-06,13822113.467977088
3772042.4934169934,5.345825916868342e-05,0.005345825916868341,19227.849772331865,5.979705447394357e-10,0.5487644381480422,0.5200342131874117,8.100336393771232e-06,2.714851411840006e-06,13260394.231152708
3931828.75570577,5.128575981742532e-05,0.005128575981742532,20042.354447804883,5.990977188948645e-10,0.5408439647753623,0.5125957518999625,8.100336393771232e-06,2.8298543473913397e-06,12721502.798610847
4098383.671757253,4.9201549039432095e-05,0.004920154903943209,20891.362090287785,6.002248930502931e-10,0.5329088598686932,0.5051416341423561,8.100336393771232e-06,2.949728884801882e-06,12204511.467303185
4271993.966306777,4.7202038860251496e-05,0.004720203886025149,21776.33426871744,6.013520672057219e-10,0.5249694972476019,0.49768174263232673,8.100336393771232e-06,3.074681388409751e-06,11708530.235264305
4452958.50994266,4.528378711774005e-05,0.004528378711774005,22698.794465075767,6.024792413611506e-10,0.5170305303370866,0.4902204418644346,8.100336393771232e-06,3.2049269642854924e-06,11232705.269471204
4641588.833612773,4.3443491536371356e-05,0.004344349153637135,23660.33069706814,6.036064155165792e-10,0.5090906429830863,0.48275627193529397,8.100336393771232e-06,3.3406898305377624e-06,10776217.435967397
4838209.664925957,4.167798404235927e-05,0.004167798404235926,24662.598251900512,6.047335896720079e-10,0.5011579366430128,0.47529717320663467,8.100336393771232e-06,3.482203703305455e-06,10338280.889721436
5043159.487171348,3.9984225309811466e-05,0.003998422530981146,25707.32253586017,6.058607638274364e-10,0.4932371278468504,0.467847253106172,8.100336393771232e-06,3.629712199100587e-06,9918141.721792849
5256791.122018419,3.835929952852058e-05,0.003835929952852058,26796.302044608008,6.069879379828652e-10,0.4853290534546188,0.46040765069577727,8.100336393771232e-06,3.7834692541948624e-06,9515076.661475591
5479472.336900293,3.6800409384390245e-05,0.0036800409384390243,27931.411459292885,6.08115112138294e-10,0.4774403010906573,0.4529844936624927,8.100336393771232e-06,3.943739561771558e-06,9128391.831185862
5711586.478126423,3.530487124385076e-05,0.0035304871243850757,29114.604873820634,6.092422862937226e-10,0.4695728786382814,0.4455795863994866,8.100336393771232e-06,4.1107990275955875e-06,8757421.551949829
5953533.13081437,3.387011053397625e-05,0.003387011053397625,30347.91915883234,6.103694604491513e-10,0.46173253384493135,0.4381985076174895,8.100336393771232e-06,4.284935244986079e-06,8401527.197435385
6205728.806776513,3.249365731035146e-05,0.0032493657310351458,31633.477468181904,6.114966346045801e-10,0.453921074219643,0.43084274783102255,8.100336393771232e-06,4.466447989908937e-06,8060096.094555438
6468607.661546321,3.117314200505534e-05,0.0031173142005055336,32973.4928939513,6.126238087600087e-10,0.4461416953691437,0.4235157205742046,8.100336393771232e-06,4.655649737042009e-06,7732540.468749436
6742622.241778349,2.990629134744298e-05,0.002990629134744298,34370.27227629522,6.137509829154375e-10,0.438398885996764,0.41622120039415567,8.100336393771232e-06,4.852866197701173e-06,7418296.432127755
7028244.264308338,2.8690924450705146e-05,0.0028690924450705145,35826.220174671456,6.148781570708661e-10,0.43069495238793737,0.40896189561479585,8.100336393771232e-06,5.058436880553083e-06,7116823.0127374455
7325965.42821523,2.752494905746479e-05,0.002752494905746479,37343.843007297524,6.160053312262947e-10,0.42303584170638375,0.4017428898285741,8.100336393771232e-06,5.272715676080404e-06,6827601.223277308
7636298.261282257,2.640635793795103e-05,0.0026406357937951022,38925.75336595566,6.171325053817234e-10,0.4154179338633951,0.39456123221646106,8.100336393771232e-06,5.496071465805118e-06,6550133.167660033
7959777.002314977,2.533322543454754e-05,0.002533322543454754,40574.67451357662,6.18259679537152e-10,0.4078545702212527,0.38742931281157283,8.100336393771232e-06,5.728888757319078e-06,6283941.183882711
8296958.520834915,2.430370414676736e-05,0.002430370414676736,42293.445072344926,6.193868536925808e-10,0.400335426710157,0.3803375848421663,8.100336393771232e-06,5.971568346214956e-06,6028567.021730296
8648423.275731709,2.3316021750948805e-05,0.0023316021750948803,44085.02391039325,6.205140278480094e-10,0.39287789802065315,0.3733023933397203,8.100336393771232e-06,6.224528006056747e-06,5783571.053896838
9014776.314524917,2.23684779491946e-05,0.00223684779491946,45952.495235503375,6.216412020034382e-10,0.385470183035611,0.36631258178314297,8.100336393771232e-06,6.488203207578311e-06,5548531.519165661
9396648.31495471,2.145944154230532e-05,0.002145944154230532,47899.07390457674,6.227683761588669e-10,0.3781282378643478,0.3593832667403697,8.100336393771232e-06,6.7630478683471885e-06,5323043.796346512
9794696.670695385,2.0587347621665158e-05,0.0020587347621665157,49928.11095801999,6.238955503142956e-10,0.37084304218371805,0.35250605882461933,8.100336393771232e-06,7.049535134185027e-06,5106719.707718973
10209606.623060476,1.9750694875247385e-05,0.0019750694875247383,52043.09938857037,6.250227244697242e-10,0.36370231867130487,0.34576797416222976,8.100336393771232e-06,7.348158193689441e-06,4899186.850783453
10642092.440647224,1.8948043003102197e-05,0.0018948043003102196,54247.68015449089,6.261498986251528e-10,0.35655174556959834,0.33901506007459087,8.100336393771232e-06,7.659431127259319e-06,4700087.957169405
11092898.648952227,1.817801023787582e-05,0.0018178010237875817,56545.64844749148,6.272770727805816e-10,0.3494672668827122,0.3323228477413976,8.100336393771232e-06,7.983889792085867e-06,4509080.2775967
11562801.312073776,1.7439270966094913e-05,0.0017439270966094912,58940.960226159994,6.284042469360103e-10,0.342456170878153,0.32569864423267836,8.100336393771232e-06,8.32209274463195e-06,4325834.991831988
12052609.368708413,1.673055344611914e-05,0.001673055344611914,61437.739026156254,6.29531421091439e-10,0.33551301497073704,0.3191372018889087,8.100336393771232e-06,8.67462220218866e-06,4150036.6426236965
12563166.024741214,1.6050637618834292e-05,0.0016050637618834288,64040.28305889067,6.306585952468676e-10,0.32864799195327576,0.31264813477340514,8.100336393771232e-06,9.042085045164053e-06,3981382.5926414784
13095350.20482665,1.5398353007317812e-05,0.0015398353007317809,66753.07261090461,6.317857694022962e-10,0.32185539269036945,0.30622629713366045,8.100336393771232e-06,9.425113861829113e-06,3819582.5034853797
13650078.065460138,1.477257670185895e-05,0.001477257670185895,69580.77775669833,6.32912943557725e-10,0.31514219789403947,0.299877958670907,8.100336393771232e-06,9.824368037320537e-06,3664357.835867325
14228304.57214355,1.417223142686729e-05,0.001417223142686729,72528.26639827438,6.340401177131537e-10,0.3085068572368229,0.29360211341247633,8.100336393771232e-06,1.0240534888773668e-05,3515441.370105141
14831025.143361028,1.3596283686339632e-05,0.001359628368633963,75600.61264524506,6.351672918685823e-10,0.30195123723155914,0.28740027668590584,8.100336393771232e-06,1.0674330848540946e-05,3372576.746103085
15459277.364194784,1.3043741984693693e-05,0.0013043741984693693,78803.10554992668,6.36294466024011e-10,0.2954785809180601,0.28127570991885487,8.100336393771232e-06,1.1126502697532255e-05,3235518.022027212
16114142.772530166,1.2513655119906244e-05,0.001251365511990624,82141.25821245491,6.374216401794397e-10,0.28908830848161915,0.27522778718980623,8.100336393771232e-06,1.1597828850799948e-05,3104029.250915954
16796748.72092653,1.2005110546015787e-05,0.0012005110546015785,85620.81727160428,6.385488143348684e-10,0.28278133170605224,0.26925743631112453,8.100336393771232e-06,1.2089120697582812e-05,2977884.074496676
17508270.31735727,1.1517232802172625e-05,0.0011517232802172623,89247.77279763983,6.396759884902972e-10,0.27655806829577684,0.2633651592142143,8.100336393771232e-06,1.2601223998114494e-05,2856865.333509398
18249932.448161505,1.1049182005530444e-05,0.0011049182005530443,93028.36860424047,6.408031626457258e-10,0.27042152922684676,0.2575537568647718,8.100336393771232e-06,1.313502033960221e-05,2740764.6938664922
19023011.886689458,1.0600152405385716e-05,0.0010600152405385716,96969.11299724135,6.419303368011545e-10,0.264370045265211,0.25182182112245843,8.100336393771232e-06,1.3691428653881521e-05,2629382.2880049846
19828839.491270673,1.0169370996075898e-05,0.0010169370996075896,101076.78997869806,6.430575109565831e-10,0.25840640123677083,0.246171824140245,8.100336393771232e-06,1.4271406799359724e-05,2522526.3708140617
20668802.49629082,9.756096186247826e-06,0.0009756096186247825,105358.47092556705,6.441846851120118e-10,0.2525326748723913,0.24060592957478721,8.100336393771232e-06,1.4875953209972018e-05,2420012.989545274
21544346.900318865,9.359616522206474e-06,0.0009359616522206473,109821.52676309743,6.453118592674405e-10,0.2467446881040066,0.23512033771187035,8.100336393771232e-06,1.5506108613987884e-05,2321665.667137454
22456979.955397718,8.97924946314542e-06,0.0008979249463145418,114473.64065389932,6.464390334228691e-10,0.2410466498254098,0.22971892131867194,8.100336393771232e-06,1.616295782562765e-05,2227315.0984109575
23408272.761782944,8.614340206150832e-06,0.0008614340206150832,119322.8212245312,6.475662075782979e-10,0.2354398632986168,0.22440295704021815,8.100336393771232e-06,1.6847631612573434e-05,2136798.8586082985
24399862.972595453,8.26426055895685e-06,0.0008264260558956849,124377.41635236768,6.486933817337265e-10,0.22991985935856002,0.21916811856231835,8.100336393771232e-06,1.7561308642588128e-05,2049961.1237795795
25433457.613046482,7.928407858510538e-06,0.0007928407858510538,129646.1275364976,6.498205558891552e-10,0.22449002253419084,0.2140178952224495,8.100336393771232e-06,1.830521751259578e-05,1966652.4025310536
26510836.019085415,7.6062039334860935e-06,0.0007606203933486093,135138.02487737447,6.509477300445839e-10,0.21915025534489327,0.20895215110859006,8.100336393771232e-06,1.908063886371401e-05,1886729.2786753513
27633852.90053167,7.297094108961281e-06,0.000729709410896128,140862.56269101944,6.520749042000126e-10,0.2138998040239291,0.20397017985229585,8.100336393771232e-06,1.9888907585881212e-05,1810054.1643401159
28804441.53396298,7.000546251542942e-06,0.0007000546251542941,146829.59578465435,6.532020783554413e-10,0.20873915120781622,0.1990724509426219,8.100336393771232e-06,2.073141511587353e-05,1736495.0631100766
30024617.09085543,6.71604985329814e-06,0.0006716049853298141,153049.39642177444,6.5432925251087e-10,0.20366793602988564,0.19425859460223963,8.100336393771232e-06,2.1609611832666422e-05,1665925.3427949212
31296480.106707502,6.443115152913163e-06,0.0006443115152913162,159532.67200588252,6.554564266662987e-10,0.19868463434921482,0.18952740700002874,8.100336393771232e-06,2.2525009554266634e-05,1598223.5174315814
32622220.09711673,6.181272292568298e-06,0.0006181272292568298,166290.58351330826,6.565836008217274e-10,0.1937913475116683,0.18488091442495264,8.100336393771232e-06,2.3479184140310306e-05,1533273.038145874
34004119.32703703,5.930070509076257e-06,0.0005930070509076257,173334.76470686076,6.57710774977156e-10,0.18898813384471508,0.18031907118745116,8.100336393771232e-06,2.4473778204909842e-05,1470962.0925132767
35444556.739704356,5.68907735789206e-06,0.0005689077357892059,180677.34216338446,6.588379491325846e-10,0.18427390213716732,0.17584082426584433,8.100336393771232e-06,2.551050394441881e-05,1411183.412073523
36946012.051992945,5.457877968658735e-06,0.0005457877968658735,188330.95614968997,6.599651232880133e-10,0.17964708907258148,0.1714447980062177,8.100336393771232e-06,2.659114608498198e-05,1353834.087667696
38511070.02325569,5.236074331006743e-06,0.0005236074331006743,196308.7823828113,6.61092297443442e-10,0.17510760421977364,0.16713110263673164,8.100336393771232e-06,2.7717564954946824e-05,1298815.3922797968
40142424.90499326,5.023284609378191e-06,0.0005023284609378191,204624.55471203424,6.622194715988708e-10,0.17065612077549777,0.1629003824145558,8.100336393771232e-06,2.8891699687423097e-05,1246032.6110779573
41842885.07901576,4.819142485695816e-06,0.0004819142485695816,213292.58876175655,6.633466457542994e-10,0.16629250075227506,0.15875234203181807,8.100336393771232e-06,3.011557155850606e-05,1195394.8783625825
43615377.89208005,4.623296528745394e-06,0.0004623296528745393,222327.80657587652,6.644738199097282e-10,0.162014806066061,0.15468513622867452,8.100336393771232e-06,3.139128746690899e-05,1146815.021140795
45462954.6953239,4.435409589186087e-06,0.00044354095891860866,231745.76230612517,6.656009940651568e-10,0.15782127840537297,0.15069731463397257,8.100336393771232e-06,3.2721043560994154e-05,1100209.4090579252
47388796.09717651,4.255158219146796e-06,0.00042551582191467955,241562.66898858803,6.667281682205856e-10,0.15371255453706076,0.14678963016920146,8.100336393771232e-06,3.410712901944911e-05,1055497.8104275942
49396217.43878326,4.082232115409918e-06,0.0004082232115409918,251795.4264544831,6.678553423760142e-10,0.14968911487809952,0.1429624754259287,8.100336393771232e-06,3.555192999211308e-05,1012603.254112683
51488674.50137487,3.916333585223444e-06,0.0003916333585223444,262461.65042326995,6.689825165314428e-10,0.1457508285671333,0.13921553867874534,8.100336393771232e-06,3.7057933707740764e-05,971451.8970192941
53669769.45540476,3.757177033822074e-06,0.00037571770338220737,273579.70282815903,6.701096906868715e-10,0.14189359600029158,0.13554498565106085,8.100336393771232e-06,3.862773275577357e-05,931972.8969756629
55943257.06169366,3.604488472775157e-06,0.0003604488472775157,285168.72342622286,6.712368648423001e-10,0.13811626026835616,0.13195001407365764,8.100336393771232e-06,4.026402954948836e-05,894098.2907771945
58313051.135262184,3.458005048314742e-06,0.0003458005048314742,297248.66274754796,6.723640389977289e-10,0.13442044001415013,0.1284321935189905,8.100336393771232e-06,4.196964097821048e-05,857762.87718759
60783231.28297236,3.3174745888322185e-06,0.0003317474588832218,309840.3164401187,6.734912131531576e-10,0.13080739869451774,0.12499264885042911,8.100336393771232e-06,4.374750325659514e-05,822904.1046947709
63358049.92658241,3.182655170764177e-06,0.0003182655170764177,322965.3610695828,6.746183873085862e-10,0.12727420202565595,0.12162836126250003,8.100336393771232e-06,4.560067697932923e-05,789461.9638282737
66041939.623303056,3.0533147021203005e-06,0.00030533147021203006,336646.3914355227,6.757455614640149e-10,0.12381617973555928,0.11833508961658316,8.100336393771232e-06,4.753235238995386e-05,757378.8838527744
68839520.6964551,2.9292305229364583e-06,0.0002929230522936458,350906.9594684557,6.768727356194437e-10,0.12043375583617573,0.115113511632422,8.100336393771232e-06,4.954585487287623e-05,726599.6336599315
71755609.18936922,2.8101890219649464e-06,0.0002810189021964946,365771.61477454833,6.779999097748723e-10,0.11712916511512629,0.11196564495506969,8.100336393771232e-06,5.164465067802811e-05,697071.2266878779
74795225.15621829,2.695985268942103e-06,0.0002695985268942103,381265.9468978357,6.79127083930301e-10,0.11390204726897749,0.10889108763448271,8.100336393771232e-06,5.3832352888025315e-05,668742.8297046995
77963601.3040522,2.5864226618004066e-06,0.00025864226618004064,397416.6293726778,6.802542580857297e-10,0.11074944761153671,0.10588687114780379,8.100336393771232e-06,5.6112727638097386e-05,641565.6752989142
81266192.00091945,2.4813125882173857e-06,0.0002481312588217385,414251.4656423347,6.813814322411584e-10,0.10766592356563039,0.1029481401561861,8.100336393771232e-06,5.848970059950153e-05,615492.9779262164
84708682.6655742,2.380474100919079e-06,0.00023804741009190788,431799.43692265725,6.825086063965871e-10,0.10465442757493527,0.10007776577603014,8.100336393771232e-06,6.0967363737574485e-05,590479.8533680573
88296999.55494083,2.2837336061787942e-06,0.00022837336061787942,450090.7520933304,6.836357805520157e-10,0.10171559369925554,0.097276248608049,8.100336393771232e-06,6.35499823560624e-05,566483.2414633355
92037319.9661823,2.1909245649749936e-06,0.00021909245649749936,469156.89970255044,6.847629547074445e-10,0.09884961880405642,0.09454376787827988,8.100336393771232e-06,6.624200243985379e-05,543461.8319802028
95936082.87093127,2.1018872062940086e-06,0.00021018872062940084,489030.7021746285,6.85890128862873e-10,0.09605049770065163,0.09187444190508669,8.100336393771232e-06,6.904805830875227e-05,521375.99350041064
100000000.0,2.0164682520837247e-06,0.00020164682520837246,509746.3723138988,6.870173030183018e-10,0.09331445930045412,0.08926510587338135,8.100336393771232e-06,7.197298059547291e-05,500187.70519369585
104236067.39764033,1.9345206533850605e-06,0.00019345206533850603,531339.5722021424,6.881444771737305e-10,0.09064642188159203,0.08672028623065868,8.100336393771232e-06,7.502180456158779e-05,479860.49136483326
108651577.46525373,1.85590333718678e-06,0.00018559033371867795,553847.4745909568,6.892716513291591e-10,0.0880468904157172,0.08424044344332345,8.100336393771232e-06,7.819977876574235e-05,460359.3586606261
113254131.51528126,1.7804809635678875e-06,0.00017804809635678875,577308.826894759,6.903988254845879e-10,0.08551452411815094,0.08182432387264033,8.100336393771232e-06,8.151237409906486e-05,441650.73582874594
118051652.8568803,1.7081236927096514e-06,0.00017081236927096513,601764.0178945451,6.915259996400165e-10,0.08303879672548907,0.07946193850293086,8.100336393771232e-06,8.49652932033176e-05,423702.41592474515
123052400.43592615,1.6387069613759437e-06,0.00016387069613759436,627255.1472673061,6.926531737954452e-10,0.08062442238988848,0.07715783010840463,8.100336393771232e-06,8.85644802880128e-05,406483.5008677018
128264983.05280624,1.572111268477344e-06,0.0001572111268477344,653826.0980607177,6.93780347950874e-10,0.07827377358470076,0.07491422259210236,8.100336393771232e-06,9.231613136338298e-05,389964.3482491007
133698374.18249452,1.5082219693496793e-06,0.00015082219693496793,681522.6122379289,6.949075221063026e-10,0.07598546213567971,0.07272981310953265,8.100336393771232e-06,9.622670490682968e-05,374116.5203033457
139361927.42241433,1.4469290783929012e-06,0.0001446929078392901,710392.369422486,6.960346962617313e-10,0.07375551921347709,0.07060092448346744,8.100336393771232e-06,0.00010030293298121137,358912.7349520624
145265392.59467784,1.3881270797306218e-06,0.00013881270797306216,740485.0689789135,6.971618704171599e-10,0.07157763435582666,0.06852150211114513,8.100336393771232e-06,0.00010455183282410507,344326.818837938
151418932.5304352,1.3317147455642064e-06,0.00013317147455642062,771852.5155703244,6.982890445725886e-10,0.06945825991206066,0.06649762755675127,8.100336393771232e-06,0.00010898071892800247,330333.66226720536
157833140.56521198,1.2775949619088895e-06,0.00012775949619088896,804548.7083402649,6.994162187280173e-10,0.06739619489594362,0.06452822531709888,8.100336393771232e-06,0.00011359721563222553,316909.17598324857
164519058.77536607,1.2256745614117594e-06,0.00012256745614117593,838629.9338724004,7.00543392883446e-10,0.06538912945309952,0.06261114125711492,8.100336393771232e-06,0.000118409270248249,304030.24969687586
171488196.98705408,1.17586416296391e-06,0.00011758641629639098,874154.863088021,7.016705670388746e-10,0.06343388246100885,0.06074345835499535,8.100336393771232e-06,0.00012342516674101884,291674.7123018943
178752552.59042317,1.1280780178306435e-06,0.00011280780178306435,911184.6522481764,7.027977411943033e-10,0.06152841518260561,0.05892304966883862,8.100336393771232e-06,0.0001286535399898178,279821.2937074969
186324631.19315597,1.0822338620347641e-06,0.0001082233862034764,949783.0482343647,7.03924915349732e-10,0.05967497451047439,0.05715206702380452,8.100336393771232e-06,0.00013410339065323678,268449.5882217359
194217468.14890283,1.038252774738951e-06,0.00010382527747389509,990016.4982889354,7.050520895051608e-10,0.05787249609789229,0.055429590958143926,8.100336393771232e-06,0.0001397841006638288,257540.01942307828
202444650.9976802,9.960590423833078e-07,9.960590423833077e-05,1031954.2644042089,7.061792636605894e-10,0.05622820332144856,0.05386300366687482,8.100336393771232e-06,0.00014570544937913337,247073.80645953794
211020342.85685965,9.555800283442556e-07,9.555800283442555e-05,1075668.5425571937,7.073064378160182e-10,0.054521226745018005,0.052231557751514945,8.100336393771232e-06,0.000151877630416868,237032.93171738688
219959306.80300704,9.167460478904161e-07,9.16746047890416e-05,1121234.5869951285,7.084336119714468e-10,0.052859632853512764,0.05064324639337603,8.100336393771232e-06,0.00015831126920326518,227400.10980379084
229276931.2865649,8.794902482201373e-07,8.794902482201373e-05,1168730.8397858958,7.095607861268754e-10,0.0512446415729951,0.04909926024038341,8.100336393771232e-06,0.00016501744126477526,218158.7577899536
238989256.62310526,8.4374849337423e-07,8.437484933742299e-05,1218239.0658562344,7.106879602823042e-10,0.04967524852686933,0.04759872481892392,8.100336393771232e-06,0.00017200769129461268,209292.96666356412
249113002.6067786,8.094592538257392e-07,8.094592538257392e-05,1269844.4937502823,7.118151344377327e-10,0.04814949098561396,0.046139816644804515,8.100336393771232e-06,0.00017929405302697675,200787.4739413884
259665597.29348725,7.765635005566831e-07,7.765635005566831e-05,1323635.962350769,7.129423085931615e-10,0.046665627430114515,0.04472087477105782,8.100336393771232e-06,0.00018688906995316046,192627.63739485992
270665207.00332355,7.450046034394675e-07,7.450046034394674e-05,1379706.0738153467,7.140694827485901e-10,0.045222694322112185,0.043340890259735455,8.100336393771232e-06,0.0001948058169151987,184799.4098434506
282130767.59394705,7.147282337479399e-07,7.147282337479399e-05,1438151.3529915032,7.151966569040189e-10,0.043820729487691265,0.04199988605478795,8.100336393771232e-06,0.00020305792261425046,177289.31497240457
294082017.05870664,6.856822706303669e-07,6.856822706303668e-05,1499072.4135842999,7.163238310594476e-10,0.042458888570179217,0.040697142140144714,8.100336393771232e-06,0.00021165959307243852,170084.42413323236
306539529.50565237,6.578167113832352e-07,6.578167113832352e-05,1562574.1313631567,7.174510052148762e-10,0.041135736920991234,0.03943132937275008,8.100336393771232e-06,0.00022062563608855722,163172.3340870048
319524750.57592136,6.31083585371455e-07,6.31083585371455e-05,1628765.8247057935,7.185781793703049e-10,0.039849991554982256,0.03820122392269379,8.100336393771232e-06,0.0002299714867297413,156541.14565214168
333060034.36245817,6.05436871446806e-07,6.05436871446806e-05,1697761.442790056,7.197053535257335e-10,0.03860070113824023,0.03700585804781659,8.100336393771232e-06,0.00023971323390296754,150179.44321994454
347168681.89265597,5.808324187223813e-07,5.808324187223813e-05,1769679.7617577938,7.208325276811623e-10,0.03738748638360834,0.0358448479082435,8.100336393771232e-06,0.0002498676480521605,144076.27510258913
361874981.2411284,5.572278705667383e-07,5.572278705667383e-05,1844644.589188255,7.21959701836591e-10,0.036209689475587656,0.034717638044154814,8.100336393771232e-06,0.0002604522100285488,138221.13467977082
377204249.34169936,5.345825916868337e-07,5.345825916868337e-05,1922784.9772331878,7.230868759920197e-10,0.035066208704038274,0.03362320322325684,8.100336393771232e-06,0.0002714851411840008,132603.94231152697
393182875.570577,5.12857598174253e-07,5.12857598174253e-05,2004235.4447804883,7.242140501474483e-10,0.03395583302961372,0.03256038621020349,8.100336393771232e-06,0.00028298543473913404,127215.02798610844
409838367.1757253,4.920154903943209e-07,4.9201549039432095e-05,2089136.2090287784,7.25341224302877e-10,0.032877592956681065,0.03152822398254033,8.100336393771232e-06,0.00029497288848018814,122045.11467303187
427199396.63067764,4.720203886025148e-07,4.7202038860251476e-05,2177633.426871745,7.264683984583057e-10,0.03183115861255334,0.030526385176700324,8.100336393771232e-06,0.0003074681388409752,117085.30235264299
445295850.994266,4.528378711774006e-07,4.528378711774005e-05,2269879.446507576,7.275955726137344e-10,0.030815793864906918,0.029554213815310853,8.100336393771232e-06,0.00032049269642854924,112327.05269471205
464158883.3612773,4.344349153637136e-07,4.3443491536371356e-05,2366033.0697068134,7.28722746769163e-10,0.029830597081818667,0.028610866084058564,8.100336393771232e-06,0.00033406898305377616,107762.17435967398
483820966.49259573,4.1677984042359266e-07,4.167798404235926e-05,2466259.8251900515,7.298499209245918e-10,0.02887477408425085,0.027695594222261553,8.100336393771232e-06,0.0003482203703305456,103382.80889721436
504315948.71713483,3.9984225309811466e-07,3.998422530981146e-05,2570732.2535860175,7.309770950800204e-10,0.027947121205943816,0.02680722128473783,8.100336393771232e-06,0.0003629712199100587,99181.41721792848
525679112.2018419,3.8359299528520586e-07,3.835929952852058e-05,2679630.2044608006,7.321042692354491e-10,0.02704742264417847,0.02594553047981998,8.100336393771232e-06,0.0003783469254194862,95150.76661475594
547947233.6900293,3.680040938439024e-07,3.680040938439024e-05,2793141.145929289,7.332314433908779e-10,0.026174778552566332,0.02510969331619564,8.100336393771232e-06,0.00039437395617715585,91283.91831185861
571158647.8126423,3.530487124385076e-07,3.530487124385076e-05,2911460.4873820627,7.343586175463064e-10,0.025328501000815778,0.02429904845349015,8.100336393771232e-06,0.00041107990275955874,87574.2155194983
595353313.081437,3.3870110533976225e-07,3.3870110533976224e-05,3034791.915883237,7.354857917017353e-10,0.02450789410860171,0.023512945899152107,8.100336393771232e-06,0.00042849352449860823,84015.2719743538
620572880.6776488,3.2493657310351585e-07,3.2493657310351584e-05,3163347.746818178,7.366129658571638e-10,0.02371185595246901,0.02275032616882853,8.100336393771232e-06,0.0004466447989908919,80600.96094555467
646860766.1546321,3.1173142005055343e-07,3.117314200505534e-05,3297349.2893951302,7.377401400125925e-10,0.022940209257719193,0.022011006698847854,8.100336393771232e-06,0.00046556497370420094,77325.40468749435
674262224.1778349,2.990629134744298e-07,2.9906291347442978e-05,3437027.2276295223,7.388673141680212e-10,0.022192140772503227,0.021294216841078767,8.100336393771232e-06,0.00048528661977011736,74182.96432127754
702824426.4308338,2.8690924450705153e-07,2.8690924450705153e-05,3582622.0174671444,7.399944883234499e-10,0.02146684314699396,0.020599204004500094,8.100336393771232e-06,0.0005058436880553082,71168.23012737448
732596542.8215231,2.7524949057464783e-07,2.752494905746478e-05,3734384.3007297534,7.411216624788786e-10,0.020764056655593745,0.019925715803401706,8.100336393771232e-06,0.0005272715676080405,68276.01223277306
763629826.1282257,2.6406357937951016e-07,2.6406357937951015e-05,3892575.336595567,7.422488366343073e-10,0.020082782840160004,0.01927280733366303,8.100336393771232e-06,0.0005496071465805121,65501.33167660031
795977700.2314978,2.5333225434547523e-07,2.533322543454752e-05,4057467.451357665,7.43376010789736e-10,0.01942270294250263,0.018640172892568672,8.100336393771232e-06,0.0005728888757319082,62839.411838827065
829695852.0834914,2.430370414676737e-07,2.4303704146767364e-05,4229344.507234492,7.445031849451646e-10,0.018783165377491907,0.01802716729464777,8.100336393771232e-06,0.0005971568346214955,60285.67021730297
864842327.5731709,2.331602175094878e-07,2.3316021750948778e-05,4408502.39103933,7.456303591005933e-10,0.01816342801075565,0.017433118203805796,8.100336393771232e-06,0.0006224528006056754,57835.71053896831
901477631.4524918,2.2368477949194602e-07,2.23684779491946e-05,4595249.523550337,7.46757533256022e-10,0.017563284366012986,0.016857812203171188,8.100336393771232e-06,0.000648820320757831,55485.31519165662
939664831.495471,2.1459441542305322e-07,2.145944154230532e-05,4789907.390457675,7.478847074114508e-10,0.01698176984412236,0.016300334546186363,8.100336393771232e-06,0.000676304786834719,53230.43796346511
979469667.0695386,2.0587347621665166e-07,2.0587347621665165e-05,4992811.095801998,7.490118815668794e-10,0.016418551994160972,0.015760369385902525,8.100336393771232e-06,0.0007049535134185026,51067.197077189754
1020960662.3060476,1.9750694875247386e-07,1.9750694875247385e-05,5204309.938857037,7.501390557223081e-10,0.015872951575409015,0.01523724135689861,8.100336393771232e-06,0.0007348158193689439,48991.868507834544
1064209244.0647224,1.894804300310218e-07,1.8948043003102177e-05,5424768.015449095,7.512662298777367e-10,0.015344571217411005,0.014730610320805207,8.100336393771232e-06,0.0007659431127259327,47000.879571694
1109289864.8952227,1.817801023787581e-07,1.817801023787581e-05,5654564.844749152,7.523934040331654e-10,0.014832991620368271,0.014240044433785352,8.100336393771232e-06,0.0007983889792085872,45090.802775966986
1156280131.2073777,1.7439270966094917e-07,1.7439270966094916e-05,5894096.022615998,7.535205781885941e-10,0.014337454415246803,0.013764842551092601,8.100336393771232e-06,0.0008322092744631951,43258.34991831989
1205260936.8708413,1.6730553446119142e-07,1.6730553446119138e-05,6143773.902615626,7.546477523440227e-10,0.013857854803310853,0.013304902974417136,8.100336393771232e-06,0.0008674622202188662,41500.36642623696
1256316602.4741216,1.6050637618834297e-07,1.6050637618834295e-05,6404028.305889065,7.557749264994515e-10,0.01339339598234277,0.012859443940071527,8.100336393771232e-06,0.0009042085045164051,39813.8259264148
1309535020.482665,1.539835300731781e-07,1.539835300731781e-05,6675307.26109046,7.569021006548801e-10,0.012943799358720446,0.012428227862323858,8.100336393771232e-06,0.0009425113861829115,38195.82503485379
1365007806.5460138,1.4772576701858958e-07,1.4772576701858955e-05,6958077.775669829,7.580292748103089e-10,0.01250877881245136,0.012010958945551481,8.100336393771232e-06,0.0009824368037320533,36643.578358673265
1422830457.2143548,1.4172231426867293e-07,1.4172231426867291e-05,7252826.639827438,7.591564489657376e-10,0.012087421626035563,0.011606781660810478,8.100336393771232e-06,0.0010240534888773668,35154.41370105142
1483102514.336103,1.3596283686339617e-07,1.3596283686339615e-05,7560061.264524514,7.602836231211663e-10,0.011679906260933058,0.011215859840604197,8.100336393771232e-06,0.0010674330848540953,33725.76746103082
1545927736.4194784,1.3043741984693687e-07,1.3043741984693686e-05,7880310.554992671,7.61410797276595e-10,0.01128529457823058,0.010837294503062573,8.100336393771232e-06,0.0011126502697532262,32355.1802202721
1611414277.2530165,1.2513655119906249e-07,1.2513655119906247e-05,8214125.821245487,7.625379714320235e-10,0.010903516089868838,0.010471022220825308,8.100336393771232e-06,0.0011597828850799946,31040.29250915955
1679674872.092653,1.2005110546015793e-07,1.2005110546015792e-05,8562081.727160424,7.636651455874522e-10,0.01053419282486633,0.010116683876859557,8.100336393771232e-06,0.0012005110546015791,29778.84074496678
1750827031.7357268,1.1517232802172615e-07,1.1517232802172613e-05,8924777.279763991,7.647923197428809e-10,0.010176661401357834,0.009773639419511032,8.100336393771232e-06,0.0011517232802172614,28568.65333509396
1824993244.8161504,1.1049182005530454e-07,1.1049182005530453e-05,9302836.860424038,7.659194938983096e-10,0.00983099256752768,0.009441959770967711,8.100336393771232e-06,0.0011049182005530452,27407.646938664948
1902301188.6689458,1.0600152405385711e-07,1.060015240538571e-05,9696911.299724137,7.670466680537383e-10,0.009496395020782733,0.009120893989165168,8.100336393771232e-06,0.001060015240538571,26293.822880049836
1982883949.1270673,1.0169370996075902e-07,1.01693709960759e-05,10107678.997869803,7.681738422091669e-10,0.009172827637614627,0.00881039130979526,8.100336393771232e-06,0.0010169370996075898,25225.263708140625
2066880249.629082,9.75609618624782e-08,9.756096186247819e-06,10535847.092556713,7.693010163645957e-10,0.008859869098810019,0.008510061975246097,8.100336393771232e-06,0.0009756096186247819,24200.129895452726
2154434690.0318866,9.359616522206472e-08,9.359616522206472e-06,10982152.676309742,7.704281905200245e-10,0.008557092085347499,0.008219484916646917,8.100336393771232e-06,0.0009359616522206473,23216.65667137454
2245697995.5397716,8.979249463145416e-08,8.979249463145414e-06,11447364.065389935,7.71555364675453e-10,0.008264380183045685,0.007938553443306323,8.100336393771232e-06,0.0008979249463145414,22273.15098410957
2340827276.178294,8.614340206150836e-08,8.614340206150836e-06,11932282.122453116,7.726825388308817e-10,0.007981230277867766,0.007666791706582465,8.100336393771232e-06,0.0008614340206150835,21367.988586082993
2439986297.2595453,8.26426055895685e-08,8.26426055895685e-06,12437741.63523677,7.738097129863104e-10,0.007707427464444338,0.007403983807728153,8.100336393771232e-06,0.000826426055895685,20499.611237795798
2543345761.3046484,7.928407858510535e-08,7.928407858510534e-06,12964612.753649766,7.749368871417391e-10,0.007442691762921591,0.007149873308096498,8.100336393771232e-06,0.0007928407858510533,19666.524025310522
2651083601.9085417,7.606203933486096e-08,7.606203933486095e-06,13513802.48773744,7.760640612971678e-10,0.007186702389860264,0.006904149108962407,8.100336393771232e-06,0.0007606203933486096,18867.292786753518
2763385290.053167,7.297094108961283e-08,7.297094108961282e-06,14086256.269101942,7.771912354525964e-10,0.006939275810693459,0.0066666312305897965,8.100336393771232e-06,0.0007297094108961283,18100.54164340116
2880444153.396298,7.000546251542943e-08,7.000546251542942e-06,14682959.578465432,7.783184096080251e-10,0.006700086257167356,0.006437014793783033,8.100336393771232e-06,0.0007000546251542942,17364.950631100768
3002461709.085543,6.716049853298137e-08,6.716049853298136e-06,15304939.642177451,7.794455837634537e-10,0.006468815582704725,0.006214989002097665,8.100336393771232e-06,0.0006716049853298135,16659.2534279492
3129648010.6707506,6.443115152913159e-08,6.443115152913158e-06,15953267.20058826,7.805727579188825e-10,0.006245334036652225,0.006000436258713854,8.100336393771232e-06,0.0006443115152913158,15982.235174315807
3262222009.7116733,6.181272292568301e-08,6.1812722925683e-06,16629058.351330822,7.816999320743112e-10,0.00602931045335282,0.005793040264906504,8.100336393771232e-06,0.00061812722925683,15332.730381458745
3400411932.7037024,5.930070509076259e-08,5.930070509076259e-06,17333476.47068607,7.828271062297398e-10,0.005820512450593893,0.005592566449270833,8.100336393771232e-06,0.0005930070509076259,14709.62092513277
3544455673.9704356,5.6890773578920556e-08,5.689077357892055e-06,18067734.21633846,7.839542803851686e-10,0.005618770104350328,0.005398860481944382,8.100336393771232e-06,0.0005689077357892055,14111.83412073522
3694601205.199295,5.4578779686587325e-08,5.457877968658732e-06,18833095.614969004,7.850814545405972e-10,0.0054236902947750265,0.005211543629708331,8.100336393771232e-06,0.0005457877968658731,13538.340876676955
3851107002.3255687,5.23607433100674e-08,5.236074331006739e-06,19630878.238281146,7.86208628696026e-10,0.005235215670054351,0.005030563762505879,8.100336393771232e-06,0.0005236074331006739,12988.153922797957
4014242490.499326,5.023284609378189e-08,5.0232846093781886e-06,20462455.47120343,7.873358028514546e-10,0.005053077146580774,0.004855663188307889,8.100336393771232e-06,0.0005023284609378189,12460.326110779568
4184288507.901576,4.8191424856958176e-08,4.819142485695817e-06,21329258.876175653,7.884629770068833e-10,0.004877065037086316,0.004686639129616028,8.100336393771232e-06,0.00048191424856958175,11953.948783625829
4361537789.208006,4.6232965287453925e-08,4.623296528745392e-06,22232780.657587655,7.89590151162312e-10,0.004707041738768152,0.0045233574560859975,8.100336393771232e-06,0.0004623296528745393,11468.150211407947
4546295469.532391,4.43540958918609e-08,4.435409589186089e-06,23174576.2306125,7.907173253177406e-10,0.004542709854849369,0.00436553528389744,8.100336393771232e-06,0.0004435409589186089,11002.09409057926
4738879609.717651,4.255158219146799e-08,4.255158219146798e-06,24156266.898858786,7.918444994731693e-10,0.004383955471394331,0.004213066813467971,8.100336393771232e-06,0.00042551582191467977,10554.978104275948
4939621743.878325,4.082232115409917e-08,4.082232115409917e-06,25179542.64544832,7.92971673628598e-10,0.004230600188290552,0.00406578010260703,8.100336393771232e-06,0.0004082232115409916,10126.032541126826
5148867450.137487,3.9163335852234427e-08,3.9163335852234425e-06,26246165.042327,7.940988477840267e-10,0.0040824635504087955,0.003923502988420833,8.100336393771232e-06,0.0003916333585223442,9714.518970192936
5366976945.540476,3.757177033822078e-08,3.757177033822078e-06,27357970.282815874,7.952260219394553e-10,0.003939372668843086,0.0037860617407801467,8.100336393771232e-06,0.00037571770338220775,9319.72896975664
5594325706.169366,3.604488472775159e-08,3.604488472775159e-06,28516872.34262227,7.96353196094884e-10,0.003801134306275554,0.0036532769704778227,8.100336393771232e-06,0.00036044884727751586,8940.98290777195
5831305113.526218,3.458005048314741e-08,3.4580050483147408e-06,29724866.274754804,7.974803702503127e-10,0.0036856348924895438,0.003543048357241614,8.100336393771232e-06,0.0003458005048314741,8577.628771875898
6078323128.297236,3.317474588832218e-08,3.317474588832218e-06,30984031.644011866,7.986075444057415e-10,0.003556236838469591,0.0034187349148282293,8.100336393771232e-06,0.00033174745888322186,8229.04104694771
6335804992.658241,3.182655170764176e-08,3.182655170764176e-06,32296536.10695829,7.997347185611701e-10,0.0034312895576546335,0.003298694204372551,8.100336393771232e-06,0.0003182655170764176,7894.619638282735
6604193962.330305,3.0533147021203005e-08,3.0533147021203005e-06,33664639.143552266,8.008618927165989e-10,0.00331063551531906,0.003182771280039907,8.100336393771232e-06,0.00030533147021203,7573.788838527743
6883952069.645511,2.9292305229364607e-08,2.9292305229364604e-06,35090695.94684554,8.019890668720276e-10,0.003194111858937528,0.0030708120554584152,8.100336393771232e-06,0.00029292305229364603,7265.99633659932
7175560918.936921,2.8101890219649464e-08,2.810189021964946e-06,36577161.47745483,8.031162410274561e-10,0.003081563753366145,0.0029626708748213978,8.100336393771232e-06,0.0002810189021964946,6970.71226687878
7479522515.621829,2.6959852689421034e-08,2.695985268942103e-06,38126594.689783566,8.042434151828849e-10,0.0029728821317690575,0.002858244672749684,8.100336393771232e-06,0.0002695985268942103,6687.428297046997
7796360130.405221,2.5864226618004048e-08,2.5864226618004045e-06,39741662.93726782,8.053705893383134e-10,0.0028679656208591545,0.002757434285187342,8.100336393771232e-06,0.0002586422661800405,6415.656752989137
8126619200.091946,2.481312588217384e-08,2.481312588217384e-06,41425146.5642335,8.064977634937422e-10,0.002766686007098595,0.002660113038619707,8.100336393771232e-06,0.0002481312588217384,6154.929779262161
8470868266.55742,2.380474100919079e-08,2.380474100919079e-06,43179943.69226573,8.076249376491709e-10,0.0026688738660587833,0.0025661172346657527,8.100336393771232e-06,0.00023804741009190788,5904.798533680572
8829699955.494083,2.2837336061787942e-08,2.2837336061787942e-06,45009075.20933304,8.087521118045996e-10,0.0025743958214398703,0.0024753241809602907,8.100336393771232e-06,0.0002283733606178794,5664.832414633355
9203731996.61823,2.1909245649749938e-08,2.1909245649749936e-06,46915689.97025505,8.098792859600283e-10,0.0024831735378959057,0.0023876602820731485,8.100336393771232e-06,0.00021909245649749936,5434.618319802029
9593608287.093126,2.1018872062940097e-08,2.1018872062940095e-06,48903070.217462815,8.11006460115457e-10,0.0023951280779512135,0.0023030483261379,8.100336393771232e-06,0.00021018872062940092,5213.759935004109
10000000000.0,2.016468252083724e-08,2.016468252083724e-06,50974637.23138989,8.121336342708856e-10,0.002310169877698363,0.0022213991604623415,8.100336393771232e-06,0.00020164682520837238,5001.877051936957
10423606739.764032,1.9345206533850597e-08,1.934520653385059e-06,53133957.22021426,8.132608084263145e-10,0.0022281446222996,0.002142562164065338,8.100336393771232e-06,0.00019345206533850594,4798.604913648331
10865157746.525372,1.8559033371867807e-08,1.8559033371867805e-06,55384747.45909566,8.14387982581743e-10,0.0021489196031505785,0.0020664159179971495,8.100336393771232e-06,0.00018559033371867806,4603.593586606264
11325413151.528126,1.780480963567889e-08,1.7804809635678886e-06,57730882.68947585,8.155151567371717e-10,0.0020724453107457573,0.0019929147623307534,8.100336393771232e-06,0.00017804809635678885,4416.507358287462
11805165285.68803,1.7081236927096528e-08,1.7081236927096526e-06,60176401.78945446,8.166423308926004e-10,0.0019986695162229787,0.0019220063352676686,8.100336393771232e-06,0.00017081236927096526,4237.024159247455
12305240043.592615,1.638706961375944e-08,1.638706961375944e-06,62725514.726730585,8.17769505048029e-10,0.0019275124975606846,0.0018536134290728567,8.100336393771232e-06,0.0001638706961375944,4064.8350086770183
12826498305.280624,1.5721112684773448e-08,1.5721112684773445e-06,65382609.80607173,8.188966792034578e-10,0.0018588598743151598,0.0017876227714656993,8.100336393771232e-06,0.00015721112684773445,3899.6434824910084
13369837418.249453,1.5082219693496797e-08,1.5082219693496797e-06,68152261.22379288,8.200238533588864e-10,0.001792530955654084,0.0017238645731200368,8.100336393771232e-06,0.00015082219693496798,3741.1652030334576
13936192742.241434,1.4469290783929008e-08,1.4469290783929006e-06,71039236.94224861,8.211510275143152e-10,0.0017285078327490982,0.0016623240669982188,8.100336393771232e-06,0.00014469290783929007,3589.1273495206237
14526539259.467783,1.3881270797306218e-08,1.3881270797306216e-06,74048506.89789134,8.222782016697437e-10,0.0016667521434970498,0.0016029621608089457,8.100336393771232e-06,0.00013881270797306216,3443.26818837938
15141893253.04352,1.3317147455642063e-08,1.331714745564206e-06,77185251.55703244,8.234053758251725e-10,0.0016071962143768231,0.001545713174690473,8.100336393771232e-06,0.00013317147455642062,3303.3366226720527
15783314056.521196,1.2775949619088889e-08,1.2775949619088887e-06,80454870.83402655,8.245325499806012e-10,0.001549751337625987,0.0014904899891531854,8.100336393771232e-06,0.00012775949619088888,3169.091759832484
16451905877.536608,1.22567456141176e-08,1.2256745614117598e-06,83862993.38724,8.256597241360298e-10,0.0014942356521168427,0.0014371189376250564,8.100336393771232e-06,0.00012256745614117599,3040.3024969687594
17148819698.705408,1.175864162963909e-08,1.175864162963909e-06,87415486.30880217,8.267868982914586e-10,0.0014406428272248314,0.0013855978760087479,8.100336393771232e-06,0.0001175864162963909,2916.7471230189412
17875255259.042316,1.128078017830643e-08,1.1280780178306429e-06,91118465.22481768,8.279140724468872e-10,0.0013889640974005264,0.0013359156153862509,8.100336393771232e-06,0.0001128078017830643,2798.2129370749676
18632463119.315598,1.0822338620347645e-08,1.0822338620347644e-06,94978304.82343644,8.29041246602316e-10,0.0013391419476861297,0.0012880166956757229,8.100336393771232e-06,0.00010822338620347642,2684.4958822173603
19421746814.890285,1.0382527747389519e-08,1.0382527747389518e-06,99001649.82889345,8.301684207577445e-10,0.0012911094060101558,0.0012418368524857678,8.100336393771232e-06,0.00010382527747389515,2575.4001942307846
20244465099.768017,9.960590423833084e-09,9.960590423833084e-07,103195426.44042082,8.312955949131732e-10,0.001244690259297008,0.0011972071282501911,8.100336393771232e-06,9.960590423833082e-05,2470.738064595381
21102034285.685966,9.55580028344255e-09,9.55580028344255e-07,107566854.25571942,8.324227690686019e-10,0.0011998840096161254,0.0011541278854518638,8.100336393771232e-06,9.555800283442548e-05,2370.3293171738674
21995930680.3007,9.16746047890417e-09,9.167460478904168e-07,112123458.69951275,8.335499432240306e-10,0.0011566939246671812,0.0011126012614022865,8.100336393771232e-06,9.167460478904169e-05,2274.0010980379107
22927693128.656487,8.794902482201375e-09,8.794902482201375e-07,116873083.97858955,8.346771173794593e-10,0.0011150618162545927,0.0010725714284218603,8.100336393771232e-06,8.794902482201374e-05,2181.587577899537
23898925662.310528,8.437484933742304e-09,8.437484933742304e-07,121823906.58562337,8.35804291534888e-10,0.0010749247805400535,0.0010339782122928865,8.100336393771232e-06,8.437484933742304e-05,2092.929666635642
24911300260.67786,8.094592538257384e-09,8.094592538257385e-07,126984449.37502833,8.369314656903167e-10,0.0010361572842496846,0.0009967032161011563,8.100336393771232e-06,8.094592538257384e-05,2007.8747394138823
25966559729.348724,7.765635005566832e-09,7.765635005566831e-07,132363596.23507687,8.380586398457453e-10,0.0009987361788922654,0.0009607203211963047,8.100336393771232e-06,7.765635005566832e-05,1926.2763739485997
27066520700.332355,7.45004603439467e-09,7.450046034394669e-07,137970607.38153479,8.39185814001174e-10,0.0009626655756474847,0.0009260348199552905,8.100336393771232e-06,7.45004603439467e-05,1847.9940984345046
28213076759.394707,7.147282337479405e-09,7.147282337479404e-07,143815135.2991502,8.403129881566027e-10,0.0009278966974440939,0.0008926002462434834,8.100336393771232e-06,7.147282337479403e-05,1772.8931497240467
29408201705.870667,6.856822706303671e-09,6.85682270630367e-07,149907241.35842994,8.414401623120315e-10,0.0008943732686743616,0.0008603629947816398,8.100336393771232e-06,6.85682270630367e-05,1700.8442413323241
30653952950.565235,6.578167113832346e-09,6.578167113832346e-07,156257413.13631582,8.425673364674601e-10,0.0008620228977264139,0.0008292549425711087,8.100336393771232e-06,6.578167113832345e-05,1631.7233408700467
31952475057.592136,6.31083585371455e-09,6.310835853714549e-07,162876582.4705794,8.436945106228888e-10,0.0008307906521825553,0.0007992204839192007,8.100336393771232e-06,6.310835853714548e-05,1565.4114565214168
33306003436.24582,6.054368714468058e-09,6.054368714468057e-07,169776144.27900568,8.448216847783174e-10,0.0008006846927558664,0.0007702675520879608,8.100336393771232e-06,6.054368714468057e-05,1501.7944321994448
34716868189.265594,5.808324187223812e-09,5.808324187223811e-07,176967976.17577946,8.459488589337461e-10,0.0007716693512828878,0.0007423631149248504,8.100336393771232e-06,5.808324187223811e-05,1440.762751025891
36187498124.11284,5.57227870566738e-09,5.572278705667379e-07,184464458.9188256,8.470760330891749e-10,0.0007437012159871722,0.0007154657393822162,8.100336393771232e-06,5.572278705667379e-05,1382.2113467977076
37720424934.16994,5.345825916868338e-09,5.345825916868338e-07,192278497.72331876,8.482032072446034e-10,0.0007167297205938284,0.000689527462850837,8.100336393771232e-06,5.345825916868338e-05,1326.03942311527
39318287557.0577,5.128575981742534e-09,5.128575981742533e-07,200423544.4780487,8.493303814000322e-10,0.0006907038596130737,0.0006644985611062763,8.100336393771232e-06,5.128575981742533e-05,1272.1502798610852
40983836717.57253,4.9201549039432115e-09,4.920154903943211e-07,208913620.90287778,8.504575555554608e-10,0.0006656076980582542,0.0006403619723342567,8.100336393771232e-06,4.920154903943211e-05,1220.4511467303191
42719939663.067764,4.72020388602515e-09,4.7202038860251496e-07,217763342.68717438,8.515847297108896e-10,0.0006414193760137646,0.0006170977525451039,8.100336393771232e-06,4.720203886025149e-05,1170.8530235264302
44529585099.4266,4.5283787117740045e-09,4.528378711774004e-07,226987944.6507577,8.527119038663183e-10,0.0006181046931534491,0.0005946736696113951,8.100336393771232e-06,4.528378711774003e-05,1123.2705269471203
46415888336.12772,4.344349153637138e-09,4.344349153637138e-07,236603306.97068125,8.53839078021747e-10,0.0005956239605596238,0.0005730519206541463,8.100336393771232e-06,4.3443491536371376e-05,1077.6217435967405
48382096649.259575,4.167798404235924e-09,4.167798404235924e-07,246625982.51900527,8.549662521771757e-10,0.0005739360070128011,0.0005521929260102809,8.100336393771232e-06,4.167798404235924e-05,1033.828088972143
50431594871.713486,3.998422530981144e-09,3.9984225309811445e-07,257073225.35860187,8.560934263326042e-10,0.0005530185389322599,0.000532073990814588,8.100336393771232e-06,3.998422530981144e-05,991.8141721792844
52567911220.18419,3.835929952852057e-09,3.835929952852057e-07,267963020.44608015,8.572206004880329e-10,0.0005328570673540542,0.0005126810599372667,8.100336393771232e-06,3.835929952852057e-05,951.507666147559
54794723369.00292,3.680040938439028e-09,3.680040938439028e-07,279314114.5929286,8.583477746434616e-10,0.0005134296148145604,0.0004939941254848664,8.100336393771232e-06,3.680040938439028e-05,912.8391831185871
57115864781.26423,3.5304871243850754e-09,3.5304871243850746e-07,291146048.7382063,8.594749487988903e-10,0.0004947032936523869,0.00047598182541019977,8.100336393771232e-06,3.5304871243850745e-05,875.7421551949828
59535331308.1437,3.3870110533976247e-09,3.3870110533976246e-07,303479191.5883235,8.606021229543189e-10,0.0004766476827887682,0.00045861493061409515,8.100336393771232e-06,3.3870110533976245e-05,840.1527197435385
62057288067.76488,3.2493657310351612e-09,3.249365731035161e-07,316334774.68181753,8.617292971097477e-10,0.0004592377635164237,0.00044186877629763576,8.100336393771232e-06,3.249365731035161e-05,806.0096094555474
64686076615.46321,3.1173142005055343e-09,3.117314200505534e-07,329734928.93951297,8.628564712651764e-10,0.00044245599427383776,0.00042572609740575715,8.100336393771232e-06,3.117314200505533e-05,773.2540468749435
67426222417.78349,2.9906291347442982e-09,2.9906291347442984e-07,343702722.76295215,8.639836454206052e-10,0.00042628080212751986,0.0004101663593852197,8.100336393771232e-06,2.990629134744298e-05,741.8296432127756
70282442643.08339,2.869092445070514e-09,2.8690924450705137e-07,358262201.7467146,8.651108195760337e-10,0.00041068961980813553,0.00039516834615504977,8.100336393771232e-06,2.8690924450705136e-05,711.6823012737444
73259654282.1523,2.7524949057464777e-09,2.7524949057464773e-07,373438430.07297546,8.662379937314624e-10,0.0003956601005644358,0.000380710763035313,8.100336393771232e-06,2.7524949057464777e-05,682.7601223277305
76362982612.82257,2.6406357937951027e-09,2.6406357937951026e-07,389257533.65955657,8.673651678868912e-10,0.0003811717904948311,0.0003667737103022631,8.100336393771232e-06,2.6406357937951025e-05,655.0133167660034
79597770023.14978,2.533322543454754e-09,2.533322543454754e-07,405746745.1357662,8.684923420423197e-10,0.0003672046902561974,0.00035333779779837343,8.100336393771232e-06,2.5333225434547534e-05,628.3941183882711
82969585208.34915,2.4303704146767374e-09,2.4303704146767373e-07,422934450.7234491,8.696195161977484e-10,0.00035374195709510583,0.0003403863182584927,8.100336393771232e-06,2.4303704146767367e-05,602.8567021730299
86484232757.3171,2.33160217509488e-09,2.3316021750948799e-07,440850239.10393256,8.70746690353177e-10,0.0003407678158006068,0.0003279048509100397,8.100336393771232e-06,2.3316021750948795e-05,578.3571053896836
90147763145.24918,2.2368477949194586e-09,2.2368477949194583e-07,459524952.35503405,8.718738645086058e-10,0.0003282659092501899,0.00031587769140945665,8.100336393771232e-06,2.2368477949194582e-05,554.8531519165658
93966483149.5471,2.145944154230532e-09,2.1459441542305317e-07,478990739.04576755,8.730010386640345e-10,0.00031621874440114733,0.00030428809700199216,8.100336393771232e-06,2.1459441542305315e-05,532.304379634651
97946966706.95386,2.058734762166518e-09,2.058734762166518e-07,499281109.5801994,8.741282128194631e-10,0.0003046038933988001,0.00029311427000574343,8.100336393771232e-06,2.0587347621665175e-05,510.6719707718978
102096066230.60475,1.9750694875247384e-09,1.9750694875247383e-07,520430993.8857037,8.752553869748918e-10,0.0002934131485082267,0.0002823482083337361,8.100336393771232e-06,1.9750694875247385e-05,489.91868507834533
106420924406.47224,1.8948043003102203e-09,1.89480430031022e-07,542476801.5449089,8.763825611303203e-10,0.00028262661874398705,0.00027197072217541475,8.100336393771232e-06,1.89480430031022e-05,470.00879571694054
110928986489.52228,1.8178010237875821e-09,1.817801023787582e-07,565456484.4749148,8.775097352857491e-10,0.00027223488071349307,0.00026197295578915325,8.100336393771232e-06,1.8178010237875822e-05,450.9080277596701
115628013120.73778,1.74392709660949e-09,1.7439270966094896e-07,589409602.2616004,8.786369094411778e-10,0.00026221981516706824,0.0002523376272542339,8.100336393771232e-06,1.74392709660949e-05,432.5834991831984
120526093687.08414,1.6730553446119142e-09,1.6730553446119142e-07,614377390.2615625,8.797640835966066e-10,0.00025256780063456335,0.00024305150187317262,8.100336393771232e-06,1.673055344611914e-05,415.0036642623696
125631660247.41214,1.6050637618834303e-09,1.6050637618834303e-07,640402830.5889063,8.808912577520353e-10,0.00024326673338760603,0.00023410288893520927,8.100336393771232e-06,1.6050637618834302e-05,398.13825926414813
130953502048.2665,1.5398353007317805e-09,1.5398353007317804e-07,667530726.1090462,8.820184319074639e-10,0.00023430264323161352,0.00022547827499448984,8.100336393771232e-06,1.5398353007317802e-05,381.95825034853783
136500780654.60138,1.4772576701858947e-09,1.4772576701858945e-07,695807777.5669835,8.831456060628926e-10,0.00022566669234652748,0.00021716914447305824,8.100336393771232e-06,1.4772576701858945e-05,366.4357835867324
142283045721.4355,1.417223142686729e-09,1.417223142686729e-07,725282663.9827437,8.842727802183213e-10,0.000217344354259379,0.00020916180988831887,8.100336393771232e-06,1.417223142686729e-05,351.54413701051413
148310251433.6103,1.3596283686339629e-09,1.3596283686339627e-07,756006126.4524508,8.853999543737498e-10,0.00020932709947697162,0.00020144789234944694,8.100336393771232e-06,1.3596283686339626e-05,337.25767461030847
154592773641.94785,1.3043741984693687e-09,1.3043741984693687e-07,788031055.4992672,8.865271285291785e-10,0.00020160019877386314,0.00019401331392525164,8.100336393771232e-06,1.3043741984693686e-05,323.5518022027211
161141427725.30167,1.2513655119906245e-09,1.2513655119906243e-07,821412582.124549,8.876543026846073e-10,0.00019415679143971668,0.00018685157664818613,8.100336393771232e-06,1.2513655119906245e-05,310.4029250915954
167967487209.26532,1.2005110546015786e-09,1.2005110546015785e-07,856208172.7160428,8.88781476840036e-10,0.00018698448122963647,0.0001799502651956025,8.100336393771232e-06,1.2005110546015785e-05,297.78840744966766
175082703173.5727,1.1517232802172623e-09,1.151723280217262e-07,892477727.9763985,8.899086509954648e-10,0.0001800732003913537,0.00017330025126131854,8.100336393771232e-06,1.151723280217262e-05,285.68653335093984
182499324481.61505,1.1049182005530449e-09,1.1049182005530447e-07,930283686.0424043,8.910358251508933e-10,0.00017341635968470088,0.00016689492715857906,8.100336393771232e-06,1.1049182005530447e-05,274.07646938664936
190230118866.8946,1.060015240538571e-09,1.0600152405385709e-07,969691129.9724139,8.921629993063221e-10,0.0001670014038478419,0.00016072225536894027,8.100336393771232e-06,1.0600152405385707e-05,262.93822880049834
198288394912.70673,1.0169370996075898e-09,1.0169370996075897e-07,1010767899.7869809,8.932901734617506e-10,0.0001608208007593001,0.0001547751853944109,8.100336393771232e-06,1.0169370996075897e-05,252.25263708140614
206688024962.9082,9.756096186247821e-10,9.75609618624782e-08,1053584709.255671,8.944173476171794e-10,0.00015486771878073677,0.0001490468574658428,8.100336393771232e-06,9.756096186247819e-06,242.0012989545273
215443469003.18866,9.359616522206473e-10,9.359616522206471e-08,1098215267.6309745,8.955445217726081e-10,0.00014913012167576636,0.00014352578623257856,8.100336393771232e-06,9.35961652220647e-06,232.16656671374534
224569799553.97717,8.979249463145417e-10,8.979249463145416e-08,1144736406.5389934,8.966716959280369e-10,0.00014360438066333576,0.0001382086081835717,8.100336393771232e-06,8.979249463145416e-06,222.73150984109571
234082727617.82944,8.614340206150833e-10,8.614340206150832e-08,1193228212.245312,8.977988700834655e-10,0.00013828303994987506,0.00013308799805123434,8.100336393771232e-06,8.614340206150832e-06,213.67988586082984
243998629725.95453,8.264260558956859e-10,8.264260558956858e-08,1243774163.5236757,8.98926044238894e-10,0.00013315465123956772,0.00012815315108312332,8.100336393771232e-06,8.264260558956858e-06,204.99611237795818
254334576130.4648,7.928407858510538e-10,7.928407858510536e-08,1296461275.3649764,9.000532183943228e-10,0.0001290927466165975,0.00012427776646207851,8.100336393771232e-06,7.928407858510536e-06,196.6652402531053
265108360190.85416,7.606203933486097e-10,7.606203933486097e-08,1351380248.7737439,9.011803925497515e-10,0.0001243089171249314,0.00011967335134616976,8.100336393771232e-06,7.606203933486097e-06,188.67292786753518
276338529005.3167,7.297094108961283e-10,7.297094108961283e-08,1408625626.910194,9.023075667051801e-10,0.0001197006442703827,0.00011523787768075926,8.100336393771232e-06,7.297094108961282e-06,181.0054164340116
288044415339.62976,7.000546251542939e-10,7.000546251542939e-08,1468295957.846544,9.03434740860609e-10,0.00011526406495062664,0.00011096759605963005,8.100336393771232e-06,7.000546251542938e-06,173.64950631100757
300246170908.5543,6.716049853298137e-10,6.716049853298135e-08,1530493964.217745,9.045619150160376e-10,0.00011098629634721166,0.00010685016680028831,8.100336393771232e-06,6.716049853298135e-06,166.592534279492
312964801067.075,6.44311515291316e-10,6.443115152913159e-08,1595326720.0588257,9.056890891714663e-10,0.0001068678809778117,0.00010288601515655162,8.100336393771232e-06,6.443115152913158e-06,159.82235174315807
326222200971.1673,6.181272292568295e-10,6.181272292568294e-08,1662905835.1330833,9.068162633268951e-10,0.00010290106417465541,9.906781470192297e-05,8.100336393771232e-06,6.181272292568294e-06,153.3273038145873
340041193270.37024,5.930070509076258e-10,5.9300705090762576e-08,1733347647.0686073,9.079434374823236e-10,9.907795860300287e-05,9.538780724809916e-05,8.100336393771232e-06,5.930070509076257e-06,147.09620925132768
354445567397.0436,5.689077357892057e-10,5.689077357892056e-08,1806773421.6338456,9.090706116377523e-10,9.539717466466613e-05,9.184476361670768e-05,8.100336393771232e-06,5.689077357892056e-06,141.11834120735222
369460120519.9295,5.457877968658733e-10,5.4578779686587325e-08,1883309561.4969,9.101977857931809e-10,9.185117414811334e-05,8.843152489906618e-05,8.100336393771232e-06,5.457877968658732e-06,135.38340876676955
385110700232.5569,5.236074331006742e-10,5.236074331006741e-08,1963087823.8281138,9.113249599486096e-10,8.843562335003286e-05,8.514372474912193e-05,8.100336393771232e-06,5.2360743310067414e-06,129.88153922797966
401424249049.9326,5.023284609378188e-10,5.023284609378188e-08,2046245547.1203432,9.124521341040383e-10,8.514659432430916e-05,8.197770521680098e-05,8.100336393771232e-06,5.023284609378188e-06,124.60326110779566
418428850790.1576,4.819142485695814e-10,4.8191424856958136e-08,2132925887.6175663,9.13579308259467e-10,8.197827763749265e-05,7.892788470454092e-05,8.100336393771232e-06,4.819142485695814e-06,119.5394878362582
436153778920.80054,4.623296528745398e-10,4.623296528745397e-08,2223278065.758763,9.147064824148958e-10,7.892688894113493e-05,7.599053868502623e-05,8.100336393771232e-06,4.623296528745397e-06,114.68150211407958
454629546953.239,4.4354095891860894e-10,4.435409589186089e-08,2317457623.06125,9.158336565703243e-10,7.598864313707707e-05,7.316212461057521e-05,8.100336393771232e-06,4.435409589186089e-06,110.02094090579259
473887960971.7651,4.2551582191467965e-10,4.255158219146796e-08,2415626689.88588,9.16960830725753e-10,7.315792164053374e-05,7.043724212942675e-05,8.100336393771232e-06,4.255158219146796e-06,105.54978104275942
493962174387.8326,4.082232115409917e-10,4.082232115409917e-08,2517954264.5448318,9.180880048811818e-10,7.043233497382974e-05,6.781344135463948e-05,8.100336393771232e-06,4.082232115409917e-06,101.26032541126827
514886745013.7487,3.9163335852234414e-10,3.916333585223441e-08,2624616504.2327013,9.192151790366105e-10,6.780756756928773e-05,6.528673587363465e-05,8.100336393771232e-06,3.916333585223441e-06,97.14518970192931
536697694554.0476,3.7571770338220784e-10,3.7571770338220785e-08,2735797028.281587,9.203423531920391e-10,6.527931243657822e-05,6.28528615473032e-05,8.100336393771232e-06,3.7571770338220783e-06,93.1972896975664
559432570616.9366,3.6044884727751583e-10,3.604488472775158e-08,2851687234.2622275,9.214695273474678e-10,6.284461301079222e-05,6.05090343994605e-05,8.100336393771232e-06,3.6044884727751576e-06,89.40982907771948
583130511352.6218,3.458005048314741e-10,3.4580050483147407e-08,2972486627.4754806,9.225967015028966e-10,6.049949783992906e-05,5.82514645953504e-05,8.100336393771232e-06,3.4580050483147404e-06,85.77628771875898
607832312829.7236,3.317474588832219e-10,3.317474588832219e-08,3098403164.4011865,9.237238756583252e-10,5.824169932631105e-05,5.60779446346944e-05,8.100336393771232e-06,3.3174745888322185e-06,82.2904104694771
633580499265.8241,3.182655170764177e-10,3.182655170764176e-08,3229653610.695828,9.248510498137538e-10,5.606687537027815e-05,5.398424403700928e-05,8.100336393771232e-06,3.182655170764176e-06,78.94619638282737
660419396233.0305,3.0533147021203007e-10,3.0533147021203005e-08,3366463914.3552265,9.259782239691825e-10,5.397331548431839e-05,5.196875772196351e-05,8.100336393771232e-06,3.0533147021203e-06,75.73788838527743
688395206964.5482,2.92923052293647e-10,2.9292305229364697e-08,3509069594.684543,9.271053981246113e-10,5.1956659114523846e-05,5.002728047752012e-05,8.100336393771232e-06,2.9292305229364697e-06,72.65996336599343
717556091893.6921,2.810189021964946e-10,2.810189021964946e-08,3657716147.745483,9.282325722800398e-10,5.001507517092296e-05,4.8158086067898775e-05,8.100336393771232e-06,2.810189021964946e-06,69.7071226687878
747952251562.1829,2.695985268942104e-10,2.6959852689421034e-08,3812659468.978356,9.293597464354685e-10,4.814538268192792e-05,4.635811608073777e-05,8.100336393771232e-06,2.695985268942103e-06,66.87428297046996
779636013040.5221,2.586422661800407e-10,2.586422661800407e-08,3974166293.7267776,9.304869205908973e-10,4.6345206344492814e-05,4.462507866603511e-05,8.100336393771232e-06,2.586422661800407e-06,64.15656752989143
812661920009.1946,2.481312588217384e-10,2.4813125882173835e-08,4142514656.423351,9.31614094746326e-10,4.461197000808996e-05,4.295641190969694e-05,8.100336393771232e-06,2.4813125882173836e-06,61.549297792621594
847086826655.742,2.38047410091908e-10,2.38047410091908e-08,4317994369.22657,9.327412689017547e-10,4.2942818548947526e-05,4.134942296937186e-05,8.100336393771232e-06,2.38047410091908e-06,59.04798533680575
882969995549.4083,2.2837336061787942e-10,2.283733606178794e-08,4500907520.933304,9.338684430571833e-10,4.133556867907067e-05,3.98020067786561e-05,8.100336393771232e-06,2.283733606178794e-06,56.648324146333536
920373199661.823,2.1909245649749936e-10,2.1909245649749934e-08,4691568997.025504,9.34995617212612e-10,3.978757842340887e-05,3.831167814559776e-05,8.100336393771232e-06,2.190924564974993e-06,54.34618319802028
959360828709.3127,2.1018872062940114e-10,2.1018872062940113e-08,4890307021.746278,9.361227913680406e-10,3.829717275547996e-05,3.687678225720165e-05,8.100336393771232e-06,2.101887206294011e-06,52.13759935004115
1000000000000.0,2.016468252083723e-10,2.0164682520837228e-08,5097463723.138993,9.372499655234693e-10,3.6862360078858366e-05,3.5495394938431633e-05,8.100336393771232e-06,2.016468252083723e-06,50.018770519369546
1042360673976.4033,1.934520653385061e-10,1.9345206533850606e-08,5313395722.021423,9.38377139678898e-10,3.548093928634418e-05,3.4165351962244914e-05,8.100336393771232e-06,1.9345206533850605e-06,47.98604913648333
1086515774652.5417,1.8559033371867714e-10,1.8559033371867715e-08,5538474745.909594,9.395043138343267e-10,3.415055099052584e-05,3.288442705744848e-05,8.100336393771232e-06,1.8559033371867712e-06,46.03593586606241
1132541315152.808,1.7804809635678945e-10,1.7804809635678945e-08,5773088268.947566,9.406314879897554e-10,3.286956899589834e-05,3.165108493643831e-05,8.100336393771232e-06,1.7804809635678943e-06,44.16507358287476
1180516528568.8032,1.708123692709652e-10,1.7081236927096518e-08,6017640178.945449,9.41758662145184e-10,3.163623114480872e-05,3.0463632915015878e-05,8.100336393771232e-06,1.708123692709652e-06,42.370241592474535
1230524004359.2615,1.6387069613759427e-10,1.6387069613759427e-08,6272551472.673063,9.428858363006129e-10,3.0449150555834383e-05,2.9320729500579397e-05,8.100336393771232e-06,1.6387069613759427e-06,40.648350086770144
1282649830528.0625,1.5721112684773443e-10,1.572111268477344e-08,6538260980.607175,9.440130104560415e-10,2.9306623671894382e-05,2.822070208228996e-05,8.100336393771232e-06,1.572111268477344e-06,38.996434824910075
1336983741824.9507,1.5082219693496734e-10,1.5082219693496734e-08,6815226122.379316,9.451401846114702e-10,2.8206656490325447e-05,2.7161601872412697e-05,8.100336393771232e-06,1.5082219693496734e-06,37.41165203033443
1393619274224.1377,1.4469290783929077e-10,1.4469290783929076e-08,7103923694.224828,9.462673587668988e-10,2.7147326763078095e-05,2.6141623126488192e-05,8.100336393771232e-06,1.4469290783929078e-06,35.891273495206406
1452653925946.7783,1.3881270797306208e-10,1.3881270797306208e-08,7404850689.78914,9.473945329223275e-10,2.612724331761763e-05,2.515945717299541e-05,8.100336393771232e-06,1.3881270797306207e-06,34.43268188379378
1514189325304.352,1.331714745564208e-10,1.3317147455642079e-08,7718525155.703234,9.485217070777563e-10,2.5145316581055225e-05,2.421404351768736e-05,8.100336393771232e-06,1.331714745564208e-06,33.033366226720574
1578331405652.1196,1.2775949619088886e-10,1.2775949619088884e-08,8045487083.402656,9.49648881233185e-10,2.420037973512691e-05,2.3304239175405652e-05,8.100336393771232e-06,1.2775949619088883e-06,31.69091759832483
1645190587753.6675,1.2256745614117556e-10,1.2256745614117556e-08,8386299338.72403,9.507760553886138e-10,2.3290871335086757e-05,2.242850986690293e-05,8.100336393771232e-06,1.2256745614117555e-06,30.40302496968749
1714881969870.534,1.1758641629639148e-10,1.1758641629639146e-08,8741548630.880175,9.51903229544042e-10,2.241506395999869e-05,2.1585194317088598e-05,8.100336393771232e-06,1.1758641629639147e-06,29.167471230189552
1787525525904.2317,1.1280780178306433e-10,1.1280780178306432e-08,9111846522.481768,9.530304036994709e-10,2.1571588887361198e-05,2.077302832049103e-05,8.100336393771232e-06,1.128078017830643e-06,27.98212937074968
1863246311931.5598,1.0822338620347651e-10,1.082233862034765e-08,9497830482.343637,9.541575778548995e-10,2.075959360967282e-05,1.9991194858560774e-05,8.100336393771232e-06,1.082233862034765e-06,26.84495882217362
1942174681489.0283,1.0382527747389521e-10,1.0382527747389519e-08,9900164982.889345,9.552847520103284e-10,1.9978224893360063e-05,1.9238850558572295e-05,8.100336393771232e-06,1.0382527747389518e-06,25.754001942307852
2024446509976.81,9.960590423833036e-11,9.960590423833035e-09,10319542644.042131,9.56411926165757e-10,1.9226396559145183e-05,1.8514942858781134e-05,8.100336393771232e-06,9.960590423833035e-07,24.70738064595369
2110203428568.588,9.55580028344259e-11,9.55580028344259e-09,10756685425.571896,9.575391003211857e-10,1.850284620134918e-05,1.7818229528784798e-05,8.100336393771232e-06,9.55580028344259e-07,23.70329317173878
2199593068030.0703,9.167460478904163e-11,9.167460478904161e-09,11212345869.951284,9.586662744766143e-10,1.7805800195764342e-05,1.714702341460715e-05,8.100336393771232e-06,9.16746047890416e-07,22.740010980379086
2292769312865.649,8.794902482201378e-11,8.794902482201377e-09,11687308397.858952,9.59793448632043e-10,1.7134578985909654e-05,1.6500710127961694e-05,8.100336393771232e-06,8.794902482201376e-07,21.815875778995373
2389892566231.0527,8.437484933742307e-11,8.437484933742306e-09,12182390658.562334,9.609206227874718e-10,1.648863584678973e-05,1.587874087852143e-05,8.100336393771232e-06,8.437484933742306e-07,20.929296666356425
2491130026067.796,8.094592538257358e-11,8.094592538257356e-09,12698444937.502878,9.620477969429004e-10,1.586712527518125e-05,1.5280292019481532e-05,8.100336393771232e-06,8.094592538257356e-07,20.07874739413875
2596655972934.862,7.765635005566856e-11,7.765635005566855e-09,13236359623.507647,9.63174971098329e-10,1.5269223743738732e-05,1.4704568802649888e-05,8.100336393771232e-06,7.765635005566856e-07,19.26276373948605
2706652070033.236,7.450046034394672e-11,7.450046034394671e-09,13797060738.153475,9.643021452537577e-10,1.4693694383268587e-05,1.4150355185136961e-05,8.100336393771232e-06,7.45004603439467e-07,18.479940984345053
2821307675939.4707,7.147282337479403e-11,7.147282337479402e-09,14381513529.915024,9.654293194091866e-10,1.4138936053772966e-05,1.3616159985476269e-05,8.100336393771232e-06,7.147282337479403e-07,17.728931497240463
2940820170587.067,6.856822706303671e-11,6.856822706303671e-09,14990724135.842993,9.665564935646152e-10,1.3604989769081512e-05,1.3102013164526182e-05,8.100336393771232e-06,6.856822706303671e-07,17.00844241332324
3065395295056.536,6.578167113832319e-11,6.578167113832318e-09,15625741313.631645,9.67683667720044e-10,1.3091346894711692e-05,1.26074114160691e-05,8.100336393771232e-06,6.578167113832318e-07,16.3172334087004
3195247505759.2007,6.31083585371458e-11,6.310835853714579e-09,16287658247.057861,9.688108418754723e-10,1.259727143510376e-05,1.213164546943232e-05,8.100336393771232e-06,6.310835853714579e-07,15.654114565214245
3330600343624.5815,6.054368714468058e-11,6.054368714468057e-09,16977614427.900564,9.699380160309014e-10,1.2122010512347047e-05,1.1673990963382292e-05,8.100336393771232e-06,6.054368714468057e-07,15.017944321994449
3471686818926.5596,5.808324187223815e-11,5.808324187223814e-09,17696797617.577934,9.710651901863298e-10,1.1663946846312752e-05,1.1232890309065651e-05,8.100336393771232e-06,5.808324187223813e-07,14.407627510258916
3618749812411.284,5.5722787056673855e-11,5.5722787056673855e-09,18446445891.88254,9.721923643417584e-10,1.1222722227502814e-05,1.0808010544444304e-05,8.100336393771232e-06,5.572278705667384e-07,13.82211346797709
3772042493417.009,5.3458259168683135e-11,5.345825916868313e-09,19227849772.331966,9.733195384971873e-10,1.079833807503969e-05,1.0399342255585497e-05,8.100336393771232e-06,5.345825916868313e-07,13.260394231152638
3931828755705.754,5.12857598174255e-11,5.128575981742549e-09,20042354447.80481,9.744467126526157e-10,1.0390146198288424e-05,1.0006261811754785e-05,8.100336393771232e-06,5.128575981742549e-07,12.721502798610892
4098383671757.253,4.9201549039432144e-11,4.920154903943214e-09,20891362090.287766,9.755738868080446e-10,9.997517288373614e-06,9.628163891826644e-06,8.100336393771232e-06,4.920154903943213e-07,12.204511467303197
4271993966306.7764,4.7202038860251497e-11,4.720203886025149e-09,21776334268.717445,9.767010609634732e-10,9.619614579658083e-06,9.26425392832575e-06,8.100336393771232e-06,4.720203886025149e-07,11.708530235264302
4452958509942.66,4.528378711774007e-11,4.528378711774006e-09,22698794465.075756,9.77828235118902e-10,9.255248522081565e-06,8.913381778912406e-06,8.100336393771232e-06,4.5283787117740065e-07,11.232705269471209
4641588833612.792,4.34434915363712e-11,4.34434915363712e-09,23660330697.068222,9.789554092743307e-10,8.904738301487324e-06,8.57584063519532e-06,8.100336393771232e-06,4.344349153637119e-07,10.776217435967359
4838209664925.9375,4.167798404235941e-11,4.1677984042359406e-09,24662598251.900425,9.800825834297593e-10,8.567665690428273e-06,8.25123829023806e-06,8.100336393771232e-06,4.167798404235941e-07,10.33828088972147
5043159487171.349,3.998422530981143e-11,3.998422530981142e-09,25707322535.860203,9.81209757585188e-10,8.243418713933145e-06,7.938984977054347e-06,8.100336393771232e-06,3.9984225309811424e-07,9.91814172179284
5256791122018.419,3.835929952852059e-11,3.835929952852059e-09,26796302044.608,9.823369317406168e-10,7.931435572627782e-06,7.638543821446803e-06,8.100336393771232e-06,3.8359299528520586e-07,9.515076661475593
5479472336900.293,3.6800409384390244e-11,3.680040938439024e-09,27931411459.292885,9.834641058960455e-10,7.631025405901041e-06,7.349260439293445e-06,8.100336393771232e-06,3.6800409384390235e-07,9.12839183118586
5711586478126.446,3.5304871243850593e-11,3.5304871243850592e-09,29114604873.820766,9.845912800514741e-10,7.341710933257731e-06,7.070652917712355e-06,8.100336393771232e-06,3.530487124385059e-07,8.75742155194979
5953533130814.346,3.387011053397639e-11,3.3870110533976388e-09,30347919158.832222,9.857184542069028e-10,7.063413660975584e-06,6.80264568155625e-06,8.100336393771232e-06,3.387011053397639e-07,8.40152719743542
6205728806776.487,3.2493657310351607e-11,3.249365731035161e-09,31633477468.181755,9.868456283623312e-10,6.795704294329307e-06,6.544832905460186e-06,8.100336393771232e-06,3.2493657310351606e-07,8.060096094555472
6468607661546.32,3.117314200505532e-11,3.1173142005055314e-09,32973492893.951324,9.879728025177603e-10,6.538155314186905e-06,6.296804134178825e-06,8.100336393771232e-06,3.1173142005055317e-07,7.73254046874943
6742622241778.349,2.990629134744295e-11,2.990629134744295e-09,34370272276.29526,9.89099976673189e-10,6.290302740184099e-06,6.0581188402274125e-06,8.100336393771232e-06,2.9906291347442946e-07,7.418296432127748
7028244264308.367,2.8690924450705035e-11,2.869092445070503e-09,35826220174.67159,9.902271508286176e-10,6.051687729225673e-06,5.8283360668351465e-06,8.100336393771232e-06,2.869092445070503e-07,7.116823012737418
7325965428215.2,2.7524949057464896e-11,2.7524949057464893e-09,37343843007.29738,9.91354324984046e-10,5.8219517502821535e-06,5.607094546959647e-06,8.100336393771232e-06,2.7524949057464895e-07,6.827601223277334
7636298261282.226,2.6406357937951134e-11,2.640635793795113e-09,38925753365.9555,9.924814991394748e-10,5.600929175492221e-06,5.394235011758855e-06,8.100336393771232e-06,2.6406357937951127e-07,6.550133167660061
7959777002314.978,2.533322543454753e-11,2.5333225434547527e-09,40574674513.57664,9.936086732949035e-10,5.388368986144674e-06,5.189526465743686e-06,8.100336393771232e-06,2.533322543454753e-07,6.2839411838827095
8296958520834.915,2.4303704146767366e-11,2.430370414676736e-09,42293445072.344925,9.947358474503323e-10,5.183877877773632e-06,4.992590797699816e-06,8.100336393771232e-06,2.430370414676736e-07,6.028567021730297
8648423275731.744,2.3316021750948708e-11,2.3316021750948705e-09,44085023910.39343,9.95863021605761e-10,4.987104647137441e-06,4.803093740485659e-06,8.100336393771232e-06,2.3316021750948706e-07,5.783571053896813
9014776314524.88,2.2368477949194676e-11,2.2368477949194673e-09,45952495235.50321,9.969901957611896e-10,4.79767428229752e-06,4.620671219236714e-06,8.100336393771232e-06,2.2368477949194676e-07,5.548531519165681
9396648314954.672,2.1459441542305403e-11,2.14594415423054e-09,47899073904.57656,9.981173699166183e-10,4.615352349758263e-06,4.445087397830883e-06,8.100336393771232e-06,2.1459441542305404e-07,5.323043796346532
9794696670695.385,2.0587347621665163e-11,2.058734762166516e-09,49928110958.01998,9.99244544072047e-10,4.43996334936898e-06,4.276173662103093e-06,8.100336393771232e-06,2.0587347621665156e-07,5.106719707718973
10209606623060.475,1.9750694875247396e-11,1.9750694875247397e-09,52043099388.570335,1.0003717182274758e-09,4.271236541575735e-06,4.113675734126803e-06,8.100336393771232e-06,1.9750694875247394e-07,4.899186850783457
10642092440647.268,1.8948043003102122e-11,1.894804300310212e-09,54247680154.49111,1.0014988923829044e-09,4.10889597015827e-06,3.957330647057812e-06,8.100336393771232e-06,1.8948043003102118e-07,4.700087957169385
11092898648952.182,1.8178010237875887e-11,1.8178010237875885e-09,56545648447.49127,1.002626066538333e-09,3.952684490549526e-06,3.806891290806195e-06,8.100336393771232e-06,1.8178010237875883e-07,4.509080277596717
11562801312073.73,1.743927096609498e-11,1.7439270966094978e-09,58940960226.159775,1.0037532406937617e-09,3.802354395420113e-06,3.662117047190681e-06,8.100336393771232e-06,1.7439270966094976e-07,4.3258349918320045
12052609368708.414,1.6730553446119135e-11,1.6730553446119134e-09,61437739026.15628,1.0048804148491903e-09,3.657657503747699e-06,3.52276358733237e-06,8.100336393771232e-06,1.6730553446119134e-07,4.150036642623695
12563166024741.215,1.605063761883429e-11,1.6050637618834289e-09,64040283058.890686,1.0060075890046192e-09,3.5184813396767827e-06,3.3887239517777783e-06,8.100336393771232e-06,1.605063761883429e-07,3.9813825926414785
13095350204826.703,1.5398353007317743e-11,1.5398353007317743e-09,66753072610.904884,1.0071347631600478e-09,3.384605815782911e-06,3.2597884970241203e-06,8.100336393771232e-06,1.5398353007317743e-07,3.819582503485363
13650078065460.082,1.4772576701859016e-11,1.4772576701859015e-09,69580777756.69801,1.0082619373154763e-09,3.2558107801492586e-06,3.135748344173325e-06,8.100336393771232e-06,1.4772576701859013e-07,3.6643578358673405
14228304572143.49,1.4172231426867345e-11,1.4172231426867345e-09,72528266398.2741,1.0093891114709051e-09,3.1318646828214454e-06,3.016380264717168e-06,8.100336393771232e-06,1.4172231426867343e-07,3.515441370105154
14831025143361.03,1.3596283686339622e-11,1.359628368633962e-09,75600612645.24512,1.0105162856263338e-09,3.0126175332620294e-06,2.9015375054310276e-06,8.100336393771232e-06,1.359628368633962e-07,3.372576746103083
15459277364194.785,1.3043741984693696e-11,1.3043741984693695e-09,78803105549.92665,1.0116434597817624e-09,2.897860153193413e-06,2.791016802472008e-06,8.100336393771232e-06,1.3043741984693694e-07,3.2355180220272124
16114142772530.232,1.2513655119906191e-11,1.2513655119906189e-09,82141258212.45525,1.0127706339371912e-09,2.7874760180087804e-06,2.6847058942507877e-06,8.100336393771232e-06,1.251365511990619e-07,3.1040292509159406
16796748720926.463,1.2005110546015835e-11,1.2005110546015834e-09,85620817271.60394,1.0138978080926197e-09,2.6812686170864215e-06,2.5824165130710022e-06,8.100336393771232e-06,1.2005110546015833e-07,2.977884074496688
17508270317357.197,1.1517232802172666e-11,1.1517232802172664e-09,89247772797.63953,1.0150249822480485e-09,2.5791058703570133e-06,2.484022547482726e-06,8.100336393771232e-06,1.1517232802172665e-07,2.8568653335094085
18249932448161.504,1.1049182005530447e-11,1.1049182005530445e-09,93028368604.24045,1.0161521564034772e-09,2.4807838517385687e-06,2.389330004391001e-06,8.100336393771232e-06,1.1049182005530445e-07,2.740764693866493
19023011886689.457,1.0600152405385718e-11,1.0600152405385716e-09,96969112997.24132,1.017279330558906e-09,2.4058097251250415e-06,2.3178518114400337e-06,8.100336393771232e-06,1.0600152405385717e-07,2.6293822880049853
19828839491270.754,1.0169370996075853e-11,1.0169370996075852e-09,101076789978.69852,1.0184065047143347e-09,2.314153461556849e-06,2.2295540423541624e-06,8.100336393771232e-06,1.0169370996075853e-07,2.5225263708140506
20668802496290.734,9.756096186247861e-12,9.75609618624786e-10,105358470925.56665,1.0195336788697633e-09,2.2259948484732495e-06,2.1446248513639796e-06,8.100336393771232e-06,9.75609618624786e-08,2.420012989545283
21544346900318.777,9.359616522206517e-12,9.359616522206516e-10,109821526763.09692,1.0206608530251917e-09,2.1411777693239593e-06,2.062912593448228e-06,8.100336393771232e-06,9.359616522206515e-08,2.3216656671374647
22456979955397.72,8.979249463145413e-12,8.979249463145412e-10,114473640653.89938,1.0217880271806208e-09,2.0595778914838977e-06,1.984300742141441e-06,8.100336393771232e-06,8.979249463145412e-08,2.2273150984109558
23408272761782.94,8.614340206150839e-12,8.614340206150838e-10,119322821224.53111,1.0229152013360492e-09,1.981078857605786e-06,1.9086768673545e-06,8.100336393771232e-06,8.614340206150838e-08,2.1367988586083
24399862972595.55,8.264260558956824e-12,8.264260558956825e-10,124377416352.36809,1.0240423754914779e-09,1.905558850324076e-06,1.8359230311169245e-06,8.100336393771232e-06,8.264260558956825e-08,2.049961123779574
25433457613046.38,7.92840785851057e-12,7.928407858510568e-10,129646127536.4971,1.0251695496469065e-09,1.8328931768655013e-06,1.7659179156394057e-06,8.100336393771232e-06,7.928407858510568e-08,1.966652402531061
26510836019085.31,7.606203933486122e-12,7.606203933486122e-10,135138024877.37395,1.0262967238023352e-09,1.7629859724644166e-06,1.6985712642539941e-06,8.100336393771232e-06,7.606203933486122e-08,1.8867292786753584
27633852900531.668,7.297094108961283e-12,7.297094108961282e-10,140862562691.0194,1.027423897957764e-09,1.6957366141930589e-06,1.6337815696213587e-06,8.100336393771232e-06,7.297094108961283e-08,1.8100541643401162
28804441533962.977,7.00054625154294e-12,7.00054625154294e-10,146829595784.65436,1.0285510721131927e-09,1.6310325118647728e-06,1.5714455529478754e-06,8.100336393771232e-06,7.000546251542939e-08,1.7364950631100764
30024617090855.555,6.7160498532981046e-12,6.716049853298104e-10,153049396421.77527,1.0296782462686215e-09,1.568795368756726e-06,1.5114864260899618e-06,8.100336393771232e-06,6.716049853298104e-08,1.6659253427949121
31296480106707.633,6.443115152913136e-12,6.443115152913135e-10,159532672005.88318,1.0308054204240502e-09,1.508919087406689e-06,1.453801097815213e-06,8.100336393771232e-06,6.443115152913135e-08,1.5982235174315749
32622220097116.598,6.181272292568322e-12,6.181272292568322e-10,166290583513.30765,1.0319325945794788e-09,1.4513023846719872e-06,1.3982928284358754e-06,8.100336393771232e-06,6.181272292568321e-08,1.5332730381458797
34004119327037.027,5.930070509076259e-12,5.930070509076258e-10,173334764706.86072,1.0330597687349074e-09,1.3958910209017844e-06,1.3449095610366686e-06,8.100336393771232e-06,5.9300705090762576e-08,1.470962092513277
35444556739704.36,5.689077357892059e-12,5.689077357892059e-10,180677342163.38452,1.0341869428903363e-09,1.3425857324064252e-06,1.2935529364386883e-06,8.100336393771232e-06,5.689077357892058e-08,1.411183412073523
36946012051993.1,5.4578779686587125e-12,5.457877968658711e-10,188330956149.69073,1.035314117045765e-09,1.2912918274825097e-06,1.2441351548199441e-06,8.100336393771232e-06,5.4578779686587114e-08,1.3538340876676902
38511070023255.84,5.23607433100672e-12,5.236074331006719e-10,196308782382.8122,1.0364412912011936e-09,1.2419601543046174e-06,1.1966075421705636e-06,8.100336393771232e-06,5.2360743310067186e-08,1.298815392279791
40142424904993.09,5.023284609378208e-12,5.023284609378207e-10,204624554712.03354,1.0375684653566222e-09,1.1945094782301984e-06,1.1508918993575557e-06,8.100336393771232e-06,5.023284609378207e-08,1.2460326110779616
41842885079015.76,4.819142485695817e-12,4.819142485695816e-10,213292588761.75653,1.0386956395120507e-09,1.1488477234363735e-06,1.106900601523182e-06,8.100336393771232e-06,4.819142485695817e-08,1.195394878362583
43615377892080.055,4.623296528745395e-12,4.6232965287453947e-10,222327806575.8764,1.0398228136674795e-09,1.1049448994412429e-06,1.0646035429068234e-06,8.100336393771232e-06,4.623296528745395e-08,1.1468150211407953
45462954695324.086,4.43540958918607e-12,4.4354095891860697e-10,231745762306.12604,1.0409499878229082e-09,1.0627019304541338e-06,1.0239048353452734e-06,8.100336393771232e-06,4.435409589186069e-08,1.100209409057921
47388796097176.7,4.255158219146783e-12,4.255158219146782e-10,241562668988.58878,1.042077161978337e-09,1.0220600636694103e-06,9.847486112708298e-07,8.100336393771232e-06,4.255158219146782e-08,1.055497810427591
49396217438783.055,4.082232115409929e-12,4.0822321154099296e-10,251795426454.4824,1.0432043361337654e-09,9.829869450209494e-07,9.471034265202305e-07,8.100336393771232e-06,4.0822321154099294e-08,1.012603254112686
51488674501374.87,3.916333585223444e-12,3.916333585223443e-10,262461650423.27,1.0443315102891943e-09,9.453774240851748e-07,9.108688791454414e-07,8.100336393771232e-06,3.916333585223443e-08,0.9714518970192938
53669769455404.76,3.757177033822074e-12,3.7571770338220733e-10,273579702828.1591,1.045458684444623e-09,9.092099104051586e-07,8.76023627141993e-07,8.100336393771232e-06,3.757177033822073e-08,0.9319728969756629
55943257061693.89,3.6044884727751475e-12,3.6044884727751475e-10,285168723426.2236,1.0465858586000518e-09,8.744340890088319e-07,8.42519098958243e-07,8.100336393771232e-06,3.604488472775148e-08,0.8940982907771923
58313051135262.42,3.4580050483147286e-12,3.4580050483147287e-10,297248662747.54913,1.0477130327554804e-09,8.409680165190801e-07,8.102767598019481e-07,8.100336393771232e-06,3.458005048314729e-08,0.8577628771875868
60783231282972.11,3.317474588832233e-12,3.3174745888322327e-10,309840316440.1173,1.048840206910909e-09,8.087835280454847e-07,7.792681628328995e-07,8.100336393771232e-06,3.317474588832232e-08,0.8229041046947745
63358049926582.414,3.1826551707641762e-12,3.182655170764176e-10,322965361069.5829,1.0499673810663377e-09,7.778329934263282e-07,7.494485711327415e-07,8.100336393771232e-06,3.182655170764176e-08,0.7894619638282735
66041939623303.055,3.0533147021202997e-12,3.053314702120299e-10,336646391435.52277,1.0510945552217664e-09,7.48052029621461e-07,7.207562106421663e-07,8.100336393771232e-06,3.053314702120299e-08,0.7573788838527741
68839520696455.1,2.929230522936459e-12,2.9292305229364585e-10,350906959468.4557,1.0522217293771952e-09,7.194103377174862e-07,6.931610614021547e-07,8.100336393771232e-06,2.929230522936458e-08,0.7265996336599316
71755609189369.5,2.810189021964934e-12,2.8101890219649337e-10,365771614774.5499,1.0533489035326239e-09,6.918646390418335e-07,6.666220209837361e-07,8.100336393771232e-06,2.810189021964934e-08,0.6970712266878749
74795225156217.98,2.6959852689421143e-12,2.695985268942114e-10,381265946897.8341,1.0544760776880525e-09,6.653626871294501e-07,6.410886889563399e-07,8.100336393771232e-06,2.6959852689421136e-08,0.6687428297047022
77963601304052.2,2.5864226618004065e-12,2.586422661800406e-10,397416629372.67786,1.0556032518434811e-09,6.398695247026854e-07,6.165261003390984e-07,8.100336393771232e-06,2.5864226618004064e-08,0.6415656752989142
81266192000919.45,2.4813125882173844e-12,2.4813125882173843e-10,414251465642.33496,1.0567304259989098e-09,6.153527323097358e-07,5.929045866797894e-07,8.100336393771232e-06,2.481312588217384e-08,0.6154929779262162
84708682665574.2,2.3804741009190786e-12,2.3804741009190784e-10,431799436922.65735,1.0578576001543384e-09,5.917645142080075e-07,5.701779058748377e-07,8.100336393771232e-06,2.380474100919078e-08,0.5904798533680572
88296999554941.19,2.2837336061787844e-12,2.2837336061787841e-10,450090752093.33234,1.0589847743097673e-09,5.690808577626554e-07,5.483227390571289e-07,8.100336393771232e-06,2.2837336061787843e-08,0.5664832414633331
92037319966181.92,2.190924564975003e-12,2.190924564975003e-10,469156899702.54834,1.0601119484651957e-09,5.472644722096195e-07,5.273032459348308e-07,8.100336393771232e-06,2.190924564975003e-08,0.5434618319802053
95936082870931.27,2.10188720629401e-12,2.1018872062940096e-10,489030702174.6282,1.0612391226206246e-09,5.262843843122105e-07,5.070897217955339e-07,8.100336393771232e-06,2.1018872062940093e-08,0.521375993500411
100000000000000.0,2.0164682520837237e-12,2.0164682520837235e-10,509746372313.89905,1.0623662967760532e-09,5.061009630573698e-07,4.876429400068505e-07,8.100336393771232e-06,2.0164682520837234e-08,0.5001877051936956
