E_prime_GeV_total,rate_acc,rate_acc_2,rate_sync,rate_Op,rate_pg,rate_photodisintegration,t_ad_val,Shear,ESC
157.6352446283938,3.1355177327546837,313.5517732754684,7.288149032129026e-16,4.943928019184536e-10,1.2300561209283853e-12,1.4965824205969838e-13,1.617499818724525e-06,1.845584727159146e-12,19506013173079.156
157.6352446283938,3.1355177327546837,313.5517732754684,7.288149032129026e-16,4.943928019184536e-10,1.2300561209283853e-12,1.4965824205969838e-13,1.617499818724525e-06,1.845584727159146e-12,19506013173079.156
157.6352446283938,3.1355177327546837,313.5517732754684,7.288149032129026e-16,4.943928019184536e-10,1.2300561209283853e-12,1.4965824205969838e-13,1.617499818724525e-06,1.845584727159146e-12,19506013173079.156
157.6352446283938,3.1355177327546837,313.5517732754684,7.288149032129026e-16,4.943928019184536e-10,1.2300561209283853e-12,1.4965824205969838e-13,1.617499818724525e-06,1.845584727159146e-12,19506013173079.156
157.6352446283938,3.1355177327546837,313.5517732754684,7.288149032129026e-16,4.943928019184536e-10,1.2300561209283853e-12,1.4965824205969838e-13,1.617499818724525e-06,1.845584727159146e-12,19506013173079.156
157.6352446283938,3.1355177327546837,313.5517732754684,7.288149032129026e-16,4.943928019184536e-10,1.2300561209283853e-12,1.4965824205969838e-13,1.617499818724525e-06,1.845584727159146e-12,19506013173079.156
157.6352446283938,3.1355177327546837,313.5517732754684,7.288149032129026e-16,4.943928019184536e-10,1.2300561209283853e-12,1.4965824205969838e-13,1.617499818724525e-06,1.845584727159146e-12,19506013173079.156
157.6352446283938,3.1355177327546837,313.5517732754684,7.288149032129026e-16,4.943928019184536e-10,1.2300561209283853e-12,1.4965824205969838e-13,1.617499818724525e-06,1.845584727159146e-12,19506013173079.156
157.6352446283938,3.1355177327546837,313.5517732754684,7.288149032129026e-16,4.943928019184536e-10,1.2300561209283853e-12,1.4965824205969838e-13,1.617499818724525e-06,1.845584727159146e-12,19506013173079.156
157.6352446283938,3.1355177327546837,313.5517732754684,7.288149032129026e-16,4.943928019184536e-10,1.2300561209283853e-12,1.4965824205969838e-13,1.617499818724525e-06,1.845584727159146e-12,19506013173079.156
157.6352446283938,3.1355177327546837,313.5517732754684,7.288149032129026e-16,4.943928019184536e-10,1.2300561209283853e-12,1.4965824205969838e-13,1.617499818724525e-06,1.845584727159146e-12,19506013173079.156
157.6352446283938,3.1355177327546837,313.5517732754684,7.288149032129026e-16,4.943928019184536e-10,1.2300561209283853e-12,1.4965824205969838e-13,1.617499818724525e-06,1.845584727159146e-12,19506013173079.156
157.6352446283938,3.1355177327546837,313.5517732754684,7.288149032129026e-16,4.943928019184536e-10,1.2300561209283853e-12,1.4965824205969838e-13,1.617499818724525e-06,1.845584727159146e-12,19506013173079.156
157.6352446283938,3.1355177327546837,313.5517732754684,7.288149032129026e-16,4.943928019184536e-10,1.2300561209283853e-12,1.4965824205969838e-13,1.617499818724525e-06,1.845584727159146e-12,19506013173079.156
157.6352446283938,3.1355177327546837,313.5517732754684,7.288149032129026e-16,4.943928019184536e-10,1.2300561209283853e-12,1.4965824205969838e-13,1.617499818724525e-06,1.845584727159146e-12,19506013173079.156
157.6352446283938,3.1355177327546837,313.5517732754684,7.288149032129026e-16,4.943928019184536e-10,1.2300561209283853e-12,1.4965824205969838e-13,1.617499818724525e-06,1.845584727159146e-12,19506013173079.156
157.6352446283938,3.1355177327546837,313.5517732754684,7.288149032129026e-16,4.943928019184536e-10,1.2300561209283853e-12,1.4965824205969838e-13,1.617499818724525e-06,1.845584727159146e-12,19506013173079.156
157.6352446283938,3.1355177327546837,313.5517732754684,7.288149032129026e-16,4.943928019184536e-10,1.2300561209283853e-12,1.4965824205969838e-13,1.617499818724525e-06,1.845584727159146e-12,19506013173079.156
157.6352446283938,3.1355177327546837,313.5517732754684,7.288149032129026e-16,4.943928019184536e-10,1.2300561209283853e-12,1.4965824205969838e-13,1.617499818724525e-06,1.845584727159146e-12,19506013173079.156
157.6352446283938,3.1355177327546837,313.5517732754684,7.288149032129026e-16,4.943928019184536e-10,1.2300561209283853e-12,1.4965824205969838e-13,1.617499818724525e-06,1.845584727159146e-12,19506013173079.156
157.6352446283938,3.1355177327546837,313.5517732754684,7.288149032129026e-16,4.943928019184536e-10,1.2300561209283853e-12,1.4965824205969838e-13,1.617499818724525e-06,1.845584727159146e-12,19506013173079.156
157.6352446283938,3.1355177327546837,313.5517732754684,7.288149032129026e-16,4.943928019184536e-10,1.2300561209283853e-12,1.4965824205969838e-13,1.617499818724525e-06,1.845584727159146e-12,19506013173079.156
157.6352446283938,3.1355177327546837,313.5517732754684,7.288149032129026e-16,4.943928019184536e-10,1.2300561209283853e-12,1.4965824205969838e-13,1.617499818724525e-06,1.845584727159146e-12,19506013173079.156
157.6352446283938,3.1355177327546837,313.5517732754684,7.288149032129026e-16,4.943928019184536e-10,1.2300561209283853e-12,1.4965824205969838e-13,1.617499818724525e-06,1.845584727159146e-12,19506013173079.156
157.6352446283938,3.1355177327546837,313.5517732754684,7.288149032129026e-16,4.943928019184536e-10,1.2300561209283853e-12,1.4965824205969838e-13,1.617499818724525e-06,1.845584727159146e-12,19506013173079.156
157.6352446283938,3.1355177327546837,313.5517732754684,7.288149032129026e-16,4.943928019184536e-10,1.2300561209283853e-12,1.4965824205969838e-13,1.617499818724525e-06,1.845584727159146e-12,19506013173079.156
157.6352446283938,3.1355177327546837,313.5517732754684,7.288149032129026e-16,4.943928019184536e-10,1.2300561209283853e-12,1.4965824205969838e-13,1.617499818724525e-06,1.845584727159146e-12,19506013173079.156
157.6352446283938,3.1355177327546837,313.5517732754684,7.288149032129026e-16,4.943928019184536e-10,1.2300561209283853e-12,1.4965824205969838e-13,1.617499818724525e-06,1.845584727159146e-12,19506013173079.156
157.6352446283938,3.1355177327546837,313.5517732754684,7.288149032129026e-16,4.943928019184536e-10,1.2300561209283853e-12,1.4965824205969838e-13,1.617499818724525e-06,1.845584727159146e-12,19506013173079.156
157.6352446283938,3.1355177327546837,313.5517732754684,7.288149032129026e-16,4.943928019184536e-10,1.2300561209283853e-12,1.4965824205969838e-13,1.617499818724525e-06,1.845584727159146e-12,19506013173079.156
157.6352446283938,3.1355177327546837,313.5517732754684,7.288149032129026e-16,4.943928019184536e-10,1.2300561209283853e-12,1.4965824205969838e-13,1.617499818724525e-06,1.845584727159146e-12,19506013173079.156
157.6352446283938,3.1355177327546837,313.5517732754684,7.288149032129026e-16,4.943928019184536e-10,1.2300561209283853e-12,1.4965824205969838e-13,1.617499818724525e-06,1.845584727159146e-12,19506013173079.156
157.6352446283938,3.1355177327546837,313.5517732754684,7.288149032129026e-16,4.943928019184536e-10,1.2300561209283853e-12,1.4965824205969838e-13,1.617499818724525e-06,1.845584727159146e-12,19506013173079.156
157.6352446283938,3.1355177327546837,313.5517732754684,7.288149032129026e-16,4.943928019184536e-10,1.2300561209283853e-12,1.4965824205969838e-13,1.617499818724525e-06,1.845584727159146e-12,19506013173079.156
157.6352446283938,3.1355177327546837,313.5517732754684,7.288149032129026e-16,4.943928019184536e-10,1.2300561209283853e-12,1.4965824205969838e-13,1.617499818724525e-06,1.845584727159146e-12,19506013173079.156
157.6352446283938,3.1355177327546837,313.5517732754684,7.288149032129026e-16,4.943928019184536e-10,1.2300561209283853e-12,1.4965824205969838e-13,1.617499818724525e-06,1.845584727159146e-12,19506013173079.156
157.6352446283938,3.1355177327546837,313.5517732754684,7.288149032129026e-16,4.943928019184536e-10,1.2300561209283853e-12,1.4965824205969838e-13,1.617499818724525e-06,1.845584727159146e-12,19506013173079.156
157.6352446283938,3.1355177327546837,313.5517732754684,7.288149032129026e-16,4.943928019184536e-10,1.2300561209283853e-12,1.4965824205969838e-13,1.617499818724525e-06,1.845584727159146e-12,19506013173079.156
157.6352446283938,3.1355177327546837,313.5517732754684,7.288149032129026e-16,4.943928019184536e-10,1.2300561209283853e-12,1.4965824205969838e-13,1.617499818724525e-06,1.845584727159146e-12,19506013173079.156
157.6352446283938,3.1355177327546837,313.5517732754684,7.288149032129026e-16,4.943928019184536e-10,1.2300561209283853e-12,1.4965824205969838e-13,1.617499818724525e-06,1.845584727159146e-12,19506013173079.156
157.6352446283938,3.1355177327546837,313.5517732754684,7.288149032129026e-16,4.943928019184536e-10,1.2300561209283853e-12,1.4965824205969838e-13,1.617499818724525e-06,1.845584727159146e-12,19506013173079.156
138.29195419423903,3.5740915494275476,357.4091549427548,6.393826294925099e-16,4.719186792336525e-10,9.963045440278332e-13,1.3124024871600205e-13,1.617499818724525e-06,1.6191145524057944e-12,22234374922088.535
106.9980525005307,4.619412160207306,461.9412160207307,4.946975878457641e-16,3.744719242815305e-10,6.666912039390258e-13,1.0049159919272363e-13,1.617499818724525e-06,1.2527272818732456e-12,28737300225606.945
94.0644214350279,5.254570190290829,525.457019029083,4.3489990049851492e-16,2.8200920390622437e-10,5.488706433776534e-13,8.777385763254703e-14,1.617499818724525e-06,1.1013010445652503e-12,32688609692739.703
86.01977407219596,5.745982364759696,574.5982364759697,3.9770606797111446e-16,1.9698428370171872e-10,4.809229420072008e-13,8.025085320112655e-14,1.617499818724525e-06,1.0071147580959778e-12,35745678147007.36
80.60663084810464,6.131854161859852,613.1854161859853,3.726788003429646e-16,1.2760891062743835e-10,4.3772955693031495e-13,7.463868444115026e-14,1.617499818724525e-06,9.437379765655585e-13,38146181348991.414
76.95444140297124,6.4228665146332595,642.286651463326,3.5579317236525633e-16,7.832778376273043e-11,4.097370660018666e-13,7.127879306838887e-14,1.617499818724525e-06,9.009783445015504e-13,39956565237887.42
74.63324322651167,6.6226266402405845,662.2626640240585,3.450612841488719e-16,4.848403526677325e-11,3.923883450766874e-13,6.91703994909216e-14,1.617499818724525e-06,8.738018846097132e-13,41199270262594.51
73.40341097068013,6.733584969734977,673.3584969734978,3.3937524560707917e-16,3.4068886725001106e-11,3.833415288562185e-13,6.803681285427853e-14,1.617499818724525e-06,8.594030765659853e-13,41889540521368.97
73.12333295330848,6.7593760415031525,675.9376041503153,3.38080325593449e-16,3.098970416217422e-11,3.813099715588797e-13,6.778740696540844e-14,1.617499818724525e-06,8.561239386264166e-13,42049986428085.586
73.70836590530256,6.7057259887495855,670.5725988749587,3.4078518220904334e-16,3.751560762539545e-11,3.8557293803682454e-13,6.831747768488939e-14,1.617499818724525e-06,8.629734720770764e-13,41716230179535.19
75.11025196299532,6.580567790971639,658.0567790971639,3.4726669878778454e-16,5.439292138686547e-11,3.959359065269464e-13,6.963256989054321e-14,1.617499818724525e-06,8.793866765187249e-13,40937622733283.984
77.30591424612874,6.393664827063381,639.3664827063382,3.574181810793397e-16,8.302118662035264e-11,4.123869431239232e-13,7.159284881710938e-14,1.617499818724525e-06,9.050933691134118e-13,39774901936652.08
80.29101043125708,6.155958209825118,615.5958209825119,3.7121955267218494e-16,1.23361007602458e-10,4.3526056162606245e-13,7.430605251572208e-14,1.617499818724525e-06,9.40042710178358e-13,38296132303573.3
84.07609948807251,5.878818211703206,587.8818211703207,3.887196321823116e-16,1.7301235673917467e-10,4.652125649094828e-13,7.822013413091276e-14,1.617499818724525e-06,9.84358323546826e-13,36572048144303.1
88.68434097134956,5.573341352326563,557.3341352326563,4.100254960995695e-16,2.2774211148091354e-10,5.02932350025644e-13,8.291426173402699e-14,1.617499818724525e-06,1.038311360005434e-12,34671680756542.62
94.15014642096354,5.249785832827947,524.9785832827948,4.352962436353237e-16,2.8279032786848526e-10,5.49629000009328e-13,8.785103649614612e-14,1.617499818724525e-06,1.102304707960145e-12,32658846270029.38
100.51845495005709,4.917187645642086,491.71876456420864,4.647396474578797e-16,3.341023308329082e-10,6.062898786321971e-13,9.368537578600528e-14,1.617499818724525e-06,1.1768645120625793e-12,30589757470812.17
107.84444039496618,4.583157954450493,458.31579544504933,4.986107997218121e-16,3.7900327919548353e-10,6.747877896999156e-13,1.0136501801901989e-13,1.617499818724525e-06,1.262636744537543e-12,28511763304643.457
116.19353364129194,4.253834867999936,425.3834867999937,5.372122152909061e-16,4.1628137381111213e-10,7.57198684311543e-13,1.0921229438474212e-13,1.617499818724525e-06,1.3603874665754427e-12,26463048862559.89
125.64168865112634,3.933949870825938,393.3949870825939,5.808950616953746e-16,4.458949489771287e-10,8.557409037220687e-13,1.1801909491458432e-13,1.617499818724525e-06,1.4710059429643306e-12,24473048645509.746
136.2758482593395,3.6269677360498624,362.69677360498633,6.300613127065677e-16,4.685502952310909e-10,9.732866019923677e-13,1.2922039067734177e-13,1.617499818724525e-06,1.5955100956070817e-12,22563316959960.836
148.19458335688333,3.335264310228877,333.5264310228877,6.851667035537361e-16,4.853163843396987e-10,1.1129957662327383e-12,1.408563539172449e-13,1.617499818724525e-06,1.735053987044164e-12,20748633915034.285
161.50889069677223,3.0603151486404783,306.0315148640479,7.467244195210198e-16,4.973470191320574e-10,1.2796748128716702e-12,1.5383796981377342e-13,1.617499818724525e-06,1.8909371611219474e-12,19038178920044.156
176.34314256327315,2.8028768096956447,280.28768096956446,8.15309486672762e-16,5.057156267335846e-10,1.4783173379463243e-12,1.6981527740329587e-13,1.617499818724525e-06,2.0646157616670616e-12,17436658514576.105
192.83618730665881,2.563150162544122,256.3150162544122,8.915638600946023e-16,5.113379658558457e-10,1.7139005334764104e-12,1.866961396128663e-13,1.617499818724525e-06,2.257715417486431e-12,15945322302878.928
211.1426040988573,2.34092075802965,234.092075802965,9.762022251634886e-16,5.149519122111009e-10,1.9918450061987814e-12,2.06708447739332e-13,1.617499818724525e-06,2.472045932977036e-12,14562836199667.986
231.4341187324637,2.1356751871612407,213.56751871612414,1.0700185433897693e-15,5.171286088920613e-10,2.32162957298581e-12,2.2874020000691957e-13,1.617499818724525e-06,2.709617864222447e-12,13286006294592.605
253.90119020440338,1.946694713961523,194.66947139615232,1.1738933878695025e-15,5.182973683852221e-10,2.712721074991669e-12,2.545290864102028e-13,1.617499818724525e-06,2.9726610946266204e-12,12110361340912.213
278.7547804203989,1.7731287122467636,177.31287122467637,1.2888021253822632e-15,5.187738971614844e-10,3.1749210607663714e-12,2.848232524417776e-13,1.617499818724525e-06,3.2636455545159356e-12,11030609604706.146
306.22832178121257,1.6140509211051526,161.40509211051528,1.4158240133807195e-15,5.187865276360048e-10,3.718512139770805e-12,3.1802534557961183e-13,1.617499818724525e-06,3.5853042575301205e-12,10040988829438.994
336.5798997759256,1.4685015509497297,146.850155094973,1.5561522910493493e-15,5.184983062835008e-10,4.359482942362628e-12,3.579154965616202e-13,1.617499818724525e-06,3.9406588543036645e-12,9135528177143.209
370.094670092428,1.335518030335352,133.5518030335352,1.7111053546361499e-15,5.18024520685837e-10,5.11450680950059e-12,4.0600454879757594e-13,1.617499818724525e-06,4.333047931861781e-12,8308239503949.331
407.0875322237158,1.2141568230781021,121.41568230781023,1.8821391186737544e-15,5.174460713674361e-10,6.0028598430926825e-12,4.585355760435676e-13,1.617499818724525e-06,4.7661583160550835e-12,7553253084089.107
447.9060841521014,1.1035083521473357,110.35083521473358,2.070860676743508e-15,5.168193964205738e-10,7.038312218243762e-12,5.232039458953446e-13,1.617499818724525e-06,5.244059664838929e-12,6864910451224.954
492.9338854763338,1.0027066902934219,100.27066902934219,2.2790433883025388e-15,5.161836917232019e-10,8.253169874731401e-12,6.006216762005936e-13,1.617499818724525e-06,5.771242672785306e-12,6237824683713.351
542.5940593492325,0.9109353416663987,91.09353416663987,2.508643531976204e-15,5.155660860968491e-10,9.677084455472927e-12,6.867064645563028e-13,1.617499818724525e-06,6.352661242369464e-12,5666916371975.856
597.3532668540741,0.827430152751127,82.74301527511271,2.761818680793576e-15,5.149853091530962e-10,1.1340848769173633e-11,7.903992146055972e-13,1.617499818724525e-06,6.993779015748872e-12,5147431727387.118
657.7260910046923,0.7514801550360347,75.14801550360349,3.0409479712878973e-15,5.144542686100166e-10,1.3274093464854383e-11,9.212420985157363e-13,1.617499818724525e-06,7.700620702393965e-12,4674947824505.671
724.279871445598,0.6824269516878002,68.24269516878003,3.3486544563752718e-15,5.139818494154466e-10,1.5517954253187982e-11,1.0707187507326084e-12,1.617499818724525e-06,8.479828683489799e-12,4245368785585.4785
797.6400351950391,0.6196631099623688,61.9663109962369,3.687829751651218e-15,5.135741633056559e-10,1.8129406204355496e-11,1.2483723313642454e-12,1.617499818724525e-06,9.338725423981012e-12,3854915779786.7383
878.4959734585965,0.5626299035766111,56.26299035766112,4.061661206404e-15,5.132354133275353e-10,2.116025197608077e-11,1.4629981458309908e-12,1.617499818724525e-06,1.0285382277980434e-11,3500112978500.6597
967.6075196897356,0.5108146586106926,51.08146586106927,4.4736618544488054e-15,5.129684902346845e-10,2.4676905501752243e-11,1.7182349321157647e-12,1.617499818724525e-06,1.1328695333543787e-11,3177771044244.214
1065.8120897367928,0.46374788726736343,46.374788726736355,4.927703426069641e-15,5.127753830407404e-10,2.872519867268468e-11,2.0254273824398384e-12,1.617499818724525e-06,1.2478469009115786e-11,2884969299815.6455
1174.0325511472502,0.42100034139296955,42.10003413929696,5.428052731166042e-15,5.126574612205972e-10,3.3395921557906394e-11,2.3900096348868517e-12,1.617499818724525e-06,1.3745508186909403e-11,2619037398288.7563
1293.2858955595116,0.38218007830791123,38.21800783079113,5.979411755415509e-15,5.126156685028917e-10,3.878567640409204e-11,2.8090888103838315e-12,1.617499818724525e-06,1.5141719748789235e-11,2377537069584.0967
1424.6927956646784,0.3469296021875752,34.69296021875753,6.5869618461799455e-15,5.126506558861778e-10,4.498715209701416e-11,3.3386807299509673e-12,1.617499818724525e-06,1.6680224468651478e-11,2158244337038.6152
1569.4881365373813,0.31492312259837146,31.49231225983715,7.256412403335423e-15,5.127628729317608e-10,5.2126332191118356e-11,3.954552628859761e-12,1.617499818724525e-06,1.8375480312662956e-11,1959132462795.6306
1729.032620294306,0.28586395597054715,28.586395597054718,7.994054532553213e-15,5.129526304379459e-10,6.029193785243355e-11,4.685232111363345e-12,1.617499818724525e-06,2.0243418305961392e-11,1778355782402.5464
1904.8255531277696,0.25948208434512604,25.94820843451261,8.806820165204476e-15,5.132201434928759e-10,6.963961470533748e-11,5.54320640763038e-12,1.617499818724525e-06,2.230159224253747e-11,1614234517808.7576
2098.518934874581,0.23553187756630434,23.553187756630436,9.702347200440575e-15,5.135655610752132e-10,8.033760365046115e-11,6.597606805461734e-12,1.617499818724525e-06,2.456934364512787e-11,1465240607155.5288
2311.932983522162,0.21378997936456115,21.378997936456116,1.0689051281599744e-14,5.139889864294724e-10,9.257911035763585e-11,7.78754747113376e-12,1.617499818724525e-06,2.70679835252745e-11,1329984554127.769
2547.0732405395092,0.19405335385438607,19.40533538543861,1.1776204881440618e-14,5.144904911108231e-10,1.065536142128228e-10,9.213096100704409e-12,1.617499818724525e-06,2.982099265159348e-11,1207203275242.9636
2806.149417777053,0.176137486374833,17.613748637483305,1.2974024439390783e-14,5.150701246818682e-10,1.2248712226266445e-10,1.0945523902028285e-11,1.617499818724525e-06,3.285424220823647e-11,1095748907304.7284
3091.596163045957,0.15987473097148616,15.98747309714862,1.4293766369667978e-14,5.157279214195135e-10,1.405209921546325e-10,1.2893157033425038e-11,1.617499818724525e-06,3.619623691714489e-11,994578527110.5919
3406.0959395188247,0.14511279588597728,14.51127958859773,1.5747832842498295e-14,5.164639049628605e-10,1.6105019293143694e-10,1.5262808951751337e-11,1.617499818724525e-06,3.98783829088081e-11,902744729702.882
3752.6042339581786,0.13171335798395833,13.171335798395834,1.7349888332497498e-14,5.172780915408015e-10,1.8438402484634712e-10,1.7945337556728192e-11,1.617499818724525e-06,4.393528285880853e-11,819387008743.985
4134.377330664454,0.11955079696608514,11.955079696608516,1.9114988029466894e-14,5.181704922180016e-10,2.1086476483808825e-10,2.1099916640943337e-11,1.617499818724525e-06,4.8405061163668925e-11,743723882060.0911
4555.002912146568,0.10851104035991163,10.851104035991165,2.1059719318332093e-14,5.191411144610202e-10,2.4091393202868463e-10,2.495928125803298e-11,1.617499818724525e-06,5.3329722211811143e-11,675045706351.4749
5018.43377408202,0.09849051060355252,9.849051060355254,2.320235765776929e-14,5.201899632324754e-10,2.7490004790595177e-10,2.922753570199544e-11,1.617499818724525e-06,5.87555451164448e-11,612708127014.2812
5529.024971399947,0.08939516594628488,8.93951659462849,2.5563038322374906e-14,5.213170417567821e-10,3.130844492602531e-10,3.419276528332732e-11,1.617499818724525e-06,6.47335186198534e-11,556126111596.211
6091.574744564392,0.08113962736490996,8.113962736490997,2.816394562231153e-14,5.225223520567678e-10,3.5625106051184086e-10,4.0119840838448316e-11,1.617499818724525e-06,7.13198202560557e-11,504768518355.082
6711.369610659018,0.07364638419771326,7.364638419771327,3.102952137860559e-14,5.238058953300339e-10,4.0498364358938655e-10,4.684621052403545e-11,1.617499818724525e-06,7.857634427473222e-11,458153154518.4968
7394.234043013295,0.06684507170914857,6.684507170914857,3.4186694613227335e-14,5.251676722129494e-10,4.5998684899130557e-10,5.454023200441473e-11,1.617499818724525e-06,8.657128328754135e-11,415842282023.56836
8146.58520623009,0.060671814303428676,6.067181430342869,3.766513461244562e-14,5.266076829656716e-10,5.219518132385838e-10,6.401985774047468e-11,1.617499818724525e-06,9.537976910279556e-11,377438531657.5992
8975.49326098305,0.055068628594270266,5.506862859427027,4.1497529741601633e-14,5.281259276015424e-10,5.917407751724173e-10,7.427667734698937e-11,1.617499818724525e-06,1.0508457877069455e-10,342581189563.08264
9888.7478052932,0.04998288100490154,4.9982881004901545,4.5719894631440846e-14,5.297224059772408e-10,6.69743589593512e-10,8.577069348183751e-11,1.617499818724525e-06,1.1577691247411752e-10,310942822974.7271
10894.931076661114,0.045366795013349066,4.536679501334907,5.0371908622760916e-14,5.31397117855215e-10,7.573695256975602e-10,1.0009217956752669e-10,1.617499818724525e-06,1.275572505751386e-10,282226214799.08673
12003.498602966381,0.041177003571050905,4.117700357105091,5.549728864988469e-14,5.331500629465247e-10,8.556336837363619e-10,1.1548681133636381e-10,1.617499818724525e-06,1.405362978712981e-10,256161579216.84036
13224.86806004446,0.03737414260734708,3.737414260734709,6.114420006709968e-14,5.349812409398474e-10,9.659640096353307e-10,1.3301651535688233e-10,1.617499818724525e-06,1.5483602393519853e-10,232504032879.75546
14570.517170972818,0.0339224818885719,3.3922481888571903,6.736570927877205e-14,5.368906515207258e-10,1.0895877318796304e-09,1.5472330149067534e-10,1.617499818724525e-06,1.7059080931393303e-10,211031298490.12146
16053.091567067855,0.0307895898291279,3.0789589829127904,7.422028242669422e-14,5.388782943839636e-10,1.2281351068557715e-09,1.7825962070394417e-10,1.617499818724525e-06,1.8794870835967308e-10,191541619594.99945
17686.52362420687,0.027946029154251963,2.794602915425197,8.177233482103671e-14,5.409441692412264e-10,1.3833088469172026e-09,2.0348019284088895e-10,1.617499818724525e-06,2.070728405587543e-10,173851867308.42886
19486.163391230883,0.02536508059158945,2.5365080591589453,9.009283627814198e-14,5.430882758253236e-10,1.5560257961166085e-09,2.3496221461152933e-10,1.617499818724525e-06,2.2814292343417685e-10,157795821400.46796
21468.922840817042,0.023022492022736287,2.302249202273629,9.925997805377199e-14,5.453106138922196e-10,1.7487153658583646e-09,2.697618883086606e-10,1.617499818724525e-06,2.5135696142684256e-10,143222609772.3488
23653.434798407125,0.020896250758166268,2.089625075816627,1.093599076392631e-13,5.476111832215129e-10,1.9639561508537624e-09,3.080860477994348e-10,1.617499818724525e-06,2.7693310662666155e-10,129995291781.89679
26060.22804271396,0.01896637681102875,1.8966376811028756,1.2048753832577646e-13,5.499899836159211e-10,2.204141992194474e-09,3.5109259373613565e-10,1.617499818724525e-06,3.051117088395985e-10,117989572202.6378
28711.92022329924,0.017214735238723636,1.721473523872364,1.32747441144461e-13,5.52447014900133e-10,2.4720240713058085e-09,4.0559221453065316e-10,1.617499818724525e-06,3.361575742560056e-10,107092633803.28801
31633.43040815024,0.01562486579742249,1.5624865797422494,1.4625482756446573e-13,5.549822769193024e-10,2.7707928504297623e-09,4.605406493272728e-10,1.617499818724525e-06,3.7036245394589746e-10,97202077630.84668
34852.21325865441,0.014181828315213694,1.4181828315213696,1.6113663218362764e-13,5.575957695373503e-10,3.1036448941117667e-09,5.227435884637772e-10,1.617499818724525e-06,4.080477855666044e-10,88224961079.03477
38398.517032612945,0.012872062335627581,1.2872062335627583,1.775327055863367e-13,5.602874926352103e-10,3.475404551724096e-09,5.947368067434309e-10,1.617499818724525e-06,4.4956771404778746e-10,80076924732.57394
42305.667839856585,0.011683259716179128,1.1683259716179129,1.9559712857836702e-13,5.630574461090914e-10,3.8857820332101005e-09,6.799893591066916e-10,1.617499818724525e-06,4.953124196404701e-10,72681399804.45299
46610.38282173192,0.010604248987395157,1.060424898739516,2.154996601490859e-13,5.659056298688147e-10,4.3423028343121e-09,7.683370887867734e-10,1.617499818724525e-06,5.457117846051453e-10,65968888735.00895
51353.115197539635,0.009624890387626026,0.9624890387626028,2.3742733276815956e-13,5.688320438362546e-10,4.85017424061015e-09,8.697979082638995e-10,1.617499818724525e-06,6.012394329963941e-10,59876312204.91806
56578.43442047049,0.008735980588756296,0.8735980588756297,2.615862100084268e-13,5.718366879439019e-10,5.414576736713623e-09,9.870143890059872e-10,1.617499818724525e-06,6.624171815075618e-10,54346416435.13748
62335.44501552361,0.00792916621861546,0.7929166218615461,2.882033230120599e-13,5.749195621335546e-10,6.041916993635557e-09,1.1221652269108573e-09,1.617499818724525e-06,7.29819943201945e-10,49327235210.99863
68678.24803540477,0.007196865368269847,0.7196865368269848,3.1752880399780467e-13,5.780806663551393e-10,6.73862297374685e-09,1.2642155859802e-09,1.617499818724525e-06,8.040811302129305e-10,44771601580.13753
75666.44947090036,0.006532196347200562,0.6532196347200563,3.498382368587704e-13,5.813200005656582e-10,7.512237364297456e-09,1.4218019880915688e-09,1.617499818724525e-06,8.858986061845392e-10,40636704639.425674
83365.72039346964,0.005928913017324195,0.5928913017324196,3.8543524694030577e-13,5.846375647282491e-10,8.37117499177764e-09,1.6010962090725135e-09,1.617499818724525e-06,9.760412443899222e-10,36883687248.79236
91848.41409395733,0.005381346098516567,0.5381346098516567,4.2465435433522683e-13,5.880333588113639e-10,9.321882929214494e-09,1.8150689620793672e-09,1.617499818724525e-06,1.0753561531572807e-09,33477280893.686085
101194.24601693363,0.004884349894328394,0.4884349894328395,4.678641175099854e-13,5.915073827880382e-10,1.0370938603044858e-08,2.0403841852755904e-09,1.617499818724525e-06,1.1847766365035196e-09,30385474266.476265
111491.04288029237,0.004433253937449895,0.4433253937449896,5.154705968037663e-13,5.950596366352575e-10,1.153492128187042e-08,2.2893127965596283e-09,1.617499818724525e-06,1.3053309647850777e-09,27579212453.54613
122835.56801990303,0.004023819100664435,0.4023819100664435,5.679211703484876e-13,5.986901203334028e-10,1.2824103693759335e-08,2.565399701860313e-09,1.617499818724525e-06,1.4381520377874733e-09,25032123902.132236
135334.43071541953,0.0036521977609585213,0.36521977609585216,6.257087382694714e-13,6.023988338657688e-10,1.4253278701011619e-08,2.8916813108104893e-09,1.617499818724525e-06,1.5844880310615902e-09,22720272601.79452
149105.08804257453,0.003314897642515868,0.3314897642515869,6.893763546754839e-13,6.061857772181463e-10,1.5835904332978008e-08,3.2573820657661766e-09,1.617499818724525e-06,1.7457141255549383e-09,20621933152.174095
164276.9486667775,0.0030087489988752723,0.30087489988752725,7.595223309668572e-13,6.100509503784611e-10,1.758763691630874e-08,3.639407285587595e-09,1.617499818724525e-06,1.9233454307660616e-09,18717386603.6437
180992.58895083395,0.0027308748258953164,0.2730874825895317,8.368058584196508e-13,6.139943533364634e-10,1.9528601885980473e-08,4.0534512409854956e-09,1.617499818724525e-06,2.119051222866465e-09,16988735152.566242
199409.09280506358,0.002478663825639251,0.24786638256392513,9.219532028836487e-13,6.180159860834596e-10,2.167504444531588e-08,4.530629079769427e-09,1.617499818724525e-06,2.334670631591711e-09,15419733949.990301
219699.52787094982,0.002249745867136234,0.22497458671362344,1.015764529808363e-12,6.221158486120824e-10,2.405156215361453e-08,5.106893354298363e-09,1.617499818724525e-06,2.572229923317953e-09,13995638443.37956
242054.5719106409,0.0020419697134327207,0.20419697134327208,1.1191214237346907e-12,6.262939409160924e-10,2.6661026986555792e-08,5.69727719754162e-09,1.617499818724525e-06,2.833961542740278e-09,12703065816.902395
266684.3046861698,0.0018533828056401698,0.18533828056401702,1.2329951729160551e-12,6.305502629902105e-10,2.9548768916497693e-08,6.345808481815862e-09,1.617499818724525e-06,3.1223250920955307e-09,11529869228.267582
293820.182167442,0.0016822129140120748,0.1682212914012075,1.3584558969231298e-12,6.348848148299731e-10,3.274023123171634e-08,7.0619649319686656e-09,1.617499818724525e-06,3.4400304450802576e-09,10465023660.324057
323717.2116214397,0.0015268514836259512,0.15268514836259514,1.4966826030080192e-12,6.392975964316071e-10,3.6268940040303515e-08,7.91595335406315e-09,1.617499818724525e-06,3.790063212674839e-09,9498522314.775059
356656.3480228903,0.0013858385181685566,0.13858385181685567,1.6489742657318742e-12,6.437886077919277e-10,4.016774879809096e-08,8.827763672946612e-09,1.617499818724525e-06,4.175712800187065e-09,8621282574.41155
392947.1343064709,0.0012578488597755166,0.1257848859775517,1.8167620339758287e-12,6.48357848908246e-10,4.447365353132433e-08,9.835529419645968e-09,1.617499818724525e-06,4.600603319178964e-09,7825060650.181129
432930.61027209944,0.0011416797359946455,0.11416797359946457,2.00162268004962e-12,6.530053197782943e-10,4.922813027180823e-08,1.0908578494149277e-08,1.617499818724525e-06,5.068727644769072e-09,7102374111.016204
476982.5174795434,0.0010362394568489593,0.10362394568489594,2.205293417284953e-12,6.577310204001608e-10,5.448340547459845e-08,1.2087320571673654e-08,1.617499818724525e-06,5.584484938361308e-09,6446431568.416714
525516.8302500739,0.0009405371557829031,0.09405371557829033,2.4296882253606815e-12,6.625349507722341e-10,6.029350459160178e-08,1.34681127874424e-08,1.617499818724525e-06,6.1527219884170664e-09,5851068855.016129
578989.6459574744,0.000853673478084536,0.08536734780845362,2.6769158367757665e-12,6.674171108931584e-10,6.669771003982844e-08,1.498604222213836e-08,1.617499818724525e-06,6.778778757767224e-09,5310691097.382501
637903.471167114,0.0007748321292798953,0.07748321292798954,2.949299553496509e-12,6.723775007617911e-10,7.375258375061821e-08,1.6691545636428404e-08,1.617499818724525e-06,7.4685385654914e-09,4820220138.694744
702811.9439017437,0.0007032722040770442,0.07032722040770444,3.249399080003448e-12,6.774161203771714e-10,8.151505851515509e-08,1.846870000350661e-08,1.617499818724525e-06,8.22848337494476e-09,4375046817.207877
774325.0364111095,0.0006383212237722755,0.06383212237722756,3.5800345779121486e-12,6.825329697384913e-10,9.007612306199493e-08,2.050101824264569e-08,1.617499818724525e-06,9.065754707496943e-09,3970987652.0517087
853114.7873380339,0.0005793688166884452,0.057936881668844524,3.9443131682194325e-12,6.877280488450715e-10,9.952656972263471e-08,2.28099658471225e-08,1.617499818724525e-06,9.988220754415566e-09,3604245529.3236504
939921.6171485222,0.0005258609822582145,0.05258609822582146,4.345658130227719e-12,6.930013576963406e-10,1.0994356780852983e-07,2.5389574333356283e-08,1.617499818724525e-06,1.100455031757268e-08,3271374019.028582
1035561.2861746569,0.00047729488484961417,0.047729488484961426,4.78784107154211e-12,6.983528962918194e-10,1.2144390897725507e-07,2.806558097844868e-08,1.617499818724525e-06,1.2124294273826208e-08,2969244987.538483
1140932.560657935,0.00043321412840950435,0.043321412840950445,5.2750173714551655e-12,7.037826646311053e-10,1.3411888825726487e-07,3.09461571417768e-08,1.617499818724525e-06,1.3357975328631404e-08,2695019201.213661
1257025.6588340881,0.0003932044675188994,0.03932044675188994,5.8117652307958745e-12,7.092906627138601e-10,1.4809142925894596e-07,3.433320776400312e-08,1.617499818724525e-06,1.4717186902334903e-08,2446119644.936258
1384931.5564308036,0.00035688991455524446,0.035688991455524455,6.4031286952105985e-12,7.148768905398003e-10,1.635101527258732e-07,3.7912273176165284e-08,1.617499818724525e-06,1.6214702078427447e-08,2220207304.819713
1525852.2390260156,0.0003239292063790877,0.03239292063790877,7.054665056183935e-12,7.205413481086878e-10,1.8051438622672496e-07,4.1958225610373914e-08,1.617499818724525e-06,1.7864593637587803e-08,2015159187.514604
1681111.9976125227,0.0002940125973411645,0.029401259734116454,7.772497075246898e-12,7.262840354203235e-10,1.9926773053145728e-07,4.6249866374756166e-08,1.617499818724525e-06,1.9682366305528713e-08,1829048369.549332
1852169.8735180576,0.00026685894847248867,0.026685894847248873,8.563370522145087e-12,7.321049524745396e-10,2.1994371422330573e-07,5.121602563681638e-08,1.617499818724525e-06,2.168510245743287e-08,1660125889.221266
2040633.3696310364,0.00024221308550335973,0.024221308550335975,9.4347175676776e-12,7.380040992711964e-10,2.4257506887683897e-07,5.678893567963367e-08,1.617499818724525e-06,2.389162264822578e-08,1506804310.8689146
2248273.556782056,0.00021984340088351836,0.021984340088351838,1.0394726626935412e-11,7.439814758101761e-10,2.6753002545868883e-07,6.293601342492633e-08,1.617499818724525e-06,2.6322662477254992e-08,1367642807.0719306
2477041.7172422726,0.00019953967726862805,0.01995396772686281,1.1452419309286061e-11,7.500370820913804e-10,2.950312272233885e-07,6.974284408661746e-08,1.617499818724525e-06,2.9001067449448742e-08,1241333618.590108
2729087.6817445178,0.00018111111201949353,0.018111111201949356,1.2617735198235548e-11,7.561709181147272e-10,3.2530913924529555e-07,7.695026822770176e-08,1.617499818724525e-06,3.195200766414519e-08,1126689764.799889
3006780.032347958,0.00016438452414940485,0.016438452414940487,1.390162525787996e-11,7.623829838801476e-10,3.5865681566700244e-07,8.513997721556908e-08,1.617499818724525e-06,3.5203214349114664e-08,1022633889.1381767
3312728.3610010482,0.00014920272686954995,0.014920272686954996,1.531615474372622e-11,7.686732793875833e-10,3.9538333414293634e-07,9.382805032862179e-08,1.617499818724525e-06,3.878524046258385e-08,928188134.7294785
3649807.7929759375,0.0001354230504386207,0.013542305043862071,1.6874616584978618e-11,7.750418046369864e-10,4.358840052883776e-07,1.0319911978845185e-07,1.617499818724525e-06,4.273174781224974e-08,842464955.0533954
4021186.005631258,0.00012291600143521825,0.012291600143521828,1.8591656303791696e-11,7.814885596283167e-10,4.804304732107396e-07,1.1353396076807365e-07,1.617499818724525e-06,4.707982338946023e-08,764658773.2964888
4430352.996410129,0.00011156404585367167,0.01115640458536717,2.048340964540895e-11,7.880135443615404e-10,5.295281772594019e-07,1.2518429636169027e-07,1.617499818724525e-06,5.1870327891288694e-08,694038412.0079176
4881153.879815669,0.00010126050458751706,0.010126050458751708,2.25676542125552e-11,7.946167588366289e-10,5.836205940552225e-07,1.3824089945311244e-07,1.617499818724525e-06,5.71482797057096e-08,629940221.9171838
5377825.02157109,9.190855092102915e-05,0.009190855092102917,2.486397652905521e-11,8.01298203053559e-10,6.431615010722262e-07,1.520615662434001e-07,1.617499818724525e-06,6.296327796834681e-08,571761845.3425834
5925033.849532221,8.342030060781399e-05,0.008342030060781401,2.7393956102645457e-11,8.080578770123103e-10,7.087714799943537e-07,1.6699168610724482e-07,1.617499818724525e-06,6.936996866643584e-08,518956555.58250725
6527922.715472429,7.571598598554805e-05,0.007571598598554807,3.0181368216695007e-11,8.148957807128672e-10,7.810645658905547e-07,1.836520063643547e-07,1.617499818724525e-06,7.642855817017633e-08,471028119.0944642
7192157.219927555,6.872320636567368e-05,0.006872320636567369,3.325240735655456e-11,8.218119141552154e-10,8.601219618596877e-07,2.0413354446524251e-07,1.617499818724525e-06,8.420537901734423e-08,427526132.17957115
7923979.45422977,6.237624765364756e-05,0.0062376247653647575,3.6635933370165024e-11,8.288062773393433e-10,9.471268079293433e-07,2.263453943198474e-07,1.617499818724525e-06,9.277351326807999e-08,388041788.3493725
8730266.660068274,5.661546480592678e-05,0.0056615464805926784,4.036374267620104e-11,8.358788702652418e-10,1.0428691492903758e-06,2.5029064699461315e-07,1.617499818724525e-06,1.0221347928778145e-07,352204036.5991477
9618595.857825246,5.138672132038249e-05,0.00513867213203825,4.4470867068405806e-11,8.430296929329022e-10,1.1482665838053755e-06,2.752772218062159e-07,1.617499818724525e-06,1.1261398841208735e-07,319676094.4853984
10597315.051026948,4.664088049279553e-05,0.004664088049279554,4.8995902924108265e-11,8.502587453423184e-10,1.264217640777152e-06,3.0284337851024847e-07,1.617499818724525e-06,1.2407277860465337e-07,290152283.23942614
11675621.676047966,4.2333343658558326e-05,0.004233334365855833,5.39813739106326e-11,8.575660274934847e-10,1.391811560444264e-06,3.338430593835271e-07,1.617499818724525e-06,1.3669753294195116e-07,263355155.1752398
12863649.034293652,3.842363108024517e-05,0.0038423631080245174,5.947413059810597e-11,8.649515393863961e-10,1.5321976427885373e-06,3.685439038155695e-07,1.617499818724525e-06,1.5060689155648097e-07,239032886.39682993
14172561.51910038,3.487500154247526e-05,0.003487500154247527,6.552579073399377e-11,8.724152810210489e-10,1.686941231559638e-06,4.0409953613665017e-07,1.617499818724525e-06,1.6593156654805387e-07,216956910.30298552
15614659.532240674,3.165410707924188e-05,0.0031654107079241885,7.219322431680723e-11,8.799572523974401e-10,1.8568589248246055e-06,4.4218727804981744e-07,1.617499818724525e-06,1.8281557034043217e-07,196919769.65070415
17203495.075978205,2.8730679589033845e-05,0.002873067958903385,7.953908802742633e-11,8.875774535155667e-10,2.0441168396541197e-06,4.843023303180824e-07,1.617499818724525e-06,2.0141756902671707e-07,178733166.9921246
18953999.106939454,2.6077246392740904e-05,0.002607724639274091,8.763241404031357e-11,8.952758843754262e-10,2.2499840038463525e-06,5.30001108020211e-07,1.617499818724525e-06,2.2191237342143604e-07,162226195.16412467
20882621.848600272,2.366887206132027e-05,0.0023668872061320275,9.654925874792503e-11,9.030525449770172e-10,2.476751589158166e-06,5.865132128179293e-07,1.617499818724525e-06,2.44492581831376e-07,147243731.2017459
23007487.380962547,2.1482924087070518e-05,0.002148292408707052,1.0637341749465559e-10,9.109074353203382e-10,2.726406550511357e-06,6.441553992726315e-07,1.617499818724525e-06,2.693703899829696e-07,133644978.58237512
25348563.96016569,1.9498860196426705e-05,0.0019498860196426708,1.171972120369746e-10,9.188405554053872e-10,3.0006745190135503e-06,7.06665778494236e-07,1.617499818724525e-06,2.9677958511488776e-07,121302144.1015354
27927851.668597832,1.7698035305565873e-05,0.0017698035305565877,1.291223581298465e-10,9.268519052321636e-10,3.302605215084109e-06,7.790590930692284e-07,1.617499818724525e-06,3.2697774297516505e-07,110099236.9463334
30769589.15893364,1.6063526304703536e-05,0.0016063526304703538,1.4226092139250988e-10,9.349414848006668e-10,3.632776132554421e-06,8.582604785332026e-07,1.617499818724525e-06,3.60248648368962e-07,99930978.68095055
33900481.43495981,1.4579973024505138e-05,0.001457997302450514,1.5673637043628941e-10,9.431092941108953e-10,3.995881760569718e-06,9.524637653062409e-07,1.617499818724525e-06,3.9690496200387365e-07,90701813.90085177
37349950.80974086,1.3233433890106925e-05,0.0013233433890106928,1.7268473715112808e-10,9.513553331628491e-10,4.395298629521065e-06,1.056286271742753e-06,1.617499818724525e-06,4.372911586942577e-07,82325012.25841211
41150413.39948335,1.2011254906266795e-05,0.0012011254906266796,1.902558950545334e-10,9.596796019565276e-10,4.8347417245170406e-06,1.1621281270926632e-06,1.617499818724525e-06,4.817867645361066e-07,74721853.42132214
45337583.751430005,1.0901950742442498e-05,0.0010901950742442498,2.0961496771613192e-10,9.680821004919296e-10,5.3177194149414935e-06,1.27639683867389e-06,1.617499818724525e-06,5.308099234735869e-07,67820887.30447663
49950810.46849934,9.895096800304237e-06,0.0009895096800304239,2.3094388049338565e-10,9.765628287690556e-10,5.848952092177005e-06,1.4048174060807503e-06,1.617499818724525e-06,5.848213267737604e-07,61557262.6234383
55033445.98467466,8.98123124939499e-06,0.0008981231249394991,2.544430701607739e-10,9.85121786787905e-10,6.433249471264915e-06,1.5416046173561089e-06,1.617499818724525e-06,6.443285423363909e-07,55872117.45961292
60633253.96608206,8.151766110325243e-06,0.0008151766110325243,2.80333368498568e-10,9.937589745484776e-10,7.075754442366737e-06,1.69757484925965e-06,1.617499818724525e-06,7.098907845232363e-07,50712026.11001304
66802858.16627281,7.39890654991459e-06,0.0007398906549914591,3.088580775420558e-10,1.0024743920507731e-09,7.783180672092247e-06,1.8627437351902153e-06,1.617499818724525e-06,7.821241693308746e-07,46028497.0234315
73600236.95379397,6.715577629862135e-06,0.0006715577629862136,3.4028525599321497e-10,1.0112680392947916e-09,8.559318388493591e-06,2.0359848278673344e-06,1.617499818724525e-06,8.617075042921535e-07,41777517.104916096
81089268.1593313,6.095357820572137e-06,0.0006095357820572138,3.7491023828121126e-10,1.0201399162805323e-09,9.414020803063489e-06,2.2242800395351894e-06,1.617499818724525e-06,9.493886675164109e-07,37919138.106183164
89340329.36258133,5.532418655336489e-06,0.000553241865533649,4.130584099443853e-10,1.0290900230079959e-09,1.0354148094716043e-05,2.4323947242633753e-06,1.617499818724525e-06,1.0459916358149781e-06,34417101.21510754
98430959.26000251,5.021469957778796e-06,0.0005021469957778797,4.55088265415171e-10,1.0381183594771818e-09,1.1387388830072182e-05,2.660445743700723e-06,1.617499818724525e-06,1.1524242279582379e-06,31238496.316396937
108446586.3285954,4.55771012783942e-06,0.0004557710127839421,5.013947769432297e-10,1.04722492568809e-09,1.2524794302984562e-05,2.9196843205469305e-06,1.617499818724525e-06,1.2696866358308694e-06,28353452.721381113
119481331.63327295,4.136781019117872e-06,0.00041367810191178723,5.524131063159935e-10,1.0564097216407203e-09,1.3774892088069855e-05,3.2059507454199545e-06,1.617499818724525e-06,1.398880823656145e-06,25734858.460572522
131638893.32213928,3.7547269835359846e-06,0.00037547269835359854,6.086226942572172e-10,1.0656727473350724e-09,1.515022820947505e-05,3.5438538282197863e-06,1.617499818724525e-06,1.5412208836177435e-06,23358105.50107286
145033521.12165472,3.407957698447224e-06,0.00034079576984472244,6.70551765933351e-10,1.0750140027711475e-09,1.6662367002635402e-05,3.899020024767877e-06,1.617499818724525e-06,1.6980444451952553e-06,21200858.494525693
159791089.98941877,3.0932144268631074e-06,0.00030932144268631083,7.387822949078333e-10,1.0844334879489442e-09,1.8315679013733895e-05,4.297047707695112e-06,1.617499818724525e-06,1.8708252454315929e-06,19242844.882443808
176050283.01415417,2.80753939372942e-06,0.0002807539393729421,8.139554721917409e-10,1.0939312028684632e-09,2.0131588181931187e-05,4.7334990387092865e-06,1.617499818724525e-06,2.0611869782605912e-06,17465664.386440054
193963894.6790846,2.5482479904686555e-06,0.0002548247990468656,8.967777317856983e-10,1.103507147529704e-09,2.2128213694384947e-05,5.227201470559088e-06,1.617499818724525e-06,2.2709185530425698e-06,15852616.093063885
213700266.73603478,2.312903546582735e-06,0.00023129035465827352,9.880273893376557e-10,1.1131613219326672e-09,2.432549706690601e-05,5.794964973192933e-06,1.617499818724525e-06,2.501990905698892e-06,14388541.508284966
235444870.18375427,2.0992944312343564e-06,0.00020992944312343565,1.0885619563027523e-09,1.1228937260773523e-09,2.6738356127157536e-05,6.420237918865648e-06,1.617499818724525e-06,2.756575520426699e-06,13059682.106742153
259402048.21699166,1.9054132696207258e-06,0.00019054132696207261,1.1993261983395436e-09,1.1327043599637592e-09,2.938955214665056e-05,7.067819240154042e-06,1.617499818724525e-06,3.0370648360502896e-06,11853550.037087154
285796936.5255406,1.729438078827274e-06,0.00017294380788272743,1.3213610136707174e-09,1.142593223591888e-09,3.230610910801457e-05,7.762428631297429e-06,1.617499818724525e-06,3.3460947287761634e-06,10758810.768387012
314877578.9891147,1.5697151458870245e-06,0.00015697151458870249,1.4558132148419846e-09,1.1525603169617391e-09,3.5513756796878885e-05,8.506191434013503e-06,1.617499818724525e-06,3.68656928263162e-06,9765176.57476432
346917258.6501315,1.424743487143498e-06,0.00014247434871434981,1.6039463058024713e-09,1.162605640073312e-09,3.903552045679336e-05,9.310867818805482e-06,1.617499818724525e-06,4.061688080365215e-06,8863309.85730519
382217065.86953586,1.2931607428752604e-06,0.00012931607428752606,1.7671523555833603e-09,1.1727291929266068e-09,4.290942257206183e-05,1.021465942913811e-05,1.617499818724525e-06,4.4749762712731244e-06,8044735.394710383
421108727.79969996,1.1737303746279739e-06,0.00011737303746279741,1.9469650801567325e-09,1.1829309755216233e-09,4.717018831785386e-05,1.1216540626267395e-05,1.617499818724525e-06,4.930317698511401e-06,7301760.698072133
463957725.76416636,1.0653300449418358e-06,0.0001065330044941836,2.145074255410408e-09,1.1932109878583615e-09,5.185416859487884e-05,1.2266652378346774e-05,1.617499818724525e-06,5.431991397205609e-06,6627403.721316561
511166729.83953094,9.66941070273911e-07,9.669410702739113e-05,2.3633415966834453e-09,1.2035692299368223e-09,5.699740284545714e-05,1.3390284575035256e-05,1.617499818724525e-06,5.98471180634559e-06,6015327.247976954
563179382.9157114,8.776388479999209e-07,8.77638847999921e-05,2.603818254089125e-09,1.2140057017570047e-09,6.265986433171949e-05,1.459591178453035e-05,1.617499818724525e-06,6.5936730723538326e-06,5459779.337702073
620484469.7949923,7.965841675340514e-07,7.965841675340516e-05,2.868764088036258e-09,1.2245204033189091e-09,6.88795782184346e-05,1.5929885866704e-05,1.617499818724525e-06,7.264597860666552e-06,4955539.2728506625
683620510.5086279,7.230153239137098e-07,7.230153239137099e-05,3.1606689060890213e-09,1.2351133346225353e-09,7.572093258306236e-05,1.739569277876921e-05,1.617499818724525e-06,8.003791134030465e-06,4497868.497209459
753180821.0163348,6.562409597372524e-07,6.562409597372524e-05,3.4822758607370442e-09,1.2457844956678837e-09,8.323783664894365e-05,1.9145018526200116e-05,1.617499818724525e-06,8.818199402892618e-06,4082466.085785154
829819088.8461933,5.956335681873711e-07,5.956335681873712e-05,3.836607227954411e-09,1.2565338864549537e-09,9.150673040900581e-05,2.1062414551496818e-05,1.617499818724525e-06,9.715476004684002e-06,3705428.3272012374
914255516.07161,5.406235960852953e-07,5.406235960852954e-05,4.2269928087996406e-09,1.267361506983746e-09,0.00010059984490009093,2.3151617851159855e-05,1.617499818724525e-06,1.0704053025454165e-05,3363212.0388783803
1007283587.3534502,4.906940915597539e-07,4.90694091559754e-05,4.657101220958281e-09,1.27826735725426e-09,0.00011057700626116126,2.5540975378452267e-05,1.617499818724525e-06,1.1793220539734224e-05,3052601.2702558436
1109777526.6495245,4.453758460325576e-07,4.453758460325577e-05,5.130974374288121e-09,1.2892514372664961e-09,0.00012149411031903167,2.8295713490577867e-05,1.617499818724525e-06,1.2993213913279186e-05,2770677.0811498505
1222700512.6652255,4.0424298486802184e-07,4.042429848680219e-05,5.653065454348023e-09,1.3003137470204534e-09,0.00013349488784928067,3.120760525751494e-05,1.617499818724525e-06,1.4315309989109707e-05,2514790.111243613
1347113730.2494152,3.6690896524968133e-07,3.669089652496814e-05,6.228280770857859e-09,1.311454286516133e-09,0.00014668527624357448,3.440248428977823e-05,1.617499818724525e-06,1.5771933060754615e-05,2282535.6829328034
1484186342.7952623,3.330229436746903e-07,3.3302294367469034e-05,6.8620258643567465e-09,1.3226730557535342e-09,0.00016119727720215223,3.805612087059952e-05,1.617499818724525e-06,1.7376771628568476e-05,2071731.2035576156
1635206479.3609757,3.0226647892968653e-07,3.0226647892968657e-05,7.560256304343734e-09,1.3339700547326577e-09,0.00017711377253273785,4.202375129519857e-05,1.617499818724525e-06,1.914490703633353e-05,1880395.6546604582
1801593339.760958,2.743505395646237e-07,2.7435053956462376e-05,8.329533656272104e-09,1.3453452834535032e-09,0.00019462258932821324,4.62640115765696e-05,1.617499818724525e-06,2.1092955196997563e-05,1706730.9755213603
1984910531.384053,2.490127877425308e-07,2.4901278774253086e-05,9.177087143342863e-09,1.3567987419160707e-09,0.00021387422956622098,5.1265478234273354e-05,1.617499818724525e-06,2.323922273940445e-05,1549105.1660242646
2186880763.070584,2.2601511394039285e-07,2.260151139403929e-05,1.0110881582559232e-08,1.36833043012036e-09,0.00023501913372143786,5.6559937726363964e-05,1.617499818724525e-06,2.5603879043393928e-05,1406036.9500647357
2409402034.1327124,2.0514139933370143e-07,2.0514139933370145e-05,1.1139692233465822e-08,1.3799403480663708e-09,0.0002582771760159294,6.20293318010914e-05,1.617499818724525e-06,2.8209145779956795e-05,1276181.8553746769
2654565470.6531796,1.8619548483685814e-07,1.8619548483685816e-05,1.2273187262957613e-08,1.3916284957541045e-09,0.0002838035145104524,6.78761970644515e-05,1.617499818724525e-06,3.107950573763421e-05,1158319.5789503036
2924674976.6776342,1.6899932771364867e-07,1.689993277136487e-05,1.352201860111534e-08,1.4033948731835593e-09,0.000311921298020567,7.441933367125369e-05,1.617499818724525e-06,3.424193289759081e-05,1051342.5193509704
3222268884.9710717,1.5339132843468108e-07,1.5339132843468112e-05,1.4897922041877753e-08,1.415239480354736e-09,0.0003427961128474199,8.14354553173387e-05,1.617499818724525e-06,3.772614591947385e-05,954245.3681020509
3550143810.799645,1.39224812058563e-07,1.3922481205856303e-05,1.6413827529238833e-08,1.4271623172676347e-09,0.00037673034724309835,8.914908054326193e-05,1.617499818724525e-06,4.1564887420171564e-05,866115.6623878909
3911380932.9019213,1.263666498657151e-07,1.2636664986571514e-05,1.8083980665376106e-08,1.439163383922255e-09,0.00041403450699077345,9.78357487840439e-05,1.617499818724525e-06,4.579423166997138e-05,786125.2102545102
4309374948.622941,1.1469600829173484e-07,1.1469600829173486e-05,1.992407658257293e-08,1.4512426803185973e-09,0.00045502496125563927,0.00010694089203991257,1.617499818724525e-06,5.045392359766828e-05,713522.3077410721
4747865975.31451,1.0410321340351435e-07,1.0410321340351438e-05,2.195140743698503e-08,1.4634002064566617e-09,0.0005001313626915258,0.00011657779672542146,1.617499818724525e-06,5.5587752290395304e-05,647624.6748012556
5230974697.7929125,9.448872024710731e-08,9.448872024710733e-06,2.418502491031361e-08,1.4756359623364484e-09,0.0005496686552116107,0.00012701067184383623,1.617499818724525e-06,6.124396249811495e-05,587813.0436303505
5763241092.1491995,8.576217738188204e-08,8.576217738188206e-06,2.6645919246480255e-08,1.4879499479579564e-09,0.0006041828683181188,0.00013847170007023687,1.617499818724525e-06,6.747570800984861e-05,533525.3391449485
6349667089.816237,7.784157780998808e-08,7.784157780998809e-06,2.935721650578776e-08,1.5003421633211865e-09,0.0006640289837113607,0.00015147953511353849,1.617499818724525e-06,7.434155116221431e-05,484251.39692669973
6995763582.824563,7.065248832206661e-08,7.0652488322066615e-06,3.234439589024656e-08,1.5128126084261389e-09,0.000729858457353391,0.0001660655721220202,1.617499818724525e-06,8.1906013174363e-05,439528.16899245913
7707602211.975292,6.412735001704e-08,6.412735001704001e-06,3.5635529182364706e-08,1.5253612832728128e-09,0.0008021640733166754,0.0001829870444662107,1.617499818724525e-06,9.024018048104316e-05,398935.37233740964
8491872424.605372,5.820484342267077e-08,5.820484342267078e-06,3.926154454750849e-08,1.5379881878612087e-09,0.0008814409090758598,0.00020142514111746795,1.617499818724525e-06,9.942237276176117e-05,362091.5393586941
9355944338.14098,5.2829312250660736e-08,5.2829312250660744e-06,4.325651717889557e-08,1.5506933221913266e-09,0.0009683615383539034,0.00022135853151425148,1.617499818724525e-06,0.00010953887894378826,328650.4330437234
10307938000.194365,4.795024037107435e-08,4.795024037107436e-06,4.7657989516533955e-08,1.5634766862631659e-09,0.0010630135157736079,0.00024365579895861843,1.617499818724525e-06,0.00012068476809554433,298297.79323517723
11356799696.070377,4.3521777090994694e-08,4.35217770909947e-06,5.2507324049338715e-08,1.5763382800767276e-09,0.0011667818484345257,0.0002683207982577531,1.617499818724525e-06,0.00013296478283066488,270748.3833959795
12512386020.776596,3.950230627625521e-08,3.950230627625521e-06,5.7850092015857385e-08,1.5892781036320108e-09,0.001279982559525419,0.0002958827840102937,1.617499818724525e-06,0.00014649432361844638,245743.31012145051
13785556505.5971,3.585405526710312e-08,3.585405526710312e-06,6.3736501656388e-08,1.602296156929016e-09,0.0014034817872101253,0.0003278936820209623,1.617499818724525e-06,0.0001614005332506499,223047.5902089688
15188275669.680408,3.2542739912611266e-08,3.2542739912611272e-06,7.022187004095367e-08,1.6153924399677431e-09,0.0015377232759498445,0.0003650342653396832,1.617499818724525e-06,0.00017782349165584968,202447.9424218737
16733725455.664097,2.9537242388075003e-08,2.9537242388075005e-06,7.736714290710318e-08,1.6285669527481926e-09,0.0016832644770742344,0.00040500192609911747,1.617499818724525e-06,0.00019591753228950825,183750.78319587364
18436429105.940273,2.680931876771064e-08,2.6809318767710643e-06,8.523946739266919e-08,1.6418196952703638e-09,0.001840982702516237,0.00044667313956590275,1.617499818724525e-06,0.00021585269247044282,166780.40745277965
20312387643.679817,2.4333333604591892e-08,2.4333333604591896e-06,9.391282304569673e-08,1.6551506675342566e-09,0.0020109765161152367,0.0004925236011509127,1.617499818724525e-06,0.00023781631129310982,151377.3374259002
22379230241.18472,2.208601902356073e-08,2.2086019023560734e-06,1.0346871704140733e-07,1.6685598695398714e-09,0.0021935235265734725,0.0005420527385834524,1.617499818724525e-06,0.00022086019023560732,137396.82398031527
24656379888.643436,2.0046256063206904e-08,2.0046256063206907e-06,1.13996950139445e-07,1.6820473012872086e-09,0.002389422362835244,0.0005954051279860207,1.617499818724525e-06,0.00020046256063206905,124707.48634430529
27165235920.148323,1.819487621209485e-08,1.819487621209485e-06,1.2559646057942812e-07,1.6956129627762672e-09,0.002598764732592697,0.0006551035267907153,1.617499818724525e-06,0.0001819487621209485,113190.07746891734
29929375112.24878,1.651448127419035e-08,1.6514481274190354e-06,1.3837625384524712e-07,1.709256854007048e-09,0.0028216154478733976,0.0007253327372239032,1.617499818724525e-06,0.00016514481274190355,102736.36341323443
32974773244.848213,1.4989279870686384e-08,1.4989279870686386e-06,1.5245642703549713e-07,1.72297897497955e-09,0.003058235161675481,0.0007990145384402777,1.617499818724525e-06,0.00014989279870686385,93248.1062244575
36330049206.54543,1.3604939041767139e-08,1.3604939041767142e-06,1.6796929746648238e-07,1.7367793256937742e-09,0.00330765853209458,0.0008740063601982632,1.617499818724525e-06,0.0001360493904176714,84636.14075449765
40026733938.381966,1.2348449553749212e-08,1.2348449553749215e-06,1.8506064611375544e-07,1.75065790614972e-09,0.0035714736628546396,0.0009561035381491816,1.617499818724525e-06,0.00012348449553749213,76819.53673753332
44099566743.37146,1.1208003645835e-08,1.1208003645835002e-06,2.0389108757732705e-07,1.7646147163473885e-09,0.003848163034240479,0.0010460558275582747,1.617499818724525e-06,0.00011208003645835001,69724.83825422567
48586821746.35832,1.017288406761238e-08,1.017288406761238e-06,2.246375794446946e-07,1.7786497562867788e-09,0.00413759693686258,0.0011407085768525135,1.617499818724525e-06,0.0001017288406761238,63285.3734355133
53530667572.08507,9.233363364539843e-09,9.233363364539845e-07,2.474950852358047e-07,1.7927630259678907e-09,0.004439459844827375,0.0012432118994567527,1.617499818724525e-06,9.233363364539845e-05,57440.62791898482
58977563621.51554,8.380612464960113e-09,8.380612464960115e-07,2.726784065573447e-07,1.8069545253907252e-09,0.004752900723060891,0.0013607643866395324,1.617499818724525e-06,8.380612464960115e-05,52135.67616993385
64978696670.38832,7.606617709596136e-09,7.606617709596137e-07,3.0042420168388813e-07,1.8212242545552807e-09,0.005077422995466059,0.0014922049453251478,1.617499818724525e-06,7.606617709596136e-05,47320.66532298191
71590461892.90251,6.904105543820399e-09,6.9041055438204e-07,3.30993209535354e-07,1.8355722134615586e-09,0.005412272342795139,0.0016250464656066817,1.617499818724525e-06,6.904105543820399e-05,42950.346693710104
78874992830.9157,6.266474164999466e-09,6.266474164999466e-07,3.6467269995042565e-07,1.849998402109558e-09,0.005756691037289415,0.0017714693278530948,1.617499818724525e-06,6.266474164999465e-05,38983.65055771895
86900745289.00018,5.687731482574698e-09,5.687731482574699e-07,4.0177917328218956e-07,1.8645028204992797e-09,0.006109939435896345,0.0019387224303397857,1.617499818724525e-06,5.687731482574699e-05,35383.30020113435
95743140642.46387,5.162438807864154e-09,5.162438807864155e-07,4.4266133468522423e-07,1.8790854686307235e-09,0.00647041163763468,0.0021190463666430123,1.617499818724525e-06,5.162438807864155e-05,32115.46161563096
105485274603.77194,4.685659744414954e-09,4.6856597444149546e-07,4.877033710447691e-07,1.8937463465038885e-09,0.006837643490673202,0.0023137544788428403,1.617499818724525e-06,4.685659744414954e-05,29149.425546009385
116218698107.94592,4.2529137986072304e-09,4.252913798607231e-07,5.373285613426538e-07,1.908485454118775e-09,0.007212296700700787,0.0025257190706382,1.617499818724525e-06,4.252913798607231e-05,26457.318902394218
128044277655.25256,3.860134274568854e-09,3.8601342745688543e-07,5.920032543881352e-07,1.923302791475384e-09,0.0075918538335258395,0.002765087297367398,1.617499818724525e-06,3.8601342745688546e-05,24013.84282507115
141073143196.17606,3.503630057722064e-09,3.5036300577220644e-07,6.522412512940104e-07,1.9381983585737155e-09,0.007975824094743246,0.0030343374639157997,1.617499818724525e-06,3.503630057722064e-05,21796.034940450325
155427732466.3592,3.1800509278254495e-09,3.18005092782545e-07,7.186086338820352e-07,1.9531721554137685e-09,0.008366655244656799,0.003310063956294368,1.617499818724525e-06,3.18005092782545e-05,19783.053573972218
171242941585.5598,2.886356075543675e-09,2.886356075543676e-07,7.917290843921609e-07,1.9682241819955435e-09,0.008763026821535404,0.0036051199946558125,1.617499818724525e-06,2.8863560755436756e-05,17955.981892116088
188667392733.29102,2.6197855266817177e-09,2.619785526681718e-07,8.722897464871668e-07,1.9833544383190405e-09,0.009165799290283301,0.003936860793695336,1.617499818724525e-06,2.6197855266817183e-05,16297.650132949762
207864830814.022,2.3778342055452186e-09,2.3778342055452187e-07,9.610476826309948e-07,1.998562924384259e-09,0.009576974812630642,0.004289483574056855,1.617499818724525e-06,2.3778342055452185e-05,14792.474254647144
229015662236.9959,2.158228393689336e-09,2.1582283936893366e-07,1.0588369885235081e-06,2.013849640191199e-09,0.009995100254882872,0.004654676999324182,1.617499818724525e-06,2.158228393689336e-05,13426.309485684977
252318650271.2211,1.9589043628291255e-09,1.9589043628291256e-07,1.166576631448997e-06,2.029214585739862e-09,0.01042389986039315,0.005025263338464378,1.617499818724525e-06,1.9589043628291255e-05,12186.317400468886
277992782907.60596,1.77798898111584e-09,1.7779889811158403e-07,1.2852790861987113e-06,2.0446577610302462e-09,0.010864539712039895,0.005413790717312354,1.617499818724525e-06,1.7779889811158404e-05,11060.84527124203
306279330781.3193,1.61378211052823e-09,1.6137821105282301e-07,1.416059849722798e-06,2.0601791660623523e-09,0.011317715538806727,0.005827698193178923,1.617499818724525e-06,1.61378211052823e-05,10039.316562495726
337444114493.54297,1.4647406299596586e-09,1.4647406299596588e-07,1.5601479239248543e-06,2.075778800836181e-09,0.011786049437086249,0.0062293091419367685,1.617499818724525e-06,1.4647406299596588e-05,9112.131538811718
371780002639.58997,1.329463933859303e-09,1.3294639338593031e-07,1.718897365110311e-06,2.0914566653517305e-09,0.012273178675710232,0.006622211326432929,1.617499818724525e-06,1.3294639338593031e-05,8270.577052106282
409609664018.4221,1.2066807701519993e-09,1.2066807701519995e-07,1.893800008623729e-06,2.1072127596090026e-09,0.012780357861500535,0.007030095455598724,1.617499818724525e-06,1.2066807701519995e-05,7506.744660508584
451288599887.2127,1.0952372937472386e-09,1.0952372937472389e-07,2.086499488253667e-06,2.123047083607996e-09,0.013311527716244562,0.007410824303596695,1.617499818724525e-06,1.0952372937472389e-05,6813.4563094026225
497208484756.3582,9.940862233709712e-10,9.940862233709715e-08,2.298806682151507e-06,2.138959637348712e-09,0.013872833088731848,0.00776772655479054,1.617499818724525e-06,9.940862233709713e-06,6184.19687622534
547800847119.77844,9.022769998224883e-10,9.022769998224884e-08,2.5327167304159718e-06,2.1549504208311504e-09,0.014464641605494334,0.008087819944776052,1.617499818724525e-06,9.022769998224884e-06,5613.052945116535
603541124709.8776,8.189468531693612e-10,8.189468531693613e-08,2.790427784264719e-06,2.171019434055309e-09,0.015092781612595293,0.008374904377803664,1.617499818724525e-06,8.189468531693612e-06,5094.65723606006
664953132386.1162,7.433126949350864e-10,7.433126949350865e-08,3.074361662986952e-06,2.1871666770211908e-09,0.015769148682817202,0.008626320267002427,1.617499818724525e-06,7.433126949350864e-06,4624.1381662934255
732613984643.8054,6.746637590869397e-10,6.746637590869398e-08,3.387186612799019e-06,2.2033921497287944e-09,0.016492591600244137,0.008836130632208948,1.617499818724525e-06,6.746637590869397e-06,4197.074069993327
807159519002.0353,6.123549226682724e-10,6.123549226682725e-08,3.731842381477677e-06,2.21969585217812e-09,0.017269181907150894,0.009010187846784487,1.617499818724525e-06,6.123549226682725e-06,3809.4516460199884
889290271236.5731,5.558006433064461e-10,5.558006433064462e-08,4.111567844407784e-06,2.236077784369167e-09,0.018115755563230918,0.00913882306675129,1.617499818724525e-06,5.558006433064462e-06,3457.62824323648
979778058609.5328,5.044694566245946e-10,5.044694566245947e-08,4.529931441658132e-06,2.252537946301936e-09,0.019035592207435805,0.009214783514873455,1.617499818724525e-06,5.044694566245947e-06,3138.2976289821236
1079473232961.1716,4.578789818470932e-10,4.5787898184709325e-08,4.9908647121153115e-06,2.2690763379764267e-09,0.020033607545960737,0.009223526319832358,1.617499818724525e-06,4.578789818470932e-06,2848.4589190120346
1189312671824.2192,4.155913886642791e-10,4.1559138866427917e-08,5.498699239810219e-06,2.28569295939264e-09,0.02112592759556793,0.00917781113616777,1.617499818724525e-06,4.155913886642791e-06,2585.3883769242034
1310328582656.517,3.7720928275668716e-10,3.772092827566872e-08,6.058207359636968e-06,2.302387810550574e-09,0.02232189687180105,0.009086760498746821,1.617499818724525e-06,3.7720928275668715e-06,2346.613818061715
1443658202929.167,3.4237197131328355e-10,3.423719713132836e-08,6.674647004993546e-06,2.319160891450231e-09,0.023629072935677745,0.008937332605315708,1.617499818724525e-06,3.423719713132836e-06,2129.891377352477
1590554487225.8972,3.107520734492469e-10,3.1075207344924695e-08,7.353811118795875e-06,2.3360122020916093e-09,0.02505965024764744,0.008745757147227726,1.617499818724525e-06,3.1075207344924687e-06,1933.1844227643262
1752397881784.8777,2.820524436699399e-10,2.8205244366993997e-08,8.102082092201685e-06,2.35294174247471e-09,0.026635346742445713,0.008513967813755153,1.617499818724525e-06,2.8205244366993994e-06,1754.6444162162416
1930709297133.2993,2.5600337946957437e-10,2.5600337946957443e-08,8.926491742627712e-06,2.369949512599533e-09,0.028353499588350622,0.008263120442574694,1.617499818724525e-06,2.560033794695744e-06,1592.5935420876121
2127164400724.0125,2.3236008682319978e-10,2.3236008682319982e-08,9.83478739469889e-06,2.387035512466077e-09,0.030228877706877294,0.007974040165985671,1.617499818724525e-06,2.323600868231998e-06,1445.5089400783684
2343609363888.1675,2.1090037975417338e-10,2.109003797541734e-08,1.0835504685120054e-05,2.4041997420743437e-09,0.03229155557400774,0.007604266454501801,1.617499818724525e-06,2.109003797541734e-06,1312.0083942494994
2582078211084.6016,1.914225923589797e-10,1.9142259235897974e-08,1.1938047775648278e-05,2.4214422014243315e-09,0.03454130493833713,0.007257279993453913,1.617499818724525e-06,1.914225923589797e-06,1190.8373437578487
2844811934484.1484,1.737436836678194e-10,1.7374368366781944e-08,1.31527777279607e-05,2.438762890516042e-09,0.036987294119176645,0.006887173884136913,1.617499818724525e-06,1.7374368366781942e-06,1080.8570932196146
3134279553516.6943,1.576975175315416e-10,1.5769751753154163e-08,1.449110987091393e-05,2.456161809349474e-09,0.039640819034938574,0.006513967877408043,1.617499818724525e-06,1.5769751753154162e-06,981.0341119103457
3453201317286.412,1.4313330137029372e-10,1.4313330137029374e-08,1.5965621075196017e-05,2.4736389579246267e-09,0.04253625883803192,0.006136545411519456,1.617499818724525e-06,1.4313330137029371e-06,890.4303212415273
3804574267898.0737,1.2991416911215175e-10,1.2991416911215177e-08,1.7590167943476406e-05,2.4911943362415025e-09,0.04567144038121182,0.005757684525622043,1.617499818724525e-06,1.2991416911215174e-06,808.1942792410699
4191700404923.5938,1.1791589500501546e-10,1.1791589500501548e-08,1.938001702673541e-05,2.5088279443001e-09,0.04904856412084545,0.005379936694993811,1.617499818724525e-06,1.1791589500501548e-06,733.5531791946026
4618217715682.493,1.0702572621490343e-10,1.0702572621490344e-08,2.1351988290472604e-05,2.52653978210042e-09,0.05271891108162068,0.0050109845856447285,1.617499818724525e-06,1.0702572621490343e-06,665.8055872553416
5088134362940.568,9.714132324009631e-11,9.714132324009633e-09,2.3524613179004903e-05,2.544329849642461e-09,0.05665104417899102,0.004647901756643862,1.617499818724525e-06,9.714132324009632e-07,604.3148507748871
5605866351303.152,8.816979818374595e-11,8.816979818374597e-09,2.5918308763252018e-05,2.5621981469262245e-09,0.060908635775345665,0.004291715893758769,1.617499818724525e-06,8.816979818374596e-07,548.5031154102028
6176279026269.886,8.002684184719558e-11,8.002684184719558e-09,2.8555569608549117e-05,2.58014467395171e-09,0.06547922216282072,0.003948962646198046,1.617499818724525e-06,8.002684184719557e-07,497.84589478303195
6804732795935.053,7.263593144093953e-11,7.263593144093954e-09,3.1461179165549166e-05,2.5981694307189172e-09,0.07036623600305587,0.0036163406594896742,1.617499818724525e-06,7.263593144093953e-07,451.8671416605544
7497133504999.561,6.59276114677486e-11,6.592761146774861e-09,3.466244267074437e-05,2.616272417227846e-09,0.07564331639870993,0.0032976912978890634,1.617499818724525e-06,6.59276114677486e-07,410.1347743390872
8259987934480.462,5.983884102011582e-11,5.983884102011584e-09,3.818944374527127e-05,2.6344536334784967e-09,0.08125810981358884,0.0029941671148649776,1.617499818724525e-06,5.983884102011583e-07,372.256616190373
9100464948671.975,5.4312401358304166e-11,5.431240135830418e-09,4.2075327103365945e-05,2.65271307947087e-09,0.08730674605775962,0.00270768674274889,1.617499818724525e-06,5.431240135830418e-07,337.8767102126704
10026462863981.904,4.9296358201755495e-11,4.92963582017555e-09,4.6356610027200054e-05,2.671050755204964e-09,0.09376160657252502,0.002438144618041233,1.617499818724525e-06,4.92963582017555e-07,306.6719739529226
11046683672736.834,4.4743573680787364e-11,4.474357368078737e-09,5.107352553515863e-05,2.689466660680781e-09,0.10062777113129372,0.0021871721044319963,1.617499818724525e-06,4.4743573680787364e-07,278.3491633649006
12170714819468.053,4.0611263362183876e-11,4.061126336218388e-09,5.62704004684541e-05,2.7079607958983195e-09,0.1080073842795251,0.0019530071534444922,1.617499818724525e-06,4.0611263362183886e-07,252.6421170714275
13409119298164.941,3.686059418586071e-11,3.6860594185860715e-09,6.199607204911865e-05,2.7265331608575804e-09,0.11582009973108653,0.0017366236584550894,1.617499818724525e-06,3.686059418586071e-07,229.30925513384022
14773534917177.396,3.345631953424761e-11,3.3456319534247614e-09,6.830434682394409e-05,2.745183755558563e-09,0.12419857878320395,0.0015377650606587913,1.617499818724525e-06,3.345631953424761e-07,208.13130882358095
16276783664601.186,3.036644800498194e-11,3.0366448004981946e-09,7.525450630725831e-05,2.7639125800012674e-09,0.1330958115450871,0.0013561689873463673,1.617499818724525e-06,3.036644800498194e-07,188.9092600616281
17932992201899.223,2.7561942774229556e-11,2.7561942774229562e-09,8.29118640742778e-05,2.782719634185693e-09,0.14251588417409827,0.0011920211657211945,1.617499818724525e-06,2.756194277422956e-07,171.46247116180422
19757724618087.676,2.501644872542468e-11,2.5016448725424683e-09,9.134837954027588e-05,2.801604918111841e-09,0.15258790508688855,0.0010441054800018588,1.617499818724525e-06,2.501644872542468e-07,155.62698730237764
21768128692034.184,2.2706044779141875e-11,2.2706044779141877e-09,0.00010064333419350851,2.820568431779711e-09,0.16320566993881208,0.0009114170046197223,1.617499818724525e-06,2.2706044779141875e-07,141.2539957735645
23983097037356.39,2.0609019096640134e-11,2.0609019096640135e-09,0.000110884076636743,2.8396101751893035e-09,0.1745296665027714,0.0007933392449174444,1.617499818724525e-06,2.0609019096640137e-07,128.20842752183344
26423444644267.324,1.8705665044571875e-11,1.870566504457188e-09,0.00012216684343885874,2.858730148340617e-09,0.18649742107295808,0.0006886803366865391,1.617499818724525e-06,1.8705665044571878e-07,116.36768784913527
29112104486803.24,1.697809600345132e-11,1.697809600345132e-09,0.00013459766351040807,2.8779283512336527e-09,0.19910817891975147,0.0005964865556533558,1.617499818724525e-06,1.697809600345132e-07,105.6205043389032
32074343033636.855,1.54100772795597e-11,1.5410077279559704e-09,0.00014829335450193396,2.89720478386841e-09,0.2125036925983006,0.0005041150081520314,1.617499818724525e-06,1.54100772795597e-07,95.86588118230134
35337997687723.34,1.3986873540691958e-11,1.398687354069196e-09,0.00016338262058862446,2.916559446244889e-09,0.2265637455504862,0.00043315451798730246,1.617499818724525e-06,1.398687354069196e-07,87.01215007807936
38933738386096.734,1.2695110342035758e-11,1.269511034203576e-09,0.00018000726195763756,2.935992338363091e-09,0.2414481066881642,0.00037157904136886664,1.617499818724525e-06,1.2695110342035758e-07,78.97610878694944
42895355818183.07,1.1522648440881662e-11,1.1522648440881662e-09,0.00019832350736417076,2.9555034602230146e-09,0.2570831274027412,0.0003182890783658495,1.617499818724525e-06,1.1522648440881664e-07,71.68223924510733
47260078971137.26,1.0458469719047897e-11,1.0458469719047898e-09,0.000218503482278857,2.9750928118246597e-09,0.2734538497956672,0.0002722857323354566,1.617499818724525e-06,1.0458469719047898e-07,65.06199788918832
52068924986311.836,9.492573640984276e-12,9.492573640984278e-10,0.0002407368264232916,2.994760393168027e-09,0.2906834210502861,0.0002326212462089311,1.617499818724525e-06,9.492573640984278e-08,59.0531715235399
57367084614605.56,8.615883274528674e-12,8.615883274528675e-10,0.00026523247589434825,3.0145062042531156e-09,0.3086556575347147,0.00019854234706266535,1.617499818724525e-06,8.615883274528675e-08,53.59929267662588
63204346892978.15,7.820159991153444e-12,7.820159991153446e-10,0.0002922206266246586,3.0343302450799267e-09,0.3274926492286936,0.00016774218593867542,1.617499818724525e-06,7.820159991153444e-08,48.649108952419404
69635567032996.01,7.097926044103986e-12,7.097926044103987e-10,0.0003219548976307235,3.054232515648459e-09,0.34712496828082673,0.00014284011228409837,1.617499818724525e-06,7.097926044103986e-08,44.15610139005589
76721181918353.25,6.442394296863829e-12,6.442394296863829e-10,0.00035471471437760184,3.0742130159587145e-09,0.3675293516656584,0.0001215362449998684,1.617499818724525e-06,6.44239429686383e-08,40.078047305570024
84527778055716.42,5.847404441574873e-12,5.847404441574873e-10,0.00039080793465766703,3.094271746010691e-09,0.3887958759515832,0.000103315346618934,1.617499818724525e-06,5.847404441574873e-08,36.376623507555465
93128717316165.83,5.307365108030467e-12,5.307365108030467e-10,0.00043057374165991264,3.1144087058043894e-09,0.4108543162910969,8.773986930775323e-05,1.617499818724525e-06,5.307365108030468e-08,33.01704615799811
102604826347588.62,4.8172013192152086e-12,4.817201319215209e-10,0.0004743858314172011,3.13462389533981e-09,0.4337848450090416,7.444388909692272e-05,1.617499818724525e-06,4.817201319215208e-08,29.967743893903762
113045156136724.62,4.372306799608904e-12,4.372306799608904e-10,0.0005226559245852449,3.154917314616951e-09,0.45756352747385515,6.310741806678394e-05,1.617499818724525e-06,4.372306799608903e-08,27.200061137905692
124547818858783.98,3.968500688076016e-12,3.968500688076017e-10,0.0005758376355549649,3.175288963635816e-09,0.4821911026034051,5.216136535593931e-05,1.617499818724525e-06,3.968500688076017e-08,24.687988809738567
137220909878871.6,3.6019882485530405e-12,3.601988248553041e-10,0.0006344307352579344,3.195738842396403e-09,0.5077487396001545,4.4165411172999174e-05,1.617499818724525e-06,3.6019882485530406e-08,22.40791990795893
151183523569649.6,3.2693252093158424e-12,3.2693252093158433e-10,0.000698985847724265,3.21626695089871e-09,0.5342469502348689,3.737824159520441e-05,1.617499818724525e-06,3.2693252093158425e-08,20.33842766501233
166566872491304.22,2.967385395707991e-12,2.9673853957079915e-10,0.0007701096245284694,3.2368732891427404e-09,0.5617564194850475,3.161249829399966e-05,1.617499818724525e-06,2.9673853957079915e-08,18.460064190876427
183515520451226.03,2.6933313521611145e-12,2.6933313521611153e-10,0.0008484704457497598,3.2575578571284918e-09,0.5903211934833422,2.6719113030751198e-05,1.617499818724525e-06,2.693331352161115e-08,16.75517771304919
202188741030978.78,2.444587677430174e-12,2.4445876774301744e-10,0.0009348047010210858,3.2783206548559664e-09,0.6199837830761641,2.2571705780163097e-05,1.617499818724525e-06,2.4445876774301738e-08,15.207746695410144
222762014347212.34,2.2188168224635046e-12,2.2188168224635048e-10,0.0010299237096925934,3.2991616823251626e-09,0.6508390563426987,1.905715013017137e-05,1.617499818724525e-06,2.2188168224635047e-08,13.803229277099073
245428676112210.38,2.0138971234700835e-12,2.013897123470084e-10,0.001134721345141189,3.3200809395360795e-09,0.6829544884081815,1.5031402880382825e-05,1.617499818724525e-06,2.0138971234700835e-08,12.528426616526202
270401734490986.25,1.8279028637515178e-12,1.8279028637515179e-10,0.001250182434875048,3.3410784264887193e-09,0.7164069252757094,1.2674428289336102e-05,1.617499818724525e-06,1.8279028637515176e-08,11.371358856300175
297915871828703.56,1.6590861769313415e-12,1.6590861769313415e-10,0.0013773920153723964,3.362154143183079e-09,0.7512801369980154,1.0681008350986013e-05,1.617499818724525e-06,1.6590861769313414e-08,10.32115254346362
328229650059494.6,1.5058606215186858e-12,1.5058606215186859e-10,0.0015175455286261955,3.3833080896191627e-09,0.7876419660115642,8.99678914858358e-06,1.617499818724525e-06,1.505860621518686e-08,9.36793844707711
361627940521826.06,1.3667862724495971e-12,1.3667862724495972e-10,0.001671960056215897,3.4045402657969684e-09,0.8255944876003211,7.574917877891456e-06,1.617499818724525e-06,1.366786272449597e-08,8.502758812900474
398424601014421.56,1.2405561895048757e-12,1.240556189504876e-10,0.0018420866964776552,3.4258506717164957e-09,0.8652290228350482,6.3748811746907175e-06,1.617499818724525e-06,1.2405561895048758e-08,7.717483183604184
438965425250154.3,1.1259841354425156e-12,1.1259841354425159e-10,0.002029524201086411,3.447239307377745e-09,0.9066306604609411,5.363056887456287e-06,1.617499818724525e-06,1.1259841354425158e-08,7.004731993438301
483631392425173.5,1.0219934284268436e-12,1.0219934284268438e-10,0.0022360339991985816,3.468706172780715e-09,0.9499031681157386,4.508468635249418e-06,1.617499818724525e-06,1.0219934284268438e-08,6.357807219345749
532842247440830.6,9.276068239959466e-13,9.276068239959469e-11,0.0024635567503435377,3.490251267925408e-09,0.9951344702026256,3.250926754060903e-06,1.617499818724525e-06,9.276068239959468e-09,5.77062943681929
587060445423263.4,8.419373314839667e-13,8.419373314839668e-11,0.002714230581618369,3.5118745928118224e-09,1.0424347208942903,2.732524339306163e-06,1.617499818724525e-06,8.419373314839667e-09,5.2376806889895065
646795497608944.1,7.641798785963229e-13,7.64179878596323e-11,0.002990411180568528,3.53357614743996e-09,1.0919142676797218,2.2958013157115576e-06,1.617499818724525e-06,7.641798785963232e-09,4.7539526320606305
712608759436314.5,6.936037458063603e-13,6.936037458063605e-11,0.00329469393257563,3.555355931809818e-09,1.1436749291928108,1.9282836910103872e-06,1.617499818724525e-06,6.9360374580636035e-09,4.3148994697949705
785118705839211.5,6.295456994762713e-13,6.295456994762714e-11,0.0036299383107867263,3.577213945921399e-09,1.1978385802227527,1.6190512693226548e-06,1.617499818724525e-06,6.295456994762713e-09,3.916395234751567
865006743316248.4,5.714037591713268e-13,5.7140375917132684e-11,0.0039992947477875415,3.5991501897747006e-09,1.254517595849217,1.3589134435835398e-06,1.617499818724525e-06,5.714037591713268e-09,3.5546950148327787
953023613394602.6,5.186315405962537e-13,5.1863154059625376e-11,0.004406234241544028,3.621164663369724e-09,1.313839044761897,1.1402858188847915e-06,1.617499818724525e-06,5.186315405962538e-09,3.226399760768424
1049996447664279.2,4.707331209919352e-13,4.707331209919352e-11,0.004854580973831871,3.643257366706471e-09,1.3759362041013394,9.562233934393292e-07,1.617499818724525e-06,4.7073312099193515e-09,2.928424343818483
1156836540681930.5,4.2725837874043183e-13,4.272583787404319e-11,0.0053485482476828316,3.6654282997849385e-09,1.4409369710737692,6.891505758797276e-07,1.617499818724525e-06,4.272583787404319e-09,2.6579685635193155
1274547913789541.2,3.8779876338259567e-13,3.8779876338259576e-11,0.005892778081567509,3.687677462605129e-09,1.5089867454698136,5.790452151018378e-07,1.617499818724525e-06,3.8779876338259566e-09,2.412490833020762
1404236750325747.8,3.5198345629737543e-13,3.5198345629737544e-11,0.006492384832397545,3.71000485516704e-09,1.5802288015780537,4.863157344516169e-07,1.617499818724525e-06,3.519834562973754e-09,2.1896842947243194
1547121790896452.0,3.194758859630931e-13,3.1947588596309315e-11,0.007153003257291036,3.732410477470674e-09,1.6548175945642896,4.083474171878326e-07,1.617499818724525e-06,3.1947588596309308e-09,1.9874551417709312
1704545786393496.2,2.8997056505312845e-13,2.899705650531285e-11,0.007880841465757904,3.754894329516029e-09,1.7329154755929235,3.427619926356366e-07,1.617499818724525e-06,2.899705650531285e-09,1.8039029416562569
1877988116390173.2,2.6319021964288163e-13,2.6319021964288167e-11,0.008682739259918968,3.7774564113031075e-09,1.8146853988320018,2.8759944826627134e-07,1.617499818724525e-06,2.6319021964288163e-09,1.6373027770662278
2069078691494026.5,2.3888318354994677e-13,2.3888318354994683e-11,0.00956623241100662,3.8000967228319074e-09,1.9003049267165957,2.4124831691171805e-07,1.617499818724525e-06,2.388831835499468e-09,1.4860890361027055
2279613270303138.0,2.168210333210267e-13,2.1682103332102672e-11,0.010539623476180211,3.822815264102429e-09,1.989955589180752,2.0230200582133661e-07,1.617499818724525e-06,2.168210333210267e-09,1.348840699569239
2511570334905832.0,1.9679644164055759e-13,1.9679644164055763e-11,0.011612059821151701,3.845612035114671e-09,2.083829276064135,1.4511711148987933e-07,1.617499818724525e-06,1.967964416405576e-09,1.2242679870553144
2767129683509943.5,1.7862122898862508e-13,1.786212289886251e-11,0.012793619581832968,3.8684870358686375e-09,2.1821272331857875,1.219010174342445e-07,1.617499818724525e-06,1.786212289886251e-09,1.1112002363267468
3048692914924437.5,1.621245952387769e-13,1.6212459523877692e-11,0.014095406372822625,3.891440266364324e-09,2.285056714147157,1.0236771552726595e-07,1.617499818724525e-06,1.6212459523877688e-09,1.0085749021197223
3358905997394718.0,1.4715151457731252e-13,1.4715151457731253e-11,0.015529653632748091,3.9144717266017324e-09,2.3928380449869593,8.593034600482188e-08,1.617499818724525e-06,1.4715151457731255e-09,0.9154275709555291
3700684133880319.0,1.3356127866043808e-13,1.3356127866043811e-11,0.017109839587039252,3.9375814165808635e-09,2.505699968889098,7.210933243652163e-08,1.617499818724525e-06,1.335612786604381e-09,0.8308828981410296
4077239157444699.5,1.212261743187075e-13,1.2122617431870753e-11,0.018850813908488518,3.960769336301717e-09,2.623882778048397,6.049493952404633e-08,1.617499818724525e-06,1.2122617431870752e-09,0.754146381785972
4492109714202875.5,1.1003028338259523e-13,1.1003028338259524e-11,0.020768937265878414,3.984035485764291e-09,2.747638477473216,5.07354973571777e-08,1.617499818724525e-06,1.1003028338259525e-09,0.684496896534201
4949194517469187.0,9.986839335064153e-14,9.986839335064154e-12,0.02288223507207613,4.007379864968589e-09,2.8772294173287354,4.2540091740222485e-08,1.617499818724525e-06,9.986839335064156e-10,0.6212799168450038
5452788985607715.0,9.06450086632804e-14,9.06450086632804e-12,0.025210566876427105,4.030802473914607e-09,3.0129315303562954,3.565259074268565e-08,1.617499818724525e-06,9.064500866328039e-10,0.5639013661410398
6007625607887603.0,8.227345329084937e-14,8.227345329084938e-12,0.027775812993303766,4.054303312602347e-09,3.1550333889175333,2.548897524720987e-08,1.617499818724525e-06,8.227345329084938e-10,0.5118220340205548
6618918417677365.0,7.467505620244435e-14,7.467505620244437e-12,0.0306020801206326,4.077882381031809e-09,3.303836948840241,2.1402585151616327e-08,1.617499818724525e-06,7.467505620244436e-10,0.4645525090702041
7292411990911785.0,6.777841206111723e-14,6.777841206111724e-12,0.03371592788068449,4.1015396792029926e-09,3.45965873794479,1.796482093105168e-08,1.617499818724525e-06,6.777841206111724e-10,0.4216485796599312
8034435430291263.0,6.151871019785308e-14,6.15187101978531e-12,0.0371466184120306,4.125275207115899e-09,3.622829687091655,1.507344741823364e-08,1.617499818724525e-06,6.15187101978531e-10,0.3827070594992058
8851961842524483.0,5.583712555842778e-14,5.583712555842779e-12,0.040926391358178105,4.149088964770526e-09,3.7936964365822043,1.2643877526931705e-08,1.617499818724525e-06,5.583712555842778e-10,0.34736199872570794
9752673867548824.0,5.068026589959964e-14,5.068026589959965e-12,0.04509076683707765,4.1729809521668775e-09,3.9726223005609644,1.0603084480406294e-08,1.617499818724525e-06,5.068026589959965e-10,0.31528124492035486
1.0745035875532346e+16,4.599967003972088e-14,4.599967003972088e-12,0.04967887923862618,4.196951169304948e-09,4.159987189893595,8.889157549259264e-09,1.617499818724525e-06,4.599967003972088e-10,0.2861633217311773
1.1838373510124974e+16,4.1751352448604524e-14,4.175135244860453e-12,0.0547338449870101,4.2209996161847425e-09,4.356189388028367,7.45035604132139e-09,1.617499818724525e-06,4.175135244860453e-10,0.25973459577307634
1.3042961325458048e+16,3.7895389896979037e-14,3.789538989697904e-12,0.06030316772389557,4.245126292806257e-09,4.561645754329401,6.242645510531576e-09,1.617499818724525e-06,3.7895389896979046e-10,0.23574670517970134
1.4370119340456582e+16,3.439554628108933e-14,3.4395546281089334e-12,0.06643918472015531,4.2693311991694955e-09,4.776792551680826,4.4430597514723795e-09,1.617499818724525e-06,3.4395546281089327e-10,0.21397422564239524
1.583231941782289e+16,3.1218932096774125e-14,3.121893209677413e-12,0.07319955871123718,4.2936143352744536e-09,5.002087130048867,3.72977168093701e-09,1.617499818724525e-06,3.121893209677413e-10,0.1942125520030613
1.744330246738282e+16,2.8335695362944128e-14,2.833569536294413e-12,0.08064781977817351,4.317975701121135e-09,5.238007848946077,3.1297955230524e-09,1.617499818724525e-06,2.8335695362944126e-10,0.17627597549332358
1.9218207575201024e+16,2.5718741089946892e-14,2.5718741089946897e-12,0.0888539623665018,4.342415296709539e-09,5.485056063897505,2.6252804888147976e-09,1.617499818724525e-06,2.5718741089946897e-10,0.15999593855104052
2.1173714271946944e+16,2.334347665654047e-14,2.3343476656540473e-12,0.09789510305354043,4.366933122039663e-09,5.743756668881475,2.2016485482228625e-09,1.617499818724525e-06,2.334347665654047e-10,0.1452194508139205
2.3328199277468972e+16,2.1187580702674692e-14,2.1187580702674693e-12,0.10785620524534273,4.391529177111511e-09,6.014659038536853,1.8456988108057335e-09,1.617499818724525e-06,2.1187580702674695e-10,0.13180765140465717
2.570190919456756e+16,1.9230793366273407e-14,1.923079336627341e-12,0.1188308776135937,4.416203461925078e-09,6.298338876386466,1.5467741644299868e-09,1.617499818724525e-06,1.9230793366273408e-10,0.11963450399680474
2.831715077484857e+16,1.745472589277812e-14,1.7454725892778122e-12,0.13092225377572095,4.440955976480371e-09,6.595398645255585,1.2961208085655881e-09,1.617499818724525e-06,1.7454725892778122e-10,0.10858561239833808
3.119850054465928e+16,1.5842687828279702e-14,1.5842687828279706e-12,0.14424396148491722,4.465786720777384e-09,6.90646951582552,1.0858479531796745e-09,1.617499818724525e-06,1.5842687828279703e-10,0.09855714552247515
3.4373035761057044e+16,1.4379530172293732e-14,1.4379530172293735e-12,0.15892119043799202,4.490695694816119e-09,7.232212354211788,9.091745345150835e-10,1.617499818724525e-06,1.4379530172293733e-10,0.08945486164322564
3.78705888681933e+16,1.3051503016225251e-14,1.3051503016225254e-12,0.1750918687356571,4.515682898596575e-09,7.573319046492549,6.44985307384741e-10,1.617499818724525e-06,1.3051503016225253e-10,0.08119322276621617
4.1724027845355336e+16,1.1846126329686854e-14,1.1846126329686855e-12,0.19290795905097807,4.540748332118755e-09,7.930514330412296,5.412041560015395e-10,1.617499818724525e-06,1.1846126329686854e-10,0.07369459079213254
4.5969565081205064e+16,1.0752072680399054e-14,1.0752072680399055e-12,0.21253688668658918,4.565891995382653e-09,8.304556938076994,4.539451243085054e-10,1.617499818724525e-06,1.0752072680399055e-10,0.06688849791881478
5.064709767684589e+16,9.759060785538628e-15,9.75906078553863e-13,0.23416311294077233,4.591113888388275e-09,8.69624151674727,3.805886751886898e-10,1.617499818724525e-06,9.75906078553863e-11,0.0607109844256429
5.580058237568046e+16,8.857758894195124e-15,8.857758894195124e-13,0.25798986856794487,4.61641401113562e-09,9.106400164074625,3.190454280907008e-10,1.617499818724525e-06,8.857758894195125e-11,0.05510399761711284
6.147844864343637e+16,8.039697092978302e-15,8.039697092978305e-13,0.2842410636236282,4.641792363624686e-09,9.535904160179388,2.673423471280386e-10,1.617499818724525e-06,8.039697092978303e-11,0.05001484627721301
6.7734053780251224e+16,7.297187710675037e-15,7.297187710675037e-13,0.31316339164153795,4.667248945855474e-09,9.98566596788011,2.239362621623168e-10,1.617499818724525e-06,7.297187710675037e-11,0.045395705507877256
7.462618434168539e+16,6.623253073966404e-15,6.623253073966404e-13,0.3450286479165776,4.692783757827983e-09,10.456641013385521,1.8756812368635933e-10,1.617499818724525e-06,6.623253073966404e-11,0.041203167298283466
8.221960858074315e+16,6.0115599352927954e-15,6.011559935292796e-13,0.380136283679694,4.7183967995422155e-09,10.949829835570362,1.5707393734748648e-10,1.617499818724525e-06,6.011559935292795e-11,0.03739783260149416
9.058568510241323e+16,5.456359956660346e-15,5.456359956660347e-13,0.4188162201671617,4.7440880709981686e-09,11.466280152515504,1.3146699669298786e-10,1.617499818724525e-06,5.456359956660347e-11,0.0339439410850257
9.980303345053294e+16,4.9524356900878535e-15,4.952435690087854e-13,0.46143194902938894,4.769857572195845e-09,12.007089075104144,9.283394704830155e-11,1.617499818724525e-06,4.952435690087854e-11,0.030809035075943233
1.099582729287408e+17,4.495051547051535e-15,4.4950515470515357e-13,0.508383948214987,4.795705303135241e-09,12.573405493204799,7.78702965368823e-11,1.617499818724525e-06,4.495051547051535e-11,0.02796365454244332
1.2114683659855213e+17,4.079909296165299e-15,4.0799092961652993e-13,0.560113445430714,4.821631263816362e-09,13.166432456603523,6.529944105168794e-11,1.617499818724525e-06,4.0799092961652983e-11,0.02538106024552814
1.3347386810401629e+17,3.7031076708908125e-15,3.703107670890813e-13,0.6171065645439952,4.847635454239202e-09,13.787429776486137,5.474163473989069e-11,1.617499818724525e-06,3.7031076708908126e-11,0.02303698245911914
1.4705520975081942e+17,3.361105707692869e-15,3.3611057076928696e-13,0.6798988938936289,4.873717874403764e-09,14.437716679892128,4.5870490840345803e-11,1.617499818724525e-06,3.361105707692869e-11,0.020909392897220165
1.620184911252074e+17,3.050689470114139e-15,3.0506894701141395e-13,0.7490805194389206,4.899878524310051e-09,15.118674605557096,3.842707563938157e-11,1.617499818724525e-06,3.0506894701141393e-11,0.018978297704839026
1.7850432848294528e+17,2.7689418460610314e-15,2.768941846061032e-13,0.8253015700458937,4.926117403958057e-09,15.83175016265913,3.218288496991675e-11,1.617499818724525e-06,2.7689418460610316e-11,0.017225549567313612
1.9666764617949248e+17,2.513215134472846e-15,2.513215134472846e-13,0.9092783270220417,4.9524345133477865e-09,16.578458178826494,2.6944462428317663e-11,1.617499818724525e-06,2.513215134472846e-11,0.015634677172353496
2.1667913255939386e+17,2.2811061637602207e-15,2.281106163760221e-13,1.0017999553133272,4.9788298524792355e-09,17.36038493649419,2.2554073932744292e-11,1.617499818724525e-06,2.281106163760221e-11,0.014190730422183885
2.3872684398654016e+17,2.070433708189595e-15,2.0704337081895955e-13,1.1037359196195438,5.00530342135241e-09,18.179191534472626,1.887570347242308e-11,1.617499818724525e-06,2.0704337081895957e-11,0.012880139941180516
2.6301797208899094e+17,1.8792179899866988e-15,1.8792179899866992e-13,1.2160441551201409,5.031855219967304e-09,19.036617414088276,1.5792400580434772e-11,1.617499818724525e-06,1.879217989986699e-11,0.011690589558734215
2.8978079082596243e+17,1.705662074531022e-15,1.7056620745310222e-13,1.3397800695945428,5.058485248323922e-09,19.934484063118912,1.110994467208172e-11,1.617499818724525e-06,1.7056620745310222e-11,0.010610900569008732
3.1926680167432685e+17,1.5481349838046652e-15,1.5481349838046654e-13,1.4761064615333825,5.0851935064222586e-09,20.87469887646499,9.31452059862698e-12,1.617499818724525e-06,1.5481349838046652e-11,0.00963092667993567
3.5175309709391034e+17,1.405156369405022e-15,1.4051563694050223e-13,1.6263044474456319,5.11197999426232e-09,21.85925921478748,7.807458697982225e-12,1.617499818724525e-06,1.4051563694050223e-11,0.00874145866423485
3.875449644819941e+17,1.2753826010876106e-15,1.275382601087611e-13,1.7917855010497867,5.138844711844101e-09,22.8902566444969,6.542324476870596e-12,1.617499818724525e-06,1.2753826010876108e-11,0.007934137816428438
4.26978755087559e+17,1.1575941401067916e-15,1.1575941401067918e-13,1.9741047174868442,5.165787659167606e-09,23.969881380005603,5.480044565513051e-12,1.617499818724525e-06,1.1575941401067918e-11,0.007201377402565287
4.704250448455792e+17,1.0506840786967428e-15,1.0506840786967429e-13,2.174975427204053,5.192808836232831e-09,25.100426939845455,4.589085544965424e-12,1.617499818724525e-06,1.0506840786967428e-11,0.006536291364487927
5.182921168351431e+17,9.536477379930259e-16,9.53647737993026e-14,2.3962852968426547,5.219908243039778e-09,26.28429501559697,3.841902489560782e-12,1.617499818724525e-06,9.536477379930258e-12,0.005932629608644115
5.710297980874602e+17,8.655732266422776e-16,8.655732266422778e-14,2.640114068436145,5.247085879588449e-09,27.524000576469792,3.2150939328151427e-12,1.617499818724525e-06,8.655732266422777e-12,0.0053847192713261105
6.291336867998717e+17,7.8563287137520355e-16,7.856328713752037e-14,2.9087531036218186,5.27434174587884e-09,28.822177210828915,2.6902034435971806e-12,1.617499818724525e-06,7.856328713752036e-12,0.004887411408381815
6.931498096808233e+17,7.130754390123086e-16,7.130754390123087e-14,3.2047269165310555,5.3016758419109555e-09,30.18158272052151,2.2505290701920203e-12,1.617499818724525e-06,7.130754390123086e-12,0.004436032608418205
7.636797531927293e+17,6.472190768094295e-16,6.472190768094296e-14,3.530816897711459,5.329088167684789e-09,31.605104980705473,1.8819361406980803e-12,1.617499818724525e-06,6.4721907680942965e-12,0.004026341074786896
8.41386316913314e+17,5.874449048003409e-16,5.87444904800341e-14,3.8900874520252002,5.356578723200349e-09,33.09576807348762,1.3172493575960013e-12,1.617499818724525e-06,5.87444904800341e-12,0.003654486763634638
9.269997421422884e+17,5.331911999211586e-16,5.331911999211586e-14,4.285914796151648,5.384147508457625e-09,34.65673871308498,1.1039730317294498e-12,1.617499818724525e-06,5.331911999211586e-12,0.0033169752034203246
1.0213245742863799e+18,4.83948117262141e-16,4.839481172621412e-14,4.722018686317379,5.411794523456628e-09,36.29133297266833,9.250269288725135e-13,1.617499818724525e-06,4.839481172621411e-12,0.0030106346558942385
1.1252472235112403e+18,4.3925289884042437e-16,4.392528988404244e-14,5.202497374411493,5.439519768197351e-09,38.00302332902342,7.749320332936936e-13,1.617499818724525e-06,4.3925289884042444e-12,0.0027325863099383957
1.239744294711085e+18,3.9868552486836613e-16,3.9868552486836616e-14,5.731866120984584,5.467323242679797e-09,39.795446039287505,6.489161106094904e-13,1.617499818724525e-06,3.986855248683662e-12,0.002480217228166053
1.3658917650760328e+18,3.6186476665077315e-16,3.6186476665077325e-14,6.315099627053072,5.495204946903964e-09,41.672408865732805,5.433525089313221e-13,1.617499818724525e-06,3.618647666507732e-12,0.002251155792049045
1.5048750955029005e+18,3.284446040182998e-16,3.284446040182999e-14,6.957678783459691,5.523164880869851e-09,43.637899164847994,4.547946173371611e-13,1.617499818724525e-06,3.2844460401829982e-12,0.0020432494148196756
1.658000370870395e+18,2.9811097363022725e-16,2.981109736302273e-14,7.665642177112508,5.551203044577463e-09,45.69609235794226,3.8050713756811626e-13,1.617499818724525e-06,2.9811097363022722e-12,0.001854544312706528
1.8267065738686403e+18,2.7057881758901163e-16,2.705788175890117e-14,8.445642838128613,5.5793194380267955e-09,47.851360801268015,3.1831935321208457e-13,1.617499818724525e-06,2.7057881758901167e-12,0.0016832671444057107
2.0125791077255273e+18,2.455894046311738e-16,2.4558940463117386e-14,9.305010761159979,5.60751406121785e-09,50.108283074507256,2.6622204620651293e-13,1.617499818724525e-06,2.455894046311739e-12,0.0015278083462458099
2.2173646949083139e+18,2.2290789872068784e-16,2.2290789872068785e-14,10.251821788439194,5.635786914150626e-09,52.4716537073498,2.2256703163485079e-13,1.617499818724525e-06,2.2290789872068782e-12,0.0013867070064404298
2.442987791810272e+18,2.0232115219585068e-16,2.023211521958507e-14,11.294973501870018,5.6641379968251266e-09,54.9464933648313,1.5473957906968904e-13,1.617499818724525e-06,2.023211521958507e-12,0.0012586371362848807
2.6915686736776356e+18,1.836357027309677e-16,1.836357027309677e-14,12.444268837350519,5.692567309241345e-09,57.53805951306277,1.2964694090315893e-13,1.617499818724525e-06,1.836357027309677e-12,0.0011423952092820622
2.965443359729023e+18,1.6667595528940286e-16,1.6667595528940287e-14,13.710508207090122,5.721074851399288e-09,60.25185758801551,1.0860082115522546e-13,1.617499818724525e-06,1.666759552894029e-12,0.0010368888510971183
3.267185565711527e+18,1.512825319830922e-16,1.5128253198309222e-14,15.105590995630262,5.74966062329895e-09,63.09365269108186,9.095585283053438e-14,1.617499818724525e-06,1.5128253198309222e-12,0.0009411265740559086
3.5996308901914957e+18,1.3731077433140842e-16,1.3731077433140845e-14,16.642627383372243,5.778324624940338e-09,66.0694818362637,7.615899791927062e-14,1.617499818724525e-06,1.3731077433140844e-12,0.0008542084597177762
3.96590346186806e+18,1.246293838445165e-16,1.2462938384451652e-14,18.336061548461956,5.807066856323445e-09,69.1856667749997,6.375296179222407e-14,1.617499818724525e-06,1.246293838445165e-12,0.0007753177019630894
4.369445298326226e+18,1.1311918815616876e-16,1.1311918815616877e-14,20.20180740481494,5.835887317448274e-09,72.44882742588281,5.3362732359549775e-14,1.617499818724525e-06,1.1311918815616876e-12,0.0007037129311221408
4.81404865212538e+18,1.0267202111080333e-16,1.0267202111080334e-14,22.257398151866038,5.864786008314828e-09,75.86589593779152,4.4650232133313524e-14,1.617499818724525e-06,1.0267202111080334e-12,0.0006387212470122171
5.303891648193305e+18,9.318970628063579e-17,9.31897062806358e-15,24.52215104142674,5.893762928923099e-09,79.44413141631274,3.735075379812766e-14,1.617499818724525e-06,9.31897062806358e-13,0.0005797318954112504
5.843577547425727e+18,8.458313436042126e-17,8.458313436042127e-15,27.017348910035867,5.922818079273094e-09,83.1911353447436,3.123553199947168e-14,1.617499818724525e-06,8.458313436042127e-13,0.0005261905285431804
6.438178005466914e+18,7.67714257697983e-17,7.67714257697983e-15,29.766440182734527,5.9519514593648115e-09,87.11486773242416,2.611458849240123e-14,1.617499818724525e-06,7.677142576979832e-13,0.0004775939956385238
7.093280733193709e+18,6.968117059380926e-17,6.968117059380927e-15,32.79525922779161,5.981163069198253e-09,91.22366402471638,2.182865226709033e-14,1.617499818724525e-06,6.968117059380927e-13,0.00043348561461468873
7.815042006787088e+18,6.324573871902376e-17,6.324573871902377e-15,36.13226913313881,6.010452908773413e-09,95.52625281054122,1.8237841397108898e-14,1.617499818724525e-06,6.324573871902376e-13,0.00039345088044218053
8.610244520852159e+18,5.740465368230139e-17,5.74046536823014e-15,39.808829185995165,6.039820978090297e-09,100.03177436510242,1.2633973575475778e-14,1.617499818724525e-06,5.740465368230138e-13,0.00035711356986626984
9.486361128254863e+18,5.2103024348007105e-17,5.210302434800711e-15,43.859489569291235,6.069267277148901e-09,104.74980006717696,1.0578626660846696e-14,1.617499818724525e-06,5.210302434800711e-13,0.0003241322058786792
1.0451625065667633e+19,4.729102907289166e-17,4.729102907289167e-15,48.322316044289295,6.09879180594923e-09,109.690352732234,8.855825974054037e-15,1.617499818724525e-06,4.729102907289167e-13,0.00029419684871431897
1.15151073247605e+19,4.2923447511135676e-17,4.2923447511135685e-15,53.239247670567224,6.128394564491277e-09,114.86392790456358,7.412773163766583e-15,1.617499818724525e-06,4.292344751113568e-13,0.0002670261832168341
1.2686801896130204e+19,3.895923565971465e-17,3.8959235659714654e-15,58.656490925024535,6.158075552775049e-09,120.28151615366241,6.203458246872762e-15,1.617499818724525e-06,3.895923565971465e-13,0.0002423648752015989
1.3977719687037247e+19,3.536114015062335e-17,3.5361140150623356e-15,64.62495392359854,6.18783477080054e-09,125.95462642222684,5.190425777927087e-15,1.617499818724525e-06,3.5361140150623354e-13,0.000219981171972891
1.5399991995538555e+19,3.2095348165287545e-17,3.209534816528755e-15,71.20072482626927,6.2176722185677525e-09,131.8953104753673,4.342398864308785e-15,1.617499818724525e-06,3.2095348165287553e-13,0.00019966472444620737
1.6966984513403318e+19,2.9131169681271115e-17,2.9131169681271117e-15,78.44559892111519,6.247587896076691e-09,138.11618850297276,3.632137416847453e-15,1.617499818724525e-06,2.913116968127112e-13,0.00018122461040935082
1.869342292914603e+19,2.6440749065213113e-17,2.644074906521312e-15,86.4276593406536,6.27758180332735e-09,144.63047592961627,3.036889698235755e-15,1.617499818724525e-06,2.6440749065213116e-13,0.0001644875403460137
2.059553131152305e+19,2.399880330171001e-17,2.399880330171001e-15,95.22191686770958,6.30765394031973e-09,151.4520114889633,2.5389856304217722e-15,1.617499818724525e-06,2.399880330171001e-13,0.00014929622896121437
2.2691184573937283e+19,2.1782384398175466e-17,2.178238439817547e-15,104.91101484332258,6.337804307053831e-09,158.59528662230898,2.1220407004381396e-15,1.617499818724525e-06,2.1782384398175468e-13,0.0001355079171051612
2.500007645252716e+19,1.9770663732889807e-17,1.977066373288981e-15,115.58600580102645,6.368032903529655e-09,166.07547626371363,1.7730946141393012e-15,1.617499818724525e-06,1.9770663732889806e-13,0.0001229930302054009
2.7543904576496484e+19,1.7944736319672543e-17,1.7944736319672545e-15,127.34720712584118,6.398339729747201e-09,173.90847107711917,1.4809567022580208e-15,1.617499818724525e-06,1.7944736319672546e-13,0.0001116339606000086
3.034657436987395e+19,1.6287443149765453e-17,1.6287443149765453e-15,140.3051437789886,6.428724785706471e-09,182.11091121394722,1.0203300729979757e-15,1.617499818724525e-06,1.6287443149765454e-13,0.00010132396232885832
3.3434423700847067e+19,1.4783209941403262e-17,1.4783209941403265e-15,154.58158694748442,6.459188071407459e-09,190.70022166287322,8.54003553648796e-16,1.617499818724525e-06,1.4783209941403264e-13,9.196614799689529e-05
3.6836470389801538e+19,1.3417900781728892e-17,1.3417900781728895e-15,170.31069837926586,6.4897295868501745e-09,199.69464926689312,7.145894646749375e-16,1.617499818724525e-06,1.3417900781728893e-13,8.347257828248107e-05
4.058468490199627e+19,1.2178685285668912e-17,1.2178685285668915e-15,187.64029115762062,6.520349332034603e-09,209.1133014862986,5.97843454914327e-16,1.617499818724525e-06,1.2178685285668915e-13,7.576343553456444e-05
4.471429078748935e+19,1.1053918023401659e-17,1.105391802340166e-15,206.7332187629802,6.5510473069607575e-09,218.97618698993054,5.000933760150893e-16,1.617499818724525e-06,1.105391802340166e-13,6.876627369260021e-05
4.926409569166874e+19,1.0033029083350027e-17,1.0033029083350028e-15,227.76890547564452,6.581823511628638e-09,229.3042581609205,4.1824136705978876e-16,1.617499818724525e-06,1.0033029083350028e-13,6.241533748041585e-05
5.427685604703615e+19,9.106424742271734e-18,9.106424742271736e-16,250.9450325012914,6.612677946038236e-09,240.1194556072288,3.497594696115064e-16,1.617499818724525e-06,9.106424742271736e-14,5.6650944476193734e-05
5.9799678873409585e+19,8.265397309001798e-18,8.2653973090018e-16,276.47939566451726,6.643610610189556e-09,251.44475477154205,2.924450705486557e-16,1.617499818724525e-06,8.2653973090018e-14,5.1418924251619284e-05
6.588446446242074e+19,7.502043294612686e-18,7.502043294612687e-16,304.6119521278936,6.674621504082599e-09,263.3042147395251,2.4449479800774537e-16,1.617499818724525e-06,7.502043294612686e-14,4.6670109309560114e-05
7.2588394106413335e+19,6.809189140000297e-18,6.809189140000298e-16,335.60707537048154,6.705710627717365e-09,275.72302935014346,2.0433358428036852e-16,1.617499818724525e-06,6.809189140000298e-14,4.235987303638857e-05
7.9974467455121e+19,6.1803238029289534e-18,6.180323802928954e-16,369.75603961671817,6.736877981093852e-09,288.7275807166022,1.7076351443315507e-16,1.617499818724525e-06,6.180323802928953e-14,3.8447710326905266e-05
8.811209454990772e+19,5.609537571025418e-18,5.609537571025419e-16,407.3797570629713,6.7681235642120625e-09,302.34549527162926,1.4268265014026854e-16,1.617499818724525e-06,5.609537571025418e-14,3.489685694080717e-05
9.707774809914884e+19,5.091466525723674e-18,5.091466525723674e-16,448.83179362455627,6.79944737707199e-09,316.6057024561352,1.1915169715942191e-16,1.617499818724525e-06,5.091466525723674e-14,3.167394401364327e-05
1.06955682124478e+20,4.621242135263167e-18,4.621242135263167e-16,494.501691543546,6.8308494196736455e-09,331.5384961759556,8.150492511299717e-17,1.617499818724525e-06,4.6212421352631666e-14,2.874868447554218e-05
1.1783872373129947e+20,4.194445503046189e-18,4.194445503046189e-16,544.8186300812167,6.8623296920170194e-09,347.175599157198,6.820549684322233e-17,1.617499818724525e-06,4.194445503046189e-14,2.6093588430865617e-05
1.2982914544419106e+20,3.8070658414055385e-18,3.807065841405539e-16,600.2554586963126,6.893888194102113e-09,363.5502303369476,5.706437668202217e-17,1.617499818724525e-06,3.807065841405539e-14,2.3683704824081803e-05
1.4303962630487985e+20,3.4554627805441152e-18,3.4554627805441154e-16,661.3331406105041,6.9255249259289336e-09,380.69717543245827,4.772634720618909e-17,1.617499818724525e-06,3.4554627805441154e-14,2.1496386964191236e-05
1.5759431076464014e+20,3.136332158447128e-18,3.1363321584471284e-16,728.625648519131,6.9572398874974705e-09,398.6528608387586,3.990835461634607e-17,1.617499818724525e-06,3.136332158447128e-14,1.9511079704235833e-05
1.7362997532198443e+20,2.8466749702801387e-18,2.8466749702801393e-16,802.7653584543441,6.989033078807734e-09,417.45543101167505,3.336482468628727e-17,1.617499818724525e-06,2.846674970280139e-14,1.7709126275926387e-05
1.9129731386900398e+20,2.583769185478029e-18,2.5837691854780295e-16,884.448992488914,7.020904499859719e-09,437.14482950062177,2.789121757715e-17,1.617499818724525e-06,2.5837691854780293e-14,1.607359296413635e-05
2.107623538253362e+20,2.3451441676774167e-18,2.345144167677417e-16,974.4441661269686,7.052854150653426e-09,457.7628838033491,2.331103493863979e-17,1.617499818724525e-06,2.3451441676774168e-14,1.4589109973649254e-05
2.322080163677269e+20,2.1285574571065772e-18,2.1285574571065777e-16,1073.5966019100622,7.084882031188855e-09,479.35339422286495,1.9482285636438538e-17,1.617499818724525e-06,2.1285574571065773e-14,1.3241726992722189e-05
2.5583583541736417e+20,1.9319736972465747e-18,1.931973697246575e-16,1182.8380770280676,7.116988141466002e-09,501.9622269153428,1.6280784505930505e-17,1.617499818724525e-06,1.9319736972465747e-14,1.2018782096131279e-05
2.8186785153898263e+20,1.7535455077291545e-18,1.7535455077291549e-16,1303.1951796217138,7.149172481484874e-09,525.6374113266302,1.3602015289464187e-17,1.617499818724525e-06,1.7535455077291548e-14,1.0908782755729603e-05
3.105486985495627e+20,1.5915961237253984e-18,1.5915961237253985e-16,1435.7989560636913,7.181435051245468e-09,550.4292422244081,1.1364210892930573e-17,1.617499818724525e-06,1.5915961237253986e-14,9.901297840320107e-06
3.421479024453012e+20,1.4446036386807e-18,1.4446036386807004e-16,1581.8955398775954,7.213775850747783e-09,576.3903865426939,9.491946105084912e-18,1.617499818724525e-06,1.4446036386807e-14,8.986859589924202e-06
