E_prime_GeV_total,rate_acc,rate_acc_2,rate_sync,rate_Op,rate_pg,rate_photodisintegration,t_ad_val,Shear,ESC
157.6352446283938,8.660866633362806,866.0866633362806,5.5605970423173746e-15,3.772040253254364e-09,7.147365291450473e-13,2.0633481683114354e-14,5.128856209121483e-06,6.7179143646897414e-12,5358806029029.014
157.6352446283938,8.660866633362806,866.0866633362806,5.5605970423173746e-15,3.772040253254364e-09,7.147365291450473e-13,2.0633481683114354e-14,5.128856209121483e-06,6.7179143646897414e-12,5358806029029.014
157.6352446283938,8.660866633362806,866.0866633362806,5.5605970423173746e-15,3.772040253254364e-09,7.147365291450473e-13,2.0633481683114354e-14,5.128856209121483e-06,6.7179143646897414e-12,5358806029029.014
157.6352446283938,8.660866633362806,866.0866633362806,5.5605970423173746e-15,3.772040253254364e-09,7.147365291450473e-13,2.0633481683114354e-14,5.128856209121483e-06,6.7179143646897414e-12,5358806029029.014
157.6352446283938,8.660866633362806,866.0866633362806,5.5605970423173746e-15,3.772040253254364e-09,7.147365291450473e-13,2.0633481683114354e-14,5.128856209121483e-06,6.7179143646897414e-12,5358806029029.014
157.6352446283938,8.660866633362806,866.0866633362806,5.5605970423173746e-15,3.772040253254364e-09,7.147365291450473e-13,2.0633481683114354e-14,5.128856209121483e-06,6.7179143646897414e-12,5358806029029.014
157.6352446283938,8.660866633362806,866.0866633362806,5.5605970423173746e-15,3.772040253254364e-09,7.147365291450473e-13,2.0633481683114354e-14,5.128856209121483e-06,6.7179143646897414e-12,5358806029029.014
157.6352446283938,8.660866633362806,866.0866633362806,5.5605970423173746e-15,3.772040253254364e-09,7.147365291450473e-13,2.0633481683114354e-14,5.128856209121483e-06,6.7179143646897414e-12,5358806029029.014
157.6352446283938,8.660866633362806,866.0866633362806,5.5605970423173746e-15,3.772040253254364e-09,7.147365291450473e-13,2.0633481683114354e-14,5.128856209121483e-06,6.7179143646897414e-12,5358806029029.014
157.6352446283938,8.660866633362806,866.0866633362806,5.5605970423173746e-15,3.772040253254364e-09,7.147365291450473e-13,2.0633481683114354e-14,5.128856209121483e-06,6.7179143646897414e-12,5358806029029.014
157.6352446283938,8.660866633362806,866.0866633362806,5.5605970423173746e-15,3.772040253254364e-09,7.147365291450473e-13,2.0633481683114354e-14,5.128856209121483e-06,6.7179143646897414e-12,5358806029029.014
157.6352446283938,8.660866633362806,866.0866633362806,5.5605970423173746e-15,3.772040253254364e-09,7.147365291450473e-13,2.0633481683114354e-14,5.128856209121483e-06,6.7179143646897414e-12,5358806029029.014
157.6352446283938,8.660866633362806,866.0866633362806,5.5605970423173746e-15,3.772040253254364e-09,7.147365291450473e-13,2.0633481683114354e-14,5.128856209121483e-06,6.7179143646897414e-12,5358806029029.014
157.6352446283938,8.660866633362806,866.0866633362806,5.5605970423173746e-15,3.772040253254364e-09,7.147365291450473e-13,2.0633481683114354e-14,5.128856209121483e-06,6.7179143646897414e-12,5358806029029.014
157.6352446283938,8.660866633362806,866.0866633362806,5.5605970423173746e-15,3.772040253254364e-09,7.147365291450473e-13,2.0633481683114354e-14,5.128856209121483e-06,6.7179143646897414e-12,5358806029029.014
157.6352446283938,8.660866633362806,866.0866633362806,5.5605970423173746e-15,3.772040253254364e-09,7.147365291450473e-13,2.0633481683114354e-14,5.128856209121483e-06,6.7179143646897414e-12,5358806029029.014
157.6352446283938,8.660866633362806,866.0866633362806,5.5605970423173746e-15,3.772040253254364e-09,7.147365291450473e-13,2.0633481683114354e-14,5.128856209121483e-06,6.7179143646897414e-12,5358806029029.014
157.6352446283938,8.660866633362806,866.0866633362806,5.5605970423173746e-15,3.772040253254364e-09,7.147365291450473e-13,2.0633481683114354e-14,5.128856209121483e-06,6.7179143646897414e-12,5358806029029.014
157.6352446283938,8.660866633362806,866.0866633362806,5.5605970423173746e-15,3.772040253254364e-09,7.147365291450473e-13,2.0633481683114354e-14,5.128856209121483e-06,6.7179143646897414e-12,5358806029029.014
157.6352446283938,8.660866633362806,866.0866633362806,5.5605970423173746e-15,3.772040253254364e-09,7.147365291450473e-13,2.0633481683114354e-14,5.128856209121483e-06,6.7179143646897414e-12,5358806029029.014
157.6352446283938,8.660866633362806,866.0866633362806,5.5605970423173746e-15,3.772040253254364e-09,7.147365291450473e-13,2.0633481683114354e-14,5.128856209121483e-06,6.7179143646897414e-12,5358806029029.014
157.6352446283938,8.660866633362806,866.0866633362806,5.5605970423173746e-15,3.772040253254364e-09,7.147365291450473e-13,2.0633481683114354e-14,5.128856209121483e-06,6.7179143646897414e-12,5358806029029.014
157.6352446283938,8.660866633362806,866.0866633362806,5.5605970423173746e-15,3.772040253254364e-09,7.147365291450473e-13,2.0633481683114354e-14,5.128856209121483e-06,6.7179143646897414e-12,5358806029029.014
157.6352446283938,8.660866633362806,866.0866633362806,5.5605970423173746e-15,3.772040253254364e-09,7.147365291450473e-13,2.0633481683114354e-14,5.128856209121483e-06,6.7179143646897414e-12,5358806029029.014
157.6352446283938,8.660866633362806,866.0866633362806,5.5605970423173746e-15,3.772040253254364e-09,7.147365291450473e-13,2.0633481683114354e-14,5.128856209121483e-06,6.7179143646897414e-12,5358806029029.014
157.6352446283938,8.660866633362806,866.0866633362806,5.5605970423173746e-15,3.772040253254364e-09,7.147365291450473e-13,2.0633481683114354e-14,5.128856209121483e-06,6.7179143646897414e-12,5358806029029.014
157.6352446283938,8.660866633362806,866.0866633362806,5.5605970423173746e-15,3.772040253254364e-09,7.147365291450473e-13,2.0633481683114354e-14,5.128856209121483e-06,6.7179143646897414e-12,5358806029029.014
157.6352446283938,8.660866633362806,866.0866633362806,5.5605970423173746e-15,3.772040253254364e-09,7.147365291450473e-13,2.0633481683114354e-14,5.128856209121483e-06,6.7179143646897414e-12,5358806029029.014
157.6352446283938,8.660866633362806,866.0866633362806,5.5605970423173746e-15,3.772040253254364e-09,7.147365291450473e-13,2.0633481683114354e-14,5.128856209121483e-06,6.7179143646897414e-12,5358806029029.014
157.6352446283938,8.660866633362806,866.0866633362806,5.5605970423173746e-15,3.772040253254364e-09,7.147365291450473e-13,2.0633481683114354e-14,5.128856209121483e-06,6.7179143646897414e-12,5358806029029.014
157.6352446283938,8.660866633362806,866.0866633362806,5.5605970423173746e-15,3.772040253254364e-09,7.147365291450473e-13,2.0633481683114354e-14,5.128856209121483e-06,6.7179143646897414e-12,5358806029029.014
157.6352446283938,8.660866633362806,866.0866633362806,5.5605970423173746e-15,3.772040253254364e-09,7.147365291450473e-13,2.0633481683114354e-14,5.128856209121483e-06,6.7179143646897414e-12,5358806029029.014
157.6352446283938,8.660866633362806,866.0866633362806,5.5605970423173746e-15,3.772040253254364e-09,7.147365291450473e-13,2.0633481683114354e-14,5.128856209121483e-06,6.7179143646897414e-12,5358806029029.014
157.6352446283938,8.660866633362806,866.0866633362806,5.5605970423173746e-15,3.772040253254364e-09,7.147365291450473e-13,2.0633481683114354e-14,5.128856209121483e-06,6.7179143646897414e-12,5358806029029.014
157.6352446283938,8.660866633362806,866.0866633362806,5.5605970423173746e-15,3.772040253254364e-09,7.147365291450473e-13,2.0633481683114354e-14,5.128856209121483e-06,6.7179143646897414e-12,5358806029029.014
157.6352446283938,8.660866633362806,866.0866633362806,5.5605970423173746e-15,3.772040253254364e-09,7.147365291450473e-13,2.0633481683114354e-14,5.128856209121483e-06,6.7179143646897414e-12,5358806029029.014
157.6352446283938,8.660866633362806,866.0866633362806,5.5605970423173746e-15,3.772040253254364e-09,7.147365291450473e-13,2.0633481683114354e-14,5.128856209121483e-06,6.7179143646897414e-12,5358806029029.014
157.6352446283938,8.660866633362806,866.0866633362806,5.5605970423173746e-15,3.772040253254364e-09,7.147365291450473e-13,2.0633481683114354e-14,5.128856209121483e-06,6.7179143646897414e-12,5358806029029.014
157.6352446283938,8.660866633362806,866.0866633362806,5.5605970423173746e-15,3.772040253254364e-09,7.147365291450473e-13,2.0633481683114354e-14,5.128856209121483e-06,6.7179143646897414e-12,5358806029029.014
157.6352446283938,8.660866633362806,866.0866633362806,5.5605970423173746e-15,3.772040253254364e-09,7.147365291450473e-13,2.0633481683114354e-14,5.128856209121483e-06,6.7179143646897414e-12,5358806029029.014
157.6352446283938,8.660866633362806,866.0866633362806,5.5605970423173746e-15,3.772040253254364e-09,7.147365291450473e-13,2.0633481683114354e-14,5.128856209121483e-06,6.7179143646897414e-12,5358806029029.014
138.29195419423903,9.872286774734963,987.2286774734964,4.878260780332263e-15,3.600570735302867e-09,5.575283489811914e-13,1.5511741362649904e-14,5.128856209121483e-06,5.8935646516905476e-12,6108357526827.763
106.9980525005307,12.759651213626228,1275.9651213626228,3.774365660869483e-15,2.8570868479928607e-09,3.3798468861537623e-13,8.85053080408151e-15,5.128856209121483e-06,4.559917774617193e-12,7894879201636.968
94.0644214350279,14.514072479434207,1451.4072479434205,3.3181306937541098e-15,2.1516293619055433e-09,2.6135226710040313e-13,6.743278167129033e-15,5.128856209121483e-06,4.008727422945747e-12,8980406049545.27
86.01977407219596,15.871441714066647,1587.1441714066648,3.0343550543804255e-15,1.5029196309049786e-09,2.1795687457416493e-13,5.672666823874792e-15,5.128856209121483e-06,3.665890056815903e-12,9820261776008.816
80.60663084810464,16.93728935299051,1693.7289352990513,2.8434059536734082e-15,9.736103472639765e-10,1.9079788917300671e-13,4.940786562709351e-15,5.128856209121483e-06,3.4351990542487284e-12,10479742056133.375
76.95444140297124,17.741118063542025,1774.1118063542026,2.7145746515463616e-15,5.976129752592067e-10,1.734338364886865e-13,4.541973600968893e-15,5.128856209121483e-06,3.2795543188732834e-12,10977101306975.176
74.63324322651167,18.29289163142068,1829.2891631420682,2.632694182841023e-15,3.699158482016859e-10,1.6280037318880933e-13,4.306646101055596e-15,5.128856209121483e-06,3.1806322116396534e-12,11318504499909.336
73.40341097068013,18.599378590040875,1859.9378590040874,2.5893117424455106e-15,2.599334205748894e-10,1.5729837527201556e-13,4.184352582182597e-15,5.128856209121483e-06,3.128220659914112e-12,11508139582771.125
73.12333295330848,18.67061819126597,1867.061819126597,2.579431965884841e-15,2.36440358926274e-10,1.560651000784355e-13,4.157479815633062e-15,5.128856209121483e-06,3.1162846227634712e-12,11552218220707.893
73.70836590530256,18.522427049842154,1852.2427049842156,2.6000690544381364e-15,2.8623066828474793e-10,1.5865415972826836e-13,4.2144625325152725e-15,5.128856209121483e-06,3.1412168724090563e-12,11460526751975.244
75.11025196299532,18.17671748880117,1817.671748880117,2.6495207077435174e-15,4.1499853591557417e-10,1.649656440037855e-13,4.3563231060218e-15,5.128856209121483e-06,3.200960811696451e-12,11246623160288.13
77.30591424612874,17.660457725100994,1766.0457725100996,2.7269728868313935e-15,6.334219604122919e-10,1.7507216221419238e-13,4.577944998344417e-15,5.128856209121483e-06,3.2945329771512102e-12,10927193702316.277
80.29101043125708,17.003869089590484,1700.3869089590485,2.8322724158624014e-15,9.412003664957091e-10,1.8926347944498728e-13,4.9006197125039435e-15,5.128856209121483e-06,3.421748312714829e-12,10520937459435.014
84.07609948807251,16.238358329619253,1623.8358329619255,2.9657917634160045e-15,1.3200224020215685e-09,2.080331724953515e-13,5.401384426063948e-15,5.128856209121483e-06,3.5830568081997914e-12,10047286975080.701
88.68434097134956,15.394576037782148,1539.457603778215,3.1283478848125955e-15,1.7375908559624275e-09,2.319278155806032e-13,6.039453986650089e-15,5.128856209121483e-06,3.779445450406331e-12,9525206931119.91
94.15014642096354,14.500857219485429,1450.0857219485429,3.321154650131189e-15,2.1575890583594483e-09,2.61841475695109e-13,6.754985138841684e-15,5.128856209121483e-06,4.012380750066769e-12,8972229267972.87
100.51845495005709,13.58216091883199,1358.216091883199,3.545797290518627e-15,2.5490812886383906e-09,2.9852203235145686e-13,7.68178505435608e-15,5.128856209121483e-06,4.283777869709819e-12,8403797091009.907
107.84444039496618,12.659510545411157,1265.9510545411158,3.8042220678776105e-15,2.8916594652940974e-09,3.432970785738927e-13,9.008874933140979e-15,5.128856209121483e-06,4.595988143318885e-12,7832918379550.79
116.19353364129194,11.749860664869777,1174.9860664869777,4.098737062420833e-15,3.176077994263637e-09,3.976764648454246e-13,1.0539770126723279e-14,5.128856209121483e-06,4.95180002779845e-12,7270083565148.623
125.64168865112634,10.866280492575981,1086.6280492575981,4.432021556804636e-15,3.4020189811379017e-09,4.632841489008933e-13,1.2388628552832029e-14,5.128856209121483e-06,5.354450440211036e-12,6723379066065.484
136.2758482593395,10.018340358050002,1001.8340358050003,4.807142467133784e-15,3.574871170105362e-09,5.420786225821112e-13,1.4999127363558607e-14,5.128856209121483e-06,5.807644608538231e-12,6198726407444.74
148.19458335688333,9.212602778849313,921.2602778849313,5.227576890208412e-15,3.702790433415651e-09,6.359624224590785e-13,1.809374465655765e-14,5.128856209121483e-06,6.315583311646628e-12,5700186067312.587
161.50889069677223,8.453143505314932,845.3143505314932,5.697240246199773e-15,3.794579873983729e-09,7.481389579919635e-13,2.1848237086901948e-14,5.128856209121483e-06,6.882996879249408e-12,5230279866685.892
176.34314256327315,7.742052288504359,774.205228850436,6.220519778313989e-15,3.858429356852733e-09,8.818320899904192e-13,2.691082690197846e-14,5.128856209121483e-06,7.5151856637964e-12,4790300813648.043
192.83618730665881,7.07988396531057,707.988396531057,6.8023133742517284e-15,3.9013257934600645e-09,1.0402182225555312e-12,3.3012040324537744e-14,5.128856209121483e-06,8.218066941776184e-12,4380592206787.1675
211.1426040988573,6.466046188408397,646.6046188408397,7.448073827823497e-15,3.9288989115803665e-09,1.2267385730434305e-12,4.0583195524534866e-14,5.128856209121483e-06,8.998228387423827e-12,4000787538390.845
231.4341187324637,5.899120829380686,589.9120829380686,8.163858781383606e-15,3.945506328735e-09,1.44728439909256e-12,5.022495762260386e-14,5.128856209121483e-06,9.862988409586172e-12,3650009358726.447
253.90119020440338,5.377122609566885,537.7122609566885,8.956386692707682e-15,3.954423545647277e-09,1.70719541958864e-12,6.212831269006131e-14,5.128856209121483e-06,1.0820463766887507e-11,3327029300737.2046
278.7547804203989,4.897701945721077,489.77019457210775,9.83309926147252e-15,3.958059289774053e-09,2.012360255981345e-12,7.691338595867354e-14,5.128856209121483e-06,1.1879644986923336e-11,3030393588329.2334
306.22832178121257,4.458300337809575,445.83003378095754,1.0802230836032892e-14,3.958155655777207e-09,2.3686050232691495e-12,9.49385489984698e-14,5.128856209121483e-06,1.3050480218548077e-11,2758519180683.847
336.5798997759256,4.0562666735385715,405.62666735385716,1.1872885404590371e-14,3.955956629943348e-09,2.7854654130432937e-12,1.1759599837208262e-13,5.128856209121483e-06,1.4343968247080984e-11,2509765734271.341
370.094670092428,3.6889421566192184,368.89421566192186,1.305512185897731e-14,3.952341815288148e-09,3.272669943389314e-12,1.4596347004061746e-13,5.128856209121483e-06,1.577226150389212e-11,2282488151183.41
407.0875322237158,3.353720569594254,335.37205695942544,1.436004830635278e-14,3.9479284538779314e-09,3.841448542578671e-12,1.7951251695415113e-13,5.128856209121483e-06,1.7348780007026425e-11,2075073866025.141
447.9060841521014,3.0480894963249052,304.8089496324905,1.5799926295946584e-14,3.943147148171017e-09,4.497857695197357e-12,2.2164357101301817e-13,5.128856209121483e-06,1.9088337280477337e-11,1885968351828.0625
492.9338854763338,2.769657089256013,276.9657089256013,1.738828592615381e-14,3.938296948697309e-09,5.260354491353904e-12,2.734530536538147e-13,5.128856209121483e-06,2.1007279418319333e-11,1713691681970.313
542.5940593492325,2.51616803929162,251.61680392916205,1.914005290319993e-14,3.933584838662132e-09,6.145208147692859e-12,3.336555659253148e-13,5.128856209121483e-06,2.312363858787046e-11,1556848411343.181
597.3532668540741,2.2855116163239377,228.55116163239376,2.107168873761547e-14,3.9291537183029826e-09,7.169188664430949e-12,4.071682387463249e-13,5.128856209121483e-06,2.5457302405013676e-11,1414132551330.7332
657.7260910046923,2.0757239968367007,207.57239968367008,2.3201345390223002e-14,3.925102068892162e-09,8.34761412355944e-12,4.999495769469804e-13,5.128856209121483e-06,2.8030200766382228e-11,1284329009986.1248
724.279871445598,1.8849865697898058,188.4986569789806,2.5549035816606755e-14,3.921497679403859e-09,9.702818141899836e-12,6.107491485730217e-13,5.128856209121483e-06,3.086651188895103e-11,1166312543818.291
797.6400351950391,1.7116214961680132,171.16214961680132,2.81368220095403e-14,3.9183871801998745e-09,1.1264482046859488e-11,7.396098896724377e-13,5.128856209121483e-06,3.399288948940544e-11,1059045010316.6461
878.4959734585965,1.5540854730034614,155.40854730034616,3.098902230410025e-14,3.9158026390247154e-09,1.3058610974126801e-11,8.960463505512004e-13,5.128856209121483e-06,3.743871323530509e-11,961571509515.7606
967.6075196897356,1.410962402278365,141.0962402278365,3.413243989181873e-14,3.9137661112944385e-09,1.5120155339828854e-11,1.084400502269182e-12,5.128856209121483e-06,4.1236364819486746e-11,873015847967.9509
1065.8120897367928,1.2809554738501756,128.09554738501757,3.7596614689993e-14,3.912292772471698e-09,1.7470632735008706e-11,1.3096505558953834e-12,5.128856209121483e-06,4.542153225049205e-11,792575640149.3922
1174.0325511472502,1.1628790267441276,116.28790267441276,4.1414100932081894e-14,3.911393071160128e-09,2.015802342279787e-11,1.5731191297864889e-12,5.128856209121483e-06,5.0033545217367024e-11,719517272733.7362
1293.2858955595116,1.0556504444466943,105.56504444466943,4.5620773087084424e-14,3.911074207671689e-09,2.323215136103555e-11,1.8782756156169977e-12,5.128856209121483e-06,5.5115744679505084e-11,653170889903.3833
1424.6927956646784,0.9582822588831088,95.82822588831088,5.025616298220225e-14,3.911341148892515e-09,2.6739299752633663e-11,2.2592562901541133e-12,5.128856209121483e-06,6.07158901540587e-11,592925507781.483
1569.4881365373813,0.8698745779984571,86.98745779984571,5.536383129645601e-14,3.912197324814571e-09,3.074138101314232e-11,2.694829488442509e-12,5.128856209121483e-06,6.688660852787133e-11,538224329089.7157
1729.032620294306,0.7896079081559797,78.96079081559797,6.09917769160298e-14,3.913645106717765e-09,3.5279541958267026e-11,3.2077090973154856e-12,5.128856209121483e-06,7.368588861123282e-11,488560302094.42426
1904.8255531277696,0.7167364109549312,71.67364109549312,6.719288799799896e-14,3.9156861356477e-09,4.043243964429768e-11,3.8068472520557515e-12,5.128856209121483e-06,8.117762608071078e-11,443471948344.57263
2098.518934874581,0.6505816115143295,65.05816115143296,7.402543898110423e-14,3.918321548258284e-09,4.628299525199294e-11,4.528265585650562e-12,5.128856209121483e-06,8.943222393190643e-11,402539469748.73785
2311.932983522162,0.5905265594524757,59.05265594524757,8.155363821406279e-14,3.9215521322682386e-09,5.2928931801085186e-11,5.33307149204354e-12,5.128856209121483e-06,9.852725408468697e-11,365381135752.11365
2547.0732405395092,0.5360104329606387,53.60104329606387,8.984823134761447e-14,3.925378433617914e-09,6.046162270628257e-11,6.292177020783331e-12,5.128856209121483e-06,1.085481863581612e-10,331649944672.64386
2806.149417777053,0.4865235691995174,48.65235691995174,9.89871661605623e-14,3.929800830452244e-09,6.899335770969432e-11,7.432453370010223e-12,5.128856209121483e-06,1.1958919166579975e-10,301030548819.19836
3091.596163045957,0.44160289974578565,44.16028997457857,1.0905632506739909e-13,3.9348195842917605e-09,7.858341359312904e-11,8.698276755101675e-12,5.128856209121483e-06,1.317540269785906e-10,273236430229.56586
3406.0959395188247,0.4008277672404342,40.08277672404342,1.2015033219116832e-13,3.940434875494353e-09,8.94301755792788e-11,1.0224568480470151e-11,5.128856209121483e-06,1.4515701037256074e-10,248007312272.42975
3752.6042339581786,0.363816098188428,36.381609818842804,1.3237344258592867e-13,3.946646827880665e-09,1.0168330375905634e-10,1.193224249017814e-11,5.128856209121483e-06,1.5992409532355515e-10,225106791613.64355
4134.377330664454,0.3302209066206888,33.022090662068884,1.458405219651989e-13,3.953455525870134e-09,1.1550562006193099e-10,1.3901730334899683e-11,5.128856209121483e-06,1.7619405434484636e-10,204320174899.551
4555.002912146568,0.29972710375297096,29.9727103752971,1.606781261432887e-13,3.960861026429938e-09,1.3110371585993993e-10,1.6279397915763874e-11,5.128856209121483e-06,1.941197830906987e-10,185452504772.1679
5018.43377408202,0.2720485896406543,27.20485896406543,1.7702569033346532e-13,3.968863367423078e-09,1.4865514193897602e-10,1.890283243581545e-11,5.128856209121483e-06,2.1386973718107943e-10,168326760365.91132
5529.024971399947,0.2469256039728749,24.692560397287494,1.950368394792824e-13,3.977462573450686e-09,1.6828325349044676e-10,2.1891536106945325e-11,5.128856209121483e-06,2.356295152499517e-10,152782218143.6473
6091.574744564392,0.22412231445773206,22.412231445773205,2.1488083193280166e-13,3.986658659946214e-09,1.9036746208578352e-10,2.540822454217562e-11,5.128856209121483e-06,2.5960360309371595e-10,138672959739.33047
6711.369610659018,0.20342462263972658,20.34246226397266,2.3674415004655105e-13,3.9964516360469296e-09,2.151843344126751e-10,2.9381294116891306e-11,5.128856209121483e-06,2.860172953102855e-10,125866514334.19594
7394.234043013295,0.18463816840285865,18.46381684028587,2.608322526266829e-13,4.006841506608103e-09,2.430741009400636e-10,3.3866314869379684e-11,5.128856209121483e-06,3.1511881248725193e-10,114242623967.28969
8146.58520623009,0.16758651580787007,16.758651580787006,2.873715057158604e-13,4.017828273614641e-09,2.743662155204843e-10,3.9310474115544375e-11,5.128856209121483e-06,3.471816338352309e-10,103692121044.29826
8975.49326098305,0.15210950426300116,15.210950426300116,3.1661130985025964e-13,4.029411937168337e-09,3.094787756435605e-10,4.5140031238635594e-11,5.128856209121483e-06,3.8250706718713824e-10,94115908144.48225
9888.7478052932,0.1380617503171889,13.806175031718888,3.488264437814136e-13,4.0415924961757015e-09,3.485935498481327e-10,5.163826558747375e-11,5.128856209121483e-06,4.2142708051475577e-10,85424031023.4157
10894.931076661114,0.12531128658249754,12.531128658249754,3.843196466878268e-13,4.0543699488243025e-09,3.9240231167731896e-10,5.962379952204242e-11,5.128856209121483e-06,4.6430742157152664e-10,77534836462.77274
12003.498602966381,0.11373832543344055,11.373832543344056,4.234244631425082e-13,4.067744292909626e-09,4.413978118912716e-10,6.811543288564386e-11,5.128856209121483e-06,5.115510549781975e-10,70374207324.29988
13224.86806004446,0.10323413619292089,10.32341361929209,4.665083775717679e-13,4.081715526056394e-09,4.962572243963598e-10,7.771011900967892e-11,5.128856209121483e-06,5.636019490510337e-10,63874867822.25487
14570.517170972818,0.09370002549833215,9.370002549833215,5.139762676610978e-13,4.096283645865411e-09,5.575633397578923e-10,8.951621552898577e-11,5.128856209121483e-06,6.20949247959017e-10,57975752637.31702
16053.091567067855,0.0850464114491691,8.50464114491691,5.662742091612729e-13,4.111448650008135e-09,6.261059125075117e-10,1.0217657570315147e-10,5.128856209121483e-06,6.841318684175771e-10,52621434056.66712
17686.52362420687,0.07719198297258728,7.719198297258728,6.238936678500028e-13,4.12721053628468e-09,7.02711521117323e-10,1.1560325503189109e-10,5.128856209121483e-06,7.537435641158775e-10,47761601841.63841
19486.163391230883,0.07006293660959599,7.006293660959599,6.87376118042794e-13,4.143569302656479e-09,7.878183677769242e-10,1.3228905452735271e-10,5.128856209121483e-06,8.304385054702545e-10,43350590998.44388
21468.922840817042,0.06359228362628377,6.359228362628378,7.573181310550904e-13,4.160524947261623e-09,8.826108176846971e-10,1.506096443160975e-10,5.128856209121483e-06,9.149374271390699e-10,39346953061.66334
23653.434798407125,0.05771922099601276,5.771922099601276,8.343769814341278e-13,4.178077468418532e-09,9.883566300386818e-10,1.706026005593319e-10,5.128856209121483e-06,1.0080344010697814e-09,35713066897.11663
26060.22804271396,0.05238856038428814,5.238856038428814,9.192768236446138e-13,4.196226864622008e-09,1.1062347685122348e-09,1.9288074693617455e-10,5.128856209121483e-06,1.1106042987273942e-09,32414785393.18751
28711.92022329924,0.047550209802274236,4.755020980227424,1.01281549725316e-12,4.2149731345344925e-09,1.2375791879115603e-09,2.2099023640085716e-10,5.128856209121483e-06,1.2236110126300071e-09,29421114740.232895
31633.43040815024,0.04315870308179683,4.315870308179683,1.1158720245626395e-12,4.234316276974562e-09,1.3839186737074402e-09,2.491688885424674e-10,5.128856209121483e-06,1.3481165144526798e-09,26703923298.955803
34852.21325865441,0.03917277276802563,3.9172772768025634,1.2294148711549011e-12,4.254256290903984e-09,1.5468178743252148e-09,2.8084394600581205e-10,5.128856209121483e-06,1.4852908348224284e-09,24237677332.940605
38398.517032612945,0.03555496242952527,3.555496242952527,1.3545110469696392e-12,4.274793175414324e-09,1.7286441216492355e-09,3.1729612349174284e-10,5.128856209121483e-06,1.6364230585887006e-09,21999201130.206184
42305.667839856585,0.03227127475240603,3.2271274752406027,1.492336133446103e-12,4.295926929713693e-09,1.9292723457894143e-09,3.603702860657486e-10,5.128856209121483e-06,1.8029334388965271e-09,19967459265.73615
46610.38282173192,0.029290852119058183,2.9290852119058184,1.6441853309568711e-12,4.317657553114058e-09,2.1524055989849988e-09,4.0468754692104125e-10,5.128856209121483e-06,1.9863867439033344e-09,18123358963.450626
51353.115197539635,0.026585686675332402,2.6585686675332405,1.811485630351141e-12,4.339985045019352e-09,2.4006216368594237e-09,4.5538085673930173e-10,5.128856209121483e-06,2.1885069615642197e-09,16449570703.795824
56578.43442047049,0.024130357165734497,2.4130357165734497,1.99580922298862e-12,4.362909404914498e-09,2.6765148825143322e-09,5.137016894322956e-10,5.128856209121483e-06,2.4111935006727056e-09,14930365393.717367
62335.44501552361,0.021901790066695515,2.1901790066695517,2.1988882752837314e-12,4.386430632355442e-09,2.983297056622666e-09,5.809380234881801e-10,5.128856209121483e-06,2.656539040404955e-09,13551466570.772575
68678.24803540477,0.019879042775526632,1.9879042775526632,2.4226312066027847e-12,4.410548726960137e-09,3.324097752565661e-09,6.510880416556428e-10,5.128856209121483e-06,2.926849196107165e-09,12299916253.929836
75666.44947090036,0.018043106819345175,1.8043106819345174,2.669140623484391e-12,4.4352636884005275e-09,3.702653704238419e-09,7.286866420234903e-10,5.128856209121483e-06,3.224664186133863e-09,11163953181.481936
83365.72039346964,0.016376729235953263,1.6376729235953262,2.9407330787183993e-12,4.460575516395368e-09,4.123154603203181e-09,8.167209481778153e-10,5.128856209121483e-06,3.5527827033493323e-09,10132902292.634317
91848.41409395733,0.01486425044908706,1.486425044908706,3.2399608409679575e-12,4.486484210703957e-09,4.5888753839407175e-09,9.218309056639987e-10,5.128856209121483e-06,3.91428821562298e-09,9197074414.78486
101194.24601693363,0.013491457115215622,1.3491457115215624,3.5696358795128375e-12,4.512989771120566e-09,5.103144001199033e-09,1.0319525732232067e-09,5.128856209121483e-06,4.312577942475281e-09,8347675214.268049
111491.04288029237,0.012245448559575435,1.2245448559575436,3.9328562895087776e-12,4.540092197469603e-09,5.674240792390446e-09,1.1532943664355026e-09,5.128856209121483e-06,4.751394780180053e-09,7576722555.273714
122835.56801990303,0.011114515546692688,1.1114515546692687,4.3330354060922745e-12,4.567791489601382e-09,6.307402359192788e-09,1.2876004919455092e-09,5.128856209121483e-06,5.234862475336894e-09,6876971490.580215
135334.43071541953,0.010088030246455878,1.0088030246455877,4.7739338809280305e-12,4.596087647388447e-09,7.010134789414864e-09,1.4467747703009245e-09,5.128856209121483e-06,5.767524377454249e-09,6241846179.39841
149105.08804257453,0.009156346361931071,0.9156346361931073,5.259695022636256e-12,4.624980670722387e-09,7.789391029063917e-09,1.624308670401541e-09,5.128856209121483e-06,6.354386134717963e-09,5665378092.670448
164276.9486667775,0.008310708480551064,0.8310708480551063,5.794883733208399e-12,4.654470559511081e-09,8.653054044518312e-09,1.8094550127495229e-09,5.128856209121483e-06,7.0009627341749925e-09,5142149925.219151
180992.58895083395,0.007543169796940731,0.7543169796940732,6.384529406313303e-12,4.684557313676325e-09,9.611167550556284e-09,2.0098024934860923e-09,5.128856209121483e-06,7.713330328388899e-09,4667244687.745585
199409.09280506358,0.0068465174342810685,0.6846517434281069,7.0341731906273214e-12,4.715240933151792e-09,1.0672165611736167e-08,2.2410621844074047e-09,5.128856209121483e-06,8.498183335604064e-09,4236199500.3301563
219699.52787094982,0.00621420466249697,0.6214204662496969,7.749920062341675e-12,4.746521417881271e-09,1.18485397463754e-08,2.5200889443566085e-09,5.128856209121483e-06,9.362897350012802e-09,3844963653.2596164
242054.5719106409,0.0056402893763479525,0.5640289376347952,8.538496196194358e-12,4.778398767817157e-09,1.3142205578284387e-08,2.8053892122793454e-09,5.128856209121483e-06,1.031559845331963e-08,3489860541.0929847
266684.3046861698,0.005119378255314481,0.5119378255314482,9.407312174166359e-12,4.810872982919174e-09,1.4576092982519977e-08,3.118694052625416e-09,5.128856209121483e-06,1.136523957895272e-08,3167553112.269483
293820.182167442,0.00464657608055667,0.464657608055667,1.0364532625841098e-11,4.843944063153264e-09,1.6163474033973485e-08,3.465578164092857e-09,5.128856209121483e-06,1.2521684646549385e-08,2875012509.592355
323717.2116214397,0.0042174397326781455,0.4217439732678146,1.1419152954866363e-11,4.877612008490643e-09,1.7921648497959308e-08,3.878983536515059e-09,5.128856209121483e-06,1.3795801257362108e-08,2609489606.904032
356656.3480228903,0.003827936438008996,0.38279364380089964,1.2581083872550258e-11,4.9118768189070095e-09,1.9868026197134942e-08,4.319671845683625e-09,5.128856209121483e-06,1.5199562821683752e-08,2368489174.4808784
392947.1343064709,0.0034744058710432916,0.3474405871043292,1.3861244532988639e-11,4.946738494381849e-09,2.2022012268137012e-08,4.8069378345070904e-09,5.128856209121483e-06,1.6746161078025964e-08,2149746430.376727
432930.61027209944,0.0031535257569012425,0.31535257569012426,1.5271665144953706e-11,4.9821970348978595e-09,2.4404837308656053e-08,5.326792584165898e-09,5.128856209121483e-06,1.8450130061440357e-08,1951205757.3641608
476982.5174795434,0.002862280650574561,0.2862280650574561,1.6825600024831637e-11,5.018252440440453e-09,2.7043554044968394e-08,5.898502938809158e-09,5.128856209121483e-06,2.0327482685966064e-08,1771001385.471804
525516.8302500739,0.0025979335995659054,0.25979335995659053,1.8537652153014826e-11,5.054904710997339e-09,2.9966364139782805e-08,6.567718509912766e-09,5.128856209121483e-06,2.239586122472568e-08,1607439858.5866818
578989.6459574744,0.0023580004236281537,0.2358000423628154,2.042391040425742e-11,5.09215384655817e-09,3.319451159127004e-08,7.304073660053431e-09,5.128856209121483e-06,2.4674703101794377e-08,1458984120.3553138
637903.471167114,0.0021402263699022536,0.21402263699022536,2.250210074160611e-11,5.129999847114229e-09,3.67576130285436e-08,8.132618711833737e-09,5.128856209121483e-06,2.7185423553858632e-08,1324239069.8338137
702811.9439017437,0.0019425649240743532,0.19425649240743534,2.479175279473908e-11,5.168442712658187e-09,4.0686357611867943e-08,9.00020389557935e-09,5.128856209121483e-06,2.995161687821306e-08,1201938451.1487446
774325.0364111095,0.0017631585784334475,0.17631585784334478,2.731438338811922e-11,5.207482443183878e-09,4.502851393094564e-08,9.989746086683274e-09,5.128856209121483e-06,3.2999278158306764e-08,1090932953.9663846
853114.7873380339,0.0016003213760999743,0.16003213760999743,3.009369874365401e-11,5.2471190386861186e-09,4.983224459899859e-08,1.1115140339153002e-08,5.128856209121483e-06,3.6357047550488576e-08,990179412.9462041
939921.6171485222,0.001452523067387126,0.14525230673871262,3.3155817258044945e-11,5.28735249916055e-09,5.513972307219352e-08,1.2375000906633272e-08,5.128856209121483e-06,4.005647942761597e-08,898731004.681871
1035561.2861746569,0.00131837472940619,0.131837472940619,3.652951494835922e-11,5.328182824603516e-09,6.10133188497583e-08,1.3687691855008647e-08,5.128856209121483e-06,4.413233890878377e-08,815728350.0067302
1140932.560657935,0.0011966157137778101,0.11966157137778101,4.024649587237898e-11,5.369610015011944e-09,6.750206306556504e-08,1.5099533069510293e-08,5.128856209121483e-06,4.8622928561786875e-08,740391438.0486878
1257025.6588340881,0.0010861017997916911,0.10861017997916912,4.434169006498214e-11,5.411634070383257e-09,7.467077962035621e-08,1.6761753010326978e-08,5.128856209121483e-06,5.357044834847826e-08,672012296.1416773
1384931.5564308036,0.0009857944416852868,0.09857944416852868,4.8853581790388424e-11,5.454254990715288e-09,8.259886433863732e-08,1.852163943631565e-08,5.128856209121483e-06,5.9021392195579936e-08,609948336.7099566
1525852.2390260156,0.0008947510089938413,0.08947510089938412,5.382457119499481e-11,5.497472776006222e-09,9.136228456519134e-08,2.0520575140203946e-08,5.128856209121483e-06,6.50269849176896e-08,553616318.6032441
1681111.9976125227,0.0008121159282563849,0.0812115928256385,5.930137275940545e-11,5.54128742625454e-09,1.0104951663308492e-07,2.2644539285746337e-08,5.128856209121483e-06,7.164366359843358e-08,502486866.1349013
1852169.8735180576,0.0007371126428327195,0.07371126428327196,6.533545429407565e-11,5.585698941458961e-09,1.1175485440532183e-07,2.5102303956002964e-08,5.128856209121483e-06,7.893360795350531e-08,456079494.3163535
2040633.3696310364,0.0006690363152744529,0.0669036315274453,7.198352060399945e-11,5.63070732161842e-09,1.235003230733402e-07,2.7867052318308342e-08,5.128856209121483e-06,8.696532465963703e-08,413958093.5378096
2248273.556782056,0.0006072472036713036,0.06072472036713036,7.930804636763831e-11,5.6763125667320186e-09,1.364831935018994e-07,3.0922914050839954e-08,5.128856209121483e-06,9.581429114068657e-08,375726831.2629927
2477041.7172422726,0.0005511646497274181,0.055116464972741815,8.737786323778218e-11,5.722514676799006e-09,1.5082624075542154e-07,3.432357248870288e-08,5.128856209121483e-06,1.0556366486077222e-07,341026432.22438663
2729087.6817445178,0.0005002616220711986,0.05002616220711986,9.626880668157321e-11,5.769313651818756e-09,1.6665778666689323e-07,3.79230156409246e-08,5.128856209121483e-06,1.1630506478997766e-07,309530802.1624714
3006780.032347958,0.0004540597635198229,0.04540597635198229,1.0606442863832384e-10,5.816709491790742e-09,1.8414043906627272e-07,4.202318256146928e-08,5.128856209121483e-06,1.2813943238639328e-07,280943963.3808049
3312728.3610010482,0.0004121248957555585,0.04121248957555586,1.1685678269227173e-10,5.864702196714521e-09,2.0344398194915403e-07,4.638499068515616e-08,5.128856209121483e-06,1.4117798018550138e-07,254997273.31909448
3649807.7929759375,0.0003740629391694217,0.037406293916942175,1.287472891388737e-10,5.913291766589727e-09,2.2478208672829918e-07,5.1116541328039585e-08,5.128856209121483e-06,1.5554323691120246e-07,231446900.0060216
4021186.005631258,0.00033951620952926226,0.033951620952926226,1.4184768807402604e-10,5.9624782014160514e-09,2.4831034742394165e-07,5.63363808745014e-08,5.128856209121483e-06,1.7137019892982572e-07,210071530.66760233
4430352.996410129,0.0003081600566704943,0.03081600566704943,1.562810894627981e-10,6.012261501193238e-09,2.743061329106782e-07,6.223138489096754e-08,5.128856209121483e-06,1.888075988678288e-07,190670291.95790538
4881153.879815669,0.0002796998136218555,0.02796998136218555,1.7218313005561224e-10,6.0626416659210705e-09,3.030184199578322e-07,6.885478710163475e-08,5.128856209121483e-06,2.0801930331491543e-07,173060862.2676736
5377825.02157109,0.0002538680274958425,0.025386802749584252,1.8970324802390148e-10,6.113618695599368e-09,3.3470363301471714e-07,7.58872087654059e-08,5.128856209121483e-06,2.291858527473804e-07,157077758.37141624
5925033.849532221,0.00023042194612134172,0.02304219461213417,2.0900608729353102e-10,6.165192590227978e-09,3.697069953045088e-07,8.353109406252201e-08,5.128856209121483e-06,2.525061581429858e-07,142570780.31187817
6527922.715472429,0.00020914123679928323,0.020914123679928325,2.3027304477309807e-10,6.2173633498067784e-09,4.083749239071627e-07,9.205510553071628e-08,5.128856209121483e-06,2.781993702311771e-07,129403599.9078102
7192157.219927555,0.0001898259157435092,0.01898259157435092,2.5370397501706343e-10,6.270130974335663e-09,4.5076797256621236e-07,1.0255968438221315e-07,5.128856209121483e-06,3.06506938944766e-07,117452479.62065671
7923979.45422977,0.0001722944687489407,0.01722944687489407,2.795190683431533e-10,6.323495463814542e-09,4.975434864169152e-07,1.1398141326207853e-07,5.128856209121483e-06,3.376948824266176e-07,106605109.74081147
8730266.660068274,0.0001563821454261699,0.01563821454261699,3.0796092005349315e-10,6.377456818243346e-09,5.491553351032844e-07,1.263447687739609e-07,5.128856209121483e-06,3.720562869141543e-07,96759552.96599084
9618595.857825246,0.00014193941097268668,0.01419394109726867,3.392968102048118e-10,6.43201503762201e-09,6.061268509050263e-07,1.3931235178756125e-07,5.128856209121483e-06,4.099140609941391e-07,87823286.45348598
10597315.051026948,0.00012883054093137838,0.012883054093137837,3.7382121535168183e-10,6.487170121950483e-09,6.689649904124168e-07,1.5362022079511292e-07,5.128856209121483e-06,4.516239701106374e-07,79712332.34405348
11675621.676047966,0.00011693234573066091,0.011693234573066091,4.118585758666987e-10,6.542922071228728e-09,7.382856225845671e-07,1.6975550584783372e-07,5.128856209121483e-06,4.97577979842697e-07,72350468.58661419
12863649.034293652,0.0001061330130202053,0.01061330130202053,4.537663448432766e-10,6.599270885456702e-09,8.147553230059533e-07,1.8786348130397028e-07,5.128856209121483e-06,5.482079393699429e-07,65668512.647545576
14172561.51910038,9.633105692320191e-05,0.00963310569232019,4.999383472328843e-10,6.656216564634379e-09,8.992610670980831e-07,2.0654922744866727e-07,5.128856209121483e-06,6.039896397411618e-07,59603671.37328333
15614659.532240674,8.743436433084542e-05,0.008743436433084542,5.508084807839398e-10,6.713759108761734e-09,9.922960001103094e-07,2.2657194899377754e-07,5.128856209121483e-06,6.654472850831269e-07,54098950.89661824
17203495.075978205,7.9359329276665e-05,0.0079359329276665,6.068547935616614e-10,6.771898517838747e-09,1.0950894995678213e-06,2.487658529497786e-07,5.128856209121483e-06,7.331584187675124e-07,49102621.041327424
18953999.106939454,7.203006725605416e-05,0.007203006725605416,6.686039763670306e-10,6.830634791865398e-09,1.208399586148137e-06,2.7292066362463937e-07,5.128856209121483e-06,8.077593508291465e-07,44567729.1919268
20882621.848600272,6.537770210762832e-05,0.006537770210762833,7.366363122720268e-10,6.889967930841674e-09,1.3335354988559808e-06,3.028830524114604e-07,5.128856209121483e-06,8.899511376393457e-07,40451659.0601731
23007487.380962547,5.933971875493525e-05,0.0059339718754935255,8.115911297839956e-10,6.9498979347675666e-09,1.4716671949251286e-06,3.3358584752079867e-07,5.128856209121483e-06,9.805061700278285e-07,36715730.20185916
25348563.96016569,5.385937572595791e-05,0.005385937572595791,8.941728108848392e-10,7.010424803643058e-09,1.623822757078222e-06,3.6698971968365423e-07,5.128856209121483e-06,1.080275431764583e-06,33324834.520392235
27927851.668597832,4.88851719296096e-05,0.00488851719296096,9.851574104051036e-10,7.071548537468147e-09,1.791767000166091e-06,4.0570724141309246e-07,5.128856209121483e-06,1.1901964966126838e-06,30247106.34122727
30769589.15893364,4.437036267829564e-05,0.004437036267829564,1.085399948937996e-09,7.133269136242826e-09,1.975884283014812e-06,4.482045048773548e-07,5.128856209121483e-06,1.3113023391037333e-06,27453622.956705593
33900481.43495981,4.027252040840104e-05,0.004027252040840104,1.1958424478279271e-09,7.195586599967084e-09,2.178905693752561e-06,4.988978924376671e-07,5.128856209121483e-06,1.444731041834492e-06,24918132.827192448
37349950.80974086,3.655313597060965e-05,0.0036553135970609648,1.3175227817417613e-09,7.2585009286409215e-09,2.4027922298735055e-06,5.551404612557276e-07,5.128856209121483e-06,1.5917364905082771e-06,22616808.884304956
41150413.39948335,3.3177256743213675e-05,0.0033177256743213675,1.4515844320140596e-09,7.322012122264335e-09,2.649767485329139e-06,6.125181398145036e-07,5.128856209121483e-06,1.7537001572268702e-06,20528024.617918078
45337583.751430005,3.0113158167609172e-05,0.0030113158167609172,1.599287232422692e-09,7.3861201808373124e-09,2.9219220711636074e-06,6.746213458346531e-07,5.128856209121483e-06,1.9321440827655803e-06,18632150.842742167
49950810.46849934,2.7332045619260108e-05,0.002733204561926011,1.762019208377355e-09,7.450825104359861e-09,3.2220324706813047e-06,7.445744433686748e-07,5.128856209121483e-06,2.1287451798313338e-06,16911371.23460328
55033445.98467466,2.4807783812487905e-05,0.0024807783812487902,1.9413096207787642e-09,7.516126892831974e-09,3.5530043031509804e-06,8.193543464311514e-07,5.128856209121483e-06,2.3453509917174282e-06,15349514.902943505
60633253.96608206,2.2516651196186136e-05,0.002251665119618614,2.1388433371273126e-09,7.58202554625365e-09,3.9178863935991524e-06,9.050798197749583e-07,5.128856209121483e-06,2.5839970544458704e-06,13931904.426152714
66802858.16627281,2.0437117032416525e-05,0.0020437117032416525,2.35647666493242e-09,7.648521064624889e-09,4.320689590429501e-06,9.959715426261932e-07,5.128856209121483e-06,2.8469260255564723e-06,12645217.921657547
73600236.95379397,1.8549639062998458e-05,0.001854963906299846,2.5962547962158405e-09,7.715613447945688e-09,4.763775074122519e-06,1.0916263169399828e-06,5.128856209121483e-06,3.1366087593040783e-06,11477363.854581386
81089268.1593313,1.6836479862679993e-05,0.0016836479862679993,2.860431027042283e-09,7.783302696216044e-09,5.252949912724075e-06,1.1959087900343618e-06,5.128856209121483e-06,3.455767526316432e-06,10417367.408499574
89340329.36258133,1.5281540153084036e-05,0.001528154015308404,3.151487932691336e-09,7.85158880943596e-09,5.7924748139669085e-06,1.311461895229736e-06,5.128856209121483e-06,3.8074015959175363e-06,9455267.350468306
98430959.26000251,1.3870207511010338e-05,0.001387020751101034,3.47216069746273e-09,7.920471787605434e-09,6.386926344354116e-06,1.4388678759155667e-06,5.128856209121483e-06,4.194815421524424e-06,8582022.421124158
108446586.3285954,1.2589219049341763e-05,0.0012589219049341765,3.825462818354924e-09,7.989951630724463e-09,7.043045318794114e-06,1.5838816994263161e-06,5.128856209121483e-06,4.6216496939873496e-06,7789426.370162822
119481331.63327295,1.1426536780109377e-05,0.0011426536780109377,4.2147144241653115e-09,8.060028338793048e-09,7.766053436207595e-06,1.7445304317437086e-06,5.128856209121483e-06,5.091915554694703e-06,7070030.838749535
131638893.32213928,1.0371234488450593e-05,0.0010371234488450595,4.6435734761385415e-09,8.130701911811187e-09,8.563521349017122e-06,1.934413872238684e-06,5.128856209121483e-06,5.610032289957634e-06,6417075.364154788
145033521.12165472,9.413395054367159e-06,0.0009413395054367158,5.116070143368706e-09,8.201972349778886e-09,9.442652035314886e-06,2.1346586672845105e-06,5.128856209121483e-06,6.180868860904465e-06,5824423.848839273
159791089.98941877,8.54401725737302e-06,0.0008544017257373021,5.636644675995165e-09,8.273839652696137e-09,1.0406110177915463e-05,2.3600151899188078e-06,5.128856209121483e-06,6.809789659158442e-06,5286506.896961764
176050283.01415417,7.754931188234867e-06,0.0007754931188234868,6.210189132102959e-09,8.346303820562944e-09,1.1467119357017814e-05,2.6075463445574485e-06,5.128856209121483e-06,7.502704918284819e-06,4798269.476421033
193963894.6790846,7.038721472895115e-06,0.0007038721472895116,6.842093350452438e-09,8.419364853379306e-09,1.2636612517623743e-05,2.888216984671709e-06,5.128856209121483e-06,8.266126254744198e-06,4355123.414590773
213700266.73603478,6.388657587079303e-06,0.0006388657587079303,7.538295601063749e-09,8.493022751145223e-09,1.3926942853445353e-05,3.212088253637065e-06,5.128856209121483e-06,9.107227860294438e-06,3952904.28132937
235444870.18375427,5.7986306067255414e-06,0.0005798630606725541,8.305338389640573e-09,8.567277513860694e-09,1.534743314356931e-05,3.569642793202439e-06,5.128856209121483e-06,1.003391392089135e-05,3587832.2540763817
259402048.21699166,5.263095799852712e-06,0.0005263095799852712,9.150429940251175e-09,8.64212914152572e-09,1.691213923510836e-05,3.941296817868472e-06,5.128856209121483e-06,1.1054892895652465e-05,3256476.597268314
285796936.5255406,4.777020520379272e-06,0.0004777020520379272,1.0081511934045203e-08,8.717577634140297e-09,1.863784927891033e-05,4.341452316642417e-06,5.128856209121483e-06,1.2179759353914315e-05,2955723.4222719157
314877578.9891147,4.335836914228931e-06,0.0004335836914228931,1.1107334140575484e-08,8.79362299170443e-09,2.054052227593215e-05,4.770955948357958e-06,5.128856209121483e-06,1.3419084139440495e-05,2682746.424861526
346917258.6501315,3.935398993282463e-06,0.0003935398993282463,1.2237536643066829e-08,8.870265214218118e-09,2.2634738821908333e-05,5.236905569842952e-06,5.128856209121483e-06,1.4784513709091656e-05,2434980.325248168
382217065.86953586,3.5719436737815628e-06,0.0003571943673781563,1.3482740430337362e-08,8.947504301681358e-09,2.4944008163421094e-05,5.762236121139832e-06,5.128856209121483e-06,1.62888795794847e-05,2210096.7610651865
421108727.79969996,3.2420554130462554e-06,0.00032420554130462557,1.485464720670255e-08,9.02534025409415e-09,2.7490385578231137e-05,6.3458551511630785e-06,5.128856209121483e-06,1.7946318910157367e-05,2005982.4067666878
463957725.76416636,2.942634112182047e-06,0.00029426341121820474,1.6366149357818306e-08,9.103773071456496e-09,3.029635692063967e-05,6.95986226574933e-06,5.128856209121483e-06,1.9772407356409573e-05,1820719.1138174667
511166729.83953094,2.6708659831453247e-06,0.00026708659831453245,1.803145110585732e-08,9.1828027537684e-09,3.338514412345189e-05,7.6185418430434615e-06,5.128856209121483e-06,2.1784305440294446e-05,1652565.8850435861
563179382.9157114,2.424197106392248e-06,0.0002424197106392248,1.9866201992566018e-08,9.262429301029855e-09,3.679393449982932e-05,8.327346449309804e-06,5.128856209121483e-06,2.400091981527007e-05,1499942.5137488176
620484469.7949923,2.2003094306213974e-06,0.00022003094306213977,2.1887643944598066e-08,9.342652713240864e-09,4.054724555611626e-05,9.113545987155625e-06,5.128856209121483e-06,2.6443080939983242e-05,1361414.7338469254
683620510.5086279,1.997098989069622e-06,0.00019970989890696217,2.4114773303159258e-08,9.423472990401426e-09,4.468548770308417e-05,9.979899587163078e-06,5.128856209121483e-06,2.913373883086059e-05,1235680.74145932
753180821.0163348,1.8126561276504277e-06,0.0001812656127650428,2.65685193406248e-08,9.504890132511543e-09,4.9243361612103836e-05,1.101595009084676e-05,5.128856209121483e-06,3.209817873307667e-05,1121558.9613158507
829819088.8461933,1.6452475591304329e-06,0.0001645247559130433,2.927194094172452e-08,9.586904139571213e-09,5.4268737365383897e-05,1.2154605266869437e-05,5.128856209121483e-06,3.536425873664974e-05,1017976.9429944648
914255516.07161,1.4933000746993625e-06,0.00014933000746993627,3.225044329759251e-08,9.669515011580438e-09,5.980823267553381e-05,1.339839925430875e-05,5.128856209121483e-06,3.896267157064444e-05,923961.2826529945
1007283587.3534502,1.3553857598644442e-06,0.00013553857598644443,3.553201664904538e-08,9.752722748539215e-09,6.589971264915258e-05,1.4824875858591231e-05,5.128856209121483e-06,4.292723303567031e-05,838628.4755433892
1109777526.6495245,1.230208575736637e-06,0.00012302085757366372,3.9147499322661574e-08,9.836527350447549e-09,7.257993377166184e-05,1.6473957796462696e-05,5.128856209121483e-06,4.729519978519957e-05,761176.6133455628
1222700512.6652255,1.1165921796074735e-06,0.00011165921796074736,4.313086753152119e-08,9.92092881730543e-09,7.993937476998052e-05,1.8221317077735874e-05,5.128856209121483e-06,5.210761944202734e-05,690877.8482972538
1347113730.2494152,1.013468870361276e-06,0.0001013468870361276,4.751955466398764e-08,1.0005927149112866e-08,8.804633790503324e-05,2.0144479800923397e-05,5.128856209121483e-06,5.7409716340068066e-05,627071.5533021098
1484186342.7952623,9.19869554838217e-07,9.19869554838217e-05,5.235480306101941e-08,1.0091522345869857e-08,9.698492420454274e-05,2.234965103834317e-05,5.128856209121483e-06,6.32513165164631e-05,569158.113738706
1635206479.3609757,8.349146408578139e-07,8.349146408578139e-05,5.7682051587814984e-08,1.0177714407576402e-08,0.0001068095241984947,2.4749007275970963e-05,5.128856209121483e-06,6.968731594783308e-05,516593.2926294518
1801593339.760958,7.578057713208392e-07,7.578057713208391e-05,6.35513626419621e-08,1.0264503334232502e-08,0.00011763930520208404,2.7320996187050805e-05,5.128856209121483e-06,7.677819643088549e-05,468883.1162165503
1984910531.384053,6.878183217114891e-07,6.878183217114892e-05,7.001789261086794e-08,1.0351889125838156e-08,0.00012957055885774748,3.0363930083930524e-05,5.128856209121483e-06,8.459059395532556e-05,425579.2318825957
2186880763.070584,6.242945904956842e-07,6.242945904956843e-05,7.714241019955688e-08,1.0439871782393363e-08,0.00014269984540351118,3.359331899576733e-05,5.128856209121483e-06,9.31979249103109e-05,386274.6947922352
2409402034.1327124,5.666376184228123e-07,5.6663761842281226e-05,8.499186749977982e-08,1.052845130389812e-08,0.00015716399314742168,3.693908291029242e-05,5.128856209121483e-06,0.00010268107600917392,350600.14366019715
2654565470.6531796,5.143055786482846e-07,5.143055786482846e-05,9.364002916701221e-08,1.0617627690352439e-08,0.0001730604811381057,4.0525306633211494e-05,5.128856209121483e-06,0.00011312916441592663,318220.32970776386
2924674976.6776342,4.6680668495852554e-07,4.668066849585255e-05,1.0316816561798229e-07,1.0707400941756306e-08,0.00019058377976522773,4.454640772785105e-05,5.128856209121483e-06,0.00012464037521677621,288830.9661888318
3222268884.9710717,4.2369457024884384e-07,4.236945702488438e-05,1.1366581676299845e-07,1.0797771058109724e-08,0.00020982912573732132,4.886985362557586e-05,5.128856209121483e-06,0.00013732288410672367,262155.8688792304
3550143810.799645,3.84564091823797e-07,3.84564091823797e-05,1.252316334501887e-07,1.0888738039412698e-08,0.00023096315490660468,5.363452700173235e-05,5.128856209121483e-06,0.0001512958739621193,237944.36065727408
3911380932.9019213,3.4904752410068404e-07,3.49047524100684e-05,1.3797430452906073e-07,1.0980301885665223e-08,0.0002541502313692778,5.9015644005667794e-05,5.128856209121483e-06,0.00016669065485233747,215968.9157852941
4309374948.622941,3.168111029374009e-07,3.168111029374009e-05,1.520135782453886e-07,1.1072462596867303e-08,0.00027953871273259134,6.466992898864195e-05,5.128856209121483e-06,0.0001836518980157918,196023.02175447403
4747865975.31451,2.8755188911026524e-07,2.8755188911026526e-05,1.67481387565898e-07,1.1165220173018937e-08,0.0003073285710225643,7.067034617218293e-05,5.128856209121483e-06,0.00020233899539647647,177919.23859985176
5230974697.7929125,2.60994921466563e-07,2.6099492146656302e-05,1.845230900079117e-07,1.1258574614120129e-08,0.0003376250459189745,7.718187403059727e-05,5.128856209121483e-06,0.00022292755751718367,161487.43744803758
5763241092.1491995,2.3689063299882084e-07,2.3689063299882083e-05,2.0329883362514457e-07,1.135252592017087e-08,0.00037064473992878805,8.434971297644212e-05,5.128856209121483e-06,0.00024561106376552966,146573.20174455605
6349667089.816237,2.1501250555854742e-07,2.1501250555854743e-05,2.2398506198640016e-07,1.1447074091171166e-08,0.00040645881342156335,9.25042668342789e-05,5.128856209121483e-06,0.0002706026806012313,133036.37613646092
6995763582.824563,1.951549411698118e-07,1.9515494116981183e-05,2.467761722900828e-07,1.1542219127121016e-08,0.0004452821661646519,0.00010166263287839036,5.128856209121483e-06,0.0002981372647710869,120749.74937346794
7707602211.975292,1.7713132993849112e-07,1.7713132993849113e-05,2.7188634219652657e-07,1.163796102802042e-08,0.0004872036907837046,0.00011230679223093793,5.128856209121483e-06,0.0003284735703567184,109597.85885027042
8491872424.605372,1.6077229640051788e-07,1.607722964005179e-05,2.995515425456554e-07,1.1734299793869376e-08,0.0005322717900236801,0.00012393063127061498,5.128856209121483e-06,0.00036189668039563226,99475.90555581811
9355944338.14098,1.4592410782932416e-07,1.4592410782932418e-05,3.300317548743276e-07,1.1831235424667887e-08,0.0005806451868469298,0.000136527814494069,5.128856209121483e-06,0.0003987206859265644,90288.76923288203
10307938000.194365,1.3244722954467676e-07,1.3244722954467676e-05,3.6361341457231e-07,1.1928767920415948e-08,0.0006320842651673493,0.00015064602813712725,5.128856209121483e-06,0.0004392916376352284,81950.11449294435
11356799696.070377,1.2021501364653275e-07,1.2021501364653275e-05,4.006121026362457e-07,1.2026897281113567e-08,0.0006871131718823447,0.00016629577913035957,5.128856209121483e-06,0.0004839907978383213,74381.57948619907
12512386020.776596,1.0911250885139356e-07,1.0911250885139357e-05,4.413755113171643e-07,1.2125623506760735e-08,0.0007455930796546987,0.00018381454750429884,5.128856209121483e-06,0.0005332382233660552,67512.0395022524
13785556505.5971,9.903538024668997e-08,9.903538024668998e-06,4.86286711530974e-07,1.2224946597357459e-08,0.0008077086440950721,0.00020419091310914166,5.128856209121483e-06,0.0005874967130130718,61276.93858126998
15188275669.680408,8.988892881167775e-08,8.988892881167775e-06,5.357677527371523e-07,1.2324866552903734e-08,0.0008734207689343307,0.00022787911570890573,5.128856209121483e-06,0.0006472761566535805,55617.68285444052
16733725455.664097,8.158720149086237e-08,8.158720149086237e-06,5.902836291152387e-07,1.2425383373399569e-08,0.0009427370276390126,0.00025341469665345024,5.128856209121483e-06,0.0007131383268912155,50481.08991271697
18436429105.940273,7.405218345694445e-08,7.405218345694445e-06,6.503466493109347e-07,1.2526497058844954e-08,0.0010158815587686069,0.0002800911383574861,5.128856209121483e-06,0.0007405218345694444,45818.889029325284
20312387643.679817,6.721306497263694e-08,6.7213064972636946e-06,7.165212508161719e-07,1.2628207609239891e-08,0.001092654381147394,0.0003094802366173774,5.128856209121483e-06,0.0006721306497263694,41587.26753941895
22379230241.18472,6.100557596174787e-08,6.100557596174787e-06,7.894293042258925e-07,1.2730515024584383e-08,0.0011729978527156894,0.00034126531064242324,5.128856209121483e-06,0.0006100557596174787,37746.45911401916
24656379888.643436,5.537138203621157e-08,5.537138203621157e-06,8.697559572178861e-07,1.2833419304878431e-08,0.0012571674851200867,0.0003755264538503939,5.128856209121483e-06,0.0005537138203621156,34260.37005907668
27165235920.148323,5.02575363032807e-08,5.02575363032807e-06,9.582560731740187e-07,1.293692045012203e-08,0.0013450315318997992,0.0004138266539685045,5.128856209121483e-06,0.0005025753630328071,31096.240127830548
29929375112.24878,4.561598180128055e-08,4.5615981801280555e-06,1.0557613249492853e-06,1.3041018460315185e-08,0.0014365832461479926,0.0004587284120516927,5.128856209121483e-06,0.0004561598180128055,28224.33465897477
32974773244.848213,4.140309988810429e-08,4.1403099888104295e-06,1.1631880104518312e-06,1.3145713335457888e-08,0.0015318334942704325,0.0005056731257178255,5.128856209121483e-06,0.0004140309988810429,25617.665147525368
36330049206.54543,3.7579300338466555e-08,3.7579300338466556e-06,1.2815456634802167e-06,1.3251005075550146e-08,0.0016304517917170808,0.000553221234076423,5.128856209121483e-06,0.00037579300338466557,23251.73562247495
40026733938.381966,3.410864929788544e-08,3.410864929788544e-06,1.4119465407376336e-06,1.3356893680591957e-08,0.001733030010250783,0.0006047904320936871,5.128856209121483e-06,0.0003410864929788544,21104.31244783815
44099566743.37146,3.0958531597121626e-08,3.0958531597121627e-06,1.555616074176467e-06,1.3463379150583325e-08,0.001839157244347254,0.000660629462480384,5.128856209121483e-06,0.00030958531597121623,19155.215383812614
48586821746.35832,2.809934425369917e-08,2.809934425369917e-06,1.713904386898368e-06,1.3570461485524247e-08,0.0019488609173616827,0.000718398585021247,5.128856209121483e-06,0.0002809934425369917,17386.127944567907
53530667572.08507,2.550421828021416e-08,2.550421828021416e-06,1.8882989808295372e-06,1.3678140685414722e-08,0.002062278131313707,0.0007796480161136132,5.128856209121483e-06,0.0002550421828021416,15780.425270515581
58977563621.51554,2.3148766185146062e-08,2.314876618514606e-06,2.080438715402688e-06,1.3786416750254753e-08,0.0021792491806597457,0.0008479685398520696,5.128856209121483e-06,0.0002314876618514606,14323.017897503189
64978696670.38832,2.101085279333105e-08,2.1010852793331048e-06,2.292129208609208e-06,1.3895289680044333e-08,0.002300038776206154,0.0009218171056289376,5.128856209121483e-06,0.00021010852793331046,13000.209954765962
71590461892.90251,1.9070387232400174e-08,1.9070387232400175e-06,2.525359805151746e-06,1.400475947478347e-08,0.0024245645015983676,0.0009937380436707134,5.128856209121483e-06,0.00019070387232400174,11799.570459062053
78874992830.9157,1.7309134130392155e-08,1.7309134130392156e-06,2.782322271154031e-06,1.4114826134472157e-08,0.0025530566835181945,0.0010698797290311119,5.128856209121483e-06,0.00017309134130392157,10709.816495488782
86900745289.00018,1.571054225028439e-08,1.5710542250284389e-06,3.0654313911100473e-06,1.4225489659110402e-08,0.0026858400399597236,0.0011534515850338133,5.128856209121483e-06,0.00015710542250284388,9720.707187180202
95743140642.46387,1.4259588951049325e-08,1.4259588951049326e-06,3.377347660630745e-06,1.4336750048698198e-08,0.002822588514813688,0.0012388475656033662,5.128856209121483e-06,0.00014259588951049323,8822.947457475022
105485274603.77194,1.2942639013571099e-08,1.29426390135711e-06,3.7210022882415525e-06,1.4448607303235545e-08,0.002963717076267906,0.0013257479258040753,5.128856209121483e-06,0.000129426390135711,8008.100680167297
116218698107.94592,1.1747316504750074e-08,1.1747316504750074e-06,4.099624741183141e-06,1.4561061422722445e-08,0.0031102508567619723,0.001414646556007441,5.128856209121483e-06,0.00011747316504750074,7268.509396977534
128044277655.25256,1.0662388475648014e-08,1.0662388475648014e-06,4.516773094075015e-06,1.46741124071589e-08,0.0032614959954034226,0.001508997478813234,5.128856209121483e-06,0.00010662388475648014,6597.2233571927045
141073143196.17606,9.677659400737348e-09,9.67765940073735e-07,4.976367465640827e-06,1.4787760256544911e-08,0.003417932398363135,0.0016091900989130886,5.128856209121483e-06,9.67765940073735e-05,5987.934203233927
155427732466.3592,8.783875366254448e-09,8.783875366254449e-07,5.482726857714772e-06,1.4902004970880478e-08,0.0035810947168808745,0.0017042459172803403,5.128856209121483e-06,8.783875366254448e-05,5434.9161883638435
171242941585.5598,7.972637107275467e-09,7.972637107275467e-07,6.04060974272041e-06,1.5016846550165593e-08,0.0037507578835189194,0.0017990813691515092,5.128856209121483e-06,7.972637107275467e-05,4932.97236943361
188667392733.29102,7.236321076287047e-09,7.236321076287047e-07,6.655258781039759e-06,1.5132284994400266e-08,0.00392792373860309,0.00190094099495088,5.128856209121483e-06,7.236321076287047e-05,4477.385769019765
207864830814.022,6.568007801500313e-09,6.568007801500314e-07,7.332450088500424e-06,1.524832030358449e-08,0.004113950433150754,0.002002554625870258,5.128856209121483e-06,6.568007801500313e-05,4063.875048001224
229015662236.9959,5.961416861660788e-09,5.961416861660788e-07,8.078547516968256e-06,1.5364952477718268e-08,0.004308593149437088,0.002100218668992063,5.128856209121483e-06,5.961416861660789e-05,3688.554272012749
252318650271.2211,5.410847866285363e-09,5.410847866285363e-07,8.900562458142962e-06,1.5482181516801602e-08,0.004514060901545586,0.0021896163397229717,5.128856209121483e-06,5.410847866285364e-05,3347.8963936834634
277992782907.60596,4.911126886692588e-09,4.911126886692589e-07,9.806219732558299e-06,1.5600007420834486e-08,0.004731718794783236,0.0022791106062793717,5.128856209121483e-06,4.911126886692588e-05,3038.700107487531
306279330781.3193,4.457557834416262e-09,4.457557834416262e-07,1.0804030182973314e-05,1.5718430189816924e-08,0.0049620291242089085,0.002371010307384145,5.128856209121483e-06,4.457557834416261e-05,2758.0597657281505
337444114493.54297,4.045878330084681e-09,4.045878330084681e-07,1.1903370654345522e-05,1.5837449823748917e-08,0.00520704506738656,0.002453258286453865,5.128856209121483e-06,4.045878330084681e-05,2503.3380729426367
371780002639.58997,3.672219648046924e-09,3.672219648046924e-07,1.3114572111991235e-05,1.5957066322630462e-08,0.005469363777938524,0.0025276444442287422,5.128856209121483e-06,3.6722196480469236e-05,2272.1413021264693
409609664018.4221,3.3330703603287963e-09,3.3330703603287965e-07,1.4449016726017049e-05,1.607727968646156e-08,0.005749814327271702,0.0026038043676157216,5.128856209121483e-06,3.333070360328796e-05,2062.296799872642
451288599887.2127,3.025243338265687e-09,3.025243338265687e-07,1.5919244834364765e-05,1.619808991524221e-08,0.006050863098317222,0.002669347128485685,5.128856209121483e-06,3.025243338265687e-05,1871.8325690328074
497208484756.3582,2.745845801712419e-09,2.745845801712419e-07,1.7539072789647627e-05,1.6319497008972417e-08,0.006376348760241969,0.0027263855769289894,5.128856209121483e-06,2.745845801712419e-05,1698.9587370296738
547800847119.77844,2.4922521343701413e-09,2.4922521343701417e-07,1.9323722797233623e-05,1.6441500967652185e-08,0.006726201435262429,0.002772718497737552,5.128856209121483e-06,2.4922521343701414e-05,1542.050735670724
603541124709.8776,2.2620792097644038e-09,2.2620792097644038e-07,2.1289965964718928e-05,1.6564101791281494e-08,0.007103666436609721,0.0028104389592157526,5.128856209121483e-06,2.2620792097644037e-05,1399.634034396853
664953132386.1162,2.0531639960021716e-09,2.0531639960021718e-07,2.34562799070881e-05,1.6687299479860363e-08,0.007515168153764716,0.0028398044447274537,5.128856209121483e-06,2.0531639960021716e-05,1270.3702834977992
732613984643.8054,1.863543228850352e-09,1.8635432288503522e-07,2.5843022388642325e-05,1.6811094033388782e-08,0.007959125836262924,0.0028608124903318466,5.128856209121483e-06,1.863543228850352e-05,1153.044737076386
807159519002.0353,1.6914349621150872e-09,1.6914349621150873e-07,2.8472622633482978e-05,1.693548545186676e-08,0.008437844050330741,0.0028767827247144196,5.128856209121483e-06,1.6914349621150872e-05,1046.554837569809
889290271236.5731,1.5352218219430483e-09,1.5352218219430485e-07,3.136979210237478e-05,1.706047373529429e-08,0.008960230306363753,0.0028860586243739726,5.128856209121483e-06,1.5352218219430483e-05,949.899854551967
979778058609.5328,1.393435807678288e-09,1.393435807678288e-07,3.456175671674815e-05,1.718605888367137e-08,0.009525919746686201,0.002885865531311699,5.128856209121483e-06,1.393435807678288e-05,862.1714804482571
1079473232961.1716,1.2647444964419487e-09,1.2647444964419488e-07,3.80785127121468e-05,1.7312240896998e-08,0.010135869752281979,0.002872704204509479,5.128856209121483e-06,1.264744496441949e-05,782.5452947868372
1189312671824.2192,1.1479385217933885e-09,1.1479385217933885e-07,4.195310852548465e-05,1.743901977527419e-08,0.010797539173826927,0.002850613162420668,5.128856209121483e-06,1.1479385217933886e-05,710.2730167722896
1310328582656.517,1.0419202088045432e-09,1.0419202088045433e-07,4.622195536512225e-05,1.756639551849993e-08,0.011513956839557072,0.0028222892934313465,5.128856209121483e-06,1.0419202088045433e-05,644.675473375929
1443658202929.167,9.456932587463889e-10,9.456932587463888e-08,5.0925169382324686e-05,1.7694368126675227e-08,0.01228635438151046,0.0027832732797553454,5.128856209121483e-06,9.456932587463888e-06,585.1362168608459
1590554487225.8972,8.583533864502812e-10,8.583533864502812e-08,5.6106948659626475e-05,1.7822937599800077e-08,0.013118912020361357,0.002737581412907086,5.128856209121483e-06,8.583533864502812e-06,531.0957317629617
1752397881784.8777,7.790798223594502e-10,7.790798223594502e-08,6.181598855882406e-05,1.795210393787448e-08,0.014022789126212876,0.0026850632202063043,5.128856209121483e-06,7.790798223594502e-06,482.04617688861083
1930709297133.2993,7.071275994118652e-10,7.071275994118651e-08,6.810593933179518e-05,1.808186714089844e-08,0.014993253181441032,0.0026339798899047205,5.128856209121483e-06,7.071275994118652e-06,437.52661291700315
2127164400724.0125,6.418205522710672e-10,6.418205522710672e-08,7.503591029450656e-05,1.821222720887195e-08,0.01603563628562517,0.0025737852104763537,5.128856209121483e-06,6.418205522710673e-06,397.1186707593364
2343609363888.1675,5.825449631157843e-10,5.8254496311578435e-08,8.267102530214555e-05,1.8343184141795016e-08,0.017167044229649254,0.002485831179775287,5.128856209121483e-06,5.825449631157844e-06,360.4426199683034
2582078211084.6016,5.287437942751405e-10,5.287437942751405e-08,9.108303474540983e-05,1.847473793966763e-08,0.018383724458363643,0.0024083539273566964,5.128856209121483e-06,5.287437942751405e-06,327.15380025118156
2844811934484.1484,4.799114535111097e-10,4.799114535111097e-08,0.00010035098981914084,1.8606888602489804e-08,0.019690562528756853,0.0023225114805148763,5.128856209121483e-06,4.799114535111097e-06,296.93938255193547
3134279553516.6943,4.355890427553617e-10,4.3558904275536174e-08,0.00011056198539968819,1.8739636130261532e-08,0.021092196636783793,0.0022342521329405643,5.128856209121483e-06,4.355890427553617e-06,269.5154292648519
3453201317286.412,3.953600456508813e-10,3.9536004565088136e-08,0.0001218119785121365,1.88729805229828e-08,0.022609127189446174,0.0021419764928549117,5.128856209121483e-06,3.953600456508813e-06,244.62422595329875
3804574267898.0737,3.588464133723714e-10,3.5884641337237137e-08,0.00013420669007887707,1.9006921780653633e-08,0.024236932005157592,0.0020465062477665985,5.128856209121483e-06,3.5884641337237145e-06,222.03185949864366
4191700404923.5938,3.257050119422658e-10,3.257050119422658e-08,0.00014786259842362873,1.914145990327402e-08,0.0259777210425044,0.0019482977387131303,5.128856209121483e-06,3.2570501194226577e-06,201.5260199201899
4618217715682.493,2.9562439765624553e-10,2.9562439765624556e-08,0.0001629080338672954,1.927659489084396e-08,0.027859383697050405,0.0018512280523178377,5.128856209121483e-06,2.9562439765624553e-06,182.9140052088823
5088134362940.568,2.683218903156128e-10,2.6832189031561277e-08,0.00017948438470202674,1.941232674336345e-08,0.02986323787959018,0.0017519898646485403,5.128856209121483e-06,2.6832189031561277e-06,166.02091042538908
5605866351303.152,2.4354091676243197e-10,2.43540916762432e-08,0.00019774742587653523,1.9548655460832498e-08,0.032023593888022395,0.0016509472041157586,5.128856209121483e-06,2.4354091676243204e-06,150.6879840447375
6176279026269.886,2.2104859975352762e-10,2.2104859975352764e-08,0.00021786878287888314,1.9685581043251098e-08,0.03433092917498989,0.001551338325210977,5.128856209121483e-06,2.2104859975352763e-06,136.77113610138693
6804732795935.053,2.0063356951497116e-10,2.0063356951497117e-08,0.00024003754457346094,1.9823103490619252e-08,0.036786110446077096,0.0014515975083426362,5.128856209121483e-06,2.0063356951497115e-06,124.13958411515013
7497133504999.561,1.8210397741131322e-10,1.8210397741131323e-08,0.00026446204014866584,1.996122280293696e-08,0.03942316236705377,0.0013541326971408347,5.128856209121483e-06,1.8210397741131321e-06,112.67462407315763
8259987934480.462,1.6528569306317173e-10,1.6528569306317174e-08,0.0002913717968740101,2.0099938980204216e-08,0.042215273224212216,0.0012589116656532733,5.128856209121483e-06,1.6528569306317173e-06,102.26851491826453
9100464948671.975,1.50020667970736e-10,1.50020667970736e-08,0.0003210196970645189,2.0239252022421033e-08,0.04520329562597033,0.0011668950041668223,5.128856209121483e-06,1.5002066797073598e-06,92.82346606096999
10026462863981.904,1.3616545026546297e-10,1.3616545026546296e-08,0.0003536843545223282,2.0379161929587394e-08,0.048372022964374616,0.0010779315018364373,5.128856209121483e-06,1.3616545026546296e-06,84.25071840007014
11046683672736.834,1.235898366324628e-10,1.235898366324628e-08,0.0003896727327879046,2.0519668701703317e-08,0.05172023351242767,0.0009934112688552111,5.128856209121483e-06,1.235898366324628e-06,76.46971021600868
12170714819468.053,1.121756487351259e-10,1.121756487351259e-08,0.00042932302980568446,2.0660772338768795e-08,0.05528582021317779,0.0009121453078302583,5.128856209121483e-06,1.121756487351259e-06,69.40732009847727
13409119298164.941,1.0181562264353015e-10,1.0181562264353015e-08,0.0004730078561125683,2.0802472840783824e-08,0.05903648311317474,0.0008345837650300468,5.128856209121483e-06,1.0181562264353013e-06,62.99717979373214
14773534917177.396,9.241240083012462e-11,9.241240083012462e-09,0.000521137736416035,2.0944770207748405e-08,0.0630167096442683,0.0007608118648327946,5.128856209121483e-06,9.241240083012462e-07,57.179050514167265
16276783664601.186,8.387761726004921e-11,8.387761726004921e-09,0.0005741649674676774,2.108766443966254e-08,0.06720801186317463,0.0006910750045084565,5.128856209121483e-06,8.387761726004922e-07,51.89825684906269
17932992201899.223,7.613106697829543e-11,7.613106697829544e-09,0.0006325878684862316,2.1231155536526226e-08,0.07160808578958841,0.0006259318873055099,5.128856209121483e-06,7.613106697829543e-07,47.105172956727046
19757724618087.676,6.909995238997216e-11,6.909995238997217e-09,0.0006969554640731041,2.1375243498339472e-08,0.0762571943856115,0.0005649035269774716,5.128856209121483e-06,6.909995238997216e-07,42.75475620956706
21768128692034.184,6.271819915065281e-11,6.27181991506528e-09,0.0007678726436277339,2.151992832510227e-08,0.08112230518303601,0.0005078835174992113,5.128856209121483e-06,6.271819915065281e-07,38.80612390954959
23983097037356.39,5.6925835237938436e-11,5.692583523793844e-09,0.0008460058457479832,2.1665210016814623e-08,0.08624932230298413,0.00045504405148585496,5.128856209121483e-06,5.692583523793844e-07,35.22216909627338
26423444644267.324,5.166842736911055e-11,5.166842736911055e-09,0.0009320893210342642,2.1811088573476524e-08,0.09162031585078312,0.00040622841210170905,5.128856209121483e-06,5.166842736911055e-07,31.969211837237474
29112104486803.24,4.689656946865254e-11,4.689656946865254e-09,0.0010269320321516088,2.195756399508798e-08,0.09723384384878456,0.00036146918371849685,5.128856209121483e-06,4.689656946865254e-07,29.016682723333396
32074343033636.855,4.2565418378554864e-11,4.2565418378554865e-09,0.0011314252559924568,2.2104636281648988e-08,0.1031318215174216,0.00031210232979325306,5.128856209121483e-06,4.2565418378554866e-07,26.3368355952361
35337997687723.34,3.863427244827567e-11,3.863427244827567e-09,0.0012465509593809349,2.2252305433159548e-08,0.10928527053648167,0.0002742642075345923,5.128856209121483e-06,3.863427244827567e-07,23.90448680106081
38933738386096.734,3.5066189044193454e-11,3.5066189044193453e-09,0.0013733910270285591,2.2400571449619672e-08,0.11574012629690651,0.00024023439832933182,5.128856209121483e-06,3.5066189044193454e-07,21.696778534982816
42895355818183.07,3.182763738412248e-11,3.1827637384122483e-09,0.0015131374284604398,2.2549434331029345e-08,0.12248293388725477,0.00020980442592516047,5.128856209121483e-06,3.1827637384122483e-07,19.69296403281079
47260078971137.26,2.888818343443378e-11,2.888818343443378e-09,0.0016671034194548136,2.269889407738857e-08,0.12951513921809346,0.00018273707574355412,5.128856209121483e-06,2.8888183434433775e-07,17.87421260590781
52068924986311.836,2.6220203908625842e-11,2.6220203908625842e-09,0.001836735883260582,2.2848950688697345e-08,0.13687988031415446,0.0001587234882455634,5.128856209121483e-06,2.6220203908625844e-07,16.223432681280997
57367084614605.56,2.379862667967002e-11,2.379862667967002e-09,0.002023628927568446,2.2999604164955676e-08,0.1445561470239059,0.0001375799111297157,5.128856209121483e-06,2.3798626679670022e-07,14.72511118487328
63204346892978.15,2.1600695166675574e-11,2.1600695166675572e-09,0.0022295388650121115,2.3150854506163563e-08,0.15258873346084706,0.00011745406677928207,5.128856209121483e-06,2.1600695166675574e-07,13.365167758674339
69635567032996.01,1.9605754481716616e-11,1.9605754481716617e-09,0.0024564007179776613,2.3302701712321e-08,0.16097154587265172,0.00010134332493185788,5.128856209121483e-06,1.960575448171662e-07,12.130822441667366
76721181918353.25,1.779505732715312e-11,1.779505732715312e-09,0.0027063464028237046,2.3455145783427996e-08,0.16971010562016783,8.730068363814288e-05,5.128856209121483e-06,1.7795057327153122e-07,11.010475571154126
84527778055716.42,1.6151587819380873e-11,1.6151587819380875e-09,0.0029817247643970962,2.3608186719484544e-08,0.17884741139897256,7.506565515700753e-05,5.128856209121483e-06,1.6151587819380877e-07,9.993598775840205
93128717316165.83,1.4659901583408255e-11,1.4659901583408257e-09,0.003285123649117016,2.376182452049064e-08,0.18837266151377569,6.44385302412237e-05,5.128856209121483e-06,1.4659901583408256e-07,9.070636036296676
102604826347588.62,1.330598061556122e-11,1.3305980615561221e-09,0.0036193942240574342,2.3916059186446295e-08,0.19832738285040277,5.5220673404303846e-05,5.128856209121483e-06,1.330598061556122e-07,8.232913883021768
113045156136724.62,1.2077101550399933e-11,1.2077101550399933e-09,0.003987677770564714,2.4070890717351494e-08,0.20871386411945891,4.7235896001020934e-05,5.128856209121483e-06,1.2077101550399934e-07,7.472559888195628
124547818858783.98,1.0961716093896508e-11,1.0961716093896508e-09,0.004393435204201079,2.4226319113206258e-08,0.21954189099260893,3.9094787401520846e-05,5.128856209121483e-06,1.0961716093896509e-07,6.782428685161381
137220909878871.6,9.949342499253121e-12,9.949342499253121e-10,0.004840479598425494,2.4382344374010578e-08,0.23085208487883924,3.338356687445168e-05,5.128856209121483e-06,9.94934249925312e-08,6.156034820405803
151183523569649.6,9.03046706551373e-12,9.030467065513731e-10,0.005333012017650574,2.4538966499764442e-08,0.24264554487071346,2.8481012821332423e-05,5.128856209121483e-06,9.030467065513731e-08,5.587491807021773
166566872491304.22,8.196454733310274e-12,8.196454733310274e-10,0.0058756609964138,2.4696185490467868e-08,0.2549591354295961,2.427243653275316e-05,5.128856209121483e-06,8.196454733310274e-08,5.071456806912193
183515520451226.03,7.43946793757366e-12,7.439467937573661e-10,0.006473526035665586,2.485400134612084e-08,0.26780524413505735,2.0661806022029022e-05,5.128856209121483e-06,7.439467937573661e-08,4.603080421890587
202188741030978.78,6.752392954634692e-12,6.752392954634693e-10,0.007132225524926949,2.501241406672337e-08,0.28119994369819945,1.7574727917426217e-05,5.128856209121483e-06,6.752392954634693e-08,4.177961121844425
222762014347212.34,6.128773051567283e-12,6.128773051567283e-10,0.007857949540661623,2.5171423652275456e-08,0.2951823131599444,1.4934592523784416e-05,5.128856209121483e-06,6.128773051567284e-08,3.7921038817032553
245428676112210.38,5.562747809550346e-12,5.562747809550346e-10,0.008657518017031109,2.533103010277709e-08,0.30976887215361903,1.164183280276804e-05,5.128856209121483e-06,5.562747809550346e-08,3.441882638505882
270401734490986.25,5.0489980510444905e-12,5.048998051044491e-10,0.009538444835687674,2.549123341822828e-08,0.3249948873118761,9.87979465625691e-06,5.128856209121483e-06,5.048998051044491e-08,3.1240062157599033
297915871828703.56,4.582695853240874e-12,4.582695853240874e-10,0.010509008436884173,2.565203359862901e-08,0.3408865990921706,8.374375490627542e-06,5.128856209121483e-06,4.5826958532408744e-08,2.8354873948703516
328229650059494.6,4.1594591780376145e-12,4.159459178037615e-10,0.011578329615463036,2.581343064397931e-08,0.35747062035511395,7.093367518113159e-06,5.128856209121483e-06,4.159459178037615e-08,2.573614842988694
361627940521826.06,3.775310692182644e-12,3.775310692182645e-10,0.01275645723280582,2.5975424554279162e-08,0.37478941106128194,6.004251295202474e-06,5.128856209121483e-06,3.775310692182645e-08,2.3359276334764183
398424601014421.56,3.426640390598325e-12,3.4266403905983255e-10,0.014054462650215043,2.613801532952857e-08,0.39287673205699325,5.079021096888719e-06,5.128856209121483e-06,3.4266403905983254e-08,2.1201921195411417
438965425250154.3,3.110171671643653e-12,3.110171671643653e-10,0.015484543771158215,2.630120296972753e-08,0.4117724272580676,4.2935731424534e-06,5.128856209121483e-06,3.110171671643653e-08,1.9243809437171686
483631392425173.5,2.822930545508932e-12,2.822930545508932e-10,0.017060139670103006,2.6464987474876033e-08,0.43151771737150224,3.625602332437138e-06,5.128856209121483e-06,2.822930545508932e-08,1.7466539859337114
532842247440830.6,2.5622176863812663e-12,2.562217686381267e-10,0.018796056885158875,2.66293688449741e-08,0.4521518079502623,2.5290694608453226e-06,5.128856209121483e-06,2.5622176863812666e-08,1.585341071131759
587060445423263.4,2.3255830657432645e-12,2.3255830657432645e-10,0.02070860856135039,2.6794347080021714e-08,0.47372454454208546,2.1377040360650522e-06,5.128856209121483e-06,2.325583065743264e-08,1.4389262739257713
646795497608944.1,2.1108029284234153e-12,2.110802928423415e-10,0.022815767752110073,2.6959922180018893e-08,0.4962836445154126,1.804985455970559e-06,5.128856209121483e-06,2.1108029284234156e-08,1.3060336728145134
712608759436314.5,1.9158588950323616e-12,1.9158588950323617e-10,0.025137336319629618,2.7126094144965617e-08,0.5198773744622097,1.5232599103883872e-06,5.128856209121483e-06,1.9158588950323616e-08,1.1854144200673327
785118705839211.5,1.7389189944018957e-12,1.738918994401896e-10,0.02769513102129695,2.72928629748619e-08,0.5445592726638623,1.284883752332843e-06,5.128856209121483e-06,1.738918994401896e-08,1.0759350057761814
865006743316248.4,1.5783204477804841e-12,1.5783204477804841e-10,0.030513188530951973,2.7460228669707727e-08,0.5703806531568356,1.0831802580842732e-06,5.128856209121483e-06,1.5783204477804842e-08,0.9765666057857106
953023613394602.6,1.4325540430011882e-12,1.4325540430011882e-10,0.03361799132163178,2.7628191229503106e-08,0.5974003980309069,9.127063849636359e-07,5.128856209121483e-06,1.4325540430011884e-08,0.8863754133994727
1049996447664279.2,1.300249951779418e-12,1.300249951779418e-10,0.03703871653252138,2.779675065424805e-08,0.6256783111865027,7.683594949637198e-07,5.128856209121483e-06,1.300249951779418e-08,0.8045138640051782
1156836540681930.5,1.1801648568597677e-12,1.1801648568597678e-10,0.04080751015881588,2.796590694394254e-08,0.6552739952861744,5.356245255726158e-07,5.128856209121483e-06,1.1801648568597679e-08,0.7302126701531626
1274547913789541.2,1.0711702680402147e-12,1.0711702680402147e-10,0.044959789141173594,2.8135660098586594e-08,0.6862533479992028,4.525316841334485e-07,5.128856209121483e-06,1.0711702680402149e-08,0.6627735922382803
1404236750325747.8,9.72241917274515e-13,9.722419172745151e-11,0.049534574193620645,2.8306010118180186e-08,0.7186815563988463,3.820169333516704e-07,5.128856209121483e-06,9.722419172745152e-09,0.6015628768483252
1547121790896452.0,8.82450133194081e-13,8.82450133194081e-11,0.05457485649763113,2.8476957002723344e-08,0.7526296213603523,3.2225155805704434e-07,5.128856209121483e-06,8.824501331940811e-09,0.5460053011163604
1704545786393496.2,8.009511045946572e-13,8.009511045946572e-11,0.0601280017083626,2.8648500752216046e-08,0.7881714125752187,2.71765667475177e-07,5.128856209121483e-06,8.009511045946573e-09,0.4955787671092173
1877988116390173.2,7.269789507871367e-13,7.269789507871368e-11,0.06624619506966144,2.8820641366658314e-08,0.8253815936119242,2.2897843758855388e-07,5.128856209121483e-06,7.269789507871367e-09,0.44980939545338233
2069078691494026.5,6.598385242942225e-13,6.598385242942225e-11,0.07298693182077387,2.899337884605013e-08,0.8643411721174631,1.928603037662394e-07,5.128856209121483e-06,6.5983852429422255e-09,0.40826707209097896
2279613270303138.0,5.988988782568766e-13,5.988988782568766e-11,0.08041355750331877,2.91667131903915e-08,0.9051325956348295,1.6239882357016632e-07,5.128856209121483e-06,5.988988782568766e-09,0.37056140631685697
2511570334905832.0,5.435873371610069e-13,5.4358733716100686e-11,0.0885958632460158,2.9340644399682416e-08,0.9478435089941754,1.1247895166547366e-07,5.128856209121483e-06,5.4358733716100695e-09,0.3363380621127508
2767129683509943.5,4.933841151645227e-13,4.933841151645228e-11,0.0976107416213091,2.9515172473922897e-08,0.9925658066878039,9.495971775810438e-08,5.128856209121483e-06,4.933841151645228e-09,0.3052754283025148
3048692914924437.5,4.478174314509068e-13,4.478174314509068e-11,0.10754290923724813,2.9690297413112922e-08,1.0393938067473767,8.01776510457954e-08,5.128856209121483e-06,4.478174314509068e-09,0.2770815962364767
3358905997394718.0,4.064590767062192e-13,4.064590767062192e-11,0.11848570285512723,2.98660192172525e-08,1.0884279829195107,6.762803614748036e-08,5.128856209121483e-06,4.064590767062192e-09,0.2514916166029376
3700684133880319.0,3.6892038905587723e-13,3.689203890558773e-11,0.13054195651433112,3.004233788634164e-08,1.1397721356195682,5.700696273491052e-08,5.128856209121483e-06,3.6892038905587727e-09,0.2282650095879324
4077239157444699.5,3.348486016453541e-13,3.348486016453541e-11,0.14382496790710625,3.021925342038034e-08,1.1935357322631541,4.8043448560884716e-08,5.128856209121483e-06,3.3484860164535412e-09,0.20718350498515184
4492109714202875.5,3.0392352754151384e-13,3.039235275415138e-11,0.1584595630846782,3.039676581936858e-08,1.249833752533961,4.045882330840889e-08,5.128856209121483e-06,3.0392352754151385e-09,0.18804899101891118
4949194517469187.0,2.758545508011626e-13,2.7585455080116267e-11,0.1745832695002234,3.0574875083306376e-08,1.308785400823079,3.405395412876788e-08,5.128856209121483e-06,2.7585455080116268e-09,0.1706816526043643
5452788985607715.0,2.5037789543067766e-13,2.5037789543067765e-11,0.19234760841224677,3.0753581212193725e-08,1.3705165009771136,2.8648554068872948e-08,5.128856209121483e-06,2.503778954306777e-09,0.15491828154944712
6007625607887603.0,2.2725414657190837e-13,2.2725414657190836e-11,0.21191951879365895,3.0932884206030626e-08,1.4351582572333248,1.9764630798941126e-08,5.128856209121483e-06,2.2725414657190837e-09,0.14061074281876326
6618918417677365.0,2.0626600061995024e-13,2.0626600061995025e-11,0.23348292612759575,3.111278406481708e-08,1.5028481518751853,1.667966970290359e-08,5.128856209121483e-06,2.0626600061995024e-09,0.12762458244628516
7292411990911785.0,1.8721622312967241e-13,1.8721622312967242e-11,0.25724047083262364,3.129328078855309e-08,1.5737303098394924,1.4072752772029422e-08,5.128856209121483e-06,1.872162231296724e-09,0.11583776401482235
8034435430291263.0,1.699257953205738e-13,1.6992579532057382e-11,0.2834154125600936,3.147437437723865e-08,1.6479551112832933,1.1864433435113998e-08,5.128856209121483e-06,1.699257953205738e-09,0.10513952182841513
8851961842524483.0,1.542322317619348e-13,1.542322317619348e-11,0.3122537282590789,3.1656064830873765e-08,1.7256804467326732,9.996723068880065e-09,5.128856209121483e-06,1.542322317619348e-09,0.09542932000045659
9752673867548824.0,1.3998805342879519e-13,1.3998805342879518e-11,0.34402642372535597,3.183835214945845e-08,1.8070715051696034,8.420365323856783e-09,5.128856209121483e-06,1.3998805342879517e-09,0.08661590767562607
1.0745035875532346e+16,1.2705940177946588e-13,1.2705940177946589e-11,0.3790320803569653,3.202123633299267e-08,1.8923012171364135,7.087982594656329e-09,5.128856209121483e-06,1.270594017794659e-09,0.07861646150718403
1.1838373510124974e+16,1.1532478083043916e-13,1.1532478083043916e-11,0.4175996610493542,3.220471738147646e-08,1.9815507802446735,5.963008944077681e-09,5.128856209121483e-06,1.1532478083043917e-09,0.07135580733110207
1.3042961325458048e+16,1.0467391540748079e-13,1.046739154074808e-11,0.460091601598201,3.238879529490978e-08,2.075009727544941,5.015299456592062e-09,5.128856209121483e-06,1.0467391540748081e-09,0.0647657137227948
1.4370119340456582e+16,9.500671484337589e-14,9.50067148433759e-12,0.506907216661226,3.257347007329267e-08,2.172876636279978,3.439713793869605e-09,5.128856209121483e-06,9.500671484337589e-10,0.058784250797687544
1.583231941782289e+16,8.623233238379021e-14,8.623233238379021e-12,0.5584864522861427,3.27587417166251e-08,2.275359487484003,2.9019199515927042e-09,5.128856209121483e-06,8.623233238379021e-10,0.05335520823001816
1.744330246738282e+16,7.826831146206006e-14,7.826831146206007e-12,0.6153140202689492,3.294461022490709e-08,2.382675958468442,2.446405449938073e-09,5.128856209121483e-06,7.826831146206006e-10,0.04842756702073308
1.9218207575201024e+16,7.103981082011799e-14,7.103981082011799e-12,0.6779239531947626,3.313107559813865e-08,2.495054097376686,2.0627131180608124e-09,5.128856209121483e-06,7.1039810820118e-10,0.043955020050472325
2.1173714271946944e+16,6.447890119367812e-14,6.447890119367813e-12,0.7469046229668735,3.331813783631974e-08,2.6127326346704165,1.7376559398698651e-09,5.128856209121483e-06,6.447890119367813e-10,0.039895536912070824
2.3328199277468972e+16,5.852392695233206e-14,5.8523926952332055e-12,0.8229042699853107,3.35057969394504e-08,2.735961530042404,1.4630874844196848e-09,5.128856209121483e-06,5.852392695233206e-10,0.036210968933121666
2.570190919456756e+16,5.311892669563259e-14,5.311892669563259e-12,0.9066370949347913,3.3694052907530595e-08,2.8650026356527754,1.230952581530075e-09,5.128856209121483e-06,5.311892669563259e-10,0.03286669067684071
2.831715077484857e+16,4.8213107360245727e-14,4.8213107360245725e-12,0.9988899704293401,3.388290574056037e-08,3.0001300284003762,1.0358149035739007e-09,5.128856209121483e-06,4.821310736024573e-10,0.02983127455225472
3.119850054465928e+16,4.3760366896150436e-14,4.376036689615044e-12,1.1005298355855195,3.407235543853969e-08,3.141630814045925,8.708676426694245e-10,5.128856209121483e-06,4.376036689615044e-10,0.027076195475897846
3.4373035761057044e+16,3.971886102625853e-14,3.9718861026258535e-12,1.2125118430144226,3.426240200146856e-08,3.289805602035938,7.315738157871046e-10,5.128856209121483e-06,3.971886102625853e-10,0.024575562809588825
3.78705888681933e+16,3.60506100181265e-14,3.6050610018126506e-12,1.335888334792878,3.4453045429346974e-08,3.444969126990939,4.999589273259612e-10,5.128856209121483e-06,3.605061001812651e-10,0.022305877055204086
4.1724027845355336e+16,3.272114177241443e-14,3.2721141772414432e-12,1.4718187317651428,3.464428572217496e-08,3.6074510648965,4.215342184233425e-10,5.128856209121483e-06,3.2721141772414434e-10,0.02024580901999698
4.5969565081205064e+16,2.9699167874055725e-14,2.969916787405573e-12,1.6215804291086953,3.4836122879952473e-08,3.7775965429053335,3.5517787600845213e-10,5.128856209121483e-06,2.969916787405573e-10,0.018375999377193933
5.064709767684589e+16,2.6956289561843705e-14,2.6956289561843707e-12,1.7865808005546784,3.502855690267956e-08,3.9557670376016,2.9924348825837626e-10,5.128856209121483e-06,2.695628956184371e-10,0.016678876738247625
5.580058237568046e+16,2.446673085331559e-14,2.4466730853315592e-12,1.968370424071434,3.522158779035619e-08,4.142341060710045,2.5194740481930096e-10,5.128856209121483e-06,2.446673085331559e-10,0.015138492527100601
6.147844864343637e+16,2.220709631699203e-14,2.2207096316992032e-12,2.168657653298534,3.5415215542982386e-08,4.33771493071809,2.1201978474697376e-10,5.128856209121483e-06,2.220709631699203e-10,0.013740371104700718
6.7734053780251224e+16,2.0156151215654813e-14,2.0156151215654817e-12,2.3893246716653933,3.560944016055813e-08,4.542303724496917,1.7827148844199641e-10,5.128856209121483e-06,2.0156151215654816e-10,0.012471373735324762
7.462618434168539e+16,1.8294621954581442e-14,1.829462195458144e-12,2.632445180061349,3.580426164308342e-08,4.756542037103309,1.4995346649966008e-10,5.128856209121483e-06,1.8294621954581442e-10,0.011319575116347456
8.221960858074315e+16,1.660501495945822e-14,1.660501495945822e-12,2.9003038842762834,3.599967999055828e-08,4.9808850031961835,1.260156072958335e-10,5.128856209121483e-06,1.6605014959458222e-10,0.01027415131115022
9.058568510241323e+16,1.5071452281897775e-14,1.5071452281897776e-12,3.195417965342771,3.619569520298268e-08,5.2158092148558515,1.0581553305774729e-10,5.128856209121483e-06,1.5071452281897777e-10,0.009325278032031974
9.980303345053294e+16,1.3679522387670961e-14,1.3679522387670962e-12,3.5205607345463745,3.639230728035664e-08,5.46181372067184,7.18902355337614e-11,5.128856209121483e-06,1.3679522387670963e-10,0.008464038317240038
1.099582729287408e+17,1.241614472545239e-14,1.2416144725452389e-12,3.8787876953993647,3.658951622268014e-08,5.719421138561194,6.058426032209132e-11,5.128856209121483e-06,1.241614472545239e-10,0.0076823387345264825
1.2114683659855213e+17,1.1269446803370811e-14,1.1269446803370811e-12,4.273465257494042,3.678732202995322e-08,5.989178708822326,5.103312910323891e-11,5.128856209121483e-06,1.1269446803370811e-10,0.006972833323756766
1.3347386810401629e+17,1.0228652618204583e-14,1.0228652618204584e-12,4.708302372070959,3.698572470217583e-08,6.2716595010583225,4.296444360755322e-11,5.128856209121483e-06,1.0228652618204583e-10,0.006328854563829649
1.4705520975081942e+17,9.283981388741188e-15,9.28398138874119e-13,5.187385386595696,3.7184724239347996e-08,6.567463610285296,3.6165181728899406e-11,5.128856209121483e-06,9.283981388741189e-11,0.005744350715173442
1.620184911252074e+17,8.42655564165804e-15,8.426555641658041e-13,5.715216445886589,3.738432064146973e-08,6.877219425059311,3.04265045300629e-11,5.128856209121483e-06,8.42655564165804e-11,0.0052138289490012
1.7850432848294528e+17,7.648317786167741e-15,7.648317786167742e-13,6.296755800665187,3.7584513908541e-08,7.201584986193639,2.558960586169031e-11,5.128856209121483e-06,7.648317786167741e-11,0.004732303728885814
1.9666764617949248e+17,6.941954393444109e-15,6.941954393444109e-13,6.937468421121253,3.778530404056184e-08,7.54124935984937,2.1505829724847405e-11,5.128856209121483e-06,6.941954393444109e-11,0.004295249959574617
2.1667913255939386e+17,6.300827469252531e-15,6.300827469252532e-13,7.643375353538387,3.7986691037532214e-08,7.896934119471918,1.8069852533377546e-11,5.128856209121483e-06,6.300827469252531e-11,0.003898560462764219
2.3872684398654016e+17,5.7189120739225084e-15,5.718912073922509e-13,8.421110302601763,3.8188674899452164e-08,8.269394870495995,1.517727071349279e-11,5.128856209121483e-06,5.7189120739225084e-11,0.003538507380216227
2.6301797208899094e+17,5.1907397034530805e-15,5.190739703453081e-13,9.277981971113835,3.839125562632166e-08,8.659422852912467,1.2738065371968244e-11,5.128856209121483e-06,5.19073970345308e-11,0.003211707141503955
2.8978079082596243e+17,4.711346899677662e-15,4.711346899677662e-13,10.222042742952636,3.859443321814071e-08,9.067846630794836,8.615911086273308e-12,5.128856209121483e-06,4.7113468996776624e-11,0.0029150886671761313
3.1926680167432685e+17,4.2762286065580105e-15,4.2762286065580106e-13,11.262164354713184,3.8798207674909305e-08,9.49553384372566,7.255688777393394e-12,5.128856209121483e-06,4.2762286065580104e-11,0.002645864508530352
3.5175309709391034e+17,3.881295834275329e-15,3.8812958342753286e-13,12.40812126715259,3.900257899662747e-08,9.943393056552374,6.108007936653849e-12,5.128856209121483e-06,3.881295834275329e-11,0.0024015046527836943
3.875449644819941e+17,3.5228372332714732e-15,3.5228372332714734e-13,13.670682519912843,3.9207547183295164e-08,10.412375686408039,5.138918129591811e-12,5.128856209121483e-06,3.522837233271473e-11,0.0021797127474774552
4.26978755087559e+17,3.1974842171341075e-15,3.1974842171341077e-13,15.061712932721747,3.941311223491244e-08,10.903478022880384,4.323538357374489e-12,5.128856209121483e-06,3.197484217134108e-11,0.001978404520685984
4.704250448455792e+17,2.9021793065719883e-15,2.9021793065719884e-13,16.59428460409907,3.961927415147924e-08,11.417743347767223,3.63522011612693e-12,5.128856209121483e-06,2.902179306571988e-11,0.0017956881942358996
5.182921168351431e+17,2.6341473969944574e-15,2.634147396994458e-13,18.282799755371393,3.982603293299561e-08,11.95626414807854,3.0557832941476067e-12,5.128856209121483e-06,2.6341473969944577e-11,0.0016298467058699095
5.710297980874602e+17,2.3908696796851457e-15,2.3908696796851456e-13,20.143126074410127,4.0033388579461536e-08,12.520184439365082,2.5667914653414044e-12,5.128856209121483e-06,2.3908696796851455e-11,0.0014793215732898028
6.291336867998717e+17,2.1700599714958988e-15,2.1700599714958987e-13,22.192745830975515,4.0241341090877e-08,13.110702194849795,2.1557760685646743e-12,5.128856209121483e-06,2.1700599714958987e-11,0.0013426982484420866
6.931498096808233e+17,1.9696432306209586e-15,1.9696432306209586e-13,24.45092016496787,4.044989046724205e-08,13.729071889988443,1.8098899426580402e-12,5.128856209121483e-06,1.9696432306209586e-11,0.0012186928244142178
7.636797531927293e+17,1.7877360565554894e-15,1.7877360565554895e-13,26.93887009146847,4.065903670855662e-08,14.376607168670558,1.5181812404151741e-12,5.128856209121483e-06,1.7877360565554896e-11,0.0011061399700208034
8.41386316913314e+17,1.622628990987856e-15,1.6226289909878563e-13,29.679975923555332,4.0868779814820767e-08,15.054683632628954,1.020372679011684e-12,5.128856209121483e-06,1.622628990987856e-11,0.0010039819786956806
9.269997421422884e+17,1.4727704533001708e-15,1.4727704533001707e-13,32.69999698694856,4.107911978603444e-08,15.764741764616275,8.590182183410341e-13,5.128856209121483e-06,1.4727704533001708e-11,0.0009112588287780112
1.0213245742863799e+18,1.3367521597117866e-15,1.3367521597117868e-13,36.02731369124252,4.12900566221977e-08,16.508289988106327,7.22827099385867e-13,5.128856209121483e-06,1.3367521597117866e-11,0.0008270991617844256
1.1252472235112403e+18,1.2132958890437124e-15,1.2132958890437124e-13,39.69319423256314,4.150159032331048e-08,17.28690787184548,6.080364185014489e-13,5.128856209121483e-06,1.2132958890437125e-11,0.0007507120938865057
1.239744294711085e+18,1.1012414707358702e-15,1.1012414707358703e-13,43.73208843397562,4.171372088937285e-08,18.10224948536056,5.111257590483181e-13,5.128856209121483e-06,1.1012414707358704e-11,0.0006813797836423687
1.3658917650760328e+18,9.99535882235912e-16,9.99535882235912e-14,48.18195148497505,4.192644832038475e-08,18.95604691285087,4.297338272655948e-13,5.128856209121483e-06,9.99535882235912e-12,0.0006184506861384274
1.5048750955029005e+18,9.072233533028176e-16,9.072233533028177e-14,53.08460062238664,4.213977261634619e-08,19.85011393276941,3.610730926271087e-13,5.128856209121483e-06,9.072233533028176e-12,0.0005613334301474405
1.658000370870395e+18,8.234363842315214e-16,8.234363842315214e-14,58.48610810454748,4.235369377725721e-08,20.78634987095201,3.0318639352542373e-13,5.128856209121483e-06,8.234363842315213e-12,0.0005094912607640984
1.8267065738686403e+18,7.473875935929139e-16,7.473875935929139e-14,64.43723417171674,4.256821180311778e-08,21.766743635480427,2.5462814897016947e-13,5.128856209121483e-06,7.473875935929139e-12,0.00046243699529317274
2.0125791077255273e+18,6.783623188789612e-16,6.783623188789613e-14,70.99390406143043,4.2783326693927895e-08,22.793377941851848,2.136849981983593e-13,5.128856209121483e-06,6.783623188789612e-12,0.0004197284449885605
2.2173646949083139e+18,6.157119005182374e-16,6.157119005182374e-14,78.21773356150351,4.299903844968757e-08,23.868433737428518,1.7927330660255112e-13,5.128856209121483e-06,6.1571190051823735e-12,0.00038096425961947107
2.442987791810272e+18,5.588475861487515e-16,5.588475861487515e-14,86.1766080395372,4.321534707039681e-08,24.99419483456919,1.194035429918227e-13,5.128856209121483e-06,5.588475861487515e-12,0.00034578015581328134
2.6915686736776356e+18,5.072349978641317e-16,5.0723499786413176e-14,94.94532039029869,4.343225255605557e-08,26.17305276228233,1.0051191104469168e-13,5.128856209121483e-06,5.072349978641317e-12,0.0003138454937313157
2.965443359729023e+18,4.603891104393894e-16,4.603891104393895e-14,104.60627389605189,4.364975490666391e-08,27.407511846710193,8.456108780663652e-14,5.128856209121483e-06,4.603891104393894e-12,0.0002848601699070356
3.267185565711527e+18,4.1786969334467965e-16,4.178696933446796e-14,115.25025660489341,4.386785412222179e-08,28.700194531234107,7.111779269461636e-14,5.128856209121483e-06,4.178696933446796e-12,0.0002585517970474179
3.5996308901914957e+18,3.792771737136108e-16,3.792771737136108e-14,126.97729450427558,4.408655020272924e-08,30.05384694750552,5.97843811583216e-14,5.128856209121483e-06,3.792771737136108e-12,0.00023467314429484777
3.96590346186806e+18,3.4424888138879754e-16,3.4424888138879755e-14,139.89759150732175,4.430584314818623e-08,31.471344749234675,5.023484208329654e-14,5.128856209121483e-06,3.4424888138879755e-12,0.00021299981389466392
4.369445298326226e+18,3.1245564075765396e-16,3.12455640757654e-14,154.13256508540954,4.452573295859277e-08,32.955699221133294,4.220670142488831e-14,5.128856209121483e-06,3.12455640757654e-12,0.00019332813243495413
4.81404865212538e+18,2.835986773505674e-16,2.8359867735056742e-14,169.8159872792725,4.474621963394889e-08,34.51006367598613,3.54441845471316e-14,5.128856209121483e-06,2.8359867735056745e-12,0.0001754732368417492
5.303891648193305e+18,2.5740681013140515e-16,2.5740681013140517e-14,187.09524181119053,4.4967303174254525e-08,36.137740153441996,2.975472706270219e-14,5.128856209121483e-06,2.574068101314052e-12,0.00015926733714287844
5.843577547425727e+18,2.336339030951128e-16,2.336339030951128e-14,206.13270911189886,4.518898357950973e-08,37.84218643475683,2.497440924072209e-14,5.128856209121483e-06,2.3363390309511283e-12,0.00014455813967493805
6.438178005466914e+18,2.1205655222405228e-16,2.120565522240523e-14,227.10729227785683,4.5411260849714494e-08,39.62702338838657,2.0952938719960004e-14,5.128856209121483e-06,2.1205655222405226e-12,0.00013120741591562092
7.093280733193709e+18,1.9247198606636e-16,1.9247198606636e-14,250.2160982989915,4.563413498486882e-08,41.4960426620397,1.7573217522297557e-14,5.128856209121483e-06,1.9247198606636003e-12,0.00011908970349207682
7.815042006787088e+18,1.7469616020724664e-16,1.7469616020724663e-14,275.67629035606427,4.585760598497268e-08,43.4532147375249,1.4728146886359484e-14,5.128856209121483e-06,1.7469616020724663e-12,0.00010809112715817472
8.610244520852159e+18,1.5856202772612075e-16,1.5856202772612075e-14,303.72712859453975,4.608167385002612e-08,45.50269736551047,9.773344683675504e-15,5.128856209121483e-06,1.5856202772612079e-12,9.810832866085624e-05
9.486361128254863e+18,1.4391796938634951e-16,1.4391796938634953e-14,334.6322185528998,4.630633858002908e-08,47.64884439810877,8.220133813129722e-15,5.128856209121483e-06,1.4391796938634952e-12,8.904749543911789e-05
1.0451625065667633e+19,1.30626368805436e-16,1.30626368805436e-14,368.68198837490996,4.6531600174981616e-08,49.896215038054905,6.91016704653127e-15,5.128856209121483e-06,1.3062636880543599e-12,8.082347902786538e-05
1.15151073247605e+19,1.1856231921593793e-16,1.1856231921593793e-14,406.1964180851527,4.675745863488369e-08,52.249583524122215,5.807384192667415e-15,5.128856209121483e-06,1.1856231921593793e-12,7.335899488194042e-05
1.2686801896130204e+19,1.0761244966396754e-16,1.0761244966396754e-14,447.528046576083,4.698391395973534e-08,54.71394927335657,4.87865846769851e-15,5.128856209121483e-06,1.0761244966396755e-12,6.658389610070023e-05
1.3977719687037247e+19,9.767385961460949e-17,9.76738596146095e-15,493.0652845644181,4.721096614953652e-08,57.29454750166837,4.096790377599925e-15,5.128856209121483e-06,9.76738596146095e-13,6.043451422806095e-05
1.5399991995538555e+19,8.86531519522582e-17,8.86531519522582e-15,543.236064650217,4.7438615204287246e-08,59.99686034535081,3.4396436429742436e-15,5.128856209121483e-06,8.865315195225819e-13,5.4853060933202045e-05
1.6966984513403318e+19,8.046555528859791e-17,8.046555528859793e-15,598.5118627797096,4.766686112398756e-08,62.826628507145855,2.886954258390849e-15,5.128856209121483e-06,8.046555528859792e-13,4.978708494929007e-05
1.869342292914603e+19,7.303412733017368e-17,7.303412733017368e-15,659.4121289032719,4.789570390863741e-08,65.78986345159939,2.4216010264442232e-15,5.128856209121483e-06,7.303412733017368e-13,4.5188979166839524e-05
2.059553131152305e+19,6.628903181925622e-17,6.6289031819256224e-15,726.5091684653723,4.812514355823682e-08,68.89286017561658,2.0317643001445467e-15,5.128856209121483e-06,6.628903181925624e-13,4.101553324965577e-05
2.2691184573937283e+19,6.016688225312626e-17,6.016688225312626e-15,800.4335205997829,4.835518007278577e-08,72.14221058134021,1.7037091504981197e-15,5.128856209121483e-06,6.016688225312626e-13,3.722752756911381e-05
2.500007645252716e+19,5.46101462144141e-17,5.4610146214414105e-15,881.8798835713601,4.858581345228428e-08,75.5448174797681,1.4283504652354564e-15,5.128856209121483e-06,5.46101462144141e-13,3.378936464079129e-05
2.7543904576496484e+19,4.956660471475162e-17,4.956660471475162e-15,971.6136431481169,4.881704369673235e-08,79.10790925485124,1.196469797438363e-15,5.128856209121483e-06,4.956660471475162e-13,3.066873459992027e-05
3.034657436987395e+19,4.498886147094666e-17,4.498886147094666e-15,1070.4780652536278,4.904887080612998e-08,82.83905521923226,7.8861139550964305e-16,5.128856209121483e-06,4.498886147094666e-13,2.7836311571980865e-05
3.3434423700847067e+19,4.083389750215585e-17,4.083389750215585e-15,1179.4022204919295,4.928129478047714e-08,86.74618169423705,6.630515268197721e-16,5.128856209121483e-06,4.083389750215585e-13,2.526547808511198e-05
3.6836470389801538e+19,3.706266686240443e-17,3.706266686240443e-15,1299.4097150152597,4.951431561977389e-08,90.83758884828805,5.571640073400253e-16,5.128856209121483e-06,3.706266686240443e-13,2.293207493451848e-05
4.058468490199627e+19,3.3639729709393043e-17,3.3639729709393045e-15,1431.6283097820224,4.974793332402014e-08,95.12196832950106,4.6802337226758545e-16,5.128856209121483e-06,3.3639729709393045e-13,2.0814174148252396e-05
4.471429078748935e+19,3.0532919261374624e-17,3.0532919261374625e-15,1577.3005186014518,4.9982147893215964e-08,99.60842172993353,3.9300083745907387e-16,5.128856209121483e-06,3.0532919261374627e-13,1.889187292082579e-05
4.926409569166874e+19,2.771303951236283e-17,2.771303951236283e-15,1737.795284559039,5.0216959327361375e-08,104.30647992069987,3.298914604893836e-16,5.128856209121483e-06,2.7713039512362835e-13,1.714710657816778e-05
5.427685604703615e+19,2.515359086497035e-17,2.5153590864970352e-15,1914.6208445511036,5.0452367626456305e-08,109.22612329903357,2.7674429570763545e-16,5.128856209121483e-06,2.515359086497035e-13,1.5563478816275833e-05
5.9799678873409585e+19,2.2830521102532417e-17,2.2830521102532416e-15,2109.4389028220853,5.068837279050079e-08,114.37780299031095,2.322038893489805e-16,5.128856209121483e-06,2.2830521102532415e-13,1.4126107618242063e-05
6.588446446242074e+19,2.072199936030074e-17,2.072199936030074e-15,2324.0802466989126,5.0924974819494833e-08,119.77246305006773,1.9478545931142556e-16,5.128856209121483e-06,2.0721999360300742e-13,1.2821485401674958e-05
7.2588394106413335e+19,1.880821097161338e-17,1.8808210971613383e-15,2560.561951270546,5.1162173713438445e-08,125.42156371318725,1.6325182498485425e-16,5.128856209121483e-06,1.880821097161338e-13,1.1637352082258917e-05
7.9974467455121e+19,1.7071171261130015e-17,1.7071171261130016e-15,2821.1063346917977,5.1399969472331595e-08,131.33710573963546,1.369077302366198e-16,5.128856209121483e-06,1.7071171261130016e-13,1.0562579860580357e-05
8.811209454990772e+19,1.549455653526363e-17,1.549455653526363e-15,3108.1618422429437,5.163836209617432e-08,137.53165590847615,1.147411623953476e-16,5.128856209121483e-06,1.549455653526363e-13,9.587068649510213e-06
9.707774809914884e+19,1.406355068155943e-17,1.4063550681559431e-15,3424.4260554008465,5.1877351584966556e-08,144.01837371431148,9.610745870891753e-17,5.128856209121483e-06,1.4063550681559434e-13,8.701651159432969e-06
1.06955682124478e+20,1.2764705935446369e-17,1.276470593544637e-15,3772.8710421481683,5.21169379387084e-08,150.81103932287476,6.271709963137566e-17,5.128856209121483e-06,1.276470593544637e-13,7.898006749365331e-06
1.1783872373129947e+20,1.1585816505931908e-17,1.1585816505931907e-15,4156.771286747452,5.2357121157399764e-08,157.92408284514778,5.2726183212017415e-17,5.128856209121483e-06,1.1585816505931908e-13,7.16858323438993e-06
1.2982914544419106e+20,1.0515803872643646e-17,1.0515803872643646e-15,4579.734461448762,5.2597901241040666e-08,165.37261499220878,4.431184582278919e-17,5.128856209121483e-06,1.0515803872643646e-13,6.506525914593056e-06
1.4303962630487985e+20,9.544612676308867e-18,9.544612676308867e-16,5045.735329304838,5.283927818963115e-08,173.17245917591862,3.721692917650448e-17,5.128856209121483e-06,9.544612676308867e-14,5.905613158563471e-06
1.5759431076464014e+20,8.663116224309577e-18,8.663116224309577e-16,5559.153096693058,5.3081252003171164e-08,181.34018512364372,3.124401315673191e-17,5.128856209121483e-06,8.663116224309577e-14,5.360197936102373e-06
1.7362997532198443e+20,7.863030723308379e-18,7.86303072330838e-16,6124.8125665620255,5.3323822681660754e-08,189.89314407843432,2.6220148679593004e-17,5.128856209121483e-06,7.86303072330838e-14,4.865154750702441e-06
1.9129731386900398e+20,7.136837432954949e-18,7.136837432954949e-16,6748.029479136163,5.35669902250999e-08,198.8495056594173,2.1999720166066833e-17,5.128856209121483e-06,7.136837432954949e-14,4.415831473099284e-06
2.107623538253362e+20,6.477712009116492e-18,6.477712009116492e-16,7434.660466165281,5.38107546334886e-08,208.22829646073117,1.844950619816866e-17,5.128856209121483e-06,6.477712009116492e-14,4.0080056232535425e-06
2.322080163677269e+20,5.879460372642793e-18,5.879460372642793e-16,8191.158088158848,5.4055115906826846e-08,218.04944047097928,1.546369827828586e-17,5.128856209121483e-06,5.879460372642793e-14,3.637844689928219e-06
2.5583583541736417e+20,5.3364605009958515e-18,5.336460500995851e-16,9024.63147181456,5.430007404511463e-08,228.33380139908846,1.2968871847830778e-17,5.128856209121483e-06,5.3364605009958514e-14,3.3018701149665674e-06
2.8186785153898263e+20,4.843609595737181e-18,4.843609595737181e-16,9942.913117474887,5.4545629048351984e-08,239.10322699646602,1.0865179890163271e-17,5.128856209121483e-06,4.8436095957371814e-14,2.9969246038165944e-06
3.105486985495627e+20,4.39627612938184e-18,4.39627612938184e-16,10954.632504431464,5.47917809165389e-08,250.38059546963711,9.106485726424808e-18,5.128856209121483e-06,4.39627612938184e-14,2.7201424551044527e-06
3.421479024453012e+20,3.9902563209847584e-18,3.990256320984758e-16,12069.297185775053,5.503852964967534e-08,262.1898640819322,7.627764748500246e-18,5.128856209121483e-06,3.9902563209847576e-14,2.468922630432163e-06
